work_dir,rt_weight,precursor_mz_weight,spec_weight,spec_sim_type,feature_id,top1_score,top2_avg_score,top3_avg_score,top1_gap,top1_margin,top2_margin,top3_margin,H_norm
example/hyperparams_opt/Hela/spec_similarity_type_NIST-LC,0.0,0.0,1.0,NIST-LC,N10193,0.098193690426235,,,,,,,
example/hyperparams_opt/Hela/spec_similarity_type_NIST-LC,0.0,0.0,1.0,NIST-LC,N10231,0.004969601471604249,0.0031990145804086613,,0.003541173782391176,,,,0.7660766893195892
example/hyperparams_opt/Hela/spec_similarity_type_NIST-LC,0.0,0.0,1.0,NIST-LC,N10325,0.028937518178142947,0.027128923292009013,0.02588736871808206,0.0036171897722678675,0.006927796833233222,0.00558404802220543,0.005272185598490763,0.995324307722254
example/hyperparams_opt/Hela/spec_similarity_type_NIST-LC,0.0,0.0,1.0,NIST-LC,N10448,0.07226451195957236,0.07183294114017137,0.06996915416302396,0.0008631416388019675,0.00602293175084323,,0.005272185598490763,0.9993369314456745
example/hyperparams_opt/Hela/spec_similarity_type_NIST-LC,0.0,0.0,1.0,NIST-LC,N10713,0.021856402707048524,0.01912435236866746,0.06996915416302396,0.005464100676762132,,,0.005272185598490763,0.9852281360342515
example/hyperparams_opt/Hela/spec_similarity_type_NIST-LC,0.0,0.0,1.0,NIST-LC,N10743,0.024428957892720538,0.020076097998499434,0.016639448891431863,0.008705719788442208,0.014662807215423812,,0.005272185598490763,0.9400793151490069
example/hyperparams_opt/Hela/spec_similarity_type_NIST-LC,0.0,0.0,1.0,NIST-LC,N10813,0.01513657702230041,0.014558105654862898,0.013280149651213921,0.0011569427348750248,0.00441233937838444,,0.005272185598490763,0.9907318248479406
example/hyperparams_opt/Hela/spec_similarity_type_NIST-LC,0.0,0.0,1.0,NIST-LC,N10937,0.032812103268726446,0.030761346814431042,0.029014406131142367,0.004101512908590808,0.010744246736811205,0.009844379693399057,0.008844473550147239,0.989692597529445
example/hyperparams_opt/Hela/spec_similarity_type_NIST-LC,0.0,0.0,1.0,NIST-LC,N10951,0.07237234698469391,0.07193447614419066,0.06917420297098298,0.0008757416810065144,0.008718690360126305,,0.008844473550147239,0.9985184849441372
example/hyperparams_opt/Hela/spec_similarity_type_NIST-LC,0.0,0.0,1.0,NIST-LC,N10978,0.026892340504224177,0.07193447614419066,0.06917420297098298,0.0008757416810065144,0.008718690360126305,,0.008844473550147239,0.9985184849441372
example/hyperparams_opt/Hela/spec_similarity_type_NIST-LC,0.0,0.0,1.0,NIST-LC,N11103,0.1136560774904025,0.10258336091410573,0.06917420297098298,0.02214543315259354,,,0.008844473550147239,0.9915793521959841
example/hyperparams_opt/Hela/spec_similarity_type_NIST-LC,0.0,0.0,1.0,NIST-LC,N11463,0.05549354482064147,0.03488057507602024,0.06917420297098298,0.041225939489242455,,,0.008844473550147239,0.7308780423477501
example/hyperparams_opt/Hela/spec_similarity_type_NIST-LC,0.0,0.0,1.0,NIST-LC,N11510,0.02736517861443441,0.02736517861443441,0.06917420297098298,0.0,,,0.008844473550147239,1.0
example/hyperparams_opt/Hela/spec_similarity_type_NIST-LC,0.0,0.0,1.0,NIST-LC,N11520,0.1697465965301123,0.1641954615798047,0.15438068754189935,0.01110226990061522,0.11212320958623759,0.132281325476668,0.13871916527824768,0.8435300785179743
example/hyperparams_opt/Hela/spec_similarity_type_NIST-LC,0.0,0.0,1.0,NIST-LC,N11573,0.04004980515590567,0.03744866893726161,0.15438068754189935,0.005202272437288116,,0.132281325476668,0.13871916527824768,0.9965170462399637
example/hyperparams_opt/Hela/spec_similarity_type_NIST-LC,0.0,0.0,1.0,NIST-LC,N11618,0.042181703457605454,0.029800780338672707,0.020205612976190147,0.024761846237865492,0.041166425206380426,,0.13871916527824768,0.6181944380600263
example/hyperparams_opt/Hela/spec_similarity_type_NIST-LC,0.0,0.0,1.0,NIST-LC,N11812,0.0808929687945909,0.06832588128154238,0.06413685211052621,0.025134175026097036,0.04732315502857186,0.042152394183014946,0.04463827814781848,0.9250759910426789
example/hyperparams_opt/Hela/spec_similarity_type_NIST-LC,0.0,0.0,1.0,NIST-LC,N11845,0.0349715951405303,0.031094459086195986,0.06413685211052621,0.007754272108668626,,0.042152394183014946,0.04463827814781848,0.988755722612634
example/hyperparams_opt/Hela/spec_similarity_type_NIST-LC,0.0,0.0,1.0,NIST-LC,N12489,0.03193957019220392,0.02423019115108447,0.06413685211052621,0.015418758082238901,,0.042152394183014946,0.04463827814781848,0.9256904466429786
example/hyperparams_opt/Hela/spec_similarity_type_NIST-LC,0.0,0.0,1.0,NIST-LC,N12501,0.02710652287349804,0.023447532708465568,0.06413685211052621,0.007317980330064942,,0.042152394183014946,0.04463827814781848,0.9823620090305386
example/hyperparams_opt/Hela/spec_similarity_type_NIST-LC,0.0,0.0,1.0,NIST-LC,N12514,0.021606971025285818,0.019997982593046908,0.06413685211052621,0.0032179768644778235,,0.042152394183014946,0.04463827814781848,0.9953253667930901
example/hyperparams_opt/Hela/spec_similarity_type_NIST-LC,0.0,0.0,1.0,NIST-LC,N12521,0.2936385931314381,0.28007363690723475,0.26276675383260484,0.027129912448406734,0.09814762453328951,0.09547000800415165,0.08841859840553706,0.9884615925478224
example/hyperparams_opt/Hela/spec_similarity_type_NIST-LC,0.0,0.0,1.0,NIST-LC,N12768,0.1266703432572356,0.1262820342567282,0.1250817055076184,0.000776618001014806,0.003989295247836852,,0.08841859840553706,0.9999130075956822
example/hyperparams_opt/Hela/spec_similarity_type_NIST-LC,0.0,0.0,1.0,NIST-LC,N12836,0.020947045290690195,0.1262820342567282,0.1250817055076184,0.000776618001014806,0.003989295247836852,,0.08841859840553706,0.9999130075956822
example/hyperparams_opt/Hela/spec_similarity_type_NIST-LC,0.0,0.0,1.0,NIST-LC,N12937,0.0,0.1262820342567282,0.1250817055076184,0.000776618001014806,0.003989295247836852,,0.08841859840553706,0.9999130075956822
example/hyperparams_opt/Hela/spec_similarity_type_NIST-LC,0.0,0.0,1.0,NIST-LC,N13018,0.03582076344791318,0.031697919748048545,0.1250817055076184,0.008245687399729269,,,0.08841859840553706,0.9877620719550188
example/hyperparams_opt/Hela/spec_similarity_type_NIST-LC,0.0,0.0,1.0,NIST-LC,N13044,0.039078064079951305,0.029257923380899442,0.1250817055076184,0.019640281398103723,,,0.08841859840553706,0.9171379859030591
example/hyperparams_opt/Hela/spec_similarity_type_NIST-LC,0.0,0.0,1.0,NIST-LC,N13159,0.2672033041643341,0.2579323953023259,0.2510446782843777,0.018541817724016335,0.07194776138862219,0.0766814196842038,0.08552167700745039,0.9904084729048394
example/hyperparams_opt/Hela/spec_similarity_type_NIST-LC,0.0,0.0,1.0,NIST-LC,N13214,0.03045316979909078,0.028567169833200817,0.026142171086978055,0.003771999931779922,0.009160996204558253,,0.08552167700745039,0.9904419094453354
example/hyperparams_opt/Hela/spec_similarity_type_NIST-LC,0.0,0.0,1.0,NIST-LC,N13277,0.03620808225145849,0.028567169833200817,0.026142171086978055,0.003771999931779922,0.009160996204558253,,0.08552167700745039,0.9904419094453354
example/hyperparams_opt/Hela/spec_similarity_type_NIST-LC,0.0,0.0,1.0,NIST-LC,N13874,0.020642570876507345,0.028567169833200817,0.026142171086978055,0.003771999931779922,0.009160996204558253,,0.08552167700745039,0.9904419094453354
example/hyperparams_opt/Hela/spec_similarity_type_NIST-LC,0.0,0.0,1.0,NIST-LC,N13917,0.07039608412650585,0.06510044390660384,0.061176632351891386,0.010591280439804014,0.030379950206462794,0.029521935094035265,0.03166761524998492,0.9698128880860855
example/hyperparams_opt/Hela/spec_similarity_type_NIST-LC,0.0,0.0,1.0,NIST-LC,N14022,0.027297316382371428,0.024138769109565188,0.061176632351891386,0.006317094545612478,,0.029521935094035265,0.03166761524998492,0.9876138839576429
example/hyperparams_opt/Hela/spec_similarity_type_NIST-LC,0.0,0.0,1.0,NIST-LC,N1416,0.06551949469677677,0.024138769109565188,0.061176632351891386,0.006317094545612478,,0.029521935094035265,0.03166761524998492,0.9876138839576429
example/hyperparams_opt/Hela/spec_similarity_type_NIST-LC,0.0,0.0,1.0,NIST-LC,N14418,0.03982307572151043,0.024138769109565188,0.061176632351891386,0.006317094545612478,,0.029521935094035265,0.03166761524998492,0.9876138839576429
example/hyperparams_opt/Hela/spec_similarity_type_NIST-LC,0.0,0.0,1.0,NIST-LC,N14588,0.0785023129415503,0.024138769109565188,0.061176632351891386,0.006317094545612478,,0.029521935094035265,0.03166761524998492,0.9876138839576429
example/hyperparams_opt/Hela/spec_similarity_type_NIST-LC,0.0,0.0,1.0,NIST-LC,N14727,0.08521749748482489,0.08203399151508611,0.07917781479569154,0.006367011939477543,0.0117520361279225,,0.03166761524998492,0.998326961730144
example/hyperparams_opt/Hela/spec_similarity_type_NIST-LC,0.0,0.0,1.0,NIST-LC,N14944,0.037050037371530405,0.03656903390445301,0.036408699415427216,0.0009620069341547896,0.028870424349900493,0.035366525236759525,0.03544669248127243,0.6594349934202411
example/hyperparams_opt/Hela/spec_similarity_type_NIST-LC,0.0,0.0,1.0,NIST-LC,N15137,0.038390356083723244,0.037878800001601605,0.03670228865761677,0.0010231121642432783,0.013393608323325146,0.015999558310953173,0.018320772796817632,0.9763389189275683
example/hyperparams_opt/Hela/spec_similarity_type_NIST-LC,0.0,0.0,1.0,NIST-LC,N15152,0.037050037371530405,0.03656903390445301,0.036408699415427216,0.0009620069341547896,0.028870424349900493,0.035366525236759525,0.03544669248127243,0.6594349934202411
example/hyperparams_opt/Hela/spec_similarity_type_NIST-LC,0.0,0.0,1.0,NIST-LC,N1517,0.0,0.03656903390445301,0.036408699415427216,0.0009620069341547896,0.028870424349900493,0.035366525236759525,0.03544669248127243,0.6594349934202411
example/hyperparams_opt/Hela/spec_similarity_type_NIST-LC,0.0,0.0,1.0,NIST-LC,N1555,0.0,0.03656903390445301,0.036408699415427216,0.0009620069341547896,0.028870424349900493,0.035366525236759525,0.03544669248127243,0.6594349934202411
example/hyperparams_opt/Hela/spec_similarity_type_NIST-LC,0.0,0.0,1.0,NIST-LC,N15625,0.04699212932272309,0.04678763849691761,0.036408699415427216,0.00040898165161096234,,0.035366525236759525,0.03544669248127243,0.9999862205674868
example/hyperparams_opt/Hela/spec_similarity_type_NIST-LC,0.0,0.0,1.0,NIST-LC,N15677,0.18000602212461214,0.14234230308429957,0.11723315705742453,0.07532743808062514,0.137430072787717,0.10791265896966418,0.09709423187555269,0.8407919286301904
example/hyperparams_opt/Hela/spec_similarity_type_NIST-LC,0.0,0.0,1.0,NIST-LC,N15717,0.043892973272439705,0.043892973272439705,0.04069367427289269,0.0,0.035383542434317336,0.0418299537932364,0.03885987918026753,0.6915838773948584
example/hyperparams_opt/Hela/spec_similarity_type_NIST-LC,0.0,0.0,1.0,NIST-LC,N1595,0.0595783936868031,0.043892973272439705,0.04069367427289269,0.0,0.035383542434317336,0.0418299537932364,0.03885987918026753,0.6915838773948584
example/hyperparams_opt/Hela/spec_similarity_type_NIST-LC,0.0,0.0,1.0,NIST-LC,N16164,0.11217844177573146,0.05773080378530545,0.04069367427289269,0.10889527598085201,,0.0418299537932364,0.03885987918026753,0.18648235822497178
example/hyperparams_opt/Hela/spec_similarity_type_NIST-LC,0.0,0.0,1.0,NIST-LC,N16231,0.18000602212461214,0.16851194909529632,0.1570178760659805,0.022988146058631642,0.08299015343350234,0.09000301106230607,0.09000301106230606,0.9640100503742582
example/hyperparams_opt/Hela/spec_similarity_type_NIST-LC,0.0,0.0,1.0,NIST-LC,N16409,0.12291563078265619,0.06314010017448958,0.1570178760659805,0.11955106121633322,,0.09000301106230607,0.09000301106230606,0.17727015479767655
example/hyperparams_opt/Hela/spec_similarity_type_NIST-LC,0.0,0.0,1.0,NIST-LC,N16516,0.13970816264531785,0.12224464231465312,0.11642346887109822,0.034927040661329456,0.034927040661329456,,0.09000301106230606,0.9911594714322188
example/hyperparams_opt/Hela/spec_similarity_type_NIST-LC,0.0,0.0,1.0,NIST-LC,N17155,0.08777454838165233,0.06738201576617533,0.11642346887109822,0.04078506523095399,,,0.09000301106230606,0.9328833921861645
example/hyperparams_opt/Hela/spec_similarity_type_NIST-LC,0.0,0.0,1.0,NIST-LC,N17265,0.10557857170095808,0.10402067133698821,0.10207567860191157,0.003115800727939738,0.022910264647265033,0.026524826309316907,0.030841713752612743,0.9900794457375577
example/hyperparams_opt/Hela/spec_similarity_type_NIST-LC,0.0,0.0,1.0,NIST-LC,N17713,0.09813459636121476,0.08031489580036522,0.10207567860191157,0.03563940112169909,,0.026524826309316907,0.030841713752612743,0.9641925577013286
example/hyperparams_opt/Hela/spec_similarity_type_NIST-LC,0.0,0.0,1.0,NIST-LC,N17734,0.04739257588255574,0.04207599066115011,0.04030379558734823,0.010633170442811271,0.017348642584727795,0.014270548077294335,0.016522984221140943,0.9834739990611627
example/hyperparams_opt/Hela/spec_similarity_type_NIST-LC,0.0,0.0,1.0,NIST-LC,N17761,0.1338705384092637,0.13053318423426757,0.12901983130643604,0.006674708349992259,0.02190363405694426,0.02324168691476601,0.02807988389860172,0.996499462132976
example/hyperparams_opt/Hela/spec_similarity_type_NIST-LC,0.0,0.0,1.0,NIST-LC,N17927,0.025875071613493145,0.024673785116935458,0.12901983130643604,0.0024025729931153768,,0.02324168691476601,0.02807988389860172,0.998289441695486
example/hyperparams_opt/Hela/spec_similarity_type_NIST-LC,0.0,0.0,1.0,NIST-LC,N18291,0.08414950051234282,0.06883124871262766,0.12901983130643604,0.03063650359943032,,0.02324168691476601,0.02807988389860172,0.9639724916504939
example/hyperparams_opt/Hela/spec_similarity_type_NIST-LC,0.0,0.0,1.0,NIST-LC,N18386,0.018872428273378716,0.016939464515877356,0.013353363071356414,0.0038659275150027227,0.012691268091064184,,0.02807988389860172,0.9200422121764021
example/hyperparams_opt/Hela/spec_similarity_type_NIST-LC,0.0,0.0,1.0,NIST-LC,N18401,0.04746316256999815,0.045227669175550975,0.042691164053189255,0.004470986788894349,0.02128543165756717,0.022863412561798278,0.023536052795646446,0.9666460801930425
example/hyperparams_opt/Hela/spec_similarity_type_NIST-LC,0.0,0.0,1.0,NIST-LC,N18823,0.020355042683207827,0.018205939307316305,0.015482467023924367,0.004298206751783044,0.010319520226067337,,0.023536052795646446,0.964660830238734
example/hyperparams_opt/Hela/spec_similarity_type_NIST-LC,0.0,0.0,1.0,NIST-LC,N19030,0.12892781187848523,0.06587430326914405,0.015482467023924367,0.12610701721868237,,,0.023536052795646446,0.14928812734643415
example/hyperparams_opt/Hela/spec_similarity_type_NIST-LC,0.0,0.0,1.0,NIST-LC,N19077,0.23451999319165331,0.13603894290075425,0.015482467023924367,0.19696210058179814,,,0.023536052795646446,0.5790851791754359
example/hyperparams_opt/Hela/spec_similarity_type_NIST-LC,0.0,0.0,1.0,NIST-LC,N19436,0.056048688808840084,0.03405992469710856,0.015482467023924367,0.04397752822346305,,,0.023536052795646446,0.6739237305571003
example/hyperparams_opt/Hela/spec_similarity_type_NIST-LC,0.0,0.0,1.0,NIST-LC,N1966,0.07057345210031088,0.03405992469710856,0.015482467023924367,0.04397752822346305,,,0.023536052795646446,0.6739237305571003
example/hyperparams_opt/Hela/spec_similarity_type_NIST-LC,0.0,0.0,1.0,NIST-LC,N20022,0.08586674228634573,0.08240983072267362,0.07285762921779358,0.006913823127344232,0.03391522174356064,0.031058878734971332,0.021829247729546683,0.9854348286857337
example/hyperparams_opt/Hela/spec_similarity_type_NIST-LC,0.0,0.0,1.0,NIST-LC,N20227,0.0665429493434973,0.08240983072267362,0.07285762921779358,0.006913823127344232,0.03391522174356064,0.031058878734971332,0.021829247729546683,0.9854348286857337
example/hyperparams_opt/Hela/spec_similarity_type_NIST-LC,0.0,0.0,1.0,NIST-LC,N20562,0.18490646824621634,0.1736512875269295,0.1683660695218625,0.022510361438573684,0.02711083473448786,,0.021829247729546683,0.9977776383202348
example/hyperparams_opt/Hela/spec_similarity_type_NIST-LC,0.0,0.0,1.0,NIST-LC,N20752,0.0849180936788178,0.1736512875269295,0.1683660695218625,0.022510361438573684,0.02711083473448786,,0.021829247729546683,0.9977776383202348
example/hyperparams_opt/Hela/spec_similarity_type_NIST-LC,0.0,0.0,1.0,NIST-LC,N20754,0.2213406215942854,0.20809019126104875,0.19124685819381115,0.026500860666473336,0.0637804295349495,,0.021829247729546683,0.9913627865197469
example/hyperparams_opt/Hela/spec_similarity_type_NIST-LC,0.0,0.0,1.0,NIST-LC,N20772,0.03816426599982173,0.024926684163958535,0.19124685819381115,0.026475163671726386,,,0.021829247729546683,0.7857219186253764
example/hyperparams_opt/Hela/spec_similarity_type_NIST-LC,0.0,0.0,1.0,NIST-LC,N21124,0.04762017910028511,0.031234594641396392,0.025548439322178054,0.03277116891777744,0.033444050416543726,,0.021829247729546683,0.8427088723464288
example/hyperparams_opt/Hela/spec_similarity_type_NIST-LC,0.0,0.0,1.0,NIST-LC,N21269,0.219560511815481,0.20399900477832153,0.19219573685841107,0.031123014074318944,0.05097131079689088,,0.021829247729546683,0.9946140173830504
example/hyperparams_opt/Hela/spec_similarity_type_NIST-LC,0.0,0.0,1.0,NIST-LC,N21309,0.18482486462459888,0.16172175654652401,0.12863584384876206,0.046206216156149726,0.14173884876833515,0.12509507488925178,0.10441356652293732,0.8583156095000342
example/hyperparams_opt/Hela/spec_similarity_type_NIST-LC,0.0,0.0,1.0,NIST-LC,N21563,0.059814104843374225,0.046192758051638985,0.03730945428640674,0.027242693583470486,0.04027125808743198,,0.10441356652293732,0.9091518347613594
example/hyperparams_opt/Hela/spec_similarity_type_NIST-LC,0.0,0.0,1.0,NIST-LC,N2172,0.016394474502749327,0.014774848962015991,0.01188481754961531,0.003239251081466674,0.010289719777935375,,0.10441356652293732,0.9350817671356908
example/hyperparams_opt/Hela/spec_similarity_type_NIST-LC,0.0,0.0,1.0,NIST-LC,N21767,0.021152162001666988,0.013338973994431848,0.010649704050335737,0.01562637601447028,0.01588099783952348,,0.10441356652293732,0.7953767537910503
example/hyperparams_opt/Hela/spec_similarity_type_NIST-LC,0.0,0.0,1.0,NIST-LC,N21880,0.05811117326495489,0.0391398102609018,0.029883578068316846,0.0379427260081062,0.04674005958180795,,0.10441356652293732,0.7996820067087121
example/hyperparams_opt/Hela/spec_similarity_type_NIST-LC,0.0,0.0,1.0,NIST-LC,N21963,0.04432227131655223,0.038703719969194895,0.03655545161778148,0.011237102694714673,0.012063356401597572,,0.10441356652293732,0.9899952184600732
example/hyperparams_opt/Hela/spec_similarity_type_NIST-LC,0.0,0.0,1.0,NIST-LC,N22016,0.027304952866074126,0.02654897598600761,0.026271457069783205,0.0015119537601330259,0.0067124603010549865,0.007664458978426887,0.008145748948886561,0.9918475611743355
example/hyperparams_opt/Hela/spec_similarity_type_NIST-LC,0.0,0.0,1.0,NIST-LC,N22494,0.09964889564991992,0.02654897598600761,0.026271457069783205,0.0015119537601330259,0.0067124603010549865,0.007664458978426887,0.008145748948886561,0.9918475611743355
example/hyperparams_opt/Hela/spec_similarity_type_NIST-LC,0.0,0.0,1.0,NIST-LC,N2250,0.0,0.02654897598600761,0.026271457069783205,0.0015119537601330259,0.0067124603010549865,0.007664458978426887,0.008145748948886561,0.9918475611743355
example/hyperparams_opt/Hela/spec_similarity_type_NIST-LC,0.0,0.0,1.0,NIST-LC,N22707,0.03375824613163243,0.027168172208640283,0.024971480900976232,0.013180147845984296,0.013180147845984296,,0.008145748948886561,0.9731018669344322
example/hyperparams_opt/Hela/spec_similarity_type_NIST-LC,0.0,0.0,1.0,NIST-LC,N22801,0.03581942496742388,0.024312762107449794,0.019004807043853936,0.02301332571994817,0.027430528050761654,,0.008145748948886561,0.827792314301955
example/hyperparams_opt/Hela/spec_similarity_type_NIST-LC,0.0,0.0,1.0,NIST-LC,N22941,0.15181822727566005,0.15123064735097227,0.1498008585025757,0.001175159849375551,0.004876946469877463,,0.008145748948886561,0.9999121862068404
example/hyperparams_opt/Hela/spec_similarity_type_NIST-LC,0.0,0.0,1.0,NIST-LC,N22948,0.021263906913955032,0.01836669388717283,0.015682125004868697,0.005794426053564398,0.010950919673694609,,0.008145748948886561,0.962444393656665
example/hyperparams_opt/Hela/spec_similarity_type_NIST-LC,0.0,0.0,1.0,NIST-LC,N23052,0.055070314053645354,0.05276009554533157,0.015682125004868697,0.0046204370166275655,,,0.008145748948886561,0.9986165024988851
example/hyperparams_opt/Hela/spec_similarity_type_NIST-LC,0.0,0.0,1.0,NIST-LC,N23185,0.02428695827683507,0.021160266529341595,0.018114305415527315,0.0062533834949869485,0.012264575088936322,,0.008145748948886561,0.964608435330981
example/hyperparams_opt/Hela/spec_similarity_type_NIST-LC,0.0,0.0,1.0,NIST-LC,N23297,0.022543555468447482,0.019725611034891545,0.01878629622370623,0.0056358888671118705,0.0056358888671118705,,0.008145748948886561,0.9911594714322186
example/hyperparams_opt/Hela/spec_similarity_type_NIST-LC,0.0,0.0,1.0,NIST-LC,N23401,0.027909484005451523,0.02442079850477008,0.02325790333787627,0.006977371001362882,0.006977371001362882,,0.008145748948886561,0.9911594714322188
example/hyperparams_opt/Hela/spec_similarity_type_NIST-LC,0.0,0.0,1.0,NIST-LC,N2344,0.0,0.02442079850477008,0.02325790333787627,0.006977371001362882,0.006977371001362882,,0.008145748948886561,0.9911594714322188
example/hyperparams_opt/Hela/spec_similarity_type_NIST-LC,0.0,0.0,1.0,NIST-LC,N23469,0.015067551037856106,0.014994505684510454,0.013763224882470995,0.0001460907066913042,0.009408131699564184,0.011215500992918586,0.010362120660038315,0.8991569945220732
example/hyperparams_opt/Hela/spec_similarity_type_NIST-LC,0.0,0.0,1.0,NIST-LC,N2361,0.0,0.014994505684510454,0.013763224882470995,0.0001460907066913042,0.009408131699564184,0.011215500992918586,0.010362120660038315,0.8991569945220732
example/hyperparams_opt/Hela/spec_similarity_type_NIST-LC,0.0,0.0,1.0,NIST-LC,N2372,0.02317117464852453,0.021722976232991745,0.02124024342781415,0.002896396831065566,0.002896396831065566,,0.010362120660038315,0.998145975216737
example/hyperparams_opt/Hela/spec_similarity_type_NIST-LC,0.0,0.0,1.0,NIST-LC,N2373,0.0,0.021722976232991745,0.02124024342781415,0.002896396831065566,0.002896396831065566,,0.010362120660038315,0.998145975216737
example/hyperparams_opt/Hela/spec_similarity_type_NIST-LC,0.0,0.0,1.0,NIST-LC,N24093,0.0535006125394306,0.046718891490340975,0.02124024342781415,0.013563442098179251,,,0.010362120660038315,0.984746313490777
example/hyperparams_opt/Hela/spec_similarity_type_NIST-LC,0.0,0.0,1.0,NIST-LC,N2420,0.0,0.046718891490340975,0.02124024342781415,0.013563442098179251,,,0.010362120660038315,0.984746313490777
example/hyperparams_opt/Hela/spec_similarity_type_NIST-LC,0.0,0.0,1.0,NIST-LC,N2441,0.0,0.046718891490340975,0.02124024342781415,0.013563442098179251,,,0.010362120660038315,0.984746313490777
example/hyperparams_opt/Hela/spec_similarity_type_NIST-LC,0.0,0.0,1.0,NIST-LC,N2466,0.0023389502637052467,0.046718891490340975,0.02124024342781415,0.013563442098179251,,,0.010362120660038315,0.984746313490777
example/hyperparams_opt/Hela/spec_similarity_type_NIST-LC,0.0,0.0,1.0,NIST-LC,N24795,0.07724426342933553,0.06773322195018606,0.05464957979033163,0.019022082958298943,0.05285501299800528,0.04743701655814831,,0.9089653392121626
example/hyperparams_opt/Hela/spec_similarity_type_NIST-LC,0.0,0.0,1.0,NIST-LC,N24870,0.024808186163640146,0.020673488469700123,0.01850769443954106,0.00826939538788005,0.010632079784417206,,,0.9733029954570734
example/hyperparams_opt/Hela/spec_similarity_type_NIST-LC,0.0,0.0,1.0,NIST-LC,N2566,0.0,0.020673488469700123,0.01850769443954106,0.00826939538788005,0.010632079784417206,,,0.9733029954570734
example/hyperparams_opt/Hela/spec_similarity_type_NIST-LC,0.0,0.0,1.0,NIST-LC,N2571,0.0980186010987969,0.0980186010987969,0.09447229397616608,0.0,0.010638921367892462,,,0.9987003875010717
example/hyperparams_opt/Hela/spec_similarity_type_NIST-LC,0.0,0.0,1.0,NIST-LC,N2590,0.00021808423200427992,0.00020912473249463188,0.00018527855523834118,1.791899901929604e-05,9.873679961036116e-05,9.342505376708134e-05,7.43153374102316e-05,0.9705527836736737
example/hyperparams_opt/Hela/spec_similarity_type_NIST-LC,0.0,0.0,1.0,NIST-LC,N2592,0.0,0.00020912473249463188,0.00018527855523834118,1.791899901929604e-05,9.873679961036116e-05,9.342505376708134e-05,7.43153374102316e-05,0.9705527836736737
example/hyperparams_opt/Hela/spec_similarity_type_NIST-LC,0.0,0.0,1.0,NIST-LC,N2601,0.01014481676925668,0.00965344384620774,0.008656487696184769,0.0009827458460978777,0.005244706962382524,0.005340822569088472,0.004959979314924938,0.953209090734708
example/hyperparams_opt/Hela/spec_similarity_type_NIST-LC,0.0,0.0,1.0,NIST-LC,N26066,0.03208582631428966,0.02801612195277521,0.02144445823549442,0.008139408723028901,0.02378469551335682,,0.004959979314924938,0.8911522676783212
example/hyperparams_opt/Hela/spec_similarity_type_NIST-LC,0.0,0.0,1.0,NIST-LC,N2625,0.0,0.02801612195277521,0.02144445823549442,0.008139408723028901,0.02378469551335682,,0.004959979314924938,0.8911522676783212
example/hyperparams_opt/Hela/spec_similarity_type_NIST-LC,0.0,0.0,1.0,NIST-LC,N2636,0.0,0.02801612195277521,0.02144445823549442,0.008139408723028901,0.02378469551335682,,0.004959979314924938,0.8911522676783212
example/hyperparams_opt/Hela/spec_similarity_type_NIST-LC,0.0,0.0,1.0,NIST-LC,N2650,0.0017975630278898522,0.0016441112963561295,0.02144445823549442,0.00030690346306744536,,,0.004959979314924938,0.9937069962204498
example/hyperparams_opt/Hela/spec_similarity_type_NIST-LC,0.0,0.0,1.0,NIST-LC,N2697,0.04070825492821881,0.0016441112963561295,0.02144445823549442,0.00030690346306744536,,,0.004959979314924938,0.9937069962204498
example/hyperparams_opt/Hela/spec_similarity_type_NIST-LC,0.0,0.0,1.0,NIST-LC,N2698,0.010594822444474196,0.010128749523045497,0.009643654965923064,0.0009321458428573973,0.0027491512005211414,0.002559009815000823,0.0025232787545910376,0.9937344437121371
example/hyperparams_opt/Hela/spec_similarity_type_NIST-LC,0.0,0.0,1.0,NIST-LC,N2708,0.0,0.010128749523045497,0.009643654965923064,0.0009321458428573973,0.0027491512005211414,0.002559009815000823,0.0025232787545910376,0.9937344437121371
example/hyperparams_opt/Hela/spec_similarity_type_NIST-LC,0.0,0.0,1.0,NIST-LC,N2716,0.0,0.010128749523045497,0.009643654965923064,0.0009321458428573973,0.0027491512005211414,0.002559009815000823,0.0025232787545910376,0.9937344437121371
example/hyperparams_opt/Hela/spec_similarity_type_NIST-LC,0.0,0.0,1.0,NIST-LC,N2732,0.0,0.010128749523045497,0.009643654965923064,0.0009321458428573973,0.0027491512005211414,0.002559009815000823,0.0025232787545910376,0.9937344437121371
example/hyperparams_opt/Hela/spec_similarity_type_NIST-LC,0.0,0.0,1.0,NIST-LC,N2770,0.007457497806597704,0.006680266422305736,0.005841986645309004,0.0015544627685839365,0.004002073129239609,0.003579842951926362,0.0032083300730832718,0.9594591082473067
example/hyperparams_opt/Hela/spec_similarity_type_NIST-LC,0.0,0.0,1.0,NIST-LC,N2789,0.016714950083686037,0.006680266422305736,0.005841986645309004,0.0015544627685839365,0.004002073129239609,0.003579842951926362,0.0032083300730832718,0.9594591082473067
example/hyperparams_opt/Hela/spec_similarity_type_NIST-LC,0.0,0.0,1.0,NIST-LC,N2793,0.018156330205635614,0.015479779203455918,0.014105555885781306,0.005353102004359395,0.006799220955203529,,0.0032083300730832718,0.9810292999473645
example/hyperparams_opt/Hela/spec_similarity_type_NIST-LC,0.0,0.0,1.0,NIST-LC,N2801,0.017091292806944155,0.016576438784898007,0.015165125270635628,0.001029708044092293,0.008226298306704323,0.008291028241636684,0.007598134569855564,0.9648134482559368
example/hyperparams_opt/Hela/spec_similarity_type_NIST-LC,0.0,0.0,1.0,NIST-LC,N2815,0.006464741021453571,0.005977715507374215,0.005579494947853422,0.0009740510281587107,0.0016816871926417336,,0.007598134569855564,0.9930800182558963
example/hyperparams_opt/Hela/spec_similarity_type_NIST-LC,0.0,0.0,1.0,NIST-LC,N2845,0.0,0.005977715507374215,0.005579494947853422,0.0009740510281587107,0.0016816871926417336,,0.007598134569855564,0.9930800182558963
example/hyperparams_opt/Hela/spec_similarity_type_NIST-LC,0.0,0.0,1.0,NIST-LC,N2875,0.0,0.005977715507374215,0.005579494947853422,0.0009740510281587107,0.0016816871926417336,,0.007598134569855564,0.9930800182558963
example/hyperparams_opt/Hela/spec_similarity_type_NIST-LC,0.0,0.0,1.0,NIST-LC,N2878,0.0,0.005977715507374215,0.005579494947853422,0.0009740510281587107,0.0016816871926417336,,0.007598134569855564,0.9930800182558963
example/hyperparams_opt/Hela/spec_similarity_type_NIST-LC,0.0,0.0,1.0,NIST-LC,N2886,0.005606011846123592,0.005977715507374215,0.005579494947853422,0.0009740510281587107,0.0016816871926417336,,0.007598134569855564,0.9930800182558963
example/hyperparams_opt/Hela/spec_similarity_type_NIST-LC,0.0,0.0,1.0,NIST-LC,N2900,0.0,0.005977715507374215,0.005579494947853422,0.0009740510281587107,0.0016816871926417336,,0.007598134569855564,0.9930800182558963
example/hyperparams_opt/Hela/spec_similarity_type_NIST-LC,0.0,0.0,1.0,NIST-LC,N2917,0.0,0.005977715507374215,0.005579494947853422,0.0009740510281587107,0.0016816871926417336,,0.007598134569855564,0.9930800182558963
example/hyperparams_opt/Hela/spec_similarity_type_NIST-LC,0.0,0.0,1.0,NIST-LC,N2919,0.013346080012040355,0.013346080012040355,0.013346080012040356,0.0,0.0,,0.007598134569855564,1.0
example/hyperparams_opt/Hela/spec_similarity_type_NIST-LC,0.0,0.0,1.0,NIST-LC,N2984,0.014505235232954675,0.013388739737216814,0.012505231061909238,0.0022329909914757216,0.00925717228697037,0.009055701918784138,0.009171707590866628,0.8263441038312801
example/hyperparams_opt/Hela/spec_similarity_type_NIST-LC,0.0,0.0,1.0,NIST-LC,N3003,0.016946459945362362,0.013388739737216814,0.012505231061909238,0.0022329909914757216,0.00925717228697037,0.009055701918784138,0.009171707590866628,0.8263441038312801
example/hyperparams_opt/Hela/spec_similarity_type_NIST-LC,0.0,0.0,1.0,NIST-LC,N3018,0.020586036888193503,0.013543049011357205,0.012505231061909238,0.014085975753672597,,0.009055701918784138,0.009171707590866628,0.7950032933253274
example/hyperparams_opt/Hela/spec_similarity_type_NIST-LC,0.0,0.0,1.0,NIST-LC,N3022,0.0,0.013543049011357205,0.012505231061909238,0.014085975753672597,,0.009055701918784138,0.009171707590866628,0.7950032933253274
example/hyperparams_opt/Hela/spec_similarity_type_NIST-LC,0.0,0.0,1.0,NIST-LC,N3028,0.0,0.013543049011357205,0.012505231061909238,0.014085975753672597,,0.009055701918784138,0.009171707590866628,0.7950032933253274
example/hyperparams_opt/Hela/spec_similarity_type_NIST-LC,0.0,0.0,1.0,NIST-LC,N3046,0.013495715359541798,0.013543049011357205,0.012505231061909238,0.014085975753672597,,0.009055701918784138,0.009171707590866628,0.7950032933253274
example/hyperparams_opt/Hela/spec_similarity_type_NIST-LC,0.0,0.0,1.0,NIST-LC,N3077,0.017741897703429797,0.017740229542243503,0.01693918773485612,3.336322372590045e-06,0.002404793583348443,,0.009171707590866628,0.9979299738714881
example/hyperparams_opt/Hela/spec_similarity_type_NIST-LC,0.0,0.0,1.0,NIST-LC,N3118,0.0,0.017740229542243503,0.01693918773485612,3.336322372590045e-06,0.002404793583348443,,0.009171707590866628,0.9979299738714881
example/hyperparams_opt/Hela/spec_similarity_type_NIST-LC,0.0,0.0,1.0,NIST-LC,N3152,0.031323175587987764,0.024306129289247684,0.02142461545749642,0.014034092597480157,0.022515884573082588,0.022353135053431214,,0.8292766561765309
example/hyperparams_opt/Hela/spec_similarity_type_NIST-LC,0.0,0.0,1.0,NIST-LC,N3154,0.015149713849316992,0.014273521601692981,0.013388064560848073,0.0017523844952480206,0.004133195553535241,0.003457214033703398,0.0028843503071004657,0.9945414144681373
example/hyperparams_opt/Hela/spec_similarity_type_NIST-LC,0.0,0.0,1.0,NIST-LC,N3155,0.06361227617110116,0.05722658017910197,0.05030176781598159,0.012771391983998383,0.03409900893968495,0.02886979225740653,0.023012624729022598,0.973813479922189
example/hyperparams_opt/Hela/spec_similarity_type_NIST-LC,0.0,0.0,1.0,NIST-LC,N3164,0.024079851512775193,0.015907769162769397,0.05030176781598159,0.01634416470001159,,0.02886979225740653,0.023012624729022598,0.8002260386674817
example/hyperparams_opt/Hela/spec_similarity_type_NIST-LC,0.0,0.0,1.0,NIST-LC,N3171,0.002355196255469822,0.0013643046054056186,0.0009759279274927365,0.0019817833001284065,0.0021560216838028496,,0.023012624729022598,0.5648570784446747
example/hyperparams_opt/Hela/spec_similarity_type_NIST-LC,0.0,0.0,1.0,NIST-LC,N3187,0.0,0.0013643046054056186,0.0009759279274927365,0.0019817833001284065,0.0021560216838028496,,0.023012624729022598,0.5648570784446747
example/hyperparams_opt/Hela/spec_similarity_type_NIST-LC,0.0,0.0,1.0,NIST-LC,N3215,0.010838584794327007,0.010838584794327007,0.010110736644667814,0.0,0.006446397243477114,0.00786734817497696,0.008793747929993788,0.8727170210574373
example/hyperparams_opt/Hela/spec_similarity_type_NIST-LC,0.0,0.0,1.0,NIST-LC,N3234,0.026274038259266993,0.01460068888911254,0.010110736644667814,0.023346698740308907,,0.00786734817497696,0.008793747929993788,0.46977688392120315
example/hyperparams_opt/Hela/spec_similarity_type_NIST-LC,0.0,0.0,1.0,NIST-LC,N3275,0.018886497638162286,0.01437477982794279,0.010110736644667814,0.009023435620438992,,0.00786734817497696,0.008793747929993788,0.9277246200954992
example/hyperparams_opt/Hela/spec_similarity_type_NIST-LC,0.0,0.0,1.0,NIST-LC,N3314,0.023013843641960078,0.01726038273147006,0.015342562427973385,0.011506921820980039,0.011506921820980039,,0.008793747929993788,0.9463946303571862
example/hyperparams_opt/Hela/spec_similarity_type_NIST-LC,0.0,0.0,1.0,NIST-LC,N3381,0.039543900310085076,0.03812541965523409,0.036725293267555824,0.0028369613097019714,0.010047034129148674,0.010104611578051984,0.009538828757562717,0.9938836540817159
example/hyperparams_opt/Hela/spec_similarity_type_NIST-LC,0.0,0.0,1.0,NIST-LC,N3412,0.012239648217684763,0.03812541965523409,0.036725293267555824,0.0028369613097019714,0.010047034129148674,0.010104611578051984,0.009538828757562717,0.9938836540817159
example/hyperparams_opt/Hela/spec_similarity_type_NIST-LC,0.0,0.0,1.0,NIST-LC,N3420,0.030867064614701678,0.02424648152173211,0.021360183970067212,0.013241166185939141,0.019869522630157423,0.014013947350886714,0.012147308551938029,0.944527248598126
example/hyperparams_opt/Hela/spec_similarity_type_NIST-LC,0.0,0.0,1.0,NIST-LC,N3474,0.04052435847979327,0.03822046704325555,0.03627493684679072,0.004607782873075436,0.025921001650022868,0.02954395008818203,0.02889345598993473,0.882002141044612
example/hyperparams_opt/Hela/spec_similarity_type_NIST-LC,0.0,0.0,1.0,NIST-LC,N34957,0.0,0.03822046704325555,0.03627493684679072,0.004607782873075436,0.025921001650022868,0.02954395008818203,0.02889345598993473,0.882002141044612
example/hyperparams_opt/Hela/spec_similarity_type_NIST-LC,0.0,0.0,1.0,NIST-LC,N35342,0.0,0.03822046704325555,0.03627493684679072,0.004607782873075436,0.025921001650022868,0.02954395008818203,0.02889345598993473,0.882002141044612
example/hyperparams_opt/Hela/spec_similarity_type_NIST-LC,0.0,0.0,1.0,NIST-LC,N35351,0.0,0.03822046704325555,0.03627493684679072,0.004607782873075436,0.025921001650022868,0.02954395008818203,0.02889345598993473,0.882002141044612
example/hyperparams_opt/Hela/spec_similarity_type_NIST-LC,0.0,0.0,1.0,NIST-LC,N3540,0.0,0.03822046704325555,0.03627493684679072,0.004607782873075436,0.025921001650022868,0.02954395008818203,0.02889345598993473,0.882002141044612
example/hyperparams_opt/Hela/spec_similarity_type_NIST-LC,0.0,0.0,1.0,NIST-LC,N3555,0.04089199139534184,0.0340766594961182,0.030535003674636383,0.013630663798447278,0.03136325355255055,0.02802866020054727,0.02572778869236337,0.816703048486727
example/hyperparams_opt/Hela/spec_similarity_type_NIST-LC,0.0,0.0,1.0,NIST-LC,N3557,0.02721082924968168,0.026568325322098338,0.025874705844254192,0.0012850078551666852,0.002723362361115783,,0.02572778869236337,0.9991575920181565
example/hyperparams_opt/Hela/spec_similarity_type_NIST-LC,0.0,0.0,1.0,NIST-LC,N35807,0.0,0.026568325322098338,0.025874705844254192,0.0012850078551666852,0.002723362361115783,,0.02572778869236337,0.9991575920181565
example/hyperparams_opt/Hela/spec_similarity_type_NIST-LC,0.0,0.0,1.0,NIST-LC,N35848,0.0,0.026568325322098338,0.025874705844254192,0.0012850078551666852,0.002723362361115783,,0.02572778869236337,0.9991575920181565
example/hyperparams_opt/Hela/spec_similarity_type_NIST-LC,0.0,0.0,1.0,NIST-LC,N35850,0.0,0.026568325322098338,0.025874705844254192,0.0012850078551666852,0.002723362361115783,,0.02572778869236337,0.9991575920181565
example/hyperparams_opt/Hela/spec_similarity_type_NIST-LC,0.0,0.0,1.0,NIST-LC,N35855,0.0,0.026568325322098338,0.025874705844254192,0.0012850078551666852,0.002723362361115783,,0.02572778869236337,0.9991575920181565
example/hyperparams_opt/Hela/spec_similarity_type_NIST-LC,0.0,0.0,1.0,NIST-LC,N3586,0.008155246710494517,0.026568325322098338,0.025874705844254192,0.0012850078551666852,0.002723362361115783,,0.02572778869236337,0.9991575920181565
example/hyperparams_opt/Hela/spec_similarity_type_NIST-LC,0.0,0.0,1.0,NIST-LC,N3587,0.0,0.026568325322098338,0.025874705844254192,0.0012850078551666852,0.002723362361115783,,0.02572778869236337,0.9991575920181565
example/hyperparams_opt/Hela/spec_similarity_type_NIST-LC,0.0,0.0,1.0,NIST-LC,N3591,0.023430029304629875,0.026568325322098338,0.025874705844254192,0.0012850078551666852,0.002723362361115783,,0.02572778869236337,0.9991575920181565
example/hyperparams_opt/Hela/spec_similarity_type_NIST-LC,0.0,0.0,1.0,NIST-LC,N35922,0.0,0.026568325322098338,0.025874705844254192,0.0012850078551666852,0.002723362361115783,,0.02572778869236337,0.9991575920181565
example/hyperparams_opt/Hela/spec_similarity_type_NIST-LC,0.0,0.0,1.0,NIST-LC,N35933,0.0,0.026568325322098338,0.025874705844254192,0.0012850078551666852,0.002723362361115783,,0.02572778869236337,0.9991575920181565
example/hyperparams_opt/Hela/spec_similarity_type_NIST-LC,0.0,0.0,1.0,NIST-LC,N36048,0.0,0.026568325322098338,0.025874705844254192,0.0012850078551666852,0.002723362361115783,,0.02572778869236337,0.9991575920181565
example/hyperparams_opt/Hela/spec_similarity_type_NIST-LC,0.0,0.0,1.0,NIST-LC,N36072,0.0,0.026568325322098338,0.025874705844254192,0.0012850078551666852,0.002723362361115783,,0.02572778869236337,0.9991575920181565
example/hyperparams_opt/Hela/spec_similarity_type_NIST-LC,0.0,0.0,1.0,NIST-LC,N3608,0.0,0.026568325322098338,0.025874705844254192,0.0012850078551666852,0.002723362361115783,,0.02572778869236337,0.9991575920181565
example/hyperparams_opt/Hela/spec_similarity_type_NIST-LC,0.0,0.0,1.0,NIST-LC,N36096,0.0,0.026568325322098338,0.025874705844254192,0.0012850078551666852,0.002723362361115783,,0.02572778869236337,0.9991575920181565
example/hyperparams_opt/Hela/spec_similarity_type_NIST-LC,0.0,0.0,1.0,NIST-LC,N36104,0.0,0.026568325322098338,0.025874705844254192,0.0012850078551666852,0.002723362361115783,,0.02572778869236337,0.9991575920181565
example/hyperparams_opt/Hela/spec_similarity_type_NIST-LC,0.0,0.0,1.0,NIST-LC,N3628,0.027616547857020078,0.027065572536736426,0.02633250166277326,0.001101950640567305,0.002750187942173146,,0.02572778869236337,0.9991584806445498
example/hyperparams_opt/Hela/spec_similarity_type_NIST-LC,0.0,0.0,1.0,NIST-LC,N36340,0.0,0.027065572536736426,0.02633250166277326,0.001101950640567305,0.002750187942173146,,0.02572778869236337,0.9991584806445498
example/hyperparams_opt/Hela/spec_similarity_type_NIST-LC,0.0,0.0,1.0,NIST-LC,N36477,0.0,0.027065572536736426,0.02633250166277326,0.001101950640567305,0.002750187942173146,,0.02572778869236337,0.9991584806445498
example/hyperparams_opt/Hela/spec_similarity_type_NIST-LC,0.0,0.0,1.0,NIST-LC,N3652,0.0,0.027065572536736426,0.02633250166277326,0.001101950640567305,0.002750187942173146,,0.02572778869236337,0.9991584806445498
example/hyperparams_opt/Hela/spec_similarity_type_NIST-LC,0.0,0.0,1.0,NIST-LC,N3657,0.01985177491158408,0.018611038979610077,0.018197460335618743,0.0024814718639480093,0.0024814718639480093,,0.02572778869236337,0.998145975216737
example/hyperparams_opt/Hela/spec_similarity_type_NIST-LC,0.0,0.0,1.0,NIST-LC,N3665,0.043930725982291946,0.043930725982291946,0.03904953420648173,0.0,0.014643575327430648,,0.02572778869236337,0.985056822321508
example/hyperparams_opt/Hela/spec_similarity_type_NIST-LC,0.0,0.0,1.0,NIST-LC,N36752,0.0,0.043930725982291946,0.03904953420648173,0.0,0.014643575327430648,,0.02572778869236337,0.985056822321508
example/hyperparams_opt/Hela/spec_similarity_type_NIST-LC,0.0,0.0,1.0,NIST-LC,N3693,0.006873613746260535,0.043930725982291946,0.03904953420648173,0.0,0.014643575327430648,,0.02572778869236337,0.985056822321508
example/hyperparams_opt/Hela/spec_similarity_type_NIST-LC,0.0,0.0,1.0,NIST-LC,N3695,0.022986769947190806,0.018389415957752644,0.016090738963033563,0.009194707978876322,0.011493384973595403,,0.02572778869236337,0.9584114221179831
example/hyperparams_opt/Hela/spec_similarity_type_NIST-LC,0.0,0.0,1.0,NIST-LC,N3696,0.04030704469855933,0.038725870768228844,0.03658838725383198,0.003162347860660969,0.025865674841612014,0.030241851033978515,0.029228692544713178,0.8788134296197376
example/hyperparams_opt/Hela/spec_similarity_type_NIST-LC,0.0,0.0,1.0,NIST-LC,N3701,0.0,0.038725870768228844,0.03658838725383198,0.003162347860660969,0.025865674841612014,0.030241851033978515,0.029228692544713178,0.8788134296197376
example/hyperparams_opt/Hela/spec_similarity_type_NIST-LC,0.0,0.0,1.0,NIST-LC,N3735,0.012819500233078275,0.038725870768228844,0.03658838725383198,0.003162347860660969,0.025865674841612014,0.030241851033978515,0.029228692544713178,0.8788134296197376
example/hyperparams_opt/Hela/spec_similarity_type_NIST-LC,0.0,0.0,1.0,NIST-LC,N3759,0.023513569531572066,0.02324461773769263,0.018147541383258362,0.0005379035877588687,0.015560180857182247,,0.029228692544713178,0.9172407070442947
example/hyperparams_opt/Hela/spec_similarity_type_NIST-LC,0.0,0.0,1.0,NIST-LC,N3773,0.02669206274757437,0.020019047060680778,0.017794708498382914,0.013346031373787185,0.013346031373787185,,0.029228692544713178,0.9463946303571862
example/hyperparams_opt/Hela/spec_similarity_type_NIST-LC,0.0,0.0,1.0,NIST-LC,N3873,0.03284592638221304,0.026608849214390377,0.023559455999961416,0.012474154335645336,0.01692603261306163,0.01222973124719105,,0.963189170557036
example/hyperparams_opt/Hela/spec_similarity_type_NIST-LC,0.0,0.0,1.0,NIST-LC,N3887,0.0,0.026608849214390377,0.023559455999961416,0.012474154335645336,0.01692603261306163,0.01222973124719105,,0.963189170557036
example/hyperparams_opt/Hela/spec_similarity_type_NIST-LC,0.0,0.0,1.0,NIST-LC,N3891,0.03574829635076226,0.026608849214390377,0.023559455999961416,0.012474154335645336,0.01692603261306163,0.01222973124719105,,0.963189170557036
example/hyperparams_opt/Hela/spec_similarity_type_NIST-LC,0.0,0.0,1.0,NIST-LC,N3938,0.0005414134484211347,0.0004872721035790212,0.023559455999961416,0.00010828268968422696,,0.01222973124719105,,0.9910760598382222
example/hyperparams_opt/Hela/spec_similarity_type_NIST-LC,0.0,0.0,1.0,NIST-LC,N3958,0.0,0.0004872721035790212,0.023559455999961416,0.00010828268968422696,,0.01222973124719105,,0.9910760598382222
example/hyperparams_opt/Hela/spec_similarity_type_NIST-LC,0.0,0.0,1.0,NIST-LC,N3963,0.029364721862866174,0.028342881437054677,0.027135521383440993,0.002043680851622997,0.007201983167747665,0.007032830268967869,0.006502328537102548,0.9945976136549037
example/hyperparams_opt/Hela/spec_similarity_type_NIST-LC,0.0,0.0,1.0,NIST-LC,N3993,0.01842880157775425,0.017603341293740807,0.017142986024384698,0.0016509205680268826,0.002206526092081766,,0.006502328537102548,0.9986521434062245
example/hyperparams_opt/Hela/spec_similarity_type_NIST-LC,0.0,0.0,1.0,NIST-LC,N4014,0.03764816261297666,0.035541257217870506,0.03214327137079248,0.004213810790212318,0.021855083198135436,0.02134054784666181,0.019629651737263203,0.9418792210883451
example/hyperparams_opt/Hela/spec_similarity_type_NIST-LC,0.0,0.0,1.0,NIST-LC,N4036,0.007539517615568666,0.006564592797681286,0.03214327137079248,0.001949849635774761,,0.02134054784666181,0.019629651737263203,0.9840309547504575
example/hyperparams_opt/Hela/spec_similarity_type_NIST-LC,0.0,0.0,1.0,NIST-LC,N4045,0.0011456012094973403,0.0010310410885476062,0.03214327137079248,0.0002291202418994681,,0.02134054784666181,0.019629651737263203,0.9910760598382222
example/hyperparams_opt/Hela/spec_similarity_type_NIST-LC,0.0,0.0,1.0,NIST-LC,N4087,0.01363125507492667,0.012949692321180335,0.012231538682887897,0.0013631255074926674,0.002836023668623646,,0.019629651737263203,0.9959047752457254
example/hyperparams_opt/Hela/spec_similarity_type_NIST-LC,0.0,0.0,1.0,NIST-LC,N4089,0.0,0.012949692321180335,0.012231538682887897,0.0013631255074926674,0.002836023668623646,,0.019629651737263203,0.9959047752457254
example/hyperparams_opt/Hela/spec_similarity_type_NIST-LC,0.0,0.0,1.0,NIST-LC,N4106,0.004885900894223919,0.012949692321180335,0.012231538682887897,0.0013631255074926674,0.002836023668623646,,0.019629651737263203,0.9959047752457254
example/hyperparams_opt/Hela/spec_similarity_type_NIST-LC,0.0,0.0,1.0,NIST-LC,N4171,0.021162216591029785,0.018810859192026477,0.018027073392358706,0.004702714798006619,0.004702714798006619,,0.019629651737263203,0.9932927654933185
example/hyperparams_opt/Hela/spec_similarity_type_NIST-LC,0.0,0.0,1.0,NIST-LC,N4172,0.026370018026771157,0.018810859192026477,0.018027073392358706,0.004702714798006619,0.004702714798006619,,0.019629651737263203,0.9932927654933185
example/hyperparams_opt/Hela/spec_similarity_type_NIST-LC,0.0,0.0,1.0,NIST-LC,N4179,0.0,0.018810859192026477,0.018027073392358706,0.004702714798006619,0.004702714798006619,,0.019629651737263203,0.9932927654933185
example/hyperparams_opt/Hela/spec_similarity_type_NIST-LC,0.0,0.0,1.0,NIST-LC,N4199,0.018875325889139063,0.017302382065044142,0.0167780674570125,0.003145887648189842,0.008585730860754886,0.008826068107514977,0.008604478997966522,0.9668751768040597
example/hyperparams_opt/Hela/spec_similarity_type_NIST-LC,0.0,0.0,1.0,NIST-LC,N4252,0.04018980369316616,0.03651406345652814,0.03505998995586307,0.007351480473276037,0.008037960738633235,,0.008604478997966522,0.9952036065435417
example/hyperparams_opt/Hela/spec_similarity_type_NIST-LC,0.0,0.0,1.0,NIST-LC,N4291,0.02635213319152278,0.03651406345652814,0.03505998995586307,0.007351480473276037,0.008037960738633235,,0.008604478997966522,0.9952036065435417
example/hyperparams_opt/Hela/spec_similarity_type_NIST-LC,0.0,0.0,1.0,NIST-LC,N4318,0.027743627119207408,0.02325067437333069,0.01871898667590484,0.008985905491753429,0.018088015838154278,,0.008604478997966522,0.9260391659311427
example/hyperparams_opt/Hela/spec_similarity_type_NIST-LC,0.0,0.0,1.0,NIST-LC,N4327,0.013206233160418707,0.011812678419366498,0.01871898667590484,0.0027871094821044183,,,0.008604478997966522,0.9899374586762204
example/hyperparams_opt/Hela/spec_similarity_type_NIST-LC,0.0,0.0,1.0,NIST-LC,N4381,0.03518196633078778,0.03127285896070025,0.02996982317067107,0.007818214740175064,0.02069172317795271,0.02107378528712439,0.019916450549574867,0.9261788219057482
example/hyperparams_opt/Hela/spec_similarity_type_NIST-LC,0.0,0.0,1.0,NIST-LC,N4395,0.014010997533945127,0.011725015313610757,0.02996982317067107,0.004571964440668739,,0.02107378528712439,0.019916450549574867,0.972403846747287
example/hyperparams_opt/Hela/spec_similarity_type_NIST-LC,0.0,0.0,1.0,NIST-LC,N4396,0.012736419198231555,0.011725015313610757,0.02996982317067107,0.004571964440668739,,0.02107378528712439,0.019916450549574867,0.972403846747287
example/hyperparams_opt/Hela/spec_similarity_type_NIST-LC,0.0,0.0,1.0,NIST-LC,N4425,0.03660495891209767,0.011725015313610757,0.02996982317067107,0.004571964440668739,,0.02107378528712439,0.019916450549574867,0.972403846747287
example/hyperparams_opt/Hela/spec_similarity_type_NIST-LC,0.0,0.0,1.0,NIST-LC,N4433,0.017292109664654335,0.01570370817150708,0.015080368024912541,0.003176802986294509,0.0034584219329308677,,0.019916450549574867,0.9951839502556457
example/hyperparams_opt/Hela/spec_similarity_type_NIST-LC,0.0,0.0,1.0,NIST-LC,N4463,0.0005437185419627831,0.0004893466877665049,0.015080368024912541,0.00010874370839255665,,,0.019916450549574867,0.9910760598382222
example/hyperparams_opt/Hela/spec_similarity_type_NIST-LC,0.0,0.0,1.0,NIST-LC,N4501,0.03518732500816266,0.03339007012466144,0.03042613796246843,0.0035945097670024434,0.02418451398650786,0.024636502872411238,0.022185307886844675,0.9053626108903869
example/hyperparams_opt/Hela/spec_similarity_type_NIST-LC,0.0,0.0,1.0,NIST-LC,N4553,0.020521103143375404,0.020366359033234124,0.019803910160079513,0.00030948822028256315,0.004316124702017463,0.0049860585826803,0.005827718305073424,0.9932541771371638
example/hyperparams_opt/Hela/spec_similarity_type_NIST-LC,0.0,0.0,1.0,NIST-LC,N4570,0.021342776831858274,0.021069794575802,0.02078365296018744,0.0005459645121125532,0.0011314071028999569,,0.005827718305073424,0.9997750242840602
example/hyperparams_opt/Hela/spec_similarity_type_NIST-LC,0.0,0.0,1.0,NIST-LC,N4604,0.012818452979242197,0.011662362071324761,0.010481091929487188,0.002312181815834872,0.004699901333430151,,0.005827718305073424,0.9845970183202016
example/hyperparams_opt/Hela/spec_similarity_type_NIST-LC,0.0,0.0,1.0,NIST-LC,N4638,0.01891835866502302,0.015893310024808184,0.01479961971987724,0.006050097280429672,0.006306119555007672,,0.005827718305073424,0.9830153983902175
example/hyperparams_opt/Hela/spec_similarity_type_NIST-LC,0.0,0.0,1.0,NIST-LC,N4678,0.00026029113788214337,0.00026029113788214337,0.01479961971987724,0.0,,,0.005827718305073424,1.0
example/hyperparams_opt/Hela/spec_similarity_type_NIST-LC,0.0,0.0,1.0,NIST-LC,N4695,0.024724652422004435,0.022867530464751637,0.022174292051719835,0.0037142439145055987,0.003936837196348204,,0.005827718305073424,0.9970346532484166
example/hyperparams_opt/Hela/spec_similarity_type_NIST-LC,0.0,0.0,1.0,NIST-LC,N4773,0.030240663815830772,0.025551996036146173,0.01827926381034927,0.009377335559369197,0.02650686445707531,,0.005827718305073424,0.7999537126447074
example/hyperparams_opt/Hela/spec_similarity_type_NIST-LC,0.0,0.0,1.0,NIST-LC,N4779,0.027215321406381044,0.025551996036146173,0.01827926381034927,0.009377335559369197,0.02650686445707531,,0.005827718305073424,0.7999537126447074
example/hyperparams_opt/Hela/spec_similarity_type_NIST-LC,0.0,0.0,1.0,NIST-LC,N4789,0.03154687983908373,0.01892659600527044,0.01827926381034927,0.025240567667626588,,,0.005827718305073424,0.6498657860635592
example/hyperparams_opt/Hela/spec_similarity_type_NIST-LC,0.0,0.0,1.0,NIST-LC,N4828,0.03743201383437935,0.03270039236078275,0.031123185202917222,0.009463242947193192,0.009463242947193192,,0.005827718305073424,0.9909218105168
example/hyperparams_opt/Hela/spec_similarity_type_NIST-LC,0.0,0.0,1.0,NIST-LC,N4829,0.03835859685038772,0.024711789487060216,0.018287788069561734,0.027293614726655008,0.032918811615822954,,0.005827718305073424,0.730252261726138
example/hyperparams_opt/Hela/spec_similarity_type_NIST-LC,0.0,0.0,1.0,NIST-LC,N4838,0.019681959037204676,0.018180359112466297,0.018287788069561734,0.003003199849476758,,,0.005827718305073424,0.9950734492849334
example/hyperparams_opt/Hela/spec_similarity_type_NIST-LC,0.0,0.0,1.0,NIST-LC,N4840,0.01956315865413592,0.015109541690111606,0.013005406906017189,0.008907233928048628,0.010766021316307562,,0.005827718305073424,0.9434258393116609
example/hyperparams_opt/Hela/spec_similarity_type_NIST-LC,0.0,0.0,1.0,NIST-LC,N4877,0.0,0.015109541690111606,0.013005406906017189,0.008907233928048628,0.010766021316307562,,0.005827718305073424,0.9434258393116609
example/hyperparams_opt/Hela/spec_similarity_type_NIST-LC,0.0,0.0,1.0,NIST-LC,N4896,0.014199418337460903,0.013403895883189815,0.012497382094027456,0.0015910449085421753,0.010897474742550463,0.011947555018477447,0.01160029276818326,0.7411908464938987
example/hyperparams_opt/Hela/spec_similarity_type_NIST-LC,0.0,0.0,1.0,NIST-LC,N4907,0.025182725857135872,0.013403895883189815,0.012497382094027456,0.0015910449085421753,0.010897474742550463,0.011947555018477447,0.01160029276818326,0.7411908464938987
example/hyperparams_opt/Hela/spec_similarity_type_NIST-LC,0.0,0.0,1.0,NIST-LC,N4908,0.01820122394473151,0.012025072150580015,0.012497382094027456,0.01235230358830299,,0.011947555018477447,0.01160029276818326,0.8003163034102267
example/hyperparams_opt/Hela/spec_similarity_type_NIST-LC,0.0,0.0,1.0,NIST-LC,N4920,0.0016566334566181335,0.012025072150580015,0.012497382094027456,0.01235230358830299,,0.011947555018477447,0.01160029276818326,0.8003163034102267
example/hyperparams_opt/Hela/spec_similarity_type_NIST-LC,0.0,0.0,1.0,NIST-LC,N4923,0.00940723532278998,0.007979102217057773,0.012497382094027456,0.002856266211464415,,0.011947555018477447,0.01160029276818326,0.9767663973189127
example/hyperparams_opt/Hela/spec_similarity_type_NIST-LC,0.0,0.0,1.0,NIST-LC,N4934,0.018525714892165042,0.015563948905483214,0.01449279146858104,0.005923531973363658,0.006175238297388348,,0.01160029276818326,0.98301870837879
example/hyperparams_opt/Hela/spec_similarity_type_NIST-LC,0.0,0.0,1.0,NIST-LC,N4957,0.008092114891550916,0.015563948905483214,0.01449279146858104,0.005923531973363658,0.006175238297388348,,0.01160029276818326,0.98301870837879
example/hyperparams_opt/Hela/spec_similarity_type_NIST-LC,0.0,0.0,1.0,NIST-LC,N5055,0.02320589744909752,0.02213871860159246,0.01449279146858104,0.0021343576950101154,,,0.01160029276818326,0.9983231959474619
example/hyperparams_opt/Hela/spec_similarity_type_NIST-LC,0.0,0.0,1.0,NIST-LC,N5076,0.037993412221703673,0.03269921637333292,0.02604467468642829,0.010588391696741497,0.02525782090908465,,0.01160029276818326,0.9227582273327861
example/hyperparams_opt/Hela/spec_similarity_type_NIST-LC,0.0,0.0,1.0,NIST-LC,N5089,0.0,0.03269921637333292,0.02604467468642829,0.010588391696741497,0.02525782090908465,,0.01160029276818326,0.9227582273327861
example/hyperparams_opt/Hela/spec_similarity_type_NIST-LC,0.0,0.0,1.0,NIST-LC,N5090,0.0,0.03269921637333292,0.02604467468642829,0.010588391696741497,0.02525782090908465,,0.01160029276818326,0.9227582273327861
example/hyperparams_opt/Hela/spec_similarity_type_NIST-LC,0.0,0.0,1.0,NIST-LC,N5132,0.03396348883144671,0.030944348074487663,0.02794463647799986,0.006038281513918092,0.016655827494778494,0.01518253738727146,0.014546500504252713,0.9639973926727189
example/hyperparams_opt/Hela/spec_similarity_type_NIST-LC,0.0,0.0,1.0,NIST-LC,N5143,0.014846313324482862,0.011165542808437944,0.02794463647799986,0.007361541032089836,,0.01518253738727146,0.014546500504252713,0.9201243183904821
example/hyperparams_opt/Hela/spec_similarity_type_NIST-LC,0.0,0.0,1.0,NIST-LC,N5210,0.0,0.011165542808437944,0.02794463647799986,0.007361541032089836,,0.01518253738727146,0.014546500504252713,0.9201243183904821
example/hyperparams_opt/Hela/spec_similarity_type_NIST-LC,0.0,0.0,1.0,NIST-LC,N5337,0.017311978763279647,0.01684481297891558,0.016631756084067056,0.0009343315687281271,0.005394804842060308,0.006357128515413132,0.0062375527426434384,0.9853552743530252
example/hyperparams_opt/Hela/spec_similarity_type_NIST-LC,0.0,0.0,1.0,NIST-LC,N5341,0.026048815932156664,0.024680867024701687,0.02234084420302355,0.002735897814909953,0.01410573999875786,0.013690744862347629,0.012557078625774614,0.9479847072882985
example/hyperparams_opt/Hela/spec_similarity_type_NIST-LC,0.0,0.0,1.0,NIST-LC,N5373,0.019305153314528443,0.024680867024701687,0.02234084420302355,0.002735897814909953,0.01410573999875786,0.013690744862347629,0.012557078625774614,0.9479847072882985
example/hyperparams_opt/Hela/spec_similarity_type_NIST-LC,0.0,0.0,1.0,NIST-LC,N5421,0.017964652201091325,0.01583942722680226,0.013015916331468286,0.004250449948578127,0.010595757660290993,,0.012557078625774614,0.9460749752203326
example/hyperparams_opt/Hela/spec_similarity_type_NIST-LC,0.0,0.0,1.0,NIST-LC,N5442,0.01821388034967722,0.01297092596929733,0.013015916331468286,0.01048590876075978,,,0.012557078625774614,0.878703647721303
example/hyperparams_opt/Hela/spec_similarity_type_NIST-LC,0.0,0.0,1.0,NIST-LC,N5485,0.0003012084541736188,0.01297092596929733,0.013015916331468286,0.01048590876075978,,,0.012557078625774614,0.878703647721303
example/hyperparams_opt/Hela/spec_similarity_type_NIST-LC,0.0,0.0,1.0,NIST-LC,N5486,0.0,0.01297092596929733,0.013015916331468286,0.01048590876075978,,,0.012557078625774614,0.878703647721303
example/hyperparams_opt/Hela/spec_similarity_type_NIST-LC,0.0,0.0,1.0,NIST-LC,N5501,0.0,0.01297092596929733,0.013015916331468286,0.01048590876075978,,,0.012557078625774614,0.878703647721303
example/hyperparams_opt/Hela/spec_similarity_type_NIST-LC,0.0,0.0,1.0,NIST-LC,N5523,0.0,0.01297092596929733,0.013015916331468286,0.01048590876075978,,,0.012557078625774614,0.878703647721303
example/hyperparams_opt/Hela/spec_similarity_type_NIST-LC,0.0,0.0,1.0,NIST-LC,N5547,0.023446370045459422,0.023446370045459422,0.022874859150958465,0.0,0.0017145326835028736,,0.012557078625774614,0.9994269038789103
example/hyperparams_opt/Hela/spec_similarity_type_NIST-LC,0.0,0.0,1.0,NIST-LC,N5562,0.03860470385252971,0.037759165033655964,0.03575065310435682,0.001691077637747486,0.019143586072767088,0.02034346583155933,0.0207475858742599,0.9413457575253783
example/hyperparams_opt/Hela/spec_similarity_type_NIST-LC,0.0,0.0,1.0,NIST-LC,N5615,0.026718505541188143,0.022866172050825737,0.03575065310435682,0.007704666980724816,,0.02034346583155933,0.0207475858742599,0.9794279044188282
example/hyperparams_opt/Hela/spec_similarity_type_NIST-LC,0.0,0.0,1.0,NIST-LC,N5682,0.024772267356445596,0.02162927431400921,0.01754009926628697,0.006285986084872772,0.0154105181856031,,0.0207475858742599,0.9369363119262452
example/hyperparams_opt/Hela/spec_similarity_type_NIST-LC,0.0,0.0,1.0,NIST-LC,N5734,0.018481831460421486,0.01656202332415735,0.015379058632371942,0.0038396162725282783,0.006785331276738957,0.005304399495514353,0.004561824840767689,0.9893740240495867
example/hyperparams_opt/Hela/spec_similarity_type_NIST-LC,0.0,0.0,1.0,NIST-LC,N5793,0.0,0.01656202332415735,0.015379058632371942,0.0038396162725282783,0.006785331276738957,0.005304399495514353,0.004561824840767689,0.9893740240495867
example/hyperparams_opt/Hela/spec_similarity_type_NIST-LC,0.0,0.0,1.0,NIST-LC,N5831,0.027055802608870555,0.025415692159470045,0.02322294510663495,0.0032802208988010166,0.00821835160790579,,0.004561824840767689,0.990205503994967
example/hyperparams_opt/Hela/spec_similarity_type_NIST-LC,0.0,0.0,1.0,NIST-LC,N5862,0.00017929195278260982,0.00016136275750434884,0.02322294510663495,3.585839055652196e-05,,,0.004561824840767689,0.9910760598382222
example/hyperparams_opt/Hela/spec_similarity_type_NIST-LC,0.0,0.0,1.0,NIST-LC,N5869,0.014564176962003067,0.010741217088775082,0.02322294510663495,0.007645919746455972,,,0.004561824840767689,0.9065888068224279
example/hyperparams_opt/Hela/spec_similarity_type_NIST-LC,0.0,0.0,1.0,NIST-LC,N5884,0.029131400309951715,0.02664916122931179,0.02511292125777777,0.004964478161279855,0.0070909589952419735,,0.004561824840767689,0.9937199675574326
example/hyperparams_opt/Hela/spec_similarity_type_NIST-LC,0.0,0.0,1.0,NIST-LC,N5928,0.04154073875879865,0.02664916122931179,0.02511292125777777,0.004964478161279855,0.0070909589952419735,,0.004561824840767689,0.9937199675574326
example/hyperparams_opt/Hela/spec_similarity_type_NIST-LC,0.0,0.0,1.0,NIST-LC,N5935,0.014416103451579254,0.014416103451579254,0.01393892126512622,0.0,0.006012949061934992,0.007540083229460289,0.007212324297667216,0.9666513558933988
example/hyperparams_opt/Hela/spec_similarity_type_NIST-LC,0.0,0.0,1.0,NIST-LC,N5949,0.02518538444834928,0.022904406238979155,0.01393892126512622,0.00456195641874025,,0.007540083229460289,0.007212324297667216,0.9928341310437963
example/hyperparams_opt/Hela/spec_similarity_type_NIST-LC,0.0,0.0,1.0,NIST-LC,N5982,0.0,0.022904406238979155,0.01393892126512622,0.00456195641874025,,0.007540083229460289,0.007212324297667216,0.9928341310437963
example/hyperparams_opt/Hela/spec_similarity_type_NIST-LC,0.0,0.0,1.0,NIST-LC,N6003,0.007620174271598597,0.022904406238979155,0.01393892126512622,0.00456195641874025,,0.007540083229460289,0.007212324297667216,0.9928341310437963
example/hyperparams_opt/Hela/spec_similarity_type_NIST-LC,0.0,0.0,1.0,NIST-LC,N6018,0.03894406792313893,0.02987338809399509,0.024846458208424748,0.018141359658287688,0.024151469485854865,,0.007212324297667216,0.9250773443396453
example/hyperparams_opt/Hela/spec_similarity_type_NIST-LC,0.0,0.0,1.0,NIST-LC,N6029,0.02384073509596581,0.022137825446253968,0.020718734071494098,0.0034058192994236847,0.005960183773991452,,0.007212324297667216,0.9937013032277898
example/hyperparams_opt/Hela/spec_similarity_type_NIST-LC,0.0,0.0,1.0,NIST-LC,N6139,0.014071045558261778,0.014071045558261778,0.013575434293232665,0.0,0.0069860075983044076,0.008819065532710096,0.008435214653671377,0.9427776580270358
example/hyperparams_opt/Hela/spec_similarity_type_NIST-LC,0.0,0.0,1.0,NIST-LC,N6211,0.023338436094605,0.0229363110612031,0.02224715126756559,0.0008042500668038015,0.005824537207951341,0.005981567640155592,0.005608884515573842,0.9953008422894944
example/hyperparams_opt/Hela/spec_similarity_type_NIST-LC,0.0,0.0,1.0,NIST-LC,N6238,0.023771418260793015,0.023771418260793015,0.021790466739060266,0.0,0.005942854565198254,,0.005608884515573842,0.9922150607220183
example/hyperparams_opt/Hela/spec_similarity_type_NIST-LC,0.0,0.0,1.0,NIST-LC,N6284,0.031432254326401725,0.02592878754191124,0.02252456741567445,0.011006933568980967,0.01938510501952785,0.01571612716320086,0.017815373821454553,0.9187771961357339
example/hyperparams_opt/Hela/spec_similarity_type_NIST-LC,0.0,0.0,1.0,NIST-LC,N6368,0.03696501441707346,0.03575964014459948,0.03521361068626841,0.002410748544947952,0.002843462647467189,,0.017815373821454553,0.9994298298768525
example/hyperparams_opt/Hela/spec_similarity_type_NIST-LC,0.0,0.0,1.0,NIST-LC,N6379,0.0,0.03575964014459948,0.03521361068626841,0.002410748544947952,0.002843462647467189,,0.017815373821454553,0.9994298298768525
example/hyperparams_opt/Hela/spec_similarity_type_NIST-LC,0.0,0.0,1.0,NIST-LC,N6390,0.014294929750504481,0.013974809005520339,0.013364992735476762,0.0006402414899682827,0.0053645554533589095,0.006116096674456114,0.006427063886620482,0.9715918074778399
example/hyperparams_opt/Hela/spec_similarity_type_NIST-LC,0.0,0.0,1.0,NIST-LC,N6406,0.0,0.013974809005520339,0.013364992735476762,0.0006402414899682827,0.0053645554533589095,0.006116096674456114,0.006427063886620482,0.9715918074778399
example/hyperparams_opt/Hela/spec_similarity_type_NIST-LC,0.0,0.0,1.0,NIST-LC,N6445,0.008654734551564071,0.013974809005520339,0.013364992735476762,0.0006402414899682827,0.0053645554533589095,0.006116096674456114,0.006427063886620482,0.9715918074778399
example/hyperparams_opt/Hela/spec_similarity_type_NIST-LC,0.0,0.0,1.0,NIST-LC,N6473,0.0,0.013974809005520339,0.013364992735476762,0.0006402414899682827,0.0053645554533589095,0.006116096674456114,0.006427063886620482,0.9715918074778399
example/hyperparams_opt/Hela/spec_similarity_type_NIST-LC,0.0,0.0,1.0,NIST-LC,N6486,0.02763825389585714,0.016026337509866782,0.013364992735476762,0.023223832771980715,,0.006116096674456114,0.006427063886620482,0.5782468720287419
example/hyperparams_opt/Hela/spec_similarity_type_NIST-LC,0.0,0.0,1.0,NIST-LC,N6569,0.035113146464961956,0.033804471356921814,0.031267977461256195,0.00261735021608029,0.012921742966268586,0.012280332220100373,0.010622538436540607,0.9897376625986997
example/hyperparams_opt/Hela/spec_similarity_type_NIST-LC,0.0,0.0,1.0,NIST-LC,N6752,0.0,0.033804471356921814,0.031267977461256195,0.00261735021608029,0.012921742966268586,0.012280332220100373,0.010622538436540607,0.9897376625986997
example/hyperparams_opt/Hela/spec_similarity_type_NIST-LC,0.0,0.0,1.0,NIST-LC,N6761,0.007337783285903085,0.033804471356921814,0.031267977461256195,0.00261735021608029,0.012921742966268586,0.012280332220100373,0.010622538436540607,0.9897376625986997
example/hyperparams_opt/Hela/spec_similarity_type_NIST-LC,0.0,0.0,1.0,NIST-LC,N6769,0.022255555344498773,0.01927891196963334,0.017463454242738815,0.005953286749730866,0.008423016555549008,,0.010622538436540607,0.9817453051093813
example/hyperparams_opt/Hela/spec_similarity_type_NIST-LC,0.0,0.0,1.0,NIST-LC,N6804,0.004611172845248818,0.01927891196963334,0.017463454242738815,0.005953286749730866,0.008423016555549008,,0.010622538436540607,0.9817453051093813
example/hyperparams_opt/Hela/spec_similarity_type_NIST-LC,0.0,0.0,1.0,NIST-LC,N6825,0.013833533123292307,0.012919149905711443,0.012427140977960912,0.0018287664351617286,0.0023904100008324547,,0.010622538436540607,0.9969717927957454
example/hyperparams_opt/Hela/spec_similarity_type_NIST-LC,0.0,0.0,1.0,NIST-LC,N6840,0.00968849516518144,0.0066249064907533154,0.005264537140579637,0.006127177348856249,0.0071446967249491605,,0.010622538436540607,0.846275707982158
example/hyperparams_opt/Hela/spec_similarity_type_NIST-LC,0.0,0.0,1.0,NIST-LC,N6869,0.029196627658734115,0.027199943311919994,0.02493631579619024,0.003993368693628239,0.008787566894003385,,0.010622538436540607,0.9904531953516673
example/hyperparams_opt/Hela/spec_similarity_type_NIST-LC,0.0,0.0,1.0,NIST-LC,N6980,0.00843936710505637,0.007104330795565747,0.006018285971727193,0.0026700726189812455,0.004593170781006286,,0.010622538436540607,0.9552508712882242
example/hyperparams_opt/Hela/spec_similarity_type_NIST-LC,0.0,0.0,1.0,NIST-LC,N7106,0.1662925006556146,0.15202863064079242,0.006018285971727193,0.028527740029644366,,,0.010622538436540607,0.993640726883949
example/hyperparams_opt/Hela/spec_similarity_type_NIST-LC,0.0,0.0,1.0,NIST-LC,N7132,0.040726099397119006,0.03556767672959954,0.029485737772871428,0.010316845335038925,0.0234042395377038,,0.010622538436540607,0.949818094198791
example/hyperparams_opt/Hela/spec_similarity_type_NIST-LC,0.0,0.0,1.0,NIST-LC,N7167,0.02015614052661497,0.03556767672959954,0.029485737772871428,0.010316845335038925,0.0234042395377038,,0.010622538436540607,0.949818094198791
example/hyperparams_opt/Hela/spec_similarity_type_NIST-LC,0.0,0.0,1.0,NIST-LC,N7190,0.007862486343544185,0.03556767672959954,0.029485737772871428,0.010316845335038925,0.0234042395377038,,0.010622538436540607,0.949818094198791
example/hyperparams_opt/Hela/spec_similarity_type_NIST-LC,0.0,0.0,1.0,NIST-LC,N7248,0.029380599429676593,0.0273351341440788,0.020958103224844732,0.0040909305711955835,0.021176558043300008,,0.010622538436540607,0.898925569225257
example/hyperparams_opt/Hela/spec_similarity_type_NIST-LC,0.0,0.0,1.0,NIST-LC,N7304,0.030916663551458813,0.030584106663010598,0.029759410736855414,0.0006651137768964345,0.01071622025327118,0.011701925962549199,0.011720258493097803,0.9843924005975583
example/hyperparams_opt/Hela/spec_similarity_type_NIST-LC,0.0,0.0,1.0,NIST-LC,N7387,0.0085338670814887,0.005802270307394037,0.0044530704017482865,0.005463193548189325,0.006779196491031914,,0.011720258493097803,0.8109004990303043
example/hyperparams_opt/Hela/spec_similarity_type_NIST-LC,0.0,0.0,1.0,NIST-LC,N7470,0.18539105607047396,0.16846764574292483,0.0044530704017482865,0.03384682065509828,,,0.011720258493097803,0.9927084464466001
example/hyperparams_opt/Hela/spec_similarity_type_NIST-LC,0.0,0.0,1.0,NIST-LC,N7491,0.012749220982478486,0.16846764574292483,0.0044530704017482865,0.03384682065509828,,,0.011720258493097803,0.9927084464466001
example/hyperparams_opt/Hela/spec_similarity_type_NIST-LC,0.0,0.0,1.0,NIST-LC,N7585,0.12911107302654712,0.12113266995076297,0.1152324804230516,0.01595680615156829,0.08948630763585386,0.10277701655238157,0.1045779792010661,0.8219576226073573
example/hyperparams_opt/Hela/spec_similarity_type_NIST-LC,0.0,0.0,1.0,NIST-LC,N7609,0.06768641119047682,0.12113266995076297,0.1152324804230516,0.01595680615156829,0.08948630763585386,0.10277701655238157,0.1045779792010661,0.8219576226073573
example/hyperparams_opt/Hela/spec_similarity_type_NIST-LC,0.0,0.0,1.0,NIST-LC,N7626,0.2395066287791713,0.22536306796384575,0.1152324804230516,0.02828712163065114,,0.10277701655238157,0.1045779792010661,0.9971569661961855
example/hyperparams_opt/Hela/spec_similarity_type_NIST-LC,0.0,0.0,1.0,NIST-LC,N7638,0.027711456602409538,0.026719244605226317,0.019782730502319417,0.0019844239943664424,0.021801754305903923,,0.1045779792010661,0.8625944992298848
example/hyperparams_opt/Hela/spec_similarity_type_NIST-LC,0.0,0.0,1.0,NIST-LC,N7642,0.023249967616673157,0.021499523095424064,0.019782730502319417,0.003500889042498189,,,0.1045779792010661,0.9952129891096089
example/hyperparams_opt/Hela/spec_similarity_type_NIST-LC,0.0,0.0,1.0,NIST-LC,N7682,0.018115291491232213,0.017475998979641975,0.017124119407216355,0.0012785850231804771,0.0053986132939605885,0.005993881470734848,0.005755867279984707,0.9886904563518912
example/hyperparams_opt/Hela/spec_similarity_type_NIST-LC,0.0,0.0,1.0,NIST-LC,N7693,0.02813702134946932,0.026971236824351277,0.026019650251778072,0.0023315690502360847,0.00517517567696562,0.004394268296556897,0.0041353003133019345,0.9977589341227887
example/hyperparams_opt/Hela/spec_similarity_type_NIST-LC,0.0,0.0,1.0,NIST-LC,N7785,0.0017679475367326557,0.026971236824351277,0.026019650251778072,0.0023315690502360847,0.00517517567696562,0.004394268296556897,0.0041353003133019345,0.9977589341227887
example/hyperparams_opt/Hela/spec_similarity_type_NIST-LC,0.0,0.0,1.0,NIST-LC,N7805,0.011627947067000093,0.010818363566117881,0.010008780065235671,0.0016191670017644232,0.00549514935743112,0.005813973533500046,0.005813973533500047,0.962897507080165
example/hyperparams_opt/Hela/spec_similarity_type_NIST-LC,0.0,0.0,1.0,NIST-LC,N7863,0.03682482575514892,0.03525680372182944,0.03349592057004964,0.0031360440666389627,0.015843819069755377,0.015774654966618642,0.01555678710908023,0.9738341129553625
example/hyperparams_opt/Hela/spec_similarity_type_NIST-LC,0.0,0.0,1.0,NIST-LC,N7893,0.0,0.03525680372182944,0.03349592057004964,0.0031360440666389627,0.015843819069755377,0.015774654966618642,0.01555678710908023,0.9738341129553625
example/hyperparams_opt/Hela/spec_similarity_type_NIST-LC,0.0,0.0,1.0,NIST-LC,N7937,0.0151116942620687,0.013118157664827611,0.03349592057004964,0.003987073194482176,,0.015774654966618642,0.01555678710908023,0.9832763428266198
example/hyperparams_opt/Hela/spec_similarity_type_NIST-LC,0.0,0.0,1.0,NIST-LC,N7985,0.07041558704695362,0.013118157664827611,0.03349592057004964,0.003987073194482176,,0.015774654966618642,0.01555678710908023,0.9832763428266198
example/hyperparams_opt/Hela/spec_similarity_type_NIST-LC,0.0,0.0,1.0,NIST-LC,N8001,0.023165086490664632,0.017132064822071632,0.03349592057004964,0.012066043337186002,,0.015774654966618642,0.01555678710908023,0.9085998720987847
example/hyperparams_opt/Hela/spec_similarity_type_NIST-LC,0.0,0.0,1.0,NIST-LC,N8044,0.06767088935419306,0.017132064822071632,0.03349592057004964,0.012066043337186002,,0.015774654966618642,0.01555678710908023,0.9085998720987847
example/hyperparams_opt/Hela/spec_similarity_type_NIST-LC,0.0,0.0,1.0,NIST-LC,N8131,0.0,0.017132064822071632,0.03349592057004964,0.012066043337186002,,0.015774654966618642,0.01555678710908023,0.9085998720987847
example/hyperparams_opt/Hela/spec_similarity_type_NIST-LC,0.0,0.0,1.0,NIST-LC,N8141,0.006726109222774015,0.017132064822071632,0.03349592057004964,0.012066043337186002,,0.015774654966618642,0.01555678710908023,0.9085998720987847
example/hyperparams_opt/Hela/spec_similarity_type_NIST-LC,0.0,0.0,1.0,NIST-LC,N8169,0.021895399479834526,0.017132064822071632,0.03349592057004964,0.012066043337186002,,0.015774654966618642,0.01555678710908023,0.9085998720987847
example/hyperparams_opt/Hela/spec_similarity_type_NIST-LC,0.0,0.0,1.0,NIST-LC,N8183,0.01917586675195832,0.011088698217070422,0.03349592057004964,0.016174337069775793,,0.015774654966618642,0.01555678710908023,0.5719082864332311
example/hyperparams_opt/Hela/spec_similarity_type_NIST-LC,0.0,0.0,1.0,NIST-LC,N8244,0.0405423283600508,0.035690493785218894,0.03399348323685247,0.009703669149663814,0.023903627890815092,0.021378586927797177,0.021085343257162617,0.9194452862726828
example/hyperparams_opt/Hela/spec_similarity_type_NIST-LC,0.0,0.0,1.0,NIST-LC,N8245,0.01711071640539322,0.015209525693682863,0.014575795456446078,0.0038023814234207157,0.0038023814234207157,,0.021085343257162617,0.9932927654933186
example/hyperparams_opt/Hela/spec_similarity_type_NIST-LC,0.0,0.0,1.0,NIST-LC,N8311,0.013198465306536913,0.015209525693682863,0.014575795456446078,0.0038023814234207157,0.0038023814234207157,,0.021085343257162617,0.9932927654933186
example/hyperparams_opt/Hela/spec_similarity_type_NIST-LC,0.0,0.0,1.0,NIST-LC,N8329,0.0,0.015209525693682863,0.014575795456446078,0.0038023814234207157,0.0038023814234207157,,0.021085343257162617,0.9932927654933186
example/hyperparams_opt/Hela/spec_similarity_type_NIST-LC,0.0,0.0,1.0,NIST-LC,N8383,0.010970097508403625,0.015209525693682863,0.014575795456446078,0.0038023814234207157,0.0038023814234207157,,0.021085343257162617,0.9932927654933186
example/hyperparams_opt/Hela/spec_similarity_type_NIST-LC,0.0,0.0,1.0,NIST-LC,N8425,0.01919326490401129,0.015253125588258688,0.01336762787617434,0.007880278631505207,0.011898361332924143,0.009109086457630788,0.00845239657167202,0.9368042320820998
example/hyperparams_opt/Hela/spec_similarity_type_NIST-LC,0.0,0.0,1.0,NIST-LC,N8450,0.030230464762902347,0.024682231563336293,0.021744543460427635,0.011096466399132105,0.014361297508292022,,0.00845239657167202,0.9649090352788429
example/hyperparams_opt/Hela/spec_similarity_type_NIST-LC,0.0,0.0,1.0,NIST-LC,N8551,0.0188072192537946,0.017063336534638943,0.021744543460427635,0.003487765438311313,,,0.00845239657167202,0.9924523852649397
example/hyperparams_opt/Hela/spec_similarity_type_NIST-LC,0.0,0.0,1.0,NIST-LC,N8559,0.035339122964304956,0.017063336534638943,0.021744543460427635,0.003487765438311313,,,0.00845239657167202,0.9924523852649397
example/hyperparams_opt/Hela/spec_similarity_type_NIST-LC,0.0,0.0,1.0,NIST-LC,N8608,0.04269193804813835,0.0414447090463628,0.021744543460427635,0.002494458003551109,,,0.00845239657167202,0.9993466222726702
example/hyperparams_opt/Hela/spec_similarity_type_NIST-LC,0.0,0.0,1.0,NIST-LC,N8610,0.0,0.0414447090463628,0.021744543460427635,0.002494458003551109,,,0.00845239657167202,0.9993466222726702
example/hyperparams_opt/Hela/spec_similarity_type_NIST-LC,0.0,0.0,1.0,NIST-LC,N8752,0.019238405304096314,0.018842769866386104,0.018503193104325754,0.0007912708754204169,0.0014143657238912602,,0.00845239657167202,0.9995552683516443
example/hyperparams_opt/Hela/spec_similarity_type_NIST-LC,0.0,0.0,1.0,NIST-LC,N8778,0.00029173669274509215,0.00021880251955881913,0.0001944911284967281,0.00014586834637254608,0.00014586834637254608,,0.00845239657167202,0.9463946303571862
example/hyperparams_opt/Hela/spec_similarity_type_NIST-LC,0.0,0.0,1.0,NIST-LC,N8791,0.061699165658937585,0.03721365916038668,0.0001944911284967281,0.04897101299710181,,,0.00845239657167202,0.6600203340445261
example/hyperparams_opt/Hela/spec_similarity_type_NIST-LC,0.0,0.0,1.0,NIST-LC,N8935,0.048109298897167786,0.04279430215259683,0.0001944911284967281,0.010629993489141919,,,0.00845239657167202,0.9888442012971776
example/hyperparams_opt/Hela/spec_similarity_type_NIST-LC,0.0,0.0,1.0,NIST-LC,N8943,0.010298273393059288,0.04279430215259683,0.0001944911284967281,0.010629993489141919,,,0.00845239657167202,0.9888442012971776
example/hyperparams_opt/Hela/spec_similarity_type_NIST-LC,0.0,0.0,1.0,NIST-LC,N8996,0.20832929194658223,0.20439154463013817,0.0001944911284967281,0.007875494632888114,,,0.00845239657167202,0.9997322427435587
example/hyperparams_opt/Hela/spec_similarity_type_NIST-LC,0.0,0.0,1.0,NIST-LC,N9086,0.032814506476626815,0.032697933763602485,0.031285402086734575,0.00023314542604866567,0.0043541677436280575,,0.00845239657167202,0.9981105290348303
example/hyperparams_opt/Hela/spec_similarity_type_NIST-LC,0.0,0.0,1.0,NIST-LC,N9262,0.04807822996336542,0.032697933763602485,0.031285402086734575,0.00023314542604866567,0.0043541677436280575,,0.00845239657167202,0.9981105290348303
example/hyperparams_opt/Hela/spec_similarity_type_NIST-LC,0.0,0.0,1.0,NIST-LC,N9299,0.010970097508403625,0.032697933763602485,0.031285402086734575,0.00023314542604866567,0.0043541677436280575,,0.00845239657167202,0.9981105290348303
example/hyperparams_opt/Hela/spec_similarity_type_NIST-LC,0.0,0.0,1.0,NIST-LC,N9300,0.01534530020132757,0.032697933763602485,0.031285402086734575,0.00023314542604866567,0.0043541677436280575,,0.00845239657167202,0.9981105290348303
example/hyperparams_opt/Hela/spec_similarity_type_NIST-LC,0.0,0.0,1.0,NIST-LC,N9408,0.05028701138829611,0.043887627649765636,0.039878959496727116,0.012798767477060949,0.01842538819764604,,0.00845239657167202,0.9833175941304567
example/hyperparams_opt/Hela/spec_similarity_type_NIST-LC,0.0,0.0,1.0,NIST-LC,N9409,0.021996828757590826,0.016429598601910365,0.039878959496727116,0.011134460311360924,,,0.00845239657167202,0.9155108895972663
example/hyperparams_opt/Hela/spec_similarity_type_NIST-LC,0.0,0.0,1.0,NIST-LC,N9608,0.03827547153818677,0.016429598601910365,0.039878959496727116,0.011134460311360924,,,0.00845239657167202,0.9155108895972663
example/hyperparams_opt/Hela/spec_similarity_type_NIST-LC,0.0,0.0,1.0,NIST-LC,N9854,0.016094498377798687,0.015945386097256736,0.015484998069494155,0.00029822456108390474,0.0015302763638296892,,0.00845239657167202,0.9991597345264143
example/hyperparams_opt/Hela/spec_similarity_type_NIST-LC,0.0,0.0,1.0,NIST-LC,N9910,0.07666819440434244,0.015945386097256736,0.015484998069494155,0.00029822456108390474,0.0015302763638296892,,0.00845239657167202,0.9991597345264143
example/hyperparams_opt/Hela/spec_similarity_type_NIST-LC,0.0,0.0,1.0,NIST-LC,N9956,0.0,0.015945386097256736,0.015484998069494155,0.00029822456108390474,0.0015302763638296892,,0.00845239657167202,0.9991597345264143
example/hyperparams_opt/Hela/spec_similarity_type_NIST-LC,0.0,0.0,1.0,NIST-LC,N9962,0.06740891099060954,0.0624874580466466,0.057857612234672555,0.009842905887925878,0.029437487631363987,0.02805820043789401,0.025513197143253223,0.9761647147663716
example/hyperparams_opt/Hela/spec_similarity_type_NIST-LC,0.0,0.0,1.0,NIST-LC,N9967,0.011927942229687027,0.0624874580466466,0.057857612234672555,0.009842905887925878,0.029437487631363987,0.02805820043789401,0.025513197143253223,0.9761647147663716
example/hyperparams_opt/Hela/spec_similarity_type_NIST-LC,0.0,0.0,1.0,NIST-LC,N9973,0.0011501542461804092,0.0624874580466466,0.057857612234672555,0.009842905887925878,0.029437487631363987,0.02805820043789401,0.025513197143253223,0.9761647147663716
example/hyperparams_opt/Hela/spec_similarity_type_NIST-LC,0.0,0.0,1.0,NIST-LC,P10123,0.015828221264335002,0.014245399137901502,0.013717791762423668,0.0031656442528670004,0.0031656442528670004,,0.025513197143253223,0.99473723787795
example/hyperparams_opt/Hela/spec_similarity_type_NIST-LC,0.0,0.0,1.0,NIST-LC,P10241,0.12451215547862406,0.08328618882879815,0.013717791762423668,0.08245193329965181,,,0.025513197143253223,0.8152230890031354
example/hyperparams_opt/Hela/spec_similarity_type_NIST-LC,0.0,0.0,1.0,NIST-LC,P10256,0.004758922790274685,0.0041290053182941175,0.003773237500704197,0.001259834943961135,0.003160922249667817,0.0030189052193264126,0.0028601487259144118,0.9007245045910401
example/hyperparams_opt/Hela/spec_similarity_type_NIST-LC,0.0,0.0,1.0,NIST-LC,P10406,0.008583528087142717,0.008341933955031144,0.007944810742927636,0.0004831882642231458,0.0014329637684220966,,0.0028601487259144118,0.9974176087015562
example/hyperparams_opt/Hela/spec_similarity_type_NIST-LC,0.0,0.0,1.0,NIST-LC,P10419,0.0146208001804,0.01315872016236,0.012021546814995556,0.0029241600360800004,0.004873600060133333,,0.0028601487259144118,0.9874491379648207
example/hyperparams_opt/Hela/spec_similarity_type_NIST-LC,0.0,0.0,1.0,NIST-LC,P10464,0.12608958340199916,0.12138991031816598,0.1050960093226115,0.009399346167666356,0.09136726585143828,0.09926288936125231,0.09011782541165478,0.8374662280120385
example/hyperparams_opt/Hela/spec_similarity_type_NIST-LC,0.0,0.0,1.0,NIST-LC,P10680,0.0006259092234415355,0.0005320228399253051,0.0005007273787532284,0.0001877727670324606,0.0003280738092123811,0.00028095443975612424,0.0002810425286051951,0.9602156972948529
example/hyperparams_opt/Hela/spec_similarity_type_NIST-LC,0.0,0.0,1.0,NIST-LC,P10964,0.2706631028931288,0.2639400969211172,0.0005007273787532284,0.013446011944023117,,0.00028095443975612424,0.0002810425286051951,0.9995319332776593
example/hyperparams_opt/Hela/spec_similarity_type_NIST-LC,0.0,0.0,1.0,NIST-LC,P11060,0.00980635037982301,0.009440455631193624,0.0090937411961937,0.0007317894972587724,0.005471559888933324,0.006460839085405328,0.006439737216561204,0.9222402723878668
example/hyperparams_opt/Hela/spec_similarity_type_NIST-LC,0.0,0.0,1.0,NIST-LC,P11225,0.05437980350395676,0.009440455631193624,0.0090937411961937,0.0007317894972587724,0.005471559888933324,0.006460839085405328,0.006439737216561204,0.9222402723878668
example/hyperparams_opt/Hela/spec_similarity_type_NIST-LC,0.0,0.0,1.0,NIST-LC,P11231,0.20420351618843444,0.184788156694549,0.17149703939532815,0.03883071898777085,0.08841175063237612,0.07870407088543342,0.07564194978810113,0.978194799638667
example/hyperparams_opt/Hela/spec_similarity_type_NIST-LC,0.0,0.0,1.0,NIST-LC,P11549,0.02558067832240498,0.184788156694549,0.17149703939532815,0.03883071898777085,0.08841175063237612,0.07870407088543342,0.07564194978810113,0.978194799638667
example/hyperparams_opt/Hela/spec_similarity_type_NIST-LC,0.0,0.0,1.0,NIST-LC,P11833,0.0030095924503604865,0.0025174116985350542,0.17149703939532815,0.000984361503650864,,0.07870407088543342,0.07564194978810113,0.9722485157335543
example/hyperparams_opt/Hela/spec_similarity_type_NIST-LC,0.0,0.0,1.0,NIST-LC,P11853,0.009697181370644134,0.008259730071980954,0.007301429206205501,0.0028749025973263597,0.0059273030365786,0.0052973263082099495,0.004609015468878204,0.9356397330418247
example/hyperparams_opt/Hela/spec_similarity_type_NIST-LC,0.0,0.0,1.0,NIST-LC,P12126,0.04089031404062594,0.008259730071980954,0.007301429206205501,0.0028749025973263597,0.0059273030365786,0.0052973263082099495,0.004609015468878204,0.9356397330418247
example/hyperparams_opt/Hela/spec_similarity_type_NIST-LC,0.0,0.0,1.0,NIST-LC,P12279,0.01650557795285549,0.016250852377522412,0.01580183085015398,0.0005094511506661507,0.010253956610337765,0.012883286519304487,0.013492458538813031,0.8629825795413278
example/hyperparams_opt/Hela/spec_similarity_type_NIST-LC,0.0,0.0,1.0,NIST-LC,P12508,0.4819744960428167,0.016250852377522412,0.01580183085015398,0.0005094511506661507,0.010253956610337765,0.012883286519304487,0.013492458538813031,0.8629825795413278
example/hyperparams_opt/Hela/spec_similarity_type_NIST-LC,0.0,0.0,1.0,NIST-LC,P12698,0.0034082316280005204,0.016250852377522412,0.01580183085015398,0.0005094511506661507,0.010253956610337765,0.012883286519304487,0.013492458538813031,0.8629825795413278
example/hyperparams_opt/Hela/spec_similarity_type_NIST-LC,0.0,0.0,1.0,NIST-LC,P12725,0.030588065550391424,0.01832109100757211,0.01580183085015398,0.024533949085638627,,0.012883286519304487,0.013492458538813031,0.6466585394787131
example/hyperparams_opt/Hela/spec_similarity_type_NIST-LC,0.0,0.0,1.0,NIST-LC,P12851,0.009211021163620858,0.008636932726014382,0.008238830316340226,0.0011481768752129515,0.0017683956666289446,,0.013492458538813031,0.9964315597127389
example/hyperparams_opt/Hela/spec_similarity_type_NIST-LC,0.0,0.0,1.0,NIST-LC,P12916,0.0,0.008636932726014382,0.008238830316340226,0.0011481768752129515,0.0017683956666289446,,0.013492458538813031,0.9964315597127389
example/hyperparams_opt/Hela/spec_similarity_type_NIST-LC,0.0,0.0,1.0,NIST-LC,P13126,0.0002879819402391542,0.008636932726014382,0.008238830316340226,0.0011481768752129515,0.0017683956666289446,,0.013492458538813031,0.9964315597127389
example/hyperparams_opt/Hela/spec_similarity_type_NIST-LC,0.0,0.0,1.0,NIST-LC,P13158,0.0,0.008636932726014382,0.008238830316340226,0.0011481768752129515,0.0017683956666289446,,0.013492458538813031,0.9964315597127389
example/hyperparams_opt/Hela/spec_similarity_type_NIST-LC,0.0,0.0,1.0,NIST-LC,P13187,0.10670958535638844,0.008636932726014382,0.008238830316340226,0.0011481768752129515,0.0017683956666289446,,0.013492458538813031,0.9964315597127389
example/hyperparams_opt/Hela/spec_similarity_type_NIST-LC,0.0,0.0,1.0,NIST-LC,P13301,0.04484931173143353,0.04484931173143353,0.043188226111750806,0.0,0.026403543345559184,0.03354363884106285,0.032622453279650465,0.8968336227848405
example/hyperparams_opt/Hela/spec_similarity_type_NIST-LC,0.0,0.0,1.0,NIST-LC,P13311,0.08567417028220588,0.07139514190183824,0.06208096482681802,0.028558056760735293,0.05956156884042769,0.04961754276880989,0.04732319436314787,0.8197526912232094
example/hyperparams_opt/Hela/spec_similarity_type_NIST-LC,0.0,0.0,1.0,NIST-LC,P13340,0.0941595581591714,0.07846629846597616,0.06831157376501097,0.03138651938639046,0.06529679385575671,0.05438837417747795,0.05190093440687525,0.8239400844994033
example/hyperparams_opt/Hela/spec_similarity_type_NIST-LC,0.0,0.0,1.0,NIST-LC,P13433,0.180046072172783,0.15003839347731918,0.13055206071898764,0.06001535739092767,0.12499467777699275,0.10411899928316248,0.09933388048890923,0.8221333547298304
example/hyperparams_opt/Hela/spec_similarity_type_NIST-LC,0.0,0.0,1.0,NIST-LC,P13444,0.0,0.15003839347731918,0.13055206071898764,0.06001535739092767,0.12499467777699275,0.10411899928316248,0.09933388048890923,0.8221333547298304
example/hyperparams_opt/Hela/spec_similarity_type_NIST-LC,0.0,0.0,1.0,NIST-LC,P13453,0.06206843801074549,0.05599797566298177,0.05374718579154248,0.012140924695527432,0.028314987787508704,0.02611756439610176,0.02638851576450698,0.9726092495926885
example/hyperparams_opt/Hela/spec_similarity_type_NIST-LC,0.0,0.0,1.0,NIST-LC,P13658,0.6132947010961096,0.4088631340640731,0.05374718579154248,0.40886313406407304,,0.02611756439610176,0.02638851576450698,0.8112781244591328
example/hyperparams_opt/Hela/spec_similarity_type_NIST-LC,0.0,0.0,1.0,NIST-LC,P13696,0.009832495781790962,0.4088631340640731,0.05374718579154248,0.40886313406407304,,0.02611756439610176,0.02638851576450698,0.8112781244591328
example/hyperparams_opt/Hela/spec_similarity_type_NIST-LC,0.0,0.0,1.0,NIST-LC,P13716,0.0018449183496215675,0.0012299455664143784,0.05374718579154248,0.0012299455664143782,,0.02611756439610176,0.02638851576450698,0.8112781244591328
example/hyperparams_opt/Hela/spec_similarity_type_NIST-LC,0.0,0.0,1.0,NIST-LC,P13777,0.0016977401028300603,0.0011318267352200403,0.05374718579154248,0.00113182673522004,,0.02611756439610176,0.02638851576450698,0.8112781244591328
example/hyperparams_opt/Hela/spec_similarity_type_NIST-LC,0.0,0.0,1.0,NIST-LC,P13892,0.2552951482514705,0.16041122436766098,0.05374718579154248,0.189767847767619,,0.02611756439610176,0.02638851576450698,0.7303429021123146
example/hyperparams_opt/Hela/spec_similarity_type_NIST-LC,0.0,0.0,1.0,NIST-LC,P13928,0.08246809196073594,0.16041122436766098,0.05374718579154248,0.189767847767619,,0.02611756439610176,0.02638851576450698,0.7303429021123146
example/hyperparams_opt/Hela/spec_similarity_type_NIST-LC,0.0,0.0,1.0,NIST-LC,P14007,0.016049201636042863,0.013773043421166573,0.01185689588678486,0.00455231642975258,0.012311111431464553,0.012178208523309822,0.011059478437856485,0.8098640724932318
example/hyperparams_opt/Hela/spec_similarity_type_NIST-LC,0.0,0.0,1.0,NIST-LC,P14100,0.01766411718655493,0.015158925566778645,0.01304996990894492,0.005010383239552574,0.013549889891952573,0.013403613921513841,0.012172314086312516,0.8098640724932318
example/hyperparams_opt/Hela/spec_similarity_type_NIST-LC,0.0,0.0,1.0,NIST-LC,P14382,0.3619489550793091,0.015158925566778645,0.01304996990894492,0.005010383239552574,0.013549889891952573,0.013403613921513841,0.012172314086312516,0.8098640724932318
example/hyperparams_opt/Hela/spec_similarity_type_NIST-LC,0.0,0.0,1.0,NIST-LC,P15281,0.0,0.015158925566778645,0.01304996990894492,0.005010383239552574,0.013549889891952573,0.013403613921513841,0.012172314086312516,0.8098640724932318
example/hyperparams_opt/Hela/spec_similarity_type_NIST-LC,0.0,0.0,1.0,NIST-LC,P15315,0.0012310612972305263,0.0010771786350767107,0.001025884414358772,0.0003077653243076315,0.0004770362526768289,0.0003795772333127457,0.00034880070088198246,0.9857884680629542
example/hyperparams_opt/Hela/spec_similarity_type_NIST-LC,0.0,0.0,1.0,NIST-LC,P15331,0.0016564519737521152,0.0014493954770331008,0.0013803766447934294,0.0004141129934380288,0.0006418751398289445,0.0005107393585735688,0.00046932805922976603,0.9857884680629542
example/hyperparams_opt/Hela/spec_similarity_type_NIST-LC,0.0,0.0,1.0,NIST-LC,P15364,0.0012310612972305263,0.0010771786350767107,0.001025884414358772,0.0003077653243076315,0.0004770362526768289,0.0003795772333127457,0.00034880070088198246,0.9857884680629542
example/hyperparams_opt/Hela/spec_similarity_type_NIST-LC,0.0,0.0,1.0,NIST-LC,P15501,0.07999137037265663,0.07427770106032403,0.0695163099667135,0.011427338624665231,0.0631755100010076,0.07185439649128948,0.06721121537665625,0.6915964485745825
example/hyperparams_opt/Hela/spec_similarity_type_NIST-LC,0.0,0.0,1.0,NIST-LC,P15544,0.09290722780994887,0.07742268984162405,0.06709966452940751,0.030969075936649625,0.04645361390497443,,0.06721121537665625,0.962947015626608
example/hyperparams_opt/Hela/spec_similarity_type_NIST-LC,0.0,0.0,1.0,NIST-LC,P15660,0.0009060836422468924,0.07742268984162405,0.06709966452940751,0.030969075936649625,0.04645361390497443,,0.06721121537665625,0.962947015626608
example/hyperparams_opt/Hela/spec_similarity_type_NIST-LC,0.0,0.0,1.0,NIST-LC,P15688,0.008933232600270584,0.00854236673995884,0.06709966452940751,0.0007817317206234888,,,0.06721121537665625,0.9984892408308418
example/hyperparams_opt/Hela/spec_similarity_type_NIST-LC,0.0,0.0,1.0,NIST-LC,P15696,0.0,0.00854236673995884,0.06709966452940751,0.0007817317206234888,,,0.06721121537665625,0.9984892408308418
example/hyperparams_opt/Hela/spec_similarity_type_NIST-LC,0.0,0.0,1.0,NIST-LC,P15698,0.11764361232390443,0.0980363436032537,0.08496483112281987,0.039214537441301475,0.05882180616195221,,0.06721121537665625,0.962947015626608
example/hyperparams_opt/Hela/spec_similarity_type_NIST-LC,0.0,0.0,1.0,NIST-LC,P15707,0.03407620562387643,0.030530030720021636,0.08496483112281987,0.0070923498077095845,,,0.06721121537665625,0.9902458119308194
example/hyperparams_opt/Hela/spec_similarity_type_NIST-LC,0.0,0.0,1.0,NIST-LC,P15757,0.05165037729760625,0.027005298740269246,0.08496483112281987,0.04929015711467401,,,0.06721121537665625,0.25900310949085087
example/hyperparams_opt/Hela/spec_similarity_type_NIST-LC,0.0,0.0,1.0,NIST-LC,P15766,0.059407222233704024,0.059407222233704024,0.05928171150815865,0.0,0.0041621714827321105,0.005424051251430771,0.006154090456797538,0.9993213210420744
example/hyperparams_opt/Hela/spec_similarity_type_NIST-LC,0.0,0.0,1.0,NIST-LC,P15787,0.07217257293664868,0.0362339872583648,0.024246253099490148,0.07187717135656777,0.07190178815490783,,0.006154090456797538,0.04636526570097286
example/hyperparams_opt/Hela/spec_similarity_type_NIST-LC,0.0,0.0,1.0,NIST-LC,P15797,0.009133402231319752,0.008679073796285925,0.007844874591816075,0.0009086568700676523,0.0046796330198867146,0.004799540242000666,0.004339712683240965,0.9592858436016312
example/hyperparams_opt/Hela/spec_similarity_type_NIST-LC,0.0,0.0,1.0,NIST-LC,P15819,0.022166279175020658,0.020178905376397858,0.018747878252228043,0.003974747597245601,0.007208010520516202,0.0053752292801240616,0.004160631737477169,0.9950784453067435
example/hyperparams_opt/Hela/spec_similarity_type_NIST-LC,0.0,0.0,1.0,NIST-LC,P15888,0.05540792004856455,0.047905283384020406,0.03366887226623022,0.015005273329088284,0.0502118700179147,,0.004160631737477169,0.7723836035733517
example/hyperparams_opt/Hela/spec_similarity_type_NIST-LC,0.0,0.0,1.0,NIST-LC,P15901,0.02754810241197501,0.027044878408389046,0.03366887226623022,0.0010064480071719298,,,0.004160631737477169,0.9997502403730391
example/hyperparams_opt/Hela/spec_similarity_type_NIST-LC,0.0,0.0,1.0,NIST-LC,P15904,0.014138768784580726,0.013097640795026441,0.012610357203441266,0.0020822559791085684,0.0044466365184058654,0.0040533944468836,0.003735619644329103,0.9909366134752466
example/hyperparams_opt/Hela/spec_similarity_type_NIST-LC,0.0,0.0,1.0,NIST-LC,P15950,0.08710892331958535,0.07912574202550073,0.07646468159413917,0.015966362588169247,0.015966362588169247,,0.003735619644329103,0.9956826588384103
example/hyperparams_opt/Hela/spec_similarity_type_NIST-LC,0.0,0.0,1.0,NIST-LC,P15968,0.1878558760717262,0.15769849744544523,0.1467939054116242,0.06031475725256197,0.0777280338283154,0.049693066502116065,0.040591190286845186,0.9911209513817373
example/hyperparams_opt/Hela/spec_similarity_type_NIST-LC,0.0,0.0,1.0,NIST-LC,P15984,0.06305887038838068,0.051987162007605565,0.1467939054116242,0.022143416761550225,,0.049693066502116065,0.040591190286845186,0.9670304638713256
example/hyperparams_opt/Hela/spec_similarity_type_NIST-LC,0.0,0.0,1.0,NIST-LC,P15988,0.07023979173128617,0.03555712209457785,0.1467939054116242,0.06936533927341663,,0.049693066502116065,0.040591190286845186,0.0956590113459479
example/hyperparams_opt/Hela/spec_similarity_type_NIST-LC,0.0,0.0,1.0,NIST-LC,P15998,0.4029488443668595,0.39181571131439,0.3880962177325224,0.02226626610493898,0.0650579822037669,0.06105257721891316,0.06655404423660255,0.9976845523894907
example/hyperparams_opt/Hela/spec_similarity_type_NIST-LC,0.0,0.0,1.0,NIST-LC,P16084,0.09390276499858145,0.07097075998264896,0.06316049594402842,0.045864010031865,0.079762394210858,0.06796358822128014,0.060487232047948813,0.686258195340581
example/hyperparams_opt/Hela/spec_similarity_type_NIST-LC,0.0,0.0,1.0,NIST-LC,P16094,0.010909142211803433,0.010697253111922801,0.010595463061693377,0.0004237781997612645,0.0030138450225847026,0.0031586110329920427,0.00319823364179443,0.9927860673306275
example/hyperparams_opt/Hela/spec_similarity_type_NIST-LC,0.0,0.0,1.0,NIST-LC,P16104,0.2256822810242876,0.21627834302442395,0.2068744050245603,0.018807875999727303,0.1245462175205673,0.14411910136107453,0.1562565277812941,0.8850775767993413
example/hyperparams_opt/Hela/spec_similarity_type_NIST-LC,0.0,0.0,1.0,NIST-LC,P16132,0.15011568337820072,0.12927687350893846,0.2068744050245603,0.041677619738524505,,0.14411910136107453,0.1562565277812941,0.9811745597487598
example/hyperparams_opt/Hela/spec_similarity_type_NIST-LC,0.0,0.0,1.0,NIST-LC,P16158,0.16507968120363367,0.165056275800884,0.16474649513184425,4.681080549931438e-05,0.0336989784468415,0.03835360604937363,0.04428120272070962,0.990342731471874
example/hyperparams_opt/Hela/spec_similarity_type_NIST-LC,0.0,0.0,1.0,NIST-LC,P16161,0.06010380001094239,0.05543555461138213,0.051602509835914766,0.009336490799120523,0.043488487417689126,0.04792727791537112,0.04444383658386568,0.821218966996266
example/hyperparams_opt/Hela/spec_similarity_type_NIST-LC,0.0,0.0,1.0,NIST-LC,P16168,0.007233478935086165,0.007233478935086165,0.007080660595540366,0.0,0.0034532984798974053,0.003952439056774074,0.004236240116103626,0.9174089314505323
example/hyperparams_opt/Hela/spec_similarity_type_NIST-LC,0.0,0.0,1.0,NIST-LC,P16172,0.2257978767642244,0.20711956365154016,0.18844125053885596,0.03735662622536842,0.10995241566156726,0.10302049028582654,0.10422410587612724,0.9610385945763029
example/hyperparams_opt/Hela/spec_similarity_type_NIST-LC,0.0,0.0,1.0,NIST-LC,P16219,0.011429584322490435,0.011373693062138288,0.011160513640276712,0.00011178252070429343,0.0021059655971663715,0.0022515794898470085,0.002287772444332528,0.9909824830548886
example/hyperparams_opt/Hela/spec_similarity_type_NIST-LC,0.0,0.0,1.0,NIST-LC,P16229,0.07434096250066553,0.0698084788119098,0.06717277741031967,0.009064967377511474,0.05253855893921429,0.06137239893235459,0.06215937986868623,0.7973466627387022
example/hyperparams_opt/Hela/spec_similarity_type_NIST-LC,0.0,0.0,1.0,NIST-LC,P16251,0.045258354267813584,0.03635556630759873,0.06717277741031967,0.017805575920429716,,0.06137239893235459,0.06215937986868623,0.9563001169032022
example/hyperparams_opt/Hela/spec_similarity_type_NIST-LC,0.0,0.0,1.0,NIST-LC,P16265,0.050680882758179766,0.03635556630759873,0.06717277741031967,0.017805575920429716,,0.06137239893235459,0.06215937986868623,0.9563001169032022
example/hyperparams_opt/Hela/spec_similarity_type_NIST-LC,0.0,0.0,1.0,NIST-LC,P16366,0.15897572767595528,0.13843253128850347,0.06717277741031967,0.041086392774903585,,0.06137239893235459,0.06215937986868623,0.9840555510576986
example/hyperparams_opt/Hela/spec_similarity_type_NIST-LC,0.0,0.0,1.0,NIST-LC,P16419,0.0,0.13843253128850347,0.06717277741031967,0.041086392774903585,,0.06137239893235459,0.06215937986868623,0.9840555510576986
example/hyperparams_opt/Hela/spec_similarity_type_NIST-LC,0.0,0.0,1.0,NIST-LC,P16430,0.2209394532690867,0.20133529121038185,0.1874856727257089,0.03920832411740971,0.09055926060078101,0.08075717957142858,0.07787990778441262,0.9812468683185014
example/hyperparams_opt/Hela/spec_similarity_type_NIST-LC,0.0,0.0,1.0,NIST-LC,P16515,0.04378561792659739,0.02479629133049123,0.1874856727257089,0.03797865319221232,,0.08075717957142858,0.07787990778441262,0.5209478520721245
example/hyperparams_opt/Hela/spec_similarity_type_NIST-LC,0.0,0.0,1.0,NIST-LC,P16526,0.05625464830381668,0.02479629133049123,0.1874856727257089,0.03797865319221232,,0.08075717957142858,0.07787990778441262,0.5209478520721245
example/hyperparams_opt/Hela/spec_similarity_type_NIST-LC,0.0,0.0,1.0,NIST-LC,P16528,0.2332771163268637,0.20561546975117725,0.1905701781448048,0.05532329315137291,0.0997901148343209,0.07598455303570831,0.06311717073559034,0.989204073089334
example/hyperparams_opt/Hela/spec_similarity_type_NIST-LC,0.0,0.0,1.0,NIST-LC,P16593,0.4586902059669107,0.4512663218228733,0.4119653139782898,0.01484776828807477,0.2938143115919031,0.31447166143355154,0.2890588406849045,0.8829372389845709
example/hyperparams_opt/Hela/spec_similarity_type_NIST-LC,0.0,0.0,1.0,NIST-LC,P16621,0.035549892782521055,0.032530371757676035,0.030864342071469347,0.006039042049690042,0.021101396740550685,0.01995098809528932,0.020404230284327377,0.886671538073959
example/hyperparams_opt/Hela/spec_similarity_type_NIST-LC,0.0,0.0,1.0,NIST-LC,P16703,0.06749813033080188,0.06580070120695203,0.05596553708835992,0.0033948582476997086,0.03120292147962616,,0.020404230284327377,0.9694683105444809
example/hyperparams_opt/Hela/spec_similarity_type_NIST-LC,0.0,0.0,1.0,NIST-LC,P16708,0.15976647243843428,0.15976647243843428,0.15976647243843428,0.0,0.04695944828547226,0.05366794089768259,0.05790201609914036,0.9889516557028104
example/hyperparams_opt/Hela/spec_similarity_type_NIST-LC,0.0,0.0,1.0,NIST-LC,P16728,0.1503531562109223,0.1228706572694579,0.15976647243843428,0.05496499788292879,,0.05366794089768259,0.05790201609914036,0.9636050920037088
example/hyperparams_opt/Hela/spec_similarity_type_NIST-LC,0.0,0.0,1.0,NIST-LC,P16743,0.03011533608841071,0.021000539537476944,0.15976647243843428,0.01822959310186753,,0.05366794089768259,0.05790201609914036,0.8594884287722162
example/hyperparams_opt/Hela/spec_similarity_type_NIST-LC,0.0,0.0,1.0,NIST-LC,P16795,0.20163666595223617,0.19281531171137517,0.1890566005332607,0.017642708481721975,0.020097487775204315,,0.05790201609914036,0.998989829997564
example/hyperparams_opt/Hela/spec_similarity_type_NIST-LC,0.0,0.0,1.0,NIST-LC,P16808,0.04211890825738155,0.039599599464138324,0.1890566005332607,0.005038617586486459,,,0.05790201609914036,0.9970784111249422
example/hyperparams_opt/Hela/spec_similarity_type_NIST-LC,0.0,0.0,1.0,NIST-LC,P16865,0.1813316068918901,0.16068843444444542,0.1521711089018604,0.04128634489488939,0.06595411557423761,0.051897265293138886,0.054167674532337215,0.9860332363064642
example/hyperparams_opt/Hela/spec_similarity_type_NIST-LC,0.0,0.0,1.0,NIST-LC,P16866,0.17562607547535228,0.1553813293441224,0.1521711089018604,0.04048949226245971,,0.051897265293138886,0.054167674532337215,0.9877197573099776
example/hyperparams_opt/Hela/spec_similarity_type_NIST-LC,0.0,0.0,1.0,NIST-LC,P16871,0.27804720642350295,0.26965317784959897,0.25675089033970444,0.0167880571478079,0.07751041614275006,0.07925289591523357,0.07680641377365593,0.9918275979718396
example/hyperparams_opt/Hela/spec_similarity_type_NIST-LC,0.0,0.0,1.0,NIST-LC,P16936,0.06175950562085254,0.05619133317127503,0.05396832864466311,0.01113634489915502,0.026301193334465692,0.02274216478560996,0.022672936644370187,0.9772455476486199
example/hyperparams_opt/Hela/spec_similarity_type_NIST-LC,0.0,0.0,1.0,NIST-LC,P16944,0.05300994456410975,0.045681584385048365,0.04040850684174458,0.014656720358122759,0.04119741109113727,0.03988565700613074,0.03498577519449879,0.8097687299027293
example/hyperparams_opt/Hela/spec_similarity_type_NIST-LC,0.0,0.0,1.0,NIST-LC,P16958,0.22734853058847615,0.22308891879977558,0.21882930701107503,0.008519223577401147,0.054909872524705305,0.06327406919263909,0.06852107047378114,0.9909007421419337
example/hyperparams_opt/Hela/spec_similarity_type_NIST-LC,0.0,0.0,1.0,NIST-LC,P16966,0.0055315161090960865,0.005519517333177933,0.004842717312190431,2.3997551836306245e-05,0.0023338490795396963,0.002613300544280581,,0.9729991697312697
example/hyperparams_opt/Hela/spec_similarity_type_NIST-LC,0.0,0.0,1.0,NIST-LC,P16971,0.21672824839108495,0.2138744490124995,0.21102064963391406,0.0057075987571709175,0.04482724024601337,0.05311078844465178,0.057966012388617344,0.9932670391587296
example/hyperparams_opt/Hela/spec_similarity_type_NIST-LC,0.0,0.0,1.0,NIST-LC,P16994,0.006286327096045087,0.005451855397372182,0.21102064963391406,0.0016689433973458108,,0.05311078844465178,0.057966012388617344,0.9830336816264023
example/hyperparams_opt/Hela/spec_similarity_type_NIST-LC,0.0,0.0,1.0,NIST-LC,P17008,0.21574247995734067,0.21558830112352098,0.21553690817891444,0.00030835766763936956,0.037104986748422164,0.04220746921185714,0.04698248069272731,0.9933607275208003
example/hyperparams_opt/Hela/spec_similarity_type_NIST-LC,0.0,0.0,1.0,NIST-LC,P17021,0.187532761568211,0.16805218821470067,0.21553690817891444,0.038961146707020666,,0.04220746921185714,0.04698248069272731,0.9902851417723066
example/hyperparams_opt/Hela/spec_similarity_type_NIST-LC,0.0,0.0,1.0,NIST-LC,P17027,0.24780234453573083,0.23052361653055592,0.214470309775028,0.03455745601034982,0.10757222100018862,0.09631257481336084,0.08252513448057083,0.9868921197840396
example/hyperparams_opt/Hela/spec_similarity_type_NIST-LC,0.0,0.0,1.0,NIST-LC,P17037,0.03509831173213348,0.03194298106933525,0.030271999299100974,0.006310661325596462,0.010551909525036214,0.008191123379416371,0.007969504489217561,0.9924929171328571
example/hyperparams_opt/Hela/spec_similarity_type_NIST-LC,0.0,0.0,1.0,NIST-LC,P17078,0.2033289416143368,0.19893468096447287,0.19454042031460897,0.00878852129972782,0.06485912340911934,0.07622555636247667,0.08300733800162133,0.9803483483441681
example/hyperparams_opt/Hela/spec_similarity_type_NIST-LC,0.0,0.0,1.0,NIST-LC,P17182,0.14569797717730493,0.14569797717730493,0.14329558842168358,0.0,0.029297370350309423,0.032453113790801624,0.032089384269337315,0.9954790141310267
example/hyperparams_opt/Hela/spec_similarity_type_NIST-LC,0.0,0.0,1.0,NIST-LC,P17194,0.09967936869632049,0.14569797717730493,0.14329558842168358,0.0,0.029297370350309423,0.032453113790801624,0.032089384269337315,0.9954790141310267
example/hyperparams_opt/Hela/spec_similarity_type_NIST-LC,0.0,0.0,1.0,NIST-LC,P17204,0.24807896740344404,0.241900638712643,0.22860060032780968,0.012356657381602104,0.08438768720215034,0.08368210756232777,0.07720801869434951,0.9904633159389191
example/hyperparams_opt/Hela/spec_similarity_type_NIST-LC,0.0,0.0,1.0,NIST-LC,P17205,0.16423591103897725,0.10016004392961711,0.22860060032780968,0.12815173421872028,,0.08368210756232777,0.07720801869434951,0.6803670234600719
example/hyperparams_opt/Hela/spec_similarity_type_NIST-LC,0.0,0.0,1.0,NIST-LC,P17221,0.13398746662095984,0.1335160915925806,0.1287527769499227,0.000942750056758479,0.06590368256689302,0.07273835948287666,0.07651213352480082,0.9270752178012359
example/hyperparams_opt/Hela/spec_similarity_type_NIST-LC,0.0,0.0,1.0,NIST-LC,P17293,0.002255021936178336,0.0011735960864104314,0.1287527769499227,0.0021628516995358094,,0.07273835948287666,0.07651213352480082,0.23892723627765927
example/hyperparams_opt/Hela/spec_similarity_type_NIST-LC,0.0,0.0,1.0,NIST-LC,P17316,0.18172541716988236,0.16270172608757902,0.1287527769499227,0.03804738216460668,,0.07273835948287666,0.07651213352480082,0.9901157514625766
example/hyperparams_opt/Hela/spec_similarity_type_NIST-LC,0.0,0.0,1.0,NIST-LC,P17403,0.4794492783168959,0.38353155682641593,0.3419103058986064,0.19183544298095995,0.28729238452434064,0.21354496645067136,0.18277847725771756,0.9522858311195763
example/hyperparams_opt/Hela/spec_similarity_type_NIST-LC,0.0,0.0,1.0,NIST-LC,P17416,0.0001717147816983213,0.00016910732864015856,0.00016823817762077098,5.214906116325494e-06,4.415463560328853e-05,4.803713745961964e-05,5.521094209725834e-05,0.9804993158744196
example/hyperparams_opt/Hela/spec_similarity_type_NIST-LC,0.0,0.0,1.0,NIST-LC,P17509,0.4160924112943259,0.4160924112943259,0.36314943895761936,0.0,0.1972426068140938,0.20273027678609012,0.15710419774537862,0.9781868255631336
example/hyperparams_opt/Hela/spec_similarity_type_NIST-LC,0.0,0.0,1.0,NIST-LC,P17537,0.1339198377361806,0.13390704849421786,0.12942259156954003,2.55784839255091e-05,0.06848779997620946,0.07633524501427717,0.08085849609600451,0.9109832371163153
example/hyperparams_opt/Hela/spec_similarity_type_NIST-LC,0.0,0.0,1.0,NIST-LC,P17563,0.0027288295680960822,0.002594015749594928,0.002480525062299724,0.00026962763700230825,0.0019259220537931059,0.0022746536264273984,0.002202061337051106,0.8084321643091099
example/hyperparams_opt/Hela/spec_similarity_type_NIST-LC,0.0,0.0,1.0,NIST-LC,P17577,0.032115458831828855,0.029388811271336045,0.028064885120391417,0.005453295120985621,0.008964011806497318,0.006992559510394715,0.0065896728020899825,0.9935524167704533
example/hyperparams_opt/Hela/spec_similarity_type_NIST-LC,0.0,0.0,1.0,NIST-LC,P17594,0.20446876137682055,0.11859635242414152,0.028064885120391417,0.17174481790535806,,0.006992559510394715,0.0065896728020899825,0.5788805386145484
example/hyperparams_opt/Hela/spec_similarity_type_NIST-LC,0.0,0.0,1.0,NIST-LC,P17654,0.1645146214749314,0.15924880604230027,0.15723025077740013,0.010531630865262265,0.03815723890909942,0.03672510314529227,0.039569945337516635,0.9948048450900017
example/hyperparams_opt/Hela/spec_similarity_type_NIST-LC,0.0,0.0,1.0,NIST-LC,P17657,0.2827048397361775,0.27334132257460786,0.2595784785298635,0.018727034323139324,0.09544562975065188,0.09248119551120357,0.08434769412403795,0.9916687345054066
example/hyperparams_opt/Hela/spec_similarity_type_NIST-LC,0.0,0.0,1.0,NIST-LC,P17662,0.28620565013193583,0.2285992595879955,0.184777248166187,0.11521278108788063,0.21057546532149318,0.160136754948262,0.11915678781292775,0.9016318013837801
example/hyperparams_opt/Hela/spec_similarity_type_NIST-LC,0.0,0.0,1.0,NIST-LC,P17757,0.18565191886273036,0.1547104382488733,0.135856195053002,0.06188296122771414,0.08750421020147092,,0.11915678781292775,0.9675455544154538
example/hyperparams_opt/Hela/spec_similarity_type_NIST-LC,0.0,0.0,1.0,NIST-LC,P17771,0.05844960712447732,0.05554361286017717,0.05312122874774646,0.005811988528600293,0.010173146601592277,,0.11915678781292775,0.997207561802343
example/hyperparams_opt/Hela/spec_similarity_type_NIST-LC,0.0,0.0,1.0,NIST-LC,P17809,0.034916581795102056,0.03346325786507477,0.032524951382643164,0.0029066478600545606,0.00938275616269682,0.009634269827794441,0.009345560140892412,0.9925313679249567
example/hyperparams_opt/Hela/spec_similarity_type_NIST-LC,0.0,0.0,1.0,NIST-LC,P17810,0.162719853882669,0.15238391947829777,0.14582843502117035,0.020671868808742444,0.09246243492522131,0.0910493643993455,0.09529559964685191,0.886590673520556
example/hyperparams_opt/Hela/spec_similarity_type_NIST-LC,0.0,0.0,1.0,NIST-LC,P17828,0.16158397673895594,0.08291072929286517,0.05538128295524806,0.15734649489218155,0.1612615864589421,,0.09529559964685191,0.12084101032895968
example/hyperparams_opt/Hela/spec_similarity_type_NIST-LC,0.0,0.0,1.0,NIST-LC,P17862,0.4713354277792,0.35350157083440004,0.2970082903622694,0.2356677138896,0.3875699178413017,0.3198641706365566,0.27009837020399463,0.7732970410502382
example/hyperparams_opt/Hela/spec_similarity_type_NIST-LC,0.0,0.0,1.0,NIST-LC,P17905,0.47849079577574527,0.358868096831809,0.3012077417977798,0.23924539788787264,0.3945367020287773,0.32588047207621773,0.2748176419933068,0.7699316096221902
example/hyperparams_opt/Hela/spec_similarity_type_NIST-LC,0.0,0.0,1.0,NIST-LC,P17915,0.2341202637714148,0.23155771308857026,0.23070352952762208,0.005125101365689055,0.15307940985711183,0.1751759105895044,0.18693380072291846,0.8245836316026462
example/hyperparams_opt/Hela/spec_similarity_type_NIST-LC,0.0,0.0,1.0,NIST-LC,P17930,0.18260503630496439,0.16171546898923395,0.15475227988399046,0.04177913463146088,0.0696662816370138,0.052760592464933795,0.04887363018322008,0.9911574037130219
example/hyperparams_opt/Hela/spec_similarity_type_NIST-LC,0.0,0.0,1.0,NIST-LC,P1795,0.0027681432016746525,0.00269742555275854,0.002194664305191866,0.0001414352978322251,0.0015790013916161345,,0.04887363018322008,0.9466436053101233
example/hyperparams_opt/Hela/spec_similarity_type_NIST-LC,0.0,0.0,1.0,NIST-LC,P17960,0.05094775557341745,0.03578763213317185,0.002194664305191866,0.030320246880491203,,,0.04887363018322008,0.8663759096292172
example/hyperparams_opt/Hela/spec_similarity_type_NIST-LC,0.0,0.0,1.0,NIST-LC,P17978,0.23324302853976386,0.22098050247677248,0.1920170530258901,0.0245250521259828,0.15814979572762417,0.16555291010196127,0.1487891243038054,0.8820259638193676
example/hyperparams_opt/Hela/spec_similarity_type_NIST-LC,0.0,0.0,1.0,NIST-LC,P17993,0.19953232025059306,0.16974767324437845,0.1920170530258901,0.05956929401242919,,0.16555291010196127,0.1487891243038054,0.9776759827091558
example/hyperparams_opt/Hela/spec_similarity_type_NIST-LC,0.0,0.0,1.0,NIST-LC,P18000,0.08627328006736423,0.04549252766260824,0.1920170530258901,0.08156150480951199,,0.16555291010196127,0.1487891243038054,0.2939369201728189
example/hyperparams_opt/Hela/spec_similarity_type_NIST-LC,0.0,0.0,1.0,NIST-LC,P18061,0.3763716184824131,0.3209418155941961,0.28595365903280573,0.11085960577643394,0.21031288075451623,0.16320284589665396,0.13986236457776016,0.9664059614499397
example/hyperparams_opt/Hela/spec_similarity_type_NIST-LC,0.0,0.0,1.0,NIST-LC,P18063,0.18303559437914615,0.16471304284231797,0.15860552566337524,0.03664510307365637,0.08711250599189835,0.07599958344339043,0.0758866014916854,0.9674524239212252
example/hyperparams_opt/Hela/spec_similarity_type_NIST-LC,0.0,0.0,1.0,NIST-LC,P18091,0.18676386203838494,0.1771839188600684,0.15296508633433223,0.01915988635663307,0.131295335134133,0.13806835674868576,0.13162661797948513,0.8519277234707863
example/hyperparams_opt/Hela/spec_similarity_type_NIST-LC,0.0,0.0,1.0,NIST-LC,P18099,0.21109302634958288,0.19169991004333486,0.18516141440471454,0.03878623261249606,0.11275181526686381,0.10389344353843791,0.11098632519272005,0.9036070929869006
example/hyperparams_opt/Hela/spec_similarity_type_NIST-LC,0.0,0.0,1.0,NIST-LC,P18124,0.0,0.19169991004333486,0.18516141440471454,0.03878623261249606,0.11275181526686381,0.10389344353843791,0.11098632519272005,0.9036070929869006
example/hyperparams_opt/Hela/spec_similarity_type_NIST-LC,0.0,0.0,1.0,NIST-LC,P18138,0.0514800145447515,0.05135974980099921,0.04857384480995806,0.00024052948750458159,0.01157749647782999,0.012490403987729125,0.011742342370282259,0.9948432556897007
example/hyperparams_opt/Hela/spec_similarity_type_NIST-LC,0.0,0.0,1.0,NIST-LC,P18165,5.330136946838781e-05,0.05135974980099921,0.04857384480995806,0.00024052948750458159,0.01157749647782999,0.012490403987729125,0.011742342370282259,0.9948432556897007
example/hyperparams_opt/Hela/spec_similarity_type_NIST-LC,0.0,0.0,1.0,NIST-LC,P18199,0.15996746195232564,0.08654080789396504,0.04857384480995806,0.1468533081167212,,0.012490403987729125,0.011742342370282259,0.3870912487617276
example/hyperparams_opt/Hela/spec_similarity_type_NIST-LC,0.0,0.0,1.0,NIST-LC,P18243,0.08066111345126781,0.07695059036816354,0.07346568165496277,0.00742104616620852,0.02582934247984458,0.023785118433474313,0.021546600363042998,0.993126357403972
example/hyperparams_opt/Hela/spec_similarity_type_NIST-LC,0.0,0.0,1.0,NIST-LC,P18286,0.2367421865358638,0.19728515544655317,0.17157317324764154,0.07891406217862126,0.1947167662727173,0.19432162947674259,0.16920235247179308,0.6941353361184637
example/hyperparams_opt/Hela/spec_similarity_type_NIST-LC,0.0,0.0,1.0,NIST-LC,P18325,0.0016548852049625708,0.0014706689211481175,0.0012730391818695306,0.0003684325676289069,0.000777105501650214,,0.16920235247179308,0.9710964204397337
example/hyperparams_opt/Hela/spec_similarity_type_NIST-LC,0.0,0.0,1.0,NIST-LC,P18338,0.1485055316544664,0.14005170677457274,0.12393389418415068,0.016907649759787313,0.08477415983833916,0.0856426340208386,0.08202635963702347,0.9393582705109152
example/hyperparams_opt/Hela/spec_similarity_type_NIST-LC,0.0,0.0,1.0,NIST-LC,P18384,0.0026390386845181334,0.0021991989037651112,0.0019059723832630963,0.0008796795615060445,0.0013195193422590667,,0.08202635963702347,0.962947015626608
example/hyperparams_opt/Hela/spec_similarity_type_NIST-LC,0.0,0.0,1.0,NIST-LC,P18386,0.2696868531626566,0.2498402388357427,0.24322470072677138,0.03969322865382785,0.1719912418475461,0.17419429638625192,0.17986545689882052,0.8953860994605995
example/hyperparams_opt/Hela/spec_similarity_type_NIST-LC,0.0,0.0,1.0,NIST-LC,P18429,0.01160019858569942,0.010466379410212168,0.009788095893013077,0.0022676383509745053,0.005141540857272723,0.004665345391848204,0.0041835814660943806,0.9778687210604188
example/hyperparams_opt/Hela/spec_similarity_type_NIST-LC,0.0,0.0,1.0,NIST-LC,P18482,0.16304184409924394,0.13695189421927617,0.12532281439976214,0.05217989975993556,0.07965166081059927,0.059786534754661294,0.05552543109370223,0.9723799690401723
example/hyperparams_opt/Hela/spec_similarity_type_NIST-LC,0.0,0.0,1.0,NIST-LC,P18484,0.0,0.13695189421927617,0.12532281439976214,0.05217989975993556,0.07965166081059927,0.059786534754661294,0.05552543109370223,0.9723799690401723
example/hyperparams_opt/Hela/spec_similarity_type_NIST-LC,0.0,0.0,1.0,NIST-LC,P1852,0.00047942892739001407,0.0003202162643483035,0.12532281439976214,0.0003184253260834211,,0.059786534754661294,0.05552543109370223,0.8134867474766028
example/hyperparams_opt/Hela/spec_similarity_type_NIST-LC,0.0,0.0,1.0,NIST-LC,P18591,0.004216129642045998,0.003902016142607868,0.0036553765055834116,0.0006282269988762594,0.0013262350603500997,0.0011028557775248364,0.0009898873042361546,0.9923267625806802
example/hyperparams_opt/Hela/spec_similarity_type_NIST-LC,0.0,0.0,1.0,NIST-LC,P18609,0.008331897802406665,0.008139630303087286,0.007765154086429984,0.00038453499863875563,0.0013156961492912875,,0.0009898873042361546,0.9976689911170882
example/hyperparams_opt/Hela/spec_similarity_type_NIST-LC,0.0,0.0,1.0,NIST-LC,P18615,0.0059282829085223546,0.008139630303087286,0.007765154086429984,0.00038453499863875563,0.0013156961492912875,,0.0009898873042361546,0.9976689911170882
example/hyperparams_opt/Hela/spec_similarity_type_NIST-LC,0.0,0.0,1.0,NIST-LC,P18684,0.13065717191048784,0.12499689109360598,0.12082007049466474,0.011320561633763715,0.018190742613705596,,0.0009898873042361546,0.9982550373478513
example/hyperparams_opt/Hela/spec_similarity_type_NIST-LC,0.0,0.0,1.0,NIST-LC,P18700,0.02850171810108141,0.015251184496071704,0.12082007049466474,0.02650106721001941,,,0.0009898873042361546,0.3492466402638631
example/hyperparams_opt/Hela/spec_similarity_type_NIST-LC,0.0,0.0,1.0,NIST-LC,P18716,0.10096757514801935,0.07572568136101451,0.06731171676534624,0.050483787574009675,0.050483787574009675,,0.0009898873042361546,0.9463946303571862
example/hyperparams_opt/Hela/spec_similarity_type_NIST-LC,0.0,0.0,1.0,NIST-LC,P18732,0.0004413597974948614,0.0004413597974948614,0.00044135979749486133,0.0,0.00017864563231934864,0.0002084199043725734,0.0002501038852470881,0.9587234411361526
example/hyperparams_opt/Hela/spec_similarity_type_NIST-LC,0.0,0.0,1.0,NIST-LC,P18749,0.029795991544411687,0.029795991544411687,0.027319038799772665,0.0,0.017287327388888916,0.02057281710721287,0.021444185081340737,0.907047934831882
example/hyperparams_opt/Hela/spec_similarity_type_NIST-LC,0.0,0.0,1.0,NIST-LC,P18750,0.009193673101104128,0.00735525833876292,0.006435784409359301,0.003676829524682415,0.0064347182164272414,0.005515244287023622,0.004595770357620002,0.8917085487627412
example/hyperparams_opt/Hela/spec_similarity_type_NIST-LC,0.0,0.0,1.0,NIST-LC,P18755,0.23855918228554995,0.1990482160582963,0.18571196232454198,0.07902193245450725,0.18479933820552477,0.1979281773667752,0.1849652698635279,0.6856288851495113
example/hyperparams_opt/Hela/spec_similarity_type_NIST-LC,0.0,0.0,1.0,NIST-LC,P18773,0.2666310754178387,0.21302443716567376,0.19515555774828544,0.10721327650432985,0.15979020001314503,0.11494638234578262,0.104681009766807,0.9580979358957872
example/hyperparams_opt/Hela/spec_similarity_type_NIST-LC,0.0,0.0,1.0,NIST-LC,P18800,0.2009909640765316,0.1876521236597346,0.1697660744568301,0.02667768083359398,0.09584734460498308,0.09693368247792238,0.10928711366895527,0.9588245676863711
example/hyperparams_opt/Hela/spec_similarity_type_NIST-LC,0.0,0.0,1.0,NIST-LC,P18805,0.006129115400736085,0.005271295130936727,0.004535715987413832,0.0017156405395987147,0.004392035147159233,0.00419795360075547,0.003615708961544183,0.8741452870828151
example/hyperparams_opt/Hela/spec_similarity_type_NIST-LC,0.0,0.0,1.0,NIST-LC,P18807,0.09049892314439255,0.07874778372669591,0.004535715987413832,0.023502278835393256,,0.00419795360075547,0.003615708961544183,0.983876804001544
example/hyperparams_opt/Hela/spec_similarity_type_NIST-LC,0.0,0.0,1.0,NIST-LC,P18811,0.04106282758088999,0.03784510428420126,0.03512360694780441,0.00643544659337747,0.027942378881850402,0.030244710110485382,0.029005687470110668,0.8665830473559942
example/hyperparams_opt/Hela/spec_similarity_type_NIST-LC,0.0,0.0,1.0,NIST-LC,P18812,0.15578358800336908,0.03784510428420126,0.03512360694780441,0.00643544659337747,0.027942378881850402,0.030244710110485382,0.029005687470110668,0.8665830473559942
example/hyperparams_opt/Hela/spec_similarity_type_NIST-LC,0.0,0.0,1.0,NIST-LC,P18869,0.026108264580829793,0.02393257586576064,0.0221713040487999,0.0043513774301383,0.0074595041659513694,,0.029005687470110668,0.9913735082790727
example/hyperparams_opt/Hela/spec_similarity_type_NIST-LC,0.0,0.0,1.0,NIST-LC,P18910,0.000644773852216463,0.0004200217509244791,0.0221713040487999,0.00044950420258396787,,,0.029005687470110668,0.7822609698755196
example/hyperparams_opt/Hela/spec_similarity_type_NIST-LC,0.0,0.0,1.0,NIST-LC,P18942,0.0016511795911851857,0.0004200217509244791,0.0221713040487999,0.00044950420258396787,,,0.029005687470110668,0.7822609698755196
example/hyperparams_opt/Hela/spec_similarity_type_NIST-LC,0.0,0.0,1.0,NIST-LC,P18950,0.09424448843042547,0.09424448843042547,0.07853707369202123,0.0,0.04712224421521274,,0.029005687470110668,0.9602297178607613
example/hyperparams_opt/Hela/spec_similarity_type_NIST-LC,0.0,0.0,1.0,NIST-LC,P18980,0.0023942590433370706,0.0023942590433370706,0.0023942590433370706,0.0,0.0010949894824276536,0.0016424842236414804,0.002189978964855307,0.8934749610376419
example/hyperparams_opt/Hela/spec_similarity_type_NIST-LC,0.0,0.0,1.0,NIST-LC,P19010,0.0,0.0023942590433370706,0.0023942590433370706,0.0,0.0010949894824276536,0.0016424842236414804,0.002189978964855307,0.8934749610376419
example/hyperparams_opt/Hela/spec_similarity_type_NIST-LC,0.0,0.0,1.0,NIST-LC,P19030,0.0,0.0023942590433370706,0.0023942590433370706,0.0,0.0010949894824276536,0.0016424842236414804,0.002189978964855307,0.8934749610376419
example/hyperparams_opt/Hela/spec_similarity_type_NIST-LC,0.0,0.0,1.0,NIST-LC,P19084,0.0,0.0023942590433370706,0.0023942590433370706,0.0,0.0010949894824276536,0.0016424842236414804,0.002189978964855307,0.8934749610376419
example/hyperparams_opt/Hela/spec_similarity_type_NIST-LC,0.0,0.0,1.0,NIST-LC,P19134,0.04357218981938782,0.02229187591359152,0.0023942590433370706,0.042560627811592595,,0.0016424842236414804,0.002189978964855307,0.15628349109494166
example/hyperparams_opt/Hela/spec_similarity_type_NIST-LC,0.0,0.0,1.0,NIST-LC,P19144,0.0012976174984776856,0.02229187591359152,0.0023942590433370706,0.042560627811592595,,0.0016424842236414804,0.002189978964855307,0.15628349109494166
example/hyperparams_opt/Hela/spec_similarity_type_NIST-LC,0.0,0.0,1.0,NIST-LC,P19162,0.0,0.02229187591359152,0.0023942590433370706,0.042560627811592595,,0.0016424842236414804,0.002189978964855307,0.15628349109494166
example/hyperparams_opt/Hela/spec_similarity_type_NIST-LC,0.0,0.0,1.0,NIST-LC,P19182,0.062276851396474896,0.05059994175963585,0.04526604476503036,0.023353819273678085,0.048751892947014194,0.04409941408562804,0.03966452623742789,0.805641992766722
example/hyperparams_opt/Hela/spec_similarity_type_NIST-LC,0.0,0.0,1.0,NIST-LC,P19326,0.0,0.05059994175963585,0.04526604476503036,0.023353819273678085,0.048751892947014194,0.04409941408562804,0.03966452623742789,0.805641992766722
example/hyperparams_opt/Hela/spec_similarity_type_NIST-LC,0.0,0.0,1.0,NIST-LC,P19386,0.0021175545507726985,0.0020178465257470976,0.04526604476503036,0.0001994160500512019,,0.04409941408562804,0.03966452623742789,0.9982380021339858
example/hyperparams_opt/Hela/spec_similarity_type_NIST-LC,0.0,0.0,1.0,NIST-LC,P19389,0.09947696709736177,0.0020178465257470976,0.04526604476503036,0.0001994160500512019,,0.04409941408562804,0.03966452623742789,0.9982380021339858
example/hyperparams_opt/Hela/spec_similarity_type_NIST-LC,0.0,0.0,1.0,NIST-LC,P19417,0.0,0.0020178465257470976,0.04526604476503036,0.0001994160500512019,,0.04409941408562804,0.03966452623742789,0.9982380021339858
example/hyperparams_opt/Hela/spec_similarity_type_NIST-LC,0.0,0.0,1.0,NIST-LC,P19445,0.0,0.0020178465257470976,0.04526604476503036,0.0001994160500512019,,0.04409941408562804,0.03966452623742789,0.9982380021339858
example/hyperparams_opt/Hela/spec_similarity_type_NIST-LC,0.0,0.0,1.0,NIST-LC,P19452,0.0,0.0020178465257470976,0.04526604476503036,0.0001994160500512019,,0.04409941408562804,0.03966452623742789,0.9982380021339858
example/hyperparams_opt/Hela/spec_similarity_type_NIST-LC,0.0,0.0,1.0,NIST-LC,P19466,0.011065198423403557,0.0020178465257470976,0.04526604476503036,0.0001994160500512019,,0.04409941408562804,0.03966452623742789,0.9982380021339858
example/hyperparams_opt/Hela/spec_similarity_type_NIST-LC,0.0,0.0,1.0,NIST-LC,P19480,0.0,0.0020178465257470976,0.04526604476503036,0.0001994160500512019,,0.04409941408562804,0.03966452623742789,0.9982380021339858
example/hyperparams_opt/Hela/spec_similarity_type_NIST-LC,0.0,0.0,1.0,NIST-LC,P19540,0.0,0.0020178465257470976,0.04526604476503036,0.0001994160500512019,,0.04409941408562804,0.03966452623742789,0.9982380021339858
example/hyperparams_opt/Hela/spec_similarity_type_NIST-LC,0.0,0.0,1.0,NIST-LC,P19565,0.00030737493769008656,0.0020178465257470976,0.04526604476503036,0.0001994160500512019,,0.04409941408562804,0.03966452623742789,0.9982380021339858
example/hyperparams_opt/Hela/spec_similarity_type_NIST-LC,0.0,0.0,1.0,NIST-LC,P19567,0.0,0.0020178465257470976,0.04526604476503036,0.0001994160500512019,,0.04409941408562804,0.03966452623742789,0.9982380021339858
example/hyperparams_opt/Hela/spec_similarity_type_NIST-LC,0.0,0.0,1.0,NIST-LC,P19581,0.0,0.0020178465257470976,0.04526604476503036,0.0001994160500512019,,0.04409941408562804,0.03966452623742789,0.9982380021339858
example/hyperparams_opt/Hela/spec_similarity_type_NIST-LC,0.0,0.0,1.0,NIST-LC,P19616,0.0,0.0020178465257470976,0.04526604476503036,0.0001994160500512019,,0.04409941408562804,0.03966452623742789,0.9982380021339858
example/hyperparams_opt/Hela/spec_similarity_type_NIST-LC,0.0,0.0,1.0,NIST-LC,P19617,0.010620646224780782,0.010620646224780782,0.008850538520650651,0.0,0.005310323112390391,,0.03966452623742789,0.9602297178607612
example/hyperparams_opt/Hela/spec_similarity_type_NIST-LC,0.0,0.0,1.0,NIST-LC,P19730,0.0,0.010620646224780782,0.008850538520650651,0.0,0.005310323112390391,,0.03966452623742789,0.9602297178607612
example/hyperparams_opt/Hela/spec_similarity_type_NIST-LC,0.0,0.0,1.0,NIST-LC,P2247,0.0024602240324537268,0.010620646224780782,0.008850538520650651,0.0,0.005310323112390391,,0.03966452623742789,0.9602297178607612
example/hyperparams_opt/Hela/spec_similarity_type_NIST-LC,0.0,0.0,1.0,NIST-LC,P3047,0.00026143432373149057,0.010620646224780782,0.008850538520650651,0.0,0.005310323112390391,,0.03966452623742789,0.9602297178607612
example/hyperparams_opt/Hela/spec_similarity_type_NIST-LC,0.0,0.0,1.0,NIST-LC,P3363,0.004180278687265499,0.0025441798421486743,0.008850538520650651,0.0032721976902336494,,,0.03966452623742789,0.6767018204083237
example/hyperparams_opt/Hela/spec_similarity_type_NIST-LC,0.0,0.0,1.0,NIST-LC,P3487,0.034250535962710535,0.022741071410614162,0.01549958606529415,0.023018929104192745,0.03323392058805641,,0.03966452623742789,0.5934199895806043
example/hyperparams_opt/Hela/spec_similarity_type_NIST-LC,0.0,0.0,1.0,NIST-LC,P4284,0.00369621123100411,0.022741071410614162,0.01549958606529415,0.023018929104192745,0.03323392058805641,,0.03966452623742789,0.5934199895806043
example/hyperparams_opt/Hela/spec_similarity_type_NIST-LC,0.0,0.0,1.0,NIST-LC,P4477,0.007275194876219779,0.006820495196456043,0.00643315843221286,0.000909399359527472,0.0016167099724932838,,0.03966452623742789,0.9951968658917327
example/hyperparams_opt/Hela/spec_similarity_type_NIST-LC,0.0,0.0,1.0,NIST-LC,P4576,0.0,0.006820495196456043,0.00643315843221286,0.000909399359527472,0.0016167099724932838,,0.03966452623742789,0.9951968658917327
example/hyperparams_opt/Hela/spec_similarity_type_NIST-LC,0.0,0.0,1.0,NIST-LC,P4599,0.0,0.006820495196456043,0.00643315843221286,0.000909399359527472,0.0016167099724932838,,0.03966452623742789,0.9951968658917327
example/hyperparams_opt/Hela/spec_similarity_type_NIST-LC,0.0,0.0,1.0,NIST-LC,P4753,0.0,0.006820495196456043,0.00643315843221286,0.000909399359527472,0.0016167099724932838,,0.03966452623742789,0.9951968658917327
example/hyperparams_opt/Hela/spec_similarity_type_NIST-LC,0.0,0.0,1.0,NIST-LC,P5152,0.0,0.006820495196456043,0.00643315843221286,0.000909399359527472,0.0016167099724932838,,0.03966452623742789,0.9951968658917327
example/hyperparams_opt/Hela/spec_similarity_type_NIST-LC,0.0,0.0,1.0,NIST-LC,P5415,0.0,0.006820495196456043,0.00643315843221286,0.000909399359527472,0.0016167099724932838,,0.03966452623742789,0.9951968658917327
example/hyperparams_opt/Hela/spec_similarity_type_NIST-LC,0.0,0.0,1.0,NIST-LC,P5545,0.0,0.006820495196456043,0.00643315843221286,0.000909399359527472,0.0016167099724932838,,0.03966452623742789,0.9951968658917327
example/hyperparams_opt/Hela/spec_similarity_type_NIST-LC,0.0,0.0,1.0,NIST-LC,P5763,0.3718855247519812,0.29219576944798525,0.00643315843221286,0.15937951060799196,,,0.03966452623742789,0.9456603046006401
example/hyperparams_opt/Hela/spec_similarity_type_NIST-LC,0.0,0.0,1.0,NIST-LC,P5905,0.0,0.29219576944798525,0.00643315843221286,0.15937951060799196,,,0.03966452623742789,0.9456603046006401
example/hyperparams_opt/Hela/spec_similarity_type_NIST-LC,0.0,0.0,1.0,NIST-LC,P6145,0.0,0.29219576944798525,0.00643315843221286,0.15937951060799196,,,0.03966452623742789,0.9456603046006401
example/hyperparams_opt/Hela/spec_similarity_type_NIST-LC,0.0,0.0,1.0,NIST-LC,P6171,0.3568219314036808,0.30075746824998334,0.00643315843221286,0.11212892630739493,,,0.03966452623742789,0.9747866577075455
example/hyperparams_opt/Hela/spec_similarity_type_NIST-LC,0.0,0.0,1.0,NIST-LC,P6248,0.04149864521822436,0.021972901723449536,0.00643315843221286,0.039051486989549654,,,0.03966452623742789,0.31007565902126283
example/hyperparams_opt/Hela/spec_similarity_type_NIST-LC,0.0,0.0,1.0,NIST-LC,P6289,0.0,0.021972901723449536,0.00643315843221286,0.039051486989549654,,,0.03966452623742789,0.31007565902126283
example/hyperparams_opt/Hela/spec_similarity_type_NIST-LC,0.0,0.0,1.0,NIST-LC,P6361,0.004673377132621647,0.021972901723449536,0.00643315843221286,0.039051486989549654,,,0.03966452623742789,0.31007565902126283
example/hyperparams_opt/Hela/spec_similarity_type_NIST-LC,0.0,0.0,1.0,NIST-LC,P6395,0.1824951498423633,0.1055458065015532,0.00643315843221286,0.15389868668162024,,,0.03966452623742789,0.5722495846640153
example/hyperparams_opt/Hela/spec_similarity_type_NIST-LC,0.0,0.0,1.0,NIST-LC,P6524,0.2806783235026975,0.1055458065015532,0.00643315843221286,0.15389868668162024,,,0.03966452623742789,0.5722495846640153
example/hyperparams_opt/Hela/spec_similarity_type_NIST-LC,0.0,0.0,1.0,NIST-LC,P6704,0.3156270018624554,0.2675138763941026,0.2504225815842739,0.09622625093670556,0.09938700989783897,,0.03966452623742789,0.9851113702844139
example/hyperparams_opt/Hela/spec_similarity_type_NIST-LC,0.0,0.0,1.0,NIST-LC,P6737,0.24625137698144242,0.2675138763941026,0.2504225815842739,0.09622625093670556,0.09938700989783897,,0.03966452623742789,0.9851113702844139
example/hyperparams_opt/Hela/spec_similarity_type_NIST-LC,0.0,0.0,1.0,NIST-LC,P6747,0.10544278115219266,0.08460699836192999,0.07397846243331878,0.041671565580525344,0.07681915929792289,0.0680322608685735,0.06292863743774779,0.8608591376778103
example/hyperparams_opt/Hela/spec_similarity_type_NIST-LC,0.0,0.0,1.0,NIST-LC,P6819,0.0007795110490905353,0.08460699836192999,0.07397846243331878,0.041671565580525344,0.07681915929792289,0.0680322608685735,0.06292863743774779,0.8608591376778103
example/hyperparams_opt/Hela/spec_similarity_type_NIST-LC,0.0,0.0,1.0,NIST-LC,P6847,0.16133297340774094,0.11892083406254221,0.07397846243331878,0.08482427869039746,,0.0680322608685735,0.06292863743774779,0.9061980833242189
example/hyperparams_opt/Hela/spec_similarity_type_NIST-LC,0.0,0.0,1.0,NIST-LC,P6851,0.30475728843880223,0.2954152614779868,0.23703344656351286,0.018684053921630916,0.1844874717042373,,0.06292863743774779,0.9375514100262164
example/hyperparams_opt/Hela/spec_similarity_type_NIST-LC,0.0,0.0,1.0,NIST-LC,P7022,0.0,0.2954152614779868,0.23703344656351286,0.018684053921630916,0.1844874717042373,,0.06292863743774779,0.9375514100262164
example/hyperparams_opt/Hela/spec_similarity_type_NIST-LC,0.0,0.0,1.0,NIST-LC,P7035,0.0,0.2954152614779868,0.23703344656351286,0.018684053921630916,0.1844874717042373,,0.06292863743774779,0.9375514100262164
example/hyperparams_opt/Hela/spec_similarity_type_NIST-LC,0.0,0.0,1.0,NIST-LC,P7047,0.10660667479592222,0.0855524674487438,0.07480275743181623,0.04210841469435683,0.07764397295966424,0.06876008339333739,0.06360783472821196,0.861074863504656
example/hyperparams_opt/Hela/spec_similarity_type_NIST-LC,0.0,0.0,1.0,NIST-LC,P7205,0.03441556310707587,0.027873253209850818,0.07480275743181623,0.013084619794450105,,0.06876008339333739,0.06360783472821196,0.9598864908487859
example/hyperparams_opt/Hela/spec_similarity_type_NIST-LC,0.0,0.0,1.0,NIST-LC,P7250,0.0,0.027873253209850818,0.07480275743181623,0.013084619794450105,,0.06876008339333739,0.06360783472821196,0.9598864908487859
example/hyperparams_opt/Hela/spec_similarity_type_NIST-LC,0.0,0.0,1.0,NIST-LC,P7261,0.14130838143935642,0.027873253209850818,0.07480275743181623,0.013084619794450105,,0.06876008339333739,0.06360783472821196,0.9598864908487859
example/hyperparams_opt/Hela/spec_similarity_type_NIST-LC,0.0,0.0,1.0,NIST-LC,P7268,0.35876527619568116,0.3056857308614342,0.2568700325752031,0.10615909066849394,0.19952664019294025,,0.06360783472821196,0.9533523458822633
example/hyperparams_opt/Hela/spec_similarity_type_NIST-LC,0.0,0.0,1.0,NIST-LC,P7316,0.0,0.3056857308614342,0.2568700325752031,0.10615909066849394,0.19952664019294025,,0.06360783472821196,0.9533523458822633
example/hyperparams_opt/Hela/spec_similarity_type_NIST-LC,0.0,0.0,1.0,NIST-LC,P7378,0.019883245441143678,0.019082456553569105,0.018053790771627807,0.0016015777751491427,0.010330301343911686,0.015973027566850338,,0.8989520215427419
example/hyperparams_opt/Hela/spec_similarity_type_NIST-LC,0.0,0.0,1.0,NIST-LC,P7522,0.02181016723678917,0.01707556801158492,0.018053790771627807,0.009469198450408499,,0.015973027566850338,,0.9438090526215615
example/hyperparams_opt/Hela/spec_similarity_type_NIST-LC,0.0,0.0,1.0,NIST-LC,P7674,0.0032092806252012897,0.0026744005210010747,0.002496107152934336,0.00106976020840043,0.00106976020840043,,,0.9821410328348752
example/hyperparams_opt/Hela/spec_similarity_type_NIST-LC,0.0,0.0,1.0,NIST-LC,P7684,0.2032300552151458,0.19975302982690765,0.15188644225491224,0.006954050776476317,0.14707678810422445,,,0.8928681637819462
example/hyperparams_opt/Hela/spec_similarity_type_NIST-LC,0.0,0.0,1.0,NIST-LC,P7718,0.0018194615176921015,0.0016202027742725912,0.00144852807973623,0.0003985174868390204,0.0009454449001974803,0.0009773482299468565,,0.954720417185666
example/hyperparams_opt/Hela/spec_similarity_type_NIST-LC,0.0,0.0,1.0,NIST-LC,P7777,0.01166735212473748,0.011379479151561026,0.009535895987019078,0.0005757459463529065,0.005818622466802298,,,0.9627472230835695
example/hyperparams_opt/Hela/spec_similarity_type_NIST-LC,0.0,0.0,1.0,NIST-LC,P7855,0.13763579691963126,0.10322684768972346,0.09175719794642084,0.06881789845981563,0.06881789845981563,,,0.9463946303571862
example/hyperparams_opt/Hela/spec_similarity_type_NIST-LC,0.0,0.0,1.0,NIST-LC,P7884,0.0,0.10322684768972346,0.09175719794642084,0.06881789845981563,0.06881789845981563,,,0.9463946303571862
example/hyperparams_opt/Hela/spec_similarity_type_NIST-LC,0.0,0.0,1.0,NIST-LC,P7988,0.24845852671277324,0.10322684768972346,0.09175719794642084,0.06881789845981563,0.06881789845981563,,,0.9463946303571862
example/hyperparams_opt/Hela/spec_similarity_type_NIST-LC,0.0,0.0,1.0,NIST-LC,P8076,0.0020182648297099154,0.0016658012312836677,0.0011777456545408666,0.0007049271968524952,0.0018166303286546509,,,0.7747459642119111
example/hyperparams_opt/Hela/spec_similarity_type_NIST-LC,0.0,0.0,1.0,NIST-LC,P8170,0.008769615693302077,0.007673413731639317,0.0011777456545408666,0.0021924039233255192,,,,0.9852281360342515
example/hyperparams_opt/Hela/spec_similarity_type_NIST-LC,0.0,0.0,1.0,NIST-LC,P8283,0.2592184788647407,0.2501747144430501,0.18553656903401505,0.01808752884338119,0.20295820064879577,,,0.8646735463884255
example/hyperparams_opt/Hela/spec_similarity_type_NIST-LC,0.0,0.0,1.0,NIST-LC,P8387,0.2591765826563908,0.2382832782412987,0.22364966449163015,0.041786608830184285,0.1276123350428339,0.13812812531710988,0.14853329979848856,0.9517703697002687
example/hyperparams_opt/Hela/spec_similarity_type_NIST-LC,0.0,0.0,1.0,NIST-LC,P8461,0.2918885137511933,0.26816707654036775,0.22364966449163015,0.04744287442165113,,0.13812812531710988,0.14853329979848856,0.9943482439431157
example/hyperparams_opt/Hela/spec_similarity_type_NIST-LC,0.0,0.0,1.0,NIST-LC,P8516,0.006061866225691959,0.005455679603122763,0.005176641316543292,0.0012123732451383915,0.001443301482307609,,0.14853329979848856,0.9933477308665551
example/hyperparams_opt/Hela/spec_similarity_type_NIST-LC,0.0,0.0,1.0,NIST-LC,P8577,0.3509744863044435,0.2888705755048619,0.20606536110541973,0.12420782159916324,0.3105195539979081,,0.14853329979848856,0.7898159918205084
example/hyperparams_opt/Hela/spec_similarity_type_NIST-LC,0.0,0.0,1.0,NIST-LC,P8767,0.009814566273169593,0.008689384970856112,0.008134224449405364,0.002250362604626962,0.002790662866665721,,0.14853329979848856,0.9902029990539561
example/hyperparams_opt/Hela/spec_similarity_type_NIST-LC,0.0,0.0,1.0,NIST-LC,P8790,0.17568819949706943,0.16821956639979577,0.008134224449405364,0.014937266194547327,,,0.14853329979848856,0.9985776170312218
example/hyperparams_opt/Hela/spec_similarity_type_NIST-LC,0.0,0.0,1.0,NIST-LC,P8895,0.4584497713912445,0.16821956639979577,0.008134224449405364,0.014937266194547327,,,0.14853329979848856,0.9985776170312218
example/hyperparams_opt/Hela/spec_similarity_type_NIST-LC,0.0,0.0,1.0,NIST-LC,P8900,0.2645817861236046,0.2456830871147757,0.22126412247954477,0.0377973980176578,0.16668393957203786,0.18504941389196702,0.17462283538507656,0.9006944280224604
example/hyperparams_opt/Hela/spec_similarity_type_NIST-LC,0.0,0.0,1.0,NIST-LC,P8937,0.01755829780403301,0.014046638243226408,0.22126412247954477,0.007023319121613204,,0.18504941389196702,0.17462283538507656,0.954434002924965
example/hyperparams_opt/Hela/spec_similarity_type_NIST-LC,0.0,0.0,1.0,NIST-LC,P9089,0.0,0.014046638243226408,0.22126412247954477,0.007023319121613204,,0.18504941389196702,0.17462283538507656,0.954434002924965
example/hyperparams_opt/Hela/spec_similarity_type_NIST-LC,0.0,0.0,1.0,NIST-LC,P9306,0.013382304703808759,0.0111519205865073,0.22126412247954477,0.004460768234602919,,0.18504941389196702,0.17462283538507656,0.9709505944546687
example/hyperparams_opt/Hela/spec_similarity_type_NIST-LC,0.0,0.0,1.0,NIST-LC,P9327,0.14074346332570956,0.12719105222857435,0.11411558967857238,0.027104822194270434,0.08295215287922131,0.08448641884812622,0.08361228012110943,0.9288721779188667
example/hyperparams_opt/Hela/spec_similarity_type_NIST-LC,0.0,0.0,1.0,NIST-LC,P9344,0.33085510239758614,0.2780519861905597,0.259451452614776,0.10560623241405293,0.13860205855628674,0.09579805622322998,0.08389655275457952,0.9844221687633115
example/hyperparams_opt/Hela/spec_similarity_type_NIST-LC,0.0,0.0,1.0,NIST-LC,P9543,0.23408764114559458,0.2780519861905597,0.259451452614776,0.10560623241405293,0.13860205855628674,0.09579805622322998,0.08389655275457952,0.9844221687633115
example/hyperparams_opt/Hela/spec_similarity_type_NIST-LC,0.0,0.0,1.0,NIST-LC,P9549,0.028758537236171777,0.021568902927128833,0.01917235815744785,0.014379268618085889,0.014379268618085889,0.007189634309042944,0.004793089539361962,0.9697238998682473
example/hyperparams_opt/Hela/spec_similarity_type_NIST-LC,0.0,0.0,1.0,NIST-LC,P9609,0.14399576489538507,0.1293004450812953,0.12162922749128476,0.029390639628179574,0.06023281349126179,0.056799414130742215,0.06258100954058271,0.9750168565902166
example/hyperparams_opt/Hela/spec_similarity_type_NIST-LC,0.0,0.0,1.0,NIST-LC,P9678,0.006284635784031602,0.005999463245341882,0.005523453018668498,0.0005703450773794387,0.003713746962681017,0.005429118167962443,,0.865469994183345
example/hyperparams_opt/Hela/spec_similarity_type_NIST-LC,0.0,0.0,1.0,NIST-LC,P9715,0.012844996698115221,0.011606436263293031,0.01024135224845286,0.002477120869644382,0.005333812479342701,,,0.9790190261501261
example/hyperparams_opt/Hela/spec_similarity_type_NIST-LC,0.0,0.0,1.0,NIST-LC,P9738,0.009671817758687131,0.009045211701331171,0.008368642701991672,0.0012532121147119206,0.006468387266544598,0.007112472612912019,0.007288613129844391,0.859718505527691
example/hyperparams_opt/Hela/spec_similarity_type_NIST-LC,0.0,0.0,1.0,NIST-LC,P9747,0.03221985349076722,0.0171403295349689,0.011737106061624647,0.030159047911596643,0.031289194375831074,,0.007288613129844391,0.3125628879338836
example/hyperparams_opt/Hela/spec_similarity_type_NIST-LC,0.0,0.0,1.0,NIST-LC,P9834,0.3029374981218495,0.20055510058664058,0.16328075570832323,0.20476479507041784,0.21420543217016097,,0.007288613129844391,0.8454431929249109
example/hyperparams_opt/Hela/spec_similarity_type_NIST-LC,0.0,0.0,1.0,NIST-LC,P9845,0.0,0.20055510058664058,0.16328075570832323,0.20476479507041784,0.21420543217016097,,0.007288613129844391,0.8454431929249109
example/hyperparams_opt/Hela/spec_similarity_type_NIST-LC,0.0,0.0,1.0,NIST-LC,P9957,0.1218212548143289,0.11812400995162375,0.1060606066458224,0.007394489725410278,0.07948577955910252,0.08898797628939513,0.0857411360071219,0.8516441311709879
