feature_id,rt,mz_measured,mz_calculated,mz_error(ppm),mol_formula,smiles,adduct,primary_annotated_name,structure_annotated_name,rt_score,mz_score,spec_score,total_score,fragments_level,fragments_ms2_spectrum_level,datafile:pos_hela_LG5.mzML:area,datafile:pos_hela_LG2.mzML:area,datafile:pos_hela_LG3.mzML:area,datafile:pos_hela_LG1.mzML:area,datafile:pos_hela_LG6.mzML:area,datafile:pos_hela_S2.mzML:area,datafile:pos_hela_HG2.mzML:area,datafile:pos_hela_LG4.mzML:area,datafile:pos_hela_HG1.mzML:area,datafile:pos_hela_HG4.mzML:area,datafile:pos_hela_HG5.mzML:area,datafile:pos_hela_HG3.mzML:area,datafile:pos_hela_S1.mzML:area,datafile:pos_hela_S3.mzML:area,datafile:pos_hela_HG6.mzML:area,datafile:pos_hela_S4.mzML:area,datafile:pos_hela_S6.mzML:area,datafile:pos_hela_S5.mzML:area
1795,2.637,398.32633,398.32649,0.40168054099023837,C23H44NO4,CCCCCCCCCC=CCCCCC(=O)OC(CC(=O)[O-])C[N+](C)(C)C,[M]+,CAR 16:1,CAR 16:1(6),0.9500000000000002,0.23749000000003662,0.0005048336675048158,0.4752524168337525,All,Some,0.0,0.0,0.0,0.0,0.0,8521.141007485332,17249.698431845598,0.0,16058.619836754888,14868.580226547894,6971.400872515754,14776.585075957359,6620.476254540563,6517.477948382882,11479.241029494646,8115.180494981872,0.0,10083.40344587921
1795,2.637,398.32633,398.32649,0.40168054099023837,C23H44NO4,CCCCCCCCC=CCCCCCC(=O)OC(CC(=O)[O-])C[N+](C)(C)C,[M]+,CAR 16:1,CAR 16:1(7),0.919,0.802234999999996,0.001723200982425454,0.4603616004912128,All,Some,0.0,0.0,0.0,0.0,0.0,3307.950637264819,6098.726712236966,0.0,5394.385357407867,6670.845705487738,4852.641783809987,7659.031311518034,2602.892506390421,3424.3711205488407,4988.183355250799,2795.922442330934,0.0,5350.971211178988
1795,2.637,398.32633,398.32649,0.40168054099023837,C23H44NO4,CCCCCCC=CCCCCCCCC(=O)OC(CC(=O)[O-])C[N+](C)(C)C,[M]+,CAR 16:1,CAR 16:1(9),0.8739999999999997,0.8204999999999814,0.000463082768593515,0.4372315413842966,All,Some,0.0,0.0,0.0,0.0,0.0,2570.9083552498482,5251.574855917438,0.0,5046.994805837248,4460.574067964369,2275.9573436742608,4264.383612524608,1876.6312390690166,2058.1509310682786,3632.575615254556,2288.8970626871946,0.0,3065.6253429418
1852,2.775,448.34207,448.34214,0.15613076208673413,C27H46NO4,CCC=CCC=CCC=CCC=CCCCCCCC(=O)OC(CC(=O)[O-])C[N+](C)(C)C,[M]+,CAR 20:4,"CAR 20:4(8,11,14,17)",0.6708571428571428,0.6454128571428522,0.0,0.3354285714285714,Some,Some,0.0,0.0,0.0,0.0,0.0,2815.81591818586,0.0,0.0,0.0,2195.7964152857626,0.0,3920.0,0.0,3291.257597007948,0.0,3770.0,0.0,5077.878103837471
1852,2.775,448.34207,448.34214,0.15613076208673413,C27H46NO4,CCCCCC=CCC=CCC=CCC=CCCCC(=O)OC(CC(=O)[O-])C[N+](C)(C)C,[M]+,CAR 20:4,"CAR 20:4(5,8,11,14)",0.5573333333333332,0.2479150000000061,0.0,0.2786666666666666,Some,None,0.0,0.0,0.0,0.0,0.0,2214.1840818141395,0.0,0.0,0.0,6614.203584714237,0.0,0.0,0.0,1108.7424029920526,0.0,0.0,0.0,5922.121896162528
2247,3.434,426.35727,426.35779,1.219632928471941,C25H48NO4,CCCCCCCCC=CCCCCCCCC(=O)OC(CC(=O)[O-])C[N+](C)(C)C,[M]+,CAR 18:1,CAR 18:1(9),0.968,0.777810000000045,0.0,0.484,All,Some,8100.0,0.0,0.0,9870.0,0.0,53600.0,70600.0,0.0,64600.0,63200.0,51069.261089908025,61300.0,40621.761658031086,54887.87353605378,56700.0,46717.051752681204,42935.22034288345,58939.37818446501
2247,3.434,426.35727,426.35779,1.219632928471941,C25H48NO4,CCCCCCCCCCCC=CCCCCC(=O)OC(CC(=O)[O-])C[N+](C)(C)C,[M]+,CAR 18:1,CAR 18:1(6),0.8839999999999995,0.26066999999989093,0.0,0.4419999999999997,All,None,0.0,0.0,0.0,0.0,0.0,0.0,0.0,0.0,0.0,0.0,2630.7389100919722,0.0,0.0,1912.1264639462213,0.0,2082.9482473187936,964.7796571165571,1360.62181553499
2247,3.434,426.35727,426.35779,1.219632928471941,C25H48NO4,CCCCCCC=CCCCCCCCCCC(=O)OC(CC(=O)[O-])C[N+](C)(C)C,[M]+,CAR 18:1,CAR 18:1(11),0.8239999999999998,0.8201000000000249,0.0,0.4119999999999999,All,Some,0.0,0.0,0.0,0.0,0.0,0.0,0.0,0.0,0.0,0.0,0.0,0.0,3478.2383419689118,0.0,0.0,0.0,0.0,0.0
3047,4.187,454.3887,454.38909,0.8582952553691952,C27H52NO4,CCCCCCCCC=CCCCCCCCCCC(=O)OC(CC(=O)[O-])C[N+](C)(C)C,[M]+,CAR 20:1,CAR 20:1(11),0.9230000000000009,0.5098149999999748,0.0,0.46150000000000047,All,None,,0.0,0.0,0.0,0.0,3922.569444444445,6155.630736952529,0.0,6286.195435408819,0.0,0.0,0.0,0.0,3648.995983935743,9294.871794871795,3128.622159090909,2994.1579371474613,4637.089702913181
3047,4.187,454.3887,454.38909,0.8582952553691952,C27H52NO4,CCCCCCC=CCCCCCCCCCCCC(=O)OC(CC(=O)[O-])C[N+](C)(C)C,[M]+,CAR 20:1,CAR 20:1(13),0.8410000000000002,0.5239050000000134,0.0,0.4205000000000001,All,None,,0.0,0.0,0.0,0.0,1607.4305555555557,3184.3692630474693,0.0,4913.804564591181,0.0,0.0,0.0,0.0,2951.004016064257,5205.128205128204,1521.377840909091,1455.8420628525382,1932.9102970868184
3363,4.414,508.37611,508.37615,0.07868189727762906,C26H54NO6P,CCCCCCCCCCCC=CCCCCCOCC(O)COP(=O)([O-])OCC[N+](C)(C)C,[M+H]+,LPC O-18:1,LPC O-18:1(6),0.9309999999999992,0.4997199999999964,0.006039558567313688,0.4685197792836564,All,Some,0.0,0.0,0.0,0.0,0.0,0.0,0.0,0.0,0.0,0.0,0.0,0.0,0.0,94.94163424124514,0.0,0.0,0.0,148.88888888888889
3363,4.414,508.37611,508.37615,0.07868189727762906,C26H54NO6P,CCCCCCCCC=CCCCCCCCCOCC(O)COP(=O)([O-])OCC[N+](C)(C)C,[M+H]+,LPC O-18:1,LPC O-18:1(9),0.9320000000000004,0.5104450000000043,0.0,0.4660000000000002,All,None,0.0,0.0,0.0,0.0,0.0,16606.451612903224,16944.45768772348,0.0,18317.157050057314,12415.276381909547,9357.333333333334,0.0,15129.800362976406,11050.58365758755,0.0,13756.896551724138,0.0,16046.913580246914
3363,4.414,508.37611,508.37615,0.07868189727762906,C26H54NO6P,CCCCCCC=CCCCCCCCCCCOCC(O)COP(=O)([O-])OCC[N+](C)(C)C,[M+H]+,LPC O-18:1,LPC O-18:1(11),0.9220000000000006,0.7404899999999941,0.0,0.4610000000000003,All,None,0.0,0.0,0.0,0.0,0.0,1393.5483870967741,2855.5423122765196,0.0,4082.8429499426816,5384.723618090452,5142.666666666667,0.0,1470.1996370235934,7454.474708171207,0.0,2043.103448275862,0.0,3904.1975308641972
3487,4.509,466.32895,466.3292,0.5361019640075901,C23H48NO6P,CCCCCCCCC=CCCCCCCCCOCC(O)COP(=O)(O)OCCN,[M+H]+,LPE O-18:1,LPE O-18:1(9),0.8789999999999996,0.49971999999996797,0.09031442335136197,0.48465721167568077,All,Some,0.0,0.0,0.0,0.0,0.0,125.5750519073403,0.0,0.0,0.0,0.0,0.0,0.0,0.0,0.0,0.0,0.0,0.0,0.0
3487,4.509,466.32895,466.3292,0.5361019640075901,C23H48NO6P,CCCCCCCCCCCC=CCCCCCOCC(O)COP(=O)(O)OCCN,[M+H]+,LPE O-18:1,LPE O-18:1(6),0.9619999999999997,0.3588549999999202,0.0,0.48099999999999987,All,None,0.0,0.0,0.0,0.0,0.0,936.4491308064976,0.0,0.0,0.0,0.0,3331.239935587762,0.0,856.5364387678438,1896.4098728496633,0.0,0.0,0.0,0.0
3487,4.509,466.32895,466.3292,0.5361019640075901,C23H48NO6P,CCCCCCC=CCCCCCCCCCCOCC(O)COP(=O)(O)OCCN,[M+H]+,LPE O-18:1,LPE O-18:1(11),0.7299999999999995,0.7120650000000239,0.0,0.36499999999999977,All,None,0.0,0.0,0.0,0.0,0.0,14437.975817286162,0.0,0.0,0.0,0.0,11768.76006441224,0.0,14243.463561232156,14603.590127150337,0.0,0.0,0.0,0.0
4284,5.3,494.36047,494.3605,0.06068445998638786,C25H52NO6P,CCCCCCCCC=CCCCCCCCCCCOCC(O)COP(=O)(O)OCCN,[M+H]+,LPE O-20:1,LPE O-20:1(11),0.9359999999999999,0.1540400000000659,0.0,0.46799999999999997,All,None,,,,,,,,,0.0,0.0,54300.0,,,0.0,,,0.0,0.0
4284,5.3,494.36047,494.3605,0.06068445998638786,C25H52NO6P,CCCCCCC=CCCCCCCCCCCCCOCC(O)COP(=O)(O)OCCN,[M+H]+,LPE O-20:1,LPE O-20:1(13),0.75,0.5465049999999962,0.056710211713081396,0.40335510585654066,All,Some,,,,,,,,,67300.0,57200.0,0.0,,,52900.0,,,48700.0,48500.0
4477,5.503,838.55893,838.55926,0.39353211598025634,C46H77O10P,CCC=CCC=CCC=CCC=CCC=CCC=CCCC(=O)OC(CO)COP(=O)(O)OCC(CO)OC(=O)CCCCC=CCCCCCCCCCCC,[M+NH4]+,BMP 18:1_22:6,"BMP 18:1(6)_22:6(4,7,10,13,16,19)",0.5951428571428572,0.5586100000000117,0.0,0.2975714285714286,Some,None,14000.0,,,16150.0,12106.534090909092,27133.333333333336,,8532.953402614818,3931.383577052868,,,,47211.16465863453,30121.44086021506,,32632.688927943764,72600.0,24921.01284958428
4477,5.503,838.55893,838.55926,0.39353211598025634,C46H77O10P,CCC=CCC=CCC=CCC=CCC=CCC=CCCC(=O)OC(CO)COP(=O)(O)OCC(CO)OC(=O)CCCCCCCC=CCCCCCCCC,[M+NH4]+,BMP 18:1_22:6,"BMP 18:1(9)_22:6(4,7,10,13,16,19)",0.5880000000000001,0.538961666666637,0.0,0.29400000000000004,Some,None,14000.0,,,16150.0,9696.732954545456,27133.333333333336,,6634.093194770366,24793.925759280093,,,,30588.83534136546,22475.096774193546,,32632.688927943764,0.0,20657.974300831444
4477,5.503,838.55893,838.55926,0.39353211598025634,C46H77O10P,CCC=CCC=CCC=CCC=CCC=CCC=CCCC(=O)OC(CO)COP(=O)(O)OCC(CO)OC(=O)CCCCCCCCCC=CCCCCCC,[M+NH4]+,BMP 18:1_22:6,"BMP 18:1(11)_22:6(4,7,10,13,16,19)",0.48924999999999974,0.4902450000000016,0.0,0.24462499999999987,Some,None,0.0,,,0.0,9696.732954545456,27133.333333333336,,8532.953402614818,64474.69066366705,,,,0.0,27303.4623655914,,5134.622144112478,0.0,24921.01284958428
4576,5.615,764.54226,764.54361,1.7657593134399436,C40H75O10P,CCCCCCC=CCCCCCCCCCC(=O)OC(CO)COP(=O)(O)OCC(CO)OC(=O)CCCCCC=CCCCCCCCC,[M+NH4]+,BMP 16:1_18:1,BMP 16:1(7)_18:1(11),0.819,0.023300000000062937,0.0,0.4095,Some,None,4975.182481751825,4280.0,0.0,3497.7064220183483,0.0,3660.0,3920.0,0.0,0.0,1915.9999999999998,1214.0,0.0,2436.0360360360355,2796.9520394441956,0.0,1883.0044998269295,0.0,3114.370909090909
4576,5.615,764.54226,764.54361,1.7657593134399436,C40H75O10P,CCCCCCC=CCCCCCCCCCC(=O)OC(CO)COP(=O)(O)OCC(CO)OC(=O)CCCCCCCC=CCCCCCC,[M+NH4]+,BMP 16:1_18:1,BMP 16:1(9)_18:1(11),0.819,0.023300000000062937,0.0,0.4095,All,None,5908.029197080293,0.0,0.0,4337.155963302752,0.0,0.0,0.0,0.0,0.0,0.0,0.0,0.0,1573.2732732732732,671.746600926341,0.0,1394.9925002884504,0.0,1636.2909090909088
4576,5.615,764.54226,764.54361,1.7657593134399436,C40H75O10P,CCCCCCCCC=CCCCCCCCC(=O)OC(CO)COP(=O)(O)OCC(CO)OC(=O)CCCCCCCC=CCCCCCC,[M+NH4]+,BMP 16:1_18:1,BMP 16:1(9)_18:1(9),0.819,0.023300000000062937,0.0,0.4095,Some,None,0.0,0.0,0.0,0.0,0.0,0.0,0.0,0.0,0.0,0.0,0.0,0.0,0.0,0.0,0.0,0.0,0.0,1116.1454545454546
4576,5.615,764.54226,764.54361,1.7657593134399436,C40H75O10P,CCCCCCCCCCCC=CCCCCC(=O)OC(CO)COP(=O)(O)OCC(CO)OC(=O)CCCCCCCC=CCCCCCC,[M+NH4]+,BMP 16:1_18:1,BMP 16:1(9)_18:1(6),0.6574999999999998,0.2035600000000386,0.0,0.3287499999999999,All,None,4975.182481751825,4280.0,0.0,3497.7064220183483,0.0,3660.0,3920.0,0.0,0.0,1915.9999999999998,1214.0,0.0,2436.0360360360355,2796.9520394441956,0.0,1883.0044998269295,0.0,1998.2254545454543
4576,5.615,764.54226,764.54361,1.7657593134399436,C40H75O10P,CCCCCCC=CCCCCCCCCCC(=O)OC(CO)COP(=O)(O)OCC(CO)OC(=O)CCCCC=CCCCCCCCCC,[M+NH4]+,BMP 16:1_18:1,BMP 16:1(6)_18:1(11),0.6194999999999999,0.2266775000000223,0.0,0.30974999999999997,All,None,5908.029197080293,0.0,0.0,4337.155963302752,0.0,0.0,0.0,0.0,0.0,0.0,0.0,0.0,1573.2732732732732,671.746600926341,0.0,1394.9925002884504,0.0,520.1454545454544
4576,5.615,764.54226,764.54361,1.7657593134399436,C40H75O10P,CCCCCCCCCCCC=CCCCCC(=O)OC(CO)COP(=O)(O)OCC(CO)OC(=O)CCCCCC=CCCCCCCCC,[M+NH4]+,BMP 16:1_18:1,BMP 16:1(7)_18:1(6),0.49599999999999955,0.38382000000001426,0.0,0.24799999999999978,Some,None,4975.182481751825,4280.0,0.0,3497.7064220183483,0.0,3660.0,3920.0,0.0,0.0,1915.9999999999998,1214.0,0.0,2436.0360360360355,2796.9520394441956,0.0,1883.0044998269295,0.0,1998.2254545454543
4576,5.615,764.54226,764.54361,1.7657593134399436,C40H75O10P,CCCCCCCCCCCC=CCCCCC(=O)OC(CO)COP(=O)(O)OCC(CO)OC(=O)CCCCC=CCCCCCCCCC,[M+NH4]+,BMP 16:1_18:1,BMP 16:1(6)_18:1(6),0.45799999999999974,0.40693749999999795,0.0,0.22899999999999987,All,None,10883.211678832118,4280.0,0.0,7834.862385321099,0.0,3660.0,3920.0,0.0,0.0,1915.9999999999998,1214.0,0.0,4009.309309309309,3468.6986403705364,0.0,3277.99700011538,0.0,2518.370909090909
4576,5.615,764.54226,764.54361,1.7657593134399436,C40H75O10P,CCCCCCCCC=CCCCCCCCC(=O)OC(CO)COP(=O)(O)OCC(CO)OC(=O)CCCCC=CCCCCCCCCC,[M+NH4]+,BMP 16:1_18:1,BMP 16:1(6)_18:1(9),0.41999999999999993,0.43005499999998165,0.0,0.20999999999999996,Some,None,4975.182481751825,4280.0,0.0,3497.7064220183483,0.0,3660.0,3920.0,0.0,0.0,1915.9999999999998,1214.0,0.0,2436.0360360360355,2796.9520394441956,0.0,1883.0044998269295,0.0,1998.2254545454543
4599,5.652,764.54271,764.54361,1.1771728755770627,C40H75O10P,CCCCCCCCC=CCCCCCCCC(=O)OC(CO)COP(=O)(O)OCC(CO)OC(=O)CCCCC=CCCCCCCCCC,[M+NH4]+,BMP 16:1_18:1,BMP 16:1(6)_18:1(9),0.8900000000000006,0.7363599999999906,0.0,0.4450000000000003,Some,None,0.0,0.0,8059.999999999999,0.0,10720.0,0.0,0.0,7568.181818181818,0.0,0.0,0.0,0.0,0.0,0.0,0.0,0.0,0.0,259.93173198482936
4599,5.652,764.54271,764.54361,1.1771728755770627,C40H75O10P,CCCCCCC=CCCCCCCCCCC(=O)OC(CO)COP(=O)(O)OCC(CO)OC(=O)CCCCC=CCCCCCCCCC,[M+NH4]+,BMP 16:1_18:1,BMP 16:1(6)_18:1(11),0.7933333333333336,0.26128666666670597,0.0,0.3966666666666668,Some,None,0.0,0.0,0.0,0.0,0.0,0.0,0.0,2186.363636363636,0.0,0.0,0.0,0.0,0.0,0.0,0.0,0.0,0.0,310.1137800252845
4599,5.652,764.54271,764.54361,1.1771728755770627,C40H75O10P,CCCCCCC=CCCCCCCCCCC(=O)OC(CO)COP(=O)(O)OCC(CO)OC(=O)CCCCCC=CCCCCCCCC,[M+NH4]+,BMP 16:1_18:1,BMP 16:1(7)_18:1(11),0.7450000000000001,0.023750000000063665,0.0,0.37250000000000005,Some,None,0.0,0.0,0.0,0.0,0.0,0.0,0.0,0.0,0.0,0.0,0.0,0.0,0.0,0.0,0.0,0.0,0.0,0.0
4599,5.652,764.54271,764.54361,1.1771728755770627,C40H75O10P,CCCCCCC=CCCCCCCCCCC(=O)OC(CO)COP(=O)(O)OCC(CO)OC(=O)CCCCCCCC=CCCCCCC,[M+NH4]+,BMP 16:1_18:1,BMP 16:1(9)_18:1(11),0.7450000000000001,0.023750000000063665,0.0,0.37250000000000005,All,None,0.0,0.0,8059.999999999999,0.0,10720.0,0.0,0.0,7568.181818181818,0.0,0.0,0.0,0.0,0.0,0.0,0.0,0.0,0.0,259.93173198482936
4599,5.652,764.54271,764.54361,1.1771728755770627,C40H75O10P,CCCCCCCCC=CCCCCCCCC(=O)OC(CO)COP(=O)(O)OCC(CO)OC(=O)CCCCCCCC=CCCCCCC,[M+NH4]+,BMP 16:1_18:1,BMP 16:1(9)_18:1(9),0.7450000000000001,0.023750000000063665,0.0,0.37250000000000005,Some,None,0.0,0.0,0.0,0.0,0.0,0.0,0.0,2186.363636363636,0.0,0.0,0.0,0.0,0.0,0.0,0.0,0.0,0.0,310.1137800252845
4599,5.652,764.54271,764.54361,1.1771728755770627,C40H75O10P,CCCCCCCCCCCC=CCCCCC(=O)OC(CO)COP(=O)(O)OCC(CO)OC(=O)CCCCC=CCCCCCCCCC,[M+NH4]+,BMP 16:1_18:1,BMP 16:1(6)_18:1(6),0.6306666666666665,0.552883333333322,0.0,0.31533333333333324,Some,None,0.0,0.0,8059.999999999999,0.0,10720.0,0.0,0.0,7568.181818181818,0.0,0.0,0.0,0.0,0.0,0.0,0.0,0.0,0.0,259.93173198482936
4599,5.652,764.54271,764.54361,1.1771728755770627,C40H75O10P,CCCCCCCCCCCC=CCCCCC(=O)OC(CO)COP(=O)(O)OCC(CO)OC(=O)CCCCCCCC=CCCCCCC,[M+NH4]+,BMP 16:1_18:1,BMP 16:1(9)_18:1(6),0.6229999999999998,0.24244750000002568,0.0,0.3114999999999999,All,None,0.0,0.0,8059.999999999999,0.0,10720.0,0.0,0.0,9754.545454545454,0.0,0.0,0.0,0.0,0.0,0.0,0.0,0.0,0.0,570.0455120101137
4599,5.652,764.54271,764.54361,1.1771728755770627,C40H75O10P,CCCCCCCCCCCC=CCCCCC(=O)OC(CO)COP(=O)(O)OCC(CO)OC(=O)CCCCCC=CCCCCCCCC,[M+NH4]+,BMP 16:1_18:1,BMP 16:1(7)_18:1(6),0.5009999999999994,0.4611449999999877,0.0,0.2504999999999997,Some,None,0.0,0.0,8059.999999999999,0.0,10720.0,0.0,0.0,7568.181818181818,0.0,0.0,0.0,0.0,0.0,0.0,0.0,0.0,0.0,259.93173198482936
4753,5.831,790.55853,790.55926,0.92339693798023,C42H77O10P,CCCCCCCCC=CCC=CCCCCC(=O)OC(CO)COP(=O)(O)OCC(CO)OC(=O)CCCCC=CCCCCCCCCCCC,[M+NH4]+,BMP 18:1_18:2,"BMP 18:1(6)_18:2(6,9)",0.7519999999999989,0.7141800000000558,0.0,0.37599999999999945,Some,None,0.0,0.0,0.0,0.0,0.0,0.0,0.0,0.0,0.0,0.0,0.0,0.0,0.0,0.0,0.0,0.0,0.0,0.0
4753,5.831,790.55853,790.55926,0.92339693798023,C42H77O10P,CCCCCCCCC=CCC=CCCCCC(=O)OC(CO)COP(=O)(O)OCC(CO)OC(=O)CCCCCCCC=CCCCCCCCC,[M+NH4]+,BMP 18:1_18:2,"BMP 18:1(9)_18:2(6,9)",0.7519999999999989,0.7141800000000558,0.0,0.37599999999999945,Some,None,16250.0,12600.0,14800.0,11500.0,17050.0,0.0,0.0,14350.0,0.0,0.0,0.0,0.0,0.0,0.0,0.0,0.0,0.0,0.0
4753,5.831,790.55853,790.55926,0.92339693798023,C42H77O10P,CCCCCC=CCC=CCCCCCCCC(=O)OC(CO)COP(=O)(O)OCC(CO)OC(=O)CCCCCCCC=CCCCCCCCC,[M+NH4]+,BMP 18:1_18:2,"BMP 18:1(9)_18:2(9,12)",0.711333333333334,0.6264233333333399,0.0,0.355666666666667,Some,None,0.0,0.0,0.0,0.0,0.0,0.0,0.0,0.0,0.0,0.0,0.0,0.0,0.0,0.0,0.0,0.0,0.0,0.0
4753,5.831,790.55853,790.55926,0.92339693798023,C42H77O10P,CCCCCC=CCC=CCCCCCCCC(=O)OC(CO)COP(=O)(O)OCC(CO)OC(=O)CCCCC=CCCCCCCCCCCC,[M+NH4]+,BMP 18:1_18:2,"BMP 18:1(6)_18:2(9,12)",0.6420000000000003,0.4741975000000309,0.0,0.3210000000000002,Some,None,16250.0,12600.0,14800.0,11500.0,17050.0,0.0,0.0,14350.0,0.0,0.0,0.0,0.0,0.0,0.0,0.0,0.0,0.0,0.0
4753,5.831,790.55853,790.55926,0.92339693798023,C42H77O10P,CCCCCC=CCC=CCCCCCCCC(=O)OC(CO)COP(=O)(O)OCC(CO)OC(=O)CCCCCCCCCC=CCCCCCC,[M+NH4]+,BMP 18:1_18:2,"BMP 18:1(11)_18:2(9,12)",0.5993333333333334,0.40324333333336426,0.0,0.2996666666666667,All,None,0.0,0.0,0.0,0.0,0.0,0.0,0.0,0.0,0.0,0.0,0.0,0.0,0.0,0.0,0.0,0.0,0.0,0.0
4753,5.831,790.55853,790.55926,0.92339693798023,C42H77O10P,CCCCCCCCC=CCC=CCCCCC(=O)OC(CO)COP(=O)(O)OCC(CO)OC(=O)CCCCCCCCCC=CCCCCCC,[M+NH4]+,BMP 18:1_18:2,"BMP 18:1(11)_18:2(6,9)",0.5933333333333325,0.4122833333333726,0.0,0.29666666666666625,Some,None,0.0,0.0,0.0,0.0,0.0,0.0,0.0,0.0,0.0,0.0,0.0,0.0,0.0,0.0,0.0,0.0,0.0,0.0
5152,6.105,676.49094,676.49118,0.35477180938632846,C36H70NO8P,CCCCCCCCC=CCCCCCCCCCC(=O)OC(COC(=O)CCCCCCC)COP(=O)([O-])OCC[N+](C)(C)C,[M+H]+,PC 8:0_20:1,PC 8:0_20:1(11),0.9899999999999993,0.6571200000000204,0.0,0.49499999999999966,All,None,30700.0,0.0,,,36900.0,0.0,0.0,22900.0,31600.0,0.0,,,,,0.0,,,
5152,6.105,676.49094,676.49118,0.35477180938632846,C36H70NO8P,CCCCCCC=CCCCCCCCCCCCC(=O)OC(COC(=O)CCCCCCC)COP(=O)([O-])OCC[N+](C)(C)C,[M+H]+,PC 8:0_20:1,PC 8:0_20:1(13),0.4920000000000009,0.6829999999999927,0.0,0.24600000000000044,Some,None,0.0,0.0,,,0.0,0.0,36800.0,0.0,0.0,27800.0,,,,,12700.0,,,
5415,6.316,766.55804,766.55926,1.5915273138691728,C40H77O10P,CCCCCCC=CCCCCCCCCCC(=O)OC(CO)COP(=O)(O)OCC(CO)OC(=O)CCCCCCCCCCCCCCC,[M+NH4]+,BMP 16:0_18:1,BMP 16:0_18:1(11),0.5670000000000002,0.4569500000000062,0.0,0.2835000000000001,All,None,0.0,,,,0.0,0.0,0.0,0.0,,,,0.0,0.0,0.0,,0.0,0.0,0.0
5415,6.316,766.55804,766.55926,1.5915273138691728,C40H77O10P,CCCCCCCCCCCC=CCCCCC(=O)OC(CO)COP(=O)(O)OCC(CO)OC(=O)CCCCCCCCCCCCCCC,[M+NH4]+,BMP 16:0_18:1,BMP 16:0_18:1(6),0.4219999999999988,0.30814999999995507,0.0,0.2109999999999994,Some,None,0.0,,,,0.0,0.0,0.0,0.0,,,,0.0,0.0,0.0,,0.0,0.0,0.0
5415,6.316,766.55804,766.55926,1.5915273138691728,C40H77O10P,CCCCCCCCC=CCCCCCCCC(=O)OC(CO)COP(=O)(O)OCC(CO)OC(=O)CCCCCCCCCCCCCCC,[M+NH4]+,BMP 16:0_18:1,BMP 16:0_18:1(9),0.136000000000001,0.026059999999915817,0.0,0.0680000000000005,Some,None,0.0,,,,0.0,0.0,0.0,0.0,,,,0.0,0.0,0.0,,0.0,0.0,0.0
5545,6.392,792.56984,792.57491,6.396871685032387,C42H79O10P,CCCCCCC=CCCCCCCCCCC(=O)OC(CO)COP(=O)(O)OCC(CO)OC(=O)CCCCCCCCCC=CCCCCCC,[M+NH4]+,BMP 18:1_18:1,BMP 18:1(11)_18:1(11),0.9449999999999994,0.5097799999999779,0.0,0.4724999999999997,All,None,23900.0,13533.333333333332,22033.333333333332,0.0,23933.333333333336,15900.000000000002,15700.000000000002,22366.666666666668,11400.0,0.0,0.0,12566.666666666666,15066.666666666668,12966.666666666666,0.0,12686.884669479607,13933.333333333332,0.0
5545,6.392,792.56984,792.57491,6.396871685032387,C42H79O10P,CCCCCCCCCCCC=CCCCCC(=O)OC(CO)COP(=O)(O)OCC(CO)OC(=O)CCCCCCCCCC=CCCCCCC,[M+NH4]+,BMP 18:1_18:1,BMP 18:1(11)_18:1(6),0.9449999999999994,0.5097799999999779,0.0,0.4724999999999997,Some,None,23900.0,13533.333333333332,22033.333333333332,0.0,23933.333333333336,15900.000000000002,15700.000000000002,22366.666666666668,11400.0,0.0,0.0,12566.666666666666,15066.666666666668,12966.666666666666,0.0,12686.884669479607,13933.333333333332,0.0
5545,6.392,792.56984,792.57491,6.396871685032387,C42H79O10P,CCCCCCCCC=CCCCCCCCC(=O)OC(CO)COP(=O)(O)OCC(CO)OC(=O)CCCCCCCCCC=CCCCCCC,[M+NH4]+,BMP 18:1_18:1,BMP 18:1(11)_18:1(9),0.8079999999999998,0.34969666666665944,0.0,0.4039999999999999,Some,None,23900.0,13533.333333333332,22033.333333333332,0.0,23933.333333333336,15900.000000000002,15700.000000000002,22366.666666666668,11400.0,0.0,0.0,12566.666666666666,15066.666666666668,12966.666666666666,0.0,14233.333333333336,13933.333333333332,0.0
5545,6.392,792.56984,792.57491,6.396871685032387,C42H79O10P,CCCCCCCCC=CCCCCCCCC(=O)OC(CO)COP(=O)(O)OCC(CO)OC(=O)CCCCC=CCCCCCCCCCCC,[M+NH4]+,BMP 18:1_18:1,BMP 18:1(6)_18:1(9),0.5340000000000007,0.029530000000022483,0.0,0.26700000000000035,Some,None,0.0,0.0,0.0,0.0,0.0,0.0,0.0,0.0,0.0,0.0,0.0,0.0,0.0,0.0,0.0,1546.4486638537273,0.0,0.0
5545,6.392,792.56984,792.57491,6.396871685032387,C42H79O10P,CCCCCCCCC=CCCCCCCCC(=O)OC(CO)COP(=O)(O)OCC(CO)OC(=O)CCCCCCCC=CCCCCCCCC,[M+NH4]+,BMP 18:1_18:1,BMP 18:1(9)_18:1(9),0.5340000000000007,0.029530000000022483,0.0,0.26700000000000035,Some,None,0.0,0.0,0.0,0.0,0.0,0.0,0.0,0.0,0.0,0.0,0.0,0.0,0.0,0.0,0.0,1546.4486638537273,0.0,0.0
5763,6.565,778.53735,778.53813,1.0018777115991127,C44H76NO8P,CCC=CCC=CCC=CCCCCCCCC(=O)OC(COC(=O)CCCCCCCC=CCC=CCC=CCC)COP(=O)([O-])OCC[N+](C)(C)C,[M+H]+,PC 18:3_18:3,"PC 18:3(9,12,15)_18:3(9,12,15)",0.5835000000000004,0.6949775000000216,0.5641296280948978,0.573814814047449,All,Some,10152.62755456694,0.0,5125.461799911334,0.0,17025.51292572835,3543.1265277616108,3770.109689213894,14873.982231039152,0.0,0.0,1774.5348734679483,0.0,6568.348623853211,0.0,27127.722189523254,3722.470030666295,0.0,3135.3050435776545
5763,6.565,778.53735,778.53813,1.0018777115991127,C44H76NO8P,CCC=CCC=CCC=CCCCCCCCC(=O)OC(COC(=O)CCCCC=CCC=CCC=CCCCCC)COP(=O)([O-])OCC[N+](C)(C)C,[M+H]+,PC 18:3_18:3,"PC 18:3(6,9,12)_18:3(9,12,15)",0.6545714285714287,0.5732314285714405,0.3223597874827987,0.4884656080271137,Some,Some,47950.0,57500.0,52000.0,45000.0,48050.0,61000.0,73000.0,42222.85860557386,81500.0,69000.0,61612.73256326603,70000.0,64500.0,64500.0,41436.138905238375,54500.0,50500.0,52000.0
5763,6.565,778.53735,778.53813,1.0018777115991127,C44H76NO8P,CCCCCC=CCC=CCC=CCCCCC(=O)OC(COC(=O)CCCCC=CCC=CCC=CCCCCC)COP(=O)([O-])OCC[N+](C)(C)C,[M+H]+,PC 18:3_18:3,"PC 18:3(6,9,12)_18:3(6,9,12)",0.745333333333333,0.6454849999999889,0.0,0.3726666666666665,All,None,37797.372445433066,57500.0,46874.53820008867,45000.0,31024.48707427165,57456.873472238374,69229.8903107861,28203.15916338698,81500.0,69000.0,61612.73256326603,70000.0,57931.651376146794,64500.0,41436.138905238375,50777.529969333715,50500.0,48864.69495642235
5905,6.701,710.47532,710.47553,0.2955766823358929,C39H68NO8P,CCC=CCC=CCC=CCC=CCC=CCCCC(=O)OC(COC(=O)CCCCCCCCCCCCC)COP(=O)(O)OCCN,[M+H]+,PE 14:0_20:5,"PE 14:0_20:5(5,8,11,14,17)",0.5942499999999995,0.5856437499999743,0.0,0.29712499999999975,Some,None,5740.0,5970.0,8350.0,7170.0,8050.0,18500.0,18100.0,7920.0,21100.0,14500.0,11400.0,17000.0,18000.0,15800.0,10200.0,17600.0,13200.0,15400.0
6145,6.837,736.49076,736.49118,0.5702715950553319,C41H70NO8P,CCC=CCC=CCC=CCC=CCC=CCC=CCCC(=O)OC(COC(=O)CCCCCCCCCCCCC)COP(=O)(O)OCCN,[M+H]+,PE 14:0_22:6,"PE 14:0_22:6(4,7,10,13,16,19)",0.8101999999999998,0.6633779999999888,0.0,0.4050999999999999,All,None,80400.0,63600.0,80900.0,70100.0,81800.0,81200.0,86900.0,73000.0,100000.0,80400.0,59200.0,93900.0,83800.0,78100.0,43500.0,71900.0,73000.0,76000.0
6171,6.848,778.53734,778.53813,1.0147222976115566,C44H76NO8P,CCC=CCC=CCC=CCCCCCCCC(=O)OC(COC(=O)CCCCCCCC=CCC=CCC=CCC)COP(=O)([O-])OCC[N+](C)(C)C,[M+H]+,PC 18:3_18:3,"PC 18:3(9,12,15)_18:3(9,12,15)",0.5873333333333332,0.9025249999999497,0.6544983671995247,0.6209158502664289,All,Some,34224.32432432432,51047.043010752684,34882.28626058454,31956.578947368424,28276.503198294242,111993.3424711181,117129.11518368023,8652.82165545962,215424.89527229205,79932.79569892473,134020.61855670103,194837.56345177666,0.0,98459.29495308142,97618.55132881708,28456.681214597458,79062.40463838878,100492.13161659514
6171,6.848,778.53734,778.53813,1.0147222976115566,C44H76NO8P,CCC=CCC=CCC=CCCCCCCCC(=O)OC(COC(=O)CCCCC=CCC=CCC=CCCCCC)COP(=O)([O-])OCC[N+](C)(C)C,[M+H]+,PC 18:3_18:3,"PC 18:3(6,9,12)_18:3(9,12,15)",0.659142857142857,0.8992142857142166,0.5241249012628456,0.5916338792028514,Some,Some,10080.18018018018,3350.9408602150534,8271.387599016662,6992.543859649124,16181.833688699358,55231.83865282945,89226.55278215442,19856.987493202825,34413.67444643926,89611.55913978493,41211.34020618557,22904.568527918782,116874.07083515523,79714.87446107026,50788.952579468474,101027.48630327792,67642.27952395483,69671.47873585644
6171,6.848,778.53734,778.53813,1.0147222976115566,C44H76NO8P,CCCCCC=CCC=CCC=CCCCCC(=O)OC(COC(=O)CCCCC=CCC=CCC=CCCCCC)COP(=O)([O-])OCC[N+](C)(C)C,[M+H]+,PC 18:3_18:3,"PC 18:3(6,9,12)_18:3(6,9,12)",0.9550000000000001,0.8763749999999391,0.0,0.47750000000000004,All,None,15995.495495495494,15502.016129032258,15446.3261403988,20650.877192982458,20741.663113006394,111774.81887605248,147644.33203416533,40390.190851337546,113161.43028126871,153455.64516129033,84768.0412371134,75257.86802030457,189125.9291648448,114825.83058584835,113592.49609171443,140515.83248212462,98295.3158376564,101836.38964754847
6248,6.94,766.5589,766.55926,0.46963101065478235,C40H77O10P,CCCCCCCCC=CCCCCCCCC(=O)OC(COC(=O)CCCCCCCCCCCCCCC)COP(=O)(O)OCC(O)CO,[M+NH4]+,PG 16:0_18:1,PG 16:0_18:1(9),0.9979999999999993,0.9016000000000304,0.0,0.49899999999999967,All,None,121113.19868482856,324000.0,152642.02978488695,193000.0,235000.0,264654.93538630736,333000.0,183727.5985663082,376000.0,415000.0,236218.58795372956,291000.0,300000.0,261717.62589928054,400000.0,267000.0,234137.05583756344,251980.67632850245
6248,6.94,766.5589,766.55926,0.46963101065478235,C40H77O10P,CCCCCCCCCCCC=CCCCCC(=O)OC(COC(=O)CCCCCCCCCCCCCCC)COP(=O)(O)OCC(O)CO,[M+NH4]+,PG 16:0_18:1,PG 16:0_18:1(6),0.6380000000000008,0.8199299999999994,0.0,0.3190000000000004,All,None,69886.80131517143,0.0,0.0,0.0,0.0,0.0,0.0,49272.401433691746,0.0,0.0,0.0,0.0,0.0,0.0,0.0,0.0,52862.94416243655,0.0
6248,6.94,766.5589,766.55926,0.46963101065478235,C40H77O10P,CCCCCCC=CCCCCCCCCCC(=O)OC(COC(=O)CCCCCCCCCCCCCCC)COP(=O)(O)OCC(O)CO,[M+NH4]+,PG 16:0_18:1,PG 16:0_18:1(11),0.5250000000000012,0.5373700000000099,0.010185884591749142,0.2675929422958752,All,Some,0.0,0.0,49357.97021511306,0.0,0.0,80345.06461369261,0.0,0.0,0.0,0.0,92781.41204627046,0.0,0.0,65282.37410071941,0.0,0.0,0.0,74019.32367149758
6289,6.964,736.49131,736.49118,0.1765126365978233,C41H70NO8P,CCC=CCC=CCC=CCC=CCC=CCC=CCCC(=O)OC(COC(=O)CCCCCCCCCCCCC)COP(=O)(O)OCCN,[M+H]+,PE 14:0_22:6,"PE 14:0_22:6(4,7,10,13,16,19)",0.8448333333333334,0.6397574999999923,0.0,0.4224166666666667,All,None,7060.0,0.0,0.0,0.0,0.0,0.0,4490.0,4400.0,0.0,0.0,3110.0,0.0,0.0,0.0,0.0,0.0,0.0,0.0
6361,6.979,826.53452,826.53813,4.367614595082955,C48H76NO8P,CCC=CCC=CCC=CCC=CCC=CCCCC(=O)OC(COC(=O)CCCC=CCC=CCC=CCC=CCC=CCC)COP(=O)([O-])OCC[N+](C)(C)C,[M+H]+,PC 20:5_20:5,"PC 20:5(5,8,11,14,17)_20:5(5,8,11,14,17)",0.7665714285714286,0.6987528571428682,0.045171673697359825,0.40587155113439416,Some,Some,10500.0,9710.0,8890.0,0.0,9390.0,28200.0,32400.0,8140.0,31900.0,27900.0,31700.0,29700.0,27400.0,28300.0,27200.0,28100.0,25600.0,25900.0
6395,7.009,780.55088,780.55378,3.71531094238524,C44H78NO8P,CCCCCC=CCC=CCC=CCC=CCC=CCCCCCCCCC(=O)OC(COC(=O)CCCCCCC)COP(=O)([O-])OCC[N+](C)(C)C,[M+H]+,PC 8:0_28:5,"PC 8:0_28:5(10,13,16,19,22)",0.6424999999999998,0.6745699999999886,0.37899753124574387,0.5107487656228719,All,Some,5316.476815096076,12924.421795374363,6863.376160793792,6069.426037312672,0.0,0.0,0.0,9542.08346903643,0.0,0.0,0.0,0.0,0.0,0.0,0.0,0.0,0.0,0.0
6395,7.009,780.55088,780.55378,3.71531094238524,C44H78NO8P,CCC=CCC=CCC=CCC=CCC=CCCCCCCCCCCCC(=O)OC(COC(=O)CCCCCCC)COP(=O)([O-])OCC[N+](C)(C)C,[M+H]+,PC 8:0_28:5,"PC 8:0_28:5(13,16,19,22,25)",0.6962499999999994,0.4863275000000158,0.19864287236752742,0.4474464361837634,All,Some,21783.523184903923,22375.578204625635,25736.623839206208,18230.57396268733,0.0,0.0,0.0,12557.91653096357,0.0,0.0,0.0,0.0,0.0,0.0,0.0,0.0,0.0,0.0
6524,7.117,704.52187,704.52248,0.8658346855558491,C38H74NO8P,CCCCCCC=CCCCCCCCC(=O)OC(COC(=O)CCCCCCCCCCCCC)COP(=O)([O-])OCC[N+](C)(C)C,[M+H]+,PC 14:0_16:1,PC 14:0_16:1(9),0.9969999999999999,0.9269600000000082,0.4923076887477176,0.7446538443738587,All,Some,0.0,0.0,0.0,0.0,0.0,123596.65720592873,164813.42863574965,0.0,189675.17401392115,0.0,0.0,130910.67213318427,111336.31142310146,89310.92086030488,123715.73063614586,90273.09210740971,102551.10855168442,106020.95035676332
6524,7.117,704.52187,704.52248,0.8658346855558491,C38H74NO8P,CCCCCCCCCC=CCCCCC(=O)OC(COC(=O)CCCCCCCCCCCCC)COP(=O)([O-])OCC[N+](C)(C)C,[M+H]+,PC 14:0_16:1,PC 14:0_16:1(6),0.8100000000000005,0.12891000000001895,0.0,0.40500000000000025,All,None,117849.45251294269,0.0,109357.79816513762,90060.49742325791,111589.55638441394,460211.8154104909,541339.7681224674,0.0,491349.02220749087,0.0,332409.8454493417,494267.61088333954,438146.7772814294,396752.9755690124,0.0,289007.79797057004,420846.53037719545,469042.0525277061
6524,7.117,704.52187,704.52248,0.8658346855558491,C38H74NO8P,CCCCCCCCC=CCCCCCC(=O)OC(COC(=O)CCCCCCCCCCCCC)COP(=O)([O-])OCC[N+](C)(C)C,[M+H]+,PC 14:0_16:1,PC 14:0_16:1(7),0.8049999999999997,0.9042500000000473,0.0,0.40249999999999986,All,None,2782150.5474870573,1710000.0,2870642.2018348626,1889939.502576742,3228410.4436155856,4556191.527383581,5203846.803241783,2600000.0,4768975.803778588,2870000.0,2107590.154550658,4514821.716983476,3210516.911295469,3753936.103570683,2276284.269363854,3040719.10992202,3796602.36107112,3844936.9971155305
6704,7.248,830.56923,830.56943,0.24079865311619128,C48H80NO8P,CCC=CCC=CCC=CCC=CCCCCCCC(=O)OC(COC(=O)CCCC=CCC=CCC=CCC=CCCCCC)COP(=O)([O-])OCC[N+](C)(C)C,[M+H]+,PC 20:4_20:4,"PC 20:4(5,8,11,14)_20:4(8,11,14,17)",0.8594000000000003,0.5735249999999951,0.5295080473340787,0.6944540236670396,Some,Some,17563.503573478014,20973.664806695895,15032.92465057624,18725.93525179856,17308.64346396273,33582.58654668501,38071.921873313906,11718.27905871167,45473.39534644026,17844.727694090383,41642.78327670261,31594.62423481087,32353.865838055193,15474.357391540532,19299.696773872845,28846.068001348987,32646.410933731477,9803.453025401197
6704,7.248,830.56923,830.56943,0.24079865311619128,C48H80NO8P,CCCCCC=CCC=CCC=CCC=CCCCC(=O)OC(COC(=O)CCCC=CCC=CCC=CCC=CCCCCC)COP(=O)([O-])OCC[N+](C)(C)C,[M+H]+,PC 20:4_20:4,"PC 20:4(5,8,11,14)_20:4(5,8,11,14)",0.9130000000000003,0.6675187499999851,0.38029521269082955,0.646647606345415,All,Some,22341.134122802447,23008.897967317655,21815.4236872526,21754.31654676259,22902.192381474375,38540.7355073811,55570.16833926837,18096.315664368907,59322.064469581805,48572.25624896541,40158.95996454424,43398.863432434046,43010.49168342167,38745.90483715647,48955.60968335239,37490.30873470889,33094.38382910302,37058.18251705692
6704,7.248,830.56923,830.56943,0.24079865311619128,C48H80NO8P,CCC=CCC=CCC=CCC=CCCCCCCC(=O)OC(COC(=O)CCCCCCC=CCC=CCC=CCC=CCC)COP(=O)([O-])OCC[N+](C)(C)C,[M+H]+,PC 20:4_20:4,"PC 20:4(8,11,14,17)_20:4(8,11,14,17)",0.8390000000000004,0.4945150000000069,0.3648176006726759,0.6019088003363382,All,Some,7695.362303719548,5117.4372259864485,9251.651662171154,5119.748201438849,8689.164154562894,22376.67794593389,31357.909787417717,14585.40527691942,28204.540183977944,43583.01605694422,26198.256758753134,23606.51233275508,28635.64247852312,32579.737771302996,47744.693542774774,25563.623263942114,14959.205237165497,41338.36445754189
6737,7.257,732.54398,732.55378,13.377857390794466,C40H78NO8P,CCCCCCCCC=CCCCCCCCCCCCCCC(=O)OC(COC(=O)CCCCCCC)COP(=O)([O-])OCC[N+](C)(C)C,[M+H]+,PC 8:0_24:1,PC 8:0_24:1(15),0.7960000000000003,0.8951550000000452,0.4734661444111716,0.634733072205586,All,Some,412000.0,258000.0,373000.0,268000.0,448000.0,329000.0,434000.0,358000.0,367000.0,210000.0,314000.0,378000.0,441000.0,291000.0,103000.0,298000.0,322000.0,262000.0
6747,7.258,730.53746,730.53813,0.9171321420467337,C40H76NO8P,CCCCCCC=CCCCCCCCC(=O)OC(COC(=O)CCCCCCCC=CCCCCCC)COP(=O)([O-])OCC[N+](C)(C)C,[M+H]+,PC 16:1_16:1,PC 16:1(9)_16:1(9),0.8519999999999994,0.8951250000000073,0.4502060293716995,0.6511030146858494,All,Some,0.0,0.0,0.0,0.0,22423.130677847657,0.0,0.0,0.0,0.0,0.0,29660.03316749585,0.0,0.0,0.0,63465.476604458876,0.0,46393.15334392095,0.0
6747,7.258,730.53746,730.53813,0.9171321420467337,C40H76NO8P,CCCCCCC=CCCCCCCCC(=O)OC(COC(=O)CCCCCC=CCCCCCCCC)COP(=O)([O-])OCC[N+](C)(C)C,[M+H]+,PC 16:1_16:1,PC 16:1(7)_16:1(9),0.8794999999999997,0.6994400000000098,0.24495772742116315,0.5622288637105815,All,Some,146769.32217656088,157753.5369562343,142008.30902501545,126271.32681795595,170920.68483577916,245688.94289185913,351796.6000149779,157617.27750299533,309091.2940379404,465033.2005312085,216296.2962962963,324772.5978358149,269970.277122126,239277.28258251026,448552.99254279205,225088.5668276972,395102.3469207695,231304.38643225006
6747,7.258,730.53746,730.53813,0.9171321420467337,C40H76NO8P,CCCCCCC=CCCCCCCCC(=O)OC(COC(=O)CCCCC=CCCCCCCCCC)COP(=O)([O-])OCC[N+](C)(C)C,[M+H]+,PC 16:1_16:1,PC 16:1(6)_16:1(9),0.8409999999999997,0.8852550000000008,0.22510301468584976,0.5330515073429247,All,Some,1083230.6778234392,605579.796377099,971325.0243083178,680395.3398487108,1154835.7791754017,664311.0571081409,811536.7333183553,862382.7224970048,774242.0392953929,738300.1328021248,300030.4035378662,801894.0688308518,666696.3895445407,650722.7174174897,438245.8173950002,578244.766505636,1087957.4730898181,652028.9469010833
6747,7.258,730.53746,730.53813,0.9171321420467337,C40H76NO8P,CCCCCCCCC=CCCCCCC(=O)OC(COC(=O)CCCCCC=CCCCCCCCC)COP(=O)([O-])OCC[N+](C)(C)C,[M+H]+,PC 16:1_16:1,PC 16:1(7)_16:1(7),0.907,0.5037550000000124,0.03970942547062678,0.4733547127353134,All,Some,146769.32217656088,157753.5369562343,142008.30902501545,126271.32681795595,148497.5541579315,245688.94289185913,351796.6000149779,157617.27750299533,309091.2940379404,465033.2005312085,186636.26312880043,324772.5978358149,269970.277122126,239277.28258251026,385087.51593833324,225088.5668276972,348709.1935768485,231304.38643225006
6747,7.258,730.53746,730.53813,0.9171321420467337,C40H76NO8P,CCCCCCCCC=CCCCCCC(=O)OC(COC(=O)CCCCC=CCCCCCCCCC)COP(=O)([O-])OCC[N+](C)(C)C,[M+H]+,PC 16:1_16:1,PC 16:1(6)_16:1(7),0.8685,0.6895700000000033,0.01985471273531339,0.4441773563676567,All,Some,1230000.0,763333.3333333334,1113333.3333333333,806666.6666666666,1280910.2026554858,910000.0000000001,1163333.333333333,1020000.0000000001,1083333.3333333333,1203333.333333333,457006.6334991707,1126666.6666666665,936666.6666666666,890000.0,759867.8567288745,803333.3333333333,1390273.513322746,883333.3333333336
6747,7.258,730.53746,730.53813,0.9171321420467337,C40H76NO8P,CCCCCCCCCC=CCCCCC(=O)OC(COC(=O)CCCCC=CCCCCCCCCC)COP(=O)([O-])OCC[N+](C)(C)C,[M+H]+,PC 16:1_16:1,PC 16:1(6)_16:1(6),0.8300000000000001,0.8753849999999943,0.0,0.41500000000000004,All,None,1083230.6778234392,605579.796377099,971325.0243083178,680395.3398487108,1132412.6484975542,664311.0571081409,811536.7333183553,862382.7224970048,774242.0392953929,738300.1328021248,270370.37037037034,801894.0688308518,666696.3895445407,650722.7174174897,374780.3407905414,578244.766505636,1041564.3197458973,652028.9469010833
6819,7.282,784.48773,784.49118,4.397754988054534,C45H70NO8P,CCC=CCC=CCC=CCC=CCC=CCCCC(=O)OC(COC(=O)CCCC=CCC=CCC=CCC=CCC=CCC)COP(=O)(O)OCCN,[M+H]+,PE 20:5_20:5,"PE 20:5(5,8,11,14,17)_20:5(5,8,11,14,17)",0.6908571428571426,0.36531428571426466,0.002248549833283896,0.3465528463452133,Some,Some,18500.0,20900.0,17200.0,20600.0,18200.0,41200.0,51100.0,17500.0,60300.0,57700.0,43700.0,46400.0,42400.0,34600.0,34500.0,40200.0,38300.0,35100.0
6847,7.293,780.55263,780.55378,1.4733129598561423,C44H78NO8P,CCC=CCC=CCC=CCC=CCC=CCCCCCCCCCCCC(=O)OC(COC(=O)CCCCCCC)COP(=O)([O-])OCC[N+](C)(C)C,[M+H]+,PC 8:0_28:5,"PC 8:0_28:5(13,16,19,22,25)",0.7711428571428576,0.6595671428571157,0.423025958428864,0.5970844077858608,All,Some,64107.173075115155,82967.9885332059,134920.8996714683,44232.28346456693,154231.24516627996,196086.13891416436,300908.8878963823,155846.04419101926,126953.45911949687,148225.7732665798,182292.9655981809,110095.3642384106,262150.55762081785,82143.88489208634,198154.4395816334,215241.7971876072,210504.4271532063,183498.0045610034
6847,7.293,780.55263,780.55378,1.4733129598561423,C44H78NO8P,CCCCCC=CCC=CCC=CCC=CCC=CCCCCCCCCC(=O)OC(COC(=O)CCCCCCC)COP(=O)([O-])OCC[N+](C)(C)C,[M+H]+,PC 8:0_28:5,"PC 8:0_28:5(10,13,16,19,22)",0.8723333333333331,0.7105633333333685,0.2859512573003787,0.5791422953168559,All,Some,162892.82692488487,178032.01146679407,83079.10032853171,165767.71653543308,127768.75483372003,337913.8610858356,334091.1121036177,72153.95580898075,537046.5408805031,465774.2267334203,471707.0344018191,445904.6357615894,308849.44237918215,436856.1151079137,479845.5604183666,276758.20281239285,215495.57284679363,298501.9954389966
6851,7.294,782.55959,782.56943,12.573964204113883,C44H80NO8P,CCCCCC=CCC=CCCCCCCCC(=O)OC(COC(=O)CCCCC=CCC=CCCCCCCCC)COP(=O)([O-])OCC[N+](C)(C)C,[M+H]+,PC 18:2_18:2,"PC 18:2(6,9)_18:2(9,12)",0.8100000000000002,0.735283999999956,0.5829280195647272,0.6964640097823637,Some,Some,0.0,0.0,0.0,0.0,0.0,2328.1710914454275,7767.399912010559,0.0,5619.900271985493,6134.219425136201,11056.267173958995,6053.642630892491,5597.78427450377,0.0,15676.744186046511,4095.7237630884824,4838.205491944473,5684.060703176549
6851,7.294,782.55959,782.56943,12.573964204113883,C44H80NO8P,CCCCCC=CCC=CCCCCCCCC(=O)OC(COC(=O)CCCCCCCC=CCC=CCCCCC)COP(=O)([O-])OCC[N+](C)(C)C,[M+H]+,PC 18:2_18:2,"PC 18:2(9,12)_18:2(9,12)",0.6873333333333331,0.6287766666666433,0.6516317347601038,0.6694825340467184,All,Some,0.0,0.0,0.0,0.0,0.0,24500.0,35100.0,0.0,36250.0,25650.0,35200.0,28450.0,26750.0,0.0,35455.813953488374,23900.0,24250.0,26600.0
6851,7.294,782.55959,782.56943,12.573964204113883,C44H80NO8P,CCCCCCCCC=CCC=CCCCCC(=O)OC(COC(=O)CCCCC=CCC=CCCCCCCCC)COP(=O)([O-])OCC[N+](C)(C)C,[M+H]+,PC 18:2_18:2,"PC 18:2(6,9)_18:2(6,9)",0.9873333333333333,0.8849899999999783,0.3199149645144414,0.6536241489238873,All,Some,0.0,0.0,0.0,0.0,0.0,22171.82890855457,27332.60008798944,0.0,30630.09972801451,19515.7805748638,24143.732826041003,22396.357369107507,21152.215725496233,0.0,24467.44186046512,19804.27623691152,19411.794508055526,20915.939296823453
7022,7.399,784.48719,784.49118,5.0860992470694955,C45H70NO8P,CCC=CCC=CCC=CCC=CCC=CCCCC(=O)OC(COC(=O)CCCC=CCC=CCC=CCC=CCC=CCC)COP(=O)(O)OCCN,[M+H]+,PE 20:5_20:5,"PE 20:5(5,8,11,14,17)_20:5(5,8,11,14,17)",0.7195555555555555,0.16809555555547226,0.0,0.35977777777777775,Some,Some,0.0,0.0,0.0,0.0,0.0,0.0,0.0,0.0,0.0,0.0,0.0,5290.0,0.0,0.0,0.0,0.0,0.0,0.0
7035,7.403,662.47517,662.47553,0.5434162979583291,C35H68NO8P,CCCCCCCCC=CCCCCCCCCCCCC(=O)OC(COC(=O)CCCCCCC)COP(=O)(O)OCCN,[M+H]+,PE 8:0_22:1,PE 8:0_22:1(13),0.7759999999999989,0.8562600000000771,0.0,0.38799999999999946,All,None,126000.0,,122000.0,,127000.0,,,,228000.0,,,,,,,,,195000.0
7047,7.408,730.53752,730.53813,0.8350009054989556,C40H76NO8P,CCCCCCC=CCCCCCCCC(=O)OC(COC(=O)CCCCCCCC=CCCCCCC)COP(=O)([O-])OCC[N+](C)(C)C,[M+H]+,PC 16:1_16:1,PC 16:1(9)_16:1(9),0.9569999999999999,0.8951449999999568,0.45021873404662804,0.7036093670233139,All,Some,213032.87660891557,0.0,407506.44329896907,0.0,0.0,0.0,0.0,170921.17930204573,0.0,0.0,0.0,0.0,0.0,0.0,0.0,0.0,0.0,0.0
7047,7.408,730.53752,730.53813,0.8350009054989556,C40H76NO8P,CCCCCCC=CCCCCCCCC(=O)OC(COC(=O)CCCCC=CCCCCCCCCC)COP(=O)([O-])OCC[N+](C)(C)C,[M+H]+,PC 16:1_16:1,PC 16:1(6)_16:1(9),0.9690000000000003,0.8939799999999423,0.22510936702331402,0.5970546835116571,All,Some,213032.87660891557,0.0,518715.6357388317,0.0,0.0,0.0,0.0,183651.62454873646,0.0,0.0,0.0,0.0,0.0,0.0,0.0,0.0,0.0,0.0
7047,7.408,730.53752,730.53813,0.8350009054989556,C40H76NO8P,CCCCCCC=CCCCCCCCC(=O)OC(COC(=O)CCCCCC=CCCCCCCCC)COP(=O)([O-])OCC[N+](C)(C)C,[M+H]+,PC 16:1_16:1,PC 16:1(7)_16:1(9),0.9239999999999995,0.8997124999999642,0.22510936702331402,0.5745546835116567,All,Some,673333.3333333333,0.0,495457.47422680416,0.0,0.0,0.0,0.0,697269.5547533093,0.0,0.0,0.0,0.0,0.0,0.0,0.0,0.0,0.0,0.0
7047,7.408,730.53752,730.53813,0.8350009054989556,C40H76NO8P,CCCCCCCCCC=CCCCCC(=O)OC(COC(=O)CCCCC=CCCCCCCCCC)COP(=O)([O-])OCC[N+](C)(C)C,[M+H]+,PC 16:1_16:1,PC 16:1(6)_16:1(6),0.9810000000000008,0.8928149999999277,0.0,0.4905000000000004,All,None,0.0,0.0,111209.19243986256,0.0,0.0,0.0,0.0,12730.445246690733,0.0,0.0,0.0,0.0,0.0,0.0,0.0,0.0,0.0,0.0
7047,7.408,730.53752,730.53813,0.8350009054989556,C40H76NO8P,CCCCCCCCC=CCCCCCC(=O)OC(COC(=O)CCCCC=CCCCCCCCCC)COP(=O)([O-])OCC[N+](C)(C)C,[M+H]+,PC 16:1_16:1,PC 16:1(6)_16:1(7),0.9359999999999999,0.8985474999999497,0.0,0.46799999999999997,All,None,460300.4567244178,0.0,199160.22336769762,0.0,0.0,0.0,0.0,539078.8206979543,0.0,0.0,0.0,0.0,0.0,0.0,0.0,0.0,0.0,0.0
7047,7.408,730.53752,730.53813,0.8350009054989556,C40H76NO8P,CCCCCCCCC=CCCCCCC(=O)OC(COC(=O)CCCCCC=CCCCCCCCC)COP(=O)([O-])OCC[N+](C)(C)C,[M+H]+,PC 16:1_16:1,PC 16:1(7)_16:1(7),0.8909999999999991,0.9042799999999716,0.0,0.44549999999999956,All,None,460300.4567244178,0.0,87951.03092783506,0.0,0.0,0.0,0.0,526348.3754512636,0.0,0.0,0.0,0.0,0.0,0.0,0.0,0.0,0.0,0.0
7205,7.515,778.53522,778.53813,3.7377745391129404,C44H76NO8P,CCC=CCC=CCC=CCCCCCCCC(=O)OC(COC(=O)CCCCC=CCC=CCC=CCCCCC)COP(=O)([O-])OCC[N+](C)(C)C,[M+H]+,PC 18:3_18:3,"PC 18:3(6,9,12)_18:3(9,12,15)",0.8565714285714289,0.6913457142857169,0.08316240552803186,0.4698669170497304,Some,Some,31710.689282258525,22093.030649094108,31286.540157428884,20299.962990377495,32380.033401373166,0.0,11268.21160732383,26520.122956965064,10945.454545454546,11571.611154144077,7826.894089646965,10117.5,12943.433311398192,11664.375646250228,9552.884255679974,8515.996464869642,0.0,8085.421545667447
7205,7.515,778.53522,778.53813,3.7377745391129404,C44H76NO8P,CCCCCC=CCC=CCC=CCCCCC(=O)OC(COC(=O)CCCCC=CCC=CCC=CCCCCC)COP(=O)([O-])OCC[N+](C)(C)C,[M+H]+,PC 18:3_18:3,"PC 18:3(6,9,12)_18:3(6,9,12)",0.8804000000000002,0.439058,0.0,0.4402000000000001,All,None,45511.87318572486,31928.639772832496,46156.057092464966,35850.0,47182.33438485804,0.0,28800.0,37318.218623481785,30100.000000000007,29603.446940356316,22890.916303054342,31281.279069767443,27223.67090361237,24675.74559536119,22783.749407686362,22050.0,0.0,18646.779859484777
7205,7.515,778.53522,778.53813,3.7377745391129404,C44H76NO8P,CCC=CCC=CCC=CCCCCCCCC(=O)OC(COC(=O)CCCCCCCC=CCC=CCC=CCC)COP(=O)([O-])OCC[N+](C)(C)C,[M+H]+,PC 18:3_18:3,"PC 18:3(9,12,15)_18:3(9,12,15)",0.6866666666666669,0.7715049999999906,0.14723672682649971,0.4169516967465832,All,Some,16577.43753201662,13678.329578073397,25557.402750106154,15550.037009622502,18837.632213768786,0.0,17531.78839267617,18461.658419553158,19154.545454545456,19924.941905499614,16882.189607298693,22501.22093023256,14932.895784989438,14259.878758388584,13663.366336633662,13534.00353513036,0.0,10967.798594847774
7250,7.528,704.52194,704.52248,0.7664766069648667,C38H74NO8P,CCCCCCCCC=CCCCCCCCCCCCC(=O)OC(COC(=O)CCCCCCC)COP(=O)([O-])OCC[N+](C)(C)C,[M+H]+,PC 8:0_22:1,PC 8:0_22:1(13),0.9939999999999989,0.9043649999999843,0.0,0.49699999999999944,All,None,114000.0,0.0,88200.0,74700.0,103000.0,209000.0,176000.0,84400.0,189000.0,185000.0,161000.0,191000.0,214000.0,187000.0,143000.0,202000.0,170000.0,161000.0
7261,7.53,780.55273,780.55378,1.3451987894591992,C44H78NO8P,CCC=CCC=CCC=CCC=CCC=CCCCC(=O)OC(COC(=O)CCCCCCCCCCCCCCC)COP(=O)([O-])OCC[N+](C)(C)C,[M+H]+,PC 16:0_20:5,"PC 16:0_20:5(5,8,11,14,17)",0.9971999999999996,0.9044510000000059,0.2962505317459348,0.6467252658729672,All,Some,451000.0,529000.0,441000.0,436000.0,438000.0,1480000.0,1670000.0,425000.0,1850000.0,1610000.0,1460000.0,1560000.0,1520000.0,1540000.0,1420000.0,1450000.0,1230000.0,1330000.0
7268,7.531,782.55973,782.56943,12.395066339438037,C44H80NO8P,CCCCCC=CCC=CCCCCCCCC(=O)OC(COC(=O)CCCCCCCC=CCC=CCCCCC)COP(=O)([O-])OCC[N+](C)(C)C,[M+H]+,PC 18:2_18:2,"PC 18:2(9,12)_18:2(9,12)",0.9955000000000003,0.9116474999999582,0.4884522210977611,0.7419761105488807,All,Some,0.0,0.0,0.0,0.0,0.0,10559.116422234292,18507.514989792475,0.0,0.0,15227.614490772381,23926.595744680853,0.0,17287.795557678528,0.0,32264.776284293865,11521.354001898131,0.0,14578.410746075417
7268,7.531,782.55973,782.56943,12.395066339438037,C44H80NO8P,CCCCCC=CCC=CCCCCCCCC(=O)OC(COC(=O)CCCCC=CCC=CCCCCCCCC)COP(=O)([O-])OCC[N+](C)(C)C,[M+H]+,PC 18:2_18:2,"PC 18:2(6,9)_18:2(9,12)",0.9090000000000004,0.8998549999999454,0.48569295561449194,0.6973464778072461,Some,Some,0.0,0.0,0.0,0.0,0.0,77227.95582111171,101892.33069170055,0.0,0.0,94000.0,75801.06382978725,0.0,94706.58480731676,0.0,79619.03885104033,79000.0,0.0,79054.86324648002
7268,7.531,782.55973,782.56943,12.395066339438037,C44H80NO8P,CCCCCCCCC=CCC=CCCCCC(=O)OC(COC(=O)CCCCC=CCC=CCCCCCCCC)COP(=O)([O-])OCC[N+](C)(C)C,[M+H]+,PC 18:2_18:2,"PC 18:2(6,9)_18:2(6,9)",0.8105000000000007,0.7213624999999695,0.24008721232397676,0.5252936061619887,All,Some,0.0,0.0,0.0,0.0,0.0,68212.927756654,85600.15431850697,0.0,0.0,78772.3855092276,62272.34042553192,0.0,80005.6196350047,0.0,65116.1848646658,67478.64599810186,0.0,66366.72600744457
7316,7.556,688.49067,688.49118,0.7407502300362496,C37H70NO8P,CCCCCCC=CCCCCCCCC(=O)OC(COC(=O)CCCCCCCC=CCCCCCC)COP(=O)(O)OCCN,[M+H]+,PE 16:1_16:1,PE 16:1(9)_16:1(9),0.9960000000000004,0.9271699999999896,0.0,0.4980000000000002,All,None,14317.378983735103,0.0,0.0,0.0,0.0,0.0,0.0,0.0,0.0,0.0,0.0,0.0,13739.324928832862,0.0,0.0,0.0,0.0,3170.731707317073
7316,7.556,688.49067,688.49118,0.7407502300362496,C37H70NO8P,CCCCCCC=CCCCCCCCC(=O)OC(COC(=O)CCCCCC=CCCCCCCCC)COP(=O)(O)OCCN,[M+H]+,PE 16:1_16:1,PE 16:1(7)_16:1(9),0.9340000000000006,0.9066075000000069,0.0,0.4670000000000003,All,None,42580.256977601806,33197.3018549747,38672.496025437205,35354.09252669039,32156.862745098042,89180.90307736555,91970.65727699532,31964.842011570985,97165.04223521768,110333.33333333333,62218.98519058023,86814.68324452337,92047.58031720213,75087.71929824562,40297.0297029703,72238.5114100477,55227.48711994774,74271.98817442718
7316,7.556,688.49067,688.49118,0.7407502300362496,C37H70NO8P,CCCCCCCCC=CCCCCCC(=O)OC(COC(=O)CCCCCC=CCCCCCCCC)COP(=O)(O)OCCN,[M+H]+,PE 16:1_16:1,PE 16:1(7)_16:1(7),0.8720000000000008,0.8860450000000242,0.0,0.4360000000000004,All,None,131403.78867279997,68802.6981450253,100327.50397456279,75645.90747330959,137509.8039215686,62152.430255967796,77362.67605633802,109701.82465509568,55501.624431449,0.0,37114.34814275309,70851.98342214327,66691.74461163075,67578.94736842104,18369.63696369637,60094.821923285635,80439.17954671891,58898.743532889865
7316,7.556,688.49067,688.49118,0.7407502300362496,C37H70NO8P,CCCCCCC=CCCCCCCCC(=O)OC(COC(=O)CCCCC=CCCCCCCCCC)COP(=O)(O)OCCN,[M+H]+,PE 16:1_16:1,PE 16:1(6)_16:1(9),0.8565000000000005,0.9008575000000008,0.0,0.42825000000000024,All,None,28262.8779938667,33197.3018549747,38672.496025437205,35354.09252669039,32156.862745098042,89180.90307736555,91970.65727699532,31964.842011570985,97165.04223521768,110333.33333333333,62218.98519058023,86814.68324452337,78308.25538836926,75087.71929824562,40297.0297029703,72238.5114100477,55227.48711994774,71101.25646711011
7316,7.556,688.49067,688.49118,0.7407502300362496,C37H70NO8P,CCCCCCCCC=CCCCCCC(=O)OC(COC(=O)CCCCC=CCCCCCCCCC)COP(=O)(O)OCCN,[M+H]+,PE 16:1_16:1,PE 16:1(6)_16:1(7),0.7945000000000007,0.880295000000018,0.0,0.3972500000000003,All,None,145349.28768293155,102000.0,139000.0,111000.0,169666.66666666666,151333.33333333334,169333.33333333334,141666.66666666666,152666.66666666666,110333.33333333333,99333.33333333333,157666.66666666666,131260.67507116715,142666.66666666666,58666.666666666664,132333.3333333333,135666.66666666666,126829.26829268293
7316,7.556,688.49067,688.49118,0.7407502300362496,C37H70NO8P,CCCCCCCCCC=CCCCCC(=O)OC(COC(=O)CCCCC=CCCCCCCCCC)COP(=O)(O)OCCN,[M+H]+,PE 16:1_16:1,PE 16:1(6)_16:1(6),0.7170000000000005,0.8745450000000119,0.0,0.35850000000000026,All,None,117086.40968906487,68802.6981450253,100327.50397456279,75645.90747330959,137509.8039215686,62152.430255967796,77362.67605633802,109701.82465509568,55501.624431449,0.0,37114.34814275309,70851.98342214327,52952.41968279788,67578.94736842104,18369.63696369637,60094.821923285635,80439.17954671891,55728.011825572794
7378,7.607,738.50627,738.50683,0.7582868259513115,C41H72NO8P,CCCCCC=CCC=CCC=CCC=CCCCC(=O)OC(COC(=O)CCCCCCCC=CCCCCCC)COP(=O)(O)OCCN,[M+H]+,PE 16:1_20:4,"PE 16:1(9)_20:4(5,8,11,14)",0.9040000000000001,0.689421249999981,0.0,0.45200000000000007,All,None,46388.19188191883,39340.4486251809,49903.16561146284,48851.32539377642,79009.21597435555,95465.92414208305,110255.88856718053,49399.38128383603,218440.2985074627,148770.23167248492,121028.28538688862,124543.39622641509,93608.32602184372,73960.27629209557,72911.77397994578,93178.31387048359,86379.57112126914,77376.60157588216
7378,7.607,738.50627,738.50683,0.7582868259513115,C41H72NO8P,CCCCCC=CCC=CCC=CCC=CCCCC(=O)OC(COC(=O)CCCCCC=CCCCCCCCC)COP(=O)(O)OCCN,[M+H]+,PE 16:1_20:4,"PE 16:1(7)_20:4(5,8,11,14)",0.8513333333333337,0.7544199999999629,0.0,0.42566666666666686,Some,None,52246.49446494466,53268.63241678727,52955.01499500167,50320.78371110257,42609.12247896354,76055.6893437688,103513.88997574143,47920.95901005414,160320.89552238808,76205.96635988574,85433.02575236716,87890.98532494759,82593.35007412339,86364.87757680006,96008.89197199975,73966.43116008348,69155.18284485077,73429.90750256937
7378,7.607,738.50627,738.50683,0.7582868259513115,C41H72NO8P,CCCCCC=CCC=CCC=CCC=CCCCC(=O)OC(COC(=O)CCCCC=CCCCCCCCCC)COP(=O)(O)OCCN,[M+H]+,PE 16:1_20:4,"PE 16:1(6)_20:4(5,8,11,14)",0.8320000000000003,0.6738024999999936,0.0,0.41600000000000015,All,None,8349.077490774907,5155.028943560057,7756.281239586804,8457.548981943912,27317.016161346335,44955.749548464766,39856.01377259567,11060.788863109046,58119.40298507463,55075.108431185865,46315.66250527712,52360.587002096436,40493.63144041388,28039.884967882386,10899.981080910638,35638.24724530512,45220.153267007256,37434.155532716686
7378,7.607,738.50627,738.50683,0.7582868259513115,C41H72NO8P,CCC=CCC=CCC=CCC=CCCCCCCC(=O)OC(COC(=O)CCCCCCCC=CCCCCCC)COP(=O)(O)OCCN,[M+H]+,PE 16:1_20:4,"PE 16:1(9)_20:4(8,11,14,17)",0.8246666666666665,0.5041244444444399,0.0,0.4123333333333333,All,Some,23154.24354243543,26052.641099855282,21230.25658113962,15924.574209245742,8337.451582743422,41833.65442504515,50620.86235229674,17987.47099767981,0.0,0.0,10720.402870755683,27115.30398322851,41366.22999425167,51416.615153062594,28459.98612600113,29316.213347000034,36632.49529443398,33487.46145940391
7378,7.607,738.50627,738.50683,0.7582868259513115,C41H72NO8P,CCC=CCC=CCC=CCC=CCCCCCCC(=O)OC(COC(=O)CCCCCC=CCCCCCCCC)COP(=O)(O)OCCN,[M+H]+,PE 16:1_20:4,"PE 16:1(7)_20:4(8,11,14,17)",0.7977499999999997,0.5529875000000004,0.0,0.39887499999999987,Some,None,26501.84501845019,19627.532561505064,23051.71609463512,22488.1546933026,41063.64364899159,81549.6086694762,89247.67196181235,26054.91105955143,58119.40298507463,108756.4794245213,68548.94155961642,95371.06918238994,85476.71920854386,62906.87236272744,37811.12442454437,80056.33854376397,72418.4928744286,64609.28400137033
7378,7.607,738.50627,738.50683,0.7582868259513115,C41H72NO8P,CCC=CCC=CCC=CCC=CCCCCCCC(=O)OC(COC(=O)CCCCC=CCCCCCCCCC)COP(=O)(O)OCCN,[M+H]+,PE 16:1_20:4,"PE 16:1(6)_20:4(8,11,14,17)",0.7606666666666667,0.4902411111111178,0.0,0.38033333333333336,All,Some,32360.147601476016,33555.71635311143,26103.565478173943,23957.613010628764,4663.550153599573,62139.37387116195,82505.67337037325,24576.48878576952,0.0,36192.21411192214,32953.681925094985,58718.65828092242,74461.74326082354,75311.47364743192,60908.242416598354,60844.455833363834,55194.10459801022,60662.58992805756
7522,7.689,778.53527,778.53813,3.673551608904694,C44H76NO8P,CCC=CCC=CCC=CCCCCCCCC(=O)OC(COC(=O)CCCCCCCC=CCC=CCC=CCC)COP(=O)([O-])OCC[N+](C)(C)C,[M+H]+,PC 18:3_18:3,"PC 18:3(9,12,15)_18:3(9,12,15)",0.7699999999999999,0.7482120000000123,0.13768048755298345,0.45384024377649174,All,Some,24581.333333333336,0.0,16465.912444663063,0.0,0.0,0.0,16466.762589928057,41941.144414168935,14558.850226928897,7816.406250000001,0.0,12794.539353264183,12974.543325526933,15614.721639878873,0.0,10568.585944115157,12626.666666666666,0.0
7522,7.689,778.53527,778.53813,3.673551608904694,C44H76NO8P,CCC=CCC=CCC=CCCCCCCCC(=O)OC(COC(=O)CCCCC=CCC=CCC=CCCCCC)COP(=O)([O-])OCC[N+](C)(C)C,[M+H]+,PC 18:3_18:3,"PC 18:3(6,9,12)_18:3(9,12,15)",0.8346666666666668,0.5174499999999966,0.06529412611630785,0.4499803963914873,Some,Some,20709.333333333332,0.0,15881.554353172654,0.0,0.0,0.0,22366.61870503597,21558.85558583106,30020.574886535553,13310.546875,0.0,15361.394142769983,16462.72833723653,19892.639180060563,0.0,18265.707027942422,15786.666666666664,0.0
7522,7.689,778.53527,778.53813,3.673551608904694,C44H76NO8P,CCCCCC=CCC=CCC=CCCCCC(=O)OC(COC(=O)CCCCC=CCC=CCC=CCCCCC)COP(=O)([O-])OCC[N+](C)(C)C,[M+H]+,PC 18:3_18:3,"PC 18:3(6,9,12)_18:3(6,9,12)",0.8144000000000002,0.4330979999999499,0.0,0.4072000000000001,All,None,20709.333333333332,0.0,20452.53320216429,0.0,0.0,0.0,22366.61870503597,0.0,30020.574886535553,22373.046875,0.0,23944.066503965834,16462.72833723653,19892.639180060563,0.0,18265.707027942422,15786.666666666668,0.0
7674,7.813,714.50635,714.50683,0.6717920387670355,C39H72NO8P,CCCCCCCCC=CCC=CCCCCC(=O)OC(COC(=O)CCCCCC=CCCCCCCCC)COP(=O)(O)OCCN,[M+H]+,PE 16:1_18:2,"PE 16:1(7)_18:2(6,9)",0.8550000000000004,0.6027499999999577,0.0,0.4275000000000002,Some,None,95245.05717008098,83603.86079390973,88707.99172477206,112888.61232109522,81337.21926967255,77270.65085894022,157500.0,105777.65407554671,94590.5383360522,113000.0,84106.1415948511,103881.57663206053,108756.22196276039,54726.80342344789,53123.12611012432,106770.06478910486,76024.79711451757,75600.52661275154
7674,7.813,714.50635,714.50683,0.6717920387670355,C39H72NO8P,CCCCCC=CCC=CCCCCCCCC(=O)OC(COC(=O)CCCCCCCC=CCCCCCC)COP(=O)(O)OCCN,[M+H]+,PE 16:1_18:2,"PE 16:1(9)_18:2(9,12)",0.790666666666667,0.6721516666666693,0.0,0.3953333333333335,All,None,82566.1029061458,68310.76672104404,69046.05011110261,141122.58867454884,76092.0624035659,50343.38253084925,157500.0,115979.00596421468,68437.19412724307,113000.0,43318.42478455329,73429.17473165582,87600.31954771705,49257.43784811846,41308.134991119005,86122.96707655693,73905.54553651938,60847.8465299981
7674,7.813,714.50635,714.50683,0.6717920387670355,C39H72NO8P,CCCCCCCCC=CCC=CCCCCC(=O)OC(COC(=O)CCCCCCCC=CCCCCCC)COP(=O)(O)OCCN,[M+H]+,PE 16:1_18:2,"PE 16:1(9)_18:2(6,9)",0.7616666666666667,0.6809633333333144,0.0,0.38083333333333336,All,None,13290.555026202954,19624.52419793366,0.0,0.0,9222.527001542945,9384.127752238082,0.0,15656.620278330018,0.0,0.0,15936.62048652776,0.0,11800.528482762858,6331.204999320743,11415.985790408526,9396.800211556263,10167.042380522993,7529.43389129208
7674,7.813,714.50635,714.50683,0.6717920387670355,C39H72NO8P,CCCCCC=CCC=CCCCCCCCC(=O)OC(COC(=O)CCCCC=CCCCCCCCCC)COP(=O)(O)OCCN,[M+H]+,PE 16:1_18:2,"PE 16:1(6)_18:2(9,12)",0.7486666666666671,0.4528333333333497,0.0,0.3743333333333336,All,None,16442.651262505955,37918.16204458946,19661.941613669453,21754.822650902304,40320.5897479856,20586.98282119525,0.0,37286.759443339964,26153.344208809132,0.0,24851.09632377004,41411.2264648953,31042.831684385175,27490.467780645748,18343.16163410302,30604.25756974746,25618.8007213706,19623.848034605977
7674,7.813,714.50635,714.50683,0.6717920387670355,C39H72NO8P,CCCCCCCCC=CCC=CCCCCC(=O)OC(COC(=O)CCCCC=CCCCCCCCCC)COP(=O)(O)OCCN,[M+H]+,PE 16:1_18:2,"PE 16:1(6)_18:2(6,9)",0.7196666666666669,0.4616449999999948,0.0,0.35983333333333345,All,None,100067.29394949977,36417.890157694404,97122.97908206267,0.0,116636.37922166982,65171.062182434056,0.0,29049.304174950295,62486.13376835237,0.0,40787.7168102978,49365.212035896526,63978.0003687089,55831.72576189829,21812.291296625222,56876.504032791236,27201.53291253381,36575.51250705284
7674,7.813,714.50635,714.50683,0.6717920387670355,C39H72NO8P,CCCCCC=CCC=CCCCCCCCC(=O)OC(COC(=O)CCCCCC=CCCCCCCCC)COP(=O)(O)OCCN,[M+H]+,PE 16:1_18:2,"PE 16:1(7)_18:2(9,12)",0.6924999999999999,0.506274999999988,0.0,0.34624999999999995,Some,None,87388.33968556454,21124.79608482871,77461.03746839323,28233.976353453643,111391.22235556315,38243.79385434309,0.0,39250.65606361829,36332.78955954323,0.0,0.0,18912.810135491818,42822.09795366558,50362.36018656885,9997.300177619894,36229.406320243295,25082.281334535615,21822.83242429941
7684,7.818,782.56887,782.56943,0.7155914588486606,C44H80NO8P,CCCCCC=CCC=CCCCCCCCC(=O)OC(COC(=O)CCCCC=CCC=CCCCCCCCC)COP(=O)([O-])OCC[N+](C)(C)C,[M+H]+,PC 18:2_18:2,"PC 18:2(6,9)_18:2(9,12)",0.7695999999999998,0.910789999999929,0.5562925216895267,0.6629462608447632,Some,Some,161555.7537912578,0.0,165960.18451080358,54724.742268041235,209549.6296296296,94433.53373413494,51038.112522686024,0.0,93658.97378444992,38939.57861744733,0.0,37697.87644787645,58582.83497656376,77526.58443215654,0.0,77343.99254889786,34273.46426124685,46498.33062237823
7684,7.818,782.56887,782.56943,0.7155914588486606,C44H80NO8P,CCCCCC=CCC=CCCCCCCCC(=O)OC(COC(=O)CCCCCCCC=CCC=CCCCCC)COP(=O)([O-])OCC[N+](C)(C)C,[M+H]+,PC 18:2_18:2,"PC 18:2(9,12)_18:2(9,12)",0.7275,0.9133974999999168,0.49644957323543143,0.6119747866177158,All,Some,130652.09634255129,187000.00000000003,128320.22335518332,163500.0,92225.18518518517,160891.44956579828,218000.0,182500.0,206635.1109119426,209000.0,185000.0,182500.0,145307.90366898337,148373.67077839217,157000.0,172306.7370381869,156500.0,154023.97055046656
7684,7.818,782.56887,782.56943,0.7155914588486606,C44H80NO8P,CCCCCCCCC=CCC=CCCCCC(=O)OC(COC(=O)CCCCC=CCC=CCCCCCCCC)COP(=O)([O-])OCC[N+](C)(C)C,[M+H]+,PC 18:2_18:2,"PC 18:2(6,9)_18:2(6,9)",0.9433333333333328,0.8810433333333473,0.2652214385019692,0.604277385917651,All,Some,99792.14986619091,187000.0,99719.59213401313,108775.25773195876,92225.18518518517,123675.01670006682,166961.88747731398,182500.0,174705.91530360744,170060.42138255265,185000.0,144802.12355212355,112109.2613544529,122099.74478945132,157000.0,125349.27041291526,122226.53573875315,126477.69882715523
7718,7.84,738.50638,738.50683,0.6093376279278657,C41H72NO8P,CCC=CCC=CCC=CCC=CCCCCCCC(=O)OC(COC(=O)CCCCCCCC=CCCCCCC)COP(=O)(O)OCCN,[M+H]+,PE 16:1_20:4,"PE 16:1(9)_20:4(8,11,14,17)",0.9633999999999998,0.8328620000000797,0.003943462159237563,0.4836717310796187,All,Some,36713.53711790393,69439.69339921449,36269.486652977415,55668.20276497696,8425.575636229518,112040.95220872312,162750.00000000003,59452.20444791261,149440.52118559778,142140.4789053592,137183.47751687423,138636.4626443041,127147.99377470888,115197.0467277614,107449.2537313433,123250.5259131765,113514.10698990319,110158.25766660957
7718,7.84,738.50638,738.50683,0.6093376279278657,C41H72NO8P,CCC=CCC=CCC=CCC=CCCCCCCC(=O)OC(COC(=O)CCCCC=CCCCCCCCCC)COP(=O)(O)OCCN,[M+H]+,PE 16:1_20:4,"PE 16:1(6)_20:4(8,11,14,17)",0.9531999999999998,0.8561330000000794,0.0019717310796187816,0.47758586553980925,All,Some,73513.79912663755,25799.189154947424,71940.12320328542,45290.32258064516,115205.33220928395,104071.74445558716,97169.55719557194,31381.193913382755,120364.5315297394,83477.30900798175,52363.34252305353,93426.70442169462,99282.57097368564,96355.3479485768,40119.23076923077,85707.43928093325,70617.90432683572,83947.83279081719
7718,7.84,738.50638,738.50683,0.6093376279278657,C41H72NO8P,CCC=CCC=CCC=CCC=CCCCCCCC(=O)OC(COC(=O)CCCCCC=CCCCCCCCC)COP(=O)(O)OCCN,[M+H]+,PE 16:1_20:4,"PE 16:1(7)_20:4(8,11,14,17)",0.8652499999999999,0.9317850000000618,0.002464663849523477,0.43385733192476167,Some,Some,36713.53711790393,66968.83314329153,34147.47433264887,55668.20276497696,8425.575636229518,86772.73250365791,128518.45018450188,82934.8419820523,118328.52595981698,111345.496009122,110047.81823367241,110730.77760836421,97736.17645480404,90412.22758330364,84675.43053960966,95950.0860585198,95945.57063877281,86161.34144252185
7718,7.84,738.50638,738.50683,0.6093376279278657,C41H72NO8P,CCCCCC=CCC=CCC=CCC=CCCCC(=O)OC(COC(=O)CCCCCCCC=CCCCCCC)COP(=O)(O)OCCN,[M+H]+,PE 16:1_20:4,"PE 16:1(9)_20:4(5,8,11,14)",0.8528888888888887,0.6242033333333489,0.002190812310687535,0.4275398505997881,All,Some,53422.532751091705,11553.401748384646,55107.227926078034,24460.82949308756,81614.62669266031,55978.825192759796,40116.9741697417,36510.33944596176,66833.59856773423,29776.966932725198,11129.86025287575,38685.68939228926,46947.72902094775,50267.802208477704,7735.24684270953,37622.79594568751,33369.16967321619,36264.30529381532
7718,7.84,738.50638,738.50683,0.6093376279278657,C41H72NO8P,CCCCCC=CCC=CCC=CCC=CCCCC(=O)OC(COC(=O)CCCCC=CCCCCCCCCC)COP(=O)(O)OCCN,[M+H]+,PE 16:1_20:4,"PE 16:1(6)_20:4(5,8,11,14)",0.8415555555555554,0.6500600000000153,0.0,0.4207777777777777,All,None,46918.16593886462,69439.69339921449,41932.52566735113,64645.16129032258,16274.566626271142,106052.47669620402,144012.7306273063,55896.21537261022,132054.40620648497,124961.45952109463,110047.81823367241,124365.06207797867,110875.4762884385,102804.63715553252,84675.43053960966,108006.11971696309,101224.72551716979,96339.34384101423
7718,7.84,738.50638,738.50683,0.6093376279278657,C41H72NO8P,CCCCCC=CCC=CCC=CCC=CCCCC(=O)OC(COC(=O)CCCCCC=CCCCCCCCC)COP(=O)(O)OCCN,[M+H]+,PE 16:1_20:4,"PE 16:1(7)_20:4(5,8,11,14)",0.74725,0.7058512499999949,0.0,0.373625,Some,None,83718.42794759826,25799.189154947424,77603.16221765913,54267.28110599078,123054.32319932558,98083.26894306803,78432.28782287822,27825.204838080375,102978.41655062661,66298.28962371722,25227.683239851696,79155.30385536919,83010.05348741525,83962.93837634791,17345.40757749713,70463.03308471983,58328.522854102324,70128.91896522186
7777,7.874,778.53419,778.53813,5.060766901753286,C44H76NO8P,CCC=CCC=CCC=CCCCCCCCC(=O)OC(COC(=O)CCCCCCCC=CCC=CCC=CCC)COP(=O)([O-])OCC[N+](C)(C)C,[M+H]+,PC 18:3_18:3,"PC 18:3(9,12,15)_18:3(9,12,15)",0.9160000000000004,0.7673066666666651,0.06719402363804879,0.49159701181902454,All,Some,0.0,12402.569593147751,10162.455241694848,12167.401460814635,9550.0,0.0,14313.31758540604,10704.80137548758,13622.630553682475,0.0,0.0,12686.084294293976,12706.476738474492,0.0,10019.95344196874,0.0,0.0,10118.344811066532
7777,7.874,778.53419,778.53813,5.060766901753286,C44H76NO8P,CCC=CCC=CCC=CCCCCCCCC(=O)OC(COC(=O)CCCCC=CCC=CCC=CCCCCC)COP(=O)([O-])OCC[N+](C)(C)C,[M+H]+,PC 18:3_18:3,"PC 18:3(6,9,12)_18:3(9,12,15)",0.8767500000000008,0.8105912499999874,0.0289963315752271,0.45287316578761394,Some,Some,0.0,9597.430406852247,9150.358066441217,10267.276436138713,9550.0,0.0,11898.822875518592,9595.19862451242,11592.567618191353,0.0,0.0,10816.188942107678,10509.016911093959,0.0,7758.962421017626,0.0,0.0,8491.659380801246
7777,7.874,778.53419,778.53813,5.060766901753286,C44H76NO8P,CCCCCC=CCC=CCC=CCCCCC(=O)OC(COC(=O)CCCCC=CCC=CCC=CCCCCC)COP(=O)([O-])OCC[N+](C)(C)C,[M+H]+,PC 18:3_18:3,"PC 18:3(6,9,12)_18:3(6,9,12)",0.7666666666666669,0.6595616666666805,0.0,0.38333333333333347,All,None,0.0,0.0,787.1866918639346,365.322103046654,0.0,0.0,787.8595390753717,0.0,784.8018281261706,0.0,0.0,897.7267635983487,784.5063504315485,0.0,621.0841370136349,0.0,0.0,489.9958081322234
7855,7.949,730.53757,730.53813,0.7665582083498704,C40H76NO8P,CCCCCCCCC=CCCCCCC(=O)OC(COC(=O)CCCCCC=CCCCCCCCC)COP(=O)([O-])OCC[N+](C)(C)C,[M+H]+,PC 16:1_16:1,PC 16:1(7)_16:1(7),0.9249999999999998,0.4967950000000201,0.48884547053548577,0.7069227352677427,All,Some,0.0,0.0,0.0,0.0,0.0,11616.389160953313,0.0,0.0,9897.119341563786,11838.75,9115.519253208871,0.0,9050.88415734392,11657.873042044515,2115.041086102179,7210.078046568864,9574.138552047065,7510.643138019563
7855,7.949,730.53757,730.53813,0.7665582083498704,C40H76NO8P,CCCCCCC=CCCCCCCCC(=O)OC(COC(=O)CCCCCC=CCCCCCCCC)COP(=O)([O-])OCC[N+](C)(C)C,[M+H]+,PC 16:1_16:1,PC 16:1(7)_16:1(9),0.8786666666666664,0.6521066666666684,0.3258969803569905,0.6022818235118285,All,Some,0.0,13166.666666666666,0.0,0.0,0.0,73666.66666666666,77666.66666666666,0.0,86666.66666666667,77000.0,62000.00000000001,73000.00000000001,63419.042463611215,74050.2885408079,53333.333333333336,56667.63820071893,57000.0,59464.43079522928
7855,7.949,730.53757,730.53813,0.7665582083498704,C40H76NO8P,CCCCCCCCC=CCCCCCC(=O)OC(COC(=O)CCCCC=CCCCCCCCCC)COP(=O)([O-])OCC[N+](C)(C)C,[M+H]+,PC 16:1_16:1,PC 16:1(6)_16:1(7),0.931,0.6437399999999514,0.24442273526774289,0.5877113676338714,All,Some,0.0,0.0,0.0,0.0,0.0,11616.389160953313,0.0,0.0,9897.119341563786,11838.75,9115.519253208871,0.0,15298.508360399379,16607.584501236604,2115.041086102179,11875.773179183261,9574.138552047065,11712.879009456956
7855,7.949,730.53757,730.53813,0.7665582083498704,C40H76NO8P,CCCCCCCCCC=CCCCCC(=O)OC(COC(=O)CCCCC=CCCCCCCCCC)COP(=O)([O-])OCC[N+](C)(C)C,[M+H]+,PC 16:1_16:1,PC 16:1(6)_16:1(6),0.9370000000000003,0.7906849999998826,0.0,0.46850000000000014,All,None,0.0,13166.666666666666,0.0,0.0,0.0,62050.27750571334,77666.66666666666,0.0,76769.54732510289,65161.25000000001,52884.48074679114,73000.00000000001,54368.1583062673,62392.41549876339,51218.292247231155,49457.560154150066,47425.86144795293,51953.787657209716
7855,7.949,730.53757,730.53813,0.7665582083498704,C40H76NO8P,CCCCCCC=CCCCCCCCC(=O)OC(COC(=O)CCCCC=CCCCCCCCCC)COP(=O)([O-])OCC[N+](C)(C)C,[M+H]+,PC 16:1_16:1,PC 16:1(6)_16:1(9),0.8866666666666667,0.8480333333332434,0.0,0.44333333333333336,All,None,0.0,13166.666666666666,0.0,0.0,0.0,62050.27750571334,77666.66666666666,0.0,76769.54732510289,65161.25000000001,52884.48074679114,73000.00000000001,60615.78250932276,67342.12695795548,51218.292247231155,54123.25528676446,47425.86144795293,56156.02352864711
7855,7.949,730.53757,730.53813,0.7665582083498704,C40H76NO8P,CCCCCCC=CCCCCCCCC(=O)OC(COC(=O)CCCCCCCC=CCCCCCC)COP(=O)([O-])OCC[N+](C)(C)C,[M+H]+,PC 16:1_16:1,PC 16:1(9)_16:1(9),0.7859999999999996,0.962729999999965,0.0,0.3929999999999998,All,None,0.0,0.0,0.0,0.0,0.0,0.0,0.0,0.0,0.0,0.0,0.0,0.0,6247.624203055457,4949.711459192085,0.0,4665.695132614397,0.0,4202.235871437392
7884,7.962,764.52191,764.52248,0.7455634266308695,C43H74NO8P,CCC=CCC=CCC=CCC=CCC=CCCCC(=O)OC(COC(=O)CCCCC=CCCCCCCCCCCC)COP(=O)(O)OCCN,[M+H]+,PE 18:1_20:5,"PE 18:1(6)_20:5(5,8,11,14,17)",0.989428571428571,0.9046585714286428,0.0,0.4947142857142855,Some,None,332694.1975953999,278294.8098148317,209930.0134589502,289630.5220883534,319990.6542056074,385300.47557284916,461067.5115768949,288299.3197278912,488680.9690002053,408239.67711890716,301226.6651690441,418572.6420620972,355565.65233017853,356013.75678435166,306034.8837209302,313019.1646355714,294242.2499439755,338204.833141542
7884,7.962,764.52191,764.52248,0.7455634266308695,C43H74NO8P,CCC=CCC=CCC=CCC=CCC=CCCCC(=O)OC(COC(=O)CCCCCCCC=CCCCCCCCC)COP(=O)(O)OCCN,[M+H]+,PE 18:1_20:5,"PE 18:1(9)_20:5(5,8,11,14,17)",0.9859999999999994,0.9080822222222827,0.0,0.4929999999999997,Some,None,151508.6251960272,156187.72233877587,209930.0134589502,155101.2048192771,182327.1028037383,208171.20622568097,240965.14745308313,158004.53514739228,274605.3171833299,209700.0931387768,196628.2152083567,215619.8008201523,261324.99700491197,191052.98511472938,112104.65116279069,235861.2400253748,229580.26443564653,177169.15995397008
7884,7.962,764.52191,764.52248,0.7455634266308695,C43H74NO8P,CCC=CCC=CCC=CCC=CCC=CCCCC(=O)OC(COC(=O)CCCCCCCCCC=CCCCCCC)COP(=O)(O)OCCN,[M+H]+,PE 18:1_20:5,"PE 18:1(11)_20:5(5,8,11,14,17)",0.9689090909090907,0.8429809090909491,0.0,0.48445454545454536,All,None,262797.1772085729,231517.46784639245,248139.97308209958,229268.27309236946,268682.24299065414,306528.31820146996,367967.3409700219,203696.14512471654,406713.71381646476,328060.229742316,253145.11962259913,326807.5571177504,306109.3506649096,282933.2581009189,170860.46511627908,288119.5953390538,285177.485620378,264626.0069044879
7988,8.001,806.56857,806.56943,1.0662442289546712,C46H80NO8P,CCC=CCC=CCC=CCC=CCC=CCC=CCCC(=O)OC(COC(=O)CCCCCCCCCCCCCCC)COP(=O)([O-])OCC[N+](C)(C)C,[M+H]+,PC 16:0_22:6,"PC 16:0_22:6(4,7,10,13,16,19)",0.9950909090909089,0.8795436363637298,0.44843338810831573,0.7217621485996123,All,Some,583000.0,763000.0,578000.0,578000.0,638000.0,3520000.0,4310000.0,620000.0,4620000.0,3890000.0,3480000.0,3660000.0,3840000.0,3820000.0,3400000.0,3390000.0,3150000.0,3410000.0
8076,8.051,778.53505,778.53813,3.9561325019085953,C44H76NO8P,CCC=CCC=CCC=CCCCCCCCC(=O)OC(COC(=O)CCCCCCCC=CCC=CCC=CCC)COP(=O)([O-])OCC[N+](C)(C)C,[M+H]+,PC 18:3_18:3,"PC 18:3(9,12,15)_18:3(9,12,15)",0.7740000000000002,0.4054979999999887,0.04468192200187067,0.4093409610009354,All,Some,7641.230486685032,7656.096904441454,7788.192219679635,8021.117348302592,9933.624454148472,0.0,9072.140975565448,8053.799596503028,0.0,6650.455307931944,7023.542322042578,0.0,0.0,5397.181339584214,0.0,6008.195825592831,6779.240657698057,0.0
8076,8.051,778.53505,778.53813,3.9561325019085953,C44H76NO8P,CCC=CCC=CCC=CCCCCCCCC(=O)OC(COC(=O)CCCCC=CCC=CCC=CCCCCC)COP(=O)([O-])OCC[N+](C)(C)C,[M+H]+,PC 18:3_18:3,"PC 18:3(6,9,12)_18:3(9,12,15)",0.8037142857142859,0.43418571428571795,0.0,0.40185714285714297,Some,Some,6632.4609733700645,5878.869448183043,6808.695652173913,6527.66639935846,9933.624454148472,0.0,7878.790080842946,7194.351042367183,0.0,5512.485022765397,5866.471578023264,0.0,0.0,4794.829573838528,0.0,5111.670855644191,6302.101046337818,0.0
8076,8.051,778.53505,778.53813,3.9561325019085953,C44H76NO8P,CCCCCC=CCC=CCC=CCCCCC(=O)OC(COC(=O)CCCCC=CCC=CCC=CCCCCC)COP(=O)([O-])OCC[N+](C)(C)C,[M+H]+,PC 18:3_18:3,"PC 18:3(6,9,12)_18:3(6,9,12)",0.7463333333333333,0.659701666666687,0.0,0.37316666666666665,All,None,3026.3085399449033,3265.0336473755046,2803.112128146454,3951.2162523389466,4332.751091703056,0.0,1449.068943591607,2751.8493611297918,0.0,937.0596693026599,1509.9860999341577,0.0,0.0,1207.9890865772586,0.0,1180.1333187629766,1718.6582959641255,0.0
8170,8.124,740.52116,740.52248,1.7825252245741936,C41H74NO8P,CCCCCC=CCC=CCCCCCCCC(=O)OC(COC(=O)CCCCCCCC=CCC=CCCCCC)COP(=O)(O)OCCN,[M+H]+,PE 18:2_18:2,"PE 18:2(9,12)_18:2(9,12)",0.8733333333333336,0.4310466666666268,0.033452473871746796,0.4533929036025402,All,Some,37267.24511930585,50416.19797525309,35147.07185257376,37008.045052292844,36821.53831146662,48551.13636363637,48402.51572327044,38385.81174562282,54872.758326216914,49615.494161207636,49406.99768458966,53828.101188662,54578.651685393255,46849.82456140351,35503.68731563421,40182.85714285715,42006.52173913043,48870.129870129866
8170,8.124,740.52116,740.52248,1.7825252245741936,C41H74NO8P,CCCCCC=CCC=CCCCCCCCC(=O)OC(COC(=O)CCCCC=CCC=CCCCCCCCC)COP(=O)(O)OCCN,[M+H]+,PE 18:2_18:2,"PE 18:2(6,9)_18:2(9,12)",0.8440000000000001,0.4871799999999894,0.02007148432304808,0.4320357421615241,Some,Some,71847.28850325379,67727.78402699663,70589.97076282448,69532.18020917136,73589.2308442667,40454.545454545456,43748.42767295598,66182.43404417728,50363.79163108455,37653.09028766733,41032.93028042192,39491.00883876866,38792.13483146067,39053.333333333336,30314.159292035394,35314.28571428571,37979.34782608696,41029.36194240541
8170,8.124,740.52116,740.52248,1.7825252245741936,C41H74NO8P,CCCCCCCCC=CCC=CCCCCC(=O)OC(COC(=O)CCCCC=CCC=CCCCCCCCC)COP(=O)(O)OCCN,[M+H]+,PE 18:2_18:2,"PE 18:2(6,9)_18:2(6,9)",0.7849999999999993,0.5569400000000257,0.0,0.3924999999999996,All,None,53885.466377440345,43856.017997750285,53262.95738460175,50459.7747385358,73589.2308442667,15994.318181818184,18849.056603773584,50431.75421019989,22763.450042698547,12731.41555112504,14560.072034988421,11680.889972569337,11629.213483146068,15096.842105263158,11682.153392330383,13302.857142857143,16914.130434782608,16100.508187464708
8283,8.161,782.56863,782.56943,1.0222735125579303,C44H80NO8P,CCCCCC=CCC=CCCCCCCCC(=O)OC(COC(=O)CCCCC=CCC=CCCCCCCCC)COP(=O)([O-])OCC[N+](C)(C)C,[M+H]+,PC 18:2_18:2,"PC 18:2(6,9)_18:2(9,12)",0.7690000000000001,0.7547099999999602,0.37996042474521236,0.5744802123726063,Some,Some,331288.2541533081,295671.3886671987,387646.85848502646,378131.50652147905,474885.3211009174,127748.29510229388,136655.45959284392,262474.1613780599,139856.26052779338,93793.95085066161,80624.19911286348,91191.69329073481,105928.94393741853,146943.03797468357,64683.54430379746,120965.11838062535,113261.80257510729,116339.4883749463
8283,8.161,782.56863,782.56943,1.0222735125579303,C44H80NO8P,CCCCCCCCC=CCC=CCCCCC(=O)OC(COC(=O)CCCCC=CCC=CCCCCCCCC)COP(=O)([O-])OCC[N+](C)(C)C,[M+H]+,PC 18:2_18:2,"PC 18:2(6,9)_18:2(6,9)",0.8230000000000004,0.6045799999999417,0.26146417635696645,0.5422320881784835,All,Some,431283.39648304676,399279.22984836384,436500.0,378131.50652147905,474885.3211009174,366000.0,433500.0,424500.0,444000.0,333000.0,303500.0,391000.0,392500.0,381500.0,290000.0,341279.59515633475,290000.0,352500.0
8283,8.161,782.56863,782.56943,1.0222735125579303,C44H80NO8P,CCCCCC=CCC=CCCCCCCCC(=O)OC(COC(=O)CCCCCCCC=CCC=CCCCCC)COP(=O)([O-])OCC[N+](C)(C)C,[M+H]+,PC 18:2_18:2,"PC 18:2(9,12)_18:2(9,12)",0.7046666666666669,0.9143299999999878,0.33230444875563886,0.5184855577111529,All,Some,132428.34936364522,126049.38148443736,48853.141514973584,34736.986957042005,60229.35779816513,238251.70489770613,296844.54040715605,162025.83862194014,304143.7394722067,239206.04914933836,222875.80088713652,299808.3067092652,286571.0560625815,234556.9620253164,225316.45569620255,227755.28646303996,176738.1974248927,236160.51162505368
8387,8.284,834.59789,834.60073,3.4028247255330824,C48H84NO8P,CCCCCC=CCC=CCC=CCCCCCCC(=O)OC(COC(=O)CCCCCCC=CCC=CCC=CCCCCC)COP(=O)([O-])OCC[N+](C)(C)C,[M+H]+,PC 20:3_20:3,"PC 20:3(8,11,14)_20:3(8,11,14)",0.7440000000000003,0.633461666666714,0.8137306707126885,0.7788653353563443,All,Some,0.0,0.0,0.0,0.0,0.0,9605.755876068375,12314.10732365845,0.0,19137.08757132225,13526.090906588113,19111.702705018706,13428.264172998246,13247.763713080169,0.0,19667.241201893394,11293.95497735245,0.0,11918.989280245023
8387,8.284,834.59789,834.60073,3.4028247255330824,C48H84NO8P,CCCCCC=CCC=CCC=CCCCCCCC(=O)OC(COC(=O)CCCC=CCC=CCC=CCCCCCCCC)COP(=O)([O-])OCC[N+](C)(C)C,[M+H]+,PC 20:3_20:3,"PC 20:3(5,8,11)_20:3(8,11,14)",0.8022857142857147,0.5897685714286028,0.6974834320394472,0.749884573162581,Some,Some,0.0,0.0,0.0,0.0,0.0,10354.146634615383,14778.355270559117,0.0,22182.998428843133,15634.672246235168,22426.141849238767,15010.543541788427,14732.658227848102,0.0,21879.545688413255,12103.361373156693,0.0,12412.71056661562
8387,8.284,834.59789,834.60073,3.4028247255330824,C48H84NO8P,CCCCCC=CCC=CCC=CCCCCCCC(=O)OC(COC(=O)CCCCCCCCCC=CCC=CCC=CCC)COP(=O)([O-])OCC[N+](C)(C)C,[M+H]+,PC 20:3_20:3,"PC 20:3(11,14,17)_20:3(8,11,14)",0.7335000000000005,0.5840200000000095,0.5929039599481145,0.6632019799740575,Some,Some,0.0,0.0,0.0,0.0,0.0,11845.860042735043,14234.5089436382,0.0,20265.7625623639,15805.19230239793,21172.42994658516,15623.75219170076,16816.8776371308,0.0,21280.16309940317,12882.58011783537,0.0,14071.056661562021
8387,8.284,834.59789,834.60073,3.4028247255330824,C48H84NO8P,CCC=CCC=CCC=CCCCCCCCCCC(=O)OC(COC(=O)CCCCCCCCCC=CCC=CCC=CCC)COP(=O)([O-])OCC[N+](C)(C)C,[M+H]+,PC 20:3_20:3,"PC 20:3(11,14,17)_20:3(11,14,17)",0.7773333333333339,0.36764833333332564,0.3049306243066276,0.5411319788199808,All,Some,0.0,0.0,0.0,0.0,0.0,1292.3677884615386,2929.6377545280675,0.0,3045.9108575208793,2526.6305095944717,3314.439144220057,2203.530099357101,2198.270042194093,0.0,2212.3044865198603,1399.952320948132,0.0,1084.9923430321594
8387,8.284,834.59789,834.60073,3.4028247255330824,C48H84NO8P,CCCCCCCCC=CCC=CCC=CCCCC(=O)OC(COC(=O)CCCCCCCCCC=CCC=CCC=CCC)COP(=O)([O-])OCC[N+](C)(C)C,[M+H]+,PC 20:3_20:3,"PC 20:3(11,14,17)_20:3(5,8,11)",0.7872000000000009,0.44336100000001577,0.18295837458397654,0.4850791872919887,Some,Some,0.0,0.0,0.0,0.0,0.0,8750.93482905983,9571.695353808076,0.0,13826.268640260207,10000.176196900033,10873.729612385387,11733.395675043834,11125.527426160335,0.0,8079.177814365095,8860.075605353677,0.0,9506.12557427259
8387,8.284,834.59789,834.60073,3.4028247255330824,C48H84NO8P,CCCCCCCCC=CCC=CCC=CCCCC(=O)OC(COC(=O)CCCC=CCC=CCC=CCCCCCCCC)COP(=O)([O-])OCC[N+](C)(C)C,[M+H]+,PC 20:3_20:3,"PC 20:3(5,8,11)_20:3(5,8,11)",0.8248000000000012,0.4672240000000329,0.0,0.4124000000000006,All,None,0.0,0.0,0.0,0.0,0.0,8750.93482905983,9571.695353808076,0.0,12941.971939689627,9107.23783828428,9501.556742551913,10800.514319111631,10778.902953586497,0.0,7781.567709405229,8860.075605353677,0.0,9506.12557427259
8461,8.314,732.55282,732.55378,1.3104839892624083,C40H78NO8P,CCCCCCC=CCCCCCCCC(=O)OC(COC(=O)CCCCCCCCCCCCCCC)COP(=O)([O-])OCC[N+](C)(C)C,[M+H]+,PC 16:0_16:1,PC 16:0_16:1(9),0.770999999999999,0.9127300000000105,0.9820751844154307,0.8765375922077149,All,All,0.0,0.0,0.0,0.0,0.0,0.0,0.0,0.0,4335704.12517781,0.0,0.0,2616963.551657988,0.0,0.0,0.0,0.0,2263502.4549918165,0.0
8461,8.314,732.55282,732.55378,1.3104839892624083,C40H78NO8P,CCCCCCCCC=CCCCCCC(=O)OC(COC(=O)CCCCCCCCCCCCCCC)COP(=O)([O-])OCC[N+](C)(C)C,[M+H]+,PC 16:0_16:1,PC 16:0_16:1(7),0.9789999999999992,0.49774999999999636,0.49471296983761626,0.7368564849188077,All,Some,25900000.0,19400000.0,25300000.0,21200000.0,22718053.375196233,16678296.865759905,19936405.266170576,23600000.0,20136936.936936937,11122464.985994397,0.0,18713003.562619895,19273884.29752066,16313895.34883721,6119219.21921922,17663145.96013844,16423895.253682489,15645845.272206303
8461,8.314,732.55282,732.55378,1.3104839892624083,C40H78NO8P,CCCCCCCCCC=CCCCCC(=O)OC(COC(=O)CCCCCCCCCCCCCCC)COP(=O)([O-])OCC[N+](C)(C)C,[M+H]+,PC 16:0_16:1,PC 16:0_16:1(6),0.8410000000000011,0.5739699999999743,0.0,0.42050000000000054,All,None,0.0,0.0,0.0,0.0,3981946.624803767,19021703.134240095,23763594.73382942,0.0,26327358.937885255,22077535.0140056,30000000.0,20370032.885722116,23026115.70247934,19986104.651162792,22580780.78078078,17836854.03986156,14312602.291325696,21754154.727793697
8516,8.335,764.52124,764.52248,1.6219274545580995,C43H74NO8P,CCC=CCC=CCC=CCC=CCC=CCCCCCC(=O)OC(COC(=O)CCCCCC=CCCCCCCCC)COP(=O)(O)OCCN,[M+H]+,PE 16:1_22:5,"PE 16:1(7)_22:5(7,10,13,16,19)",0.9873333333333336,0.8221733333333785,0.0,0.4936666666666668,Some,None,145071.4492334394,161712.84323957496,150319.0510936519,162923.05595311115,147375.3776258167,314001.5086191983,423877.5768306564,126053.46624376981,432487.49854634266,355642.7806792747,285338.5507651457,385064.33968826075,336700.84397014714,287143.5977190254,235722.96476306205,263044.95655459014,266077.942023421,299892.3244764589
8516,8.335,764.52124,764.52248,1.6219274545580995,C43H74NO8P,CCC=CCC=CCC=CCC=CCC=CCCCCCC(=O)OC(COC(=O)CCCCCCCC=CCCCCCC)COP(=O)(O)OCCN,[M+H]+,PE 16:1_22:5,"PE 16:1(9)_22:5(7,10,13,16,19)",0.9603636363636373,0.8172836363636923,0.0,0.48018181818181865,All,None,25570.147526757308,42046.93404350486,23253.211382803616,33581.919171266956,22182.688930001637,247543.64961281087,313042.24105223216,30365.956804108137,343192.522386324,373115.1263502774,353865.2085808119,258933.88978469122,298781.4745065216,221934.9403836185,359538.27460510336,271737.8163959199,273232.482242273,225522.11967974526
8516,8.335,764.52124,764.52248,1.6219274545580995,C43H74NO8P,CCC=CCC=CCC=CCC=CCC=CCCCCCC(=O)OC(COC(=O)CCCCC=CCCCCCCCCC)COP(=O)(O)OCCN,[M+H]+,PE 16:1_22:5,"PE 16:1(6)_22:5(7,10,13,16,19)",0.9378181818181827,0.7505518181818616,0.0,0.46890909090909133,All,None,132460.32205187544,135930.22359092472,118078.63433506984,151202.48074695023,136257.5115336877,357399.9155726871,340015.17642595165,88495.9975834466,334870.9152227003,271502.90329905605,258931.5910837817,317896.86679945607,334500.9416195856,289116.77034733025,194289.18590522485,265500.5666792596,261938.95181416778,291441.7503846824
8516,8.335,764.52124,764.52248,1.6219274545580995,C43H74NO8P,CCCCCC=CCC=CCC=CCC=CCC=CCCC(=O)OC(COC(=O)CCCCCC=CCCCCCCCC)COP(=O)(O)OCCN,[M+H]+,PE 16:1_22:5,"PE 16:1(7)_22:5(4,7,10,13,16)",0.7099999999999996,0.5280013333333121,0.010275541856186114,0.3601377709280929,Some,Some,10458.538231607368,12224.151315890944,9384.53445554971,14297.689634021674,8561.18123697337,126632.66506577721,155169.47008979382,16726.325328500225,186262.35608791723,188788.0753884582,159039.20061491162,128865.28186158271,148724.9773313803,114397.03214100575,123754.55650060753,165409.89799773332,155271.26127855634,102473.5164409508
8516,8.335,764.52124,764.52248,1.6219274545580995,C43H74NO8P,CCCCCC=CCC=CCC=CCC=CCC=CCCC(=O)OC(COC(=O)CCCCC=CCCCCCCCCC)COP(=O)(O)OCCN,[M+H]+,PE 16:1_22:5,"PE 16:1(6)_22:5(4,7,10,13,16)",0.6628235294117647,0.46868529411763654,0.009066654578987747,0.33594509199537625,All,Some,122936.74669752194,135930.22359092472,131247.25526463153,135916.30886662577,126752.1603709515,282586.24388421,377861.3886429746,132679.35357196798,404158.62309570884,350438.25218152924,294419.67717140657,381891.9346169654,269082.79277394153,306029.6785899429,230012.1506682868,302727.6161692482,295523.90094067954,303396.2210510979
8516,8.335,764.52124,764.52248,1.6219274545580995,C43H74NO8P,CCCCCC=CCC=CCC=CCC=CCC=CCCC(=O)OC(COC(=O)CCCCCCCC=CCCCCCC)COP(=O)(O)OCCN,[M+H]+,PE 16:1_22:5,"PE 16:1(9)_22:5(4,7,10,13,16)",0.6597500000000001,0.5341468749999976,0.009633320490174482,0.3346916602450873,All,Some,14502.796258798575,29155.624219179772,13717.313468293425,20078.54562802426,11871.080302569027,231836.01724531673,290034.14695839124,33678.90046820722,329028.08466100716,370512.86210140464,358405.7717839424,257347.68724904355,272208.96979842364,231377.98081907735,356682.86755771574,291579.146203249,287955.46170090226,227274.06796706477
8577,8.365,782.5683,782.56943,1.443961336426335,C44H80NO8P,CCCCCC=CCC=CCCCCCCCC(=O)OC(COC(=O)CCCCCCCC=CCC=CCCCCC)COP(=O)([O-])OCC[N+](C)(C)C,[M+H]+,PC 18:2_18:2,"PC 18:2(9,12)_18:2(9,12)",0.9975000000000005,0.9212699999999927,0.4979210183023794,0.74771050915119,All,Some,567659.8116947473,639330.7734503566,545196.5040963001,564983.6940409131,580865.358774523,1403723.5155895187,1674232.1282957327,525691.705336427,1705261.0297421156,1446186.7162099397,1312286.758732738,1503447.6501542367,1424464.6680942185,1395611.650485437,966329.9663299664,1285217.8169358787,1240516.1864501056,1485497.3077313825
8577,8.365,782.5683,782.56943,1.443961336426335,C44H80NO8P,CCCCCC=CCC=CCCCCCCCC(=O)OC(COC(=O)CCCCC=CCC=CCCCCCCCC)COP(=O)([O-])OCC[N+](C)(C)C,[M+H]+,PC 18:2_18:2,"PC 18:2(6,9)_18:2(9,12)",0.9908000000000008,0.9178580000000011,0.4954006460403888,0.7431003230201949,Some,Some,121670.09415262636,235334.61327482172,101901.74795185,134508.15297954343,113567.3206127385,1292519.5979701043,1587883.9358521337,142654.14733178655,1862369.4851289424,2066906.6418950302,2318856.6206336315,1518276.1749228814,1504157.744468237,1282194.1747572813,3016835.0168350167,1282391.0915320606,1149741.9067749472,1302251.3461343085
8577,8.365,782.5683,782.56943,1.443961336426335,C44H80NO8P,CCCCCCCCC=CCC=CCCCCC(=O)OC(COC(=O)CCCCC=CCC=CCCCCCCCC)COP(=O)([O-])OCC[N+](C)(C)C,[M+H]+,PC 18:2_18:2,"PC 18:2(6,9)_18:2(6,9)",0.7593333333333341,0.6819366666666914,0.1617730523308088,0.46055319283207147,All,Some,121670.09415262636,235334.61327482175,101901.74795185,134508.15297954343,113567.3206127385,1283756.8864403768,1587883.9358521337,142654.14733178655,1862369.4851289424,2066906.6418950302,2318856.6206336315,1518276.1749228814,1471377.5874375447,1282194.1747572818,3016835.0168350176,1282391.0915320606,1149741.9067749472,1302251.3461343087
8767,8.452,790.53704,790.53813,1.3788076230763195,C45H76NO8P,CCCCC=CCC=CCC=CCC=CCC=CCC=CCCC(=O)OC(COC(=O)CCCCC=CCCCCCCCCC)COP(=O)(O)OCCN,[M+H]+,PE 16:1_24:6,"PE 16:1(6)_24:6(4,7,10,13,16,19)",0.6761999999999997,0.5562100000000101,0.036888918078536136,0.3565444590392679,All,Some,320133.83845366817,390172.4137931034,316000.00000000006,377951.0627780524,356397.2856261568,591405.4202417746,796439.7960245602,314000.0,844963.8066851182,704865.411348414,638636.5730078304,693745.0292397661,637270.4488493963,605382.6530612244,423096.256684492,598519.2882192493,553483.0072090627,571507.0093457944
8767,8.452,790.53704,790.53813,1.3788076230763195,C45H76NO8P,CCCCC=CCC=CCC=CCC=CCC=CCC=CCCC(=O)OC(COC(=O)CCCCCCCC=CCCCCCC)COP(=O)(O)OCCN,[M+H]+,PE 16:1_24:6,"PE 16:1(9)_24:6(4,7,10,13,16,19)",0.6808,0.6482180000000085,0.012034072695963191,0.3464170363479816,All,Some,320133.83845366817,390172.4137931034,316000.00000000006,414097.8744438952,326801.35718692176,689499.6240915545,806365.906962223,314000.0,926315.733446881,796461.5190193353,729451.8654997697,852509.941520468,742588.2889040784,650459.1836734693,603882.3529411765,640665.0214313547,656428.4243048403,654801.401869159
8767,8.452,790.53704,790.53813,1.3788076230763195,C45H76NO8P,CCCCC=CCC=CCC=CCC=CCC=CCC=CCCC(=O)OC(COC(=O)CCCCCC=CCCCCCCCC)COP(=O)(O)OCCN,[M+H]+,PE 16:1_24:6,"PE 16:1(7)_24:6(4,7,10,13,16,19)",0.6495999999999998,0.5740800000000036,0.012034072695963191,0.33081703634798154,All,Some,379732.3230926638,459655.17241379304,316000.00000000006,377951.0627780524,326801.35718692176,719094.9556666706,907194.2970132168,314000.0,938720.459868001,898673.0696322508,751911.5614923997,693745.0292397661,760141.2622465254,644158.163265306,743021.3903743315,680815.690349396,750088.5684860968,613691.5887850468
8790,8.458,808.58423,808.58508,1.051219000850621,C46H82NO8P,CCCCCC=CCC=CCC=CCC=CCC=CCCCCCCC(=O)OC(COC(=O)CCCCCCCCCCC)COP(=O)([O-])OCC[N+](C)(C)C,[M+H]+,PC 12:0_26:5,"PC 12:0_26:5(8,11,14,17,20)",0.8976,0.7511610000000019,0.39674184884652186,0.6471709244232609,All,Some,733594.7236384236,960768.5720402483,485782.51176616305,742889.8017503127,740697.2947761194,2011587.3015873015,2788704.925857046,671234.73541384,2817343.560758983,3094086.0552763822,3237451.6217325847,2142547.194894975,2129857.5293056807,2212960.736335499,3384711.263399453,1811047.7178423237,1889697.5010960107,2073783.4421740049
8790,8.458,808.58423,808.58508,1.051219000850621,C46H82NO8P,CCC=CCC=CCC=CCC=CCC=CCCCCCCCCCC(=O)OC(COC(=O)CCCCCCCCCCC)COP(=O)([O-])OCC[N+](C)(C)C,[M+H]+,PC 12:0_26:5,"PC 12:0_26:5(11,14,17,20,23)",0.8200000000000003,0.571870999999976,0.4728826360094246,0.6464413180047124,All,Some,296405.2763615764,489231.42795975175,426217.488233837,317110.19824968744,279302.7052238806,1218412.6984126982,1361295.0741429538,348765.26458616013,1822656.439241017,1515913.9447236182,1392548.378267415,1567452.8051050252,1540142.4706943189,1207039.2636645008,1665288.736600547,1278952.2821576763,1150302.4989039893,1176216.5578259954
8895,8.503,732.55299,732.55378,1.078419116120209,C40H78NO8P,CCCCCCCCC=CCCCCCCCCCCCCCC(=O)OC(COC(=O)CCCCCCC)COP(=O)([O-])OCC[N+](C)(C)C,[M+H]+,PC 8:0_24:1,PC 8:0_24:1(15),0.8889999999999993,0.49637999999998783,0.495049836695754,0.6920249183478766,All,Some,,0.0,,,,0.0,0.0,4030000.0,0.0,0.0,0.0,0.0,0.0,0.0,0.0,0.0,0.0,0.0
8900,8.509,834.5996,834.60073,1.3539408238825712,C48H84NO8P,CCCCCC=CCC=CCC=CCCCCCCC(=O)OC(COC(=O)CCCCCCC=CCC=CCC=CCCCCC)COP(=O)([O-])OCC[N+](C)(C)C,[M+H]+,PC 20:3_20:3,"PC 20:3(8,11,14)_20:3(8,11,14)",0.6816666666666666,0.8770216666666973,0.7049791974328979,0.6933229320497823,All,Some,0.0,24170.453397960217,14567.792115962522,0.0,10028.335720783361,60773.7207641431,74924.31238707088,16838.874028786144,90839.00892437763,80023.96644697426,80962.32469993681,74701.43623006156,65428.853503184706,67491.84754742778,87997.40213204335,55588.85351408716,56556.1431273401,65440.26516789164
8900,8.509,834.5996,834.60073,1.3539408238825712,C48H84NO8P,CCCCCC=CCC=CCC=CCCCCCCC(=O)OC(COC(=O)CCCC=CCC=CCC=CCCCCCCCC)COP(=O)([O-])OCC[N+](C)(C)C,[M+H]+,PC 20:3_20:3,"PC 20:3(5,8,11)_20:3(8,11,14)",0.7392499999999997,0.7938475000000125,0.5287343980746735,0.6339921990373366,Some,Some,30419.86028912389,46423.16181243779,32942.49854794313,29333.87448632743,32263.82542686561,106506.79510490235,136242.72234491067,31109.412813654315,155944.9859088774,136190.8600686312,138415.54011370815,121325.96465682704,111268.7898089172,115802.35857118442,144941.01048105347,98488.58306802233,101736.78928474928,111038.62227986744
8900,8.509,834.5996,834.60073,1.3539408238825712,C48H84NO8P,CCCCCC=CCC=CCC=CCCCCCCC(=O)OC(COC(=O)CCCCCCCCCC=CCC=CCC=CCC)COP(=O)([O-])OCC[N+](C)(C)C,[M+H]+,PC 20:3_20:3,"PC 20:3(11,14,17)_20:3(8,11,14)",0.7565000000000004,0.7845500000000101,0.48318254018758644,0.6198412700937934,Some,Some,6586.6037644319385,26718.45472511938,19895.780196469605,8253.259601237887,16367.10965192024,68409.90750100918,86252.35896406345,22572.411157814295,102932.12775951151,87945.5308023313,89685.76121288691,84281.81878350652,75340.19108280256,80574.84190736627,95628.50488220013,65655.33531888673,67764.5424016675,77584.08992650239
8900,8.509,834.5996,834.60073,1.3539408238825712,C48H84NO8P,CCC=CCC=CCC=CCCCCCCCCCC(=O)OC(COC(=O)CCCCCCCCCC=CCC=CCC=CCC)COP(=O)([O-])OCC[N+](C)(C)C,[M+H]+,PC 20:3_20:3,"PC 20:3(11,14,17)_20:3(11,14,17)",0.8184000000000005,0.7516219999999976,0.1911434127273523,0.5047717063636764,All,Some,31161.528572814586,25087.63578136496,18374.706431980605,29333.87448632743,22235.489706082248,54197.715299077776,70197.14916683399,14270.538784868171,68691.72733677781,62275.50520180838,64520.30322173087,49409.22628896683,53577.32484076433,55229.0206802256,61568.216429275286,49439.59467323954,50566.333423399075,50463.75558437816
8900,8.509,834.5996,834.60073,1.3539408238825712,C48H84NO8P,CCCCCCCCC=CCC=CCC=CCCCC(=O)OC(COC(=O)CCCCCCCCCC=CCC=CCC=CCC)COP(=O)([O-])OCC[N+](C)(C)C,[M+H]+,PC 20:3_20:3,"PC 20:3(11,14,17)_20:3(5,8,11)",0.8497777777777777,0.7090611111111179,0.10619078484852906,0.4779842813131534,Some,Some,40235.09508101291,31046.868914181854,27122.14954923104,44405.66181320074,34749.98693001809,44688.50162675398,45789.80124472998,32303.146096038723,48499.03123532174,46247.616972602,50099.02716361339,40761.33430405718,45723.05732484076,48919.02238933515,45377.0939711547,41593.98856595118,41954.37526537229,43788.58625162128
8900,8.509,834.5996,834.60073,1.3539408238825712,C48H84NO8P,CCCCCCCCC=CCC=CCC=CCCCC(=O)OC(COC(=O)CCCC=CCC=CCC=CCCCCCCCC)COP(=O)([O-])OCC[N+](C)(C)C,[M+H]+,PC 20:3_20:3,"PC 20:3(5,8,11)_20:3(5,8,11)",0.9059999999999994,0.7382133333333437,0.0,0.4529999999999997,All,None,26596.912292616664,16553.425368935823,21097.073158413088,28673.3296129065,22355.25256433045,13423.359704113636,13593.655892391087,24905.617118838367,12093.118835133862,11316.520507652924,13317.043588123812,15520.21973658084,15661.783439490446,18982.908904460775,10487.772104273045,15233.644859813083,14421.816497471722,15684.680789739157
8937,8.528,740.5217,740.52248,1.0533103599547249,C41H74NO8P,CCCCCCCCC=CCC=CCCCCC(=O)OC(COC(=O)CCCCC=CCC=CCCCCCCCC)COP(=O)(O)OCCN,[M+H]+,PE 18:2_18:2,"PE 18:2(6,9)_18:2(6,9)",0.8964999999999996,0.6924575000000459,0.0,0.4482499999999998,All,None,3262.3352483947283,903.3710963531493,2376.857227196694,2418.7500000000005,3500.0,1566.188470730619,1409.8050797401065,2528.466531871874,0.0,3542.9323308270677,874.0984634681718,0.0,3587.7600979192166,3426.5195895634592,3995.3377220669136,1180.6566927048857,0.0,2825.60866516767
8937,8.528,740.5217,740.52248,1.0533103599547249,C41H74NO8P,CCCCCC=CCC=CCCCCCCCC(=O)OC(COC(=O)CCCCC=CCC=CCCCCCCCC)COP(=O)(O)OCCN,[M+H]+,PE 18:2_18:2,"PE 18:2(6,9)_18:2(9,12)",0.8510000000000003,0.7728766666666805,0.019277920629454454,0.4351389603147274,Some,Some,105500.0,63000.0,91500.0,90000.0,110500.0,64793.00248775986,78000.00000000001,88000.0,78000.0,69500.0,44600.0,74000.0,64000.0,67500.0,39926.08666245829,61500.0,57000.0,58000.0
8937,8.528,740.5217,740.52248,1.0533103599547249,C41H74NO8P,CCCCCC=CCC=CCCCCCCCC(=O)OC(COC(=O)CCCCCCCC=CCC=CCCCCC)COP(=O)(O)OCCN,[M+H]+,PE 18:2_18:2,"PE 18:2(9,12)_18:2(9,12)",0.8305000000000007,0.9040350000000217,0.02891688094418168,0.42970844047209117,All,Some,102237.66475160528,62096.62890364685,89123.14277280332,87581.25000000001,107000.0,63640.80904150953,76590.19492025989,85471.53346812812,77999.99999999999,65957.06766917293,43725.90153653183,74000.00000000001,60412.239902080786,64073.480410436525,36778.5756154748,60319.343307295116,57000.0,55174.391334832326
9089,8.638,690.50616,690.50683,0.9703017709668639,C37H72NO8P,CCCCCCCCC=CCCCCCC(=O)OC(COC(=O)CCCCCCCCCCCCCCC)COP(=O)(O)OCCN,[M+H]+,PE 16:0_16:1,PE 16:0_16:1(7),0.9949999999999992,0.9148050000000012,0.0,0.4974999999999996,All,None,0.0,0.0,,0.0,0.0,26845.74059861857,0.0,0.0,172914.23001949317,0.0,0.0,0.0,0.0,0.0,0.0,0.0,0.0,0.0
9089,8.638,690.50616,690.50683,0.9703017709668639,C37H72NO8P,CCCCCCCCCC=CCCCCC(=O)OC(COC(=O)CCCCCCCCCCCCCCC)COP(=O)(O)OCCN,[M+H]+,PE 16:0_16:1,PE 16:0_16:1(6),0.9570000000000007,0.5279150000000072,0.0,0.47850000000000037,All,None,215653.49544072946,74396.15384615384,,0.0,313131.8407960199,1033154.2594013814,1155251.7985611511,769000.0,957085.769980507,818000.0,765000.0,364726.44376899686,886804.979253112,1050000.0,541000.0,825757.5757575757,809501.7381228274,945000.0
9089,8.638,690.50616,690.50683,0.9703017709668639,C37H72NO8P,CCCCCCC=CCCCCCCCC(=O)OC(COC(=O)CCCCCCCCCCCCCCC)COP(=O)(O)OCCN,[M+H]+,PE 16:0_16:1,PE 16:0_16:1(9),0.9310000000000009,0.9267800000000079,0.0,0.46550000000000047,All,None,558346.5045592706,592603.8461538461,,647000.0,528868.15920398,0.0,84748.2014388489,0.0,0.0,0.0,0.0,665273.556231003,153195.02074688798,0.0,0.0,224242.42424242425,188498.26187717263,0.0
9306,8.712,740.52175,740.52248,0.98579046509961,C41H74NO8P,CCCCCC=CCC=CCCCCCCCC(=O)OC(COC(=O)CCCCCCCC=CCC=CCCCCC)COP(=O)(O)OCCN,[M+H]+,PE 18:2_18:2,"PE 18:2(9,12)_18:2(9,12)",0.9945000000000004,0.9214299999999582,0.026122789026262264,0.5103113945131313,All,Some,104382.52398953185,70377.46478873238,86275.00000000001,40840.186915887854,104076.92307692305,124119.06677393403,105443.53842352361,0.0,102378.4355179704,228700.11402508547,119084.90254377271,102119.70074812968,196054.76908795547,208282.11881767632,246174.64323852054,110958.83134130144,134239.27178153448,172412.09130166564
9306,8.712,740.52175,740.52248,0.98579046509961,C41H74NO8P,CCCCCC=CCC=CCCCCCCCC(=O)OC(COC(=O)CCCCC=CCC=CCCCCCCCC)COP(=O)(O)OCCN,[M+H]+,PE 18:2_18:2,"PE 18:2(6,9)_18:2(9,12)",0.896333333333334,0.7384816666666438,0.01741519268417484,0.4568742630087544,Some,Some,140202.52980517596,173500.0,135362.5,157579.90654205607,157360.3238866397,517940.46661303303,642278.2307882382,166000.0,693810.7822410148,565564.4241733182,505457.5487281137,533940.1496259352,548619.1691807844,492859.23324553703,349041.3552082322,504520.5843293493,487880.3641092328,464380.012338063
9306,8.712,740.52175,740.52248,0.98579046509961,C41H74NO8P,CCCCCCCCC=CCC=CCCCCC(=O)OC(COC(=O)CCCCC=CCC=CCCCCCCCC)COP(=O)(O)OCCN,[M+H]+,PE 18:2_18:2,"PE 18:2(6,9)_18:2(6,9)",0.7365000000000004,0.6303500000000497,0.0,0.3682500000000002,All,None,102414.94620529225,103122.5352112676,135362.5,157579.90654205607,107562.75303643727,517940.46661303303,642278.2307882382,166000.0,693810.7822410149,445735.46180159634,505457.5487281137,533940.1496259352,455326.06173126015,398858.64793678664,249784.00155324725,504520.5843293493,487880.3641092328,383207.89636027144
9327,8.715,834.60074,834.60073,0.011981777172364115,C48H84NO8P,CCCCCC=CCC=CCC=CCCCCCCC(=O)OC(COC(=O)CCCCCCCCCC=CCC=CCC=CCC)COP(=O)([O-])OCC[N+](C)(C)C,[M+H]+,PC 20:3_20:3,"PC 20:3(11,14,17)_20:3(8,11,14)",0.816666666666667,0.5140066666666409,0.3305396678828287,0.5736031672747478,Some,Some,0.0,0.0,0.0,0.0,0.0,0.0,0.0,0.0,0.0,0.0,185613.86821064242,0.0,0.0,0.0,0.0,0.0,0.0,0.0
9327,8.715,834.60074,834.60073,0.011981777172364115,C48H84NO8P,CCCCCC=CCC=CCC=CCCCCCCC(=O)OC(COC(=O)CCCCCCC=CCC=CCC=CCCCCC)COP(=O)([O-])OCC[N+](C)(C)C,[M+H]+,PC 20:3_20:3,"PC 20:3(8,11,14)_20:3(8,11,14)",0.7496666666666675,0.4973349999999641,0.38419566788483744,0.5669311672757524,All,Some,0.0,0.0,0.0,0.0,0.0,0.0,0.0,0.0,0.0,0.0,195468.29335539014,0.0,0.0,0.0,0.0,0.0,0.0,0.0
9327,8.715,834.60074,834.60073,0.011981777172364115,C48H84NO8P,CCCCCC=CCC=CCC=CCCCCCCC(=O)OC(COC(=O)CCCC=CCC=CCC=CCCCCCCCC)COP(=O)([O-])OCC[N+](C)(C)C,[M+H]+,PC 20:3_20:3,"PC 20:3(5,8,11)_20:3(8,11,14)",0.7912500000000002,0.509007499999953,0.28814675091362807,0.5396983754568141,Some,Some,0.0,0.0,0.0,0.0,0.0,0.0,0.0,0.0,0.0,0.0,37287.01406120761,0.0,0.0,0.0,0.0,0.0,0.0,0.0
9327,8.715,834.60074,834.60073,0.011981777172364115,C48H84NO8P,CCC=CCC=CCC=CCCCCCCCCCC(=O)OC(COC(=O)CCCCCCCCCC=CCC=CCC=CCC)COP(=O)([O-])OCC[N+](C)(C)C,[M+H]+,PC 20:3_20:3,"PC 20:3(11,14,17)_20:3(11,14,17)",0.7765000000000004,0.7106474999999648,0.23889234367604423,0.5076961718380223,All,Some,0.0,0.0,0.0,0.0,0.0,0.0,0.0,0.0,0.0,0.0,24369.7270471464,0.0,0.0,0.0,0.0,0.0,0.0,0.0
9327,8.715,834.60074,834.60073,0.011981777172364115,C48H84NO8P,CCCCCCCCC=CCC=CCC=CCCCC(=O)OC(COC(=O)CCCCCCCCCC=CCC=CCC=CCC)COP(=O)([O-])OCC[N+](C)(C)C,[M+H]+,PC 20:3_20:3,"PC 20:3(11,14,17)_20:3(5,8,11)",0.7770000000000001,0.700568749999988,0.11944617183802211,0.4482230859190111,Some,Some,0.0,0.0,0.0,0.0,0.0,0.0,0.0,0.0,0.0,0.0,27388.199614006066,0.0,0.0,0.0,0.0,0.0,0.0,0.0
9327,8.715,834.60074,834.60073,0.011981777172364115,C48H84NO8P,CCCCCCCCC=CCC=CCC=CCCCC(=O)OC(COC(=O)CCCC=CCC=CCC=CCCCCCCCC)COP(=O)([O-])OCC[N+](C)(C)C,[M+H]+,PC 20:3_20:3,"PC 20:3(5,8,11)_20:3(5,8,11)",0.7915999999999996,0.5824479999999994,0.0,0.3957999999999998,All,None,0.0,0.0,0.0,0.0,0.0,0.0,0.0,0.0,0.0,0.0,12872.897711607391,0.0,0.0,0.0,0.0,0.0,0.0,0.0
9344,8.717,784.58405,784.58508,1.3127958027198408,C44H82NO8P,CCCCCC=CCC=CCCCCCCCC(=O)OC(COC(=O)CCCCCCCC=CCCCCCCCC)COP(=O)([O-])OCC[N+](C)(C)C,[M+H]+,PC 18:1_18:2,"PC 18:1(9)_18:2(9,12)",0.8434999999999997,0.7088099999999997,0.704424189597772,0.7739620947988859,Some,Some,912263.3337458235,664291.3669064747,907953.8923719958,687611.3141334319,1042829.9624428962,834428.4629660875,1068094.7476828012,1001042.9447852761,1060876.0076775432,788793.6537305149,517871.9451193369,866752.6411356883,835586.9895437338,887119.4331149836,397588.4281359637,730614.2724274965,828268.050198294,781265.3723376421
9344,8.717,784.58405,784.58508,1.3127958027198408,C44H82NO8P,CCCCCCCCC=CCC=CCCCCC(=O)OC(COC(=O)CCCCCCCC=CCCCCCCCC)COP(=O)([O-])OCC[N+](C)(C)C,[M+H]+,PC 18:1_18:2,"PC 18:1(9)_18:2(6,9)",0.9350000000000005,0.4798200000000179,0.49517849609834225,0.7150892480491714,Some,Some,1878016.334612053,1776965.8273381295,1841831.8965517243,1553443.9768334674,1777975.5829278682,2108671.756369158,2529644.124041652,1809317.4846625768,2738598.080614203,2173722.6513714786,1865513.3152303372,2221907.807857379,2186877.3458283436,2188015.490462654,1502879.7377350891,2065811.2792762325,1938546.2052480031,1988131.247056361
9344,8.717,784.58405,784.58508,1.3127958027198408,C44H82NO8P,CCCCCCCCC=CCC=CCCCCC(=O)OC(COC(=O)CCCCC=CCCCCCCCCCCC)COP(=O)([O-])OCC[N+](C)(C)C,[M+H]+,PC 18:1_18:2,"PC 18:1(6)_18:2(6,9)",0.9465000000000003,0.6847400000000334,0.4553443119951096,0.7009221559975549,Some,Some,139308.25392896918,145568.345323741,151884.79623824454,120612.07931503057,334017.91642305744,236529.01974017214,273495.8233207461,145421.77914110429,254125.14395393466,183972.89421342337,151486.35129341148,168555.2162429845,246451.21882610125,234832.94195196312,146920.11272790015,183863.19438572755,242933.12326832177,201098.95860589252
9344,8.717,784.58405,784.58508,1.3127958027198408,C44H82NO8P,CCCCCC=CCC=CCCCCCCCC(=O)OC(COC(=O)CCCCCCCCCC=CCCCCCC)COP(=O)([O-])OCC[N+](C)(C)C,[M+H]+,PC 18:1_18:2,"PC 18:1(11)_18:2(9,12)",0.7519999999999994,0.6474499999999921,0.6483366652456501,0.7001683326228249,All,Some,1105061.2547951986,1258242.8057553957,1085762.8004179727,1012761.052256626,1069163.5369080298,1724581.15404083,1977782.3549605217,953696.319018405,2167781.1900191936,1751032.425181553,1628536.9920442095,1709049.1911521957,1806829.9269427673,1720310.6332138593,1252211.422327026,1702001.7755982073,1353211.2783180308,1521168.0360039773
9344,8.717,784.58405,784.58508,1.3127958027198408,C44H82NO8P,CCCCCCCCC=CCC=CCCCCC(=O)OC(COC(=O)CCCCCCCCCC=CCCCCCC)COP(=O)([O-])OCC[N+](C)(C)C,[M+H]+,PC 18:1_18:2,"PC 18:1(11)_18:2(6,9)",0.9333333333333336,0.4859833333333275,0.4573039954882769,0.6953186644108053,All,Some,0.0,0.0,0.0,0.0,201839.70350698123,0.0,60492.047144982265,0.0,0.0,0.0,0.0,0.0,49817.15599205934,55889.25967123965,0.0,0.0,0.0,0.0
9344,8.717,784.58405,784.58508,1.3127958027198408,C44H82NO8P,CCCCCC=CCC=CCCCCCCCC(=O)OC(COC(=O)CCCCC=CCCCCCCCCCCC)COP(=O)([O-])OCC[N+](C)(C)C,[M+H]+,PC 18:1_18:2,"PC 18:1(6)_18:2(9,12)",0.7809999999999988,0.7825033333333332,0.4945955444207797,0.6377977722103892,All,Some,715350.8229179557,684931.6546762589,682566.6144200627,575571.5774614441,724173.2977911666,765789.6068837525,810490.9028492963,500521.472392638,958619.5777351246,792478.3755030297,766591.3963127056,843735.1436117529,834437.3628669939,863832.2415853008,630400.2990740208,767709.478312336,667041.3429673492,708336.3859961275
9543,8.801,732.55313,732.55378,0.8873068676958072,C40H78NO8P,CCCCCCCCC=CCCCCCCCCCCCCCC(=O)OC(COC(=O)CCCCCCC)COP(=O)([O-])OCC[N+](C)(C)C,[M+H]+,PC 8:0_24:1,PC 8:0_24:1(15),0.8659999999999997,0.9042249999999967,0.48455993155946553,0.6752799657797326,All,Some,,,,,,,,,0.0,701000.0,,890000.0,,,,793000.0,,
9549,8.803,716.52172,716.52248,1.0606785149488411,C39H74NO8P,CCCCCCC=CCCCCCCCCCC(=O)OC(COC(=O)CCCCCCCC=CCCCCCC)COP(=O)(O)OCCN,[M+H]+,PE 16:1_18:1,PE 16:1(9)_18:1(11),0.9420000000000002,0.944904999999892,0.1031998091172673,0.5225999045586338,All,Some,543081.9880513537,289301.8141836174,397403.68509212724,553913.0434782607,190918.68131868134,459620.35763411276,622535.9424920127,274981.69433801627,244896.5517241379,300744.8086493908,224389.95215311006,435236.9165487977,330544.41260744986,412067.3297628156,159679.32752179325,422000.0,347565.10624700435,314155.5035570143
9549,8.803,716.52172,716.52248,1.0606785149488411,C39H74NO8P,CCCCCCCCCCCC=CCCCCC(=O)OC(COC(=O)CCCCCCCC=CCCCCCC)COP(=O)(O)OCCN,[M+H]+,PE 16:1_18:1,PE 16:1(9)_18:1(6),0.9540000000000006,0.6804299999999254,0.06879987274484486,0.5113999363724228,All,Some,142704.9701283844,94073.66684991754,120647.68285873812,344782.6086956522,0.0,167049.51856946354,191339.8562300319,317130.6939123032,0.0,105658.14312682342,85370.8133971292,129725.95473833095,0.0,166457.53634276972,77431.50684931506,0.0,90346.70075091868,110326.80559699735
9549,8.803,716.52172,716.52248,1.0606785149488411,C39H74NO8P,CCCCCCC=CCCCCCCCCCC(=O)OC(COC(=O)CCCCC=CCCCCCCCCC)COP(=O)(O)OCCN,[M+H]+,PE 16:1_18:1,PE 16:1(6)_18:1(11),0.9645000000000001,0.7364374999999086,0.05159990455863365,0.5080499522793169,All,Some,142704.9701283844,210401.3194062672,209503.07091010606,344782.6086956522,317081.3186813187,228248.9683631362,191339.8562300319,560703.2779906344,285103.4482758621,233176.591728162,207129.18660287082,224379.42008486562,89455.58739255017,264973.22111706197,186724.7820672478,0.0,200920.27480428186,224302.024278782
9549,8.803,716.52172,716.52248,1.0606785149488411,C39H74NO8P,CCCCCCC=CCCCCCCCCCC(=O)OC(COC(=O)CCCCCC=CCCCCCCCC)COP(=O)(O)OCCN,[M+H]+,PE 16:1_18:1,PE 16:1(7)_18:1(11),0.9614999999999991,0.7132049999999595,0.05159990455863365,0.5065499522793164,All,Some,400377.0179229693,311555.7998900495,365611.3902847571,209130.4347826087,508000.0,353770.2888583219,431196.0862619808,285721.58365261817,530000.0,322605.11412390595,260777.51196172248,400164.4271570014,420000.0,344125.4781943381,191541.09589041097,422000.0,367791.97954944876,317803.91664180154
9549,8.803,716.52172,716.52248,1.0606785149488411,C39H74NO8P,CCCCCCCCC=CCCCCCCCC(=O)OC(COC(=O)CCCCCCCC=CCCCCCC)COP(=O)(O)OCCN,[M+H]+,PE 16:1_18:1,PE 16:1(9)_18:1(9),0.9614999999999991,0.7132049999999595,0.05159990455863365,0.5065499522793164,All,Some,0.0,116327.65255634965,88855.38805136795,0.0,317081.3186813187,61199.44979367263,0.0,327870.5832269051,285103.4482758621,127518.4486013386,121758.37320574162,94653.46534653465,89455.58739255017,98515.68477429225,109293.27521793274,0.0,110573.57405336315,113975.21868178464
9549,8.803,716.52172,716.52248,1.0606785149488411,C39H74NO8P,CCCCCCCCCCCC=CCCCCC(=O)OC(COC(=O)CCCCC=CCCCCCCCCC)COP(=O)(O)OCCN,[M+H]+,PE 16:1_18:1,PE 16:1(6)_18:1(6),0.9840000000000005,0.4024733333332809,0.0,0.49200000000000027,All,None,0.0,116327.65255634965,88855.38805136795,0.0,317081.3186813187,61199.44979367263,0.0,285721.58365261817,285103.4482758621,127518.4486013386,121758.37320574162,94653.46534653465,89455.58739255017,98515.68477429225,109293.27521793274,0.0,110573.57405336315,113975.21868178464
9549,8.803,716.52172,716.52248,1.0606785149488411,C39H74NO8P,CCCCCCCCC=CCCCCCCCC(=O)OC(COC(=O)CCCCC=CCCCCCCCCC)COP(=O)(O)OCCN,[M+H]+,PE 16:1_18:1,PE 16:1(6)_18:1(9),0.9839999999999991,0.5047374999999761,0.0,0.49199999999999955,All,None,400377.0179229693,195228.14733369983,276756.0022333892,209130.4347826087,190918.68131868134,292570.83906464925,431196.0862619808,0.0,244896.5517241379,195086.66552256737,139019.13875598088,305510.9618104667,330544.41260744986,245609.7934200459,82247.8206724782,422000.0,257218.40549608564,203828.69796001693
9549,8.803,716.52172,716.52248,1.0606785149488411,C39H74NO8P,CCCCCCCCC=CCCCCCCCC(=O)OC(COC(=O)CCCCCC=CCCCCCCCC)COP(=O)(O)OCCN,[M+H]+,PE 16:1_18:1,PE 16:1(7)_18:1(9),0.9809999999999981,0.48150500000002694,0.0,0.49049999999999905,All,None,400377.0179229693,195228.14733369983,276756.0022333892,209130.4347826087,190918.68131868134,292570.83906464925,431196.0862619808,42148.999574286936,244896.5517241379,195086.66552256737,139019.13875598088,305510.9618104667,330544.41260744986,245609.7934200459,82247.8206724782,422000.0,257218.40549608564,203828.69796001693
9549,8.803,716.52172,716.52248,1.0606785149488411,C39H74NO8P,CCCCCCCCCCCC=CCCCCC(=O)OC(COC(=O)CCCCCC=CCCCCCCCC)COP(=O)(O)OCCN,[M+H]+,PE 16:1_18:1,PE 16:1(7)_18:1(6),0.9799999999999992,0.3714966666666821,0.0,0.4899999999999996,All,None,400377.0179229693,311555.7998900495,365611.3902847571,209130.4347826087,508000.0,353770.2888583219,431196.0862619808,285721.58365261817,530000.0,322605.11412390595,260777.51196172248,400164.4271570014,420000.00000000006,344125.4781943381,191541.09589041097,422000.0,367791.97954944876,317803.91664180154
9609,8.819,834.60083,834.60073,0.11981777199607524,C48H84NO8P,CCCCCC=CCC=CCC=CCCCCCCC(=O)OC(COC(=O)CCCCCCC=CCC=CCC=CCCCCC)COP(=O)([O-])OCC[N+](C)(C)C,[M+H]+,PC 20:3_20:3,"PC 20:3(8,11,14)_20:3(8,11,14)",0.7543333333333315,0.5064133333333037,0.3306255935790046,0.5424794634561682,All,Some,10345.562130177515,55768.792120269565,39278.24773413897,9561.595035623994,36766.29821791112,196846.47918676265,199166.9247445029,49598.02920146609,243623.09893933442,213106.55411725826,0.0,210744.89879848907,180469.11545089027,183268.95764477894,155661.47859922177,168906.286909864,165175.18659441711,171050.42603715605
9609,8.819,834.60083,834.60073,0.11981777199607524,C48H84NO8P,CCCCCC=CCC=CCC=CCCCCCCC(=O)OC(COC(=O)CCCCCCCCCC=CCC=CCC=CCC)COP(=O)([O-])OCC[N+](C)(C)C,[M+H]+,PC 20:3_20:3,"PC 20:3(11,14,17)_20:3(8,11,14)",0.6557142857142847,0.6943199999999641,0.42331284212299314,0.5395135639186389,Some,Some,63374.91124260356,71912.38983929496,57617.22054380665,41062.97402895886,48159.260094743964,247417.08095273428,281982.03778259514,67279.63708466021,296760.0875470004,252262.19269698477,0.0,253346.07183757145,221444.39977024696,230139.80806753476,166331.96090851506,212247.2918705497,204020.3880050918,204590.3757508032
9609,8.819,834.60083,834.60073,0.11981777199607524,C48H84NO8P,CCCCCC=CCC=CCC=CCCCCCCC(=O)OC(COC(=O)CCCC=CCC=CCC=CCCCCCCCC)COP(=O)([O-])OCC[N+](C)(C)C,[M+H]+,PC 20:3_20:3,"PC 20:3(5,8,11)_20:3(8,11,14)",0.8137499999999993,0.526586249999994,0.24796919518425348,0.5308595975921264,Some,Some,10345.562130177515,5175.220321410057,3467.0694864048337,22629.108250976784,13638.168283329574,9924.68650293092,16665.68597088882,7923.150874241423,7203.097816936976,13469.07225156697,0.0,21836.36927320928,25739.707064905222,20033.448811372597,13428.603746267301,21905.578240475144,25745.85596928235,24914.4433580109
9609,8.819,834.60083,834.60073,0.11981777199607524,C48H84NO8P,CCC=CCC=CCC=CCCCCCCCCCC(=O)OC(COC(=O)CCCCCCCCCC=CCC=CCC=CCC)COP(=O)([O-])OCC[N+](C)(C)C,[M+H]+,PC 20:3_20:3,"PC 20:3(11,14,17)_20:3(11,14,17)",0.6099999999999994,0.9163719999999784,0.3866828214197111,0.49834141070985527,All,Some,53029.34911242604,16143.5977190254,18338.97280966767,31501.378993334867,11392.961876832847,50570.60176597165,82815.11303809227,20940.395361413208,53136.988607665975,39155.63857972655,0.0,46029.44619141923,40975.28431935669,50146.69029320804,12842.502940910324,43341.00496068572,41145.894922823296,33539.94971364716
9609,8.819,834.60083,834.60073,0.11981777199607524,C48H84NO8P,CCCCCCCCC=CCC=CCC=CCCCC(=O)OC(COC(=O)CCCCCCCCCC=CCC=CCC=CCC)COP(=O)([O-])OCC[N+](C)(C)C,[M+H]+,PC 20:3_20:3,"PC 20:3(11,14,17)_20:3(5,8,11)",0.6873333333333329,0.7383755555555607,0.21482378967761728,0.4510785615054751,Some,Some,3904.6153846153848,0.0,16149.244712990936,11177.4304757527,19021.65576359125,29485.790606218,45685.19665531123,3258.7874782190706,42313.48560525283,17537.47010289645,0.0,28206.8446261017,45849.14991384261,45769.010738130324,17945.027599312274,36584.753484291155,47281.07762188632,21497.41584020115
9609,8.819,834.60083,834.60073,0.11981777199607524,C48H84NO8P,CCCCCCCCC=CCC=CCC=CCCCC(=O)OC(COC(=O)CCCC=CCC=CCC=CCCCCCCCC)COP(=O)([O-])OCC[N+](C)(C)C,[M+H]+,PC 20:3_20:3,"PC 20:3(5,8,11)_20:3(5,8,11)",0.8446666666666669,0.5304866666666991,0.0,0.42233333333333345,All,None,0.0,0.0,16149.244712990936,13067.513215352792,19021.65576359125,20755.360985382504,36685.041808609465,0.0,28963.241483809416,13469.07225156697,0.0,21836.36927320928,36522.34348075818,29642.084444975375,14790.426205773234,33015.08453413424,41631.59688649912,19407.389300181592
9678,8.846,766.53737,766.53813,0.9914705743520688,C43H76NO8P,CCC=CCC=CCC=CCC=CCCCCCCC(=O)OC(COC(=O)CCCCCCCC=CCCCCCCCC)COP(=O)(O)OCCN,[M+H]+,PE 18:1_20:4,"PE 18:1(9)_20:4(8,11,14,17)",0.9949999999999998,0.345893333333341,0.0,0.4974999999999999,Some,None,354141.38427520957,373511.2429911945,333037.0960574905,387135.31736162916,376020.5231448789,895703.5560313888,1113590.8512168757,326131.48756005906,1217120.3707752177,1052351.588619745,917748.2551390062,965789.2414280042,912100.3781368169,836774.6313891007,907903.8997214485,836414.5732295532,851893.7411954113,798613.8233680745
9678,8.846,766.53737,766.53813,0.9914705743520688,C43H76NO8P,CCCCCC=CCC=CCC=CCC=CCCCC(=O)OC(COC(=O)CCCCCCCC=CCCCCCCCC)COP(=O)(O)OCCN,[M+H]+,PE 18:1_20:4,"PE 18:1(9)_20:4(5,8,11,14)",0.9922499999999999,0.8024962500000044,0.0,0.4961249999999999,Some,None,158372.75672340204,174298.1560338349,198663.86773516386,165917.82033214511,138756.5918959119,401494.3617889682,526861.7027414807,153108.79596593883,527342.9233527174,449081.7713164081,433067.3187652399,417177.0883897445,412914.23169474053,397651.6743208821,310070.7985143918,372458.8690814424,371163.21191386593,355010.4223806911
9678,8.846,766.53737,766.53813,0.9914705743520688,C43H76NO8P,CCC=CCC=CCC=CCC=CCCCCCCC(=O)OC(COC(=O)CCCCCCCCCC=CCCCCCC)COP(=O)(O)OCCN,[M+H]+,PE 18:1_20:4,"PE 18:1(11)_20:4(8,11,14,17)",0.9824999999999999,0.1898649999999833,0.0,0.49124999999999996,All,None,231174.47421196068,247713.44341894827,194281.29261603058,239481.6104341098,260685.25668955361,608287.5754256861,727051.3022706554,213396.6033966034,819003.9788378295,712995.7938784754,610203.3689687486,656078.7255637437,616829.6665520798,548003.0864771396,611149.0250696379,551097.4852325135,566987.3213926342,525651.673066374
9678,8.846,766.53737,766.53813,0.9914705743520688,C43H76NO8P,CCCCCC=CCC=CCC=CCC=CCCCC(=O)OC(COC(=O)CCCCCCCCCC=CCCCCCC)COP(=O)(O)OCCN,[M+H]+,PE 18:1_20:4,"PE 18:1(11)_20:4(5,8,11,14)",0.9811999999999997,0.7303260000000137,0.0,0.49059999999999987,All,None,91027.02216280144,107370.85492976742,106378.80575517523,78919.00853850617,62194.44402710377,241436.4414253661,324746.45053833345,69240.28352599782,312344.89090988593,268160.30715472053,260079.21225995047,260050.30669432072,258234.78858714338,243467.26660840784,155640.66852367687,234073.97618701513,231143.08714026966,213261.65660998347
9678,8.846,766.53737,766.53813,0.9914705743520688,C43H76NO8P,CCCCCC=CCC=CCC=CCC=CCCCC(=O)OC(COC(=O)CCCCC=CCCCCCCCCCCC)COP(=O)(O)OCCN,[M+H]+,PE 18:1_20:4,"PE 18:1(6)_20:4(5,8,11,14)",0.9525000000000001,0.6851099999999803,0.0,0.47625000000000006,Some,None,305535.0439656502,322883.67791286914,267781.13172854454,319621.98458095,325280.8786189696,784904.6077864331,930575.5686254901,291803.910375339,1029637.5322460759,923442.9800910247,777739.443416151,855972.8167335951,808109.3159161224,725963.5944443411,756413.6490250697,730590.831604403,753314.55021131,697889.1936368623
9678,8.846,766.53737,766.53813,0.9914705743520688,C43H76NO8P,CCC=CCC=CCC=CCC=CCCCCCCC(=O)OC(COC(=O)CCCCC=CCCCCCCCCCCC)COP(=O)(O)OCCN,[M+H]+,PE 18:1_20:4,"PE 18:1(6)_20:4(8,11,14,17)",0.9511428571428573,0.15153428571427088,0.0,0.47557142857142864,Some,None,149749.31866097596,154222.6247133856,159857.80610759542,168924.25875265963,147062.30562358207,358173.4575421585,447174.1246071647,176318.91917606202,434550.3038782738,423967.5589396261,371162.40145090374,394931.8211905918,371811.6191130973,348139.74676012865,238821.95914577533,355364.2646650721,345498.08814650826,319573.2309380142
9715,8.856,788.51861,788.52248,4.907913341933203,C45H74NO8P,CCC=CCC=CCC=CCC=CCCCCCCC(=O)OC(COC(=O)CCCC=CCC=CCC=CCC=CCCCCC)COP(=O)(O)OCCN,[M+H]+,PE 20:4_20:4,"PE 20:4(5,8,11,14)_20:4(8,11,14,17)",0.8967499999999999,0.6916362499999593,0.07849397448628188,0.4876219872431409,Some,Some,32095.01915708812,26215.767634854772,24744.664031620552,27160.720991363123,26557.57064529734,36430.80060759924,55111.72082010035,20970.307345025176,44344.99643874644,44587.338415644685,39282.181379506095,37839.96299722479,37249.15565958869,32916.42783446062,38846.578845782664,34799.168633529436,48920.81105380212,32314.6256123163
9715,8.856,788.51861,788.52248,4.907913341933203,C45H74NO8P,CCC=CCC=CCC=CCC=CCCCCCCC(=O)OC(COC(=O)CCCCCCC=CCC=CCC=CCC=CCC)COP(=O)(O)OCCN,[M+H]+,PE 20:4_20:4,"PE 20:4(8,11,14,17)_20:4(8,11,14,17)",0.8614285714285715,0.6424785714285528,0.08970739941289359,0.47556798542073253,All,Some,54947.126436781604,64579.134558387675,58127.66798418973,61919.639504318446,54721.21467735132,104079.45528515737,127805.07582733541,55401.284945303,141038.6692782526,136444.81272787537,130450.85864320182,123049.95374653101,111882.82895836816,104946.69265161069,124223.07469600465,97574.64097415481,98078.99966876449,98540.5178446466
9715,8.856,788.51861,788.52248,4.907913341933203,C45H74NO8P,CCCCCC=CCC=CCC=CCC=CCCCC(=O)OC(COC(=O)CCCC=CCC=CCC=CCC=CCCCCC)COP(=O)(O)OCCN,[M+H]+,PE 20:4_20:4,"PE 20:4(5,8,11,14)_20:4(5,8,11,14)",0.9282857142857145,0.7470571428571345,0.007132859562141642,0.46770928692392805,All,Some,60957.85440613027,71205.09780675756,58127.66798418973,61919.63950431843,54721.21467735132,115489.7441072434,148083.20335256422,59628.40770967181,167616.33428300094,160967.84885647995,151266.95997729208,142110.08325624425,126868.01538204314,117136.87951392868,138930.3464582127,109626.19039231574,107000.1892774334,117144.85654303708
9738,8.864,792.55309,792.55378,0.8706033803323985,C45H78NO8P,CCCCCC=CCC=CCC=CCC=CCC=CCCCCC(=O)OC(COC(=O)CCCCCC=CCCCCCCCC)COP(=O)(O)OCCN,[M+H]+,PE 16:1_24:5,"PE 16:1(7)_24:5(6,9,12,15,18)",0.940999999999999,0.5177074999999718,0.0,0.4704999999999995,Some,None,29793.418276253862,32928.90042709991,28462.315998784838,27693.972804991306,16815.736381977138,57495.96904224443,81532.02282815472,34538.50477796515,75680.25956385737,67936.94723542509,58417.5086249384,64870.84307942642,47015.26482942322,50870.25355113288,57531.03854074728,50589.50541404338,62586.54640157531,48908.851027787736
9738,8.864,792.55309,792.55378,0.8706033803323985,C45H78NO8P,CCCCCC=CCC=CCC=CCC=CCC=CCCCCC(=O)OC(COC(=O)CCCCC=CCCCCCCCCC)COP(=O)(O)OCCN,[M+H]+,PE 16:1_24:5,"PE 16:1(6)_24:5(6,9,12,15,18)",0.8461999999999993,0.5876489999999649,0.0,0.42309999999999964,All,None,51086.43077422497,47640.566116740636,41699.246043801264,42805.77715333508,52777.404169468726,57938.769751693006,65410.27266962587,35727.93704328274,77903.8582610808,70270.38084351123,60073.06554953179,61762.686870741374,65356.00860567564,55289.27013041587,41745.219182112385,58114.65158786998,49666.13733087721,48883.74542572021
9738,8.864,792.55309,792.55378,0.8706033803323985,C45H78NO8P,CCC=CCC=CCC=CCC=CCC=CCCCCCCCC(=O)OC(COC(=O)CCCCCC=CCCCCCCCC)COP(=O)(O)OCCN,[M+H]+,PE 16:1_24:5,"PE 16:1(7)_24:5(9,12,15,18,21)",0.7806666666666651,0.5855600000000121,0.023526338010612144,0.40209650233863864,Some,Some,22930.936536276582,40214.387404739966,30243.972493026602,30664.467887505052,23836.583725622055,69826.26572073525,74660.74825618262,41845.980888139406,86475.50849432142,81888.93568377354,68458.35386890093,77856.45276111054,57109.5174674726,57842.7875477027,78213.59223300971,58915.05349908608,73682.39852632917,54228.100465843556
9738,8.864,792.55309,792.55378,0.8706033803323985,C45H78NO8P,CCC=CCC=CCC=CCC=CCC=CCCCCCCCC(=O)OC(COC(=O)CCCCC=CCCCCCCCCC)COP(=O)(O)OCCN,[M+H]+,PE 16:1_24:5,"PE 16:1(6)_24:5(9,12,15,18,21)",0.7769090909090902,0.6991227272727346,0.01924882200868266,0.3980789564588864,All,Some,37042.28209706216,38230.63395025541,32115.77232179845,34860.88157550068,42992.60255548084,54345.27168655272,62782.49841471147,16188.870151770658,71560.25837410706,69857.16864207931,57922.99162148841,56042.153971321066,61249.871939350465,50502.3869672079,45345.101500441306,50586.08489305528,44807.72406783968,43423.27697603457
9738,8.864,792.55309,792.55378,0.8706033803323985,C45H78NO8P,CCCCCC=CCC=CCC=CCC=CCC=CCCCCC(=O)OC(COC(=O)CCCCCCCC=CCCCCCC)COP(=O)(O)OCCN,[M+H]+,PE 16:1_24:5,"PE 16:1(9)_24:5(6,9,12,15,18)",0.7615999999999989,0.5210439999999835,0.021173704209550927,0.3913868521047749,All,Some,22426.959909105666,25136.92320576166,23120.881548786216,23431.54811516205,11308.002689979825,48975.46154466301,75868.10399492705,29254.637436762227,67578.25830470496,55856.56699356236,51236.26170527354,58788.009763042806,42464.296690912815,48038.14261212882,48475.433951162115,47134.779216059345,58088.80137203837,46790.56585334072
9738,8.864,792.55309,792.55378,0.8706033803323985,C45H78NO8P,CCC=CCC=CCC=CCC=CCC=CCCCCCCCC(=O)OC(COC(=O)CCCCCCCC=CCCCCCC)COP(=O)(O)OCCN,[M+H]+,PE 16:1_24:5,"PE 16:1(9)_24:5(9,12,15,18,21)",0.699999999999999,0.6385727272727515,0.03849764401736532,0.3692488220086822,All,Some,43719.97240707678,39848.58889540238,36357.811593802646,38543.35246350582,47269.670477471416,49418.262254111585,59746.35383639822,30444.069702079818,69801.8570019284,58190.00060164853,52891.818629866924,55679.853554357775,60805.04046716525,52457.1591914118,32689.614592527214,54659.92538988595,45168.392301340275,46765.460251273194
9747,8.867,690.50638,690.50683,0.6516952192938158,C37H72NO8P,CCCCCCCCC=CCCCCCC(=O)OC(COC(=O)CCCCCCCCCCCCCCC)COP(=O)(O)OCCN,[M+H]+,PE 16:0_16:1,PE 16:0_16:1(7),0.9599999999999973,0.08546999999998661,0.0,0.47999999999999865,All,None,0.0,0.0,0.0,0.0,0.0,0.0,23919.73886328725,0.0,0.0,0.0,15903.518477539277,0.0,0.0,0.0,29331.388564760797,0.0,0.0,0.0
9747,8.867,690.50638,690.50683,0.6516952192938158,C37H72NO8P,CCCCCCCCCC=CCCCCC(=O)OC(COC(=O)CCCCCCCCCCCCCCC)COP(=O)(O)OCCN,[M+H]+,PE 16:0_16:1,PE 16:0_16:1(6),0.9139999999999979,0.5099099999999908,0.0,0.45699999999999896,All,None,0.0,60177.70034843205,0.0,61351.35135135134,233000.0,108262.52723311547,129415.00256016386,41683.11903774368,288000.0,110794.49838187703,110245.62956406285,140839.16083916085,243000.0,105601.25588697018,72164.52742123687,239000.0,0.0,95401.15163147794
9747,8.867,690.50638,690.50683,0.6516952192938158,C37H72NO8P,CCCCCCC=CCCCCCCCC(=O)OC(COC(=O)CCCCCCCCCCCCCCC)COP(=O)(O)OCCN,[M+H]+,PE 16:0_16:1,PE 16:0_16:1(9),0.8999999999999986,0.06025499999998374,0.0,0.4499999999999993,All,None,240000.0,110822.29965156794,208000.0,123648.64864864865,0.0,169737.47276688454,159665.2585765489,176316.88096225634,0.0,118205.50161812299,85850.85195839786,163160.83916083918,0.0,145398.74411302982,69504.08401400234,0.0,0.0,122598.84836852209
9834,8.939,784.58424,784.58508,1.0706295866925828,C44H82NO8P,CCCCCC=CCC=CCC=CCCCCCCC(=O)OC(COC(=O)CCCCCCCCCCCCCCC)COP(=O)([O-])OCC[N+](C)(C)C,[M+H]+,PC 16:0_20:3,"PC 16:0_20:3(8,11,14)",0.552999999999999,0.8946200000000317,0.6618124609870618,0.6074062304935305,All,Some,0.0,0.0,0.0,0.0,0.0,1230816.8483380433,1090367.9976763139,0.0,1069531.914893617,697537.9426644184,656753.2085379931,855744.7633824672,736583.9618896387,872694.2718700364,512470.9976798144,843517.3602893945,831250.2214909506,928069.1492009755
9834,8.939,784.58424,784.58508,1.0706295866925828,C44H82NO8P,CCC=CCC=CCC=CCCCCCCCCCC(=O)OC(COC(=O)CCCCCCCCCCCCCCC)COP(=O)([O-])OCC[N+](C)(C)C,[M+H]+,PC 16:0_20:3,"PC 16:0_20:3(11,14,17)",0.7027999999999992,0.7345740000000205,0.5032888758369012,0.6030444379184502,All,Some,0.0,0.0,0.0,0.0,0.0,990851.8368994751,1571327.4864653344,0.0,1280425.531914894,1236930.8600337268,1127064.8950859006,1180529.480217223,1000911.0758237394,996143.6154170939,1071890.951276102,882431.4547483012,1062087.3307176307,796425.5488624484
9834,8.939,784.58424,784.58508,1.0706295866925828,C44H82NO8P,CCCCCCCCC=CCC=CCC=CCCCC(=O)OC(COC(=O)CCCCCCCCCCCCCCC)COP(=O)([O-])OCC[N+](C)(C)C,[M+H]+,PC 16:0_20:3,"PC 16:0_20:3(5,8,11)",0.7964000000000006,0.7147780000000239,0.19713793004700972,0.49676896502350515,All,Some,0.0,0.0,0.0,0.0,0.0,1068331.3147624815,1328304.515858352,0.0,1190042.5531914893,1125531.197301855,1076181.8963761064,983725.7564003104,1132504.9622866218,1201162.11271287,1265638.0510440834,1154051.1849623043,566662.4477914188,1205505.3019365757
9845,8.941,718.52829,718.53813,13.694471579474571,C39H76NO8P,CCCCCCCCC=CCCCCCCCCCCCCCCCC(=O)OC(COC(=O)CCCCCCC)COP(=O)(O)OCCN,[M+H]+,PE 8:0_26:1,PE 8:0_26:1(17),0.5830000000000002,0.8278450000000248,0.41034162866828744,0.49667081433414384,All,Some,0.0,,,0.0,0.0,0.0,0.0,0.0,158000.0,128000.0,,0.0,,0.0,0.0,,,0.0
9957,8.991,834.6006,834.60073,0.15576310364938462,C48H84NO8P,CCC=CCC=CCC=CCCCCCCCCCC(=O)OC(COC(=O)CCCCCCCCCC=CCC=CCC=CCC)COP(=O)([O-])OCC[N+](C)(C)C,[M+H]+,PC 20:3_20:3,"PC 20:3(11,14,17)_20:3(11,14,17)",0.7023999999999994,0.9300479999999652,0.3947645534606818,0.5485822767303405,All,Some,0.0,0.0,0.0,0.0,3724.6798603026778,0.0,0.0,0.0,0.0,0.0,0.0,0.0,0.0,0.0,0.0,0.0,0.0,0.0
9957,8.991,834.6006,834.60073,0.15576310364938462,C48H84NO8P,CCCCCC=CCC=CCC=CCCCCCCC(=O)OC(COC(=O)CCCCCCCCCC=CCC=CCC=CCC)COP(=O)([O-])OCC[N+](C)(C)C,[M+H]+,PC 20:3_20:3,"PC 20:3(11,14,17)_20:3(8,11,14)",0.6351428571428569,0.8652071428571324,0.4231683588671032,0.5291556080049801,Some,Some,0.0,0.0,0.0,0.0,1912.9220023282885,0.0,0.0,0.0,0.0,0.0,0.0,0.0,0.0,0.0,0.0,0.0,0.0,0.0
9957,8.991,834.6006,834.60073,0.15576310364938462,C48H84NO8P,CCCCCCCCC=CCC=CCC=CCCCC(=O)OC(COC(=O)CCCCCCCCCC=CCC=CCC=CCC)COP(=O)([O-])OCC[N+](C)(C)C,[M+H]+,PC 20:3_20:3,"PC 20:3(11,14,17)_20:3(5,8,11)",0.7351428571428572,0.8916985714285731,0.28197468104334417,0.5085587690931007,Some,Some,0.0,0.0,0.0,0.0,855.2968568102444,0.0,0.0,0.0,0.0,0.0,0.0,0.0,0.0,0.0,0.0,0.0,0.0,0.0
9957,8.991,834.6006,834.60073,0.15576310364938462,C48H84NO8P,CCCCCC=CCC=CCC=CCCCCCCC(=O)OC(COC(=O)CCCC=CCC=CCC=CCCCCCCCC)COP(=O)([O-])OCC[N+](C)(C)C,[M+H]+,PC 20:3_20:3,"PC 20:3(5,8,11)_20:3(8,11,14)",0.7665714285714286,0.6065071428571726,0.14119367782375905,0.45388255319759374,Some,Some,0.0,0.0,0.0,0.0,1057.625145518044,0.0,0.0,0.0,0.0,0.0,0.0,0.0,0.0,0.0,0.0,0.0,0.0,0.0
9957,8.991,834.6006,834.60073,0.15576310364938462,C48H84NO8P,CCCCCCCCC=CCC=CCC=CCCCC(=O)OC(COC(=O)CCCC=CCC=CCC=CCCCCCCCC)COP(=O)([O-])OCC[N+](C)(C)C,[M+H]+,PC 20:3_20:3,"PC 20:3(5,8,11)_20:3(5,8,11)",0.8670000000000009,0.6613200000000461,0.0,0.43350000000000044,Some,None,0.0,0.0,0.0,0.0,12553.550640279396,0.0,0.0,0.0,0.0,0.0,0.0,0.0,0.0,0.0,0.0,0.0,0.0,0.0
9957,8.991,834.6006,834.60073,0.15576310364938462,C48H84NO8P,CCCCCC=CCC=CCC=CCCCCCCC(=O)OC(COC(=O)CCCCCCC=CCC=CCC=CCCCCC)COP(=O)([O-])OCC[N+](C)(C)C,[M+H]+,PC 20:3_20:3,"PC 20:3(8,11,14)_20:3(8,11,14)",0.6949999999999997,0.7073083333333443,0.1647259574610522,0.4298629787305259,All,Some,0.0,0.0,0.0,0.0,11495.925494761352,0.0,0.0,0.0,0.0,0.0,0.0,0.0,0.0,0.0,0.0,0.0,0.0,0.0
10123,9.077,742.53756,742.53813,0.7676373468374172,C41H76NO8P,CCCCCC=CCC=CCCCCCCCC(=O)OC(COC(=O)CCCCCCCC=CCCCCCCCC)COP(=O)(O)OCCN,[M+H]+,PE 18:1_18:2,"PE 18:1(9)_18:2(9,12)",0.9584999999999999,0.9146674999999789,0.026999082984810033,0.49274954149240496,Some,Some,234132.39407438107,0.0,206892.27700199487,188523.7613751264,265675.6502073124,382500.0,488405.0811573747,63533.29533580318,246283.01886792455,403776.82403433474,165930.05380476557,420353.2661368482,185610.88883974348,282735.5434371794,264018.4615384615,221835.24860621232,197021.16806937003,196044.43291431805
10123,9.077,742.53756,742.53813,0.7676373468374172,C41H76NO8P,CCCCCC=CCC=CCCCCCCCC(=O)OC(COC(=O)CCCCCCCCCC=CCCCCCC)COP(=O)(O)OCCN,[M+H]+,PE 18:1_18:2,"PE 18:1(11)_18:2(9,12)",0.9615999999999992,0.7526599999999689,0.021599266387848027,0.4915996331939237,All,Some,568315.549570082,915000.0,487916.78540894843,500672.39635995956,541946.3814549567,342236.8421052631,974311.9266055045,734516.0064595803,600584.9056603775,637372.644150028,453139.89239046886,629388.7704335465,556183.2767043969,415482.42535500246,405913.8461538461,444457.8450335647,537719.9693955624,466970.1186292777
10123,9.077,742.53756,742.53813,0.7676373468374172,C41H76NO8P,CCCCCCCCC=CCC=CCCCCC(=O)OC(COC(=O)CCCCCCCC=CCCCCCCCC)COP(=O)(O)OCCN,[M+H]+,PE 18:1_18:2,"PE 18:1(9)_18:2(6,9)",0.9830000000000005,0.9051349999999729,0.0,0.49150000000000027,Some,None,234132.39407438107,0.0,221563.1233969792,188523.7613751264,265675.6502073124,382500.0,148228.6520818631,106013.58411703241,246283.01886792455,140085.83690987126,165930.05380476557,162233.15241971955,160819.47767345543,238766.53528427193,112043.0769230769,185026.73796791444,197021.16806937003,173339.30803518783
10123,9.077,742.53756,742.53813,0.7676373468374172,C41H76NO8P,CCCCCC=CCC=CCCCCCCCC(=O)OC(COC(=O)CCCCC=CCCCCCCCCCCC)COP(=O)(O)OCCN,[M+H]+,PE 18:1_18:2,"PE 18:1(6)_18:2(9,12)",0.9083999999999997,0.6058859999999868,0.021599266387848027,0.46499963319392384,Some,Some,568315.549570082,915000.0,502587.6318039327,500672.39635995956,541946.3814549567,342236.8421052631,634135.4975299928,776996.2952408094,600584.9056603775,373681.65702556446,453139.89239046886,371268.6567164179,556183.2767043969,415482.42535500246,253938.4615384615,444457.8450335647,537719.9693955624,466970.1186292777
10123,9.077,742.53756,742.53813,0.7676373468374172,C41H76NO8P,CCCCCCCCC=CCC=CCCCCC(=O)OC(COC(=O)CCCCCCCCCC=CCCCCCC)COP(=O)(O)OCCN,[M+H]+,PE 18:1_18:2,"PE 18:1(11)_18:2(6,9)",0.9296,0.8888459999999896,0.0,0.4648,All,None,234132.39407438107,0.0,206892.27700199487,188523.7613751264,265675.6502073124,220263.15789473683,0.0,63533.29533580318,246283.01886792455,140085.83690987126,165930.05380476557,162233.15241971955,160819.47767345543,238766.53528427193,112043.0769230769,185026.73796791444,68482.52996684518,173339.30803518783
10123,9.077,742.53756,742.53813,0.7676373468374172,C41H76NO8P,CCCCCCCCC=CCC=CCCCCC(=O)OC(COC(=O)CCCCC=CCCCCCCCCCCC)COP(=O)(O)OCCN,[M+H]+,PE 18:1_18:2,"PE 18:1(6)_18:2(6,9)",0.8565000000000005,0.7014675000000068,0.0,0.42825000000000024,Some,None,350971.71863669326,0.0,324147.9053861499,303083.9231547017,379080.28646814916,220263.15789473683,114918.84262526463,225407.52351097178,349981.1320754717,224997.2009703303,165930.05380476557,244523.00187374814,280383.60240455176,238766.53528427193,112043.0769230769,249195.58539082945,142035.19510328997,283336.713756751
10241,9.13,774.54314,774.54322,0.10328668298896618,C45H76NO7P,CCC=CCC=CCC=CCC=CCC=CCC=CCCC(=O)OC(COCCCCCCCCC=CCC=CCCCCC)COP(=O)(O)OCCN,[M+H]+,PE O-18:2_22:6,"PE O-18:2(9,12)_22:6(4,7,10,13,16,19)",0.6939999999999994,0.699820909090921,0.2683461746420789,0.48117308732103914,Some,Some,0.0,0.0,0.0,0.0,0.0,14888.524158762484,20103.826233392403,0.0,19504.67909938157,16629.788189916835,14477.432320059132,17630.642869085437,15326.936870760059,12549.692959597562,15203.955500618047,14369.7237034563,16821.106203188014,13788.984564285145
10241,9.13,774.54314,774.54322,0.10328668298896618,C45H76NO7P,CCC=CCC=CCC=CCC=CCC=CCC=CCCC(=O)OC(COCCCCCC=CCC=CCCCCCCCC)COP(=O)(O)OCCN,[M+H]+,PE O-18:2_22:6,"PE O-18:2(6,9)_22:6(4,7,10,13,16,19)",0.6970909090909084,0.6562036363636294,0.09306312135931095,0.3950770152251097,Some,Some,0.0,0.0,0.0,0.0,0.0,21811.475841237512,28396.173766607593,0.0,28895.32090061843,24670.21181008317,20922.567679940865,24069.357130914563,21873.06312923994,18450.30704040244,22296.044499381955,20630.276296543703,22378.893796811986,18811.015435714853
10256,9.139,766.5376,766.53813,0.6914202689775142,C43H76NO8P,CCC=CCC=CCC=CCC=CCCCCCCC(=O)OC(COC(=O)CCCCCCCCCC=CCCCCCC)COP(=O)(O)OCCN,[M+H]+,PE 18:1_20:4,"PE 18:1(11)_20:4(8,11,14,17)",0.9375555555555563,0.8255722222222251,0.0,0.4687777777777781,All,None,87911.9554473348,114285.36644752864,50994.47713244052,46884.84827514619,45589.82667774041,148612.7405193349,196829.26829268291,48814.47963800905,176759.4057953019,193102.04279683632,148905.71817562968,152355.197431992,216973.18007662837,141363.63636363635,112651.11111111111,150351.52910226898,117473.58508634726,149627.2965879265
10256,9.139,766.5376,766.53813,0.6914202689775142,C43H76NO8P,CCC=CCC=CCC=CCC=CCCCCCCC(=O)OC(COC(=O)CCCCCCCC=CCCCCCCCC)COP(=O)(O)OCCN,[M+H]+,PE 18:1_20:4,"PE 18:1(9)_20:4(8,11,14,17)",0.912333333333334,0.7679083333333286,0.0,0.456166666666667,Some,None,74089.49106776924,58280.983686389096,86844.02411291195,82010.41486453755,97681.8658352281,183467.21464599288,211097.56097560973,81029.41176470587,211201.59387734366,218545.1016546169,174208.64533696393,164173.2750290702,157057.47126436784,190182.91018291021,144798.3333333333,142433.0812232818,170696.68337217096,153840.76990376203
10256,9.139,766.5376,766.53813,0.6914202689775142,C43H76NO8P,CCC=CCC=CCC=CCC=CCCCCCCC(=O)OC(COC(=O)CCCCC=CCCCCCCCCCCC)COP(=O)(O)OCCN,[M+H]+,PE 18:1_20:4,"PE 18:1(6)_20:4(8,11,14,17)",0.8305714285714301,0.869562857142861,0.0,0.41528571428571504,Some,None,6753.4415005183355,12384.709033357687,0.0,5318.466489048822,9510.476942557218,15932.000747244536,13445.121951219511,0.0,23159.861833861996,0.0,0.0,6964.018408424637,18827.58620689655,0.0,0.0,0.0,0.0,0.0
10256,9.139,766.5376,766.53813,0.6914202689775142,C43H76NO8P,CCCCCC=CCC=CCC=CCC=CCCCC(=O)OC(COC(=O)CCCCCCCC=CCCCCCCCC)COP(=O)(O)OCCN,[M+H]+,PE 18:1_20:4,"PE 18:1(9)_20:4(5,8,11,14)",0.821000000000001,0.6629333333333042,0.0,0.4105000000000005,Some,None,59383.39882832278,39552.14674133594,74386.88950655164,70617.72949032906,85044.1815186461,117212.77788156172,132073.1707317073,67972.85067873303,137733.2174423461,121579.69819011111,106533.35602450646,121282.30072552775,74130.26819923373,120901.99290199293,93543.88888888889,96605.06412364353,108633.44718613337,86621.17235345583
10256,9.139,766.5376,766.53813,0.6914202689775142,C43H76NO8P,CCCCCC=CCC=CCC=CCC=CCCCC(=O)OC(COC(=O)CCCCCCCCCC=CCCCCCC)COP(=O)(O)OCCN,[M+H]+,PE 18:1_20:4,"PE 18:1(11)_20:4(5,8,11,14)",0.8135555555555567,0.6492222222222179,0.0,0.40677777777777835,All,None,71772.22208828565,91215.81040499962,40930.58513518391,39158.12601640082,39890.47884869361,79092.84513356996,114054.87804878049,40153.84615384615,104890.09922225108,95426.2700761803,75406.73927842067,110617.20630865225,122620.68965517242,71403.4944034944,59313.888888888876,95615.25813877014,64769.958821463915,84269.4663167104
10256,9.139,766.5376,766.53813,0.6914202689775142,C43H76NO8P,CCCCCC=CCC=CCC=CCC=CCCCC(=O)OC(COC(=O)CCCCC=CCCCCCCCCCCC)COP(=O)(O)OCCN,[M+H]+,PE 18:1_20:4,"PE 18:1(6)_20:4(5,8,11,14)",0.7266666666666683,0.6050266666666554,0.0,0.3633333333333342,Some,None,74089.49106776924,58280.983686389096,86844.02411291195,82010.41486453755,86283.17017713454,99682.4210722959,127500.0,81029.41176470587,133255.82182889522,103346.88728225531,84945.54118447923,148608.00209633305,54390.80459770115,98147.96614796614,78692.77777777777,116995.06741203551,109426.32553388453,85641.29483814523
10406,9.278,818.56907,818.56943,0.43979164968398843,C47H80NO8P,CCCCC=CCC=CCC=CCC=CCC=CCC=CCCC(=O)OC(COC(=O)CCCCCCCCCC=CCCCCCC)COP(=O)(O)OCCN,[M+H]+,PE 18:1_24:6,"PE 18:1(11)_24:6(4,7,10,13,16,19)",0.7934545454545456,0.6218281818182008,0.011242842804725267,0.4023486941296354,All,Some,29501.972363292778,24038.542645370082,32438.72730821784,34623.66621067032,36791.39367018323,29615.535149781725,52682.761372705514,34163.08790139474,59990.70618883335,45624.08927418611,42560.53390405085,50394.73483983869,50503.11968235962,31343.848580441645,23495.897989638815,44346.287367405974,36638.52263088904,46885.88926384202
10406,9.278,818.56907,818.56943,0.43979164968398843,C47H80NO8P,CCCCC=CCC=CCC=CCC=CCC=CCC=CCCC(=O)OC(COC(=O)CCCCC=CCCCCCCCCCCC)COP(=O)(O)OCCN,[M+H]+,PE 18:1_24:6,"PE 18:1(6)_24:6(4,7,10,13,16,19)",0.7776000000000003,0.6236620000000016,0.012367127085197794,0.39498356354259906,All,Some,41597.02373922287,17947.60413404322,25980.63634589108,25038.166894664846,30254.303164908386,56768.92970043654,52129.48922585794,27718.456049302626,42004.64690558333,30187.95536290695,31719.73304797458,35802.632580080644,33248.440158820194,49324.92113564669,17452.051005180594,31417.647058823528,48915.25946487779,29557.05536807899
10406,9.278,818.56907,818.56943,0.43979164968398843,C47H80NO8P,CCCCC=CCC=CCC=CCC=CCC=CCC=CCCC(=O)OC(COC(=O)CCCCCCCC=CCCCCCCCC)COP(=O)(O)OCCN,[M+H]+,PE 18:1_24:6,"PE 18:1(9)_24:6(4,7,10,13,16,19)",0.7636363636363641,0.684186363636379,0.012614997577465953,0.3881256806069151,All,Some,20501.00389748435,22913.8532205867,25980.63634589108,25038.166894664846,30254.303164908386,29615.535149781725,36187.74940143656,27718.456049302626,42004.64690558333,30187.95536290695,31719.73304797458,35802.632580080644,33248.440158820194,27331.23028391168,17452.051005180594,33236.06557377049,27446.217904233174,29557.05536807899
10419,9.286,742.53774,742.53813,0.5252255531154019,C41H76NO8P,CCCCCCCCC=CCC=CCCCCC(=O)OC(COC(=O)CCCCCCCC=CCCCCCCCC)COP(=O)(O)OCCN,[M+H]+,PE 18:1_18:2,"PE 18:1(9)_18:2(6,9)",0.8969999999999985,0.45669500000008156,0.060370203389694586,0.4786851016948465,Some,Some,0.0,0.0,0.0,0.0,0.0,123847.3282442748,0.0,0.0,148931.79634966378,0.0,85823.40718194854,0.0,0.0,116321.85079494497,89059.19003115266,139188.4661769543,103601.52416458784,113203.71201915882
10419,9.286,742.53774,742.53813,0.5252255531154019,C41H76NO8P,CCCCCC=CCC=CCCCCCCCC(=O)OC(COC(=O)CCCCCCCC=CCCCCCCCC)COP(=O)(O)OCCN,[M+H]+,PE 18:1_18:2,"PE 18:1(9)_18:2(9,12)",0.9349999999999987,0.32027000000002204,0.0,0.46749999999999936,Some,None,0.0,0.0,0.0,0.0,0.0,220580.1526717557,0.0,0.0,195611.911623439,0.0,117660.1597939653,0.0,0.0,165654.30085609457,74761.16303219108,175614.51595219827,150723.0461361331,112073.47060961789
10419,9.286,742.53774,742.53813,0.5252255531154019,C41H76NO8P,CCCCCCCCC=CCC=CCCCCC(=O)OC(COC(=O)CCCCC=CCCCCCCCCCCC)COP(=O)(O)OCCN,[M+H]+,PE 18:1_18:2,"PE 18:1(6)_18:2(6,9)",0.9009999999999989,0.6219675000000393,0.030185101694847293,0.4655925508474231,Some,Some,0.0,0.0,0.0,0.0,0.0,61996.94656488549,0.0,0.0,123112.39193083574,0.0,103137.34671778514,0.0,0.0,67096.41255605381,95368.63966770508,73596.75474180465,76699.4709284794,92003.76333739603
10419,9.286,742.53774,742.53813,0.5252255531154019,C41H76NO8P,CCCCCC=CCC=CCCCCCCCC(=O)OC(COC(=O)CCCCC=CCCCCCCCCCCC)COP(=O)(O)OCCN,[M+H]+,PE 18:1_18:2,"PE 18:1(6)_18:2(9,12)",0.8967999999999996,0.5488460000000032,0.0,0.4483999999999998,Some,Some,0.0,0.0,0.0,0.0,0.0,158729.77099236636,0.0,0.0,169792.50720461094,0.0,134974.0993298019,0.0,0.0,125952.91479820629,81070.6126687435,121627.0145817345,123820.99290002468,96651.48502148953
10419,9.286,742.53774,742.53813,0.5252255531154019,C41H76NO8P,CCCCCC=CCC=CCCCCCCCC(=O)OC(COC(=O)CCCCCCCCCC=CCCCCCC)COP(=O)(O)OCCN,[M+H]+,PE 18:1_18:2,"PE 18:1(11)_18:2(9,12)",0.8603333333333326,0.5099733333333347,0.0,0.4301666666666663,All,None,0.0,0.0,0.0,0.0,0.0,0.0,0.0,0.0,37275.69644572526,0.0,28060.522696011005,0.0,0.0,18084.99796167958,27985.462097611628,21346.78215107993,26472.765152553522,50808.04841020377
10419,9.286,742.53774,742.53813,0.5252255531154019,C41H76NO8P,CCCCCCCCC=CCC=CCCCCC(=O)OC(COC(=O)CCCCCCCCCC=CCCCCCC)COP(=O)(O)OCCN,[M+H]+,PE 18:1_18:2,"PE 18:1(11)_18:2(6,9)",0.8033333333333322,0.6180250000000266,0.020123401129898195,0.4117283672316152,All,Some,0.0,0.0,0.0,0.0,0.0,10845.801526717556,0.0,0.0,37275.69644572526,0.0,40344.464280488166,0.0,0.0,31889.52303302079,58754.93250259605,34626.46639622849,40682.200718221444,29259.520602133984
10464,9.315,834.59996,834.60073,0.9225968445877266,C48H84NO8P,CCC=CCC=CCC=CCCCCCCCCCC(=O)OC(COC(=O)CCCCCCCCCC=CCC=CCC=CCC)COP(=O)([O-])OCC[N+](C)(C)C,[M+H]+,PC 20:3_20:3,"PC 20:3(11,14,17)_20:3(11,14,17)",0.9624000000000003,0.904542000000015,0.558234497231331,0.7603172486156655,All,Some,0.0,2674.2116850743278,0.0,0.0,0.0,58573.70184254606,108802.98507462686,8829.537281227522,119083.83038715975,117139.2896781354,94548.46663584525,77839.64365256125,102480.50311732887,93176.27627627627,134457.06106870229,68983.66407192193,72783.14128516556,75897.75231379461
10464,9.315,834.59996,834.60073,0.9225968445877266,C48H84NO8P,CCCCCC=CCC=CCC=CCCCCCCC(=O)OC(COC(=O)CCCCCCCCCC=CCC=CCC=CCC)COP(=O)([O-])OCC[N+](C)(C)C,[M+H]+,PC 20:3_20:3,"PC 20:3(11,14,17)_20:3(8,11,14)",0.8394285714285716,0.6671528571428585,0.5383615887691894,0.6888950800988806,Some,Some,58649.069373942475,63900.362088102025,52711.4967462039,47890.29865313293,63117.236685383694,200174.2043551089,235025.87064676618,74149.12491009351,259488.7756208654,245223.64039955605,255241.87085837565,197935.09385937007,214846.08867551538,194615.21521521517,290155.534351145,168325.84146475166,188326.37807536597,195720.58175407664
10464,9.315,834.59996,834.60073,0.9225968445877266,C48H84NO8P,CCCCCCCCC=CCC=CCC=CCCCC(=O)OC(COC(=O)CCCCCCCCCC=CCC=CCC=CCC)COP(=O)([O-])OCC[N+](C)(C)C,[M+H]+,PC 20:3_20:3,"PC 20:3(11,14,17)_20:3(5,8,11)",0.8731111111111107,0.7596300000000534,0.3106550802419451,0.5918830956765279,Some,Some,9190.524534686972,17969.668298185916,9859.002169197394,8739.800897911378,13248.25591288072,99843.38358458962,178672.96849087893,19249.340685686886,177839.71369699604,140024.41731409545,111996.07027276928,129658.60642698058,131687.83264180043,137292.992992993,153973.28244274808,122788.07148338995,95007.99335617149,124902.60026443367
10464,9.315,834.59996,834.60073,0.9225968445877266,C48H84NO8P,CCCCCC=CCC=CCC=CCCCCCCC(=O)OC(COC(=O)CCCCCCC=CCC=CCC=CCCCCC)COP(=O)([O-])OCC[N+](C)(C)C,[M+H]+,PC 20:3_20:3,"PC 20:3(8,11,14)_20:3(8,11,14)",0.7587999999999994,0.4220339999999851,0.19547172704553428,0.4771358635227669,All,Some,58649.069373942475,73208.39171018393,52711.4967462039,47890.29865313293,63117.236685383694,164266.33165829146,150401.32669983417,65319.58762886598,170961.93471423927,157482.24195338512,184769.14778856523,138628.69869551386,134375.3394304086,131686.18618618618,187614.50381679388,127776.55958776448,148360.6353161009,135958.5720581754
10464,9.315,834.59996,834.60073,0.9225968445877266,C48H84NO8P,CCCCCC=CCC=CCC=CCCCCCCC(=O)OC(COC(=O)CCCC=CCC=CCC=CCCCCCCCC)COP(=O)([O-])OCC[N+](C)(C)C,[M+H]+,PC 20:3_20:3,"PC 20:3(5,8,11)_20:3(8,11,14)",0.8205,0.5652637500000282,0.12298831433624513,0.47174415716812257,Some,Some,12320.812182741116,27277.697920267834,9859.002169197394,8739.800897911378,17269.01480347116,78071.189279732,94048.42454394694,20032.60608966675,89312.87279036982,64946.72586015539,52791.18508244721,70352.2112631244,63805.11806747334,86684.18418418418,68899.80916030535,82238.78960640279,63165.36904391156,72760.2468047598
10464,9.315,834.59996,834.60073,0.9225968445877266,C48H84NO8P,CCCCCCCCC=CCC=CCC=CCCCC(=O)OC(COC(=O)CCCC=CCC=CCC=CCCCCCCCC)COP(=O)([O-])OCC[N+](C)(C)C,[M+H]+,PC 20:3_20:3,"PC 20:3(5,8,11)_20:3(5,8,11)",0.8136666666666663,0.6781716666667421,0.0018785192471901162,0.4077725929569282,All,Some,9190.524534686972,17969.668298185916,9859.002169197394,8739.800897911378,13248.25591288072,78071.189279732,94048.42454394694,10419.803404459362,89312.87279036982,90183.68479467259,59653.2593619972,84585.74610244988,63805.11806747334,93545.14514514514,68899.80916030535,79887.0737857691,58356.48292328455,72760.2468047598
10680,9.422,724.52905,724.52757,2.042710396810745,C41H74NO7P,CCC=CCC=CCC=CCC=CCCCCCCC(=O)OC(COCCCCCCC=CCCCCCCCC)COP(=O)(O)OCCN,[M+H]+,PE O-16:1_20:4,"PE O-16:1(7)_20:4(8,11,14,17)",0.7996666666666652,0.6193049999999781,0.003426733568918171,0.4015467001177917,Some,Some,0.0,0.0,0.0,0.0,0.0,0.0,0.0,0.0,0.0,0.0,0.0,0.0,68.43602834859233,0.0,0.0,0.0,0.0,0.0
10680,9.422,724.52905,724.52757,2.042710396810745,C41H74NO7P,CCC=CCC=CCC=CCC=CCCCCCCC(=O)OC(COCCCCCC=CCCCCCCCCC)COP(=O)(O)OCCN,[M+H]+,PE O-16:1_20:4,"PE O-16:1(6)_20:4(8,11,14,17)",0.640199999999999,0.7161559999999781,0.0020560401413509026,0.321128020070675,All,Some,0.0,0.0,0.0,0.0,0.0,7492.90518024841,0.0,0.0,0.0,0.0,0.0,0.0,6545.552342412355,0.0,0.0,5895.4449894884365,0.0,0.0
10680,9.422,724.52905,724.52757,2.042710396810745,C41H74NO7P,CCC=CCC=CCC=CCC=CCCCCCCC(=O)OC(COCCCCCCCCC=CCCCCCC)COP(=O)(O)OCCN,[M+H]+,PE O-16:1_20:4,"PE O-16:1(9)_20:4(8,11,14,17)",0.6177999999999997,0.7435249999999769,0.0020560401413509026,0.3099280200706753,All,Some,0.0,0.0,0.0,0.0,0.0,0.0,0.0,0.0,0.0,0.0,0.0,0.0,40.56146065224055,0.0,0.0,0.0,0.0,0.0
10680,9.422,724.52905,724.52757,2.042710396810745,C41H74NO7P,CCCCCC=CCC=CCC=CCC=CCCCC(=O)OC(COCCCCCCC=CCCCCCCCC)COP(=O)(O)OCCN,[M+H]+,PE O-16:1_20:4,"PE O-16:1(7)_20:4(5,8,11,14)",0.6137142857142871,0.5766871428571514,0.004986049810972753,0.3093501677626299,Some,Some,0.0,0.0,0.0,0.0,0.0,7260.830051499545,0.0,0.0,0.0,0.0,0.0,0.0,6343.446477944387,0.0,0.0,5710.977727674355,0.0,0.0
10680,9.422,724.52905,724.52757,2.042710396810745,C41H74NO7P,CCCCCC=CCC=CCC=CCC=CCCCC(=O)OC(COCCCCCC=CCCCCCCCCC)COP(=O)(O)OCCN,[M+H]+,PE O-16:1_20:4,"PE O-16:1(6)_20:4(5,8,11,14)",0.5086000000000006,0.657714999999996,0.0034902348676809267,0.25604511743384073,All,Some,0.0,0.0,0.0,0.0,0.0,76.67979400181763,0.0,0.0,0.0,0.0,0.0,0.0,112.4436882893315,0.0,0.0,49.06614667438531,0.0,0.0
10680,9.422,724.52905,724.52757,2.042710396810745,C41H74NO7P,CCCCCC=CCC=CCC=CCC=CCCCC(=O)OC(COCCCCCCCCC=CCCCCCC)COP(=O)(O)OCCN,[M+H]+,PE O-16:1_20:4,"PE O-16:1(9)_20:4(5,8,11,14)",0.48620000000000124,0.6850839999999948,0.0034902348676809267,0.24484511743384108,All,Some,0.0,0.0,0.0,0.0,0.0,7569.584974250227,0.0,0.0,0.0,0.0,0.0,0.0,6589.560002353095,0.0,0.0,5944.5111361628215,0.0,0.0
10964,9.616,760.58404,760.58508,1.3673683948534063,C42H82NO8P,CCCCCCC=CCCCCCCCCCC(=O)OC(COC(=O)CCCCCCCCCCCCCCC)COP(=O)([O-])OCC[N+](C)(C)C,[M+H]+,PC 16:0_18:1,PC 16:0_18:1(11),0.4939999999999998,0.9446849999999358,0.9849244598725632,0.7394622299362814,All,All,17958306.856615763,16383402.18963024,16737804.878048778,16021383.431000805,18504224.765868884,24400941.296190295,25556515.2979066,16947883.817427382,27706437.1257485,23025785.656728443,21336551.72413793,24215380.195364878,22034912.823397078,22628328.804347824,18571323.352814026,22502382.394508377,20523699.88090512,22610304.673791673
10964,9.616,760.58404,760.58508,1.3673683948534063,C42H82NO8P,CCCCCCCCCCCC=CCCCCC(=O)OC(COC(=O)CCCCCCCCCCCCCCC)COP(=O)([O-])OCC[N+](C)(C)C,[M+H]+,PC 16:0_18:1,PC 16:0_18:1(6),0.9579999999999984,0.775669999999991,0.0,0.4789999999999992,All,Some,0.0,0.0,0.0,0.0,0.0,0.0,0.0,889512.44813278,0.0,0.0,0.0,0.0,0.0,0.0,0.0,0.0,0.0,0.0
10964,9.616,760.58404,760.58508,1.3673683948534063,C42H82NO8P,CCCCCCCCC=CCCCCCCCC(=O)OC(COC(=O)CCCCCCCCCCCCCCC)COP(=O)([O-])OCC[N+](C)(C)C,[M+H]+,PC 16:0_18:1,PC 16:0_18:1(9),0.9399999999999995,0.49840000000000373,0.0,0.46999999999999975,All,None,13241693.143384235,12716597.810369758,13762195.121951219,12278616.568999194,13295775.234131113,25199058.70380971,32543484.702093393,12462603.734439833,29593562.874251492,26474214.34327155,22063448.275862068,30084619.80463513,25765087.176602926,29071671.19565218,19828676.647185974,24597617.60549162,24276300.11909488,25389695.326208327
11060,9.686,792.55274,792.55378,1.3122137907020641,C45H78NO8P,CCC=CCC=CCC=CCC=CCC=CCCCCCCCC(=O)OC(COC(=O)CCCCCCCC=CCCCCCC)COP(=O)(O)OCCN,[M+H]+,PE 16:1_24:5,"PE 16:1(9)_24:5(9,12,15,18,21)",0.9129090909090904,0.7590772727272472,0.010322583778090614,0.4616158373435905,All,Some,72423.62525458247,78186.16789908655,58468.063008481906,63854.77730807857,53027.175141242944,153423.25983571116,199284.81600962326,75160.1990663623,247243.0239570199,229611.6853443586,217058.82352941175,168764.79136391944,182159.19580455046,151208.24063861213,199802.9556650246,149505.23549680243,154528.45146348508,135699.3390885019
11060,9.686,792.55274,792.55378,1.3122137907020641,C45H78NO8P,CCC=CCC=CCC=CCC=CCC=CCCCCCCCC(=O)OC(COC(=O)CCCCC=CCCCCCCCCC)COP(=O)(O)OCCN,[M+H]+,PE 16:1_24:5,"PE 16:1(6)_24:5(9,12,15,18,21)",0.8587272727272722,0.8291399999999591,0.01009276196378394,0.4344100173455281,All,Some,38920.57026476579,49342.10526315789,39652.41474813918,41603.49861036504,38190.53672316384,162713.35927367053,201377.8774126524,34957.2596842632,166575.2974069404,203663.36633663368,171323.52941176467,167653.103591447,164342.83801466785,155170.0286029426,172821.01806239737,158314.85379489724,157108.2339084593,146493.07872812208
11060,9.686,792.55274,792.55378,1.3122137907020641,C45H78NO8P,CCC=CCC=CCC=CCC=CCC=CCCCCCCCC(=O)OC(COC(=O)CCCCCC=CCCCCCCCC)COP(=O)(O)OCCN,[M+H]+,PE 16:1_24:5,"PE 16:1(7)_24:5(9,12,15,18,21)",0.8511111111111107,0.7465455555555359,0.006308245642166487,0.42870967837663865,Some,Some,58635.437881873724,79314.37581557197,58780.85511511164,63076.348179461434,50577.57062146893,133340.2507565932,191229.70091311715,61118.75432715707,201184.1456060523,174239.4733978892,202352.9411764706,169400.04151961807,158697.74707606787,125052.18634910548,181769.4581280788,145267.90191320205,156337.91810825656,133986.78177003725
11060,9.686,792.55274,792.55378,1.3122137907020641,C45H78NO8P,CCCCCC=CCC=CCC=CCC=CCC=CCCCCC(=O)OC(COC(=O)CCCCCCCC=CCCCCCC)COP(=O)(O)OCCN,[M+H]+,PE 16:1_24:5,"PE 16:1(9)_24:5(6,9,12,15,18)",0.6681818181818183,0.5996209090909072,0.007659455133787049,0.3379206366578027,All,Some,27189.409368635435,36877.44671596346,29234.031504240957,29478.875213116284,28891.807909604515,134205.50511601093,148290.22909945867,24691.700769805524,113529.95998026425,157190.7300620172,120294.11764705883,130649.78202200538,129099.43905135774,120099.9513936924,128010.50903119869,126514.67413892501,128322.2045424946,116176.18565800521
11060,9.686,792.55274,792.55378,1.3122137907020641,C45H78NO8P,CCCCCC=CCC=CCC=CCC=CCC=CCCCCC(=O)OC(COC(=O)CCCCCC=CCCCCCCCC)COP(=O)(O)OCCN,[M+H]+,PE 16:1_24:5,"PE 16:1(7)_24:5(6,9,12,15,18)",0.6440000000000003,0.692871111111117,0.0030533106324621283,0.3235266553162312,Some,Some,68167.00610997963,80061.98347107436,55340.14194218451,63618.8896933461,55074.77401129943,177513.76279002737,208862.15758105964,74637.5127672555,266067.64979990135,235621.53193341312,197352.9411764706,192321.9846377413,196758.56892161936,163753.90252565852,192288.99835796386,157293.8581790392,157061.70476616514,158425.43755785667
11060,9.686,792.55274,792.55378,1.3122137907020641,C45H78NO8P,CCCCCC=CCC=CCC=CCC=CCC=CCCCCC(=O)OC(COC(=O)CCCCC=CCCCCCCCCC)COP(=O)(O)OCCN,[M+H]+,PE 16:1_24:5,"PE 16:1(6)_24:5(6,9,12,15,18)",0.6140000000000001,0.669683636363619,0.0074296333194803724,0.31071481665974027,All,Some,34663.951120162936,51217.92083514571,36524.49368184179,41367.610995632574,40238.13559322033,186803.86222798674,210955.2189840888,34434.57338515639,185399.92324982182,209673.21292568816,151617.64705882352,191210.29686526884,178942.21113173672,167715.69048998898,165307.0607553366,166103.4764771341,159641.48721113935,169219.1771974769
11225,9.769,838.62283,838.63203,10.970246390379756,C48H88NO8P,CCCCCC=CCC=CCCCCCCCCCC(=O)OC(COC(=O)CCCCCCCCCC=CCC=CCCCCC)COP(=O)([O-])OCC[N+](C)(C)C,[M+H]+,PC 20:2_20:2,"PC 20:2(11,14)_20:2(11,14)",0.7826666666666663,0.9063433333334009,0.38292209072270317,0.5827943786946848,All,Some,0.0,0.0,0.0,0.0,0.0,68300.0,78000.0,0.0,85400.0,88000.0,93500.0,61900.0,61400.0,68100.0,117000.0,66600.0,73700.0,80200.0
11231,9.772,786.59966,786.60073,1.360283507526104,C44H84NO8P,CCCCCCCCC=CCCCCCCCC(=O)OC(COC(=O)CCCCCCCC=CCCCCCCCC)COP(=O)([O-])OCC[N+](C)(C)C,[M+H]+,PC 18:1_18:1,PC 18:1(9)_18:1(9),0.9830000000000005,0.49748500000004015,0.4366998155236383,0.7098499077618194,All,Some,1249751.7133763325,903478.9432382947,1195408.2651227787,1027184.4660194175,1180390.704564392,1186623.3570783588,1285188.8357333462,1036876.120132515,997925.7415473968,770657.3508738802,654853.8052039138,1023098.5915492957,831576.3800198665,1071890.9710391825,556038.9938109278,1014559.2028728947,792951.5418502204,847501.9482206252
11231,9.772,786.59966,786.60073,1.360283507526104,C44H84NO8P,CCCCCCCCC=CCCCCCCCC(=O)OC(COC(=O)CCCCCCCCCC=CCCCCCC)COP(=O)([O-])OCC[N+](C)(C)C,[M+H]+,PC 18:1_18:1,PC 18:1(11)_18:1(9),0.9460000000000006,0.49708750000002055,0.4674945404909981,0.7067472702454993,All,Some,4447683.426212393,3711744.7031127387,4309802.355759633,3812443.887670947,4480085.177298398,6506177.88702719,7321681.852056638,4091239.8848639554,6370255.13378967,5009552.883909277,4129725.317052419,5943286.384976526,5269812.508869022,6509872.637300236,3439668.49948203,6052577.849712542,4992032.992782828,5419326.34860161
11231,9.772,786.59966,786.60073,1.360283507526104,C44H84NO8P,CCCCCCC=CCCCCCCCCCC(=O)OC(COC(=O)CCCCCCCCCC=CCCCCCC)COP(=O)([O-])OCC[N+](C)(C)C,[M+H]+,PC 18:1_18:1,PC 18:1(11)_18:1(11),0.9090000000000007,0.49669000000000096,0.4982892654583579,0.7036446327291793,All,Some,2168734.953830606,1591734.240125556,2085605.9093631462,1814740.5783484706,2100305.5272659934,2713778.8033845024,2963506.9836767074,1878969.5686018935,2294337.274424393,1694437.8002979374,1391795.1548181619,2346478.873239436,1928430.537817511,2628685.000405614,1049703.8276622307,2395314.686493686,1800918.5490673915,2028175.5996190151
11231,9.772,786.59966,786.60073,1.360283507526104,C44H84NO8P,CCCCCCCCC=CCCCCCCCC(=O)OC(COC(=O)CCCCC=CCCCCCCCCCCC)COP(=O)([O-])OCC[N+](C)(C)C,[M+H]+,PC 18:1_18:1,PC 18:1(6)_18:1(9),0.906,0.6103300000000141,0.2911332103490922,0.5985666051745461,All,Some,3197931.7128360607,2808265.7598744445,3114394.0906368536,2785259.4216515296,3299694.472734006,5319554.529948832,6036493.016323293,3054363.7647314398,5372329.392242273,4238895.533035396,3474871.5118485047,4920187.793427231,4438236.128849155,5437981.666261054,2883629.505671102,5038018.646839647,4199081.450932609,4571824.400380986
11231,9.772,786.59966,786.60073,1.360283507526104,C44H84NO8P,CCCCCCCCCCCC=CCCCCC(=O)OC(COC(=O)CCCCCCCCCC=CCCCCCC)COP(=O)([O-])OCC[N+](C)(C)C,[M+H]+,PC 18:1_18:1,PC 18:1(11)_18:1(6),0.8566666666666668,0.609799999999988,0.3321928436389053,0.5944297551527861,All,Some,4116914.9532903335,3496521.0567617062,4004591.7348772218,3572815.533980583,4219609.295435607,6846709.976254975,7714811.164266653,3896457.2132008183,6668740.92511927,5162675.982459454,4211812.861462753,6243568.075117372,5535090.286646799,6994775.695627485,3377294.3395224055,6418774.130460438,5207048.4581497805,5752498.051779375
11231,9.772,786.59966,786.60073,1.360283507526104,C44H84NO8P,CCCCCCCCCCCC=CCCCCC(=O)OC(COC(=O)CCCCC=CCCCCCCCCCCC)COP(=O)([O-])OCC[N+](C)(C)C,[M+H]+,PC 18:1_18:1,PC 18:1(6)_18:1(6),0.7519999999999989,0.8360199999999622,0.0,0.37599999999999945,All,None,918983.2404542732,688255.2968872614,890197.6442403675,787556.1123290531,919914.8227016015,1527155.4463061437,1678318.1479433612,842093.4484693785,1296411.5328769966,923780.4494240575,736941.349614248,1323380.281690141,1096854.1577976444,1556794.0293664315,493664.8338513028,1380755.4836207912,1007967.0072171711,1180673.6513983898
11549,10.01,718.53753,718.53813,0.8350287549482744,C39H76NO8P,CCCCCCCCC=CCCCCCCCC(=O)OC(COC(=O)CCCCCCCCCCCCCCC)COP(=O)(O)OCCN,[M+H]+,PE 16:0_18:1,PE 16:0_18:1(9),0.9799999999999986,0.9041549999999461,0.0,0.4899999999999993,All,None,0.0,0.0,0.0,0.0,0.0,0.0,0.0,,0.0,176986.9923015662,0.0,0.0,0.0,0.0,,0.0,0.0,0.0
11549,10.01,718.53753,718.53813,0.8350287549482744,C39H76NO8P,CCCCCCCCCCCC=CCCCCC(=O)OC(COC(=O)CCCCCCCCCCCCCCC)COP(=O)(O)OCCN,[M+H]+,PE 16:0_18:1,PE 16:0_18:1(6),0.9299999999999997,0.11535000000003492,0.0,0.46499999999999986,All,None,0.0,0.0,0.0,0.0,0.0,0.0,0.0,,0.0,0.0,0.0,0.0,0.0,105073.50071549369,,0.0,0.0,0.0
11549,10.01,718.53753,718.53813,0.8350287549482744,C39H76NO8P,CCCCCCC=CCCCCCCCCCC(=O)OC(COC(=O)CCCCCCCCCCCCCCC)COP(=O)(O)OCCN,[M+H]+,PE 16:0_18:1,PE 16:0_18:1(11),0.8919999999999995,0.9299599999999373,0.0,0.44599999999999973,All,None,2480000.0,2320000.0,2320000.0,2190000.0,2490000.0,4050000.0,4620000.0,,4410000.0,3453013.007698434,3240000.0,4180000.0,4070000.0,3994926.4992845063,,4030000.0,3720000.0,3600000.0
11833,10.136,794.56895,794.56943,0.6041007644085573,C45H80NO8P,CCCCCC=CCC=CCC=CCC=CCC=CCCCCC(=O)OC(COC(=O)CCCCCCCCCCCCCCC)COP(=O)(O)OCCN,[M+H]+,PE 16:0_24:5,"PE 16:0_24:5(6,9,12,15,18)",0.8175000000000012,0.35296874999997385,0.009803662992030997,0.4136518314960161,Some,Some,36241.28273351072,65985.5912214132,42189.368770764115,33064.32507596436,47219.17156006983,205317.0731707317,226599.97139588097,59045.538584065755,234802.29648167233,216737.6111817027,216978.83751515875,241858.16479731517,210990.41533546324,204494.57659671607,265165.8731573185,178414.85132771506,184701.75438596492,215139.86013986013
11833,10.136,794.56895,794.56943,0.6041007644085573,C45H80NO8P,CCC=CCC=CCC=CCC=CCC=CCCCCCCCC(=O)OC(COC(=O)CCCCCCCCCCCCCCC)COP(=O)(O)OCCN,[M+H]+,PE 16:0_24:5,"PE 16:0_24:5(9,12,15,18,21)",0.8033333333333341,0.5580466666666679,0.0,0.40166666666666706,All,Some,122758.7172664893,112014.40877858683,110810.63122923588,121935.67492403563,120780.82843993019,274682.9268292683,354400.028604119,92954.46141593423,354197.7035183277,350262.38881829736,294021.16248484125,286141.83520268474,297009.5846645367,254505.423403284,192834.1268426815,270585.14867228497,263298.2456140351,225860.13986013984
11853,10.15,744.55304,744.55378,0.993883880289573,C41H78NO8P,CCCCCCCCC=CCCCCCCCC(=O)OC(COC(=O)CCCCCCCC=CCCCCCCCC)COP(=O)(O)OCCN,[M+H]+,PE 18:1_18:1,PE 18:1(9)_18:1(9),0.963000000000001,0.904640000000029,0.0016664654029526938,0.4823332327014768,All,Some,0.0,59206.21947185087,0.0,60784.70490440564,0.0,160601.3631209156,186412.6552134717,22080.049864209075,206583.33333333334,144816.4000901104,161271.42067440576,120099.87515605494,121965.38246789502,111649.13647578238,191687.7815315315,134738.1392483056,142048.85238997685,123751.94334081879
11853,10.15,744.55304,744.55378,0.993883880289573,C41H78NO8P,CCCCCCCCC=CCCCCCCCC(=O)OC(COC(=O)CCCCCCCCCC=CCCCCCC)COP(=O)(O)OCCN,[M+H]+,PE 18:1_18:1,PE 18:1(11)_18:1(9),0.9305000000000003,0.4825800000000129,0.0008332327014763469,0.46566661635073836,All,Some,220235.15805705477,59206.21947185087,328060.11972997076,315960.09975062346,233884.0464870576,555368.6622476297,571852.3558428304,22080.049864209075,575083.3333333333,483452.7295937523,449508.0154781648,595630.4619225967,528516.6573608784,521459.5507077004,191687.7815315315,611332.5491514031,480389.555695936,515874.9352219727
11853,10.15,744.55304,744.55378,0.993883880289573,C41H78NO8P,CCCCCCC=CCCCCCCCCCC(=O)OC(COC(=O)CCCCCCCCCC=CCCCCCC)COP(=O)(O)OCCN,[M+H]+,PE 18:1_18:1,PE 18:1(11)_18:1(11),0.8979999999999997,0.0605199999999968,0.0,0.44899999999999984,All,None,1149764.8419429453,1223333.3333333333,925273.2136033628,951491.2718204487,1129449.286846276,1391899.3675399525,1674560.2993706416,1206666.6666666665,1641499.9999999998,1284697.0038296916,1065096.7385295746,1344469.4132334583,1313448.7251070165,1246856.2524347487,1083333.3333333333,1180072.2567635693,1271659.296694041,1207877.008118846
11853,10.15,744.55304,744.55378,0.993883880289573,C41H78NO8P,CCCCCCCCC=CCCCCCCCC(=O)OC(COC(=O)CCCCC=CCCCCCCCCCCC)COP(=O)(O)OCCN,[M+H]+,PE 18:1_18:1,PE 18:1(6)_18:1(9),0.8285000000000009,0.8450725000000432,0.0008332327014763469,0.41466661635073865,All,Some,220235.15805705477,0.0,328060.11972997076,255175.39484621777,233884.0464870576,394767.2991267141,385439.70062935876,0.0,368499.99999999994,338636.329503642,288236.59480375896,475530.58676654176,406551.2748929834,409810.41423191794,0.0,476594.4099030975,338340.7033059592,392122.99188115395
11853,10.15,744.55304,744.55378,0.993883880289573,C41H78NO8P,CCCCCCCCCCCC=CCCCCC(=O)OC(COC(=O)CCCCCCCCCC=CCCCCCC)COP(=O)(O)OCCN,[M+H]+,PE 18:1_18:1,PE 18:1(11)_18:1(6),0.7960000000000003,0.4230125000000271,0.0,0.39800000000000013,All,None,1370000.0,1164127.1138614826,1253333.3333333335,1145881.961762261,1363333.3333333335,1626065.303545751,1873587.3447865285,1184586.6168024575,1803416.6666666667,1478516.9332432232,1192061.9126589277,1699900.1248439453,1598034.6175321047,1545017.5301908844,891645.5518018018,1521928.527418361,1467951.1476100234,1476248.0566591814
11853,10.15,744.55304,744.55378,0.993883880289573,C41H78NO8P,CCCCCCCCCCCC=CCCCCC(=O)OC(COC(=O)CCCCC=CCCCCCCCCCCC)COP(=O)(O)OCCN,[M+H]+,PE 18:1_18:1,PE 18:1(6)_18:1(6),0.6940000000000008,0.7855050000000574,0.0,0.3470000000000004,All,None,1149764.8419429453,1164127.1138614826,925273.2136033628,890706.5669160433,1129449.286846276,1231298.004419037,1488147.6441571696,1184586.6168024575,1434916.6666666667,1139880.603739581,903825.3178551686,1224369.5380774033,1191483.3426391215,1135207.1159589665,891645.5518018018,1045334.1175152635,1129610.4443040641,1084125.0647780271
12126,10.405,838.63083,838.63203,1.4309017031460578,C48H88NO8P,CCCCCC=CCC=CCCCCCCCCCC(=O)OC(COC(=O)CCCCCCCCCC=CCC=CCCCCC)COP(=O)([O-])OCC[N+](C)(C)C,[M+H]+,PC 20:2_20:2,"PC 20:2(11,14)_20:2(11,14)",0.6966666666666667,0.6520966666666558,0.2116662411161179,0.45416645389139226,Some,Some,58300.0,49800.0,52300.0,65100.0,77100.0,121000.0,105000.0,0.0,0.0,141000.0,121000.0,149000.0,147000.0,153000.0,0.0,140000.0,131000.0,109000.0
12279,10.57,820.58486,820.58508,0.2681013891933068,C47H82NO8P,CCCCCC=CCC=CCC=CCC=CCC=CCCCCC(=O)OC(COC(=O)CCCCC=CCCCCCCCCCCC)COP(=O)(O)OCCN,[M+H]+,PE 18:1_24:5,"PE 18:1(6)_24:5(6,9,12,15,18)",0.7936666666666667,0.5541800000000118,0.011358369236485337,0.40251251795157605,Some,Some,18856.148159923694,18216.2948507562,12879.044021197335,18196.57403263214,17723.74767304112,26223.255553376843,42842.741827348545,16939.554982956222,39467.76504297994,29529.171878909183,26603.628167375577,24741.818181818177,31610.903974674635,30970.207500475914,22706.701030927834,31417.114222858538,25234.973217150906,28835.34872358617
12279,10.57,820.58486,820.58508,0.2681013891933068,C47H82NO8P,CCCCCC=CCC=CCC=CCC=CCC=CCCCCC(=O)OC(COC(=O)CCCCCCCC=CCCCCCCCC)COP(=O)(O)OCCN,[M+H]+,PE 18:1_24:5,"PE 18:1(9)_24:5(6,9,12,15,18)",0.7451999999999999,0.4433459999999741,0.013630043083782403,0.3794150215418911,Some,Some,2408.6320642238297,0.0,4403.347499868828,2559.9544289376254,1718.8314435606703,11503.025294826182,9604.977339161684,3427.1626808384995,12417.144221585482,13239.779834876157,6322.027120369358,20694.545454545452,8426.732325008792,8998.058252427183,5432.989690721649,9142.012082271189,13035.29905457777,9130.83750661618
12279,10.57,820.58486,820.58508,0.2681013891933068,C47H82NO8P,CCCCCC=CCC=CCC=CCC=CCC=CCCCCC(=O)OC(COC(=O)CCCCCCCCCC=CCCCCCC)COP(=O)(O)OCCN,[M+H]+,PE 18:1_24:5,"PE 18:1(11)_24:5(6,9,12,15,18)",0.6990000000000003,0.5560175000000243,0.008518776927364002,0.35375938846368216,Some,Some,18856.148159923694,18216.2948507562,12879.044021197335,18196.57403263214,16934.21052631579,26223.255553376846,42842.741827348545,16280.862656681962,39467.76504297994,29529.171878909183,26603.628167375577,24741.818181818177,33760.21807949349,30970.207500475914,22706.701030927834,31417.114222858538,25234.9732171509,28835.34872358617
12279,10.57,820.58486,820.58508,0.2681013891933068,C47H82NO8P,CCC=CCC=CCC=CCC=CCC=CCCCCCCCC(=O)OC(COC(=O)CCCCCCCC=CCCCCCCCC)COP(=O)(O)OCCN,[M+H]+,PE 18:1_24:5,"PE 18:1(9)_24:5(9,12,15,18,21)",0.6442222222222228,0.4209311111110689,0.03388565927791089,0.33905394075006684,Some,Some,4052.6190286940628,3179.491728389586,4723.668608006716,0.0,5348.8872905737,16055.673828398552,9604.977339161684,1324.7443433448748,12417.144221585482,16140.630472854642,6322.027120369358,14127.272727272728,12693.387266971507,14291.033695031409,5432.989690721649,9142.012082271189,10339.734886820865,9130.83750661618
12279,10.57,820.58486,820.58508,0.2681013891933068,C47H82NO8P,CCC=CCC=CCC=CCC=CCC=CCCCCCCCC(=O)OC(COC(=O)CCCCCCCCCC=CCCCCCC)COP(=O)(O)OCCN,[M+H]+,PE 18:1_24:5,"PE 18:1(11)_24:5(9,12,15,18,21)",0.5790909090909099,0.48965909090906157,0.027724630318290724,0.30340776970460026,Some,Some,1517.8205230108897,1587.9185700980177,1411.5483498609578,1286.9430768604796,490.0575393467592,5625.969915123673,6499.584327817856,4959.2049816141935,2813.037249283667,3000.025018764073,1826.662304140764,0.0,4902.567710165317,5072.434799162383,8213.40206185567,3039.735307469358,4119.720569721804,2436.790032979113
12279,10.57,820.58486,820.58508,0.2681013891933068,C47H82NO8P,CCC=CCC=CCC=CCC=CCC=CCCCCCCCC(=O)OC(COC(=O)CCCCC=CCCCCCCCCCCC)COP(=O)(O)OCCN,[M+H]+,PE 18:1_24:5,"PE 18:1(6)_24:5(9,12,15,18,21)",0.538666666666667,0.5273777777777645,0.03388565927791089,0.2862761629722889,Some,Some,2408.6320642238297,0.0,4403.347499868828,2559.9544289376254,684.2655271619562,12868.819854897894,9604.977339161684,2768.470354564243,12417.144221585482,7661.220915686766,6322.027120369358,20694.545454545452,9606.190643686246,8998.058252427183,3707.2164948453606,9142.012082271189,13035.29905457777,9130.83750661618
12508,10.832,838.6308,838.63203,1.4666742456332047,C48H88NO8P,CCCCCC=CCC=CCCCCCCCCCC(=O)OC(COC(=O)CCCCCCCCCC=CCC=CCCCCC)COP(=O)([O-])OCC[N+](C)(C)C,[M+H]+,PC 20:2_20:2,"PC 20:2(11,14)_20:2(11,14)",0.7266666666666678,0.6272500000000036,0.6669819433270655,0.6968243049968667,Some,Some,34900.0,29200.0,30100.0,29100.0,35200.0,44000.0,0.0,0.0,0.0,43200.0,0.0,48500.0,48000.0,51000.0,0.0,51700.0,44300.0,46000.0
12698,11.079,658.54,658.5405,0.7592547458936492,C41H68O5,CCC=CCC=CCC=CCC=CCC=CCC=CCCC(=O)OC(CO)COC(=O)CCCCCCCCCCCCCCC,[M+NH4]+,DG 16:0_22:6,"DG 16:0_22:6(4,7,10,13,16,19)",0.8836000000000002,0.6350580000000093,0.0,0.4418000000000001,Some,None,12200.0,18200.0,11500.0,9920.0,11700.0,96100.0,117000.0,15600.0,127000.0,121000.0,111000.0,103000.0,114000.0,129000.0,117000.0,109000.0,96400.0,99900.0
12725,11.094,788.6155,788.61638,1.115878419938412,C44H86NO8P,CCCCCCCCC=CCCCC(=O)OC(COC(=O)CCCCCCCCCCCCCCCCCCCCC)COP(=O)([O-])OCC[N+](C)(C)C,[M+H]+,PC 22:0_14:1,PC 22:0_14:1(5),0.9229999999999983,0.9040899999999965,0.2027280228961973,0.5628640114480978,All,Some,218264.8262847925,174154.7192353644,202345.18700183934,274082.5752274318,248960.9748065207,3723531.0095065637,3496267.5644028108,187985.1492217621,3074810.404706216,2659649.871904355,2360360.766629087,2824208.326635589,3986004.829123328,4500157.287661656,2888106.255355613,3671591.02874592,2525855.028626985,3030970.3789190226
12725,11.094,788.6155,788.61638,1.115878419938412,C44H86NO8P,CCCCC=CCCCCCCCC(=O)OC(COC(=O)CCCCCCCCCCCCCCCCCCCCC)COP(=O)([O-])OCC[N+](C)(C)C,[M+H]+,PC 22:0_14:1,PC 22:0_14:1(9),0.956999999999999,0.037764999999978954,0.0,0.4784999999999995,All,None,1916391.4717475001,1815845.280764636,1947654.8129981605,1513058.0825752274,1957451.0126790716,4055989.135355364,5767110.6557377055,2032014.850778238,5992274.434757956,5030350.128095645,4713259.908073888,5219506.510207362,4047446.136701337,4395875.567983222,4824678.663239075,3719795.724965778,3926088.365561198,4455356.799384497
12725,11.094,788.6155,788.61638,1.115878419938412,C44H86NO8P,CCCCCCCC=CCCCCC(=O)OC(COC(=O)CCCCCCCCCCCCCCCCCCCCC)COP(=O)([O-])OCC[N+](C)(C)C,[M+H]+,PC 22:0_14:1,PC 22:0_14:1(6),0.49299999999999855,0.9046399999999721,0.014378633176916912,0.2536893165884577,All,Some,25343.701967707082,0.0,0.0,32859.3421973408,53588.012514408045,380479.85513807146,196621.77985948478,0.0,182915.1605358282,0.0,96379.32529702541,166285.16315704872,236549.0341753343,283967.1443551205,107215.08140531274,238613.2462883016,168056.60581181807,183672.82169648007
12851,11.2,684.55619,684.55615,0.058432021993661945,C43H70O5,CCC=CCC=CCC=CCC=CCC=CCC=CCCC(=O)OC(CO)COC(=O)CCCCCCCC=CCCCCCCCC,[M+NH4]+,DG 18:1_22:6,"DG 18:1(9)_22:6(4,7,10,13,16,19)",0.6986000000000011,0.39083999999997443,0.0,0.34930000000000055,Some,None,0.0,16088.025889967637,0.0,5795.99399098648,5228.629365377394,32040.280210157616,41223.23595069397,0.0,49937.20930232558,38922.431603330624,36464.51539790917,31065.700483091794,36295.28722391947,38087.433431364756,34000.0,35487.04376548307,37490.2351074571,36091.42622277024
12851,11.2,684.55619,684.55615,0.058432021993661945,C43H70O5,CCC=CCC=CCC=CCC=CCC=CCC=CCCC(=O)OC(CO)COC(=O)CCCCCCCCCC=CCCCCCC,[M+NH4]+,DG 18:1_22:6,"DG 18:1(11)_22:6(4,7,10,13,16,19)",0.6723636363636377,0.4724863636363507,0.0,0.33618181818181886,Some,None,0.0,14506.724199928085,0.0,7508.012018027041,4857.679309049943,32022.76707530648,30525.089779675818,0.0,29531.39534883721,24955.236962374005,33835.311782871075,25167.149758454107,30595.131967746784,41712.900405373184,34000.0,29787.621800165154,30154.88244627146,29068.491574188243
12851,11.2,684.55619,684.55615,0.058432021993661945,C43H70O5,CCC=CCC=CCC=CCC=CCC=CCC=CCCC(=O)OC(CO)COC(=O)CCCCC=CCCCCCCCCCCC,[M+NH4]+,DG 18:1_22:6,"DG 18:1(6)_22:6(4,7,10,13,16,19)",0.6578000000000014,0.29702399999997053,0.0,0.3289000000000007,Some,None,0.0,17205.24991010428,0.0,5795.99399098648,6713.691325572661,35936.95271453591,39251.6742696302,0.0,29531.39534883721,39122.331434295374,32700.17281921976,25167.149758454107,36109.580808333754,46199.66616326206,34000.0,33325.334434351775,30154.88244627146,33040.082203041515
12916,11.324,696.50142,696.49627,7.394153022630669,C39H70NO7P,CCCCCCCCCCCCCC(=O)OC(COCCCCC=CCC=CCC=CCC=CCC=CCC)COP(=O)(O)OCCN,[M+H]+,PE O-20:5_14:0,"PE O-20:5(5,8,11,14,17)_14:0",0.5344444444444447,0.5762711111111621,0.0,0.26722222222222236,Some,None,1590000.0,0.0,0.0,977000.0,2300000.0,1090000.0,0.0,990000.0,1800000.0,0.0,1680000.0,0.0,1900000.0,0.0,1190000.0,587000.0,1190000.0,1020000.0
13126,11.467,746.56853,746.56943,1.2055141341662694,C41H80NO8P,CCCCCCC=CCCCCCCCCCC(=O)OC(COC(=O)CCCCCCCCCCCCCCCCC)COP(=O)(O)OCCN,[M+H]+,PE 18:0_18:1,PE 18:0_18:1(11),0.7799999999999994,0.04241500000000542,0.0,0.3899999999999997,All,None,,787000.0,743227.1706092242,682000.0,793000.0,1650739.4410327107,0.0,,2074321.503131524,,1643578.7388577089,0.0,,1676730.8341776426,0.0,0.0,1502653.06122449,0.0
13126,11.467,746.56853,746.56943,1.2055141341662694,C41H80NO8P,CCCCCCCCC=CCCCCCCCC(=O)OC(COC(=O)CCCCCCCCCCCCCCCCC)COP(=O)(O)OCCN,[M+H]+,PE 18:0_18:1,PE 18:0_18:1(9),0.7780000000000005,0.8554800000000569,0.0,0.38900000000000023,All,None,,0.0,16772.829390775736,0.0,0.0,52412.58303045494,0.0,,0.0,,0.0,0.0,,0.0,0.0,0.0,0.0,0.0
13126,11.467,746.56853,746.56943,1.2055141341662694,C41H80NO8P,CCCCCCCCCCCC=CCCCCC(=O)OC(COC(=O)CCCCCCCCCCCCCCCCC)COP(=O)(O)OCCN,[M+H]+,PE 18:0_18:1,PE 18:0_18:1(6),0.3890000000000011,0.4169799999999668,0.0,0.19450000000000056,All,None,,0.0,0.0,0.0,0.0,346847.9759368342,2480000.0,,445678.49686847604,,316421.2611422912,2270000.0,,463269.16582235723,1780000.0,2080000.0,487346.9387755102,1890000.0
13158,11.519,772.5839,772.58508,1.527339875598742,C43H82NO8P,CCCCCCC=CCCCCCCCCCCCC(=O)OC(COC(=O)CCCCC=CCCCCCCCCCCC)COP(=O)(O)OCCN,[M+H]+,PE 18:1_20:1,PE 18:1(6)_20:1(13),0.5606666666666662,0.3877033333333581,0.0,0.2803333333333331,All,None,78500.0,62750.0,69000.0,66750.0,78000.0,111027.29528535981,149657.41383298632,69500.0,140846.15384615384,120000.0,92020.25919856994,133782.33848822082,148750.0,108590.96183740941,64500.67476383265,103585.26984126985,107028.75399361021,99128.12176740062
13158,11.519,772.5839,772.58508,1.527339875598742,C43H82NO8P,CCCCCCCCC=CCCCCCCCCCC(=O)OC(COC(=O)CCCCC=CCCCCCCCCCCC)COP(=O)(O)OCCN,[M+H]+,PE 18:1_20:1,PE 18:1(6)_20:1(11),0.5073333333333329,0.6387966666666595,0.0,0.25366666666666643,All,None,0.0,0.0,0.0,0.0,0.0,0.0,9190.145732130464,0.0,8538.461538461539,8294.930875576038,5973.037390138538,0.0,7499.388154674499,0.0,3636.9770580296895,6173.20634920635,0.0,0.0
13158,11.519,772.5839,772.58508,1.527339875598742,C43H82NO8P,CCCCCCC=CCCCCCCCCCCCC(=O)OC(COC(=O)CCCCCCCCCC=CCCCCCC)COP(=O)(O)OCCN,[M+H]+,PE 18:1_20:1,PE 18:1(11)_20:1(13),0.38400000000000034,0.11652000000003682,0.0,0.19200000000000017,All,None,78500.0,62750.0,69000.0,66750.0,78000.0,126972.7047146402,164152.44043488317,69500.0,155115.3846153846,111705.06912442396,100506.70341129153,158217.66151177915,141250.6118453255,125909.03816259057,69362.34817813765,113241.52380952382,130471.24600638977,115871.87823259938
13158,11.519,772.5839,772.58508,1.527339875598742,C43H82NO8P,CCCCCCCCC=CCCCCCCCCCC(=O)OC(COC(=O)CCCCCCCCCC=CCCCCCC)COP(=O)(O)OCCN,[M+H]+,PE 18:1_20:1,PE 18:1(11)_20:1(11),0.30400000000000027,0.49315999999998894,0.0,0.15200000000000014,All,None,0.0,0.0,0.0,0.0,0.0,15945.409429280398,32875.31806615776,0.0,31346.153846153848,8294.930875576038,20432.518992998663,24435.323023558318,7499.388154674499,17318.076325181177,12135.627530364372,22002.66666666667,23442.492012779552,16743.75646519876
13158,11.519,772.5839,772.58508,1.527339875598742,C43H82NO8P,CCCCCCC=CCCCCCCCCCCCC(=O)OC(COC(=O)CCCCCCCC=CCCCCCCCC)COP(=O)(O)OCCN,[M+H]+,PE 18:1_20:1,PE 18:1(9)_20:1(13),0.30400000000000027,0.49315999999998894,0.0,0.15200000000000014,All,None,78500.0,62750.0,69000.0,66750.0,78000.0,111027.29528535981,140467.26810085587,69500.0,132307.69230769228,111705.06912442396,86047.22180843141,133782.33848822082,141250.6118453255,108590.96183740941,60863.69770580296,97412.06349206349,107028.75399361021,99128.12176740062
13158,11.519,772.5839,772.58508,1.527339875598742,C43H82NO8P,CCCCCCCCC=CCCCCCCCCCC(=O)OC(COC(=O)CCCCCCCC=CCCCCCCCC)COP(=O)(O)OCCN,[M+H]+,PE 18:1_20:1,PE 18:1(9)_20:1(11),0.2240000000000002,0.8697999999999411,0.0,0.1120000000000001,All,None,78500.0,62750.0,69000.0,66750.0,78000.0,111027.29528535981,149657.41383298632,69500.0,140846.15384615384,120000.0,92020.25919856994,133782.33848822082,148750.0,108590.96183740941,64500.67476383265,103585.26984126985,107028.75399361021,99128.12176740062
13187,11.574,584.52471,584.52485,0.2395107752691686,C35H66O5,CCCCCCC=CCCCCCCCC(=O)OC(CO)COC(=O)CCCCCCCCCCCCCCC,[M+NH4]+,DG 16:0_16:1,DG 16:0_16:1(9),0.984,0.5096699999999998,0.18654085193287054,0.5852704259664352,All,Some,0.0,0.0,0.0,0.0,0.0,6703.085553997194,19134.73053892216,0.0,12517.21809588116,18809.420289855072,13892.307692307693,11002.81690140845,12831.152993348116,0.0,0.0,14229.555236728838,12798.761609907122,15545.953002610966
13187,11.574,584.52471,584.52485,0.2395107752691686,C35H66O5,CCCCCCCCC=CCCCCCC(=O)OC(CO)COC(=O)CCCCCCCCCCCCCCC,[M+NH4]+,DG 16:0_16:1,DG 16:0_16:1(7),1.0,0.9023799999999937,0.0,0.5,Some,None,26600.0,23400.0,29500.0,0.0,31000.0,46996.914446002804,63865.26946107785,41500.0,58782.78190411884,58290.57971014493,39307.69230769231,57197.183098591544,54068.847006651886,73800.0,44400.0,42770.44476327116,40201.238390092876,51354.04699738903
13301,11.702,660.55629,660.55615,0.21194261833395162,C41H70O5,CCCCCC=CCC=CCC=CCC=CCCCC(=O)OC(CO)COC(=O)CCCCCCCC=CCCCCCCCC,[M+NH4]+,DG 18:1_20:4,"DG 18:1(9)_20:4(5,8,11,14)",0.8728571428571428,0.7710185714285639,0.07787506926600314,0.475366106061573,Some,Some,588.3885798753863,384.6005862654758,462.96401768228833,354.75381110916425,0.0,3053.7711629143014,5668.793806883565,0.0,3519.9994495248707,4891.108563943017,1975.0849377123445,1217.2505233775296,2489.8456659776093,4304.401638162065,3555.4441548024865,4195.668674552478,2479.665437204277,1953.7856995838288
13301,11.702,660.55629,660.55615,0.21194261833395162,C41H70O5,CCC=CCC=CCC=CCC=CCCCCCCC(=O)OC(CO)COC(=O)CCCCCCCC=CCCCCCCCC,[M+NH4]+,DG 18:1_20:4,"DG 18:1(9)_20:4(8,11,14,17)",0.9137142857142854,0.4233142857142736,0.028587388548260314,0.4711508371312728,Some,Some,113.83251317194588,34.59422799140491,47.220384576628355,57.32959523392325,0.0,967.8192410693807,2322.0002092269065,0.0,694.7615410551231,1310.720718613301,0.0,490.749222863668,1282.4764572080585,1426.3481127930263,0.0,1575.811857861116,462.102753250624,781.1977590023946
13301,11.702,660.55629,660.55615,0.21194261833395162,C41H70O5,CCCCCC=CCC=CCC=CCC=CCCCC(=O)OC(CO)COC(=O)CCCCCCCCCC=CCCCCCC,[M+NH4]+,DG 18:1_20:4,"DG 18:1(11)_20:4(5,8,11,14)",0.8497500000000002,0.6807600000000136,0.06814068560775274,0.4589453428038765,Some,Some,12922.057948409993,14955.808364880153,10821.297606582228,5915.293499211495,0.0,49724.68240798887,55611.25640757402,0.0,65411.280611577866,47296.778872020404,53512.45753114383,46202.59595254709,51430.697874295205,58611.285340059505,57722.277922598754,41224.46321439849,45101.85909615886,46127.798109409276
13301,11.702,660.55629,660.55615,0.21194261833395162,C41H70O5,CCCCCC=CCC=CCC=CCC=CCCCC(=O)OC(CO)COC(=O)CCCCC=CCCCCCCCCCCC,[M+NH4]+,DG 18:1_20:4,"DG 18:1(6)_20:4(5,8,11,14)",0.8342857142857143,0.6938928571428684,0.07787506926600314,0.45608039177585874,Some,Some,12447.501881706554,14605.802006606084,10405.553973476566,5617.869283336255,0.0,47836.38020244267,52264.46280991736,0.0,62912.21297882735,43716.39102669069,51537.37259343148,45476.094652033236,50223.32866552565,55733.23181469046,54166.83376779627,38604.60639770713,43152.937669982486,44972.375336977966
13301,11.702,660.55629,660.55615,0.21194261833395162,C41H70O5,CCC=CCC=CCC=CCC=CCCCCCCC(=O)OC(CO)COC(=O)CCCCCCCCCC=CCCCCCC,[M+NH4]+,DG 18:1_20:4,"DG 18:1(11)_20:4(8,11,14,17)",0.873555555555555,0.2801000000000108,0.0222346355375358,0.44789509554654544,Some,Some,588.3885798753863,384.6005862654758,462.96401768228833,354.75381110916425,0.0,2720.590212582196,6096.8720577466265,0.0,3480.4065258826517,4891.108563943017,1975.0849377123445,1217.2505233775296,2489.8456659776093,4401.39330983199,3555.4441548024865,4461.830536056934,2376.17823479006,2131.6460589265903
13301,11.702,660.55629,660.55615,0.21194261833395162,C41H70O5,CCC=CCC=CCC=CCC=CCCCCCCC(=O)OC(CO)COC(=O)CCCCC=CCCCCCCCCCCC,[M+NH4]+,DG 18:1_20:4,"DG 18:1(6)_20:4(8,11,14,17)",0.8542499999999995,0.23414375000001542,0.025013964979727774,0.4396319824898636,Some,Some,39.83049696073823,34.59422799140491,0.0,0.0,0.0,696.7567730025833,2036.6147086515332,0.0,981.3388931321347,893.8922547895858,0.0,196.0591258009262,1083.805671015878,1523.339784462952,0.0,1637.6193194238665,427.256808613688,1033.1970360999412
13311,11.709,610.54054,610.5405,0.0655157192892143,C37H68O5,CCCCCCCCC=CCCCCCCCC(=O)OC(CO)COC(=O)CCCCCC=CCCCCCCCC,[M+NH4]+,DG 16:1_18:1,DG 16:1(7)_18:1(9),0.9299999999999997,0.5097200000000157,0.09159270978754655,0.5107963548937731,All,Some,7414.236706689537,6842.111111111111,6395.460735360872,4701.909770274011,7395.439159094958,8535.079613893244,15160.587002096438,7181.428571428572,12753.954305799647,3954.533152909336,7216.43109540636,8544.701195219122,5307.781849536537,9438.865848497671,5085.456595264937,7370.05875440658,6006.327334083239,7935.572192513369
13311,11.709,610.54054,610.5405,0.0655157192892143,C37H68O5,CCCCCCC=CCCCCCCCCCC(=O)OC(CO)COC(=O)CCCCCC=CCCCCCCCC,[M+NH4]+,DG 16:1_18:1,DG 16:1(7)_18:1(11),0.9545000000000003,0.5096699999999714,0.045796354893773275,0.5001481774468868,All,Some,0.0,0.0,0.0,0.0,0.0,2499.4348651101395,0.0,0.0,0.0,0.0,0.0,0.0,0.0,0.0,0.0,0.0,0.0,0.0
13311,11.709,610.54054,610.5405,0.0655157192892143,C37H68O5,CCCCCCCCC=CCCCCCCCC(=O)OC(CO)COC(=O)CCCCCCCC=CCCCCCC,[M+NH4]+,DG 16:1_18:1,DG 16:1(9)_18:1(9),0.9545000000000003,0.5096699999999714,0.045796354893773275,0.5001481774468868,All,Some,2085.7632933104633,2417.888888888889,1564.5392646391285,1498.0902297259895,2464.560840905042,5466.970546984572,5039.412997903564,2498.571428571429,3646.045694200351,1665.466847090663,3283.5689045936397,4375.298804780876,3212.218150463462,3981.134151502328,2474.5434047350623,3789.9412455934184,3813.6726659167603,3444.4278074866306
13311,11.709,610.54054,610.5405,0.0655157192892143,C37H68O5,CCCCCCCCCCCC=CCCCCC(=O)OC(CO)COC(=O)CCCCCC=CCCCCCCCC,[M+NH4]+,DG 16:1_18:1,DG 16:1(7)_18:1(6),0.9353333333333337,0.6188033333333275,0.061061806525031036,0.4981975699291823,Some,Some,9500.0,9260.0,7960.0,6199.999999999999,9860.0,10540.339080933918,20200.0,9680.0,16400.0,5619.999999999999,10500.0,12919.999999999998,8520.0,13419.999999999998,7560.0,11159.999999999998,9820.0,11380.0
13311,11.709,610.54054,610.5405,0.0655157192892143,C37H68O5,CCCCCCC=CCCCCCCCCCC(=O)OC(CO)COC(=O)CCCCCCCC=CCCCCCC,[M+NH4]+,DG 16:1_18:1,DG 16:1(9)_18:1(11),0.979000000000001,0.5096199999999271,0.0,0.4895000000000005,All,None,2085.7632933104633,2417.888888888889,1564.5392646391285,1498.0902297259895,2464.560840905042,4504.694332150813,5039.412997903564,2498.571428571429,3646.045694200351,1665.466847090663,3283.5689045936397,4375.298804780876,3212.218150463462,3981.134151502328,2474.5434047350623,3789.9412455934184,3813.6726659167603,3444.4278074866306
13311,11.709,610.54054,610.5405,0.0655157192892143,C37H68O5,CCCCCCCCCCCC=CCCCCC(=O)OC(CO)COC(=O)CCCCCCCC=CCCCCCC,[M+NH4]+,DG 16:1_18:1,DG 16:1(9)_18:1(6),0.9680000000000012,0.6187366666666018,0.0,0.4840000000000006,Some,None,2085.7632933104633,2417.888888888889,1564.5392646391285,1498.0902297259895,2464.560840905042,3736.1150070126237,5039.412997903564,2498.571428571429,3646.045694200351,1665.466847090663,3283.5689045936397,4375.298804780876,3212.218150463462,3981.134151502328,2474.5434047350623,3789.9412455934184,3813.6726659167603,3444.4278074866306
13311,11.709,610.54054,610.5405,0.0655157192892143,C37H68O5,CCCCCCCCC=CCCCCCCCC(=O)OC(CO)COC(=O)CCCCC=CCCCCCCCCC,[M+NH4]+,DG 16:1_18:1,DG 16:1(6)_18:1(9),0.8949999999999996,0.509750000000011,0.045796354893773275,0.4703981774468864,All,Some,7414.236706689537,6842.111111111111,6395.460735360872,4701.909770274011,7395.439159094958,6804.224073921294,15160.587002096438,7181.428571428572,12753.954305799647,3954.533152909336,7216.43109540636,8544.701195219122,5307.781849536537,9438.865848497671,5085.456595264937,7370.05875440658,6006.327334083239,7935.572192513369
13311,11.709,610.54054,610.5405,0.0655157192892143,C37H68O5,CCCCCCC=CCCCCCCCCCC(=O)OC(CO)COC(=O)CCCCC=CCCCCCCCCC,[M+NH4]+,DG 16:1_18:1,DG 16:1(6)_18:1(11),0.9195000000000002,0.5096999999999667,0.0,0.4597500000000001,All,None,7414.236706689537,6842.111111111111,6395.460735360872,4701.909770274011,7395.439159094958,7572.803399059484,15160.587002096438,7181.428571428572,12753.954305799647,3954.533152909336,7216.43109540636,8544.701195219122,5307.781849536537,9438.865848497671,5085.456595264937,7370.05875440658,6006.327334083239,7935.572192513369
13311,11.709,610.54054,610.5405,0.0655157192892143,C37H68O5,CCCCCCCCCCCC=CCCCCC(=O)OC(CO)COC(=O)CCCCC=CCCCCCCCCC,[M+NH4]+,DG 16:1_18:1,DG 16:1(6)_18:1(6),0.8886666666666668,0.6188433333333213,0.0,0.4443333333333334,Some,None,9500.0,9260.0,7960.0,6199.999999999999,9860.0,10540.339080933918,20200.0,9680.0,16399.999999999996,5619.999999999999,10500.0,12919.999999999998,8520.0,13420.0,7559.999999999999,11159.999999999998,9820.0,11380.0
13340,11.744,610.54055,610.5405,0.08189464925117304,C37H68O5,CCCCCCCCC=CCCCCCCCC(=O)OC(CO)COC(=O)CCCCCC=CCCCCCCCC,[M+NH4]+,DG 16:1_18:1,DG 16:1(7)_18:1(9),0.9920000000000009,0.5097200000000157,0.08411265665737862,0.5380563283286898,All,Some,0.0,0.0,0.0,0.0,0.0,0.0,0.0,0.0,0.0,4869.282814614344,0.0,0.0,2915.542142703169,0.0,0.0,0.0,0.0,0.0
13340,11.744,610.54055,610.5405,0.08189464925117304,C37H68O5,CCCCCCCCCCCC=CCCCCC(=O)OC(CO)COC(=O)CCCCCC=CCCCCCCCC,[M+NH4]+,DG 16:1_18:1,DG 16:1(7)_18:1(6),0.9533333333333344,0.6188066666666904,0.056075104438252414,0.5047042188857934,Some,Some,0.0,0.0,0.0,0.0,0.0,0.0,0.0,0.0,0.0,0.0,0.0,0.0,0.0,0.0,0.0,0.0,0.0,0.0
13340,11.744,610.54055,610.5405,0.08189464925117304,C37H68O5,CCCCCCC=CCCCCCCCCCC(=O)OC(CO)COC(=O)CCCCCC=CCCCCCCCC,[M+NH4]+,DG 16:1_18:1,DG 16:1(7)_18:1(11),0.956500000000001,0.5098424999999907,0.04205632832868931,0.4992781641643452,All,Some,0.0,0.0,0.0,0.0,0.0,0.0,0.0,0.0,0.0,2050.7171853856566,0.0,0.0,1764.457857296831,0.0,0.0,0.0,0.0,0.0
13340,11.744,610.54055,610.5405,0.08189464925117304,C37H68O5,CCCCCCCCC=CCCCCCCCC(=O)OC(CO)COC(=O)CCCCCCCC=CCCCCCC,[M+NH4]+,DG 16:1_18:1,DG 16:1(9)_18:1(9),0.956500000000001,0.5098424999999907,0.04205632832868931,0.4992781641643452,All,Some,0.0,0.0,0.0,0.0,0.0,0.0,0.0,0.0,0.0,6920.0,0.0,0.0,4680.0,0.0,0.0,0.0,0.0,0.0
13340,11.744,610.54055,610.5405,0.08189464925117304,C37H68O5,CCCCCCCCC=CCCCCCCCC(=O)OC(CO)COC(=O)CCCCC=CCCCCCCCCC,[M+NH4]+,DG 16:1_18:1,DG 16:1(6)_18:1(9),0.9100000000000001,0.509750000000011,0.04205632832868931,0.47602816416434474,All,Some,0.0,0.0,0.0,0.0,0.0,0.0,0.0,0.0,0.0,2050.7171853856566,0.0,0.0,1764.457857296831,0.0,0.0,0.0,0.0,0.0
13340,11.744,610.54055,610.5405,0.08189464925117304,C37H68O5,CCCCCCC=CCCCCCCCCCC(=O)OC(CO)COC(=O)CCCCCCCC=CCCCCCC,[M+NH4]+,DG 16:1_18:1,DG 16:1(9)_18:1(11),0.9210000000000012,0.5099649999999656,0.0,0.4605000000000006,All,None,0.0,0.0,0.0,0.0,0.0,0.0,0.0,0.0,0.0,2050.7171853856566,0.0,0.0,1764.457857296831,0.0,0.0,0.0,0.0,0.0
13340,11.744,610.54055,610.5405,0.08189464925117304,C37H68O5,CCCCCCCCCCCC=CCCCCC(=O)OC(CO)COC(=O)CCCCCCCC=CCCCCCC,[M+NH4]+,DG 16:1_18:1,DG 16:1(9)_18:1(6),0.9060000000000011,0.6189699999999903,0.0,0.45300000000000057,Some,None,0.0,0.0,0.0,0.0,0.0,0.0,0.0,0.0,0.0,4869.282814614344,0.0,0.0,2915.542142703169,0.0,0.0,0.0,0.0,0.0
13340,11.744,610.54055,610.5405,0.08189464925117304,C37H68O5,CCCCCCC=CCCCCCCCCCC(=O)OC(CO)COC(=O)CCCCC=CCCCCCCCCC,[M+NH4]+,DG 16:1_18:1,DG 16:1(6)_18:1(11),0.8745000000000003,0.509872499999986,0.0,0.43725000000000014,All,None,0.0,0.0,0.0,0.0,0.0,0.0,0.0,0.0,0.0,4869.282814614344,0.0,0.0,2915.542142703169,0.0,0.0,0.0,0.0,0.0
13340,11.744,610.54055,610.5405,0.08189464925117304,C37H68O5,CCCCCCCCCCCC=CCCCCC(=O)OC(CO)COC(=O)CCCCC=CCCCCCCCCC,[M+NH4]+,DG 16:1_18:1,DG 16:1(6)_18:1(6),0.844,0.6188466666666841,0.0,0.422,Some,None,0.0,0.0,0.0,0.0,0.0,0.0,0.0,0.0,0.0,6920.0,0.0,0.0,4680.0,0.0,0.0,0.0,0.0,0.0
13433,11.887,610.54055,610.5405,0.08189464925117304,C37H68O5,CCCCCCCCC=CCCCCCCCC(=O)OC(CO)COC(=O)CCCCCC=CCCCCCCCC,[M+NH4]+,DG 16:1_18:1,DG 16:1(7)_18:1(9),0.5510000000000002,0.8866350000000693,0.5410611263863603,0.5460305631931802,All,All,0.0,0.0,0.0,0.0,0.0,0.0,0.0,0.0,0.0,0.0,0.0,805.6688741721855,0.0,0.0,0.0,1340.5797101449275,0.0,2215.017006802721
13433,11.887,610.54055,610.5405,0.08189464925117304,C37H68O5,CCCCCCCCCCCC=CCCCCC(=O)OC(CO)COC(=O)CCCCCC=CCCCCCCCC,[M+NH4]+,DG 16:1_18:1,DG 16:1(7)_18:1(6),0.6839999999999998,0.8993500000000646,0.36070741759090685,0.5223537087954534,Some,Some,0.0,657.5459548062288,0.0,0.0,0.0,0.0,0.0,0.0,0.0,0.0,0.0,0.0,0.0,0.0,0.0,0.0,0.0,0.0
13433,11.887,610.54055,610.5405,0.08189464925117304,C37H68O5,CCCCCCC=CCCCCCCCCCC(=O)OC(CO)COC(=O)CCCCCC=CCCCCCCCC,[M+NH4]+,DG 16:1_18:1,DG 16:1(7)_18:1(11),0.6559999999999997,0.6982825000000332,0.27053056319318014,0.4632652815965899,All,Some,1752.0,1865.472427116263,0.0,2740.0,3860.0,0.0,0.0,0.0,6760.0,5420.0,4160.0,4674.3311258278145,0.0,6780.0,3920.0,3099.4202898550725,0.0,3344.9829931972786
13433,11.887,610.54055,610.5405,0.08189464925117304,C37H68O5,CCCCCCCCC=CCCCCCCCC(=O)OC(CO)COC(=O)CCCCCCCC=CCCCCCC,[M+NH4]+,DG 16:1_18:1,DG 16:1(9)_18:1(9),0.6559999999999997,0.6982825000000332,0.27053056319318014,0.4632652815965899,All,Some,1752.0,1865.472427116263,0.0,2740.0,3860.0,0.0,0.0,0.0,6760.0,5420.0,4160.0,5480.0,0.0,6780.0,3920.0,4440.0,0.0,5560.0
13433,11.887,610.54055,610.5405,0.08189464925117304,C37H68O5,CCCCCCCCCCCC=CCCCCC(=O)OC(CO)COC(=O)CCCCCCCC=CCCCCCC,[M+NH4]+,DG 16:1_18:1,DG 16:1(9)_18:1(6),0.8239999999999993,0.6482133333333499,0.0,0.41199999999999964,Some,None,1752.0,2523.0183819224917,0.0,2740.0,3860.0,0.0,0.0,0.0,6760.0,5420.0,4160.0,4674.3311258278145,0.0,6780.0,3920.0,3099.4202898550725,0.0,3344.9829931972786
13433,11.887,610.54055,610.5405,0.08189464925117304,C37H68O5,CCCCCCCCC=CCCCCCCCC(=O)OC(CO)COC(=O)CCCCC=CCCCCCCCCC,[M+NH4]+,DG 16:1_18:1,DG 16:1(6)_18:1(9),0.5464999999999991,0.6982075000000378,0.27053056319318014,0.4085152815965896,All,Some,1752.0,1865.472427116263,0.0,2740.0,3860.0,0.0,0.0,0.0,6760.0,5420.0,4160.0,4674.3311258278145,0.0,6780.0,3920.0,3099.4202898550725,0.0,3344.9829931972786
13433,11.887,610.54055,610.5405,0.08189464925117304,C37H68O5,CCCCCCC=CCCCCCCCCCC(=O)OC(CO)COC(=O)CCCCCCCC=CCCCCCC,[M+NH4]+,DG 16:1_18:1,DG 16:1(9)_18:1(11),0.7609999999999992,0.5099299999999971,0.0,0.3804999999999996,All,None,0.0,0.0,0.0,0.0,0.0,0.0,0.0,0.0,0.0,0.0,0.0,805.6688741721855,0.0,0.0,0.0,1340.5797101449275,0.0,2215.017006802721
13433,11.887,610.54055,610.5405,0.08189464925117304,C37H68O5,CCCCCCCCCCCC=CCCCCC(=O)OC(CO)COC(=O)CCCCC=CCCCCCCCCC,[M+NH4]+,DG 16:1_18:1,DG 16:1(6)_18:1(6),0.6779999999999985,0.648113333333356,0.0,0.33899999999999925,Some,None,0.0,657.5459548062288,0.0,0.0,0.0,0.0,0.0,0.0,0.0,0.0,0.0,805.6688741721855,0.0,0.0,0.0,1340.5797101449275,0.0,2215.017006802721
13433,11.887,610.54055,610.5405,0.08189464925117304,C37H68O5,CCCCCCC=CCCCCCCCCCC(=O)OC(CO)COC(=O)CCCCC=CCCCCCCCCC,[M+NH4]+,DG 16:1_18:1,DG 16:1(6)_18:1(11),0.6514999999999986,0.5098550000000017,0.0,0.3257499999999993,All,None,1752.0,1865.472427116263,0.0,2740.0,3860.0,0.0,0.0,0.0,6760.0,5420.0,4160.0,5480.0,0.0,6780.0,3920.0,4440.0,0.0,5560.0
13444,11.906,804.59002,804.59017,0.18643031639616842,C47H82NO7P,CCC=CCC=CCC=CCC=CCC=CCC=CCCC(=O)OC(COCCCCCCCCCCC=CCCCCCCCC)COP(=O)(O)OCCN,[M+H]+,PE O-20:1_22:6,"PE O-20:1(11)_22:6(4,7,10,13,16,19)",0.6586666666666657,0.5183766666666164,0.0,0.32933333333333287,Some,Some,,,,,,0.0,10464.057445982664,,14050.0,10150.0,0.0,8450.0,12050.0,8950.0,0.0,10200.0,9974.008887339896,8000.0
13444,11.906,804.59002,804.59017,0.18643031639616842,C47H82NO7P,CCC=CCC=CCC=CCC=CCC=CCC=CCCC(=O)OC(COCCCCCCCCCCCCC=CCCCCCC)COP(=O)(O)OCCN,[M+H]+,PE O-20:1_22:6,"PE O-20:1(13)_22:6(4,7,10,13,16,19)",0.6007499999999992,0.5180537499999787,0.0,0.3003749999999996,Some,Some,,,,,,0.0,11435.942554017338,,14050.0,10150.0,0.0,8450.0,12050.0,8950.0,0.0,10200.0,10325.991112660104,8000.0
13453,11.944,610.54047,610.5405,0.04913678932725558,C37H68O5,CCCCCCCCCCCC=CCCCCC(=O)OC(CO)COC(=O)CCCCCCCC=CCCCCCC,[M+NH4]+,DG 16:1_18:1,DG 16:1(9)_18:1(6),0.8306666666666658,0.6483000000000061,0.0,0.4153333333333329,Some,None,0.0,0.0,0.0,0.0,0.0,0.0,673.8883248730965,0.0,0.0,0.0,0.0,0.0,0.0,0.0,0.0,0.0,0.0,0.0
13453,11.944,610.54047,610.5405,0.04913678932725558,C37H68O5,CCCCCCCCCCCC=CCCCCC(=O)OC(CO)COC(=O)CCCCCC=CCCCCCCCC,[M+NH4]+,DG 16:1_18:1,DG 16:1(7)_18:1(6),0.7233333333333315,0.6481600000000185,0.050162837849686503,0.386748085591509,Some,Some,0.0,0.0,0.0,0.0,0.0,0.0,0.0,1207.5964752354905,0.0,0.0,0.0,0.0,0.0,0.0,0.0,0.0,0.0,0.0
13453,11.944,610.54047,610.5405,0.04913678932725558,C37H68O5,CCCCCCC=CCCCCCCCCCC(=O)OC(CO)COC(=O)CCCCCCCC=CCCCCCC,[M+NH4]+,DG 16:1_18:1,DG 16:1(9)_18:1(11),0.7609999999999992,0.5099299999999971,0.0,0.3804999999999996,All,None,1310.0,0.0,0.0,0.0,0.0,0.0,1028.1116751269035,2995.4421148587053,0.0,0.0,0.0,0.0,0.0,0.0,0.0,0.0,0.0,0.0
13453,11.944,610.54047,610.5405,0.04913678932725558,C37H68O5,CCCCCCC=CCCCCCCCCCC(=O)OC(CO)COC(=O)CCCCCC=CCCCCCCCC,[M+NH4]+,DG 16:1_18:1,DG 16:1(7)_18:1(11),0.6804999999999986,0.5098250000000064,0.03762212838726488,0.3590610641936317,All,Some,1310.0,0.0,0.0,0.0,0.0,0.0,1702.0,2995.4421148587053,0.0,0.0,0.0,0.0,0.0,0.0,0.0,0.0,0.0,0.0
13453,11.944,610.54047,610.5405,0.04913678932725558,C37H68O5,CCCCCCCCC=CCCCCCCCC(=O)OC(CO)COC(=O)CCCCCCCC=CCCCCCC,[M+NH4]+,DG 16:1_18:1,DG 16:1(9)_18:1(9),0.6804999999999986,0.5098250000000064,0.03762212838726488,0.3590610641936317,All,Some,1310.0,0.0,0.0,0.0,0.0,0.0,1028.1116751269035,4203.038590094196,0.0,0.0,0.0,0.0,0.0,0.0,0.0,0.0,0.0,0.0
13453,11.944,610.54047,610.5405,0.04913678932725558,C37H68O5,CCCCCCCCC=CCCCCCCCC(=O)OC(CO)COC(=O)CCCCCC=CCCCCCCCC,[M+NH4]+,DG 16:1_18:1,DG 16:1(7)_18:1(9),0.5999999999999979,0.5097200000000157,0.07524425677452976,0.3376221283872638,All,Some,1310.0,0.0,0.0,0.0,0.0,0.0,1028.1116751269035,2995.4421148587053,0.0,0.0,0.0,0.0,0.0,0.0,0.0,0.0,0.0,0.0
13453,11.944,610.54047,610.5405,0.04913678932725558,C37H68O5,CCCCCCCCCCCC=CCCCCC(=O)OC(CO)COC(=O)CCCCC=CCCCCCCCCC,[M+NH4]+,DG 16:1_18:1,DG 16:1(6)_18:1(6),0.6086666666666645,0.6482000000000122,0.0,0.30433333333333223,Some,None,0.0,0.0,0.0,0.0,0.0,0.0,673.8883248730965,0.0,0.0,0.0,0.0,0.0,0.0,0.0,0.0,0.0,0.0,0.0
13453,11.944,610.54047,610.5405,0.04913678932725558,C37H68O5,CCCCCCC=CCCCCCCCCCC(=O)OC(CO)COC(=O)CCCCC=CCCCCCCCCC,[M+NH4]+,DG 16:1_18:1,DG 16:1(6)_18:1(11),0.5944999999999983,0.5098550000000017,0.0,0.2972499999999991,All,None,0.0,0.0,0.0,0.0,0.0,0.0,673.8883248730965,1207.5964752354905,0.0,0.0,0.0,0.0,0.0,0.0,0.0,0.0,0.0,0.0
13453,11.944,610.54047,610.5405,0.04913678932725558,C37H68O5,CCCCCCCCC=CCCCCCCCC(=O)OC(CO)COC(=O)CCCCC=CCCCCCCCCC,[M+NH4]+,DG 16:1_18:1,DG 16:1(6)_18:1(9),0.5139999999999976,0.509750000000011,0.03762212838726488,0.2758110641936312,All,Some,1310.0,0.0,0.0,0.0,0.0,0.0,1702.0,2995.4421148587053,0.0,0.0,0.0,0.0,0.0,0.0,0.0,0.0,0.0,0.0
13658,12.565,842.66311,842.66333,0.26107698315647315,C48H92NO8P,CCCCCCCCC=CCCCCCCCCCC(=O)OC(COC(=O)CCCCCCCCCC=CCCCCCCCC)COP(=O)([O-])OCC[N+](C)(C)C,[M+H]+,PC 20:1_20:1,PC 20:1(11)_20:1(11),0.0779999999999994,0.7986300000000028,0.9891105183030287,0.533555259151514,Some,Some,,0.0,0.0,,,0.0,0.0,0.0,0.0,0.0,0.0,0.0,0.0,0.0,8945.109211775878,0.0,0.0,0.0
13658,12.565,842.66311,842.66333,0.26107698315647315,C48H92NO8P,CCCCCCC=CCCCCCCCCCCCC(=O)OC(COC(=O)CCCCCCCCCC=CCCCCCCCC)COP(=O)([O-])OCC[N+](C)(C)C,[M+H]+,PC 20:1_20:1,PC 20:1(11)_20:1(13),0.3466666666666664,0.5410399999999905,0.32970350610100957,0.338185086383838,Some,Some,,0.0,0.0,,,0.0,0.0,0.0,0.0,0.0,0.0,0.0,0.0,0.0,10150.0,0.0,0.0,0.0
13658,12.565,842.66311,842.66333,0.26107698315647315,C48H92NO8P,CCCCCCC=CCCCCCCCCCCCC(=O)OC(COC(=O)CCCCCCCCCCCC=CCCCCCC)COP(=O)([O-])OCC[N+](C)(C)C,[M+H]+,PC 20:1_20:1,PC 20:1(13)_20:1(13),0.48099999999999987,0.41224499999998443,0.0,0.24049999999999994,All,None,,0.0,0.0,,,0.0,0.0,0.0,0.0,0.0,0.0,0.0,0.0,0.0,1204.8907882241217,0.0,0.0,0.0
13696,12.629,686.57126,686.5718,0.7865164284359961,C43H72O5,CCC=CCC=CCC=CCC=CCC=CCC=CCCC(=O)OC(CO)COC(=O)CCCCCCCCCCCCCCCCC,[M+NH4]+,DG 18:0_22:6,"DG 18:0_22:6(4,7,10,13,16,19)",0.6573333333333322,0.7938833333333642,0.010037191283741621,0.3336852623085369,Some,Some,0.0,0.0,0.0,0.0,7380.0,60400.0,71700.0,10100.0,70000.0,57800.0,52600.0,46700.0,58700.0,72300.0,65900.0,56900.0,59800.0,58000.0
13716,12.666,842.66288,842.66333,0.5340211018803056,C48H92NO8P,CCCCCCCCC=CCCCCCCCCCC(=O)OC(COC(=O)CCCCCCCCCC=CCCCCCCCC)COP(=O)([O-])OCC[N+](C)(C)C,[M+H]+,PC 20:1_20:1,PC 20:1(11)_20:1(11),0.7379999999999995,0.834259999999972,0.017444581233559645,0.3777222906167796,Some,Some,,,,,,59500.0,77000.0,,58500.0,,40850.0,,57500.0,66500.0,29150.0,0.0,33672.6272352132,55500.0
13716,12.666,842.66288,842.66333,0.5340211018803056,C48H92NO8P,CCCCCCC=CCCCCCCCCCCCC(=O)OC(COC(=O)CCCCCCCCCC=CCCCCCCCC)COP(=O)([O-])OCC[N+](C)(C)C,[M+H]+,PC 20:1_20:1,PC 20:1(11)_20:1(13),0.6246666666666675,0.32879333333331334,0.005814860411186548,0.315240763538927,Some,Some,,,,,,59500.0,77000.0,,58500.0,,40850.0,,57500.0,66500.0,29150.0,54500.0,54000.0,55500.0
13716,12.666,842.66288,842.66333,0.5340211018803056,C48H92NO8P,CCCCCCC=CCCCCCCCCCCCC(=O)OC(COC(=O)CCCCCCCCCCCC=CCCCCCC)COP(=O)([O-])OCC[N+](C)(C)C,[M+H]+,PC 20:1_20:1,PC 20:1(13)_20:1(13),0.5680000000000014,0.07605999999998403,0.0,0.2840000000000007,All,None,,,,,,0.0,0.0,,0.0,,0.0,,0.0,0.0,0.0,54500.0,20327.372764786793,0.0
13777,12.845,842.66315,842.66333,0.21360844075212226,C48H92NO8P,CCCCCCCCC=CCCCCCCCCCC(=O)OC(COC(=O)CCCCCCCCCC=CCCCCCCCC)COP(=O)([O-])OCC[N+](C)(C)C,[M+H]+,PC 20:1_20:1,PC 20:1(11)_20:1(11),0.9039999999999999,0.8345299999999725,0.011861213940597288,0.4579306069702986,Some,Some,,,,,,3656.065573770492,0.0,,0.0,0.0,0.0,0.0,0.0,0.0,1840.8960915157297,0.0,0.0,0.0
13777,12.845,842.66315,842.66333,0.21360844075212226,C48H92NO8P,CCCCCCC=CCCCCCCCCCCCC(=O)OC(COC(=O)CCCCCCCCCC=CCCCCCCCC)COP(=O)([O-])OCC[N+](C)(C)C,[M+H]+,PC 20:1_20:1,PC 20:1(11)_20:1(13),0.881333333333334,0.32921333333331404,0.003953737980199096,0.44264353565676656,Some,Some,,,,,,8850.0,0.0,,0.0,0.0,0.0,0.0,0.0,0.0,6150.0,0.0,0.0,0.0
13777,12.845,842.66315,842.66333,0.21360844075212226,C48H92NO8P,CCCCCCC=CCCCCCCCCCCCC(=O)OC(COC(=O)CCCCCCCCCCCC=CCCCCCC)COP(=O)([O-])OCC[N+](C)(C)C,[M+H]+,PC 20:1_20:1,PC 20:1(13)_20:1(13),0.870000000000001,0.07655499999998483,0.0,0.4350000000000005,All,None,,,,,,5193.934426229507,0.0,,0.0,0.0,0.0,0.0,0.0,0.0,4309.1039084842705,0.0,0.0,0.0
13892,13.096,612.55556,612.55615,0.9631770083253953,C37H70O5,CCCCCCCCC=CCCCCCCCC(=O)OC(CO)COC(=O)CCCCCCCCCCCCCCC,[M+NH4]+,DG 16:0_18:1,DG 16:0_18:1(9),0.9570000000000007,0.509949999999975,0.1412906622817008,0.5491453311408507,All,Some,49764.746945898776,47608.734402852046,54150.93750000001,43648.007246376816,47820.88535754824,101831.63737280296,143419.35483870967,54914.61498166579,131147.12219144354,130717.83850168868,96984.92840994726,113682.17054263565,118162.07209936381,124224.16812609456,83560.04756242568,103564.4891122278,94120.70916635233,99598.40159840162
13892,13.096,612.55556,612.55615,0.9631770083253953,C37H70O5,CCCCCCC=CCCCCCCCCCC(=O)OC(CO)COC(=O)CCCCCCCCCCCCCCC,[M+NH4]+,DG 16:0_18:1,DG 16:0_18:1(11),0.536999999999999,0.9009149999999977,0.27992405438134543,0.40846202719067226,All,Some,11035.253054101222,11091.265597147949,10749.062500000002,6651.992753623189,10979.11464245176,70168.36262719704,72580.64516129033,12285.38501833421,71852.87780855648,73282.16149831132,49015.07159005275,61317.82945736434,74837.92790063618,82775.83187390542,39439.95243757431,60435.5108877722,51879.29083364768,58401.5984015984
13928,13.138,662.57179,662.5718,0.015092704048737455,C41H72O5,CCCCCC=CCC=CCC=CCC=CCCCC(=O)OC(CO)COC(=O)CCCCCCCCCCCCCCCCC,[M+NH4]+,DG 18:0_20:4,"DG 18:0_20:4(5,8,11,14)",0.8756666666666657,0.7394883333333269,0.07862608743536949,0.4771463770510176,Some,Some,0.0,0.0,0.0,,0.0,36585.77405857741,16135.723810934953,0.0,16793.57969391564,0.0,0.0,0.0,42566.15228940047,0.0,0.0,19996.726677577746,0.0,20143.11351659308
13928,13.138,662.57179,662.5718,0.015092704048737455,C41H72O5,CCC=CCC=CCC=CCC=CCCCCCCC(=O)OC(CO)COC(=O)CCCCCCCCCCCCCCCCC,[M+NH4]+,DG 18:0_20:4,"DG 18:0_20:4(8,11,14,17)",0.8448571428571431,0.5471214285714073,0.0,0.42242857142857154,Some,None,16300.0,23700.0,0.0,,0.0,73414.22594142258,93864.27618906504,0.0,93206.42030608436,112000.0,112000.0,92500.0,65433.84771059955,119000.0,140000.0,78403.27332242226,93400.0,76656.88648340692
14007,13.224,638.57117,638.5718,0.9865766073619576,C39H72O5,CCCCCCC=CCCCCCCCCCC(=O)OC(CO)COC(=O)CCCCCCCCCC=CCCCCCC,[M+NH4]+,DG 18:1_18:1,DG 18:1(11)_18:1(11),0.9640000000000004,0.5095349999999712,0.0,0.4820000000000002,All,None,5491.71528588098,8513.500597371563,7791.436726926737,0.0,6838.959212376933,9550.19556714472,11970.489604292423,4978.742249778566,6358.577405857741,7534.520348837211,6464.1999038923595,9315.276695245519,10624.428876028023,10236.32958801498,5948.605795516675,8552.592079436554,7973.262032085563,9625.993122257798
14007,13.224,638.57117,638.5718,0.9865766073619576,C39H72O5,CCCCCCCCC=CCCCCCCCC(=O)OC(CO)COC(=O)CCCCCCCCCC=CCCCCCC,[M+NH4]+,DG 18:1_18:1,DG 18:1(11)_18:1(9),0.9290000000000003,0.5096924999999715,0.0,0.46450000000000014,All,None,16267.911318553093,16767.44324970131,16394.481446241673,8630.664395229984,15839.029535864975,28943.937418513695,34994.20403015105,10244.139356362564,33143.79358437936,28083.212209302328,23305.14175876982,32655.105222135615,31418.418113514064,33454.494382022465,20987.42482230727,26714.46715159912,25604.27807486631,28843.3534922329
14007,13.224,638.57117,638.5718,0.9865766073619576,C39H72O5,CCCCCCCCCCCC=CCCCCC(=O)OC(CO)COC(=O)CCCCCCCCCC=CCCCCCC,[M+NH4]+,DG 18:1_18:1,DG 18:1(11)_18:1(6),0.919333333333333,0.6183266666666706,0.0061500988412840595,0.4627417160873086,Some,Some,18823.803967327887,20712.724014336916,19830.288614018395,14502.66893810335,16933.263009845286,30606.25814863103,38309.618907474694,11767.936226749334,28881.45048814505,27784.641472868218,22492.39147845587,29660.1714731099,32539.344095847293,37115.168539325845,18961.180973209404,29504.7915945041,24368.983957219254,29449.30629669157
14007,13.224,638.57117,638.5718,0.9865766073619576,C39H72O5,CCCCCCCCC=CCCCCCCCC(=O)OC(CO)COC(=O)CCCCCCCC=CCCCCCCCC,[M+NH4]+,DG 18:1_18:1,DG 18:1(9)_18:1(9),0.8940000000000001,0.5098499999999717,0.0,0.44700000000000006,All,None,10776.196032672113,8253.942652329748,8603.044719314938,8630.664395229984,9000.070323488046,19393.74185136897,23023.714425858634,5265.397106583999,26785.216178521623,20548.69186046512,16840.941854877463,23339.828526890098,20793.989237486043,23218.164794007484,15038.819026790596,18161.87507216257,17631.016042780753,19217.360369975104
14007,13.224,638.57117,638.5718,0.9865766073619576,C39H72O5,CCCCCCCCC=CCCCCCCCC(=O)OC(CO)COC(=O)CCCCC=CCCCCCCCCCCC,[M+NH4]+,DG 18:1_18:1,DG 18:1(6)_18:1(9),0.8726666666666661,0.618536666666671,0.0061500988412840595,0.43940838275397515,Some,Some,24108.284714119018,20453.166069295097,20641.896606406597,23133.333333333336,19094.3741209564,40449.80443285528,49362.84372904091,12054.59108355477,49308.089260808934,40798.81298449612,32869.133429440975,43684.72330475448,42708.90445730531,50097.00374531835,28051.39420448332,39114.07458723012,34026.73796791444,39040.67354440887
14007,13.224,638.57117,638.5718,0.9865766073619576,C39H72O5,CCCCCCCCCCCC=CCCCCC(=O)OC(CO)COC(=O)CCCCC=CCCCCCCCCCCC,[M+NH4]+,DG 18:1_18:1,DG 18:1(6)_18:1(6),0.8299999999999983,0.8359100000000694,0.01845029652385218,0.42422514826192526,Some,Some,13332.088681446907,12199.22341696535,12038.851887091661,14502.66893810335,10094.303797468354,21056.062581486312,26339.12930318228,6789.1939769707715,22522.87308228731,20250.121124031008,16028.191574563512,20344.89477786438,21914.91521981927,26878.83895131086,13012.575177692726,20952.199515067547,16395.72192513369,19823.313174433773
14100,13.445,638.57027,638.5718,2.3959717607361832,C39H72O5,CCCCCCCCC=CCCCCCCCC(=O)OC(CO)COC(=O)CCCCCCCC=CCCCCCCCC,[M+NH4]+,DG 18:1_18:1,DG 18:1(9)_18:1(9),0.6639999999999997,0.5098499999999717,0.0,0.33199999999999985,All,None,0.0,0.0,421.99809705042816,0.0,0.0,0.0,0.0,1198.4056687333923,0.0,1205.5232558139535,0.0,1048.700961288646,0.0,0.0,0.0,0.0,0.0,0.0
14100,13.445,638.57027,638.5718,2.3959717607361832,C39H72O5,CCCCCCCCC=CCCCCCCCC(=O)OC(CO)COC(=O)CCCCCCCCCC=CCCCCCC,[M+NH4]+,DG 18:1_18:1,DG 18:1(11)_18:1(9),0.5960000000000001,0.5096924999999715,0.0,0.29800000000000004,All,None,0.0,0.0,887.954329210276,0.0,0.0,0.0,0.0,2465.810451727192,0.0,4493.313953488372,0.0,3676.266562743569,0.0,0.0,0.0,0.0,0.0,0.0
14100,13.445,638.57027,638.5718,2.3959717607361832,C39H72O5,CCCCCCCCC=CCCCCCCCC(=O)OC(CO)COC(=O)CCCCC=CCCCCCCCCCCC,[M+NH4]+,DG 18:1_18:1,DG 18:1(6)_18:1(9),0.5719999999999992,0.6182366666666704,0.008774715665979966,0.2903873578329896,Some,Some,0.0,0.0,1074.0437678401522,0.0,0.0,0.0,0.0,2832.5952170062005,0.0,4445.542635658915,0.0,3339.101065211743,0.0,0.0,0.0,0.0,0.0,0.0
14100,13.445,638.57027,638.5718,2.3959717607361832,C39H72O5,CCCCCCC=CCCCCCCCCCC(=O)OC(CO)COC(=O)CCCCCCCCCC=CCCCCCC,[M+NH4]+,DG 18:1_18:1,DG 18:1(11)_18:1(11),0.5280000000000005,0.5095349999999712,0.0,0.26400000000000023,All,None,0.0,0.0,465.9562321598477,0.0,0.0,0.0,0.0,1267.4047829937997,0.0,3287.7906976744193,0.0,2627.5656014549227,0.0,0.0,0.0,0.0,0.0,0.0
14100,13.445,638.57027,638.5718,2.3959717607361832,C39H72O5,CCCCCCCCCCCC=CCCCCC(=O)OC(CO)COC(=O)CCCCCCCCCC=CCCCCCC,[M+NH4]+,DG 18:1_18:1,DG 18:1(11)_18:1(6),0.481333333333333,0.6180266666666702,0.008774715665979966,0.2450540244996565,Some,Some,0.0,0.0,1118.0019029495718,0.0,0.0,0.0,0.0,2901.5943312666072,0.0,6527.810077519381,0.0,4917.96570537802,0.0,0.0,0.0,0.0,0.0,0.0
14100,13.445,638.57027,638.5718,2.3959717607361832,C39H72O5,CCCCCCCCCCCC=CCCCCC(=O)OC(CO)COC(=O)CCCCC=CCCCCCCCCCCC,[M+NH4]+,DG 18:1_18:1,DG 18:1(6)_18:1(6),0.3879999999999981,0.835010000000068,0.0263241469979399,0.207162073498969,Some,Some,0.0,0.0,652.0456707897239,0.0,0.0,0.0,0.0,1634.1895482728078,0.0,3240.0193798449613,0.0,2290.400103923097,0.0,0.0,0.0,0.0,0.0,0.0
14382,14.572,640.5871,640.58745,0.5463734889371149,C39H74O5,CCCCCCCCC=CCCCCCCCC(=O)OC(CO)COC(=O)CCCCCCCCCCCCCCCCC,[M+NH4]+,DG 18:0_18:1,DG 18:0_18:1(9),0.8539999999999992,0.9019899999999552,0.7692382114716749,0.8116191057358371,Some,Some,,,,,,0.0,0.0,,0.0,,0.0,,3300.6563833278633,17503.030303030304,0.0,,8951.290877796902,0.0
14382,14.572,640.5871,640.58745,0.5463734889371149,C39H74O5,CCCCCCC=CCCCCCCCCCC(=O)OC(CO)COC(=O)CCCCCCCCCCCCCCCCC,[M+NH4]+,DG 18:0_18:1,DG 18:0_18:1(11),0.9619999999999997,0.925049999999942,0.0,0.48099999999999987,Some,None,,,,,,14800.0,21900.0,,23500.0,,0.0,,12999.343616672137,24296.969696969696,6710.0,,17248.709122203098,33200.0
15281,17.548,764.67171,764.67627,5.96330784540125,C47H86O6,CCCCCCCCC=CCCCCCC(=O)OC(COC(=O)CCCCCCCC=CCCCCCC)COC(=O)CCCCCCCCCCC,[M+NH4]+,TG 12:0_16:1_16:1,TG 12:0_16:1(7)_16:1(9),0.2020000000000053,0.7560699999999088,0.0,0.10100000000000264,Some,None,,20633.333333333332,0.0,,,22600.0,5090.948813982521,,,,,,,,,14266.666666666668,7767.642752562226,
15281,17.548,764.67171,764.67627,5.96330784540125,C47H86O6,CCCCCCC=CCCCCCCCC(=O)OC(COC(=O)CCCCCCCC=CCCCCCC)COC(=O)CCCCCCCCCCC,[M+NH4]+,TG 12:0_16:1_16:1,TG 12:0_16:1(9)_16:1(9),0.2020000000000053,0.7560699999999088,0.0,0.10100000000000264,Some,None,,20633.333333333332,0.0,,,22600.0,5090.948813982521,,,,,,,,,14266.666666666668,7767.642752562226,
15281,17.548,764.67171,764.67627,5.96330784540125,C47H86O6,CCCCCCCCCC=CCCCCC(=O)OC(COC(=O)CCCCCCCC=CCCCCCC)COC(=O)CCCCCCCCCCC,[M+NH4]+,TG 12:0_16:1_16:1,TG 12:0_16:1(6)_16:1(9),0.12400000000000233,0.5290249999999901,0.0,0.062000000000001165,Some,None,,20633.333333333332,38666.666666666664,,,22600.0,19100.000000000004,,,,,,,,,14266.666666666668,23100.000000000004,
15281,17.548,764.67171,764.67627,5.96330784540125,C47H86O6,CCCCCCCCCC=CCCCCC(=O)OC(COC(=O)CCCCC=CCCCCCCCCC)COC(=O)CCCCCCCCCCC,[M+NH4]+,TG 12:0_16:1_16:1,TG 12:0_16:1(6)_16:1(6),0.045999999999999375,0.3019800000000714,0.0,0.022999999999999687,Some,None,,0.0,38666.666666666664,,,0.0,14009.05118601748,,,,,,,,,0.0,15332.357247437776,
15281,17.548,764.67171,764.67627,5.96330784540125,C47H86O6,CCCCCCCCCC=CCCCCC(=O)OC(COC(=O)CCCCCC=CCCCCCCCC)COC(=O)CCCCCCCCCCC,[M+NH4]+,TG 12:0_16:1_16:1,TG 12:0_16:1(6)_16:1(7),0.045999999999999375,0.3019800000000714,0.0,0.022999999999999687,Some,None,,0.0,38666.666666666664,,,0.0,14009.05118601748,,,,,,,,,0.0,15332.357247437776,
15315,17.637,790.69084,790.69192,1.3658922934254167,C49H88O6,CCCCCCC=CCCCCCCCC(=O)OC(COC(=O)CCCCCCCC=CCCCCCC)COC(=O)CCCCCCCC=CCCCC,[M+NH4]+,TG 14:1_16:1_16:1,TG 14:1(9)_16:1(9)_16:1(9),0.7413333333333322,0.6029033333333018,0.0017228511415342967,0.37152809223743327,Some,Some,2791.488929514524,1043.8197485520554,2718.9255189255196,0.0,0.0,986.8043602983361,0.0,0.0,0.0,0.0,0.0,0.0,0.0,251.7212357590065,0.0,1270.2568644818425,930.0488137132479,0.0
15315,17.637,790.69084,790.69192,1.3658922934254167,C49H88O6,CCCCCCC=CCCCCCCCC(=O)OC(COC(=O)CCCCCCCC=CCCCCCC)COC(=O)CCCCC=CCCCCCCC,[M+NH4]+,TG 14:1_16:1_16:1,TG 14:1(6)_16:1(9)_16:1(9),0.4899999999999996,0.5811166666666926,0.0,0.2449999999999998,Some,Some,5781.535648994515,1952.860573527334,4556.288156288157,0.0,0.0,2072.2891566265057,0.0,0.0,0.0,0.0,0.0,0.0,0.0,566.2362721954224,0.0,3839.3799822852093,1709.9784311499602,0.0
15315,17.637,790.69084,790.69192,1.3658922934254167,C49H88O6,CCCCCCCCCC=CCCCCC(=O)OC(COC(=O)CCCCCCCC=CCCCCCC)COC(=O)CCCCCCCC=CCCCC,[M+NH4]+,TG 14:1_16:1_16:1,TG 14:1(9)_16:1(6)_16:1(9),0.4779999999999987,0.4892620000000079,0.0010337106849205781,0.23951685534245964,Some,Some,10838.919358114972,3314.987992654329,6625.641025641027,0.0,0.0,3076.3625932300624,0.0,0.0,0.0,0.0,0.0,0.0,0.0,847.9893256697117,0.0,5933.587245349869,2334.6123283006023,0.0
15315,17.637,790.69084,790.69192,1.3658922934254167,C49H88O6,CCCCCCCCC=CCCCCCC(=O)OC(COC(=O)CCCCCCCC=CCCCCCC)COC(=O)CCCCCCCC=CCCCC,[M+NH4]+,TG 14:1_16:1_16:1,TG 14:1(9)_16:1(7)_16:1(9),0.473599999999999,0.5602659999999787,0.0010337106849205781,0.23731685534245978,Some,Some,5781.535648994515,1952.860573527334,4556.288156288157,0.0,0.0,2072.2891566265057,0.0,0.0,0.0,0.0,0.0,0.0,0.0,566.2362721954224,0.0,3129.8671390611166,1709.9784311499602,0.0
15315,17.637,790.69084,790.69192,1.3658922934254167,C49H88O6,CCCCCCCCCC=CCCCCC(=O)OC(COC(=O)CCCCC=CCCCCCCCCC)COC(=O)CCCCCCCC=CCCCC,[M+NH4]+,TG 14:1_16:1_16:1,TG 14:1(9)_16:1(6)_16:1(6),0.4219999999999988,0.40765250000001174,0.0012921383561507226,0.21164606917807477,All,Some,1459.9837497460899,802.9382681169657,2129.67032967033,0.0,0.0,503.27022375215137,0.0,0.0,0.0,0.0,0.0,0.0,0.0,247.89900441342505,0.0,1338.9193976970773,641.8889771824271,0.0
15315,17.637,790.69084,790.69192,1.3658922934254167,C49H88O6,CCCCCCCCC=CCCCCCC(=O)OC(COC(=O)CCCCCC=CCCCCCCCC)COC(=O)CCCCCCCC=CCCCC,[M+NH4]+,TG 14:1_16:1_16:1,TG 14:1(9)_16:1(7)_16:1(7),0.4164999999999992,0.49640749999997524,0.0012921383561507226,0.20889606917807496,All,Some,6517.367458866544,2165.0656872439604,4199.023199023199,0.0,0.0,1507.3436603557086,0.0,0.0,0.0,0.0,0.0,0.0,0.0,529.6520578877144,0.0,4142.639503985829,1266.5228743330686,0.0
15315,17.637,790.69084,790.69192,1.3658922934254167,C49H88O6,CCCCCCCCC=CCCCCCC(=O)OC(COC(=O)CCCCCCCC=CCCCCCC)COC(=O)CCCC=CCCCCCCCC,[M+NH4]+,TG 14:1_16:1_16:1,TG 14:1(5)_16:1(7)_16:1(9),0.3879999999999981,0.5539299999999798,0.0,0.19399999999999906,Some,Some,4251.472679260613,1846.7580166690211,4848.595848595849,0.0,0.0,1490.0745840504874,0.0,0.0,0.0,0.0,0.0,0.0,0.0,499.6202401724315,0.0,2609.17626217892,1571.9377908956749,0.0
15315,17.637,790.69084,790.69192,1.3658922934254167,C49H88O6,CCCCCCCCCC=CCCCCC(=O)OC(COC(=O)CCCCCCCC=CCCCCCC)COC(=O)CCCCC=CCCCCCCC,[M+NH4]+,TG 14:1_16:1_16:1,TG 14:1(6)_16:1(6)_16:1(9),0.32719999999999916,0.47619000000004236,0.0,0.16359999999999958,Some,Some,6517.367458866544,2165.0656872439604,4199.023199023199,0.0,0.0,1507.3436603557086,0.0,0.0,0.0,0.0,0.0,0.0,0.0,529.6520578877144,0.0,3433.1266607617367,1266.5228743330686,0.0
15315,17.637,790.69084,790.69192,1.3658922934254167,C49H88O6,CCCCCCCCC=CCCCCCC(=O)OC(COC(=O)CCCCCCCC=CCCCCCC)COC(=O)CCCCC=CCCCCCCC,[M+NH4]+,TG 14:1_16:1_16:1,TG 14:1(6)_16:1(7)_16:1(9),0.3227999999999994,0.5471940000000132,0.0,0.1613999999999997,Some,Some,9308.85638838107,3208.885435796016,6917.94871794872,0.0,0.0,2494.1480206540446,0.0,0.0,0.0,0.0,0.0,0.0,0.0,781.3732936467208,0.0,4703.383525243579,2196.571688046316,0.0
15315,17.637,790.69084,790.69192,1.3658922934254167,C49H88O6,CCCCCCCCCC=CCCCCC(=O)OC(COC(=O)CCCCCC=CCCCCCCCC)COC(=O)CCCCCCCC=CCCCC,[M+NH4]+,TG 14:1_16:1_16:1,TG 14:1(9)_16:1(6)_16:1(7),0.3053333333333323,0.43720500000000584,0.0008614255707671484,0.1530973794520497,All,Some,4251.472679260613,1846.7580166690211,4848.595848595849,0.0,0.0,1490.0745840504874,0.0,0.0,0.0,0.0,0.0,0.0,0.0,499.6202401724315,0.0,1899.6634189548276,1571.9377908956749,0.0
15331,17.7,790.69102,790.69192,1.1382435778545141,C49H88O6,CCCCCCC=CCCCCCCCC(=O)OC(COC(=O)CCCCCCCC=CCCCCCC)COC(=O)CCCCCCCC=CCCCC,[M+NH4]+,TG 14:1_16:1_16:1,TG 14:1(9)_16:1(9)_16:1(9),0.6913333333333327,0.8595299999999876,0.013074230828219555,0.35220378208077613,Some,Some,0.0,1665.2713465456566,0.0,0.0,6314.521525763998,0.0,1638.9707610798691,0.0,0.0,0.0,1867.5626348100218,2080.206728618993,2275.1785043216832,1412.765507767093,1968.8345138441728,0.0,0.0,0.0
15331,17.7,790.69102,790.69192,1.1382435778545141,C49H88O6,CCCCCCCCCC=CCCCCC(=O)OC(COC(=O)CCCCCCCC=CCCCCCC)COC(=O)CCCCCCCC=CCCCC,[M+NH4]+,TG 14:1_16:1_16:1,TG 14:1(9)_16:1(6)_16:1(9),0.49839999999999807,0.6431660000000192,0.007844538496931733,0.25312226924846487,Some,Some,0.0,3115.521392850528,0.0,5134.27017225748,10361.811287084542,0.0,4170.305408386525,0.0,0.0,0.0,4903.749792599967,3616.359389753019,4435.738444193911,3177.956250660467,2692.0798454603996,0.0,0.0,0.0
15331,17.7,790.69102,790.69192,1.1382435778545141,C49H88O6,CCCCCCCCC=CCCCCCC(=O)OC(COC(=O)CCCCCCCC=CCCCCCC)COC(=O)CCCCCCCC=CCCCC,[M+NH4]+,TG 14:1_16:1_16:1,TG 14:1(9)_16:1(7)_16:1(9),0.49399999999999833,0.7142419999999902,0.007844538496931733,0.25092226924846506,Some,Some,0.0,5288.609001666976,0.0,12258.56754306437,17275.93129600714,0.0,6880.494729038209,0.0,0.0,0.0,7783.37481333997,5864.582815683546,6458.756106726794,4759.272957835781,3902.5112685125564,0.0,0.0,0.0
15331,17.7,790.69102,790.69192,1.1382435778545141,C49H88O6,CCCCCCCCCC=CCCCCC(=O)OC(COC(=O)CCCCC=CCCCCCCCCC)COC(=O)CCCCCCCC=CCCCC,[M+NH4]+,TG 14:1_16:1_16:1,TG 14:1(9)_16:1(6)_16:1(6),0.47899999999999743,0.5999875000000259,0.009805673121164666,0.24440283656058104,All,Some,0.0,3115.521392850528,0.0,5134.27017225748,10361.811287084542,0.0,3106.088277308645,0.0,0.0,0.0,4903.749792599967,3616.359389753019,4435.738444193911,3177.956250660467,2692.0798454603996,0.0,0.0,0.0
15331,17.7,790.69102,790.69192,1.1382435778545141,C49H88O6,CCCCCCCCC=CCCCCCC(=O)OC(COC(=O)CCCCCC=CCCCCCCCC)COC(=O)CCCCCCCC=CCCCC,[M+NH4]+,TG 14:1_16:1_16:1,TG 14:1(9)_16:1(7)_16:1(7),0.4734999999999978,0.6888324999999895,0.009805673121164666,0.24165283656058123,All,Some,0.0,0.0,0.0,0.0,0.0,0.0,1355.4129070755657,0.0,0.0,0.0,0.0,672.8668687571436,0.0,281.6337313748283,434.4494526722473,0.0,0.0,0.0
15331,17.7,790.69102,790.69192,1.1382435778545141,C49H88O6,CCCCCCC=CCCCCCCCC(=O)OC(COC(=O)CCCCCCCC=CCCCCCC)COC(=O)CCCCC=CCCCCCCC,[M+NH4]+,TG 14:1_16:1_16:1,TG 14:1(6)_16:1(9)_16:1(9),0.4480000000000004,0.5811766666666927,0.0,0.2240000000000002,Some,Some,0.0,2173.087608816448,0.0,7124.297370806889,6914.120008922598,0.0,5129.819358805128,0.0,0.0,0.0,2879.625020740004,2921.0902946876713,2023.0176625328822,1862.9504385501423,1644.8808757244044,0.0,0.0,0.0
15331,17.7,790.69102,790.69192,1.1382435778545141,C49H88O6,CCCCCCCCCC=CCCCCC(=O)OC(COC(=O)CCCCCC=CCCCCCCCC)COC(=O)CCCCCCCC=CCCCC,[M+NH4]+,TG 14:1_16:1_16:1,TG 14:1(9)_16:1(6)_16:1(7),0.3853333333333306,0.5654283333333486,0.006537115414109777,0.19593522437372016,All,Some,0.0,1665.2713465456566,0.0,0.0,6314.521525763998,0.0,2402.4447136683366,0.0,0.0,0.0,1867.5626348100218,2753.0735973761375,2275.1785043216832,1694.3992391419213,2403.28396651642,0.0,0.0,0.0
15331,17.7,790.69102,790.69192,1.1382435778545141,C49H88O6,CCCCCCCCC=CCCCCCC(=O)OC(COC(=O)CCCCCCCC=CCCCCCC)COC(=O)CCCC=CCCCCCCCC,[M+NH4]+,TG 14:1_16:1_16:1,TG 14:1(5)_16:1(7)_16:1(9),0.3879999999999981,0.5539299999999798,0.0,0.19399999999999906,Some,Some,0.0,2173.087608816448,0.0,7124.297370806889,6914.120008922598,0.0,4065.6022277272477,0.0,0.0,0.0,2879.625020740004,2921.0902946876713,2023.0176625328822,1862.9504385501423,1644.8808757244044,0.0,0.0,0.0
15331,17.7,790.69102,790.69192,1.1382435778545141,C49H88O6,CCCCCCCCCC=CCCCCC(=O)OC(COC(=O)CCCCCCCC=CCCCCCC)COC(=O)CCCCC=CCCCCCCC,[M+NH4]+,TG 14:1_16:1_16:1,TG 14:1(6)_16:1(6)_16:1(9),0.35239999999999866,0.47615400000004227,0.0,0.17619999999999933,Some,Some,0.0,3838.3589553621046,0.0,7124.297370806889,13228.641534686594,0.0,5112.634034320018,0.0,0.0,0.0,4747.187655550026,5001.297023306664,4298.1961668545655,3275.715946317235,3613.715389568577,0.0,0.0,0.0
15331,17.7,790.69102,790.69192,1.1382435778545141,C49H88O6,CCCCCCCCC=CCCCCCC(=O)OC(COC(=O)CCCCCCCC=CCCCCCC)COC(=O)CCCCC=CCCCCCCC,[M+NH4]+,TG 14:1_16:1_16:1,TG 14:1(6)_16:1(7)_16:1(9),0.347999999999999,0.5472300000000132,0.0,0.1739999999999995,Some,Some,0.0,1665.2713465456566,0.0,0.0,6314.521525763998,0.0,1338.2275825904564,0.0,0.0,0.0,1867.5626348100218,2753.0735973761375,2275.1785043216832,1694.3992391419213,2403.28396651642,0.0,0.0,0.0
15364,17.81,790.69106,790.69192,1.0876549743783377,C49H88O6,CCCCCCC=CCCCCCCCC(=O)OC(COC(=O)CCCCCCCC=CCCCCCC)COC(=O)CCCCCCCC=CCCCC,[M+NH4]+,TG 14:1_16:1_16:1,TG 14:1(9)_16:1(9)_16:1(9),0.6333333333333329,0.8593766666666625,0.007512973711625362,0.32042315352247913,Some,Some,0.0,0.0,3287.1784401796654,0.0,0.0,0.0,4515.155076307389,5326.5334900117505,6389.748121961999,9521.698804002928,2312.5236832133382,5531.089036055923,1771.0910538890364,1570.0457196909979,3908.660987661806,3163.466042154567,0.0,4336.484270165499
15364,17.81,790.69106,790.69192,1.0876549743783377,C49H88O6,CCCCCCCCCC=CCCCCC(=O)OC(COC(=O)CCCCC=CCCCCCCCCC)COC(=O)CCCCCCCC=CCCCC,[M+NH4]+,TG 14:1_16:1_16:1,TG 14:1(9)_16:1(6)_16:1(6),0.6004999999999967,0.5998425000000225,0.0056347302837190215,0.30306736514185784,All,Some,0.0,0.0,3287.1784401796654,0.0,0.0,0.0,4515.155076307389,5326.5334900117505,6389.748121961999,9521.698804002928,2312.5236832133382,5531.089036055923,1771.0910538890364,1570.0457196909979,3908.660987661806,3163.466042154567,0.0,4336.484270165499
15364,17.81,790.69106,790.69192,1.0876549743783377,C49H88O6,CCCCCCCCC=CCCCCCC(=O)OC(COC(=O)CCCCCC=CCCCCCCCC)COC(=O)CCCCCCCC=CCCCC,[M+NH4]+,TG 14:1_16:1_16:1,TG 14:1(9)_16:1(7)_16:1(7),0.5949999999999971,0.6887074999999925,0.0056347302837190215,0.30031736514185803,All,Some,0.0,0.0,1709.9224173131888,0.0,0.0,0.0,4185.516682812177,3532.0329024676853,6230.004418912948,5331.364412985111,2662.769988632058,2480.1324503311257,1148.9514202282985,1840.8481790950652,3981.644284111923,2313.3489461358313,0.0,4612.971522290145
15364,17.81,790.69106,790.69192,1.0876549743783377,C49H88O6,CCCCCCCCCC=CCCCCC(=O)OC(COC(=O)CCCCCCCC=CCCCCCC)COC(=O)CCCCCCCC=CCCCC,[M+NH4]+,TG 14:1_16:1_16:1,TG 14:1(9)_16:1(6)_16:1(9),0.5515999999999976,0.6430580000000191,0.004507784226975217,0.2780538921134864,Some,Some,0.0,0.0,4997.100857492854,0.0,0.0,0.0,7707.598977274533,8858.566392479437,12619.752540874948,14853.063216988041,4975.293671845397,8011.2214863870495,2920.042474117335,3410.8938987860624,7890.305271773729,4837.939110070257,0.0,8949.455792455643
15364,17.81,790.69106,790.69192,1.0876549743783377,C49H88O6,CCCCCCCCC=CCCCCCC(=O)OC(COC(=O)CCCCCCCC=CCCCCCC)COC(=O)CCCCCCCC=CCCCC,[M+NH4]+,TG 14:1_16:1_16:1,TG 14:1(9)_16:1(7)_16:1(9),0.547199999999998,0.7141499999999951,0.004507784226975217,0.2758538921134866,Some,Some,0.0,0.0,0.0,0.0,0.0,0.0,993.0727818450349,0.0,0.0,0.0,0.0,0.0,0.0,331.65694466340847,501.96289447358043,638.8758782201406,0.0,807.6338154167287
15364,17.81,790.69106,790.69192,1.0876549743783377,C49H88O6,CCCCCCCCCC=CCCCCC(=O)OC(COC(=O)CCCCCC=CCCCCCCCC)COC(=O)CCCCCCCC=CCCCC,[M+NH4]+,TG 14:1_16:1_16:1,TG 14:1(9)_16:1(6)_16:1(7),0.5396666666666631,0.5653316666666797,0.003756486855812681,0.27171157676123786,All,Some,0.0,0.0,3287.1784401796654,0.0,0.0,0.0,4515.155076307389,5326.5334900117505,6389.748121961999,9521.698804002928,2312.5236832133382,5531.089036055923,1771.0910538890364,1901.7026643544064,4410.623882135386,3163.466042154567,0.0,5144.118085582228
15364,17.81,790.69106,790.69192,1.0876549743783377,C49H88O6,CCCCCCCCCC=CCCCCC(=O)OC(COC(=O)CCCCC=CCCCCCCCCC)COC(=O)CCCC=CCCCCCCCC,[M+NH4]+,TG 14:1_16:1_16:1,TG 14:1(5)_16:1(6)_16:1(6),0.4234999999999953,0.40744500000002404,0.0,0.21174999999999766,All,None,0.0,0.0,4319.028174765211,0.0,0.0,0.0,1970.1091013038163,7192.2444183313755,7167.167476800709,4269.026116670735,1499.7726411519518,5117.733627667403,1991.8502787363952,1734.3528298912186,6859.618940794858,1782.6697892271663,0.0,3710.7499627255115
15364,17.81,790.69106,790.69192,1.0876549743783377,C49H88O6,CCCCCCCCCC=CCCCCC(=O)OC(COC(=O)CCCCCC=CCCCCCCCC)COC(=O)CCCC=CCCCCCCCC,[M+NH4]+,TG 14:1_16:1_16:1,TG 14:1(5)_16:1(6)_16:1(7),0.4234999999999953,0.40744500000002404,0.0,0.21174999999999766,All,None,0.0,0.0,3287.1784401796654,0.0,0.0,0.0,3522.082294462355,5326.5334900117505,6389.748121961999,9521.698804002928,2312.5236832133382,5531.089036055923,1771.0910538890364,1901.7026643544064,4410.623882135386,2524.590163934426,0.0,5144.118085582228
15364,17.81,790.69106,790.69192,1.0876549743783377,C49H88O6,CCCCCCCCCC=CCCCCC(=O)OC(COC(=O)CCCCC=CCCCCCCCCC)COC(=O)CCCCC=CCCCCCCC,[M+NH4]+,TG 14:1_16:1_16:1,TG 14:1(6)_16:1(6)_16:1(6),0.4229999999999965,0.5164350000000297,0.0,0.21149999999999824,All,None,0.0,0.0,7606.206614944875,0.0,0.0,0.0,4499.118613921137,12518.777908343127,13556.915598762705,13790.724920673663,3812.2963243652903,10648.822663723326,3762.9413326254316,3304.398549582216,10768.279928456664,3668.3840749414526,0.0,8047.234232891009
15364,17.81,790.69106,790.69192,1.0876549743783377,C49H88O6,CCCCCCCCCC=CCCCCC(=O)OC(COC(=O)CCCCCC=CCCCCCCCC)COC(=O)CCCCC=CCCCCCCC,[M+NH4]+,TG 14:1_16:1_16:1,TG 14:1(6)_16:1(6)_16:1(7),0.42133333333332956,0.5097266666666845,0.0,0.21066666666666478,All,None,0.0,0.0,4319.028174765211,0.0,0.0,0.0,977.0363194587815,7192.2444183313755,7167.167476800709,4269.026116670735,1499.7726411519518,5117.733627667403,1991.8502787363952,1734.3528298912186,6859.618940794858,1143.7939110070258,0.0,3710.7499627255115
15501,18.119,868.73736,868.73887,1.738151764813941,C55H94O6,CCCCCCCCC=CCCCCCC(=O)OC(COC(=O)CCCCCC=CCC=CCC=CCC=CCC=CCC)COC(=O)CCCCCCCCCCCCC,[M+NH4]+,TG 14:0_16:1_22:5,"TG 14:0_16:1(7)_22:5(7,10,13,16,19)",0.7811428571428577,0.7008457142856871,0.12482761495555003,0.4529852360492038,Some,Some,0.0,0.0,0.0,0.0,0.0,0.0,0.0,0.0,0.0,0.0,2730.1091612546634,0.0,0.0,0.0,0.0,0.0,0.0,0.0
15501,18.119,868.73736,868.73887,1.738151764813941,C55H94O6,CCCCCCCCCC=CCCCCC(=O)OC(COC(=O)CCCCCC=CCC=CCC=CCC=CCC=CCC)COC(=O)CCCCCCCCCCCCC,[M+NH4]+,TG 14:0_16:1_22:5,"TG 14:0_16:1(6)_22:5(7,10,13,16,19)",0.7720000000000002,0.7253374999999664,0.10922416308610627,0.44061208154305326,Some,Some,0.0,0.0,0.0,0.0,0.0,0.0,0.0,0.0,0.0,0.0,223.2241720786697,0.0,0.0,0.0,0.0,0.0,0.0,0.0
15501,18.119,868.73736,868.73887,1.738151764813941,C55H94O6,CCCCCCC=CCCCCCCCC(=O)OC(COC(=O)CCCCCC=CCC=CCC=CCC=CCC=CCC)COC(=O)CCCCCCCCCCCCC,[M+NH4]+,TG 14:0_16:1_22:5,"TG 14:0_16:1(9)_22:5(7,10,13,16,19)",0.7677777777777774,0.755637777777742,0.0970881449654278,0.4324329613716026,Some,Some,0.0,0.0,0.0,0.0,0.0,0.0,0.0,0.0,0.0,0.0,2730.1091612546634,0.0,0.0,0.0,0.0,0.0,0.0,0.0
15501,18.119,868.73736,868.73887,1.738151764813941,C55H94O6,CCCCCCCCC=CCCCCCC(=O)OC(COC(=O)CCC=CCC=CCC=CCC=CCC=CCCCCC)COC(=O)CCCCCCCCCCCCC,[M+NH4]+,TG 14:0_16:1_22:5,"TG 14:0_16:1(7)_22:5(4,7,10,13,16)",0.6915384615384605,0.5702376923076582,0.07140376384277149,0.381471112690616,Some,Some,0.0,0.0,0.0,0.0,0.0,0.0,0.0,0.0,0.0,0.0,223.2241720786697,0.0,0.0,0.0,0.0,0.0,0.0,0.0
15501,18.119,868.73736,868.73887,1.738151764813941,C55H94O6,CCCCCCC=CCCCCCCCC(=O)OC(COC(=O)CCC=CCC=CCC=CCC=CCC=CCCCCC)COC(=O)CCCCCCCCCCCCC,[M+NH4]+,TG 14:0_16:1_22:5,"TG 14:0_16:1(9)_22:5(4,7,10,13,16)",0.6907999999999992,0.6571106666666234,0.06446778710696278,0.377633893553481,Some,Some,0.0,0.0,0.0,0.0,0.0,0.0,0.0,0.0,0.0,0.0,2730.1091612546634,0.0,0.0,0.0,0.0,0.0,0.0,0.0
15501,18.119,868.73736,868.73887,1.738151764813941,C55H94O6,CCCCCCCCCC=CCCCCC(=O)OC(COC(=O)CCC=CCC=CCC=CCC=CCC=CCCCCC)COC(=O)CCCCCCCCCCCCC,[M+NH4]+,TG 14:0_16:1_22:5,"TG 14:0_16:1(6)_22:5(4,7,10,13,16)",0.689066666666666,0.6503599999999551,0.06446778710696278,0.3767672268868144,Some,Some,0.0,0.0,0.0,0.0,0.0,0.0,0.0,0.0,0.0,0.0,223.2241720786697,0.0,0.0,0.0,0.0,0.0,0.0,0.0
15544,18.205,792.70629,792.70757,1.614719031969417,C49H90O6,CCCCCCCCC=CCCCCCC(=O)OC(COC(=O)CCCCCC=CCCCCCCCC)COC(=O)CCCCCCCCCCCCC,[M+NH4]+,TG 14:0_16:1_16:1,TG 14:0_16:1(7)_16:1(7),0.7780000000000058,0.28718000000003485,0.0,0.3890000000000029,Some,None,0.0,0.0,0.0,0.0,0.0,0.0,0.0,0.0,0.0,700.5061707330946,0.0,0.0,0.0,0.0,0.0,380.08510638297867,0.0,0.0
15544,18.205,792.70629,792.70757,1.614719031969417,C49H90O6,CCCCCCCCC=CCCCCCC(=O)OC(COC(=O)CCCCCCCC=CCCCCCC)COC(=O)CCCCCCCCCCCCC,[M+NH4]+,TG 14:0_16:1_16:1,TG 14:0_16:1(7)_16:1(9),0.7760000000000034,0.20414333333337709,0.0,0.3880000000000017,Some,None,0.0,0.0,0.0,0.0,0.0,0.0,0.0,0.0,0.0,700.5061707330946,0.0,0.0,0.0,0.0,0.0,520.3546099290779,0.0,0.0
15544,18.205,792.70629,792.70757,1.614719031969417,C49H90O6,CCCCCCC=CCCCCCCCC(=O)OC(COC(=O)CCCCCCCC=CCCCCCC)COC(=O)CCCCCCCCCCCCC,[M+NH4]+,TG 14:0_16:1_16:1,TG 14:0_16:1(9)_16:1(9),0.7750000000000021,0.1626250000000482,0.0,0.38750000000000107,All,None,0.0,0.0,0.0,0.0,0.0,0.0,0.0,0.0,0.0,3633.333333333333,0.0,0.0,0.0,0.0,0.0,923.063829787234,0.0,0.0
15544,18.205,792.70629,792.70757,1.614719031969417,C49H90O6,CCCCCCCCCC=CCCCCC(=O)OC(COC(=O)CCCCCCCC=CCCCCCC)COC(=O)CCCCCCCCCCCCC,[M+NH4]+,TG 14:0_16:1_16:1,TG 14:0_16:1(6)_16:1(9),0.7405000000000008,0.36389000000002625,0.0,0.3702500000000004,All,None,0.0,0.0,0.0,0.0,0.0,0.0,0.0,0.0,0.0,0.0,0.0,0.0,0.0,0.0,0.0,140.26950354609926,0.0,0.0
15544,18.205,792.70629,792.70757,1.614719031969417,C49H90O6,CCCCCCCCCC=CCCCCC(=O)OC(COC(=O)CCCCCC=CCCCCCCCC)COC(=O)CCCCCCCCCCCCC,[M+NH4]+,TG 14:0_16:1_16:1,TG 14:0_16:1(6)_16:1(7),0.7300000000000016,0.47249666666668116,0.0,0.3650000000000008,Some,None,0.0,0.0,0.0,0.0,0.0,0.0,0.0,0.0,0.0,2932.827162600239,0.0,0.0,0.0,0.0,0.0,683.2482269503545,0.0,0.0
15544,18.205,792.70629,792.70757,1.614719031969417,C49H90O6,CCCCCCCCCC=CCCCCC(=O)OC(COC(=O)CCCCC=CCCCCCCCCC)COC(=O)CCCCCCCCCCCCC,[M+NH4]+,TG 14:0_16:1_16:1,TG 14:0_16:1(6)_16:1(6),0.7059999999999995,0.5651550000000043,0.0,0.35299999999999976,All,None,0.0,0.0,0.0,0.0,0.0,0.0,0.0,0.0,0.0,2932.827162600239,0.0,0.0,0.0,0.0,0.0,542.9787234042552,0.0,0.0
15660,18.33,766.69104,766.69192,1.1477882797281385,C47H88O6,CCCCCCCCCCCCCCCC(=O)OC(COC(=O)CCCCCC=CCCCCCCCC)COC(=O)CCCCCCCCCCC,[M+NH4]+,TG 12:0_16:0_16:1,TG 12:0_16:0_16:1(7),0.9959999999999951,0.902339999999981,0.0,0.49799999999999756,Some,None,0.0,0.0,,,0.0,0.0,0.0,0.0,0.0,0.0,0.0,0.0,0.0,0.0,247918.88111888108,0.0,0.0,0.0
15660,18.33,766.69104,766.69192,1.1477882797281385,C47H88O6,CCCCCCCCCCCCCCCC(=O)OC(COC(=O)CCCCCCCC=CCCCCCC)COC(=O)CCCCCCCCCCC,[M+NH4]+,TG 12:0_16:0_16:1,TG 12:0_16:0_16:1(9),0.7710000000000008,0.8996799999999894,0.0022604906492288994,0.3866302453246149,All,Some,0.0,0.0,,,0.0,0.0,0.0,0.0,0.0,102565.96127870328,0.0,0.0,0.0,0.0,0.0,0.0,0.0,0.0
15660,18.33,766.69104,766.69192,1.1477882797281385,C47H88O6,CCCCCCCCCCCCCCCC(=O)OC(COC(=O)CCCCC=CCCCCCCCCC)COC(=O)CCCCCCCCCCC,[M+NH4]+,TG 12:0_16:0_16:1,TG 12:0_16:0_16:1(6),0.27599999999999625,0.8896200000000363,0.0,0.13799999999999812,Some,None,325000.0,251000.0,,,354000.0,483000.0,642000.0,316000.0,607000.0,546434.0387212967,475000.0,587000.0,467000.0,521000.0,426081.11888111883,486000.0,408000.0,497000.0
15688,18.374,918.7543,918.75452,0.23945460427556597,C59H96O6,CCCCCC=CCC=CCC=CCC=CCCCC(=O)OC(COC(=O)CCCC=CCC=CCC=CCC=CCC=CCC)COC(=O)CCCCCCCCCCCCCCC,[M+NH4]+,TG 16:0_20:4_20:5,"TG 16:0_20:4(5,8,11,14)_20:5(5,8,11,14,17)",0.8022857142857163,0.5630271428571275,0.16083342002842185,0.4815595671570691,Some,Some,,0.0,0.0,0.0,0.0,0.0,0.0,,0.0,0.0,6178.606001936108,0.0,0.0,0.0,24139.39347408829,0.0,0.0,0.0
15688,18.374,918.7543,918.75452,0.23945460427556597,C59H96O6,CCC=CCC=CCC=CCC=CCCCCCCC(=O)OC(COC(=O)CCCC=CCC=CCC=CCC=CCC=CCC)COC(=O)CCCCCCCCCCCCCCC,[M+NH4]+,TG 16:0_20:4_20:5,"TG 16:0_20:4(8,11,14,17)_20:5(5,8,11,14,17)",0.7234285714285734,0.5665942857142942,0.19023537187228629,0.45683197165042994,Some,Some,,0.0,0.0,0.0,0.0,0.0,0.0,,0.0,0.0,4921.3939980638925,0.0,0.0,0.0,23760.60652591171,0.0,0.0,0.0
15696,18.381,794.71324,794.72322,12.557831140164389,C49H92O6,CCCCCCCCCCCCCC(=O)OC(COC(=O)CCCCCCCC=CCCCCCCCC)COC(=O)CCCCCCCCCCCCC,[M+NH4]+,TG 14:0_14:0_18:1,TG 14:0_14:0_18:1(9),0.8160000000000025,0.8420350000000099,0.0,0.40800000000000125,All,Some,,0.0,112000.0,,84300.0,27559.931506849316,29488.054607508533,45663.41463414634,0.0,0.0,0.0,0.0,33278.10843864656,0.0,16619.986403806935,71900.0,0.0,0.0
15696,18.381,794.71324,794.72322,12.557831140164389,C49H92O6,CCCCCCCCCCCCCC(=O)OC(COC(=O)CCCCCCCCCC=CCCCCCC)COC(=O)CCCCCCCCCCCCC,[M+NH4]+,TG 14:0_14:0_18:1,TG 14:0_14:0_18:1(11),0.6950000000000003,0.4706199999999967,0.0,0.34750000000000014,All,None,,0.0,0.0,,0.0,0.0,0.0,0.0,0.0,0.0,0.0,0.0,0.0,0.0,57212.780421481984,0.0,0.0,0.0
15696,18.381,794.71324,794.72322,12.557831140164389,C49H92O6,CCCCCCCCCCCCCC(=O)OC(COC(=O)CCCCC=CCCCCCCCCCCC)COC(=O)CCCCCCCCCCCCC,[M+NH4]+,TG 14:0_14:0_18:1,TG 14:0_14:0_18:1(6),0.3780000000000001,0.8578200000001743,0.0,0.18900000000000006,Some,None,,49300.0,0.0,,0.0,44940.068493150684,78511.94539249147,39436.58536585366,98800.0,103000.0,0.0,0.0,57121.89156135344,0.0,54167.23317471108,0.0,0.0,0.0
15698,18.382,792.70675,792.70757,1.0344293797724955,C49H90O6,CCCCCCC=CCCCCCCCC(=O)OC(COC(=O)CCCCCCCC=CCCCCCC)COC(=O)CCCCCCCCCCCCC,[M+NH4]+,TG 14:0_16:1_16:1,TG 14:0_16:1(9)_16:1(9),0.9399999999999977,0.5059349999999654,0.11666190231999457,0.5283309511599962,All,Some,0.0,0.0,0.0,0.0,0.0,0.0,0.0,0.0,0.0,60337.79381546635,0.0,0.0,0.0,61919.93464052287,109136.57536798957,0.0,0.0,55819.49250288351
15698,18.382,792.70675,792.70757,1.0344293797724955,C49H90O6,CCCCCCCCC=CCCCCCC(=O)OC(COC(=O)CCCCCCCC=CCCCCCC)COC(=O)CCCCCCCCCCCCC,[M+NH4]+,TG 14:0_16:1_16:1,TG 14:0_16:1(7)_16:1(9),0.9213333333333319,0.638183333333321,0.07777460154666305,0.4995539674399975,Some,Some,0.0,0.0,0.0,0.0,0.0,62169.84126984127,0.0,0.0,89706.66666666667,110551.79672229743,51977.011494252874,0.0,54134.39635535307,61919.93464052287,139801.7514440097,0.0,56474.9002310439,96113.03344867357
15698,18.382,792.70675,792.70757,1.0344293797724955,C49H90O6,CCCCCCCCC=CCCCCCC(=O)OC(COC(=O)CCCCCC=CCCCCCCCC)COC(=O)CCCCCCCCCCCCC,[M+NH4]+,TG 14:0_16:1_16:1,TG 14:0_16:1(7)_16:1(7),0.8840000000000003,0.9026800000000321,0.0,0.44200000000000017,Some,None,245333.3333333333,190333.33333333334,238000.0,180000.0,258333.33333333337,184163.49206349207,279000.00000000006,242666.6666666667,190626.6666666667,219119.33042650227,163356.32183908048,242666.6666666667,172198.93697798025,238333.3333333333,250668.15725731323,228666.66666666666,123858.43310228945,173373.1257208766
15698,18.382,792.70675,792.70757,1.0344293797724955,C49H90O6,CCCCCCCCCC=CCCCCC(=O)OC(COC(=O)CCCCCCCC=CCCCCCC)COC(=O)CCCCCCCCCCCCC,[M+NH4]+,TG 14:0_16:1_16:1,TG 14:0_16:1(6)_16:1(9),0.7850000000000001,0.6773049999999898,0.058330951159997285,0.4216654755799987,All,Some,0.0,0.0,0.0,0.0,0.0,62169.84126984127,0.0,0.0,89706.66666666667,50214.00290683106,51977.011494252874,0.0,54134.39635535307,0.0,30665.17607602012,0.0,56474.9002310439,40293.540945790075
15698,18.382,792.70675,792.70757,1.0344293797724955,C49H90O6,CCCCCCCCCC=CCCCCC(=O)OC(COC(=O)CCCCCC=CCCCCCCCC)COC(=O)CCCCCCCCCCCCC,[M+NH4]+,TG 14:0_16:1_16:1,TG 14:0_16:1(6)_16:1(7),0.7146666666666684,0.8666766666666869,0.0,0.3573333333333342,Some,None,245333.3333333333,190333.33333333334,238000.0,180000.0,258333.33333333337,246333.33333333337,279000.00000000006,242666.6666666667,280333.3333333334,208995.539517867,215333.33333333334,242666.6666666667,226333.3333333333,176413.39869281044,172196.75796534377,228666.66666666666,180333.33333333334,157847.17416378314
15698,18.382,792.70675,792.70757,1.0344293797724955,C49H90O6,CCCCCCCCCC=CCCCCC(=O)OC(COC(=O)CCCCC=CCCCCCCCCC)COC(=O)CCCCCCCCCCCCC,[M+NH4]+,TG 14:0_16:1_16:1,TG 14:0_16:1(6)_16:1(6),0.6300000000000026,0.8486750000000143,0.0,0.3150000000000013,All,None,245333.3333333333,190333.33333333334,238000.0,180000.0,258333.33333333337,184163.49206349207,279000.00000000006,242666.6666666667,190626.6666666667,158781.53661103593,163356.32183908048,242666.6666666667,172198.93697798025,176413.39869281044,141531.58188932366,228666.66666666666,123858.43310228945,117553.63321799309
15707,18.386,944.76925,944.77017,0.9737818034104104,C61H98O6,CCC=CCC=CCC=CCC=CCCCCCCC(=O)OC(COC(=O)CCC=CCC=CCC=CCC=CCC=CCC=CCC)COC(=O)CCCCCCCCCCCCCCC,[M+NH4]+,TG 16:0_20:4_22:6,"TG 16:0_20:4(8,11,14,17)_22:6(4,7,10,13,16,19)",0.8445714285714304,0.5814514285714429,0.1711643704085675,0.5078678994899989,Some,Some,0.0,0.0,0.0,0.0,0.0,0.0,0.0,0.0,0.0,3784.8385498389625,0.0,0.0,0.0,0.0,56671.848013816925,0.0,0.0,0.0
15707,18.386,944.76925,944.77017,0.9737818034104104,C61H98O6,CCCCCC=CCC=CCC=CCC=CCCCC(=O)OC(COC(=O)CCC=CCC=CCC=CCC=CCC=CCC=CCC)COC(=O)CCCCCCCCCCCCCCC,[M+NH4]+,TG 16:0_20:4_22:6,"TG 16:0_20:4(5,8,11,14)_22:6(4,7,10,13,16,19)",0.8355555555555575,0.5109477777777758,0.13835411800565633,0.48695483678060686,Some,Some,0.0,0.0,0.0,0.0,0.0,0.0,0.0,0.0,0.0,5805.1614501610375,45600.0,0.0,0.0,0.0,100328.15198618307,0.0,0.0,0.0
15757,18.449,818.72238,818.72322,1.0259877567971836,C51H92O6,CCCCCCCCCCCCCCCC(=O)OC(COC(=O)CCCCC=CCC=CCC=CCCCCC)COC(=O)CCCCCCCCCCCCC,[M+NH4]+,TG 14:0_16:0_18:3,"TG 14:0_16:0_18:3(6,9,12)",0.7004999999999999,0.30242999999995845,0.05527703762690665,0.3778885188134533,Some,Some,135348.24605998982,99465.282284231,115857.8431372549,87308.97009966779,93275.14792899408,51837.08248125426,47156.08919382504,132882.62692128553,42362.21632773357,114957.97432309692,75383.91699092087,43476.77261613692,82348.72515559124,92907.43550834598,181192.14220522405,54989.053444945275,18675.14843087362,45877.210543877205
15757,18.449,818.72238,818.72322,1.0259877567971836,C51H92O6,CCCCCCCCCCCCCCCC(=O)OC(COC(=O)CCCCCCCC=CCC=CCC=CCC)COC(=O)CCCCCCCCCCCCC,[M+NH4]+,TG 14:0_16:0_18:3,"TG 14:0_16:0_18:3(9,12,15)",0.6736000000000019,0.4070899999999483,0.0,0.33680000000000093,All,None,654651.7539400102,536534.717715769,699142.1568627452,496691.0299003322,584724.852071006,283162.9175187457,426843.9108061749,636117.3730787145,402637.78367226647,624042.0256769031,285616.08300907916,479523.2273838631,379651.27484440873,413092.56449165405,656807.857794776,461010.94655505475,183324.8515691264,276122.7894561228
15766,18.465,868.73852,868.73887,0.40288285940955954,C55H94O6,CCCCCCCCC=CCCCCCC(=O)OC(COC(=O)CCCCCC=CCC=CCC=CCC=CCC=CCC)COC(=O)CCCCCCCCCCCCC,[M+NH4]+,TG 14:0_16:1_22:5,"TG 14:0_16:1(7)_22:5(7,10,13,16,19)",0.7366666666666669,0.5794655555555815,0.021643797306035297,0.37915523198635115,Some,Some,0.0,10112.007118695408,0.0,0.0,7803.329447263751,15449.631629881687,17400.44773684773,9332.732720969858,24164.473684210523,26551.567476613054,57666.12641815236,16687.507462092573,17225.91164015972,15677.84942013332,108817.0166528099,25257.550455478868,12739.43523741891,16889.78314330427
15766,18.465,868.73852,868.73887,0.40288285940955954,C55H94O6,CCCCCCC=CCCCCCCCC(=O)OC(COC(=O)CCCCCC=CCC=CCC=CCC=CCC=CCC)COC(=O)CCCCCCCCCCCCC,[M+NH4]+,TG 14:0_16:1_22:5,"TG 14:0_16:1(9)_22:5(7,10,13,16,19)",0.7382000000000012,0.6813460000000191,0.019479417575431767,0.3788397087877165,Some,Some,0.0,402.11162720250417,0.0,0.0,734.0842591322638,907.2628227140765,850.7309472784235,930.1102645958599,1792.7631578947364,3079.966346827988,3354.943273905997,1444.4094002467466,1547.297348299002,1763.9773508329783,33141.96047118479,1350.994635571678,838.6125894659571,1165.124077800134
15766,18.465,868.73852,868.73887,0.40288285940955954,C55H94O6,CCCCCCCCCC=CCCCCC(=O)OC(COC(=O)CCCCCC=CCC=CCC=CCC=CCC=CCC)COC(=O)CCCCCCCCCCCCC,[M+NH4]+,TG 14:0_16:1_22:5,"TG 14:0_16:1(6)_22:5(7,10,13,16,19)",0.7230000000000004,0.5326520000000301,0.019479417575431767,0.37123970878771606,Some,Some,0.0,10991.451254606956,0.0,0.0,7299.249074201071,17221.833733961856,19002.221809734336,8417.321138290996,26368.421052631573,32534.76492858717,64609.40032414911,16309.56739762009,16729.179278538057,17753.804863679507,131411.6610828031,24248.673366925093,11679.909357121767,16582.696177062375
15766,18.465,868.73852,868.73887,0.40288285940955954,C55H94O6,CCCCCCCCC=CCCCCCC(=O)OC(COC(=O)CCC=CCC=CCC=CCC=CCC=CCCCCC)COC(=O)CCCCCCCCCCCCC,[M+NH4]+,TG 14:0_16:1_22:5,"TG 14:0_16:1(7)_22:5(4,7,10,13,16)",0.5401249999999997,0.4282731249999898,0.01433041204825292,0.27722770602412633,Some,Some,0.0,518.1438380370575,0.0,0.0,482.04407260092364,1165.0516654699843,1013.8005321093689,701.2573689261444,1825.6578947368412,4802.1674245307595,3413.290113452188,1039.8197158435148,816.5736973603764,2012.50722787724,38790.62157868309,974.598120188524,519.9581893765908,864.8110887547509
15766,18.465,868.73852,868.73887,0.40288285940955954,C55H94O6,CCCCCCC=CCCCCCCCC(=O)OC(COC(=O)CCC=CCC=CCC=CCC=CCC=CCCCCC)COC(=O)CCCCCCCCCCCCC,[M+NH4]+,TG 14:0_16:1_22:5,"TG 14:0_16:1(9)_22:5(4,7,10,13,16)",0.5266250000000001,0.561902499999988,0.01433041204825292,0.2704777060241265,Some,Some,0.0,9553.452062402179,0.0,0.0,7299.249074201071,14249.182093466114,16188.19459678372,8417.321138290996,22092.105263157893,26551.567476613054,50956.23987034036,13005.014526206869,15764.464338282472,14977.872331140425,112070.19204649287,22051.45870837593,12102.12643724018,14622.758774871452
15766,18.465,868.73852,868.73887,0.40288285940955954,C55H94O6,CCCCCCCCCC=CCCCCC(=O)OC(COC(=O)CCC=CCC=CCC=CCC=CCC=CCCCCC)COC(=O)CCCCCCCCCCCCC,[M+NH4]+,TG 14:0_16:1_22:5,"TG 14:0_16:1(6)_22:5(4,7,10,13,16)",0.522117647058823,0.44722588235293537,0.013487446633649806,0.2678025468462364,Some,Some,0.0,122.83409905588931,0.0,0.0,482.04407260092364,307.0380545062905,244.60437724641827,701.2573689261444,756.5789473684208,3079.966346827988,0.0,213.68149799020975,816.5736973603764,1413.9888063365297,34768.54816802628,416.7247134599206,519.9581893765908,374.82673820701996
15787,18.496,894.75407,894.75452,0.502931239733472,C57H96O6,CCCCCCC=CCCCCCCCC(=O)OC(COC(=O)CCC=CCC=CCC=CCC=CCC=CCC=CCCCC)COC(=O)CCCCCCCCCCCCC,[M+NH4]+,TG 14:0_16:1_24:6,"TG 14:0_16:1(9)_24:6(4,7,10,13,16,19)",0.5376666666666677,0.6299858333333077,0.061481291950961525,0.29957397930881463,Some,Some,10033.333333333332,11200.0,13800.0,10800.0,12733.333333333332,21766.666666666668,28533.333333333332,14200.0,30733.333333333332,45870.546067889525,43666.666666666664,17533.333333333332,15243.550446998723,25512.17712177122,108811.45157682845,22800.0,19733.333333333336,21188.45925044616
15787,18.496,894.75407,894.75452,0.502931239733472,C57H96O6,CCCCCCCCCC=CCCCCC(=O)OC(COC(=O)CCC=CCC=CCC=CCC=CCC=CCC=CCCCC)COC(=O)CCCCCCCCCCCCC,[M+NH4]+,TG 14:0_16:1_24:6,"TG 14:0_16:1(6)_24:6(4,7,10,13,16,19)",0.5435000000000011,0.5704616666666501,0.0008546053421257484,0.2721773026710634,Some,Some,10033.333333333332,11200.0,13800.0,10800.0,12733.333333333332,21766.666666666668,28533.333333333332,14200.0,30733.333333333332,20820.99936748893,43666.666666666664,17533.333333333332,6828.224776500638,12447.9704797048,108811.45157682845,22800.0,19733.333333333336,16105.77037477692
15787,18.496,894.75407,894.75452,0.502931239733472,C57H96O6,CCCCCCCCC=CCCCCCC(=O)OC(COC(=O)CCC=CCC=CCC=CCC=CCC=CCC=CCCCC)COC(=O)CCCCCCCCCCCCC,[M+NH4]+,TG 14:0_16:1_24:6,"TG 14:0_16:1(7)_24:6(4,7,10,13,16,19)",0.5403636363636379,0.6060090909090625,0.0009322967368644529,0.2706479665502512,Some,Some,10033.333333333332,11200.0,13800.0,10800.0,12733.333333333332,21766.666666666668,28533.333333333332,14200.0,30733.333333333332,42308.45456462155,43666.666666666664,17533.333333333332,6828.224776500638,28839.852398523984,150377.0968463431,22800.0,19733.333333333336,16105.77037477692
15797,18.521,970.786,970.78582,0.18541679976360909,C63H100O6,CCC=CCC=CCC=CCC=CCCCCCCC(=O)OC(COC(=O)CCC=CCC=CCC=CCC=CCC=CCC=CCC)COC(=O)CCCCC=CCCCCCCCCCCC,[M+NH4]+,TG 18:1_20:4_22:6,"TG 18:1(6)_20:4(8,11,14,17)_22:6(4,7,10,13,16,19)",0.8184999999999985,0.5169275000000084,0.07812841633229554,0.448314208166147,Some,Some,0.0,0.0,0.0,0.0,0.0,0.0,0.0,0.0,0.0,0.0,0.0,0.0,0.0,0.0,22377.016416845116,0.0,0.0,0.0
15797,18.521,970.786,970.78582,0.18541679976360909,C63H100O6,CCC=CCC=CCC=CCC=CCCCCCCC(=O)OC(COC(=O)CCC=CCC=CCC=CCC=CCC=CCC=CCC)COC(=O)CCCCCCCC=CCCCCCCCC,[M+NH4]+,TG 18:1_20:4_22:6,"TG 18:1(9)_20:4(8,11,14,17)_22:6(4,7,10,13,16,19)",0.8184999999999985,0.5169275000000084,0.07812841633229554,0.448314208166147,Some,Some,0.0,0.0,0.0,0.0,0.0,0.0,0.0,0.0,0.0,0.0,0.0,0.0,0.0,0.0,0.0,0.0,0.0,0.0
15797,18.521,970.786,970.78582,0.18541679976360909,C63H100O6,CCCCCC=CCC=CCC=CCC=CCCCC(=O)OC(COC(=O)CCC=CCC=CCC=CCC=CCC=CCC=CCC)COC(=O)CCCCCCCC=CCCCCCCCC,[M+NH4]+,TG 18:1_20:4_22:6,"TG 18:1(9)_20:4(5,8,11,14)_22:6(4,7,10,13,16,19)",0.7894285714285729,0.5777528571428547,0.05827075738188594,0.4238496644052295,Some,Some,0.0,0.0,0.0,0.0,0.0,0.0,0.0,0.0,0.0,0.0,0.0,0.0,0.0,0.0,11661.491791577444,0.0,0.0,0.0
15797,18.521,970.786,970.78582,0.18541679976360909,C63H100O6,CCC=CCC=CCC=CCC=CCCCCCCC(=O)OC(COC(=O)CCC=CCC=CCC=CCC=CCC=CCC=CCC)COC(=O)CCCCCCCCCC=CCCCCCC,[M+NH4]+,TG 18:1_20:4_22:6,"TG 18:1(11)_20:4(8,11,14,17)_22:6(4,7,10,13,16,19)",0.7308571428571418,0.4929199999999615,0.04464480933274031,0.387750976094941,Some,Some,0.0,0.0,0.0,0.0,0.0,0.0,0.0,0.0,0.0,0.0,0.0,0.0,0.0,0.0,0.0,0.0,0.0,0.0
15797,18.521,970.786,970.78582,0.18541679976360909,C63H100O6,CCCCCC=CCC=CCC=CCC=CCCCC(=O)OC(COC(=O)CCC=CCC=CCC=CCC=CCC=CCC=CCC)COC(=O)CCCCC=CCCCCCCCCCCC,[M+NH4]+,TG 18:1_20:4_22:6,"TG 18:1(6)_20:4(5,8,11,14)_22:6(4,7,10,13,16,19)",0.7142222222222228,0.4632366666666662,0.034723740592131354,0.374472981407177,Some,Some,0.0,0.0,0.0,0.0,0.0,0.0,0.0,0.0,0.0,0.0,0.0,0.0,0.0,0.0,11661.491791577444,0.0,0.0,0.0
15797,18.521,970.786,970.78582,0.18541679976360909,C63H100O6,CCCCCC=CCC=CCC=CCC=CCCCC(=O)OC(COC(=O)CCC=CCC=CCC=CCC=CCC=CCC=CCC)COC(=O)CCCCCCCCCC=CCCCCCC,[M+NH4]+,TG 18:1_20:4_22:6,"TG 18:1(11)_20:4(5,8,11,14)_22:6(4,7,10,13,16,19)",0.6640000000000008,0.5218963636363427,0.03708139106120015,0.3505406955306005,Some,Some,0.0,0.0,0.0,0.0,0.0,0.0,0.0,0.0,0.0,0.0,0.0,0.0,0.0,0.0,0.0,0.0,0.0,0.0
15819,18.541,920.76961,920.77017,0.6081865141917715,C59H98O6,CCCCCCC=CCCCCCCCCCC(=O)OC(COC(=O)CCC=CCC=CCC=CCC=CCC=CCC=CCC)COC(=O)CCCCCCCC=CCCCCCC,[M+NH4]+,TG 16:1_18:1_22:6,"TG 16:1(9)_18:1(11)_22:6(4,7,10,13,16,19)",0.7034545454545467,0.5343609090909095,0.07359040703489442,0.3885224762447205,Some,Some,0.0,0.0,0.0,0.0,0.0,1411.7154811715482,2710.4398808491865,0.0,2678.5714285714284,2319.9349064279904,0.0,282.3034235846946,2845.97656628256,1921.9129262184551,0.0,1483.4545454545457,2203.2244423300554,1238.8598684909286
15819,18.541,920.76961,920.77017,0.6081865141917715,C59H98O6,CCCCCCC=CCCCCCCCCCC(=O)OC(COC(=O)CCC=CCC=CCC=CCC=CCC=CCC=CCC)COC(=O)CCCCC=CCCCCCCCCC,[M+NH4]+,TG 16:1_18:1_22:6,"TG 16:1(6)_18:1(11)_22:6(4,7,10,13,16,19)",0.6968571428571444,0.505817142857146,0.06670232503782689,0.38177973394748566,All,Some,4466.666666666666,0.0,0.0,0.0,737.829716193656,6151.0460251046015,4267.438415105046,2309.96015936255,9642.857142857143,3044.5565500406833,0.0,2359.494294025509,3540.0406700881176,2225.8331727990753,0.0,4655.39393939394,3455.534411671423,1379.1130379367946
15819,18.541,920.76961,920.77017,0.6081865141917715,C59H98O6,CCCCCCCCC=CCCCCCCCC(=O)OC(COC(=O)CCC=CCC=CCC=CCC=CCC=CCC=CCC)COC(=O)CCCCC=CCCCCCCCCC,[M+NH4]+,TG 16:1_18:1_22:6,"TG 16:1(6)_18:1(9)_22:6(4,7,10,13,16,19)",0.6870000000000012,0.49366249999998973,0.07321812521750282,0.380109062608752,Some,Some,0.0,0.0,0.0,0.0,1351.6277128547579,1411.7154811715482,1527.962615644061,2817.5298804780878,2678.5714285714284,3388.250610252238,0.0,0.0,2159.233078338336,2973.6081679830468,0.0,1483.4545454545457,1460.2494978327513,1544.2080971738103
15819,18.541,920.76961,920.77017,0.6081865141917715,C59H98O6,CCCCCCCCCCCC=CCCCCC(=O)OC(COC(=O)CCC=CCC=CCC=CCC=CCC=CCC=CCC)COC(=O)CCCCC=CCCCCCCCCC,[M+NH4]+,TG 16:1_18:1_22:6,"TG 16:1(6)_18:1(6)_22:6(4,7,10,13,16,19)",0.7023333333333343,0.49846583333332245,0.055998225044630846,0.3791657791889826,Some,Some,0.0,0.0,0.0,0.0,1351.6277128547579,1411.7154811715482,2710.4398808491865,2817.5298804780878,2678.5714285714284,3709.0317331163546,0.0,282.3034235846946,2845.97656628256,3448.0735889038715,0.0,1483.4545454545457,2203.2244423300554,1924.59953460079
15819,18.541,920.76961,920.77017,0.6081865141917715,C59H98O6,CCCCCCCCC=CCCCCCCCC(=O)OC(COC(=O)CCC=CCC=CCC=CCC=CCC=CCC=CCC)COC(=O)CCCCCC=CCCCCCCCC,[M+NH4]+,TG 16:1_18:1_22:6,"TG 16:1(7)_18:1(9)_22:6(4,7,10,13,16,19)",0.6545000000000005,0.4858899999999977,0.094284928683037,0.37439246434151874,Some,Some,4466.666666666666,0.0,0.0,0.0,737.829716193656,6151.0460251046015,4267.438415105046,2309.96015936255,9642.857142857143,2844.0683482506106,0.0,2359.494294025509,3540.0406700881176,2225.8331727990753,0.0,4655.39393939394,3455.534411671423,1379.1130379367946
15819,18.541,920.76961,920.77017,0.6081865141917715,C59H98O6,CCCCCCCCCCCC=CCCCCC(=O)OC(COC(=O)CCC=CCC=CCC=CCC=CCC=CCC=CCC)COC(=O)CCCCCC=CCCCCCCCC,[M+NH4]+,TG 16:1_18:1_22:6,"TG 16:1(7)_18:1(6)_22:6(4,7,10,13,16,19)",0.6763636363636375,0.5236881818181639,0.061088972775960926,0.3687263045697992,Some,Some,0.0,0.0,0.0,0.0,1351.6277128547579,0.0,1527.962615644061,2817.5298804780878,2678.5714285714284,2917.1033360455654,0.0,0.0,1597.9858623027017,2641.26372567906,0.0,0.0,1460.2494978327513,1403.178618671971
15819,18.541,920.76961,920.77017,0.6081865141917715,C59H98O6,CCCCCCCCCCCC=CCCCCC(=O)OC(COC(=O)CCC=CCC=CCC=CCC=CCC=CCC=CCC)COC(=O)CCCCCCCC=CCCCCCC,[M+NH4]+,TG 16:1_18:1_22:6,"TG 16:1(9)_18:1(6)_22:6(4,7,10,13,16,19)",0.662615384615386,0.47172615384614314,0.060012921148056196,0.3613141528817211,Some,Some,0.0,0.0,0.0,0.0,0.0,0.0,2710.4398808491865,0.0,2678.5714285714284,1848.787632221318,0.0,282.3034235846946,2284.7293502469256,1589.5684839144674,0.0,0.0,2203.2244423300554,1097.8303899890893
15819,18.541,920.76961,920.77017,0.6081865141917715,C59H98O6,CCCCCCCCC=CCCCCCCCC(=O)OC(COC(=O)CCC=CCC=CCC=CCC=CCC=CCC=CCC)COC(=O)CCCCCCCC=CCCCCCC,[M+NH4]+,TG 16:1_18:1_22:6,"TG 16:1(9)_18:1(9)_22:6(4,7,10,13,16,19)",0.6371666666666679,0.5524383333333182,0.07700773365214326,0.3570872001594056,Some,Some,4466.666666666666,0.0,0.0,0.0,737.829716193656,7562.761506276151,4267.438415105046,2309.96015936255,9642.857142857143,3114.7274206672087,0.0,2641.7977176102036,4101.287886123752,2558.1776151030626,0.0,6138.848484848486,3455.534411671423,1649.527359100872
15819,18.541,920.76961,920.77017,0.6081865141917715,C59H98O6,CCCCCCC=CCCCCCCCCCC(=O)OC(COC(=O)CCC=CCC=CCC=CCC=CCC=CCC=CCC)COC(=O)CCCCCC=CCCCCCCCC,[M+NH4]+,TG 16:1_18:1_22:6,"TG 16:1(7)_18:1(11)_22:6(4,7,10,13,16,19)",0.6145000000000014,0.5006516666666698,0.08467777328819186,0.3495888866440966,Some,Some,0.0,0.0,0.0,0.0,1351.6277128547579,0.0,2710.4398808491865,2817.5298804780878,2678.5714285714284,3213.5394629780308,0.0,282.3034235846946,2284.7293502469256,3115.729146599884,0.0,0.0,2203.2244423300554,1783.5700560989503
15888,18.638,844.7379,844.73887,1.1482838478263653,C53H94O6,CCCCCCCCC=CCC=CCCCCC(=O)OC(COC(=O)CCCCCCCC=CCC=CCCCCC)COC(=O)CCCCCCCCCCCCC,[M+NH4]+,TG 14:0_18:2_18:2,"TG 14:0_18:2(6,9)_18:2(9,12)",0.7523333333333326,0.6333333333333258,0.027507886804748156,0.3899206100690404,Some,Some,,0.0,,0.0,0.0,78500.0,,0.0,,169500.0,142000.0,,78771.40527317204,97000.0,356658.3437369954,29006.443298969076,60500.0,102500.0
15888,18.638,844.7379,844.73887,1.1482838478263653,C53H94O6,CCCCCCCCC=CCC=CCCCCC(=O)OC(COC(=O)CCCCC=CCC=CCCCCCCCC)COC(=O)CCCCCCCCCCCCC,[M+NH4]+,TG 14:0_18:2_18:2,"TG 14:0_18:2(6,9)_18:2(6,9)",0.714000000000004,0.6800550000000101,0.037355539943797894,0.37567776997190094,All,Some,,169000.0,,136500.0,194000.0,78500.0,,177000.0,,169500.0,142000.0,,78771.40527317204,97000.0,253341.65626300455,91500.0,60500.0,102500.0
15888,18.638,844.7379,844.73887,1.1482838478263653,C53H94O6,CCCCCC=CCC=CCCCCCCCC(=O)OC(COC(=O)CCCCCCCC=CCC=CCCCCC)COC(=O)CCCCCCCCCCCCC,[M+NH4]+,TG 14:0_18:2_18:2,"TG 14:0_18:2(9,12)_18:2(9,12)",0.7384999999999984,0.7040474999999731,0.004199538625408104,0.37134976931270325,All,Some,,169000.0,,136500.0,194000.0,0.0,,177000.0,,0.0,0.0,,22457.189453655887,0.0,0.0,62493.55670103093,0.0,0.0
15901,18.647,944.7703,944.77017,0.1375996026767463,C61H98O6,CCCCCC=CCC=CCC=CCC=CCCCC(=O)OC(COC(=O)CCC=CCC=CCC=CCC=CCC=CCC=CCC)COC(=O)CCCCCCCCCCCCCCC,[M+NH4]+,TG 16:0_20:4_22:6,"TG 16:0_20:4(5,8,11,14)_22:6(4,7,10,13,16,19)",0.7969999999999979,0.5697799999999802,0.11145988115116548,0.4542299405755817,Some,Some,0.0,0.0,0.0,0.0,,0.0,0.0,,0.0,13566.41721234799,18700.0,0.0,0.0,0.0,61808.38105626761,0.0,0.0,0.0
15901,18.647,944.7703,944.77017,0.1375996026767463,C61H98O6,CCC=CCC=CCC=CCC=CCCCCCCC(=O)OC(COC(=O)CCC=CCC=CCC=CCC=CCC=CCC=CCC)COC(=O)CCCCCCCCCCCCCCC,[M+NH4]+,TG 16:0_20:4_22:6,"TG 16:0_20:4(8,11,14,17)_22:6(4,7,10,13,16,19)",0.6563333333333325,0.6741499999999784,0.14861317486822065,0.40247325410077656,Some,Some,0.0,0.0,0.0,0.0,,0.0,0.0,,0.0,8933.58278765201,18700.0,0.0,0.0,0.0,62191.618943732385,0.0,0.0,0.0
15904,18.652,970.78566,970.78582,0.16481493305814804,C63H100O6,CCCCCC=CCC=CCC=CCC=CCCCC(=O)OC(COC(=O)CCC=CCC=CCC=CCC=CCC=CCC=CCC)COC(=O)CCCCC=CCCCCCCCCCCC,[M+NH4]+,TG 18:1_20:4_22:6,"TG 18:1(6)_20:4(5,8,11,14)_22:6(4,7,10,13,16,19)",0.7822222222222245,0.4235655555555316,0.02411828662517117,0.4031702544236978,Some,Some,0.0,0.0,0.0,0.0,0.0,2701.619718309859,2624.578574060427,0.0,5771.543241843603,9310.638825513342,15507.498790517655,0.0,1685.1489028213164,3128.2321899736157,53117.32267382488,3446.1124773667007,2428.379446640316,3412.3605630301713
15904,18.652,970.78566,970.78582,0.16481493305814804,C63H100O6,CCCCCC=CCC=CCC=CCC=CCCCC(=O)OC(COC(=O)CCC=CCC=CCC=CCC=CCC=CCC=CCC)COC(=O)CCCCCCCC=CCCCCCCCC,[M+NH4]+,TG 18:1_20:4_22:6,"TG 18:1(9)_20:4(5,8,11,14)_22:6(4,7,10,13,16,19)",0.7160000000000011,0.5326414285714236,0.04463517371008,0.3803175868550405,Some,Some,0.0,0.0,0.0,0.0,0.0,7950.328638497653,6474.576271186439,0.0,14222.371828068357,10748.58644975697,28923.076923076926,0.0,11031.739811912224,6617.4142480211085,29772.41560411986,6803.90779126017,3904.4532279314885,6979.989435416214
15904,18.652,970.78566,970.78582,0.16481493305814804,C63H100O6,CCC=CCC=CCC=CCC=CCCCCCCC(=O)OC(COC(=O)CCC=CCC=CCC=CCC=CCC=CCC=CCC)COC(=O)CCCCC=CCCCCCCCCCCC,[M+NH4]+,TG 18:1_20:4_22:6,"TG 18:1(6)_20:4(8,11,14,17)_22:6(4,7,10,13,16,19)",0.715600000000002,0.28583999999996196,0.04341291592530811,0.37950645796265503,Some,Some,0.0,0.0,0.0,0.0,0.0,1779.7652582159621,2282.81595431098,0.0,4764.293112377006,7232.962999702411,18622.64150943396,0.0,1685.1489028213164,1905.0131926121373,43656.81440200742,2220.130800205389,1402.8194993412383,1168.9401236677747
15904,18.652,970.78566,970.78582,0.16481493305814804,C63H100O6,CCC=CCC=CCC=CCC=CCCCCCCC(=O)OC(COC(=O)CCC=CCC=CCC=CCC=CCC=CCC=CCC)COC(=O)CCCCCCCC=CCCCCCCCC,[M+NH4]+,TG 18:1_20:4_22:6,"TG 18:1(9)_20:4(8,11,14,17)_22:6(4,7,10,13,16,19)",0.715600000000002,0.28583999999996196,0.04341291592530811,0.37950645796265503,Some,Some,0.0,0.0,0.0,0.0,0.0,4198.967136150235,3413.2277081798084,0.0,7070.895908855515,10748.58644975697,11641.993226898887,0.0,4548.9811912225705,3524.2744063324535,26745.543138914014,3201.4971759046566,2212.2793148880105,2597.6447192617225
15904,18.652,970.78566,970.78582,0.16481493305814804,C63H100O6,CCCCCC=CCC=CCC=CCC=CCCCC(=O)OC(COC(=O)CCC=CCC=CCC=CCC=CCC=CCC=CCC)COC(=O)CCCCCCCCCC=CCCCCCC,[M+NH4]+,TG 18:1_20:4_22:6,"TG 18:1(11)_20:4(5,8,11,14)_22:6(4,7,10,13,16,19)",0.6827272727272745,0.5522099999999971,0.02840420145186909,0.3555657370895718,Some,Some,0.0,0.0,0.0,0.0,0.0,1870.3521126760563,891.573784082535,0.0,0.0,9310.638825513342,7662.796323173681,0.0,0.0,2200.7915567282325,29962.361042219825,2626.8545793584303,1739.7891963109353,2243.4204393623963
15904,18.652,970.78566,970.78582,0.16481493305814804,C63H100O6,CCC=CCC=CCC=CCC=CCCCCCCC(=O)OC(COC(=O)CCC=CCC=CCC=CCC=CCC=CCC=CCC)COC(=O)CCCCCCCCCC=CCCCCCC,[M+NH4]+,TG 18:1_20:4_22:6,"TG 18:1(11)_20:4(8,11,14,17)_22:6(4,7,10,13,16,19)",0.6148888888888911,0.46201888888886816,0.02938362932452608,0.3221362591067086,Some,Some,0.0,0.0,0.0,0.0,0.0,4198.967136150235,3413.2277081798084,0.0,7070.895908855515,10748.58644975697,11641.993226898887,0.0,4548.9811912225705,3524.2744063324535,26745.543138914014,3201.4971759046566,2212.2793148880105,2597.6447192617225
15950,18.695,868.73831,868.73887,0.6446125750814682,C55H94O6,CCCCCCCCC=CCCCCCC(=O)OC(COC(=O)CCCC=CCC=CCC=CCC=CCC=CCC)COC(=O)CCCCCCCCCCCCCCC,[M+NH4]+,TG 16:0_16:1_20:5,"TG 16:0_16:1(7)_20:5(5,8,11,14,17)",0.803333333333333,0.6560744444444582,0.12195888750950849,0.4626461104214208,Some,Some,0.0,9177.727419876983,7249.443207126948,4589.0581119032195,8449.223416965351,58923.29817833174,59797.9797979798,0.0,80543.85191714413,78772.03588143525,122215.66523605151,58182.96169239566,64095.90017825311,50432.42410232702,166271.8714874485,53684.53562761967,59948.59492803289,49528.48101265822
15950,18.695,868.73831,868.73887,0.6446125750814682,C55H94O6,CCCCCCC=CCCCCCCCC(=O)OC(COC(=O)CCCC=CCC=CCC=CCC=CCC=CCC)COC(=O)CCCCCCCCCCCCCCC,[M+NH4]+,TG 16:0_16:1_20:5,"TG 16:0_16:1(9)_20:5(5,8,11,14,17)",0.796,0.6177036363636613,0.0997845443259615,0.4478922721629808,All,Some,0.0,10124.05309161541,7850.11135857461,6321.883776193562,6175.3882915173235,78323.10642377756,66936.02693602694,0.0,81482.59144997798,96214.50858034322,122917.38197424894,72373.92795883362,42827.45098039216,60387.733086762215,175275.85237916827,68270.9022722259,22525.702535983553,52354.43037974683
15950,18.695,868.73831,868.73887,0.6446125750814682,C55H94O6,CCCCCCCCCC=CCCCCC(=O)OC(COC(=O)CCCC=CCC=CCC=CCC=CCC=CCC)COC(=O)CCCCCCCCCCCCCCC,[M+NH4]+,TG 16:0_16:1_20:5,"TG 16:0_16:1(6)_20:5(5,8,11,14,17)",0.7540000000000003,0.6325054545454701,0.0997845443259615,0.426892272162981,All,Some,0.0,5898.219488507608,3500.4454342984404,4589.0581119032195,6175.3882915173235,13753.595397890702,33265.99326599327,0.0,50973.55663287792,93013.45553822153,81866.95278969959,15443.110348770728,56076.64884135473,41179.84281091077,184452.2761333833,30044.562100154424,22525.702535983553,39117.08860759494
15968,18.711,870.75166,870.75452,3.2845077852038767,C55H96O6,CCCCCCC=CCCCCCCCC(=O)OC(COC(=O)CCCCCCCCCC=CCC=CCC=CCC)COC(=O)CCCCCCCC=CCCCCCC,[M+NH4]+,TG 16:1_16:1_20:3,"TG 16:1(9)_16:1(9)_20:3(11,14,17)",0.9425000000000008,0.8494974999999556,0.1103160674686603,0.5264080337343305,Some,Some,0.0,0.0,0.0,0.0,0.0,11473.617693522905,2077.4098291499686,0.0,8095.118343195265,10114.998776608762,4851.146521570151,0.0,7181.273437197974,0.0,28258.45739463938,7085.048835462059,6656.579511358766,15614.263142775066
15968,18.711,870.75166,870.75452,3.2845077852038767,C55H96O6,CCCCCCC=CCCCCCCCC(=O)OC(COC(=O)CCCCCCCCCC=CCC=CCC=CCC)COC(=O)CCCCC=CCCCCCCCCC,[M+NH4]+,TG 16:1_16:1_20:3,"TG 16:1(6)_16:1(9)_20:3(11,14,17)",0.9200000000000003,0.8462359999999535,0.08917308528762205,0.5045865426438112,All,Some,17421.650076569676,36090.436590436584,43500.0,13653.061224489797,0.0,7299.447077409162,9773.718624762709,0.0,4302.810650887574,3813.799853193051,19220.365332296926,0.0,1751.4632543395057,0.0,43157.67130707186,0.0,0.0,0.0
15968,18.711,870.75166,870.75452,3.2845077852038767,C55H96O6,CCCCCCC=CCCCCCCCC(=O)OC(COC(=O)CCCCCCCCCC=CCC=CCC=CCC)COC(=O)CCCCCC=CCCCCCCCC,[M+NH4]+,TG 16:1_16:1_20:3,"TG 16:1(7)_16:1(9)_20:3(11,14,17)",0.9200000000000003,0.8462359999999535,0.08917308528762205,0.5045865426438112,Some,Some,0.0,0.0,0.0,15765.30612244898,53991.12426035503,11473.617693522905,8052.436194895593,0.0,14099.605522682445,15904.086126743336,13673.273740121778,11785.714285714284,11429.736730196775,9825.325615050651,58595.874870083295,11173.553719008265,9659.022717531077,15614.263142775066
15968,18.711,870.75166,870.75452,3.2845077852038767,C55H96O6,CCCCCCC=CCCCCCCCC(=O)OC(COC(=O)CCCCCCC=CCC=CCC=CCCCCC)COC(=O)CCCCCCCC=CCCCCCC,[M+NH4]+,TG 16:1_16:1_20:3,"TG 16:1(9)_16:1(9)_20:3(8,11,14)",0.8790000000000013,0.7471550000000017,0.07354404497910687,0.4762720224895541,Some,Some,43435.04977029096,36090.436590436584,43500.0,29418.367346938772,25710.059171597633,7299.447077409162,15748.744990508332,107453.16455696202,10307.297830374751,9602.887203327626,28042.49255084855,11785.714285714284,5999.9265473383075,9825.325615050651,79731.96902492936,4088.5048835462067,3002.4432061723105,0.0
15968,18.711,870.75166,870.75452,3.2845077852038767,C55H96O6,CCCCCCCCCC=CCCCCC(=O)OC(COC(=O)CCCCCCCCCC=CCC=CCC=CCC)COC(=O)CCCCC=CCCCCCCCCC,[M+NH4]+,TG 16:1_16:1_20:3,"TG 16:1(6)_16:1(6)_20:3(11,14,17)",0.9390000000000001,0.8471399999999676,0.0,0.46950000000000003,Some,Some,0.0,0.0,0.0,0.0,0.0,11473.617693522905,2077.4098291499686,0.0,8095.118343195265,10114.998776608762,4851.146521570151,0.0,7181.273437197974,0.0,28258.45739463938,7085.048835462059,6656.579511358766,15614.263142775066
15968,18.711,870.75166,870.75452,3.2845077852038767,C55H96O6,CCCCCCCCC=CCCCCCC(=O)OC(COC(=O)CCCCCCCCCC=CCC=CCC=CCC)COC(=O)CCCCCC=CCCCCCCCC,[M+NH4]+,TG 16:1_16:1_20:3,"TG 16:1(7)_16:1(7)_20:3(11,14,17)",0.9390000000000001,0.8471399999999676,0.0,0.46950000000000003,Some,Some,0.0,0.0,0.0,15765.30612244898,53991.12426035503,11473.617693522905,8052.436194895593,0.0,14099.605522682445,15904.086126743336,13673.273740121778,11785.714285714284,11429.736730196775,9825.325615050651,58595.874870083295,11173.553719008265,9659.022717531077,15614.263142775066
15968,18.711,870.75166,870.75452,3.2845077852038767,C55H96O6,CCCCCCC=CCCCCCCCC(=O)OC(COC(=O)CCCCCCC=CCC=CCC=CCCCCC)COC(=O)CCCCC=CCCCCCCCCC,[M+NH4]+,TG 16:1_16:1_20:3,"TG 16:1(6)_16:1(9)_20:3(8,11,14)",0.8360000000000015,0.6620657142857128,0.06303775283923445,0.449518876419618,All,Some,17421.650076569676,36090.436590436584,43500.0,29418.367346938772,0.0,2033.5703001579782,15748.744990508332,0.0,6004.487179487179,7249.082456569613,23150.408083948696,11785.714285714284,4248.463292998801,9825.325615050651,58280.18093188705,4088.5048835462067,3002.4432061723105,0.0
15968,18.711,870.75166,870.75452,3.2845077852038767,C55H96O6,CCCCCCC=CCCCCCCCC(=O)OC(COC(=O)CCCCCCC=CCC=CCC=CCCCCC)COC(=O)CCCCCC=CCCCCCCCC,[M+NH4]+,TG 16:1_16:1_20:3,"TG 16:1(7)_16:1(9)_20:3(8,11,14)",0.821333333333334,0.7526233333333417,0.07354404497910687,0.4474386891562205,Some,Some,0.0,0.0,0.0,15765.30612244898,0.0,11473.617693522905,8052.436194895593,0.0,14099.605522682445,15904.086126743336,13673.273740121778,11785.714285714284,11429.736730196775,9825.325615050651,58595.874870083295,11173.553719008265,9659.022717531077,15614.263142775066
15968,18.711,870.75166,870.75452,3.2845077852038767,C55H96O6,CCCCCCC=CCCCCCCCC(=O)OC(COC(=O)CCCC=CCC=CCC=CCCCCCCCC)COC(=O)CCCCCCCC=CCCCCCC,[M+NH4]+,TG 16:1_16:1_20:3,"TG 16:1(9)_16:1(9)_20:3(5,8,11)",0.7859999999999999,0.8137760000000072,0.09200900013033189,0.4390045000651659,Some,Some,0.0,68638.25363825363,0.0,39795.91836734694,24307.69230769231,0.0,8467.918160725587,54546.83544303798,9189.05325443787,5789.087350134573,8822.127218551625,11785.714285714284,4248.463292998801,15248.046309696092,39030.550554067304,7643.726521412473,3002.4432061723105,5228.684286124677
15968,18.711,870.75166,870.75452,3.2845077852038767,C55H96O6,CCCCCCCCCC=CCCCCC(=O)OC(COC(=O)CCCCCCC=CCC=CCC=CCCCCC)COC(=O)CCCCC=CCCCCCCCCC,[M+NH4]+,TG 16:1_16:1_20:3,"TG 16:1(6)_16:1(6)_20:3(8,11,14)",0.8455000000000013,0.6948050000000308,0.0,0.4227500000000006,Some,Some,17421.650076569676,36090.436590436584,43500.0,29418.367346938772,0.0,7299.447077409162,15748.744990508332,0.0,10307.297830374751,9602.887203327626,28042.49255084855,11785.714285714284,5999.9265473383075,9825.325615050651,73495.08878251577,4088.5048835462067,3002.4432061723105,0.0
15984,18.729,794.7216,794.72322,2.0384455357962477,C49H92O6,CCCCCCCCCCCCCCCC(=O)OC(COC(=O)CCCCCC=CCCCCCCCC)COC(=O)CCCCCCCCCCCCC,[M+NH4]+,TG 14:0_16:0_16:1,TG 14:0_16:0_16:1(7),0.8120000000000012,0.4687399999999684,0.0010787647542464306,0.40653938237712384,All,Some,,0.0,,,,0.0,0.0,0.0,13211.202635914333,26035.750766087844,13528.548387096773,10753.274336283184,8501.419878296147,15400.0,14327.158414729987,22900.0,0.0,14760.164271047228
15984,18.729,794.7216,794.72322,2.0384455357962477,C49H92O6,CCCCCCCCCCCCCCCC(=O)OC(COC(=O)CCCCCCCC=CCCCCCC)COC(=O)CCCCCCCCCCCCC,[M+NH4]+,TG 14:0_16:0_16:1,TG 14:0_16:0_16:1(9),0.718,0.47037999999997737,0.0,0.359,All,None,,0.0,,,,0.0,0.0,0.0,9188.797364085665,9464.249233912153,8371.451612903225,7546.725663716814,3898.5801217038543,0.0,8516.851914224768,0.0,0.0,10639.835728952772
15984,18.729,794.7216,794.72322,2.0384455357962477,C49H92O6,CCCCCCCCCCCCCCCC(=O)OC(COC(=O)CCCCC=CCCCCCCCCC)COC(=O)CCCCCCCCCCCCC,[M+NH4]+,TG 14:0_16:0_16:1,TG 14:0_16:0_16:1(6),0.2289999999999992,0.5100649999999973,0.0,0.1144999999999996,All,None,,0.0,,,,0.0,0.0,0.0,0.0,0.0,0.0,0.0,0.0,0.0,1555.9896710452454,0.0,0.0,0.0
15988,18.733,794.72101,794.72322,2.780842366718493,C49H92O6,CCCCCCCCCCCCCCCC(=O)OC(COC(=O)CCCCCC=CCCCCCCCC)COC(=O)CCCCCCCCCCCCC,[M+NH4]+,TG 14:0_16:0_16:1,TG 14:0_16:0_16:1(7),0.8039999999999985,0.4687399999999684,0.0,0.40199999999999925,All,Some,,0.0,,,,0.0,0.0,0.0,5455.518945634267,0.0,0.0,0.0,8844.21906693712,15500.0,6693.836308521388,0.0,0.0,0.0
15988,18.733,794.72101,794.72322,2.780842366718493,C49H92O6,CCCCCCCCCCCCCCCC(=O)OC(COC(=O)CCCCCCCC=CCCCCCC)COC(=O)CCCCCCCCCCCCC,[M+NH4]+,TG 14:0_16:0_16:1,TG 14:0_16:0_16:1(9),0.7099999999999973,0.47037999999997737,0.0,0.35499999999999865,All,None,,0.0,,,,0.0,0.0,0.0,3794.4810543657322,0.0,0.0,0.0,4055.7809330628806,0.0,3979.184910744358,0.0,0.0,0.0
15988,18.733,794.72101,794.72322,2.780842366718493,C49H92O6,CCCCCCCCCCCCCCCC(=O)OC(COC(=O)CCCCC=CCCCCCCCCC)COC(=O)CCCCCCCCCCCCC,[M+NH4]+,TG 14:0_16:0_16:1,TG 14:0_16:0_16:1(6),0.23700000000000188,0.5100649999999973,0.0,0.11850000000000094,All,None,,0.0,,,,0.0,0.0,0.0,0.0,0.0,0.0,0.0,0.0,0.0,726.978780734254,0.0,0.0,0.0
15998,18.739,894.75388,894.75452,0.7152799853704802,C57H96O6,CCCCCCC=CCCCCCCCCCC(=O)OC(COC(=O)CCCC=CCC=CCC=CCC=CCC=CCC)COC(=O)CCCCCCCC=CCCCCCC,[M+NH4]+,TG 16:1_18:1_20:5,"TG 16:1(9)_18:1(11)_20:5(5,8,11,14,17)",0.9476666666666667,0.8778000000000361,0.5380315689989237,0.7428491178327952,Some,Some,4061.3747228381367,0.0,0.0,3747.9537366548047,5299.302865995352,23644.82873295643,27435.54955488962,0.0,52105.366363814624,70762.88659793812,74783.64600326263,13173.333333333332,43728.68063139084,38804.76227530932,156442.69709420908,31184.27104093209,10175.970873786408,31749.22720247296
15998,18.739,894.75388,894.75452,0.7152799853704802,C57H96O6,CCCCCCC=CCCCCCCCCCC(=O)OC(COC(=O)CCCC=CCC=CCC=CCC=CCC=CCC)COC(=O)CCCCCC=CCCCCCCCC,[M+NH4]+,TG 16:1_18:1_20:5,"TG 16:1(7)_18:1(11)_20:5(5,8,11,14,17)",0.8882500000000002,0.7897975000000201,0.4550738267183879,0.671661913359194,Some,Some,11958.492239467847,23512.569832402234,12533.753943217667,11280.249110320285,5299.302865995352,36993.681410043224,51255.266133192825,0.0,63704.16367082815,73826.2150220913,93178.22185970635,34770.0,43728.68063139084,42685.23850284026,148526.4122498448,43592.67208339721,10175.970873786408,47093.50850077281
15998,18.739,894.75388,894.75452,0.7152799853704802,C57H96O6,CCCCCCCCCCCC=CCCCCC(=O)OC(COC(=O)CCCC=CCC=CCC=CCC=CCC=CCC)COC(=O)CCCCCCCC=CCCCCCC,[M+NH4]+,TG 16:1_18:1_20:5,"TG 16:1(9)_18:1(6)_20:5(5,8,11,14,17)",0.8753333333333333,0.8077511111111259,0.40499728331488627,0.6401653083241098,Some,Some,12221.729490022171,11892.458100558659,11399.747634069403,8842.259786476869,13080.557707203718,60159.62753574991,58448.82053984039,20200.0,77158.76854696385,94120.76583210604,101615.61990212071,52503.33333333333,63492.60399086667,49426.50377402536,153714.26882260782,52191.47631457918,43859.22330097087,62862.05564142196
15998,18.739,894.75388,894.75452,0.7152799853704802,C57H96O6,CCCCCCC=CCCCCCCCCCC(=O)OC(COC(=O)CCCC=CCC=CCC=CCC=CCC=CCC)COC(=O)CCCCC=CCCCCCCCCC,[M+NH4]+,TG 16:1_18:1_20:5,"TG 16:1(6)_18:1(11)_20:5(5,8,11,14,17)",0.8715555555555556,0.7871422222222514,0.40499728331488627,0.638276419435221,All,Some,8160.354767184035,11892.458100558659,11399.747634069403,8842.259786476869,13080.557707203718,46092.45094778849,48587.457876422865,20200.0,60527.87763906137,92933.72606774668,89667.00652528548,52503.33333333333,47409.411297528044,42005.44704692241,156250.55425818084,40653.84025755021,43859.22330097087,42992.27202472952
15998,18.739,894.75388,894.75452,0.7152799853704802,C57H96O6,CCCCCCCCCCCC=CCCCCC(=O)OC(COC(=O)CCCC=CCC=CCC=CCC=CCC=CCC)COC(=O)CCCCCC=CCCCCCCCC,[M+NH4]+,TG 16:1_18:1_20:5,"TG 16:1(7)_18:1(6)_20:5(5,8,11,14,17)",0.8852500000000001,0.7237437500000112,0.36991988295574785,0.627584941477874,Some,Some,16057.472283813746,35405.02793296089,23933.50157728707,16374.55516014235,13080.557707203718,59441.30362487528,72407.17445472608,20200.0,72126.6749460749,95997.05449189983,108061.5823817292,74099.99999999999,47409.411297528044,45885.923274453344,148334.26941381654,53062.24130001534,43859.22330097087,58336.55332302937
15998,18.739,894.75388,894.75452,0.7152799853704802,C57H96O6,CCCCCCCCC=CCCCCCCCC(=O)OC(COC(=O)CCCC=CCC=CCC=CCC=CCC=CCC)COC(=O)CCCCCCCC=CCCCCCC,[M+NH4]+,TG 16:1_18:1_20:5,"TG 16:1(9)_18:1(9)_20:5(5,8,11,14,17)",0.8155555555555559,0.7911444444444619,0.40499728331488627,0.610276419435221,Some,Some,8160.354767184035,11892.458100558659,11399.747634069403,8842.259786476869,13080.557707203718,36514.79880279348,48587.457876422865,20200.0,52283.809399307145,62491.8998527246,67866.02773246329,52503.33333333333,39447.830834905195,29202.70796047,86771.70475036213,29769.277939598345,43859.22330097087,31112.828438949
15998,18.739,894.75388,894.75452,0.7152799853704802,C57H96O6,CCCCCCCCC=CCCCCCCCC(=O)OC(COC(=O)CCCC=CCC=CCC=CCC=CCC=CCC)COC(=O)CCCCCC=CCCCCCCCC,[M+NH4]+,TG 16:1_18:1_20:5,"TG 16:1(7)_18:1(9)_20:5(5,8,11,14,17)",0.8260000000000005,0.7303540000000339,0.3731452627582603,0.5995726313791303,Some,Some,0.0,0.0,0.0,3747.9537366548047,5299.302865995352,0.0,17574.1868914721,0.0,27230.407216157913,46294.55081001472,41034.05383360522,13173.333333333332,19683.907475429365,22348.14411329858,108906.55946081763,8762.072665951251,10175.970873786408,0.0
15998,18.739,894.75388,894.75452,0.7152799853704802,C57H96O6,CCCCCCCCCCCC=CCCCCC(=O)OC(COC(=O)CCCC=CCC=CCC=CCC=CCC=CCC)COC(=O)CCCCC=CCCCCCCCCC,[M+NH4]+,TG 16:1_18:1_20:5,"TG 16:1(6)_18:1(6)_20:5(5,8,11,14,17)",0.8688888888888889,0.728427777777799,0.3293048888592063,0.5990968888740476,Some,Some,11958.492239467847,23512.569832402234,12533.753943217667,11280.249110320285,5299.302865995352,36993.681410043224,51255.266133192825,0.0,63704.16367082815,72639.17525773194,93178.22185970635,34770.0,39167.77524074258,43450.0038907478,167932.83868869906,43592.67208339721,10175.970873786408,38042.503863987644
15998,18.739,894.75388,894.75452,0.7152799853704802,C57H96O6,CCCCCCCCC=CCCCCCCCC(=O)OC(COC(=O)CCCC=CCC=CCC=CCC=CCC=CCC)COC(=O)CCCCC=CCCCCCCCCC,[M+NH4]+,TG 16:1_18:1_20:5,"TG 16:1(6)_18:1(9)_20:5(5,8,11,14,17)",0.8091111111111116,0.711821111111135,0.3293048888592063,0.5692079999851588,Some,Some,12221.729490022171,11892.458100558659,11399.747634069403,8842.259786476869,13080.557707203718,60159.62753574991,58448.82053984039,20200.0,77158.76854696385,92933.72606774668,101615.61990212074,52503.33333333333,58931.698600218406,50191.26916193292,173120.69526146204,52191.47631457918,43859.22330097087,53811.051004636785
16084,18.784,920.76977,920.77017,0.4344189386731312,C59H98O6,CCCCCC=CCC=CCCCCCCCC(=O)OC(COC(=O)CCCC=CCC=CCC=CCC=CCCCCC)COC(=O)CCCCCCCC=CCC=CCCCCC,[M+NH4]+,TG 18:2_18:2_20:4,"TG 18:2(9,12)_18:2(9,12)_20:4(5,8,11,14)",0.9230000000000018,0.8542600000000107,0.08737618605396016,0.505188093026981,Some,Some,,0.0,,31300.000000000004,22525.0,0.0,47199.41563184806,26500.0,50220.43281328635,117096.14491407339,76204.2896894777,46515.46391752577,32741.573033707864,57129.64458804523,205425.76294433646,38127.91702679343,51339.39393939393,47321.42857142857
16084,18.784,920.76977,920.77017,0.4344189386731312,C59H98O6,CCCCCC=CCC=CCCCCCCCC(=O)OC(COC(=O)CCCCCCC=CCC=CCC=CCC=CCC)COC(=O)CCCCCCCC=CCC=CCCCCC,[M+NH4]+,TG 18:2_18:2_20:4,"TG 18:2(9,12)_18:2(9,12)_20:4(8,11,14,17)",0.9466666666666678,0.35355666666669094,0.019242300730230873,0.48295448369844934,Some,Some,,192000.0,,0.0,22525.0,130000.0,186401.7531044558,26500.0,212877.70508303976,172828.14677194614,364100.91359058337,142453.60824742267,141316.85393258426,100117.73021001615,509671.96251000103,159616.24891961968,0.0,123035.71428571429
16084,18.784,920.76977,920.77017,0.4344189386731312,C59H98O6,CCCCCC=CCC=CCCCCCCCC(=O)OC(COC(=O)CCCCCCC=CCC=CCC=CCC=CCC)COC(=O)CCCCC=CCC=CCCCCCCCC,[M+NH4]+,TG 18:2_18:2_20:4,"TG 18:2(6,9)_18:2(9,12)_20:4(8,11,14,17)",0.8770000000000001,0.49707666666665773,0.0143831292148451,0.4456915646074226,Some,Some,,0.0,,31300.000000000004,22525.0,0.0,47199.41563184806,26500.0,50220.43281328635,104849.51230840689,76204.2896894777,46515.46391752577,32741.573033707864,49636.30856219709,125193.73642702022,38127.91702679343,51339.39393939393,47321.42857142857
16084,18.784,920.76977,920.77017,0.4344189386731312,C59H98O6,CCCCCCCCC=CCC=CCCCCC(=O)OC(COC(=O)CCCC=CCC=CCC=CCC=CCCCCC)COC(=O)CCCCC=CCC=CCCCCCCCC,[M+NH4]+,TG 18:2_18:2_20:4,"TG 18:2(6,9)_18:2(6,9)_20:4(5,8,11,14)",0.8324999999999996,0.673484999999971,0.05083106130157458,0.44166553065078706,Some,Some,,0.0,,0.0,22525.0,0.0,0.0,26500.0,0.0,115262.42452392013,74489.25115122263,0.0,42458.42696629214,46819.26494345718,199865.12744313636,0.0,42981.818181818184,47321.42857142857
16084,18.784,920.76977,920.77017,0.4344189386731312,C59H98O6,CCCCCC=CCC=CCCCCCCCC(=O)OC(COC(=O)CCCC=CCC=CCC=CCC=CCCCCC)COC(=O)CCCCC=CCC=CCCCCCCCC,[M+NH4]+,TG 18:2_18:2_20:4,"TG 18:2(6,9)_18:2(9,12)_20:4(5,8,11,14)",0.8046666666666648,0.607503333333284,0.04853244767186857,0.4265995571692667,Some,Some,,0.0,,31300.000000000004,0.0,0.0,47199.41563184806,0.0,50220.43281328635,36084.99767765908,76204.2896894777,46515.46391752577,32741.573033707864,17803.715670436188,205425.76294433646,38127.91702679343,51339.39393939393,0.0
16084,18.784,920.76977,920.77017,0.4344189386731312,C59H98O6,CCCCCCCCC=CCC=CCCCCC(=O)OC(COC(=O)CCCCCCC=CCC=CCC=CCC=CCC)COC(=O)CCCCC=CCC=CCCCCCCCC,[M+NH4]+,TG 18:2_18:2_20:4,"TG 18:2(6,9)_18:2(6,9)_20:4(8,11,14,17)",0.8145714285714283,0.31969857142853797,0.015744291584320086,0.4151578600778742,Some,Some,,0.0,,0.0,0.0,130000.0,0.0,0.0,40460.99647710115,17878.773803994427,50796.96618976088,0.0,0.0,7493.336025848142,144417.64773116927,0.0,0.0,0.0
16094,18.798,972.80144,972.80147,0.030838769227953696,C63H102O6,CCC=CCC=CCC=CCC=CCCCCCCC(=O)OC(COC(=O)CCCCCC=CCC=CCC=CCC=CCC=CCC)COC(=O)CCCCC=CCCCCCCCCCCC,[M+NH4]+,TG 18:1_20:4_22:5,"TG 18:1(6)_20:4(8,11,14,17)_22:5(7,10,13,16,19)",0.8553333333333342,0.5499516666666864,0.12044725222265033,0.48789029277799223,Some,Some,0.0,0.0,0.0,0.0,0.0,0.0,0.0,0.0,0.0,0.0,0.0,0.0,0.0,0.0,1286.1347690485777,0.0,0.0,0.0
16094,18.798,972.80144,972.80147,0.030838769227953696,C63H102O6,CCCCCC=CCC=CCC=CCC=CCCCC(=O)OC(COC(=O)CCCCCC=CCC=CCC=CCC=CCC=CCC)COC(=O)CCCCC=CCCCCCCCCCCC,[M+NH4]+,TG 18:1_20:4_22:5,"TG 18:1(6)_20:4(5,8,11,14)_22:5(7,10,13,16,19)",0.8108000000000019,0.373671000000013,0.13069584918955438,0.47074792459477804,Some,Some,0.0,0.0,0.0,0.0,0.0,0.0,0.0,0.0,0.0,0.0,0.0,0.0,0.0,0.0,5829.0481702932875,0.0,0.0,0.0
16094,18.798,972.80144,972.80147,0.030838769227953696,C63H102O6,CCCCCC=CCC=CCC=CCC=CCCCC(=O)OC(COC(=O)CCCCCC=CCC=CCC=CCC=CCC=CCC)COC(=O)CCCCCCCCCC=CCCCCCC,[M+NH4]+,TG 18:1_20:4_22:5,"TG 18:1(11)_20:4(5,8,11,14)_22:5(7,10,13,16,19)",0.8138181818181842,0.41865545454544933,0.10626598435784773,0.46004208308801603,Some,Some,0.0,0.0,0.0,0.0,0.0,0.0,0.0,0.0,0.0,0.0,0.0,0.0,0.0,0.0,1081.144332303123,0.0,0.0,0.0
16094,18.798,972.80144,972.80147,0.030838769227953696,C63H102O6,CCCCCC=CCC=CCC=CCC=CCCCC(=O)OC(COC(=O)CCCCCC=CCC=CCC=CCC=CCC=CCC)COC(=O)CCCCCCCC=CCCCCCCCC,[M+NH4]+,TG 18:1_20:4_22:5,"TG 18:1(9)_20:4(5,8,11,14)_22:5(7,10,13,16,19)",0.8008000000000017,0.5157970000000092,0.11195255747448998,0.45637627873724584,Some,Some,0.0,0.0,0.0,0.0,0.0,0.0,0.0,0.0,0.0,0.0,0.0,0.0,0.0,0.0,897.2259512736123,0.0,0.0,0.0
16094,18.798,972.80144,972.80147,0.030838769227953696,C63H102O6,CCC=CCC=CCC=CCC=CCCCCCCC(=O)OC(COC(=O)CCC=CCC=CCC=CCC=CCC=CCCCCC)COC(=O)CCCCC=CCCCCCCCCCCC,[M+NH4]+,TG 18:1_20:4_22:5,"TG 18:1(6)_20:4(8,11,14,17)_22:5(4,7,10,13,16)",0.7668000000000017,0.5628799999999842,0.13563587450869688,0.4512179372543493,Some,Some,0.0,0.0,0.0,0.0,0.0,0.0,0.0,0.0,0.0,0.0,0.0,0.0,0.0,0.0,736.5977370880398,0.0,0.0,0.0
16094,18.798,972.80144,972.80147,0.030838769227953696,C63H102O6,CCCCCC=CCC=CCC=CCC=CCCCC(=O)OC(COC(=O)CCC=CCC=CCC=CCC=CCC=CCCCCC)COC(=O)CCCCC=CCCCCCCCCCCC,[M+NH4]+,TG 18:1_20:4_22:5,"TG 18:1(6)_20:4(5,8,11,14)_22:5(4,7,10,13,16)",0.7740000000000015,0.28455714285712475,0.0834678540799488,0.4287339270399751,Some,Some,0.0,0.0,0.0,0.0,0.0,0.0,0.0,0.0,0.0,0.0,0.0,0.0,0.0,0.0,5604.057764877088,0.0,0.0,0.0
16094,18.798,972.80144,972.80147,0.030838769227953696,C63H102O6,CCC=CCC=CCC=CCC=CCCCCCCC(=O)OC(COC(=O)CCC=CCC=CCC=CCC=CCC=CCCCCC)COC(=O)CCCCCCCCCC=CCCCCCC,[M+NH4]+,TG 18:1_20:4_22:5,"TG 18:1(11)_20:4(8,11,14,17)_22:5(4,7,10,13,16)",0.735440000000001,0.518388,0.1085086996069575,0.4219743498034792,Some,Some,0.0,0.0,0.0,0.0,0.0,0.0,0.0,0.0,0.0,0.0,0.0,0.0,0.0,0.0,655.4518383222558,0.0,0.0,0.0
16094,18.798,972.80144,972.80147,0.030838769227953696,C63H102O6,CCC=CCC=CCC=CCC=CCCCCCCC(=O)OC(COC(=O)CCC=CCC=CCC=CCC=CCC=CCCCCC)COC(=O)CCCCCCCC=CCCCCCCCC,[M+NH4]+,TG 18:1_20:4_22:5,"TG 18:1(9)_20:4(8,11,14,17)_22:5(4,7,10,13,16)",0.7044761904761927,0.5722466666666529,0.1387809692446331,0.4216285798604129,Some,Some,0.0,0.0,0.0,0.0,0.0,0.0,0.0,0.0,0.0,0.0,0.0,0.0,0.0,0.0,869.8692473616851,0.0,0.0,0.0
16094,18.798,972.80144,972.80147,0.030838769227953696,C63H102O6,CCC=CCC=CCC=CCC=CCCCCCCC(=O)OC(COC(=O)CCCCCC=CCC=CCC=CCC=CCC=CCC)COC(=O)CCCCCCCC=CCCCCCCCC,[M+NH4]+,TG 18:1_20:4_22:5,"TG 18:1(9)_20:4(8,11,14,17)_22:5(7,10,13,16,19)",0.7147500000000004,0.6991799999999984,0.09033543916698775,0.4025427195834941,Some,Some,0.0,0.0,0.0,0.0,0.0,0.0,0.0,0.0,0.0,0.0,0.0,0.0,0.0,0.0,5255.074947406015,0.0,0.0,0.0
16094,18.798,972.80144,972.80147,0.030838769227953696,C63H102O6,CCC=CCC=CCC=CCC=CCCCCCCC(=O)OC(COC(=O)CCCCCC=CCC=CCC=CCC=CCC=CCC)COC(=O)CCCCCCCCCC=CCCCCCC,[M+NH4]+,TG 18:1_20:4_22:5,"TG 18:1(11)_20:4(8,11,14,17)_22:5(7,10,13,16,19)",0.6958000000000005,0.717563000000007,0.077391383906699,0.3865956919533498,Some,Some,0.0,0.0,0.0,0.0,0.0,0.0,0.0,0.0,0.0,0.0,0.0,0.0,0.0,0.0,1385.3952420263133,0.0,0.0,0.0
16104,18.815,820.73666,820.73887,2.6926956682226364,C51H94O6,CCCCCCCCC=CCCCCCC(=O)OC(COC(=O)CCCCCC=CCCCCCCCC)COC(=O)CCCCCCCCCCCCCCC,[M+NH4]+,TG 16:0_16:1_16:1,TG 16:0_16:1(7)_16:1(7),0.5580000000000034,0.8847850000000221,0.24065730691411963,0.3993286534570615,All,Some,0.0,1815.0790539657646,0.0,0.0,0.0,0.0,5210.514073040242,0.0,3032.5163398692816,0.0,2574.105082137847,4106.632752885933,1823.4791628531332,4720.6604194556,0.0,0.0,0.0,1497.208856672707
16104,18.815,820.73666,820.73887,2.6926956682226364,C51H94O6,CCCCCCCCCC=CCCCCC(=O)OC(COC(=O)CCCCCC=CCCCCCCCC)COC(=O)CCCCCCCCCCCCCCC,[M+NH4]+,TG 16:0_16:1_16:1,TG 16:0_16:1(6)_16:1(7),0.6110000000000042,0.7247800000000097,0.16372173362784279,0.38736086681392345,All,Some,0.0,1815.0790539657646,0.0,0.0,0.0,0.0,5210.514073040242,0.0,3666.176470588235,0.0,2710.9140003922103,4481.843083545295,2087.1621209347736,4720.6604194556,0.0,0.0,0.0,1626.6637505467722
16104,18.815,820.73666,820.73887,2.6926956682226364,C51H94O6,CCCCCCCCCC=CCCCCC(=O)OC(COC(=O)CCCCC=CCCCCCCCCC)COC(=O)CCCCCCCCCCCCCCC,[M+NH4]+,TG 16:0_16:1_16:1,TG 16:0_16:1(6)_16:1(6),0.664000000000005,0.5647749999999974,0.08678616034156594,0.3753930801707855,All,Some,0.0,10266.666666666666,0.0,0.0,0.0,0.0,18666.666666666664,0.0,8599.67320261438,0.0,10396.524415078971,14724.789669340636,6902.983708585026,16566.666666666664,0.0,0.0,0.0,5370.545106125935
16104,18.815,820.73666,820.73887,2.6926956682226364,C51H94O6,CCCCCCCCC=CCCCCCC(=O)OC(COC(=O)CCCCCCCC=CCCCCCC)COC(=O)CCCCCCCCCCCCCCC,[M+NH4]+,TG 16:0_16:1_16:1,TG 16:0_16:1(7)_16:1(9),0.5150000000000041,0.6957075000000259,0.23203621571204341,0.3735181078560238,All,Some,0.0,0.0,0.0,0.0,0.0,0.0,0.0,0.0,633.6601307189542,0.0,136.80891825436333,375.21033065936217,263.68295808164015,0.0,0.0,0.0,0.0,129.45489387406528
16104,18.815,820.73666,820.73887,2.6926956682226364,C51H94O6,CCCCCCCCCC=CCCCCC(=O)OC(COC(=O)CCCCCCCC=CCCCCCC)COC(=O)CCCCCCCCCCCCCCC,[M+NH4]+,TG 16:0_16:1_16:1,TG 16:0_16:1(6)_16:1(9),0.568000000000005,0.5357025000000135,0.1551006424257666,0.3615503212128858,All,Some,0.0,8451.587612700901,0.0,0.0,0.0,0.0,13456.152593626422,0.0,6200.816993464052,0.0,7959.228251195486,10993.367247114067,5343.187503813533,11846.006247211068,0.0,0.0,0.0,4002.791143327292
16104,18.815,820.73666,820.73887,2.6926956682226364,C51H94O6,CCCCCCC=CCCCCCCCC(=O)OC(COC(=O)CCCCCCCC=CCCCCCC)COC(=O)CCCCCCCCCCCCCCC,[M+NH4]+,TG 16:0_16:1_16:1,TG 16:0_16:1(9)_16:1(9),0.47200000000000486,0.5066300000000297,0.22341512450996723,0.34770756225498606,All,Some,0.0,8451.587612700901,0.0,0.0,0.0,0.0,13456.152593626422,0.0,5567.156862745098,0.0,7822.419332941124,10618.156916454705,5079.504545731894,11846.006247211068,0.0,0.0,0.0,3873.336249453227
16132,18.848,794.72216,794.72322,1.333797696182269,C49H92O6,CCCCCCCCCCCCCC(=O)OC(COC(=O)CCCCCCCCCC=CCCCCCC)COC(=O)CCCCCCCCCCCCC,[M+NH4]+,TG 14:0_14:0_18:1,TG 14:0_14:0_18:1(11),0.620000000000001,0.9012099999999919,0.16640743275502498,0.393203716377513,All,Some,7060.186046511629,0.0,0.0,0.0,0.0,0.0,0.0,0.0,0.0,0.0,0.0,0.0,0.0,0.0,0.0,0.0,0.0,0.0
16132,18.848,794.72216,794.72322,1.333797696182269,C49H92O6,CCCCCCCCCCCCCC(=O)OC(COC(=O)CCCCC=CCCCCCCCCCCC)COC(=O)CCCCCCCCCCCCC,[M+NH4]+,TG 14:0_14:0_18:1,TG 14:0_14:0_18:1(6),0.6880000000000024,0.8667400000001635,0.0,0.3440000000000012,Some,None,0.0,0.0,0.0,0.0,0.0,0.0,0.0,0.0,0.0,0.0,0.0,0.0,0.0,0.0,0.0,0.0,0.0,0.0
16132,18.848,794.72216,794.72322,1.333797696182269,C49H92O6,CCCCCCCCCCCCCC(=O)OC(COC(=O)CCCCCCCC=CCCCCCCCC)COC(=O)CCCCCCCCCCCCC,[M+NH4]+,TG 14:0_14:0_18:1,TG 14:0_14:0_18:1(9),0.5309999999999988,0.5090599999999768,0.15170822595871225,0.34135411297935553,All,Some,2309.813953488372,0.0,0.0,0.0,0.0,0.0,0.0,0.0,0.0,0.0,0.0,0.0,0.0,0.0,0.0,0.0,0.0,0.0
16158,18.887,846.75,846.75452,5.3380287830725495,C53H96O6,CCCCCCCCCC=CCCCCC(=O)OC(COC(=O)CCCCC=CCCCCCCCCCCC)COC(=O)CCCCC=CCCCCCCCCC,[M+NH4]+,TG 16:1_16:1_18:1,TG 16:1(6)_16:1(6)_18:1(6),0.8219999999999992,0.8489400000000273,0.06898988068989112,0.44549494034494513,Some,Some,0.0,0.0,0.0,0.0,736.0594795539033,0.0,0.0,0.0,0.0,0.0,0.0,0.0,0.0,0.0,0.0,0.0,0.0,0.0
16158,18.887,846.75,846.75452,5.3380287830725495,C53H96O6,CCCCCCCCC=CCCCCCC(=O)OC(COC(=O)CCCCC=CCCCCCCCCCCC)COC(=O)CCCCCC=CCCCCCCCC,[M+NH4]+,TG 16:1_16:1_18:1,TG 16:1(7)_16:1(7)_18:1(6),0.8219999999999992,0.8489400000000273,0.06898988068989112,0.44549494034494513,Some,Some,0.0,0.0,0.0,0.0,0.0,0.0,0.0,0.0,0.0,0.0,110.31812053584235,0.0,0.0,0.0,0.0,0.0,0.0,0.0
16158,18.887,846.75,846.75452,5.3380287830725495,C53H96O6,CCCCCCC=CCCCCCCCC(=O)OC(COC(=O)CCCCC=CCCCCCCCCCCC)COC(=O)CCCCCCCC=CCCCCCC,[M+NH4]+,TG 16:1_16:1_18:1,TG 16:1(9)_16:1(9)_18:1(6),0.8219999999999992,0.8489400000000273,0.06898988068989112,0.44549494034494513,Some,Some,0.0,0.0,14700.0,5200.0,9791.82156133829,14700.0,20500.0,0.0,22150.0,0.0,6252.769570580304,0.0,11949.999999999998,0.0,0.0,17350.0,0.0,14700.0
16158,18.887,846.75,846.75452,5.3380287830725495,C53H96O6,CCCCCCCCC=CCCCCCC(=O)OC(COC(=O)CCCCCCCCCC=CCCCCCC)COC(=O)CCCCCC=CCCCCCCCC,[M+NH4]+,TG 16:1_16:1_18:1,TG 16:1(7)_16:1(7)_18:1(11),0.7710000000000008,0.8757349999999633,0.04095184453284181,0.4059759222664213,Some,Some,0.0,0.0,14700.0,4418.300653594772,9052.575677110992,12490.477585701728,18254.153686396676,0.0,15821.428571428572,0.0,5585.095091936549,0.0,10213.081395348836,0.0,0.0,14626.63139329806,0.0,12712.487899322361
16158,18.887,846.75,846.75452,5.3380287830725495,C53H96O6,CCCCCCC=CCCCCCCCC(=O)OC(COC(=O)CCCCCCCC=CCCCCCCCC)COC(=O)CCCCCCCC=CCCCCCC,[M+NH4]+,TG 16:1_16:1_18:1,TG 16:1(9)_16:1(9)_18:1(9),0.7710000000000008,0.8757349999999633,0.04095184453284181,0.4059759222664213,Some,Some,0.0,0.0,0.0,0.0,736.0594795539033,0.0,0.0,0.0,0.0,0.0,0.0,0.0,0.0,0.0,0.0,0.0,0.0,0.0
16158,18.887,846.75,846.75452,5.3380287830725495,C53H96O6,CCCCCCC=CCCCCCCCC(=O)OC(COC(=O)CCCCC=CCCCCCCCCCCC)COC(=O)CCCCC=CCCCCCCCCC,[M+NH4]+,TG 16:1_16:1_18:1,TG 16:1(6)_16:1(9)_18:1(6),0.7433333333333335,0.7258783333333364,0.04604424172407514,0.39468878752870434,All,Some,0.0,0.0,0.0,0.0,0.0,0.0,0.0,0.0,0.0,0.0,110.31812053584235,0.0,0.0,0.0,0.0,0.0,0.0,0.0
16158,18.887,846.75,846.75452,5.3380287830725495,C53H96O6,CCCCCCC=CCCCCCCCC(=O)OC(COC(=O)CCCCC=CCCCCCCCCCCC)COC(=O)CCCCCC=CCCCCCCCC,[M+NH4]+,TG 16:1_16:1_18:1,TG 16:1(7)_16:1(9)_18:1(6),0.7409999999999997,0.7296499999999924,0.03734088840155224,0.38917044420077596,All,Some,0.0,0.0,0.0,781.6993464052288,2211.364843335103,2209.5224142982715,2245.8463136033233,0.0,6328.571428571428,0.0,1080.1181836436133,0.0,1736.9186046511625,0.0,0.0,2723.3686067019403,0.0,1987.5121006776378
16158,18.887,846.75,846.75452,5.3380287830725495,C53H96O6,CCCCCCCCCC=CCCCCC(=O)OC(COC(=O)CCCCCCCCCC=CCCCCCC)COC(=O)CCCCC=CCCCCCCCCC,[M+NH4]+,TG 16:1_16:1_18:1,TG 16:1(6)_16:1(6)_18:1(11),0.7680000000000007,0.869829999999979,0.0018251986944058751,0.3849125993472033,Some,Some,0.0,0.0,0.0,0.0,736.0594795539033,0.0,0.0,0.0,0.0,0.0,151.0627922320071,0.0,0.0,0.0,0.0,0.0,0.0,0.0
16158,18.887,846.75,846.75452,5.3380287830725495,C53H96O6,CCCCCCC=CCCCCCCCC(=O)OC(COC(=O)CCCCCCCCCC=CCCCCCC)COC(=O)CCCCCCCC=CCCCCCC,[M+NH4]+,TG 16:1_16:1_18:1,TG 16:1(9)_16:1(9)_18:1(11),0.7629999999999981,0.458219999999983,0.0018251986944058751,0.382412599347202,All,Some,0.0,0.0,0.0,0.0,0.0,0.0,0.0,0.0,0.0,0.0,110.31812053584235,0.0,0.0,0.0,0.0,0.0,0.0,0.0
16158,18.887,846.75,846.75452,5.3380287830725495,C53H96O6,CCCCCCCCC=CCCCCCC(=O)OC(COC(=O)CCCCC=CCCCCCCCCCCC)COC(=O)CCCCC=CCCCCCCCCC,[M+NH4]+,TG 16:1_16:1_18:1,TG 16:1(6)_16:1(7)_18:1(6),0.701666666666668,0.867068333333331,0.059171704099393076,0.38041918538303054,All,Some,0.0,0.0,0.0,0.0,736.0594795539033,0.0,0.0,0.0,0.0,0.0,0.0,0.0,0.0,0.0,0.0,0.0,0.0,0.0
16161,18.888,844.73803,844.73887,0.99439013625507,C53H94O6,CCCCCCCCC=CCCCCCC(=O)OC(COC(=O)CCCCCCCC=CCC=CCC=CCC)COC(=O)CCCCCCCCCCCCCCC,[M+NH4]+,TG 16:0_16:1_18:3,"TG 16:0_16:1(7)_18:3(9,12,15)",0.7629999999999981,0.2351733333333262,0.11285351655547704,0.4379267582777376,Some,Some,0.0,0.0,0.0,0.0,0.0,0.0,0.0,0.0,13775.475143240059,0.0,0.0,0.0,0.0,0.0,0.0,0.0,0.0,0.0
16161,18.888,844.73803,844.73887,0.99439013625507,C53H94O6,CCCCCCCCCC=CCCCCC(=O)OC(COC(=O)CCCCCCCC=CCC=CCC=CCC)COC(=O)CCCCCCCCCCCCCCC,[M+NH4]+,TG 16:0_16:1_18:3,"TG 16:0_16:1(6)_18:3(9,12,15)",0.740000000000001,0.4369757142857062,0.09670516092725179,0.4183525804636264,Some,Some,0.0,0.0,0.0,0.0,0.0,0.0,0.0,0.0,14995.944305027117,0.0,0.0,0.0,0.0,0.0,0.0,0.0,0.0,0.0
16161,18.888,844.73803,844.73887,0.99439013625507,C53H94O6,CCCCCCCCC=CCCCCCC(=O)OC(COC(=O)CCCCC=CCC=CCC=CCCCCC)COC(=O)CCCCCCCCCCCCCCC,[M+NH4]+,TG 16:0_16:1_18:3,"TG 16:0_16:1(7)_18:3(6,9,12)",0.7456666666666649,0.6113049999999968,0.08359672065296081,0.41463169365981284,Some,Some,0.0,0.0,0.0,0.0,0.0,0.0,0.0,0.0,7942.829901868193,0.0,0.0,0.0,0.0,0.0,0.0,0.0,0.0,0.0
16161,18.888,844.73803,844.73887,0.99439013625507,C53H94O6,CCCCCCC=CCCCCCCCC(=O)OC(COC(=O)CCCCCCCC=CCC=CCC=CCC)COC(=O)CCCCCCCCCCCCCCC,[M+NH4]+,TG 16:0_16:1_18:3,"TG 16:0_16:1(9)_18:3(9,12,15)",0.7380000000000013,0.4021362499999981,0.08187362027914079,0.40993681013957106,All,Some,0.0,0.0,0.0,0.0,0.0,0.0,0.0,0.0,414.33120159745266,0.0,0.0,0.0,0.0,0.0,0.0,0.0,0.0,0.0
16161,18.888,844.73803,844.73887,0.99439013625507,C53H94O6,CCCCCCCCCC=CCCCCC(=O)OC(COC(=O)CCCCC=CCC=CCC=CCCCCC)COC(=O)CCCCCCCCCCCCCCC,[M+NH4]+,TG 16:0_16:1_18:3,"TG 16:0_16:1(6)_18:3(6,9,12)",0.7511428571428596,0.6676771428571199,0.033136672434008245,0.3921397647884339,Some,Some,0.0,0.0,0.0,0.0,0.0,0.0,0.0,0.0,13775.475143240059,0.0,0.0,0.0,0.0,0.0,0.0,0.0,0.0,0.0
16161,18.888,844.73803,844.73887,0.99439013625507,C53H94O6,CCCCCCC=CCCCCCCCC(=O)OC(COC(=O)CCCCC=CCC=CCC=CCCCCC)COC(=O)CCCCCCCCCCCCCCC,[M+NH4]+,TG 16:0_16:1_18:3,"TG 16:0_16:1(9)_18:3(6,9,12)",0.7477500000000026,0.603999999999985,0.02625119284755269,0.38700059642377765,All,Some,0.0,0.0,0.0,0.0,0.0,0.0,0.0,0.0,14995.944305027117,0.0,0.0,0.0,0.0,0.0,0.0,0.0,0.0,0.0
16168,18.899,946.78477,946.78582,1.1090153419955129,C61H100O6,CCCCCC=CCC=CCC=CCC=CCCCC(=O)OC(COC(=O)CCCCCCC=CCC=CCC=CCC=CCC)COC(=O)CCCCCCCC=CCCCCCCCC,[M+NH4]+,TG 18:1_20:4_20:4,"TG 18:1(9)_20:4(5,8,11,14)_20:4(8,11,14,17)",0.8643999999999992,0.39818800000000465,0.02836120256122615,0.4463806012806126,Some,Some,8682.611311672685,21297.74897680764,7550.836120401337,9580.820399113083,5157.858224016145,18950.99231386945,30839.427662957078,7047.846889952152,33841.899911474444,40574.88151658767,51389.9376515414,19669.7247706422,24375.693215339234,16074.413489736071,82099.35351579188,16513.407703641336,12437.23076923077,15942.124911714256
16168,18.899,946.78477,946.78582,1.1090153419955129,C61H100O6,CCCCCC=CCC=CCC=CCC=CCCCC(=O)OC(COC(=O)CCCCCCC=CCC=CCC=CCC=CCC)COC(=O)CCCCC=CCCCCCCCCCCC,[M+NH4]+,TG 18:1_20:4_20:4,"TG 18:1(6)_20:4(5,8,11,14)_20:4(8,11,14,17)",0.8617142857142862,0.6139157142857162,0.02734793380287626,0.44453110975858123,Some,Some,5410.048134777377,21297.74897680764,4640.2452619843925,6245.787139689579,3080.020181634712,12486.807387862798,19678.855325914148,3509.569377990431,20617.71166897999,24133.333333333332,31152.753723588507,12239.540276237525,14595.929203539821,10722.018572825025,106352.42217981945,16513.407703641336,7074.153846153846,9910.14024820906
16168,18.899,946.78477,946.78582,1.1090153419955129,C61H100O6,CCC=CCC=CCC=CCC=CCCCCCCC(=O)OC(COC(=O)CCCCCCC=CCC=CCC=CCC=CCC)COC(=O)CCCCCCCC=CCCCCCCCC,[M+NH4]+,TG 18:1_20:4_20:4,"TG 18:1(9)_20:4(8,11,14,17)_20:4(8,11,14,17)",0.8007999999999995,0.4233380000000125,0.07525283471303405,0.4380264173565168,Some,Some,3862.214199759326,11704.50204638472,3387.736900780379,4203.325942350333,3080.020181634712,8252.150969370196,12543.720190779017,3509.569377990431,12863.528563153697,15154.818325434435,51369.76099757534,8490.674463151527,11204.955752212389,7052.297165200392,87010.67980520036,17894.422226899598,8657.538461538461,6505.700736555342
16168,18.899,946.78477,946.78582,1.1090153419955129,C61H100O6,CCCCCC=CCC=CCC=CCC=CCCCC(=O)OC(COC(=O)CCCCCCC=CCC=CCC=CCC=CCC)COC(=O)CCCCCCCCCC=CCCCCCC,[M+NH4]+,TG 18:1_20:4_20:4,"TG 18:1(11)_20:4(5,8,11,14)_20:4(8,11,14,17)",0.835,0.4046524999999832,0.019768313188601082,0.4273841565943005,Some,Some,3272.563176895307,0.0,2910.5908584169447,3335.0332594235033,4423.120585267406,9084.604795227715,14718.60095389507,5490.4306220095705,17911.561874993167,37472.43285939968,26027.883616210598,9868.635951204758,13170.737463126843,12387.463343108506,32890.22869022868,3589.658317547183,7227.384615384615,11413.399253354859
16168,18.899,946.78477,946.78582,1.1090153419955129,C61H100O6,CCC=CCC=CCC=CCC=CCCCCCCC(=O)OC(COC(=O)CCCCCCC=CCC=CCC=CCC=CCC)COC(=O)CCCCCCCCCC=CCCCCCC,[M+NH4]+,TG 18:1_20:4_20:4,"TG 18:1(11)_20:4(8,11,14,17)_20:4(8,11,14,17)",0.7887500000000003,0.4846837500000021,0.059870757201824776,0.42431037860091253,All,Some,0.0,0.0,0.0,0.0,2345.2825428859733,2620.4198692210625,3558.028616852146,1952.153110047847,3847.0365796347496,21030.88467614534,8151.36820228611,2438.4514568000805,3390.9734513274334,7035.068426197459,66761.44447925269,2918.7399144039846,1864.3076923076922,5381.414589849662
16168,18.899,946.78477,946.78582,1.1090153419955129,C61H100O6,CCC=CCC=CCC=CCC=CCCCCCCC(=O)OC(COC(=O)CCCCCCC=CCC=CCC=CCC=CCC)COC(=O)CCCCC=CCCCCCCCCCCC,[M+NH4]+,TG 18:1_20:4_20:4,"TG 18:1(6)_20:4(8,11,14,17)_20:4(8,11,14,17)",0.7745714285714281,0.5301214285714357,0.07317929838941763,0.4238753634804229,Some,Some,0.0,0.0,0.0,0.0,2345.2825428859733,0.0,1192.368839427663,1952.153110047847,0.0,15869.668246445495,33089.71250432976,992.9428369795341,0.0,4915.933528836755,47355.7941503147,6532.884305058584,3447.692307692307,3347.5935828877004
16168,18.899,946.78477,946.78582,1.1090153419955129,C61H100O6,CCCCCC=CCC=CCC=CCC=CCCCC(=O)OC(COC(=O)CCCC=CCC=CCC=CCC=CCCCCC)COC(=O)CCCCCCCC=CCCCCCCCC,[M+NH4]+,TG 18:1_20:4_20:4,"TG 18:1(9)_20:4(5,8,11,14)_20:4(5,8,11,14)",0.7900000000000009,0.695942500000001,0.0,0.39500000000000046,Some,Some,3272.563176895307,0.0,2910.5908584169447,3335.0332594235033,2341.3639421459807,9084.604795227715,14718.60095389507,3538.2775119617227,17071.224822129203,21602.764612954186,26027.883616210598,9868.635951204758,13170.737463126843,8378.910068426198,32890.22869022868,2918.7399144039846,7227.384615384615,8065.805670467156
16168,18.899,946.78477,946.78582,1.1090153419955129,C61H100O6,CCCCCC=CCC=CCC=CCC=CCCCC(=O)OC(COC(=O)CCCC=CCC=CCC=CCC=CCCCCC)COC(=O)CCCCCCCCCC=CCCCCCC,[M+NH4]+,TG 18:1_20:4_20:4,"TG 18:1(11)_20:4(5,8,11,14)_20:4(5,8,11,14)",0.7845714285714303,0.5763328571428344,0.002334356100382559,0.3934528923359064,All,Some,0.0,0.0,0.0,0.0,263.5258997645476,2620.4198692210625,3558.028616852146,0.0,3847.0365796347496,5161.216429699842,5790.699688257707,2438.4514568000805,3390.9734513274334,3026.5151515151515,58284.05433884885,2918.7399144039846,1864.3076923076922,2033.8210069619613
16168,18.899,946.78477,946.78582,1.1090153419955129,C61H100O6,CCCCCC=CCC=CCC=CCC=CCCCC(=O)OC(COC(=O)CCCC=CCC=CCC=CCC=CCCCCC)COC(=O)CCCCC=CCCCCCCCCCCC,[M+NH4]+,TG 18:1_20:4_20:4,"TG 18:1(6)_20:4(5,8,11,14)_20:4(5,8,11,14)",0.7443333333333335,0.6251849999999877,0.008271587302333844,0.3763024603178337,Some,Some,0.0,0.0,0.0,0.0,263.5258997645476,0.0,1192.368839427663,0.0,0.0,0.0,0.0,992.9428369795341,0.0,907.3802541544477,47355.794150314694,0.0,0.0,0.0
16172,18.9,820.73745,820.73887,1.7301483479792097,C51H94O6,CCCCCCCCC=CCCCCCC(=O)OC(COC(=O)CCCCCC=CCCCCCCCC)COC(=O)CCCCCCCCCCCCCCC,[M+NH4]+,TG 16:0_16:1_16:1,TG 16:0_16:1(7)_16:1(7),0.727999999999998,0.8855749999999603,0.18244325473635367,0.45522162736817584,All,Some,0.0,0.0,0.0,0.0,0.0,0.0,0.0,0.0,0.0,0.0,0.0,0.0,0.0,0.0,0.0,0.0,0.0,1352.0249675408081
16172,18.9,820.73745,820.73887,1.7301483479792097,C51H94O6,CCCCCCCCCC=CCCCCC(=O)OC(COC(=O)CCCCCC=CCCCCCCCC)COC(=O)CCCCCCCCCCCCCCC,[M+NH4]+,TG 16:0_16:1_16:1,TG 16:0_16:1(6)_16:1(7),0.7809999999999988,0.7251749999999788,0.1279550346874208,0.4544775173437098,All,Some,0.0,0.0,0.0,0.0,0.0,0.0,0.0,0.0,0.0,0.0,0.0,0.0,0.0,0.0,0.0,0.0,0.0,1468.9266595846611
16172,18.9,820.73745,820.73887,1.7301483479792097,C51H94O6,CCCCCCCCCC=CCCCCC(=O)OC(COC(=O)CCCCC=CCCCCCCCCC)COC(=O)CCCCCCCCCCCCCCC,[M+NH4]+,TG 16:0_16:1_16:1,TG 16:0_16:1(6)_16:1(6),0.8339999999999996,0.5647749999999974,0.07346681463848793,0.4537334073192438,All,Some,0.0,0.0,0.0,0.0,0.0,0.0,0.0,0.0,0.0,0.0,0.0,0.0,0.0,0.0,0.0,0.0,0.0,4849.764974622814
16172,18.9,820.73745,820.73887,1.7301483479792097,C51H94O6,CCCCCCCCC=CCCCCCC(=O)OC(COC(=O)CCCCCCCC=CCCCCCC)COC(=O)CCCCCCCCCCCCCCC,[M+NH4]+,TG 16:0_16:1_16:1,TG 16:0_16:1(7)_16:1(9),0.6849999999999987,0.696102499999995,0.2040311842822146,0.4445155921411067,All,Some,0.0,0.0,0.0,0.0,0.0,0.0,0.0,0.0,0.0,0.0,0.0,0.0,0.0,0.0,0.0,0.0,0.0,116.90169204385289
16172,18.9,820.73745,820.73887,1.7301483479792097,C51H94O6,CCCCCCCCCC=CCCCCC(=O)OC(COC(=O)CCCCCCCC=CCCCCCC)COC(=O)CCCCCCCCCCCCCCC,[M+NH4]+,TG 16:0_16:1_16:1,TG 16:0_16:1(6)_16:1(9),0.7379999999999995,0.5357025000000135,0.14954296423328173,0.44377148211664064,All,Some,0.0,0.0,0.0,0.0,0.0,0.0,0.0,0.0,0.0,0.0,0.0,0.0,0.0,0.0,0.0,0.0,0.0,3614.641699125858
16172,18.9,820.73745,820.73887,1.7301483479792097,C51H94O6,CCCCCCC=CCCCCCCCC(=O)OC(COC(=O)CCCCCCCC=CCCCCCC)COC(=O)CCCCCCCCCCCCCCC,[M+NH4]+,TG 16:0_16:1_16:1,TG 16:0_16:1(9)_16:1(9),0.6419999999999995,0.5066300000000297,0.2256191138280755,0.4338095569140375,All,Some,0.0,0.0,0.0,0.0,0.0,0.0,0.0,0.0,0.0,0.0,0.0,0.0,0.0,0.0,0.0,0.0,0.0,3497.7400070820054
16219,18.968,972.80071,972.80147,0.7812488194676153,C63H102O6,CCCCCC=CCC=CCC=CCC=CCCCC(=O)OC(COC(=O)CCCCCC=CCC=CCC=CCC=CCC=CCC)COC(=O)CCCCC=CCCCCCCCCCCC,[M+NH4]+,TG 18:1_20:4_22:5,"TG 18:1(6)_20:4(5,8,11,14)_22:5(7,10,13,16,19)",0.8931428571428565,0.3714714285714048,0.06042802133915913,0.47678543924100786,Some,Some,0.0,0.0,0.0,0.0,0.0,2957.377049180328,2096.1477362986493,0.0,0.0,10883.38927187338,23286.472439792113,0.0,0.0,4292.292873947988,64028.6512452886,0.0,4229.980219825037,0.0
16219,18.968,972.80071,972.80147,0.7812488194676153,C63H102O6,CCCCCC=CCC=CCC=CCC=CCCCC(=O)OC(COC(=O)CCC=CCC=CCC=CCC=CCC=CCCCCC)COC(=O)CCCCC=CCCCCCCCCCCC,[M+NH4]+,TG 18:1_20:4_22:5,"TG 18:1(6)_20:4(5,8,11,14)_22:5(4,7,10,13,16)",0.9043999999999996,0.43743600000000243,0.009704910953437455,0.4570524554767186,Some,Some,0.0,0.0,0.0,0.0,0.0,199.07535623352837,161.72415749461027,0.0,0.0,1475.0208260391892,2678.9217480418715,0.0,0.0,291.68969383082526,10438.962382676818,0.0,227.23750484308408,0.0
16219,18.968,972.80071,972.80147,0.7812488194676153,C63H102O6,CCCCCC=CCC=CCC=CCC=CCCCC(=O)OC(COC(=O)CCCCCC=CCC=CCC=CCC=CCC=CCC)COC(=O)CCCCCCCC=CCCCCCCCC,[M+NH4]+,TG 18:1_20:4_22:5,"TG 18:1(9)_20:4(5,8,11,14)_22:5(7,10,13,16,19)",0.8664999999999994,0.4269762499999672,0.04680894932586584,0.45665447466293263,Some,Some,0.0,0.0,0.0,0.0,0.0,2617.4654933666857,2016.1522750482243,0.0,0.0,10987.175385432642,26645.59695483493,0.0,0.0,3863.523392967109,77289.93274702535,0.0,3449.2954587165314,0.0
16219,18.968,972.80071,972.80147,0.7812488194676153,C63H102O6,CCC=CCC=CCC=CCC=CCCCCCCC(=O)OC(COC(=O)CCC=CCC=CCC=CCC=CCC=CCCCCC)COC(=O)CCCCC=CCCCCCCCCCCC,[M+NH4]+,TG 18:1_20:4_22:5,"TG 18:1(6)_20:4(8,11,14,17)_22:5(4,7,10,13,16)",0.8287058823529408,0.4242882352941037,0.0751538939348412,0.451929888143891,Some,Some,0.0,0.0,0.0,0.0,0.0,1281.9940143833473,981.8109610802221,0.0,0.0,5974.935107269193,11314.105848766563,0.0,0.0,1813.936302916423,31599.119059936456,0.0,1723.6077407777484,0.0
16219,18.968,972.80071,972.80147,0.7812488194676153,C63H102O6,CCC=CCC=CCC=CCC=CCCCCCCC(=O)OC(COC(=O)CCCCCC=CCC=CCC=CCC=CCC=CCC)COC(=O)CCCCC=CCCCCCCCCCCC,[M+NH4]+,TG 18:1_20:4_22:5,"TG 18:1(6)_20:4(8,11,14,17)_22:5(7,10,13,16,19)",0.7766666666666661,0.6079599999999914,0.12105932115133015,0.44886299390899814,Some,Some,0.0,0.0,0.0,0.0,0.0,440.09023093759765,341.04731646431406,0.0,0.0,2004.8017602530515,3702.2179928262944,0.0,0.0,661.2590990194375,10438.962382676818,0.0,611.5132853443178,0.0
16219,18.968,972.80071,972.80147,0.7812488194676153,C63H102O6,CCCCCC=CCC=CCC=CCC=CCCCC(=O)OC(COC(=O)CCCCCC=CCC=CCC=CCC=CCC=CCC)COC(=O)CCCCCCCCCC=CCCCCCC,[M+NH4]+,TG 18:1_20:4_22:5,"TG 18:1(11)_20:4(5,8,11,14)_22:5(7,10,13,16,19)",0.8022499999999999,0.43708249999997406,0.09079449086349761,0.44652224543174873,Some,Some,0.0,0.0,0.0,0.0,0.0,977.9782909724393,831.9527970044253,0.0,0.0,4904.051117362276,7579.972183588318,0.0,0.0,1502.9922155026761,23991.521690931942,0.0,1314.54556577418,0.0
16219,18.968,972.80071,972.80147,0.7812488194676153,C63H102O6,CCC=CCC=CCC=CCC=CCCCCCCC(=O)OC(COC(=O)CCCCCC=CCC=CCC=CCC=CCC=CCC)COC(=O)CCCCCCCC=CCCCCCCCC,[M+NH4]+,TG 18:1_20:4_22:5,"TG 18:1(9)_20:4(8,11,14,17)_22:5(7,10,13,16,19)",0.8253333333333318,0.5877416666666401,0.06241193243448778,0.4438726328839098,Some,Some,0.0,0.0,0.0,0.0,0.0,261.3436369321481,221.3207761261772,0.0,0.0,1428.631578311944,3165.6357514091205,0.0,0.0,446.58697952029814,12288.847830906809,0.0,384.6224433614062,0.0
16219,18.968,972.80071,972.80147,0.7812488194676153,C63H102O6,CCC=CCC=CCC=CCC=CCCCCCCC(=O)OC(COC(=O)CCC=CCC=CCC=CCC=CCC=CCCCCC)COC(=O)CCCCCCCC=CCCCCCCCC,[M+NH4]+,TG 18:1_20:4_22:5,"TG 18:1(9)_20:4(8,11,14,17)_22:5(4,7,10,13,16)",0.7861052631578951,0.5854357894736854,0.0821261780263217,0.43411572059210846,Some,Some,0.0,0.0,0.0,0.0,0.0,323.97820163487734,249.9858164075797,0.0,0.0,1530.8451749990945,2467.4804187101972,0.0,0.0,503.77540225166183,7476.4318971251205,0.0,444.5951181712515,0.0
16219,18.968,972.80071,972.80147,0.7812488194676153,C63H102O6,CCC=CCC=CCC=CCC=CCCCCCCC(=O)OC(COC(=O)CCC=CCC=CCC=CCC=CCC=CCCCCC)COC(=O)CCCCCCCCCC=CCCCCCC,[M+NH4]+,TG 18:1_20:4_22:5,"TG 18:1(11)_20:4(8,11,14,17)_22:5(4,7,10,13,16)",0.7625454545454547,0.5334968181818247,0.1029166385046464,0.43273104652505057,Some,Some,0.0,0.0,0.0,0.0,0.0,2479.7427078215032,1826.5630318847159,0.0,0.0,9238.536623646307,20410.07246907254,0.0,0.0,3653.7367166158756,47890.77525681767,0.0,3347.3765778258125,0.0
16219,18.968,972.80071,972.80147,0.7812488194676153,C63H102O6,CCCCCC=CCC=CCC=CCC=CCCCC(=O)OC(COC(=O)CCC=CCC=CCC=CCC=CCC=CCCCCC)COC(=O)CCCCCCCCCC=CCCCCCC,[M+NH4]+,TG 18:1_20:4_22:5,"TG 18:1(11)_20:4(5,8,11,14)_22:5(4,7,10,13,16)",0.8277142857142857,0.5396807142857126,0.02693845582455186,0.4273263707694189,Some,Some,0.0,0.0,0.0,0.0,0.0,760.9550185375441,673.2951321910812,0.0,0.0,3672.6131548129274,7749.524192958055,0.0,0.0,1170.207323427705,20556.795506614446,0.0,1267.2260853606313,0.0
16229,18.984,844.73829,844.73887,0.6866027131124789,C53H94O6,CCCCCCCCCC=CCCCCC(=O)OC(COC(=O)CCCCC=CCC=CCC=CCCCCC)COC(=O)CCCCCCCCCCCCCCC,[M+NH4]+,TG 16:0_16:1_18:3,"TG 16:0_16:1(6)_18:3(6,9,12)",0.8693333333333358,0.63996499999998,0.047805437373707634,0.45856938535352176,Some,Some,0.0,0.0,0.0,0.0,1435.912294440094,10706.162935323382,0.0,0.0,12268.314210061782,0.0,9726.392672888529,5432.059245102723,6282.735613010843,10307.290533188248,45743.19845857418,5635.329080893013,0.0,8894.899239684062
16229,18.984,844.73829,844.73887,0.6866027131124789,C53H94O6,CCCCCCCCCC=CCCCCC(=O)OC(COC(=O)CCCCCCCC=CCC=CCC=CCC)COC(=O)CCCCCCCCCCCCCCC,[M+NH4]+,TG 16:0_16:1_18:3,"TG 16:0_16:1(6)_18:3(9,12,15)",0.8577142857142894,0.29979571428569735,0.05691142095654288,0.45731285333541616,Some,Some,0.0,0.0,0.0,0.0,4180.8848864526235,19459.800995024874,0.0,0.0,12575.022065313327,0.0,26145.962552895482,10486.383182035355,12871.29750982962,21518.12356426067,68846.4739884393,9435.60452305016,0.0,17424.91125173638
16229,18.984,844.73829,844.73887,0.6866027131124789,C53H94O6,CCCCCCC=CCCCCCCCC(=O)OC(COC(=O)CCCCC=CCC=CCC=CCCCCC)COC(=O)CCCCCCCCCCCCCCC,[M+NH4]+,TG 16:0_16:1_18:3,"TG 16:0_16:1(9)_18:3(6,9,12)",0.8700000000000022,0.5122233333333194,0.03769498397308423,0.4538474919865432,All,Some,0.0,0.0,0.0,0.0,830.4228660924041,7908.271144278607,0.0,0.0,7238.305383936452,0.0,8738.97165381717,3918.2990922121353,4620.636244489456,8575.021158263813,36411.79190751445,4222.528269063497,0.0,6735.467765422737
16229,18.984,844.73829,844.73887,0.6866027131124789,C53H94O6,CCCCCCC=CCCCCCCCC(=O)OC(COC(=O)CCCCCCCC=CCC=CCC=CCC)COC(=O)CCCCCCCCCCCCCCC,[M+NH4]+,TG 16:0_16:1_18:3,"TG 16:0_16:1(9)_18:3(9,12,15)",0.8582857142857178,0.19030285714284542,0.048245318041722815,0.4532655161637203,All,Some,0.0,0.0,0.0,0.0,4635.982772122162,19459.800995024874,0.0,0.0,12575.022065313327,0.0,21516.317894614804,11444.816053511704,12871.29750982962,22974.15064683835,74767.09055876687,9435.60452305016,0.0,17424.91125173638
16229,18.984,844.73829,844.73887,0.6866027131124789,C53H94O6,CCCCCCCCC=CCCCCCC(=O)OC(COC(=O)CCCCC=CCC=CCC=CCCCCC)COC(=O)CCCCCCCCCCCCCCC,[M+NH4]+,TG 16:0_16:1_18:3,"TG 16:0_16:1(7)_18:3(6,9,12)",0.8268000000000001,0.6026759999999968,0.04262892692315543,0.43471446346157777,Some,Some,0.0,0.0,0.0,0.0,1435.912294440094,10706.162935323382,0.0,0.0,12268.314210061782,0.0,9726.392672888529,5432.059245102723,6282.735613010843,10307.290533188248,42564.084778420045,5635.329080893013,0.0,8894.899239684062
16229,18.984,844.73829,844.73887,0.6866027131124789,C53H94O6,CCCCCCCCC=CCCCCCC(=O)OC(COC(=O)CCCCCCCC=CCC=CCC=CCC)COC(=O)CCCCCCCCCCCCCCC,[M+NH4]+,TG 16:0_16:1_18:3,"TG 16:0_16:1(7)_18:3(9,12,15)",0.7973333333333379,0.3371949999999894,0.05628620438200995,0.42680976885767397,Some,Some,0.0,0.0,0.0,0.0,4180.8848864526235,19459.800995024874,0.0,0.0,12575.022065313327,0.0,26145.962552895482,10486.383182035355,12871.29750982962,21518.12356426067,65667.36030828516,9435.60452305016,0.0,17424.91125173638
16251,19.007,870.75419,870.75452,0.37898166748837314,C55H96O6,CCCCCCCCCCCCCC(=O)OC(COC(=O)CCCCC=CCC=CCC=CCC=CCC=CCCCCC)COC(=O)CCCCCCCCCCCCC,[M+NH4]+,TG 14:0_14:0_24:5,"TG 14:0_14:0_24:5(6,9,12,15,18)",0.8440000000000012,0.47624875000002476,0.04987869134116744,0.4469393456705843,Some,Some,0.0,0.0,0.0,0.0,0.0,97387.51814223512,118979.39471989697,0.0,124681.40188057149,221897.36898294225,213808.14329718117,111978.08072707833,118407.92474344355,81973.12499999999,445326.5856950067,100225.07033447953,88963.98069067956,103619.96552264535
16251,19.007,870.75419,870.75452,0.37898166748837314,C55H96O6,CCCCCCCCCCCCCC(=O)OC(COC(=O)CCCCCCCC=CCC=CCC=CCC=CCC=CCC)COC(=O)CCCCCCCCCCCCC,[M+NH4]+,TG 14:0_14:0_24:5,"TG 14:0_14:0_24:5(9,12,15,18,21)",0.8694000000000003,0.2514989999999898,0.017411636873710445,0.44340581843685534,All,Some,0.0,0.0,0.0,0.0,0.0,142612.48185776488,166020.60528010307,0.0,233318.59811942853,336102.63101705775,316191.8567028189,145021.9192729217,131592.07525655645,113026.87499999999,506673.41430499335,129774.92966552047,91036.01930932046,113380.03447735464
16265,19.016,896.76956,896.77017,0.680218879327257,C57H98O6,CCCCCCCCCCCCCCCC(=O)OC(COC(=O)CCC=CCC=CCC=CCC=CCC=CCC=CCCCC)COC(=O)CCCCCCCCCCCCC,[M+NH4]+,TG 14:0_16:0_24:6,"TG 14:0_16:0_24:6(4,7,10,13,16,19)",0.8651999999999994,0.5730060000000208,0.0386962126083228,0.4519481063041611,Some,Some,240000.0,0.0,0.0,0.0,248000.0,273000.0,700000.0,266000.0,414000.0,555000.0,637000.0,279000.0,296000.0,0.0,0.0,276000.0,197000.0,232000.0
16366,19.071,794.72227,794.72322,1.1953847277658556,C49H92O6,CCCCCCCCCCCCCCCC(=O)OC(COC(=O)CCCCCCCC=CCCCCCC)COC(=O)CCCCCCCCCCCCC,[M+NH4]+,TG 14:0_16:0_16:1,TG 14:0_16:0_16:1(9),0.982999999999997,0.5097099999999841,0.17122639964232322,0.57711319982116,All,Some,0.0,0.0,0.0,0.0,0.0,490576.070901034,526002.7285129605,0.0,551277.6957163957,930314.304041052,510360.14405762305,497235.02304147463,439400.0,420699.51109439635,627152.034261242,445799.9221486959,353141.74378957617,431966.8556476232
16366,19.071,794.72227,794.72322,1.1953847277658556,C49H92O6,CCCCCCCCCCCCCCCC(=O)OC(COC(=O)CCCCCC=CCCCCCCCC)COC(=O)CCCCCCCCCCCCC,[M+NH4]+,TG 14:0_16:0_16:1,TG 14:0_16:0_16:1(7),0.9770000000000039,0.5090599999999768,0.16240238981122732,0.5697011949056157,All,Some,404279.0697674419,0.0,408137.2549019608,447506.4267352185,525752.508361204,1186447.5627769572,1436562.07366985,459978.60962566844,1555280.6499261446,1269788.3258499037,1380504.2016806721,1320967.7419354839,1133600.0,1135622.4144415194,1522912.205567452,1150576.0996496691,950657.574281539,1144788.486698648
16366,19.071,794.72227,794.72322,1.1953847277658556,C49H92O6,CCCCCCCCCCCCCCCC(=O)OC(COC(=O)CCCCC=CCCCCCCCCC)COC(=O)CCCCCCCCCCCCC,[M+NH4]+,TG 14:0_16:0_16:1,TG 14:0_16:0_16:1(6),0.9130000000000038,0.5100649999999973,0.0,0.4565000000000019,All,None,1235720.9302325582,1350000.0,1401862.7450980393,832493.5732647814,1274247.491638796,1932976.3663220087,2357435.1978171896,1220021.3903743315,2063441.6543574592,1839897.3701090445,1439135.6542617048,2081797.2350230415,1807000.0,1983678.074464084,2329935.7601713063,1713623.9782016352,1596200.6819288845,1923244.6576537285
16419,19.106,825.69323,825.69426,1.2474350978463835,C51H94O6,CCCCCCC=CCCCCCCCC(=O)OC(COC(=O)CCCCCCCCCC=CCCCCCC)COC(=O)CCCCCCCCCCCCC,[M+Na]+,TG 14:0_16:1_18:1,TG 14:0_16:1(9)_18:1(11),0.9879999999999995,0.9242499999999154,0.0,0.4939999999999998,Some,Some,71000.0,61400.0,71600.0,57800.0,57166.96588868941,69585.6,97000.0,67400.0,91600.0,62510.056315366055,57713.15372424722,101644.99634769905,60949.15254237288,66773.9059967585,46462.24024328434,69052.61820030503,74643.92523364486,80000.0
16419,19.106,825.69323,825.69426,1.2474350978463835,C51H94O6,CCCCCCCCC=CCCCCCC(=O)OC(COC(=O)CCCCCCCCCC=CCCCCCC)COC(=O)CCCCCCCCCCCCC,[M+Na]+,TG 14:0_16:1_18:1,TG 14:0_16:1(7)_18:1(11),0.9760000000000026,0.9132749999999419,0.0,0.4880000000000013,Some,Some,0.0,0.0,0.0,0.0,0.0,23408.0,0.0,0.0,0.0,27369.267900241353,11793.977812995245,31112.490869247624,32276.83615819209,24841.16693679092,23343.89254941713,22081.342145399085,18109.81308411215,0.0
16419,19.106,825.69323,825.69426,1.2474350978463835,C51H94O6,CCCCCCC=CCCCCCCCC(=O)OC(COC(=O)CCCCCCCC=CCCCCCCCC)COC(=O)CCCCCCCCCCCCC,[M+Na]+,TG 14:0_16:1_18:1,TG 14:0_16:1(9)_18:1(9),0.9760000000000026,0.9132749999999419,0.0,0.4880000000000013,Some,Some,0.0,0.0,0.0,0.0,16033.034111310591,42985.6,0.0,0.0,0.0,59806.918744971845,31998.415213946115,31112.490869247624,30310.73446327684,46603.727714748784,28531.424227065385,38061.26080325369,18109.81308411215,0.0
16419,19.106,825.69323,825.69426,1.2474350978463835,C51H94O6,CCCCCCC=CCCCCCCCC(=O)OC(COC(=O)CCCCC=CCCCCCCCCCCC)COC(=O)CCCCCCCCCCCCC,[M+Na]+,TG 14:0_16:1_18:1,TG 14:0_16:1(9)_18:1(6),0.9730000000000025,0.5601899999999773,0.0,0.48650000000000126,Some,Some,71000.0,61400.0,71600.0,57800.0,73200.0,65755.2,97000.0,67400.0,91600.0,67578.4392598552,66123.61331220286,70532.50547845144,56033.89830508474,63695.29983792545,74993.66447034973,62951.194712760545,56534.11214953272,80000.0
16419,19.106,825.69323,825.69426,1.2474350978463835,C51H94O6,CCCCCCCCC=CCCCCCC(=O)OC(COC(=O)CCCCCCCC=CCCCCCCCC)COC(=O)CCCCCCCCCCCCC,[M+Na]+,TG 14:0_16:1_18:1,TG 14:0_16:1(7)_18:1(9),0.9640000000000057,0.9022999999999683,0.0,0.48200000000000287,Some,None,0.0,0.0,0.0,0.0,16033.034111310591,19577.600000000002,0.0,0.0,0.0,32437.650844730488,20204.437400950872,0.0,27361.581920903955,21762.56077795786,51875.31677648251,15979.9186578546,0.0,0.0
16419,19.106,825.69323,825.69426,1.2474350978463835,C51H94O6,CCCCCCCCC=CCCCCCC(=O)OC(COC(=O)CCCCC=CCCCCCCCCCCC)COC(=O)CCCCCCCCCCCCC,[M+Na]+,TG 14:0_16:1_18:1,TG 14:0_16:1(7)_18:1(6),0.9610000000000056,0.5492150000000038,0.0,0.4805000000000028,Some,None,0.0,0.0,0.0,0.0,16033.034111310591,19577.600000000002,0.0,0.0,0.0,32437.650844730488,20204.437400950872,0.0,12697.740112994352,21762.56077795786,28531.424227065385,15979.9186578546,0.0,0.0
16419,19.106,825.69323,825.69426,1.2474350978463835,C51H94O6,CCCCCCCCCC=CCCCCC(=O)OC(COC(=O)CCCCCCCCCC=CCCCCCC)COC(=O)CCCCCCCCCCCCC,[M+Na]+,TG 14:0_16:1_18:1,TG 14:0_16:1(6)_18:1(11),0.9469999999999992,0.8917649999999071,0.0,0.4734999999999996,Some,Some,71000.0,61400.0,71600.0,57800.0,57166.96588868941,46177.6,97000.0,67400.0,91600.0,35140.7884151247,45919.17591125198,70532.50547845144,43336.15819209039,41932.739059967585,46462.24024328434,46971.276054905946,56534.11214953272,80000.0
16419,19.106,825.69323,825.69426,1.2474350978463835,C51H94O6,CCCCCCCCCC=CCCCCC(=O)OC(COC(=O)CCCCCCCC=CCCCCCCCC)COC(=O)CCCCCCCCCCCCC,[M+Na]+,TG 14:0_16:1_18:1,TG 14:0_16:1(6)_18:1(9),0.9350000000000023,0.8807899999999336,0.0,0.46750000000000114,Some,None,71000.0,61400.0,71600.0,57800.0,57166.96588868941,46177.6,97000.0,67400.0,91600.0,35140.7884151247,45919.17591125198,70532.50547845144,58000.0,41932.739059967585,69806.13279270146,46971.276054905946,56534.11214953272,80000.0
16419,19.106,825.69323,825.69426,1.2474350978463835,C51H94O6,CCCCCCCCCC=CCCCCC(=O)OC(COC(=O)CCCCC=CCCCCCCCCCCC)COC(=O)CCCCCCCCCCCCC,[M+Na]+,TG 14:0_16:1_18:1,TG 14:0_16:1(6)_18:1(6),0.9320000000000022,0.527704999999969,0.0,0.4660000000000011,Some,None,71000.0,61400.0,71600.0,57800.0,73200.0,65755.2,97000.0,67400.0,91600.0,67578.4392598552,66123.61331220286,70532.50547845144,56033.89830508474,63695.29983792545,74993.66447034973,62951.194712760545,56534.11214953272,80000.0
16430,19.108,820.73791,820.73887,1.169677756292518,C51H94O6,CCCCCCC=CCCCCCCCC(=O)OC(COC(=O)CCCCCCCC=CCCCCCC)COC(=O)CCCCCCCCCCCCCCC,[M+NH4]+,TG 16:0_16:1_16:1,TG 16:0_16:1(9)_16:1(9),0.9859999999999971,0.9243300000000545,0.44992855874048027,0.7179642793702387,All,Some,237298.76555591772,148166.12729234088,251907.2516481018,171944.53915217638,213913.00852227048,440788.48560700886,550064.4976350866,293207.4534161491,492144.5700582392,545040.3287170902,313738.0191693291,522293.85816084157,336675.6570945053,379627.62391046464,503621.83146837173,420738.10762383667,341479.3486894361,439267.4183289968
16430,19.108,820.73791,820.73887,1.169677756292518,C51H94O6,CCCCCCCCC=CCCCCCC(=O)OC(COC(=O)CCCCCCCC=CCCCCCC)COC(=O)CCCCCCCCCCCCCCC,[M+NH4]+,TG 16:0_16:1_16:1,TG 16:0_16:1(7)_16:1(9),0.9679999999999988,0.6458266666666835,0.2673338102362971,0.6176669051181479,All,Some,523642.9890763817,426757.86996175343,576908.3882700613,378210.02386634843,517433.6710082007,895944.9311639551,1050661.6979599637,542211.1801242236,1122528.263103803,1133551.970780703,831986.7471305171,946029.8608754666,814561.3200063462,874672.236835319,1195670.2443480245,899830.6456274203,719932.4861000794,879389.997108991
16430,19.108,820.73791,820.73887,1.169677756292518,C51H94O6,CCCCCCCCCC=CCCCCC(=O)OC(COC(=O)CCCCCCCC=CCCCCCC)COC(=O)CCCCCCCCCCCCCCC,[M+NH4]+,TG 16:0_16:1_16:1,TG 16:0_16:1(6)_16:1(9),0.8999999999999986,0.8908133333333504,0.24664256432339357,0.5733212821616961,All,Some,1020322.4431462026,838074.9239972541,1054998.8633780405,790401.1819524947,1093146.0041807366,1184843.5544430541,1566069.4663417898,1030996.2732919256,1309616.3069544367,1381488.357936387,1118417.9387054788,1426263.997285375,1048781.003754826,1151622.0537418125,1467951.5871203472,1057574.1286630828,951546.8625893565,1203210.7545533392
16430,19.108,820.73791,820.73887,1.169677756292518,C51H94O6,CCCCCCCCC=CCCCCCC(=O)OC(COC(=O)CCCCCC=CCCCCCCCC)COC(=O)CCCCCCCCCCCCCCC,[M+NH4]+,TG 16:0_16:1_16:1,TG 16:0_16:1(7)_16:1(7),0.9589999999999996,0.506574999999998,0.1760364359842055,0.5675182179921026,All,Some,286344.22352046403,278591.7426694126,325001.1366219596,206265.48471417202,303520.6624859302,455156.4455569462,500597.200324877,249003.72670807454,630383.6930455635,588511.6420636127,518248.72796118807,423736.0027146251,477885.66291184095,495044.6129248543,692048.4128796529,479092.5380035835,378453.1374106434,440122.57877999416
16430,19.108,820.73791,820.73887,1.169677756292518,C51H94O6,CCCCCCCCCC=CCCCCC(=O)OC(COC(=O)CCCCCC=CCCCCCCCC)COC(=O)CCCCCCCCCCCCCCC,[M+NH4]+,TG 16:0_16:1_16:1,TG 16:0_16:1(6)_16:1(7),0.9079999999999995,0.6903149999999982,0.16051800154952786,0.5342590007747636,All,Some,1069367.901110749,968500.5393743258,1128092.7483518983,824722.1275144904,1182753.658144396,1199211.5143929916,1516602.16903158,986792.5465838511,1447855.4299417608,1424959.6712829096,1322928.6474973375,1327706.1418391585,1189991.0095721614,1267039.042756202,1656378.168531628,1115928.5590428298,988520.6513105639,1204065.9150043365
16430,19.108,820.73791,820.73887,1.169677756292518,C51H94O6,CCCCCCCCCC=CCCCCC(=O)OC(COC(=O)CCCCC=CCCCCCCCCC)COC(=O)CCCCCCCCCCCCCCC,[M+NH4]+,TG 16:0_16:1_16:1,TG 16:0_16:1(6)_16:1(6),0.8569999999999993,0.8740549999999985,0.1449995671148502,0.5009997835574247,All,All,783023.677590285,689908.7967049131,803091.6117299385,618456.6428003183,879232.995658466,744055.0688360452,1016004.968706703,737788.8198757765,817471.7368961973,836448.0292192969,804679.9195361496,903970.1391245334,712105.3466603204,771994.4298313477,964329.7556519754,636836.0210392462,610067.5138999205,763943.3362243423
16515,19.148,870.75531,870.75452,0.9072591435434695,C55H96O6,CCCCCCCCCCCCCCCC(=O)OC(COC(=O)CCCCCC=CCC=CCC=CCC=CCC=CCC)COC(=O)CCCCCCCCCCCCC,[M+NH4]+,TG 14:0_16:0_22:5,"TG 14:0_16:0_22:5(7,10,13,16,19)",0.9159999999999997,0.4781970000000001,0.034019458433191554,0.47500972921659557,All,Some,5035.534591194968,0.0,9170.28849756463,0.0,0.0,0.0,0.0,0.0,0.0,0.0,0.0,0.0,0.0,21719.388445406577,0.0,19463.73033707865,24279.4248981795,0.0
16515,19.148,870.75531,870.75452,0.9072591435434695,C55H96O6,CCCCCCCCCCCCCCCC(=O)OC(COC(=O)CCC=CCC=CCC=CCC=CCC=CCCCCC)COC(=O)CCCCCCCCCCCCC,[M+NH4]+,TG 14:0_16:0_22:5,"TG 14:0_16:0_22:5(4,7,10,13,16)",0.7779999999999999,0.8002583333333746,0.03403573837496026,0.40601786918748006,Some,Some,8364.46540880503,0.0,4329.71150243537,0.0,0.0,0.0,0.0,0.0,0.0,0.0,0.0,0.0,0.0,29080.611554593426,0.0,25836.269662921353,17320.5751018205,0.0
16526,19.154,896.77019,896.77017,0.0223022582804074,C57H98O6,CCCCCCCCCCCCCCCC(=O)OC(COC(=O)CCC=CCC=CCC=CCC=CCC=CCC=CCCCC)COC(=O)CCCCCCCCCCCCC,[M+NH4]+,TG 14:0_16:0_24:6,"TG 14:0_16:0_24:6(4,7,10,13,16,19)",0.7887272727272729,0.6268390909091192,0.03378962807247125,0.41125845039987213,Some,Some,0.0,380000.0,257000.0,239000.0,0.0,268000.0,0.0,0.0,0.0,0.0,0.0,304000.0,259000.0,566000.0,2460000.0,260000.0,241000.0,296000.0
16528,19.155,846.7535,846.75452,1.204599415573073,C53H96O6,CCCCCCCCCC=CCCCCC(=O)OC(COC(=O)CCCCCCCC=CCCCCCCCC)COC(=O)CCCCC=CCCCCCCCCC,[M+NH4]+,TG 16:1_16:1_18:1,TG 16:1(6)_16:1(6)_18:1(9),0.9349999999999987,0.8801200000000335,0.14941216486929507,0.5422060824346469,Some,Some,676152.5725929699,525434.2915011295,632446.7703778049,514025.125481377,723883.0749162493,544800.469483568,661982.1384271893,678864.4177417707,640647.1121862717,661836.7346938776,562627.3972602739,592893.3253873659,483655.97842373396,543168.2348067933,818327.5100947758,493482.70226096426,439317.6146831782,547736.9855638187
16528,19.155,846.7535,846.75452,1.204599415573073,C53H96O6,CCCCCCCCC=CCCCCCC(=O)OC(COC(=O)CCCCC=CCCCCCCCCCCC)COC(=O)CCCCCC=CCCCCCCCC,[M+NH4]+,TG 16:1_16:1_18:1,TG 16:1(7)_16:1(7)_18:1(6),0.9549999999999983,0.8689150000000154,0.1038132917291747,0.5294066458645865,Some,Some,299815.3336729495,290371.5821453611,367969.03003799554,244406.0965382577,330173.1345053512,296977.6995305164,353125.7752418755,304047.38400789734,304245.5397641368,334515.306122449,289142.4657534247,325244.3384982121,276643.6919388672,300328.42180010653,463111.9107893801,253095.20566603102,254269.76686334412,303920.3149712286
16528,19.155,846.7535,846.75452,1.204599415573073,C53H96O6,CCCCCCCCCC=CCCCCC(=O)OC(COC(=O)CCCCCCCCCC=CCCCCCC)COC(=O)CCCCC=CCCCCCCCCC,[M+NH4]+,TG 16:1_16:1_18:1,TG 16:1(6)_16:1(6)_18:1(11),0.9329999999999963,0.8920150000000149,0.117353072036467,0.5251765360182317,Some,Some,427769.9949057565,436940.09503778146,499345.47279374866,334630.35668837646,442575.07930390444,410648.47417840373,480786.4053584719,417147.76866255916,439053.5228303599,475994.8979591837,432147.94520547945,444952.3241954708,382972.7299970033,393896.0885259483,624842.5633407953,354121.4927812584,329220.98618593405,406096.510414914
16528,19.155,846.7535,846.75452,1.204599415573073,C53H96O6,CCCCCCC=CCCCCCCCC(=O)OC(COC(=O)CCCCC=CCCCCCCCCCCC)COC(=O)CCCCCCCC=CCCCCCC,[M+NH4]+,TG 16:1_16:1_18:1,TG 16:1(9)_16:1(9)_18:1(6),0.9529999999999959,0.8808099999999968,0.07175419889634663,0.5123770994481712,Some,Some,1001057.0555272541,804467.5547246241,965056.2764355867,802637.3828110333,1006767.3653315941,839730.0469483567,1005842.2227735055,1000342.1043673623,1032703.3565164803,1031122.448979592,850099.7260273973,930560.1907032181,708546.5987413845,810192.9108231256,1281439.420884156,724763.0073549441,627422.514517596,781460.7800249016
16528,19.155,846.7535,846.75452,1.204599415573073,C53H96O6,CCCCCCCCC=CCCCCCC(=O)OC(COC(=O)CCCCCCCCCC=CCCCCCC)COC(=O)CCCCCC=CCCCCCCCC,[M+NH4]+,TG 16:1_16:1_18:1,TG 16:1(7)_16:1(7)_18:1(11),0.9720000000000013,0.8861650000000623,0.034437984900381434,0.5032189924501913,Some,Some,427769.9949057565,436940.09503778146,499345.47279374866,345155.02113260765,456276.7187453678,410648.47417840373,480786.4053584719,417147.76866255916,439053.5228303599,475994.8979591837,460749.0410958904,444952.3241954708,382972.7299970033,393896.0885259483,642939.0965960206,354121.4927812584,336575.01340982766,406096.510414914
16528,19.155,846.7535,846.75452,1.204599415573073,C53H96O6,CCCCCCCCC=CCCCCCC(=O)OC(COC(=O)CCCCCCCC=CCCCCCCCC)COC(=O)CCCCCC=CCCCCCCCC,[M+NH4]+,TG 16:1_16:1_18:1,TG 16:1(7)_16:1(7)_18:1(9),0.9720000000000013,0.8861650000000623,0.034437984900381434,0.5032189924501913,All,Some,127954.66123280693,146568.51289242037,131376.44275575312,100748.92459434988,126103.58424001661,113670.77464788732,127660.6301165964,113100.38465466182,134807.98306622318,141479.5918367347,171606.57534246577,119707.98569725866,106329.03805813605,93567.66672584176,179827.18580664057,101026.28711522743,82305.24654648351,102176.19544368543
16528,19.155,846.7535,846.75452,1.204599415573073,C53H96O6,CCCCCCC=CCCCCCCCC(=O)OC(COC(=O)CCCCCCCC=CCCCCCCCC)COC(=O)CCCCCCCC=CCCCCCC,[M+NH4]+,TG 16:1_16:1_18:1,TG 16:1(9)_16:1(9)_18:1(9),0.9720000000000013,0.8861650000000623,0.034437984900381434,0.5032189924501913,Some,Some,237594.24350483954,263823.32320635667,259303.1758549,178752.23738614883,235352.9394325695,256015.25821596244,301649.7147109899,215716.37675732718,314139.7036589054,320127.5510204082,284967.12328767125,272166.2693682956,242768.95415043453,239271.55452985383,438186.497060485,243988.01416507762,203090.86810171252,238259.91856513105
16528,19.155,846.7535,846.75452,1.204599415573073,C53H96O6,CCCCCCCCC=CCCCCCC(=O)OC(COC(=O)CCCCCCCC=CCCCCCCCC)COC(=O)CCCCC=CCCCCCCCCC,[M+NH4]+,TG 16:1_16:1_18:1,TG 16:1(6)_16:1(7)_18:1(9),0.9269999999999996,0.8801075000000367,0.07470608243464753,0.5008530412173235,All,Some,127954.66123280693,146568.51289242037,131376.44275575312,100748.92459434988,126103.58424001661,113670.77464788732,127660.6301165964,113100.38465466182,134807.98306622318,141479.5918367347,171606.57534246577,119707.98569725866,106329.03805813605,93567.66672584176,179827.18580664057,101026.28711522743,82305.24654648351,102176.19544368543
16528,19.155,846.7535,846.75452,1.204599415573073,C53H96O6,CCCCCCCCCC=CCCCCC(=O)OC(COC(=O)CCCCC=CCCCCCCCCCCC)COC(=O)CCCCC=CCCCCCCCCC,[M+NH4]+,TG 16:1_16:1_18:1,TG 16:1(6)_16:1(6)_18:1(6),0.8819999999999979,0.8740500000000111,0.11497417996891363,0.4984870899844558,Some,Some,485976.82119205303,352317.5196697048,392404.4734389562,358147.00617914944,516660.9350449143,390167.25352112675,482845.44777970726,477433.0258365389,515733.2930148171,505969.38775510207,415446.5753424658,420107.27056019066,343452.20257716515,388543.7008106989,631671.4438144654,383349.2236447834,313187.4965989567,379900.3937140357
16528,19.155,846.7535,846.75452,1.204599415573073,C53H96O6,CCCCCCCCC=CCCCCCC(=O)OC(COC(=O)CCCCCCCCCC=CCCCCCC)COC(=O)CCCCC=CCCCCCCCCC,[M+NH4]+,TG 16:1_16:1_18:1,TG 16:1(6)_16:1(7)_18:1(11),0.9283333333333322,0.7553916666666775,0.0509566880949787,0.48964501071415545,All,Some,127954.66123280693,146568.51289242037,131376.44275575312,100748.92459434988,126103.58424001661,113670.77464788732,127660.6301165964,113100.38465466182,134807.98306622318,141479.5918367347,171606.57534246577,119707.98569725866,106329.03805813605,93567.66672584176,179827.18580664057,101026.28711522743,82305.24654648351,102176.19544368543
16593,19.18,922.78529,922.78582,0.574347793849318,C59H100O6,CCCCCC=CCC=CCCCCCCCC(=O)OC(COC(=O)CCCCCCC=CCC=CCC=CCCCCC)COC(=O)CCCCCCCC=CCC=CCCCCC,[M+NH4]+,TG 18:2_18:2_20:3,"TG 18:2(9,12)_18:2(9,12)_20:3(8,11,14)",0.9190000000000005,0.8548150000000305,0.13375648944025312,0.5263782447201268,Some,Some,188000.0,,200000.0,136605.04201680672,,159905.61539819883,231659.34844192636,68333.33333333333,102054.71986047523,0.0,163601.64171897632,134993.3774834437,118492.96536796539,118420.3045685279,141343.03925324787,60895.5223880597,51262.57459505541,70864.53943407585
16593,19.18,922.78529,922.78582,0.574347793849318,C59H100O6,CCCCCC=CCC=CCCCCCCCC(=O)OC(COC(=O)CCCCCCCCCC=CCC=CCC=CCC)COC(=O)CCCCCCCC=CCC=CCCCCC,[M+NH4]+,TG 18:2_18:2_20:3,"TG 18:2(9,12)_18:2(9,12)_20:3(11,14,17)",0.9750000000000014,0.4942349999999749,0.0,0.4875000000000007,Some,None,0.0,,0.0,18464.985994397757,,0.0,81060.19830028329,0.0,67309.78853281013,255000.00000000003,90632.78609367453,48211.920529801326,39840.367965367965,58557.69881556683,222312.00585141583,48059.70149253731,21060.10230179028,33915.7134256472
16593,19.18,922.78529,922.78582,0.574347793849318,C59H100O6,CCCCCCCCC=CCC=CCCCCC(=O)OC(COC(=O)CCCCCCCCCC=CCC=CCC=CCC)COC(=O)CCCCC=CCC=CCCCCCCCC,[M+NH4]+,TG 18:2_18:2_20:3,"TG 18:2(6,9)_18:2(6,9)_20:3(11,14,17)",0.9495000000000005,0.5076849999999524,0.01308878518349925,0.4812943925917499,Some,Some,0.0,,0.0,0.0,,0.0,0.0,0.0,0.0,0.0,0.0,0.0,0.0,28707.952622673434,27760.788547943295,0.0,41303.92156862746,33915.7134256472
16593,19.18,922.78529,922.78582,0.574347793849318,C59H100O6,CCCCCC=CCC=CCCCCCCCC(=O)OC(COC(=O)CCCCCCCCCC=CCC=CCC=CCC)COC(=O)CCCCC=CCC=CCCCCCCCC,[M+NH4]+,TG 18:2_18:2_20:3,"TG 18:2(6,9)_18:2(9,12)_20:3(11,14,17)",0.9236666666666681,0.5150099999999801,0.0,0.46183333333333404,Some,None,0.0,,0.0,0.0,,159905.61539819883,53080.028328611894,68333.33333333333,102054.71986047523,0.0,185260.9850313858,70324.50331125828,118492.96536796539,93953.29949238579,230493.53906168367,60895.5223880597,92566.49616368287,104780.25285972306
16593,19.18,922.78529,922.78582,0.574347793849318,C59H100O6,CCCCCC=CCC=CCCCCCCCC(=O)OC(COC(=O)CCCCCCC=CCC=CCC=CCCCCC)COC(=O)CCCCC=CCC=CCCCCCCCC,[M+NH4]+,TG 18:2_18:2_20:3,"TG 18:2(6,9)_18:2(9,12)_20:3(8,11,14)",0.6300000000000002,0.5894000000000309,0.2915512438956224,0.46077562194781124,Some,Some,0.0,,0.0,18464.985994397757,,0.0,81060.19830028329,0.0,67309.78853281013,255000.00000000003,112292.129406084,48211.920529801326,39840.367965367965,58557.69881556683,311462.50565985165,48059.70149253731,21060.10230179028,33915.7134256472
16593,19.18,922.78529,922.78582,0.574347793849318,C59H100O6,CCCCCCCCC=CCC=CCCCCC(=O)OC(COC(=O)CCCCCCC=CCC=CCC=CCCCCC)COC(=O)CCCCC=CCC=CCCCCCCCC,[M+NH4]+,TG 18:2_18:2_20:3,"TG 18:2(6,9)_18:2(6,9)_20:3(8,11,14)",0.8180000000000002,0.3778266666666544,0.08917099296016874,0.4535854964800845,Some,Some,0.0,,0.0,18464.985994397757,,0.0,81060.19830028329,0.0,67309.78853281013,255000.00000000003,90632.78609367453,48211.920529801326,39840.367965367965,29849.746192893395,250072.79439935918,48059.70149253731,62364.02387041773,0.0
16593,19.18,922.78529,922.78582,0.574347793849318,C59H100O6,CCCCCC=CCC=CCCCCCCCC(=O)OC(COC(=O)CCCC=CCC=CCC=CCCCCCCCC)COC(=O)CCCCCCCC=CCC=CCCCCC,[M+NH4]+,TG 18:2_18:2_20:3,"TG 18:2(9,12)_18:2(9,12)_20:3(5,8,11)",0.8460000000000001,0.5370449999999778,0.0,0.42300000000000004,Some,None,0.0,,0.0,0.0,,137188.76920360234,53080.028328611894,68333.33333333333,218961.19468061914,0.0,185260.9850313858,147046.357615894,118492.96536796539,65245.34686971234,230493.53906168367,154029.85074626864,93382.77919863598,146692.35400361227
16593,19.18,922.78529,922.78582,0.574347793849318,C59H100O6,CCCCCC=CCC=CCCCCCCCC(=O)OC(COC(=O)CCCC=CCC=CCC=CCCCCCCCC)COC(=O)CCCCC=CCC=CCCCCCCCC,[M+NH4]+,TG 18:2_18:2_20:3,"TG 18:2(6,9)_18:2(9,12)_20:3(5,8,11)",0.6099999999999994,0.6369000000000066,0.20238025093545367,0.40619012546772654,Some,Some,0.0,,0.0,0.0,,0.0,0.0,0.0,0.0,0.0,21659.343312409463,0.0,0.0,28707.952622673434,89150.49980843578,0.0,0.0,33915.7134256472
16593,19.18,922.78529,922.78582,0.574347793849318,C59H100O6,CCCCCCCCC=CCC=CCCCCC(=O)OC(COC(=O)CCCC=CCC=CCC=CCCCCCCCC)COC(=O)CCCCC=CCC=CCCCCCCCC,[M+NH4]+,TG 18:2_18:2_20:3,"TG 18:2(6,9)_18:2(6,9)_20:3(5,8,11)",0.41999999999999815,0.5192499999999995,0.3035703764031805,0.36178518820158934,Some,Some,0.0,,0.0,0.0,,0.0,0.0,0.0,0.0,0.0,21659.343312409463,0.0,0.0,0.0,116911.28835637908,0.0,0.0,0.0
16621,19.206,948.80054,948.80147,0.9801839788880169,C61H102O6,CCCCCC=CCC=CCCCCCCCC(=O)OC(COC(=O)CCCCCCCC=CCC=CCC=CCC=CCC=CCC)COC(=O)CCCCC=CCCCCCCCCC,[M+NH4]+,TG 16:1_18:2_24:5,"TG 16:1(6)_18:2(9,12)_24:5(9,12,15,18,21)",0.8950909090909094,0.5163499999999989,0.010457877846781673,0.45277439346884557,Some,Some,25198.025233132194,10778.63414292877,8021.278859453133,8231.710151051017,8212.176009644365,9680.54580959217,8619.231080098069,17781.897212989006,10303.03484772199,37085.775085938774,6227.881513344412,6613.487102066178,6811.332127787822,12043.774664243698,0.0,7684.4963345099095,7462.604400369526,5363.095238095238
16621,19.206,948.80054,948.80147,0.9801839788880169,C61H102O6,CCCCCC=CCC=CCCCCCCCC(=O)OC(COC(=O)CCCCCCCC=CCC=CCC=CCC=CCC=CCC)COC(=O)CCCCCC=CCCCCCCCC,[M+NH4]+,TG 16:1_18:2_24:5,"TG 16:1(7)_18:2(9,12)_24:5(9,12,15,18,21)",0.8920000000000007,0.43383999999999406,0.012781850701622044,0.4523909253508114,Some,Some,7997.805814591333,25483.203712556697,20713.692946058094,13954.008661666843,12262.98975286317,33383.48216254796,44256.971199180975,16117.361288672975,39362.17849146751,52718.284498281224,49863.965196988946,33511.29012039525,33652.80289330922,35372.525511027,0.0,29223.640148429728,28349.416489131047,31380.952380952374
16621,19.206,948.80054,948.80147,0.9801839788880169,C61H102O6,CCCCCCCCC=CCC=CCCCCC(=O)OC(COC(=O)CCCCCCCC=CCC=CCC=CCC=CCC=CCC)COC(=O)CCCCCC=CCCCCCCCC,[M+NH4]+,TG 16:1_18:2_24:5,"TG 16:1(7)_18:2(6,9)_24:5(9,12,15,18,21)",0.8850000000000016,0.3745466666666554,0.019172776052433067,0.4520863880262173,Some,Some,22670.323642347776,10778.63414292877,7122.4598361527815,8231.710151051017,8212.176009644365,9680.54580959217,8619.231080098069,16708.003068268987,10303.03484772199,37085.775085938774,6227.881513344412,6137.585227737234,6811.332127787822,11560.333982085825,0.0,7684.4963345099095,5812.220734903187,5363.095238095238
16621,19.206,948.80054,948.80147,0.9801839788880169,C61H102O6,CCCCCC=CCC=CCCCCCCCC(=O)OC(COC(=O)CCCCC=CCC=CCC=CCC=CCC=CCCCCC)COC(=O)CCCCCCCC=CCCCCCC,[M+NH4]+,TG 16:1_18:2_24:5,"TG 16:1(9)_18:2(9,12)_24:5(6,9,12,15,18)",0.8949999999999996,0.8470500000000243,0.006420543883121056,0.4507102719415603,Some,Some,10525.507405375754,25483.203712556697,21612.511969358442,13954.008661666843,12262.98975286317,33850.78451106896,44256.971199180975,17191.255433393,37833.7207682996,52718.284498281224,49863.965196988946,33987.1919947242,33652.80289330922,35855.96619318487,0.0,29223.640148429728,28349.416489131047,31380.952380952374
16621,19.206,948.80054,948.80147,0.9801839788880169,C61H102O6,CCCCCC=CCC=CCCCCCCCC(=O)OC(COC(=O)CCCCCCCC=CCC=CCC=CCC=CCC=CCC)COC(=O)CCCCCCCC=CCCCCCC,[M+NH4]+,TG 16:1_18:2_24:5,"TG 16:1(9)_18:2(9,12)_24:5(9,12,15,18,21)",0.8886000000000003,0.4745999999999981,0.01150366563145984,0.4500518328157301,Some,Some,0.0,343.9867231012596,0.0,0.0,0.0,467.30234852099727,0.0,0.0,2256.6712016197284,2877.230315927321,0.0,0.0,0.0,0.0,0.0,0.0,789.3139269621613,0.0
16621,19.206,948.80054,948.80147,0.9801839788880169,C61H102O6,CCCCCCCCC=CCC=CCCCCC(=O)OC(COC(=O)CCCCCCCC=CCC=CCC=CCC=CCC=CCC)COC(=O)CCCCC=CCCCCCCCCC,[M+NH4]+,TG 16:1_18:2_24:5,"TG 16:1(6)_18:2(6,9)_24:5(9,12,15,18,21)",0.8792000000000009,0.41348600000000035,0.01150366563145984,0.4453518328157304,Some,Some,0.0,6149.7693255444265,3064.155761251197,4934.826238512728,7367.269439421339,12832.139090825252,14437.212059164267,5933.265149578114,17050.20942913154,28096.087739400882,12442.125329944274,12685.375438061033,11410.488245931285,8881.332057333948,0.0,12179.20173771382,11213.476367338471,10785.714285714284
16621,19.206,948.80054,948.80147,0.9801839788880169,C61H102O6,CCCCCCCCC=CCC=CCCCCC(=O)OC(COC(=O)CCCCC=CCC=CCC=CCC=CCC=CCCCCC)COC(=O)CCCCC=CCCCCCCCCC,[M+NH4]+,TG 16:1_18:2_24:5,"TG 16:1(6)_18:2(6,9)_24:5(6,9,12,15,18)",0.8840000000000012,0.5794275000000226,0.0041808244766862995,0.4440904122383438,Some,Some,5470.104223806911,21145.97981258429,19814.873922757743,13954.008661666843,12262.98975286317,33850.78451106896,44256.971199180975,7132.446944515471,37833.7207682996,34155.50826649206,49863.965196988946,33035.38824606631,33652.80289330922,28735.255217798036,0.0,29223.640148429728,29999.800154597386,31380.952380952374
16621,19.206,948.80054,948.80147,0.9801839788880169,C61H102O6,CCCCCC=CCC=CCCCCCCCC(=O)OC(COC(=O)CCCCC=CCC=CCC=CCC=CCC=CCCCCC)COC(=O)CCCCC=CCCCCCCCCC,[M+NH4]+,TG 16:1_18:2_24:5,"TG 16:1(6)_18:2(9,12)_24:5(6,9,12,15,18)",0.8806666666666677,0.6063100000000267,0.005574432635581733,0.44312054965112474,Some,Some,5470.104223806911,21145.97981258429,19814.873922757743,13954.008661666843,12262.98975286317,33383.48216254796,44256.971199180975,7132.446944515471,41953.52922902227,34155.50826649206,49863.965196988946,33035.38824606631,34490.65702230259,28735.255217798036,0.0,29223.640148429728,29999.800154597386,31380.952380952374
16621,19.206,948.80054,948.80147,0.9801839788880169,C61H102O6,CCCCCCCCC=CCC=CCCCCC(=O)OC(COC(=O)CCCCCCCC=CCC=CCC=CCC=CCC=CCC)COC(=O)CCCCCCCC=CCCCCCC,[M+NH4]+,TG 16:1_18:2_24:5,"TG 16:1(9)_18:2(6,9)_24:5(9,12,15,18,21)",0.8664000000000008,0.41080200000000106,0.01150366563145984,0.43895183281573036,Some,Some,22670.323642347776,6097.423519855104,7122.4598361527815,8231.710151051017,8212.176009644365,9680.54580959217,8619.231080098069,8796.982868831503,12166.172106824928,15645.768538222297,6227.881513344412,6137.585227737234,7649.186256781193,5406.504371014741,0.0,7684.4963345099095,5022.906807941026,5363.095238095238
16621,19.206,948.80054,948.80147,0.9801839788880169,C61H102O6,CCCCCCCCC=CCC=CCCCCC(=O)OC(COC(=O)CCCCC=CCC=CCC=CCC=CCC=CCCCCC)COC(=O)CCCCCC=CCCCCCCCC,[M+NH4]+,TG 16:1_18:2_24:5,"TG 16:1(7)_18:2(6,9)_24:5(6,9,12,15,18)",0.8705000000000016,0.4939499999999839,0.0019411050702515431,0.4362205525351266,Some,Some,7997.805814591333,20593.18509535969,20713.692946058094,13954.008661666843,10644.243520192887,30190.38778464339,40677.20990381766,8206.34108923549,36937.728309890845,29461.777705025375,48418.36934206667,30856.70839714627,31868.59553948162,27409.052785513824,0.0,25872.748665037565,26001.04447502875,28601.190476190473
16703,19.279,872.76914,872.77017,1.1801503252732586,C55H98O6,CCCCCCCCC=CCC=CCCCCC(=O)OC(COC(=O)CCCCC=CCC=CCCCCCCCC)COC(=O)CCCCCCCCCCCCCCC,[M+NH4]+,TG 16:0_18:2_18:2,"TG 16:0_18:2(6,9)_18:2(6,9)",0.8779999999999983,0.8699350000000265,0.05984427333993979,0.46892213666996907,All,Some,1530000.0,1461571.3065755763,1317150.3957783643,1065244.8979591837,1469150.1976284585,866516.0980297934,1219360.6138107416,1530000.0,1590000.0,1405601.233299075,1514400.0,1320000.0,1009730.9673726388,1018908.2723691615,2685661.426380368,801877.1331058021,846185.8006042296,1130000.0
16703,19.279,872.76914,872.77017,1.1801503252732586,C55H98O6,CCCCCCCCC=CCC=CCCCCC(=O)OC(COC(=O)CCCCCCCC=CCC=CCCCCC)COC(=O)CCCCCCCCCCCCCCC,[M+NH4]+,TG 16:0_18:2_18:2,"TG 16:0_18:2(6,9)_18:2(9,12)",0.9163999999999988,0.4024420000000191,0.0,0.4581999999999994,Some,None,0.0,84214.34671221179,207325.91487897217,163285.71428571426,110849.80237154152,175867.37145603076,85319.69309462915,0.0,0.0,215339.15724563203,295200.0,0.0,95134.51631368061,81091.72763083848,384338.57361963193,177738.90784982935,61907.099697885205,0.0
16703,19.279,872.76914,872.77017,1.1801503252732586,C55H98O6,CCCCCC=CCC=CCCCCCCCC(=O)OC(COC(=O)CCCCCCCC=CCC=CCCCCC)COC(=O)CCCCCCCCCCCCCCC,[M+NH4]+,TG 16:0_18:2_18:2,"TG 16:0_18:2(9,12)_18:2(9,12)",0.8766666666666652,0.07899666666670176,0.0,0.4383333333333326,All,None,0.0,84214.34671221179,35523.68934266376,41469.387755102034,0.0,117616.53051417587,85319.69309462915,0.0,0.0,79059.60945529288,110400.00000000001,0.0,95134.51631368061,0.0,0.0,130383.95904436862,61907.099697885205,0.0
16708,19.282,874.77668,874.78582,10.44827178370182,C55H100O6,CCCCCCC=CCCCCCCCCCC(=O)OC(COC(=O)CCCCC=CCCCCCCCCCCC)COC(=O)CCCCCCCC=CCCCCCC,[M+NH4]+,TG 16:1_18:1_18:1,TG 16:1(9)_18:1(11)_18:1(6),0.8029999999999973,0.44897500000001855,0.12024532493193948,0.46162266246596834,Some,Some,21602.86360211002,0.0,23362.110436467174,19399.33320985368,24180.161110131125,12437.803780378035,0.0,0.0,16053.249404559374,19510.31512128769,19066.94036601489,15122.62423859135,10841.743373627594,0.0,25971.25256673512,10096.372875416157,0.0,12464.268508109846
16708,19.282,874.77668,874.78582,10.44827178370182,C55H100O6,CCCCCCCCCCCC=CCCCCC(=O)OC(COC(=O)CCCCC=CCCCCCCCCCCC)COC(=O)CCCCC=CCCCCCCCCC,[M+NH4]+,TG 16:1_18:1_18:1,TG 16:1(6)_18:1(6)_18:1(6),0.8194999999999997,0.6777175,0.04742216989320809,0.43346108494660385,All,Some,43133.65760087689,0.0,48075.747922977906,39962.40044452677,45972.364320573884,36452.20522052205,0.0,0.0,42628.615175229665,55854.53034081463,47786.584092965,37842.05971440935,33447.931684595766,0.0,86416.25110002935,28104.082705449455,0.0,35597.39842620845
16708,19.282,874.77668,874.78582,10.44827178370182,C55H100O6,CCCCCCCCCCCC=CCCCCC(=O)OC(COC(=O)CCCCC=CCCCCCCCCCCC)COC(=O)CCCCCCCC=CCCCCCC,[M+NH4]+,TG 16:1_18:1_18:1,TG 16:1(9)_18:1(6)_18:1(6),0.806499999999998,0.4625299999999868,0.06012266246596974,0.4333113312329838,All,Some,36665.410700828936,0.0,40352.736208443304,35025.00463048713,36654.318809901815,34282.62826282628,0.0,0.0,41375.46784620619,55854.53034081463,42612.900981142586,32974.73621143028,33447.931684595766,0.0,86416.25110002935,28104.082705449455,0.0,34527.05957925165
16708,19.282,874.77668,874.78582,10.44827178370182,C55H100O6,CCCCCCC=CCCCCCCCCCC(=O)OC(COC(=O)CCCCC=CCCCCCCCCCCC)COC(=O)CCCCC=CCCCCCCCCC,[M+NH4]+,TG 16:1_18:1_18:1,TG 16:1(6)_18:1(11)_18:1(6),0.8239999999999993,0.4788983333333097,0.04008177497731316,0.43204088748865616,All,Some,36665.410700828936,0.0,41119.24512111086,35928.8757177255,36654.318809901815,36162.376237623765,0.0,0.0,41375.46784620619,55854.53034081463,42612.900981142586,32974.73621143028,35577.83446083324,0.0,86416.25110002935,29957.595934816894,0.0,34527.059579251654
16708,19.282,874.77668,874.78582,10.44827178370182,C55H100O6,CCCCCCC=CCCCCCCCCCC(=O)OC(COC(=O)CCCCCCCCCC=CCCCCCC)COC(=O)CCCCC=CCCCCCCCCC,[M+NH4]+,TG 16:1_18:1_18:1,TG 16:1(6)_18:1(11)_18:1(11),0.8460000000000001,0.29644749999994247,0.012700492572761651,0.42935024628638085,All,Some,27999.040898814827,0.0,33203.158113712896,26404.334135951107,31110.24872111484,28063.726372637262,0.0,0.0,27828.51309969377,36344.21521952694,33893.326838772526,27586.758978797054,24736.09108720565,0.0,60444.99853329422,19861.223059400738,0.0,24203.46876505541
16708,19.282,874.77668,874.78582,10.44827178370182,C55H100O6,CCCCCCC=CCCCCCCCCCC(=O)OC(COC(=O)CCCCCCCCCC=CCCCCCC)COC(=O)CCCCCCCC=CCCCCCC,[M+NH4]+,TG 16:1_18:1_18:1,TG 16:1(9)_18:1(11)_18:1(11),0.8329999999999984,0.08125999999992928,0.025400985145523303,0.42920049257276083,All,Some,6468.246900047956,0.0,7723.011714534604,4937.395814039637,9318.045510672078,2169.576957695769,0.0,0.0,1253.1473290234774,0.0,5173.68311182242,4867.323502979062,0.0,0.0,0.0,0.0,0.0,1070.338846956801
16708,19.282,874.77668,874.78582,10.44827178370182,C55H100O6,CCCCCCC=CCCCCCCCCCC(=O)OC(COC(=O)CCCCCCCC=CCCCCCCCC)COC(=O)CCCCCCCC=CCCCCCC,[M+NH4]+,TG 16:1_18:1_18:1,TG 16:1(9)_18:1(11)_18:1(9),0.8329999999999984,0.08125999999992928,0.025400985145523303,0.42920049257276083,Some,Some,27999.040898814827,0.0,29801.171453460403,25500.463048712725,28571.99976480273,24014.401440144014,0.0,0.0,26575.36577067029,34893.4481976876,33893.326838772526,25590.919681789437,22606.188310968173,0.0,60444.99853329422,18007.709830033295,0.0,23133.129918098606
16708,19.282,874.77668,874.78582,10.44827178370182,C55H100O6,CCCCCCCCCCCC=CCCCCC(=O)OC(COC(=O)CCCCCCCC=CCCCCCCCC)COC(=O)CCCCC=CCCCCCCCCC,[M+NH4]+,TG 16:1_18:1_18:1,TG 16:1(6)_18:1(6)_18:1(9),0.8229999999999992,0.4867599999999849,0.031614779928805396,0.42730738996440226,All,Some,6468.246900047956,0.0,7723.011714534604,4937.395814039637,9318.045510672078,2169.576957695769,0.0,0.0,1253.1473290234774,0.0,5173.68311182242,4867.323502979062,0.0,0.0,0.0,0.0,0.0,1070.338846956801
16708,19.282,874.77668,874.78582,10.44827178370182,C55H100O6,CCCCCCC=CCCCCCCCCCC(=O)OC(COC(=O)CCCCC=CCCCCCCCCCCC)COC(=O)CCCCCC=CCCCCCCCC,[M+NH4]+,TG 16:1_18:1_18:1,TG 16:1(7)_18:1(11)_18:1(6),0.8143333333333315,0.3433016666666428,0.04008177497731316,0.42720755415532224,All,Some,27999.040898814827,0.0,32436.64920104534,25500.463048712725,31110.24872111484,26183.978397839783,0.0,0.0,27828.51309969377,36344.21521952694,33893.326838772526,27586.758978797054,22606.188310968173,0.0,60444.99853329422,18007.709830033295,0.0,24203.46876505541
16708,19.282,874.77668,874.78582,10.44827178370182,C55H100O6,CCCCCCCCCCCC=CCCCCC(=O)OC(COC(=O)CCCCCCCC=CCCCCCCCC)COC(=O)CCCCCCCC=CCCCCCC,[M+NH4]+,TG 16:1_18:1_18:1,TG 16:1(9)_18:1(6)_18:1(9),0.8143333333333315,0.3433016666666428,0.04008177497731316,0.42720755415532224,All,Some,27999.040898814827,0.0,33203.158113712896,26404.334135951107,31110.24872111484,28063.726372637262,0.0,0.0,27828.51309969377,36344.21521952694,33893.326838772526,27586.758978797054,24736.09108720565,0.0,60444.99853329422,19861.223059400738,0.0,24203.46876505541
16728,19.302,794.72274,794.72322,0.6039838623627795,C49H92O6,CCCCCCCCCCCCCCCC(=O)OC(COC(=O)CCCCCCCC=CCCCCCC)COC(=O)CCCCCCCCCCCCC,[M+NH4]+,TG 14:0_16:0_16:1,TG 14:0_16:0_16:1(9),0.6270000000000024,0.5098949999999718,0.16450273761938028,0.39575136880969136,All,Some,,,,,,0.0,0.0,,0.0,0.0,0.0,0.0,0.0,0.0,0.0,0.0,0.0,0.0
16728,19.302,794.72274,794.72322,0.6039838623627795,C49H92O6,CCCCCCCCCCCCCCCC(=O)OC(COC(=O)CCCCCC=CCCCCCCCC)COC(=O)CCCCCCCCCCCCC,[M+NH4]+,TG 14:0_16:0_16:1,TG 14:0_16:0_16:1(7),0.7029999999999994,0.5091149999999516,0.0,0.3514999999999997,All,None,,,,,,0.0,0.0,,0.0,0.0,0.0,0.0,0.0,0.0,0.0,0.0,0.0,0.0
16728,19.302,794.72274,794.72322,0.6039838623627795,C49H92O6,CCCCCCCCCCCCCCCC(=O)OC(COC(=O)CCCCC=CCCCCCCCCC)COC(=O)CCCCCCCCCCCCC,[M+NH4]+,TG 14:0_16:0_16:1,TG 14:0_16:0_16:1(6),0.6950000000000003,0.5099650000000224,0.0,0.34750000000000014,All,None,,,,,,0.0,0.0,,0.0,0.0,0.0,0.0,0.0,0.0,0.0,0.0,0.0,0.0
16743,19.316,974.81605,974.81712,1.0976417812881596,C63H104O6,CCCCCC=CCC=CCC=CCC=CCCCCCC(=O)OC(COC(=O)CCCCCC=CCC=CCC=CCC=CCC=CCC)COC(=O)CCCCCCCCCCCCCCC,[M+NH4]+,TG 16:0_22:4_22:5,"TG 16:0_22:4(7,10,13,16)_22:5(7,10,13,16,19)",0.6113333333333321,0.49975000000002484,0.3331780608164738,0.47225569707490284,Some,Some,0.0,0.0,12727.865881286816,0.0,0.0,25705.999514209372,38090.470139771285,13900.758396533043,34091.22006841505,55386.88666956144,67245.68880079286,31440.0,33680.0,32846.73469387755,98067.17984604619,34991.56391953277,22579.698942229454,25322.811197141156
16743,19.316,974.81605,974.81712,1.0976417812881596,C63H104O6,CCCCCC=CCC=CCC=CCC=CCCCCCC(=O)OC(COC(=O)CCC=CCC=CCC=CCC=CCC=CCCCCC)COC(=O)CCCCCCCCCCCCCCC,[M+NH4]+,TG 16:0_22:4_22:5,"TG 16:0_22:4(7,10,13,16)_22:5(4,7,10,13,16)",0.7413333333333311,0.30311750000001325,0.06245045980547293,0.401891896569402,Some,Some,0.0,0.0,1872.1341187131857,0.0,0.0,4394.000485790624,11409.529860228715,2299.241603466956,11208.779931584948,16113.113330438558,19854.31119920713,7860.0,8420.0,6553.26530612245,24932.82015395381,7908.436080467231,4720.301057770545,5177.1888028588455
16795,19.383,896.76998,896.77017,0.21187145417096495,C57H98O6,CCCCCCC=CCCCCCCCCCC(=O)OC(COC(=O)CCCC=CCC=CCC=CCC=CCC=CCC)COC(=O)CCCCCCCCCCCCCCC,[M+NH4]+,TG 16:0_18:1_20:5,"TG 16:0_18:1(11)_20:5(5,8,11,14,17)",0.9307272727272727,0.4520536363636438,0.07698118447366277,0.5038542286004678,All,Some,15866.666666666668,22631.688311688307,17366.666666666664,12633.333333333332,15535.590778097983,132069.22802202965,136631.44945365077,18486.820613911572,172986.6030181706,200274.39405120054,212926.93190512626,137568.73439955624,144847.20893141947,130165.00439697146,316380.05695782776,120598.15310800374,104225.8125117415,127592.80170089823
16795,19.383,896.76998,896.77017,0.21187145417096495,C57H98O6,CCCCCCCCC=CCCCCCCCC(=O)OC(COC(=O)CCCC=CCC=CCC=CCC=CCC=CCC)COC(=O)CCCCCCCCCCCCCCC,[M+NH4]+,TG 16:0_18:1_20:5,"TG 16:0_18:1(9)_20:5(5,8,11,14,17)",0.8459999999999996,0.5426588888888975,0.08830604993677811,0.46715302496838895,Some,Some,15866.666666666668,20484.155844155845,17366.666666666664,12633.333333333332,13882.20461095101,118520.83607450988,120684.27527317461,15306.589693044214,151006.69849091468,184247.37469489698,198794.44019382814,116715.63280022187,129576.39553429028,109772.0652896639,320456.83298872545,107701.12883879131,89887.09374412926,110525.28458510085
16795,19.383,896.76998,896.77017,0.21187145417096495,C57H98O6,CCCCCCCCCCCC=CCCCCC(=O)OC(COC(=O)CCCC=CCC=CCC=CCC=CCC=CCC)COC(=O)CCCCCCCCCCCCCCC,[M+NH4]+,TG 16:0_18:1_20:5,"TG 16:0_18:1(6)_20:5(5,8,11,14,17)",0.8050000000000004,0.5697250000000054,0.0794754449431003,0.4422377224715504,Some,Some,15866.666666666668,20484.155844155845,17366.666666666664,12633.333333333332,13882.20461095101,116409.93590346044,120684.27527317461,15306.589693044214,151006.69849091468,173478.2312539025,202278.62790104563,116715.63280022187,129576.39553429028,107062.93031336465,313163.1100534467,105700.71805320494,89887.09374412926,107881.91371400085
16808,19.388,898.78401,898.78582,2.0138279439896625,C57H100O6,CCCCCCCCCCCCCCCC(=O)OC(COC(=O)CCC=CCC=CCC=CCC=CCC=CCCCCC)COC(=O)CCCCCCCCCCCCCCC,[M+NH4]+,TG 16:0_16:0_22:5,"TG 16:0_16:0_22:5(4,7,10,13,16)",0.8249090909090907,0.4544254545454578,0.045356644178509146,0.43513286754379993,All,Some,524152.24913494807,647042.5156181759,473456.9247546347,352000.0,459440.1783502601,311074.6466431095,329944.3780924757,369000.0,414646.84309644165,535364.464692483,506298.9380250436,344378.6006490417,234819.87247608925,0.0,0.0,234567.32367109114,264888.8888888889,300598.4888157403
16808,19.388,898.78401,898.78582,2.0138279439896625,C57H100O6,CCCCCCCCCCCCCCCC(=O)OC(COC(=O)CCCCCC=CCC=CCC=CCC=CCC=CCC)COC(=O)CCCCCCCCCCCCCCC,[M+NH4]+,TG 16:0_16:0_22:5,"TG 16:0_16:0_22:5(7,10,13,16,19)",0.7628888888888896,0.19664111111113572,0.03142110496451546,0.39715499692670253,All,Some,16847.750865051905,39957.48438182405,62543.07524536532,0.0,61559.821649739904,55925.35335689047,32055.621907524303,0.0,43353.15690355833,59635.53530751707,53701.06197495641,59621.39935095824,76180.12752391072,0.0,0.0,29432.676328908903,33111.11111111111,44401.51118425974
16866,19.408,822.75226,822.75452,2.7468703544507913,C51H96O6,CCCCCCCCCCCCCCCC(=O)OC(COC(=O)CCCCC=CCCCCCCCCC)COC(=O)CCCCCCCCCCCCCCC,[M+NH4]+,TG 16:0_16:0_16:1,TG 16:0_16:0_16:1(6),0.7519999999999989,0.11423000000007733,0.0,0.37599999999999945,All,None,,,,,,27996.286472148542,0.0,,,59401.19760479042,28420.523138832996,,0.0,23085.743801652894,83114.35523114355,21084.372281820815,0.0,0.0
16866,19.408,822.75226,822.75452,2.7468703544507913,C51H96O6,CCCCCCCCCCCCCCCC(=O)OC(COC(=O)CCCCCCCC=CCCCCCC)COC(=O)CCCCCCCCCCCCCCC,[M+NH4]+,TG 16:0_16:0_16:1,TG 16:0_16:0_16:1(9),0.6870000000000047,0.0785700000000702,0.0,0.34350000000000236,All,None,,,,,,43803.71352785146,108287.80487804879,,,0.0,11254.527162977867,,0.0,35414.25619834711,28885.64476885645,49126.587416642506,60500.0,18580.564674983587
16866,19.408,822.75226,822.75452,2.7468703544507913,C51H96O6,CCCCCCCCCCCCCCCC(=O)OC(COC(=O)CCCCCC=CCCCCCCCC)COC(=O)CCCCCCCCCCCCCCC,[M+NH4]+,TG 16:0_16:0_16:1,TG 16:0_16:0_16:1(7),0.6839999999999975,0.5098100000000159,0.0,0.34199999999999875,All,None,,,,,,0.0,49712.19512195122,,,64598.80239520958,16824.949698189135,,71700.0,0.0,0.0,20689.04030153668,0.0,38819.43532501641
16865,19.408,924.79264,924.80147,9.547995203758719,C59H102O6,CCCCCCCCC=CCCCCCCCC(=O)OC(COC(=O)CCC=CCC=CCC=CCC=CCC=CCCCCC)COC(=O)CCCCCCCCCCCCCCC,[M+NH4]+,TG 16:0_18:1_22:5,"TG 16:0_18:1(9)_22:5(4,7,10,13,16)",0.974571428571428,0.5521171428571522,0.13810559237160305,0.5563385104715155,Some,Some,0.0,0.0,0.0,0.0,0.0,40634.903274318145,54012.627640501974,0.0,64484.64,97673.98568570998,123490.70991056514,54503.93377301182,56842.66856938992,56366.06875436787,194647.0101438191,44927.05575501418,34910.5197642389,46026.868598282395
16865,19.408,924.79264,924.80147,9.547995203758719,C59H102O6,CCCCCCC=CCCCCCCCCCC(=O)OC(COC(=O)CCC=CCC=CCC=CCC=CCC=CCCCCC)COC(=O)CCCCCCCCCCCCCCC,[M+NH4]+,TG 16:0_18:1_22:5,"TG 16:0_18:1(11)_22:5(4,7,10,13,16)",0.9774444444444437,0.5219783333333541,0.13237532949458725,0.5549098869695155,All,Some,0.0,0.0,0.0,0.0,0.0,38584.3188187846,52629.76069841765,0.0,67014.56,72516.33193427914,83226.47362978286,53148.023540814516,44870.49589725294,42371.85929648242,118367.4783393728,40791.03457486508,35537.861252893264,43532.382969569604
16865,19.408,924.79264,924.80147,9.547995203758719,C59H102O6,CCCCCCCCCCCC=CCCCCC(=O)OC(COC(=O)CCC=CCC=CCC=CCC=CCC=CCCCCC)COC(=O)CCCCCCCCCCCCCCC,[M+NH4]+,TG 16:0_18:1_22:5,"TG 16:0_18:1(6)_22:5(4,7,10,13,16)",0.8903999999999992,0.5722286666666908,0.134962904930232,0.5126814524651155,Some,Some,0.0,0.0,0.0,0.0,0.0,49851.66450201656,68595.58812066414,0.0,77039.84,107290.92233514864,103518.64268100048,43802.95436823306,71618.01431239636,68604.21311857301,184456.27123744562,55219.22554187716,49547.17471617183,51854.255952873435
16865,19.408,924.79264,924.80147,9.547995203758719,C59H102O6,CCCCCCCCC=CCCCCCCCC(=O)OC(COC(=O)CCCCCC=CCC=CCC=CCC=CCC=CCC)COC(=O)CCCCCCCCCCCCCCC,[M+NH4]+,TG 16:0_18:1_22:5,"TG 16:0_18:1(9)_22:5(7,10,13,16,19)",0.9263999999999996,0.1814159999999788,0.08373836421403849,0.505069182107019,Some,Some,0.0,0.0,0.0,0.0,0.0,11470.230364344792,15642.55982539559,0.0,24534.56,21259.322210274375,19068.92280418651,8724.328765702685,16113.806635747413,14170.721155446108,34513.09041666144,12973.626943412239,11384.721520949044,11765.508910694485
16865,19.408,924.79264,924.80147,9.547995203758719,C59H102O6,CCCCCCC=CCCCCCCCCCC(=O)OC(COC(=O)CCCCCC=CCC=CCC=CCC=CCC=CCC)COC(=O)CCCCCCCCCCCCCCC,[M+NH4]+,TG 16:0_18:1_22:5,"TG 16:0_18:1(11)_22:5(7,10,13,16,19)",0.9054999999999994,0.16228249999998448,0.07947330277887457,0.492486651389437,All,Some,0.0,0.0,0.0,0.0,0.0,33164.399480483975,43973.37282718839,0.0,53977.92,83816.75858799591,93115.33347727763,48171.127601824395,47669.72361545402,47812.04033412094,134866.537935877,35108.29686775762,29712.547429674098,41532.24645475154
16865,19.408,924.79264,924.80147,9.547995203758719,C59H102O6,CCCCCCCCCCCC=CCCCCC(=O)OC(COC(=O)CCCCCC=CCC=CCC=CCC=CCC=CCC)COC(=O)CCCCCCCCCCCCCCC,[M+NH4]+,TG 16:0_18:1_22:5,"TG 16:0_18:1(6)_22:5(7,10,13,16,19)",0.8753999999999984,0.17946199999997817,0.037913202645207436,0.4566566013226029,Some,Some,0.0,0.0,0.0,0.0,0.0,38294.48356005195,53146.09088783226,0.0,66948.48000000001,72442.67924659197,80579.91749718742,53649.631950413524,44885.2909697593,42675.097341009685,110149.61192682406,40980.76031707376,35907.17531607284,44288.73711382853
16871,19.409,922.78533,922.78582,0.5310007905190148,C59H100O6,CCCCCCCCC=CCCCCCCCC(=O)OC(COC(=O)CCCC=CCC=CCC=CCC=CCC=CCC)COC(=O)CCCCCCCC=CCCCCCCCC,[M+NH4]+,TG 18:1_18:1_20:5,"TG 18:1(9)_18:1(9)_20:5(5,8,11,14,17)",0.9817142857142847,0.687368571428611,0.18457096307592938,0.583142624395107,Some,Some,40222.39575199126,53748.23044021348,39514.69219518681,36581.71482709616,27467.24890829694,175028.1128357922,212746.15384615381,41477.63133469464,233204.32868672046,316041.6603406917,361431.9470699433,151578.6534284828,199100.5637108721,191833.33333333334,559842.9557383147,179829.03260061587,130227.81941781419,166247.5597496514
16871,19.409,922.78533,922.78582,0.5310007905190148,C59H100O6,CCCCCCC=CCCCCCCCCCC(=O)OC(COC(=O)CCCC=CCC=CCC=CCC=CCC=CCC)COC(=O)CCCCCCCCCC=CCCCCCC,[M+NH4]+,TG 18:1_18:1_20:5,"TG 18:1(11)_18:1(11)_20:5(5,8,11,14,17)",0.9808000000000007,0.6700220000000285,0.12919967415315056,0.5549998370765756,Some,Some,40222.39575199126,61830.671107914764,42132.72836059035,36581.71482709616,37266.37554585153,204878.65827286273,244488.46153846147,41477.63133469464,298100.2384446075,375465.3387180032,423737.0037807184,206230.84083152344,245809.68505300424,227777.77777777787,635296.5243625243,218259.53063608363,165358.3754575562,204155.26802218115
16871,19.409,922.78533,922.78582,0.5310007905190148,C59H100O6,CCCCCCCCC=CCCCCCCCC(=O)OC(COC(=O)CCCC=CCC=CCC=CCC=CCC=CCC)COC(=O)CCCCCCCCCC=CCCCCCC,[M+NH4]+,TG 18:1_18:1_20:5,"TG 18:1(11)_18:1(9)_20:5(5,8,11,14,17)",0.9821818181818184,0.6221627272727595,0.12765783585205537,0.5549198270169369,Some,Some,40222.39575199126,59631.13668193346,42132.72836059035,36581.71482709616,37266.37554585153,198307.46311692055,233100.0,41477.63133469464,284910.5832721937,358272.85701272276,396435.49149338383,206230.84083152344,221457.56777035995,219166.66666666672,640972.4345993305,199161.09164277368,149376.85201324732,192486.1692123099
16871,19.409,922.78533,922.78582,0.5310007905190148,C59H100O6,CCCCCCCCCCCC=CCCCCC(=O)OC(COC(=O)CCCC=CCC=CCC=CCC=CCC=CCC)COC(=O)CCCCC=CCCCCCCCCCCC,[M+NH4]+,TG 18:1_18:1_20:5,"TG 18:1(6)_18:1(6)_20:5(5,8,11,14,17)",0.8977500000000012,0.5922150000000386,0.16000769338347776,0.5288788466917395,Some,Some,17888.021240043734,39610.12907377267,20572.43052785534,14091.425864519184,37266.37554585153,169934.16310250372,214321.15384615381,20611.84332652683,268353.35656639765,302483.83080800413,344712.9017013233,206230.84083152344,202973.4305558228,180222.22222222228,488128.2803653346,181055.53785706696,149376.85201324732,181289.23046989008
16871,19.409,922.78533,922.78582,0.5310007905190148,C59H100O6,CCCCCCCCCCCC=CCCCCC(=O)OC(COC(=O)CCCC=CCC=CCC=CCC=CCC=CCC)COC(=O)CCCCCCCCCC=CCCCCCC,[M+NH4]+,TG 18:1_18:1_20:5,"TG 18:1(11)_18:1(6)_20:5(5,8,11,14,17)",0.9263333333333333,0.7074666666667137,0.11701968286438409,0.5216765080988587,Some,Some,40222.39575199126,59631.13668193346,42132.72836059035,36581.71482709616,37266.37554585153,175028.1128357922,199176.923076923,41477.63133469464,255163.70139398385,311080.0716606443,338451.0869565217,168150.17064846418,200262.42376435734,188888.88888888893,487092.2015125843,180062.65264946368,133395.32856893845,164109.34915847844
16871,19.409,922.78533,922.78582,0.5310007905190148,C59H100O6,CCCCCCCCC=CCCCCCCCC(=O)OC(COC(=O)CCCC=CCC=CCC=CCC=CCC=CCC)COC(=O)CCCCC=CCCCCCCCCCCC,[M+NH4]+,TG 18:1_18:1_20:5,"TG 18:1(6)_18:1(9)_20:5(5,8,11,14,17)",0.9013999999999995,0.6701740000000427,0.1384075106127487,0.5199037553063741,Some,Some,40222.39575199126,51548.69601423218,39514.69219518681,36581.71482709616,27467.24890829694,136823.4898361286,156167.30769230766,41477.63133469464,190267.79163609687,236656.24145993378,255231.56899810967,151578.6534284828,150396.32914558362,142111.11111111112,458667.6034219119,141632.15461399595,98264.77252919643,131712.42338748905
16936,19.438,950.80786,950.81712,9.738991658080614,C61H104O6,CCCCCCCCC=CCCCCCCCC(=O)OC(COC(=O)CCCCCC=CCC=CCC=CCC=CCC=CCC)COC(=O)CCCCC=CCCCCCCCCCCC,[M+NH4]+,TG 18:1_18:1_22:5,"TG 18:1(6)_18:1(9)_22:5(7,10,13,16,19)",0.9640000000000017,0.3094588888888615,0.03605202609672077,0.5000260130483613,Some,Some,2816.273433975724,2475.742842856687,0.0,2550.9833805065673,0.0,9390.875462392107,8668.35260115607,0.0,14485.709661757568,15065.416584357756,23403.080889136007,9162.880230147652,0.0,9221.829106793431,29868.601758168847,8152.646675358539,7363.680241974408,6609.791944541199
16936,19.438,950.80786,950.81712,9.738991658080614,C61H104O6,CCCCCCCCCCCC=CCCCCC(=O)OC(COC(=O)CCC=CCC=CCC=CCC=CCC=CCCCCC)COC(=O)CCCCC=CCCCCCCCCCCC,[M+NH4]+,TG 18:1_18:1_22:5,"TG 18:1(6)_18:1(6)_22:5(4,7,10,13,16)",0.9720000000000013,0.3638884615384698,0.024651632697415587,0.49832581634870843,Some,Some,2816.273433975724,5994.1530048831355,0.0,2550.9833805065673,0.0,13620.495958350457,13891.763005780345,0.0,20944.10098721476,24228.661733197587,27308.101550554125,14770.360028768459,0.0,14420.967327495899,29868.601758168847,11563.18867573105,11454.613709737967,11747.886737632636
16936,19.438,950.80786,950.81712,9.738991658080614,C61H104O6,CCCCCCCCCCCC=CCCCCC(=O)OC(COC(=O)CCC=CCC=CCC=CCC=CCC=CCCCCC)COC(=O)CCCCCCCCCC=CCCCCCC,[M+NH4]+,TG 18:1_18:1_22:5,"TG 18:1(11)_18:1(6)_22:5(4,7,10,13,16)",0.9729333333333343,0.41899600000003073,0.021364748337760177,0.4971490408355473,Some,Some,1982.7739952371458,4871.644839728928,0.0,2604.6882937803903,0.0,4401.9728729963,4311.777456647399,0.0,2579.058100016184,8998.951511191477,1798.36477828466,3364.026737741677,0.0,3128.496037001166,9100.058052745066,3787.87856211585,1662.060643763474,3516.383624021953
16936,19.438,950.80786,950.81712,9.738991658080614,C61H104O6,CCCCCCCCC=CCCCCCCCC(=O)OC(COC(=O)CCC=CCC=CCC=CCC=CCC=CCCCCC)COC(=O)CCCCC=CCCCCCCCCCCC,[M+NH4]+,TG 18:1_18:1_22:5,"TG 18:1(6)_18:1(9)_22:5(4,7,10,13,16)",0.9703529411764715,0.3967994117647122,0.022854970835019778,0.4966039560057457,Some,Some,5437.941272122617,7888.681553666607,0.0,5397.343784019159,0.0,18753.801890669954,20181.358381502887,0.0,29390.516264767764,31370.785150967193,40137.338404963804,17149.84981173584,0.0,19658.055462218093,49891.15939625145,15568.761408083443,15279.160812158785,17298.864148026067
16936,19.438,950.80786,950.81712,9.738991658080614,C61H104O6,CCCCCCC=CCCCCCCCCCC(=O)OC(COC(=O)CCC=CCC=CCC=CCC=CCC=CCCCCC)COC(=O)CCCCCCCCCC=CCCCCCC,[M+NH4]+,TG 18:1_18:1_22:5,"TG 18:1(11)_18:1(11)_22:5(4,7,10,13,16)",0.9789230769230775,0.4509569230769662,0.012888367940958451,0.4959057224320179,Some,Some,2808.19546584698,5903.486281477069,0.0,3617.0259089919437,0.0,6151.116591313878,5884.176300578034,0.0,6023.175271079464,11909.738789527266,6168.526404913247,3958.8991834835224,0.0,4748.482991718222,16314.496599767792,5150.281244179549,3227.0805401520925,5732.187003542635
16936,19.438,950.80786,950.81712,9.738991658080614,C61H104O6,CCCCCCCCC=CCCCCCCCC(=O)OC(COC(=O)CCC=CCC=CCC=CCC=CCC=CCCCCC)COC(=O)CCCCCCCC=CCCCCCCCC,[M+NH4]+,TG 18:1_18:1_22:5,"TG 18:1(9)_18:1(9)_22:5(4,7,10,13,16)",0.9752000000000005,0.4215393333333471,0.015707470824092892,0.4954537354120467,Some,Some,2816.273433975724,5676.819472961904,0.0,2550.9833805065673,0.0,13620.495958350457,13891.763005780345,0.0,19074.283864703026,21717.758969137958,24490.21267991861,13732.791809451286,0.0,14420.967327495899,29868.601758168847,10801.259079903148,10636.427016185255,11747.886737632636
16936,19.438,950.80786,950.81712,9.738991658080614,C61H104O6,CCCCCCCCC=CCCCCCCCC(=O)OC(COC(=O)CCC=CCC=CCC=CCC=CCC=CCCCCC)COC(=O)CCCCCCCCCC=CCCCCCC,[M+NH4]+,TG 18:1_18:1_22:5,"TG 18:1(11)_18:1(9)_22:5(4,7,10,13,16)",0.9756470588235298,0.46338117647062116,0.013859533080081964,0.4947532959518059,Some,Some,5437.941272122617,11089.758183771823,0.0,5397.343784019159,0.0,22983.422386628303,25404.768786127166,0.0,33979.09046771323,38023.12753574739,41224.470195746406,21719.761391039476,0.0,24857.193682920562,49891.15939625145,18217.373812628048,18551.907586369634,22436.95894111751
16936,19.438,950.80786,950.81712,9.738991658080614,C61H104O6,CCCCCCCCCCCC=CCCCCC(=O)OC(COC(=O)CCCCCC=CCC=CCC=CCC=CCC=CCC)COC(=O)CCCCCCCCCC=CCCCCCC,[M+NH4]+,TG 18:1_18:1_22:5,"TG 18:1(11)_18:1(6)_22:5(7,10,13,16,19)",0.9232500000000012,0.24541749999995943,0.03630457441325252,0.4797772872066269,Some,Some,2808.19546584698,6783.088821983681,0.0,3617.0259089919437,0.0,6167.420194547197,6238.078034682081,0.0,7312.704321087554,13041.194973331914,7144.781570267776,5070.250031729916,0.0,5448.184531456921,14200.464421960525,5197.448314397467,3847.855909388307,6707.048738839001
16936,19.438,950.80786,950.81712,9.738991658080614,C61H104O6,CCCCCCCCC=CCCCCCCCC(=O)OC(COC(=O)CCCCCC=CCC=CCC=CCC=CCC=CCC)COC(=O)CCCCCCCCCC=CCCCCCC,[M+NH4]+,TG 18:1_18:1_22:5,"TG 18:1(11)_18:1(9)_22:5(7,10,13,16,19)",0.932800000000001,0.2880569999999807,0.024800701395351555,0.47880035069767624,Some,Some,5437.941272122617,7571.348021745373,0.0,5397.343784019159,0.0,18753.801890669954,20181.358381502887,0.0,27520.69914225603,28859.882386907564,37319.44953432829,16112.281592418665,0.0,19658.055462218093,49891.15939625145,14806.831812255543,14460.974118606075,17298.864148026067
16936,19.438,950.80786,950.81712,9.738991658080614,C61H104O6,CCCCCCCCC=CCCCCCCCC(=O)OC(COC(=O)CCCCCC=CCC=CCC=CCC=CCC=CCC)COC(=O)CCCCCCCC=CCCCCCCCC,[M+NH4]+,TG 18:1_18:1_22:5,"TG 18:1(9)_18:1(9)_22:5(7,10,13,16,19)",0.9157142857142863,0.3459157142856871,0.035429573421930795,0.4755719295681085,Some,Some,2638.190954773869,5345.276976924796,0.0,3316.278394658538,0.0,5156.596794081381,5346.604046242774,0.0,4690.661919404435,10784.482365633878,5005.673991887076,3958.8991834835224,0.0,4437.768070681716,14105.697462265718,4154.330415347364,2216.239421664003,4904.127976620309
16944,19.44,948.801,948.80147,0.49536179570867706,C61H102O6,CCCCCC=CCC=CCC=CCCCCCCC(=O)OC(COC(=O)CCC=CCC=CCC=CCC=CCC=CCCCCC)COC(=O)CCCCCCCCCCCCCCC,[M+NH4]+,TG 16:0_20:3_22:5,"TG 16:0_20:3(8,11,14)_22:5(4,7,10,13,16)",0.9311999999999984,0.8103720000001658,0.08068228434487516,0.5059411421724368,Some,Some,52567.10775047259,81798.04210808635,57666.27717325154,63342.56694367498,48232.7016306743,169263.8016980968,213075.81292563028,35193.8645078824,252469.55890653975,289537.1903695603,361901.2408355856,165579.33755829246,198400.08122445873,188328.6571183743,775410.3021571751,172559.1678181297,137871.5379152529,175691.38920780714
16944,19.44,948.801,948.80147,0.49536179570867706,C61H102O6,CCC=CCC=CCC=CCCCCCCCCCC(=O)OC(COC(=O)CCCCCC=CCC=CCC=CCC=CCC=CCC)COC(=O)CCCCCCCCCCCCCCC,[M+NH4]+,TG 16:0_20:3_22:5,"TG 16:0_20:3(11,14,17)_22:5(7,10,13,16,19)",0.9703333333333303,0.4879666666666746,0.026045925060618553,0.49818962919697435,Some,Some,10603.024574669187,9667.694783424968,6027.045449012878,12819.329024315175,8673.42441604231,31211.416779583058,38961.12388941506,0.0,49005.52374808484,48666.37157388602,69177.6589867256,33294.57132607916,37515.851460771126,32139.307136736435,142237.3178899564,30480.147039653784,28604.868618322416,30354.633426275213
16944,19.44,948.801,948.80147,0.49536179570867706,C61H102O6,CCCCCCCCC=CCC=CCC=CCCCC(=O)OC(COC(=O)CCC=CCC=CCC=CCC=CCC=CCCCCC)COC(=O)CCCCCCCCCCCCCCC,[M+NH4]+,TG 16:0_20:3_22:5,"TG 16:0_20:3(5,8,11)_22:5(4,7,10,13,16)",0.9543333333333331,0.6401700000000498,0.041463675703084575,0.4978985045182089,Some,Some,30987.71266540643,73819.49845782484,39330.07132598164,32533.08710372423,41040.105773468495,105074.15188394266,117673.29635141841,72097.14529186196,137265.5431013628,152205.80117689943,169283.83927371548,105171.58914265218,103319.64362768739,116213.6858856653,380771.4691879825,106450.45232943141,75312.55424919119,105570.08364769559
16944,19.44,948.801,948.80147,0.49536179570867706,C61H102O6,CCCCCCCCC=CCC=CCC=CCCCC(=O)OC(COC(=O)CCCCCC=CCC=CCC=CCC=CCC=CCC)COC(=O)CCCCCCCCCCCCCCC,[M+NH4]+,TG 16:0_20:3_22:5,"TG 16:0_20:3(5,8,11)_22:5(7,10,13,16,19)",0.9628888888888869,0.3889799999999847,0.028175795527357106,0.49553234220812203,Some,Some,14504.489603024576,20072.146975995704,10079.359283332116,12819.329024315175,16112.82503305421,43808.16230125678,51854.73323411357,11940.775458031529,65753.36666397871,69571.68150809768,82880.35119678667,49758.758818605755,48885.955783435274,43778.602032072464,163658.1340100942,40329.30104022734,38910.4789710408,47901.13170411677
16944,19.44,948.801,948.80147,0.49536179570867706,C61H102O6,CCCCCC=CCC=CCC=CCCCCCCC(=O)OC(COC(=O)CCCCCC=CCC=CCC=CCC=CCC=CCC)COC(=O)CCCCCCCCCCCCCCC,[M+NH4]+,TG 16:0_20:3_22:5,"TG 16:0_20:3(8,11,14)_22:5(7,10,13,16,19)",0.9477499999999974,0.57880375000002,0.03973996814798811,0.49374498407399275,Some,Some,30987.71266540643,64547.13691833177,42197.5461914847,32533.08710372423,30744.821507271925,77263.15527765,90255.26541288957,48969.74861525351,116817.59535521327,147121.45671683244,184242.73192874528,93218.94057156524,99145.11257202325,95572.824091076,369538.12981214165,84016.26821701386,64070.07022804388,87522.25684762998
16944,19.44,948.801,948.80147,0.49536179570867706,C61H102O6,CCC=CCC=CCC=CCCCCCCCCCC(=O)OC(COC(=O)CCC=CCC=CCC=CCC=CCC=CCCCCC)COC(=O)CCCCCCCCCCCCCCC,[M+NH4]+,TG 16:0_20:3_22:5,"TG 16:0_20:3(11,14,17)_22:5(4,7,10,13,16)",0.9463529411764685,0.5863176470588568,0.03268193001201645,0.48951743559424254,Some,Some,18349.952741020792,18095.480756336325,13699.700576937123,20952.600800246233,15196.121639488762,43379.31205947068,53179.76818653317,8798.4661269706,68688.41222482057,71897.49865472407,99514.1777784414,42976.80258280522,53733.35533162423,46966.9237360754,198384.6469426503,43164.66355554398,38230.49001814882,45960.50516647531
16958,19.449,848.76768,848.77017,2.9336563512430347,C53H98O6,CCCCCCCCC=CCCCCCCCC(=O)OC(COC(=O)CCCCCCCC=CCCCCCCCC)COC(=O)CCCCCCCCCCCCC,[M+NH4]+,TG 14:0_18:1_18:1,TG 14:0_18:1(9)_18:1(9),0.8610000000000007,0.5078049999999621,0.22770640559115277,0.5443532027955766,All,Some,0.0,9681.177902730276,0.0,0.0,0.0,40531.818310778224,65809.50173812282,0.0,74224.64375523888,0.0,41035.85657370518,29026.00896860987,53586.567552170614,0.0,0.0,44649.41937380567,43629.36968551761,40833.94627488699
16958,19.449,848.76768,848.77017,2.9336563512430347,C53H98O6,CCCCCCCCCCCC=CCCCCC(=O)OC(COC(=O)CCCCCCCC=CCCCCCCCC)COC(=O)CCCCCCCCCCCCC,[M+NH4]+,TG 14:0_18:1_18:1,TG 14:0_18:1(6)_18:1(9),0.8864999999999981,0.6788625000000081,0.16301940338354595,0.524759701691772,All,Some,0.0,9766.666666666668,0.0,0.0,0.0,41666.66666666667,68000.0,0.0,76322.29673093042,0.0,44000.0,29966.666666666664,55346.15405888241,0.0,0.0,45000.0,45000.0,42333.33333333332
16958,19.449,848.76768,848.77017,2.9336563512430347,C53H98O6,CCCCCCCCCCCC=CCCCCC(=O)OC(COC(=O)CCCCC=CCCCCCCCCCCC)COC(=O)CCCCCCCCCCCCC,[M+NH4]+,TG 14:0_18:1_18:1,TG 14:0_18:1(6)_18:1(6),0.9119999999999955,0.8499200000000542,0.09833240117593914,0.5051662005879674,All,Some,0.0,9681.177902730276,0.0,0.0,0.0,40531.818310778224,65809.50173812282,0.0,74902.34702430846,0.0,41035.85657370518,29026.00896860987,53907.08015995486,0.0,0.0,44649.41937380567,43629.36968551761,40833.94627488699
16958,19.449,848.76768,848.77017,2.9336563512430347,C53H98O6,CCCCCCC=CCCCCCCCCCC(=O)OC(COC(=O)CCCCCCCC=CCCCCCCCC)COC(=O)CCCCCCCCCCCCC,[M+NH4]+,TG 14:0_18:1_18:1,TG 14:0_18:1(11)_18:1(9),0.656500000000003,0.7109174999999937,0.14881612952842516,0.40265806476421406,All,Some,0.0,85.48876393639014,0.0,0.0,0.0,1134.8483558884443,2190.4982618771724,0.0,2097.6529756915334,0.0,2964.143426294821,940.6576980568012,1759.5865067117993,0.0,0.0,350.580626194326,1370.6303144823862,1499.3870584463345
16958,19.449,848.76768,848.77017,2.9336563512430347,C53H98O6,CCCCCCC=CCCCCCCCCCC(=O)OC(COC(=O)CCCCC=CCCCCCCCCCCC)COC(=O)CCCCCCCCCCCCC,[M+NH4]+,TG 14:0_18:1_18:1,TG 14:0_18:1(11)_18:1(6),0.6820000000000004,0.8819750000000397,0.08412912732081833,0.38306456366040936,All,Some,0.0,85.48876393639014,0.0,0.0,0.0,1134.8483558884443,2190.4982618771724,0.0,2775.3562447611057,0.0,2964.143426294821,940.6576980568012,2080.099114496048,0.0,0.0,350.580626194326,1370.6303144823862,1499.3870584463345
16958,19.449,848.76768,848.77017,2.9336563512430347,C53H98O6,CCCCCCC=CCCCCCCCCCC(=O)OC(COC(=O)CCCCCCCCCC=CCCCCCC)COC(=O)CCCCCCCCCCCCC,[M+NH4]+,TG 14:0_18:1_18:1,TG 14:0_18:1(11)_18:1(11),0.4520000000000053,0.9140300000000252,0.06992585346569752,0.2609629267328514,All,Some,0.0,0.0,0.0,0.0,0.0,0.0,0.0,0.0,677.7032690695725,0.0,0.0,0.0,320.512607784249,0.0,0.0,0.0,0.0,0.0
16966,19.452,1000.83223,1000.83277,0.5395506783824365,C65H106O6,CCC=CCC=CCC=CCC=CCC=CCCCCCC(=O)OC(COC(=O)CCCCCCCC=CCC=CCC=CCC=CCC=CCC)COC(=O)CCCCCCCCCCCCCCC,[M+NH4]+,TG 16:0_22:5_24:5,"TG 16:0_22:5(7,10,13,16,19)_24:5(9,12,15,18,21)",0.8106666666666626,0.7202577777777859,0.08155108877983332,0.446108877723248,All,Some,0.0,0.0,0.0,0.0,0.0,2394.3290664635756,0.0,0.0,0.0,2650.386654536328,1925.1955931662144,0.0,2543.7065613422733,2530.682555601439,18242.653476869364,0.0,1722.0973782771534,0.0
16966,19.452,1000.83223,1000.83277,0.5395506783824365,C65H106O6,CCCCCC=CCC=CCC=CCC=CCC=CCCC(=O)OC(COC(=O)CCCCCCCC=CCC=CCC=CCC=CCC=CCC)COC(=O)CCCCCCCCCCCCCCC,[M+NH4]+,TG 16:0_22:5_24:5,"TG 16:0_22:5(4,7,10,13,16)_24:5(9,12,15,18,21)",0.8519999999999983,0.5694266666666736,0.016075398658308333,0.4340376993291533,Some,Some,0.0,0.0,0.0,0.0,0.0,7214.388236327954,0.0,0.0,0.0,13077.816382231147,33650.72648890308,0.0,8442.163436514498,8790.490236564214,92757.49199883621,0.0,5074.14481897628,0.0
16966,19.452,1000.83223,1000.83277,0.5395506783824365,C65H106O6,CCC=CCC=CCC=CCC=CCC=CCCCCCC(=O)OC(COC(=O)CCCCC=CCC=CCC=CCC=CCC=CCCCCC)COC(=O)CCCCCCCCCCCCCCC,[M+NH4]+,TG 16:0_22:5_24:5,"TG 16:0_22:5(7,10,13,16,19)_24:5(6,9,12,15,18)",0.7871111111111091,0.6520288888889101,0.06065815421170525,0.4238846326614072,Some,Some,0.0,0.0,0.0,0.0,0.0,1999.4610269779428,0.0,0.0,0.0,3325.2231302547375,7739.920964394061,0.0,2303.1380443546327,2459.48321632942,24947.62874599942,0.0,1536.6697877652934,0.0
16966,19.452,1000.83223,1000.83277,0.5395506783824365,C65H106O6,CCCCCC=CCC=CCC=CCC=CCC=CCCC(=O)OC(COC(=O)CCCCC=CCC=CCC=CCC=CCC=CCCCCC)COC(=O)CCCCCCCCCCCCCCC,[M+NH4]+,TG 16:0_22:5_24:5,"TG 16:0_22:5(4,7,10,13,16)_24:5(6,9,12,15,18)",0.7212500000000013,0.5823862500000274,0.009668679465403467,0.3654593397327024,All,Some,0.0,0.0,0.0,0.0,0.0,1791.8216702305276,0.0,0.0,0.0,3646.5738329777896,9684.156953536645,0.0,2210.9919577885958,2419.3439915049257,29052.225778295026,0.0,1347.0880149812733,0.0
16971,19.453,848.76474,848.77017,6.397491561286461,C53H98O6,CCCCCCCCC=CCCCCCCCC(=O)OC(COC(=O)CCCCCCCC=CCCCCCCCC)COC(=O)CCCCCCCCCCCCC,[M+NH4]+,TG 14:0_18:1_18:1,TG 14:0_18:1(9)_18:1(9),0.8610000000000007,0.5078049999999621,0.19019660124230167,0.5255983006211511,All,Some,0.0,0.0,0.0,0.0,0.0,0.0,0.0,0.0,0.0,0.0,0.0,51336.32286995516,0.0,0.0,0.0,0.0,0.0,0.0
16971,19.453,848.76474,848.77017,6.397491561286461,C53H98O6,CCCCCCCCCCCC=CCCCCC(=O)OC(COC(=O)CCCCCCCC=CCCCCCCCC)COC(=O)CCCCCCCCCCCCC,[M+NH4]+,TG 14:0_18:1_18:1,TG 14:0_18:1(6)_18:1(9),0.8825000000000003,0.6773924999999679,0.14058345358566463,0.5115417267928324,All,Some,0.0,0.0,0.0,0.0,0.0,0.0,0.0,0.0,0.0,0.0,0.0,53000.000000000015,0.0,0.0,0.0,0.0,0.0,0.0
16971,19.453,848.76474,848.77017,6.397491561286461,C53H98O6,CCCCCCCCCCCC=CCCCCC(=O)OC(COC(=O)CCCCC=CCCCCCCCCCCC)COC(=O)CCCCCCCCCCCCC,[M+NH4]+,TG 14:0_18:1_18:1,TG 14:0_18:1(6)_18:1(6),0.9039999999999999,0.8469799999999736,0.09097030592902759,0.49748515296451373,All,Some,0.0,0.0,0.0,0.0,0.0,0.0,0.0,0.0,0.0,0.0,0.0,51336.32286995516,0.0,0.0,0.0,0.0,0.0,0.0
16971,19.453,848.76474,848.77017,6.397491561286461,C53H98O6,CCCCCCC=CCCCCCCCCCC(=O)OC(COC(=O)CCCCCCCC=CCCCCCCCC)COC(=O)CCCCCCCCCCCCC,[M+NH4]+,TG 14:0_18:1_18:1,TG 14:0_18:1(11)_18:1(9),0.6605000000000008,0.7094474999999534,0.12493714921781418,0.39271857460890747,All,Some,0.0,0.0,0.0,0.0,0.0,0.0,0.0,0.0,0.0,0.0,0.0,1663.6771300448434,0.0,0.0,0.0,0.0,0.0,0.0
16971,19.453,848.76474,848.77017,6.397491561286461,C53H98O6,CCCCCCC=CCCCCCCCCCC(=O)OC(COC(=O)CCCCC=CCCCCCCCCCCC)COC(=O)CCCCCCCCCCCCC,[M+NH4]+,TG 14:0_18:1_18:1,TG 14:0_18:1(11)_18:1(6),0.6820000000000004,0.8790349999999592,0.07532400156117715,0.37866200078058876,All,Some,0.0,0.0,0.0,0.0,0.0,0.0,0.0,0.0,0.0,0.0,0.0,1663.6771300448434,0.0,0.0,0.0,0.0,0.0,0.0
16971,19.453,848.76474,848.77017,6.397491561286461,C53H98O6,CCCCCCC=CCCCCCCCCCC(=O)OC(COC(=O)CCCCCCCCCC=CCCCCCC)COC(=O)CCCCCCCCCCCCC,[M+NH4]+,TG 14:0_18:1_18:1,TG 14:0_18:1(11)_18:1(11),0.46000000000000085,0.9110899999999447,0.059677697193326704,0.2598388485966638,All,Some,0.0,0.0,0.0,0.0,0.0,0.0,0.0,0.0,0.0,0.0,0.0,0.0,0.0,0.0,0.0,0.0,0.0,0.0
16994,19.493,974.81669,974.81712,0.4411083794375941,C63H104O6,CCCCCC=CCC=CCC=CCC=CCCCCCC(=O)OC(COC(=O)CCC=CCC=CCC=CCC=CCC=CCCCCC)COC(=O)CCCCCCCCCCCCCCC,[M+NH4]+,TG 16:0_22:4_22:5,"TG 16:0_22:4(7,10,13,16)_22:5(4,7,10,13,16)",0.8440000000000006,0.45495615384620053,0.07677698124087748,0.4603884906204391,Some,Some,0.0,0.0,0.0,0.0,0.0,21350.161847509728,26279.16550764951,0.0,0.0,41488.91449642775,61032.90169615174,19188.854057819575,25336.17636429346,25886.814814814814,120508.10014727541,17984.00836164097,6683.948606587043,10204.444444444443
16994,19.493,974.81669,974.81712,0.4411083794375941,C63H104O6,CCCCCC=CCC=CCC=CCC=CCCCCCC(=O)OC(COC(=O)CCCCCC=CCC=CCC=CCC=CCC=CCC)COC(=O)CCCCCCCCCCCCCCC,[M+NH4]+,TG 16:0_22:4_22:5,"TG 16:0_22:4(7,10,13,16)_22:5(7,10,13,16,19)",0.8814000000000014,0.44133700000000997,0.03747027588328376,0.4594351379416426,Some,Some,0.0,0.0,0.0,0.0,0.0,7849.838152490277,4920.8344923504865,0.0,0.0,19411.085503572252,20867.098303848255,6411.145942180426,8563.82363570654,7613.185185185185,54491.89985272461,6215.991638359029,1966.051393412957,6595.555555555556
17008,19.505,874.7816,874.78582,4.824037956992033,C55H100O6,CCCCCCC=CCCCCCCCCCC(=O)OC(COC(=O)CCCCC=CCCCCCCCCCCC)COC(=O)CCCCCCCC=CCCCCCC,[M+NH4]+,TG 16:1_18:1_18:1,TG 16:1(9)_18:1(11)_18:1(6),0.9359999999999999,0.8777949999999919,0.2050759336805395,0.5705379668402697,Some,Some,,12588.575658750327,0.0,0.0,0.0,0.0,34260.06331976481,0.0,17635.072553257174,18500.0,0.0,24493.328298086606,0.0,20166.666666666668,0.0,21333.333333333332,15873.745946708019,19166.666666666668
17008,19.505,874.7816,874.78582,4.824037956992033,C55H100O6,CCCCCCC=CCCCCCCCCCC(=O)OC(COC(=O)CCCCCCCC=CCCCCCCCC)COC(=O)CCCCCCCC=CCCCCCC,[M+NH4]+,TG 16:1_18:1_18:1,TG 16:1(9)_18:1(11)_18:1(9),0.9250000000000007,0.51887499999998,0.15572860811229022,0.5403643040561454,Some,Some,,13346.767771753272,0.0,0.0,0.0,0.0,34260.06331976481,0.0,23081.197900586598,18500.0,0.0,24493.328298086606,0.0,20166.666666666668,0.0,21333.333333333332,15873.745946708019,19166.666666666668
17008,19.505,874.7816,874.78582,4.824037956992033,C55H100O6,CCCCCCCCCCCC=CCCCCC(=O)OC(COC(=O)CCCCC=CCCCCCCCCCCC)COC(=O)CCCCCCCC=CCCCCCC,[M+NH4]+,TG 16:1_18:1_18:1,TG 16:1(9)_18:1(6)_18:1(6),0.8289999999999988,0.88151000000002,0.10430215349785014,0.4666510767489245,All,Some,,12588.575658750327,0.0,0.0,0.0,0.0,34260.06331976481,0.0,17635.072553257174,18500.0,0.0,24493.328298086606,0.0,20166.666666666668,0.0,21333.333333333332,15873.745946708019,19166.666666666668
17008,19.505,874.7816,874.78582,4.824037956992033,C55H100O6,CCCCCCC=CCCCCCCCCCC(=O)OC(COC(=O)CCCCCCCCCC=CCCCCCC)COC(=O)CCCCCCCC=CCCCCCC,[M+NH4]+,TG 16:1_18:1_18:1,TG 16:1(9)_18:1(11)_18:1(11),0.7569999999999979,0.9140749999999684,0.15862301191874645,0.45781150595937214,All,All,,758.1921130029414,0.0,0.0,0.0,0.0,9797.678275290216,0.0,11203.457857363383,18500.0,0.0,0.0,0.0,20166.666666666668,0.0,2934.3246592317223,2311.0785281263215,1801.994301994302
17008,19.505,874.7816,874.78582,4.824037956992033,C55H100O6,CCCCCCC=CCCCCCCCCCC(=O)OC(COC(=O)CCCCC=CCCCCCCCCCCC)COC(=O)CCCCCC=CCCCCCCCC,[M+NH4]+,TG 16:1_18:1_18:1,TG 16:1(7)_18:1(11)_18:1(6),0.8386666666666661,0.6211666666666815,0.06974609216813495,0.4542063794174005,All,Some,,758.1921130029414,0.0,0.0,0.0,0.0,9797.678275290216,0.0,11203.457857363383,18500.0,0.0,0.0,0.0,20166.666666666668,0.0,2934.3246592317223,2311.0785281263215,1801.994301994302
17008,19.505,874.7816,874.78582,4.824037956992033,C55H100O6,CCCCCCCCCCCC=CCCCCC(=O)OC(COC(=O)CCCCCCCC=CCCCCCCCC)COC(=O)CCCCCCCC=CCCCCCC,[M+NH4]+,TG 16:1_18:1_18:1,TG 16:1(9)_18:1(6)_18:1(9),0.8386666666666661,0.6211666666666815,0.06974609216813495,0.4542063794174005,All,Some,,12588.575658750327,0.0,0.0,0.0,0.0,24462.385044474595,0.0,11877.740043223213,0.0,0.0,24493.328298086606,0.0,0.0,0.0,18399.008674101613,13562.6674185817,17364.672364672366
17008,19.505,874.7816,874.78582,4.824037956992033,C55H100O6,CCCCCCCCCCCC=CCCCCC(=O)OC(COC(=O)CCCCC=CCCCCCCCCCCC)COC(=O)CCCCCC=CCCCCCCCC,[M+NH4]+,TG 16:1_18:1_18:1,TG 16:1(7)_18:1(6)_18:1(6),0.8795000000000002,0.47471250000003806,0.025307632292829202,0.4524038161464147,All,Some,,738.792741241672,0.0,0.0,0.0,0.0,0.0,0.0,17323.865390552637,0.0,0.0,1520.0151057401813,0.0,0.0,0.0,0.0,0.0,0.0
17008,19.505,874.7816,874.78582,4.824037956992033,C55H100O6,CCCCCCCCCCCC=CCCCCC(=O)OC(COC(=O)CCCCCCCC=CCCCCCCCC)COC(=O)CCCCCC=CCCCCCCCC,[M+NH4]+,TG 16:1_18:1_18:1,TG 16:1(7)_18:1(6)_18:1(9),0.8795000000000002,0.47471250000003806,0.025307632292829202,0.4524038161464147,All,Some,,738.792741241672,0.0,0.0,0.0,0.0,5439.620081411126,0.0,17635.072553257174,0.0,0.0,1520.0151057401813,0.0,0.0,0.0,0.0,957.524319751868,0.0
17008,19.505,874.7816,874.78582,4.824037956992033,C55H100O6,CCCCCCC=CCCCCCCCCCC(=O)OC(COC(=O)CCCCCCCCCC=CCCCCCC)COC(=O)CCCCCC=CCCCCCCCC,[M+NH4]+,TG 16:1_18:1_18:1,TG 16:1(7)_18:1(11)_18:1(11),0.8074999999999992,0.5072774999999865,0.0796284907137255,0.44356424535686234,All,Some,,13346.767771753272,0.0,0.0,0.0,0.0,24462.385044474595,0.0,17323.865390552637,0.0,0.0,24493.328298086606,0.0,0.0,0.0,18399.008674101613,13562.6674185817,17364.672364672366
17008,19.505,874.7816,874.78582,4.824037956992033,C55H100O6,CCCCCCC=CCCCCCCCCCC(=O)OC(COC(=O)CCCCCCCC=CCCCCCCCC)COC(=O)CCCCCC=CCCCCCCCC,[M+NH4]+,TG 16:1_18:1_18:1,TG 16:1(7)_18:1(11)_18:1(9),0.8074999999999992,0.5072774999999865,0.0796284907137255,0.44356424535686234,All,Some,,13346.767771753272,0.0,0.0,0.0,0.0,34260.06331976481,0.0,23081.197900586598,18500.0,0.0,24493.328298086606,0.0,20166.666666666668,0.0,21333.333333333332,15873.745946708019,19166.666666666668
17021,19.514,822.7537,822.75452,0.9966520754891292,C51H96O6,CCCCCCCCCCCCCCCC(=O)OC(COC(=O)CCCCCCCC=CCCCCCC)COC(=O)CCCCCCCCCCCCCCC,[M+NH4]+,TG 16:0_16:0_16:1,TG 16:0_16:0_16:1(9),0.6140000000000008,0.5099700000000098,0.20679021173022452,0.41039510586511263,All,Some,0.0,0.0,0.0,0.0,0.0,0.0,0.0,0.0,0.0,0.0,0.0,2385.984427141268,0.0,0.0,0.0,0.0,0.0,0.0
17021,19.514,822.7537,822.75452,0.9966520754891292,C51H96O6,CCCCCCCCCCCCCCCC(=O)OC(COC(=O)CCCCCC=CCCCCCCCC)COC(=O)CCCCCCCCCCCCCCC,[M+NH4]+,TG 16:0_16:0_16:1,TG 16:0_16:0_16:1(7),0.5769999999999982,0.509490000000028,0.18974342040554923,0.3833717102027737,All,Some,0.0,0.0,0.0,0.0,0.0,0.0,0.0,0.0,0.0,0.0,0.0,24972.19132369299,0.0,0.0,0.0,0.0,0.0,0.0
17021,19.514,822.7537,822.75452,0.9966520754891292,C51H96O6,CCCCCCCCCCCCCCCC(=O)OC(COC(=O)CCCCC=CCCCCCCCCC)COC(=O)CCCCCCCCCCCCCCC,[M+NH4]+,TG 16:0_16:0_16:1,TG 16:0_16:0_16:1(6),0.6780000000000008,0.48253500000004124,0.0,0.3390000000000004,All,None,0.0,0.0,0.0,0.0,0.0,0.0,0.0,0.0,0.0,0.0,0.0,27641.824249165744,0.0,0.0,0.0,0.0,0.0,0.0
17027,19.518,846.75382,846.75452,0.8266858734193382,C53H96O6,CCCCCCCCCC=CCCCCC(=O)OC(COC(=O)CCCCCCCC=CCCCCCCCC)COC(=O)CCCCC=CCCCCCCCCC,[M+NH4]+,TG 16:1_16:1_18:1,TG 16:1(6)_16:1(6)_18:1(9),0.9490000000000016,0.8807199999999966,0.17352824624139682,0.5612641231206992,Some,Some,0.0,0.0,0.0,0.0,0.0,0.0,0.0,0.0,0.0,0.0,0.0,0.0,0.0,0.0,0.0,0.0,0.0,0.0
17027,19.518,846.75382,846.75452,0.8266858734193382,C53H96O6,CCCCCCCCCC=CCCCCC(=O)OC(COC(=O)CCCCCCCCCC=CCCCCCC)COC(=O)CCCCC=CCCCCCCCCC,[M+NH4]+,TG 16:1_16:1_18:1,TG 16:1(6)_16:1(6)_18:1(11),0.9009999999999998,0.8751649999999813,0.16945180985034583,0.5352259049251729,Some,Some,0.0,0.0,0.0,0.0,0.0,0.0,0.0,0.0,0.0,0.0,0.0,0.0,0.0,0.0,0.0,0.0,0.0,0.0
17027,19.518,846.75382,846.75452,0.8266858734193382,C53H96O6,CCCCCCCCCC=CCCCCC(=O)OC(COC(=O)CCCCC=CCCCCCCCCCCC)COC(=O)CCCCC=CCCCCCCCCC,[M+NH4]+,TG 16:1_16:1_18:1,TG 16:1(6)_16:1(6)_18:1(6),0.9009999999999998,0.8751649999999813,0.16945180985034583,0.5352259049251729,Some,Some,0.0,0.0,0.0,0.0,0.0,0.0,0.0,0.0,0.0,0.0,0.0,0.0,0.0,0.0,0.0,0.0,0.0,0.0
17027,19.518,846.75382,846.75452,0.8266858734193382,C53H96O6,CCCCCCCCC=CCCCCCC(=O)OC(COC(=O)CCCCC=CCCCCCCCCCCC)COC(=O)CCCCCC=CCCCCCCCC,[M+NH4]+,TG 16:1_16:1_18:1,TG 16:1(7)_16:1(7)_18:1(6),0.968,0.8687199999999962,0.04875522223252396,0.508377611116262,Some,Some,0.0,0.0,0.0,0.0,2365.6509695290856,0.0,0.0,0.0,0.0,14994.250425894377,0.0,0.0,0.0,0.0,0.0,0.0,0.0,0.0
17027,19.518,846.75382,846.75452,0.8266858734193382,C53H96O6,CCCCCCCCC=CCCCCCC(=O)OC(COC(=O)CCCCCCCC=CCCCCCCCC)COC(=O)CCCCC=CCCCCCCCCC,[M+NH4]+,TG 16:1_16:1_18:1,TG 16:1(6)_16:1(7)_18:1(9),0.9024999999999999,0.8808600000000126,0.08676412312069841,0.4946320615603491,All,Some,0.0,0.0,0.0,0.0,25768.698060941828,0.0,0.0,0.0,0.0,43511.499148211245,0.0,0.0,0.0,0.0,0.0,0.0,0.0,0.0
17027,19.518,846.75382,846.75452,0.8266858734193382,C53H96O6,CCCCCCCCC=CCCCCCC(=O)OC(COC(=O)CCCCC=CCCCCCCCCCCC)COC(=O)CCCCC=CCCCCCCCCC,[M+NH4]+,TG 16:1_16:1_18:1,TG 16:1(6)_16:1(7)_18:1(6),0.8966666666666671,0.7814750000000004,0.0727356773609566,0.48470117201381185,All,Some,0.0,0.0,0.0,0.0,0.0,0.0,0.0,0.0,0.0,0.0,0.0,0.0,0.0,0.0,0.0,0.0,0.0,0.0
17027,19.518,846.75382,846.75452,0.8266858734193382,C53H96O6,CCCCCCC=CCCCCCCCC(=O)OC(COC(=O)CCCCCCCCCC=CCCCCCC)COC(=O)CCCCC=CCCCCCCCCC,[M+NH4]+,TG 16:1_16:1_18:1,TG 16:1(6)_16:1(9)_18:1(11),0.8795000000000002,0.47471250000000964,0.08605231298041933,0.4827761564902098,All,Some,0.0,0.0,0.0,0.0,2365.6509695290856,0.0,0.0,0.0,0.0,14994.250425894377,0.0,0.0,0.0,0.0,0.0,0.0,0.0,0.0
17027,19.518,846.75382,846.75452,0.8266858734193382,C53H96O6,CCCCCCC=CCCCCCCCC(=O)OC(COC(=O)CCCCC=CCCCCCCCCCCC)COC(=O)CCCCC=CCCCCCCCCC,[M+NH4]+,TG 16:1_16:1_18:1,TG 16:1(6)_16:1(9)_18:1(6),0.881333333333334,0.5107099999999983,0.07226113726743721,0.4767972353003856,All,Some,0.0,0.0,0.0,0.0,28134.349030470912,0.0,0.0,0.0,0.0,58505.74957410563,0.0,0.0,0.0,0.0,0.0,0.0,0.0,0.0
17027,19.518,846.75382,846.75452,0.8266858734193382,C53H96O6,CCCCCCCCC=CCCCCCC(=O)OC(COC(=O)CCCCCCCCCC=CCCCCCC)COC(=O)CCCCC=CCCCCCCCCC,[M+NH4]+,TG 16:1_16:1_18:1,TG 16:1(6)_16:1(7)_18:1(11),0.8876666666666667,0.6119933333333544,0.05872702078396322,0.47319684372531495,All,Some,0.0,0.0,0.0,0.0,2365.6509695290856,0.0,0.0,0.0,0.0,14994.250425894377,0.0,0.0,0.0,0.0,0.0,0.0,0.0,0.0
17027,19.518,846.75382,846.75452,0.8266858734193382,C53H96O6,CCCCCCC=CCCCCCCCC(=O)OC(COC(=O)CCCCCCCC=CCCCCCCCC)COC(=O)CCCCC=CCCCCCCCCC,[M+NH4]+,TG 16:1_16:1_18:1,TG 16:1(6)_16:1(9)_18:1(9),0.8876666666666667,0.6119933333333544,0.058727020783963226,0.47319684372531495,All,Some,0.0,0.0,0.0,0.0,0.0,0.0,0.0,0.0,0.0,0.0,0.0,0.0,0.0,0.0,0.0,0.0,0.0,0.0
17037,19.521,976.8249,976.83277,8.05665026985669,C63H106O6,CCCCCCCCCCCC=CCCCCC(=O)OC(COC(=O)CCC=CCC=CCC=CCC=CCC=CCC=CCCCC)COC(=O)CCCCC=CCCCCCCCCCCC,[M+NH4]+,TG 18:1_18:1_24:6,"TG 18:1(6)_18:1(6)_24:6(4,7,10,13,16,19)",0.855599999999999,0.5490800000000263,0.06358115914024479,0.4595905795701219,Some,Some,0.0,0.0,,0.0,0.0,0.0,0.0,,0.0,0.0,1420.0,0.0,569.8520923520923,0.0,0.0,0.0,0.0,455.0
17037,19.521,976.8249,976.83277,8.05665026985669,C63H106O6,CCCCCCCCC=CCCCCCCCC(=O)OC(COC(=O)CCC=CCC=CCC=CCC=CCC=CCC=CCCCC)COC(=O)CCCCC=CCCCCCCCCCCC,[M+NH4]+,TG 18:1_18:1_24:6,"TG 18:1(6)_18:1(9)_24:6(4,7,10,13,16,19)",0.8679999999999991,0.5214650000000347,0.04541511367160341,0.4567075568358012,All,Some,0.0,0.0,,0.0,0.0,0.0,0.0,,0.0,0.0,1420.0,0.0,569.8520923520923,0.0,0.0,0.0,0.0,455.0
17037,19.521,976.8249,976.83277,8.05665026985669,C63H106O6,CCCCCCCCC=CCCCCCCCC(=O)OC(COC(=O)CCC=CCC=CCC=CCC=CCC=CCC=CCCCC)COC(=O)CCCCCCCC=CCCCCCCCC,[M+NH4]+,TG 18:1_18:1_24:6,"TG 18:1(9)_18:1(9)_24:6(4,7,10,13,16,19)",0.8554545454545445,0.4996072727272928,0.05780105376385889,0.4566277996092017,Some,Some,0.0,0.0,,0.0,0.0,0.0,0.0,,0.0,0.0,1420.0,0.0,686.8145743145743,0.0,0.0,0.0,0.0,455.0
17037,19.521,976.8249,976.83277,8.05665026985669,C63H106O6,CCCCCCCCCCCC=CCCCCC(=O)OC(COC(=O)CCC=CCC=CCC=CCC=CCC=CCC=CCCCC)COC(=O)CCCCCCCCCC=CCCCCCC,[M+NH4]+,TG 18:1_18:1_24:6,"TG 18:1(11)_18:1(6)_24:6(4,7,10,13,16,19)",0.8339999999999989,0.6104884615384925,0.07260227809073133,0.45330113904536506,All,Some,0.0,0.0,,0.0,0.0,0.0,0.0,,0.0,0.0,1420.0,0.0,569.8520923520923,0.0,0.0,0.0,0.0,455.0
17037,19.521,976.8249,976.83277,8.05665026985669,C63H106O6,CCCCCCC=CCCCCCCCCCC(=O)OC(COC(=O)CCC=CCC=CCC=CCC=CCC=CCC=CCCCC)COC(=O)CCCCCCCCCC=CCCCCCC,[M+NH4]+,TG 18:1_18:1_24:6,"TG 18:1(11)_18:1(11)_24:6(4,7,10,13,16,19)",0.8099999999999987,0.6131520000000137,0.09438296151795074,0.4521914807589747,Some,Some,0.0,0.0,,0.0,0.0,0.0,0.0,,0.0,0.0,1420.0,0.0,686.8145743145743,0.0,0.0,0.0,0.0,455.0
17037,19.521,976.8249,976.83277,8.05665026985669,C63H106O6,CCCCCCCCC=CCCCCCCCC(=O)OC(COC(=O)CCC=CCC=CCC=CCC=CCC=CCC=CCCCC)COC(=O)CCCCCCCCCC=CCCCCCC,[M+NH4]+,TG 18:1_18:1_24:6,"TG 18:1(11)_18:1(9)_24:6(4,7,10,13,16,19)",0.8354285714285703,0.56723071428574,0.06741640108425052,0.45142248625641035,All,Some,0.0,0.0,,0.0,0.0,0.0,0.0,,0.0,0.0,1420.0,0.0,686.8145743145743,0.0,0.0,0.0,0.0,455.0
17078,19.554,820.73783,820.73887,1.267150902684857,C51H94O6,CCCCCCC=CCCCCCCCC(=O)OC(COC(=O)CCCCCCCC=CCCCCCC)COC(=O)CCCCCCCCCCCCCCC,[M+NH4]+,TG 16:0_16:1_16:1,TG 16:0_16:1(9)_16:1(9),0.9879999999999995,0.5081199999999626,0.23167950155366238,0.609839750776831,All,Some,0.0,0.0,0.0,0.0,2456.6666666666665,0.0,0.0,3900.0,0.0,0.0,0.0,0.0,0.0,0.0,0.0,8933.333333333334,0.0,0.0
17078,19.554,820.73783,820.73887,1.267150902684857,C51H94O6,CCCCCCCCC=CCCCCCC(=O)OC(COC(=O)CCCCCCCC=CCCCCCC)COC(=O)CCCCCCCCCCCCCCC,[M+NH4]+,TG 16:0_16:1_16:1,TG 16:0_16:1(7)_16:1(9),0.9515000000000029,0.508367499999963,0.11583975077683119,0.533669875388417,All,Some,0.0,0.0,0.0,0.0,2456.6666666666665,0.0,0.0,3900.0,0.0,0.0,0.0,0.0,0.0,0.0,0.0,8933.333333333334,0.0,0.0
17078,19.554,820.73783,820.73887,1.267150902684857,C51H94O6,CCCCCCCCCC=CCCCCC(=O)OC(COC(=O)CCCCCCCC=CCCCCCC)COC(=O)CCCCCCCCCCCCCCC,[M+NH4]+,TG 16:0_16:1_16:1,TG 16:0_16:1(6)_16:1(9),0.8315000000000001,0.6909349999999961,0.23225129232484992,0.531875646162425,All,Some,0.0,0.0,0.0,0.0,2456.6666666666665,0.0,0.0,3900.0,0.0,0.0,0.0,0.0,0.0,0.0,0.0,8933.333333333334,0.0,0.0
17078,19.554,820.73783,820.73887,1.267150902684857,C51H94O6,CCCCCCCCC=CCCCCCC(=O)OC(COC(=O)CCCCCC=CCCCCCCCC)COC(=O)CCCCCCCCCCCCCCC,[M+NH4]+,TG 16:0_16:1_16:1,TG 16:0_16:1(7)_16:1(7),0.9150000000000063,0.5086149999999634,0.0,0.4575000000000031,All,None,0.0,0.0,0.0,0.0,0.0,0.0,0.0,0.0,0.0,0.0,0.0,0.0,0.0,0.0,0.0,0.0,0.0,0.0
17078,19.554,820.73783,820.73887,1.267150902684857,C51H94O6,CCCCCCCCCC=CCCCCC(=O)OC(COC(=O)CCCCCC=CCCCCCCCC)COC(=O)CCCCCCCCCCCCCCC,[M+NH4]+,TG 16:0_16:1_16:1,TG 16:0_16:1(6)_16:1(7),0.7950000000000035,0.6911824999999965,0.11641154154801873,0.4557057707740111,All,Some,0.0,0.0,0.0,0.0,0.0,0.0,0.0,0.0,0.0,0.0,0.0,0.0,0.0,0.0,0.0,0.0,0.0,0.0
17078,19.554,820.73783,820.73887,1.267150902684857,C51H94O6,CCCCCCCCCC=CCCCCC(=O)OC(COC(=O)CCCCC=CCCCCCCCCC)COC(=O)CCCCCCCCCCCCCCC,[M+NH4]+,TG 16:0_16:1_16:1,TG 16:0_16:1(6)_16:1(6),0.6750000000000007,0.8737500000000296,0.23282308309603747,0.45391154154801905,All,All,0.0,0.0,0.0,0.0,0.0,0.0,0.0,0.0,0.0,0.0,0.0,0.0,0.0,0.0,0.0,0.0,0.0,0.0
17182,19.652,872.76978,872.77017,0.44685303582101826,C55H98O6,CCCCCCC=CCCCCCCCCCC(=O)OC(COC(=O)CCCCC=CCC=CCCCCCCCC)COC(=O)CCCCCCCC=CCCCCCC,[M+NH4]+,TG 16:1_18:1_18:2,"TG 16:1(9)_18:1(11)_18:2(6,9)",0.8650000000000002,0.6806875000000332,0.22459136815109437,0.5447956840755472,Some,Some,0.0,0.0,0.0,0.0,0.0,0.0,53044.527538220864,0.0,48077.36830537035,0.0,0.0,0.0,0.0,45379.60426179604,233787.8486797983,0.0,37094.19810926127,0.0
17182,19.652,872.76978,872.77017,0.44685303582101826,C55H98O6,CCCCCCCCC=CCCCCCCCC(=O)OC(COC(=O)CCCCC=CCC=CCCCCCCCC)COC(=O)CCCCCCCC=CCCCCCC,[M+NH4]+,TG 16:1_18:1_18:2,"TG 16:1(9)_18:1(9)_18:2(6,9)",0.8650000000000002,0.6806875000000332,0.22459136815109437,0.5447956840755472,Some,Some,0.0,0.0,0.0,0.0,0.0,0.0,1972.9473543419726,0.0,3509.7076708916397,0.0,0.0,0.0,0.0,2802.557077625571,43285.57589607293,0.0,3555.0029281351963,0.0
17182,19.652,872.76978,872.77017,0.44685303582101826,C55H98O6,CCCCCCC=CCCCCCCCCCC(=O)OC(COC(=O)CCCCCCCC=CCC=CCCCCC)COC(=O)CCCCCCCC=CCCCCCC,[M+NH4]+,TG 16:1_18:1_18:2,"TG 16:1(9)_18:1(11)_18:2(9,12)",0.942000000000002,0.7172824999999818,0.11821485931448014,0.530107429657241,Some,Some,0.0,0.0,0.0,0.0,0.0,0.0,5316.455475369415,0.0,18540.259359660045,0.0,0.0,0.0,0.0,6157.442922374429,117881.46749795078,0.0,6298.084162971639,0.0
17182,19.652,872.76978,872.77017,0.44685303582101826,C55H98O6,CCCCCCC=CCCCCCCCCCC(=O)OC(COC(=O)CCCCC=CCC=CCCCCCCCC)COC(=O)CCCCCC=CCCCCCCCC,[M+NH4]+,TG 16:1_18:1_18:2,"TG 16:1(7)_18:1(11)_18:2(6,9)",0.8449999999999989,0.8849399999999719,0.21439516896537222,0.5296975844826856,Some,Some,0.0,0.0,0.0,0.0,0.0,0.0,4073.423625124301,0.0,3509.7076708916397,0.0,0.0,0.0,0.0,3661.7351598173514,34927.84222161504,0.0,3555.0029281351963,0.0
17182,19.652,872.76978,872.77017,0.44685303582101826,C55H98O6,CCCCCCCCC=CCCCCCCCC(=O)OC(COC(=O)CCCCC=CCC=CCCCCCCCC)COC(=O)CCCCCC=CCCCCCCCC,[M+NH4]+,TG 16:1_18:1_18:2,"TG 16:1(7)_18:1(9)_18:2(6,9)",0.8359999999999985,0.8530500000000529,0.21275301767322843,0.5243765088366135,Some,Some,0.0,0.0,0.0,0.0,0.0,0.0,0.0,0.0,1276.5770386108873,0.0,0.0,0.0,0.0,0.0,0.0,0.0,0.0,0.0
17182,19.652,872.76978,872.77017,0.44685303582101826,C55H98O6,CCCCCCCCCCCC=CCCCCC(=O)OC(COC(=O)CCCCC=CCC=CCCCCCCCC)COC(=O)CCCCCCCC=CCCCCCC,[M+NH4]+,TG 16:1_18:1_18:2,"TG 16:1(9)_18:1(6)_18:2(6,9)",0.8491999999999991,0.8816499999999905,0.17151613517229777,0.5103580675861484,Some,Some,0.0,0.0,0.0,0.0,0.0,0.0,2760.625955885346,0.0,1276.5770386108873,0.0,0.0,0.0,0.0,1050.1065449010655,25052.410641098886,0.0,0.0,0.0
17182,19.652,872.76978,872.77017,0.44685303582101826,C55H98O6,CCCCCCC=CCCCCCCCCCC(=O)OC(COC(=O)CCCCCCCC=CCC=CCCCCC)COC(=O)CCCCCC=CCCCCCCCC,[M+NH4]+,TG 16:1_18:1_18:2,"TG 16:1(7)_18:1(11)_18:2(9,12)",0.9306666666666684,0.7689983333333051,0.08504897199041683,0.5078578193285427,Some,Some,0.0,0.0,0.0,0.0,0.0,0.0,3343.508121027442,0.0,2686.790241043299,0.0,0.0,0.0,0.0,3354.8858447488587,56965.647432872145,0.0,0.0,0.0
17182,19.652,872.76978,872.77017,0.44685303582101826,C55H98O6,CCCCCCCCCCCC=CCCCCC(=O)OC(COC(=O)CCCCC=CCC=CCCCCCCCC)COC(=O)CCCCCC=CCCCCCCCC,[M+NH4]+,TG 16:1_18:1_18:2,"TG 16:1(7)_18:1(6)_18:2(6,9)",0.8879999999999981,0.7437124999999867,0.10637650883661422,0.49718825441830616,Some,Some,0.0,0.0,0.0,0.0,0.0,0.0,1972.9473543419726,0.0,4047.769067330939,0.0,0.0,0.0,0.0,2802.557077625571,43285.57589607293,0.0,3555.0029281351963,0.0
17182,19.652,872.76978,872.77017,0.44685303582101826,C55H98O6,CCCCCCC=CCCCCCCCCCC(=O)OC(COC(=O)CCCCC=CCC=CCCCCCCCC)COC(=O)CCCCC=CCCCCCCCCC,[M+NH4]+,TG 16:1_18:1_18:2,"TG 16:1(6)_18:1(11)_18:2(6,9)",0.8491428571428575,0.7657242857142786,0.12950360965355973,0.4893232333982086,Some,Some,0.0,0.0,0.0,0.0,0.0,0.0,53754.93861980332,0.0,59798.6665689794,0.0,0.0,0.0,0.0,45741.004566210046,256761.22109342008,0.0,36642.708943361504,0.0
17182,19.652,872.76978,872.77017,0.44685303582101826,C55H98O6,CCCCCCCCCCCC=CCCCCC(=O)OC(COC(=O)CCCCCCCC=CCC=CCCCCC)COC(=O)CCCCCCCC=CCCCCCC,[M+NH4]+,TG 16:1_18:1_18:2,"TG 16:1(9)_18:1(6)_18:2(9,12)",0.8974285714285729,0.7152085714285314,0.07406480384472025,0.4857466876366466,Some,Some,0.0,0.0,0.0,0.0,0.0,0.0,2760.625955885346,0.0,1276.5770386108873,0.0,0.0,0.0,0.0,1050.1065449010655,25052.410641098886,0.0,0.0,0.0
17194,19.658,924.801,924.80147,0.5082171851978484,C59H102O6,CCCCCCCCCCCCCCCC(=O)OC(COC(=O)CCC=CCC=CCC=CCC=CCC=CCC=CCCCC)COC(=O)CCCCCCCCCCCCCCC,[M+NH4]+,TG 16:0_16:0_24:6,"TG 16:0_16:0_24:6(4,7,10,13,16,19)",0.8502222222222239,0.6176788888889431,0.07846026581294462,0.46434124401758425,All,Some,319000.0,608000.0,431000.0,413000.0,401000.0,1320000.0,1230000.0,432000.0,1820000.0,2070000.0,2520000.0,1400000.0,1420000.0,1330000.0,4120000.0,992000.0,840000.0,995000.0
17204,19.667,900.79264,900.80147,9.802381872210992,C57H102O6,CCCCCCCCC=CCCCCCCCC(=O)OC(COC(=O)CCCCC=CCC=CCCCCCCCC)COC(=O)CCCCCCCC=CCCCCCCCC,[M+NH4]+,TG 18:1_18:1_18:2,"TG 18:1(9)_18:1(9)_18:2(6,9)",0.9689999999999976,0.5078950000000191,0.23340300199092284,0.6012015009954602,Some,Some,0.0,0.0,0.0,0.0,0.0,0.0,0.0,0.0,0.0,0.0,7586.340634089974,0.0,0.0,1708.622815723781,28641.985959067108,0.0,0.0,286.0119683693097
17204,19.667,900.79264,900.80147,9.802381872210992,C57H102O6,CCCCCCC=CCCCCCCCCCC(=O)OC(COC(=O)CCCCC=CCC=CCCCCCCCC)COC(=O)CCCCCCCCCC=CCCCCCC,[M+NH4]+,TG 18:1_18:1_18:2,"TG 18:1(11)_18:1(11)_18:2(6,9)",0.9529999999999976,0.5076950000000124,0.21944331282609222,0.5862216564130449,Some,Some,0.0,0.0,0.0,0.0,0.0,0.0,0.0,0.0,0.0,0.0,9520.222077594335,0.0,0.0,4738.488375590243,24051.06695224496,0.0,0.0,2789.3246420175255
17204,19.667,900.79264,900.80147,9.802381872210992,C57H102O6,CCCCCCCCC=CCCCCCCCC(=O)OC(COC(=O)CCCCCCCC=CCC=CCCCCC)COC(=O)CCCCCCCCCC=CCCCCCC,[M+NH4]+,TG 18:1_18:1_18:2,"TG 18:1(11)_18:1(9)_18:2(9,12)",0.9151999999999987,0.7410679999999956,0.2203410545348564,0.5677705272674276,Some,Some,0.0,0.0,0.0,0.0,0.0,0.0,0.0,0.0,0.0,0.0,69387.66619293655,0.0,0.0,43210.17173448825,147399.70053942566,0.0,0.0,27952.71425518274
17204,19.667,900.79264,900.80147,9.802381872210992,C57H102O6,CCCCCCCCCCCC=CCCCCC(=O)OC(COC(=O)CCCCC=CCC=CCCCCCCCC)COC(=O)CCCCCCCCCC=CCCCCCC,[M+NH4]+,TG 18:1_18:1_18:2,"TG 18:1(11)_18:1(6)_18:2(6,9)",0.9427999999999997,0.7236400000000458,0.18853034702428254,0.5656651735121411,Some,Some,0.0,0.0,0.0,0.0,0.0,0.0,0.0,0.0,0.0,0.0,65122.07626612121,0.0,0.0,42034.19651718849,135454.39671584958,0.0,0.0,27952.71425518274
17204,19.667,900.79264,900.80147,9.802381872210992,C57H102O6,CCCCCCCCC=CCCCCCCCC(=O)OC(COC(=O)CCCCC=CCC=CCCCCCCCC)COC(=O)CCCCC=CCCCCCCCCCCC,[M+NH4]+,TG 18:1_18:1_18:2,"TG 18:1(6)_18:1(9)_18:2(6,9)",0.960666666666666,0.6243700000000368,0.15560200132728189,0.5581343339969739,Some,Some,0.0,0.0,0.0,0.0,0.0,0.0,0.0,0.0,0.0,0.0,60906.21471928171,0.0,0.0,30381.66561400343,122974.22854196411,0.0,0.0,23705.01175464843
17204,19.667,900.79264,900.80147,9.802381872210992,C57H102O6,CCCCCCCCC=CCCCCCCCC(=O)OC(COC(=O)CCCCCCCC=CCC=CCCCCC)COC(=O)CCCCCCCC=CCCCCCCCC,[M+NH4]+,TG 18:1_18:1_18:2,"TG 18:1(9)_18:1(9)_18:2(9,12)",0.8593333333333343,0.9119400000000345,0.21629233071056753,0.537812832021951,Some,Some,0.0,0.0,0.0,0.0,0.0,0.0,0.0,0.0,0.0,0.0,43959.88789863061,0.0,0.0,22976.480495654003,100331.63771220052,0.0,0.0,14558.292370164567
17204,19.667,900.79264,900.80147,9.802381872210992,C57H102O6,CCCCCCCCC=CCCCCCCCC(=O)OC(COC(=O)CCCCC=CCC=CCCCCCCCC)COC(=O)CCCCCCCCCC=CCCCCCC,[M+NH4]+,TG 18:1_18:1_18:2,"TG 18:1(11)_18:1(9)_18:2(6,9)",0.9350000000000005,0.6755325000000596,0.13455727529562017,0.5347786376478103,Some,Some,0.0,0.0,0.0,0.0,0.0,0.0,0.0,0.0,0.0,0.0,8210.708071564237,0.0,0.0,1912.689103431682,25807.204902427413,0.0,0.0,286.0119683693097
17204,19.667,900.79264,900.80147,9.802381872210992,C57H102O6,CCCCCCC=CCCCCCCCCCC(=O)OC(COC(=O)CCCCCCCC=CCC=CCCCCC)COC(=O)CCCCCCCCCC=CCCCCCC,[M+NH4]+,TG 18:1_18:1_18:2,"TG 18:1(11)_18:1(11)_18:2(9,12)",0.9019999999999987,0.6541966666666971,0.1369890824408411,0.5194945412204198,Some,Some,0.0,0.0,0.0,0.0,0.0,0.0,0.0,0.0,0.0,0.0,92389.80461953273,0.0,0.0,50269.48178892598,185553.35752816117,0.0,0.0,37977.29215644369
17204,19.667,900.79264,900.80147,9.802381872210992,C57H102O6,CCCCCCCCCCCC=CCCCCC(=O)OC(COC(=O)CCCCC=CCC=CCCCCCCCC)COC(=O)CCCCC=CCCCCCCCCCCC,[M+NH4]+,TG 18:1_18:1_18:2,"TG 18:1(6)_18:1(6)_18:2(6,9)",0.9075000000000006,0.675727500000022,0.11790718547917285,0.5127035927395868,Some,Some,0.0,0.0,0.0,0.0,0.0,0.0,0.0,0.0,0.0,0.0,3320.750707274635,0.0,0.0,532.6475984240127,14753.341662700297,0.0,0.0,286.0119683693097
17204,19.667,900.79264,900.80147,9.802381872210992,C57H102O6,CCCCCCCCC=CCCCCCCCC(=O)OC(COC(=O)CCCCCCCC=CCC=CCCCCC)COC(=O)CCCCC=CCCCCCCCCCCC,[M+NH4]+,TG 18:1_18:1_18:2,"TG 18:1(6)_18:1(9)_18:2(9,12)",0.8700000000000003,0.7238139999999931,0.14042107533403914,0.5052105376670197,Some,Some,0.0,0.0,0.0,0.0,0.0,0.0,0.0,0.0,0.0,0.0,55596.32881297401,0.0,0.0,32235.55595657012,114033.07948595904,0.0,0.0,23206.61466125241
17205,19.668,898.78552,898.78582,0.3337836370456911,C57H100O6,CCCCCCCCCCCCCCCC(=O)OC(COC(=O)CCC=CCC=CCC=CCC=CCC=CCCCCC)COC(=O)CCCCCCCCCCCCCCC,[M+NH4]+,TG 16:0_16:0_22:5,"TG 16:0_16:0_22:5(4,7,10,13,16)",0.8164999999999983,0.5619833333333398,0.12889250320396006,0.4726962516019792,All,Some,73405.6399132321,0.0,0.0,0.0,0.0,442964.59213217517,587800.5463215889,118351.36444372678,686586.9853917663,828260.7580653434,1059588.4189611124,470613.8297872341,550815.3810155215,698732.8410849763,2886312.3593762126,459074.513648795,355593.2081166078,468651.90078744787
17205,19.668,898.78552,898.78582,0.3337836370456911,C57H100O6,CCCCCCCCCCCCCCCC(=O)OC(COC(=O)CCCCCC=CCC=CCC=CCC=CCC=CCC)COC(=O)CCCCCCCCCCCCCCC,[M+NH4]+,TG 16:0_16:0_22:5,"TG 16:0_16:0_22:5(7,10,13,16,19)",0.8469999999999978,0.7984737500000421,0.06966058742982281,0.4583302937149103,All,Some,67594.3600867679,0.0,0.0,0.0,0.0,293035.4078678248,348199.4536784111,95648.6355562732,413413.01460823376,471739.2419346567,650411.5810388874,325386.1702127659,343184.6189844785,391267.15891502367,1433687.6406237877,325925.486351205,228406.79188339217,296348.099212552
17221,19.675,950.8162,950.81712,0.9675888041063532,C61H104O6,CCCCCCCCC=CCCCCCCCC(=O)OC(COC(=O)CCC=CCC=CCC=CCC=CCC=CCCCCC)COC(=O)CCCCCCCC=CCCCCCCCC,[M+NH4]+,TG 18:1_18:1_22:5,"TG 18:1(9)_18:1(9)_22:5(4,7,10,13,16)",0.940769230769231,0.5361623076923322,0.15761177530212594,0.5491905030356785,Some,Some,22282.765812740872,33275.858875821825,0.0,0.0,0.0,0.0,0.0,0.0,73427.94279427943,0.0,97453.84910498514,0.0,67271.85546986111,0.0,161199.6154890407,0.0,0.0,0.0
17221,19.675,950.8162,950.81712,0.9675888041063532,C61H104O6,CCCCCCCCCCCC=CCCCCC(=O)OC(COC(=O)CCC=CCC=CCC=CCC=CCC=CCCCCC)COC(=O)CCCCC=CCCCCCCCCCCC,[M+NH4]+,TG 18:1_18:1_22:5,"TG 18:1(6)_18:1(6)_22:5(4,7,10,13,16)",0.924666666666668,0.645854000000016,0.16538708483599288,0.5450268757513305,Some,Some,3042.5119020630236,10046.04130012038,0.0,0.0,0.0,0.0,0.0,0.0,34910.89108910891,0.0,58199.45108815052,0.0,19290.189927426105,0.0,132122.29503144333,0.0,0.0,0.0
17221,19.675,950.8162,950.81712,0.9675888041063532,C61H104O6,CCCCCCCCC=CCCCCCCCC(=O)OC(COC(=O)CCC=CCC=CCC=CCC=CCC=CCCCCC)COC(=O)CCCCC=CCCCCCCCCCCC,[M+NH4]+,TG 18:1_18:1_22:5,"TG 18:1(6)_18:1(9)_22:5(4,7,10,13,16)",0.9307058823529422,0.5938123529411996,0.14592978073764076,0.5383178315452914,Some,Some,29538.08206755837,39524.88193351235,0.0,0.0,0.0,0.0,0.0,0.0,115320.13201320135,0.0,131974.5677401161,0.0,99337.65146651279,0.0,208517.9450677664,0.0,0.0,0.0
17221,19.675,950.8162,950.81712,0.9675888041063532,C61H104O6,CCCCCCC=CCCCCCCCCCC(=O)OC(COC(=O)CCC=CCC=CCC=CCC=CCC=CCCCCC)COC(=O)CCCCCCCCCC=CCCCCCC,[M+NH4]+,TG 18:1_18:1_22:5,"TG 18:1(11)_18:1(11)_22:5(4,7,10,13,16)",0.9244705882352955,0.5140611764706243,0.13635033511529865,0.530410461675297,Some,Some,22282.765812740872,33275.858875821825,0.0,0.0,0.0,0.0,0.0,0.0,73427.94279427943,0.0,97453.84910498514,0.0,67271.85546986111,0.0,161199.6154890407,0.0,0.0,0.0
17221,19.675,950.8162,950.81712,0.9675888041063532,C61H104O6,CCCCCCCCC=CCCCCCCCC(=O)OC(COC(=O)CCC=CCC=CCC=CCC=CCC=CCCCCC)COC(=O)CCCCCCCCCC=CCCCCCC,[M+NH4]+,TG 18:1_18:1_22:5,"TG 18:1(11)_18:1(9)_22:5(4,7,10,13,16)",0.9298947368421063,0.4813705263158298,0.1219976682610567,0.5259462025515815,Some,Some,19872.609385626845,23807.871099175845,0.0,0.0,0.0,0.0,0.0,0.0,78583.05830583061,0.0,87738.43727354109,0.0,66577.48665144213,0.0,137761.17760150283,0.0,0.0,0.0
17221,19.675,950.8162,950.81712,0.9675888041063532,C61H104O6,CCCCCCCCCCCC=CCCCCC(=O)OC(COC(=O)CCC=CCC=CCC=CCC=CCC=CCCCCC)COC(=O)CCCCCCCCCC=CCCCCCC,[M+NH4]+,TG 18:1_18:1_22:5,"TG 18:1(11)_18:1(6)_22:5(4,7,10,13,16)",0.9194285714285731,0.5649400000000329,0.13094328050344445,0.5251859259660088,Some,Some,1813.8290637043751,5976.997870173162,0.0,0.0,0.0,0.0,0.0,0.0,34853.68536853685,0.0,58987.53635639265,0.0,21940.884377514278,0.0,128935.55038634544,0.0,0.0,0.0
17221,19.675,950.8162,950.81712,0.9675888041063532,C61H104O6,CCCCCCCCCCCC=CCCCCC(=O)OC(COC(=O)CCCCCC=CCC=CCC=CCC=CCC=CCC)COC(=O)CCCCC=CCCCCCCCCCCC,[M+NH4]+,TG 18:1_18:1_22:5,"TG 18:1(6)_18:1(6)_22:5(7,10,13,16,19)",0.9409999999999998,0.46146124999999927,0.0536125502019108,0.4973062751009553,Some,Some,19872.609385626845,23807.871099175845,0.0,0.0,0.0,0.0,0.0,0.0,78583.05830583061,0.0,87738.43727354109,0.0,66577.48665144213,0.0,137761.17760150283,0.0,0.0,0.0
17221,19.675,950.8162,950.81712,0.9675888041063532,C61H104O6,CCCCCCCCC=CCCCCCCCC(=O)OC(COC(=O)CCCCCC=CCC=CCC=CCC=CCC=CCC)COC(=O)CCCCC=CCCCCCCCCCCC,[M+NH4]+,TG 18:1_18:1_22:5,"TG 18:1(6)_18:1(9)_22:5(7,10,13,16,19)",0.9282222222222222,0.359474444444446,0.04765560017947627,0.48793891120084926,Some,Some,3081.0247109498973,8362.885452356697,0.0,0.0,0.0,0.0,0.0,0.0,31837.183718371838,0.0,57618.07670993911,0.0,18387.120368639626,0.0,124934.87529076806,0.0,0.0,0.0
17221,19.675,950.8162,950.81712,0.9675888041063532,C61H104O6,CCCCCCCCC=CCCCCCCCC(=O)OC(COC(=O)CCCCCC=CCC=CCC=CCC=CCC=CCC)COC(=O)CCCCCCCC=CCCCCCCCC,[M+NH4]+,TG 18:1_18:1_22:5,"TG 18:1(9)_18:1(9)_22:5(7,10,13,16,19)",0.9425714285714274,0.2312371428571396,0.030424829258451188,0.48649812891493927,Some,Some,12617.293130809338,17558.84804148532,0.0,0.0,0.0,0.0,0.0,0.0,36690.869086908686,0.0,53217.718638410064,0.0,34511.690654790444,0.0,90442.84802277714,0.0,0.0,0.0
17221,19.675,950.8162,950.81712,0.9675888041063532,C61H104O6,CCCCCCC=CCCCCCCCCCC(=O)OC(COC(=O)CCCCCC=CCC=CCC=CCC=CCC=CCC)COC(=O)CCCCCCCCCC=CCCCCCC,[M+NH4]+,TG 18:1_18:1_22:5,"TG 18:1(11)_18:1(11)_22:5(7,10,13,16,19)",0.9290000000000006,0.25876200000000155,0.03144230527122417,0.4802211526356124,Some,Some,2596.508728179551,8362.885452356697,0.0,0.0,0.0,0.0,0.0,0.0,30365.23652365237,0.0,57618.07670993911,0.0,18833.778962510256,0.0,127124.90001981257,0.0,0.0,0.0
17293,19.716,827.70903,827.70991,1.0631744158432876,C51H96O6,CCCCCCCCCCCCCCCC(=O)OC(COC(=O)CCCCCCCCCC=CCCCCCC)COC(=O)CCCCCCCCCCCCC,[M+Na]+,TG 14:0_16:0_18:1,TG 14:0_16:0_18:1(11),0.9799999999999969,0.9257799999999179,0.0,0.48999999999999844,Some,None,290000.0,274000.0,325000.0,283000.0,0.0,273349.1204330176,0.0,301000.0,375998.12030075194,268776.7548906789,0.0,384611.94029850746,363422.28739002935,193073.65684575393,168885.19134775372,204756.78119349005,228178.2841823056,244184.13320274238
17293,19.716,827.70903,827.70991,1.0631744158432876,C51H96O6,CCCCCCCCCCCCCCCC(=O)OC(COC(=O)CCCCCCCC=CCCCCCCCC)COC(=O)CCCCCCCCCCCCC,[M+Na]+,TG 14:0_16:0_18:1,TG 14:0_16:0_18:1(9),0.9350000000000023,0.4993849999999611,0.0,0.46750000000000114,All,None,0.0,0.0,0.0,0.0,0.0,0.0,0.0,0.0,0.0,165286.53624856155,0.0,0.0,0.0,0.0,0.0,0.0,114442.35924932975,113453.47698334964
17293,19.716,827.70903,827.70991,1.0631744158432876,C51H96O6,CCCCCCCCCCCCCCCC(=O)OC(COC(=O)CCCCC=CCCCCCCCCCCC)COC(=O)CCCCCCCCCCCCC,[M+Na]+,TG 14:0_16:0_18:1,TG 14:0_16:0_18:1(6),0.5820000000000007,0.23422000000005028,0.041478753516232314,0.3117393767581165,Some,Some,0.0,0.0,0.0,0.0,307000.0,329650.87956698245,650000.0,0.0,293001.8796992481,212936.7088607595,551000.0,272388.05970149254,242577.71260997068,397926.3431542461,411114.80865224625,346243.2188065099,184379.3565683646,230362.38981390794
17316,19.723,822.75345,822.75452,1.300509415509874,C51H96O6,CCCCCCCCCCCCCCCC(=O)OC(COC(=O)CCCCCCCC=CCCCCCCCC)COC(=O)CCCCCCCCCCCCC,[M+NH4]+,TG 14:0_16:0_18:1,TG 14:0_16:0_18:1(9),0.9870000000000019,0.509490000000028,0.16895983275876558,0.5779799163793837,All,Some,2960125.0,2428753.9936102233,3019494.047619047,2455932.2033898304,3111394.6587537094,6180783.197566002,7094263.476506198,2816385.5421686745,7674433.656957929,6448553.477498538,5841561.018630802,6774921.956295526,6569132.17062408,6551682.0146589,6361456.4831261095,5859949.569237236,5317346.539814935,6304259.259259258
17316,19.723,822.75345,822.75452,1.300509415509874,C51H96O6,CCCCCCCCCCCCCCCC(=O)OC(COC(=O)CCCCCCCCCC=CCCCCCC)COC(=O)CCCCCCCCCCCCC,[M+NH4]+,TG 14:0_16:0_18:1,TG 14:0_16:0_18:1(11),0.968,0.5099700000000098,0.1828195842042969,0.5754097921021484,All,Some,0.0,0.0,0.0,0.0,0.0,397163.60781234666,286422.60017296055,0.0,0.0,389653.08507973613,310748.53930106934,204474.50572320502,196112.62870350914,387850.0281901898,669626.9982238009,0.0,190095.13879838394,196666.66666666666
17316,19.723,822.75345,822.75452,1.300509415509874,C51H96O6,CCCCCCCCCCCCCCCC(=O)OC(COC(=O)CCCCC=CCCCCCCCCCCC)COC(=O)CCCCCCCCCCCCC,[M+NH4]+,TG 14:0_16:0_18:1,TG 14:0_16:0_18:1(6),0.6509999999999998,0.49131999999997333,0.0,0.3254999999999999,All,None,1799875.0000000002,1771246.0063897765,2130505.9523809524,1684067.7966101693,1978605.3412462908,5722053.194621651,6419313.923320841,2053614.4578313252,6525566.343042071,6261793.437421725,5447690.44206813,6120603.53798127,5434755.200672411,5760467.957150911,5968916.5186500875,5640050.430762766,4692558.321386681,5299074.074074074
17403,19.753,848.76886,848.77017,1.5434095663252234,C53H98O6,CCCCCCCCC=CCCCCCCCC(=O)OC(COC(=O)CCCCCCCC=CCCCCCCCC)COC(=O)CCCCCCCCCCCCC,[M+NH4]+,TG 14:0_18:1_18:1,TG 14:0_18:1(9)_18:1(9),0.9649999999999999,0.5068099999999731,0.23887962995565315,0.6019398149778266,All,Some,2310154.5253863134,1989613.6686415998,2277634.4086021506,1813742.7090084252,2373521.2016482786,2860869.5652173916,3286402.2953171427,2137272.1884723664,3482270.2902569794,2768071.25727989,2675257.925342337,3049310.0944081335,2865394.298908171,2891134.864359544,2963086.0777675183,2736257.5301204817,2203857.0291732275,2794069.8676385414
17403,19.753,848.76886,848.77017,1.5434095663252234,C53H98O6,CCCCCCC=CCCCCCCCCCC(=O)OC(COC(=O)CCCCCCCC=CCCCCCCCC)COC(=O)CCCCCCCCCCCCC,[M+NH4]+,TG 14:0_18:1_18:1,TG 14:0_18:1(11)_18:1(9),0.9580000000000002,0.5069499999999891,0.15872851500363624,0.5583642575018182,All,Some,2671536.164134528,2346065.674896352,2668535.980148883,2135518.4705119897,2733395.3653241172,3949758.45410628,4482047.340916078,2527947.3502247245,4708553.645159302,4121606.8415109185,3797767.7734008627,4215081.094166062,3892623.705832504,3973842.0291388864,4294572.689032523,3676242.4698795183,3154174.497553377,3845196.423274145
17403,19.753,848.76886,848.77017,1.5434095663252234,C53H98O6,CCCCCCC=CCCCCCCCCCC(=O)OC(COC(=O)CCCCCCCCCC=CCCCCCC)COC(=O)CCCCCCCCCCCCC,[M+NH4]+,TG 14:0_18:1_18:1,TG 14:0_18:1(11)_18:1(11),0.9510000000000005,0.5070900000000051,0.07857740005161935,0.51478870002581,All,Some,3471951.6945851184,3243547.993745248,3575765.0951199336,2988224.238496436,3773459.1696574953,4977777.777777778,5837688.287734399,3375991.504914308,6007049.97843101,5379797.749102306,4977490.1519414745,5467562.333575405,5006103.926409,5083959.501887325,5535180.055401661,4760015.060240964,4083015.8649531845,4915540.111031064
17403,19.753,848.76886,848.77017,1.5434095663252234,C53H98O6,CCCCCCCCCCCC=CCCCCC(=O)OC(COC(=O)CCCCCCCC=CCCCCCCCC)COC(=O)CCCCCCCCCCCCC,[M+NH4]+,TG 14:0_18:1_18:1,TG 14:0_18:1(6)_18:1(9),0.7989999999999995,0.678795000000008,0.2240792918263575,0.5115396459131785,All,Some,361381.6387482145,356452.006254752,390901.57154673286,321775.7615035645,359874.16367583856,1088888.888888889,1195645.0455989344,390675.16175235837,1226283.3549023233,1353535.5842310279,1122509.8480585257,1165770.9997579278,1027229.4069243334,1082707.1647793418,1331486.6112650044,939984.9397590361,950317.4683801493,1051126.5556356034
17403,19.753,848.76886,848.77017,1.5434095663252234,C53H98O6,CCCCCCC=CCCCCCCCCCC(=O)OC(COC(=O)CCCCC=CCCCCCCCCCCC)COC(=O)CCCCCCCCCCCCC,[M+NH4]+,TG 14:0_18:1_18:1,TG 14:0_18:1(11)_18:1(6),0.7919999999999998,0.678935000000024,0.14392817687434062,0.4679640884371702,All,Some,1523178.80794702,1610386.3313584002,1689032.2580645161,1496257.290991575,1759812.1316850549,3205797.1014492754,3746931.03801619,1629394.4781943006,3751063.043076354,3965262.076053443,3424742.074657663,3584023.2389252,3167939.0344251622,3275531.802307123,3903580.5888991486,2963742.469879518,2829476.3041601055,3172596.7990281247
17403,19.753,848.76886,848.77017,1.5434095663252234,C53H98O6,CCCCCCCCCCCC=CCCCCC(=O)OC(COC(=O)CCCCC=CCCCCCCCCCCC)COC(=O)CCCCCCCCCCCCC,[M+NH4]+,TG 14:0_18:1_18:1,TG 14:0_18:1(6)_18:1(6),0.6329999999999991,0.850780000000043,0.20927895369706187,0.4211394768485305,All,All,1161797.1691988052,1253934.3251036482,1298130.6865177834,1174481.5294880103,1399937.968009216,2116908.2125603864,2551285.992417256,1238719.316441942,2524779.6881740307,2611726.491822415,2302232.2265991373,2418252.2391672716,2140709.627500829,2192824.6375277806,2572093.9776341435,2023757.530120482,1879158.8357799563,2121470.2433925215
17416,19.757,853.72433,853.72556,1.440744025473588,C53H98O6,CCCCCCCCCC=CCCCCC(=O)OC(COC(=O)CCCCCCCCCC=CCCCCCC)COC(=O)CCCCCCCCCCCCCCC,[M+Na]+,TG 16:0_16:1_18:1,TG 16:0_16:1(6)_18:1(11),0.9773333333333317,0.3761499999999766,0.0027179346690491147,0.49002563400119037,Some,Some,115441.40197152247,91945.27736131936,95653.42756183745,101590.3631891188,95027.59526938241,107301.8065887354,117525.40559814584,99170.46979865771,118973.9923138797,109927.95658682632,14217.876073843903,0.0,97698.14425450223,93788.3283877349,103210.4387424468,84542.7991484727,89100.27264465315,90349.79137691237
17416,19.757,853.72433,853.72556,1.440744025473588,C53H98O6,CCCCCCC=CCCCCCCCC(=O)OC(COC(=O)CCCCCCCCCC=CCCCCCC)COC(=O)CCCCCCCCCCCCCCC,[M+Na]+,TG 16:0_16:1_18:1,TG 16:0_16:1(9)_18:1(11),0.9710000000000001,0.4992749999999546,0.004076902003573672,0.4875384510017869,All,Some,17966.04600219058,0.0,0.0,11165.967298509626,0.0,0.0,26718.66642895347,16632.363907531693,21656.984538385914,25982.971556886223,61025.041125936754,46009.85221674877,21861.961788097633,28058.987501124004,29500.306506699362,23411.852071884747,20399.272947591642,0.0
17416,19.757,853.72433,853.72556,1.440744025473588,C53H98O6,CCCCCCCCCC=CCCCCC(=O)OC(COC(=O)CCCCC=CCCCCCCCCCCC)COC(=O)CCCCCCCCCCCCCCC,[M+Na]+,TG 16:0_16:1_18:1,TG 16:0_16:1(6)_18:1(6),0.9699999999999953,0.4829250000000229,0.0,0.48499999999999766,Some,None,49311.062431544364,40654.722638680665,51146.57243816254,51841.991028794684,48172.40473061761,65298.193411264605,72443.39454448207,63514.83967188666,76031.81696308874,68682.2604790419,123967.09925059407,159194.08866995075,64384.67867263919,61776.279111590695,64689.377353533586,65610.08960839646,53460.163586791874,82650.20862308762
17416,19.757,853.72433,853.72556,1.440744025473588,C53H98O6,CCCCCCC=CCCCCCCCC(=O)OC(COC(=O)CCCCC=CCCCCCCCCCCC)COC(=O)CCCCCCCCCCCCCCC,[M+Na]+,TG 16:0_16:1_18:1,TG 16:0_16:1(9)_18:1(6),0.9639999999999986,0.6114999999999782,0.0027179346690491147,0.4833589673345238,Some,Some,128820.37239868565,132600.0,146800.0,131100.41962089422,143200.0,172600.0,189968.80014262794,129420.58165548099,195005.80927696844,178610.21706586826,138184.97532443795,159194.08866995075,162082.82292714142,155564.60749932562,167899.81609598038,150152.88875686916,142560.43623144503,173000.0
17416,19.757,853.72433,853.72556,1.440744025473588,C53H98O6,CCCCCCCCC=CCCCCCC(=O)OC(COC(=O)CCCCCCCCCC=CCCCCCC)COC(=O)CCCCCCCCCCCCCCC,[M+Na]+,TG 16:0_16:1_18:1,TG 16:0_16:1(7)_18:1(11),0.754500000000002,0.6853674999999839,0.004405510014066765,0.37945275500703435,All,Some,31345.01642935378,40654.722638680665,51146.57243816254,40676.02373028506,48172.40473061761,65298.193411264605,99162.06097343554,46882.47576435496,97688.80150147468,94665.23203592813,184992.1403765308,205203.9408866995,86246.6404607368,89835.2666127147,94189.68386023294,89021.94168028122,73859.43653438352,82650.20862308762
17416,19.757,853.72433,853.72556,1.440744025473588,C53H98O6,CCCCCCC=CCCCCCCCC(=O)OC(COC(=O)CCCCCCCC=CCCCCCCCC)COC(=O)CCCCCCCCCCCCCCC,[M+Na]+,TG 16:0_16:1_18:1,TG 16:0_16:1(9)_18:1(9),0.754500000000002,0.6853674999999839,0.004405510014066765,0.37945275500703435,All,Some,31345.01642935378,40654.722638680665,51146.57243816254,40676.02373028506,48172.40473061761,65298.193411264605,72443.39454448207,46882.47576435496,76031.81696308874,68682.2604790419,123967.09925059407,159194.08866995075,64384.67867263919,61776.279111590695,64689.377353533586,65610.08960839646,53460.163586791874,82650.20862308762
17416,19.757,853.72433,853.72556,1.440744025473588,C53H98O6,CCCCCCCCCC=CCCCCC(=O)OC(COC(=O)CCCCCCCC=CCCCCCCCC)COC(=O)CCCCCCCCCCCCCCC,[M+Na]+,TG 16:0_16:1_18:1,TG 16:0_16:1(6)_18:1(9),0.6886666666666675,0.624273333333349,0.0031560786830399055,0.3459113726748537,Some,Some,97475.35596933188,91945.27736131936,95653.42756183745,90424.39589060919,95027.59526938241,107301.8065887354,117525.40559814584,82538.10589112602,118973.9923138797,109927.95658682632,14217.876073843903,0.0,97698.14425450223,93788.3283877349,103210.4387424468,84542.7991484727,89100.27264465315,90349.79137691237
17416,19.757,853.72433,853.72556,1.440744025473588,C53H98O6,CCCCCCCCC=CCCCCCC(=O)OC(COC(=O)CCCCC=CCCCCCCCCCCC)COC(=O)CCCCCCCCCCCCCCC,[M+Na]+,TG 16:0_16:1_18:1,TG 16:0_16:1(7)_18:1(6),0.6753333333333345,0.8596233333333506,0.0031560786830399055,0.3392447060081872,Some,Some,97475.35596933188,91945.27736131936,95653.42756183745,90424.39589060919,95027.59526938241,107301.8065887354,144244.07202709932,82538.10589112602,140630.97685226562,135910.92814371255,75242.91719978066,46009.85221674877,119560.10604259987,121847.31588885894,132710.7452491462,107954.65122035742,109499.54559224479,90349.79137691237
17416,19.757,853.72433,853.72556,1.440744025473588,C53H98O6,CCCCCCCCC=CCCCCCC(=O)OC(COC(=O)CCCCCCCC=CCCCCCCCC)COC(=O)CCCCCCCCCCCCCCC,[M+Na]+,TG 16:0_16:1_18:1,TG 16:0_16:1(7)_18:1(9),0.5380000000000038,0.8714600000000132,0.004734118024559858,0.27136705901228186,All,Some,128820.37239868565,132600.0,146800.0,131100.41962089422,143200.0,172600.0,189968.80014262794,129420.58165548099,195005.80927696844,178610.21706586826,138184.97532443798,159194.08866995075,162082.82292714142,155564.60749932562,167899.81609598038,150152.8887568692,142560.43623144503,173000.0
17509,19.79,874.7845,874.78582,1.5089407827440995,C55H100O6,CCCCCCC=CCCCCCCCCCC(=O)OC(COC(=O)CCCCCCCCCC=CCCCCCC)COC(=O)CCCCCCCC=CCCCCCC,[M+NH4]+,TG 16:1_18:1_18:1,TG 16:1(9)_18:1(11)_18:1(11),0.9560000000000031,0.9243099999999913,0.3093663531878078,0.6326831765939054,All,All,786446.5937762825,784777.9665129823,753715.1081646895,674232.0590207913,800308.1055458998,802469.2979575754,961427.0699521195,752800.5657708627,990488.8083965892,972478.0324971775,894322.6120857702,870590.4981727256,805495.5649826457,806316.7259786478,1096744.3671224876,784238.3156247962,675556.205111074,808531.5832649714
17509,19.79,874.7845,874.78582,1.5089407827440995,C55H100O6,CCCCCCC=CCCCCCCCCCC(=O)OC(COC(=O)CCCCC=CCCCCCCCCCCC)COC(=O)CCCCCCCC=CCCCCCC,[M+NH4]+,TG 16:1_18:1_18:1,TG 16:1(9)_18:1(11)_18:1(6),0.9560000000000031,0.8800650000000019,0.22623853444572528,0.5911192672228641,Some,Some,1103470.142977292,1115545.5795518889,1084981.681786462,972072.4346076457,1135432.13777848,1363682.9316345965,1639396.2396356417,1070908.7694483735,1656112.383996888,1627815.2766187228,1521740.9844054582,1497134.0642431236,1371268.800617046,1411959.837315709,1840478.8554187552,1316967.6031549443,1138394.0203774846,1388201.953911552
17509,19.79,874.7845,874.78582,1.5089407827440995,C55H100O6,CCCCCCC=CCCCCCCCCCC(=O)OC(COC(=O)CCCCCCCC=CCCCCCCCC)COC(=O)CCCCCCCC=CCCCCCC,[M+NH4]+,TG 16:1_18:1_18:1,TG 16:1(9)_18:1(11)_18:1(9),0.9550000000000018,0.5172249999999963,0.15617134816589218,0.555585674082947,Some,Some,1263204.3734230448,1312733.96424816,1252288.0321004887,1121810.8651911467,1307781.6400695215,1476955.408156564,1731034.6841060373,1237457.56718529,1845110.3966744253,1798382.5045407687,1699677.1442495126,1598820.2859524267,1449035.8657925182,1486578.546009151,2078081.6584748651,1392282.1198096601,1230338.2328378153,1456693.2657170556
17509,19.79,874.7845,874.78582,1.5089407827440995,C55H100O6,CCCCCCC=CCCCCCCCCCC(=O)OC(COC(=O)CCCCCCCCCC=CCCCCCC)COC(=O)CCCCC=CCCCCCCCCC,[M+NH4]+,TG 16:1_18:1_18:1,TG 16:1(6)_18:1(11)_18:1(11),0.9753333333333339,0.6465833333333345,0.10312211772926927,0.5392277255313016,All,Some,1092875.5256518084,1130652.7541858773,1095020.0628053036,973708.9201877934,1150592.510665192,1272476.5219675577,1488736.4241504143,1070908.7694483735,1581762.8218763482,1512253.9394236906,1463718.3235867447,1373546.1947810475,1241419.2055534131,1280833.7569903408,1795975.4732590392,1180848.7060817415,1052683.313846668,1250384.0704004774
17509,19.79,874.7845,874.78582,1.5089407827440995,C55H100O6,CCCCCCC=CCCCCCCCCCC(=O)OC(COC(=O)CCCCCCCCCC=CCCCCCC)COC(=O)CCCCCC=CCCCCCCCC,[M+NH4]+,TG 16:1_18:1_18:1,TG 16:1(7)_18:1(11)_18:1(11),0.9680000000000012,0.6459033333333082,0.10789759768821831,0.5379487988441097,All,All,1092875.5256518084,1130652.7541858773,1095020.0628053036,973708.9201877934,1150592.510665192,1272476.5219675577,1488736.4241504143,1070908.7694483735,1581762.8218763482,1512253.9394236906,1463718.3235867447,1373546.1947810475,1241419.2055534131,1280833.7569903408,1795975.4732590392,1180848.7060817415,1052683.313846668,1250384.0704004774
17509,19.79,874.7845,874.78582,1.5089407827440995,C55H100O6,CCCCCCC=CCCCCCCCCCC(=O)OC(COC(=O)CCCCCCCC=CCCCCCCCC)COC(=O)CCCCCC=CCCCCCCCC,[M+NH4]+,TG 16:1_18:1_18:1,TG 16:1(7)_18:1(11)_18:1(9),0.9680000000000012,0.6459033333333082,0.10789759768821831,0.5379487988441097,All,All,616117.7460050463,602696.7564506996,596447.1388695046,526130.1140174379,643118.9761415706,597990.411768569,719128.8099964964,586251.7680339463,727141.2335985121,686349.4673800992,658363.791423002,645316.4070013465,597878.9047435403,600571.9369598373,814638.1819066621,572804.9018968776,497901.2861199265,602222.3879483929
17509,19.79,874.7845,874.78582,1.5089407827440995,C55H100O6,CCCCCCCCC=CCCCCCCCC(=O)OC(COC(=O)CCCCCCCC=CCCCCCCCC)COC(=O)CCCCCCCC=CCCCCCC,[M+NH4]+,TG 16:1_18:1_18:1,TG 16:1(9)_18:1(9)_18:1(9),0.9680000000000012,0.6459033333333082,0.10789759768821831,0.5379487988441097,All,All,933141.2952060555,933464.3694896061,927713.712491277,823970.4896042923,978243.0083741508,1159204.0454455903,1397097.9796800187,904359.9717114569,1386348.8571376477,1341686.7115016442,1285782.1637426903,1271859.9730717447,1163652.1403779406,1206215.0482968988,1558372.6702029295,1105534.1894270254,960739.1013863372,1181892.7585949737
17509,19.79,874.7845,874.78582,1.5089407827440995,C55H100O6,CCCCCCC=CCCCCCCCCCC(=O)OC(COC(=O)CCCCCCCC=CCCCCCCCC)COC(=O)CCCCC=CCCCCCCCCC,[M+NH4]+,TG 16:1_18:1_18:1,TG 16:1(6)_18:1(11)_18:1(9),0.9748000000000004,0.5906299999999873,0.06473855861293097,0.5197692793064658,All,Some,775851.9764507989,755358.7316994257,762080.4256803909,676686.7873910128,805095.591720651,823064.2936888422,988607.9644984234,751135.0777934936,1056745.04536808,994839.4776888714,963176.1695906434,923780.2141437456,824758.9664481296,839641.5861718352,1165385.1768942527,780092.5624144449,708282.1112410221,829413.0807666493
17509,19.79,874.7845,874.78582,1.5089407827440995,C55H100O6,CCCCCCC=CCCCCCCCCCC(=O)OC(COC(=O)CCCCC=CCCCCCCCCCCC)COC(=O)CCCCC=CCCCCCCCCC,[M+NH4]+,TG 16:1_18:1_18:1,TG 16:1(6)_18:1(11)_18:1(6),0.8944000000000016,0.728556000000026,0.09049541377829011,0.4924477068891459,All,Some,933141.2952060555,933464.3694896061,927713.712491277,823970.4896042923,978243.0083741508,1159204.0454455903,1397097.9796800187,904359.9717114569,1392764.8091988112,1341686.7115016442,1285782.1637426903,1271859.9730717447,1163652.1403779406,1206215.0482968988,1558372.6702029295,1105534.1894270254,960739.1013863372,1181892.7585949737
17509,19.79,874.7845,874.78582,1.5089407827440995,C55H100O6,CCCCCCCCCCCC=CCCCCC(=O)OC(COC(=O)CCCCC=CCCCCCCCCCCC)COC(=O)CCCCCCCC=CCCCCCC,[M+NH4]+,TG 16:1_18:1_18:1,TG 16:1(9)_18:1(6)_18:1(6),0.8340000000000032,0.8757800000000392,0.1508256896304835,0.49241284481524333,All,Some,1092875.5256518084,1130652.7541858773,1095020.0628053036,973708.9201877934,1150592.510665192,1272476.5219675577,1488736.4241504145,1070908.7694483735,1581762.8218763482,1512253.9394236906,1463718.3235867447,1373546.1947810478,1241419.2055534131,1280833.7569903408,1795975.4732590395,1180848.7060817415,1052683.313846668,1250384.0704004774
17537,19.798,950.81638,950.81712,0.7782779511420197,C61H104O6,CCCCCCCCCCCC=CCCCCC(=O)OC(COC(=O)CCC=CCC=CCC=CCC=CCC=CCCCCC)COC(=O)CCCCC=CCCCCCCCCCCC,[M+NH4]+,TG 18:1_18:1_22:5,"TG 18:1(6)_18:1(6)_22:5(4,7,10,13,16)",0.8838461538461551,0.56757846153846,0.2248625161713435,0.5543543350087493,Some,Some,29931.072723395177,36933.12301093123,54447.51205262521,53521.65115337921,50875.6455399061,167811.74840782714,206804.37095711805,52209.11626151915,132057.13461826005,254867.9077025973,147479.01582872865,195940.5896553537,118536.04583245306,180511.75047200447,147354.9218031279,173994.75236595914,163382.3310443689,171911.2512670346
17537,19.798,950.81638,950.81712,0.7782779511420197,C61H104O6,CCCCCCCCC=CCCCCCCCC(=O)OC(COC(=O)CCC=CCC=CCC=CCC=CCC=CCCCCC)COC(=O)CCCCC=CCCCCCCCCCCC,[M+NH4]+,TG 18:1_18:1_22:5,"TG 18:1(6)_18:1(9)_22:5(4,7,10,13,16)",0.9121250000000023,0.614015000000002,0.18492285845416767,0.548523929227085,Some,Some,35715.248453828106,42511.53729071538,65681.50320122117,63134.76325374341,60293.720657276994,197556.1156754468,242535.4253576314,63816.37766863787,151084.56806385235,302273.1022182589,162322.63796556805,204158.72412524212,122894.86787544371,204620.0910691028,159377.00091996323,200326.43902792103,179175.9265681718,200324.36085144724
17537,19.798,950.81638,950.81712,0.7782779511420197,C61H104O6,CCCCCCCCC=CCCCCCCCC(=O)OC(COC(=O)CCC=CCC=CCC=CCC=CCC=CCCCCC)COC(=O)CCCCCCCC=CCCCCCCCC,[M+NH4]+,TG 18:1_18:1_22:5,"TG 18:1(9)_18:1(9)_22:5(4,7,10,13,16)",0.9008333333333359,0.6604733333333476,0.19104570932732878,0.5459395213303323,Some,Some,7531.648539134144,10424.347585443476,14537.882032528358,14086.240388506674,12052.523474178404,49560.3486425644,49622.59116012769,14994.02154366809,27703.55431508947,59280.12484672834,33627.04678476515,36034.08047812954,20804.951097965622,36995.224425096836,29066.605335786568,37625.463691801015,35633.964532611964,42036.52524972494
17537,19.798,950.81638,950.81712,0.7782779511420197,C61H104O6,CCCCCCCCCCCC=CCCCCC(=O)OC(COC(=O)CCC=CCC=CCC=CCC=CCC=CCCCCC)COC(=O)CCCCCCCCCC=CCCCCCC,[M+NH4]+,TG 18:1_18:1_22:5,"TG 18:1(11)_18:1(6)_22:5(4,7,10,13,16)",0.8884210526315813,0.6599152631578974,0.1676281015947128,0.5280245771131471,Some,Some,32851.67413094476,38893.106406531064,58418.27825915065,53521.65115337921,54029.518779342725,178580.4167548535,220486.75032511947,55523.23284731353,134835.7802476344,271670.0479322261,156218.7185821948,207104.4937868231,123362.27273292154,189844.0113483006,147354.9218031279,182986.8085337387,171055.55016068992,183941.36553839225
17537,19.798,950.81638,950.81712,0.7782779511420197,C61H104O6,CCCCCCCCC=CCCCCCCCC(=O)OC(COC(=O)CCC=CCC=CCC=CCC=CCC=CCCCCC)COC(=O)CCCCCCCCCC=CCCCCCC,[M+NH4]+,TG 18:1_18:1_22:5,"TG 18:1(11)_18:1(9)_22:5(4,7,10,13,16)",0.8962105263157923,0.7409415789473757,0.1526536482610858,0.524432087288439,Some,Some,23515.525698443165,26680.90217240902,43251.628065320285,39465.722379603394,40449.82394366197,117688.49210166815,146410.1741289331,41245.830115147204,97201.14062755875,184067.3280570728,95609.57361410951,129013.45345879653,68491.11644110834,127584.91874118672,96087.21251149954,124906.71878110126,108346.21164828559,116940.05735226597
17537,19.798,950.81638,950.81712,0.7782779511420197,C61H104O6,CCCCCCCCC=CCCCCCCCC(=O)OC(COC(=O)CCCCCC=CCC=CCC=CCC=CCC=CCC)COC(=O)CCCCC=CCCCCCCCCCCC,[M+NH4]+,TG 18:1_18:1_22:5,"TG 18:1(6)_18:1(9)_22:5(7,10,13,16,19)",0.9617777777777801,0.6956722222222046,0.08465086440707123,0.5232143210924256,Some,Some,2501.044998933675,3149.7938286979384,5119.697119450027,4250.121408336706,3623.5328638497654,13987.031728012624,16205.340404330422,5778.107293834646,7681.2971256470355,15992.754430944151,7945.499606425017,6965.713292114342,1089.7055107476767,10194.321138060894,4724.379024839007,8773.392685883864,10239.901967584565,12783.144324984625
17537,19.798,950.81638,950.81712,0.7782779511420197,C61H104O6,CCCCCCC=CCCCCCCCCCC(=O)OC(COC(=O)CCC=CCC=CCC=CCC=CCC=CCCCCC)COC(=O)CCCCCCCCCC=CCCCCCC,[M+NH4]+,TG 18:1_18:1_22:5,"TG 18:1(11)_18:1(11)_22:5(4,7,10,13,16)",0.8730666666666693,0.7093220000000126,0.16791444713072037,0.5204905568986948,Some,Some,30493.196843676687,34927.909229279096,54836.20509779374,49191.420477539454,50446.420187793425,167371.21197544876,208634.49813372968,51910.68870166088,131196.66925360807,262430.05239103775,142845.58611498625,187178.33212695672,100328.99615163151,174480.99698119046,130166.32934682614,170956.48082804042,148751.34447758432,169927.6599062611
17537,19.798,950.81638,950.81712,0.7782779511420197,C61H104O6,CCCCCCCCC=CCCCCCCCC(=O)OC(COC(=O)CCCCCC=CCC=CCC=CCC=CCC=CCC)COC(=O)CCCCCCCC=CCCCCCCCC,[M+NH4]+,TG 18:1_18:1_22:5,"TG 18:1(9)_18:1(9)_22:5(7,10,13,16,19)",0.9431428571428597,0.6500842857142614,0.061249881142038894,0.5021963691424494,Some,Some,2134.4423117935594,2358.2620727826206,4412.809277501399,2403.278025091056,3707.5117370892017,18845.16960729609,16719.51899204513,5083.085213638429,6918.027184244817,20193.289488351355,9530.437764494085,8626.226763769882,3315.3135239704875,11041.70803366797,4724.379024839007,13557.135877531082,10436.65117569536,14550.928292340615
17537,19.798,950.81638,950.81712,0.7782779511420197,C61H104O6,CCCCCCCCCCCC=CCCCCC(=O)OC(COC(=O)CCCCCC=CCC=CCC=CCC=CCC=CCC)COC(=O)CCCCC=CCCCCCCCCCCC,[M+NH4]+,TG 18:1_18:1_22:5,"TG 18:1(6)_18:1(6)_22:5(7,10,13,16,19)",0.9405000000000001,0.4917149999999566,0.05975380554803852,0.5001269027740193,Some,Some,24709.02111324376,29349.49494949495,43602.21394919778,39578.308377175235,41028.345070422525,137626.84470782903,172903.44373321626,40303.42729454216,112169.23580801574,215024.85787537615,128001.9639781469,178960.19765706826,95970.17410864079,150372.65638409217,118144.25022999084,144624.79416607856,132957.7489537814,141514.55032184848
17537,19.798,950.81638,950.81712,0.7782779511420197,C61H104O6,CCCCCCCCCCCC=CCCCCC(=O)OC(COC(=O)CCCCCC=CCC=CCC=CCC=CCC=CCC)COC(=O)CCCCCCCCCC=CCCCCCC,[M+NH4]+,TG 18:1_18:1_22:5,"TG 18:1(11)_18:1(6)_22:5(7,10,13,16,19)",0.9467272727272747,0.653334545454527,0.05250674290751109,0.49961700781739293,Some,Some,1617.1251866069526,1771.5234537152346,2692.2709452113463,1846.843383245649,1492.9577464788733,10972.620399053354,9677.886807748822,2136.1130600380884,2152.5927560894,4200.535057407201,6419.519760581714,6018.188655745926,1206.5567251171285,4354.3214072969695,0.0,2248.0140419448817,7020.369471226098,6070.156895700314
17563,19.807,879.73999,879.74121,1.386771457471386,C55H100O6,CCCCCCCCC=CCCCCCCCC(=O)OC(COC(=O)CCCCC=CCC=CCCCCCCCC)COC(=O)CCCCCCCCCCCCCCC,[M+Na]+,TG 16:0_18:1_18:2,"TG 16:0_18:1(9)_18:2(6,9)",0.9330000000000034,0.5272699999999304,0.010118544168747867,0.47155927208437565,Some,Some,200636.67632150618,199104.79511769832,163146.2341049886,188246.8220338983,178155.2151036831,164552.03619909502,203377.01277068292,184469.50808625337,185361.79843089922,201320.89426794418,127697.84309982821,84789.78457261987,138603.887768201,141223.07566595846,211979.16123990627,141540.91422121896,142956.13874105344,144848.83560700013
17563,19.807,879.73999,879.74121,1.386771457471386,C55H100O6,CCCCCCCCCCCC=CCCCCC(=O)OC(COC(=O)CCCCCCCC=CCC=CCCCCC)COC(=O)CCCCCCCCCCCCCCC,[M+Na]+,TG 16:0_18:1_18:2,"TG 16:0_18:1(6)_18:2(9,12)",0.9172000000000011,0.5720819999999776,0.0033271709959469334,0.4602635854979741,All,Some,116164.0115858074,127161.29032258064,157096.18519726116,116408.89830508476,146829.0003095017,94676.4705882353,118933.9255968906,125760.4447439353,97711.8286059143,133104.72348293828,161371.82668448176,126041.00069492703,44931.41390060518,64310.50825298251,122607.44985673355,133097.2065462754,90422.82987704169,114982.22405952873
17563,19.807,879.73999,879.74121,1.386771457471386,C55H100O6,CCCCCCC=CCCCCCCCCCC(=O)OC(COC(=O)CCCCCCCC=CCC=CCCCCC)COC(=O)CCCCCCCCCCCCCCC,[M+Na]+,TG 16:0_18:1_18:2,"TG 16:0_18:1(11)_18:2(9,12)",0.8924000000000006,0.590931999999998,0.0015775673475851176,0.44698878367379286,All,Some,121464.69949312092,118798.43068875326,103978.80665145096,114626.05932203388,115704.8901268957,139947.96380090498,162642.1432537479,116792.45283018867,179101.08630054316,158061.85913598922,100536.93452949038,118469.07574704655,174235.28333027693,156625.5924170616,170029.17426413132,119778.78103837473,122577.7206826941,114559.18423591017
17563,19.807,879.73999,879.74121,1.386771457471386,C55H100O6,CCCCCCC=CCCCCCCCCCC(=O)OC(COC(=O)CCCCC=CCC=CCCCCCCCC)COC(=O)CCCCCCCCCCCCCCC,[M+Na]+,TG 16:0_18:1_18:2,"TG 16:0_18:1(11)_18:2(6,9)",0.752000000000001,0.48469799999995755,0.004438169270471537,0.3782190846352363,Some,Some,36992.03475742216,68048.47428073235,97928.75774372353,42788.13559322034,84378.67533271431,70072.39819004525,78199.05607995557,58083.38948787062,103525.34701267352,102918.47369305765,142040.46573773623,159720.2918693537,80562.8094626811,96015.68883804543,94640.79187288358,111335.07336343118,96976.69297118738,100175.83023287862
17563,19.807,879.73999,879.74121,1.386771457471386,C55H100O6,CCCCCCCCC=CCCCCCCCC(=O)OC(COC(=O)CCCCCCCC=CCC=CCCCCC)COC(=O)CCCCCCCCCCCCCCC,[M+Na]+,TG 16:0_18:1_18:2,"TG 16:0_18:1(9)_18:2(9,12)",0.7405000000000044,0.533709999999985,0.006542791765139841,0.3735213958825721,Some,Some,84472.66473569878,71943.5047951177,53425.00815128791,71837.92372881355,63966.1095636026,69875.56561085973,66404.77512493059,69762.63477088948,87649.9698249849,43377.878635064706,53559.648787936625,50242.87699791522,78994.13167064002,76912.56741297597,89371.71138317272,55624.01241534989,52533.30886401175,56433.512470717935
17563,19.807,879.73999,879.74121,1.386771457471386,C55H100O6,CCCCCCCCCCCC=CCCCCC(=O)OC(COC(=O)CCCCC=CCC=CCCCCCCCC)COC(=O)CCCCCCCCCCCCCCC,[M+Na]+,TG 16:0_18:1_18:2,"TG 16:0_18:1(6)_18:2(6,9)",0.7275000000000027,0.5309749999999553,0.007734716148541692,0.3676173580742722,Some,Some,63269.91310644461,71943.5047951177,53425.00815128791,60092.16101694915,63966.1095636026,69875.56561085973,84443.08717379233,64131.57008086253,87649.9698249849,68216.17078500587,140793.28116052682,141736.9701181376,93672.47386759584,76912.56741297597,89371.71138317272,55624.01241534989,52533.30886401175,83000.41339396447
17577,19.818,976.8317,976.83277,1.0953768473870853,C63H106O6,CCCCCCCCCCCC=CCCCCC(=O)OC(COC(=O)CCC=CCC=CCC=CCC=CCC=CCC=CCCCC)COC(=O)CCCCC=CCCCCCCCCCCC,[M+NH4]+,TG 18:1_18:1_24:6,"TG 18:1(6)_18:1(6)_24:6(4,7,10,13,16,19)",0.8708888888888882,0.5733933333333678,0.1167871393382329,0.49383801411356054,Some,Some,13341.022633476694,20004.20634186928,15420.48936587722,15492.451606927852,14000.273822562982,31348.340028299284,35508.03550803551,14523.940471801821,38514.29878048781,40915.22680647367,39250.78143784563,32368.82012622721,31818.445769086946,31810.271321770135,61105.067887590776,30401.204642280012,28907.29343009497,30022.145568081964
17577,19.818,976.8317,976.83277,1.0953768473870853,C63H106O6,CCCCCCCCC=CCCCCCCCC(=O)OC(COC(=O)CCC=CCC=CCC=CCC=CCC=CCC=CCCCC)COC(=O)CCCCCCCC=CCCCCCCCC,[M+NH4]+,TG 18:1_18:1_24:6,"TG 18:1(9)_18:1(9)_24:6(4,7,10,13,16,19)",0.8827499999999997,0.47010625000005746,0.08592300489709931,0.48433650244854953,Some,Some,29936.892711817778,41065.375489199105,35705.05215173059,33246.45734926369,29100.036509675065,90941.92552285625,97244.49724449724,30915.88204622369,107362.28658536586,119965.80806929564,108749.21856215436,91441.18162692848,85140.75182016146,81790.84568616685,147439.40111567202,78699.97061848098,79878.59739373499,79706.78856544581
17577,19.818,976.8317,976.83277,1.0953768473870853,C63H106O6,CCCCCCC=CCCCCCCCCCC(=O)OC(COC(=O)CCC=CCC=CCC=CCC=CCC=CCC=CCCCC)COC(=O)CCCCCCCCCC=CCCCCCC,[M+NH4]+,TG 18:1_18:1_24:6,"TG 18:1(11)_18:1(11)_24:6(4,7,10,13,16,19)",0.867777777777778,0.5973522222222604,0.07637600435297716,0.47207689106537765,Some,Some,15159.114934039997,21710.964222982344,15420.48936587722,15492.451606927852,15729.280759401241,31348.340028299284,38306.43830643831,14523.940471801821,41427.40853658536,40915.22680647367,39250.78143784563,32368.82012622721,34569.69403690913,34258.470756488205,61105.067887590776,32484.33965035993,32788.75167867439,30022.145568081964
17577,19.818,976.8317,976.83277,1.0953768473870853,C63H106O6,CCCCCCCCC=CCCCCCCCC(=O)OC(COC(=O)CCC=CCC=CCC=CCC=CCC=CCC=CCCCC)COC(=O)CCCCC=CCCCCCCCCCCC,[M+NH4]+,TG 18:1_18:1_24:6,"TG 18:1(6)_18:1(9)_24:6(4,7,10,13,16,19)",0.8529999999999992,0.5764566666667102,0.08759035450367468,0.4702951772518369,All,Some,29174.21839929334,38622.369110350985,35246.177300789444,32840.88172640549,28604.052573932095,88984.99330503405,95026.89502689503,29809.392861531513,105572.59146341463,118084.77319352634,108749.21856215436,89631.1798737728,83430.30596309087,80408.19591017846,146228.26544574255,77182.32701630674,76877.91498799229,77644.5210985847
17577,19.818,976.8317,976.83277,1.0953768473870853,C63H106O6,CCCCCCCCCCCC=CCCCCC(=O)OC(COC(=O)CCC=CCC=CCC=CCC=CCC=CCC=CCCCC)COC(=O)CCCCCCCCCC=CCCCCCC,[M+NH4]+,TG 18:1_18:1_24:6,"TG 18:1(11)_18:1(6)_24:6(4,7,10,13,16,19)",0.8449230769230766,0.656369230769262,0.08085263492646894,0.4628878559247727,All,Some,30992.31069985664,40329.12699146405,35246.177300789444,32840.88172640549,30333.05951077036,88984.99330503405,97825.29782529784,29809.392861531513,108485.7012195122,118084.77319352634,108749.21856215436,89631.1798737728,86181.55423091304,82856.39534489655,146228.26544574255,79265.46202438667,80759.3732365717,77644.5210985847
17577,19.818,976.8317,976.83277,1.0953768473870853,C63H106O6,CCCCCCCCC=CCCCCCCCC(=O)OC(COC(=O)CCC=CCC=CCC=CCC=CCC=CCC=CCCCC)COC(=O)CCCCCCCCCC=CCCCCCC,[M+NH4]+,TG 18:1_18:1_24:6,"TG 18:1(11)_18:1(9)_24:6(4,7,10,13,16,19)",0.8506666666666666,0.5944258333333797,0.05728200326473287,0.4539743349656997,All,Some,14396.440621515561,19267.95784413423,14961.614514936076,15086.87598406965,15233.29682365827,29391.40781047707,36088.83608883609,13417.45128710964,39637.71341463414,39034.19193070435,39250.78143784563,30558.818373071532,32859.24817983855,32875.82098049981,59893.93221766129,30966.69604818569,29788.069272931683,27959.87810122086
17594,19.827,898.78696,898.78582,1.268377821178392,C57H100O6,CCCCCCCCCCCCCCCC(=O)OC(COC(=O)CCC=CCC=CCC=CCC=CCC=CCCCCC)COC(=O)CCCCCCCCCCCCCCC,[M+NH4]+,TG 16:0_16:0_22:5,"TG 16:0_16:0_22:5(4,7,10,13,16)",0.8103076923076906,0.7231392307692466,0.20472601826785297,0.5075168552877718,All,Some,0.0,0.0,0.0,0.0,0.0,0.0,22619.79426891991,0.0,28725.955602796294,15012.744749021003,0.0,12463.521898909574,0.0,22722.015115402635,0.0,0.0,15034.227669080617,0.0
17594,19.827,898.78696,898.78582,1.268377821178392,C57H100O6,CCCCCCCCCCCCCCCC(=O)OC(COC(=O)CCCCCC=CCC=CCC=CCC=CCC=CCC)COC(=O)CCCCCCCCCCCCCCC,[M+NH4]+,TG 16:0_16:0_22:5,"TG 16:0_16:0_22:5(7,10,13,16,19)",0.8657999999999987,0.5787760000000162,0.06122301243765118,0.463511506218825,All,Some,0.0,0.0,0.0,0.0,0.0,0.0,15680.20573108009,0.0,22074.044397203703,10187.255250978997,0.0,9336.478101090428,0.0,16777.984884597365,0.0,0.0,12665.772330919384,0.0
17654,19.877,924.80171,924.80147,0.25951515838582356,C59H102O6,CCCCCCCCC=CCCCCCCCC(=O)OC(COC(=O)CCCC=CCC=CCC=CCC=CCCCCC)COC(=O)CCCCC=CCCCCCCCCCCC,[M+NH4]+,TG 18:1_18:1_20:4,"TG 18:1(6)_18:1(9)_20:4(5,8,11,14)",0.850500000000002,0.6730312499999798,0.1267445758639106,0.48862228793195633,Some,Some,0.0,0.0,218.22996622658883,0.0,0.0,0.0,0.0,0.0,0.0,0.0,0.0,0.0,0.0,0.0,0.0,0.0,0.0,0.0
17654,19.877,924.80171,924.80147,0.25951515838582356,C59H102O6,CCCCCCCCC=CCCCCCCCC(=O)OC(COC(=O)CCCCCCC=CCC=CCC=CCC=CCC)COC(=O)CCCCCCCC=CCCCCCCCC,[M+NH4]+,TG 18:1_18:1_20:4,"TG 18:1(9)_18:1(9)_20:4(8,11,14,17)",0.8336666666666671,0.49037000000002234,0.14262653828542007,0.4881466024760435,Some,Some,0.0,0.0,1407.8630641694808,0.0,0.0,0.0,0.0,0.0,0.0,0.0,0.0,0.0,0.0,0.0,0.0,0.0,0.0,0.0
17654,19.877,924.80171,924.80147,0.25951515838582356,C59H102O6,CCCCCCCCCCCC=CCCCCC(=O)OC(COC(=O)CCCC=CCC=CCC=CCC=CCCCCC)COC(=O)CCCCC=CCCCCCCCCCCC,[M+NH4]+,TG 18:1_18:1_20:4,"TG 18:1(6)_18:1(6)_20:4(5,8,11,14)",0.897000000000002,0.611361666666653,0.07867238122697832,0.4878361906134902,Some,Some,0.0,0.0,218.22996622658883,0.0,0.0,0.0,0.0,0.0,0.0,0.0,0.0,0.0,0.0,0.0,0.0,0.0,0.0,0.0
17654,19.877,924.80171,924.80147,0.25951515838582356,C59H102O6,CCCCCCCCC=CCCCCCCCC(=O)OC(COC(=O)CCCCCCC=CCC=CCC=CCC=CCC)COC(=O)CCCCC=CCCCCCCCCCCC,[M+NH4]+,TG 18:1_18:1_20:4,"TG 18:1(6)_18:1(9)_20:4(8,11,14,17)",0.8317500000000013,0.6735687500000154,0.12945650947995263,0.480603254739977,Some,Some,0.0,0.0,1040.789069696039,0.0,0.0,0.0,0.0,0.0,0.0,0.0,0.0,0.0,0.0,0.0,0.0,0.0,0.0,0.0
17654,19.877,924.80171,924.80147,0.25951515838582356,C59H102O6,CCCCCCC=CCCCCCCCCCC(=O)OC(COC(=O)CCCC=CCC=CCC=CCC=CCCCCC)COC(=O)CCCCCCCCCC=CCCCCCC,[M+NH4]+,TG 18:1_18:1_20:4,"TG 18:1(11)_18:1(11)_20:4(5,8,11,14)",0.9185000000000016,0.3933962500000092,0.03651768015434617,0.4775088400771739,Some,Some,0.0,0.0,218.22996622658883,0.0,0.0,0.0,0.0,0.0,0.0,0.0,0.0,0.0,0.0,0.0,0.0,0.0,0.0,0.0
17654,19.877,924.80171,924.80147,0.25951515838582356,C59H102O6,CCCCCCCCC=CCCCCCCCC(=O)OC(COC(=O)CCCC=CCC=CCC=CCC=CCCCCC)COC(=O)CCCCCCCC=CCCCCCCCC,[M+NH4]+,TG 18:1_18:1_20:4,"TG 18:1(9)_18:1(9)_20:4(5,8,11,14)",0.876333333333335,0.4884083333333062,0.06907545437451366,0.4727043938539243,Some,Some,0.0,0.0,1407.8630641694808,0.0,0.0,0.0,0.0,0.0,0.0,0.0,0.0,0.0,0.0,0.0,0.0,0.0,0.0,0.0
17654,19.877,924.80171,924.80147,0.25951515838582356,C59H102O6,CCCCCCCCCCCC=CCCCCC(=O)OC(COC(=O)CCCCCCC=CCC=CCC=CCC=CCC)COC(=O)CCCCCCCCCC=CCCCCCC,[M+NH4]+,TG 18:1_18:1_20:4,"TG 18:1(11)_18:1(6)_20:4(8,11,14,17)",0.8952000000000012,0.40498100000005477,0.0493729756290206,0.4722864878145109,Some,Some,0.0,0.0,308.6555112066318,0.0,0.0,0.0,0.0,0.0,0.0,0.0,0.0,0.0,0.0,0.0,0.0,0.0,0.0,0.0
17654,19.877,924.80171,924.80147,0.25951515838582356,C59H102O6,CCCCCCCCCCCC=CCCCCC(=O)OC(COC(=O)CCCC=CCC=CCC=CCC=CCCCCC)COC(=O)CCCCCCCCCC=CCCCCCC,[M+NH4]+,TG 18:1_18:1_20:4,"TG 18:1(11)_18:1(6)_20:4(5,8,11,14)",0.884200000000002,0.46993000000001073,0.04720342873618699,0.4657017143680945,Some,Some,0.0,0.0,1131.214614676082,0.0,0.0,0.0,0.0,0.0,0.0,0.0,0.0,0.0,0.0,0.0,0.0,0.0,0.0,0.0
17654,19.877,924.80171,924.80147,0.25951515838582356,C59H102O6,CCCCCCC=CCCCCCCCCCC(=O)OC(COC(=O)CCCCCCC=CCC=CCC=CCC=CCC)COC(=O)CCCCCCCCCC=CCCCCCC,[M+NH4]+,TG 18:1_18:1_20:4,"TG 18:1(11)_18:1(11)_20:4(8,11,14,17)",0.8917500000000009,0.1921612500000549,0.03922961377038819,0.46548980688519453,Some,Some,0.0,0.0,207.71016272643533,0.0,0.0,0.0,0.0,0.0,0.0,0.0,0.0,0.0,0.0,0.0,0.0,0.0,0.0,0.0
17654,19.877,924.80171,924.80147,0.25951515838582356,C59H102O6,CCCCCCCCCCCC=CCCCCC(=O)OC(COC(=O)CCCCCCC=CCC=CCC=CCC=CCC)COC(=O)CCCCC=CCCCCCCCCCCC,[M+NH4]+,TG 18:1_18:1_20:4,"TG 18:1(6)_18:1(6)_20:4(8,11,14,17)",0.8862500000000013,0.3803900000000482,0.03922961377038819,0.4627398068851947,Some,Some,0.0,0.0,1131.214614676082,0.0,0.0,0.0,0.0,0.0,0.0,0.0,0.0,0.0,0.0,0.0,0.0,0.0,0.0,0.0
17657,19.878,900.80037,900.80147,1.221134774515023,C57H102O6,CCCCCCCCC=CCCCCCCCC(=O)OC(COC(=O)CCCCC=CCC=CCCCCCCCC)COC(=O)CCCCCCCC=CCCCCCCCC,[M+NH4]+,TG 18:1_18:1_18:2,"TG 18:1(9)_18:1(9)_18:2(6,9)",0.9310000000000009,0.8862350000000561,0.20726232090265578,0.5691311604513284,Some,Some,425395.9627329192,473891.38423846476,396211.306511471,418593.4767733597,436102.08943779604,422183.0157609974,527042.8495131672,461121.16641528404,542996.7034817969,494562.51274729753,545719.5762638877,519435.2507436424,389248.2405630198,460829.3095724028,774347.7285753447,393342.65229742526,415623.6106700541,404152.66957329714
17657,19.878,900.80037,900.80147,1.221134774515023,C57H102O6,CCCCCCCCC=CCCCCCCCC(=O)OC(COC(=O)CCCCCCCC=CCC=CCCCCC)COC(=O)CCCCCCCCCC=CCCCCCC,[M+NH4]+,TG 18:1_18:1_18:2,"TG 18:1(11)_18:1(9)_18:2(9,12)",0.9560000000000007,0.6322666666666995,0.1703967155394893,0.563198357769745,Some,Some,353132.7639751553,457683.13597386697,310788.34029183537,351068.1973694214,325147.19171892543,392522.34768289817,332707.7770017666,335379.5877325289,544734.9551240406,314654.2932898226,540171.1738868315,351520.5915622774,345988.80358285346,417888.39663497434,534287.4230606295,318523.2448031744,353814.703080343,291929.8120220142
17657,19.878,900.80037,900.80147,1.221134774515023,C57H102O6,CCCCCCC=CCCCCCCCCCC(=O)OC(COC(=O)CCCCC=CCC=CCCCCCCCC)COC(=O)CCCCCCCCCC=CCCCCCC,[M+NH4]+,TG 18:1_18:1_18:2,"TG 18:1(11)_18:1(11)_18:2(6,9)",0.9160000000000004,0.6958875000000262,0.20730539064706166,0.561652695323531,Some,Some,340923.9130434782,441111.4740710495,325010.54318488535,311849.76811373833,336154.1199989046,399070.8068689721,487434.7808224805,373170.77258253726,567001.1309223033,598213.3387721804,489475.4973731806,476148.9798483388,466404.35060780554,413044.45218776434,789359.3162052382,399998.1963295306,386935.93204191816,389114.43070545356
17657,19.878,900.80037,900.80147,1.221134774515023,C57H102O6,CCCCCCCCC=CCCCCCCCC(=O)OC(COC(=O)CCCCCCCC=CCC=CCCCCC)COC(=O)CCCCCCCC=CCCCCCCCC,[M+NH4]+,TG 18:1_18:1_18:2,"TG 18:1(9)_18:1(9)_18:2(9,12)",0.9680000000000017,0.49977750000002175,0.15332371533762545,0.5606618576688136,Some,Some,399988.35403726704,457683.13597386697,342140.6091852227,386333.1559340075,369934.0033409097,450842.154787109,379023.6637771661,335379.5877325289,559220.3854760702,388394.45237609633,599379.467746103,351520.59156227746,401385.15674984,446559.3110657573,534287.4230606295,362560.76114893804,401975.23023181973,337232.5066113931
17657,19.878,900.80037,900.80147,1.221134774515023,C57H102O6,CCCCCCCCCCCC=CCCCCC(=O)OC(COC(=O)CCCCC=CCC=CCCCCCCCC)COC(=O)CCCCCCCCCC=CCCCCCC,[M+NH4]+,TG 18:1_18:1_18:2,"TG 18:1(11)_18:1(6)_18:2(6,9)",0.9227999999999994,0.7422460000000228,0.16472201473834908,0.5437610073691743,Some,Some,269122.6708074534,277429.9714169049,276444.442687247,203999.08766060974,246517.23854643045,295219.94824747124,348998.1923503554,260553.04172951225,435473.42332587414,484345.50275341625,444328.2232365859,322663.07763207506,342434.42098528467,307786.8485240679,676272.0227267065,311091.2206339902,226284.93172435695,324387.34424511
17657,19.878,900.80037,900.80147,1.221134774515023,C57H102O6,CCCCCCCCC=CCCCCCCCC(=O)OC(COC(=O)CCCCC=CCC=CCCCCCCCC)COC(=O)CCCCC=CCCCCCCCCCCC,[M+NH4]+,TG 18:1_18:1_18:2,"TG 18:1(6)_18:1(9)_18:2(6,9)",0.9326666666666673,0.879216666666745,0.13817488060177052,0.5354207736342189,Some,Some,111199.53416149068,135117.19069007758,117989.83636977061,67525.27940393827,120759.92003724293,109397.78875558694,208900.62035249168,150546.33819339698,141129.4785726317,272009.3820110137,133009.6460253208,187573.8405463153,116167.62635956494,94915.12768181592,360903.58593535854,133776.43504531722,72414.65544617339,176386.0100540824
17657,19.878,900.80037,900.80147,1.221134774515023,C57H102O6,CCCCCCCCC=CCCCCCCCC(=O)OC(COC(=O)CCCCCCCC=CCC=CCCCCC)COC(=O)CCCCC=CCCCCCCCCCCC,[M+NH4]+,TG 18:1_18:1_18:2,"TG 18:1(6)_18:1(9)_18:2(9,12)",0.9185000000000016,0.4974225000000274,0.1414256053928522,0.5299628026964269,Some,Some,101366.45962732918,135117.19069007758,117989.83636977061,67525.27940393827,110954.89771887066,95530.46342037169,208900.62035249168,150546.33819339698,126644.04822060202,254684.88680399756,133009.6460253208,187573.8405463153,116167.62635956494,94915.12768181592,360903.58593535854,122683.861658475,61808.90758971102,166673.81411860007
17657,19.878,900.80037,900.80147,1.221134774515023,C57H102O6,CCCCCCC=CCCCCCCCCCC(=O)OC(COC(=O)CCCCCCCC=CCC=CCCCCC)COC(=O)CCCCCCCCCC=CCCCCCC,[M+NH4]+,TG 18:1_18:1_18:2,"TG 18:1(11)_18:1(11)_18:2(9,12)",0.9320000000000004,0.5058500000000095,0.11557234014050698,0.5237861700702537,Some,Some,148222.049689441,77043.69130257248,149342.10526315792,102790.2379685243,155741.70934085496,153850.27052458248,255216.5071278912,150546.33819339698,141129.4785726317,328425.04589027126,192217.9398845922,187573.8405463153,171563.9795265515,123586.04211259892,360903.58593535854,166721.37800423862,109969.43474118768,211976.50870797897
17657,19.878,900.80037,900.80147,1.221134774515023,C57H102O6,CCCCCCCCCCCC=CCCCCC(=O)OC(COC(=O)CCCCCCCC=CCC=CCCCCC)COC(=O)CCCCCCCCCC=CCCCCCC,[M+NH4]+,TG 18:1_18:1_18:2,"TG 18:1(11)_18:1(6)_18:2(9,12)",0.9233333333333343,0.3734366666666726,0.10224452338802087,0.5127889283606777,Some,Some,101366.45962732918,77043.69130257248,117989.83636977061,67525.27940393827,110954.89771887066,95530.46342037169,208900.62035249168,150546.33819339698,126644.04822060202,254684.88680399756,133009.6460253208,187573.8405463153,116167.62635956494,94915.12768181592,360903.58593535854,122683.861658475,61808.90758971102,166673.81411860007
17657,19.878,900.80037,900.80147,1.221134774515023,C57H102O6,CCCCCCCCCCCC=CCCCCC(=O)OC(COC(=O)CCCCC=CCC=CCCCCCCCC)COC(=O)CCCCC=CCCCCCCCCCCC,[M+NH4]+,TG 18:1_18:1_18:2,"TG 18:1(6)_18:1(6)_18:2(6,9)",0.9105000000000008,0.6924675000000491,0.10363116045132789,0.5070655802256643,Some,Some,129281.83229813664,137879.13434054717,116093.14376686909,102790.2379685243,97733.93214119453,205852.74053163963,152874.36834969808,92210.49103402042,255026.34808344766,240025.69855190703,319679.18353285675,98416.14646612761,244472.16890595006,175560.25685698638,267831.7426300182,128618.3884204356,99363.6868847253,161473.08984347084
17662,19.883,902.80852,902.81712,9.525738723254685,C57H104O6,CCCCCCCCC=CCCCCCCCC(=O)OC(COC(=O)CCCCC=CCC=CCCCCCCCC)COC(=O)CCCCCCCCCCCCCCCCC,[M+NH4]+,TG 18:0_18:1_18:2,"TG 18:0_18:1(9)_18:2(6,9)",0.9780000000000015,0.09284999999999854,0.2753554299336421,0.6266777149668218,Some,Some,29413.880813953485,29943.081452404323,31470.537623835397,20139.361036893864,31348.883398730803,29155.29692328362,32587.57353208813,29632.902087621285,29866.626614598976,38425.800931647485,52994.561302405986,176827.31747333877,40121.39997874526,22106.568998109637,51585.182963407315,26792.861964225453,28240.029094435686,37811.48511825163
17662,19.883,902.80852,902.81712,9.525738723254685,C57H104O6,CCCCCCCCC=CCCCCCCCC(=O)OC(COC(=O)CCCCCCCC=CCC=CCCCCC)COC(=O)CCCCCCCCCCCCCCCCC,[M+NH4]+,TG 18:0_18:1_18:2,"TG 18:0_18:1(9)_18:2(9,12)",0.8580000000000005,0.48132000000003927,0.25886032724698355,0.5584301636234921,Some,Some,158632.50968992247,169892.05103042195,162792.54652277584,124210.67591381958,168931.356876423,167350.53069998656,198823.99056997342,168563.36371655395,201241.73926103933,225027.80682574387,285106.9730586371,111484.82362592289,206279.35810691133,110112.96713683293,310067.4865026995,148008.18427269658,172896.9167979957,207075.99434531768
17662,19.883,902.80852,902.81712,9.525738723254685,C57H104O6,CCCCCCC=CCCCCCCCCCC(=O)OC(COC(=O)CCCCC=CCC=CCCCCCCCC)COC(=O)CCCCCCCCCCCCCCCCC,[M+NH4]+,TG 18:0_18:1_18:2,"TG 18:0_18:1(11)_18:2(6,9)",0.9256000000000014,0.42603999999998904,0.05507108598672842,0.4903355429933649,All,Some,44855.983527131786,47921.49165848872,41919.712873964454,30968.90455346484,45186.503899626994,42648.17613865377,47288.727366396284,46422.08174066451,45925.05256833883,59167.712393446775,80348.32877107045,266015.1763740771,58986.04272202345,32043.678202704665,79643.07138572284,39559.230509618625,41875.621287428774,54798.456424559656
17662,19.883,902.80852,902.81712,9.525738723254685,C57H104O6,CCCCCCC=CCCCCCCCCCC(=O)OC(COC(=O)CCCCCCCC=CCC=CCCCCC)COC(=O)CCCCCCCCCCCCCCCCC,[M+NH4]+,TG 18:0_18:1_18:2,"TG 18:0_18:1(11)_18:2(9,12)",0.8805000000000014,0.48442500000001587,0.061733565403814396,0.47111678270190793,All,Some,174074.61240310076,194143.27772325804,173241.72177290492,135040.21943039057,182768.97737731918,180843.4099153567,213525.14440428157,185352.54336959717,217300.1652147792,245769.71828754316,312460.74052730156,200672.6825266612,225144.00085018954,120050.07634142794,338125.37492501497,160774.55281808978,186532.5089909888,224062.9656516257
17662,19.883,902.80852,902.81712,9.525738723254685,C57H104O6,CCCCCCCCCCCC=CCCCCC(=O)OC(COC(=O)CCCCC=CCC=CCCCCCCCC)COC(=O)CCCCCCCCCCCCCCCCC,[M+NH4]+,TG 18:0_18:1_18:2,"TG 18:0_18:1(6)_18:2(6,9)",0.8705000000000016,0.3178574999999739,0.06883885748341052,0.46966942874170603,Some,Some,4144.985465116279,0.0,3581.01231593697,2668.495253254505,3884.3675822312653,2800.500470240494,3450.863345811506,0.0,0.0,4775.026143169503,6986.421264947414,0.0,4142.442169400261,1532.554166060782,0.0,2581.0833614579815,2583.5858891986904,3906.315668819011
17662,19.883,902.80852,902.81712,9.525738723254685,C57H104O6,CCCCCCCCCCCC=CCCCCC(=O)OC(COC(=O)CCCCCCCC=CCC=CCCCCC)COC(=O)CCCCCCCCCCCCCCCCC,[M+NH4]+,TG 18:0_18:1_18:2,"TG 18:0_18:1(6)_18:2(9,12)",0.8305000000000007,0.4840650000000437,0.061733565403814396,0.4461167827019076,All,Some,137878.0281007752,142100.09813542687,142994.46889058233,107972.3438121767,147879.91086566876,155202.08585247883,184323.70078144904,141029.10908556308,186666.4163412436,217833.93541844914,258102.97507563749,0.0,197326.75617273018,99154.15515486403,280578.8842231553,137284.08707391156,159871.33793995233,192344.78279142626
17757,19.987,926.81636,926.81712,0.8200107481979408,C59H104O6,CCCCCC=CCC=CCCCCCCCCCC(=O)OC(COC(=O)CCCCCCCCCC=CCC=CCCCCC)COC(=O)CCCCCC=CCCCCCCCC,[M+NH4]+,TG 16:1_20:2_20:2,"TG 16:1(7)_20:2(11,14)_20:2(11,14)",0.9004999999999992,0.7047575000000563,0.07784476866531152,0.48917238433265536,Some,Some,0.0,233000.0,283000.0,0.0,239500.0,0.0,0.0,195340.79748575916,0.0,0.0,0.0,0.0,0.0,0.0,0.0,0.0,0.0,0.0
17757,19.987,926.81636,926.81712,0.8200107481979408,C59H104O6,CCCCCC=CCC=CCCCCCCCCCC(=O)OC(COC(=O)CCCCCCCCCC=CCC=CCCCCC)COC(=O)CCCCCCCC=CCCCCCC,[M+NH4]+,TG 16:1_20:2_20:2,"TG 16:1(9)_20:2(11,14)_20:2(11,14)",0.912333333333334,0.642358333333353,0.051896512443541015,0.48211492288843744,All,Some,0.0,116500.0,141500.0,0.0,119750.0,0.0,0.0,97670.39874287958,0.0,0.0,0.0,0.0,0.0,0.0,0.0,0.0,0.0,0.0
17757,19.987,926.81636,926.81712,0.8200107481979408,C59H104O6,CCCCCC=CCC=CCCCCCCCCCC(=O)OC(COC(=O)CCCCCCCCCC=CCC=CCCCCC)COC(=O)CCCCC=CCCCCCCCCC,[M+NH4]+,TG 16:1_20:2_20:2,"TG 16:1(6)_20:2(11,14)_20:2(11,14)",0.7943333333333342,0.4995366666666996,0.10305179746720013,0.4486925654002672,All,Some,0.0,116500.0,141500.0,0.0,119750.0,0.0,0.0,107988.80377136123,0.0,0.0,0.0,0.0,0.0,0.0,0.0,0.0,0.0,0.0
17771,19.995,924.80138,924.80147,0.09731818441005022,C59H102O6,CCCCCCC=CCCCCCCCCCC(=O)OC(COC(=O)CCCC=CCC=CCC=CCC=CCC=CCC)COC(=O)CCCCCCCCCCCCCCCCC,[M+NH4]+,TG 18:0_18:1_20:5,"TG 18:0_18:1(11)_20:5(5,8,11,14,17)",0.8873333333333348,0.5425158333333494,0.042246387971472066,0.46478986065240346,All,Some,9114.13043478261,9367.706941278202,6576.416915248289,5784.21052631579,0.0,82443.60902255638,87957.67354596625,7781.45952954251,115550.60606060605,161522.371045882,150755.315822389,78742.06919888336,103785.58440551185,74930.88927421354,270782.71621900116,74025.926088676,62569.27468506497,72488.44375963019
17771,19.995,924.80138,924.80147,0.09731818441005022,C59H102O6,CCCCCCCCC=CCCCCCCCC(=O)OC(COC(=O)CCCC=CCC=CCC=CCC=CCC=CCC)COC(=O)CCCCCCCCCCCCCCCCC,[M+NH4]+,TG 18:0_18:1_20:5,"TG 18:0_18:1(9)_20:5(5,8,11,14,17)",0.8364000000000005,0.6275990000000092,0.060928989490779725,0.4486644947453901,Some,Some,7431.521739130435,7216.146529360901,5352.517985611511,4957.894736842105,0.0,59936.37941006362,59769.15572232647,6385.6269679570305,74209.54545454546,114065.54573952692,105799.64040025015,55950.42720582015,68894.98539309383,61103.54223433243,150223.26028714707,52165.751197433754,50536.386981583324,58644.645608628656
17771,19.995,924.80138,924.80147,0.09731818441005022,C59H102O6,CCCCCCCCCCCC=CCCCCC(=O)OC(COC(=O)CCCC=CCC=CCC=CCC=CCC=CCC)COC(=O)CCCCCCCCCCCCCCCCC,[M+NH4]+,TG 18:0_18:1_20:5,"TG 18:0_18:1(6)_20:5(5,8,11,14,17)",0.8246000000000017,0.5439920000000142,0.0600914705489239,0.44234573527446275,Some,Some,9254.347826086956,7216.146529360901,6671.065099140199,4957.894736842105,0.0,72620.01156737997,78273.17073170733,7932.913502500464,91239.84848484848,148412.08321459105,104445.04377736086,55307.50359529651,76319.43020139432,70965.56849145405,194994.02349385174,65808.32271389023,44894.3383333517,62866.91063174114
17810,20.012,950.81713,950.81712,0.01051726958255908,C61H104O6,CCCCCCCCC=CCCCCCCCC(=O)OC(COC(=O)CCCCCC=CCC=CCC=CCC=CCC=CCC)COC(=O)CCCCCCCC=CCCCCCCCC,[M+NH4]+,TG 18:1_18:1_22:5,"TG 18:1(9)_18:1(9)_22:5(7,10,13,16,19)",0.9182500000000005,0.6827912500000082,0.03258184447504962,0.47541592223752505,Some,Some,9376.344086021505,16940.80832040872,10576.31822032112,10000.508628519528,10321.757279228112,46251.787029415595,50247.047985930825,10421.855747090674,58237.35627957147,72326.86484411653,76745.0017537706,50131.69754631948,55849.9551777021,48776.7487926158,120779.19028366935,41693.51998591301,35840.21238644377,44427.718504149154
17810,20.012,950.81713,950.81712,0.01051726958255908,C61H104O6,CCCCCCCCC=CCCCCCCCC(=O)OC(COC(=O)CCC=CCC=CCC=CCC=CCC=CCCCCC)COC(=O)CCCCCCCC=CCCCCCCCC,[M+NH4]+,TG 18:1_18:1_22:5,"TG 18:1(9)_18:1(9)_22:5(4,7,10,13,16)",0.7658461538461552,0.528175384615399,0.14412973246194433,0.4549879431540497,Some,Some,3927.6637341153473,6810.549143934555,3994.1441389645884,3628.401453224342,3561.521880453006,13186.457566174238,16689.55698852693,3610.3636401352505,22285.308033634872,23089.819593124917,30091.011464121537,15891.96294441662,18067.76945409813,16793.647066030895,48577.80593208252,14085.270294065855,11526.112747334799,15354.37008298308
17810,20.012,950.81713,950.81712,0.01051726958255908,C61H104O6,CCCCCCCCCCCC=CCCCCC(=O)OC(COC(=O)CCCCCC=CCC=CCC=CCC=CCC=CCC)COC(=O)CCCCC=CCCCCCCCCCCC,[M+NH4]+,TG 18:1_18:1_22:5,"TG 18:1(6)_18:1(6)_22:5(7,10,13,16,19)",0.8702499999999995,0.4881499999999903,0.03882338054513428,0.45453669027256693,Some,Some,4454.545454545454,6810.549143934555,4441.65488058689,3628.401453224342,4066.8286173743454,15903.619546852662,19674.23163889122,4040.0605721160828,26163.12421857763,26767.90207702477,33713.00928575384,16127.535052578865,17772.418997212993,19376.88765456049,54770.79263580675,16252.773375594295,11829.758991164392,17358.5515680569
17810,20.012,950.81713,950.81712,0.01051726958255908,C61H104O6,CCCCCCC=CCCCCCCCCCC(=O)OC(COC(=O)CCCCCC=CCC=CCC=CCC=CCC=CCC)COC(=O)CCCCCCCCCC=CCCCCCC,[M+NH4]+,TG 18:1_18:1_22:5,"TG 18:1(11)_18:1(11)_22:5(7,10,13,16,19)",0.8720000000000006,0.47147300000000314,0.03177605203140037,0.45188802601570044,Some,Some,9376.344086021505,16940.80832040872,10576.31822032112,10000.508628519528,10321.757279228112,50501.10470909328,54678.83761828993,10421.855747090674,64008.23711112746,80497.46236192265,76745.0017537706,50131.69754631948,55849.9551777021,48776.7487926158,135246.80925863894,41693.51998591301,39613.39030157215,48029.141071236125
17810,20.012,950.81713,950.81712,0.01051726958255908,C61H104O6,CCCCCCCCC=CCCCCCCCC(=O)OC(COC(=O)CCCCCC=CCC=CCC=CCC=CCC=CCC)COC(=O)CCCCCCCCCC=CCCCCCC,[M+NH4]+,TG 18:1_18:1_22:5,"TG 18:1(11)_18:1(9)_22:5(7,10,13,16,19)",0.8753333333333343,0.4249933333333236,0.026480043359500303,0.4509066883464173,Some,Some,4073.313782991203,6673.710579934919,3923.4728881836404,3628.401453224342,3706.832723166935,14718.6132651735,18212.04254250063,3610.3636401352505,24137.922580961487,25070.072930438862,32686.59196219239,15511.141712568851,17070.16811559153,16227.917377142914,57216.54389694641,14551.901743264658,12424.60696063384,16325.94029529044
17810,20.012,950.81713,950.81712,0.01051726958255908,C61H104O6,CCCCCCCCC=CCCCCCCCC(=O)OC(COC(=O)CCCCCC=CCC=CCC=CCC=CCC=CCC)COC(=O)CCCCC=CCCCCCCCCCCC,[M+NH4]+,TG 18:1_18:1_22:5,"TG 18:1(6)_18:1(9)_22:5(7,10,13,16,19)",0.8566000000000003,0.5577270000000112,0.04311521703206578,0.449857608516033,Some,Some,1175.9530791788857,1141.9388437794605,1184.1311455302969,567.5840145322435,1043.4255996167924,3129.5650478707266,4265.974374005527,803.6924098160019,7903.949400603074,5986.736042990574,10422.935627388357,2842.7328492739107,1350.3894482148398,5231.062191772429,19832.139907732006,4024.6962493396727,938.3166715062014,3921.888134497252
17810,20.012,950.81713,950.81712,0.01051726958255908,C61H104O6,CCCCCCCCC=CCCCCCCCC(=O)OC(COC(=O)CCC=CCC=CCC=CCC=CCC=CCCCCC)COC(=O)CCCCC=CCCCCCCCCCCC,[M+NH4]+,TG 18:1_18:1_22:5,"TG 18:1(6)_18:1(9)_22:5(4,7,10,13,16)",0.7520000000000003,0.5155329411764823,0.13027537359092928,0.44113768679546483,Some,Some,7741.935483870967,9681.571024541556,9056.554018574096,6755.858310626703,8564.90231635132,42472.295628817745,43122.01658152583,8812.19739871803,48475.39898507024,62317.22608436046,46026.32501984528,31349.399098647977,34567.79328956135,40613.708532862285,84663.91565206145,32351.558372952986,25078.19305595885,36054.919711175775
17810,20.012,950.81713,950.81712,0.01051726958255908,C61H104O6,CCCCCCCCC=CCCCCCCCC(=O)OC(COC(=O)CCC=CCC=CCC=CCC=CCC=CCCCCC)COC(=O)CCCCCCCCCC=CCCCCCC,[M+NH4]+,TG 18:1_18:1_22:5,"TG 18:1(11)_18:1(9)_22:5(4,7,10,13,16)",0.7635555555555571,0.42501388888889047,0.1104387806129161,0.4369971680842366,Some,Some,3519.061583577712,5209.246799257975,3614.203088527833,2817.238873751135,3224.025729633558,11359.35536975263,15757.474248387909,3207.9490530420894,21120.34517418058,20587.40990318591,25534.900035075407,10645.906359539305,12451.878525177804,14752.887001092517,44256.386291801675,11749.77989082585,8835.607914713568,13261.170384739735
17810,20.012,950.81713,950.81712,0.01051726958255908,C61H104O6,CCCCCCCCCCCC=CCCCCC(=O)OC(COC(=O)CCCCCC=CCC=CCC=CCC=CCC=CCC)COC(=O)CCCCCCCCCC=CCCCCCC,[M+NH4]+,TG 18:1_18:1_22:5,"TG 18:1(11)_18:1(6)_22:5(7,10,13,16,19)",0.8303333333333333,0.4857133333333176,0.0406881612361887,0.43551074728476097,Some,Some,6217.008797653959,9681.571024541556,7266.511052084891,6755.858310626703,7124.918739521674,33482.95282242343,34580.018423917594,7093.409670794698,39953.91140202497,50678.72222459163,46026.32501984528,30407.110665998996,34567.79328956135,30280.74617874391,84663.91565206145,25548.07184363444,25078.19305595885,29615.087832740595
17810,20.012,950.81713,950.81712,0.01051726958255908,C61H104O6,CCCCCCC=CCCCCCCCCCC(=O)OC(COC(=O)CCC=CCC=CCC=CCC=CCC=CCCCCC)COC(=O)CCCCCCCCCC=CCCCCCC,[M+NH4]+,TG 18:1_18:1_22:5,"TG 18:1(11)_18:1(11)_22:5(4,7,10,13,16)",0.7020000000000012,0.39558785714285705,0.14199271793089213,0.4219963589654467,Some,Some,3137.8299120234606,5209.246799257975,3166.6923469055314,2817.238873751135,2864.0298354261467,9994.249014426201,12772.799598023617,2778.2521210612576,17714.446814248244,17677.783938243698,22008.898078236623,10960.816224336502,12451.878525177804,12169.64641256292,36992.50048919947,10048.908258496213,8835.607914713568,11651.21241513094
17809,20.012,976.83301,976.83277,0.24569200310764802,C63H106O6,CCCCCCCCC=CCCCCCCCC(=O)OC(COC(=O)CCC=CCC=CCC=CCC=CCC=CCC=CCCCC)COC(=O)CCCCCCCC=CCCCCCCCC,[M+NH4]+,TG 18:1_18:1_24:6,"TG 18:1(9)_18:1(9)_24:6(4,7,10,13,16,19)",0.8536363636363643,0.30064727272728803,0.03802259818283544,0.4458294809095999,Some,Some,3027.758324568294,4931.2750921512925,0.0,0.0,0.0,7445.187901008249,10070.723526593194,2003.0105294379355,13706.066752719893,15783.350230933873,19005.456921066787,8410.67998290483,10557.41161138437,9715.959564401337,25750.47984644914,9127.399743221811,7213.2363195391845,10003.607123387244
17809,20.012,976.83301,976.83277,0.24569200310764802,C63H106O6,CCCCCCCCCCCC=CCCCCC(=O)OC(COC(=O)CCC=CCC=CCC=CCC=CCC=CCC=CCCCC)COC(=O)CCCCC=CCCCCCCCCCCC,[M+NH4]+,TG 18:1_18:1_24:6,"TG 18:1(6)_18:1(6)_24:6(4,7,10,13,16,19)",0.8436000000000007,0.3127380000000244,0.04182485800111898,0.44271242900055985,Some,Some,3223.9043700932416,5102.058241182041,0.0,0.0,0.0,8999.388939810571,12372.208912314325,2132.4632952691677,16762.954084455097,20094.716683564267,22817.615863500112,9316.130193220417,12178.128809854124,11318.817796018451,33545.31883130731,10961.979206001559,8535.819311808398,12157.604942758495
17809,20.012,976.83301,976.83277,0.24569200310764802,C63H106O6,CCCCCCC=CCCCCCCCCCC(=O)OC(COC(=O)CCC=CCC=CCC=CCC=CCC=CCC=CCCCC)COC(=O)CCCCCCCCCC=CCCCCCC,[M+NH4]+,TG 18:1_18:1_24:6,"TG 18:1(11)_18:1(11)_24:6(4,7,10,13,16,19)",0.8398181818181825,0.41935454545454254,0.03802259818283544,0.4389203900005089,Some,Some,3444.0333382151266,5102.058241182041,0.0,0.0,0.0,8464.680721051023,13413.320555821752,2296.989470562064,15825.74220910935,18637.287371859864,22817.615863500112,10545.902782463952,12178.128809854124,11379.872378396161,31374.99111395465,10961.979206001559,8027.958162801273,11472.505905869524
17809,20.012,976.83301,976.83277,0.24569200310764802,C63H106O6,CCCCCCCCC=CCCCCCCCC(=O)OC(COC(=O)CCC=CCC=CCC=CCC=CCC=CCC=CCCCC)COC(=O)CCCCC=CCCCCCCCCCCC,[M+NH4]+,TG 18:1_18:1_24:6,"TG 18:1(6)_18:1(9)_24:6(4,7,10,13,16,19)",0.8275714285714295,0.3228964285714499,0.029874898572227842,0.42872316357182866,All,Some,2989.2999951182055,4931.2750921512925,0.0,0.0,0.0,7301.985945615644,8986.679444178242,2003.0105294379355,12674.257790890648,16029.379294806804,17182.384136499884,7320.763884202713,8888.537856812545,8386.794288270505,25958.342219378683,8471.354127331773,6705.375170532059,9827.494094130474
17809,20.012,976.83301,976.83277,0.24569200310764802,C63H106O6,CCCCCCCCC=CCCCCCCCC(=O)OC(COC(=O)CCC=CCC=CCC=CCC=CCC=CCC=CCCCC)COC(=O)CCCCCCCCCC=CCCCCCC,[M+NH4]+,TG 18:1_18:1_24:6,"TG 18:1(11)_18:1(9)_24:6(4,7,10,13,16,19)",0.8258666666666675,0.4004046666666682,0.027883238667412654,0.42687495266704006,All,Some,3405.5750087650395,5102.058241182041,0.0,0.0,0.0,8321.478765658418,12329.276473406802,2296.989470562064,14793.9332472801,18883.31643573279,20994.543078933206,9455.986683761837,10509.255055282298,10050.707102265333,31582.853486884196,10305.933590111523,7520.097013794148,11296.392876612756
17809,20.012,976.83301,976.83277,0.24569200310764802,C63H106O6,CCCCCCCCCCCC=CCCCCC(=O)OC(COC(=O)CCC=CCC=CCC=CCC=CCC=CCC=CCCCC)COC(=O)CCCCCCCCCC=CCCCCCC,[M+NH4]+,TG 18:1_18:1_24:6,"TG 18:1(11)_18:1(6)_24:6(4,7,10,13,16,19)",0.8167142857142865,0.4161664285714356,0.029874898572227842,0.4232945921432572,All,Some,3209.4289632400905,4931.2750921512925,0.0,0.0,0.0,6767.277726856096,10027.791087685671,2167.5367047308314,11737.045915544897,14571.949983102399,17182.384136499884,8550.536473446253,8888.537856812545,8447.848870648215,23788.014502026017,8471.354127331773,6197.514021524935,9142.395057241505
17828,20.024,850.78406,850.78582,2.068675756714203,C53H100O6,CCCCCCCCCCCCCCCC(=O)OC(COC(=O)CCCCCCCC=CCCCCCCCC)COC(=O)CCCCCCCCCCCCCCC,[M+NH4]+,TG 16:0_16:0_18:1,TG 16:0_16:0_18:1(9),0.902000000000001,0.5097099999999841,0.12679689449002401,0.5143984472450125,All,Some,0.0,0.0,0.0,0.0,7088.920056100983,27872.364081088097,0.0,0.0,52296.77658391996,48950.0531349628,43332.92732440114,31255.048616305165,21384.057971014492,32498.209052425915,49019.15531963997,35835.74982995023,22289.090909090908,26580.523703576928
17828,20.024,850.78406,850.78582,2.068675756714203,C53H100O6,CCCCCCCCCCCCCCCC(=O)OC(COC(=O)CCCCCCCCCC=CCCCCCC)COC(=O)CCCCCCCCCCCCCCC,[M+NH4]+,TG 16:0_16:0_18:1,TG 16:0_16:0_18:1(11),0.7310000000000016,0.07946000000004005,0.0,0.3655000000000008,All,None,0.0,0.0,0.0,0.0,39711.07994389902,91127.63591891191,0.0,0.0,138703.22341608,113049.9468650372,149667.07267559887,92744.95138369483,95615.9420289855,101839.79159882774,113846.98822986383,113682.02484516523,67295.90909090909,92315.59130583605
17828,20.024,850.78406,850.78582,2.068675756714203,C53H100O6,CCCCCCCCCCCCCCCC(=O)OC(COC(=O)CCCCC=CCCCCCCCCCCC)COC(=O)CCCCCCCCCCCCCCC,[M+NH4]+,TG 16:0_16:0_18:1,TG 16:0_16:0_18:1(6),0.6739999999999995,0.5098800000000665,0.0,0.33699999999999974,All,None,0.0,0.0,0.0,0.0,0.0,0.0,0.0,0.0,0.0,0.0,0.0,0.0,0.0,4661.999348746336,14133.856450496194,4482.2253248845445,4715.0,5103.884990587027
17862,20.045,876.79908,876.80147,2.7258165979024103,C55H102O6,CCCCCCCCC=CCCCCCCCC(=O)OC(COC(=O)CCCCCCCC=CCCCCCCCC)COC(=O)CCCCCCCCCCCCCCC,[M+NH4]+,TG 16:0_18:1_18:1,TG 16:0_18:1(9)_18:1(9),0.9810000000000016,0.5096300000000156,0.05935028265967006,0.5201751413298359,All,Some,0.0,0.0,0.0,8462.222222222223,0.0,18498.639960435215,16039.807249109575,0.0,38840.247013021886,27411.852963240814,53603.8961038961,26888.694127957933,23218.13642038361,23378.144654088053,0.0,34636.495503336235,26484.310242747186,20893.595937074202
17862,20.045,876.79908,876.80147,2.7258165979024103,C55H102O6,CCCCCCC=CCCCCCCCCCC(=O)OC(COC(=O)CCCCCCCC=CCCCCCCCC)COC(=O)CCCCCCCCCCCCCCC,[M+NH4]+,TG 16:0_18:1_18:1,TG 16:0_18:1(11)_18:1(9),0.9793333333333365,0.35969333333336334,0.039566855106446704,0.5094500942198916,All,Some,0.0,0.0,0.0,8462.222222222223,0.0,30658.011869436206,25308.191912843075,0.0,61516.579406631776,38313.578394598655,72021.645021645,36879.92988606485,38483.71353989332,35153.03983228512,0.0,54143.31302581955,35062.561673574106,33723.52285395764
17862,20.045,876.79908,876.80147,2.7258165979024103,C55H102O6,CCCCCCCCCCCC=CCCCCC(=O)OC(COC(=O)CCCCCCCC=CCCCCCCCC)COC(=O)CCCCCCCCCCCCCCC,[M+NH4]+,TG 16:0_18:1_18:1,TG 16:0_18:1(6)_18:1(9),0.9464999999999986,0.6796325000000252,0.02967514132983503,0.4880875706649168,All,Some,0.0,0.0,0.0,15866.666666666666,0.0,61507.29475766568,58064.94866959985,22466.666666666664,93657.00093972345,73098.27456864215,108582.25108225107,70008.76424189306,66401.08954715695,75558.43815513627,0.0,89826.51581085002,61755.08190250641,67836.73974978323
17862,20.045,876.79908,876.80147,2.7258165979024103,C55H102O6,CCCCCCC=CCCCCCCCCCC(=O)OC(COC(=O)CCCCCCCCCC=CCCCCCC)COC(=O)CCCCCCCCCCCCCCC,[M+NH4]+,TG 16:0_18:1_18:1,TG 16:0_18:1(11)_18:1(11),0.9760000000000062,0.059820000000058826,0.0,0.4880000000000031,All,None,0.0,0.0,0.0,0.0,0.0,12159.371909000989,9268.384663733501,0.0,22676.332393609882,10901.725431357841,18417.748917748915,9991.235758106925,15265.577119509704,11774.895178197065,0.0,19506.817522483318,8578.251430826918,12829.926916883438
17862,20.045,876.79908,876.80147,2.7258165979024103,C55H102O6,CCCCCCC=CCCCCCCCCCC(=O)OC(COC(=O)CCCCC=CCCCCCCCCCCC)COC(=O)CCCCCCCCCCCCCCC,[M+NH4]+,TG 16:0_18:1_18:1,TG 16:0_18:1(11)_18:1(6),0.9333333333333323,0.5863633333333761,0.0,0.4666666666666662,All,None,0.0,0.0,0.0,7404.444444444444,0.0,55168.02670623146,51293.52608422376,22466.666666666664,77493.08632031146,56588.14703675919,73396.1038961039,53111.30587204206,58448.53024628305,63955.18867924528,0.0,74696.8378299971,43849.023090586146,59773.07072959246
17862,20.045,876.79908,876.80147,2.7258165979024103,C55H102O6,CCCCCCCCCCCC=CCCCCC(=O)OC(COC(=O)CCCCC=CCCCCCCCCCCC)COC(=O)CCCCCCCCCCCCCCC,[M+NH4]+,TG 16:0_18:1_18:1,TG 16:0_18:1(6)_18:1(6),0.9119999999999955,0.8496350000000348,0.0,0.45599999999999774,All,None,0.0,0.0,0.0,7404.444444444444,0.0,43008.65479723046,42025.14142049026,22466.666666666664,54816.75392670157,45686.42160540135,54978.354978354975,43120.07011393514,43182.953126773355,52180.29350104822,0.0,55190.02030751378,35270.77165975923,46943.14381270902
17905,20.072,876.80026,876.80147,1.3800159345245946,C55H102O6,CCCCCCCCC=CCCCCCCCC(=O)OC(COC(=O)CCCCCCCC=CCCCCCCCC)COC(=O)CCCCCCCCCCCCCCC,[M+NH4]+,TG 16:0_18:1_18:1,TG 16:0_18:1(9)_18:1(9),0.9410000000000025,0.5096300000000156,0.06058552460769908,0.5007927623038508,All,Some,0.0,0.0,0.0,0.0,0.0,0.0,21362.487852283768,0.0,0.0,0.0,0.0,0.0,0.0,0.0,0.0,0.0,0.0,0.0
17905,20.072,876.80026,876.80147,1.3800159345245946,C55H102O6,CCCCCCC=CCCCCCCCCCC(=O)OC(COC(=O)CCCCCCCC=CCCCCCCCC)COC(=O)CCCCCCCCCCCCCCC,[M+NH4]+,TG 16:0_18:1_18:1,TG 16:0_18:1(11)_18:1(9),0.950666666666668,0.35930000000003776,0.04039034973846605,0.49552850820256705,All,Some,0.0,0.0,0.0,0.0,0.0,0.0,21362.487852283768,0.0,0.0,0.0,0.0,0.0,0.0,0.0,0.0,0.0,0.0,0.0
17905,20.072,876.80026,876.80147,1.3800159345245946,C55H102O6,CCCCCCC=CCCCCCCCCCC(=O)OC(COC(=O)CCCCCCCCCC=CCCCCCC)COC(=O)CCCCCCCCCCCCCCC,[M+NH4]+,TG 16:0_18:1_18:1,TG 16:0_18:1(11)_18:1(11),0.9699999999999989,0.05864000000008218,0.0,0.48499999999999943,All,None,0.0,0.0,0.0,0.0,0.0,0.0,77333.33333333331,0.0,0.0,0.0,0.0,0.0,0.0,0.0,0.0,0.0,0.0,0.0
17905,20.072,876.80026,876.80147,1.3800159345245946,C55H102O6,CCCCCCCCCCCC=CCCCCC(=O)OC(COC(=O)CCCCCCCC=CCCCCCCCC)COC(=O)CCCCCCCCCCCCCCC,[M+NH4]+,TG 16:0_18:1_18:1,TG 16:0_18:1(6)_18:1(9),0.9065000000000012,0.6802400000000262,0.052293398390600404,0.4793966991953008,All,Some,0.0,0.0,0.0,0.0,0.0,0.0,0.0,0.0,0.0,0.0,0.0,0.0,0.0,0.0,0.0,0.0,0.0,0.0
17905,20.072,876.80026,876.80147,1.3800159345245946,C55H102O6,CCCCCCC=CCCCCCCCCCC(=O)OC(COC(=O)CCCCC=CCCCCCCCCCCC)COC(=O)CCCCCCCCCCCCCCC,[M+NH4]+,TG 16:0_18:1_18:1,TG 16:0_18:1(11)_18:1(6),0.9046666666666662,0.5867800000000519,0.029334181449001157,0.46700042405783365,All,Some,0.0,0.0,0.0,0.0,0.0,0.0,55970.84548104956,0.0,0.0,0.0,0.0,0.0,0.0,0.0,0.0,0.0,0.0,0.0
17905,20.072,876.80026,876.80147,1.3800159345245946,C55H102O6,CCCCCCCCCCCC=CCCCCC(=O)OC(COC(=O)CCCCC=CCCCCCCCCCCC)COC(=O)CCCCCCCCCCCCCCC,[M+NH4]+,TG 16:0_18:1_18:1,TG 16:0_18:1(6)_18:1(6),0.8719999999999999,0.8508500000000367,0.044001272173501735,0.4580006360867508,All,Some,0.0,0.0,0.0,0.0,0.0,0.0,55970.84548104956,0.0,0.0,0.0,0.0,0.0,0.0,0.0,0.0,0.0,0.0,0.0
17915,20.076,902.81362,902.81712,3.876754131590817,C57H104O6,CCCCCCC=CCCCCCCCCCC(=O)OC(COC(=O)CCCCCCCC=CCCCCCCCC)COC(=O)CCCCCCCCCC=CCCCCCC,[M+NH4]+,TG 18:1_18:1_18:1,TG 18:1(11)_18:1(11)_18:1(9),0.9919999999999973,0.5076599999999303,0.1350710541019549,0.5635355270509761,Some,Some,0.0,0.0,0.0,0.0,0.0,0.0,3503.277796184977,0.0,0.0,0.0,0.0,0.0,0.0,0.0,0.0,0.0,0.0,0.0
17915,20.076,902.81362,902.81712,3.876754131590817,C57H104O6,CCCCCCCCCCCC=CCCCCC(=O)OC(COC(=O)CCCCCCCC=CCCCCCCCC)COC(=O)CCCCC=CCCCCCCCCCCC,[M+NH4]+,TG 18:1_18:1_18:1,TG 18:1(6)_18:1(6)_18:1(9),0.9919999999999973,0.5076599999999303,0.1350710541019549,0.5635355270509761,Some,Some,0.0,0.0,0.0,2062.4239070282233,0.0,0.0,19767.950963222418,0.0,0.0,21163.752731813922,0.0,0.0,0.0,0.0,0.0,0.0,0.0,0.0
17915,20.076,902.81362,902.81712,3.876754131590817,C57H104O6,CCCCCCCCC=CCCCCCCCC(=O)OC(COC(=O)CCCCCCCC=CCCCCCCCC)COC(=O)CCCCCCCC=CCCCCCCCC,[M+NH4]+,TG 18:1_18:1_18:1,TG 18:1(9)_18:1(9)_18:1(9),0.9919999999999973,0.5076599999999303,0.1350710541019549,0.5635355270509761,All,Some,0.0,0.0,0.0,6347.980077476481,0.0,0.0,19093.754437449705,0.0,0.0,13530.20605682173,0.0,0.0,0.0,0.0,0.0,0.0,0.0,0.0
17915,20.076,902.81362,902.81712,3.876754131590817,C57H104O6,CCCCCCCCC=CCCCCCCCC(=O)OC(COC(=O)CCCCCCCC=CCCCCCCCC)COC(=O)CCCCC=CCCCCCCCCCCC,[M+NH4]+,TG 18:1_18:1_18:1,TG 18:1(6)_18:1(9)_18:1(9),0.900999999999998,0.6781299999999817,0.07278434988321117,0.4868921749416046,All,Some,0.0,0.0,0.0,2062.4239070282233,0.0,0.0,20167.380603019832,0.0,0.0,21163.752731813922,0.0,0.0,0.0,0.0,0.0,0.0,0.0,0.0
17915,20.076,902.81362,902.81712,3.876754131590817,C57H104O6,CCCCCCC=CCCCCCCCCCC(=O)OC(COC(=O)CCCCC=CCCCCCCCCCCC)COC(=O)CCCCCCCCCC=CCCCCCC,[M+NH4]+,TG 18:1_18:1_18:1,TG 18:1(11)_18:1(11)_18:1(6),0.9609999999999985,0.447065000000066,0.01049764566446744,0.485748822832233,Some,Some,0.0,0.0,0.0,8410.403984504705,0.0,0.0,39261.13504046954,0.0,0.0,34693.958788635646,0.0,0.0,0.0,0.0,0.0,0.0,0.0,0.0
17915,20.076,902.81362,902.81712,3.876754131590817,C57H104O6,CCCCCCCCC=CCCCCCCCC(=O)OC(COC(=O)CCCCCCCC=CCCCCCCCC)COC(=O)CCCCCCCCCC=CCCCCCC,[M+NH4]+,TG 18:1_18:1_18:1,TG 18:1(11)_18:1(9)_18:1(9),0.8879999999999981,0.29098999999999364,0.06753552705097746,0.4777677635254878,All,Some,0.0,0.0,0.0,6347.980077476481,0.0,0.0,22597.032233634684,0.0,0.0,13530.20605682173,0.0,0.0,0.0,0.0,0.0,0.0,0.0,0.0
17915,20.076,902.81362,902.81712,3.876754131590817,C57H104O6,CCCCCCCCCCCC=CCCCCC(=O)OC(COC(=O)CCCCCCCC=CCCCCCCCC)COC(=O)CCCCCCCCCC=CCCCCCC,[M+NH4]+,TG 18:1_18:1_18:1,TG 18:1(11)_18:1(6)_18:1(9),0.8619999999999983,0.4768600000000068,0.04852289992214078,0.4552614499610696,All,Some,0.0,0.0,0.0,2062.4239070282233,0.0,0.0,16664.102806834857,0.0,0.0,21163.752731813922,0.0,0.0,0.0,0.0,0.0,0.0,0.0,0.0
17915,20.076,902.81362,902.81712,3.876754131590817,C57H104O6,CCCCCCCCCCCC=CCCCCC(=O)OC(COC(=O)CCCCC=CCCCCCCCCCCC)COC(=O)CCCCC=CCCCCCCCCCCC,[M+NH4]+,TG 18:1_18:1_18:1,TG 18:1(6)_18:1(6)_18:1(6),0.8099999999999987,0.8486000000000331,0.01049764566446744,0.4102488228322331,All,Some,0.0,0.0,0.0,6347.980077476481,0.0,0.0,19093.754437449705,0.0,0.0,13530.20605682173,0.0,0.0,0.0,0.0,0.0,0.0,0.0,0.0
17915,20.076,902.81362,902.81712,3.876754131590817,C57H104O6,CCCCCCCCCCCC=CCCCCC(=O)OC(COC(=O)CCCCC=CCCCCCCCCCCC)COC(=O)CCCCCCCCCC=CCCCCCC,[M+NH4]+,TG 18:1_18:1_18:1,TG 18:1(11)_18:1(6)_18:1(6),0.7969999999999988,0.46146000000004506,0.00524882283223372,0.40112441141611627,All,Some,0.0,0.0,0.0,8410.403984504705,0.0,0.0,35757.85724428456,0.0,0.0,34693.958788635646,0.0,0.0,0.0,0.0,0.0,0.0,0.0,0.0
17915,20.076,902.81362,902.81712,3.876754131590817,C57H104O6,CCCCCCC=CCCCCCCCCCC(=O)OC(COC(=O)CCCCCCCCCC=CCCCCCC)COC(=O)CCCCCCCCCC=CCCCCCC,[M+NH4]+,TG 18:1_18:1_18:1,TG 18:1(11)_18:1(11)_18:1(11),0.7839999999999989,0.07432000000005701,0.0,0.39199999999999946,All,None,0.0,0.0,0.0,6347.980077476481,0.0,0.0,19093.754437449705,0.0,0.0,13530.20605682173,0.0,0.0,0.0,0.0,0.0,0.0,0.0,0.0
17930,20.092,926.81612,926.81712,1.078961510864236,C59H104O6,CCCCCCCCCCCC=CCCCCC(=O)OC(COC(=O)CCCC=CCC=CCC=CCCCCCCCC)COC(=O)CCCCC=CCCCCCCCCCCC,[M+NH4]+,TG 18:1_18:1_20:3,"TG 18:1(6)_18:1(6)_20:3(5,8,11)",0.9245000000000001,0.8440724999999816,0.12978361337199798,0.5271418066859991,Some,Some,119803.56207438449,0.0,0.0,92922.50093597903,0.0,162841.1718761965,89793.25617945421,0.0,219849.35548998287,270815.33656721376,360771.2532865907,211581.077175065,264190.50471768755,198631.1457656487,436048.5933503836,170408.68187389759,184929.76091612392,174802.35672201397
17930,20.092,926.81612,926.81712,1.078961510864236,C59H104O6,CCCCCCCCC=CCCCCCCCC(=O)OC(COC(=O)CCCC=CCC=CCC=CCCCCCCCC)COC(=O)CCCCC=CCCCCCCCCCCC,[M+NH4]+,TG 18:1_18:1_20:3,"TG 18:1(6)_18:1(9)_20:3(5,8,11)",0.9245000000000001,0.8440724999999816,0.12978361337199798,0.5271418066859991,Some,Some,35589.31377684652,0.0,0.0,34000.74878322725,0.0,97139.68482472397,75949.7785397914,0.0,129150.48920639849,208638.66923605115,253689.74583698512,142347.04692166875,178153.3622884529,117802.03595408272,94923.273657289,131833.53762444318,119716.77083788627,73395.9292983396
17930,20.092,926.81612,926.81712,1.078961510864236,C59H104O6,CCCCCCCCC=CCCCCCCCC(=O)OC(COC(=O)CCCC=CCC=CCC=CCCCCCCCC)COC(=O)CCCCCCCC=CCCCCCCCC,[M+NH4]+,TG 18:1_18:1_20:3,"TG 18:1(9)_18:1(9)_20:3(5,8,11)",0.8999999999999986,0.8689349999999649,0.13269590806985224,0.5163479540349254,Some,Some,119803.56207438449,0.0,0.0,92922.50093597903,0.0,162841.1718761965,89793.25617945421,0.0,219849.35548998287,282914.9223647197,320525.8545135846,211581.077175065,264190.50471768755,198631.1457656487,436048.5933503836,170408.68187389759,178443.2886052712,174802.35672201397
17930,20.092,926.81612,926.81712,1.078961510864236,C59H104O6,CCCCCCCCC=CCCCCCCCC(=O)OC(COC(=O)CCCCCCC=CCC=CCC=CCCCCC)COC(=O)CCCCC=CCCCCCCCCCCC,[M+NH4]+,TG 18:1_18:1_20:3,"TG 18:1(6)_18:1(9)_20:3(8,11,14)",0.9391999999999981,0.7242340000000013,0.08812100430619071,0.5136605021530944,Some,Some,0.0,0.0,0.0,74956.19618120554,0.0,123217.45256290487,72373.19617088155,0.0,190692.65413884143,186308.28183489494,192243.64592462755,166796.41583967625,124681.74329788827,97152.2633744856,383017.9028132992,82980.05919459475,125354.34241007037,145212.31922870915
17930,20.092,926.81612,926.81712,1.078961510864236,C59H104O6,CCCCCCCCCCCC=CCCCCC(=O)OC(COC(=O)CCCCCCC=CCC=CCC=CCCCCC)COC(=O)CCCCC=CCCCCCCCCCCC,[M+NH4]+,TG 18:1_18:1_20:3,"TG 18:1(6)_18:1(6)_20:3(8,11,14)",0.9387999999999976,0.5593300000000226,0.08812100430619071,0.5134605021530942,Some,Some,0.0,0.0,0.0,0.0,0.0,15863.975374060066,18009.14416345192,0.0,0.0,12099.585797505923,0.0,0.0,13303.878987569266,0.0,0.0,39463.063170797344,18066.349053717382,0.0
17930,20.092,926.81612,926.81712,1.078961510864236,C59H104O6,CCCCCCCCCCCC=CCCCCC(=O)OC(COC(=O)CCCCCCCCCC=CCC=CCC=CCC)COC(=O)CCCCC=CCCCCCCCCCCC,[M+NH4]+,TG 18:1_18:1_20:3,"TG 18:1(6)_18:1(6)_20:3(11,14,17)",0.8624000000000009,0.38116400000003525,0.15874265406507007,0.5105713270325355,Some,Some,0.0,0.0,0.0,74956.19618120554,0.0,123217.45256290487,72373.19617088155,0.0,190692.65413884143,186308.28183489494,192243.64592462755,166796.41583967625,124681.74329788827,97152.2633744856,383017.9028132992,82980.05919459475,125354.34241007037,145212.31922870915
17930,20.092,926.81612,926.81712,1.078961510864236,C59H104O6,CCCCCCCCC=CCCCCCCCC(=O)OC(COC(=O)CCCCCCC=CCC=CCC=CCCCCC)COC(=O)CCCCCCCC=CCCCCCCCC,[M+NH4]+,TG 18:1_18:1_20:3,"TG 18:1(9)_18:1(9)_20:3(8,11,14)",0.9484999999999975,0.688612500000005,0.05115952261178254,0.49982976130588996,Some,Some,0.0,0.0,0.0,0.0,0.0,15863.975374060066,18009.14416345192,0.0,0.0,12099.585797505923,0.0,0.0,13303.878987569266,0.0,65498.72122762148,25758.617596938624,6399.405568425193,0.0
17930,20.092,926.81612,926.81712,1.078961510864236,C59H104O6,CCCCCCC=CCCCCCCCCCC(=O)OC(COC(=O)CCCCCCCCCC=CCC=CCC=CCC)COC(=O)CCCCCCCCCC=CCCCCCC,[M+NH4]+,TG 18:1_18:1_20:3,"TG 18:1(11)_18:1(11)_20:3(11,14,17)",0.8644000000000005,0.23171800000004622,0.11154926784830539,0.48797463392415297,Some,Some,119803.56207438449,0.0,0.0,92922.50093597903,0.0,168469.62341302054,96315.2593227604,0.0,219849.35548998287,270815.33656721376,320525.8545135846,232504.09480682143,264190.50471768755,198631.1457656487,520997.4424552429,170408.68187389759,178443.2886052712,188281.0926620247
17930,20.092,926.81612,926.81712,1.078961510864236,C59H104O6,CCCCCCCCC=CCCCCCCCC(=O)OC(COC(=O)CCCCCCCCCC=CCC=CCC=CCC)COC(=O)CCCCCCCC=CCCCCCCCC,[M+NH4]+,TG 18:1_18:1_20:3,"TG 18:1(9)_18:1(9)_20:3(11,14,17)",0.8512000000000001,0.3881200000000263,0.11154926784830539,0.48137463392415275,Some,Some,0.0,0.0,0.0,53319.35604642455,0.0,55053.06522504862,31852.62180311473,0.0,89916.13604596986,0.0,0.0,67470.85461027073,0.0,0.0,65498.72122762148,5399.264552004544,59292.45159316404,67814.8901981789
17930,20.092,926.81612,926.81712,1.078961510864236,C59H104O6,CCCCCCCCCCCC=CCCCCC(=O)OC(COC(=O)CCCCCCC=CCC=CCC=CCCCCC)COC(=O)CCCCCCCCCC=CCCCCCC,[M+NH4]+,TG 18:1_18:1_20:3,"TG 18:1(11)_18:1(6)_20:3(8,11,14)",0.8962857142857124,0.43704285714287444,0.06294357450442194,0.4796146443950672,Some,Some,0.0,0.0,0.0,0.0,0.0,21492.426910884118,24531.147306758106,0.0,0.0,0.0,0.0,20923.01763175643,13303.878987569266,0.0,84948.84910485933,20359.35304493408,0.0,13478.735940010714
17960,20.119,926.817,926.81712,0.1294753813331476,C59H104O6,CCCCCCCCCCCCCCCC(=O)OC(COC(=O)CCCCCCCC=CCC=CCC=CCC=CCC=CCC)COC(=O)CCCCCCCCCCCCCCC,[M+NH4]+,TG 16:0_16:0_24:5,"TG 16:0_16:0_24:5(9,12,15,18,21)",0.8542222222222224,0.616263333333336,0.08101100174265458,0.46761661198243853,All,Some,0.0,0.0,0.0,0.0,0.0,0.0,169026.40845070418,0.0,0.0,0.0,0.0,0.0,0.0,0.0,0.0,0.0,0.0,0.0
17960,20.119,926.817,926.81712,0.1294753813331476,C59H104O6,CCCCCCCCCCCCCCCC(=O)OC(COC(=O)CCCCC=CCC=CCC=CCC=CCC=CCCCCC)COC(=O)CCCCCCCCCCCCCCC,[M+NH4]+,TG 16:0_16:0_24:5,"TG 16:0_16:0_24:5(6,9,12,15,18)",0.8577777777777784,0.6074311111111557,0.016778747154426652,0.4372782624661025,All,Some,0.0,0.0,0.0,0.0,0.0,0.0,419973.59154929576,0.0,0.0,0.0,0.0,0.0,0.0,0.0,0.0,0.0,0.0,0.0
17978,20.133,952.83173,952.83277,1.0914821915592279,C61H106O6,CCCCCCCCCCCC=CCCCCC(=O)OC(COC(=O)CCCCCCCC=CCC=CCC=CCC=CCC=CCC)COC(=O)CCCCCCCCCCCCCCC,[M+NH4]+,TG 16:0_18:1_24:5,"TG 16:0_18:1(6)_24:5(9,12,15,18,21)",0.9425000000000008,0.6879950000000008,0.24893297975153725,0.595716489875769,Some,Some,82582.53851797504,110527.83664033904,69990.41752224503,79203.44827586207,63002.07684319835,356294.933484291,346982.6644502494,87198.90260631002,321060.99656357383,445943.5141804319,443235.9865751641,330697.91006966436,313462.46390760347,341201.2012012012,755632.1125010588,296812.4779713882,332564.8049912116,307958.3464815399
17978,20.133,952.83173,952.83277,1.0914821915592279,C61H106O6,CCCCCCC=CCCCCCCCCCC(=O)OC(COC(=O)CCCCCCCC=CCC=CCC=CCC=CCC=CCC)COC(=O)CCCCCCCCCCCCCCC,[M+NH4]+,TG 16:0_18:1_24:5,"TG 16:0_18:1(11)_24:5(9,12,15,18,21)",0.8822500000000009,0.6959512500000073,0.24896627812004446,0.5656081390600227,All,Some,59040.35216434336,89778.07744172605,57100.61601642711,55051.72413793104,43961.05919003117,313654.11831304844,403545.95108050335,74310.01371742114,319182.41695303546,456114.50032319396,593794.5198617443,346976.5674477517,343659.7690086622,314686.4511570394,913227.3458899272,284292.4530579335,248979.43025446948,305667.40296623536
17978,20.133,952.83173,952.83277,1.0914821915592279,C61H106O6,CCCCCCCCC=CCCCCCCCC(=O)OC(COC(=O)CCCCCCCC=CCC=CCC=CCC=CCC=CCC)COC(=O)CCCCCCCCCCCCCCC,[M+NH4]+,TG 16:0_18:1_24:5,"TG 16:0_18:1(9)_24:5(9,12,15,18,21)",0.9313333333333335,0.7485716666666917,0.18533573848195006,0.5583345359076418,Some,Some,36977.256052824654,42147.94837218262,20599.58932238193,31965.517241379315,27025.960539979234,161318.99235776963,172704.82070767038,27793.324188385923,152869.41580756012,227920.6122285288,195882.3824074538,135655.4781507283,152670.8373435996,166673.73255608554,343409.48239347135,139141.21004070164,165151.77906921506,158699.90533291255
17978,20.133,952.83173,952.83277,1.0914821915592279,C61H106O6,CCCCCCC=CCCCCCCCCCC(=O)OC(COC(=O)CCCCC=CCC=CCC=CCC=CCC=CCCCCC)COC(=O)CCCCCCCCCCCCCCC,[M+NH4]+,TG 16:0_18:1_24:5,"TG 16:0_18:1(11)_24:5(6,9,12,15,18)",0.820909090909091,0.5103890909090917,0.13160336125592442,0.47625622608250767,All,Some,0.0,0.0,0.0,0.0,0.0,40297.19784885367,99100.45119924011,0.0,95220.5040091638,150387.1250831576,242248.15909432457,74158.32805573147,97750.24061597689,38127.5393040099,345753.2544545788,84782.51423108677,13163.687035834746,47693.27863679394
17978,20.133,952.83173,952.83277,1.0914821915592279,C61H106O6,CCCCCCCCC=CCCCCCCCC(=O)OC(COC(=O)CCCCC=CCC=CCC=CCC=CCC=CCCCCC)COC(=O)CCCCCCCCCCCCCCC,[M+NH4]+,TG 16:0_18:1_24:5,"TG 16:0_18:1(9)_24:5(6,9,12,15,18)",0.8380000000000001,0.38540999999999315,0.07099014746831417,0.4544950737341571,Some,Some,36977.256052824654,42147.94837218262,20599.58932238193,31965.517241379315,27025.960539979234,161318.99235776963,172704.82070767038,27793.324188385923,165315.00572737682,241669.8042435137,227140.20938736663,135655.4781507283,162596.24639076032,166673.73255608554,385597.37949340633,139141.21004070164,171862.83669300567,158699.90533291255
17978,20.133,952.83173,952.83277,1.0914821915592279,C61H106O6,CCCCCCCCCCCC=CCCCCC(=O)OC(COC(=O)CCCCC=CCC=CCC=CCC=CCC=CCCCCC)COC(=O)CCCCCCCCCCCCCCC,[M+NH4]+,TG 16:0_18:1_24:5,"TG 16:0_18:1(6)_24:5(6,9,12,15,18)",0.8177142857142863,0.3114728571428519,0.08113159710664476,0.44942294141046546,Some,Some,8422.59721203228,21398.189173569637,7709.787816563997,7813.793103448277,7984.942886812046,117115.76563826778,184961.29185466634,14904.43529949703,176351.66093928978,287964.4439411739,377698.7426739469,166856.23812539582,179860.4427333975,112637.34322557852,576380.425267557,145830.13465818836,88277.46195626356,121281.16124960556
17993,20.136,822.75326,822.75452,1.5314409940914542,C51H96O6,CCCCCCCCCCCCCCCC(=O)OC(COC(=O)CCCCCCCC=CCCCCCC)COC(=O)CCCCCCCCCCCCCCC,[M+NH4]+,TG 16:0_16:0_16:1,TG 16:0_16:0_16:1(9),0.8320000000000007,0.5097099999999841,0.10465743025929619,0.46832871512964847,All,Some,10000.0,0.0,0.0,0.0,0.0,13900.0,0.0,0.0,0.0,0.0,0.0,9100.0,0.0,0.0,8156.679223413505,0.0,0.0,0.0
17993,20.136,822.75326,822.75452,1.5314409940914542,C51H96O6,CCCCCCCCCCCCCCCC(=O)OC(COC(=O)CCCCCC=CCCCCCCCC)COC(=O)CCCCCCCCCCCCCCC,[M+NH4]+,TG 16:0_16:0_16:1,TG 16:0_16:0_16:1(7),0.8009999999999984,0.5095749999999839,0.0,0.4004999999999992,All,None,0.0,0.0,0.0,0.0,0.0,0.0,0.0,0.0,0.0,0.0,0.0,0.0,0.0,0.0,930.6867574616056,0.0,0.0,0.0
17993,20.136,822.75326,822.75452,1.5314409940914542,C51H96O6,CCCCCCCCCCCCCCCC(=O)OC(COC(=O)CCCCC=CCCCCCCCCC)COC(=O)CCCCCCCCCCCCCCC,[M+NH4]+,TG 16:0_16:0_16:1,TG 16:0_16:0_16:1(6),0.45000000000000284,0.5098800000000097,0.0,0.22500000000000142,All,None,0.0,0.0,0.0,0.0,0.0,0.0,0.0,0.0,0.0,0.0,0.0,0.0,0.0,0.0,1012.6340191248916,0.0,0.0,0.0
18000,20.138,954.83856,954.84842,10.326246337615881,C61H108O6,CCCCCCCCCCCCCCCCCC(=O)OC(COC(=O)CCCCCCCC=CCC=CCC=CCC=CCC=CCC)COC(=O)CCCCCCCCCCCCCCC,[M+NH4]+,TG 16:0_18:0_24:5,"TG 16:0_18:0_24:5(9,12,15,18,21)",0.8852499999999992,0.41689999999998406,0.111929459006879,0.4985897295034391,All,Some,28053.90334572491,0.0,0.0,0.0,0.0,0.0,169418.4294871795,0.0,278616.4383561644,384498.6042516642,278498.9533987,89702.22675010916,122022.9600535482,170753.7703016241,679776.5363128491,159378.97683889032,67779.5997106342,68258.93468437628
18000,20.138,954.83856,954.84842,10.326246337615881,C61H108O6,CCCCCCCCCCCCCCCCCC(=O)OC(COC(=O)CCCCC=CCC=CCC=CCC=CCC=CCCCCC)COC(=O)CCCCCCCCCCCCCCC,[M+NH4]+,TG 16:0_18:0_24:5,"TG 16:0_18:0_24:5(6,9,12,15,18)",0.882749999999997,0.6890425000000278,0.02749144577443758,0.4551207228872173,All,Some,10946.096654275094,0.0,0.0,0.0,0.0,0.0,101581.57051282052,0.0,22383.561643835616,125501.39574833587,102501.04660129998,154297.77324989086,142977.03994645178,58246.22969837587,165223.46368715086,40621.02316110969,169220.40028936582,130741.0653156237
18061,20.183,848.77005,848.77017,0.14138102902236732,C53H98O6,CCCCCCCCC=CCCCCCC(=O)OC(COC(=O)CCCCCCCC=CCCCCCCCC)COC(=O)CCCCCCCCCCCCCCC,[M+NH4]+,TG 16:0_16:1_18:1,TG 16:0_16:1(7)_18:1(9),0.8660000000000032,0.8885349999999903,0.0,0.4330000000000016,All,None,1095.043310875842,1869.0638297872338,0.0,0.0,0.0,0.0,0.0,0.0,0.0,0.0,0.0,0.0,0.0,0.0,0.0,0.0,0.0,0.0
18061,20.183,848.77005,848.77017,0.14138102902236732,C53H98O6,CCCCCCCCC=CCCCCCC(=O)OC(COC(=O)CCCCC=CCCCCCCCCCCC)COC(=O)CCCCCCCCCCCCCCC,[M+NH4]+,TG 16:0_16:1_18:1,TG 16:0_16:1(7)_18:1(6),0.8360000000000009,0.883576666666651,0.0,0.4180000000000004,Some,None,1874.9278152069296,0.0,0.0,0.0,0.0,0.0,0.0,0.0,0.0,0.0,0.0,0.0,0.0,0.0,0.0,0.0,0.0,0.0
18061,20.183,848.77005,848.77017,0.14138102902236732,C53H98O6,CCCCCCCCC=CCCCCCC(=O)OC(COC(=O)CCCCCCCCCC=CCCCCCC)COC(=O)CCCCCCCCCCCCCCC,[M+NH4]+,TG 16:0_16:1_18:1,TG 16:0_16:1(7)_18:1(11),0.8255000000000017,0.8995399999999734,0.005184653881796118,0.4153423269408989,All,Some,0.0,550.936170212766,0.0,0.0,0.0,0.0,0.0,0.0,0.0,0.0,0.0,0.0,0.0,0.0,0.0,0.0,0.0,0.0
18061,20.183,848.77005,848.77017,0.14138102902236732,C53H98O6,CCCCCCC=CCCCCCCCC(=O)OC(COC(=O)CCCCCCCC=CCCCCCCCC)COC(=O)CCCCCCCCCCCCCCC,[M+NH4]+,TG 16:0_16:1_18:1,TG 16:0_16:1(9)_18:1(9),0.8255000000000017,0.8995399999999734,0.005184653881796118,0.4153423269408989,All,Some,1095.043310875842,2420.0,0.0,0.0,0.0,0.0,0.0,0.0,0.0,0.0,0.0,0.0,0.0,0.0,0.0,0.0,0.0,0.0
18061,20.183,848.77005,848.77017,0.14138102902236732,C53H98O6,CCCCCCCCCC=CCCCCC(=O)OC(COC(=O)CCCCCCCC=CCCCCCCCC)COC(=O)CCCCCCCCCCCCCCC,[M+NH4]+,TG 16:0_16:1_18:1,TG 16:0_16:1(6)_18:1(9),0.8150000000000013,0.8814674999999568,0.013309771559193932,0.4141548857795976,All,Some,1874.9278152069296,550.936170212766,0.0,0.0,0.0,0.0,0.0,0.0,0.0,0.0,0.0,0.0,0.0,0.0,0.0,0.0,0.0,0.0
18061,20.183,848.77005,848.77017,0.14138102902236732,C53H98O6,CCCCCCC=CCCCCCCCC(=O)OC(COC(=O)CCCCCCCCCC=CCCCCCC)COC(=O)CCCCCCCCCCCCCCC,[M+NH4]+,TG 16:0_16:1_18:1,TG 16:0_16:1(9)_18:1(11),0.7850000000000001,0.9105449999999564,0.010369307763592236,0.3976846538817962,All,Some,0.0,550.936170212766,0.0,0.0,0.0,0.0,0.0,0.0,0.0,0.0,0.0,0.0,0.0,0.0,0.0,0.0,0.0,0.0
18061,20.183,848.77005,848.77017,0.14138102902236732,C53H98O6,CCCCCCCCCC=CCCCCC(=O)OC(COC(=O)CCCCCCCCCC=CCCCCCC)COC(=O)CCCCCCCCCCCCCCC,[M+NH4]+,TG 16:0_16:1_18:1,TG 16:0_16:1(6)_18:1(11),0.7744999999999997,0.8924724999999398,0.018494425440990052,0.3964972127204949,All,Some,1095.043310875842,1869.0638297872338,0.0,0.0,0.0,0.0,0.0,0.0,0.0,0.0,0.0,0.0,0.0,0.0,0.0,0.0,0.0,0.0
18061,20.183,848.77005,848.77017,0.14138102902236732,C53H98O6,CCCCCCC=CCCCCCCCC(=O)OC(COC(=O)CCCCC=CCCCCCCCCCCC)COC(=O)CCCCCCCCCCCCCCC,[M+NH4]+,TG 16:0_16:1_18:1,TG 16:0_16:1(9)_18:1(6),0.7819999999999988,0.8982499999999618,0.006912871842394824,0.39445643592119684,Some,Some,2969.971126082772,1869.0638297872338,0.0,0.0,0.0,0.0,0.0,0.0,0.0,0.0,0.0,0.0,0.0,0.0,0.0,0.0,0.0,0.0
18061,20.183,848.77005,848.77017,0.14138102902236732,C53H98O6,CCCCCCCCCC=CCCCCC(=O)OC(COC(=O)CCCCC=CCCCCCCCCCCC)COC(=O)CCCCCCCCCCCCCCC,[M+NH4]+,TG 16:0_16:1_18:1,TG 16:0_16:1(6)_18:1(6),0.7679999999999984,0.874153333333273,0.017746362078925243,0.3928731810394617,Some,Some,1095.043310875842,2420.0,0.0,0.0,0.0,0.0,0.0,0.0,0.0,0.0,0.0,0.0,0.0,0.0,0.0,0.0,0.0,0.0
18063,20.19,978.84732,978.84842,1.1237695005575408,C63H108O6,CCCCCCCCC=CCCCCCCCC(=O)OC(COC(=O)CCCCC=CCC=CCC=CCC=CCC=CCCCCC)COC(=O)CCCCCCCC=CCCCCCCCC,[M+NH4]+,TG 18:1_18:1_24:5,"TG 18:1(9)_18:1(9)_24:5(6,9,12,15,18)",0.8566666666666656,0.7371399999999729,0.1733922070450157,0.5150294368558407,Some,Some,11962.964266854426,14520.455811417802,0.0,4545.9096756249355,11174.391355292277,44978.73499096803,41071.65478484697,11668.163603703191,50281.09843929643,59159.78560447627,59328.06375581107,39844.05386897968,43849.44837866552,38707.638279192266,80174.39082656473,43625.39673890833,32157.071282579993,32380.68348250611
18063,20.19,978.84732,978.84842,1.1237695005575408,C63H108O6,CCCCCCCCCCCC=CCCCCC(=O)OC(COC(=O)CCCCC=CCC=CCC=CCC=CCC=CCCCCC)COC(=O)CCCCC=CCCCCCCCCCCC,[M+NH4]+,TG 18:1_18:1_24:5,"TG 18:1(6)_18:1(6)_24:5(6,9,12,15,18)",0.8551999999999993,0.7374479999999949,0.15847035710592028,0.5068351785529598,Some,Some,7320.542158070762,11098.93691408796,0.0,3927.750930014254,6791.140476500455,45341.96684730635,48720.77948330929,6583.149094928837,61572.13463546141,62899.20086423003,57640.95685804695,43678.06436886556,34230.389602345174,44028.9727831431,92960.08339486601,34537.82130743348,42290.37567601787,38260.50447518308
18063,20.19,978.84732,978.84842,1.1237695005575408,C63H108O6,CCCCCCC=CCCCCCCCCCC(=O)OC(COC(=O)CCCCC=CCC=CCC=CCC=CCC=CCCCCC)COC(=O)CCCCCCCCCC=CCCCCCC,[M+NH4]+,TG 18:1_18:1_24:5,"TG 18:1(11)_18:1(11)_24:5(6,9,12,15,18)",0.8547499999999992,0.7869912499999572,0.1585090366164404,0.5066295183082198,Some,Some,43381.37651821863,54226.874622231175,0.0,17013.17317386921,39756.93269105585,178754.36988630326,199235.2061237416,40382.409838330794,238011.4442785215,243894.35342021802,230385.06113838495,210468.11230312713,171626.80153885725,189366.11062335383,274781.9571732615,175223.2226778003,175478.64778338492,166181.33441822624
18063,20.19,978.84732,978.84842,1.1237695005575408,C63H108O6,CCCCCCCCC=CCCCCCCCC(=O)OC(COC(=O)CCCCC=CCC=CCC=CCC=CCC=CCCCCC)COC(=O)CCCCC=CCCCCCCCCCCC,[M+NH4]+,TG 18:1_18:1_24:5,"TG 18:1(6)_18:1(9)_24:5(6,9,12,15,18)",0.8522857142857134,0.6675857142856947,0.1486218917528706,0.500453803019292,Some,Some,7320.542158070762,11098.936914087963,0.0,3927.750930014254,6791.140476500455,44048.507066199134,48720.77948330929,6583.149094928837,61572.13463546141,62899.20086423003,57640.95685804695,43678.06436886556,32543.8408680512,42174.7146619842,87487.51248751247,34537.82130743348,42290.37567601788,36816.0130187144
18063,20.19,978.84732,978.84842,1.1237695005575408,C63H108O6,CCCCCCCCC=CCCCCCCCC(=O)OC(COC(=O)CCCCC=CCC=CCC=CCC=CCC=CCCCCC)COC(=O)CCCCCCCCCC=CCCCCCC,[M+NH4]+,TG 18:1_18:1_24:5,"TG 18:1(11)_18:1(9)_24:5(6,9,12,15,18)",0.8235999999999997,0.7786719999999946,0.14602745963763944,0.48481372981881954,Some,Some,49164.86534060905,60327.37001789587,0.0,18990.856308451832,45241.57010805884,200016.72245244926,221937.65750710887,45760.32886555202,264664.5874905843,270355.9962882429,252619.11893011077,235781.05455375483,190375.328730766,212544.3371378402,307727.81566259824,195194.07173311897,194936.748240997,186089.3897477624
18063,20.19,978.84732,978.84842,1.1237695005575408,C63H108O6,CCCCCCCCCCCC=CCCCCC(=O)OC(COC(=O)CCCCC=CCC=CCC=CCC=CCC=CCCCCC)COC(=O)CCCCCCCCCC=CCCCCCC,[M+NH4]+,TG 18:1_18:1_24:5,"TG 18:1(11)_18:1(6)_24:5(6,9,12,15,18)",0.8191111111111111,0.7834577777777869,0.13469701551510016,0.4769040633131056,Some,Some,6533.779264214047,9637.37155860009,0.0,3706.828216806314,6791.140476500455,39530.25714589311,43021.61637669636,6583.149094928837,61572.13463546141,53295.98493137404,47596.52572500096,38403.65213421594,30939.163431538487,37838.45478489903,81978.13056508708,29746.495756766693,38150.81303018793,33491.83075671278
18063,20.19,978.84732,978.84842,1.1237695005575408,C63H108O6,CCCCCCCCCCCC=CCCCCC(=O)OC(COC(=O)CCCCCCCC=CCC=CCC=CCC=CCC=CCC)COC(=O)CCCCCCCCCC=CCCCCCC,[M+NH4]+,TG 18:1_18:1_24:5,"TG 18:1(11)_18:1(6)_24:5(9,12,15,18,21)",0.8519999999999985,0.6066537500000209,0.08696481940649205,0.4694824097032453,Some,Some,2401.97148389368,3492.077224836152,0.0,1017.5190348711888,2211.691186043484,15335.471788332807,7630.284489845424,2597.726958684537,10616.273076872249,21305.970666038807,26859.635643873786,2563.067792741383,16292.388258470917,5485.513608428446,31031.685705598742,15783.683644140523,2889.069763235481,3629.7477624084627
18063,20.19,978.84732,978.84842,1.1237695005575408,C63H108O6,CCCCCCCCC=CCCCCCCCC(=O)OC(COC(=O)CCCCCCCC=CCC=CCC=CCC=CCC=CCC)COC(=O)CCCCCCCCCC=CCCCCCC,[M+NH4]+,TG 18:1_18:1_24:5,"TG 18:1(11)_18:1(9)_24:5(9,12,15,18,21)",0.8633333333333321,0.5437522222222368,0.07390986506482901,0.46862159919908053,Some,Some,3543.03819750044,5017.481067115446,0.0,1979.8073914403924,2849.336023955214,25798.321113590482,27996.55000471679,2890.631477131408,28171.360230471382,27654.280293062617,27742.294219525214,25831.91052271171,18060.808290546152,21526.777875329233,45903.33579464014,15842.421435479695,21980.64644491472,25074.890154597237
18063,20.19,978.84732,978.84842,1.1237695005575408,C63H108O6,CCCCCCCCCCCC=CCCCCC(=O)OC(COC(=O)CCCCCCCC=CCC=CCC=CCC=CCC=CCC)COC(=O)CCCCC=CCCCCCCCCCCC,[M+NH4]+,TG 18:1_18:1_24:5,"TG 18:1(6)_18:1(6)_24:5(9,12,15,18,21)",0.858333333333332,0.37004500000004253,0.07799991743175126,0.4681666253825416,Some,Some,8185.460306284105,9987.923249226684,0.0,2995.202169453812,7696.328603046478,36597.824354478806,30332.73587321267,7975.645985905761,37269.416288935,47767.61353406368,49093.69343559959,27876.010043369093,35040.91545037967,28663.740122914835,63977.54419493549,35754.5326994592,23479.081881816703,23537.803091944676
18063,20.19,978.84732,978.84842,1.1237695005575408,C63H108O6,CCCCCCC=CCCCCCCCCCC(=O)OC(COC(=O)CCCCCCCC=CCC=CCC=CCC=CCC=CCC)COC(=O)CCCCCCCCCC=CCCCCCC,[M+NH4]+,TG 18:1_18:1_24:5,"TG 18:1(11)_18:1(11)_24:5(9,12,15,18,21)",0.8568888888888877,0.5483077777777984,0.0773020616946596,0.46709547529177364,Some,Some,8185.460306284105,9592.572620500847,0.0,2995.202169453812,7696.328603046478,36597.824354478806,30332.73587321267,7975.645985905761,37269.416288935,47767.61353406368,49093.69343559959,27876.010043369093,35040.91545037967,28663.740122914835,63977.54419493549,35754.5326994592,22347.170220847576,23537.803091944676
18091,20.233,952.83251,952.83277,0.2728705479196356,C61H106O6,CCCCCCC=CCCCCCCCCCC(=O)OC(COC(=O)CCCCCCCC=CCC=CCC=CCC=CCC=CCC)COC(=O)CCCCCCCCCCCCCCC,[M+NH4]+,TG 16:0_18:1_24:5,"TG 16:0_18:1(11)_24:5(9,12,15,18,21)",0.829,0.8064449999999738,0.22704076621603103,0.5280203831080155,All,Some,0.0,0.0,0.0,0.0,3456.7759790501127,0.0,0.0,0.0,0.0,0.0,0.0,0.0,0.0,0.0,0.0,0.0,0.0,0.0
18091,20.233,952.83251,952.83277,0.2728705479196356,C61H106O6,CCCCCCCCC=CCCCCCCCC(=O)OC(COC(=O)CCCCCCCC=CCC=CCC=CCC=CCC=CCC)COC(=O)CCCCCCCCCCCCCCC,[M+NH4]+,TG 16:0_18:1_24:5,"TG 16:0_18:1(9)_24:5(9,12,15,18,21)",0.8112500000000002,0.792919999999981,0.22553424634705932,0.5183921231735298,Some,Some,0.0,0.0,0.0,0.0,17579.969646470658,0.0,0.0,0.0,0.0,0.0,0.0,0.0,0.0,0.0,0.0,0.0,0.0,0.0
18091,20.233,952.83251,952.83277,0.2728705479196356,C61H106O6,CCCCCCCCCCCC=CCCCCC(=O)OC(COC(=O)CCCCCCCC=CCC=CCC=CCC=CCC=CCC)COC(=O)CCCCCCCCCCCCCCC,[M+NH4]+,TG 16:0_18:1_24:5,"TG 16:0_18:1(6)_24:5(9,12,15,18,21)",0.835,0.7807137499999897,0.16846644456813675,0.5017332222840684,Some,Some,0.0,0.0,0.0,0.0,1980.6392096179025,0.0,0.0,0.0,0.0,0.0,0.0,0.0,0.0,0.0,0.0,0.0,0.0,0.0
18091,20.233,952.83251,952.83277,0.2728705479196356,C61H106O6,CCCCCCCCC=CCCCCCCCC(=O)OC(COC(=O)CCCCC=CCC=CCC=CCC=CCC=CCCCCC)COC(=O)CCCCCCCCCCCCCCC,[M+NH4]+,TG 16:0_18:1_24:5,"TG 16:0_18:1(9)_24:5(6,9,12,15,18)",0.7975000000000003,0.39465375000001757,0.11870164995708496,0.45810082497854265,Some,Some,0.0,0.0,0.0,0.0,5122.64016188549,0.0,0.0,0.0,0.0,0.0,0.0,0.0,0.0,0.0,0.0,0.0,0.0,0.0
18091,20.233,952.83251,952.83277,0.2728705479196356,C61H106O6,CCCCCCC=CCCCCCCCCCC(=O)OC(COC(=O)CCCCC=CCC=CCC=CCC=CCC=CCCCCC)COC(=O)CCCCCCCCCCCCCCC,[M+NH4]+,TG 16:0_18:1_24:5,"TG 16:0_18:1(11)_24:5(6,9,12,15,18)",0.7781818181818178,0.4562472727272858,0.128704262821865,0.45344304050184137,All,Some,0.0,0.0,0.0,0.0,3018.390667777645,0.0,0.0,0.0,0.0,0.0,0.0,0.0,0.0,0.0,0.0,0.0,0.0,0.0
18091,20.233,952.83251,952.83277,0.2728705479196356,C61H106O6,CCCCCCCCCCCC=CCCCCC(=O)OC(COC(=O)CCCCC=CCC=CCC=CCC=CCC=CCCCCC)COC(=O)CCCCCCCCCCCCCCC,[M+NH4]+,TG 16:0_18:1_24:5,"TG 16:0_18:1(6)_24:5(6,9,12,15,18)",0.8019999999999996,0.38642375000002005,0.09474526593207735,0.44837263296603846,Some,Some,0.0,0.0,0.0,0.0,17141.58433519819,0.0,0.0,0.0,0.0,0.0,0.0,0.0,0.0,0.0,0.0,0.0,0.0,0.0
18099,20.253,978.84755,978.84842,0.8887995141037239,C63H108O6,CCCCCCCCCCCC=CCCCCC(=O)OC(COC(=O)CCCCC=CCC=CCC=CCC=CCC=CCCCCC)COC(=O)CCCCC=CCCCCCCCCCCC,[M+NH4]+,TG 18:1_18:1_24:5,"TG 18:1(6)_18:1(6)_24:5(6,9,12,15,18)",0.875,0.6944587499999813,0.21382892957257998,0.54441446478629,Some,Some,0.0,0.0,0.0,7009.18487253891,0.0,0.0,0.0,0.0,0.0,0.0,0.0,0.0,0.0,0.0,0.0,0.0,0.0,0.0
18099,20.253,978.84755,978.84842,0.8887995141037239,C63H108O6,CCCCCCCCC=CCCCCCCCC(=O)OC(COC(=O)CCCCC=CCC=CCC=CCC=CCC=CCCCCC)COC(=O)CCCCCCCC=CCCCCCCCC,[M+NH4]+,TG 18:1_18:1_24:5,"TG 18:1(9)_18:1(9)_24:5(6,9,12,15,18)",0.8857499999999998,0.6069862500000056,0.1834740242514617,0.5346120121257307,Some,Some,0.0,0.0,0.0,12144.415933235809,0.0,0.0,0.0,0.0,0.0,0.0,0.0,0.0,0.0,0.0,0.0,0.0,0.0,0.0
18099,20.253,978.84755,978.84842,0.8887995141037239,C63H108O6,CCCCCCC=CCCCCCCCCCC(=O)OC(COC(=O)CCCCC=CCC=CCC=CCC=CCC=CCCCCC)COC(=O)CCCCCCCCCC=CCCCCCC,[M+NH4]+,TG 18:1_18:1_24:5,"TG 18:1(11)_18:1(11)_24:5(6,9,12,15,18)",0.8771999999999999,0.7166029999999978,0.17894519105154472,0.5280725955257723,Some,Some,0.0,0.0,0.0,11847.315283340127,0.0,0.0,0.0,0.0,0.0,0.0,0.0,0.0,0.0,0.0,0.0,0.0,0.0,0.0
18099,20.253,978.84755,978.84842,0.8887995141037239,C63H108O6,CCCCCCCCC=CCCCCCCCC(=O)OC(COC(=O)CCCCC=CCC=CCC=CCC=CCC=CCCCCC)COC(=O)CCCCC=CCCCCCCCCCCC,[M+NH4]+,TG 18:1_18:1_24:5,"TG 18:1(6)_18:1(9)_24:5(6,9,12,15,18)",0.8847999999999999,0.5920560000000024,0.171063143658064,0.5279315718290319,Some,Some,0.0,0.0,0.0,7009.18487253891,0.0,0.0,0.0,0.0,0.0,0.0,0.0,0.0,0.0,0.0,0.0,0.0,0.0,0.0
18099,20.253,978.84755,978.84842,0.8887995141037239,C63H108O6,CCCCCCCCCCCC=CCCCCC(=O)OC(COC(=O)CCCCC=CCC=CCC=CCC=CCC=CCCCCC)COC(=O)CCCCCCCCCC=CCCCCCC,[M+NH4]+,TG 18:1_18:1_24:5,"TG 18:1(11)_18:1(6)_24:5(6,9,12,15,18)",0.8793333333333333,0.6827208333333393,0.15864462125790177,0.5189889772956175,Some,Some,0.0,0.0,0.0,6712.084222643228,0.0,0.0,0.0,0.0,0.0,0.0,0.0,0.0,0.0,0.0,0.0,0.0,0.0,0.0
18099,20.253,978.84755,978.84842,0.8887995141037239,C63H108O6,CCCCCCCCC=CCCCCCCCC(=O)OC(COC(=O)CCCCC=CCC=CCC=CCC=CCC=CCCCCC)COC(=O)CCCCCCCCCC=CCCCCCC,[M+NH4]+,TG 18:1_18:1_24:5,"TG 18:1(11)_18:1(9)_24:5(6,9,12,15,18)",0.8864999999999998,0.6244058333333555,0.13840801771048958,0.5124540088552447,Some,Some,0.0,0.0,0.0,6339.000935274227,0.0,0.0,0.0,0.0,0.0,0.0,0.0,0.0,0.0,0.0,0.0,0.0,0.0,0.0
18099,20.253,978.84755,978.84842,0.8887995141037239,C63H108O6,CCCCCCCCC=CCCCCCCCC(=O)OC(COC(=O)CCCCCCCC=CCC=CCC=CCC=CCC=CCC)COC(=O)CCCCC=CCCCCCCCCCCC,[M+NH4]+,TG 18:1_18:1_24:5,"TG 18:1(6)_18:1(9)_24:5(9,12,15,18,21)",0.8766000000000005,0.4308179999999993,0.02428392425689463,0.45044196212844756,Some,Some,0.0,0.0,0.0,5606.494160531428,0.0,0.0,0.0,0.0,0.0,0.0,0.0,0.0,0.0,0.0,0.0,0.0,0.0,0.0
18099,20.253,978.84755,978.84842,0.8887995141037239,C63H108O6,CCCCCCCCCCCC=CCCCCC(=O)OC(COC(=O)CCCCCCCC=CCC=CCC=CCC=CCC=CCC)COC(=O)CCCCC=CCCCCCCCCCCC,[M+NH4]+,TG 18:1_18:1_24:5,"TG 18:1(6)_18:1(6)_24:5(9,12,15,18,21)",0.8627500000000001,0.3971574999999916,0.030354905321118286,0.4465524526605592,Some,Some,0.0,0.0,0.0,6339.000935274227,0.0,0.0,0.0,0.0,0.0,0.0,0.0,0.0,0.0,0.0,0.0,0.0,0.0,0.0
18099,20.253,978.84755,978.84842,0.8887995141037239,C63H108O6,CCCCCCCCCCCC=CCCCCC(=O)OC(COC(=O)CCCCCCCC=CCC=CCC=CCC=CCC=CCC)COC(=O)CCCCCCCCCC=CCCCCCC,[M+NH4]+,TG 18:1_18:1_24:5,"TG 18:1(11)_18:1(6)_24:5(9,12,15,18,21)",0.862166666666667,0.4336391666666657,0.025050900138123847,0.4436087834023954,Some,Some,0.0,0.0,0.0,6989.548910045804,0.0,0.0,0.0,0.0,0.0,0.0,0.0,0.0,0.0,0.0,0.0,0.0,0.0,0.0
18099,20.253,978.84755,978.84842,0.8887995141037239,C63H108O6,CCCCCCCCC=CCCCCCCCC(=O)OC(COC(=O)CCCCCCCC=CCC=CCC=CCC=CCC=CCC)COC(=O)CCCCCCCCCC=CCCCCCC,[M+NH4]+,TG 18:1_18:1_24:5,"TG 18:1(11)_18:1(9)_24:5(9,12,15,18,21)",0.8701666666666673,0.442049166666673,0.004814296590711657,0.4374904816286895,Some,Some,0.0,0.0,0.0,1203.769874577328,0.0,0.0,0.0,0.0,0.0,0.0,0.0,0.0,0.0,0.0,0.0,0.0,0.0,0.0
18124,20.276,794.58145,794.59056,11.465024200594836,C42H81O10P,CCCCCCCCC=CCCCCCCCCCCCCCCCC(=O)OC(COC(=O)CCCCCCCCC)COP(=O)(O)OCC(O)CO,[M+NH4]+,PG 10:0_26:1,PG 10:0_26:1(17),0.9140000000000015,0.7979599999999891,0.0,0.45700000000000074,Some,None,0.0,0.0,0.0,0.0,0.0,0.0,0.0,0.0,0.0,0.0,0.0,0.0,0.0,0.0,0.0,0.0,0.0,23900.0
18138,20.282,1004.8624,1004.86407,1.6619163226624953,C65H110O6,CCCCCCCCC=CCCCCCCCC(=O)OC(COC(=O)CCCCCCC=CCC=CCC=CCC=CCC=CCC=CCC)COC(=O)CCCCCCCC=CCCCCCCCC,[M+NH4]+,TG 18:1_18:1_26:6,"TG 18:1(9)_18:1(9)_26:6(8,11,14,17,20,23)",0.9610000000000003,0.4975325000000055,0.0348814031166628,0.49794070155833153,Some,Some,4772.277227722772,4104.600523244114,0.0,0.0,4635.817547357926,14448.856211722847,10765.344606802671,5526.62108513454,16689.98289298612,14585.284280936457,16736.92268435826,16773.126513146788,16325.96149103047,11870.72094512846,16354.01680870862,13123.762546997345,10512.884438540921,14851.497979335789
18138,20.282,1004.8624,1004.86407,1.6619163226624953,C65H110O6,CCCCCCCCCCCC=CCCCCC(=O)OC(COC(=O)CCCCCCC=CCC=CCC=CCC=CCC=CCC=CCC)COC(=O)CCCCC=CCCCCCCCCCCC,[M+NH4]+,TG 18:1_18:1_26:6,"TG 18:1(6)_18:1(6)_26:6(8,11,14,17,20,23)",0.9604999999999997,0.42992875000000197,0.0348814031166628,0.4976907015583312,Some,Some,14770.862800565772,18497.35560474945,0.0,0.0,15598.18045862413,39023.33233622494,34199.30885680705,17993.096603440674,63441.55103592473,53052.00341005968,49649.10873765173,41399.61150836101,42009.30660834964,35281.86605935521,42091.90139284817,36646.75244041255,28002.985593133748,37619.72795428147
18138,20.282,1004.8624,1004.86407,1.6619163226624953,C65H110O6,CCCCCCCCC=CCCCCCCCC(=O)OC(COC(=O)CCCCCCC=CCC=CCC=CCC=CCC=CCC=CCC)COC(=O)CCCCC=CCCCCCCCCCCC,[M+NH4]+,TG 18:1_18:1_26:6,"TG 18:1(6)_18:1(9)_26:6(8,11,14,17,20,23)",0.9664000000000001,0.44823100000000976,0.027905122493330242,0.49715256124666524,Some,Some,15083.451202263084,18497.35560474945,0.0,0.0,16206.355932203389,40053.02517436277,35849.98333537986,18688.729598588445,63441.55103592473,53591.842088005775,49956.18415776619,46434.46314959743,44107.667264087344,37459.64700021352,43649.70533063527,38654.09954813563,29061.377337284153,41618.82881470365
18138,20.282,1004.8624,1004.86407,1.6619163226624953,C65H110O6,CCCCCCC=CCCCCCCCCCC(=O)OC(COC(=O)CCCCCCC=CCC=CCC=CCC=CCC=CCC=CCC)COC(=O)CCCCCCCCCC=CCCCCCC,[M+NH4]+,TG 18:1_18:1_26:6,"TG 18:1(11)_18:1(11)_26:6(8,11,14,17,20,23)",0.9602000000000004,0.5792570000000069,0.027905122493330242,0.49405256124666536,Some,Some,2428.571428571429,2701.4972831555647,0.0,0.0,2248.7288135593217,8869.357809720232,7463.9956496570585,2744.08910454345,13028.321611860862,11185.585940061645,11015.34648051617,9640.420021395192,9498.396829833764,6291.972101629777,10976.766169889073,8734.883239626091,7135.2651476448345,8888.858668697463
18138,20.282,1004.8624,1004.86407,1.6619163226624953,C65H110O6,CCCCCCCCCCCC=CCCCCC(=O)OC(COC(=O)CCCCCCC=CCC=CCC=CCC=CCC=CCC=CCC)COC(=O)CCCCCCCCCC=CCCCCCC,[M+NH4]+,TG 18:1_18:1_26:6,"TG 18:1(11)_18:1(6)_26:6(8,11,14,17,20,23)",0.9646666666666673,0.5103866666666855,0.023254268744441867,0.49396046770555463,Some,Some,1885.4314002828855,797.6937009458645,0.0,0.0,1154.01296111665,4706.377820111151,2606.697423123476,1407.7415086016765,2370.2718114426916,2859.8596629287176,5320.016039077023,9077.10714486797,4461.910321127316,2626.0408511849696,6393.040190242677,4724.086785554137,3993.830591601103,7294.885783675336
18138,20.282,1004.8624,1004.86407,1.6619163226624953,C65H110O6,CCCCCCCCC=CCCCCCCCC(=O)OC(COC(=O)CCCCCCC=CCC=CCC=CCC=CCC=CCC=CCC)COC(=O)CCCCCCCCCC=CCCCCCC,[M+NH4]+,TG 18:1_18:1_26:6,"TG 18:1(11)_18:1(9)_26:6(8,11,14,17,20,23)",0.9618333333333341,0.5541616666666869,0.023254268744441867,0.492543801038888,Some,Some,3059.4059405940598,2701.4972831555647,0.0,0.0,2856.904287138584,9899.050647858054,9114.670128229865,3439.7220996912224,13028.321611860862,11725.42461800774,11322.42190063063,14675.271662631609,11596.757485571468,8469.753042488079,12534.570107676172,11116.415439274258,8193.656891795237,12726.200799306285
18165,20.293,855.74019,855.74121,1.1919491408384375,C53H100O6,CCCCCCCCCCCCCCCC(=O)OC(COC(=O)CCCCCCCCCCCCCCCC=CCCCCCCCC)COC(=O)CCCCCCC,[M+Na]+,TG 8:0_16:0_26:1,TG 8:0_16:0_26:1(17),0.9319999999999986,0.9011500000000296,0.0,0.4659999999999993,All,None,,,,322000.0,346000.0,670000.0,764000.0,,743000.0,718000.0,648000.0,711000.0,668000.0,647000.0,654000.0,627000.0,,679000.0
18199,20.304,850.78459,850.78582,1.4457222617604195,C53H100O6,CCCCCCCCCCCCCCCC(=O)OC(COC(=O)CCCCCCCC=CCCCCCCCC)COC(=O)CCCCCCCCCCCCCCC,[M+NH4]+,TG 16:0_16:0_18:1,TG 16:0_16:0_18:1(9),0.9739999999999966,0.5095150000000217,0.11864973112690622,0.5463248655634514,All,Some,3621463.4146341463,3289955.3571428573,3812048.192771084,2842751.21452314,3565904.365904366,8647609.536886781,10276503.795989878,3281532.5010761945,8619945.725915875,8378017.74537451,8236155.743217996,9202024.291497976,8255850.23400936,7975550.122249389,8467926.502321323,7688943.640283339,7023672.566371681,8549778.993896022
18199,20.304,850.78459,850.78582,1.4457222617604195,C53H100O6,CCCCCCCCCCCCCCCC(=O)OC(COC(=O)CCCCCCCCCC=CCCCCCC)COC(=O)CCCCCCCCCCCCCCC,[M+NH4]+,TG 16:0_16:0_18:1,TG 16:0_16:0_18:1(11),0.9500000000000028,0.5117399999999748,0.0,0.4750000000000014,All,None,0.0,0.0,0.0,224354.3850677576,0.0,691349.3945824491,724781.0005839985,238656.9091691778,712618.724559023,604938.4414333861,465794.7836484568,0.0,589703.5881435258,585330.0733496333,793009.8737984698,582463.812750231,649601.7699115045,609976.8469795833
18199,20.304,850.78459,850.78582,1.4457222617604195,C53H100O6,CCCCCCCCCCCCCCCC(=O)OC(COC(=O)CCCCC=CCCCCCCCCCCC)COC(=O)CCCCCCCCCCCCCCC,[M+NH4]+,TG 16:0_16:0_18:1,TG 16:0_16:0_18:1(6),0.9099999999999966,0.07640999999989617,0.011339276179435542,0.46066963808971606,Some,Some,2758536.5853658537,2490044.642857143,2967951.807228916,2382894.400409103,2834095.6340956343,9061041.06853077,9798715.203426125,2779810.5897546276,10867435.549525103,9417043.813192103,8098049.473133548,9897975.708502024,9154446.177847115,9639119.804400979,8239063.623880207,8828592.546966432,8226725.6637168145,8840244.159124395
18243,20.317,978.84797,978.84842,0.459723886565325,C63H108O6,CCCCCCCCCCCC=CCCCCC(=O)OC(COC(=O)CCCCC=CCC=CCC=CCC=CCC=CCCCCC)COC(=O)CCCCC=CCCCCCCCCCCC,[M+NH4]+,TG 18:1_18:1_24:5,"TG 18:1(6)_18:1(6)_24:5(6,9,12,15,18)",0.9540000000000006,0.5260628571428795,0.0919802428321022,0.5229901214160514,Some,Some,0.0,0.0,16373.979160799776,0.0,0.0,0.0,0.0,0.0,0.0,0.0,0.0,0.0,0.0,0.0,12590.107661101574,0.0,0.0,0.0
18243,20.317,978.84797,978.84842,0.459723886565325,C63H108O6,CCCCCCCCCCCC=CCCCCC(=O)OC(COC(=O)CCCCC=CCC=CCC=CCC=CCC=CCCCCC)COC(=O)CCCCCCCCCC=CCCCCCC,[M+NH4]+,TG 18:1_18:1_24:5,"TG 18:1(11)_18:1(6)_24:5(6,9,12,15,18)",0.9569090909090913,0.6423436363636793,0.08315449626379547,0.5200317935864434,Some,Some,0.0,0.0,13256.39725898808,0.0,0.0,0.0,0.0,0.0,0.0,0.0,0.0,0.0,0.0,0.0,8300.82696208457,0.0,0.0,0.0
18243,20.317,978.84797,978.84842,0.459723886565325,C63H108O6,CCCCCCC=CCCCCCCCCCC(=O)OC(COC(=O)CCCCC=CCC=CCC=CCC=CCC=CCCCCC)COC(=O)CCCCCCCCCC=CCCCCCC,[M+NH4]+,TG 18:1_18:1_24:5,"TG 18:1(11)_18:1(11)_24:5(6,9,12,15,18)",0.918,0.6869388888889287,0.0909714325267276,0.5044857162633638,Some,Some,0.0,0.0,18508.2324227917,0.0,0.0,0.0,0.0,0.0,0.0,0.0,0.0,0.0,0.0,0.0,13949.654132209913,0.0,0.0,0.0
18243,20.317,978.84797,978.84842,0.459723886565325,C63H108O6,CCCCCCCCC=CCCCCCCCC(=O)OC(COC(=O)CCCCC=CCC=CCC=CCC=CCC=CCCCCC)COC(=O)CCCCCCCCCC=CCCCCCC,[M+NH4]+,TG 18:1_18:1_24:5,"TG 18:1(11)_18:1(9)_24:5(6,9,12,15,18)",0.9234545454545455,0.595136363636398,0.07443117206732258,0.4989428587609341,Some,Some,0.0,0.0,20463.024500140804,0.0,0.0,0.0,0.0,0.0,0.0,0.0,0.0,0.0,0.0,0.0,13397.3058719509,0.0,0.0,0.0
18243,20.317,978.84797,978.84842,0.459723886565325,C63H108O6,CCCCCCCCCCCC=CCCCCC(=O)OC(COC(=O)CCCCCCCC=CCC=CCC=CCC=CCC=CCC)COC(=O)CCCCCCCCCC=CCCCCCC,[M+NH4]+,TG 18:1_18:1_24:5,"TG 18:1(11)_18:1(6)_24:5(9,12,15,18,21)",0.9231666666666669,0.4312983333332833,0.07185091832592409,0.4975087924962955,Some,Some,0.0,0.0,16784.811790106076,0.0,0.0,0.0,0.0,0.0,0.0,0.0,0.0,0.0,0.0,0.0,12590.107661101574,0.0,0.0,0.0
18243,20.317,978.84797,978.84842,0.459723886565325,C63H108O6,CCCCCCC=CCCCCCCCCCC(=O)OC(COC(=O)CCCCCCCC=CCC=CCC=CCC=CCC=CCC)COC(=O)CCCCCCCCCC=CCCCCCC,[M+NH4]+,TG 18:1_18:1_24:5,"TG 18:1(11)_18:1(11)_24:5(9,12,15,18,21)",0.9153999999999997,0.49704099999995605,0.07155871607664713,0.4934793580383234,Some,Some,0.0,0.0,18739.603867455175,0.0,0.0,0.0,0.0,0.0,0.0,0.0,0.0,0.0,0.0,0.0,11842.721173349975,0.0,0.0,0.0
18243,20.317,978.84797,978.84842,0.459723886565325,C63H108O6,CCCCCCCCC=CCCCCCCCC(=O)OC(COC(=O)CCCCC=CCC=CCC=CCC=CCC=CCCCCC)COC(=O)CCCCC=CCCCCCCCCCCC,[M+NH4]+,TG 18:1_18:1_24:5,"TG 18:1(6)_18:1(9)_24:5(6,9,12,15,18)",0.9217777777777785,0.5267944444444639,0.06364303966104624,0.49271040871941235,Some,Some,0.0,0.0,17412.184361212803,0.0,0.0,0.0,0.0,0.0,0.0,0.0,0.0,0.0,0.0,0.0,13178.342955219223,0.0,0.0,0.0
18243,20.317,978.84797,978.84842,0.459723886565325,C63H108O6,CCCCCCCCC=CCCCCCCCC(=O)OC(COC(=O)CCCCCCCC=CCC=CCC=CCC=CCC=CCC)COC(=O)CCCCC=CCCCCCCCCCCC,[M+NH4]+,TG 18:1_18:1_24:5,"TG 18:1(6)_18:1(9)_24:5(9,12,15,18,21)",0.9230000000000004,0.3482889999999543,0.05913732608340544,0.4910686630417029,Some,Some,0.0,0.0,10870.008448324415,0.0,0.0,0.0,0.0,0.0,0.0,0.0,0.0,0.0,0.0,0.0,7416.653664118168,0.0,0.0,0.0
18243,20.317,978.84797,978.84842,0.459723886565325,C63H108O6,CCCCCCCCC=CCCCCCCCC(=O)OC(COC(=O)CCCCCCCC=CCC=CCC=CCC=CCC=CCC)COC(=O)CCCCCCCCCC=CCCCCCC,[M+NH4]+,TG 18:1_18:1_24:5,"TG 18:1(11)_18:1(9)_24:5(9,12,15,18,21)",0.9199999999999999,0.3861408333332861,0.05963226339720593,0.48981613169860294,Some,Some,0.0,0.0,5813.949122312964,0.0,0.0,0.0,0.0,0.0,0.0,0.0,0.0,0.0,0.0,0.0,3929.890258490665,0.0,0.0,0.0
18243,20.317,978.84797,978.84842,0.459723886565325,C63H108O6,CCCCCCCCCCCC=CCCCCC(=O)OC(COC(=O)CCCCCCCC=CCC=CCC=CCC=CCC=CCC)COC(=O)CCCCC=CCCCCCCCCCCC,[M+NH4]+,TG 18:1_18:1_24:5,"TG 18:1(6)_18:1(6)_24:5(9,12,15,18,21)",0.9044999999999996,0.4959437499999666,0.0739216576042568,0.4892108288021282,Some,Some,0.0,0.0,19777.809067868206,0.0,0.0,0.0,0.0,0.0,0.0,0.0,0.0,0.0,0.0,0.0,12804.389660373434,0.0,0.0,0.0
18286,20.33,876.8001,876.80147,1.5624973803382056,C55H102O6,CCCCCCCCC=CCCCCCCCC(=O)OC(COC(=O)CCCCCCCC=CCCCCCCCC)COC(=O)CCCCCCCCCCCCCCC,[M+NH4]+,TG 16:0_18:1_18:1,TG 16:0_18:1(9)_18:1(9),0.9759999999999991,0.5069949999999608,0.15059777967395788,0.5632988898369785,All,Some,2296233.778019784,2164711.779448622,2112051.4193893946,2015814.4438587248,2253976.8339768336,3469211.9866814655,4004441.5603143694,2220940.45264777,4032593.68836292,3613256.759990428,3549201.810817251,3598248.34854895,3357552.2361117383,3420811.631944445,3802677.8811067035,3218262.7726209345,2891823.570432357,3457611.964561489
18286,20.33,876.8001,876.80147,1.5624973803382056,C55H102O6,CCCCCCC=CCCCCCCCCCC(=O)OC(COC(=O)CCCCCCCC=CCCCCCCCC)COC(=O)CCCCCCCCCCCCCCC,[M+NH4]+,TG 16:0_18:1_18:1,TG 16:0_18:1(11)_18:1(9),0.9530000000000012,0.50684499999997,0.07529888983697894,0.51414944491849,All,Some,2841292.313277066,2651645.781119466,2730905.1955008027,2466526.093832367,2813204.6332046334,5150543.840177581,5768534.140889754,2784003.5157108326,5948619.329388562,5355802.823642019,5055277.579223256,5353937.5046389075,5087883.02721242,5081061.921296297,5529538.343702355,4892430.759942646,4364975.59274756,5136064.374542794
18286,20.33,876.8001,876.80147,1.5624973803382056,C55H102O6,CCCCCCC=CCCCCCCCCCC(=O)OC(COC(=O)CCCCCCCCCC=CCCCCCC)COC(=O)CCCCCCCCCCCCCCC,[M+NH4]+,TG 16:0_18:1_18:1,TG 16:0_18:1(11)_18:1(11),0.9300000000000033,0.5066949999999792,0.0,0.46500000000000163,All,None,4588274.798076049,4546399.33166249,4681146.223888591,4049288.3500263584,4540772.200772201,7918668.146503884,9469240.752757948,4436936.936936937,9517307.692307692,8557453.936348408,8293924.231593995,8510977.510576708,7869669.208899318,7773083.043981482,8739806.204071015,7592498.679344956,6860181.311018131,8154880.923352027
18286,20.33,876.8001,876.80147,1.5624973803382056,C55H102O6,CCCCCCCCCCCC=CCCCCC(=O)OC(COC(=O)CCCCCCCC=CCCCCCCCC)COC(=O)CCCCCCCCCCCCCCC,[M+NH4]+,TG 16:0_18:1_18:1,TG 16:0_18:1(6)_18:1(9),0.8050000000000015,0.6787700000000143,0.09560685908463931,0.4503034295423204,All,Some,545058.5352572828,486934.0016708438,618853.7761114085,450711.64997364266,559227.7992277993,1681331.8534961154,1764092.5805753837,563063.0630630631,1916025.6410256412,1742546.0636515915,1506075.7684060042,1755689.1560899576,1730330.7911006818,1660250.2893518521,1726860.4625956516,1674167.9873217116,1473152.0223152025,1678452.409981305
18286,20.33,876.8001,876.80147,1.5624973803382056,C55H102O6,CCCCCCC=CCCCCCCCCCC(=O)OC(COC(=O)CCCCC=CCCCCCCCCCCC)COC(=O)CCCCCCCCCCCCCCC,[M+NH4]+,TG 16:0_18:1_18:1,TG 16:0_18:1(11)_18:1(6),0.7820000000000036,0.6786200000000235,0.020307969247660373,0.401153984623832,All,Some,2837099.5553135495,2868621.5538847125,3187948.580610605,2484185.556141276,2846023.166023166,6130788.013318534,7228891.773018962,2779059.5473522297,7400739.644970414,6686743.240009571,6250798.189182749,6668418.318117716,6242447.763888263,6012521.701388889,6663988.785559963,6048403.894045733,5441509.762900976,6375721.368771844
18286,20.33,876.8001,876.80147,1.5624973803382056,C55H102O6,CCCCCCCCCCCC=CCCCCC(=O)OC(COC(=O)CCCCC=CCCCCCCCCCCC)COC(=O)CCCCCCCCCCCCCCC,[M+NH4]+,TG 16:0_18:1_18:1,TG 16:0_18:1(6)_18:1(6),0.6340000000000039,0.8505450000000678,0.04061593849532075,0.3373079692476623,All,Some,2292041.0200562663,2381687.5522138686,2569094.8044991964,2033473.9061676336,2286795.366795367,4449456.159822419,5464799.192443578,2215996.484289167,5484714.003944773,4944197.17635798,4744722.420776745,4912729.1620277595,4512116.972787581,4352271.412037037,4937128.322964312,4374235.906724021,3968357.740585774,4697268.958790538
18325,20.337,881.75565,881.75686,1.372260375739621,C55H102O6,CCCCCCCCC=CCCCCCCCC(=O)OC(COC(=O)CCCCCCCCCCCCCCCC=CCCCCCCCC)COC(=O)CCCCCCC,[M+Na]+,TG 8:0_18:1_26:1,TG 8:0_18:1(9)_26:1(17),0.9879999999999995,0.9027499999999691,0.006017366530741699,0.4970086832653706,Some,Some,282333.3333333333,273333.3333333333,311316.83958499605,255333.3333333333,268666.6666666666,370000.00000000006,420000.0,264333.3333333333,450000.00000000006,400000.0,406666.6666666666,403333.3333333334,370000.0,373333.3333333333,393351.56743109616,360000.0,346666.6666666666,390000.00000000006
18325,20.337,881.75565,881.75686,1.372260375739621,C55H102O6,CCCCCCCCCCCC=CCCCCC(=O)OC(COC(=O)CCCCCCCCCCCCCCCC=CCCCCCCCC)COC(=O)CCCCCCC,[M+Na]+,TG 8:0_18:1_26:1,TG 8:0_18:1(6)_26:1(17),0.9879999999999995,0.8690099999999461,0.0030086832653708497,0.4955043416326852,Some,Some,282333.3333333333,273333.3333333333,268341.580207502,255333.3333333333,268666.6666666666,370000.00000000006,420000.0,264333.3333333333,450000.00000000006,400000.0,406666.6666666666,403333.3333333334,370000.0,373333.3333333333,443296.8651378077,360000.0,346666.6666666666,390000.00000000006
18325,20.337,881.75565,881.75686,1.372260375739621,C55H102O6,CCCCCCC=CCCCCCCCCCC(=O)OC(COC(=O)CCCCCCCCCCCCCCCC=CCCCCCCCC)COC(=O)CCCCCCC,[M+Na]+,TG 8:0_18:1_26:1,TG 8:0_18:1(11)_26:1(17),0.9770000000000003,0.9445500000000493,0.0030086832653708497,0.4900043416326856,Some,Some,282333.3333333333,273333.3333333333,268341.580207502,255333.3333333333,268666.6666666666,370000.00000000006,420000.0,264333.3333333333,450000.00000000006,400000.0,406666.6666666666,403333.3333333334,370000.0,373333.3333333333,393351.56743109616,360000.0,346666.6666666666,390000.00000000006
18338,20.34,952.83364,952.83277,0.9130668332949035,C61H106O6,CCCCCCCCC=CCCCCCCCC(=O)OC(COC(=O)CCCCCCCC=CCC=CCC=CCC=CCC=CCC)COC(=O)CCCCCCCCCCCCCCC,[M+NH4]+,TG 16:0_18:1_24:5,"TG 16:0_18:1(9)_24:5(9,12,15,18,21)",0.9280000000000002,0.5713459999999827,0.17854250471038835,0.5532712523551943,Some,Some,0.0,0.0,0.0,0.0,0.0,6387.467839654742,0.0,0.0,0.0,0.0,0.0,0.0,0.0,0.0,0.0,0.0,0.0,6242.385610140308
18338,20.34,952.83364,952.83277,0.9130668332949035,C61H106O6,CCCCCCCCCCCC=CCCCCC(=O)OC(COC(=O)CCCCCCCC=CCC=CCC=CCC=CCC=CCC)COC(=O)CCCCCCCCCCCCCCC,[M+NH4]+,TG 16:0_18:1_24:5,"TG 16:0_18:1(6)_24:5(9,12,15,18,21)",0.9660000000000004,0.5559879999999794,0.12008390898319173,0.543041954491596,Some,Some,0.0,0.0,0.0,0.0,0.0,13998.547597310979,0.0,0.0,0.0,0.0,0.0,0.0,0.0,0.0,0.0,0.0,0.0,13599.424112539837
18338,20.34,952.83364,952.83277,0.9130668332949035,C61H106O6,CCCCCCC=CCCCCCCCCCC(=O)OC(COC(=O)CCCCCCCC=CCC=CCC=CCC=CCC=CCC)COC(=O)CCCCCCCCCCCCCCC,[M+NH4]+,TG 16:0_18:1_24:5,"TG 16:0_18:1(11)_24:5(9,12,15,18,21)",0.8965000000000002,0.5672691666666386,0.18459767906202673,0.5405488395310135,All,Some,0.0,0.0,0.0,0.0,0.0,5875.15699781448,0.0,0.0,0.0,0.0,0.0,0.0,0.0,0.0,0.0,0.0,0.0,5757.32424808587
18338,20.34,952.83364,952.83277,0.9130668332949035,C61H106O6,CCCCCCCCC=CCCCCCCCC(=O)OC(COC(=O)CCCCC=CCC=CCC=CCC=CCC=CCCCCC)COC(=O)CCCCCCCCCCCCCCC,[M+NH4]+,TG 16:0_18:1_24:5,"TG 16:0_18:1(9)_24:5(6,9,12,15,18)",0.8158000000000001,0.6037700000000313,0.11642978757392383,0.466114893786962,Some,Some,0.0,0.0,0.0,0.0,0.0,12060.07414169917,0.0,0.0,0.0,0.0,0.0,0.0,0.0,0.0,0.0,0.0,0.0,11981.180349488954
18338,20.34,952.83364,952.83277,0.9130668332949035,C61H106O6,CCCCCCCCCCCC=CCCCCC(=O)OC(COC(=O)CCCCC=CCC=CCC=CCC=CCC=CCCCCC)COC(=O)CCCCCCCCCCCCCCC,[M+NH4]+,TG 16:0_18:1_24:5,"TG 16:0_18:1(6)_24:5(6,9,12,15,18)",0.8248000000000004,0.6662680000000136,0.10028719689305117,0.4625435984465258,Some,Some,0.0,0.0,0.0,0.0,0.0,6302.412371704428,0.0,0.0,0.0,0.0,0.0,0.0,0.0,0.0,0.0,0.0,0.0,6197.914789170972
18338,20.34,952.83364,952.83277,0.9130668332949035,C61H106O6,CCCCCCC=CCCCCCCCCCC(=O)OC(COC(=O)CCCCC=CCC=CCC=CCC=CCC=CCCCCC)COC(=O)CCCCCCCCCCCCCCC,[M+NH4]+,TG 16:0_18:1_24:5,"TG 16:0_18:1(11)_24:5(6,9,12,15,18)",0.7551666666666664,0.6439533333333524,0.13283708144830628,0.4440018740574864,All,Some,0.0,0.0,0.0,0.0,0.0,12576.341051816195,0.0,0.0,0.0,0.0,0.0,0.0,0.0,0.0,0.0,0.0,0.0,12421.770890574053
18384,20.352,904.82288,904.83277,10.930196526732301,C57H106O6,CCCCCCCCCCCC=CCCCCC(=O)OC(COC(=O)CCCCC=CCCCCCCCCCCC)COC(=O)CCCCCCCCCCCCCCCCC,[M+NH4]+,TG 18:0_18:1_18:1,TG 18:0_18:1(6)_18:1(6),0.9750000000000014,0.510029999999972,0.0020971459040158547,0.4885485729520086,All,Some,0.0,0.0,0.0,171275.1677852349,183267.71653543302,0.0,174171.8372068567,164806.8669527897,0.0,0.0,148804.78087649398,0.0,161400.304414003,0.0,176966.9088818025,155800.53077965218,0.0,0.0
18384,20.352,904.82288,904.83277,10.930196526732301,C57H106O6,CCCCCCC=CCCCCCCCCCC(=O)OC(COC(=O)CCCCC=CCCCCCCCCCCC)COC(=O)CCCCCCCCCCCCCCCCC,[M+NH4]+,TG 18:0_18:1_18:1,TG 18:0_18:1(11)_18:1(6),0.964000000000001,0.3638933333332943,0.0013980972693439031,0.48269904863467245,All,Some,0.0,0.0,0.0,404235.6450410142,451935.69553805765,0.0,681758.3342096962,415236.0515021458,0.0,0.0,600415.4809334091,0.0,588744.2922374428,0.0,682051.8584348372,577144.925115528,0.0,0.0
18384,20.352,904.82288,904.83277,10.930196526732301,C57H106O6,CCCCCCCCCCCC=CCCCCC(=O)OC(COC(=O)CCCCCCCC=CCCCCCCCC)COC(=O)CCCCCCCCCCCCCCCCC,[M+NH4]+,TG 18:0_18:1_18:1,TG 18:0_18:1(6)_18:1(9),0.9535000000000018,0.3088849999999752,0.0010485729520079274,0.47727428647600484,All,Some,0.0,0.0,0.0,353706.1894108874,364665.3543307086,0.0,402413.5029971606,349570.8154506438,0.0,0.0,378389.2999430847,0.0,375989.3455098934,0.0,424915.05044696544,345322.27233079076,0.0,0.0
18384,20.352,904.82288,904.83277,10.930196526732301,C57H106O6,CCCCCCC=CCCCCCCCCCC(=O)OC(COC(=O)CCCCCCCCCC=CCCCCCC)COC(=O)CCCCCCCCCCCCCCCCC,[M+NH4]+,TG 18:0_18:1_18:1,TG 18:0_18:1(11)_18:1(11),0.9420000000000002,0.07161999999993895,0.0,0.4710000000000001,All,None,0.0,0.0,0.0,232960.47725577923,268667.97900262463,0.0,507586.49700283946,250429.18454935623,0.0,0.0,451610.7000569151,0.0,427343.98782343976,0.0,505084.9495530347,421344.39433587587,0.0,0.0
18384,20.352,904.82288,904.83277,10.930196526732301,C57H106O6,CCCCCCC=CCCCCCCCCCC(=O)OC(COC(=O)CCCCCCCC=CCCCCCCCC)COC(=O)CCCCCCCCCCCCCCCCC,[M+NH4]+,TG 18:0_18:1_18:1,TG 18:0_18:1(11)_18:1(9),0.9353333333333348,0.09569999999996526,0.0,0.4676666666666674,All,None,0.0,0.0,0.0,415391.4988814318,450065.61679790023,0.0,735828.1627931433,435193.1330472103,0.0,0.0,681195.2191235059,0.0,641933.0289193301,0.0,753033.0911181975,610866.1358870143,0.0,0.0
18384,20.352,904.82288,904.83277,10.930196526732301,C57H106O6,CCCCCCCCC=CCCCCCCCC(=O)OC(COC(=O)CCCCCCCC=CCCCCCCCC)COC(=O)CCCCCCCCCCCCCCCCC,[M+NH4]+,TG 18:0_18:1_18:1,TG 18:0_18:1(9)_18:1(9),0.9320000000000022,0.10773999999997841,0.0,0.4660000000000011,All,None,0.0,0.0,0.0,182431.02162565253,181397.63779527557,0.0,228241.6657903039,184763.9484978541,0.0,0.0,229584.51906659076,0.0,214589.04109589037,0.0,247948.1415651629,189521.74155113855,0.0,0.0
18386,20.353,902.81565,902.81712,1.628236735298365,C57H104O6,CCCCCCCCCCCC=CCCCCC(=O)OC(COC(=O)CCCCCCCC=CCCCCCCCC)COC(=O)CCCCC=CCCCCCCCCCCC,[M+NH4]+,TG 18:1_18:1_18:1,TG 18:1(6)_18:1(6)_18:1(9),0.9800000000000004,0.8688849999999775,0.19664887381522267,0.5883244369076115,Some,Some,282128.67898699525,320866.8230588778,285304.1843901474,258012.4359114214,297838.62605314323,285656.24647331005,308738.56350407033,300296.4959568733,353166.3516068052,292338.6220386873,296952.18912329053,285696.0539078054,252841.9319993828,270861.9724046636,287569.35072724544,249341.66365467032,247994.16484318013,296787.95702689106
18386,20.353,902.81565,902.81712,1.628236735298365,C57H104O6,CCCCCCC=CCCCCCCCCCC(=O)OC(COC(=O)CCCCCCCC=CCCCCCCCC)COC(=O)CCCCCCCCCC=CCCCCCC,[M+NH4]+,TG 18:1_18:1_18:1,TG 18:1(11)_18:1(11)_18:1(9),0.9849999999999994,0.894580000000019,0.16417710981861122,0.5745885549093053,Some,Some,714325.8042436688,727464.1387532208,682287.0709268969,600850.8781498855,708874.4869302225,1115844.7127863672,1240850.0828470574,683367.0260557054,1294054.8204158787,1163877.417952619,1109562.1753418848,1161621.3180866812,1047986.2147008901,1046154.4727865177,1192832.5086219823,1028491.7643414055,917821.5414539265,1071483.2724328819
18386,20.353,902.81565,902.81712,1.628236735298365,C57H104O6,CCCCCCCCC=CCCCCCCCC(=O)OC(COC(=O)CCCCCCCC=CCCCCCCCC)COC(=O)CCCCCCCC=CCCCCCCCC,[M+NH4]+,TG 18:1_18:1_18:1,TG 18:1(9)_18:1(9)_18:1(9),0.9849999999999994,0.894580000000019,0.16417710981861122,0.5745885549093053,All,All,559255.0764316678,600291.3125408606,617722.8212483925,592014.8358241518,524233.0957010154,577051.1228980928,784842.590591456,544768.6433063792,854262.7599243855,768159.0958487286,733722.0396480442,718949.4103833783,694588.7557224423,665465.0985184052,791138.1016644173,663396.4991996696,606613.1777291514,725510.3603702164
18386,20.353,902.81565,902.81712,1.628236735298365,C57H104O6,CCCCCCCCC=CCCCCCCCC(=O)OC(COC(=O)CCCCCCCC=CCCCCCCCC)COC(=O)CCCCC=CCCCCCCCCCCC,[M+NH4]+,TG 18:1_18:1_18:1,TG 18:1(6)_18:1(9)_18:1(9),0.9834999999999994,0.6904399999999953,0.09940899706981078,0.541454498534905,All,Some,996454.483230664,1048330.9618120985,967591.2553170443,858863.3140613068,1006713.1129833657,1401500.9592596772,1549588.6463511277,983663.5220125787,1647221.172022684,1456216.0399913061,1406514.3644651754,1447317.3719944868,1300828.146700273,1317016.4451911815,1480401.8593492277,1277833.4279960757,1165815.7062971066,1368271.2294597728
18386,20.353,902.81565,902.81712,1.628236735298365,C57H104O6,CCCCCCCCC=CCCCCCCCC(=O)OC(COC(=O)CCCCCCCC=CCCCCCCCC)COC(=O)CCCCCCCCCC=CCCCCCC,[M+NH4]+,TG 18:1_18:1_18:1,TG 18:1(11)_18:1(9)_18:1(9),0.963499999999998,0.4804925000000253,0.08208855490930561,0.5227942774546518,All,Some,1555709.5596623316,1648622.2743529594,1585314.0765654368,1450878.1498854584,1530946.208684381,1978552.08215777,2334431.2369425837,1528432.165318958,2501483.9319470697,2224375.1358400346,2140236.4041132196,2166266.7823778647,1995416.9024227152,1982481.5437095868,2271539.961013645,1941229.9271957453,1772428.884026258,2093781.5898299895
18386,20.353,902.81565,902.81712,1.628236735298365,C57H104O6,CCCCCCCCCCCC=CCCCCC(=O)OC(COC(=O)CCCCCCCC=CCCCCCCCC)COC(=O)CCCCCCCCCC=CCCCCCC,[M+NH4]+,TG 18:1_18:1_18:1,TG 18:1(11)_18:1(6)_18:1(9),0.9696666666666651,0.48242833333334073,0.06627266471320718,0.5179696656899361,All,Some,841383.755418663,921158.1355997385,903027.0056385399,850027.2717355731,822071.7217541585,862707.369371403,1093581.1540955266,845065.1392632527,1207429.1115311908,1060497.717887416,1030674.2287713346,1004645.4642911836,947430.6877218251,936327.0709230689,1078707.4523916629,912738.1628543397,854607.3425723317,1022298.3173971075
18386,20.353,902.81565,902.81712,1.628236735298365,C57H104O6,CCCCCCC=CCCCCCCCCCC(=O)OC(COC(=O)CCCCC=CCCCCCCCCCCC)COC(=O)CCCCCCCCCC=CCCCCCC,[M+NH4]+,TG 18:1_18:1_18:1,TG 18:1(11)_18:1(11)_18:1(6),0.9819999999999993,0.48629999999997153,0.03464088432101035,0.5083204421605048,Some,Some,714325.8042436688,727464.1387532208,682287.0709268969,600850.8781498855,708874.4869302225,1115844.7127863672,1240850.0828470574,683367.0260557054,1294054.8204158787,1163877.417952619,1109562.1753418848,1161621.3180866812,1047986.2147008901,1046154.4727865177,1192832.5086219823,1028491.7643414055,917821.5414539265,1071483.2724328819
18386,20.353,902.81565,902.81712,1.628236735298365,C57H104O6,CCCCCCCCCCCC=CCCCCC(=O)OC(COC(=O)CCCCC=CCCCCCCCCCCC)COC(=O)CCCCC=CCCCCCCCCCCC,[M+NH4]+,TG 18:1_18:1_18:1,TG 18:1(6)_18:1(6)_18:1(6),0.9819999999999993,0.48629999999997153,0.03464088432101035,0.5083204421605048,All,Some,1273580.8806753363,1327755.4512940815,1178733.8015629638,1103621.6864841278,1233107.582631238,1692895.8356844601,1836582.3787911537,1228135.6693620847,1945746.6918714554,1770462.9428385138,1695770.168557193,1754362.1420184798,1575757.4198858084,1558454.2538567279,1829869.5456590191,1543192.0276759434,1385849.7447118892,1627880.0078769447
18386,20.353,902.81565,902.81712,1.628236735298365,C57H104O6,CCCCCCCCCCCC=CCCCCC(=O)OC(COC(=O)CCCCC=CCCCCCCCCCCC)COC(=O)CCCCCCCCCC=CCCCCCC,[M+NH4]+,TG 18:1_18:1_18:1,TG 18:1(11)_18:1(6)_18:1(6),0.961999999999998,0.27635250000000156,0.017320442160505174,0.48966022108025153,All,Some,1273580.8806753363,1327755.4512940815,1300009.8921752893,1192865.713974037,1233107.582631238,1692895.8356844601,2025692.6734385132,1228135.6693620847,2148317.5803402644,1932036.5138013477,1843284.214989929,1880570.7284700596,1742574.9704233324,1711619.5713049234,1983970.6102863993,1691888.2635410747,1524434.7191830778,1796993.6328030985
18386,20.353,902.81565,902.81712,1.628236735298365,C57H104O6,CCCCCCC=CCCCCCCCCCC(=O)OC(COC(=O)CCCCCCCCCC=CCCCCCC)COC(=O)CCCCCCCCCC=CCCCCCC,[M+NH4]+,TG 18:1_18:1_18:1,TG 18:1(11)_18:1(11)_18:1(11),0.9419999999999966,0.06640500000003158,0.0,0.4709999999999983,All,None,559255.0764316678,600291.3125408606,617722.8212483925,592014.8358241518,524233.0957010154,577051.1228980928,784842.590591456,544768.6433063792,854262.7599243855,768159.0958487286,733722.0396480442,718949.4103833783,694588.7557224423,665465.0985184052,791138.1016644173,663396.4991996696,606613.1777291514,725510.3603702164
18429,20.378,1004.8627,1004.86407,1.3633684802280648,C65H110O6,CCCCCCCCC=CCCCCCCCC(=O)OC(COC(=O)CCCCCCC=CCC=CCC=CCC=CCC=CCC=CCC)COC(=O)CCCCC=CCCCCCCCCCCC,[M+NH4]+,TG 18:1_18:1_26:6,"TG 18:1(6)_18:1(9)_26:6(8,11,14,17,20,23)",0.9156666666666661,0.4358908333333413,0.031895373693737496,0.47378102018020174,Some,Some,0.0,0.0,0.0,0.0,1227.9531357684355,1104.4355484387513,0.0,0.0,0.0,0.0,721.921525485882,0.0,0.0,0.0,0.0,0.0,0.0,0.0
18429,20.378,1004.8627,1004.86407,1.3633684802280648,C65H110O6,CCCCCCCCCCCC=CCCCCC(=O)OC(COC(=O)CCCCCCC=CCC=CCC=CCC=CCC=CCC=CCC)COC(=O)CCCCCCCCCC=CCCCCCC,[M+NH4]+,TG 18:1_18:1_26:6,"TG 18:1(11)_18:1(6)_26:6(8,11,14,17,20,23)",0.914285714285714,0.4407407142857177,0.027338891737489285,0.47081230301160165,Some,Some,0.0,0.0,0.0,0.0,3883.6664369400414,4742.738190552443,0.0,0.0,0.0,0.0,1552.3597359735973,0.0,0.0,0.0,0.0,0.0,0.0,0.0
18429,20.378,1004.8627,1004.86407,1.3633684802280648,C65H110O6,CCCCCCC=CCCCCCCCCCC(=O)OC(COC(=O)CCCCCCC=CCC=CCC=CCC=CCC=CCC=CCC)COC(=O)CCCCCCCCCC=CCCCCCC,[M+NH4]+,TG 18:1_18:1_26:6,"TG 18:1(11)_18:1(11)_26:6(8,11,14,17,20,23)",0.9006666666666666,0.47574416666666747,0.031895373693737496,0.46628102018020207,Some,Some,0.0,0.0,0.0,0.0,3419.875947622329,4264.883907125701,0.0,0.0,0.0,0.0,1494.2665933259989,0.0,0.0,0.0,0.0,0.0,0.0,0.0
18429,20.378,1004.8627,1004.86407,1.3633684802280648,C65H110O6,CCCCCCCCC=CCCCCCCCC(=O)OC(COC(=O)CCCCCCC=CCC=CCC=CCC=CCC=CCC=CCC)COC(=O)CCCCCCCCCC=CCCCCCC,[M+NH4]+,TG 18:1_18:1_26:6,"TG 18:1(11)_18:1(9)_26:6(8,11,14,17,20,23)",0.9051428571428565,0.43549499999999497,0.027338891737489285,0.4662408744401728,Some,Some,0.0,0.0,0.0,0.0,1044.0248104755342,1582.2898318654925,0.0,0.0,0.0,0.0,469.3142647598093,0.0,0.0,0.0,0.0,0.0,0.0,0.0
18429,20.378,1004.8627,1004.86407,1.3633684802280648,C65H110O6,CCCCCCCCCCCC=CCCCCC(=O)OC(COC(=O)CCCCCCC=CCC=CCC=CCC=CCC=CCC=CCC)COC(=O)CCCCC=CCCCCCCCCCCC,[M+NH4]+,TG 18:1_18:1_26:6,"TG 18:1(6)_18:1(6)_26:6(8,11,14,17,20,23)",0.8940000000000005,0.34155000000000657,0.038274448432484995,0.4661372242162427,Some,Some,0.0,0.0,0.0,0.0,3596.5265334252244,4742.738190552443,0.0,0.0,0.0,0.0,1436.3366336633662,0.0,0.0,0.0,0.0,0.0,0.0,0.0
18429,20.378,1004.8627,1004.86407,1.3633684802280648,C65H110O6,CCCCCCCCC=CCCCCCCCC(=O)OC(COC(=O)CCCCCCC=CCC=CCC=CCC=CCC=CCC=CCC)COC(=O)CCCCCCCC=CCCCCCCCC,[M+NH4]+,TG 18:1_18:1_26:6,"TG 18:1(9)_18:1(9)_26:6(8,11,14,17,20,23)",0.8927999999999997,0.33727999999999836,0.038274448432484995,0.46553722421624233,Some,Some,0.0,0.0,0.0,0.0,1227.9531357684355,762.9143314651723,0.0,0.0,0.0,0.0,555.8012467913456,0.0,0.0,0.0,0.0,0.0,0.0,0.0
18482,20.446,928.8317,928.83277,1.1519834727913334,C59H106O6,CCCCCCCCC=CCCCCCCCC(=O)OC(COC(=O)CCCCCCCCCC=CCC=CCCCCC)COC(=O)CCCCCCCCCC=CCCCCCC,[M+NH4]+,TG 18:1_18:1_20:2,"TG 18:1(11)_18:1(9)_20:2(11,14)",0.8703333333333335,0.3429100000000176,0.08758584497429574,0.4789595891538146,Some,Some,65975.09850275809,72437.23485260524,56787.13351481586,57887.86704328976,63917.80997602942,50244.879786286736,54878.35972896809,55466.02831500442,94794.30055354335,67323.16814908935,93011.42772020175,64937.3652873514,58548.16912285218,49990.215051425344,108850.8499862589,57761.72520442317,54575.50132882338,57711.251036368114
18482,20.446,928.8317,928.83277,1.1519834727913334,C59H106O6,CCCCCCCCCCCC=CCCCCC(=O)OC(COC(=O)CCCCCCCCCC=CCC=CCCCCC)COC(=O)CCCCC=CCCCCCCCCCCC,[M+NH4]+,TG 18:1_18:1_20:2,"TG 18:1(6)_18:1(6)_20:2(11,14)",0.8849999999999998,0.6628775000000076,0.06330782877726868,0.47415391438863425,Some,Some,308798.1087470449,346282.0080496029,303783.5977345975,292325.5600078828,309574.25225582847,429620.88156723056,463233.60297731607,288811.37024396413,497753.3656803115,544597.6281236764,591170.6496988785,449667.7265840073,406850.29066649504,420444.01922198787,711755.3295905148,422164.5553531332,357152.9354916647,426374.16810451064
18482,20.446,928.8317,928.83277,1.1519834727913334,C59H106O6,CCCCCCCCC=CCCCCCCCC(=O)OC(COC(=O)CCCCCCCCCC=CCC=CCCCCC)COC(=O)CCCCCCCC=CCCCCCCCC,[M+NH4]+,TG 18:1_18:1_20:2,"TG 18:1(9)_18:1(9)_20:2(11,14)",0.9110000000000014,0.491967499999987,0.0351680212830556,0.4730840106415285,Some,Some,77784.20803782507,86360.1653431959,68254.82649644857,68398.0818498325,76200.63209001938,69595.94835262689,57896.24036589736,65326.06497282265,118294.26638420009,71895.38331215586,108784.66089251134,64937.3652873514,70596.99251346076,62172.04114027267,148282.36033135722,70864.72058636614,66787.14665378109,72548.90537118782
18482,20.446,928.8317,928.83277,1.1519834727913334,C59H106O6,CCCCCCC=CCCCCCCCCCC(=O)OC(COC(=O)CCCCCCCCCC=CCC=CCCCCC)COC(=O)CCCCCCCCCC=CCCCCCC,[M+NH4]+,TG 18:1_18:1_20:2,"TG 18:1(11)_18:1(11)_20:2(11,14)",0.8464999999999989,0.26820750000004523,0.09621074617838801,0.47135537308919345,Some,Some,165702.8841607565,187213.20569998914,156853.78140742827,154930.36852131644,158797.75867596988,255081.03294746214,270501.7781908169,150425.35709771205,284716.052757466,318975.0105887336,330659.062373646,262384.60061034164,238192.07585215697,245478.26654199918,418172.8239959169,250946.9135279414,200059.91785455425,247516.525869989
18482,20.446,928.8317,928.83277,1.1519834727913334,C59H106O6,CCCCCCCCC=CCCCCCCCC(=O)OC(COC(=O)CCCCCCCCCC=CCC=CCCCCC)COC(=O)CCCCC=CCCCCCCCCCCC,[M+NH4]+,TG 18:1_18:1_20:2,"TG 18:1(6)_18:1(9)_20:2(11,14)",0.8563333333333331,0.6081966666666668,0.06565056670688285,0.460991950020108,Some,Some,281628.49487785663,287767.70368758834,283852.96786507714,244947.9077711358,285083.4694718842,396106.18878005346,440472.13810007233,271111.1427126785,455058.77127041615,522636.5946632782,560600.9661424529,418072.94223094813,393763.6484544265,419733.6319554677,683507.1257508539,405159.0899461933,349212.8533462188,421011.4952831245
18482,20.446,928.8317,928.83277,1.1519834727913334,C59H106O6,CCCCCCCCCCCC=CCCCCC(=O)OC(COC(=O)CCCCCCCCCC=CCC=CCCCCC)COC(=O)CCCCCCCCCC=CCCCCCC,[M+NH4]+,TG 18:1_18:1_20:2,"TG 18:1(11)_18:1(6)_20:2(11,14)",0.8347499999999988,0.3667450000000372,0.07975928747782834,0.45725464373891356,All,Some,16111.205673758865,17939.682367018384,11467.692981632717,10510.214806542732,14426.077530268563,19351.06856634016,3017.8806369292784,9860.036657818226,49383.243354062724,4572.215163066497,15773.23317230959,0.0,12048.823390608575,12181.826088847332,39431.51034509834,13102.995381942972,12211.645324957715,14837.654334819727
18484,20.449,930.8404,930.84842,8.615795899387898,C59H108O6,CCCCCCCCCCCC=CCCCCC(=O)OC(COC(=O)CCCCCCCCCCCC=CCCCCCC)COC(=O)CCCCC=CCCCCCCCCCCC,[M+NH4]+,TG 18:1_18:1_20:1,TG 18:1(6)_18:1(6)_20:1(13),0.9579999999999984,0.8624300000001313,0.0,0.4789999999999992,Some,None,41800.0,53199.99999999999,45002.01860741968,43200.0,45108.39743081437,58295.81431264336,55565.66761467221,44200.00000000001,73346.28232092045,54350.39022235312,69285.66108007448,0.0,64983.709564812656,57123.23511356661,96249.5682210708,61072.16072160722,52973.10278578291,0.0
18484,20.449,930.8404,930.84842,8.615795899387898,C59H108O6,CCCCCCCCCCCC=CCCCCC(=O)OC(COC(=O)CCCCCCCCCCCC=CCCCCCC)COC(=O)CCCCCCCCCC=CCCCCCC,[M+NH4]+,TG 18:1_18:1_20:1,TG 18:1(11)_18:1(6)_20:1(13),0.8919999999999959,0.5106500000000551,0.0,0.44599999999999795,All,None,41800.0,53199.99999999999,44012.11164451806,43200.0,43650.38458488622,52717.88815455777,49394.005688033256,44200.00000000001,64077.69392552271,47998.82197025476,63713.96648044693,0.0,59902.257388875965,52739.41068139963,86497.40932642488,56432.9643296433,48838.61671469741,0.0
18484,20.449,930.8404,930.84842,8.615795899387898,C59H108O6,CCCCCCCCCCCC=CCCCCC(=O)OC(COC(=O)CCCCCCCCCC=CCCCCCCCC)COC(=O)CCCCC=CCCCCCCCCCCC,[M+NH4]+,TG 18:1_18:1_20:1,TG 18:1(6)_18:1(6)_20:1(11),0.8919999999999959,0.5106500000000551,0.0,0.44599999999999795,Some,None,0.0,0.0,989.906962901619,0.0,1458.0128459281582,5577.926158085592,6171.661926638955,0.0,9268.58839539775,6351.568252098366,5571.694599627561,0.0,5081.4521759367,4383.824432166975,9752.158894645941,4639.196391963918,4134.486071085495,0.0
18484,20.449,930.8404,930.84842,8.615795899387898,C59H108O6,CCCCCCCCCCCC=CCCCCC(=O)OC(COC(=O)CCCCCCCCCC=CCCCCCCCC)COC(=O)CCCCCCCCCC=CCCCCCC,[M+NH4]+,TG 18:1_18:1_20:1,TG 18:1(11)_18:1(6)_20:1(11),0.8364999999999991,0.308092500000015,0.0,0.41824999999999957,All,None,0.0,0.0,989.906962901619,0.0,1458.0128459281582,5577.926158085592,6171.661926638955,0.0,9268.58839539775,6351.568252098366,5571.694599627561,0.0,5081.4521759367,4383.824432166975,9752.158894645941,4639.196391963918,4134.486071085495,0.0
18484,20.449,930.8404,930.84842,8.615795899387898,C59H108O6,CCCCCCCCC=CCCCCCCCC(=O)OC(COC(=O)CCCCCCCCCC=CCCCCCCCC)COC(=O)CCCCC=CCCCCCCCCCCC,[M+NH4]+,TG 18:1_18:1_20:1,TG 18:1(6)_18:1(9)_20:1(11),0.8364999999999991,0.308092500000015,0.0,0.41824999999999957,All,None,41800.0,53199.99999999999,44012.11164451806,43200.0,43650.38458488622,52717.88815455777,49394.005688033256,44200.00000000001,64077.69392552271,47998.82197025476,63713.96648044693,0.0,59902.257388875965,52739.41068139963,86497.40932642488,56432.9643296433,48838.61671469741,0.0
18484,20.449,930.8404,930.84842,8.615795899387898,C59H108O6,CCCCCCCCC=CCCCCCCCC(=O)OC(COC(=O)CCCCCCCCCCCC=CCCCCCC)COC(=O)CCCCC=CCCCCCCCCCCC,[M+NH4]+,TG 18:1_18:1_20:1,TG 18:1(6)_18:1(9)_20:1(13),0.8364999999999991,0.308092500000015,0.0,0.41824999999999957,All,None,0.0,0.0,0.0,0.0,0.0,943.0022786975844,0.0,0.0,0.0,2896.4806361360625,0.0,0.0,0.0,0.0,0.0,0.0,0.0,0.0
18484,20.449,930.8404,930.84842,8.615795899387898,C59H108O6,CCCCCCCCC=CCCCCCCCC(=O)OC(COC(=O)CCCCCCCCCC=CCCCCCCCC)COC(=O)CCCCCCCCCC=CCCCCCC,[M+NH4]+,TG 18:1_18:1_20:1,TG 18:1(11)_18:1(9)_20:1(11),0.7810000000000024,0.10553499999997484,0.0,0.3905000000000012,All,None,41800.0,53199.99999999999,45002.01860741968,43200.0,45108.39743081437,58295.81431264337,55565.66761467221,44200.00000000001,73346.28232092045,54350.390222353126,69285.66108007448,0.0,64983.709564812656,57123.23511356661,96249.5682210708,61072.16072160722,52973.10278578291,0.0
18484,20.449,930.8404,930.84842,8.615795899387898,C59H108O6,CCCCCCCCC=CCCCCCCCC(=O)OC(COC(=O)CCCCCCCCCCCC=CCCCCCC)COC(=O)CCCCCCCCCC=CCCCCCC,[M+NH4]+,TG 18:1_18:1_20:1,TG 18:1(11)_18:1(9)_20:1(13),0.7810000000000024,0.10553499999997484,0.0,0.3905000000000012,All,None,41800.0,53199.99999999999,45002.01860741968,43200.0,45108.39743081437,58295.81431264337,55565.66761467221,44200.00000000001,73346.28232092045,54350.390222353126,69285.66108007448,0.0,64983.709564812656,57123.23511356661,96249.5682210708,61072.16072160722,52973.10278578291,0.0
18484,20.449,930.8404,930.84842,8.615795899387898,C59H108O6,CCCCCCCCC=CCCCCCCCC(=O)OC(COC(=O)CCCCCCCCCC=CCCCCCCCC)COC(=O)CCCCCCCC=CCCCCCCCC,[M+NH4]+,TG 18:1_18:1_20:1,TG 18:1(9)_18:1(9)_20:1(11),0.7810000000000024,0.10553499999997484,0.0,0.3905000000000012,All,None,0.0,0.0,989.906962901619,0.0,1458.0128459281582,5577.926158085592,6171.661926638955,0.0,9268.58839539775,6351.568252098366,5571.694599627561,0.0,5081.4521759367,4383.824432166975,9752.158894645941,4639.196391963918,4134.486071085495,0.0
18591,20.52,954.84737,954.84842,1.0996509792386617,C61H108O6,CCCCCCCCCCCC=CCCCCC(=O)OC(COC(=O)CCCCCC=CCC=CCC=CCCCCCCCC)COC(=O)CCCCC=CCCCCCCCCCCC,[M+NH4]+,TG 18:1_18:1_22:3,"TG 18:1(6)_18:1(6)_22:3(7,10,13)",0.9273333333333321,0.5961966666666285,0.09802095317855823,0.5126771432559453,Some,Some,0.0,0.0,20168.67469879518,0.0,0.0,0.0,0.0,0.0,0.0,0.0,0.0,,0.0,0.0,0.0,0.0,0.0,0.0
18591,20.52,954.84737,954.84842,1.0996509792386617,C61H108O6,CCCCCCCCC=CCCCCCCCC(=O)OC(COC(=O)CCCCCC=CCC=CCC=CCCCCCCCC)COC(=O)CCCCC=CCCCCCCCCCCC,[M+NH4]+,TG 18:1_18:1_22:3,"TG 18:1(6)_18:1(9)_22:3(7,10,13)",0.9273333333333321,0.5961966666666285,0.09802095317855823,0.5126771432559453,Some,Some,48666.666666666664,57666.666666666664,54000.0,45666.666666666664,0.0,0.0,0.0,49666.66666666667,0.0,0.0,0.0,,0.0,0.0,0.0,0.0,0.0,0.0
18591,20.52,954.84737,954.84842,1.0996509792386617,C61H108O6,CCCCCCCCC=CCCCCCCCC(=O)OC(COC(=O)CCCCCC=CCC=CCC=CCCCCCCCC)COC(=O)CCCCCCCC=CCCCCCCCC,[M+NH4]+,TG 18:1_18:1_22:3,"TG 18:1(9)_18:1(9)_22:3(7,10,13)",0.9919999999999973,0.14967000000001462,0.0,0.49599999999999866,Some,None,0.0,0.0,20168.67469879518,0.0,0.0,0.0,0.0,0.0,0.0,0.0,0.0,,0.0,0.0,0.0,0.0,0.0,0.0
18591,20.52,954.84737,954.84842,1.0996509792386617,C61H108O6,CCCCCCCCCCCC=CCCCCC(=O)OC(COC(=O)CCCCCC=CCC=CCC=CCCCCCCCC)COC(=O)CCCCCCCCCC=CCCCCCC,[M+NH4]+,TG 18:1_18:1_22:3,"TG 18:1(11)_18:1(6)_22:3(7,10,13)",0.8055999999999983,0.5054620000000114,0.05881257190713494,0.43220628595356664,Some,Some,48666.666666666664,57666.666666666664,33831.325301204815,45666.666666666664,0.0,0.0,0.0,49666.66666666667,0.0,0.0,0.0,,0.0,0.0,0.0,0.0,0.0,0.0
18591,20.52,954.84737,954.84842,1.0996509792386617,C61H108O6,CCCCCCCCC=CCCCCCCCC(=O)OC(COC(=O)CCCCCC=CCC=CCC=CCCCCCCCC)COC(=O)CCCCCCCCCC=CCCCCCC,[M+NH4]+,TG 18:1_18:1_22:3,"TG 18:1(11)_18:1(9)_22:3(7,10,13)",0.791999999999998,0.4230875000000367,0.0008877993502471367,0.3964438996751226,Some,Some,48666.666666666664,57666.666666666664,33831.325301204815,45666.666666666664,0.0,0.0,0.0,49666.66666666667,0.0,0.0,0.0,,0.0,0.0,0.0,0.0,0.0,0.0
18591,20.52,954.84737,954.84842,1.0996509792386617,C61H108O6,CCCCCCC=CCCCCCCCCCC(=O)OC(COC(=O)CCCCCC=CCC=CCC=CCCCCCCCC)COC(=O)CCCCCCCCCC=CCCCCCC,[M+NH4]+,TG 18:1_18:1_22:3,"TG 18:1(11)_18:1(11)_22:3(7,10,13)",0.7459999999999974,0.29613000000006195,0.0,0.3729999999999987,Some,None,0.0,0.0,0.0,0.0,0.0,0.0,0.0,0.0,0.0,0.0,0.0,,0.0,0.0,0.0,0.0,0.0,0.0
18609,20.539,978.84715,978.84842,1.2974429687252187,C63H108O6,CCC=CCC=CCC=CCC=CCC=CCCCC(=O)OC(COC(=O)CCCCCCCCCCCC=CCCCCCCCC)COC(=O)CCCCCCCC=CCCCCCCCC,[M+NH4]+,TG 18:1_20:5_22:1,"TG 18:1(9)_20:5(5,8,11,14,17)_22:1(13)",0.9311428571428583,0.4649314285714062,0.0570983126576116,0.4941205849002349,Some,Some,0.0,0.0,0.0,0.0,0.0,10363.310228757446,11257.35960591133,0.0,13878.3480037724,20321.661563040874,20865.460809646855,11730.360934182592,12062.438271604937,12264.380358534685,39278.17296892549,12385.962114930799,7799.786656322731,12713.064052729424
18609,20.539,978.84715,978.84842,1.2974429687252187,C63H108O6,CCC=CCC=CCC=CCC=CCC=CCCCC(=O)OC(COC(=O)CCCCCCCCCCCC=CCCCCCCCC)COC(=O)CCCCCCCCCC=CCCCCCC,[M+NH4]+,TG 18:1_20:5_22:1,"TG 18:1(11)_20:5(5,8,11,14,17)_22:1(13)",0.9235555555555577,0.5479577777777977,0.04994958412736135,0.48675256984145954,Some,Some,0.0,0.0,0.0,0.0,0.0,13222.66758199172,12756.394088669953,0.0,18276.013832128265,18722.407136200236,21934.539190353138,13269.63906581741,13577.885802469138,14119.407638347624,40894.04717334332,15199.470629504434,11916.537367468321,15254.622274801419
18609,20.539,978.84715,978.84842,1.2974429687252187,C63H108O6,CCC=CCC=CCC=CCC=CCC=CCCCC(=O)OC(COC(=O)CCCCCCCCCCCC=CCCCCCCCC)COC(=O)CCCCC=CCCCCCCCCCCC,[M+NH4]+,TG 18:1_20:5_22:1,"TG 18:1(6)_20:5(5,8,11,14,17)_22:1(13)",0.8880000000000001,0.5631542857142904,0.0725743537568497,0.4802871768784249,Some,Some,0.0,0.0,0.0,0.0,0.0,414.02218925083605,686.2463054187192,0.0,1645.63816409934,4955.931300758885,0.0,0.0,2659.6759259259265,816.2120031176929,2827.779857731187,3414.5672555647684,2183.6759762089473,3232.313672469157
18615,20.543,952.8317,952.83277,1.1229672548174365,C61H106O6,CCCCCCCCCCCCCCCCCC(=O)OC(COC(=O)CCC=CCC=CCC=CCC=CCC=CCC=CCCCC)COC(=O)CCCCCCCCCCCCCCC,[M+NH4]+,TG 16:0_18:0_24:6,"TG 16:0_18:0_24:6(4,7,10,13,16,19)",0.7302000000000006,0.4683400000000006,0.0186277611926096,0.37441388059630515,Some,Some,0.0,0.0,0.0,0.0,,32500.0,26800.0,0.0,36300.0,38700.0,43400.0,24000.0,36400.0,25600.0,60000.0,27800.0,18400.0,25800.0
18684,20.587,954.84732,954.84842,1.152015311566351,C61H108O6,CCCCCCCCC=CCCCCCCCC(=O)OC(COC(=O)CCCCCCCC=CCC=CCC=CCC=CCCCCC)COC(=O)CCCCCCCCCCCCCCC,[M+NH4]+,TG 16:0_18:1_24:4,"TG 16:0_18:1(9)_24:4(9,12,15,18)",0.8883333333333331,0.5343783333332984,0.01670197639260693,0.45251765486296996,Some,Some,0.0,0.0,0.0,0.0,139894.9485918641,402905.9069524307,0.0,0.0,504434.01591188373,399612.8147349858,510174.3148137553,0.0,437725.2162154548,384603.3627342889,844022.2268819459,348815.14214728697,331046.99542542425,0.0
18684,20.587,954.84732,954.84842,1.152015311566351,C61H108O6,CCCCCCC=CCCCCCCCCCC(=O)OC(COC(=O)CCCCCCCC=CCC=CCC=CCC=CCCCCC)COC(=O)CCCCCCCCCCCCCCC,[M+NH4]+,TG 16:0_18:1_24:4,"TG 16:0_18:1(11)_24:4(9,12,15,18)",0.8684000000000005,0.5139699999999834,0.03303513049489766,0.45071756524744905,All,Some,0.0,0.0,0.0,0.0,7552.52570406795,20253.528489283846,0.0,0.0,25782.99204405816,29182.71774272559,39914.59251206348,0.0,36415.52807279488,31759.187798603456,82247.4313273223,19592.42892635652,18442.156214128598,0.0
18684,20.587,954.84732,954.84842,1.152015311566351,C61H108O6,CCCCCCCCCCCC=CCCCCC(=O)OC(COC(=O)CCCCCCCC=CCC=CCC=CCC=CCCCCC)COC(=O)CCCCCCCCCCCCCCC,[M+NH4]+,TG 16:0_18:1_24:4,"TG 16:0_18:1(6)_24:4(9,12,15,18)",0.8419999999999996,0.6117749999999802,0.04866476659305943,0.4453323832965295,Some,Some,0.0,0.0,0.0,0.0,7552.52570406795,27840.564558285416,0.0,0.0,25782.99204405816,23204.46752228863,30911.092674181305,0.0,23859.255711750287,20637.449467107683,63730.341790731814,19592.42892635652,14510.848360447166,0.0
18700,20.592,878.81537,878.81712,1.991313050450657,C55H104O6,CCCCCCCCCCCCCCCCCC(=O)OC(COC(=O)CCCCCCCCCC=CCCCCCC)COC(=O)CCCCCCCCCCCCCCC,[M+NH4]+,TG 16:0_18:0_18:1,TG 16:0_18:0_18:1(11),0.9939999999999998,0.06189000000006217,0.0,0.4969999999999999,Some,None,,,,,,0.0,78871.3692946058,,0.0,59871.16991643454,30451.413881748074,67677.51479289941,0.0,0.0,44955.665024630536,63655.063291139246,0.0,41222.22222222222
18700,20.592,878.81537,878.81712,1.991313050450657,C55H104O6,CCCCCCCCCCCCCCCCCC(=O)OC(COC(=O)CCCCCCCC=CCCCCCCCC)COC(=O)CCCCCCCCCCCCCCC,[M+NH4]+,TG 16:0_18:0_18:1,TG 16:0_18:0_18:1(9),0.7280000000000015,0.5104049999999916,0.0,0.36400000000000077,All,None,,,,,,0.0,0.0,,0.0,34032.03342618384,0.0,0.0,0.0,0.0,20337.086558761435,20363.92405063291,0.0,9694.017094017094
18700,20.592,878.81537,878.81712,1.991313050450657,C55H104O6,CCCCCCCCCCCCCCCCCC(=O)OC(COC(=O)CCCCC=CCCCCCCCCCCC)COC(=O)CCCCCCCCCCCCCCC,[M+NH4]+,TG 16:0_18:0_18:1,TG 16:0_18:0_18:1(6),0.7230000000000025,0.8875650000000519,0.0,0.36150000000000126,All,None,,,,,,0.0,113128.6307053942,,0.0,87096.79665738162,57948.58611825193,54322.48520710059,0.0,0.0,51707.24841660802,50981.012658227846,0.0,39183.76068376069
18716,20.599,904.831,904.83277,1.9561625735161718,C57H106O6,CCCCCCCCC=CCCCCCCCC(=O)OC(COC(=O)CCCCCCCC=CCCCCCCCC)COC(=O)CCCCCCCCCCCCCCCCC,[M+NH4]+,TG 18:0_18:1_18:1,TG 18:0_18:1(9)_18:1(9),0.9559999999999995,0.5087599999999384,0.0,0.47799999999999976,All,None,0.0,5471.428571428572,0.0,0.0,0.0,15623.513179179752,50834.10244577757,12914.0625,0.0,33297.14135851036,0.0,23787.765604249667,0.0,0.0,34088.51373717312,27218.3908045977,0.0,23361.01337086559
18716,20.599,904.831,904.83277,1.9561625735161718,C57H106O6,CCCCCCC=CCCCCCCCCCC(=O)OC(COC(=O)CCCCCCCC=CCCCCCCCC)COC(=O)CCCCCCCCCCCCCCCCC,[M+NH4]+,TG 18:0_18:1_18:1,TG 18:0_18:1(11)_18:1(9),0.8635000000000002,0.2909249999999872,0.0,0.4317500000000001,All,None,0.0,10571.340388007055,0.0,0.0,0.0,25182.462651060996,76263.34410090755,12914.0625,0.0,55216.88958825072,0.0,38428.36985391766,0.0,0.0,52882.22442899702,44529.1613452533,0.0,28596.059113300493
18716,20.599,904.831,904.83277,1.9561625735161718,C57H106O6,CCCCCCCCCCCC=CCCCCC(=O)OC(COC(=O)CCCCCCCC=CCCCCCCCC)COC(=O)CCCCCCCCCCCCCCCCC,[M+NH4]+,TG 18:0_18:1_18:1,TG 18:0_18:1(6)_18:1(9),0.8514999999999997,0.6804224999999633,0.002827175526098041,0.42716358776304886,All,Some,0.0,7666.754850088183,0.0,0.0,0.0,21274.38386145209,80237.42501153669,17400.0,0.0,44413.585103592966,0.0,37026.06241699868,0.0,0.0,55539.622641509435,44355.89612601107,0.0,37764.9542575651
18716,20.599,904.831,904.83277,1.9561625735161718,C57H106O6,CCCCCCC=CCCCCCCCCCC(=O)OC(COC(=O)CCCCCCCCCC=CCCCCCC)COC(=O)CCCCCCCCCCCCCCCCC,[M+NH4]+,TG 18:0_18:1_18:1,TG 18:0_18:1(11)_18:1(11),0.7710000000000008,0.07309000000003607,0.0,0.3855000000000004,All,None,0.0,5099.911816578483,0.0,0.0,0.0,9558.949471881246,25429.24165512998,0.0,0.0,21919.748229740362,0.0,14640.604249667995,0.0,0.0,18793.710691823897,17310.770540655598,0.0,5235.045742434905
18716,20.599,904.831,904.83277,1.9561625735161718,C57H106O6,CCCCCCC=CCCCCCCCCCC(=O)OC(COC(=O)CCCCC=CCCCCCCCCCCC)COC(=O)CCCCCCCCCCCCCCCCC,[M+NH4]+,TG 18:0_18:1_18:1,TG 18:0_18:1(11)_18:1(6),0.7590000000000003,0.46258750000001214,0.002827175526098041,0.3809135877630492,All,Some,0.0,7295.2380952380945,0.0,0.0,0.0,15209.820154153582,54832.56422088909,4485.9375,0.0,33036.19197482298,0.0,27878.901062417,0.0,0.0,40244.81959616021,34448.27586206897,0.0,19638.98662913441
18716,20.599,904.831,904.83277,1.9561625735161718,C57H106O6,CCCCCCCCCCCC=CCCCCC(=O)OC(COC(=O)CCCCC=CCCCCCCCCCCC)COC(=O)CCCCCCCCCCCCCCCCC,[M+NH4]+,TG 18:0_18:1_18:1,TG 18:0_18:1(6)_18:1(6),0.7469999999999999,0.8520849999999882,0.005654351052196082,0.37632717552609796,All,Some,0.0,2195.326278659612,0.0,0.0,0.0,5650.870682272338,29403.322565759117,4485.9375,0.0,11116.443745082612,0.0,13238.296812749002,0.0,0.0,21451.10890433631,17137.50532141337,0.0,14403.940886699507
18732,20.619,930.84603,930.84842,2.5675501495627313,C59H108O6,CCCCCCC=CCCCCCCCCCC(=O)OC(COC(=O)CCCCCCCCCC=CCCCCCCCC)COC(=O)CCCCCCCCCC=CCCCCCC,[M+NH4]+,TG 18:1_18:1_20:1,TG 18:1(11)_18:1(11)_20:1(11),0.9780000000000015,0.47093500000005406,0.0,0.48900000000000077,Some,None,0.0,0.0,0.0,,,0.0,5192.296996662959,0.0,0.0,0.0,0.0,0.0,0.0,0.0,0.0,0.0,0.0,0.0
18732,20.619,930.84603,930.84842,2.5675501495627313,C59H108O6,CCCCCCCCC=CCCCCCCCC(=O)OC(COC(=O)CCCCCCCCCCCC=CCCCCCC)COC(=O)CCCCCCCC=CCCCCCCCC,[M+NH4]+,TG 18:1_18:1_20:1,TG 18:1(9)_18:1(9)_20:1(13),0.9780000000000015,0.47093500000005406,0.0,0.48900000000000077,Some,None,0.0,0.0,0.0,,,0.0,3570.6340378198006,0.0,0.0,0.0,0.0,0.0,0.0,0.0,0.0,0.0,0.0,0.0
18732,20.619,930.84603,930.84842,2.5675501495627313,C59H108O6,CCCCCCCCCCCC=CCCCCC(=O)OC(COC(=O)CCCCCCCCCCCC=CCCCCCC)COC(=O)CCCCC=CCCCCCCCCCCC,[M+NH4]+,TG 18:1_18:1_20:1,TG 18:1(6)_18:1(6)_20:1(13),0.9649999999999999,0.44670999999999594,0.0,0.48249999999999993,Some,None,0.0,0.0,0.0,,,0.0,22367.70794710172,0.0,0.0,0.0,0.0,0.0,0.0,0.0,0.0,0.0,0.0,0.0
18732,20.619,930.84603,930.84842,2.5675501495627313,C59H108O6,CCCCCCCCCCCC=CCCCCC(=O)OC(COC(=O)CCCCCCCCCC=CCCCCCCCC)COC(=O)CCCCC=CCCCCCCCCCCC,[M+NH4]+,TG 18:1_18:1_20:1,TG 18:1(6)_18:1(6)_20:1(11),0.9460000000000015,0.8921450000000846,0.0,0.47300000000000075,Some,None,0.0,0.0,0.0,,,0.0,9837.42738845631,0.0,0.0,0.0,0.0,0.0,0.0,0.0,0.0,0.0,0.0,0.0
18732,20.619,930.84603,930.84842,2.5675501495627313,C59H108O6,CCCCCCCCC=CCCCCCCCC(=O)OC(COC(=O)CCCCCCCCCC=CCCCCCCCC)COC(=O)CCCCCCCC=CCCCCCCCC,[M+NH4]+,TG 18:1_18:1_20:1,TG 18:1(9)_18:1(9)_20:1(11),0.9460000000000015,0.8921450000000846,0.0,0.47300000000000075,All,None,0.0,0.0,0.0,,,0.0,9837.42738845631,0.0,0.0,0.0,0.0,0.0,0.0,0.0,0.0,0.0,0.0,0.0
18732,20.619,930.84603,930.84842,2.5675501495627313,C59H108O6,CCCCCCCCC=CCCCCCCCC(=O)OC(COC(=O)CCCCCCCCCC=CCCCCCCCC)COC(=O)CCCCCCCCCC=CCCCCCC,[M+NH4]+,TG 18:1_18:1_20:1,TG 18:1(11)_18:1(9)_20:1(11),0.9250000000000007,0.4940675000000283,0.0,0.46250000000000036,All,None,0.0,0.0,0.0,,,0.0,6266.793350636511,0.0,0.0,0.0,0.0,0.0,0.0,0.0,0.0,0.0,0.0,0.0
18732,20.619,930.84603,930.84842,2.5675501495627313,C59H108O6,CCCCCCCCC=CCCCCCCCC(=O)OC(COC(=O)CCCCCCCCCCCC=CCCCCCC)COC(=O)CCCCCCCCCC=CCCCCCC,[M+NH4]+,TG 18:1_18:1_20:1,TG 18:1(11)_18:1(9)_20:1(13),0.9250000000000007,0.4940675000000283,0.0,0.46250000000000036,All,None,0.0,0.0,0.0,,,0.0,16100.914596465213,0.0,0.0,0.0,0.0,0.0,0.0,0.0,0.0,0.0,0.0,0.0
18732,20.619,930.84603,930.84842,2.5675501495627313,C59H108O6,CCCCCCC=CCCCCCCCCCC(=O)OC(COC(=O)CCCCCCCCCCCC=CCCCCCC)COC(=O)CCCCCCCCCC=CCCCCCC,[M+NH4]+,TG 18:1_18:1_20:1,TG 18:1(11)_18:1(11)_20:1(13),0.9039999999999999,0.09598999999997204,0.0,0.45199999999999996,All,None,0.0,0.0,0.0,,,0.0,22367.70794710172,0.0,0.0,0.0,0.0,0.0,0.0,0.0,0.0,0.0,0.0,0.0
18732,20.619,930.84603,930.84842,2.5675501495627313,C59H108O6,CCCCCCCCCCCC=CCCCCC(=O)OC(COC(=O)CCCCCCCCCC=CCCCCCCCC)COC(=O)CCCCCCCCCC=CCCCCCC,[M+NH4]+,TG 18:1_18:1_20:1,TG 18:1(11)_18:1(6)_20:1(11),0.8746666666666675,0.6131716666666875,0.0,0.43733333333333374,All,None,0.0,0.0,0.0,,,0.0,6266.793350636511,0.0,0.0,0.0,0.0,0.0,0.0,0.0,0.0,0.0,0.0,0.0
18732,20.619,930.84603,930.84842,2.5675501495627313,C59H108O6,CCCCCCCCC=CCCCCCCCC(=O)OC(COC(=O)CCCCCCCCCCCC=CCCCCCC)COC(=O)CCCCC=CCCCCCCCCCCC,[M+NH4]+,TG 18:1_18:1_20:1,TG 18:1(6)_18:1(9)_20:1(13),0.8746666666666675,0.6131716666666875,0.0,0.43733333333333374,All,None,0.0,0.0,0.0,,,0.0,5192.296996662959,0.0,0.0,0.0,0.0,0.0,0.0,0.0,0.0,0.0,0.0,0.0
18749,20.643,980.86358,980.86407,0.4995595363314961,C63H110O6,CCCCCCCCC=CCCCCCCCC(=O)OC(COC(=O)CCCCCCCCCC=CCC=CCC=CCC=CCC=CCC)COC(=O)CCCCCCCCCCCCCCC,[M+NH4]+,TG 16:0_18:1_26:5,"TG 16:0_18:1(9)_26:5(11,14,17,20,23)",0.7988,0.3985120000000052,0.10005610670149974,0.44942805335074987,Some,Some,12902.4,19668.658008658007,14791.227553723873,18366.666666666664,10711.783585511235,59621.312915777584,79591.24183868627,13072.226855713097,78051.97421434328,73910.35767511178,94402.08569039305,69642.91259121253,63910.37483777388,70385.81197865786,157954.39739413682,67365.69274269557,58248.99485741002,64339.2948758337
18749,20.643,980.86358,980.86407,0.4995595363314961,C63H110O6,CCCCCCC=CCCCCCCCCCC(=O)OC(COC(=O)CCCCCCCCCC=CCC=CCC=CCC=CCC=CCC)COC(=O)CCCCCCCCCCCCCCC,[M+NH4]+,TG 16:0_18:1_26:5,"TG 16:0_18:1(11)_26:5(11,14,17,20,23)",0.8219999999999997,0.32559571428571743,0.07146864764392838,0.44673432382196404,All,Some,9676.800000000001,14394.025974025973,13517.662643508978,0.0,13212.883998165982,54157.399271996976,58300.929895139474,4147.122602168474,79856.35033781691,92792.32488822653,85149.29411185993,53904.67318739326,48072.60096190549,58451.641992936056,119960.91205211724,53623.9396795476,48691.912108461904,36025.2742999613
18749,20.643,980.86358,980.86407,0.4995595363314961,C63H110O6,CCCCCCCCC=CCCCCCCCC(=O)OC(COC(=O)CCCCCCC=CCC=CCC=CCC=CCC=CCCCCC)COC(=O)CCCCCCCCCCCCCCC,[M+NH4]+,TG 16:0_18:1_26:5,"TG 16:0_18:1(9)_26:5(8,11,14,17,20)",0.8494999999999981,0.49855124999999134,0.02119024387845628,0.4353451219392272,Some,Some,17510.399999999998,19668.658008658007,20153.60612304975,18366.666666666664,10711.783585511235,67988.32684824902,82399.26135988919,18243.202668890746,84183.04097192091,86949.47839046198,102703.03507304838,72661.92432005193,75045.11794793495,66259.26204253401,148729.64169381108,63242.224316682376,62651.98690977092,72670.813043987
18749,20.643,980.86358,980.86407,0.4995595363314961,C63H110O6,CCCCCCCCCCCC=CCCCCC(=O)OC(COC(=O)CCCCCCCCCC=CCC=CCC=CCC=CCC=CCC)COC(=O)CCCCCCCCCCCCCCC,[M+NH4]+,TG 16:0_18:1_26:5,"TG 16:0_18:1(6)_26:5(11,14,17,20,23)",0.7848571428571428,0.32969714285713636,0.07146864764392838,0.4281628952505356,Some,Some,4608.0,0.0,9004.327347659699,0.0,4875.8826226501615,34989.330990335126,37102.68416540262,9318.098415346123,54506.13649042335,64238.301043219064,54712.47970879041,32027.776601600537,46598.13726238644,29401.668294882395,60977.19869706841,23605.089538171535,34239.738195418424,35263.084940729605
18749,20.643,980.86358,980.86407,0.4995595363314961,C63H110O6,CCCCCCCCCCCC=CCCCCC(=O)OC(COC(=O)CCCCCCC=CCC=CCC=CCC=CCC=CCCCCC)COC(=O)CCCCCCCCCCCCCCC,[M+NH4]+,TG 16:0_18:1_26:5,"TG 16:0_18:1(6)_26:5(8,11,14,17,20)",0.8252499999999987,0.4064037499999955,0.02119024387845628,0.4232201219392275,Some,Some,12902.4,19668.658008658007,14791.227553723873,18366.666666666664,10711.783585511235,59621.312915777584,63295.521994328294,13072.226855713097,71539.70123349657,73910.35767511178,73188.54837916278,57041.82015779592,63910.37483777388,58099.94739610731,128013.02931596091,53557.964184731376,47396.91444600281,56769.966066912086
18749,20.643,980.86358,980.86407,0.4995595363314961,C63H110O6,CCCCCCC=CCCCCCCCCCC(=O)OC(COC(=O)CCCCCCC=CCC=CCC=CCC=CCC=CCCCCC)COC(=O)CCCCCCCCCCCCCCC,[M+NH4]+,TG 16:0_18:1_26:5,"TG 16:0_18:1(11)_26:5(8,11,14,17,20)",0.8179999999999985,0.47958500000002,0.018193362773592882,0.4180966813867957,All,Some,0.0,0.0,3641.948778333824,0.0,4875.8826226501615,26622.317057863685,28310.36074655411,4147.122602168474,41862.79675199901,51199.180327868846,39844.557036745544,24720.89314194577,35463.394152225366,29401.668294882395,68364.82084690554,23605.089538171535,25770.453482935955,26931.566772576305
18750,20.645,956.85566,956.86407,8.789127174590462,C61H110O6,CCCCCCCCC=CCCCCCCCC(=O)OC(COC(=O)CCCCCCCCCCCC=CCC=CCCCCC)COC(=O)CCCCCCCC=CCCCCCCCC,[M+NH4]+,TG 18:1_18:1_22:2,"TG 18:1(9)_18:1(9)_22:2(13,16)",0.9233333333333343,0.3573466666667097,0.0,0.46166666666666717,Some,None,0.0,,,,,0.0,0.0,,,0.0,0.0,0.0,0.0,0.0,0.0,0.0,153.45470776169896,2037.5579829417927
18750,20.645,956.85566,956.86407,8.789127174590462,C61H110O6,CCCCCCCCC=CCCCCCCCC(=O)OC(COC(=O)CCCCCCCCCCCC=CCC=CCCCCC)COC(=O)CCCCC=CCCCCCCCCCCC,[M+NH4]+,TG 18:1_18:1_22:2,"TG 18:1(6)_18:1(9)_22:2(13,16)",0.9145000000000003,0.685187500000012,0.0,0.45725000000000016,Some,None,0.0,,,,,35333.33333333333,39000.00000000001,,,48000.0,0.0,43002.61096605744,0.0,20604.932526756635,0.0,0.0,1874.3154482240182,28747.11955708514
18750,20.645,956.85566,956.86407,8.789127174590462,C61H110O6,CCCCCCC=CCCCCCCCCCC(=O)OC(COC(=O)CCCCCCCCCCCC=CCC=CCCCCC)COC(=O)CCCCCCCCCC=CCCCCCC,[M+NH4]+,TG 18:1_18:1_22:2,"TG 18:1(11)_18:1(11)_22:2(13,16)",0.897000000000002,0.4769550000000322,0.0,0.448500000000001,Some,None,0.0,,,,,0.0,0.0,,,0.0,0.0,54000.0,0.0,12703.583061889252,0.0,0.0,1569.4385453862058,2037.5579829417927
18750,20.645,956.85566,956.86407,8.789127174590462,C61H110O6,CCCCCCCCCCCC=CCCCCC(=O)OC(COC(=O)CCCCCCCCCCCC=CCC=CCCCCC)COC(=O)CCCCC=CCCCCCCCCCCC,[M+NH4]+,TG 18:1_18:1_22:2,"TG 18:1(6)_18:1(6)_22:2(13,16)",0.8926666666666682,0.5943600000000137,0.0,0.4463333333333341,Some,None,0.0,,,,,35333.33333333333,39000.00000000001,,,48000.0,0.0,0.0,0.0,11530.944625407166,0.0,0.0,1105.3481488442023,28747.11955708514
18750,20.645,956.85566,956.86407,8.789127174590462,C61H110O6,CCCCCCCCCCCC=CCCCCC(=O)OC(COC(=O)CCCCCCCCCCCC=CCC=CCCCCC)COC(=O)CCCCCCCCCC=CCCCCCC,[M+NH4]+,TG 18:1_18:1_22:2,"TG 18:1(11)_18:1(6)_22:2(13,16)",0.8295000000000012,0.4685125000000312,0.0,0.4147500000000006,All,None,0.0,,,,,35333.33333333333,39000.00000000001,,,48000.0,77000.0,10997.389033942558,0.0,15160.539785946952,0.0,0.0,2053.1765645555347,33570.10324704474
18750,20.645,956.85566,956.86407,8.789127174590462,C61H110O6,CCCCCCCCC=CCCCCCCCC(=O)OC(COC(=O)CCCCCCCCCCCC=CCC=CCCCCC)COC(=O)CCCCCCCCCC=CCCCCCC,[M+NH4]+,TG 18:1_18:1_22:2,"TG 18:1(11)_18:1(9)_22:2(13,16)",0.8105000000000011,0.48485750000003236,0.0,0.40525000000000055,Some,None,0.0,,,,,0.0,0.0,,,0.0,77000.0,0.0,0.0,0.0,0.0,0.0,454.26658522834055,6860.541672901392
18755,20.653,876.79951,876.80147,2.2353977120271136,C55H102O6,CCCCCCC=CCCCCCCCCCC(=O)OC(COC(=O)CCCCCCCCCC=CCCCCCC)COC(=O)CCCCCCCCCCCCCCC,[M+NH4]+,TG 16:0_18:1_18:1,TG 16:0_18:1(11)_18:1(11),0.8480000000000025,0.5087599999999384,0.0,0.42400000000000126,All,None,0.0,0.0,87.28414442700156,0.0,0.0,0.0,0.0,0.0,0.0,0.0,0.0,0.0,0.0,0.0,0.0,0.0,0.0,0.0
18755,20.653,876.79951,876.80147,2.2353977120271136,C55H102O6,CCCCCCC=CCCCCCCCCCC(=O)OC(COC(=O)CCCCCCCC=CCCCCCCCC)COC(=O)CCCCCCCCCCCCCCC,[M+NH4]+,TG 16:0_18:1_18:1,TG 16:0_18:1(11)_18:1(9),0.7420000000000027,0.5092074999999454,0.06357473452056395,0.4027873672602833,All,Some,0.0,0.0,1078.3228676085819,0.0,0.0,0.0,0.0,0.0,0.0,0.0,0.0,0.0,0.0,0.0,0.0,0.0,0.0,0.0
18755,20.653,876.79951,876.80147,2.2353977120271136,C55H102O6,CCCCCCCCC=CCCCCCCCC(=O)OC(COC(=O)CCCCCCCC=CCCCCCCCC)COC(=O)CCCCCCCCCCCCCCC,[M+NH4]+,TG 16:0_18:1_18:1,TG 16:0_18:1(9)_18:1(9),0.6360000000000028,0.5096549999999525,0.1271494690411279,0.38157473452056534,All,Some,0.0,0.0,3642.294610151753,0.0,0.0,0.0,0.0,0.0,0.0,0.0,0.0,0.0,0.0,0.0,0.0,0.0,0.0,0.0
18755,20.653,876.79951,876.80147,2.2353977120271136,C55H102O6,CCCCCCC=CCCCCCCCCCC(=O)OC(COC(=O)CCCCC=CCCCCCCCCCCC)COC(=O)CCCCCCCCCCCCCCC,[M+NH4]+,TG 16:0_18:1_18:1,TG 16:0_18:1(11)_18:1(6),0.6773333333333369,0.6176466666666632,0.00863064320777216,0.34298198827055454,Some,Some,0.0,0.0,991.0387231815804,0.0,0.0,0.0,0.0,0.0,0.0,0.0,0.0,0.0,0.0,0.0,0.0,0.0,0.0,0.0
18755,20.653,876.79951,876.80147,2.2353977120271136,C55H102O6,CCCCCCCCCCCC=CCCCCC(=O)OC(COC(=O)CCCCCCCC=CCCCCCCCC)COC(=O)CCCCCCCCCCCCCCC,[M+NH4]+,TG 16:0_18:1_18:1,TG 16:0_18:1(6)_18:1(9),0.5360000000000037,0.6182433333333393,0.09339695590185743,0.3146984779509306,Some,Some,0.0,0.0,4546.049188906331,0.0,0.0,0.0,0.0,0.0,0.0,0.0,0.0,0.0,0.0,0.0,0.0,0.0,0.0,0.0
18755,20.653,876.79951,876.80147,2.2353977120271136,C55H102O6,CCCCCCCCCCCC=CCCCCC(=O)OC(COC(=O)CCCCC=CCCCCCCCCCCC)COC(=O)CCCCCCCCCCCCCCC,[M+NH4]+,TG 16:0_18:1_18:1,TG 16:0_18:1(6)_18:1(6),0.3360000000000056,0.8354200000001129,0.02589192962331648,0.18094596481166106,Some,Some,0.0,0.0,3555.0104657247516,0.0,0.0,0.0,0.0,0.0,0.0,0.0,0.0,0.0,0.0,0.0,0.0,0.0,0.0,0.0
18773,20.674,902.81629,902.81712,0.9193445512691445,C57H104O6,CCCCCCC=CCCCCCCCCCC(=O)OC(COC(=O)CCCCCCCC=CCCCCCCCC)COC(=O)CCCCCCCCCC=CCCCCCC,[M+NH4]+,TG 18:1_18:1_18:1,TG 18:1(11)_18:1(11)_18:1(9),0.8419999999999987,0.5081299999999942,0.13083322484634013,0.48641661242316947,Some,Some,0.0,0.0,0.0,0.0,0.0,0.0,0.0,0.0,0.0,0.0,139.20881321982975,0.0,0.0,0.0,636.3612531131209,0.0,0.0,0.0
18773,20.674,902.81629,902.81712,0.9193445512691445,C57H104O6,CCCCCCCCCCCC=CCCCCC(=O)OC(COC(=O)CCCCCCCC=CCCCCCCCC)COC(=O)CCCCC=CCCCCCCCCCCC,[M+NH4]+,TG 18:1_18:1_18:1,TG 18:1(6)_18:1(6)_18:1(9),0.8419999999999987,0.5081299999999942,0.13083322484634013,0.48641661242316947,Some,Some,0.0,0.0,0.0,0.0,0.0,0.0,0.0,0.0,0.0,0.0,139.20881321982975,0.0,0.0,0.0,636.3612531131209,0.0,0.0,0.0
18773,20.674,902.81629,902.81712,0.9193445512691445,C57H104O6,CCCCCCCCC=CCCCCCCCC(=O)OC(COC(=O)CCCCCCCC=CCCCCCCCC)COC(=O)CCCCCCCC=CCCCCCCCC,[M+NH4]+,TG 18:1_18:1_18:1,TG 18:1(9)_18:1(9)_18:1(9),0.8419999999999987,0.5081299999999942,0.13083322484634013,0.48641661242316947,All,Some,0.0,0.0,0.0,0.0,0.0,0.0,0.0,31.630677835997734,0.0,0.0,0.0,0.0,0.0,0.0,0.0,0.0,0.0,0.0
18773,20.674,902.81629,902.81712,0.9193445512691445,C57H104O6,CCCCCCCCC=CCCCCCCCC(=O)OC(COC(=O)CCCCCCCC=CCCCCCCCC)COC(=O)CCCCCCCCCC=CCCCCCC,[M+NH4]+,TG 18:1_18:1_18:1,TG 18:1(11)_18:1(9)_18:1(9),0.8390000000000004,0.7122674999999958,0.06541661242317007,0.45220830621158525,All,Some,0.0,0.0,0.0,0.0,0.0,0.0,0.0,5527.553983246004,0.0,0.0,17465.19779669504,0.0,0.0,0.0,26340.90968672172,0.0,0.0,0.0
18773,20.674,902.81629,902.81712,0.9193445512691445,C57H104O6,CCCCCCC=CCCCCCCCCCC(=O)OC(COC(=O)CCCCCCCCCC=CCCCCCC)COC(=O)CCCCCCCCCC=CCCCCCC,[M+NH4]+,TG 18:1_18:1_18:1,TG 18:1(11)_18:1(11)_18:1(11),0.8360000000000021,0.9164049999999975,0.0,0.41800000000000104,All,None,0.0,0.0,0.0,0.0,0.0,0.0,0.0,5559.184661082001,0.0,0.0,17465.19779669504,0.0,0.0,0.0,26340.90968672172,0.0,0.0,0.0
18773,20.674,902.81629,902.81712,0.9193445512691445,C57H104O6,CCCCCCC=CCCCCCCCCCC(=O)OC(COC(=O)CCCCC=CCCCCCCCCCCC)COC(=O)CCCCCCCCCC=CCCCCCC,[M+NH4]+,TG 18:1_18:1_18:1,TG 18:1(11)_18:1(11)_18:1(6),0.8360000000000021,0.9164049999999975,0.0,0.41800000000000104,Some,None,0.0,0.0,0.0,0.0,0.0,0.0,0.0,31.630677835997734,0.0,0.0,139.20881321982975,0.0,0.0,0.0,636.3612531131209,0.0,0.0,0.0
18773,20.674,902.81629,902.81712,0.9193445512691445,C57H104O6,CCCCCCCCCCCC=CCCCCC(=O)OC(COC(=O)CCCCCCCC=CCCCCCCCC)COC(=O)CCCCCCCCCC=CCCCCCC,[M+NH4]+,TG 18:1_18:1_18:1,TG 18:1(11)_18:1(6)_18:1(9),0.7286666666666678,0.7253533333333356,0.07776351234566904,0.4032150895061684,All,Some,0.0,0.0,0.0,0.0,0.0,0.0,0.0,5527.553983246004,0.0,0.0,17325.988983475214,0.0,0.0,0.0,25704.5484336086,0.0,0.0,0.0
18773,20.674,902.81629,902.81712,0.9193445512691445,C57H104O6,CCCCCCCCC=CCCCCCCCC(=O)OC(COC(=O)CCCCCCCC=CCCCCCCCC)COC(=O)CCCCC=CCCCCCCCCCCC,[M+NH4]+,TG 18:1_18:1_18:1,TG 18:1(6)_18:1(9)_18:1(9),0.6750000000000007,0.6298275000000046,0.11664526851850357,0.3958226342592521,All,Some,0.0,0.0,0.0,0.0,0.0,0.0,0.0,31.630677835997734,0.0,0.0,0.0,0.0,0.0,0.0,0.0,0.0,0.0,0.0
18773,20.674,902.81629,902.81712,0.9193445512691445,C57H104O6,CCCCCCCCCCCC=CCCCCC(=O)OC(COC(=O)CCCCC=CCCCCCCCCCCC)COC(=O)CCCCCCCCCC=CCCCCCC,[M+NH4]+,TG 18:1_18:1_18:1,TG 18:1(11)_18:1(6)_18:1(6),0.6720000000000024,0.8339650000000063,0.051228656095333495,0.3616143280476679,All,Some,0.0,0.0,0.0,0.0,0.0,0.0,0.0,5559.184661082001,0.0,0.0,17325.988983475214,0.0,0.0,0.0,25704.5484336086,0.0,0.0,0.0
18773,20.674,902.81629,902.81712,0.9193445512691445,C57H104O6,CCCCCCCCCCCC=CCCCCC(=O)OC(COC(=O)CCCCC=CCCCCCCCCCCC)COC(=O)CCCCC=CCCCCCCCCCCC,[M+NH4]+,TG 18:1_18:1_18:1,TG 18:1(6)_18:1(6)_18:1(6),0.5080000000000027,0.7515250000000151,0.10245731219066699,0.30522865609533484,All,Some,0.0,0.0,0.0,0.0,0.0,0.0,0.0,31.630677835997734,0.0,0.0,0.0,0.0,0.0,0.0,0.0,0.0,0.0,0.0
18800,20.701,876.79991,876.80147,1.7791940974282558,C55H102O6,CCCCCCC=CCCCCCCCCCC(=O)OC(COC(=O)CCCCCCCCCC=CCCCCCC)COC(=O)CCCCCCCCCCCCCCC,[M+NH4]+,TG 16:0_18:1_18:1,TG 16:0_18:1(11)_18:1(11),0.7519999999999989,0.5087599999999384,0.0,0.37599999999999945,All,None,0.0,0.0,85.40031397174256,0.0,0.0,0.0,0.0,0.0,0.0,0.0,0.0,0.0,0.0,284.55071715644704,0.0,0.0,0.0,0.0
18800,20.701,876.79991,876.80147,1.7791940974282558,C55H102O6,CCCCCCC=CCCCCCCCCCC(=O)OC(COC(=O)CCCCCCCC=CCCCCCCCC)COC(=O)CCCCCCCCCCCCCCC,[M+NH4]+,TG 16:0_18:1_18:1,TG 16:0_18:1(11)_18:1(9),0.645999999999999,0.5092074999999454,0.07337701547720958,0.3596885077386043,All,Some,0.0,0.0,1055.0497121925696,460.822561692127,1758.648925281474,0.0,0.0,0.0,0.0,0.0,0.0,0.0,0.0,2567.1484581443656,0.0,0.0,0.0,0.0
18800,20.701,876.79991,876.80147,1.7791940974282558,C55H102O6,CCCCCCCCC=CCCCCCCCC(=O)OC(COC(=O)CCCCCCCC=CCCCCCCCC)COC(=O)CCCCCCCCCCCCCCC,[M+NH4]+,TG 16:0_18:1_18:1,TG 16:0_18:1(9)_18:1(9),0.5399999999999991,0.5096549999999525,0.14675403095441916,0.34337701547720917,All,Some,0.0,0.0,3563.683935112507,1832.5107716412067,6308.0177413851925,0.0,0.0,0.0,0.0,0.0,0.0,0.0,0.0,5350.735592345416,0.0,0.0,0.0,0.0
18800,20.701,876.79991,876.80147,1.7791940974282558,C55H102O6,CCCCCCC=CCCCCCCCCCC(=O)OC(COC(=O)CCCCC=CCCCCCCCCCCC)COC(=O)CCCCCCCCCCCCCCC,[M+NH4]+,TG 16:0_18:1_18:1,TG 16:0_18:1(11)_18:1(6),0.5813333333333333,0.617779999999963,0.04157411194752623,0.31145372264042975,Some,Some,0.0,0.0,969.6493982208268,460.822561692127,1758.648925281474,0.0,0.0,0.0,0.0,0.0,0.0,0.0,0.0,2282.5977409879188,0.0,0.0,0.0,0.0
18800,20.701,876.79991,876.80147,1.7791940974282558,C55H102O6,CCCCCCCCCCCC=CCCCCC(=O)OC(COC(=O)CCCCCCCC=CCCCCCCCC)COC(=O)CCCCCCCCCCCCCCC,[M+NH4]+,TG 16:0_18:1_18:1,TG 16:0_18:1(6)_18:1(9),0.4400000000000001,0.6183766666666392,0.13941013258380566,0.2897050662919029,Some,Some,0.0,0.0,4447.9330193615915,2293.333333333333,8066.666666666666,0.0,0.0,0.0,0.0,0.0,0.0,0.0,0.0,7348.782616176886,0.0,0.0,0.0,0.0
18800,20.701,876.79991,876.80147,1.7791940974282558,C55H102O6,CCCCCCCCCCCC=CCCCCC(=O)OC(COC(=O)CCCCC=CCCCCCCCCCCC)COC(=O)CCCCCCCCCCCCCCC,[M+NH4]+,TG 16:0_18:1_18:1,TG 16:0_18:1(6)_18:1(6),0.240000000000002,0.8358200000000124,0.12472233584257868,0.18236116792129034,Some,Some,0.0,0.0,3478.2836211407644,1832.5107716412067,6308.0177413851925,0.0,0.0,0.0,0.0,0.0,0.0,0.0,0.0,5066.184875188968,0.0,0.0,0.0,0.0
18805,20.705,956.85903,956.86407,5.267205821625374,C61H110O6,CCCCCCC=CCCCCCCCCCC(=O)OC(COC(=O)CCCCCCCCCCCC=CCC=CCCCCC)COC(=O)CCCCCCCCCC=CCCCCCC,[M+NH4]+,TG 18:1_18:1_22:2,"TG 18:1(11)_18:1(11)_22:2(13,16)",0.8390000000000004,0.49967749999999,0.07328142055789039,0.4561407102789454,Some,Some,,0.0,0.0,0.0,0.0,0.0,0.0,1380.3555555555556,0.0,0.0,0.0,0.0,0.0,0.0,0.0,0.0,0.0,0.0
18805,20.705,956.85903,956.86407,5.267205821625374,C61H110O6,CCCCCCCCC=CCCCCCCCC(=O)OC(COC(=O)CCCCCCCCCCCC=CCC=CCCCCC)COC(=O)CCCCCCCC=CCCCCCCCC,[M+NH4]+,TG 18:1_18:1_22:2,"TG 18:1(9)_18:1(9)_22:2(13,16)",0.8575000000000035,0.2980799999999988,0.0,0.42875000000000174,Some,None,,0.0,0.0,0.0,0.0,0.0,0.0,1380.3555555555556,0.0,0.0,0.0,0.0,0.0,0.0,0.0,0.0,0.0,0.0
18805,20.705,956.85903,956.86407,5.267205821625374,C61H110O6,CCCCCCCCC=CCCCCCCCC(=O)OC(COC(=O)CCCCCCCCCCCC=CCC=CCCCCC)COC(=O)CCCCCCCCCC=CCCCCCC,[M+NH4]+,TG 18:1_18:1_22:2,"TG 18:1(11)_18:1(9)_22:2(13,16)",0.789333333333334,0.22786666666668984,0.04885428037192693,0.4190938068526305,Some,Some,,0.0,0.0,0.0,0.0,0.0,0.0,751.4222222222221,0.0,0.0,0.0,0.0,0.0,0.0,0.0,0.0,0.0,0.0
18805,20.705,956.85903,956.86407,5.267205821625374,C61H110O6,CCCCCCCCCCCC=CCCCCC(=O)OC(COC(=O)CCCCCCCCCCCC=CCC=CCCCCC)COC(=O)CCCCCCCCCC=CCCCCCC,[M+NH4]+,TG 18:1_18:1_22:2,"TG 18:1(11)_18:1(6)_22:2(13,16)",0.7948571428571439,0.4243557142857201,0.04187509746165165,0.4183661201593978,Some,Some,,0.0,0.0,0.0,0.0,0.0,0.0,628.9333333333333,0.0,0.0,0.0,0.0,0.0,0.0,0.0,0.0,0.0,0.0
18805,20.705,956.85903,956.86407,5.267205821625374,C61H110O6,CCCCCCCCCCCC=CCCCCC(=O)OC(COC(=O)CCCCCCCCCCCC=CCC=CCCCCC)COC(=O)CCCCC=CCCCCCCCCCCC,[M+NH4]+,TG 18:1_18:1_22:2,"TG 18:1(6)_18:1(6)_22:2(13,16)",0.8245000000000022,0.48978999999997086,0.0,0.4122500000000011,Some,None,,0.0,0.0,0.0,0.0,0.0,0.0,628.9333333333333,0.0,0.0,0.0,0.0,0.0,0.0,0.0,0.0,0.0,0.0
18805,20.705,956.85903,956.86407,5.267205821625374,C61H110O6,CCCCCCCCC=CCCCCCCCC(=O)OC(COC(=O)CCCCCCCCCCCC=CCC=CCCCCC)COC(=O)CCCCC=CCCCCCCCCCCC,[M+NH4]+,TG 18:1_18:1_22:2,"TG 18:1(6)_18:1(9)_22:2(13,16)",0.824000000000001,0.41268000000000027,0.0,0.4120000000000005,Some,None,,0.0,0.0,0.0,0.0,0.0,0.0,0.0,0.0,0.0,0.0,0.0,0.0,0.0,0.0,0.0,0.0,0.0
18807,20.709,1006.87862,1006.87972,1.0924840159308582,C65H112O6,CCCCCCCCC=CCCCCCCCCCC(=O)OC(COC(=O)CCCCCCC=CCC=CCC=CCC=CCC=CCC=CCC)COC(=O)CCCCCCCCCCCCCCC,[M+NH4]+,TG 16:0_20:1_26:6,"TG 16:0_20:1(11)_26:6(8,11,14,17,20,23)",0.7851999999999997,0.7080610000000093,0.0727251646494829,0.42896258232474127,Some,Some,35100.0,23516.806722689074,20650.0,36800.0,18900.0,88681.01571946796,99787.37967914439,24826.94919858734,103538.75077574563,117095.09954058193,94748.4662576687,81127.54863293,89923.44132861421,79887.5351452671,143555.20882470335,81620.51872235368,69975.05345687811,85618.32361229439
18807,20.709,1006.87862,1006.87972,1.0924840159308582,C65H112O6,CCCCCCC=CCCCCCCCCCCCC(=O)OC(COC(=O)CCCCCCC=CCC=CCC=CCC=CCC=CCC=CCC)COC(=O)CCCCCCCCCCCCCCC,[M+NH4]+,TG 16:0_20:1_26:6,"TG 16:0_20:1(13)_26:6(8,11,14,17,20,23)",0.785999999999999,0.6745075000000043,0.06060430387456909,0.423302151937284,All,Some,0.0,5483.193277310924,20650.0,0.0,18900.0,87318.98428053205,112212.62032085561,9273.050801412659,109461.24922425438,111904.90045941806,103251.53374233129,89872.45136706998,91076.55867138579,80112.4648547329,142444.79117529665,81379.48127764634,84024.9465431219,84381.67638770562
18811,20.727,1032.89488,1032.89537,0.47439461356065266,C67H114O6,CCCCCCCCC=CCCCCCCCC(=O)OC(COC(=O)CCCCCCCCC=CCC=CCC=CCC=CCC=CCC=CCC)COC(=O)CCCCC=CCCCCCCCCCCC,[M+NH4]+,TG 18:1_18:1_28:6,"TG 18:1(6)_18:1(9)_28:6(10,13,16,19,22,25)",0.7248333333333328,0.5724308333333378,0.13489485694625697,0.4298640951397949,Some,Some,0.0,0.0,0.0,508.04321728691474,1113.456004185925,2151.7302889760967,2616.4809036914517,0.0,0.0,2983.505785013424,0.0,1952.895904847279,1900.841959628316,2264.119892848746,3490.2607711705164,1845.753063194028,1496.0742246311352,1954.9566489083888
18811,20.727,1032.89488,1032.89537,0.47439461356065266,C67H114O6,CCCCCCCCCCCC=CCCCCC(=O)OC(COC(=O)CCCCCCCCC=CCC=CCC=CCC=CCC=CCC=CCC)COC(=O)CCCCC=CCCCCCCCCCCC,[M+NH4]+,TG 18:1_18:1_28:6,"TG 18:1(6)_18:1(6)_28:6(10,13,16,19,22,25)",0.6579999999999998,0.6493230000000267,0.19652953461975814,0.427264767309879,Some,Some,0.0,0.0,0.0,3927.97118847539,3564.7335833260663,10098.572957545486,13084.54251560033,0.0,0.0,13729.911051238689,0.0,10143.551173010912,9384.42343527007,10465.714910116785,11220.960742490231,10004.77772755592,6469.0329218107,10618.872523416554
18811,20.727,1032.89488,1032.89537,0.47439461356065266,C67H114O6,CCCCCCCCCCCC=CCCCCC(=O)OC(COC(=O)CCCCCCCCC=CCC=CCC=CCC=CCC=CCC=CCC)COC(=O)CCCCCCCCCC=CCCCCCC,[M+NH4]+,TG 18:1_18:1_28:6,"TG 18:1(11)_18:1(6)_28:6(10,13,16,19,22,25)",0.6738571428571427,0.6634592857143063,0.18006806872289557,0.42696260579001916,Some,Some,0.0,0.0,0.0,508.04321728691474,885.183570245051,2381.305743845879,3024.41075858958,0.0,0.0,2946.901124518712,0.0,1916.0417167719788,2245.960234909437,2386.440863170233,3449.3372973769297,2062.3828778753705,1573.2560473752887,2271.012221874021
18811,20.727,1032.89488,1032.89537,0.47439461356065266,C67H114O6,CCCCCCCCC=CCCCCCCCC(=O)OC(COC(=O)CCCCCCCCC=CCC=CCC=CCC=CCC=CCC=CCC)COC(=O)CCCCCCCCCC=CCCCCCC,[M+NH4]+,TG 18:1_18:1_28:6,"TG 18:1(11)_18:1(9)_28:6(10,13,16,19,22,25)",0.6685714285714275,0.6159878571428733,0.16033321075700782,0.41445231966421764,Some,Some,0.0,0.0,0.0,3927.97118847539,3564.7335833260663,9712.415269354262,12583.823584692878,0.0,0.0,13050.23933044799,0.0,9993.125915560708,9099.947857915937,10036.489703744664,10198.833041567606,9859.79916686009,6123.565943992773,10196.615481040424
18811,20.727,1032.89488,1032.89537,0.47439461356065266,C67H114O6,CCCCCCCCC=CCCCCCCCC(=O)OC(COC(=O)CCCCCCCCC=CCC=CCC=CCC=CCC=CCC=CCC)COC(=O)CCCCCCCC=CCCCCCCCC,[M+NH4]+,TG 18:1_18:1_28:6,"TG 18:1(9)_18:1(9)_28:6(10,13,16,19,22,25)",0.6589999999999989,0.6556070000000205,0.16890073346751522,0.41395036673375707,Some,Some,0.0,0.0,0.0,3927.97118847539,3165.1172931019446,9365.501248662147,12137.409781219456,0.0,0.0,12661.145346670868,0.0,9256.794280341954,8793.327475139029,9670.408240977738,10090.130064303392,9355.726309874295,6048.66255144033,10020.745847696648
18811,20.727,1032.89488,1032.89537,0.47439461356065266,C67H114O6,CCCCCCC=CCCCCCCCCCC(=O)OC(COC(=O)CCCCCCCCC=CCC=CCC=CCC=CCC=CCC=CCC)COC(=O)CCCCCCCCCC=CCCCCCC,[M+NH4]+,TG 18:1_18:1_28:6,"TG 18:1(11)_18:1(11)_28:6(10,13,16,19,22,25)",0.6043333333333324,0.6924033333333645,0.21836171185890407,0.41134752259611823,Some,Some,0.0,0.0,0.0,0.0,506.77596581494726,1490.4744916161255,2053.3324562063003,0.0,0.0,1928.2973621103115,0.0,1137.591009467171,1375.4990371372126,1476.8263891418294,2350.478083091327,1171.560854640296,989.4083107497739,1537.7972770639647
18812,20.729,850.78429,850.78582,1.798337447477424,C53H100O6,CCCCCCCCCCCCCCCC(=O)OC(COC(=O)CCCCCCCCCC=CCCCCCC)COC(=O)CCCCCCCCCCCCCCC,[M+NH4]+,TG 16:0_16:0_18:1,TG 16:0_16:0_18:1(11),0.8730000000000011,0.5105750000000171,0.0,0.43650000000000055,All,None,0.0,0.0,0.0,0.0,0.0,0.0,0.0,0.0,0.0,0.0,0.0,0.0,0.0,0.0,0.0,0.0,0.0,0.0
18812,20.729,850.78429,850.78582,1.798337447477424,C53H100O6,CCCCCCCCCCCCCCCC(=O)OC(COC(=O)CCCCCCCC=CCCCCCCCC)COC(=O)CCCCCCCCCCCCCCC,[M+NH4]+,TG 16:0_16:0_18:1,TG 16:0_16:0_18:1(9),0.4540000000000042,0.5096450000000345,0.07819685590827927,0.26609842795414174,All,Some,0.0,0.0,0.0,783.057188669161,0.0,0.0,0.0,1099.0116801437557,1600.0,0.0,0.0,0.0,0.0,0.0,0.0,0.0,0.0,1344.472033455306
18812,20.729,850.78429,850.78582,1.798337447477424,C53H100O6,CCCCCCCCCCCCCCCC(=O)OC(COC(=O)CCCCC=CCCCCCCCCCCC)COC(=O)CCCCCCCCCCCCCCC,[M+NH4]+,TG 16:0_16:0_18:1,TG 16:0_16:0_18:1(6),0.240000000000002,0.07670999999982087,0.0,0.120000000000001,Some,Some,6530.0,0.0,12700.0,8316.942811330839,0.0,0.0,0.0,12800.988319856244,24400.0,0.0,0.0,0.0,0.0,0.0,0.0,0.0,0.0,19955.527966544694
18869,20.821,1032.89558,1032.89537,0.20331197742896456,C67H114O6,CCCCCCC=CCCCCCCCCCC(=O)OC(COC(=O)CCCCCCCCC=CCC=CCC=CCC=CCC=CCC=CCC)COC(=O)CCCCCCCCCC=CCCCCCC,[M+NH4]+,TG 18:1_18:1_28:6,"TG 18:1(11)_18:1(11)_28:6(10,13,16,19,22,25)",0.8493333333333327,0.6992891666667257,0.0,0.42466666666666636,Some,Some,0.0,0.0,0.0,0.0,0.0,0.0,0.0,0.0,0.0,0.0,0.0,0.0,0.0,0.0,414.5209558779205,0.0,0.0,0.0
18869,20.821,1032.89558,1032.89537,0.20331197742896456,C67H114O6,CCCCCCCCC=CCCCCCCCC(=O)OC(COC(=O)CCCCCCCCC=CCC=CCC=CCC=CCC=CCC=CCC)COC(=O)CCCCC=CCCCCCCCCCCC,[M+NH4]+,TG 18:1_18:1_28:6,"TG 18:1(6)_18:1(9)_28:6(10,13,16,19,22,25)",0.8463333333333333,0.6273091666667104,0.0,0.42316666666666664,Some,Some,0.0,0.0,0.0,0.0,0.0,0.0,0.0,0.0,0.0,0.0,0.0,0.0,0.0,0.0,3267.0176839290716,0.0,0.0,0.0
18869,20.821,1032.89558,1032.89537,0.20331197742896456,C67H114O6,CCCCCCCCCCCC=CCCCCC(=O)OC(COC(=O)CCCCCCCCC=CCC=CCC=CCC=CCC=CCC=CCC)COC(=O)CCCCCCCCCC=CCCCCCC,[M+NH4]+,TG 18:1_18:1_28:6,"TG 18:1(11)_18:1(6)_28:6(10,13,16,19,22,25)",0.8422857142857139,0.6812542857143414,0.0,0.42114285714285693,Some,Some,0.0,0.0,0.0,0.0,0.0,0.0,0.0,0.0,0.0,0.0,0.0,0.0,0.0,0.0,458.0593090126284,0.0,0.0,0.0
18869,20.821,1032.89558,1032.89537,0.20331197742896456,C67H114O6,CCCCCCCCC=CCCCCCCCC(=O)OC(COC(=O)CCCCCCCCC=CCC=CCC=CCC=CCC=CCC=CCC)COC(=O)CCCCCCCCCC=CCCCCCC,[M+NH4]+,TG 18:1_18:1_28:6,"TG 18:1(11)_18:1(9)_28:6(10,13,16,19,22,25)",0.8392857142857133,0.7118285714286442,0.0,0.41964285714285665,Some,Some,0.0,0.0,0.0,0.0,0.0,0.0,0.0,0.0,0.0,0.0,0.0,0.0,0.0,0.0,3134.6109227498578,0.0,0.0,0.0
18869,20.821,1032.89558,1032.89537,0.20331197742896456,C67H114O6,CCCCCCCCCCCC=CCCCCC(=O)OC(COC(=O)CCCCCCCCC=CCC=CCC=CCC=CCC=CCC=CCC)COC(=O)CCCCC=CCCCCCCCCCCC,[M+NH4]+,TG 18:1_18:1_28:6,"TG 18:1(6)_18:1(6)_28:6(10,13,16,19,22,25)",0.8289999999999992,0.6785270000000423,0.0,0.4144999999999996,Some,Some,0.0,0.0,0.0,0.0,0.0,0.0,0.0,0.0,0.0,0.0,0.0,0.0,0.0,0.0,3091.180071721655,0.0,0.0,0.0
18869,20.821,1032.89558,1032.89537,0.20331197742896456,C67H114O6,CCCCCCCCC=CCCCCCCCC(=O)OC(COC(=O)CCCCCCCCC=CCC=CCC=CCC=CCC=CCC=CCC)COC(=O)CCCCCCCC=CCCCCCCCC,[M+NH4]+,TG 18:1_18:1_28:6,"TG 18:1(9)_18:1(9)_28:6(10,13,16,19,22,25)",0.823599999999999,0.7145600000000627,0.0,0.4117999999999995,Some,Some,0.0,0.0,0.0,0.0,0.0,0.0,0.0,0.0,0.0,0.0,0.0,0.0,0.0,0.0,334.61105670886826,0.0,0.0,0.0
18910,20.832,883.77167,883.77251,0.9504708401025664,C55H104O6,CCCCCCCCCCCCCCCCCC(=O)OC(COC(=O)CCCCCCCCCC=CCCCCCC)COC(=O)CCCCCCCCCCCCCCC,[M+Na]+,TG 16:0_18:0_18:1,TG 16:0_18:0_18:1(11),0.9699999999999989,0.9254499999999553,0.033333421670069675,0.5016667108350342,Some,Some,,,,,,,298509.8039215686,,,677000.0,282332.4022346369,0.0,314384.6153846154,248609.07759882868,286763.4543178974,0.0,0.0,260758.48303393213
18910,20.832,883.77167,883.77251,0.9504708401025664,C55H104O6,CCCCCCCCCCCCCCCCCC(=O)OC(COC(=O)CCCCCCCC=CCCCCCCCC)COC(=O)CCCCCCCCCCCCCCC,[M+Na]+,TG 16:0_18:0_18:1,TG 16:0_18:0_18:1(9),0.9560000000000031,0.9032799999999952,0.0017314981775308773,0.478865749088767,Some,Some,,,,,,,361490.1960784314,,,0.0,339667.5977653631,582000.0,295615.3846153846,351390.9224011713,399236.5456821026,552000.0,530000.0,307241.51696606784
18942,20.836,878.81592,878.81712,1.3654718060565727,C55H104O6,CCCCCCCCCCCCCCCCCC(=O)OC(COC(=O)CCCCCCCC=CCCCCCCCC)COC(=O)CCCCCCCCCCCCCCC,[M+NH4]+,TG 16:0_18:0_18:1,TG 16:0_18:0_18:1(9),0.9769999999999968,0.5102400000000102,0.0,0.4884999999999984,All,None,1255998.5734664765,1112473.4042553192,1353859.3974175036,1167848.8372093022,1333587.0243293822,4143281.3765469817,4526813.880126183,1291087.2483221476,5215812.591508053,4551724.137931034,3828110.289172831,4326223.911086985,4056886.22754491,4072739.1874180865,4552033.940603944,3977357.4485710342,3475555.5555555555,3910534.846029173
18942,20.836,878.81592,878.81712,1.3654718060565727,C55H104O6,CCCCCCCCCCCCCCCCCC(=O)OC(COC(=O)CCCCCCCCCC=CCCCCCC)COC(=O)CCCCCCCCCCCCCCC,[M+NH4]+,TG 16:0_18:0_18:1,TG 16:0_18:0_18:1(11),0.9759999999999991,0.06289000000003853,0.0,0.48799999999999955,Some,None,0.0,0.0,0.0,0.0,0.0,73504.88071725941,0.0,0.0,0.0,0.0,0.0,97017.18546877902,0.0,0.0,0.0,205329.28344608587,0.0,0.0
18942,20.836,878.81592,878.81712,1.3654718060565727,C55H104O6,CCCCCCCCCCCCCCCCCC(=O)OC(COC(=O)CCCCC=CCCCCCCCCCCC)COC(=O)CCCCCCCCCCCCCCC,[M+NH4]+,TG 16:0_18:0_18:1,TG 16:0_18:0_18:1(6),0.625,0.491284999999948,0.0,0.3125,All,None,1114001.4265335235,1077526.5957446808,1126140.6025824964,952151.1627906978,1126412.9756706175,6583213.742735759,7973186.119873816,1168912.7516778524,6984187.408491947,7748275.862068965,6871889.710827169,6876758.903444236,7443113.77245509,7227260.812581914,8247966.059396057,6217313.267982881,5724444.444444445,6489465.153970826
18950,20.837,904.83144,904.83277,1.4698848715868138,C57H106O6,CCCCCCCCC=CCCCCCCCC(=O)OC(COC(=O)CCCCCCCC=CCCCCCCCC)COC(=O)CCCCCCCCCCCCCCCCC,[M+NH4]+,TG 18:0_18:1_18:1,TG 18:0_18:1(9)_18:1(9),0.9749999999999979,0.08842999999995982,0.0,0.48749999999999893,All,None,521808.8437930602,464738.003950273,524579.1245791246,504801.8159594902,535739.6870554765,899802.1956285235,1039503.5710104203,570847.1302428256,1095107.434681731,949856.8011051585,825716.1716171617,976753.1590624095,910017.458905689,859036.5944734876,957176.873711415,853124.6824509705,741820.9876543211,902281.6867757735
18950,20.837,904.83144,904.83277,1.4698848715868138,C57H106O6,CCCCCCC=CCCCCCCCCCC(=O)OC(COC(=O)CCCCCCCC=CCCCCCCCC)COC(=O)CCCCCCCCCCCCCCCCC,[M+NH4]+,TG 18:0_18:1_18:1,TG 18:0_18:1(11)_18:1(9),0.9746666666666665,0.3672099999999621,0.0,0.48733333333333323,All,None,939255.9188275083,908283.9549204137,983052.7497194164,823136.0223502708,970874.8221906117,2309397.6856888537,2603985.481793701,894174.944812362,2685028.7501260974,2563657.131304963,2200099.0099009904,2476304.6204302115,2259353.691076193,2363554.8917102315,2578238.2321340414,2285639.6707651666,1940462.9629629632,2174730.2194082746
18950,20.837,904.83144,904.83277,1.4698848715868138,C57H106O6,CCCCCCC=CCCCCCCCCCC(=O)OC(COC(=O)CCCCCCCCCC=CCCCCCC)COC(=O)CCCCCCCCCCCCCCCCC,[M+NH4]+,TG 18:0_18:1_18:1,TG 18:0_18:1(11)_18:1(11),0.9740000000000038,0.9247699999999668,0.0,0.4870000000000019,All,None,675886.2582988852,623120.7156965261,681526.3748597082,664999.1269425529,714864.864864865,1460404.5099396699,1742184.7558833861,780005.5187637969,1740078.6845556337,1539533.0031335286,1368950.495049505,1550448.5386321982,1537330.4344961622,1362148.369429923,1582271.9749107065,1347485.0116858045,1208024.6913580247,1494218.1340341654
18950,20.837,904.83144,904.83277,1.4698848715868138,C57H106O6,CCCCCCCCCCCC=CCCCCC(=O)OC(COC(=O)CCCCCCCC=CCCCCCCCC)COC(=O)CCCCCCCCCCCCCCCCC,[M+NH4]+,TG 18:0_18:1_18:1,TG 18:0_18:1(6)_18:1(9),0.7484999999999982,0.47039499999999634,0.0026349156156864097,0.3755674578078423,All,Some,417447.07503444824,443545.95097014064,458473.6251402918,318334.2063907806,435135.1351351352,1409595.4900603301,1564481.9107832809,323327.8145695364,1589921.315444366,1613800.3301998046,1374382.8382838287,1499551.4613678018,1349336.2321705043,1504518.2972367438,1621061.3584226267,1432514.988314196,1198641.975308642,1272448.532632501
18950,20.837,904.83144,904.83277,1.4698848715868138,C57H106O6,CCCCCCC=CCCCCCCCCCC(=O)OC(COC(=O)CCCCC=CCCCCCCCCCCC)COC(=O)CCCCCCCCCCCCCCCCC,[M+NH4]+,TG 18:0_18:1_18:1,TG 18:0_18:1(11)_18:1(6),0.6726666666666669,0.8764966666666775,0.003513220820915213,0.33808994374379103,All,Some,571524.489540273,601928.6627163936,615420.8754208755,478531.5173738433,614260.3129445235,1970197.8043714764,2267163.0956562464,532486.2030905077,2234892.5653182687,2203476.5322281746,1917617.1617161718,2073246.8409375905,1976649.2077609773,2007630.0721931788,2246156.459621918,1926875.3175490298,1664845.679012346,1864384.9798908932
18950,20.837,904.83144,904.83277,1.4698848715868138,C57H106O6,CCCCCCCCCCCC=CCCCCC(=O)OC(COC(=O)CCCCC=CCCCCCCCCCCC)COC(=O)CCCCCCCCCCCCCCCCC,[M+NH4]+,TG 18:0_18:1_18:1,TG 18:0_18:1(6)_18:1(6),0.5219999999999985,0.8523600000000329,0.005269831231372819,0.26363491561568564,All,Some,154077.41450582488,158382.71174625304,156947.25028058366,160197.31098306272,179125.17780938838,560602.3143111464,702681.1848729658,209158.38852097132,644971.2498739029,589676.2020283701,543234.3234323433,573695.3795697887,627312.9755904733,503111.774956435,625095.1011992915,494360.329234834,466203.7037037037,591936.447258392
18980,20.841,909.78696,909.78816,1.3189883674966147,C57H106O6,CCCCCCCCC=CCCCCCCCC(=O)OC(COC(=O)CCCCCCCCCC=CCCCCCCCC)COC(=O)CCCCCCCCCCCCCCC,[M+Na]+,TG 16:0_18:1_20:1,TG 16:0_18:1(9)_20:1(11),0.9959999999999951,0.0077099999999745705,0.007411997753180098,0.5017059988765876,Some,Some,64750.0,,68250.0,,,121250.0,88476.75401521556,65250.0,139000.0,132750.0,82822.05513784463,84641.6015625,95551.72413793101,0.0,0.0,0.0,78619.93243243244,82314.91712707184
18980,20.841,909.78696,909.78816,1.3189883674966147,C57H106O6,CCCCCCCCCCCC=CCCCCC(=O)OC(COC(=O)CCCCCCCCCC=CCCCCCCCC)COC(=O)CCCCCCCCCCCCCCC,[M+Na]+,TG 16:0_18:1_20:1,TG 16:0_18:1(6)_20:1(11),0.9849999999999994,0.4223400000000197,0.00471488316198179,0.49485744158099065,Some,Some,64750.0,,68250.0,,,121250.0,88476.75401521556,65250.0,139000.0,132750.0,82822.05513784463,84641.6015625,64189.65517241378,0.0,0.0,0.0,78619.93243243244,82314.91712707184
18980,20.841,909.78696,909.78816,1.3189883674966147,C57H106O6,CCCCCCC=CCCCCCCCCCC(=O)OC(COC(=O)CCCCCCCCCC=CCCCCCCCC)COC(=O)CCCCCCCCCCCCCCC,[M+Na]+,TG 16:0_18:1_20:1,TG 16:0_18:1(11)_20:1(11),0.9769999999999968,0.46621999999996433,0.003705998876590049,0.4903529994382934,Some,Some,0.0,,0.0,,,0.0,97046.4919695689,0.0,0.0,0.0,80355.8897243108,90216.79687500001,86758.62068965516,238500.0,280000.0,227500.0,56260.13513513514,70370.16574585636
18980,20.841,909.78696,909.78816,1.3189883674966147,C57H106O6,CCCCCCCCC=CCCCCCCCC(=O)OC(COC(=O)CCCCCCCCCCCC=CCCCCCC)COC(=O)CCCCCCCCCCCCCCC,[M+Na]+,TG 16:0_18:1_20:1,TG 16:0_18:1(9)_20:1(13),0.9769999999999968,0.46621999999996433,0.003705998876590049,0.4903529994382934,Some,Some,64750.0,,68250.0,,,121250.0,185523.24598478444,65250.0,139000.0,132750.0,163177.94486215542,174858.39843750003,119586.20689655171,238500.0,280000.0,227500.0,134880.06756756757,152685.0828729282
18980,20.841,909.78696,909.78816,1.3189883674966147,C57H106O6,CCCCCCCCCCCC=CCCCCC(=O)OC(COC(=O)CCCCCCCCCCCC=CCCCCCC)COC(=O)CCCCCCCCCCCCCCC,[M+Na]+,TG 16:0_18:1_20:1,TG 16:0_18:1(6)_20:1(13),0.9660000000000011,0.8808500000000095,0.001008884285391741,0.4835044421426964,Some,Some,0.0,,0.0,,,0.0,0.0,0.0,0.0,0.0,0.0,0.0,31362.068965517232,0.0,0.0,0.0,0.0,0.0
18980,20.841,909.78696,909.78816,1.3189883674966147,C57H106O6,CCCCCCC=CCCCCCCCCCC(=O)OC(COC(=O)CCCCCCCCCCCC=CCCCCCC)COC(=O)CCCCCCCCCCCCCCC,[M+Na]+,TG 16:0_18:1_20:1,TG 16:0_18:1(11)_20:1(13),0.9579999999999984,0.9247299999999541,0.0,0.4789999999999992,All,None,64750.0,,68250.0,,,121250.0,88476.75401521556,65250.0,139000.0,132750.0,82822.05513784463,84641.6015625,95551.72413793101,0.0,0.0,0.0,78619.93243243244,82314.91712707184
19010,20.848,930.84725,930.84842,1.2569178556503235,C59H108O6,CCCCCCCCCCCC=CCCCCC(=O)OC(COC(=O)CCCCCCCCCC=CCCCCCCCC)COC(=O)CCCCC=CCCCCCCCCCCC,[M+NH4]+,TG 18:1_18:1_20:1,TG 18:1(6)_18:1(6)_20:1(11),0.9869999999999983,0.5166399999999953,0.0,0.49349999999999916,Some,None,136434.4746162928,141640.89535240261,132940.17955294982,124484.6908144887,136644.2271052966,236960.66927617491,288147.861428295,129513.17488403233,285316.6390728476,267554.565701559,233565.87320292246,262702.42033780256,223642.5288894838,235880.88768115942,260333.1978870378,229552.66955266954,213322.61930703855,228583.9462051176
19010,20.848,930.84725,930.84842,1.2569178556503235,C59H108O6,CCCCCCC=CCCCCCCCCCC(=O)OC(COC(=O)CCCCCCCCCC=CCCCCCCCC)COC(=O)CCCCCCCCCC=CCCCCCC,[M+NH4]+,TG 18:1_18:1_20:1,TG 18:1(11)_18:1(11)_20:1(11),0.9859999999999971,0.5058749999999463,0.0,0.49299999999999855,Some,None,107027.74498229043,98992.50952735553,117295.71271528033,92855.71342805681,112123.71395910073,140895.533083131,162485.00096767955,107439.6250777103,164919.28807947016,150538.97550111357,139083.19585199154,147923.55911544486,144447.41890866912,137549.81884057974,161566.43640796424,136666.66666666663,124407.27827413379,137768.1621722736
19010,20.848,930.84725,930.84842,1.2569178556503235,C59H108O6,CCCCCCCCC=CCCCCCCCC(=O)OC(COC(=O)CCCCCCCCCC=CCCCCCCCC)COC(=O)CCCCCCCC=CCCCCCCCC,[M+NH4]+,TG 18:1_18:1_20:1,TG 18:1(9)_18:1(9)_20:1(11),0.9859999999999971,0.5058749999999463,0.0,0.49299999999999855,All,None,243462.21959858324,240633.4048797582,250235.89226823012,217340.40424254548,248767.94106439734,394076.65505226474,450632.8623959745,236952.7999617426,450235.9271523178,435804.008908686,372649.069054914,435607.2610134076,379188.41743630945,373430.70652173914,421899.63429500203,366219.33621933614,337729.89758117235,380141.28048360255
19010,20.848,930.84725,930.84842,1.2569178556503235,C59H108O6,CCCCCCCCC=CCCCCCCCC(=O)OC(COC(=O)CCCCCCCCCCCC=CCCCCCC)COC(=O)CCCCCCCC=CCCCCCCCC,[M+NH4]+,TG 18:1_18:1_20:1,TG 18:1(9)_18:1(9)_20:1(13),0.9859999999999971,0.5058749999999463,0.0,0.49299999999999855,Some,None,243462.21959858324,240633.40487975813,250235.89226823012,217340.40424254548,248767.94106439734,377856.20235930587,450632.8623959745,236952.79996174262,450235.9271523178,418093.5412026726,372649.069054914,410625.9794532474,368089.9477981529,373430.70652173914,421899.63429500203,366219.33621933614,337729.89758117235,366352.1083773911
19010,20.848,930.84725,930.84842,1.2569178556503235,C59H108O6,CCCCCCCCCCCC=CCCCCC(=O)OC(COC(=O)CCCCCCCCCCCC=CCCCCCC)COC(=O)CCCCC=CCCCCCCCCCCC,[M+NH4]+,TG 18:1_18:1_20:1,TG 18:1(6)_18:1(6)_20:1(13),0.9840000000000018,0.5281350000000202,0.0,0.4920000000000009,Some,None,243462.21959858324,240633.40487975813,250235.89226823012,217340.40424254548,248767.94106439734,377856.20235930587,450632.8623959745,236952.79996174262,450235.9271523178,418093.5412026726,372649.069054914,410625.9794532474,368089.9477981529,373430.70652173914,421899.63429500203,366219.33621933614,337729.89758117235,366352.1083773911
19010,20.848,930.84725,930.84842,1.2569178556503235,C59H108O6,CCCCCCCCC=CCCCCCCCC(=O)OC(COC(=O)CCCCCCCCCC=CCCCCCCCC)COC(=O)CCCCCCCCCC=CCCCCCC,[M+NH4]+,TG 18:1_18:1_20:1,TG 18:1(11)_18:1(9)_20:1(11),0.9734999999999996,0.5060024999999655,0.0,0.4867499999999998,All,None,74991.14521841795,76639.36221472688,71722.7006229388,63910.84650790473,72653.37228502479,129542.38062395308,120987.03309463907,71701.49681985557,134192.88079470195,112587.9732739421,98590.6198444497,125827.09385338672,112602.0613037077,108562.04710144927,110755.79032913451,107085.13708513704,99550.55567661798,118678.31369190024
19010,20.848,930.84725,930.84842,1.2569178556503235,C59H108O6,CCCCCCCCC=CCCCCCCCC(=O)OC(COC(=O)CCCCCCCCCCCC=CCCCCCC)COC(=O)CCCCCCCCCC=CCCCCCC,[M+NH4]+,TG 18:1_18:1_20:1,TG 18:1(11)_18:1(9)_20:1(13),0.9734999999999996,0.5060024999999655,0.0,0.4867499999999998,All,None,54828.80755608029,56911.82268167681,61217.47893001099,50417.750650390226,60218.46818239554,74814.36364124934,69552.9320688988,54508.15360336665,73994.20529801323,66414.25389755011,61032.28847513553,65675.60508445062,77466.20265024765,62522.64492753623,69079.64242177978,62712.8427128427,55154.71780344301,74814.90779848577
19010,20.848,930.84725,930.84842,1.2569178556503235,C59H108O6,CCCCCCC=CCCCCCCCCCC(=O)OC(COC(=O)CCCCCCCCCCCC=CCCCCCC)COC(=O)CCCCCCCCCC=CCCCCCC,[M+NH4]+,TG 18:1_18:1_20:1,TG 18:1(11)_18:1(11)_20:1(13),0.9610000000000021,0.5061299999999846,0.0,0.48050000000000104,All,None,243462.21959858324,240633.4048797582,250235.89226823012,217340.40424254548,248767.94106439734,394076.65505226474,450632.8623959745,236952.7999617426,450235.9271523178,435804.008908686,372649.069054914,435607.2610134076,379188.4174363093,373430.70652173914,421899.63429500203,366219.33621933614,337729.89758117235,380141.28048360255
19010,20.848,930.84725,930.84842,1.2569178556503235,C59H108O6,CCCCCCCCCCCC=CCCCCC(=O)OC(COC(=O)CCCCCCCCCC=CCCCCCCCC)COC(=O)CCCCCCCCCC=CCCCCCC,[M+NH4]+,TG 18:1_18:1_20:1,TG 18:1(11)_18:1(6)_20:1(11),0.8416666666666673,0.5040766666666627,0.0,0.42083333333333367,All,None,136434.4746162928,141640.89535240261,132940.17955294982,124484.6908144887,136644.2271052966,236960.66927617491,288147.861428295,129513.17488403233,285316.6390728476,267554.565701559,233565.87320292246,262702.42033780256,223642.5288894838,235880.88768115942,260333.1978870378,229552.66955266954,213322.61930703855,228583.9462051176
19010,20.848,930.84725,930.84842,1.2569178556503235,C59H108O6,CCCCCCCCC=CCCCCCCCC(=O)OC(COC(=O)CCCCCCCCCCCC=CCCCCCC)COC(=O)CCCCC=CCCCCCCCCCCC,[M+NH4]+,TG 18:1_18:1_20:1,TG 18:1(6)_18:1(9)_20:1(13),0.8416666666666673,0.5040766666666627,0.0,0.42083333333333367,All,None,136434.4746162928,141640.89535240261,132940.17955294982,124484.6908144887,136644.2271052966,236960.66927617491,288147.861428295,129513.17488403233,285316.6390728476,267554.565701559,233565.87320292246,262702.42033780256,223642.5288894838,235880.88768115942,260333.1978870378,229552.66955266954,213322.61930703855,228583.9462051176
19030,20.853,850.78261,850.78582,3.7729824880806015,C53H100O6,CCCCCCCCCCCCCCCC(=O)OC(COC(=O)CCCCCCCCCC=CCCCCCC)COC(=O)CCCCCCCCCCCCCCC,[M+NH4]+,TG 16:0_16:0_18:1,TG 16:0_16:0_18:1(11),0.9889999999999972,0.5102400000000102,0.0,0.4944999999999986,All,None,0.0,0.0,0.0,0.0,0.0,0.0,0.0,0.0,0.0,0.0,0.0,0.0,0.0,7720.0,0.0,0.0,0.0,0.0
19030,20.853,850.78261,850.78582,3.7729824880806015,C53H100O6,CCCCCCCCCCCCCCCC(=O)OC(COC(=O)CCCCCCCC=CCCCCCCCC)COC(=O)CCCCCCCCCCCCCCC,[M+NH4]+,TG 16:0_16:0_18:1,TG 16:0_16:0_18:1(9),0.4759999999999991,0.11917000000005373,0.0,0.23799999999999955,Some,None,0.0,0.0,0.0,0.0,0.0,0.0,0.0,0.0,0.0,0.0,0.0,0.0,0.0,0.0,0.0,0.0,0.0,0.0
19084,20.924,956.86281,956.86407,1.3168014554063434,C61H110O6,CCCCCC=CCC=CCCCCCCCCCC(=O)OC(COC(=O)CCCCCCCCCC=CCC=CCCCCC)COC(=O)CCCCCCCCCCCCCCCCC,[M+NH4]+,TG 18:0_20:2_20:2,"TG 18:0_20:2(11,14)_20:2(11,14)",0.8399999999999999,0.06720000000007076,0.0,0.41999999999999993,All,None,181000.0,182000.0,187000.0,152000.0,184000.0,299000.0,360000.0,183000.0,377000.0,362000.0,346000.0,320000.0,276000.0,298000.0,453000.0,273000.0,259000.0,303000.0
19134,21.068,906.84654,906.84842,2.0731138286906905,C57H108O6,CCCCCCCCCCCCCCCCCC(=O)OC(COC(=O)CCCCCCCCCC=CCCCCCC)COC(=O)CCCCCCCCCCCCCCCCC,[M+NH4]+,TG 18:0_18:0_18:1,TG 18:0_18:0_18:1(11),0.9960000000000022,0.06002000000000862,0.0,0.4980000000000011,Some,None,,,,,,0.0,0.0,0.0,0.0,0.0,0.0,0.0,0.0,6103.006142987845,13758.77712031558,5561.755952380952,0.0,0.0
19134,21.068,906.84654,906.84842,2.0731138286906905,C57H108O6,CCCCCCCCCCCCCCCCCC(=O)OC(COC(=O)CCCCCCCC=CCCCCCCCC)COC(=O)CCCCCCCCCCCCCCCCC,[M+NH4]+,TG 18:0_18:0_18:1,TG 18:0_18:0_18:1(9),0.990000000000002,0.9012099999999919,0.0,0.495000000000001,Some,None,,,,,,41233.48430423239,53100.0,0.0,65900.0,73000.0,45700.0,0.0,50647.15231788079,42996.99385701215,61566.173570019724,26938.24404761905,41700.0,0.0
19134,21.068,906.84654,906.84842,2.0731138286906905,C57H108O6,CCCCCCCCCCCCCCCCCC(=O)OC(COC(=O)CCCCC=CCCCCCCCCCCC)COC(=O)CCCCCCCCCCCCCCCCC,[M+NH4]+,TG 18:0_18:0_18:1,TG 18:0_18:0_18:1(6),0.602999999999998,0.8568550000000528,0.04209442296279129,0.32254721148139465,All,Some,,,,,,6166.515695767609,0.0,0.0,0.0,0.0,0.0,0.0,9952.847682119205,0.0,12975.049309664695,0.0,0.0,0.0
19144,21.07,932.86231,932.86407,1.8866628661024687,C59H110O6,CCCCCCCCC=CCCCCCCCC(=O)OC(COC(=O)CCCCCCCCCCCC=CCCCCCCCC)COC(=O)CCCCCCCCCCCCCCC,[M+NH4]+,TG 16:0_18:1_22:1,TG 16:0_18:1(9)_22:1(13),0.9879999999999995,0.5080799999999499,0.0,0.4939999999999998,All,None,,,,,,34496.86847599165,,,0.0,42464.608410192275,40122.3241590214,0.0,0.0,21610.67106710671,41784.39964943033,,13189.875666074597,0.0
19144,21.07,932.86231,932.86407,1.8866628661024687,C59H110O6,CCCCCCCCCCCC=CCCCCC(=O)OC(COC(=O)CCCCCCCCCCCC=CCCCCCCCC)COC(=O)CCCCCCCCCCCCCCC,[M+NH4]+,TG 16:0_18:1_22:1,TG 16:0_18:1(6)_22:1(13),0.8989999999999991,0.6798524999999813,0.0,0.44949999999999957,All,None,,,,,,11403.13152400835,,,0.0,16717.695794903862,12738.837920489295,0.0,0.0,13660.451045104512,25574.934268185803,,10055.062166962698,0.0
19144,21.07,932.86231,932.86407,1.8866628661024687,C59H110O6,CCCCCCC=CCCCCCCCCCC(=O)OC(COC(=O)CCCCCCCCCCCC=CCCCCCCCC)COC(=O)CCCCCCCCCCCCCCC,[M+NH4]+,TG 16:0_18:1_22:1,TG 16:0_18:1(11)_22:1(13),0.8780000000000001,0.29053500000000554,0.0,0.43900000000000006,All,None,,,,,,0.0,,,0.0,16717.695794903862,12738.837920489295,0.0,0.0,6928.87788778878,14840.666082383877,,10055.062166962698,0.0
19162,21.079,958.87603,958.87972,3.848240736602466,C61H112O6,CCCCCCCCCCCC=CCCCCC(=O)OC(COC(=O)CCCCCCCCCCCC=CCCCCCCCC)COC(=O)CCCCC=CCCCCCCCCCCC,[M+NH4]+,TG 18:1_18:1_22:1,TG 18:1(6)_18:1(6)_22:1(13),0.7829999999999977,0.43073500000002696,0.0,0.39149999999999885,Some,None,,,,,,0.0,0.0,,0.0,4451.772464962903,3930.698602794411,0.0,0.0,0.0,0.0,0.0,1678.8224554997719,0.0
19162,21.079,958.87603,958.87972,3.848240736602466,C61H112O6,CCCCCCC=CCCCCCCCCCC(=O)OC(COC(=O)CCCCCCCCCCCC=CCCCCCCCC)COC(=O)CCCCCCCCCC=CCCCCCC,[M+NH4]+,TG 18:1_18:1_22:1,TG 18:1(11)_18:1(11)_22:1(13),0.7560000000000002,0.4876799999999548,0.0,0.3780000000000001,Some,None,,,,,,0.0,0.0,,0.0,12170.92607859302,10945.149700598802,0.0,0.0,0.0,0.0,0.0,6531.538110451848,0.0
19162,21.079,958.87603,958.87972,3.848240736602466,C61H112O6,CCCCCCCCC=CCCCCCCCC(=O)OC(COC(=O)CCCCCCCCCCCC=CCCCCCCCC)COC(=O)CCCCCCCCCC=CCCCCCC,[M+NH4]+,TG 18:1_18:1_22:1,TG 18:1(11)_18:1(9)_22:1(13),0.6594999999999995,0.4714475000000107,0.0,0.32974999999999977,All,None,,,,,,0.0,0.0,,0.0,4451.772464962903,3930.698602794411,0.0,0.0,0.0,0.0,0.0,3031.903240529439,0.0
19162,21.079,958.87603,958.87972,3.848240736602466,C61H112O6,CCCCCCCCCCCC=CCCCCC(=O)OC(COC(=O)CCCCCCCCCCCC=CCCCCCCCC)COC(=O)CCCCCCCCCC=CCCCCCC,[M+NH4]+,TG 18:1_18:1_22:1,TG 18:1(11)_18:1(6)_22:1(13),0.6159999999999997,0.5974933333333373,0.0,0.30799999999999983,All,None,,,,,,0.0,0.0,,0.0,1206.3753778510581,1379.001996007984,0.0,0.0,0.0,0.0,0.0,851.9397535371976,0.0
19162,21.079,958.87603,958.87972,3.848240736602466,C61H112O6,CCCCCCCCC=CCCCCCCCC(=O)OC(COC(=O)CCCCCCCCCCCC=CCCCCCCCC)COC(=O)CCCCCCCC=CCCCCCCCC,[M+NH4]+,TG 18:1_18:1_22:1,TG 18:1(9)_18:1(9)_22:1(13),0.5629999999999988,0.45521500000006654,0.0,0.2814999999999994,All,None,,,,,,0.0,0.0,,0.0,7719.153613630118,7014.451097804389,0.0,0.0,0.0,0.0,0.0,4852.715654952077,0.0
19162,21.079,958.87603,958.87972,3.848240736602466,C61H112O6,CCCCCCCCC=CCCCCCCCC(=O)OC(COC(=O)CCCCCCCCCCCC=CCCCCCCCC)COC(=O)CCCCC=CCCCCCCCCCCC,[M+NH4]+,TG 18:1_18:1_22:1,TG 18:1(6)_18:1(9)_22:1(13),0.5459999999999994,0.6524000000000285,0.0,0.2729999999999997,All,None,,,,,,0.0,0.0,,0.0,0.0,0.0,0.0,0.0,0.0,0.0,0.0,1353.0807850296667,0.0
19182,21.114,1008.89488,1008.89537,0.48567969938589783,C65H114O6,CCCCCCCCC=CCCCCCCCC(=O)OC(COC(=O)CCCCCCCCCCCC=CCC=CCC=CCC=CCC=CCC)COC(=O)CCCCCCCCCCCCCCC,[M+NH4]+,TG 16:0_18:1_28:5,"TG 16:0_18:1(9)_28:5(13,16,19,22,25)",0.7434999999999983,0.5279962500000153,0.0,0.37174999999999914,Some,Some,0.0,0.0,0.0,0.0,0.0,14800.337166733898,17796.303356349104,0.0,20703.891977760126,16363.654325866282,19382.44030524329,17531.816379925473,17355.201603920694,8926.675237705032,30429.91721381673,14001.588734428597,11581.45421903052,14590.368449996071
19182,21.114,1008.89488,1008.89537,0.48567969938589783,C65H114O6,CCCCCCCCCCCC=CCCCCC(=O)OC(COC(=O)CCCCCCCCCCCC=CCC=CCC=CCC=CCC=CCC)COC(=O)CCCCCCCCCCCCCCC,[M+NH4]+,TG 16:0_18:1_28:5,"TG 16:0_18:1(6)_28:5(13,16,19,22,25)",0.6805714285714279,0.4758871428571508,0.0,0.34028571428571397,Some,Some,0.0,0.0,0.0,0.0,0.0,5735.982464285444,7286.544951356236,0.0,6898.808578236696,8069.322532045741,10266.858127512924,6071.1329580591455,7081.755402094007,4378.7231036577605,12659.00656580074,5903.33995306012,6827.019748653502,5633.749705397124
19182,21.114,1008.89488,1008.89537,0.48567969938589783,C65H114O6,CCCCCCC=CCCCCCCCCCC(=O)OC(COC(=O)CCCCCCCCCCCC=CCC=CCC=CCC=CCC=CCC)COC(=O)CCCCCCCCCCCCCCC,[M+NH4]+,TG 16:0_18:1_28:5,"TG 16:0_18:1(11)_28:5(13,16,19,22,25)",0.6728888888888878,0.5741200000000062,0.0,0.3364444444444439,Some,Some,0.0,0.0,0.0,0.0,0.0,20396.81023525562,23896.033662331793,0.0,26885.941223193015,24520.24006520289,24389.70214162632,23584.016490922062,23812.0962352417,11561.902205394104,38520.41107622039,19115.00270807005,16863.55475763016,19003.472385890484
19182,21.114,1008.89488,1008.89537,0.48567969938589783,C65H114O6,CCCCCCCCC=CCCCCCCCC(=O)OC(COC(=O)CCCCCCCCC=CCC=CCC=CCC=CCC=CCCCCC)COC(=O)CCCCCCCCCCCCCCC,[M+NH4]+,TG 16:0_18:1_28:5,"TG 16:0_18:1(9)_28:5(10,13,16,19,22)",0.6355000000000004,0.46368250000003286,0.0,0.3177500000000002,Some,Some,0.0,0.0,0.0,0.0,0.0,8933.967074869282,9856.596207339631,0.0,9631.453534551232,12699.320803181112,12317.07557233117,9087.766590026164,10316.328803742479,5627.64583715969,15456.465886383105,8472.106878497925,9285.834829443445,7574.263492811689
19182,21.114,1008.89488,1008.89537,0.48567969938589783,C65H114O6,CCCCCCC=CCCCCCCCCCC(=O)OC(COC(=O)CCCCCCCCC=CCC=CCC=CCC=CCC=CCCCCC)COC(=O)CCCCCCCCCCCCCCC,[M+NH4]+,TG 16:0_18:1_28:5,"TG 16:0_18:1(11)_28:5(10,13,16,19,22)",0.6005000000000003,0.6480787500000105,0.0,0.30025000000000013,Some,None,0.0,0.0,0.0,0.0,0.0,14848.628880652112,18109.86854181669,0.0,22421.12787926926,17120.897033762256,20857.01977517026,17392.97550146674,17104.0320784139,9616.705047964848,30852.554952897517,14110.128181982309,10711.077199281868,14621.6670594705
19182,21.114,1008.89488,1008.89537,0.48567969938589783,C65H114O6,CCCCCCCCCCCC=CCCCCC(=O)OC(COC(=O)CCCCCCCCC=CCC=CCC=CCC=CCC=CCCCCC)COC(=O)CCCCCCCCCCCCCCC,[M+NH4]+,TG 16:0_18:1_28:5,"TG 16:0_18:1(6)_28:5(10,13,16,19,22)",0.569333333333334,0.47485500000004777,0.0,0.284666666666667,Some,None,0.0,0.0,0.0,0.0,0.0,5784.274178203656,6854.65328080654,0.0,7458.776806989675,8826.565239941714,8886.904078116026,5932.292079600412,6830.585876587213,4088.3485681185625,13081.644304881533,5197.8335439610055,5331.059245960503,4976.478906434126
19326,21.319,958.87888,958.87972,0.8760222815425212,C61H112O6,CCCCCCCCC=CCCCCCCCC(=O)OC(COC(=O)CCCCCCCCCCCC=CCCCCCCCC)COC(=O)CCCCC=CCCCCCCCCCCC,[M+NH4]+,TG 18:1_18:1_22:1,TG 18:1(6)_18:1(9)_22:1(13),0.9913333333333346,0.616143333333298,0.0,0.4956666666666673,Some,None,40234.421364985166,36673.68421052632,42323.367427222656,51166.66666666667,53215.55555555554,81188.48857644993,100898.85683179097,45263.35697399527,106252.73283777875,90079.97289054558,80358.5770946951,91962.53345227476,76767.04545454546,78328.63052933064,85418.70279875613,70079.51070336392,75851.34545454544,81830.04248937765
19326,21.319,958.87888,958.87972,0.8760222815425212,C61H112O6,CCCCCCCCCCCC=CCCCCC(=O)OC(COC(=O)CCCCCCCCCCCC=CCCCCCCCC)COC(=O)CCCCC=CCCCCCCCCCCC,[M+NH4]+,TG 18:1_18:1_22:1,TG 18:1(6)_18:1(6)_22:1(13),0.9909999999999997,0.8694449999999279,0.0,0.49549999999999983,Some,None,94510.38575667657,74992.98245614035,100784.4217151849,51166.66666666667,83159.99999999999,203473.41827768015,223694.5019052804,82093.6170212766,224901.617839965,226437.81768891902,199916.46008924142,197012.0428189117,188649.1477272727,195665.85339980904,224201.13282985342,181740.72596729157,172239.70909090908,206896.52586853286
19326,21.319,958.87888,958.87972,0.8760222815425212,C61H112O6,CCCCCCC=CCCCCCCCCCC(=O)OC(COC(=O)CCCCCCCCCCCC=CCCCCCCCC)COC(=O)CCCCCCCCCC=CCCCCCC,[M+NH4]+,TG 18:1_18:1_22:1,TG 18:1(11)_18:1(11)_22:1(13),0.9870000000000019,0.5062449999999785,0.0,0.49350000000000094,Some,None,40234.421364985166,36673.68421052632,42323.367427222656,51166.66666666667,53215.55555555554,128813.48857644993,131766.57593903103,45263.35697399527,137439.87756886752,145689.59674686546,122731.16013882002,116367.97502230153,120933.23863636363,123332.55542590428,139241.67036872503,113632.76160085094,112372.36363636363,130579.85503624093
19326,21.319,958.87888,958.87972,0.8760222815425212,C61H112O6,CCCCCCCCC=CCCCCCCCC(=O)OC(COC(=O)CCCCCCCCCCCC=CCCCCCCCC)COC(=O)CCCCCCCC=CCCCCCCCC,[M+NH4]+,TG 18:1_18:1_22:1,TG 18:1(9)_18:1(9)_22:1(13),0.9870000000000019,0.5062449999999785,0.0,0.49350000000000094,All,None,54275.9643916914,74992.98245614035,58461.05428796224,51166.66666666667,59033.33333333333,111487.69771528998,135914.42569406645,64022.695035460994,131438.5658067337,119884.44595052522,112091.34853743183,123088.31400535238,100400.56818181816,107682.40161238993,122341.62594402488,100280.01595532507,93966.54545454546,114716.8207948013
19326,21.319,958.87888,958.87972,0.8760222815425212,C61H112O6,CCCCCCCCCCCC=CCCCCC(=O)OC(COC(=O)CCCCCCCCCCCC=CCCCCCCCC)COC(=O)CCCCCCCCCC=CCCCCCC,[M+NH4]+,TG 18:1_18:1_22:1,TG 18:1(11)_18:1(6)_22:1(13),0.9764000000000024,0.57209399999997,0.0,0.4882000000000012,Some,None,94510.38575667657,74992.98245614035,100784.4217151849,51166.66666666667,83159.99999999999,155848.41827768015,192826.7827980403,82093.61702127659,193714.47310887626,170828.19383259912,157543.8770451165,172606.60124888495,144482.95454545453,150661.92850323537,170378.1652598845,138187.47506980455,135718.69090909092,158146.71332166958
19326,21.319,958.87888,958.87972,0.8760222815425212,C61H112O6,CCCCCCCCC=CCCCCCCCC(=O)OC(COC(=O)CCCCCCCCCCCC=CCCCCCCCC)COC(=O)CCCCCCCCCC=CCCCCCC,[M+NH4]+,TG 18:1_18:1_22:1,TG 18:1(11)_18:1(9)_22:1(13),0.970500000000003,0.5061324999999783,0.0,0.4852500000000015,All,None,40234.421364985166,36673.68421052632,42323.367427222656,51166.66666666667,53215.55555555554,81188.48857644993,100898.85683179097,45263.35697399527,106252.73283777875,90079.97289054558,80358.5770946951,91962.53345227476,76767.04545454546,78328.63052933064,85418.70279875613,70079.51070336392,75851.34545454544,81830.04248937765
19386,21.517,960.89262,960.89537,2.8619140916370682,C61H114O6,CCCCCCCCC=CCCCCCCCC(=O)OC(COC(=O)CCCCCCCCCCCCCC=CCCCCCCCC)COC(=O)CCCCCCCCCCCCCCC,[M+NH4]+,TG 16:0_18:1_24:1,TG 16:0_18:1(9)_24:1(15),0.5860000000000021,0.09913000000005923,0.0,0.29300000000000104,All,None,,0.0,0.0,0.0,0.0,9654.300269703328,18052.07389334263,,7270.150575730734,0.0,11228.013225127745,0.0,10599.239956568947,0.0,0.0,0.0,0.0,0.0
19386,21.517,960.89262,960.89537,2.8619140916370682,C61H114O6,CCCCCCCCCCCC=CCCCCC(=O)OC(COC(=O)CCCCCCCCCCCCCC=CCCCCCCCC)COC(=O)CCCCCCCCCCCCCCC,[M+NH4]+,TG 16:0_18:1_24:1,TG 16:0_18:1(6)_24:1(15),0.4750000000000014,0.30436250000002474,0.019413146713967877,0.24720657335698465,All,Some,,0.0,0.0,0.0,0.0,4950.13485166317,7160.752875566399,,7814.348981399469,0.0,4853.982566877065,0.0,5669.598262757871,0.0,0.0,0.0,0.0,0.0
19386,21.517,960.89262,960.89537,2.8619140916370682,C61H114O6,CCCCCCC=CCCCCCCCCCC(=O)OC(COC(=O)CCCCCCCCCCCCCC=CCCCCCCCC)COC(=O)CCCCCCCCCCCCCCC,[M+NH4]+,TG 16:0_18:1_24:1,TG 16:0_18:1(11)_24:1(15),0.46250000000000036,0.49636749999999097,0.005485183177363008,0.2339925915886817,All,Some,,0.0,0.0,0.0,0.0,2495.5648786335028,2587.1732310909724,,4115.500442869797,0.0,2718.004207995191,0.0,2531.161780673181,0.0,0.0,0.0,0.0,0.0
19389,21.521,934.87689,934.87972,3.0271273827794745,C59H112O6,CCCCCCCCCCCCCCCC(=O)OC(COC(=O)CCCCCCCCCCCCCC=CCCCCCCCC)COC(=O)CCCCCCCCCCCCCCC,[M+NH4]+,TG 16:0_16:0_24:1,TG 16:0_16:0_24:1(15),0.5839999999999961,0.08697000000006483,0.11487646853262229,0.34943823426630916,Some,Some,,0.0,,0.0,0.0,9580.0,17700.0,,0.0,13800.0,9940.0,0.0,0.0,0.0,0.0,12300.0,0.0,0.0
19417,21.582,986.91,986.91102,1.0335278250713473,C63H116O6,CCCCCCC=CCCCCCCCCCC(=O)OC(COC(=O)CCCCCCCCCCCCCC=CCCCCCCCC)COC(=O)CCCCCCCCCC=CCCCCCC,[M+NH4]+,TG 18:1_18:1_24:1,TG 18:1(11)_18:1(11)_24:1(15),0.7210000000000001,0.5054749999999899,0.0,0.36050000000000004,Some,None,,,0.0,,,0.0,0.0,0.0,0.0,0.0,0.0,0.0,0.0,0.0,0.0,0.0,0.0,0.0
19417,21.582,986.91,986.91102,1.0335278250713473,C63H116O6,CCCCCCCCC=CCCCCCCCC(=O)OC(COC(=O)CCCCCCCCCCCCCC=CCCCCCCCC)COC(=O)CCCCCCCCCC=CCCCCCC,[M+NH4]+,TG 18:1_18:1_24:1,TG 18:1(11)_18:1(9)_24:1(15),0.6950000000000003,0.5057074999999713,0.0,0.34750000000000014,All,None,,,0.0,,,0.0,0.0,0.0,0.0,0.0,0.0,0.0,0.0,0.0,1380.323998917749,0.0,0.0,0.0
19417,21.582,986.91,986.91102,1.0335278250713473,C63H116O6,CCCCCCCCCCCC=CCCCCC(=O)OC(COC(=O)CCCCCCCCCCCCCC=CCCCCCCCC)COC(=O)CCCCC=CCCCCCCCCCCC,[M+NH4]+,TG 18:1_18:1_24:1,TG 18:1(6)_18:1(6)_24:1(15),0.6720000000000006,0.8687399999999457,0.0,0.3360000000000003,Some,None,,,0.0,,,0.0,0.0,0.0,0.0,0.0,0.0,0.0,0.0,0.0,708.8180916305917,0.0,0.0,0.0
19417,21.582,986.91,986.91102,1.0335278250713473,C63H116O6,CCCCCCCCC=CCCCCCCCC(=O)OC(COC(=O)CCCCCCCCCCCCCC=CCCCCCCCC)COC(=O)CCCCCCCC=CCCCCCCCC,[M+NH4]+,TG 18:1_18:1_24:1,TG 18:1(9)_18:1(9)_24:1(15),0.6690000000000005,0.5059399999999528,0.0,0.33450000000000024,All,None,,,0.0,,,0.0,0.0,0.0,0.0,0.0,0.0,0.0,0.0,0.0,851.7158189033189,0.0,0.0,0.0
19417,21.582,986.91,986.91102,1.0335278250713473,C63H116O6,CCCCCCCCCCCC=CCCCCC(=O)OC(COC(=O)CCCCCCCCCCCCCC=CCCCCCCCC)COC(=O)CCCCCCCCCC=CCCCCCC,[M+NH4]+,TG 18:1_18:1_24:1,TG 18:1(11)_18:1(6)_24:1(15),0.6330000000000003,0.5315299999999942,0.0,0.31650000000000017,All,None,,,0.0,,,0.0,0.0,0.0,0.0,0.0,0.0,0.0,0.0,0.0,1380.323998917749,0.0,0.0,0.0
19417,21.582,986.91,986.91102,1.0335278250713473,C63H116O6,CCCCCCCCC=CCCCCCCCC(=O)OC(COC(=O)CCCCCCCCCCCCCC=CCCCCCCCC)COC(=O)CCCCC=CCCCCCCCCCCC,[M+NH4]+,TG 18:1_18:1_24:1,TG 18:1(6)_18:1(9)_24:1(15),0.5890000000000004,0.5445574999999963,0.0,0.2945000000000002,All,None,,,0.0,,,0.0,0.0,0.0,0.0,0.0,0.0,0.0,0.0,0.0,708.8180916305917,0.0,0.0,0.0
19445,21.73,960.89449,960.89537,0.9158125092623388,C61H114O6,CCCCCCCCC=CCCCCCCCCCCCC(=O)OC(COC(=O)CCCCCCCCCCCC=CCCCCCCCC)COC(=O)CCCCCCCCCCCCC,[M+NH4]+,TG 14:0_22:1_22:1,TG 14:0_22:1(13)_22:1(13),0.9750000000000014,0.5072450000000117,0.0,0.4875000000000007,All,None,,,337000.0,,,1300000.0,1430000.0,,1500000.0,1340000.0,1180000.0,1330000.0,1250000.0,1250000.0,1310000.0,1120000.0,1090000.0,1270000.0
19452,21.733,962.90128,962.91102,10.115161004144724,C61H116O6,CCCCCCCCCCCCCCCCCC(=O)OC(COC(=O)CCCCCCCCCCCCCC=CCCCCCCCC)COC(=O)CCCCCCCCCCCCCCC,[M+NH4]+,TG 16:0_18:0_24:1,TG 16:0_18:0_24:1(15),0.9860000000000042,0.09447000000000116,0.0,0.4930000000000021,Some,None,,,,,,283000.0,302000.0,,304000.0,0.0,224000.0,289000.0,0.0,292000.0,256000.0,,225000.0,283000.0
19466,21.737,934.87887,934.87972,0.9092078711622991,C59H112O6,CCCCCCCCCCCCCCCCCC(=O)OC(COC(=O)CCCCCCCCCCCC=CCCCCCC)COC(=O)CCCCCCCCCCCCCCCCC,[M+NH4]+,TG 18:0_18:0_20:1,TG 18:0_18:0_20:1(13),0.9939999999999998,0.06288000000006377,0.0,0.4969999999999999,Some,None,,,,,,0.0,325233.3333333333,,0.0,0.0,0.0,0.0,298079.3650793651,288225.0,0.0,,0.0,299541.6666666666
19466,21.737,934.87887,934.87972,0.9092078711622991,C59H112O6,CCCCCCCCCCCCCCCCCC(=O)OC(COC(=O)CCCCCCCCCC=CCCCCCCCC)COC(=O)CCCCCCCCCCCCCCCCC,[M+NH4]+,TG 18:0_18:0_20:1,TG 18:0_18:0_20:1(11),0.9859999999999971,0.9025699999999688,0.0,0.49299999999999855,Some,None,,,,,,772000.0,561766.6666666666,,855000.0,874000.0,738000.0,809000.0,502920.6349206349,504774.99999999994,815000.0,,653000.0,490458.3333333334
19480,21.742,986.91018,986.91102,0.8511405618302386,C63H116O6,CCCCCCC=CCCCCCCCCCC(=O)OC(COC(=O)CCCCCCCCCCCCCC=CCCCCCCCC)COC(=O)CCCCCCCCCC=CCCCCCC,[M+NH4]+,TG 18:1_18:1_24:1,TG 18:1(11)_18:1(11)_24:1(15),0.9890000000000008,0.5059399999999528,0.0,0.4945000000000004,Some,None,,,0.0,,,65110.89069629042,62411.94486983155,0.0,71976.07655502393,66557.34450816058,59228.0345352971,69974.52934662237,57090.750370061105,60613.85459533608,64220.13700295893,56906.87314382689,58690.4761904762,59162.12594908441
19480,21.742,986.91018,986.91102,0.8511405618302386,C63H116O6,CCCCCCCCCCCC=CCCCCC(=O)OC(COC(=O)CCCCCCCCCCCCCC=CCCCCCCCC)COC(=O)CCCCC=CCCCCCCCCCCC,[M+NH4]+,TG 18:1_18:1_24:1,TG 18:1(6)_18:1(6)_24:1(15),0.9890000000000008,0.5059399999999528,0.0,0.4945000000000004,Some,None,,,103000.0,,,132778.21860741917,161176.11026033692,102000.0,163047.84688995214,128385.31098367888,119543.93092940579,128550.94130675524,128818.49925987779,128772.29080932784,125059.72599408211,114686.25371234621,100119.04761904762,125175.74810183118
19480,21.742,986.91018,986.91102,0.8511405618302386,C63H116O6,CCCCCCCCC=CCCCCCCCC(=O)OC(COC(=O)CCCCCCCCCCCCCC=CCCCCCCCC)COC(=O)CCCCCCCC=CCCCCCCCC,[M+NH4]+,TG 18:1_18:1_24:1,TG 18:1(9)_18:1(9)_24:1(15),0.9890000000000008,0.5059399999999528,0.0,0.4945000000000004,All,None,,,0.0,,,65110.89069629042,62411.94486983155,0.0,71976.07655502393,66557.34450816058,59228.0345352971,69974.52934662237,72585.49360458496,74417.00960219478,64220.13700295893,70479.2108612643,58690.4761904762,74822.68870031263
19480,21.742,986.91018,986.91102,0.8511405618302386,C63H116O6,CCCCCCCCC=CCCCCCCCC(=O)OC(COC(=O)CCCCCCCCCCCCCC=CCCCCCCCC)COC(=O)CCCCCCCCCC=CCCCCCC,[M+NH4]+,TG 18:1_18:1_24:1,TG 18:1(11)_18:1(9)_24:1(15),0.9846666666666669,0.64572333333327,0.0,0.49233333333333346,All,None,,,0.0,,,65110.89069629042,62411.94486983155,0.0,71976.07655502393,66557.34450816058,59228.0345352971,69974.52934662237,57090.750370061105,60613.85459533608,64220.13700295893,56906.87314382689,58690.4761904762,59162.12594908441
19480,21.742,986.91018,986.91102,0.8511405618302386,C63H116O6,CCCCCCCCCCCC=CCCCCC(=O)OC(COC(=O)CCCCCCCCCCCCCC=CCCCCCCCC)COC(=O)CCCCCCCCCC=CCCCCCC,[M+NH4]+,TG 18:1_18:1_24:1,TG 18:1(11)_18:1(6)_24:1(15),0.9200000000000003,0.6207039999999779,0.0,0.46000000000000013,All,None,,,103000.0,,,132778.2186074192,161176.11026033692,102000.0,163047.84688995214,128385.31098367888,119543.93092940579,128550.94130675524,113323.75602535394,114969.13580246913,125059.72599408211,101113.91599490878,100119.04761904762,109515.18535060296
19480,21.742,986.91018,986.91102,0.8511405618302386,C63H116O6,CCCCCCCCC=CCCCCCCCC(=O)OC(COC(=O)CCCCCCCCCCCCCC=CCCCCCCCC)COC(=O)CCCCC=CCCCCCCCCCCC,[M+NH4]+,TG 18:1_18:1_24:1,TG 18:1(6)_18:1(9)_24:1(15),0.9060000000000006,0.5445574999999963,0.0,0.4530000000000003,All,None,,,0.0,,,65110.89069629042,62411.94486983155,0.0,71976.07655502393,66557.34450816058,59228.0345352971,69974.52934662237,57090.750370061105,60613.85459533608,64220.13700295893,56906.87314382689,58690.4761904762,59162.12594908441
19540,21.903,960.89442,960.89537,0.988661231647837,C61H114O6,CCCCCCCCCCCC=CCCCCC(=O)OC(COC(=O)CCCCCCCCCCCCCC=CCCCCCCCC)COC(=O)CCCCCCCCCCCCCCC,[M+NH4]+,TG 16:0_18:1_24:1,TG 16:0_18:1(6)_24:1(15),0.680000000000002,0.6170033333333246,0.0,0.340000000000001,Some,None,,,0.0,,,0.0,3147.2251308900527,,0.0,0.0,0.0,0.0,0.0,0.0,0.0,0.0,0.0,0.0
19540,21.903,960.89442,960.89537,0.988661231647837,C61H114O6,CCCCCCCCC=CCCCCCCCC(=O)OC(COC(=O)CCCCCCCCCCCCCC=CCCCCCCCC)COC(=O)CCCCCCCCCCCCCCC,[M+NH4]+,TG 16:0_18:1_24:1,TG 16:0_18:1(9)_24:1(15),0.679000000000002,0.5072450000000117,0.0,0.339500000000001,All,None,,,0.0,,,0.0,4105.5497382198955,,0.0,0.0,0.0,0.0,0.0,0.0,0.0,0.0,0.0,0.0
19540,21.903,960.89442,960.89537,0.988661231647837,C61H114O6,CCCCCCC=CCCCCCCCCCC(=O)OC(COC(=O)CCCCCCCCCCCCCC=CCCCCCCCC)COC(=O)CCCCCCCCCCCCCCC,[M+NH4]+,TG 16:0_18:1_24:1,TG 16:0_18:1(11)_24:1(15),0.6285000000000007,0.2913725000000227,0.0,0.31425000000000036,All,None,,,0.0,,,0.0,3147.2251308900527,,0.0,0.0,0.0,0.0,0.0,0.0,0.0,0.0,0.0,0.0
19565,21.949,988.92556,988.92667,1.1224290269429213,C63H118O6,CCCCCCC=CCCCCCCCCCC(=O)OC(COC(=O)CCCCCCCCCCCCCCCC=CCCCCCCCC)COC(=O)CCCCCCCCCCCCCCC,[M+NH4]+,TG 16:0_18:1_26:1,TG 16:0_18:1(11)_26:1(17),0.7035000000000018,0.6988324999999804,0.011367156496968747,0.35743357824848526,All,Some,0.0,,,0.0,0.0,0.0,0.0,0.0,6466.666666666667,0.0,0.0,5940.39603960396,0.0,0.0,3965.7063197026027,0.0,3106.606942889138,0.0
19565,21.949,988.92556,988.92667,1.1224290269429213,C63H118O6,CCCCCCCCCCCC=CCCCCC(=O)OC(COC(=O)CCCCCCCCCCCCCCCC=CCCCCCCCC)COC(=O)CCCCCCCCCCCCCCC,[M+NH4]+,TG 16:0_18:1_26:1,TG 16:0_18:1(6)_26:1(17),0.5900000000000011,0.6177333333333005,0.0,0.29500000000000054,Some,None,0.0,,,0.0,0.0,0.0,0.0,0.0,6466.666666666667,0.0,0.0,3579.8019801980195,0.0,0.0,2044.2936802973977,0.0,1306.6965285554313,0.0
19565,21.949,988.92556,988.92667,1.1224290269429213,C63H118O6,CCCCCCCCC=CCCCCCCCC(=O)OC(COC(=O)CCCCCCCCCCCCCCCC=CCCCCCCCC)COC(=O)CCCCCCCCCCCCCCC,[M+NH4]+,TG 16:0_18:1_26:1,TG 16:0_18:1(9)_26:1(17),0.5890000000000022,0.5067799999999352,0.0,0.2945000000000011,All,None,0.0,,,0.0,0.0,0.0,0.0,0.0,6466.666666666667,0.0,0.0,3579.8019801980195,0.0,0.0,0.0,0.0,1306.6965285554313,0.0
19567,21.951,962.90937,962.91102,1.713553968922864,C61H116O6,CCCCCCCCCCCCCCCC(=O)OC(COC(=O)CCCCCCCCCCCCCCCC=CCCCCCCCC)COC(=O)CCCCCCCCCCCCCCC,[M+NH4]+,TG 16:0_16:0_26:1,TG 16:0_16:0_26:1(17),0.588000000000001,0.9050499999999602,0.0,0.2940000000000005,Some,None,,,,,,,,,,0.0,,,,0.0,0.0,,,0.0
19581,22.018,962.90998,962.91102,1.0800582591619419,C61H116O6,CCCCCCCCCCCCCCCC(=O)OC(COC(=O)CCCCCCCCCCCCCCCC=CCCCCCCCC)COC(=O)CCCCCCCCCCCCCCC,[M+NH4]+,TG 16:0_16:0_26:1,TG 16:0_16:0_26:1(17),0.6920000000000002,0.902559999999994,0.0,0.3460000000000001,Some,None,,,,,,,,,,0.0,,,,0.0,0.0,,,0.0
19617,22.137,1014.94186,1014.94232,0.45322772625687735,C65H120O6,CCCCCCCCCCCC=CCCCCC(=O)OC(COC(=O)CCCCCCCCCCCCCCCC=CCCCCCCCC)COC(=O)CCCCC=CCCCCCCCCCCC,[M+NH4]+,TG 18:1_18:1_26:1,TG 18:1(6)_18:1(6)_26:1(17),0.9800000000000004,0.8693650000000162,0.0,0.4900000000000002,Some,None,,,,,,14544.027303754267,0.0,,19656.75193337299,5673.061550759392,0.0,13965.56570625439,9423.95882077679,16827.127659574468,0.0,0.0,0.0,0.0
19617,22.137,1014.94186,1014.94232,0.45322772625687735,C65H120O6,CCCCCCC=CCCCCCCCCCC(=O)OC(COC(=O)CCCCCCCCCCCCCCCC=CCCCCCCCC)COC(=O)CCCCCCCCCC=CCCCCCC,[M+NH4]+,TG 18:1_18:1_26:1,TG 18:1(11)_18:1(11)_26:1(17),0.9789999999999992,0.5056149999999775,0.0,0.4894999999999996,Some,None,,,,,,39970.64846416382,78801.04712041885,,44562.16537775133,61438.04956035172,41666.66666666667,46356.28952916373,50696.771174543755,35976.063829787236,74000.0,64500.0,43000.0,65637.20930232559
19617,22.137,1014.94186,1014.94232,0.45322772625687735,C65H120O6,CCCCCCCCC=CCCCCCCCC(=O)OC(COC(=O)CCCCCCCCCCCCCCCC=CCCCCCCCC)COC(=O)CCCCCCCC=CCCCCCCCC,[M+NH4]+,TG 18:1_18:1_26:1,TG 18:1(9)_18:1(9)_26:1(17),0.9789999999999992,0.5056149999999775,0.0,0.4894999999999996,All,None,,,,,,14544.027303754267,63403.14136125654,,19656.75193337299,50333.33333333333,0.0,13965.56570625439,33362.18998596163,16827.127659574468,74000.0,64500.0,0.0,28630.813953488374
19617,22.137,1014.94186,1014.94232,0.45322772625687735,C65H120O6,CCCCCCCCC=CCCCCCCCC(=O)OC(COC(=O)CCCCCCCCCCCCCCCC=CCCCCCCCC)COC(=O)CCCCC=CCCCCCCCCCCC,[M+NH4]+,TG 18:1_18:1_26:1,TG 18:1(6)_18:1(9)_26:1(17),0.8955000000000002,0.5441024999999797,0.0,0.4477500000000001,All,None,,,,,,25426.621160409562,15397.905759162302,,24905.413444378344,11104.716227018387,41666.66666666667,32390.72382290935,17334.581188582124,24566.489361702126,0.0,0.0,43000.0,15725.58139534884
19617,22.137,1014.94186,1014.94232,0.45322772625687735,C65H120O6,CCCCCCCCCCCC=CCCCCC(=O)OC(COC(=O)CCCCCCCCCCCCCCCC=CCCCCCCCC)COC(=O)CCCCCCCCCC=CCCCCCC,[M+NH4]+,TG 18:1_18:1_26:1,TG 18:1(11)_18:1(6)_26:1(17),0.7668000000000006,0.6066839999999957,0.025398949917759317,0.39609947495888,Some,Some,,,,,,39970.64846416382,15397.905759162302,,44562.16537775133,16777.777777777777,41666.66666666667,46356.28952916373,26758.540009358916,35976.063829787236,0.0,0.0,43000.0,37006.39534883721
19617,22.137,1014.94186,1014.94232,0.45322772625687735,C65H120O6,CCCCCCCCC=CCCCCCCCC(=O)OC(COC(=O)CCCCCCCCCCCCCCCC=CCCCCCCCC)COC(=O)CCCCCCCCCC=CCCCCCC,[M+NH4]+,TG 18:1_18:1_26:1,TG 18:1(11)_18:1(9)_26:1(17),0.7366666666666669,0.6227466666666714,0.04233158319626553,0.38949912493146627,Some,Some,,,,,,14544.027303754267,0.0,,19656.75193337299,5673.061550759392,0.0,13965.56570625439,9423.95882077679,16827.127659574468,0.0,0.0,0.0,0.0
19616,22.137,1016.94828,1016.95797,9.528417383947005,C65H122O6,CCCCCCCCCCCC=CCCCCC(=O)OC(COC(=O)CCCCCCCCCCCCCCCC=CCCCCCCCC)COC(=O)CCCCCCCCCCCCCCCCC,[M+NH4]+,TG 18:0_18:1_26:1,TG 18:0_18:1(6)_26:1(17),0.8686666666666673,0.6260933333333393,0.0,0.4343333333333336,Some,Some,5333.333333333333,,,0.0,0.0,0.0,0.0,4500.000000000001,0.0,0.0,0.0,29382.35294117647,19759.760479041914,19364.595983185427,19919.40549635446,0.0,0.0,17410.691003911343
19616,22.137,1016.94828,1016.95797,9.528417383947005,C65H122O6,CCCCCCCCC=CCCCCCCCC(=O)OC(COC(=O)CCCCCCCCCCCCCCCC=CCCCCCCCC)COC(=O)CCCCCCCCCCCCCCCCC,[M+NH4]+,TG 18:0_18:1_26:1,TG 18:0_18:1(9)_26:1(17),0.8060000000000009,0.8596049999999877,0.0,0.40300000000000047,All,Some,5333.333333333333,,,0.0,0.0,0.0,0.0,4500.000000000001,0.0,0.0,0.0,5558.823529411765,6170.119760479042,8517.702008407286,6590.297251822772,0.0,0.0,8647.979139504563
19616,22.137,1016.94828,1016.95797,9.528417383947005,C65H122O6,CCCCCCC=CCCCCCCCCCC(=O)OC(COC(=O)CCCCCCCCCCCCCCCC=CCCCCCCCC)COC(=O)CCCCCCCCCCCCCCCCC,[M+NH4]+,TG 18:0_18:1_26:1,TG 18:0_18:1(11)_26:1(17),0.7486666666666674,0.6197766666666666,0.0,0.3743333333333337,Some,Some,5333.333333333333,,,0.0,0.0,0.0,0.0,4500.000000000001,0.0,0.0,0.0,5558.823529411765,6170.119760479042,8517.702008407286,6590.297251822772,0.0,0.0,6941.329856584093
19730,22.538,990.94171,990.94232,0.6155756876459911,C63H120O6,CCCCCCCCCCCCCCCCCC(=O)OC(COC(=O)CCCCCCCCCCCCCCCC=CCCCCCCCC)COC(=O)CCCCCCCCCCCCCCC,[M+NH4]+,TG 16:0_18:0_26:1,TG 16:0_18:0_26:1(17),0.20400000000000063,0.08404000000007272,0.0,0.10200000000000031,Some,None,,,,,,,,,214000.0,,,,,,,,,199000.0
