feature_id,rt,mz_measured,mz_calculated,mz_error(ppm),mol_formula,smiles,adduct,primary_annotated_name,structure_annotated_name,rt_score,mz_score,spec_score,total_score,fragments_ion_detection_level,fragments_spectrum_detection_level,datafile:POS_NIST_2.mzML:area,datafile:POS_NIST_3.mzML:area,datafile:POS_NIST_1.mzML:area,datafile:POS_NIST_0.mzML:area
1088,1.674,342.264,342.26389,0.3213894401962585,C19H36NO4,CCCCCC=CCCCCC(=O)OC(CC(=O)[O-])C[N+](C)(C)C,[M]+,CAR 12:1,CAR 12:1(6),0.10600000000000032,0.06590999999997393,0.9374386488920747,0.9374386488920747,All,All,204403.9764037579,204848.91548242333,180874.51605556824,207023.1958762887
1088,1.674,342.264,342.26389,0.3213894401962585,C19H36NO4,CCCCCCC=CCCCC(=O)OC(CC(=O)[O-])C[N+](C)(C)C,[M]+,CAR 12:1,CAR 12:1(5),0.18800000000000017,0.16150499999997692,0.2711309722765012,0.2711309722765012,All,All,164194.8874808827,143964.09872849667,189769.98405830108,213668.38487972508
1088,1.674,342.264,342.26389,0.3213894401962585,C19H36NO4,CCC=CCCCCCCCC(=O)OC(CC(=O)[O-])C[N+](C)(C)C,[M]+,CAR 12:1,CAR 12:1(9),0.5029999999999999,0.4976299999999867,0.020177937013318915,0.020177937013318915,All,Some,58401.13611535941,52186.98578908003,63355.499886130725,55308.41924398626
1471,2.101,370.29529,370.29519,0.2700548177029828,C21H40NO4,CCCCC=CCCCCCCCC(=O)OC(CC(=O)[O-])C[N+](C)(C)C,[M]+,CAR 14:1,CAR 14:1(9),0.4580000000000002,0.8433100000000309,0.9344543587210471,0.9344543587210471,All,Some,,315000.0,,
1584,2.227,396.31077,396.31084,0.17662903188264356,C23H42NO4,CCCCCCC=CCC=CCCCCC(=O)OC(CC(=O)[O-])C[N+](C)(C)C,[M]+,CAR 16:2,"CAR 16:2(6,9)",0.48350000000000004,0.8102949999999964,0.538436976826857,0.538436976826857,All,Some,0.0,0.0,0.0,17000.0
1616,2.255,396.31091,396.31084,0.17662903188264356,C23H42NO4,CCCCCCC=CCC=CCCCCC(=O)OC(CC(=O)[O-])C[N+](C)(C)C,[M]+,CAR 16:2,"CAR 16:2(6,9)",0.558,0.621114999999989,0.5401141435120287,0.5401141435120287,All,Some,38300.0,33300.0,24900.0,15500.0
1680,2.337,370.29515,370.29519,0.10802192708119311,C21H40NO4,CCCCCCCC=CCCCCC(=O)OC(CC(=O)[O-])C[N+](C)(C)C,[M]+,CAR 14:1,CAR 14:1(6),0.47999999999999954,0.8066749999999558,0.9201210079609339,0.9201210079609339,All,All,0.0,89309.3535607305,37300.0,0.0
1680,2.337,370.29515,370.29519,0.10802192708119311,C21H40NO4,CCCCC=CCCCCCCCC(=O)OC(CC(=O)[O-])C[N+](C)(C)C,[M]+,CAR 14:1,CAR 14:1(9),0.6630000000000003,0.46838500000001204,0.4705436573072712,0.4705436573072712,All,Some,0.0,57690.6464392695,0.0,0.0
1847,2.61,370.29495,370.29519,0.6481315623336502,C21H36O4,CCC=CCC=CCC=CCCCCCCCC(=O)OCC(O)CO,[M+NH4]+,MG 18:3,"MG 18:3(9,12,15)",0.1596000000000002,0.5379819999999768,0.009755389570888237,0.009755389570888237,All,Some,0.0,0.0,0.0,377.02390131071706
1847,2.61,370.29495,370.29519,0.6481315623336502,C21H36O4,CCCCCC=CCC=CCC=CCCCCC(=O)OCC(O)CO,[M+NH4]+,MG 18:3,"MG 18:3(6,9,12)",0.3544000000000002,0.5573919999999759,0.0021452611507819497,0.0021452611507819497,Some,Some,0.0,0.0,0.0,11622.976098689283
2047,2.821,398.32645,398.32649,0.1004201351405304,C23H44NO4,CCCCCCC=CCCCCCCCC(=O)OC(CC(=O)[O-])C[N+](C)(C)C,[M]+,CAR 16:1,CAR 16:1(9),0.10199999999999942,0.8204700000000003,0.942502001616198,0.942502001616198,All,Some,,153000.0,,
2125,2.889,566.32145,566.32171,0.4591030070623358,C28H50NO7P,CCC=CCC=CCC=CCC=CCCCCCCC(=O)OCC(O)COP(=O)([O-])OCC[N+](C)(C)C,[M+Na]+,LPC 20:4,"LPC 20:4(8,11,14,17)",0.5290000000000002,0.633544999999998,0.057094317922284664,0.057094317922284664,All,Some,76200.0,67500.0,83600.0,79100.0
2178,2.927,448.34176,448.34214,0.8475669941489037,C27H46NO4,CCC=CCC=CCC=CCC=CCCCCCCC(=O)OC(CC(=O)[O-])C[N+](C)(C)C,[M]+,CAR 20:4,"CAR 20:4(8,11,14,17)",0.6085,0.601118750000019,0.23408741043634207,0.23408741043634207,All,Some,18200.0,19000.0,0.0,25100.0
2289,3.034,424.34159,424.34214,1.2961239248490042,C25H46NO4,CCCCCCCCC=CCC=CCCCCC(=O)OC(CC(=O)[O-])C[N+](C)(C)C,[M]+,CAR 18:2,"CAR 18:2(6,9)",0.22800000000000006,0.603906666666641,0.31776834276311644,0.31776834276311644,Some,Some,254000.0,155000.0,208000.0,188000.0
2305,3.046,542.32411,542.32171,4.425417525634341,C26H50NO7P,CCCCCCCCC=CCC=CCCCCC(=O)OCC(O)COP(=O)([O-])OCC[N+](C)(C)C,[M+Na]+,LPC 18:2,"LPC 18:2(6,9)",0.6240000000000006,0.8813400000000229,0.0,0.0,Some,None,501000.0,664000.0,,
2444,3.111,478.29346,478.29282,1.3380924262583975,C23H44NO7P,CCCCCC=CCC=CCCCCCCCC(=O)OCC(O)COP(=O)(O)OCCN,[M+H]+,LPE 18:2,"LPE 18:2(9,12)",0.40299999999999936,0.6555549999999926,0.06945226547731284,0.06945226547731284,All,Some,95500.0,0.0,28100.0,0.0
2568,3.21,424.34191,424.34214,0.5420154594774397,C25H46NO4,CCCCCCCCC=CCC=CCCCCC(=O)OC(CC(=O)[O-])C[N+](C)(C)C,[M]+,CAR 18:2,"CAR 18:2(6,9)",0.0515000000000001,0.6331124999999815,0.4514222920942299,0.4514222920942299,All,Some,0.0,0.0,4650.545908491807,2054.7033541583583
2568,3.21,424.34191,424.34214,0.5420154594774397,C25H46NO4,CCCCCC=CCC=CCCCCCCCC(=O)OC(CC(=O)[O-])C[N+](C)(C)C,[M]+,CAR 18:2,"CAR 18:2(9,12)",0.3266666666666668,0.5826266666666697,0.32020895524647724,0.32020895524647724,All,Some,0.0,0.0,140349.45409150817,76145.29664584165
2921,3.494,480.30833,480.30847,0.291479348651908,C23H46NO7P,CCCCCCC=CCCCCCCCCCC(=O)OCC(O)COP(=O)(O)OCCN,[M+H]+,LPE 18:1,LPE 18:1(11),0.23499999999999943,0.07870499999998515,0.0,0.0,All,None,33200.0,0.0,0.0,
3007,3.597,424.34181,424.34214,0.7776743548558199,C25H46NO4,CCCCCCCCC=CCC=CCCCCC(=O)OC(CC(=O)[O-])C[N+](C)(C)C,[M]+,CAR 18:2,"CAR 18:2(6,9)",0.3179999999999999,0.6169399999999806,0.5754427671113148,0.5754427671113148,All,Some,0.0,52.99132480517571,0.0,0.0
3007,3.597,424.34181,424.34214,0.7776743548558199,C25H46NO4,CCCCCC=CCC=CCCCCCCCC(=O)OC(CC(=O)[O-])C[N+](C)(C)C,[M]+,CAR 18:2,"CAR 18:2(9,12)",0.5289999999999999,0.8769774999999953,0.23163106295439942,0.23163106295439942,All,Some,0.0,4857.008675194825,0.0,0.0
3258,3.769,478.32962,478.3292,0.8780563677960356,C24H48NO6P,CCCCCCC=CCC=CCCCCCOCC(O)COP(=O)([O-])OCC[N+](C)(C)C,[M+H]+,LPC O-16:2,"LPC O-16:2(6,9)",0.36149999999999993,0.8831649999999911,0.19192998547563758,0.19192998547563758,All,Some,36900.0,52100.0,0.0,0.0
3378,3.864,478.33123,478.3292,4.243939111370684,C24H48NO6P,CCCCCCC=CCC=CCCCCCOCC(O)COP(=O)([O-])OCC[N+](C)(C)C,[M+H]+,LPC O-16:2,"LPC O-16:2(6,9)",0.3620000000000001,0.8691766666666846,0.2558657322561699,0.2558657322561699,All,Some,14600.0,0.0,0.0,0.0
3388,3.884,478.32882,478.3292,0.7944319519003447,C24H48NO6P,CCCCCCC=CCC=CCCCCCOCC(O)COP(=O)([O-])OCC[N+](C)(C)C,[M+H]+,LPC O-16:2,"LPC O-16:2(6,9)",0.4053333333333334,0.8668500000000184,0.2553283771155499,0.2553283771155499,All,Some,16200.0,15600.0,0.0,0.0
3443,3.933,426.35758,426.35779,0.49254406736237927,C25H48NO4,CCCCCCCCC=CCCCCCCCC(=O)OC(CC(=O)[O-])C[N+](C)(C)C,[M]+,CAR 18:1,CAR 18:1(9),0.4370000000000003,0.7952999999999975,0.48267884191155336,0.48267884191155336,All,Some,0.0,126000.0,0.0,0.0
3479,3.968,478.32946,478.3292,0.5435587038567595,C24H48NO6P,CCCCCCC=CCC=CCCCCCOCC(O)COP(=O)([O-])OCC[N+](C)(C)C,[M+H]+,LPC O-16:2,"LPC O-16:2(6,9)",0.3786666666666667,0.6186733333333146,0.25702646926453454,0.25702646926453454,All,Some,22700.0,,0.0,16800.0
3483,3.97,508.34021,508.37615,70.69568468147516,C26H54NO6P,CCCCCCCCCCCC=CCCCCCOCC(O)COP(=O)([O-])OCC[N+](C)(C)C,[M+H]+,LPC O-18:1,LPC O-18:1(6),0.5329999999999999,0.7608000000000459,0.28782792907466787,0.28782792907466787,All,Some,0.0,,12600.0,8060.0
3511,3.992,544.33757,544.33736,0.38579016519872006,C26H52NO7P,CCCCCCC=CCCCCCCCCCC(=O)OCC(O)COP(=O)([O-])OCC[N+](C)(C)C,[M+Na]+,LPC 18:1,LPC 18:1(11),0.41000000000000014,0.8588250000000244,0.0,0.0,All,None,590000.0,532000.0,579000.0,678000.0
3537,4.015,426.35768,426.35779,0.2579992733485503,C25H48NO4,CCCCCCCCC=CCCCCCCCC(=O)OC(CC(=O)[O-])C[N+](C)(C)C,[M]+,CAR 18:1,CAR 18:1(9),0.2730000000000006,0.7954000000000576,0.48010682754609674,0.48010682754609674,All,Some,500000.0,548000.0,635000.0,866000.0
3613,4.093,478.32912,478.3292,0.16724883202905674,C24H48NO6P,CCCCCCC=CCC=CCCCCCOCC(O)COP(=O)([O-])OCC[N+](C)(C)C,[M+H]+,LPC O-16:2,"LPC O-16:2(6,9)",0.361,0.8404024999999962,0.1958322119046939,0.1958322119046939,All,Some,0.0,0.0,6380.0,0.0
3783,4.265,480.34529,480.34485,0.9160085716941313,C24H50NO6P,CCCCCCCCCC=CCCCCCOCC(O)COP(=O)([O-])OCC[N+](C)(C)C,[M+H]+,LPC O-16:1,LPC O-16:1(6),0.9290000000000012,0.41115500000000793,0.41183673085857325,0.41183673085857325,All,Some,0.0,0.0,13000.0,
3952,4.375,480.30849,480.34485,75.6956174298568,C24H50NO6P,CCCCCCCCCC=CCCCCCOCC(O)COP(=O)([O-])OCC[N+](C)(C)C,[M+H]+,LPC O-16:1,LPC O-16:1(6),0.7090000000000005,0.41115500000000793,0.3399443505005794,0.3399443505005794,All,Some,0.0,2707.178695484369,0.0,0.0
3952,4.375,480.30849,480.34485,75.6956174298568,C24H50NO6P,CCCCCCC=CCCCCCCCCOCC(O)COP(=O)([O-])OCC[N+](C)(C)C,[M+H]+,LPC O-16:1,LPC O-16:1(9),0.45399999999999974,0.8429950000000019,0.14047822479328487,0.14047822479328487,All,Some,0.0,7592.821304515632,0.0,0.0
4026,4.451,480.34518,480.34485,0.6870064288593526,C24H50NO6P,CCCCCCCCCC=CCCCCCOCC(O)COP(=O)([O-])OCC[N+](C)(C)C,[M+H]+,LPC O-16:1,LPC O-16:1(6),0.5570000000000013,0.41115500000000793,0.4074861549970874,0.4074861549970874,All,Some,113000.0,111000.0,78300.0,
4065,4.509,480.30877,480.34485,75.112702884244,C24H50NO6P,CCCCCCCCCC=CCCCCCOCC(O)COP(=O)([O-])OCC[N+](C)(C)C,[M+H]+,LPC O-16:1,LPC O-16:1(6),0.44099999999999984,0.41115500000000793,0.4112278371967253,0.4112278371967253,All,Some,0.0,0.0,0.0,
4065,4.509,480.30877,480.34485,75.112702884244,C24H50NO6P,CCCCCCC=CCCCCCCCCOCC(O)COP(=O)([O-])OCC[N+](C)(C)C,[M+H]+,LPC O-16:1,LPC O-16:1(9),0.28699999999999903,0.8434799999999711,0.12769880682251394,0.12769880682251394,All,Some,0.0,0.0,0.0,
4192,4.728,480.34509,480.34485,0.4996410391811963,C24H50NO6P,CCCCCCC=CCCCCCCCCOCC(O)COP(=O)([O-])OCC[N+](C)(C)C,[M+H]+,LPC O-16:1,LPC O-16:1(9),0.18200000000000038,0.8797700000000361,0.10740179358563552,0.10740179358563552,All,Some,0.0,,9080.0,0.0
4271,4.775,480.34516,480.34485,0.6453696755843913,C24H50NO6P,CCCCCCC=CCCCCCCCCOCC(O)COP(=O)([O-])OCC[N+](C)(C)C,[M+H]+,LPC O-16:1,LPC O-16:1(9),0.08799999999999919,0.8798400000000299,0.09209591247865002,0.09209591247865002,All,Some,0.0,,8410.0,0.0
4387,4.953,508.37656,508.37615,0.8064894468161636,C26H54NO6P,CCCCCCCCC=CCCCCCCCCOCC(O)COP(=O)([O-])OCC[N+](C)(C)C,[M+H]+,LPC O-18:1,LPC O-18:1(9),0.3509999999999991,0.504729999999995,0.14401037956837184,0.14401037956837184,All,Some,428000.0,389000.0,,531000.0
4391,4.981,480.34524,480.34485,0.8119166885658975,C24H50NO6P,CCCCCCCCCC=CCCCCCOCC(O)COP(=O)([O-])OCC[N+](C)(C)C,[M+H]+,LPC O-16:1,LPC O-16:1(6),0.42100000000000026,0.5971999999999866,0.0,0.0,All,None,3900.0,0.0,7070.0,0.0
4749,5.703,454.38856,454.38909,1.1664012444183478,C27H52NO4,CCCCCCCCC=CCCCCCCCCCC(=O)OC(CC(=O)[O-])C[N+](C)(C)C,[M]+,CAR 20:1,CAR 20:1(11),0.33399999999999963,0.787319999999994,0.0,0.0,All,None,8540.0,9250.0,7790.0,26600.0
4788,5.746,506.35939,506.3605,2.192114116292339,C26H52NO6P,CCCCCC=CCC=CCCCCCCCCOCC(O)COP(=O)([O-])OCC[N+](C)(C)C,[M+H]+,LPC O-18:2,"LPC O-18:2(9,12)",0.5826666666666664,0.7877066666666602,0.3280092159389374,0.3280092159389374,Some,Some,19400.0,0.0,0.0,0.0
4841,5.805,454.38862,454.38909,1.0343558204865257,C27H52NO4,CCCCCCCCC=CCCCCCCCCCC(=O)OC(CC(=O)[O-])C[N+](C)(C)C,[M]+,CAR 20:1,CAR 20:1(11),0.11199999999999921,0.8675900000000354,0.46890817636190185,0.46890817636190185,All,Some,9990.0,16400.0,23500.0,0.0
4883,5.895,506.42149,506.3605,120.44778374301288,C26H52NO6P,CCCCCC=CCC=CCCCCCCCCOCC(O)COP(=O)([O-])OCC[N+](C)(C)C,[M+H]+,LPC O-18:2,"LPC O-18:2(9,12)",0.5520000000000002,0.8977033333333301,0.32909966472894675,0.32909966472894675,Some,Some,0.0,0.0,19400.0,0.0
5071,6.048,506.42119,506.3605,119.85532046836659,C26H52NO6P,CCCCCC=CCC=CCCCCCCCCOCC(O)COP(=O)([O-])OCC[N+](C)(C)C,[M+H]+,LPC O-18:2,"LPC O-18:2(9,12)",0.4825000000000004,0.6793849999999964,0.24255819014108507,0.24255819014108507,All,Some,7870.0,5350.0,0.0,10900.0
5143,6.196,506.42139,506.3605,120.25029598472261,C26H52NO6P,CCCCCC=CCC=CCCCCCCCCOCC(O)COP(=O)([O-])OCC[N+](C)(C)C,[M+H]+,LPC O-18:2,"LPC O-18:2(9,12)",0.4825000000000004,0.6794849999999713,0.24629387755374632,0.24629387755374632,All,Some,0.0,8460.0,0.0,0.0
5239,6.314,506.42126,506.3605,119.99356189911364,C26H52NO6P,CCCCCCCCC=CCC=CCCCCCOCC(O)COP(=O)([O-])OCC[N+](C)(C)C,[M+H]+,LPC O-18:2,"LPC O-18:2(6,9)",0.2759999999999998,0.22052499999992392,0.0,0.0,Some,None,3670.0,0.0,0.0,10400.0
11094,13.927,716.52198,716.52248,0.6978148124371151,C39H74NO8P,CCCCCC=CCC=CCCCCCCCC(=O)OC(COC(=O)CCCCCCCCCCCCCCC)COP(=O)(O)OCCN,[M+H]+,PE 16:0_18:2,"PE 16:0_18:2(9,12)",0.2475000000000005,0.08481499999999187,0.21156226607038428,0.21156226607038428,All,Some,217757.2802006409,179764.25394902533,224689.6551724138,243687.82094506978
11094,13.927,716.52198,716.52248,0.6978148124371151,C39H74NO8P,CCCCCCCCC=CCC=CCCCCC(=O)OC(COC(=O)CCCCCCCCCCCCCCC)COP(=O)(O)OCCN,[M+H]+,PE 16:0_18:2,"PE 16:0_18:2(6,9)",0.16600000000000037,0.7094499999999471,0.1733030325454206,0.1733030325454206,All,Some,434242.719799359,435235.74605097465,499310.34482758626,417312.1790549303
11199,14.054,748.52675,748.52757,1.0954840313711653,C43H74NO7P,CCC=CCC=CCC=CCC=CCC=CCC=CCCC(=O)OC(COCCCCCCC=CCCCCCCCC)COP(=O)(O)OCCN,[M+H]+,PE O-16:1_22:6,"PE O-16:1(7)_22:6(4,7,10,13,16,19)",0.4651999999999994,0.7429660000000127,0.13468838741501032,0.13468838741501032,Some,Some,56859.71066444758,57710.633932054974,24183.040677666988,46693.13780419478
11199,14.054,748.52675,748.52757,1.0954840313711653,C43H74NO7P,CCC=CCC=CCC=CCC=CCC=CCC=CCCC(=O)OC(COCCCCCCCCC=CCCCCCC)COP(=O)(O)OCCN,[M+H]+,PE O-16:1_22:6,"PE O-16:1(9)_22:6(4,7,10,13,16,19)",0.4477999999999991,0.7477060000000051,0.09699298927576155,0.09699298927576155,Some,Some,53622.48111637434,58901.49270985362,23110.51795641048,48957.638059974175
11199,14.054,748.52675,748.52757,1.0954840313711653,C43H74NO7P,CCC=CCC=CCC=CCC=CCC=CCC=CCCC(=O)OC(COCCCCCC=CCCCCCCCCC)COP(=O)(O)OCCN,[M+H]+,PE O-16:1_22:6,"PE O-16:1(6)_22:6(4,7,10,13,16,19)",0.4836363636363627,0.6905236363636401,0.08817544479614686,0.08817544479614686,Some,Some,77517.80821917808,76387.87335809141,31506.44136592253,64349.22413583104
11350,14.145,748.52506,748.52757,3.353249900889603,C43H74NO7P,CCC=CCC=CCC=CCC=CCC=CCC=CCCC(=O)OC(COCCCCCCC=CCCCCCCCC)COP(=O)(O)OCCN,[M+H]+,PE O-16:1_22:6,"PE O-16:1(7)_22:6(4,7,10,13,16,19)",0.3409090909090912,0.8237036363637096,0.18611535109941835,0.18611535109941835,Some,Some,0.0,0.0,22938.075682018185,0.0
11350,14.145,748.52506,748.52757,3.353249900889603,C43H74NO7P,CCC=CCC=CCC=CCC=CCC=CCC=CCCC(=O)OC(COCCCCCC=CCCCCCCCCC)COP(=O)(O)OCCN,[M+H]+,PE O-16:1_22:6,"PE O-16:1(6)_22:6(4,7,10,13,16,19)",0.3926153846153848,0.7724830769231386,0.1242125518858051,0.1242125518858051,Some,Some,0.0,0.0,20878.050748019945,0.0
11350,14.145,748.52506,748.52757,3.353249900889603,C43H74NO7P,CCC=CCC=CCC=CCC=CCC=CCC=CCCC(=O)OC(COCCCCCCCCC=CCCCCCC)COP(=O)(O)OCCN,[M+H]+,PE O-16:1_22:6,"PE O-16:1(9)_22:6(4,7,10,13,16,19)",0.3613846153846157,0.835770769230836,0.1242125518858051,0.1242125518858051,Some,Some,0.0,0.0,29383.873569961863,0.0
11504,14.231,750.49192,750.54322,68.3504941926852,C43H76NO7P,CCC=CCC=CCC=CCC=CCCCCCCC(=O)OC(COCCCCCCCCC=CCC=CCCCCC)COP(=O)(O)OCCN,[M+H]+,PE O-18:2_20:4,"PE O-18:2(9,12)_20:4(8,11,14,17)",0.26766666666666633,0.7260216666667247,0.42780452103928246,0.42780452103928246,Some,Some,13629.157246840821,43119.170708308906,11229.485695555533,12562.750793758021
11504,14.231,750.49192,750.54322,68.3504941926852,C43H76NO7P,CCC=CCC=CCC=CCC=CCCCCCCC(=O)OC(COCCCCCC=CCC=CCCCCCCCC)COP(=O)(O)OCCN,[M+H]+,PE O-18:2_20:4,"PE O-18:2(6,9)_20:4(8,11,14,17)",0.3533333333333335,0.6059933333333447,0.27264229447409205,0.27264229447409205,Some,Some,70862.25056518956,110446.09071044078,52601.55489772296,51707.49172465042
11504,14.231,750.49192,750.54322,68.3504941926852,C43H76NO7P,CCCCCC=CCC=CCC=CCC=CCCCC(=O)OC(COCCCCCC=CCC=CCCCCCCCC)COP(=O)(O)OCCN,[M+H]+,PE O-18:2_20:4,"PE O-18:2(6,9)_20:4(5,8,11,14)",0.24742857142857133,0.7219485714286488,0.266434279008267,0.266434279008267,Some,Some,14273.146635652027,2725.843415232106,9958.92529730505,6139.593325677227
11504,14.231,750.49192,750.54322,68.3504941926852,C43H76NO7P,CCCCCC=CCC=CCC=CCC=CCCCC(=O)OC(COCCCCCCCCC=CCC=CCCCCC)COP(=O)(O)OCCN,[M+H]+,PE O-18:2_20:4,"PE O-18:2(9,12)_20:4(5,8,11,14)",0.35599999999999987,0.8129100000001017,0.2335166484166816,0.2335166484166816,Some,Some,125235.44555231761,108708.89516601822,99210.03410941646,88590.16415591435
11519,14.237,748.52421,748.52757,4.488812616387185,C43H74NO7P,CCC=CCC=CCC=CCC=CCC=CCC=CCCC(=O)OC(COCCCCCCC=CCCCCCCCC)COP(=O)(O)OCCN,[M+H]+,PE O-16:1_22:6,"PE O-16:1(7)_22:6(4,7,10,13,16,19)",0.21054545454545412,0.8122372727273366,0.1958043134326699,0.1958043134326699,Some,Some,0.0,18209.512551193107,10490.287843122718,28379.409691324498
11519,14.237,748.52421,748.52757,4.488812616387185,C43H74NO7P,CCC=CCC=CCC=CCC=CCC=CCC=CCCC(=O)OC(COCCCCCC=CCCCCCCCCC)COP(=O)(O)OCCN,[M+H]+,PE O-16:1_22:6,"PE O-16:1(6)_22:6(4,7,10,13,16,19)",0.29799999999999965,0.7627807692308229,0.1306285543030967,0.1306285543030967,Some,Some,0.0,18547.679030528536,9537.18977628677,26593.390807918553
11519,14.237,748.52421,748.52757,4.488812616387185,C43H74NO7P,CCC=CCC=CCC=CCC=CCC=CCC=CCCC(=O)OC(COCCCCCCCCC=CCCCCCC)COP(=O)(O)OCCN,[M+H]+,PE O-16:1_22:6,"PE O-16:1(9)_22:6(4,7,10,13,16,19)",0.2667692307692305,0.825937692307749,0.1306285543030967,0.1306285543030967,Some,Some,0.0,24542.80841827836,13472.522380590513,38127.19950075696
11548,14.271,750.49205,750.54322,68.17728631279901,C43H76NO7P,CCC=CCC=CCC=CCC=CCCCCCCC(=O)OC(COCCCCCCCCC=CCC=CCCCCC)COP(=O)(O)OCCN,[M+H]+,PE O-18:2_20:4,"PE O-18:2(9,12)_20:4(8,11,14,17)",0.2143333333333318,0.7261083333333241,0.42430624980448534,0.42430624980448534,Some,Some,11890.963738068072,24244.36390769067,5485.4896414889245,11867.049191799035
11548,14.271,750.49205,750.54322,68.17728631279901,C43H76NO7P,CCCCCC=CCC=CCC=CCC=CCCCC(=O)OC(COCCCCCCCCC=CCC=CCCCCC)COP(=O)(O)OCCN,[M+H]+,PE O-18:2_20:4,"PE O-18:2(9,12)_20:4(5,8,11,14)",0.19133333333333388,0.7829233333333528,0.30754403255566154,0.30754403255566154,Some,Some,68717.22372192693,62099.8774183233,26377.98064441232,48844.02770974739
11548,14.271,750.49205,750.54322,68.17728631279901,C43H76NO7P,CCCCCC=CCC=CCC=CCC=CCCCC(=O)OC(COCCCCCC=CCC=CCCCCCCCC)COP(=O)(O)OCCN,[M+H]+,PE O-18:2_20:4,"PE O-18:2(6,9)_20:4(5,8,11,14)",0.1949999999999991,0.8161249999999995,0.30705766391448097,0.30705766391448097,Some,Some,1947.2907911947239,1532.6440334701279,2585.902293331082,604.7162549856553
11548,14.271,750.49205,750.54322,68.17728631279901,C43H76NO7P,CCC=CCC=CCC=CCC=CCCCCCCC(=O)OC(COCCCCCC=CCC=CCCCCCCCC)COP(=O)(O)OCCN,[M+H]+,PE O-18:2_20:4,"PE O-18:2(6,9)_20:4(8,11,14,17)",0.29999999999999893,0.6060366666666445,0.27102060216783513,0.27102060216783513,Some,Some,121444.52174881026,61123.114640515916,49750.627420767676,83684.20684346791
11722,14.367,750.49168,750.54322,68.67026258667082,C43H76NO7P,CCCCCC=CCC=CCC=CCC=CCCCC(=O)OC(COCCCCCCCCC=CCC=CCCCCC)COP(=O)(O)OCCN,[M+H]+,PE O-18:2_20:4,"PE O-18:2(9,12)_20:4(5,8,11,14)",0.45066666666666677,0.7825166666666897,0.33212126277180093,0.33212126277180093,Some,Some,0.0,0.0,1293.707422015059,0.0
11722,14.367,750.49168,750.54322,68.67026258667082,C43H76NO7P,CCCCCC=CCC=CCC=CCC=CCCCC(=O)OC(COCCCCCC=CCC=CCCCCCCCC)COP(=O)(O)OCCN,[M+H]+,PE O-18:2_20:4,"PE O-18:2(6,9)_20:4(5,8,11,14)",0.3079999999999992,0.701560000000029,0.3316544980235305,0.3316544980235305,Some,Some,0.0,0.0,34678.52900369464,0.0
11722,14.367,750.49168,750.54322,68.67026258667082,C43H76NO7P,CCC=CCC=CCC=CCC=CCCCCCCC(=O)OC(COCCCCCCCCC=CCC=CCCCCC)COP(=O)(O)OCCN,[M+H]+,PE O-18:2_20:4,"PE O-18:2(9,12)_20:4(8,11,14,17)",0.1528571428571414,0.7476928571428516,0.25734995079974127,0.25734995079974127,Some,Some,0.0,0.0,0.0,0.0
11722,14.367,750.49168,750.54322,68.67026258667082,C43H76NO7P,CCC=CCC=CCC=CCC=CCCCCCCC(=O)OC(COCCCCCC=CCC=CCCCCCCCC)COP(=O)(O)OCCN,[M+H]+,PE O-18:2_20:4,"PE O-18:2(6,9)_20:4(8,11,14,17)",0.2088571428571418,0.5380942857142698,0.11541235082462986,0.11541235082462986,Some,Some,0.0,0.0,43327.76357429031,0.0
11767,14.399,750.54303,750.54322,0.2531499784583271,C43H76NO7P,CCCCCC=CCC=CCC=CCC=CCCCC(=O)OC(COCCCCCCCCC=CCC=CCCCCC)COP(=O)(O)OCCN,[M+H]+,PE O-18:2_20:4,"PE O-18:2(9,12)_20:4(5,8,11,14)",0.43066666666666603,0.8607766666667658,0.1678110035997231,0.1678110035997231,Some,Some,0.0,16789.19567827131,0.0,6965.15291547639
11767,14.399,750.54303,750.54322,0.2531499784583271,C43H76NO7P,CCC=CCC=CCC=CCC=CCCCCCCC(=O)OC(COCCCCCCCCC=CCC=CCCCCC)COP(=O)(O)OCCN,[M+H]+,PE O-18:2_20:4,"PE O-18:2(9,12)_20:4(8,11,14,17)",0.3454285714285708,0.6515228571429036,0.16378214954465342,0.16378214954465342,Some,Some,0.0,39705.30147542888,0.0,43619.03671651823
11767,14.399,750.54303,750.54322,0.2531499784583271,C43H76NO7P,CCCCCC=CCC=CCC=CCC=CCCCC(=O)OC(COCCCCCC=CCC=CCCCCCCCC)COP(=O)(O)OCCN,[M+H]+,PE O-18:2_20:4,"PE O-18:2(6,9)_20:4(5,8,11,14)",0.40828571428571386,0.7716414285714889,0.14341478488542045,0.14341478488542045,Some,Some,0.0,641.2655384734538,0.0,0.0
11767,14.399,750.54303,750.54322,0.2531499784583271,C43H76NO7P,CCC=CCC=CCC=CCC=CCCCCCCC(=O)OC(COCCCCCC=CCC=CCCCCCCCC)COP(=O)(O)OCCN,[M+H]+,PE O-18:2_20:4,"PE O-18:2(6,9)_20:4(8,11,14,17)",0.2707500000000005,0.5912975000000102,0.08038025450167559,0.08038025450167559,Some,Some,0.0,28664.23730782635,0.0,38315.810368005375
11831,14.432,724.52695,724.52757,0.8557300309670471,C41H74NO7P,CCC=CCC=CCC=CCC=CCCCCCCC(=O)OC(COCCCCCCC=CCCCCCCCC)COP(=O)(O)OCCN,[M+H]+,PE O-16:1_20:4,"PE O-16:1(7)_20:4(8,11,14,17)",0.40724999999999945,0.7189200000000397,0.1045662090235405,0.1045662090235405,Some,Some,168744.00833622788,199251.26009188636,186349.63768115942,204856.56919857473
11831,14.432,724.52695,724.52757,0.8557300309670471,C41H74NO7P,CCC=CCC=CCC=CCC=CCCCCCCC(=O)OC(COCCCCCC=CCCCCCCCCC)COP(=O)(O)OCCN,[M+H]+,PE O-16:1_20:4,"PE O-16:1(6)_20:4(8,11,14,17)",0.33177777777777706,0.44973777777779056,0.09294774135425822,0.09294774135425822,Some,Some,149037.67090845937,179981.2658905393,132644.9275362319,145319.32582998698
11831,14.432,724.52695,724.52757,0.8557300309670471,C41H74NO7P,CCC=CCC=CCC=CCC=CCCCCCCC(=O)OC(COCCCCCCCCC=CCCCCCC)COP(=O)(O)OCCN,[M+H]+,PE O-16:1_20:4,"PE O-16:1(9)_20:4(8,11,14,17)",0.3313999999999989,0.4982500000000073,0.08365296721883239,0.08365296721883239,All,Some,220218.32075531277,158767.4740175744,241005.43478260867,298824.10497143824
11845,14.443,750.4919,750.54322,68.37714155892643,C43H76NO7P,CCCCCC=CCC=CCC=CCC=CCCCC(=O)OC(COCCCCCCCCC=CCC=CCCCCC)COP(=O)(O)OCCN,[M+H]+,PE O-18:2_20:4,"PE O-18:2(9,12)_20:4(5,8,11,14)",0.6059999999999993,0.782573333333365,0.28344754768950126,0.28344754768950126,Some,Some,34378.69706840391,8440.589291856157,0.0,10909.251019651465
11845,14.443,750.4919,750.54322,68.37714155892643,C43H76NO7P,CCCCCC=CCC=CCC=CCC=CCCCC(=O)OC(COCCCCCC=CCC=CCCCCCCCC)COP(=O)(O)OCCN,[M+H]+,PE O-18:2_20:4,"PE O-18:2(6,9)_20:4(5,8,11,14)",0.46799999999999936,0.7202283333333526,0.2829523123000361,0.2829523123000361,Some,Some,14381.363424848765,26741.800741391835,0.0,35695.37449017427
11845,14.443,750.4919,750.54322,68.37714155892643,C43H76NO7P,CCC=CCC=CCC=CCC=CCCCCCCC(=O)OC(COCCCCCCCCC=CCC=CCCCCC)COP(=O)(O)OCCN,[M+H]+,PE O-18:2_20:4,"PE O-18:2(9,12)_20:4(8,11,14,17)",0.3394285714285711,0.6285142857142806,0.2233731787232751,0.2233731787232751,Some,Some,5572.266170311772,415.2520350059235,0.0,0.0
11845,14.443,750.4919,750.54322,68.37714155892643,C43H76NO7P,CCC=CCC=CCC=CCC=CCCCCCCC(=O)OC(COCCCCCC=CCC=CCCCCCCCC)COP(=O)(O)OCCN,[M+H]+,PE O-18:2_20:4,"PE O-18:2(6,9)_20:4(8,11,14,17)",0.48028571428571454,0.5474428571428527,0.10232014576160188,0.10232014576160188,Some,Some,4367.6733364355505,20702.357931746094,0.0,35695.37449017427
11990,14.521,750.54255,750.54322,0.8926867662780501,C43H76NO7P,CCC=CCC=CCC=CCC=CCCCCCCC(=O)OC(COCCCCCCCCC=CCC=CCCCCC)COP(=O)(O)OCCN,[M+H]+,PE O-18:2_20:4,"PE O-18:2(9,12)_20:4(8,11,14,17)",0.5654285714285707,0.750719999999985,0.15394666708731095,0.15394666708731095,Some,Some,196765.83493282148,59339.282243959315,143512.39669421487,47316.176470588245
11990,14.521,750.54255,750.54322,0.8926867662780501,C43H76NO7P,CCCCCC=CCC=CCC=CCC=CCCCC(=O)OC(COCCCCCCCCC=CCC=CCCCCC)COP(=O)(O)OCCN,[M+H]+,PE O-18:2_20:4,"PE O-18:2(9,12)_20:4(5,8,11,14)",0.34933333333333155,0.8602966666667271,0.15363538883576774,0.15363538883576774,Some,Some,123693.8889232865,213866.4572131891,176859.5041322314,202797.79411764708
11990,14.521,750.54255,750.54322,0.8926867662780501,C43H76NO7P,CCCCCC=CCC=CCC=CCC=CCCCC(=O)OC(COCCCCCC=CCC=CCCCCCCCC)COP(=O)(O)OCCN,[M+H]+,PE O-18:2_20:4,"PE O-18:2(6,9)_20:4(5,8,11,14)",0.46799999999999936,0.7539950000000317,0.1531010988066801,0.1531010988066801,Some,Some,46994.92291498979,2919.317224849388,31115.702479338837,0.0
11990,14.521,750.54255,750.54322,0.8926867662780501,C43H76NO7P,CCC=CCC=CCC=CCC=CCCCCCCC(=O)OC(COCCCCCC=CCC=CCCCCCCCC)COP(=O)(O)OCCN,[M+H]+,PE O-18:2_20:4,"PE O-18:2(6,9)_20:4(8,11,14,17)",0.6013333333333328,0.4955783333332988,0.10278675051731223,0.10278675051731223,Some,Some,137545.35322890224,190874.9433180022,213512.3966942149,262886.02941176476
12247,14.625,676.42162,676.49118,102.82469610324269,C36H70NO8P,CCCCCCCCC=CCCCC(=O)OC(COC(=O)CCCCCCCCCCCCC)COP(=O)([O-])OCC[N+](C)(C)C,[M+H]+,PC 14:0_14:1,PC 14:0_14:1(5),0.43900000000000006,0.834889999999973,0.4724670372340103,0.4724670372340103,All,Some,0.0,6135.876042908224,0.0,0.0
12247,14.625,676.42162,676.49118,102.82469610324269,C36H70NO8P,CCCCCCCC=CCCCCC(=O)OC(COC(=O)CCCCCCCCCCCCC)COP(=O)([O-])OCC[N+](C)(C)C,[M+H]+,PC 14:0_14:1,PC 14:0_14:1(6),0.14599999999999902,0.8088899999999626,0.4669474825004987,0.4669474825004987,All,Some,0.0,109934.44576877235,0.0,0.0
12247,14.625,676.42162,676.49118,102.82469610324269,C36H70NO8P,CCCCC=CCCCCCCCC(=O)OC(COC(=O)CCCCCCCCCCCCC)COP(=O)([O-])OCC[N+](C)(C)C,[M+H]+,PC 14:0_14:1,PC 14:0_14:1(9),0.17599999999999838,0.9169249999999352,0.39855499994175053,0.39855499994175053,All,Some,0.0,26929.678188319427,0.0,185000.0
12313,14.652,724.52591,724.52757,2.291148147772094,C41H74NO7P,CCC=CCC=CCC=CCC=CCCCCCCC(=O)OC(COCCCCCCC=CCCCCCCCC)COP(=O)(O)OCCN,[M+H]+,PE O-16:1_20:4,"PE O-16:1(7)_20:4(8,11,14,17)",0.2715000000000014,0.8111499999999694,0.04669913697993092,0.04669913697993092,Some,Some,11041.085075155626,0.0,23195.052046701367,0.0
12313,14.652,724.52591,724.52757,2.291148147772094,C41H74NO7P,CCC=CCC=CCC=CCC=CCCCCCCC(=O)OC(COCCCCCC=CCCCCCCCCC)COP(=O)(O)OCCN,[M+H]+,PE O-16:1_20:4,"PE O-16:1(6)_20:4(8,11,14,17)",0.2840000000000007,0.6510559999999828,0.03735930958394474,0.03735930958394474,All,Some,9021.569917505947,0.0,17909.340272893518,0.0
12313,14.652,724.52591,724.52757,2.291148147772094,C41H74NO7P,CCC=CCC=CCC=CCC=CCCCCCCC(=O)OC(COCCCCCCCCC=CCCCCCC)COP(=O)(O)OCCN,[M+H]+,PE O-16:1_20:4,"PE O-16:1(9)_20:4(8,11,14,17)",0.25700000000000145,0.728853999999967,0.03735930958394474,0.03735930958394474,All,Some,10737.345007338428,0.0,22395.60768040512,0.0
12566,14.754,726.54093,726.54322,3.151911595866705,C41H76NO7P,CCCCCC=CCC=CCCCCCCCC(=O)OC(COCCCCCCCCC=CCC=CCCCCC)COP(=O)(O)OCCN,[M+H]+,PE O-18:2_18:2,"PE O-18:2(9,12)_18:2(9,12)",0.3110000000000017,0.6726375000000075,0.18628822492159597,0.18628822492159597,All,Some,100360.41617956513,147459.64852414263,121207.7992417404,163945.40182946748
12566,14.754,726.54093,726.54322,3.151911595866705,C41H76NO7P,CCCCCC=CCC=CCCCCCCCC(=O)OC(COCCCCCC=CCC=CCCCCCCCC)COP(=O)(O)OCCN,[M+H]+,PE O-18:2_18:2,"PE O-18:2(6,9)_18:2(9,12)",0.4612000000000009,0.7646079999999756,0.14903057993727678,0.14903057993727678,Some,Some,130660.9773205518,53728.2033782631,140217.36775591262,51391.49787651094
12566,14.754,726.54093,726.54322,3.151911595866705,C41H76NO7P,CCCCCCCCC=CCC=CCCCCC(=O)OC(COCCCCCCCCC=CCC=CCCCCC)COP(=O)(O)OCCN,[M+H]+,PE O-18:2_18:2,"PE O-18:2(9,12)_18:2(6,9)",0.37760000000000105,0.5871219999999766,0.14903057993727678,0.14903057993727678,Some,Some,47978.6064998831,125812.14809759428,60574.833002347,139663.10029402157
12739,14.824,750.54255,750.54322,0.8926867662780501,C43H76NO7P,CCC=CCC=CCC=CCC=CCCCCCCC(=O)OC(COCCCCCC=CCC=CCCCCCCCC)COP(=O)(O)OCCN,[M+H]+,PE O-18:2_20:4,"PE O-18:2(6,9)_20:4(8,11,14,17)",0.3560000000000003,0.6889712499999945,0.15081892296596092,0.15081892296596092,Some,Some,0.0,0.0,12680.345125999407,0.0
12739,14.824,750.54255,750.54322,0.8926867662780501,C43H76NO7P,CCC=CCC=CCC=CCC=CCCCCCCC(=O)OC(COCCCCCCCCC=CCC=CCCCCC)COP(=O)(O)OCCN,[M+H]+,PE O-18:2_20:4,"PE O-18:2(9,12)_20:4(8,11,14,17)",0.4345000000000008,0.6667699999999712,0.15081892296596092,0.15081892296596092,Some,Some,0.0,0.0,12064.578086049007,0.0
12739,14.824,750.54255,750.54322,0.8926867662780501,C43H76NO7P,CCCCCC=CCC=CCC=CCC=CCCCC(=O)OC(COCCCCCCCCC=CCC=CCCCCC)COP(=O)(O)OCCN,[M+H]+,PE O-18:2_20:4,"PE O-18:2(9,12)_20:4(5,8,11,14)",0.5670000000000002,0.6836675000000128,0.14330078596141638,0.14330078596141638,Some,Some,0.0,0.0,568.8379121943659,0.0
12739,14.824,750.54255,750.54322,0.8926867662780501,C43H76NO7P,CCCCCC=CCC=CCC=CCC=CCCCC(=O)OC(COCCCCCC=CCC=CCCCCCCCC)COP(=O)(O)OCCN,[M+H]+,PE O-18:2_20:4,"PE O-18:2(6,9)_20:4(5,8,11,14)",0.5302500000000001,0.707171250000016,0.07165039298070819,0.07165039298070819,Some,Some,0.0,0.0,11386.238875757224,0.0
13171,15.053,674.47438,674.47553,1.705028498294648,C36H68NO8P,CCCCCCCCC=CCCCC(=O)OC(COC(=O)CCCC=CCCCCCCCC)COP(=O)([O-])OCC[N+](C)(C)C,[M+H]+,PC 14:1_14:1,PC 14:1(5)_14:1(5),0.7729999999999997,0.854705000000024,0.47095152210122704,0.47095152210122704,All,Some,0.0,0.0,184.68665254411923,0.0
13171,15.053,674.47438,674.47553,1.705028498294648,C36H68NO8P,CCCCCCCC=CCCCCC(=O)OC(COC(=O)CCCC=CCCCCCCCC)COP(=O)([O-])OCC[N+](C)(C)C,[M+H]+,PC 14:1_14:1,PC 14:1(5)_14:1(6),0.4789999999999992,0.6639850000000251,0.23547576105061352,0.23547576105061352,All,Some,161.94674203334458,1159.1886908420406,745.1924265778649,0.0
13171,15.053,674.47438,674.47553,1.705028498294648,C36H68NO8P,CCCCC=CCCCCCCCC(=O)OC(COC(=O)CCCC=CCCCCCCCC)COP(=O)([O-])OCC[N+](C)(C)C,[M+H]+,PC 14:1_14:1,PC 14:1(5)_14:1(9),0.42299999999999915,0.9016675000000305,0.23547576105061352,0.23547576105061352,All,Some,37238.053257966654,136840.81130915796,101070.12092087802,0.0
13415,15.159,674.47473,674.47553,1.1861067814077066,C36H68NO8P,CCCCCCCCC=CCCCC(=O)OC(COC(=O)CCCC=CCCCCCCCC)COP(=O)([O-])OCC[N+](C)(C)C,[M+H]+,PC 14:1_14:1,PC 14:1(5)_14:1(5),0.5609999999999999,0.8550550000000499,0.47226143126997006,0.47226143126997006,All,Some,0.0,0.0,290.1587269343179,0.0
13415,15.159,674.47473,674.47553,1.1861067814077066,C36H68NO8P,CCCCCCCC=CCCCCC(=O)OC(COC(=O)CCCC=CCCCCCCCC)COP(=O)([O-])OCC[N+](C)(C)C,[M+H]+,PC 14:1_14:1,PC 14:1(5)_14:1(6),0.31399999999999917,0.8818950000000427,0.23613071563498503,0.23613071563498503,All,Some,57043.58770113111,0.0,6658.386932134142,130273.15541601255
13415,15.159,674.47473,674.47553,1.1861067814077066,C36H68NO8P,CCCCC=CCCCCCCCC(=O)OC(COC(=O)CCCC=CCCCCCCCC)COP(=O)([O-])OCC[N+](C)(C)C,[M+H]+,PC 14:1_14:1,PC 14:1(5)_14:1(9),0.3454999999999995,0.6603625000000477,0.23613071563498503,0.23613071563498503,All,Some,22756.412298868887,0.0,50851.45434093154,53726.84458398745
13976,15.499,744.55362,744.55378,0.21489381188434684,C41H78NO8P,CCCCCCC=CCCCCCCCCCC(=O)OC(COC(=O)CCCCCCCCCC=CCCCCCC)COP(=O)(O)OCCN,[M+H]+,PE 18:1_18:1,PE 18:1(11)_18:1(11),0.48299999999999876,0.5097799999999779,0.32390803149133257,0.32390803149133257,All,Some,558898.2292970846,552323.3042549404,573333.3333333333,576739.1121926659
13976,15.499,744.55362,744.55378,0.21489381188434684,C41H78NO8P,CCCCCCCCCCCC=CCCCCC(=O)OC(COC(=O)CCCCCCCCCC=CCCCCCC)COP(=O)(O)OCCN,[M+H]+,PE 18:1_18:1,PE 18:1(11)_18:1(6),0.27749999999999897,0.6387675000000002,0.16195401574566629,0.16195401574566629,All,Some,562203.5414058308,552323.3042549404,573333.3333333333,586521.7756146681
13976,15.499,744.55362,744.55378,0.21489381188434684,C41H78NO8P,CCCCCCCCC=CCCCCCCCC(=O)OC(COC(=O)CCCCCCCCCC=CCCCCCC)COP(=O)(O)OCCN,[M+H]+,PE 18:1_18:1,PE 18:1(11)_18:1(9),0.27199999999999847,0.4937550000000215,0.16195401574566629,0.16195401574566629,All,Some,558898.2292970846,575353.3914901193,573333.3333333333,576739.1121926659
14148,15.582,776.55567,776.55887,4.120743608263134,C45H78NO7P,CCC=CCC=CCC=CCC=CCC=CCC=CCCC(=O)OC(COCCCCCCCCCCC=CCCCCCC)COP(=O)(O)OCCN,[M+H]+,PE O-18:1_22:6,"PE O-18:1(11)_22:6(4,7,10,13,16,19)",0.31261538461538435,0.8455999999999728,0.12916071272420762,0.12916071272420762,Some,Some,0.0,0.0,0.0,36434.05616779239
14148,15.582,776.55567,776.55887,4.120743608263134,C45H78NO7P,CCC=CCC=CCC=CCC=CCC=CCC=CCCC(=O)OC(COCCCCCC=CCCCCCCCCCCC)COP(=O)(O)OCCN,[M+H]+,PE O-18:1_22:6,"PE O-18:1(6)_22:6(4,7,10,13,16,19)",0.41145454545454513,0.7759499999999868,0.1194178100640062,0.1194178100640062,Some,Some,0.0,0.0,0.0,57472.80483469606
14148,15.582,776.55567,776.55887,4.120743608263134,C45H78NO7P,CCC=CCC=CCC=CCC=CCC=CCC=CCCC(=O)OC(COCCCCCCCCC=CCCCCCCCC)COP(=O)(O)OCCN,[M+H]+,PE O-18:1_22:6,"PE O-18:1(9)_22:6(4,7,10,13,16,19)",0.3250909090909085,0.7603672727272562,0.1194178100640062,0.1194178100640062,Some,Some,0.0,0.0,0.0,33093.13899751155
14252,15.627,500.39467,500.43095,72.49751439229838,C29H54O5,CCCCCCC=CCCCCCCCC(=O)OC(CO)COC(=O)CCCCCCCCC,[M+NH4]+,DG 10:0_16:1,DG 10:0_16:1(9),0.9740000000000002,0.9253200000000561,0.0,0.0,Some,None,118000.0,193000.0,222000.0,213000.0
14669,15.889,636.55723,636.55615,1.6966295903381756,C39H70O5,CCCCCCCCC=CCC=CCCCCC(=O)OC(CO)COC(=O)CCCCCCCCCC=CCCCCCC,[M+NH4]+,DG 18:1_18:2,"DG 18:1(11)_18:2(6,9)",0.7383333333333345,0.6233500000000353,0.0,0.0,All,None,165000.0,118000.0,149000.0,218000.0
14808,15.969,752.55864,752.55887,0.30562393077333605,C43H78NO7P,CCC=CCC=CCC=CCC=CCCCCCCC(=O)OC(COCCCCCCCCC=CCCCCCCCC)COP(=O)(O)OCCN,[M+H]+,PE O-18:1_20:4,"PE O-18:1(9)_20:4(8,11,14,17)",0.27960000000000135,0.5975080000000161,0.08609353913591297,0.08609353913591297,Some,Some,14956.709672412046,24484.146409933855,15771.356712109518,18566.55196684132
14808,15.969,752.55864,752.55887,0.30562393077333605,C43H78NO7P,CCC=CCC=CCC=CCC=CCCCCCCC(=O)OC(COCCCCCCCCCCC=CCCCCCC)COP(=O)(O)OCCN,[M+H]+,PE O-18:1_20:4,"PE O-18:1(11)_20:4(8,11,14,17)",0.3475555555555567,0.6588177777777623,0.07224384086050456,0.07224384086050456,All,Some,342936.56752061227,343482.69420742674,394695.5900425848,416914.7962774693
14808,15.969,752.55864,752.55887,0.30562393077333605,C43H78NO7P,CCC=CCC=CCC=CCC=CCCCCCCC(=O)OC(COCCCCCC=CCCCCCCCCCCC)COP(=O)(O)OCCN,[M+H]+,PE O-18:1_20:4,"PE O-18:1(6)_20:4(8,11,14,17)",0.30733333333333474,0.6238533333333484,0.07174461594659415,0.07174461594659415,Some,Some,20383.67254338884,28286.228051939386,21800.79453542542,28259.990615468836
14808,15.969,752.55864,752.55887,0.30562393077333605,C43H78NO7P,CCCCCC=CCC=CCC=CCC=CCCCC(=O)OC(COCCCCCCCCCCC=CCCCCCC)COP(=O)(O)OCCN,[M+H]+,PE O-18:1_20:4,"PE O-18:1(11)_20:4(5,8,11,14)",0.3786000000000008,0.7389199999999846,0.0421555860247194,0.0421555860247194,All,Some,346093.70317080314,344646.1072019837,398133.12755437416,417667.12285915384
14808,15.969,752.55864,752.55887,0.30562393077333605,C43H78NO7P,CCCCCC=CCC=CCC=CCC=CCCCC(=O)OC(COCCCCCC=CCCCCCCCCCCC)COP(=O)(O)OCCN,[M+H]+,PE O-18:1_20:4,"PE O-18:1(6)_20:4(5,8,11,14)",0.49657142857142944,0.6536771428571585,0.02883271259745971,0.02883271259745971,Some,Some,14477.780199048342,19575.623028259528,15771.356712109518,18566.55196684132
14808,15.969,752.55864,752.55887,0.30562393077333605,C43H78NO7P,CCCCCC=CCC=CCC=CCC=CCCCC(=O)OC(COCCCCCCCCC=CCCCCCCCC)COP(=O)(O)OCCN,[M+H]+,PE O-18:1_20:4,"PE O-18:1(9)_20:4(5,8,11,14)",0.4277142857142867,0.6540571428571411,0.02883271259745971,0.02883271259745971,Some,Some,170151.56689373543,227525.20110045694,193827.77444339645,210024.98631422533
14912,16.046,636.55719,636.55615,1.6337914573428436,C39H70O5,CCCCCCCCC=CCC=CCCCCC(=O)OC(CO)COC(=O)CCCCCCCCCC=CCCCCCC,[M+NH4]+,DG 18:1_18:2,"DG 18:1(11)_18:2(6,9)",0.5290000000000011,0.6233233333333601,0.0,0.0,All,None,0.0,0.0,0.0,48800.0
14973,16.106,636.55692,636.55615,1.2096340597582997,C39H70O5,CCCCCCCCC=CCC=CCCCCC(=O)OC(CO)COC(=O)CCCCCCCCCC=CCCCCCC,[M+NH4]+,DG 18:1_18:2,"DG 18:1(11)_18:2(6,9)",0.5549999999999988,0.6899550000000545,0.0,0.0,All,None,72400.0,49200.0,66100.0,61700.0
15085,16.22,728.55772,728.55887,1.578458580757791,C41H78NO7P,CCCCCCCCC=CCC=CCCCCC(=O)OC(COCCCCCCCCC=CCCCCCCCC)COP(=O)(O)OCCN,[M+H]+,PE O-18:1_18:2,"PE O-18:1(9)_18:2(6,9)",0.4739999999999984,0.8278950000000691,0.29562636353483024,0.29562636353483024,Some,Some,109532.40218617159,121818.32335329341,59875.51867219918,177240.72586045263
15085,16.22,728.55772,728.55887,1.578458580757791,C41H78NO7P,CCCCCC=CCC=CCCCCCCCC(=O)OC(COCCCCCCCCC=CCCCCCCCC)COP(=O)(O)OCCN,[M+H]+,PE O-18:1_18:2,"PE O-18:1(9)_18:2(9,12)",0.4875000000000007,0.8710450000000094,0.28309188094039117,0.28309188094039117,Some,Some,7930.077210028629,28311.61676646707,4484.884410195613,175907.12468193384
15085,16.22,728.55772,728.55887,1.578458580757791,C41H78NO7P,CCCCCCCCC=CCC=CCCCCC(=O)OC(COCCCCCCCCCCC=CCCCCCC)COP(=O)(O)OCCN,[M+H]+,PE O-18:1_18:2,"PE O-18:1(11)_18:2(6,9)",0.25150000000000095,0.8731575000000475,0.14781318176741512,0.14781318176741512,Some,Some,100829.35716144704,120299.88023952095,50397.154712507414,6475.65956876925
15085,16.22,728.55772,728.55887,1.578458580757791,C41H78NO7P,CCCCCCCCC=CCC=CCCCCC(=O)OC(COCCCCCC=CCCCCCCCCCCC)COP(=O)(O)OCCN,[M+H]+,PE O-18:1_18:2,"PE O-18:1(6)_18:2(6,9)",0.37950000000000017,0.6411475000000166,0.14781318176741512,0.14781318176741512,Some,Some,14571.87472889737,49961.67664670659,30099.58506224066,9091.569572786926
15085,16.22,728.55772,728.55887,1.578458580757791,C41H78NO7P,CCCCCC=CCC=CCCCCCCCC(=O)OC(COCCCCCCCCCCC=CCCCCCC)COP(=O)(O)OCCN,[M+H]+,PE O-18:1_18:2,"PE O-18:1(11)_18:2(9,12)",0.24200000000000302,0.8893340000000081,0.10822295933838086,0.10822295933838086,Some,Some,52275.52702351002,50304.55089820359,59875.51867219918,7334.806481853487
15085,16.22,728.55772,728.55887,1.578458580757791,C41H78NO7P,CCCCCC=CCC=CCCCCCCCC(=O)OC(COCCCCCC=CCCCCCCCCCCC)COP(=O)(O)OCCN,[M+H]+,PE O-18:1_18:2,"PE O-18:1(6)_18:2(9,12)",0.30700000000000216,0.7175799999999981,0.09018579944865072,0.09018579944865072,All,Some,44860.76168994534,38303.95209580838,29267.33847065797,6950.113834203828
15345,16.358,728.52176,728.55887,50.93617211740791,C41H78NO7P,CCCCCCCCC=CCC=CCCCCC(=O)OC(COCCCCCCCCC=CCCCCCCCC)COP(=O)(O)OCCN,[M+H]+,PE O-18:1_18:2,"PE O-18:1(9)_18:2(6,9)",0.5510000000000002,0.8871050000000196,0.3490345400969052,0.3490345400969052,Some,Some,0.0,19810.242663656885,0.0,24582.070530726258
15345,16.358,728.52176,728.55887,50.93617211740791,C41H78NO7P,CCCCCCCCC=CCC=CCCCCC(=O)OC(COCCCCCC=CCCCCCCCCCCC)COP(=O)(O)OCCN,[M+H]+,PE O-18:1_18:2,"PE O-18:1(6)_18:2(6,9)",0.5374999999999996,0.7537300000000187,0.1745172700484526,0.1745172700484526,Some,Some,0.0,8257.138826185103,0.0,6067.929469273743
15345,16.358,728.52176,728.55887,50.93617211740791,C41H78NO7P,CCCCCC=CCC=CCCCCCCCC(=O)OC(COCCCCCCCCC=CCCCCCCCC)COP(=O)(O)OCCN,[M+H]+,PE O-18:1_18:2,"PE O-18:1(9)_18:2(9,12)",0.6249999999999982,0.8050099999999532,0.1745172700484526,0.1745172700484526,Some,Some,0.0,12632.618510158014,0.0,24582.070530726258
15345,16.358,728.52176,728.55887,50.93617211740791,C41H78NO7P,CCCCCCCCC=CCC=CCCCCC(=O)OC(COCCCCCCCCCCC=CCCCCCC)COP(=O)(O)OCCN,[M+H]+,PE O-18:1_18:2,"PE O-18:1(11)_18:2(6,9)",0.3884,0.8437820000000101,0.13961381603876208,0.13961381603876208,Some,Some,0.0,0.0,0.0,6067.929469273743
15949,16.836,508.36925,508.37615,13.57262727603028,C26H54NO6P,CCCCCCC=CCCCCCCCCCCOCC(O)COP(=O)([O-])OCC[N+](C)(C)C,[M+H]+,LPC O-18:1,LPC O-18:1(11),0.23500000000000298,0.5097000000000094,0.0,0.0,All,None,,,261000.0,258000.0
15960,16.84,612.55623,612.55615,0.13060027235934712,C37H70O5,CCCCCCC=CCCCCCCCCCC(=O)OC(CO)COC(=O)CCCCCCCCCCCCCCC,[M+NH4]+,DG 16:0_18:1,DG 16:0_18:1(11),0.9359999999999999,0.0666699999999878,0.000737759442020554,0.000737759442020554,All,Some,459000.0,396000.0,491000.0,462000.0
16343,17.029,612.55646,612.55615,0.5060760552532745,C37H70O5,CCCCCCC=CCCCCCCCCCC(=O)OC(CO)COC(=O)CCCCCCCCCCCCCCC,[M+NH4]+,DG 16:0_18:1,DG 16:0_18:1(11),0.661999999999999,0.06644000000000005,0.0010481003291914531,0.0010481003291914531,All,Some,36800.0,0.0,0.0,0.0
16629,17.207,638.57157,638.5718,0.3601787615761091,C39H72O5,CCCCCCC=CCCCCCCCCCC(=O)OC(CO)COC(=O)CCCCCCCCCC=CCCCCCC,[M+NH4]+,DG 18:1_18:1,DG 18:1(11)_18:1(11),0.347999999999999,0.49731000000002723,0.14367221618001158,0.14367221618001158,All,Some,0.0,0.0,0.0,10315.107346858384
16629,17.207,638.57157,638.5718,0.3601787615761091,C39H72O5,CCCCCCCCCCCC=CCCCCC(=O)OC(CO)COC(=O)CCCCCCCCCC=CCCCCCC,[M+NH4]+,DG 18:1_18:1,DG 18:1(11)_18:1(6),0.32466666666666555,0.34000000000003183,0.09578147745334105,0.09578147745334105,Some,Some,0.0,0.0,0.0,10315.107346858384
16629,17.207,638.57157,638.5718,0.3601787615761091,C39H72O5,CCCCCCCCC=CCCCCCCCC(=O)OC(CO)COC(=O)CCCCCCCCCC=CCCCCCC,[M+NH4]+,DG 18:1_18:1,DG 18:1(11)_18:1(9),0.21999999999999886,0.5149250000000336,0.07183610809000579,0.07183610809000579,All,Some,0.0,0.0,0.0,13069.785306283238
19053,19.278,710.62958,710.62932,0.36587288577634836,C43H80O6,CCCCCCCCCCCC(=O)OC(COC(=O)CCCCCCCC=CCCCCCCCC)COC(=O)CCCCCCCCC,[M+NH4]+,TG 10:0_12:0_18:1,TG 10:0_12:0_18:1(9),0.6119999999999948,0.9006400000000667,0.27871508747947116,0.27871508747947116,Some,Some,,,134000.0,137000.0
19088,19.312,736.6452,736.64497,0.31222639055205503,C45H82O6,CCCCCCCCCCCC(=O)OC(COC(=O)CCCCC=CCC=CCCCCCCCC)COC(=O)CCCCCCCCCCC,[M+NH4]+,TG 12:0_12:0_18:2,"TG 12:0_12:0_18:2(6,9)",0.4800000000000004,0.5152649999999994,0.0,0.0,Some,None,112000.0,0.0,,
19201,19.447,762.66052,762.66062,0.13111992064687691,C47H84O6,CCCCCCCCC=CCCCCCCCC(=O)OC(COC(=O)CCCCC=CCC=CCCCCCCCC)COC(=O)CCCCCCC,[M+NH4]+,TG 8:0_18:1_18:2,"TG 8:0_18:1(9)_18:2(6,9)",0.3640000000000043,0.7930599999999686,0.3504758393823282,0.3504758393823282,Some,Some,15569.13183279743,15414.206874802898,0.0,15217.90463833928
19201,19.447,762.66052,762.66062,0.13111992064687691,C47H84O6,CCCCCCC=CCCCCCCCCCC(=O)OC(COC(=O)CCCCCCCC=CCC=CCCCCC)COC(=O)CCCCCCC,[M+NH4]+,TG 8:0_18:1_18:2,"TG 8:0_18:1(11)_18:2(9,12)",0.1205000000000016,0.6886850000000209,0.2555234410225179,0.2555234410225179,Some,Some,22463.022508038583,21167.8334910123,0.0,24419.57833279273
19201,19.447,762.66052,762.66062,0.13111992064687691,C47H84O6,CCCCCCCCC=CCCCCCCCC(=O)OC(COC(=O)CCCCCCCC=CCC=CCCCCC)COC(=O)CCCCCCC,[M+NH4]+,TG 8:0_18:1_18:2,"TG 8:0_18:1(9)_18:2(9,12)",0.11450000000000138,0.5550000000000068,0.19971868027771827,0.19971868027771827,Some,Some,8237.942122186494,9212.693156732888,0.0,8808.329549140448
19201,19.447,762.66052,762.66062,0.13111992064687691,C47H84O6,CCCCCCCCCCCC=CCCCCC(=O)OC(COC(=O)CCCCCCCC=CCC=CCCCCC)COC(=O)CCCCCCC,[M+NH4]+,TG 8:0_18:1_18:2,"TG 8:0_18:1(6)_18:2(9,12)",0.1372,0.5973080000000209,0.15977494422217461,0.15977494422217461,All,Some,20392.282958199354,16950.80416272469,0.0,24161.647745702237
19201,19.447,762.66052,762.66062,0.13111992064687691,C47H84O6,CCCCCCC=CCCCCCCCCCC(=O)OC(COC(=O)CCCCC=CCC=CCCCCCCCC)COC(=O)CCCCCCC,[M+NH4]+,TG 8:0_18:1_18:2,"TG 8:0_18:1(11)_18:2(6,9)",0.16150000000000375,0.5333324999999434,0.14342372059038166,0.14342372059038166,Some,Some,7588.424437299034,6876.789656259854,0.0,7222.056438533895
19201,19.447,762.66052,762.66062,0.13111992064687691,C47H84O6,CCCCCCCCCCCC=CCCCCC(=O)OC(COC(=O)CCCCC=CCC=CCCCCCCCC)COC(=O)CCCCCCC,[M+NH4]+,TG 8:0_18:1_18:2,"TG 8:0_18:1(6)_18:2(6,9)",0.2226666666666688,0.5932599999999487,0.1168252797941094,0.1168252797941094,Some,Some,17749.1961414791,17777.672658467363,0.0,19570.4832954914
19206,19.451,710.62998,710.62932,0.9287542484722734,C43H80O6,CCCCCCCCCCCCCCCC(=O)OC(COC(=O)CCCCCC=CCCCCCCCC)COC(=O)CCCCCCC,[M+NH4]+,TG 8:0_16:0_16:1,TG 8:0_16:0_16:1(7),0.9579999999999984,0.90104000000008,0.5974902273384062,0.5974902273384062,Some,Some,,,145000.0,175000.0
19215,19.459,736.64586,736.64497,1.2081803803353233,C45H82O6,CCCCCCCCCCCCCCCC(=O)OC(COC(=O)CCCCC=CCC=CCCCCCCCC)COC(=O)CCCCCCC,[M+NH4]+,TG 8:0_16:0_18:2,"TG 8:0_16:0_18:2(6,9)",0.35666666666666674,0.5964799999999665,0.0,0.0,Some,None,143000.0,222000.0,,272000.0
19443,19.64,736.64822,736.64497,4.411894647286709,C45H82O6,CCCCCCCCCCCCCCCC(=O)OC(COC(=O)CCCCC=CCC=CCCCCCCCC)COC(=O)CCCCCCC,[M+NH4]+,TG 8:0_16:0_18:2,"TG 8:0_16:0_18:2(6,9)",0.5286666666666662,0.6452666666666573,0.0,0.0,Some,None,0.0,28900.0,,0.0
19442,19.64,762.66055,762.66062,0.09178394454225348,C47H84O6,CCCCCCCCC=CCCCCCCCC(=O)OC(COC(=O)CCCCCCCC=CCC=CCCCCC)COC(=O)CCCCCCC,[M+NH4]+,TG 8:0_18:1_18:2,"TG 8:0_18:1(9)_18:2(9,12)",0.3194999999999979,0.6384250000000122,0.1692785391704076,0.1692785391704076,Some,Some,10093.563998844265,11148.991083998124,38710.51885455061,11804.608219504209
19442,19.64,762.66055,762.66062,0.09178394454225348,C47H84O6,CCCCCCC=CCCCCCCCCCC(=O)OC(COC(=O)CCCCCCCC=CCC=CCCCCC)COC(=O)CCCCCCC,[M+NH4]+,TG 8:0_18:1_18:2,"TG 8:0_18:1(11)_18:2(9,12)",0.34199999999999875,0.6060020000000123,0.11385767239963973,0.11385767239963973,All,Some,19132.66396995088,13979.727827311122,40132.69067195917,21656.6385441776
19442,19.64,762.66055,762.66062,0.09178394454225348,C47H84O6,CCCCCCCCCCCC=CCCCCC(=O)OC(COC(=O)CCCCCCCC=CCC=CCCCCC)COC(=O)CCCCCCC,[M+NH4]+,TG 8:0_18:1_18:2,"TG 8:0_18:1(6)_18:2(9,12)",0.30959999999999754,0.4957420000000411,0.11368705848786835,0.11368705848786835,All,Some,2308.104594047963,2324.6832473017366,0.0,2838.0873731512065
19442,19.64,762.66055,762.66062,0.09178394454225348,C47H84O6,CCCCCCCCC=CCCCCCCCC(=O)OC(COC(=O)CCCCC=CCC=CCCCCCCCC)COC(=O)CCCCCCC,[M+NH4]+,TG 8:0_18:1_18:2,"TG 8:0_18:1(9)_18:2(6,9)",0.39399999999999835,0.7655099999999493,0.10867886424228869,0.10867886424228869,Some,Some,23368.094481363765,16763.02205537307,32859.65409696626,21623.866172663154
19442,19.64,762.66055,762.66062,0.09178394454225348,C47H84O6,CCCCCCCCCCCC=CCCCCC(=O)OC(COC(=O)CCCCC=CCC=CCCCCCCCC)COC(=O)CCCCCCC,[M+NH4]+,TG 8:0_18:1_18:2,"TG 8:0_18:1(6)_18:2(6,9)",0.34133333333333127,0.7683633333332788,0.0362262880807629,0.0362262880807629,Some,Some,1540.6891071944524,1254.5909588612546,0.0,2130.204148439127
19442,19.64,762.66055,762.66062,0.09178394454225348,C47H84O6,CCCCCCC=CCCCCCCCCCC(=O)OC(COC(=O)CCCCC=CCC=CCCCCCCCC)COC(=O)CCCCCCC,[M+NH4]+,TG 8:0_18:1_18:2,"TG 8:0_18:1(11)_18:2(6,9)",0.2659999999999997,0.7783339999999498,0.021906386760229126,0.021906386760229126,All,Some,24656.883848598667,21928.9848271547,64297.136376523966,28046.595542064697
19887,20.134,738.66049,738.66062,0.1759942204754899,C45H84O6,CCCCCCCCCCCCCCCC(=O)OC(COC(=O)CCCCC=CCCCCCCCCCCC)COC(=O)CCCCCCC,[M+NH4]+,TG 8:0_16:0_18:1,TG 8:0_16:0_18:1(6),0.28800000000000026,0.4212249999999358,0.0,0.0,All,None,,504000.0,632000.0,576000.0
20013,20.277,892.73843,892.73887,0.4928652877251498,C57H94O6,CCCCCC=CCC=CCC=CCCCCC(=O)OC(COC(=O)CCCC=CCC=CCC=CCC=CCC=CCC)COC(=O)CCCCCCCCCCCCCCC,[M+NH4]+,TG 16:0_18:3_20:5,"TG 16:0_18:3(6,9,12)_20:5(5,8,11,14,17)",0.3434285714285729,0.5518371428571527,0.18404831837713947,0.18404831837713947,Some,Some,78000.0,0.0,0.0,0.0
20013,20.277,892.73843,892.73887,0.4928652877251498,C57H94O6,CCC=CCC=CCC=CCCCCCCCC(=O)OC(COC(=O)CCCC=CCC=CCC=CCC=CCC=CCC)COC(=O)CCCCCCCCCCCCCCC,[M+NH4]+,TG 16:0_18:3_20:5,"TG 16:0_18:3(9,12,15)_20:5(5,8,11,14,17)",0.4140000000000015,0.5183100000000138,0.1749586359579519,0.1749586359579519,Some,Some,78000.0,0.0,0.0,0.0
20037,20.293,682.56154,682.59802,53.44287403585377,C41H76O6,CCCCCCCCCC(=O)OC(COC(=O)CCCCC=CCCCCCCCCCCC)COC(=O)CCCCCCCCC,[M+NH4]+,TG 10:0_10:0_18:1,TG 10:0_10:0_18:1(6),0.2259999999999991,0.3410599999999704,0.0,0.0,Some,None,,,0.0,
20048,20.293,790.69181,790.69192,0.13911865945164884,C49H88O6,CCCCCCC=CCCCCCCCC(=O)OC(COC(=O)CCCCCCCC=CCC=CCCCCC)COC(=O)CCCCCCCCCCC,[M+NH4]+,TG 12:0_16:1_18:2,"TG 12:0_16:1(9)_18:2(9,12)",0.2430000000000009,0.4869566666666098,0.016200264358022052,0.016200264358022052,All,Some,58411.561614730876,38736.47704054199,81863.34134001125,37671.10741049127
20048,20.293,790.69181,790.69192,0.13911865945164884,C49H88O6,CCCCCCC=CCCCCCCCC(=O)OC(COC(=O)CCCCC=CCC=CCCCCCCCC)COC(=O)CCCCCCCCCCC,[M+NH4]+,TG 12:0_16:1_18:2,"TG 12:0_16:1(9)_18:2(6,9)",0.2744,0.7082300000000032,0.014783906927368381,0.014783906927368381,All,Some,54797.27337110482,85307.0760296806,61220.4221393162,68112.40632805995
20048,20.293,790.69181,790.69192,0.13911865945164884,C49H88O6,CCCCCCCCC=CCCCCCC(=O)OC(COC(=O)CCCCCCCC=CCC=CCCCCC)COC(=O)CCCCCCCCCCC,[M+NH4]+,TG 12:0_16:1_18:2,"TG 12:0_16:1(7)_18:2(9,12)",0.29100000000000215,0.48494249999995986,0.008210685946345195,0.008210685946345195,Some,Some,105319.58215297452,66580.16991074309,109159.55435171461,85616.15320566198
20048,20.293,790.69181,790.69192,0.13911865945164884,C49H88O6,CCCCCCCCCC=CCCCCC(=O)OC(COC(=O)CCCCCCCC=CCC=CCCCCC)COC(=O)CCCCCCCCCCC,[M+NH4]+,TG 12:0_16:1_18:2,"TG 12:0_16:1(6)_18:2(9,12)",0.25840000000000174,0.28413999999993395,0.005612479529667119,0.005612479529667119,All,Some,112042.93555240794,64902.839014947844,131699.8006848265,117579.51706910909
20048,20.293,790.69181,790.69192,0.13911865945164884,C49H88O6,CCCCCCCCCC=CCCCCC(=O)OC(COC(=O)CCCCC=CCC=CCCCCCCCC)COC(=O)CCCCCCCCCCC,[M+NH4]+,TG 12:0_16:1_18:2,"TG 12:0_16:1(6)_18:2(6,9)",0.30150000000000077,0.5100275000000067,0.0011950865342612962,0.0011950865342612962,All,Some,108428.64730878187,111473.43800408646,111056.88148413145,148020.8159866778
20055,20.297,764.67607,764.67627,0.26154858978883017,C47H86O6,CCCCCCCCCCCCCCCC(=O)OC(COC(=O)CCCCC=CCC=CCCCCCCCC)COC(=O)CCCCCCCCC,[M+NH4]+,TG 10:0_16:0_18:2,"TG 10:0_16:0_18:2(6,9)",0.6480000000000009,0.6240466666666483,0.057167441580221766,0.057167441580221766,Some,Some,549260.4738321509,559304.8225659691,399200.0,592044.9264136328
20055,20.297,764.67607,764.67627,0.26154858978883017,C47H86O6,CCCCCCCCCCCCCCCC(=O)OC(COC(=O)CCCCCCCC=CCC=CCCCCC)COC(=O)CCCCCCCCC,[M+NH4]+,TG 10:0_16:0_18:2,"TG 10:0_16:0_18:2(9,12)",0.12099999999999866,0.5030549999999607,0.0015242414094242599,0.0015242414094242599,All,Some,265739.52616784896,164695.17743403095,424800.00000000006,261955.07358636716
20139,20.388,680.54472,680.58237,55.32026931579948,C41H74O6,CCCCCCCCCC(=O)OC(COC(=O)CCCCC=CCC=CCCCCCCCC)COC(=O)CCCCCCCCC,[M+NH4]+,TG 10:0_10:0_18:2,"TG 10:0_10:0_18:2(6,9)",0.7160000000000011,0.2681399999999788,0.0,0.0,Some,None,10800.0,0.0,0.0,0.0
20193,20.423,892.73872,892.73887,0.16802225725427833,C57H94O6,CCCCCC=CCC=CCC=CCCCCC(=O)OC(COC(=O)CCCCC=CCC=CCC=CCCCCC)COC(=O)CCCCCCCC=CCC=CCCCCC,[M+NH4]+,TG 18:2_18:3_18:3,"TG 18:2(9,12)_18:3(6,9,12)_18:3(6,9,12)",0.2733333333333287,0.8689466666666021,0.2698498803696538,0.2698498803696538,Some,Some,2973.343488194974,3598.391345806778,4638.854296388544,26993.964411921064
20193,20.423,892.73872,892.73887,0.16802225725427833,C57H94O6,CCCCCC=CCC=CCC=CCCCCC(=O)OC(COC(=O)CCCCCCCC=CCC=CCC=CCC)COC(=O)CCCCC=CCC=CCCCCCCCC,[M+NH4]+,TG 18:2_18:3_18:3,"TG 18:2(6,9)_18:3(6,9,12)_18:3(9,12,15)",0.476857142857142,0.6645342857142721,0.20936169643725336,0.20936169643725336,Some,Some,67364.81340441736,99572.65072378663,109337.79576587795,98853.4884448197
20193,20.423,892.73872,892.73887,0.16802225725427833,C57H94O6,CCCCCC=CCC=CCC=CCCCCC(=O)OC(COC(=O)CCCCCCCC=CCC=CCC=CCC)COC(=O)CCCCCCCC=CCC=CCCCCC,[M+NH4]+,TG 18:2_18:3_18:3,"TG 18:2(9,12)_18:3(6,9,12)_18:3(9,12,15)",0.4854285714285688,0.6639071428571209,0.20936169643725336,0.20936169643725336,Some,Some,26597.4866717441,43712.05305434191,42074.40846824408,36499.29636926541
20193,20.423,892.73872,892.73887,0.16802225725427833,C57H94O6,CCCCCC=CCC=CCC=CCCCCC(=O)OC(COC(=O)CCCCC=CCC=CCC=CCCCCC)COC(=O)CCCCC=CCC=CCCCCCCCC,[M+NH4]+,TG 18:2_18:3_18:3,"TG 18:2(6,9)_18:3(6,9,12)_18:3(6,9,12)",0.21199999999999797,0.7022749999999576,0.20238741027724036,0.20238741027724036,Some,Some,0.0,600.9934220804757,0.0,24401.601150827155
20193,20.423,892.73872,892.73887,0.16802225725427833,C57H94O6,CCC=CCC=CCC=CCCCCCCCC(=O)OC(COC(=O)CCCCCCCC=CCC=CCC=CCC)COC(=O)CCCCC=CCC=CCCCCCCCC,[M+NH4]+,TG 18:2_18:3_18:3,"TG 18:2(6,9)_18:3(9,12,15)_18:3(9,12,15)",0.6115999999999986,0.43145400000003065,0.13633607322417354,0.13633607322417354,Some,Some,18699.543031226203,33943.26073019755,32611.145703611455,52799.76232917409
20193,20.423,892.73872,892.73887,0.16802225725427833,C57H94O6,CCC=CCC=CCC=CCCCCCCCC(=O)OC(COC(=O)CCCCCCCC=CCC=CCC=CCC)COC(=O)CCCCCCCC=CCC=CCCCCC,[M+NH4]+,TG 18:2_18:3_18:3,"TG 18:2(9,12)_18:3(9,12,15)_18:3(9,12,15)",0.5224000000000004,0.5891720000000078,0.13119644679036244,0.13119644679036244,Some,Some,67364.81340441736,99572.65072378663,109337.79576587795,74451.88729399255
20406,20.601,752.6762,752.71265,48.424853760673386,C47H90O5,CCCCCCCCCCCCCCCC(=O)OC(COC(=O)CCCCCCCCCC=CCCCCCC)COCCCCCCCCCC,[M+NH4]+,TG O-10:0_16:0_18:1,TG O-10:0_16:0_18:1(11),0.9759999999999991,0.8731699999999591,0.007562356375499486,0.007562356375499486,All,Some,108000.0,83500.0,133000.0,137000.0
20426,20.636,944.7699,944.77017,0.28578379014701166,C61H98O6,CCCCCC=CCC=CCC=CCC=CCCCC(=O)OC(COC(=O)CCC=CCC=CCC=CCC=CCC=CCC=CCC)COC(=O)CCCCCCCCCCCCCCC,[M+NH4]+,TG 16:0_20:4_22:6,"TG 16:0_20:4(5,8,11,14)_22:6(4,7,10,13,16,19)",0.580499999999998,0.7758400000000307,0.36011671874547896,0.36011671874547896,Some,Some,0.0,4695.560211733569,11404.98395575886,0.0
20426,20.636,944.7699,944.77017,0.28578379014701166,C61H98O6,CCC=CCC=CCC=CCC=CCCCCCCC(=O)OC(COC(=O)CCC=CCC=CCC=CCC=CCC=CCC=CCC)COC(=O)CCCCCCCCCCCCCCC,[M+NH4]+,TG 16:0_20:4_22:6,"TG 16:0_20:4(8,11,14,17)_22:6(4,7,10,13,16,19)",0.6214285714285696,0.452619999999992,0.21478326520647067,0.21478326520647067,Some,Some,0.0,2644.4397882664316,5895.016044241143,0.0
20437,20.644,842.72305,842.72322,0.20172696799020043,C53H92O6,CCCCCC=CCC=CCCCCCCCC(=O)OC(COC(=O)CCCCC=CCC=CCC=CCCCCC)COC(=O)CCCCCCCCCCCCC,[M+NH4]+,TG 14:0_18:2_18:3,"TG 14:0_18:2(9,12)_18:3(6,9,12)",0.4413333333333351,0.4403033333333421,0.17061080993139213,0.17061080993139213,Some,Some,282767.1653861707,19673.694017723665,12836.996113669691,17806.54483261948
20437,20.644,842.72305,842.72322,0.20172696799020043,C53H92O6,CCCCCC=CCC=CCCCCCCCC(=O)OC(COC(=O)CCCCCCCC=CCC=CCC=CCC)COC(=O)CCCCCCCCCCCCC,[M+NH4]+,TG 14:0_18:2_18:3,"TG 14:0_18:2(9,12)_18:3(9,12,15)",0.6460000000000008,0.5619479999999839,0.15922486152501955,0.15922486152501955,Some,Some,227842.78204609785,486627.8103987462,489849.66186112387,535522.1933077279
20437,20.644,842.72305,842.72322,0.20172696799020043,C53H92O6,CCCCCCCCC=CCC=CCCCCC(=O)OC(COC(=O)CCCCC=CCC=CCC=CCCCCC)COC(=O)CCCCCCCCCCCCC,[M+NH4]+,TG 14:0_18:2_18:3,"TG 14:0_18:2(6,9)_18:3(6,9,12)",0.7116,0.7768959999999424,0.13576041816210568,0.13576041816210568,Some,Some,219846.98746461788,16430.856787930003,10337.619864994576,12575.470515816554
20437,20.644,842.72305,842.72322,0.20172696799020043,C53H92O6,CCCCCCCCC=CCC=CCCCCC(=O)OC(COC(=O)CCCCCCCC=CCC=CCC=CCC)COC(=O)CCCCCCCCCCCCC,[M+NH4]+,TG 14:0_18:2_18:3,"TG 14:0_18:2(6,9)_18:3(9,12,15)",0.5285714285714279,0.5233614285714013,0.11200115619307685,0.11200115619307685,Some,Some,193543.06510311362,477267.6387956002,484975.7221602119,524095.79134383594
20473,20.664,842.68755,842.72322,42.327064394857764,C53H92O6,CCCCCC=CCC=CCCCCCCCC(=O)OC(COC(=O)CCCCC=CCC=CCC=CCCCCC)COC(=O)CCCCCCCCCCCCC,[M+NH4]+,TG 14:0_18:2_18:3,"TG 14:0_18:2(9,12)_18:3(6,9,12)",0.42799999999999966,0.45213666666666086,0.15527695250813722,0.15527695250813722,Some,Some,438.37809373354395,8702.495689263998,11721.040225665598,0.0
20473,20.664,842.68755,842.72322,42.327064394857764,C53H92O6,CCCCCC=CCC=CCCCCCCCC(=O)OC(COC(=O)CCCCCCCC=CCC=CCC=CCC)COC(=O)CCCCCCCCCCCCC,[M+NH4]+,TG 14:0_18:2_18:3,"TG 14:0_18:2(9,12)_18:3(9,12,15)",0.7372000000000029,0.5548500000000104,0.15175397757976916,0.15175397757976916,Some,Some,14486.982622432859,8951.592703512115,11480.98458209359,0.0
20473,20.664,842.68755,842.72322,42.327064394857764,C53H92O6,CCCCCCCCC=CCC=CCCCCC(=O)OC(COC(=O)CCCCC=CCC=CCC=CCCCCC)COC(=O)CCCCCCCCCCCCC,[M+NH4]+,TG 14:0_18:2_18:3,"TG 14:0_18:2(6,9)_18:3(6,9,12)",0.5536000000000001,0.735645999999997,0.12670599961497545,0.12670599961497545,Some,Some,340.8320168509742,6028.6777384517645,4762.30147996445,0.0
20473,20.664,842.68755,842.72322,42.327064394857764,C53H92O6,CCCCCCCCC=CCC=CCCCCC(=O)OC(COC(=O)CCCCCCCC=CCC=CCC=CCC)COC(=O)CCCCCCCCCCCCC,[M+NH4]+,TG 14:0_18:2_18:3,"TG 14:0_18:2(6,9)_18:3(9,12,15)",0.5937142857142865,0.5182914285714203,0.11505921467406623,0.11505921467406623,Some,Some,14433.807266982623,5517.233868772121,9235.673712276362,0.0
20505,20.675,870.74659,870.75452,9.107044313691945,C55H96O6,CCCCCCCCC=CCC=CCCCCC(=O)OC(COC(=O)CCCCC=CCC=CCC=CCCCCC)COC(=O)CCCCCCCCCCCCCCC,[M+NH4]+,TG 16:0_18:2_18:3,"TG 16:0_18:2(6,9)_18:3(6,9,12)",0.6224000000000018,0.3612340000000131,0.08516287218100722,0.08516287218100722,Some,Some,56676.76245887823,50363.60526115716,54412.31778885593,49897.125916894445
20505,20.675,870.74659,870.75452,9.107044313691945,C55H96O6,CCCCCCCCC=CCC=CCCCCC(=O)OC(COC(=O)CCCCCCCC=CCC=CCC=CCC)COC(=O)CCCCCCCCCCCCCCC,[M+NH4]+,TG 16:0_18:2_18:3,"TG 16:0_18:2(6,9)_18:3(9,12,15)",0.7120000000000004,0.5298599999999851,0.08212007640566069,0.08212007640566069,Some,Some,9820.722655718986,7783.015281684786,7622.767716286994,8709.096182965919
20505,20.675,870.74659,870.75452,9.107044313691945,C55H96O6,CCCCCC=CCC=CCCCCCCCC(=O)OC(COC(=O)CCCCCCCC=CCC=CCC=CCC)COC(=O)CCCCCCCCCCCCCCC,[M+NH4]+,TG 16:0_18:2_18:3,"TG 16:0_18:2(9,12)_18:3(9,12,15)",0.6720000000000006,0.335519999999993,0.029533316489478365,0.029533316489478365,Some,Some,49591.038851580975,44134.98821561621,49778.0021455165,43338.749483785956
20505,20.675,870.74659,870.75452,9.107044313691945,C55H96O6,CCCCCC=CCC=CCCCCCCCC(=O)OC(COC(=O)CCCCC=CCC=CCC=CCCCCC)COC(=O)CCCCCCCCCCCCCCC,[M+NH4]+,TG 16:0_18:2_18:3,"TG 16:0_18:2(9,12)_18:3(6,9,12)",0.6595000000000013,0.23648250000002236,0.024051734726700358,0.024051734726700358,Some,Some,49911.476033821804,42718.39124154186,50186.91234934057,43055.028416353656
20509,20.678,868.73884,868.73887,0.03453281656194815,C55H94O6,CCCCCC=CCC=CCCCCCCCC(=O)OC(COC(=O)CCCCCCCC=CCC=CCC=CCC)COC(=O)CCCCCC=CCCCCCCCC,[M+NH4]+,TG 16:1_18:2_18:3,"TG 16:1(7)_18:2(9,12)_18:3(9,12,15)",0.5550000000000015,0.5041200000000003,0.305356355032833,0.305356355032833,Some,Some,0.0,0.0,0.0,164463.66895934098
20509,20.678,868.73884,868.73887,0.03453281656194815,C55H94O6,CCCCCC=CCC=CCCCCCCCC(=O)OC(COC(=O)CCCCC=CCC=CCC=CCCCCC)COC(=O)CCCCCC=CCCCCCCCC,[M+NH4]+,TG 16:1_18:2_18:3,"TG 16:1(7)_18:2(9,12)_18:3(6,9,12)",0.5640000000000001,0.5088049999999953,0.25498177060939925,0.25498177060939925,Some,Some,0.0,0.0,0.0,17519.466879142372
20509,20.678,868.73884,868.73887,0.03453281656194815,C55H94O6,CCCCCC=CCC=CCCCCCCCC(=O)OC(COC(=O)CCCCCCCC=CCC=CCC=CCC)COC(=O)CCCCC=CCCCCCCCCC,[M+NH4]+,TG 16:1_18:2_18:3,"TG 16:1(6)_18:2(9,12)_18:3(9,12,15)",0.4160000000000025,0.4187059999999974,0.2544225076022185,0.2544225076022185,Some,Some,0.0,0.0,0.0,151.435034126715
20509,20.678,868.73884,868.73887,0.03453281656194815,C55H94O6,CCCCCCCCC=CCC=CCCCCC(=O)OC(COC(=O)CCCCC=CCC=CCC=CCCCCC)COC(=O)CCCCCC=CCCCCCCCC,[M+NH4]+,TG 16:1_18:2_18:3,"TG 16:1(7)_18:2(6,9)_18:3(6,9,12)",0.6705000000000005,0.6424825000000283,0.2264384229653908,0.2264384229653908,Some,Some,0.0,0.0,0.0,45796.043079010014
20509,20.678,868.73884,868.73887,0.03453281656194815,C55H94O6,CCCCCC=CCC=CCCCCCCCC(=O)OC(COC(=O)CCCCC=CCC=CCC=CCCCCC)COC(=O)CCCCCCCC=CCCCCCC,[M+NH4]+,TG 16:1_18:2_18:3,"TG 16:1(9)_18:2(9,12)_18:3(6,9,12)",0.4250000000000007,0.5112649999999803,0.21460853614629563,0.21460853614629563,Some,Some,0.0,0.0,0.0,0.0
20509,20.678,868.73884,868.73887,0.03453281656194815,C55H94O6,CCCCCC=CCC=CCCCCCCCC(=O)OC(COC(=O)CCCCCCCC=CCC=CCC=CCC)COC(=O)CCCCCCCC=CCCCCCC,[M+NH4]+,TG 16:1_18:2_18:3,"TG 16:1(9)_18:2(9,12)_18:3(9,12,15)",0.45566666666666933,0.24040000000000342,0.20352473614247527,0.20352473614247527,Some,Some,0.0,0.0,0.0,167466.26015323278
20509,20.678,868.73884,868.73887,0.03453281656194815,C55H94O6,CCCCCCCCC=CCC=CCCCCC(=O)OC(COC(=O)CCCCC=CCC=CCC=CCCCCC)COC(=O)CCCCCCCC=CCCCCCC,[M+NH4]+,TG 16:1_18:2_18:3,"TG 16:1(9)_18:2(6,9)_18:3(6,9,12)",0.4610000000000021,0.7241150000000213,0.20297348391578707,0.20297348391578707,Some,Some,0.0,0.0,0.0,3062.643017769599
20509,20.678,868.73884,868.73887,0.03453281656194815,C55H94O6,CCCCCCCCC=CCC=CCCCCC(=O)OC(COC(=O)CCCCC=CCC=CCC=CCCCCC)COC(=O)CCCCC=CCCCCCCCCC,[M+NH4]+,TG 16:1_18:2_18:3,"TG 16:1(6)_18:2(6,9)_18:3(6,9,12)",0.525200000000001,0.571939999999995,0.20085854162179384,0.20085854162179384,Some,Some,0.0,0.0,0.0,49020.564926363346
20509,20.678,868.73884,868.73887,0.03453281656194815,C55H94O6,CCCCCCCCC=CCC=CCCCCC(=O)OC(COC(=O)CCCCCCCC=CCC=CCC=CCC)COC(=O)CCCCCC=CCCCCCCCC,[M+NH4]+,TG 16:1_18:2_18:3,"TG 16:1(7)_18:2(6,9)_18:3(9,12,15)",0.5787500000000012,0.4008537500000102,0.19226172970591027,0.19226172970591027,Some,Some,0.0,0.0,0.0,163184.30401585667
20509,20.678,868.73884,868.73887,0.03453281656194815,C55H94O6,CCCCCCCCC=CCC=CCCCCC(=O)OC(COC(=O)CCCCCCCC=CCC=CCC=CCC)COC(=O)CCCCCCCC=CCCCCCC,[M+NH4]+,TG 16:1_18:2_18:3,"TG 16:1(9)_18:2(6,9)_18:3(9,12,15)",0.534800000000002,0.4206730000000107,0.18297185715526282,0.18297185715526282,Some,Some,0.0,0.0,0.0,182335.61393515763
20612,20.767,842.68631,842.72322,43.79848463166913,C53H92O6,CCCCCC=CCC=CCCCCCCCC(=O)OC(COC(=O)CCCCCCCC=CCC=CCC=CCC)COC(=O)CCCCCCCCCCCCC,[M+NH4]+,TG 14:0_18:2_18:3,"TG 14:0_18:2(9,12)_18:3(9,12,15)",0.6993333333333354,0.4824950000000096,0.12951821765357152,0.12951821765357152,Some,Some,234.8720224885338,0.0,0.0,0.0
20612,20.767,842.68631,842.72322,43.79848463166913,C53H92O6,CCCCCC=CCC=CCCCCCCCC(=O)OC(COC(=O)CCCCC=CCC=CCC=CCCCCC)COC(=O)CCCCCCCCCCCCC,[M+NH4]+,TG 14:0_18:2_18:3,"TG 14:0_18:2(9,12)_18:3(6,9,12)",0.6635000000000009,0.35369499999995924,0.11451411950329016,0.11451411950329016,Some,Some,23144.474034620504,0.0,0.0,0.0
20612,20.767,842.68631,842.72322,43.79848463166913,C53H92O6,CCCCCCCCC=CCC=CCCCCC(=O)OC(COC(=O)CCCCC=CCC=CCC=CCCCCC)COC(=O)CCCCCCCCCCCCC,[M+NH4]+,TG 14:0_18:2_18:3,"TG 14:0_18:2(6,9)_18:3(6,9,12)",0.6970000000000004,0.621940000000014,0.10634429791897997,0.10634429791897997,Some,Some,79.15372096463975,0.0,0.0,0.0
20612,20.767,842.68631,842.72322,43.79848463166913,C53H92O6,CCCCCCCCC=CCC=CCCCCC(=O)OC(COC(=O)CCCCCCCC=CCC=CCC=CCC)COC(=O)CCCCCCCCCCCCC,[M+NH4]+,TG 14:0_18:2_18:3,"TG 14:0_18:2(6,9)_18:3(9,12,15)",0.5927500000000006,0.47252625000000137,0.10264634074527193,0.10264634074527193,Some,Some,23041.50022192632,0.0,0.0,0.0
20632,20.773,766.69203,766.69192,0.14347353505869373,C47H88O6,CCCCCCCCCCCCCC(=O)OC(COC(=O)CCCCCCCC=CCCCCCCCC)COC(=O)CCCCCCCCCCC,[M+NH4]+,TG 12:0_14:0_18:1,TG 12:0_14:0_18:1(9),0.3550000000000004,0.8527550000000588,0.004297818366453779,0.004297818366453779,All,All,0.0,0.0,0.0,13700.0
20681,20.786,894.75459,894.75452,0.0782337484594553,C57H96O6,CCCCCCCCC=CCC=CCCCCC(=O)OC(COC(=O)CCCCC=CCC=CCC=CCCCCC)COC(=O)CCCCC=CCC=CCCCCCCCC,[M+NH4]+,TG 18:2_18:2_18:3,"TG 18:2(6,9)_18:2(6,9)_18:3(6,9,12)",0.4460000000000008,0.7428580000000238,0.5501764927482745,0.5501764927482745,Some,Some,55306.48680817299,35054.52184431479,49081.69988469774,107784.49215844127
20681,20.786,894.75459,894.75452,0.0782337484594553,C57H96O6,CCCCCC=CCC=CCCCCCCCC(=O)OC(COC(=O)CCCCCCCC=CCC=CCC=CCC)COC(=O)CCCCCCCC=CCC=CCCCCC,[M+NH4]+,TG 18:2_18:2_18:3,"TG 18:2(9,12)_18:2(9,12)_18:3(9,12,15)",0.5748000000000019,0.7531640000000379,0.5298099683354496,0.5298099683354496,Some,Some,411021.6226939099,390435.9968692187,867448.5257782901,372687.5299344754
20681,20.786,894.75459,894.75452,0.0782337484594553,C57H96O6,CCCCCC=CCC=CCCCCCCCC(=O)OC(COC(=O)CCCCCCCC=CCC=CCC=CCC)COC(=O)CCCCC=CCC=CCCCCCCCC,[M+NH4]+,TG 18:2_18:2_18:3,"TG 18:2(6,9)_18:2(9,12)_18:3(9,12,15)",0.694333333333334,0.7571350000000431,0.4968487690745802,0.4968487690745802,Some,Some,114390.0019837334,80859.98648071724,179966.23291055835,148016.42702102292
20681,20.786,894.75459,894.75452,0.0782337484594553,C57H96O6,CCCCCC=CCC=CCCCCCCCC(=O)OC(COC(=O)CCCCC=CCC=CCC=CCCCCC)COC(=O)CCCCC=CCC=CCCCCCCCC,[M+NH4]+,TG 18:2_18:2_18:3,"TG 18:2(6,9)_18:2(9,12)_18:3(6,9,12)",0.582666666666667,0.6364400000000122,0.4680757069627726,0.4680757069627726,Some,Some,357198.96845863917,344074.6406716949,764094.8772854554,362629.5462188299
20681,20.786,894.75459,894.75452,0.0782337484594553,C57H96O6,CCCCCC=CCC=CCCCCCCCC(=O)OC(COC(=O)CCCCC=CCC=CCC=CCCCCC)COC(=O)CCCCCCCC=CCC=CCCCCC,[M+NH4]+,TG 18:2_18:2_18:3,"TG 18:2(9,12)_18:2(9,12)_18:3(6,9,12)",0.6093333333333343,0.6536600000000211,0.45082300377401147,0.45082300377401147,Some,Some,33723.46756595914,30907.57079834923,54836.10607807609,56424.575312592344
20681,20.786,894.75459,894.75452,0.0782337484594553,C57H96O6,CCCCCCCCC=CCC=CCCCCC(=O)OC(COC(=O)CCCCCCCC=CCC=CCC=CCC)COC(=O)CCCCC=CCC=CCCCCCCCC,[M+NH4]+,TG 18:2_18:2_18:3,"TG 18:2(6,9)_18:2(6,9)_18:3(9,12,15)",0.5928000000000011,0.8843620000000556,0.42184456814813204,0.42184456814813204,Some,Some,388359.45248958544,368667.2833357051,824572.558062922,352457.42935463815
20692,20.789,786.62644,786.66062,43.44948651426343,C49H84O6,CCCCCC=CCC=CCCCCCCCC(=O)OC(COC(=O)CCCCCCCC=CCC=CCC=CCC)COC(=O)CCCCCCCCC,[M+NH4]+,TG 10:0_18:2_18:3,"TG 10:0_18:2(9,12)_18:3(9,12,15)",0.5304000000000002,0.6616399999999658,0.245920181253779,0.245920181253779,Some,Some,11548.733691481197,38307.16528689694,45818.05125939018,24626.227787358475
20692,20.789,786.62644,786.66062,43.44948651426343,C49H84O6,CCCCCCCCC=CCC=CCCCCC(=O)OC(COC(=O)CCCCCCCC=CCC=CCC=CCC)COC(=O)CCCCCCCCC,[M+NH4]+,TG 10:0_18:2_18:3,"TG 10:0_18:2(6,9)_18:3(9,12,15)",0.61342857142857,0.5859371428571032,0.15631360580185877,0.15631360580185877,Some,Some,136485.03453568686,93147.30231230374,115133.15657681541,108393.19187223515
20692,20.789,786.62644,786.66062,43.44948651426343,C49H84O6,CCCCCC=CCC=CCCCCCCCC(=O)OC(COC(=O)CCCCC=CCC=CCC=CCCCCC)COC(=O)CCCCCCCCC,[M+NH4]+,TG 10:0_18:2_18:3,"TG 10:0_18:2(9,12)_18:3(6,9,12)",0.45899999999999963,0.8329650000000015,0.12932264690638362,0.12932264690638362,Some,Some,11548.733691481197,38307.16528689694,43309.39755486816,24626.227787358475
20692,20.789,786.62644,786.66062,43.44948651426343,C49H84O6,CCCCCCCCC=CCC=CCCCCC(=O)OC(COC(=O)CCCCC=CCC=CCC=CCCCCC)COC(=O)CCCCCCCCC,[M+NH4]+,TG 10:0_18:2_18:3,"TG 10:0_18:2(6,9)_18:3(6,9,12)",0.4939999999999998,0.7838199999999915,0.08621509793758908,0.08621509793758908,Some,Some,128417.49808135071,100238.36711390238,122739.39460892619,122354.35255304791
20693,20.79,896.76188,896.77017,9.244286080555222,C57H98O6,CCCCCC=CCC=CCCCCCCCC(=O)OC(COC(=O)CCCCCCCC=CCC=CCC=CCC)COC(=O)CCCCCCCCCC=CCCCCCC,[M+NH4]+,TG 18:1_18:2_18:3,"TG 18:1(11)_18:2(9,12)_18:3(9,12,15)",0.7568571428571431,0.3044757142857374,0.4274345769174082,0.4274345769174082,Some,Some,4891.8396366351935,9541.968990341407,0.0,3219.6658730810273
20693,20.79,896.76188,896.77017,9.244286080555222,C57H98O6,CCCCCC=CCC=CCCCCCCCC(=O)OC(COC(=O)CCCCCCCC=CCC=CCC=CCC)COC(=O)CCCCCCCC=CCCCCCCCC,[M+NH4]+,TG 18:1_18:2_18:3,"TG 18:1(9)_18:2(9,12)_18:3(9,12,15)",0.7683333333333344,0.07581666666665872,0.3920170165188402,0.3920170165188402,Some,Some,32769.87918529355,65421.67648922985,0.0,30280.31360315245
20693,20.79,896.76188,896.77017,9.244286080555222,C57H98O6,CCCCCC=CCC=CCCCCCCCC(=O)OC(COC(=O)CCCCCCCC=CCC=CCC=CCC)COC(=O)CCCCC=CCCCCCCCCCCC,[M+NH4]+,TG 18:1_18:2_18:3,"TG 18:1(6)_18:2(9,12)_18:3(9,12,15)",0.6994285714285715,0.3897000000000454,0.376569397339024,0.376569397339024,Some,Some,43719.5789387538,79165.16096075074,0.0,40979.90723257532
20693,20.79,896.76188,896.77017,9.244286080555222,C57H98O6,CCCCCCCCC=CCC=CCCCCC(=O)OC(COC(=O)CCCCCCCC=CCC=CCC=CCC)COC(=O)CCCCC=CCCCCCCCCCCC,[M+NH4]+,TG 18:1_18:2_18:3,"TG 18:1(6)_18:2(6,9)_18:3(9,12,15)",0.5525000000000002,0.27279750000002423,0.3322149485855086,0.3322149485855086,Some,Some,7129.806757848864,14160.497214049892,0.0,13290.780724078482
20693,20.79,896.76188,896.77017,9.244286080555222,C57H98O6,CCCCCCCCC=CCC=CCCCCC(=O)OC(COC(=O)CCCCCCCC=CCC=CCC=CCC)COC(=O)CCCCCCCCCC=CCCCCCC,[M+NH4]+,TG 18:1_18:2_18:3,"TG 18:1(11)_18:2(6,9)_18:3(9,12,15)",0.637400000000001,0.318229000000008,0.32039689020926965,0.32039689020926965,Some,Some,31031.988788067887,70134.36888060618,0.0,30280.31360315245
20693,20.79,896.76188,896.77017,9.244286080555222,C57H98O6,CCCCCCCCC=CCC=CCCCCC(=O)OC(COC(=O)CCCCCCCC=CCC=CCC=CCC)COC(=O)CCCCCCCC=CCCCCCCCC,[M+NH4]+,TG 18:1_18:2_18:3,"TG 18:1(9)_18:2(6,9)_18:3(9,12,15)",0.6845714285714288,0.30191285714288696,0.3102012638713623,0.3102012638713623,Some,Some,4258.079035937516,13945.264830809107,0.0,10071.114850997454
20693,20.79,896.76188,896.77017,9.244286080555222,C57H98O6,CCCCCCCCC=CCC=CCCCCC(=O)OC(COC(=O)CCCCC=CCC=CCC=CCCCCC)COC(=O)CCCCC=CCCCCCCCCCCC,[M+NH4]+,TG 18:1_18:2_18:3,"TG 18:1(6)_18:2(6,9)_18:3(6,9,12)",0.6725000000000012,0.30171999999996046,0.30549212152349964,0.30549212152349964,Some,Some,33210.54085296615,69165.82315602266,0.0,36343.588375338644
20693,20.79,896.76188,896.77017,9.244286080555222,C57H98O6,CCCCCC=CCC=CCCCCCCCC(=O)OC(COC(=O)CCCCC=CCC=CCC=CCCCCC)COC(=O)CCCCC=CCCCCCCCCCCC,[M+NH4]+,TG 18:1_18:2_18:3,"TG 18:1(6)_18:2(9,12)_18:3(6,9,12)",0.6074999999999999,0.6471275000000105,0.19120505487961853,0.19120505487961853,Some,Some,7129.806757848864,14160.497214049892,0.0,7469.624825547984
20693,20.79,896.76188,896.77017,9.244286080555222,C57H98O6,CCCCCCCCC=CCC=CCCCCC(=O)OC(COC(=O)CCCCC=CCC=CCC=CCCCCC)COC(=O)CCCCCCCC=CCCCCCCCC,[M+NH4]+,TG 18:1_18:2_18:3,"TG 18:1(9)_18:2(6,9)_18:3(6,9,12)",0.45250000000000057,0.30220999999994547,0.18900671960767268,0.18900671960767268,Some,Some,40959.25444743384,74954.6774636029,0.0,41072.63360972005
20693,20.79,896.76188,896.77017,9.244286080555222,C57H98O6,CCCCCCCCC=CCC=CCCCCC(=O)OC(COC(=O)CCCCC=CCC=CCC=CCCCCC)COC(=O)CCCCCCCCCC=CCCCCCC,[M+NH4]+,TG 18:1_18:2_18:3,"TG 18:1(11)_18:2(6,9)_18:3(6,9,12)",0.5656666666666675,0.3464083333333103,0.1785639055336147,0.1785639055336147,Some,Some,36899.22559921435,63350.06480053732,0.0,37992.05730235612
20719,20.798,842.72297,842.72322,0.2966573057489087,C53H92O6,CCCCCC=CCC=CCCCCCCCC(=O)OC(COC(=O)CCCCC=CCC=CCC=CCCCCC)COC(=O)CCCCCCCCCCCCC,[M+NH4]+,TG 14:0_18:2_18:3,"TG 14:0_18:2(9,12)_18:3(6,9,12)",0.306499999999998,0.4955225000000212,0.36958597091541356,0.36958597091541356,Some,Some,359164.9369311832,0.0,0.0,0.0
20719,20.798,842.72297,842.72322,0.2966573057489087,C53H92O6,CCCCCCCCC=CCC=CCCCCC(=O)OC(COC(=O)CCCCC=CCC=CCC=CCCCCC)COC(=O)CCCCCCCCCCCCC,[M+NH4]+,TG 14:0_18:2_18:3,"TG 14:0_18:2(6,9)_18:3(6,9,12)",0.49400000000000094,0.7575566666666873,0.27353849687730203,0.27353849687730203,Some,Some,20928.46878492735,0.0,0.0,0.0
20719,20.798,842.72297,842.72322,0.2966573057489087,C53H92O6,CCCCCC=CCC=CCCCCCCCC(=O)OC(COC(=O)CCCCCCCC=CCC=CCC=CCC)COC(=O)CCCCCCCCCCCCC,[M+NH4]+,TG 14:0_18:2_18:3,"TG 14:0_18:2(9,12)_18:3(9,12,15)",0.5133333333333342,0.6186583333333525,0.2261097925846871,0.2261097925846871,Some,Some,335637.87322369474,0.0,0.0,0.0
20719,20.798,842.72297,842.72322,0.2966573057489087,C53H92O6,CCCCCCCCC=CCC=CCCCCC(=O)OC(COC(=O)CCCCCCCC=CCC=CCC=CCC)COC(=O)CCCCCCCCCCCCC,[M+NH4]+,TG 14:0_18:2_18:3,"TG 14:0_18:2(6,9)_18:3(9,12,15)",0.6428571428571449,0.5069200000000039,0.10716602806149404,0.10716602806149404,Some,Some,159268.7210601948,0.0,0.0,0.0
20806,20.833,944.77178,944.77017,1.704118156088551,C61H98O6,CCCCCC=CCC=CCC=CCC=CCCCC(=O)OC(COC(=O)CCC=CCC=CCC=CCC=CCC=CCC=CCC)COC(=O)CCCCCCCCCCCCCCC,[M+NH4]+,TG 16:0_20:4_22:6,"TG 16:0_20:4(5,8,11,14)_22:6(4,7,10,13,16,19)",0.4485000000000001,0.8440600000000842,0.23796631365789284,0.23796631365789284,Some,Some,243279.20948616602,181410.97674418607,212913.33177314923,540723.507391054
20806,20.833,944.77178,944.77017,1.704118156088551,C61H98O6,CCC=CCC=CCC=CCC=CCCCCCCC(=O)OC(COC(=O)CCC=CCC=CCC=CCC=CCC=CCC=CCC)COC(=O)CCCCCCCCCCCCCCC,[M+NH4]+,TG 16:0_20:4_22:6,"TG 16:0_20:4(8,11,14,17)_22:6(4,7,10,13,16,19)",0.6964000000000027,0.5646400000000085,0.2016999996222136,0.2016999996222136,Some,Some,105720.790513834,67589.02325581395,98086.66822685077,44276.49260894605
20915,20.914,856.73895,856.77525,42.36817064916721,C55H98O5,CCCCCC=CCC=CCCCCCCCC(=O)OC(COC(=O)CCCCCCCC=CCC=CCC=CCC)COCCCCCCCCCCCCCCCC,[M+NH4]+,TG O-16:0_18:2_18:3,"TG O-16:0_18:2(9,12)_18:3(9,12,15)",0.2060000000000007,0.18661999999998594,0.3717454599653516,0.3717454599653516,Some,Some,0.0,0.0,0.0,7293.319049875364
20915,20.914,856.73895,856.77525,42.36817064916721,C55H98O5,CCCCCCCCC=CCC=CCCCCC(=O)OC(COC(=O)CCCCCCCC=CCC=CCC=CCC)COCCCCCCCCCCCCCCCC,[M+NH4]+,TG O-16:0_18:2_18:3,"TG O-16:0_18:2(6,9)_18:3(9,12,15)",0.420250000000002,0.15545249999998134,0.25297933896623126,0.25297933896623126,Some,Some,0.0,0.0,0.0,49594.56953915247
20915,20.914,856.73895,856.77525,42.36817064916721,C55H98O5,CCCCCCCCC=CCC=CCCCCC(=O)OC(COC(=O)CCCCC=CCC=CCC=CCCCCC)COCCCCCCCCCCCCCCCC,[M+NH4]+,TG O-16:0_18:2_18:3,"TG O-16:0_18:2(6,9)_18:3(6,9,12)",0.3904000000000011,0.5316559999999981,0.21314099327285,0.21314099327285,Some,Some,0.0,0.0,0.0,6258.770935909851
20915,20.914,856.73895,856.77525,42.36817064916721,C55H98O5,CCCCCC=CCC=CCCCCCCCC(=O)OC(COC(=O)CCCCC=CCC=CCC=CCCCCC)COCCCCCCCCCCCCCCCC,[M+NH4]+,TG O-16:0_18:2_18:3,"TG O-16:0_18:2(9,12)_18:3(6,9,12)",0.35266666666666424,0.30721999999999144,0.16991044338560526,0.16991044338560526,Some,Some,0.0,0.0,0.0,55853.34047506232
20928,20.923,896.76166,896.77017,9.489610922273572,C57H98O6,CCCCCC=CCC=CCCCCCCCC(=O)OC(COC(=O)CCCCCCCC=CCC=CCC=CCC)COC(=O)CCCCCCCCCC=CCCCCCC,[M+NH4]+,TG 18:1_18:2_18:3,"TG 18:1(11)_18:2(9,12)_18:3(9,12,15)",0.3767499999999995,0.28652125000003537,0.5335856711854036,0.5335856711854036,Some,Some,42951.91157001382,0.0,0.0,0.0
20928,20.923,896.76166,896.77017,9.489610922273572,C57H98O6,CCCCCC=CCC=CCCCCCCCC(=O)OC(COC(=O)CCCCCCCC=CCC=CCC=CCC)COC(=O)CCCCCCCC=CCCCCCCCC,[M+NH4]+,TG 18:1_18:2_18:3,"TG 18:1(9)_18:2(9,12)_18:3(9,12,15)",0.41000000000000014,0.07009833333336246,0.5261751000722807,0.5261751000722807,Some,Some,24708.83895174391,0.0,0.0,0.0
20928,20.923,896.76166,896.77017,9.489610922273572,C57H98O6,CCCCCC=CCC=CCCCCCCCC(=O)OC(COC(=O)CCCCCCCC=CCC=CCC=CCC)COC(=O)CCCCC=CCCCCCCCCCCC,[M+NH4]+,TG 18:1_18:2_18:3,"TG 18:1(6)_18:2(9,12)_18:3(9,12,15)",0.4765000000000006,0.26496625000002894,0.4436880507524679,0.4436880507524679,Some,Some,59956.81406924779,0.0,0.0,0.0
20928,20.923,896.76166,896.77017,9.489610922273572,C57H98O6,CCCCCCCCC=CCC=CCCCCC(=O)OC(COC(=O)CCCCCCCC=CCC=CCC=CCC)COC(=O)CCCCC=CCCCCCCCCCCC,[M+NH4]+,TG 18:1_18:2_18:3,"TG 18:1(6)_18:2(6,9)_18:3(9,12,15)",0.45899999999999874,0.18962875000001134,0.4407809481685033,0.4407809481685033,Some,Some,22622.837090181707,0.0,0.0,0.0
20928,20.923,896.76166,896.77017,9.489610922273572,C57H98O6,CCCCCCCCC=CCC=CCCCCC(=O)OC(COC(=O)CCCCCCCC=CCC=CCC=CCC)COC(=O)CCCCCCCCCC=CCCCCCC,[M+NH4]+,TG 18:1_18:2_18:3,"TG 18:1(11)_18:2(6,9)_18:3(9,12,15)",0.5094000000000001,0.2516940000000091,0.4018676364372289,0.4018676364372289,Some,Some,41478.69898770329,0.0,0.0,0.0
20928,20.923,896.76166,896.77017,9.489610922273572,C57H98O6,CCCCCCCCC=CCC=CCCCCC(=O)OC(COC(=O)CCCCCCCC=CCC=CCC=CCC)COC(=O)CCCCCCCC=CCCCCCCCC,[M+NH4]+,TG 18:1_18:2_18:3,"TG 18:1(9)_18:2(6,9)_18:3(9,12,15)",0.49549999999999894,0.2899787500000315,0.3815372723766071,0.3815372723766071,Some,Some,20725.708636608026,0.0,0.0,0.0
20928,20.923,896.76166,896.77017,9.489610922273572,C57H98O6,CCCCCCCCC=CCC=CCCCCC(=O)OC(COC(=O)CCCCC=CCC=CCC=CCCCCC)COC(=O)CCCCC=CCCCCCCCCCCC,[M+NH4]+,TG 18:1_18:2_18:3,"TG 18:1(6)_18:2(6,9)_18:3(6,9,12)",0.45999999999999847,0.49594166666668116,0.35452666078021783,0.35452666078021783,Some,Some,38561.65413099154,0.0,0.0,0.0
20928,20.923,896.76166,896.77017,9.489610922273572,C57H98O6,CCCCCC=CCC=CCCCCCCCC(=O)OC(COC(=O)CCCCC=CCC=CCC=CCCCCC)COC(=O)CCCCC=CCCCCCCCCCCC,[M+NH4]+,TG 18:1_18:2_18:3,"TG 18:1(6)_18:2(9,12)_18:3(6,9,12)",0.3255999999999986,0.6965180000000146,0.32714080788204847,0.32714080788204847,Some,Some,23160.077006237967,0.0,0.0,0.0
20928,20.923,896.76166,896.77017,9.489610922273572,C57H98O6,CCCCCCCCC=CCC=CCCCCC(=O)OC(COC(=O)CCCCC=CCC=CCC=CCCCCC)COC(=O)CCCCCCCC=CCCCCCCCC,[M+NH4]+,TG 18:1_18:2_18:3,"TG 18:1(9)_18:2(6,9)_18:3(6,9,12)",0.3763333333333314,0.49596833333333734,0.28354704030509303,0.28354704030509303,Some,Some,49894.05861030335,0.0,0.0,0.0
20928,20.923,896.76166,896.77017,9.489610922273572,C57H98O6,CCCCCC=CCC=CCCCCCCCC(=O)OC(COC(=O)CCCCC=CCC=CCC=CCCCCC)COC(=O)CCCCCCCCCC=CCCCCCC,[M+NH4]+,TG 18:1_18:2_18:3,"TG 18:1(11)_18:2(9,12)_18:3(6,9,12)",0.40880000000000083,0.4022519999999986,0.23581962980598617,0.23581962980598617,Some,Some,38939.4009469686,0.0,0.0,0.0
21045,20.97,682.56181,682.59802,53.047326448416534,C41H76O6,CCCCCCCCCCCC(=O)OC(COC(=O)CCCCC=CCCCCCCCCC)COC(=O)CCCCCCCCC,[M+NH4]+,TG 10:0_12:0_16:1,TG 10:0_12:0_16:1(6),0.504999999999999,0.47225999999994883,0.0,0.0,All,None,201000.0,192000.0,,188000.0
21056,20.974,882.7549,882.7909,40.77975883070897,C57H100O5,CCCCCC=CCC=CCCCCCCCC(=O)OC(COC(=O)CCCCC=CCC=CCC=CCCCCC)COCCCCCCCCC=CCCCCCCCC,[M+NH4]+,TG O-18:1_18:2_18:3,"TG O-18:1(9)_18:2(9,12)_18:3(6,9,12)",0.48499999999999943,0.10005000000001019,0.5437681245651723,0.5437681245651723,Some,Some,40553.37326798572,19308.44280643046,25512.0514651105,23765.845461958535
21056,20.974,882.7549,882.7909,40.77975883070897,C57H100O5,CCCCCCCCC=CCC=CCCCCC(=O)OC(COC(=O)CCCCC=CCC=CCC=CCCCCC)COCCCCCC=CCCCCCCCCCCC,[M+NH4]+,TG O-18:1_18:2_18:3,"TG O-18:1(6)_18:2(6,9)_18:3(6,9,12)",0.4339999999999999,0.3677533333333258,0.5401213699465516,0.5401213699465516,Some,Some,3331.8690627458095,4229.090826870464,1442.9786441519743,0.0
21056,20.974,882.7549,882.7909,40.77975883070897,C57H100O5,CCCCCCCCC=CCC=CCCCCC(=O)OC(COC(=O)CCCCC=CCC=CCC=CCCCCC)COCCCCCCCCC=CCCCCCCCC,[M+NH4]+,TG O-18:1_18:2_18:3,"TG O-18:1(9)_18:2(6,9)_18:3(6,9,12)",0.4339999999999999,0.3677533333333258,0.5401213699465516,0.5401213699465516,Some,Some,38885.39964905911,18049.15549325073,15915.298298981874,16127.159060021251
21056,20.974,882.7549,882.7909,40.77975883070897,C57H100O5,CCCCCC=CCC=CCCCCCCCC(=O)OC(COC(=O)CCCCC=CCC=CCC=CCCCCC)COCCCCCC=CCCCCCCCCCCC,[M+NH4]+,TG O-18:1_18:2_18:3,"TG O-18:1(6)_18:2(9,12)_18:3(6,9,12)",0.35100000000000087,0.496674999999982,0.4129848244827292,0.4129848244827292,Some,Some,37498.82011254311,21390.892441268912,24106.880121678667,21901.949640465544
21056,20.974,882.7549,882.7909,40.77975883070897,C57H100O5,CCCCCCCCC=CCC=CCCCCC(=O)OC(COC(=O)CCCCC=CCC=CCC=CCCCCC)COCCCCCCCCCCC=CCCCCCC,[M+NH4]+,TG O-18:1_18:2_18:3,"TG O-18:1(11)_18:2(6,9)_18:3(6,9,12)",0.5386666666666665,0.3563533333333453,0.3765081055100344,0.3765081055100344,Some,Some,27849.85780843468,10548.183236484501,11235.069530667992,12967.456571696855
21056,20.974,882.7549,882.7909,40.77975883070897,C57H100O5,CCCCCC=CCC=CCCCCCCCC(=O)OC(COC(=O)CCCCC=CCC=CCC=CCCCCC)COCCCCCCCCCCC=CCCCCCC,[M+NH4]+,TG O-18:1_18:2_18:3,"TG O-18:1(11)_18:2(9,12)_18:3(6,9,12)",0.5820000000000007,0.3598899999999503,0.37195006636690725,0.37195006636690725,Some,Some,37498.82011254311,21390.892441268912,30329.33169853489,27653.265462452742
21056,20.974,882.7549,882.7909,40.77975883070897,C57H100O5,CCCCCC=CCC=CCCCCCCCC(=O)OC(COC(=O)CCCCCCCC=CCC=CCC=CCC)COCCCCCCCCCCC=CCCCCCC,[M+NH4]+,TG O-18:1_18:2_18:3,"TG O-18:1(11)_18:2(9,12)_18:3(9,12,15)",0.25160000000000193,0.2431079999999838,0.37003242073451265,0.37003242073451265,Some,Some,62294.124765535176,27262.531937504245,40159.22988577104,38756.826212656604
21056,20.974,882.7549,882.7909,40.77975883070897,C57H100O5,CCCCCC=CCC=CCCCCCCCC(=O)OC(COC(=O)CCCCCCCC=CCC=CCC=CCC)COCCCCCC=CCCCCCCCCCCC,[M+NH4]+,TG O-18:1_18:2_18:3,"TG O-18:1(6)_18:2(9,12)_18:3(9,12,15)",0.26400000000000146,0.2435259999999971,0.3520271547381416,0.3520271547381416,Some,Some,37498.82011254311,21390.892441268912,24106.880121678667,21901.949640465544
21056,20.974,882.7549,882.7909,40.77975883070897,C57H100O5,CCCCCC=CCC=CCCCCCCCC(=O)OC(COC(=O)CCCCCCCC=CCC=CCC=CCC)COCCCCCCCCC=CCCCCCCCC,[M+NH4]+,TG O-18:1_18:2_18:3,"TG O-18:1(9)_18:2(9,12)_18:3(9,12,15)",0.3390000000000022,0.06734499999998889,0.3381549532470761,0.3381549532470761,Some,Some,37498.82011254311,18011.3957537251,24106.880121678667,21901.949640465544
21056,20.974,882.7549,882.7909,40.77975883070897,C57H100O5,CCCCCCCCC=CCC=CCCCCC(=O)OC(COC(=O)CCCCCCCC=CCC=CCC=CCC)COCCCCCC=CCCCCCCCCCCC,[M+NH4]+,TG O-18:1_18:2_18:3,"TG O-18:1(6)_18:2(6,9)_18:3(9,12,15)",0.2980000000000018,0.3343500000000101,0.2276708012896199,0.2276708012896199,Some,Some,14090.094996067039,5418.522621927784,6085.4001117457165,5023.598309817391
21073,20.977,766.69163,766.69192,0.3782484103261991,C47H88O6,CCCCCCCCCCCCCCCC(=O)OC(COC(=O)CCCCCCCCCC=CCCCCCC)COC(=O)CCCCCCCCC,[M+NH4]+,TG 10:0_16:0_18:1,TG 10:0_16:0_18:1(11),0.07399999999999807,0.8436900000000378,0.0,0.0,All,None,2360000.0,2070000.0,2030000.0,2410000.0
21154,21.032,708.68637,708.61367,102.59469027750255,C43H78O6,CCCCCCCCCCCC(=O)OC(COC(=O)CCCCC=CCC=CCCCCCCCC)COC(=O)CCCCCCCCC,[M+NH4]+,TG 10:0_12:0_18:2,"TG 10:0_12:0_18:2(6,9)",0.23799999999999719,0.3623766666667052,0.0,0.0,All,None,355000.0,,327000.0,
21155,21.032,856.73883,856.77525,42.508230717473445,C55H98O5,CCCCCC=CCC=CCCCCCCCC(=O)OC(COC(=O)CCCCCCCC=CCC=CCC=CCC)COCCCCCCCCCCCCCCCC,[M+NH4]+,TG O-16:0_18:2_18:3,"TG O-16:0_18:2(9,12)_18:3(9,12,15)",0.31966666666666654,0.19241000000001426,0.4367597759457463,0.4367597759457463,Some,Some,14178.447936271721,0.0,0.0,0.0
21155,21.032,856.73883,856.77525,42.508230717473445,C55H98O5,CCCCCCCCC=CCC=CCCCCC(=O)OC(COC(=O)CCCCC=CCC=CCC=CCCCCC)COCCCCCCCCCCCCCCCC,[M+NH4]+,TG O-16:0_18:2_18:3,"TG O-16:0_18:2(6,9)_18:3(6,9,12)",0.3953333333333333,0.5935499999999934,0.2821248041238671,0.2821248041238671,Some,Some,69102.72683503306,0.0,0.0,0.0
21155,21.032,856.73883,856.77525,42.508230717473445,C55H98O5,CCCCCCCCC=CCC=CCCCCC(=O)OC(COC(=O)CCCCCCCC=CCC=CCC=CCC)COCCCCCCCCCCCCCCCC,[M+NH4]+,TG O-16:0_18:2_18:3,"TG O-16:0_18:2(6,9)_18:3(9,12,15)",0.4972500000000002,0.1555424999999957,0.2608691408752069,0.2608691408752069,Some,Some,12515.428721495166,0.0,0.0,0.0
21155,21.032,856.73883,856.77525,42.508230717473445,C55H98O5,CCCCCC=CCC=CCCCCCCCC(=O)OC(COC(=O)CCCCC=CCC=CCC=CCCCCC)COCCCCCCCCCCCCCCCC,[M+NH4]+,TG O-16:0_18:2_18:3,"TG O-16:0_18:2(9,12)_18:3(6,9,12)",0.333499999999999,0.456230000000005,0.25482939884252925,0.25482939884252925,Some,Some,74203.39650720007,0.0,0.0,0.0
21225,21.063,818.72287,818.72322,0.42749489873492247,C51H92O6,CCCCCCCCC=CCCCCCC(=O)OC(COC(=O)CCCCC=CCC=CCCCCCCCC)COC(=O)CCCCCCCCCCCCC,[M+NH4]+,TG 14:0_16:1_18:2,"TG 14:0_16:1(7)_18:2(6,9)",1.0,0.9019799999999805,0.76512664540738,0.76512664540738,Some,Some,2399636.5701306076,1647879.2958927073,1883668.4274685087,1796871.436793467
21225,21.063,818.72287,818.72322,0.42749489873492247,C51H92O6,CCCCCCCCC=CCCCCCC(=O)OC(COC(=O)CCCCCCCC=CCC=CCCCCC)COC(=O)CCCCCCCCCCCCC,[M+NH4]+,TG 14:0_16:1_18:2,"TG 14:0_16:1(7)_18:2(9,12)",0.6080000000000005,0.54821000000004,0.38256332270369,0.38256332270369,Some,Some,2794474.7302668937,752979.0444258172,960393.7423811458,678770.0761236654
21225,21.063,818.72287,818.72322,0.42749489873492247,C51H92O6,CCCCCCCCCC=CCCCCC(=O)OC(COC(=O)CCCCC=CCC=CCCCCCCCC)COC(=O)CCCCCCCCCCCCC,[M+NH4]+,TG 14:0_16:1_18:2,"TG 14:0_16:1(6)_18:2(6,9)",0.37049999999999983,0.7248499999999751,0.3118561006485239,0.3118561006485239,All,Some,0.0,858608.5498742667,999739.943112556,1119397.9606241921
21225,21.063,818.72287,818.72322,0.42749489873492247,C51H92O6,CCCCCCC=CCCCCCCCC(=O)OC(COC(=O)CCCCC=CCC=CCCCCCCCC)COC(=O)CCCCCCCCCCCCC,[M+NH4]+,TG 14:0_16:1_18:2,"TG 14:0_16:1(9)_18:2(6,9)",0.443500000000002,0.6722424999999816,0.191281661351845,0.191281661351845,All,Some,127021.57864849518,897260.6873428333,1036859.0004063391,1167372.1589366577
21225,21.063,818.72287,818.72322,0.42749489873492247,C51H92O6,CCCCCCCCCC=CCCCCC(=O)OC(COC(=O)CCCCCCCC=CCC=CCCCCC)COC(=O)CCCCCCCCCCCCC,[M+NH4]+,TG 14:0_16:1_18:2,"TG 14:0_16:1(6)_18:2(9,12)",0.32079999999999986,0.26838400000001456,0.09645955143734314,0.09645955143734314,All,Some,68867.1209540034,1123272.4224643756,1209338.8866314508,1207588.3675220173
21248,21.067,792.70731,792.70757,0.327989803384474,C49H90O6,CCCCCCCCCCCCCCCC(=O)OC(COC(=O)CCCCC=CCC=CCCCCCCCC)COC(=O)CCCCCCCCCCC,[M+NH4]+,TG 12:0_16:0_18:2,"TG 12:0_16:0_18:2(6,9)",0.025000000000000355,0.8519575000000543,0.1628590846726256,0.1628590846726256,All,Some,4340000.0,4000000.0,4490000.0,4560000.0
21263,21.069,820.73024,820.73887,10.514915663783801,C51H94O6,CCCCCCCCCC=CCCCCC(=O)OC(COC(=O)CCCCCCCCCC=CCCCCCC)COC(=O)CCCCCCCCCCCCC,[M+NH4]+,TG 14:0_16:1_18:1,TG 14:0_16:1(6)_18:1(11),0.42049999999999876,0.7156199999999728,0.16063956883038874,0.16063956883038874,All,Some,0.0,0.0,0.0,200390.25142680857
21263,21.069,820.73024,820.73887,10.514915663783801,C51H94O6,CCCCCCC=CCCCCCCCC(=O)OC(COC(=O)CCCCCCCCCC=CCCCCCC)COC(=O)CCCCCCCCCCCCC,[M+NH4]+,TG 14:0_16:1_18:1,TG 14:0_16:1(9)_18:1(11),0.36799999999999855,0.5099749999999972,0.1106822330779975,0.1106822330779975,All,Some,0.0,0.0,0.0,138283.74209470922
21263,21.069,820.73024,820.73887,10.514915663783801,C51H94O6,CCCCCCCCCC=CCCCCC(=O)OC(COC(=O)CCCCC=CCCCCCCCCCCC)COC(=O)CCCCCCCCCCCCC,[M+NH4]+,TG 14:0_16:1_18:1,TG 14:0_16:1(6)_18:1(6),0.4215,0.7284099999999682,0.10529845229138998,0.10529845229138998,All,Some,0.0,0.0,0.0,111842.35693351844
21263,21.069,820.73024,820.73887,10.514915663783801,C51H94O6,CCCCCCCCCC=CCCCCC(=O)OC(COC(=O)CCCCCCCC=CCCCCCCCC)COC(=O)CCCCCCCCCCCCC,[M+NH4]+,TG 14:0_16:1_18:1,TG 14:0_16:1(6)_18:1(9),0.29550000000000054,0.7178824999999733,0.10529845229138998,0.10529845229138998,All,Some,0.0,0.0,0.0,119076.66203917938
21263,21.069,820.73024,820.73887,10.514915663783801,C51H94O6,CCCCCCCCC=CCCCCCC(=O)OC(COC(=O)CCCCCCCCCC=CCCCCCC)COC(=O)CCCCCCCCCCCCC,[M+NH4]+,TG 14:0_16:1_18:1,TG 14:0_16:1(7)_18:1(11),0.24300000000000033,0.5122374999999977,0.05534111653899875,0.05534111653899875,All,Some,0.0,0.0,0.0,103812.27826623476
21263,21.069,820.73024,820.73887,10.514915663783801,C51H94O6,CCCCCCC=CCCCCCCCC(=O)OC(COC(=O)CCCCC=CCCCCCCCCCCC)COC(=O)CCCCCCCCCCCCC,[M+NH4]+,TG 14:0_16:1_18:1,TG 14:0_16:1(9)_18:1(6),0.3689999999999998,0.5227649999999926,0.05534111653899875,0.05534111653899875,All,Some,0.0,0.0,0.0,145518.0472003702
21263,21.069,820.73024,820.73887,10.514915663783801,C51H94O6,CCCCCCC=CCCCCCCCC(=O)OC(COC(=O)CCCCCCCC=CCCCCCCCC)COC(=O)CCCCCCCCCCCCC,[M+NH4]+,TG 14:0_16:1_18:1,TG 14:0_16:1(9)_18:1(9),0.24300000000000033,0.5122374999999977,0.05534111653899875,0.05534111653899875,All,Some,0.0,0.0,0.0,119076.66203917938
21294,21.074,710.59276,710.62932,51.44735654871176,C43H80O6,CCCCCCCCCCCCCC(=O)OC(COC(=O)CCCCC=CCCCCCCCCC)COC(=O)CCCCCCCCC,[M+NH4]+,TG 10:0_14:0_16:1,TG 10:0_14:0_16:1(6),0.35199999999999676,0.8925199999999904,0.0,0.0,All,None,,723000.0,,
21337,21.093,682.5617,682.59802,53.20847546561312,C41H76O6,CCCCCCCCCCCC(=O)OC(COC(=O)CCCCC=CCCCCCCCCC)COC(=O)CCCCCCCCC,[M+NH4]+,TG 10:0_12:0_16:1,TG 10:0_12:0_16:1(6),0.7420000000000009,0.5097099999999841,0.0,0.0,All,None,0.0,94100.0,,
21388,21.143,780.70685,780.74395,47.51878000464743,C49H94O5,CCCCCCCCCCCCCCCC(=O)OC(COC(=O)CCCCCCCCCC=CCCCCCC)COCCCCCCCCCCCC,[M+NH4]+,TG O-12:0_16:0_18:1,TG O-12:0_16:0_18:1(11),0.4109999999999978,0.5531050000000164,0.06218200304338253,0.06218200304338253,All,Some,0.0,0.0,42400.0,0.0
21423,21.166,858.75399,858.7909,42.97903016895118,C55H100O5,CCCCCCC=CCCCCCCCC(=O)OC(COC(=O)CCCCCCCC=CCC=CCCCCC)COCCCCCCCCCCC=CCCCCCC,[M+NH4]+,TG O-18:1_16:1_18:2,"TG O-18:1(11)_16:1(9)_18:2(9,12)",0.7299999999999992,0.31610000000004373,0.3330245604442758,0.3330245604442758,Some,Some,46751.76019225093,37319.82049513759,58505.41367931406,48711.58506057875
21423,21.166,858.75399,858.7909,42.97903016895118,C55H100O5,CCCCCCCCC=CCCCCCC(=O)OC(COC(=O)CCCCCCCC=CCC=CCCCCC)COCCCCCCCCC=CCCCCCCCC,[M+NH4]+,TG O-18:1_16:1_18:2,"TG O-18:1(9)_16:1(7)_18:2(9,12)",0.661999999999999,0.46266000000002805,0.2806225749140157,0.2806225749140157,Some,Some,45297.84139297609,37319.82049513759,56984.037266257605,66626.71472914789
21423,21.166,858.75399,858.7909,42.97903016895118,C55H100O5,CCCCCCCCC=CCCCCCC(=O)OC(COC(=O)CCCCCCCC=CCC=CCCCCC)COCCCCCC=CCCCCCCCCCCC,[M+NH4]+,TG O-18:1_16:1_18:2,"TG O-18:1(6)_16:1(7)_18:2(9,12)",0.5755999999999986,0.35827200000001086,0.19981473626656548,0.19981473626656548,Some,Some,44801.593659091865,37319.82049513759,56984.037266257605,45029.13787924302
21423,21.166,858.75399,858.7909,42.97903016895118,C55H100O5,CCCCCCCCC=CCCCCCC(=O)OC(COC(=O)CCCCCCCC=CCC=CCCCCC)COCCCCCCCCCCC=CCCCCCC,[M+NH4]+,TG O-18:1_16:1_18:2,"TG O-18:1(11)_16:1(7)_18:2(9,12)",0.5993333333333316,0.31900833333334805,0.1870817166093438,0.1870817166093438,Some,Some,46751.76019225094,37319.82049513759,60196.60203824695,46274.31661159507
21423,21.166,858.75399,858.7909,42.97903016895118,C55H100O5,CCCCCCC=CCCCCCCCC(=O)OC(COC(=O)CCCCCCCC=CCC=CCCCCC)COCCCCCCCCC=CCCCCCCCC,[M+NH4]+,TG O-18:1_16:1_18:2,"TG O-18:1(9)_16:1(9)_18:2(9,12)",0.5043333333333315,0.314628333333341,0.1870817166093438,0.1870817166093438,Some,Some,44967.00957038661,37319.82049513759,58027.167790927284,46274.31661159507
21423,21.166,858.75399,858.7909,42.97903016895118,C55H100O5,CCCCCCCCCC=CCCCCC(=O)OC(COC(=O)CCCCCCCC=CCC=CCCCCC)COCCCCCCCCCCC=CCCCCCC,[M+NH4]+,TG O-18:1_16:1_18:2,"TG O-18:1(11)_16:1(6)_18:2(9,12)",0.6406666666666657,0.1806116666666829,0.1665122802221379,0.1665122802221379,All,Some,45611.26101437666,37319.82049513759,59111.88491458712,48711.58506057875
21423,21.166,858.75399,858.7909,42.97903016895118,C55H100O5,CCCCCCCCCC=CCCCCC(=O)OC(COC(=O)CCCCCCCC=CCC=CCCCCC)COCCCCCC=CCCCCCCCCCCC,[M+NH4]+,TG O-18:1_16:1_18:2,"TG O-18:1(6)_16:1(6)_18:2(9,12)",0.6923333333333327,0.3149333333333478,0.1665122802221379,0.1665122802221379,All,Some,47248.007926135164,37319.82049513759,58505.41367931406,46274.31661159507
21423,21.166,858.75399,858.7909,42.97903016895118,C55H100O5,CCCCCCC=CCCCCCCCC(=O)OC(COC(=O)CCCCCCCC=CCC=CCCCCC)COCCCCCC=CCCCCCCCCCCC,[M+NH4]+,TG O-18:1_16:1_18:2,"TG O-18:1(6)_16:1(9)_18:2(9,12)",0.661999999999999,0.3131566666666951,0.1665122802221379,0.1665122802221379,All,Some,1802.1628230532485,1121.6155437618065,1365.4266668433677,2036.6876940022028
21423,21.166,858.75399,858.7909,42.97903016895118,C55H100O5,CCCCCCCCCC=CCCCCC(=O)OC(COC(=O)CCCCCCCC=CCC=CCCCCC)COCCCCCCCCC=CCCCCCCCC,[M+NH4]+,TG O-18:1_16:1_18:2,"TG O-18:1(9)_16:1(6)_18:2(9,12)",0.5919999999999987,0.1707433333333294,0.1665122802221379,0.1665122802221379,Some,Some,44801.593659091865,37319.82049513759,56984.037266257605,64189.446280164215
21423,21.166,858.75399,858.7909,42.97903016895118,C55H100O5,CCCCCCCCC=CCCCCCC(=O)OC(COC(=O)CCCCC=CCC=CCCCCCCCC)COCCCCCCCCC=CCCCCCCCC,[M+NH4]+,TG O-18:1_16:1_18:2,"TG O-18:1(9)_16:1(7)_18:2(6,9)",0.00999999999999801,0.7591200000000526,0.1583224426599439,0.1583224426599439,Some,Some,44967.00957038661,37319.82049513759,56335.97943199438,67871.89346149996
21429,21.167,736.60843,736.64497,49.6032708944519,C45H82O6,CCCCCCCCCCCCCC(=O)OC(COC(=O)CCCCC=CCC=CCCCCCCCC)COC(=O)CCCCCCCCC,[M+NH4]+,TG 10:0_14:0_18:2,"TG 10:0_14:0_18:2(6,9)",0.5793333333333331,0.6666966666667046,0.0,0.0,All,None,,1080000.0,1280000.0,
21425,21.167,818.66068,818.72322,76.38723132832692,C51H92O6,CCCCCCCCC=CCCCCCC(=O)OC(COC(=O)CCCCC=CCC=CCCCCCCCC)COC(=O)CCCCCCCCCCCCC,[M+NH4]+,TG 14:0_16:1_18:2,"TG 14:0_16:1(7)_18:2(6,9)",0.6099999999999994,0.5524099999999521,0.37370493490531626,0.37370493490531626,Some,Some,46153.234175025944,0.0,0.0,0.0
21425,21.167,818.66068,818.72322,76.38723132832692,C51H92O6,CCCCCCCCCC=CCCCCC(=O)OC(COC(=O)CCCCC=CCC=CCCCCCCCC)COC(=O)CCCCCCCCCCCCC,[M+NH4]+,TG 14:0_16:1_18:2,"TG 14:0_16:1(6)_18:2(6,9)",0.35499999999999804,0.5655749999999861,0.2092280630107345,0.2092280630107345,All,Some,39913.87063299896,0.0,0.0,0.0
21425,21.167,818.66068,818.72322,76.38723132832692,C51H92O6,CCCCCCCCC=CCCCCCC(=O)OC(COC(=O)CCCCCCCC=CCC=CCCCCC)COC(=O)CCCCCCCCCCCCC,[M+NH4]+,TG 14:0_16:1_18:2,"TG 14:0_16:1(7)_18:2(9,12)",0.26699999999999946,0.378674999999987,0.18685246745265813,0.18685246745265813,Some,Some,7282.601176063645,0.0,0.0,0.0
21425,21.167,818.66068,818.72322,76.38723132832692,C51H92O6,CCCCCCC=CCCCCCCCC(=O)OC(COC(=O)CCCCC=CCC=CCCCCCCCC)COC(=O)CCCCCCCCCCCCC,[M+NH4]+,TG 14:0_16:1_18:2,"TG 14:0_16:1(9)_18:2(6,9)",0.334333333333331,0.5305033333333237,0.12456831163510541,0.12456831163510541,All,Some,7051.885160843997,0.0,0.0,0.0
21425,21.167,818.66068,818.72322,76.38723132832692,C51H92O6,CCCCCCCCCC=CCCCCC(=O)OC(COC(=O)CCCCCCCC=CCC=CCCCCC)COC(=O)CCCCCCCCCCCCC,[M+NH4]+,TG 14:0_16:1_18:2,"TG 14:0_16:1(6)_18:2(9,12)",0.28533333333333033,0.2561683333333349,0.08465975137562907,0.08465975137562907,All,Some,15598.408855067448,0.0,0.0,0.0
21449,21.17,844.73848,844.73887,0.46168113471388644,C53H94O6,CCCCCCCCC=CCC=CCCCCC(=O)OC(COC(=O)CCCCC=CCC=CCCCCCCCC)COC(=O)CCCCCCCCCCCCC,[M+NH4]+,TG 14:0_18:2_18:2,"TG 14:0_18:2(6,9)_18:2(6,9)",0.4184999999999981,0.5228374999999801,0.30110423977644474,0.30110423977644474,All,Some,3005050.964097903,2662399.7616412705,6050000.0,6125708.24429868
21449,21.17,844.73848,844.73887,0.46168113471388644,C53H94O6,CCCCCCCCC=CCC=CCCCCC(=O)OC(COC(=O)CCCCCCCC=CCC=CCCCCC)COC(=O)CCCCCCCCCCCCC,[M+NH4]+,TG 14:0_18:2_18:2,"TG 14:0_18:2(6,9)_18:2(9,12)",0.377666666666664,0.5138449999999656,0.20073615985096316,0.20073615985096316,Some,Some,3094949.035902097,2747600.23835873,6050000.0,6374291.755701319
21530,21.193,762.62413,762.66062,47.845659056000486,C47H84O6,CCCCCCC=CCCCCCCCC(=O)OC(COC(=O)CCCCCCCC=CCC=CCCCCC)COC(=O)CCCCCCCCC,[M+NH4]+,TG 10:0_16:1_18:2,"TG 10:0_16:1(9)_18:2(9,12)",0.3431999999999974,0.5679300000000012,0.14277480713026197,0.14277480713026197,All,Some,0.0,249578.8336933045,0.0,296078.02655939903
21530,21.193,762.62413,762.66062,47.845659056000486,C47H84O6,CCCCCCCCCC=CCCCCC(=O)OC(COC(=O)CCCCCCCC=CCC=CCCCCC)COC(=O)CCCCCCCCC,[M+NH4]+,TG 10:0_16:1_18:2,"TG 10:0_16:1(6)_18:2(9,12)",0.3034999999999961,0.6854974999999968,0.10137388732099807,0.10137388732099807,All,Some,0.0,292699.7840172786,0.0,298050.0019979488
21530,21.193,762.62413,762.66062,47.845659056000486,C47H84O6,CCCCCCCCC=CCCCCCC(=O)OC(COC(=O)CCCCCCCC=CCC=CCCCCC)COC(=O)CCCCCCCCC,[M+NH4]+,TG 10:0_16:1_18:2,"TG 10:0_16:1(7)_18:2(9,12)",0.31499999999999595,0.6883225000000266,0.10137388732099807,0.10137388732099807,Some,Some,0.0,292996.7602591792,0.0,282856.40076188446
21530,21.193,762.62413,762.66062,47.845659056000486,C47H84O6,CCCCCCC=CCCCCCCCC(=O)OC(COC(=O)CCCCC=CCC=CCCCCCCCC)COC(=O)CCCCCCCCC,[M+NH4]+,TG 10:0_16:1_18:2,"TG 10:0_16:1(9)_18:2(6,9)",0.33879999999999766,0.7124460000000681,0.0616756972734635,0.0616756972734635,All,Some,0.0,484724.6220302376,0.0,533015.5706807678
21599,21.213,786.62554,786.66062,44.59356310475229,C49H84O6,CCCCCC=CCC=CCCCCCCCC(=O)OC(COC(=O)CCCCCCCC=CCC=CCC=CCC)COC(=O)CCCCCCCCC,[M+NH4]+,TG 10:0_18:2_18:3,"TG 10:0_18:2(9,12)_18:3(9,12,15)",0.3324999999999996,0.8977850000000274,0.5081426002310183,0.5081426002310183,Some,Some,25808.477205287298,14342.262343404567,0.0,25873.640025107226
21599,21.213,786.62554,786.66062,44.59356310475229,C49H84O6,CCCCCCCCC=CCC=CCCCCC(=O)OC(COC(=O)CCCCCCCC=CCC=CCC=CCC)COC(=O)CCCCCCCCC,[M+NH4]+,TG 10:0_18:2_18:3,"TG 10:0_18:2(6,9)_18:3(9,12,15)",0.11666666666666714,0.7645483333333422,0.289757892251731,0.289757892251731,Some,Some,14206.460749932563,18928.629329403095,0.0,18957.80939428811
21599,21.213,786.62554,786.66062,44.59356310475229,C49H84O6,CCCCCC=CCC=CCCCCCCCC(=O)OC(COC(=O)CCCCC=CCC=CCC=CCCCCC)COC(=O)CCCCCCCCC,[M+NH4]+,TG 10:0_18:2_18:3,"TG 10:0_18:2(9,12)_18:3(6,9,12)",0.559999999999997,0.8176800000000242,0.2707148161592166,0.2707148161592166,Some,Some,16144.90828162935,9402.198477032669,0.0,14972.316664923108
21599,21.213,786.62554,786.66062,44.59356310475229,C49H84O6,CCCCCCCCC=CCC=CCCCCC(=O)OC(COC(=O)CCCCC=CCC=CCC=CCCCCC)COC(=O)CCCCCCCCC,[M+NH4]+,TG 10:0_18:2_18:3,"TG 10:0_18:2(6,9)_18:3(6,9,12)",0.42999999999999855,0.7187250000000063,0.22411088622616993,0.22411088622616993,Some,Some,9240.153763150796,16826.909850159664,0.0,14496.233915681558
21800,21.286,858.75412,858.7909,42.82765455481837,C55H100O5,CCCCCCC=CCCCCCCCC(=O)OC(COC(=O)CCCCCCCC=CCC=CCCCCC)COCCCCCCCCCCC=CCCCCCC,[M+NH4]+,TG O-18:1_16:1_18:2,"TG O-18:1(11)_16:1(9)_18:2(9,12)",0.5286666666666662,0.6150100000000217,0.3708895256665934,0.3708895256665934,Some,Some,14923.50734405799,0.0,19521.36850043434,17606.826516220026
21800,21.286,858.75412,858.7909,42.82765455481837,C55H100O5,CCCCCCCCC=CCCCCCC(=O)OC(COC(=O)CCCCCCCC=CCC=CCCCCC)COCCCCCCCCC=CCCCCCCCC,[M+NH4]+,TG O-18:1_16:1_18:2,"TG O-18:1(9)_16:1(7)_18:2(9,12)",0.4733333333333339,0.6076966666666598,0.36217140915557455,0.36217140915557455,Some,Some,34861.19412475361,0.0,33923.747339079964,27493.653032440056
21800,21.286,858.75412,858.7909,42.82765455481837,C55H100O5,CCCCCCCCC=CCCCCCC(=O)OC(COC(=O)CCCCCCCC=CCC=CCCCCC)COCCCCCCCCCCC=CCCCCCC,[M+NH4]+,TG O-18:1_16:1_18:2,"TG O-18:1(11)_16:1(7)_18:2(9,12)",0.3280000000000015,0.5734959999999774,0.25367614016604234,0.25367614016604234,Some,Some,19937.68678069562,0.0,14676.823505827771,13610.719322990124
21800,21.286,858.75412,858.7909,42.82765455481837,C55H100O5,CCCCCCC=CCCCCCCCC(=O)OC(COC(=O)CCCCCCCC=CCC=CCCCCC)COCCCCCCCCC=CCCCCCCCC,[M+NH4]+,TG O-18:1_16:1_18:2,"TG O-18:1(9)_16:1(9)_18:2(9,12)",0.37920000000000015,0.4006060000000161,0.23618803093926308,0.23618803093926308,Some,Some,14923.50734405799,0.0,19246.923833252193,10159.040902679832
21800,21.286,858.75412,858.7909,42.82765455481837,C55H100O5,CCCCCCCCCC=CCCCCC(=O)OC(COC(=O)CCCCCCCC=CCC=CCCCCC)COCCCCCCCCCCC=CCCCCCC,[M+NH4]+,TG O-18:1_16:1_18:2,"TG O-18:1(11)_16:1(6)_18:2(9,12)",0.3230000000000004,0.6077433333333033,0.21459161154459547,0.21459161154459547,All,Some,14923.50734405799,0.0,20103.668489933843,17606.826516220026
21800,21.286,858.75412,858.7909,42.82765455481837,C55H100O5,CCCCCCCCCC=CCCCCC(=O)OC(COC(=O)CCCCCCCC=CCC=CCCCCC)COCCCCCCCCC=CCCCCCCCC,[M+NH4]+,TG O-18:1_16:1_18:2,"TG O-18:1(9)_16:1(6)_18:2(9,12)",0.2936666666666679,0.4734416666666448,0.20703772521619257,0.20703772521619257,Some,Some,34861.19412475361,0.0,34780.491995761615,23769.76022566996
21800,21.286,858.75412,858.7909,42.82765455481837,C55H100O5,CCCCCCCCC=CCCCCCC(=O)OC(COC(=O)CCCCCCCC=CCC=CCCCCC)COCCCCCC=CCCCCCCCCCCC,[M+NH4]+,TG O-18:1_16:1_18:2,"TG O-18:1(6)_16:1(7)_18:2(9,12)",0.5780000000000006,0.4636066666666731,0.18782598494700378,0.18782598494700378,Some,Some,14923.50734405799,0.0,20103.668489933843,13882.93370944993
21800,21.286,858.75412,858.7909,42.82765455481837,C55H100O5,CCCCCCC=CCCCCCCCC(=O)OC(COC(=O)CCCCCCCC=CCC=CCCCCC)COCCCCCC=CCCCCCCCCCCC,[M+NH4]+,TG O-18:1_16:1_18:2,"TG O-18:1(6)_16:1(9)_18:2(9,12)",0.5251428571428575,0.6415157142856904,0.17995996768376235,0.17995996768376235,All,Some,34861.19412475361,0.0,34198.192006262114,31217.545839210157
21800,21.286,858.75412,858.7909,42.82765455481837,C55H100O5,CCCCCCCCCC=CCCCCC(=O)OC(COC(=O)CCCCCCCC=CCC=CCCCCC)COCCCCCC=CCCCCCCCCCCC,[M+NH4]+,TG O-18:1_16:1_18:2,"TG O-18:1(6)_16:1(6)_18:2(9,12)",0.5014285714285721,0.6321528571428254,0.17622363203618288,0.17622363203618288,All,Some,14923.50734405799,0.0,19246.923833252193,13882.93370944993
21800,21.286,858.75412,858.7909,42.82765455481837,C55H100O5,CCCCCCC=CCCCCCCCC(=O)OC(COC(=O)CCCCC=CCC=CCCCCCCCC)COCCCCCCCCCCC=CCCCCCC,[M+NH4]+,TG O-18:1_16:1_18:2,"TG O-18:1(11)_16:1(9)_18:2(6,9)",0.11000000000000298,0.5221949999999538,0.09093323668174397,0.09093323668174397,Some,Some,34861.19412475361,0.0,34198.192006262114,23769.76022566996
21801,21.286,884.77007,884.80655,41.22935120675044,C57H102O5,CCCCCCCCC=CCC=CCCCCC(=O)OC(COC(=O)CCCCC=CCC=CCCCCCCCC)COCCCCCCCCC=CCCCCCCCC,[M+NH4]+,TG O-18:1_18:2_18:2,"TG O-18:1(9)_18:2(6,9)_18:2(6,9)",0.2410000000000032,0.5093350000000214,0.581663282508585,0.581663282508585,Some,Some,23219.241832264983,0.0,19856.017164408866,23114.460740221744
21801,21.286,884.77007,884.80655,41.22935120675044,C57H102O5,CCCCCC=CCC=CCCCCCCCC(=O)OC(COC(=O)CCCCCCCC=CCC=CCCCCC)COCCCCCCCCC=CCCCCCCCC,[M+NH4]+,TG O-18:1_18:2_18:2,"TG O-18:1(9)_18:2(9,12)_18:2(9,12)",0.22666666666666893,0.640573333333388,0.556750079135473,0.556750079135473,Some,Some,26884.823499098165,0.0,22676.83959359606,27068.369675336355
21801,21.286,884.77007,884.80655,41.22935120675044,C57H102O5,CCCCCCCCC=CCC=CCCCCC(=O)OC(COC(=O)CCCCCCCC=CCC=CCCCCC)COCCCCCC=CCCCCCCCCCCC,[M+NH4]+,TG O-18:1_18:2_18:2,"TG O-18:1(6)_18:2(6,9)_18:2(9,12)",0.3404000000000025,0.5684160000000247,0.5067487483200324,0.5067487483200324,Some,Some,8732.022569398798,0.0,9418.05534174877,7444.256133008888
21801,21.286,884.77007,884.80655,41.22935120675044,C57H102O5,CCCCCCCCC=CCC=CCCCCC(=O)OC(COC(=O)CCCCCCCC=CCC=CCCCCC)COCCCCCCCCC=CCCCCCCCC,[M+NH4]+,TG O-18:1_18:2_18:2,"TG O-18:1(9)_18:2(6,9)_18:2(9,12)",0.3320000000000022,0.5888460000000351,0.4844723712417732,0.4844723712417732,Some,Some,36655.81666833185,0.0,31791.67949507389,31931.22319323594
21801,21.286,884.77007,884.80655,41.22935120675044,C57H102O5,CCCCCCCCC=CCC=CCCCCC(=O)OC(COC(=O)CCCCC=CCC=CCCCCCCCC)COCCCCCC=CCCCCCCCCCCC,[M+NH4]+,TG O-18:1_18:2_18:2,"TG O-18:1(6)_18:2(6,9)_18:2(6,9)",0.18550000000000288,0.6732150000000274,0.46665531679797484,0.46665531679797484,Some,Some,40368.09364302278,0.0,34529.80680418719,31176.799189524412
21801,21.286,884.77007,884.80655,41.22935120675044,C57H102O5,CCCCCCCCC=CCC=CCCCCC(=O)OC(COC(=O)CCCCCCCC=CCC=CCCCCC)COCCCCCCCCCCC=CCCCCCC,[M+NH4]+,TG O-18:1_18:2_18:2,"TG O-18:1(11)_18:2(6,9)_18:2(9,12)",0.21085714285714374,0.6612771428571997,0.38675806241452,0.38675806241452,Some,Some,27980.995851058793,0.0,26023.235452586207,21300.207352982947
21801,21.286,884.77007,884.80655,41.22935120675044,C57H102O5,CCCCCCCCC=CCC=CCCCCC(=O)OC(COC(=O)CCCCC=CCC=CCCCCCCCC)COCCCCCCCCCCC=CCCCCCC,[M+NH4]+,TG O-18:1_18:2_18:2,"TG O-18:1(11)_18:2(6,9)_18:2(6,9)",0.320333333333334,0.479216666666692,0.37445240296568566,0.37445240296568566,All,All,16927.049098433497,0.0,13323.10267857143,14552.202770387343
21801,21.286,884.77007,884.80655,41.22935120675044,C57H102O5,CCCCCC=CCC=CCCCCCCCC(=O)OC(COC(=O)CCCCCCCC=CCC=CCCCCC)COCCCCCC=CCCCCCCCCCCC,[M+NH4]+,TG O-18:1_18:2_18:2,"TG O-18:1(6)_18:2(9,12)_18:2(9,12)",0.28560000000000085,0.7260740000000396,0.34702830597527046,0.34702830597527046,All,Some,24304.907739957616,0.0,20058.160791256156,20860.278174915024
21801,21.286,884.77007,884.80655,41.22935120675044,C57H102O5,CCCCCC=CCC=CCCCCCCCC(=O)OC(COC(=O)CCCCCCCC=CCC=CCCCCC)COCCCCCCCCCCC=CCCCCCC,[M+NH4]+,TG O-18:1_18:2_18:2,"TG O-18:1(11)_18:2(9,12)_18:2(9,12)",0.46239999999999953,0.4152660000000196,0.3326148027302584,0.3326148027302584,All,Some,16927.049098433497,0.0,13323.10267857143,14552.202770387343
21817,21.289,844.67042,844.73887,81.03095812317048,C53H94O6,CCCCCCCCC=CCCCCCC(=O)OC(COC(=O)CCCCC=CCC=CCC=CCCCCC)COC(=O)CCCCCCCCCCCCCCC,[M+NH4]+,TG 16:0_16:1_18:3,"TG 16:0_16:1(7)_18:3(6,9,12)",0.3799999999999997,0.843166000000042,0.5212894824145795,0.5212894824145795,Some,Some,45712.13530289594,75627.038613277,45122.73477216939,37270.889163781314
21817,21.289,844.67042,844.73887,81.03095812317048,C53H94O6,CCCCCCCCC=CCCCCCC(=O)OC(COC(=O)CCCCCCCC=CCC=CCC=CCC)COC(=O)CCCCCCCCCCCCCCC,[M+NH4]+,TG 16:0_16:1_18:3,"TG 16:0_16:1(7)_18:3(9,12,15)",0.587000000000001,0.5958516666666848,0.4682557093314252,0.4682557093314252,Some,Some,30639.70413305362,46066.92864465223,32709.7322638194,26193.48600052578
21817,21.289,844.67042,844.73887,81.03095812317048,C53H94O6,CCCCCCCCCC=CCCCCC(=O)OC(COC(=O)CCCCC=CCC=CCC=CCCCCC)COC(=O)CCCCCCCCCCCCCCC,[M+NH4]+,TG 16:0_16:1_18:3,"TG 16:0_16:1(6)_18:3(6,9,12)",0.23914285714285605,0.8229285714285847,0.44312963906139036,0.44312963906139036,All,Some,25597.94104288773,43684.042123574916,28132.285281216882,20498.630859097706
21817,21.289,844.67042,844.73887,81.03095812317048,C53H94O6,CCCCCCC=CCCCCCCCC(=O)OC(COC(=O)CCCCC=CCC=CCC=CCCCCC)COC(=O)CCCCCCCCCCCCCCC,[M+NH4]+,TG 16:0_16:1_18:3,"TG 16:0_16:1(9)_18:3(6,9,12)",0.43685714285714183,0.634508571428585,0.43671912596615153,0.43671912596615153,All,Some,10414.170469537385,13922.121089745582,14780.217569180826,10803.272352048887
21817,21.289,844.67042,844.73887,81.03095812317048,C53H94O6,CCCCCCCCCC=CCCCCC(=O)OC(COC(=O)CCCCCCCC=CCC=CCC=CCC)COC(=O)CCCCCCCCCCCCCCC,[M+NH4]+,TG 16:0_16:1_18:3,"TG 16:0_16:1(6)_18:3(9,12,15)",0.5089999999999995,0.5380499999999984,0.4186149569647415,0.4186149569647415,All,Some,29354.240110733834,47129.98974868752,30334.016310981744,23655.56239390092
21817,21.289,844.67042,844.73887,81.03095812317048,C53H94O6,CCCCCCC=CCCCCCCCC(=O)OC(COC(=O)CCCCCCCC=CCC=CCC=CCC)COC(=O)CCCCCCCCCCCCCCC,[M+NH4]+,TG 16:0_16:1_18:3,"TG 16:0_16:1(9)_18:3(9,12,15)",0.6819999999999995,0.37318249999999864,0.41300575800640754,0.41300575800640754,All,Some,14281.808940891497,17569.879780062754,17921.013802631755,12578.159230645388
21853,21.3,788.63986,788.67627,46.165963634288424,C49H86O6,CCCCCC=CCC=CCCCCCCCC(=O)OC(COC(=O)CCCCCCCC=CCC=CCCCCC)COC(=O)CCCCCCCCC,[M+NH4]+,TG 10:0_18:2_18:2,"TG 10:0_18:2(9,12)_18:2(9,12)",0.3224999999999998,0.6813374999999837,0.43915921298679444,0.43915921298679444,All,Some,796549.3699386282,835000.0,1314999.9999999998,1310258.669227967
21853,21.3,788.63986,788.67627,46.165963634288424,C49H86O6,CCCCCCCCC=CCC=CCCCCC(=O)OC(COC(=O)CCCCCCCC=CCC=CCCCCC)COC(=O)CCCCCCCCC,[M+NH4]+,TG 10:0_18:2_18:2,"TG 10:0_18:2(6,9)_18:2(9,12)",0.32119999999999893,0.6817999999999756,0.35132737038943557,0.35132737038943557,Some,Some,793450.6300613721,835000.0,1315000.0,1299741.3307720332
21877,21.301,818.65253,818.72322,86.34175539813472,C51H92O6,CCCCCCCCC=CCCCCCC(=O)OC(COC(=O)CCCCC=CCC=CCCCCCCCC)COC(=O)CCCCCCCCCCCCC,[M+NH4]+,TG 14:0_16:1_18:2,"TG 14:0_16:1(7)_18:2(6,9)",0.24899999999999878,0.5524249999999711,0.3590121179558462,0.3590121179558462,Some,Some,0.0,0.0,3836.6695819185784,4979.162988636048
21877,21.301,818.65253,818.72322,86.34175539813472,C51H92O6,CCCCCCC=CCCCCCCCC(=O)OC(COC(=O)CCCCC=CCC=CCCCCCCCC)COC(=O)CCCCCCCCCCCCC,[M+NH4]+,TG 14:0_16:1_18:2,"TG 14:0_16:1(9)_18:2(6,9)",0.14359999999999928,0.7085619999999608,0.28296171471472037,0.28296171471472037,All,Some,0.0,0.0,1124.1845868916555,2506.8914678981487
21877,21.301,818.65253,818.72322,86.34175539813472,C51H92O6,CCCCCCCCCC=CCCCCC(=O)OC(COC(=O)CCCCC=CCC=CCCCCCCCC)COC(=O)CCCCCCCCCCCCC,[M+NH4]+,TG 14:0_16:1_18:2,"TG 14:0_16:1(6)_18:2(6,9)",0.28119999999999834,0.6063539999999875,0.24269494036984002,0.24269494036984002,All,Some,0.0,0.0,2660.6338100627636,3832.631797387747
21877,21.301,818.65253,818.72322,86.34175539813472,C51H92O6,CCCCCCCCC=CCCCCCC(=O)OC(COC(=O)CCCCCCCC=CCC=CCCCCC)COC(=O)CCCCCCCCCCCCC,[M+NH4]+,TG 14:0_16:1_18:2,"TG 14:0_16:1(7)_18:2(9,12)",0.13866666666666796,0.6808266666666517,0.23934141197056413,0.23934141197056413,Some,Some,0.0,0.0,2492.037932571938,3578.0733623859037
21877,21.301,818.65253,818.72322,86.34175539813472,C51H92O6,CCCCCCC=CCCCCCCCC(=O)OC(COC(=O)CCCCCCCC=CCC=CCCCCC)COC(=O)CCCCCCCCCCCCC,[M+NH4]+,TG 14:0_16:1_18:2,"TG 14:0_16:1(9)_18:2(9,12)",0.10633333333333421,0.6321266666666171,0.22791715713557478,0.22791715713557478,All,Some,0.0,0.0,14849.479541790994,20087.755952215026
21877,21.301,818.65253,818.72322,86.34175539813472,C51H92O6,CCCCCCCCCC=CCCCCC(=O)OC(COC(=O)CCCCCCCC=CCC=CCCCCC)COC(=O)CCCCCCCCCCCCC,[M+NH4]+,TG 14:0_16:1_18:2,"TG 14:0_16:1(6)_18:2(9,12)",0.22100000000000009,0.5469533333333061,0.19436151184817452,0.19436151184817452,All,Some,0.0,0.0,12136.99454676407,17615.484431477125
21920,21.309,736.60796,736.64497,50.24129873566588,C45H82O6,CCCCCCCCCCCCCC(=O)OC(COC(=O)CCCCC=CCC=CCCCCCCCC)COC(=O)CCCCCCCCC,[M+NH4]+,TG 10:0_14:0_18:2,"TG 10:0_14:0_18:2(6,9)",0.38649999999999807,0.532825000000031,0.0,0.0,All,None,0.0,246000.0,0.0,440000.0
21918,21.309,766.69133,766.69192,0.7695398694019394,C47H88O6,CCCCCCCCCCCCCCCC(=O)OC(COC(=O)CCCCCCCCCC=CCCCCCC)COC(=O)CCCCCCCCC,[M+NH4]+,TG 10:0_16:0_18:1,TG 10:0_16:0_18:1(11),0.25499999999999545,0.49603000000001884,0.0,0.0,All,None,0.0,29700.0,0.0,60400.0
21938,21.314,780.70684,780.74395,47.5315883011123,C49H94O5,CCCCCCCCCCCCCCCC(=O)OC(COC(=O)CCCCCCCCCC=CCCCCCC)COCCCCCCCCCCCC,[M+NH4]+,TG O-12:0_16:0_18:1,TG O-12:0_16:0_18:1(11),0.5289999999999999,0.9829199999999787,0.20705095222667727,0.20705095222667727,All,All,348000.0,397000.0,328000.0,315000.0
21931,21.314,806.72261,806.7596,45.8500896672889,C51H96O5,CCCCCCCCCCCCCC(=O)OC(COC(=O)CCCCC=CCC=CCCCCCCCC)COCCCCCCCCCCCCCCCC,[M+NH4]+,TG O-16:0_14:0_18:2,"TG O-16:0_14:0_18:2(6,9)",0.5039999999999978,0.9235050000000342,0.2129669107931716,0.2129669107931716,All,Some,197476.65629168515,0.0,0.0,303600.8990207096
21931,21.314,806.72261,806.7596,45.8500896672889,C51H96O5,CCCCCCCCCCCCCC(=O)OC(COC(=O)CCCCCCCC=CCC=CCCCCC)COCCCCCCCCCCCCCCCC,[M+NH4]+,TG O-16:0_14:0_18:2,"TG O-16:0_14:0_18:2(9,12)",0.3573333333333342,0.8997933333333776,0.17852622137107424,0.17852622137107424,All,Some,125523.34370831482,0.0,0.0,369399.10097929044
22110,21.39,901.7253,901.72556,0.28833606538300205,C57H98O6,CCCCCCCCC=CCC=CCCCCC(=O)OC(COC(=O)CCCCCCCC=CCC=CCCCCC)COC(=O)CCCCC=CCC=CCCCCCCCC,[M+Na]+,TG 18:2_18:2_18:2,"TG 18:2(6,9)_18:2(6,9)_18:2(9,12)",0.38066666666666765,0.2194200000000516,0.08778487570745537,0.08778487570745537,Some,Some,310485.95994775795,224030.1613898933,236960.72718797342,265894.8763250883
22110,21.39,901.7253,901.72556,0.28833606538300205,C57H98O6,CCCCCC=CCC=CCCCCCCCC(=O)OC(COC(=O)CCCCCCCC=CCC=CCCCCC)COC(=O)CCCCCCCC=CCC=CCCCCC,[M+Na]+,TG 18:2_18:2_18:2,"TG 18:2(9,12)_18:2(9,12)_18:2(9,12)",0.402000000000001,0.2083300000000463,0.06961556404096368,0.06961556404096368,All,Some,35550.06530256857,32575.094805538403,42615.07982752592,57001.7667844523
22110,21.39,901.7253,901.72556,0.28833606538300205,C57H98O6,CCCCCC=CCC=CCCCCCCCC(=O)OC(COC(=O)CCCCCCCC=CCC=CCCCCC)COC(=O)CCCCC=CCC=CCCCCCCCC,[M+Na]+,TG 18:2_18:2_18:2,"TG 18:2(6,9)_18:2(9,12)_18:2(9,12)",0.25080000000000097,0.32653600000001004,0.05868307726019624,0.05868307726019624,Some,Some,335724.96734871576,250212.4525972308,258692.46008623703,267867.4911660778
22110,21.39,901.7253,901.72556,0.28833606538300205,C57H98O6,CCCCCCCCC=CCC=CCCCCC(=O)OC(COC(=O)CCCCC=CCC=CCCCCCCCC)COC(=O)CCCCC=CCC=CCCCCCCCC,[M+Na]+,TG 18:2_18:2_18:2,"TG 18:2(6,9)_18:2(6,9)_18:2(6,9)",0.1725000000000012,0.3556700000000035,0.043550991473108105,0.043550991473108105,All,All,25239.007400957773,26182.29120733751,21731.732898263606,25235.865724381627
22122,21.396,896.76937,896.77017,0.892090333498222,C57H98O6,CCCCCCCCC=CCC=CCCCCC(=O)OC(COC(=O)CCCCC=CCC=CCC=CCCCCC)COC(=O)CCCCC=CCCCCCCCCCCC,[M+NH4]+,TG 18:1_18:2_18:3,"TG 18:1(6)_18:2(6,9)_18:3(6,9,12)",0.3680000000000021,0.6919599999999946,0.6664671954925223,0.6664671954925223,Some,Some,1579698.4330343944,1150637.449534859,1130597.6943872478,1249925.5530234876
22122,21.396,896.76937,896.77017,0.892090333498222,C57H98O6,CCCCCC=CCC=CCCCCCCCC(=O)OC(COC(=O)CCCCC=CCC=CCC=CCCCCC)COC(=O)CCCCCCCC=CCCCCCCCC,[M+NH4]+,TG 18:1_18:2_18:3,"TG 18:1(9)_18:2(9,12)_18:3(6,9,12)",0.3680000000000021,0.6919599999999946,0.6664671954925223,0.6664671954925223,Some,Some,1623928.2546565488,1282043.395852363,1190906.4167752236,1419915.428234682
22122,21.396,896.76937,896.77017,0.892090333498222,C57H98O6,CCCCCC=CCC=CCCCCCCCC(=O)OC(COC(=O)CCCCC=CCC=CCC=CCCCCC)COC(=O)CCCCCCCCCC=CCCCCCC,[M+NH4]+,TG 18:1_18:2_18:3,"TG 18:1(11)_18:2(9,12)_18:3(6,9,12)",0.428400000000002,0.7577839999999469,0.6363712306372358,0.6363712306372358,Some,Some,1374376.663053119,1050527.20902527,900788.3813552595,1085353.5369366715
22122,21.396,896.76937,896.77017,0.892090333498222,C57H98O6,CCCCCC=CCC=CCCCCCCCC(=O)OC(COC(=O)CCCCC=CCC=CCC=CCCCCC)COC(=O)CCCCC=CCCCCCCCCCCC,[M+NH4]+,TG 18:1_18:2_18:3,"TG 18:1(6)_18:2(9,12)_18:3(6,9,12)",0.40720000000000167,0.7300380000000132,0.5741500202080101,0.5741500202080101,Some,Some,1261200.3547846654,1076340.1633041766,1066217.4970701255,1187929.2455935224
22122,21.396,896.76937,896.77017,0.892090333498222,C57H98O6,CCCCCCCCC=CCC=CCCCCC(=O)OC(COC(=O)CCCCC=CCC=CCC=CCCCCC)COC(=O)CCCCCCCC=CCCCCCCCC,[M+NH4]+,TG 18:1_18:2_18:3,"TG 18:1(9)_18:2(6,9)_18:3(6,9,12)",0.3112000000000009,0.5771340000000009,0.5365714223102832,0.5365714223102832,Some,Some,563713.4128313786,475098.4290264188,712991.6002483971,463790.5579291516
22122,21.396,896.76937,896.77017,0.892090333498222,C57H98O6,CCCCCC=CCC=CCCCCCCCC(=O)OC(COC(=O)CCCCCCCC=CCC=CCC=CCC)COC(=O)CCCCCCCC=CCCCCCCCC,[M+NH4]+,TG 18:1_18:2_18:3,"TG 18:1(9)_18:2(9,12)_18:3(9,12,15)",0.1336000000000027,0.39651599999999687,0.5216061342219326,0.5216061342219326,Some,Some,1294155.9081501921,1099751.9125338828,1066217.4970701255,1207382.632382397
22122,21.396,896.76937,896.77017,0.892090333498222,C57H98O6,CCCCCCCCC=CCC=CCCCCC(=O)OC(COC(=O)CCCCC=CCC=CCC=CCCCCC)COC(=O)CCCCCCCCCC=CCCCCCC,[M+NH4]+,TG 18:1_18:2_18:3,"TG 18:1(11)_18:2(6,9)_18:3(6,9,12)",0.29600000000000143,0.55385142857142,0.48498088600345785,0.48498088600345785,Some,Some,1533517.295752439,1290447.613524565,1376387.5465161342,1317739.6957547981
22122,21.396,896.76937,896.77017,0.892090333498222,C57H98O6,CCCCCC=CCC=CCCCCCCCC(=O)OC(COC(=O)CCCCCCCC=CCC=CCC=CCC)COC(=O)CCCCCCCCCC=CCCCCCC,[M+NH4]+,TG 18:1_18:2_18:3,"TG 18:1(11)_18:2(9,12)_18:3(9,12,15)",0.2350000000000018,0.3557283333333127,0.472046440648384,0.472046440648384,Some,Some,1286350.6455109885,1093208.628774811,1107950.1150938726,1210655.164739404
22122,21.396,896.76937,896.77017,0.892090333498222,C57H98O6,CCCCCC=CCC=CCCCCCCCC(=O)OC(COC(=O)CCCCCCCC=CCC=CCC=CCC)COC(=O)CCCCC=CCCCCCCCCCCC,[M+NH4]+,TG 18:1_18:2_18:3,"TG 18:1(6)_18:2(9,12)_18:3(9,12,15)",0.1891428571428589,0.528657142857144,0.45636726440494024,0.45636726440494024,Some,Some,1261200.3547846654,1076340.1633041766,1066217.4970701255,1187929.2455935224
22122,21.396,896.76937,896.77017,0.892090333498222,C57H98O6,CCCCCCCCC=CCC=CCCCCC(=O)OC(COC(=O)CCCCCCCC=CCC=CCC=CCC)COC(=O)CCCCC=CCCCCCCCCCCC,[M+NH4]+,TG 18:1_18:2_18:3,"TG 18:1(6)_18:2(6,9)_18:3(9,12,15)",0.28633333333333394,0.2063199999999862,0.3748011029138399,0.3748011029138399,Some,Some,1421858.6774416084,1205605.0351194765,1281725.7544134879,1269378.9398123624
22123,21.396,898.7767,898.78582,10.147022568668202,C57H100O6,CCCCCC=CCC=CCCCCCCCC(=O)OC(COC(=O)CCCCCCCC=CCC=CCCCCC)COC(=O)CCCCCCCC=CCCCCCCCC,[M+NH4]+,TG 18:1_18:2_18:2,"TG 18:1(9)_18:2(9,12)_18:2(9,12)",0.6013333333333364,0.09597000000004148,0.5297392748636137,0.5297392748636137,Some,Some,418297.05351773906,430923.4683771883,351509.80092603475,467314.26301152166
22123,21.396,898.7767,898.78582,10.147022568668202,C57H100O6,CCCCCCCCC=CCC=CCCCCC(=O)OC(COC(=O)CCCCCCCC=CCC=CCCCCC)COC(=O)CCCCC=CCCCCCCCCCCC,[M+NH4]+,TG 18:1_18:2_18:2,"TG 18:1(6)_18:2(6,9)_18:2(9,12)",0.5140000000000015,0.10610800000001745,0.4792061020707298,0.4792061020707298,Some,Some,501813.5898977751,523534.8071854097,491080.07027522504,559777.512912197
22123,21.396,898.7767,898.78582,10.147022568668202,C57H100O6,CCCCCC=CCC=CCCCCCCCC(=O)OC(COC(=O)CCCCCCCC=CCC=CCCCCC)COC(=O)CCCCCCCCCC=CCCCCCC,[M+NH4]+,TG 18:1_18:2_18:2,"TG 18:1(11)_18:2(9,12)_18:2(9,12)",0.3933333333333344,0.22082000000000335,0.46314198204671125,0.46314198204671125,All,Some,415699.3385447986,436064.78448341537,411947.581498108,462586.41239570925
22123,21.396,898.7767,898.78582,10.147022568668202,C57H100O6,CCCCCCCCC=CCC=CCCCCC(=O)OC(COC(=O)CCCCC=CCC=CCCCCCCCC)COC(=O)CCCCC=CCCCCCCCCCCC,[M+NH4]+,TG 18:1_18:2_18:2,"TG 18:1(6)_18:2(6,9)_18:2(6,9)",0.637333333333333,0.3945166666666182,0.42073824773788443,0.42073824773788443,Some,Some,87023.45159350571,88180.33611140736,84198.06331821281,111239.57091775925
22123,21.396,898.7767,898.78582,10.147022568668202,C57H100O6,CCCCCCCCC=CCC=CCCCCC(=O)OC(COC(=O)CCCCCCCC=CCC=CCCCCC)COC(=O)CCCCCCCCCC=CCCCCCC,[M+NH4]+,TG 18:1_18:2_18:2,"TG 18:1(11)_18:2(6,9)_18:2(9,12)",0.4430000000000014,0.29175749999998857,0.4199344834836636,0.4199344834836636,Some,Some,178852.6758869513,190600.76485914097,243695.2076527135,192558.60150973382
22123,21.396,898.7767,898.78582,10.147022568668202,C57H100O6,CCCCCCCCC=CCC=CCCCCC(=O)OC(COC(=O)CCCCCCCC=CCC=CCCCCC)COC(=O)CCCCCCCC=CCCCCCCCC,[M+NH4]+,TG 18:1_18:2_18:2,"TG 18:1(9)_18:2(6,9)_18:2(9,12)",0.3836000000000027,0.07427400000001398,0.39070602148359634,0.39070602148359634,Some,Some,161707.7570655442,141961.2085383877,229449.9905986321,174052.44338498212
22123,21.396,898.7767,898.78582,10.147022568668202,C57H100O6,CCCCCC=CCC=CCCCCCCCC(=O)OC(COC(=O)CCCCCCCC=CCC=CCCCCC)COC(=O)CCCCC=CCCCCCCCCCCC,[M+NH4]+,TG 18:1_18:2_18:2,"TG 18:1(6)_18:2(9,12)_18:2(9,12)",0.4813333333333342,0.2172500000000165,0.38913951122495805,0.38913951122495805,All,Some,87023.45159350571,82531.65328417109,84198.06331821281,84425.90385379421
22123,21.396,898.7767,898.78582,10.147022568668202,C57H100O6,CCCCCCCCC=CCC=CCCCCC(=O)OC(COC(=O)CCCCC=CCC=CCCCCCCCC)COC(=O)CCCCCCCCCC=CCCCCCC,[M+NH4]+,TG 18:1_18:2_18:2,"TG 18:1(11)_18:2(6,9)_18:2(6,9)",0.3356000000000009,0.42234999999996037,0.3790959922833325,0.3790959922833325,All,All,178852.6758869513,184952.0820319047,245947.3347122006,192558.60150973382
22123,21.396,898.7767,898.78582,10.147022568668202,C57H100O6,CCCCCCCCC=CCC=CCCCCC(=O)OC(COC(=O)CCCCC=CCC=CCCCCCCCC)COC(=O)CCCCCCCC=CCCCCCCCC,[M+NH4]+,TG 18:1_18:2_18:2,"TG 18:1(9)_18:2(6,9)_18:2(6,9)",0.24200000000000443,0.16170999999985725,0.32870342194589103,0.32870342194589103,Some,Some,130730.0060132291,141250.89512897475,187973.88770066042,135486.69050456892
22126,21.397,884.77009,884.80655,41.20674739583888,C57H102O5,CCCCCCCCC=CCC=CCCCCC(=O)OC(COC(=O)CCCCC=CCC=CCCCCCCCC)COCCCCCCCCC=CCCCCCCCC,[M+NH4]+,TG O-18:1_18:2_18:2,"TG O-18:1(9)_18:2(6,9)_18:2(6,9)",0.8500000000000014,0.5100300000000288,0.6277038519067095,0.6277038519067095,Some,Some,0.0,0.0,17381.09510086455,0.0
22126,21.397,884.77009,884.80655,41.20674739583888,C57H102O5,CCCCCC=CCC=CCCCCCCCC(=O)OC(COC(=O)CCCCCCCC=CCC=CCCCCC)COCCCCCCCCC=CCCCCCCCC,[M+NH4]+,TG O-18:1_18:2_18:2,"TG O-18:1(9)_18:2(9,12)_18:2(9,12)",0.5504999999999978,0.5099425000000508,0.5556369549941612,0.5556369549941612,Some,Some,0.0,0.0,28752.046109510084,0.0
22126,21.397,884.77009,884.80655,41.20674739583888,C57H102O5,CCCCCCCCC=CCC=CCCCCC(=O)OC(COC(=O)CCCCCCCC=CCC=CCCCCC)COCCCCCC=CCCCCCCCCCCC,[M+NH4]+,TG O-18:1_18:2_18:2,"TG O-18:1(6)_18:2(6,9)_18:2(9,12)",0.4546666666666634,0.4932316666666831,0.5091018223460132,0.5091018223460132,Some,Some,0.0,0.0,35965.22574447646,0.0
22126,21.397,884.77009,884.80655,41.20674739583888,C57H102O5,CCCCCCCCC=CCC=CCCCCC(=O)OC(COC(=O)CCCCCCCC=CCC=CCCCCC)COCCCCCCCCC=CCCCCCCCC,[M+NH4]+,TG O-18:1_18:2_18:2,"TG O-18:1(9)_18:2(6,9)_18:2(9,12)",0.4476666666666631,0.5102566666666917,0.49782062738547456,0.49782062738547456,Some,Some,0.0,0.0,19550.585975024012,0.0
22126,21.397,884.77009,884.80655,41.20674739583888,C57H102O5,CCCCCCCCC=CCC=CCCCCC(=O)OC(COC(=O)CCCCC=CCC=CCCCCCCCC)COCCCCCC=CCCCCCCCCCCC,[M+NH4]+,TG O-18:1_18:2_18:2,"TG O-18:1(6)_18:2(6,9)_18:2(6,9)",0.6009999999999991,0.6735725000000059,0.49441608357738914,0.49441608357738914,Some,Some,0.0,0.0,47487.185398655136,0.0
22126,21.397,884.77009,884.80655,41.20674739583888,C57H102O5,CCCCCCCCC=CCC=CCCCCC(=O)OC(COC(=O)CCCCCCCC=CCC=CCCCCC)COCCCCCCCCCCC=CCCCCCC,[M+NH4]+,TG O-18:1_18:2_18:2,"TG O-18:1(11)_18:2(6,9)_18:2(9,12)",0.43024999999999736,0.593378750000042,0.4182966262804239,0.4182966262804239,Some,Some,0.0,0.0,40243.80403458213,0.0
22126,21.397,884.77009,884.80655,41.20674739583888,C57H102O5,CCCCCCCCC=CCC=CCCCCC(=O)OC(COC(=O)CCCCC=CCC=CCCCCCCCC)COCCCCCCCCCCC=CCCCCCC,[M+NH4]+,TG O-18:1_18:2_18:2,"TG O-18:1(11)_18:2(6,9)_18:2(6,9)",0.42433333333333206,0.6137250000000259,0.40031803524648385,0.40031803524648385,All,All,0.0,0.0,9433.006724303554,0.0
22126,21.397,884.77009,884.80655,41.20674739583888,C57H102O5,CCCCCC=CCC=CCCCCCCCC(=O)OC(COC(=O)CCCCCCCC=CCC=CCCCCC)COCCCCCC=CCCCCCCCCCCC,[M+NH4]+,TG O-18:1_18:2_18:2,"TG O-18:1(6)_18:2(9,12)_18:2(9,12)",0.2819999999999953,0.6269766666666783,0.36547091396806913,0.36547091396806913,All,All,0.0,0.0,39559.23150816523,0.0
22126,21.397,884.77009,884.80655,41.20674739583888,C57H102O5,CCCCCC=CCC=CCCCCCCCC(=O)OC(COC(=O)CCCCCCCC=CCC=CCCCCC)COCCCCCCCCCCC=CCCCCCC,[M+NH4]+,TG O-18:1_18:2_18:2,"TG O-18:1(11)_18:2(9,12)_18:2(9,12)",0.1803333333333287,0.4996450000000247,0.35771691098755115,0.35771691098755115,All,All,0.0,0.0,23627.819404418828,0.0
22142,21.402,786.62447,786.66062,45.9537430512545,C49H84O6,CCCCCC=CCC=CCCCCCCCC(=O)OC(COC(=O)CCCCCCCC=CCC=CCC=CCC)COC(=O)CCCCCCCCC,[M+NH4]+,TG 10:0_18:2_18:3,"TG 10:0_18:2(9,12)_18:3(9,12,15)",0.31359999999999955,0.9044219999999769,0.6003368334946744,0.6003368334946744,Some,Some,19570.16254447072,18119.34635865536,33554.33142596863,24585.00440183899
22142,21.402,786.62447,786.66062,45.9537430512545,C49H84O6,CCCCCCCCC=CCC=CCCCCC(=O)OC(COC(=O)CCCCCCCC=CCC=CCC=CCC)COC(=O)CCCCCCCCC,[M+NH4]+,TG 10:0_18:2_18:3,"TG 10:0_18:2(6,9)_18:3(9,12,15)",0.37257142857142916,0.8899299999999682,0.4658558616779624,0.4658558616779624,Some,Some,259570.09863445602,225371.0676077767,342910.0122412959,230293.94502592194
22142,21.402,786.62447,786.66062,45.9537430512545,C49H84O6,CCCCCCCCC=CCC=CCCCCC(=O)OC(COC(=O)CCCCC=CCC=CCC=CCCCCC)COC(=O)CCCCCCCCC,[M+NH4]+,TG 10:0_18:2_18:3,"TG 10:0_18:2(6,9)_18:3(6,9,12)",0.2986666666666646,0.8148499999999785,0.15142247187526833,0.15142247187526833,Some,Some,867.7488762489081,3407.986595922927,5586.955902866741,6117.82255697936
22142,21.402,786.62447,786.66062,45.9537430512545,C49H84O6,CCCCCC=CCC=CCCCCCCCC(=O)OC(COC(=O)CCCCC=CCC=CCC=CCCCCC)COC(=O)CCCCCCCCC,[M+NH4]+,TG 10:0_18:2_18:3,"TG 10:0_18:2(9,12)_18:3(6,9,12)",0.2169999999999952,0.7816100000000006,0.09166948003172348,0.09166948003172348,Some,Some,225991.98994482437,205101.59943764505,304948.70042986877,204003.2280152597
22146,21.402,870.72029,870.75452,39.310734786630285,C55H96O6,CCCCCCCCC=CCC=CCCCCC(=O)OC(COC(=O)CCCCCCCC=CCC=CCC=CCC)COC(=O)CCCCCCCCCCCCCCC,[M+NH4]+,TG 16:0_18:2_18:3,"TG 16:0_18:2(6,9)_18:3(9,12,15)",0.203714285714288,0.42312285714285736,0.6616407372634848,0.6616407372634848,Some,Some,79443.27155839518,108492.26648159827,117004.17641836815,102394.94075683654
22146,21.402,870.72029,870.75452,39.310734786630285,C55H96O6,CCCCCCCCC=CCC=CCCCCC(=O)OC(COC(=O)CCCCC=CCC=CCC=CCCCCC)COC(=O)CCCCCCCCCCCCCCC,[M+NH4]+,TG 16:0_18:2_18:3,"TG 16:0_18:2(6,9)_18:3(6,9,12)",0.4190000000000005,0.722283333333318,0.6479737795199428,0.6479737795199428,Some,Some,157406.32564784316,198751.29597264598,232843.7979178436,198174.53158952078
22146,21.402,870.72029,870.75452,39.310734786630285,C55H96O6,CCCCCC=CCC=CCCCCCCCC(=O)OC(COC(=O)CCCCC=CCC=CCC=CCCCCC)COC(=O)CCCCCCCCCCCCCCC,[M+NH4]+,TG 16:0_18:2_18:3,"TG 16:0_18:2(9,12)_18:3(6,9,12)",0.5615000000000006,0.4941374999999937,0.6152513915375222,0.6152513915375222,Some,Some,31202.984245406566,36370.46832748647,51565.14809135663,40874.092903120014
22146,21.402,870.72029,870.75452,39.310734786630285,C55H96O6,CCCCCC=CCC=CCCCCCCCC(=O)OC(COC(=O)CCCCCCCC=CCC=CCC=CCC)COC(=O)CCCCCCCCCCCCCCC,[M+NH4]+,TG 16:0_18:2_18:3,"TG 16:0_18:2(9,12)_18:3(9,12,15)",0.12960000000000207,0.2588860000000068,0.5526991991877259,0.5526991991877259,Some,Some,104947.41854835511,119385.96921826931,153586.8775724316,123556.43475052273
22228,21.419,832.73803,832.77525,44.69393152600002,C53H98O5,CCCCCCCCC=CCCCCCC(=O)OC(COC(=O)CCCCC=CCC=CCCCCCCCC)COCCCCCCCCCCCCCCCC,[M+NH4]+,TG O-16:0_16:1_18:2,"TG O-16:0_16:1(7)_18:2(6,9)",0.5340000000000025,0.8903799999999933,0.43583917725364635,0.43583917725364635,Some,Some,66468.35460321506,60526.47081858939,94750.60129509712,89862.90577950928
22228,21.419,832.73803,832.77525,44.69393152600002,C53H98O5,CCCCCCC=CCCCCCCCC(=O)OC(COC(=O)CCCCCCCC=CCC=CCCCCC)COCCCCCCCCCCCCCCCC,[M+NH4]+,TG O-16:0_16:1_18:2,"TG O-16:0_16:1(9)_18:2(9,12)",0.20360000000000297,0.4344479999999294,0.4299774518276468,0.4299774518276468,All,Some,235474.8038376814,319285.8122913542,231827.56706753004,265085.65150221187
22228,21.419,832.73803,832.77525,44.69393152600002,C53H98O5,CCCCCCC=CCCCCCCCC(=O)OC(COC(=O)CCCCC=CCC=CCCCCCCCC)COCCCCCCCCCCCCCCCC,[M+NH4]+,TG O-16:0_16:1_18:2,"TG O-16:0_16:1(9)_18:2(6,9)",0.37266666666666853,0.8768999999999778,0.4272823976567423,0.4272823976567423,All,Some,51398.62367783866,0.0,51511.19333950047,36792.29078905704
22228,21.419,832.73803,832.77525,44.69393152600002,C53H98O5,CCCCCCCCC=CCCCCCC(=O)OC(COC(=O)CCCCCCCC=CCC=CCCCCC)COCCCCCCCCCCCCCCCC,[M+NH4]+,TG O-16:0_16:1_18:2,"TG O-16:0_16:1(7)_18:2(9,12)",0.38266666666666777,0.5639899999999519,0.3598185067655964,0.3598185067655964,Some,Some,225462.87025068724,203370.56083874655,200869.5652173913,201602.77508564194
22228,21.419,832.73803,832.77525,44.69393152600002,C53H98O5,CCCCCCCCCC=CCCCCC(=O)OC(COC(=O)CCCCC=CCC=CCCCCCCCC)COCCCCCCCCCCCCCCCC,[M+NH4]+,TG O-16:0_16:1_18:2,"TG O-16:0_16:1(6)_18:2(6,9)",0.39066666666666805,0.736569999999991,0.3283814110370634,0.3283814110370634,All,Some,100594.44919805568,63028.90728927252,82982.05365402406,65216.815560438736
22228,21.419,832.73803,832.77525,44.69393152600002,C53H98O5,CCCCCCCCCC=CCCCCC(=O)OC(COC(=O)CCCCCCCC=CCC=CCCCCC)COCCCCCCCCCCCCCCCC,[M+NH4]+,TG O-16:0_16:1_18:2,"TG O-16:0_16:1(6)_18:2(9,12)",0.22520000000000237,0.2660519999999451,0.3112962678840322,0.3112962678840322,All,Some,269600.8984325219,321788.2487620374,220059.01942645697,240439.56128314132
22262,21.425,870.75408,870.75452,0.5053088899409771,C55H96O6,CCCCCCCCC=CCC=CCCCCC(=O)OC(COC(=O)CCCCC=CCC=CCC=CCCCCC)COC(=O)CCCCCCCCCCCCCCC,[M+NH4]+,TG 16:0_18:2_18:3,"TG 16:0_18:2(6,9)_18:3(6,9,12)",0.4343333333333336,0.7448100000000485,0.6237117070484929,0.6237117070484929,Some,Some,5178374.938413533,5509655.484055981,5246396.1160214115,4273161.235717309
22262,21.425,870.75408,870.75452,0.5053088899409771,C55H96O6,CCCCCCCCC=CCC=CCCCCC(=O)OC(COC(=O)CCCCCCCC=CCC=CCC=CCC)COC(=O)CCCCCCCCCCCCCCC,[M+NH4]+,TG 16:0_18:2_18:3,"TG 16:0_18:2(6,9)_18:3(9,12,15)",0.23657142857143043,0.41829571428572115,0.5997865726262489,0.5997865726262489,Some,Some,10260264.411233373,10093356.912261186,10440574.2976887,8270249.682606855
22262,21.425,870.75408,870.75452,0.5053088899409771,C55H96O6,CCCCCC=CCC=CCCCCCCCC(=O)OC(COC(=O)CCCCC=CCC=CCC=CCCCCC)COC(=O)CCCCCCCCCCCCCCC,[M+NH4]+,TG 16:0_18:2_18:3,"TG 16:0_18:2(9,12)_18:3(6,9,12)",0.5615000000000006,0.4941375000000221,0.5453983304303369,0.5453983304303369,Some,Some,2033913.61471506,1847032.5745495309,2312149.881737831,1705763.859500635
22262,21.425,870.75408,870.75452,0.5053088899409771,C55H96O6,CCCCCC=CCC=CCCCCCCCC(=O)OC(COC(=O)CCCCCCCC=CCC=CCC=CCC)COC(=O)CCCCCCCCCCCCCCC,[M+NH4]+,TG 16:0_18:2_18:3,"TG 16:0_18:2(9,12)_18:3(9,12,15)",0.11880000000000165,0.2377040000000079,0.493067467148259,0.493067467148259,Some,Some,6027447.035638036,5449955.0291333,6200879.704552055,4550825.222175201
22264,21.426,884.76989,884.80655,41.43278550546838,C57H102O5,CCCCCCCCC=CCC=CCCCCC(=O)OC(COC(=O)CCCCC=CCC=CCCCCCCCC)COCCCCCCCCC=CCCCCCCCC,[M+NH4]+,TG O-18:1_18:2_18:2,"TG O-18:1(9)_18:2(6,9)_18:2(6,9)",0.6300000000000026,0.5100300000000288,0.6794669760936433,0.6794669760936433,Some,Some,32434.054471149724,34486.68944951133,19297.05167494452,0.0
22264,21.426,884.76989,884.80655,41.43278550546838,C57H102O5,CCCCCC=CCC=CCCCCCCCC(=O)OC(COC(=O)CCCCCCCC=CCC=CCCCCC)COCCCCCCCCC=CCCCCCCCC,[M+NH4]+,TG O-18:1_18:2_18:2,"TG O-18:1(9)_18:2(9,12)_18:2(9,12)",0.46949999999999825,0.5099425000000508,0.6107402154805193,0.6107402154805193,Some,Some,58536.537966905766,87266.34161206764,31352.37239775969,0.0
22264,21.426,884.76989,884.80655,41.43278550546838,C57H102O5,CCCCCCCCC=CCC=CCCCCC(=O)OC(COC(=O)CCCCCCCC=CCC=CCCCCC)COCCCCCC=CCCCCCCCCCCC,[M+NH4]+,TG O-18:1_18:2_18:2,"TG O-18:1(6)_18:2(6,9)_18:2(9,12)",0.6429999999999984,0.4875950000000178,0.587516876590849,0.587516876590849,Some,Some,53757.36617987482,78117.86857055788,25151.27338053471,0.0
22264,21.426,884.76989,884.80655,41.43278550546838,C57H102O5,CCCCCCCCC=CCC=CCCCCC(=O)OC(COC(=O)CCCCC=CCC=CCCCCCCCC)COCCCCCC=CCCCCCCCCCCC,[M+NH4]+,TG O-18:1_18:2_18:2,"TG O-18:1(6)_18:2(6,9)_18:2(6,9)",0.6374999999999993,0.6735075000000279,0.5613475156094805,0.5613475156094805,Some,Some,15036.094995856076,17832.219585990726,10870.601289231745,0.0
22264,21.426,884.76989,884.80655,41.43278550546838,C57H102O5,CCCCCCCCC=CCC=CCCCCC(=O)OC(COC(=O)CCCCCCCC=CCC=CCCCCC)COCCCCCCCCC=CCCCCCCCC,[M+NH4]+,TG O-18:1_18:2_18:2,"TG O-18:1(9)_18:2(6,9)_18:2(9,12)",0.5449999999999982,0.5103800000000357,0.5566859969659432,0.5566859969659432,Some,Some,57294.61861621561,76653.31620992142,29746.06361618937,0.0
22264,21.426,884.76989,884.80655,41.43278550546838,C57H102O5,CCCCCCCCC=CCC=CCCCCC(=O)OC(COC(=O)CCCCCCCC=CCC=CCCCCC)COCCCCCCCCCCC=CCCCCCC,[M+NH4]+,TG O-18:1_18:2_18:2,"TG O-18:1(11)_18:2(6,9)_18:2(9,12)",0.40424999999999756,0.5933287500000546,0.4706764227070702,0.4706764227070702,Some,Some,50741.27632819868,78552.05589778192,18960.847511360033,0.0
22264,21.426,884.76989,884.80655,41.43278550546838,C57H102O5,CCCCCCCCC=CCC=CCCCCC(=O)OC(COC(=O)CCCCC=CCC=CCCCCCCCC)COCCCCCCCCCCC=CCCCCCC,[M+NH4]+,TG O-18:1_18:2_18:2,"TG O-18:1(11)_18:2(6,9)_18:2(6,9)",0.37033333333333235,0.613658333333376,0.4652566173165622,0.4652566173165622,All,All,15036.094995856076,17832.219585990726,10870.601289231745,0.0
22264,21.426,884.76989,884.80655,41.43278550546838,C57H102O5,CCCCCC=CCC=CCCCCCCCC(=O)OC(COC(=O)CCCCCCCC=CCC=CCCCCC)COCCCCCC=CCCCCCCCCCCC,[M+NH4]+,TG O-18:1_18:2_18:2,"TG O-18:1(6)_18:2(9,12)_18:2(9,12)",0.5503333333333297,0.6270566666667037,0.42437848777433923,0.42437848777433923,All,All,56085.964962418904,84367.77606059946,29831.448800591777,0.0
22264,21.426,884.76989,884.80655,41.43278550546838,C57H102O5,CCCCCC=CCC=CCCCCCCCC(=O)OC(COC(=O)CCCCCCCC=CCC=CCCCCC)COCCCCCCCCCCC=CCCCCCC,[M+NH4]+,TG O-18:1_18:2_18:2,"TG O-18:1(11)_18:2(9,12)_18:2(9,12)",0.3509999999999967,0.49976833333336873,0.41214132132912457,0.41214132132912457,All,All,49077.99148352433,73891.51302757885,25919.740040156397,0.0
22276,21.429,948.79254,948.80147,9.411874119423436,C61H102O6,CCCCCC=CCC=CCCCCCCCC(=O)OC(COC(=O)CCCCCC=CCC=CCC=CCC=CCCCCC)COC(=O)CCCCCCCC=CCC=CCCCCC,[M+NH4]+,TG 18:2_18:2_22:4,"TG 18:2(9,12)_18:2(9,12)_22:4(7,10,13,16)",0.2233333333333339,0.8553933333333438,0.46975969730738737,0.46975969730738737,Some,Some,175692.20028230152,197732.8218531321,219815.37271170816,215638.05403764418
22276,21.429,948.79254,948.80147,9.411874119423436,C61H102O6,CCCCCCCCC=CCC=CCCCCC(=O)OC(COC(=O)CCCCCC=CCC=CCC=CCC=CCCCCC)COC(=O)CCCCC=CCC=CCCCCCCCC,[M+NH4]+,TG 18:2_18:2_22:4,"TG 18:2(6,9)_18:2(6,9)_22:4(7,10,13,16)",0.24900000000000055,0.8426275000000203,0.42869271745467147,0.42869271745467147,Some,Some,27184.528055610364,20266.756597251497,7089.770183063347,20307.984213721917
22276,21.429,948.79254,948.80147,9.411874119423436,C61H102O6,CCCCCC=CCC=CCCCCCCCC(=O)OC(COC(=O)CCCCCC=CCC=CCC=CCC=CCCCCC)COC(=O)CCCCC=CCC=CCCCCCCCC,[M+NH4]+,TG 18:2_18:2_22:4,"TG 18:2(6,9)_18:2(9,12)_22:4(7,10,13,16)",0.5043999999999997,0.8384060000000317,0.35819579941785396,0.35819579941785396,Some,Some,80123.27166208813,95000.42154961638,102094.85710522851,101053.96174863387
22283,21.432,920.77131,920.77017,1.238093975138169,C59H98O6,CCCCCC=CCC=CCCCCCCCC(=O)OC(COC(=O)CCC=CCC=CCC=CCC=CCC=CCC=CCC)COC(=O)CCCCCCCCCCCCCCC,[M+NH4]+,TG 16:0_18:2_22:6,"TG 16:0_18:2(9,12)_22:6(4,7,10,13,16,19)",0.649499999999998,0.8799849999999765,0.6730949234879963,0.6730949234879963,Some,Some,415993.4853420195,463990.82568807335,262336.8022705772,581458.1066376496
22283,21.432,920.77131,920.77017,1.238093975138169,C59H98O6,CCCCCCCCC=CCC=CCCCCC(=O)OC(COC(=O)CCC=CCC=CCC=CCC=CCC=CCC=CCC)COC(=O)CCCCCCCCCCCCCCC,[M+NH4]+,TG 16:0_18:2_22:6,"TG 16:0_18:2(6,9)_22:6(4,7,10,13,16,19)",0.7669999999999977,0.8832025000000101,0.5323337494289383,0.5323337494289383,Some,Some,1744006.5146579805,1636009.1743119264,2077663.1977294232,1858541.8933623505
22333,21.442,762.62373,762.66062,48.370138738737054,C47H84O6,CCCCCCCCCCCCCCCC(=O)OC(COC(=O)CCCCCCCC=CCC=CCC=CCC)COC(=O)CCCCCCCCC,[M+NH4]+,TG 10:0_16:0_18:3,"TG 10:0_16:0_18:3(9,12,15)",0.42919999999999875,0.7530300000000352,0.27212744097139646,0.27212744097139646,All,Some,3410000.0,2230000.0,4190000.0,2630000.0
22331,21.442,818.65101,818.72322,88.19830467239866,C51H92O6,CCCCCCCCCCCCCCCC(=O)OC(COC(=O)CCCCC=CCC=CCC=CCCCCC)COC(=O)CCCCCCCCCCCCC,[M+NH4]+,TG 14:0_16:0_18:3,"TG 14:0_16:0_18:3(6,9,12)",0.15840000000000032,0.630266000000006,0.19545030819814316,0.19545030819814316,All,Some,36288.33542179254,27278.428198652025,31826.666666666668,18442.723257492988
22331,21.442,818.65101,818.72322,88.19830467239866,C51H92O6,CCCCCCCCCCCCCCCC(=O)OC(COC(=O)CCCCCCCC=CCC=CCC=CCC)COC(=O)CCCCCCCCCCCCC,[M+NH4]+,TG 14:0_16:0_18:3,"TG 14:0_16:0_18:3(9,12,15)",0.24199999999999874,0.45992000000003375,0.12451350874057696,0.12451350874057696,All,Some,203711.66457820745,170721.57180134798,243173.3333333333,184557.27674250703
22370,21.45,922.7817,922.78582,4.464741341542831,C59H100O6,CCCCCCCCC=CCC=CCCCCC(=O)OC(COC(=O)CCCC=CCC=CCC=CCC=CCCCCC)COC(=O)CCCCCCCC=CCCCCCCCC,[M+NH4]+,TG 18:1_18:2_20:4,"TG 18:1(9)_18:2(6,9)_20:4(5,8,11,14)",0.5373333333333316,0.7498133333333499,0.608862044656279,0.608862044656279,Some,Some,0.0,0.0,0.0,81231.25095984846
22370,21.45,922.7817,922.78582,4.464741341542831,C59H100O6,CCCCCC=CCC=CCCCCCCCC(=O)OC(COC(=O)CCCC=CCC=CCC=CCC=CCCCCC)COC(=O)CCCCCCCC=CCCCCCCCC,[M+NH4]+,TG 18:1_18:2_20:4,"TG 18:1(9)_18:2(9,12)_20:4(5,8,11,14)",0.6674999999999986,0.7137175000000013,0.605086786925253,0.605086786925253,Some,Some,0.0,0.0,0.0,155426.62776080862
22370,21.45,922.7817,922.78582,4.464741341542831,C59H100O6,CCCCCC=CCC=CCCCCCCCC(=O)OC(COC(=O)CCCC=CCC=CCC=CCC=CCCCCC)COC(=O)CCCCC=CCCCCCCCCCCC,[M+NH4]+,TG 18:1_18:2_20:4,"TG 18:1(6)_18:2(9,12)_20:4(5,8,11,14)",0.6096666666666657,0.747316666666696,0.5525549733565109,0.5525549733565109,Some,Some,0.0,0.0,0.0,28851.987099636535
22370,21.45,922.7817,922.78582,4.464741341542831,C59H100O6,CCCCCCCCC=CCC=CCCCCC(=O)OC(COC(=O)CCCCCCC=CCC=CCC=CCC=CCC)COC(=O)CCCCC=CCCCCCCCCCCC,[M+NH4]+,TG 18:1_18:2_20:4,"TG 18:1(6)_18:2(6,9)_20:4(8,11,14,17)",0.37433333333333013,0.49265499999999446,0.529056900773867,0.529056900773867,Some,Some,0.0,0.0,0.0,75764.35222315125
22370,21.45,922.7817,922.78582,4.464741341542831,C59H100O6,CCCCCCCCC=CCC=CCCCCC(=O)OC(COC(=O)CCCC=CCC=CCC=CCC=CCCCCC)COC(=O)CCCCCCCCCC=CCCCCCC,[M+NH4]+,TG 18:1_18:2_20:4,"TG 18:1(11)_18:2(6,9)_20:4(5,8,11,14)",0.5135555555555548,0.8645244444444794,0.5223539294694923,0.5223539294694923,Some,Some,0.0,0.0,0.0,137775.65426115843
22370,21.45,922.7817,922.78582,4.464741341542831,C59H100O6,CCCCCCCCC=CCC=CCCCCC(=O)OC(COC(=O)CCCC=CCC=CCC=CCC=CCCCCC)COC(=O)CCCCC=CCCCCCCCCCCC,[M+NH4]+,TG 18:1_18:2_20:4,"TG 18:1(6)_18:2(6,9)_20:4(5,8,11,14)",0.5191428571428561,0.7768357142857342,0.5120489420678443,0.5120489420678443,Some,Some,0.0,0.0,0.0,40499.17808530849
22370,21.45,922.7817,922.78582,4.464741341542831,C59H100O6,CCCCCCCCC=CCC=CCCCCC(=O)OC(COC(=O)CCCCCCC=CCC=CCC=CCC=CCC)COC(=O)CCCCCCCCCC=CCCCCCC,[M+NH4]+,TG 18:1_18:2_20:4,"TG 18:1(11)_18:2(6,9)_20:4(8,11,14,17)",0.3904999999999985,0.48348500000001593,0.5080563761226569,0.5080563761226569,Some,Some,0.0,0.0,0.0,80432.05410416986
22370,21.45,922.7817,922.78582,4.464741341542831,C59H100O6,CCCCCCCCC=CCC=CCCCCC(=O)OC(COC(=O)CCCCCCC=CCC=CCC=CCC=CCC)COC(=O)CCCCCCCC=CCCCCCCCC,[M+NH4]+,TG 18:1_18:2_20:4,"TG 18:1(9)_18:2(6,9)_20:4(8,11,14,17)",0.44628571428571157,0.43474571428571707,0.5064178410487007,0.5064178410487007,Some,Some,0.0,0.0,0.0,76046.27749432622
22370,21.45,922.7817,922.78582,4.464741341542831,C59H100O6,CCCCCC=CCC=CCCCCCCCC(=O)OC(COC(=O)CCCC=CCC=CCC=CCC=CCCCCC)COC(=O)CCCCCCCCCC=CCCCCCC,[M+NH4]+,TG 18:1_18:2_20:4,"TG 18:1(11)_18:2(9,12)_20:4(5,8,11,14)",0.5513333333333333,0.748706666666692,0.471725393503952,0.471725393503952,Some,Some,0.0,0.0,0.0,137775.65426115843
22370,21.45,922.7817,922.78582,4.464741341542831,C59H100O6,CCCCCC=CCC=CCCCCCCCC(=O)OC(COC(=O)CCCCCCC=CCC=CCC=CCC=CCC)COC(=O)CCCCC=CCCCCCCCCCCC,[M+NH4]+,TG 18:1_18:2_20:4,"TG 18:1(6)_18:2(9,12)_20:4(8,11,14,17)",0.548571428571428,0.4468014285714292,0.4545403442587088,0.4545403442587088,Some,Some,0.0,0.0,0.0,48196.96375043371
22504,21.533,858.75413,858.7909,42.816010276696154,C55H100O5,CCCCCC=CCC=CCCCCCCCC(=O)OC(COC(=O)CCCCCCCC=CCC=CCCCCC)COCCCCCCCCCCCCCCCC,[M+NH4]+,TG O-16:0_18:2_18:2,"TG O-16:0_18:2(9,12)_18:2(9,12)",0.5680000000000032,0.4992225000000019,0.554259699918575,0.554259699918575,All,All,693233.6956521738,636108.4292610472,815723.9057239058,1025028.4193977505
22504,21.533,858.75413,858.7909,42.816010276696154,C55H100O5,CCCCCCCCC=CCC=CCCCCC(=O)OC(COC(=O)CCCCCCCC=CCC=CCCCCC)COCCCCCCCCCCCCCCCC,[M+NH4]+,TG O-16:0_18:2_18:2,"TG O-16:0_18:2(6,9)_18:2(9,12)",0.5993333333333363,0.503108333333311,0.5514812602886531,0.5514812602886531,Some,Some,799986.4130434783,556712.4644139126,752087.5420875421,818572.9834320958
22504,21.533,858.75413,858.7909,42.816010276696154,C55H100O5,CCCCCCCCC=CCC=CCCCCC(=O)OC(COC(=O)CCCCC=CCC=CCCCCCCCC)COCCCCCCCCCCCCCCCC,[M+NH4]+,TG O-16:0_18:2_18:2,"TG O-16:0_18:2(6,9)_18:2(6,9)",0.5195000000000025,0.6818225000000098,0.4759171628335279,0.4759171628335279,All,All,446779.8913043479,327179.1063250402,462188.55218855216,376398.5971701536
22520,21.54,884.77008,884.80655,41.218049301294656,C57H102O5,CCCCCCCCC=CCC=CCCCCC(=O)OC(COC(=O)CCCCC=CCC=CCCCCCCCC)COCCCCCCCCC=CCCCCCCCC,[M+NH4]+,TG O-18:1_18:2_18:2,"TG O-18:1(9)_18:2(6,9)_18:2(6,9)",0.6300000000000026,0.5100300000000288,0.6691204148602046,0.6691204148602046,Some,Some,99887.10377768127,44980.89145940202,95507.11984201227,114566.30525437865
22520,21.54,884.77008,884.80655,41.218049301294656,C57H102O5,CCCCCC=CCC=CCCCCCCCC(=O)OC(COC(=O)CCCCCCCC=CCC=CCCCCC)COCCCCCCCCC=CCCCCCCCC,[M+NH4]+,TG O-18:1_18:2_18:2,"TG O-18:1(9)_18:2(9,12)_18:2(9,12)",0.42600000000000016,0.5099700000000382,0.605695297092788,0.605695297092788,Some,Some,163664.7850629613,120708.58964664527,198987.83910196446,278662.635529608
22520,21.54,884.77008,884.80655,41.218049301294656,C57H102O5,CCCCCCCCC=CCC=CCCCCC(=O)OC(COC(=O)CCCCCCCC=CCC=CCCCCC)COCCCCCC=CCCCCCCCCCCC,[M+NH4]+,TG O-18:1_18:2_18:2,"TG O-18:1(6)_18:2(6,9)_18:2(9,12)",0.5413333333333329,0.504316666666701,0.5916372727287683,0.5916372727287683,Some,Some,150190.18671298306,110513.90733890582,169759.6923396736,225463.71976647206
22520,21.54,884.77008,884.80655,41.218049301294656,C57H102O5,CCCCCCCCC=CCC=CCCCCC(=O)OC(COC(=O)CCCCCCCC=CCC=CCCCCC)COCCCCCCCCC=CCCCCCCCC,[M+NH4]+,TG O-18:1_18:2_18:2,"TG O-18:1(9)_18:2(6,9)_18:2(9,12)",0.4236666666666669,0.5101183333333665,0.5902222296990257,0.5902222296990257,Some,Some,42393.399913156754,19871.492509860826,51237.293420642345,79158.0483736447
22520,21.54,884.77008,884.80655,41.218049301294656,C57H102O5,CCCCCCCCC=CCC=CCCCCC(=O)OC(COC(=O)CCCCC=CCC=CCCCCCCCC)COCCCCCC=CCCCCCCCCCCC,[M+NH4]+,TG O-18:1_18:2_18:2,"TG O-18:1(6)_18:2(6,9)_18:2(6,9)",0.6485000000000021,0.6736025000000154,0.5595722219981119,0.5595722219981119,Some,Some,161538.86235345202,102731.02940875928,172652.32304334265,230932.44370308588
22520,21.54,884.77008,884.80655,41.218049301294656,C57H102O5,CCCCCCCCC=CCC=CCCCCC(=O)OC(COC(=O)CCCCCCCC=CCC=CCCCCC)COCCCCCCCCCCC=CCCCCCC,[M+NH4]+,TG O-18:1_18:2_18:2,"TG O-18:1(11)_18:2(6,9)_18:2(9,12)",0.4057499999999994,0.7012400000000412,0.541195475718284,0.541195475718284,Some,Some,133245.33217542333,104447.40553023646,136029.10300384575,238581.73477898247
22520,21.54,884.77008,884.80655,41.218049301294656,C57H102O5,CCCCCCCCC=CCC=CCCCCC(=O)OC(COC(=O)CCCCC=CCC=CCCCCCCCC)COCCCCCCCCCCC=CCCCCCC,[M+NH4]+,TG O-18:1_18:2_18:2,"TG O-18:1(11)_18:2(6,9)_18:2(6,9)",0.49366666666666603,0.757801666666694,0.5246483439982884,0.5246483439982884,All,All,42393.399913156754,19871.492509860826,51237.293420642345,53579.649708090066
22520,21.54,884.77008,884.80655,41.218049301294656,C57H102O5,CCCCCC=CCC=CCCCCCCCC(=O)OC(COC(=O)CCCCCCCC=CCC=CCCCCC)COCCCCCCCCCCC=CCCCCCC,[M+NH4]+,TG O-18:1_18:2_18:2,"TG O-18:1(11)_18:2(9,12)_18:2(9,12)",0.27699999999999864,0.6435866666666925,0.5107006201833274,0.5107006201833274,All,All,148314.37255753364,110928.20502340031,187266.3964244881,246334.8623853211
22520,21.54,884.77008,884.80655,41.218049301294656,C57H102O5,CCCCCC=CCC=CCCCCCCCC(=O)OC(COC(=O)CCCCCCCC=CCC=CCCCCC)COCCCCCC=CCCCCCCCCCCC,[M+NH4]+,TG O-18:1_18:2_18:2,"TG O-18:1(6)_18:2(9,12)_18:2(9,12)",0.4363333333333337,0.6268583333333595,0.4636389343981146,0.4636389343981146,All,All,138372.55753365174,89946.98657292924,147322.93940338842,192720.60050041703
22763,21.665,794.72273,794.72322,0.6165668596085869,C49H92O6,CCCCCCCCCCCCCCCC(=O)OC(COC(=O)CCCCCCCC=CCCCCCC)COC(=O)CCCCCCCCCCCCC,[M+NH4]+,TG 14:0_16:0_16:1,TG 14:0_16:0_16:1(9),0.2959999999999994,0.9821850000000154,0.01429222219302355,0.01429222219302355,All,Some,8750000.0,8240000.0,,9220000.0
22766,21.665,799.67873,799.6211,72.07163492811456,C51H84O5,CCCCCC=CCC=CCC=CCCCCCCC(=O)OC(COC(=O)CCCC=CCC=CCC=CCC=CCC=CCC)COCCCCCCCC,[M+Na]+,TG O-8:0_20:3_20:5,"TG O-8:0_20:3(8,11,14)_20:5(5,8,11,14,17)",0.5777999999999992,0.30382000000004156,0.18563830411372645,0.18563830411372645,Some,Some,105985.47827001999,107554.60050360624,92941.30470236475,115269.16471663436
22766,21.665,799.67873,799.6211,72.07163492811456,C51H84O5,CCC=CCC=CCC=CCCCCCCCCCC(=O)OC(COC(=O)CCCC=CCC=CCC=CCC=CCC=CCC)COCCCCCCCC,[M+Na]+,TG O-8:0_20:3_20:5,"TG O-8:0_20:3(11,14,17)_20:5(5,8,11,14,17)",0.7570000000000002,0.3185516666666975,0.17362371780895988,0.17362371780895988,Some,Some,141805.74555403556,129641.42574562925,115859.38026637673,138336.12196322222
22766,21.665,799.67873,799.6211,72.07163492811456,C51H84O5,CCCCCCCCC=CCC=CCC=CCCCC(=O)OC(COC(=O)CCCC=CCC=CCC=CCC=CCC=CCC)COCCCCCCCC,[M+Na]+,TG O-8:0_20:3_20:5,"TG O-8:0_20:3(5,8,11)_20:5(5,8,11,14,17)",0.6797777777777773,0.32888888888890555,0.16349186033260701,0.16349186033260701,Some,Some,112208.77617594444,118803.9737507645,124199.31503125849,142394.7133201434
22770,21.665,896.7703,896.77017,0.1449646792029691,C57H98O6,CCCCCC=CCC=CCCCCCCCC(=O)OC(COC(=O)CCCC=CCC=CCC=CCC=CCCCCC)COC(=O)CCCCCCCCCCCCCCC,[M+NH4]+,TG 16:0_18:2_20:4,"TG 16:0_18:2(9,12)_20:4(5,8,11,14)",0.8459999999999989,0.6105766666667023,0.756285180871605,0.756285180871605,Some,Some,3140634.330790795,4195279.656921962,4594997.091332169,5095756.25680087
22770,21.665,896.7703,896.77017,0.1449646792029691,C57H98O6,CCCCCC=CCC=CCCCCCCCC(=O)OC(COC(=O)CCCCCCC=CCC=CCC=CCC=CCC)COC(=O)CCCCCCCCCCCCCCC,[M+NH4]+,TG 16:0_18:2_20:4,"TG 16:0_18:2(9,12)_20:4(8,11,14,17)",0.6379999999999996,0.42179000000001,0.619459782417432,0.619459782417432,Some,Some,2579046.873981355,2526072.118869292,2829901.1052937754,2464091.4036996737
22770,21.665,896.7703,896.77017,0.1449646792029691,C57H98O6,CCCCCCCCC=CCC=CCCCCC(=O)OC(COC(=O)CCCC=CCC=CCC=CCC=CCCCCC)COC(=O)CCCCCCCCCCCCCCC,[M+NH4]+,TG 16:0_18:2_20:4,"TG 16:0_18:2(6,9)_20:4(5,8,11,14)",0.6842857142857132,0.6746085714285722,0.5714624825787846,0.5714624825787846,Some,Some,1442331.964274073,2070608.8427156322,2382955.2065154156,2710119.6953210016
22770,21.665,896.7703,896.77017,0.1449646792029691,C57H98O6,CCCCCCCCC=CCC=CCCCCC(=O)OC(COC(=O)CCCCCCC=CCC=CCC=CCC=CCC)COC(=O)CCCCCCCCCCCCCCC,[M+NH4]+,TG 16:0_18:2_20:4,"TG 16:0_18:2(6,9)_20:4(8,11,14,17)",0.5167499999999983,0.49392875000002334,0.33496108321669193,0.33496108321669193,Some,Some,2727986.8309537782,2908039.3814931144,3192146.596858639,3030032.6441784548
22774,21.665,922.78559,922.78582,0.24924526905684355,C59H100O6,CCCCCC=CCC=CCCCCCCCC(=O)OC(COC(=O)CCCC=CCC=CCC=CCC=CCCCCC)COC(=O)CCCCCCCC=CCCCCCCCC,[M+NH4]+,TG 18:1_18:2_20:4,"TG 18:1(9)_18:2(9,12)_20:4(5,8,11,14)",0.8804999999999996,0.7156624999999792,0.6863356846458191,0.6863356846458191,Some,Some,738032.4427847456,600620.221815441,691197.378351911,675862.6557947062
22774,21.665,922.78559,922.78582,0.24924526905684355,C59H100O6,CCCCCCCCC=CCC=CCCCCC(=O)OC(COC(=O)CCCC=CCC=CCC=CCC=CCCCCC)COC(=O)CCCCCCCC=CCCCCCCCC,[M+NH4]+,TG 18:1_18:2_20:4,"TG 18:1(9)_18:2(6,9)_20:4(5,8,11,14)",0.8143333333333326,0.7687433333333047,0.6627400454645187,0.6627400454645187,Some,Some,1957367.810194344,1881214.6010552386,2507331.3206793955,2122791.3269178974
22774,21.665,922.78559,922.78582,0.24924526905684355,C59H100O6,CCCCCC=CCC=CCCCCCCCC(=O)OC(COC(=O)CCCC=CCC=CCC=CCC=CCCCCC)COC(=O)CCCCC=CCCCCCCCCCCC,[M+NH4]+,TG 18:1_18:2_20:4,"TG 18:1(6)_18:2(9,12)_20:4(5,8,11,14)",0.8070000000000009,0.7499099999999999,0.6340997803715068,0.6340997803715068,Some,Some,266473.45228655235,152128.78216862283,144302.9210511543,223697.44606870884
22774,21.665,922.78559,922.78582,0.24924526905684355,C59H100O6,CCCCCCCCC=CCC=CCCCCC(=O)OC(COC(=O)CCCCCCC=CCC=CCC=CCC=CCC)COC(=O)CCCCCCCC=CCCCCCCCC,[M+NH4]+,TG 18:1_18:2_20:4,"TG 18:1(9)_18:2(6,9)_20:4(8,11,14,17)",0.6134999999999984,0.6874587499999905,0.6095876903088036,0.6095876903088036,Some,Some,691853.1953015035,573190.4813179715,631706.4571261049,624607.1157472025
22774,21.665,922.78559,922.78582,0.24924526905684355,C59H100O6,CCCCCCCCC=CCC=CCCCCC(=O)OC(COC(=O)CCCC=CCC=CCC=CCC=CCCCCC)COC(=O)CCCCCCCCCC=CCCCCCC,[M+NH4]+,TG 18:1_18:2_20:4,"TG 18:1(11)_18:2(6,9)_20:4(5,8,11,14)",0.7218000000000003,0.7856889999999794,0.5946495783423529,0.5946495783423529,Some,Some,1271905.1904614265,1418957.682782384,1541046.2889613833,1365122.7992849972
22774,21.665,922.78559,922.78582,0.24924526905684355,C59H100O6,CCCCCCCCC=CCC=CCCCCC(=O)OC(COC(=O)CCCCCCC=CCC=CCC=CCC=CCC)COC(=O)CCCCC=CCCCCCCCCCCC,[M+NH4]+,TG 18:1_18:2_20:4,"TG 18:1(6)_18:2(6,9)_20:4(8,11,14,17)",0.649499999999998,0.58915875000001,0.5929955309252893,0.5929955309252893,Some,Some,367514.5490414507,240895.87595563696,264509.9769833894,323772.6193099733
22774,21.665,922.78559,922.78582,0.24924526905684355,C59H100O6,CCCCCC=CCC=CCCCCCCCC(=O)OC(COC(=O)CCCCCCC=CCC=CCC=CCC=CCC)COC(=O)CCCCCCCC=CCCCCCCCC,[M+NH4]+,TG 18:1_18:2_20:4,"TG 18:1(9)_18:2(9,12)_20:4(8,11,14,17)",0.5228571428571434,0.5573942857142811,0.5647699178349427,0.5647699178349427,Some,Some,614443.6792269049,448896.30666523107,430730.60585457744,449932.2951100665
22774,21.665,922.78559,922.78582,0.24924526905684355,C59H100O6,CCCCCC=CCC=CCCCCCCCC(=O)OC(COC(=O)CCCC=CCC=CCC=CCC=CCCCCC)COC(=O)CCCCCCCCCC=CCCCCCC,[M+NH4]+,TG 18:1_18:2_20:4,"TG 18:1(11)_18:2(9,12)_20:4(5,8,11,14)",0.6530000000000022,0.743991666666678,0.5562046944775426,0.5562046944775426,Some,Some,963780.0892835096,1075630.4511683,1224805.076129467,1102755.3319131224
22774,21.665,922.78559,922.78582,0.24924526905684355,C59H100O6,CCCCCCCCC=CCC=CCCCCC(=O)OC(COC(=O)CCCC=CCC=CCC=CCC=CCCCCC)COC(=O)CCCCC=CCCCCCCCCCCC,[M+NH4]+,TG 18:1_18:2_20:4,"TG 18:1(6)_18:2(6,9)_20:4(5,8,11,14)",0.7947499999999996,0.6761937499999817,0.555616018831483,0.555616018831483,Some,Some,422161.8736915467,313771.93926994724,375732.13405772246,399082.7395381866
22774,21.665,922.78559,922.78582,0.24924526905684355,C59H100O6,CCCCCCCCC=CCC=CCCCCC(=O)OC(COC(=O)CCCCCCC=CCC=CCC=CCC=CCC)COC(=O)CCCCCCCCCC=CCCCCCC,[M+NH4]+,TG 18:1_18:2_20:4,"TG 18:1(11)_18:2(6,9)_20:4(8,11,14,17)",0.5525999999999996,0.638148000000001,0.5229350116430425,0.5229350116430425,Some,Some,936467.7177280177,814693.6578012276,918637.8408048954,1002375.67031514
22805,21.668,710.59256,710.62932,51.72879722997973,C43H80O6,CCCCCCCCCCCCCC(=O)OC(COC(=O)CCCCC=CCCCCCCCCC)COC(=O)CCCCCCCCC,[M+NH4]+,TG 10:0_14:0_16:1,TG 10:0_14:0_16:1(6),0.08100000000000307,0.10668500000002723,0.0,0.0,All,None,,2320000.0,2600000.0,2580000.0
22888,21.681,948.80094,948.80147,0.5585994718432726,C61H102O6,CCCCCCCCC=CCC=CCCCCC(=O)OC(COC(=O)CCC=CCC=CCC=CCC=CCC=CCCCCC)COC(=O)CCCCCCCC=CCCCCCCCC,[M+NH4]+,TG 18:1_18:2_22:5,"TG 18:1(9)_18:2(6,9)_22:5(4,7,10,13,16)",0.4400000000000016,0.8573090909090979,0.5327098148263972,0.5327098148263972,Some,Some,80878.95929620443,67591.23192392824,77893.3731954982,78336.53352693042
22888,21.681,948.80094,948.80147,0.5585994718432726,C61H102O6,CCCCCC=CCC=CCCCCCCCC(=O)OC(COC(=O)CCC=CCC=CCC=CCC=CCC=CCCCCC)COC(=O)CCCCCCCC=CCCCCCCCC,[M+NH4]+,TG 18:1_18:2_22:5,"TG 18:1(9)_18:2(9,12)_22:5(4,7,10,13,16)",0.3940000000000019,0.8562825000000203,0.5156865484682083,0.5156865484682083,Some,Some,84042.68455896787,79651.58699824856,93630.75735028765,92088.82101863789
22888,21.681,948.80094,948.80147,0.5585994718432726,C61H102O6,CCCCCCCCC=CCC=CCCCCC(=O)OC(COC(=O)CCC=CCC=CCC=CCC=CCC=CCCCCC)COC(=O)CCCCCCCCCC=CCCCCCC,[M+NH4]+,TG 18:1_18:2_22:5,"TG 18:1(11)_18:2(6,9)_22:5(4,7,10,13,16)",0.4750666666666679,0.8563166666666803,0.4821584516791634,0.4821584516791634,Some,Some,53502.31089062973,48609.22084413104,45694.98377725417,53159.83026874117
22888,21.681,948.80094,948.80147,0.5585994718432726,C61H102O6,CCCCCC=CCC=CCCCCCCCC(=O)OC(COC(=O)CCC=CCC=CCC=CCC=CCC=CCCCCC)COC(=O)CCCCC=CCCCCCCCCCCC,[M+NH4]+,TG 18:1_18:2_22:5,"TG 18:1(6)_18:2(9,12)_22:5(4,7,10,13,16)",0.5708000000000026,0.8636959999999589,0.45027719002549577,0.45027719002549577,Some,Some,7943.307339531397,5084.404702403703,4268.264574183417,5116.04561214655
22888,21.681,948.80094,948.80147,0.5585994718432726,C61H102O6,CCCCCC=CCC=CCCCCCCCC(=O)OC(COC(=O)CCC=CCC=CCC=CCC=CCC=CCCCCC)COC(=O)CCCCCCCCCC=CCCCCCC,[M+NH4]+,TG 18:1_18:2_22:5,"TG 18:1(11)_18:2(9,12)_22:5(4,7,10,13,16)",0.5082000000000022,0.8592449999999985,0.44607883182038865,0.44607883182038865,Some,Some,110784.77488891665,90829.22076012951,99994.85179131586,104267.56455670852
22888,21.681,948.80094,948.80147,0.5585994718432726,C61H102O6,CCCCCCCCC=CCC=CCCCCC(=O)OC(COC(=O)CCCCCC=CCC=CCC=CCC=CCC=CCC)COC(=O)CCCCCCCC=CCCCCCCCC,[M+NH4]+,TG 18:1_18:2_22:5,"TG 18:1(9)_18:2(6,9)_22:5(7,10,13,16,19)",0.5655999999999992,0.8590839999999844,0.44543129457362607,0.44543129457362607,Some,Some,23886.578989632224,17678.946285243877,18385.1617185259,19024.470841521575
22888,21.681,948.80094,948.80147,0.5585994718432726,C61H102O6,CCCCCCCCC=CCC=CCCCCC(=O)OC(COC(=O)CCC=CCC=CCC=CCC=CCC=CCCCCC)COC(=O)CCCCC=CCCCCCCCCCCC,[M+NH4]+,TG 18:1_18:2_22:5,"TG 18:1(6)_18:2(6,9)_22:5(4,7,10,13,16)",0.46585714285714325,0.8542178571428362,0.4313354208546533,0.4313354208546533,Some,Some,63927.1935616267,46703.66372521431,54636.92931223465,59531.06107070883
22888,21.681,948.80094,948.80147,0.5585994718432726,C61H102O6,CCCCCCCCC=CCC=CCCCCC(=O)OC(COC(=O)CCCCCC=CCC=CCC=CCC=CCC=CCC)COC(=O)CCCCC=CCCCCCCCCCCC,[M+NH4]+,TG 18:1_18:2_22:5,"TG 18:1(6)_18:2(6,9)_22:5(7,10,13,16,19)",0.4565714285714283,0.8726814285714194,0.4241067052250714,0.4241067052250714,Some,Some,6005.638930030872,3394.273618070402,3590.6063698146736,3096.393836602371
22888,21.681,948.80094,948.80147,0.5585994718432726,C61H102O6,CCCCCC=CCC=CCCCCCCCC(=O)OC(COC(=O)CCCCCC=CCC=CCC=CCC=CCC=CCC)COC(=O)CCCCCCCC=CCCCCCCCC,[M+NH4]+,TG 18:1_18:2_22:5,"TG 18:1(9)_18:2(9,12)_22:5(7,10,13,16,19)",0.3910000000000006,0.8840333333333016,0.3905531351259288,0.3905531351259288,Some,Some,56031.478077767264,41999.31958788867,50732.04667372723,52665.05613898938
22888,21.681,948.80094,948.80147,0.5585994718432726,C61H102O6,CCCCCC=CCC=CCCCCCCCC(=O)OC(COC(=O)CCCCCC=CCC=CCC=CCC=CCC=CCC)COC(=O)CCCCC=CCCCCCCCCCCC,[M+NH4]+,TG 18:1_18:2_22:5,"TG 18:1(6)_18:2(9,12)_22:5(7,10,13,16,19)",0.4334285714285723,0.8742414285713949,0.3804293203798273,0.3804293203798273,Some,Some,20997.07346669284,15458.131554741674,18173.02523715829,18714.22312901328
23052,21.761,680.50922,680.44971,87.45686731212759,C34H63O10P,CCCCCCCCC=CCC=CCCCCC(=O)OC(COC(=O)CCCCCCCCC)COP(=O)(O)OCC(O)CO,[M+NH4]+,PG 10:0_18:2,"PG 10:0_18:2(6,9)",0.34800000000000075,0.6886475000000019,0.0,0.0,All,None,515000.0,,0.0,516000.0
23115,21.769,738.62366,738.66062,50.03651067796448,C45H84O6,CCCCCCCCCCCCCCCC(=O)OC(COC(=O)CCCCC=CCCCCCCCCC)COC(=O)CCCCCCCCC,[M+NH4]+,TG 10:0_16:0_16:1,TG 10:0_16:0_16:1(6),0.4390000000000036,0.09486000000003969,0.0,0.0,All,None,7500000.0,6740000.0,6750000.0,7270000.0
23120,21.769,762.62385,762.66062,48.21279483402043,C47H84O6,CCCCCCC=CCCCCCCCC(=O)OC(COC(=O)CCCCCCCC=CCC=CCCCCC)COC(=O)CCCCCCCCC,[M+NH4]+,TG 10:0_16:1_18:2,"TG 10:0_16:1(9)_18:2(9,12)",0.1800000000000015,0.6952299999999809,0.20757132336314016,0.20757132336314016,All,Some,1002024.5191766956,916518.65008881,869037.4565366757,811971.207087486
23120,21.769,762.62385,762.66062,48.21279483402043,C47H84O6,CCCCCCCCC=CCCCCCC(=O)OC(COC(=O)CCCCCCCC=CCC=CCCCCC)COC(=O)CCCCCCCCC,[M+NH4]+,TG 10:0_16:1_18:2,"TG 10:0_16:1(7)_18:2(9,12)",0.10666666666666676,0.6186066666666648,0.1242033444768688,0.1242033444768688,Some,Some,785372.0991264575,676358.7921847247,884715.4843948446,871461.7940199336
23120,21.769,762.62385,762.66062,48.21279483402043,C47H84O6,CCCCCCC=CCCCCCCCC(=O)OC(COC(=O)CCCCC=CCC=CCCCCCCCC)COC(=O)CCCCCCCCC,[M+NH4]+,TG 10:0_16:1_18:2,"TG 10:0_16:1(9)_18:2(6,9)",0.08800000000000274,0.4668949999999654,0.11441881500548856,0.11441881500548856,All,Some,210764.81835564045,174991.1190053286,257844.21911761642,227043.18936877075
23120,21.769,762.62385,762.66062,48.21279483402043,C47H84O6,CCCCCCCCCC=CCCCCC(=O)OC(COC(=O)CCCCCCCC=CCC=CCCCCC)COC(=O)CCCCCCCCC,[M+NH4]+,TG 10:0_16:1_18:2,"TG 10:0_16:1(6)_18:2(9,12)",0.24640000000000128,0.7347359999999525,0.07452200668612127,0.07452200668612127,All,Some,1021838.5633412064,902131.4387211368,988402.8399508629,979523.8095238095
23160,21.772,860.76838,860.80655,44.34213471079705,C55H102O5,CCCCCCCCC=CCCCCCC(=O)OC(COC(=O)CCCCC=CCCCCCCCCCCC)COCCCCCCCCC=CCCCCCCCC,[M+NH4]+,TG O-18:1_16:1_18:1,TG O-18:1(9)_16:1(7)_18:1(6),0.809000000000001,0.9117600000000152,0.07441818537178262,0.07441818537178262,Some,Some,137936.39406982303,117463.00211416489,121602.23261922352,136540.41614728165
23160,21.772,860.76838,860.80655,44.34213471079705,C55H102O5,CCCCCCC=CCCCCCCCC(=O)OC(COC(=O)CCCCCCCC=CCCCCCCCC)COCCCCCCCCCCC=CCCCCCC,[M+NH4]+,TG O-18:1_16:1_18:1,TG O-18:1(11)_16:1(9)_18:1(9),0.902000000000001,0.9291249999999422,0.07273928315330491,0.07273928315330491,Some,Some,137936.39406982303,117463.00211416489,121602.23261922352,136540.41614728165
23160,21.772,860.76838,860.80655,44.34213471079705,C55H102O5,CCCCCCCCC=CCCCCCC(=O)OC(COC(=O)CCCCCCCCCC=CCCCCCC)COCCCCCCCCC=CCCCCCCCC,[M+NH4]+,TG O-18:1_16:1_18:1,TG O-18:1(9)_16:1(7)_18:1(11),0.902000000000001,0.9291249999999422,0.07273928315330491,0.07273928315330491,Some,Some,92068.38833094214,70190.27484143763,59647.04916687188,53124.94007095599
23160,21.772,860.76838,860.80655,44.34213471079705,C55H102O5,CCCCCCCCC=CCCCCCC(=O)OC(COC(=O)CCCCCCCC=CCCCCCCCC)COCCCCCCCCC=CCCCCCCCC,[M+NH4]+,TG O-18:1_16:1_18:1,TG O-18:1(9)_16:1(7)_18:1(9),0.902000000000001,0.9291249999999422,0.07273928315330491,0.07273928315330491,All,All,234990.4351984696,252938.68921775898,330670.6065829434,390359.57426407136
23160,21.772,860.76838,860.80655,44.34213471079705,C55H102O5,CCCCCCCCC=CCCCCCC(=O)OC(COC(=O)CCCCCCCCCC=CCCCCCC)COCCCCCCCCCCC=CCCCCCC,[M+NH4]+,TG O-18:1_16:1_18:1,TG O-18:1(11)_16:1(7)_18:1(11),0.7746666666666661,0.6406333333333123,0.053941282258225864,0.053941282258225864,All,All,234990.4351984696,252938.68921775898,330670.6065829434,390359.57426407136
23160,21.772,860.76838,860.80655,44.34213471079705,C55H102O5,CCCCCCCCC=CCCCCCC(=O)OC(COC(=O)CCCCCCCC=CCCCCCCCC)COCCCCCCCCCCC=CCCCCCC,[M+NH4]+,TG O-18:1_16:1_18:1,TG O-18:1(11)_16:1(7)_18:1(9),0.7746666666666661,0.6406333333333123,0.053941282258225864,0.053941282258225864,All,All,92068.38833094214,70190.27484143763,59647.04916687188,53124.94007095599
23160,21.772,860.76838,860.80655,44.34213471079705,C55H102O5,CCCCCCC=CCCCCCCCC(=O)OC(COC(=O)CCCCCCCCCC=CCCCCCC)COCCCCCCCCC=CCCCCCCCC,[M+NH4]+,TG O-18:1_16:1_18:1,TG O-18:1(9)_16:1(9)_18:1(11),0.7746666666666661,0.6406333333333123,0.053941282258225864,0.053941282258225864,All,All,92068.38833094214,133699.78858350954,153308.70885660345,133744.36666986288
23160,21.772,860.76838,860.80655,44.34213471079705,C55H102O5,CCCCCCC=CCCCCCCCC(=O)OC(COC(=O)CCCCCCCC=CCCCCCCCC)COCCCCCCCCC=CCCCCCCCC,[M+NH4]+,TG O-18:1_16:1_18:1,TG O-18:1(9)_16:1(9)_18:1(9),0.7746666666666661,0.6406333333333123,0.053941282258225864,0.053941282258225864,All,All,92068.38833094214,70190.27484143763,59647.04916687188,53124.94007095599
23160,21.772,860.76838,860.80655,44.34213471079705,C55H102O5,CCCCCCCCC=CCCCCCC(=O)OC(COC(=O)CCCCC=CCCCCCCCCCCC)COCCCCCC=CCCCCCCCCCCC,[M+NH4]+,TG O-18:1_16:1_18:1,TG O-18:1(6)_16:1(7)_18:1(6),0.7835000000000001,0.8900699999999802,0.04925541437893322,0.04925541437893322,All,All,137936.39406982303,117463.00211416489,121602.23261922352,136540.41614728165
23160,21.772,860.76838,860.80655,44.34213471079705,C55H102O5,CCCCCCCCC=CCCCCCC(=O)OC(COC(=O)CCCCCCCC=CCCCCCCCC)COCCCCCC=CCCCCCCCCCCC,[M+NH4]+,TG O-18:1_16:1_18:1,TG O-18:1(6)_16:1(7)_18:1(9),0.7835000000000001,0.8900699999999802,0.04925541437893322,0.04925541437893322,All,All,137936.39406982303,117463.00211416489,121602.23261922352,136540.41614728165
23170,21.775,846.75378,846.75452,0.8739250662053378,C53H96O6,CCCCCCCCCCCC=CCCCCC(=O)OC(COC(=O)CCCCC=CCC=CCCCCCCCC)COC(=O)CCCCCCCCCCCCC,[M+NH4]+,TG 14:0_18:1_18:2,"TG 14:0_18:1(6)_18:2(6,9)",0.4480000000000022,0.8879750000000399,0.4956852057419452,0.4956852057419452,Some,Some,16529274.932909992,15510631.550450556,16991377.43641765,15353629.275407031
23170,21.775,846.75378,846.75452,0.8739250662053378,C53H96O6,CCCCCCC=CCCCCCCCCCC(=O)OC(COC(=O)CCCCC=CCC=CCCCCCCCC)COC(=O)CCCCCCCCCCCCC,[M+NH4]+,TG 14:0_18:1_18:2,"TG 14:0_18:1(11)_18:2(6,9)",0.5650000000000025,0.5975066666666748,0.46799730426461483,0.46799730426461483,All,Some,10041205.109801328,9824805.661909733,10457937.830591986,9239847.003884502
23170,21.775,846.75378,846.75452,0.8739250662053378,C53H96O6,CCCCCCCCC=CCCCCCCCC(=O)OC(COC(=O)CCCCC=CCC=CCCCCCCCC)COC(=O)CCCCCCCCCCCCC,[M+NH4]+,TG 14:0_18:1_18:2,"TG 14:0_18:1(9)_18:2(6,9)",0.5840000000000032,0.9237200000000598,0.43684629080396675,0.43684629080396675,Some,Some,7819605.839570906,6869288.780600997,8057785.667705239,7298784.164691693
23170,21.775,846.75378,846.75452,0.8739250662053378,C53H96O6,CCCCCCCCC=CCCCCCCCC(=O)OC(COC(=O)CCCCCCCC=CCC=CCCCCC)COC(=O)CCCCCCCCCCCCC,[M+NH4]+,TG 14:0_18:1_18:2,"TG 14:0_18:1(9)_18:2(9,12)",0.539000000000005,0.8057099999999764,0.43684629080396675,0.43684629080396675,Some,Some,1331536.0164622439,1247167.1114205052,1524346.0618795739,1257407.9008259827
23170,21.775,846.75378,846.75452,0.8739250662053378,C53H96O6,CCCCCCC=CCCCCCCCCCC(=O)OC(COC(=O)CCCCCCCC=CCC=CCCCCC)COC(=O)CCCCCCCCCCCCC,[M+NH4]+,TG 14:0_18:1_18:2,"TG 14:0_18:1(11)_18:2(9,12)",0.6474999999999991,0.07399749999996175,0.43379486328482864,0.43379486328482864,All,Some,6729378.175505341,6442201.33812894,6984276.501702774,6477751.756440281
23170,21.775,846.75378,846.75452,0.8739250662053378,C53H96O6,CCCCCCCCCCCC=CCCCCC(=O)OC(COC(=O)CCCCCCCC=CCC=CCCCCC)COC(=O)CCCCCCCCCCCCC,[M+NH4]+,TG 14:0_18:1_18:2,"TG 14:0_18:1(6)_18:2(9,12)",0.372666666666665,0.32406666666664324,0.30331215017313534,0.30331215017313534,All,Some,6648999.925750188,6505905.557489267,6984276.501702774,6472579.898750508
23172,21.775,848.76048,848.77017,11.416518089906214,C53H98O6,CCCCCCC=CCCCCCCCC(=O)OC(COC(=O)CCCCCCCCCC=CCCCCCC)COC(=O)CCCCCCCCCCCCCCC,[M+NH4]+,TG 16:0_16:1_18:1,TG 16:0_16:1(9)_18:1(11),0.8079999999999998,0.5318700000000263,0.4088394947907007,0.4088394947907007,All,All,1361719.107074195,1144988.5270241608,1439222.5973812072,1331200.0
23172,21.775,848.76048,848.77017,11.416518089906214,C53H98O6,CCCCCCCCCC=CCCCCC(=O)OC(COC(=O)CCCCCCCCCC=CCCCCCC)COC(=O)CCCCCCCCCCCCCCC,[M+NH4]+,TG 16:0_16:1_18:1,TG 16:0_16:1(6)_18:1(11),0.6884999999999994,0.5121800000000007,0.3343801955220016,0.3343801955220016,All,Some,764508.0129716552,674548.6974798017,943806.3081610803,1056250.0
23172,21.775,848.76048,848.77017,11.416518089906214,C53H98O6,CCCCCCC=CCCCCCCCC(=O)OC(COC(=O)CCCCC=CCCCCCCCCCCC)COC(=O)CCCCCCCCCCCCCCC,[M+NH4]+,TG 16:0_16:1_18:1,TG 16:0_16:1(9)_18:1(6),0.48650000000000126,0.7148000000000252,0.3260755312378927,0.3260755312378927,All,Some,711699.8817460949,663165.1144405237,919199.5388289548,1038050.0
23172,21.775,848.76048,848.77017,11.416518089906214,C53H98O6,CCCCCCCCCC=CCCCCC(=O)OC(COC(=O)CCCCC=CCCCCCCCCCCC)COC(=O)CCCCCCCCCCCCCCC,[M+NH4]+,TG 16:0_16:1_18:1,TG 16:0_16:1(6)_18:1(6),0.3670000000000009,0.6951099999999997,0.2516162319691936,0.2516162319691936,All,Some,849295.1922170066,653270.7815121189,761716.2151033517,666250.0
23172,21.775,848.76048,848.77017,11.416518089906214,C53H98O6,CCCCCCCCC=CCCCCCC(=O)OC(COC(=O)CCCCCCCCCC=CCCCCCC)COC(=O)CCCCCCCCCCCCCCC,[M+NH4]+,TG 16:0_16:1_18:1,TG 16:0_16:1(7)_18:1(11),0.4355000000000011,0.532137500000033,0.25087913849697707,0.25087913849697707,All,Some,252084.09811446685,182830.95196775996,266299.92588322493,391300.00000000006
23172,21.775,848.76048,848.77017,11.416518089906214,C53H98O6,CCCCCCC=CCCCCCCCC(=O)OC(COC(=O)CCCCCCCC=CCCCCCCCC)COC(=O)CCCCCCCCCCCCCCC,[M+NH4]+,TG 16:0_16:1_18:1,TG 16:0_16:1(9)_18:1(9),0.4355000000000011,0.532137500000033,0.25087913849697707,0.25087913849697707,All,Some,99637.9834444533,85723.68446424096,120846.5782755497,186550.00000000003
23172,21.775,848.76048,848.77017,11.416518089906214,C53H98O6,CCCCCCCCCC=CCCCCC(=O)OC(COC(=O)CCCCCCCC=CCCCCCCCC)COC(=O)CCCCCCCCCCCCCCC,[M+NH4]+,TG 16:0_16:1_18:1,TG 16:0_16:1(6)_18:1(9),0.3160000000000007,0.5124475000000075,0.176419839228278,0.176419839228278,All,Some,749657.2087725535,567547.0970478778,640869.636827802,479699.99999999994
23172,21.775,848.76048,848.77017,11.416518089906214,C53H98O6,CCCCCCCCC=CCCCCCC(=O)OC(COC(=O)CCCCC=CCCCCCCCCCCC)COC(=O)CCCCCCCCCCCCCCC,[M+NH4]+,TG 16:0_16:1_18:1,TG 16:0_16:1(7)_18:1(6),0.11400000000000254,0.7150675000000319,0.1681151749441691,0.1681151749441691,All,Some,902103.3234425669,664654.3645513969,786322.9844354772,684450.0
23172,21.775,848.76048,848.77017,11.416518089906214,C53H98O6,CCCCCCCCC=CCCCCCC(=O)OC(COC(=O)CCCCCCCC=CCCCCCCCC)COC(=O)CCCCCCCCCCCCCCC,[M+NH4]+,TG 16:0_16:1_18:1,TG 16:0_16:1(7)_18:1(9),0.06300000000000239,0.5324050000000398,0.0929187822032535,0.0929187822032535,All,Some,849295.1922170066,653270.781512119,761716.2151033519,666250.0
23185,21.776,822.74515,822.75452,11.388573106823998,C51H96O6,CCCCCCCCCCCCCCCC(=O)OC(COC(=O)CCCCCCCCCC=CCCCCCC)COC(=O)CCCCCCCCCCCCC,[M+NH4]+,TG 14:0_16:0_18:1,TG 14:0_16:0_18:1(11),0.4469999999999992,0.5097399999999652,0.054725734506410224,0.054725734506410224,All,Some,3550000.0,0.0,,3610000.0
23198,21.778,820.73825,820.73887,0.7554168843328527,C51H94O6,CCCCCCCCCCCCCCCC(=O)OC(COC(=O)CCCCC=CCC=CCCCCCCCC)COC(=O)CCCCCCCCCCCCC,[M+NH4]+,TG 14:0_16:0_18:2,"TG 14:0_16:0_18:2(6,9)",0.08400000000000081,0.3410766666666329,0.2014382520154664,0.2014382520154664,All,Some,24200000.0,22600000.0,24500000.0,25900000.0
23214,21.78,834.75383,834.7909,44.406329776680025,C53H100O5,CCCCCCCCCCCCCCCC(=O)OC(COC(=O)CCCCC=CCC=CCCCCCCCC)COCCCCCCCCCCCCCCCC,[M+NH4]+,TG O-16:0_16:0_18:2,"TG O-16:0_16:0_18:2(6,9)",0.3200000000000003,0.5423899999999833,0.20825722954200052,0.20825722954200052,All,Some,235280.8366835635,0.0,279608.8762501198,268211.8536256828
23214,21.78,834.75383,834.7909,44.406329776680025,C53H100O5,CCCCCCCCCCCCCCCC(=O)OC(COC(=O)CCCCCCCC=CCC=CCCCCC)COCCCCCCCCCCCCCCCC,[M+NH4]+,TG O-16:0_16:0_18:2,"TG O-16:0_16:0_18:2(9,12)",0.6745000000000001,0.27738000000002216,0.20813520910166222,0.20813520910166222,All,Some,219719.16331643652,0.0,167391.12374988018,148788.14637431715
23311,21.832,808.73799,808.77525,46.06965903081263,C51H98O5,CCCCCCCCCCCCCC(=O)OC(COC(=O)CCCCCCCCCCCCCCC)COCCCCCCCCC=CCCCCCCCC,[M+NH4]+,TG O-18:1_14:0_16:0,TG O-18:1(9)_14:0_16:0,0.46499999999999986,0.9119499999999903,0.518834306312502,0.518834306312502,All,All,42218.14475025484,68986.37316561845,60612.34716376027,65845.07042253522
23311,21.832,808.73799,808.77525,46.06965903081263,C51H98O5,CCCCCCCCCCCCCC(=O)OC(COC(=O)CCCCCCCCCCCCCCC)COCCCCCCCCCCC=CCCCCCC,[M+NH4]+,TG O-18:1_14:0_16:0,TG O-18:1(11)_14:0_16:0,0.36299999999999955,0.4812299999999823,0.19100105308654444,0.19100105308654444,All,Some,81781.85524974517,124013.62683438156,136387.65283623972,104154.92957746478
23346,21.852,900.79177,900.80147,10.76818846660244,C57H102O6,CCCCCCCCC=CCCCCCCCC(=O)OC(COC(=O)CCCCCCCC=CCC=CCCCCC)COC(=O)CCCCCCCC=CCCCCCCCC,[M+NH4]+,TG 18:1_18:1_18:2,"TG 18:1(9)_18:1(9)_18:2(9,12)",0.8514999999999997,0.08534249999993904,0.7793092698137543,0.7793092698137543,Some,Some,304816.97041296755,0.0,0.0,125259.57949968592
23346,21.852,900.79177,900.80147,10.76818846660244,C57H102O6,CCCCCCC=CCCCCCCCCCC(=O)OC(COC(=O)CCCCCCCC=CCC=CCCCCC)COC(=O)CCCCCCCCCC=CCCCCCC,[M+NH4]+,TG 18:1_18:1_18:2,"TG 18:1(11)_18:1(11)_18:2(9,12)",0.8219999999999992,0.08806249999992133,0.7610502972418036,0.7610502972418036,Some,Some,828990.0797442624,0.0,0.0,661257.8058603997
23346,21.852,900.79177,900.80147,10.76818846660244,C57H102O6,CCCCCCCCC=CCCCCCCCC(=O)OC(COC(=O)CCCCCCCC=CCC=CCCCCC)COC(=O)CCCCCCCCCC=CCCCCCC,[M+NH4]+,TG 18:1_18:1_18:2,"TG 18:1(11)_18:1(9)_18:2(9,12)",0.8086666666666661,0.22703333333328146,0.7527884138621683,0.7527884138621683,Some,Some,263887.8368282979,0.0,0.0,219909.10098658685
23346,21.852,900.79177,900.80147,10.76818846660244,C57H102O6,CCCCCCC=CCCCCCCCCCC(=O)OC(COC(=O)CCCCC=CCC=CCCCCCCCC)COC(=O)CCCCCCCCCC=CCCCCCC,[M+NH4]+,TG 18:1_18:1_18:2,"TG 18:1(11)_18:1(11)_18:2(6,9)",0.7635000000000005,0.5074600000000089,0.6803589119408028,0.6803589119408028,Some,Some,1066158.897826578,0.0,0.0,839762.7757454828
23346,21.852,900.79177,900.80147,10.76818846660244,C57H102O6,CCCCCCCCCCCC=CCCCCC(=O)OC(COC(=O)CCCCCCCC=CCC=CCCCCC)COC(=O)CCCCC=CCCCCCCCCCCC,[M+NH4]+,TG 18:1_18:1_18:2,"TG 18:1(6)_18:1(6)_18:2(9,12)",0.7210000000000001,0.2859324999999444,0.6652506130966995,0.6652506130966995,Some,Some,201743.60221685574,0.0,0.0,106974.0974762591
23346,21.852,900.79177,900.80147,10.76818846660244,C57H102O6,CCCCCCCCC=CCCCCCCCC(=O)OC(COC(=O)CCCCC=CCC=CCCCCCCCC)COC(=O)CCCCCCCC=CCCCCCCCC,[M+NH4]+,TG 18:1_18:1_18:2,"TG 18:1(9)_18:1(9)_18:2(6,9)",0.804000000000002,0.5045050000000515,0.660971121922609,0.660971121922609,Some,Some,1027931.6874858841,0.0,0.0,786517.3853600858
23346,21.852,900.79177,900.80147,10.76818846660244,C57H102O6,CCCCCCCCC=CCCCCCCCC(=O)OC(COC(=O)CCCCC=CCC=CCCCCCCCC)COC(=O)CCCCCCCCCC=CCCCCCC,[M+NH4]+,TG 18:1_18:1_18:2,"TG 18:1(11)_18:1(9)_18:2(6,9)",0.7415000000000003,0.49337250000002086,0.642779165133401,0.642779165133401,Some,Some,806273.9102486144,0.0,0.0,661257.8058603997
23346,21.852,900.79177,900.80147,10.76818846660244,C57H102O6,CCCCCCCCCCCC=CCCCCC(=O)OC(COC(=O)CCCCCCCC=CCC=CCCCCC)COC(=O)CCCCCCCCCC=CCCCCCC,[M+NH4]+,TG 18:1_18:1_18:2,"TG 18:1(11)_18:1(6)_18:2(9,12)",0.6682499999999996,0.3982899999999603,0.6191448796896701,0.6191448796896701,All,All,179027.43272120776,0.0,0.0,138953.55282119501
23346,21.852,900.79177,900.80147,10.76818846660244,C57H102O6,CCCCCCCCCCCC=CCCCCC(=O)OC(COC(=O)CCCCC=CCC=CCCCCCCCC)COC(=O)CCCCCCCCCC=CCCCCCC,[M+NH4]+,TG 18:1_18:1_18:2,"TG 18:1(11)_18:1(6)_18:2(6,9)",0.5333333333333327,0.4933200000000018,0.6098237975247447,0.6098237975247447,Some,Some,179027.43272120776,0.0,0.0,79425.04526475263
23346,21.852,900.79177,900.80147,10.76818846660244,C57H102O6,CCCCCCCCC=CCCCCCCCC(=O)OC(COC(=O)CCCCC=CCC=CCCCCCCCC)COC(=O)CCCCC=CCCCCCCCCCCC,[M+NH4]+,TG 18:1_18:1_18:2,"TG 18:1(6)_18:1(9)_18:2(6,9)",0.6535000000000011,0.6819850000000542,0.5831417329520144,0.5831417329520144,Some,Some,902142.1497941243,0.0,0.0,740682.8511251524
23383,21.856,898.78475,898.78582,1.1904949723320146,C57H100O6,CCCCCCCCC=CCC=CCCCCC(=O)OC(COC(=O)CCCCC=CCC=CCCCCCCCC)COC(=O)CCCCCCCCCC=CCCCCCC,[M+NH4]+,TG 18:1_18:2_18:2,"TG 18:1(11)_18:2(6,9)_18:2(6,9)",0.6306666666666677,0.5008566666666449,0.6497773734592315,0.6497773734592315,All,All,4406295.75723567,2451417.991976503,2182348.823434387,3051336.816812235
23383,21.856,898.78475,898.78582,1.1904949723320146,C57H100O6,CCCCCCCCC=CCC=CCCCCC(=O)OC(COC(=O)CCCCC=CCC=CCCCCCCCC)COC(=O)CCCCCCCC=CCCCCCCCC,[M+NH4]+,TG 18:1_18:2_18:2,"TG 18:1(9)_18:2(6,9)_18:2(6,9)",0.9130000000000003,0.5280199999999127,0.6317058493466637,0.6317058493466637,Some,Some,5224249.033344147,2864050.2990901927,2638088.9558989825,3556214.958617796
23383,21.856,898.78475,898.78582,1.1904949723320146,C57H100O6,CCCCCC=CCC=CCCCCCCCC(=O)OC(COC(=O)CCCCCCCC=CCC=CCCCCC)COC(=O)CCCCCCCC=CCCCCCCCC,[M+NH4]+,TG 18:1_18:2_18:2,"TG 18:1(9)_18:2(9,12)_18:2(9,12)",0.6695000000000011,0.29118749999997817,0.5811171751013153,0.5811171751013153,Some,Some,1835131.6931601972,1277002.9640375385,1553419.3096763773,1617925.9315763374
23383,21.856,898.78475,898.78582,1.1904949723320146,C57H100O6,CCCCCC=CCC=CCCCCCCCC(=O)OC(COC(=O)CCCCCCCC=CCC=CCCCCC)COC(=O)CCCCCCCCCC=CCCCCCC,[M+NH4]+,TG 18:1_18:2_18:2,"TG 18:1(11)_18:2(9,12)_18:2(9,12)",0.4216666666666657,0.2312799999999887,0.5433779258927388,0.5433779258927388,All,Some,3634362.9716009223,1652473.3147073572,1235905.4439717839,2151626.682939853
23383,21.856,898.78475,898.78582,1.1904949723320146,C57H100O6,CCCCCCCCC=CCC=CCCCCC(=O)OC(COC(=O)CCCCCCCC=CCC=CCCCCC)COC(=O)CCCCCCCCCC=CCCCCCC,[M+NH4]+,TG 18:1_18:2_18:2,"TG 18:1(11)_18:2(6,9)_18:2(9,12)",0.5594999999999999,0.40039999999997633,0.5348217217685088,0.5348217217685088,Some,Some,4040643.385092895,1878660.2729421877,1585536.589305907,2431881.460009916
23383,21.856,898.78475,898.78582,1.1904949723320146,C57H100O6,CCCCCCCCC=CCC=CCCCCC(=O)OC(COC(=O)CCCCCCCC=CCC=CCCCCC)COC(=O)CCCCC=CCCCCCCCCCCC,[M+NH4]+,TG 18:1_18:2_18:2,"TG 18:1(6)_18:2(6,9)_18:2(9,12)",0.5506666666666682,0.3623216666666546,0.5126041326884582,0.5126041326884582,Some,Some,1942241.983989899,746865.5974640015,1110688.7082009583,1137758.8771501582
23383,21.856,898.78475,898.78582,1.1904949723320146,C57H100O6,CCCCCCCCC=CCC=CCCCCC(=O)OC(COC(=O)CCCCC=CCC=CCCCCCCCC)COC(=O)CCCCC=CCCCCCCCCCCC,[M+NH4]+,TG 18:1_18:2_18:2,"TG 18:1(6)_18:2(6,9)_18:2(6,9)",0.5374999999999996,0.5193099999999617,0.5036886861961305,0.5036886861961305,Some,Some,3634362.9716009223,1652473.3147073572,1235905.4439717839,1967657.0426026925
23383,21.856,898.78475,898.78582,1.1904949723320146,C57H100O6,CCCCCCCCC=CCC=CCCCCC(=O)OC(COC(=O)CCCCCCCC=CCC=CCCCCC)COC(=O)CCCCCCCC=CCCCCCCCC,[M+NH4]+,TG 18:1_18:2_18:2,"TG 18:1(9)_18:2(6,9)_18:2(9,12)",0.6063333333333342,0.22156666666664174,0.4938185354451929,0.4938185354451929,Some,Some,4781772.728468343,2212033.678988466,1944518.335038501,2678530.8364163395
23383,21.856,898.78475,898.78582,1.1904949723320146,C57H100O6,CCCCCC=CCC=CCCCCCCCC(=O)OC(COC(=O)CCCCCCCC=CCC=CCCCCC)COC(=O)CCCCC=CCCCCCCCCCCC,[M+NH4]+,TG 18:1_18:2_18:2,"TG 18:1(6)_18:2(9,12)_18:2(9,12)",0.4463333333333317,0.22776000000000826,0.322080970718011,0.322080970718011,All,Some,4200939.475507,1965022.5660863959,1613588.3905013194,2307067.393874671
23405,21.859,903.74081,903.74121,0.44260458147446724,C57H100O6,CCCCCCCCC=CCC=CCCCCC(=O)OC(COC(=O)CCCCC=CCC=CCCCCCCCC)COC(=O)CCCCCCCC=CCCCCCCCC,[M+Na]+,TG 18:1_18:2_18:2,"TG 18:1(9)_18:2(6,9)_18:2(6,9)",0.4960000000000022,0.8318400000001134,0.24109063840676684,0.24109063840676684,Some,Some,38386.38536446421,65967.62317386804,33310.38670055288,33487.07453683757
23405,21.859,903.74081,903.74121,0.44260458147446724,C57H100O6,CCCCCCCCC=CCC=CCCCCC(=O)OC(COC(=O)CCCCC=CCC=CCCCCCCCC)COC(=O)CCCCCCCCCC=CCCCCCC,[M+Na]+,TG 18:1_18:2_18:2,"TG 18:1(11)_18:2(6,9)_18:2(6,9)",0.6500000000000034,0.5938033333333882,0.18893484141733544,0.18893484141733544,All,Some,134529.97695924013,235978.1877941286,134521.54336344046,142320.06678155967
23405,21.859,903.74081,903.74121,0.44260458147446724,C57H100O6,CCCCCCCCC=CCC=CCCCCC(=O)OC(COC(=O)CCCCC=CCC=CCCCCCCCC)COC(=O)CCCCC=CCCCCCCCCCCC,[M+Na]+,TG 18:1_18:2_18:2,"TG 18:1(6)_18:2(6,9)_18:2(6,9)",0.8945000000000061,0.32825249999999073,0.16526217912532776,0.16526217912532776,Some,Some,97308.45852522214,171376.49532062022,101211.15666288759,108832.9922447221
23405,21.859,903.74081,903.74121,0.44260458147446724,C57H100O6,CCCCCCCCC=CCC=CCCCCC(=O)OC(COC(=O)CCCCCCCC=CCC=CCCCCC)COC(=O)CCCCC=CCCCCCCCCCCC,[M+Na]+,TG 18:1_18:2_18:2,"TG 18:1(6)_18:2(6,9)_18:2(9,12)",0.641666666666668,0.4001266666666652,0.1131418845213273,0.1131418845213273,Some,Some,53924.17700492682,131231.79203705088,64495.06482620773,53401.443343386476
23405,21.859,903.74081,903.74121,0.44260458147446724,C57H100O6,CCCCCCCCC=CCC=CCCCCC(=O)OC(COC(=O)CCCCCCCC=CCC=CCCCCC)COC(=O)CCCCCCCCCC=CCCCCCC,[M+Na]+,TG 18:1_18:2_18:2,"TG 18:1(11)_18:2(6,9)_18:2(9,12)",0.6343333333333329,0.4967566666666888,0.10752622225544751,0.10752622225544751,Some,Some,45154.95404538775,119191.11291338078,65188.3962968734,64402.68203360621
23405,21.859,903.74081,903.74121,0.44260458147446724,C57H100O6,CCCCCCCCC=CCC=CCCCCC(=O)OC(COC(=O)CCCCCCCC=CCC=CCCCCC)COC(=O)CCCCCCCC=CCCCCCCCC,[M+Na]+,TG 18:1_18:2_18:2,"TG 18:1(9)_18:2(6,9)_18:2(9,12)",0.5529999999999996,0.5217166666666913,0.10752622225544751,0.10752622225544751,Some,Some,112846.25016568475,237282.65161297208,132658.69122522336,128747.36105127101
23405,21.859,903.74081,903.74121,0.44260458147446724,C57H100O6,CCCCCC=CCC=CCCCCCCCC(=O)OC(COC(=O)CCCCCCCC=CCC=CCCCCC)COC(=O)CCCCCCCC=CCCCCCCCC,[M+Na]+,TG 18:1_18:2_18:2,"TG 18:1(9)_18:2(9,12)_18:2(9,12)",0.7034999999999982,0.3292149999999765,0.040744014179787874,0.040744014179787874,Some,Some,21315.382033847636,37522.11633887887,22358.03517218034,24747.953468332616
23405,21.859,903.74081,903.74121,0.44260458147446724,C57H100O6,CCCCCC=CCC=CCCCCCCCC(=O)OC(COC(=O)CCCCCCCC=CCC=CCCCCC)COC(=O)CCCCC=CCCCCCCCCCCC,[M+Na]+,TG 18:1_18:2_18:2,"TG 18:1(6)_18:2(9,12)_18:2(9,12)",0.6029999999999992,0.4158249999999839,0.02876616692166391,0.02876616692166391,All,Some,46319.82097583399,82993.94935385075,43093.217561374004,44488.31322705731
23405,21.859,903.74081,903.74121,0.44260458147446724,C57H100O6,CCCCCC=CCC=CCCCCCCCC(=O)OC(COC(=O)CCCCCCCC=CCC=CCCCCC)COC(=O)CCCCCCCCCC=CCCCCCC,[M+Na]+,TG 18:1_18:2_18:2,"TG 18:1(11)_18:2(9,12)_18:2(9,12)",0.49499999999999567,0.5339850000000013,0.019588202320169702,0.019588202320169702,All,Some,113214.59492539248,198456.07145524977,112163.50819126015,117572.11331322706
23419,21.862,680.50928,680.44971,87.54504429138179,C34H63O10P,CCCCCCCCC=CCC=CCCCCC(=O)OC(COC(=O)CCCCCCCCC)COP(=O)(O)OCC(O)CO,[M+NH4]+,PG 10:0_18:2,"PG 10:0_18:2(6,9)",0.3060000000000027,0.6887225000000115,0.0,0.0,All,None,1380000.0,1220000.0,860000.0,850000.0
23421,21.862,790.65502,790.69192,46.667986691891294,C49H88O6,CCCCCCCCC=CCCCCCCCC(=O)OC(COC(=O)CCCCCCCC=CCC=CCCCCC)COC(=O)CCCCCCCCC,[M+NH4]+,TG 10:0_18:1_18:2,"TG 10:0_18:1(9)_18:2(9,12)",0.7230000000000025,0.8782775000000242,0.4976009092327174,0.4976009092327174,Some,Some,747668.2211858762,880432.3848655936,809204.5563319613,861214.3331121433
23421,21.862,790.65502,790.69192,46.667986691891294,C49H88O6,CCCCCCC=CCCCCCCCCCC(=O)OC(COC(=O)CCCCCCCC=CCC=CCCCCC)COC(=O)CCCCCCCCC,[M+NH4]+,TG 10:0_18:1_18:2,"TG 10:0_18:1(11)_18:2(9,12)",0.49033333333333456,0.771853333333335,0.47955549352454474,0.47955549352454474,All,Some,1928714.1905396401,2822203.5747537487,1832830.6903629964,1987689.0301400481
23421,21.862,790.65502,790.69192,46.667986691891294,C49H88O6,CCCCCCCCCCCC=CCCCCC(=O)OC(COC(=O)CCCCCCCC=CCC=CCCCCC)COC(=O)CCCCCCCCC,[M+NH4]+,TG 10:0_18:1_18:2,"TG 10:0_18:1(6)_18:2(9,12)",0.4293333333333358,0.744323333333322,0.2799288961624931,0.2799288961624931,All,Some,199866.7554963358,221481.62836654417,114538.14492198717,0.0
23421,21.862,790.65502,790.69192,46.667986691891294,C49H88O6,CCCCCCC=CCCCCCCCCCC(=O)OC(COC(=O)CCCCC=CCC=CCCCCCCCC)COC(=O)CCCCCCCCC,[M+NH4]+,TG 10:0_18:1_18:2,"TG 10:0_18:1(11)_18:2(6,9)",0.2746666666666684,0.6844566666666765,0.25143164068803664,0.25143164068803664,All,Some,1497335.1099267155,2180417.661686885,1184332.1314997394,1139349.701393497
23421,21.862,790.65502,790.69192,46.667986691891294,C49H88O6,CCCCCCCCC=CCCCCCCCC(=O)OC(COC(=O)CCCCC=CCC=CCCCCCCCC)COC(=O)CCCCCCCCC,[M+NH4]+,TG 10:0_18:1_18:2,"TG 10:0_18:1(9)_18:2(6,9)",0.37700000000000244,0.8951050000000578,0.15541512997795534,0.15541512997795534,Some,Some,78947.36842105263,52252.8165525975,110902.01333716219,0.0
23421,21.862,790.65502,790.69192,46.667986691891294,C49H88O6,CCCCCCCCCCCC=CCCCCC(=O)OC(COC(=O)CCCCC=CCC=CCCCCCCCC)COC(=O)CCCCCCCCC,[M+NH4]+,TG 10:0_18:1_18:2,"TG 10:0_18:1(6)_18:2(6,9)",0.29850000000000243,0.7249524999999721,0.07770756498897767,0.07770756498897767,Some,Some,1297468.3544303798,1943211.9337746317,1128192.4635461536,1061746.9353543115
23450,21.865,846.68864,846.75452,77.80295049383714,C53H96O6,CCCCCCC=CCCCCCCCC(=O)OC(COC(=O)CCCCCCCC=CCC=CCCCCC)COC(=O)CCCCCCCCCCCCCCC,[M+NH4]+,TG 16:0_16:1_18:2,"TG 16:0_16:1(9)_18:2(9,12)",0.5694999999999979,0.12984000000002993,0.5350509273850429,0.5350509273850429,All,Some,196156.29074075245,164946.22672296996,0.0,197884.70841171726
23450,21.865,846.68864,846.75452,77.80295049383714,C53H96O6,CCCCCCC=CCCCCCCCC(=O)OC(COC(=O)CCCCC=CCC=CCCCCCCCC)COC(=O)CCCCCCCCCCCCCCC,[M+NH4]+,TG 16:0_16:1_18:2,"TG 16:0_16:1(9)_18:2(6,9)",0.5256666666666673,0.49288333333333867,0.4834351953444564,0.4834351953444564,All,Some,20904.863300624893,47447.06731672584,0.0,55207.73985487772
23450,21.865,846.68864,846.75452,77.80295049383714,C53H96O6,CCCCCCCCC=CCCCCCC(=O)OC(COC(=O)CCCCC=CCC=CCCCCCCCC)COC(=O)CCCCCCCCCCCCCCC,[M+NH4]+,TG 16:0_16:1_18:2,"TG 16:0_16:1(7)_18:2(6,9)",0.40400000000000347,0.8585800000000177,0.41170727087674364,0.41170727087674364,Some,Some,195733.1439908509,142898.46616362903,0.0,171263.63880677236
23450,21.865,846.68864,846.75452,77.80295049383714,C53H96O6,CCCCCCCCCC=CCCCCC(=O)OC(COC(=O)CCCCC=CCC=CCCCCCCCC)COC(=O)CCCCCCCCCCCCCCC,[M+NH4]+,TG 16:0_16:1_18:2,"TG 16:0_16:1(6)_18:2(6,9)",0.3173333333333351,0.6083449999999857,0.351656485710017,0.351656485710017,All,Some,193818.379700127,148073.06243139273,0.0,174852.9965063155
23450,21.865,846.68864,846.75452,77.80295049383714,C53H96O6,CCCCCCCCCC=CCCCCC(=O)OC(COC(=O)CCCCCCCC=CCC=CCCCCC)COC(=O)CCCCCCCCCCCCCCC,[M+NH4]+,TG 16:0_16:1_18:2,"TG 16:0_16:1(6)_18:2(9,12)",0.2569999999999997,0.3030325000000005,0.3373828629333837,0.3373828629333837,All,Some,263819.3748538862,209567.16838576336,0.0,248733.94248857835
23450,21.865,846.68864,846.75452,77.80295049383714,C53H96O6,CCCCCCCCC=CCCCCCC(=O)OC(COC(=O)CCCCCCCC=CCC=CCCCCC)COC(=O)CCCCCCCCCCCCCCC,[M+NH4]+,TG 16:0_16:1_18:2,"TG 16:0_16:1(7)_18:2(9,12)",0.34866666666666885,0.3658799999999853,0.2744715139178291,0.2744715139178291,Some,Some,88567.94741375861,92068.00897951919,0.0,106056.97393173879
23507,21.874,764.63926,764.67627,48.399566525072515,C47H86O6,CCCCCCCCCCCCCCCC(=O)OC(COC(=O)CCCCCCCC=CCC=CCCCCC)COC(=O)CCCCCCCCC,[M+NH4]+,TG 10:0_16:0_18:2,"TG 10:0_16:0_18:2(9,12)",0.1750000000000007,0.7879075000000455,0.15976318176999652,0.15976318176999652,All,Some,20300000.0,19100000.0,20100000.0,20000000.0
23549,21.877,874.77603,874.78582,11.191310805601159,C55H100O6,CCCCCCC=CCCCCCCCCCC(=O)OC(COC(=O)CCCCCCCCCC=CCCCCCC)COC(=O)CCCCCCCC=CCCCCCC,[M+NH4]+,TG 16:1_18:1_18:1,TG 16:1(9)_18:1(11)_18:1(11),0.9580000000000055,0.07210000000009131,0.8984613555285202,0.8984613555285202,All,All,1440828.220858896,1639919.6843407813,0.0,1699433.8154399334
23549,21.877,874.77603,874.78582,11.191310805601159,C55H100O6,CCCCCCC=CCCCCCCCCCC(=O)OC(COC(=O)CCCCC=CCCCCCCCCCCC)COC(=O)CCCCCCCC=CCCCCCC,[M+NH4]+,TG 16:1_18:1_18:1,TG 16:1(9)_18:1(11)_18:1(6),0.9580000000000055,0.07210000000009131,0.8984613555285202,0.8984613555285202,Some,Some,2069723.926380368,2223833.204921669,0.0,2594574.288244291
23549,21.877,874.77603,874.78582,11.191310805601159,C55H100O6,CCCCCCC=CCCCCCCCCCC(=O)OC(COC(=O)CCCCCCCCCC=CCCCCCC)COC(=O)CCCCC=CCCCCCCCCC,[M+NH4]+,TG 16:1_18:1_18:1,TG 16:1(6)_18:1(11)_18:1(11),0.5826666666666682,0.630079999999983,0.7813461602509374,0.7813461602509374,All,All,628895.7055214724,857533.0951880648,0.0,1063997.6386615501
23549,21.877,874.77603,874.78582,11.191310805601159,C55H100O6,CCCCCCC=CCCCCCCCCCC(=O)OC(COC(=O)CCCCCCCC=CCCCCCCCC)COC(=O)CCCCCCCC=CCCCCCC,[M+NH4]+,TG 16:1_18:1_18:1,TG 16:1(9)_18:1(11)_18:1(9),0.8260000000000005,0.09905000000003383,0.7496212083358109,0.7496212083358109,Some,Some,2069723.926380368,1950213.6303144917,0.0,2425717.1223870977
23549,21.877,874.77603,874.78582,11.191310805601159,C55H100O6,CCCCCCC=CCCCCCCCCCC(=O)OC(COC(=O)CCCCCCCCCC=CCCCCCC)COC(=O)CCCCCC=CCCCCCCCC,[M+NH4]+,TG 16:1_18:1_18:1,TG 16:1(7)_18:1(11)_18:1(11),0.8160000000000002,0.09829333333334489,0.7280314996990676,0.7280314996990676,All,All,2069723.926380368,1950213.6303144917,0.0,2425717.1223870977
23549,21.877,874.77603,874.78582,11.191310805601159,C55H100O6,CCCCCCC=CCCCCCCCCCC(=O)OC(COC(=O)CCCCCCCC=CCCCCCCCC)COC(=O)CCCCCC=CCCCCCCCC,[M+NH4]+,TG 16:1_18:1_18:1,TG 16:1(7)_18:1(11)_18:1(9),0.8160000000000002,0.09829333333334489,0.7280314996990676,0.7280314996990676,All,All,628895.7055214724,583913.5205808878,0.0,895140.4728043575
23549,21.877,874.77603,874.78582,11.191310805601159,C55H100O6,CCCCCCCCC=CCCCCCCCC(=O)OC(COC(=O)CCCCCCCC=CCCCCCCCC)COC(=O)CCCCCCCC=CCCCCCC,[M+NH4]+,TG 16:1_18:1_18:1,TG 16:1(9)_18:1(9)_18:1(9),0.8160000000000002,0.09829333333334489,0.7280314996990676,0.7280314996990676,All,All,1440828.220858896,1366300.1097336044,0.0,1530576.6495827406
23549,21.877,874.77603,874.78582,11.191310805601159,C55H100O6,CCCCCCC=CCCCCCCCCCC(=O)OC(COC(=O)CCCCCCCC=CCCCCCCCC)COC(=O)CCCCC=CCCCCCCCCC,[M+NH4]+,TG 16:1_18:1_18:1,TG 16:1(6)_18:1(11)_18:1(9),0.6476,0.42260399999997844,0.7259343248642989,0.7259343248642989,All,All,1440828.220858896,1366300.1097336044,0.0,1530576.6495827406
23549,21.877,874.77603,874.78582,11.191310805601159,C55H100O6,CCCCCCCCC=CCCCCCCCC(=O)OC(COC(=O)CCCCCCCC=CCCCCCCCC)COC(=O)CCCCC=CCCCCCCCCC,[M+NH4]+,TG 16:1_18:1_18:1,TG 16:1(6)_18:1(9)_18:1(9),0.5699999999999985,0.5102299999999502,0.6828025671982436,0.6828025671982436,All,All,1440828.220858896,1511559.3845579135,0.0,1808549.1185230901
23549,21.877,874.77603,874.78582,11.191310805601159,C55H100O6,CCCCCCCCC=CCCCCCCCC(=O)OC(COC(=O)CCCCCCCC=CCCCCCCCC)COC(=O)CCCCCC=CCCCCCCCC,[M+NH4]+,TG 16:1_18:1_18:1,TG 16:1(7)_18:1(9)_18:1(9),0.7449999999999974,0.11138999999997168,0.6428165717843413,0.6428165717843413,All,All,2069723.926380368,1950213.6303144917,0.0,2425717.1223870986
23572,21.88,872.76943,872.77017,0.8478749909047292,C55H98O6,CCCCCC=CCC=CCCCCCCCC(=O)OC(COC(=O)CCCCCCCC=CCC=CCCCCC)COC(=O)CCCCCCCCCCCCCCC,[M+NH4]+,TG 16:0_18:2_18:2,"TG 16:0_18:2(9,12)_18:2(9,12)",0.7253333333333316,0.07731999999994817,0.6400828530548441,0.6400828530548441,All,All,9356206.088992976,15939795.404997481,14109745.762711862,13781671.204901291
23572,21.88,872.76943,872.77017,0.8478749909047292,C55H98O6,CCCCCCCCC=CCC=CCCCCC(=O)OC(COC(=O)CCCCCCCC=CCC=CCCCCC)COC(=O)CCCCCCCCCCCCCCC,[M+NH4]+,TG 16:0_18:2_18:2,"TG 16:0_18:2(6,9)_18:2(9,12)",0.4343999999999994,0.2539459999999735,0.5294850553507273,0.5294850553507273,Some,Some,41763934.426229514,40464866.677846715,42244999.99999999,29461691.626957115
23572,21.88,872.76943,872.77017,0.8478749909047292,C55H98O6,CCCCCCCCC=CCC=CCCCCC(=O)OC(COC(=O)CCCCC=CCC=CCCCCCCCC)COC(=O)CCCCCCCCCCCCCCC,[M+NH4]+,TG 16:0_18:2_18:2,"TG 16:0_18:2(6,9)_18:2(6,9)",0.2575000000000003,0.2965874999999585,0.3477364642476344,0.3477364642476344,All,Some,45379859.48477752,33095337.91715579,43045254.23728813,24156637.168141592
23621,21.889,877.72526,877.72556,0.34179248457193595,C55H98O6,CCCCCC=CCC=CCCCCCCCC(=O)OC(COC(=O)CCCCCCCC=CCC=CCCCCC)COC(=O)CCCCCCCCCCCCCCC,[M+Na]+,TG 16:0_18:2_18:2,"TG 16:0_18:2(9,12)_18:2(9,12)",0.6649999999999991,0.5191849999999931,0.28377205185209353,0.28377205185209353,All,All,819060.7186665706,813564.9177817478,617529.4847920546,217579.1449086162
23621,21.889,877.72526,877.72556,0.34179248457193595,C55H98O6,CCCCCCCCC=CCC=CCCCCC(=O)OC(COC(=O)CCCCCCCC=CCC=CCCCCC)COC(=O)CCCCCCCCCCCCCCC,[M+Na]+,TG 16:0_18:2_18:2,"TG 16:0_18:2(6,9)_18:2(9,12)",0.6446666666666658,0.46680666666666565,0.19202951449990135,0.19202951449990135,Some,Some,1721392.0557038747,1665154.2275859555,1751214.5665218295,1905862.4347258485
23621,21.889,877.72526,877.72556,0.34179248457193595,C55H98O6,CCCCCCCCC=CCC=CCCCCC(=O)OC(COC(=O)CCCCC=CCC=CCCCCCCCC)COC(=O)CCCCCCCCCCCCCCC,[M+Na]+,TG 16:0_18:2_18:2,"TG 16:0_18:2(6,9)_18:2(6,9)",0.38150000000000084,0.45548500000001013,0.007613154265122718,0.007613154265122718,All,Some,1149547.225629555,1111280.8546322966,1371255.9486861164,1886558.4203655352
23819,21.964,846.71727,846.75452,43.99149826796532,C53H96O6,CCCCCCC=CCCCCCCCC(=O)OC(COC(=O)CCCCCCCC=CCC=CCCCCC)COC(=O)CCCCCCCCCCCCCCC,[M+NH4]+,TG 16:0_16:1_18:2,"TG 16:0_16:1(9)_18:2(9,12)",0.6569999999999965,0.509927499999975,0.40479586255301486,0.40479586255301486,All,Some,401582.6366527079,293641.12155947555,380090.8598970591,327572.99244622985
23819,21.964,846.71727,846.75452,43.99149826796532,C53H96O6,CCCCCCC=CCCCCCCCC(=O)OC(COC(=O)CCCCC=CCC=CCCCCCCCC)COC(=O)CCCCCCCCCCCCCCC,[M+NH4]+,TG 16:0_16:1_18:2,"TG 16:0_16:1(9)_18:2(6,9)",0.4484000000000023,0.6816600000000108,0.39880121904537075,0.39880121904537075,All,Some,160754.07803830862,74521.24373670122,161387.75978198103,117988.28388941016
23819,21.964,846.71727,846.75452,43.99149826796532,C53H96O6,CCCCCCCCC=CCCCCCC(=O)OC(COC(=O)CCCCC=CCC=CCCCCCCCC)COC(=O)CCCCCCCCCCCCCCC,[M+NH4]+,TG 16:0_16:1_18:2,"TG 16:0_16:1(7)_18:2(6,9)",0.31800000000000495,0.8871000000000322,0.3610206647512532,0.3610206647512532,Some,Some,306834.0715880287,289536.0010982222,276938.95272013394,276142.79208159825
23819,21.964,846.71727,846.75452,43.99149826796532,C53H96O6,CCCCCCCCCC=CCCCCC(=O)OC(COC(=O)CCCCC=CCC=CCCCCCCCC)COC(=O)CCCCCCCCCCCCCCC,[M+NH4]+,TG 16:0_16:1_18:2,"TG 16:0_16:1(6)_18:2(6,9)",0.3320000000000031,0.8397399999999872,0.33899272568384936,0.33899272568384936,All,Some,337989.62915929675,318973.50538815284,306740.719300527,306164.95275707566
23819,21.964,846.71727,846.75452,43.99149826796532,C53H96O6,CCCCCCCCCC=CCCCCC(=O)OC(COC(=O)CCCCCCCC=CCC=CCCCCC)COC(=O)CCCCCCCCCCCCCCC,[M+NH4]+,TG 16:0_16:1_18:2,"TG 16:0_16:1(6)_18:2(9,12)",0.4755999999999986,0.7339699999999538,0.33182674181766036,0.33182674181766036,All,Some,306834.0715880287,326224.0030201112,326772.4042076885,315857.843691253
23819,21.964,846.71727,846.75452,43.99149826796532,C53H96O6,CCCCCCCCC=CCCCCCC(=O)OC(COC(=O)CCCCCCCC=CCC=CCCCCC)COC(=O)CCCCCCCCCCCCCCC,[M+NH4]+,TG 16:0_16:1_18:2,"TG 16:0_16:1(7)_18:2(9,12)",0.4255000000000013,0.8395449999999585,0.2500108570458399,0.2500108570458399,Some,Some,66005.51297362943,107104.12519733682,108069.30409261055,106273.13513443327
23835,21.97,762.62379,762.66062,48.29146678637874,C47H84O6,CCCCCCC=CCCCCCCCC(=O)OC(COC(=O)CCCCCCCC=CCC=CCCCCC)COC(=O)CCCCCCCCC,[M+NH4]+,TG 10:0_16:1_18:2,"TG 10:0_16:1(9)_18:2(9,12)",0.3490000000000002,0.8655049999999846,0.2357712419812047,0.2357712419812047,All,Some,881237.5690607734,889646.2626884036,919407.0711239509,997694.2332304451
23835,21.97,762.62379,762.66062,48.29146678637874,C47H84O6,CCCCCCC=CCCCCCCCC(=O)OC(COC(=O)CCCCC=CCC=CCCCCCCCC)COC(=O)CCCCCCCCC,[M+NH4]+,TG 10:0_16:1_18:2,"TG 10:0_16:1(9)_18:2(6,9)",0.12266666666666737,0.37496999999996206,0.15825580884456283,0.15825580884456283,All,Some,885016.5745856354,540553.675792064,889255.7435685787,656892.2683128811
23835,21.97,762.62379,762.66062,48.29146678637874,C47H84O6,CCCCCCCCC=CCCCCCC(=O)OC(COC(=O)CCCCCCCC=CCC=CCCCCC)COC(=O)CCCCCCCCC,[M+NH4]+,TG 10:0_16:1_18:2,"TG 10:0_16:1(7)_18:2(9,12)",0.3099999999999999,0.6068566666666584,0.15610584713037676,0.15610584713037676,Some,Some,204132.59668508286,102028.60658258999,166040.72086944556,160834.33712263798
23835,21.97,762.62379,762.66062,48.29146678637874,C47H84O6,CCCCCCCCCC=CCCCCC(=O)OC(COC(=O)CCCCCCCC=CCC=CCCCCC)COC(=O)CCCCCCCCC,[M+NH4]+,TG 10:0_16:1_18:2,"TG 10:0_16:1(6)_18:2(9,12)",0.3572000000000003,0.8709139999999707,0.09366350827822606,0.09366350827822606,All,Some,1029613.2596685082,807771.4549369424,1055296.4644380244,954579.161334036
23879,21.987,680.50942,680.44971,87.75079057641966,C34H63O10P,CCCCCC=CCC=CCCCCCCCC(=O)OC(COC(=O)CCCCCCCCC)COP(=O)(O)OCC(O)CO,[M+NH4]+,PG 10:0_18:2,"PG 10:0_18:2(9,12)",0.22750000000000448,0.8631824999999651,0.19539314655787138,0.19539314655787138,All,Some,0.0,229000.0,0.0,375000.0
23883,21.988,922.78724,922.78582,1.5388186177945642,C59H100O6,CCCCCCCCC=CCCCCCCCC(=O)OC(COC(=O)CCC=CCC=CCC=CCC=CCC=CCC=CCC)COC(=O)CCCCCCCCCCCCCCC,[M+NH4]+,TG 16:0_18:1_22:6,"TG 16:0_18:1(9)_22:6(4,7,10,13,16,19)",0.5829090909090908,0.656015454545468,0.4861124444247267,0.4861124444247267,Some,Some,1629399.2127062138,1623223.5124614195,1731639.4580049268,1720339.2142567257
23883,21.988,922.78724,922.78582,1.5388186177945642,C59H100O6,CCCCCCCCCCCC=CCCCCC(=O)OC(COC(=O)CCC=CCC=CCC=CCC=CCC=CCC=CCC)COC(=O)CCCCCCCCCCCCCCC,[M+NH4]+,TG 16:0_18:1_22:6,"TG 16:0_18:1(6)_22:6(4,7,10,13,16,19)",0.6449090909090898,0.5828527272727487,0.4643464497164043,0.4643464497164043,Some,Some,770068.1453188072,767830.4705003735,797023.7460748876,875616.0790699868
23883,21.988,922.78724,922.78582,1.5388186177945642,C59H100O6,CCCCCCC=CCCCCCCCCCC(=O)OC(COC(=O)CCC=CCC=CCC=CCC=CCC=CCC=CCC)COC(=O)CCCCCCCCCCCCCCC,[M+NH4]+,TG 16:0_18:1_22:6,"TG 16:0_18:1(11)_22:6(4,7,10,13,16,19)",0.5478461538461533,0.6881361538461831,0.4387085396603138,0.4387085396603138,All,Some,910532.6419749788,898946.017038207,831336.7959201857,934044.7066732877
23946,22.003,808.73829,808.77525,45.698727798633634,C51H98O5,CCCCCCCCCCCCCC(=O)OC(COC(=O)CCCCCCCCCCCCCCC)COCCCCCCCCC=CCCCCCCCC,[M+NH4]+,TG O-18:1_14:0_16:0,TG O-18:1(9)_14:0_16:0,0.5439999999999969,0.9449399999999741,0.5987739344319775,0.5987739344319775,All,All,1060000.0,921000.0,893337.4818502385,805623.5294117648
23946,22.003,808.73829,808.77525,45.698727798633634,C51H98O5,CCCCCCCCCCCCCC(=O)OC(COC(=O)CCCCCCCCCCCCCCC)COCCCCCCCCCCC=CCCCCCC,[M+NH4]+,TG O-18:1_14:0_16:0,TG O-18:1(11)_14:0_16:0,0.2480000000000011,0.4512099999999464,0.20997626681886597,0.20997626681886597,All,Some,0.0,0.0,166662.51814976145,324376.47058823536
23961,22.008,794.72354,794.72322,0.402655908289537,C49H92O6,CCCCCCCCCCCCCCCC(=O)OC(COC(=O)CCCCCC=CCCCCCCCC)COC(=O)CCCCCCCCCCCCC,[M+NH4]+,TG 14:0_16:0_16:1,TG 14:0_16:0_16:1(7),0.3130000000000024,0.45281499999998687,0.3070073933637125,0.3070073933637125,All,Some,0.0,0.0,89400.0,74100.0
23976,22.012,834.75376,834.7909,44.490183110415394,C53H100O5,CCCCCCCCCCCCCCCC(=O)OC(COC(=O)CCCCCCCC=CCC=CCCCCC)COCCCCCCCCCCCCCCCC,[M+NH4]+,TG O-16:0_16:0_18:2,"TG O-16:0_16:0_18:2(9,12)",0.3445000000000018,0.4972974999999167,0.3490904430166361,0.3490904430166361,All,Some,602396.3730569949,1899962.2261395114,883101.7173051519,724047.489401978
23976,22.012,834.75376,834.7909,44.490183110415394,C53H100O5,CCCCCCCCCCCCCCCC(=O)OC(COC(=O)CCCCC=CCC=CCCCCCCCC)COCCCCCCCCCCCCCCCC,[M+NH4]+,TG O-16:0_16:0_18:2,"TG O-16:0_16:0_18:2(6,9)",0.4410000000000007,0.47265249999998105,0.25186747906999707,0.25186747906999707,All,Some,707603.6269430052,1190037.7738604886,856898.2826948481,745952.5105980221
23990,22.018,738.62343,738.66062,50.34788506798915,C45H84O6,CCCCCCCCCCCCCCCC(=O)OC(COC(=O)CCCCC=CCCCCCCCCC)COC(=O)CCCCCCCCC,[M+NH4]+,TG 10:0_16:0_16:1,TG 10:0_16:0_16:1(6),0.3670000000000009,0.09511500000002115,0.0,0.0,All,None,,611000.0,,761000.0
24080,22.05,912.801,912.83785,40.3686153022232,C59H106O5,CCCCCCCCC=CCC=CCCCCC(=O)OC(COC(=O)CCCCC=CCC=CCCCCCCCC)COCCCCCCCCCCC=CCCCCCCCC,[M+NH4]+,TG O-20:1_18:2_18:2,"TG O-20:1(11)_18:2(6,9)_18:2(6,9)",0.7899999999999991,0.8873550000000705,0.3645068199539667,0.3645068199539667,Some,Some,21806.354642782342,15892.246674857115,26895.694469464965,0.0
24080,22.05,912.801,912.83785,40.3686153022232,C59H106O5,CCCCCCCCC=CCC=CCCCCC(=O)OC(COC(=O)CCCCCCCC=CCC=CCCCCC)COCCCCCCCCCCC=CCCCCCCCC,[M+NH4]+,TG O-20:1_18:2_18:2,"TG O-20:1(11)_18:2(6,9)_18:2(9,12)",0.6280000000000001,0.5769140000000107,0.3236948643048739,0.3236948643048739,Some,Some,54023.08763197772,40195.9029966348,71080.04563742269,0.0
24080,22.05,912.801,912.83785,40.3686153022232,C59H106O5,CCCCCC=CCC=CCCCCCCCC(=O)OC(COC(=O)CCCCCCCC=CCC=CCCCCC)COCCCCCCCCCCC=CCCCCCCCC,[M+NH4]+,TG O-20:1_18:2_18:2,"TG O-20:1(11)_18:2(9,12)_18:2(9,12)",0.8614999999999995,0.4799250000000086,0.27771822156028714,0.27771822156028714,Some,Some,26272.34535352166,18816.903477378346,32792.289677535584,0.0
24080,22.05,912.801,912.83785,40.3686153022232,C59H106O5,CCCCCCCCC=CCC=CCCCCC(=O)OC(COC(=O)CCCCC=CCC=CCCCCCCCC)COCCCCCCCCCCCCC=CCCCCCC,[M+NH4]+,TG O-20:1_18:2_18:2,"TG O-20:1(13)_18:2(6,9)_18:2(6,9)",0.5736666666666655,0.4690283333333696,0.2399739897970455,0.2399739897970455,All,Some,42348.371915386415,30438.18439185941,55155.22728637484,0.0
24080,22.05,912.801,912.83785,40.3686153022232,C59H106O5,CCCCCCCCC=CCC=CCCCCC(=O)OC(COC(=O)CCCCCCCC=CCC=CCCCCC)COCCCCCCCCCCCCC=CCCCCCC,[M+NH4]+,TG O-20:1_18:2_18:2,"TG O-20:1(13)_18:2(6,9)_18:2(9,12)",0.5547499999999994,0.36936000000001457,0.22418890626341478,0.22418890626341478,Some,Some,63507.92790350995,44638.48085038193,86824.35597189696,0.0
24080,22.05,912.801,912.83785,40.3686153022232,C59H106O5,CCCCCC=CCC=CCCCCCCCC(=O)OC(COC(=O)CCCCCCCC=CCC=CCCCCC)COCCCCCCCCCCCCC=CCCCCCC,[M+NH4]+,TG O-20:1_18:2_18:2,"TG O-20:1(13)_18:2(9,12)_18:2(9,12)",0.6239999999999994,0.23889400000000477,0.20451531864138933,0.20451531864138933,All,Some,42041.91255282189,31018.28160888842,61252.38695730499,0.0
24117,22.061,886.78541,886.8222,41.4852041367439,C57H104O5,CCCCCCCCCCCC=CCCCCC(=O)OC(COC(=O)CCCCCCCC=CCC=CCCCCC)COCCCCCCCCC=CCCCCCCCC,[M+NH4]+,TG O-18:1_18:1_18:2,"TG O-18:1(9)_18:1(6)_18:2(9,12)",0.5265000000000004,0.47849000000002206,0.6436086265824121,0.6436086265824121,Some,Some,98530.7701909874,76454.5598803074,95426.88195269468,77192.81596241903
24117,22.061,886.78541,886.8222,41.4852041367439,C57H104O5,CCCCCCCCCCCC=CCCCCC(=O)OC(COC(=O)CCCCC=CCC=CCCCCCCCC)COCCCCCC=CCCCCCCCCCCC,[M+NH4]+,TG O-18:1_18:1_18:2,"TG O-18:1(6)_18:1(6)_18:2(6,9)",0.5790000000000006,0.688877500000018,0.6424495264029164,0.6424495264029164,Some,Some,325483.085757084,301646.2267358828,266658.11642726,364573.2994851598
24117,22.061,886.78541,886.8222,41.4852041367439,C57H104O5,CCCCCCCCC=CCCCCCCCC(=O)OC(COC(=O)CCCCC=CCC=CCCCCCCCC)COCCCCCC=CCCCCCCCCCCC,[M+NH4]+,TG O-18:1_18:1_18:2,"TG O-18:1(6)_18:1(9)_18:2(6,9)",0.5790000000000006,0.688877500000018,0.6424495264029164,0.6424495264029164,Some,Some,297509.05005617277,278409.0857570331,241115.9412463549,318769.12856770033
24117,22.061,886.78541,886.8222,41.4852041367439,C57H104O5,CCCCCCCCC=CCCCCCCCC(=O)OC(COC(=O)CCCCC=CCC=CCCCCCCCC)COCCCCCCCCC=CCCCCCCCC,[M+NH4]+,TG O-18:1_18:1_18:2,"TG O-18:1(9)_18:1(9)_18:2(6,9)",0.6870000000000012,0.5096500000000219,0.6362079733833936,0.6362079733833936,Some,Some,75270.87754337784,56758.77859134496,77558.32163300573,80564.18894872951
24117,22.061,886.78541,886.8222,41.4852041367439,C57H104O5,CCCCCCCCC=CCCCCCCCC(=O)OC(COC(=O)CCCCCCCC=CCC=CCCCCC)COCCCCCCCCC=CCCCCCCCC,[M+NH4]+,TG O-18:1_18:1_18:2,"TG O-18:1(9)_18:1(9)_18:2(9,12)",0.6659999999999991,0.6219166666666448,0.6195831264428007,0.6195831264428007,Some,Some,297509.05005617277,278409.0857570331,241115.9412463549,318769.12856770033
24117,22.061,886.78541,886.8222,41.4852041367439,C57H104O5,CCCCCCCCCCCC=CCCCCC(=O)OC(COC(=O)CCCCCCCC=CCC=CCCCCC)COCCCCCC=CCCCCCCCCCCC,[M+NH4]+,TG O-18:1_18:1_18:2,"TG O-18:1(6)_18:1(6)_18:2(9,12)",0.41733333333333417,0.8804466666666334,0.6178121633192594,0.6178121633192594,Some,Some,314707.9016352515,265844.5356244191,256408.35943406416,313305.1792450592
24117,22.061,886.78541,886.8222,41.4852041367439,C57H104O5,CCCCCCCCC=CCCCCCCCC(=O)OC(COC(=O)CCCCCCCC=CCC=CCCCCC)COCCCCCC=CCCCCCCCCCCC,[M+NH4]+,TG O-18:1_18:1_18:2,"TG O-18:1(6)_18:1(9)_18:2(9,12)",0.5048000000000001,0.5501620000000003,0.6133440317361718,0.6133440317361718,Some,Some,303570.0911247035,283114.72808469157,243692.08337833462,317083.4420745451
24117,22.061,886.78541,886.8222,41.4852041367439,C57H104O5,CCCCCCCCCCCC=CCCCCC(=O)OC(COC(=O)CCCCC=CCC=CCCCCCCCC)COCCCCCCCCCCC=CCCCCCC,[M+NH4]+,TG O-18:1_18:1_18:2,"TG O-18:1(11)_18:1(6)_18:2(6,9)",0.570333333333334,0.6145400000000146,0.6087787801055509,0.6087787801055509,Some,Some,314707.9016352515,265844.5356244191,256408.35943406416,293425.70404991816
24117,22.061,886.78541,886.8222,41.4852041367439,C57H104O5,CCCCCCC=CCCCCCCCCCC(=O)OC(COC(=O)CCCCC=CCC=CCCCCCCCC)COCCCCCCCCC=CCCCCCCCC,[M+NH4]+,TG O-18:1_18:1_18:2,"TG O-18:1(9)_18:1(11)_18:2(6,9)",0.7070000000000007,0.49567500000003406,0.604867033874858,0.604867033874858,Some,Some,275596.0554237923,232322.89801192394,218149.90819742956,247621.53313245863
24117,22.061,886.78541,886.8222,41.4852041367439,C57H104O5,CCCCCCC=CCCCCCCCCCC(=O)OC(COC(=O)CCCCCCCC=CCC=CCCCCC)COCCCCCCCCCCC=CCCCCCC,[M+NH4]+,TG O-18:1_18:1_18:2,"TG O-18:1(11)_18:1(11)_18:2(9,12)",0.6340000000000003,0.3528833333333523,0.5906401780915106,0.5906401780915106,Some,Some,187115.21657720633,101195.56593294496,133466.0870504374,118695.57996631
24182,22.086,792.67001,792.70757,47.38191159191899,C49H90O6,CCCCCCC=CCCCCCCCCCC(=O)OC(COC(=O)CCCCCCCCCC=CCCCCCC)COC(=O)CCCCCCCCC,[M+NH4]+,TG 10:0_18:1_18:1,TG 10:0_18:1(11)_18:1(11),0.46899999999999764,0.5085199999999759,0.2400749062083358,0.2400749062083358,All,Some,73597.59043575695,0.0,61750.883759617376,162955.00463236854
24182,22.086,792.67001,792.70757,47.38191159191899,C49H90O6,CCCCCCC=CCCCCCCCCCC(=O)OC(COC(=O)CCCCCCCC=CCCCCCCCC)COC(=O)CCCCCCCCC,[M+NH4]+,TG 10:0_18:1_18:1,TG 10:0_18:1(11)_18:1(9),0.37099999999999866,0.32739749999996093,0.15772715225047113,0.15772715225047113,All,Some,101039.79276102757,0.0,94459.55500103971,255805.5298201748
24182,22.086,792.67001,792.70757,47.38191159191899,C49H90O6,CCCCCCC=CCCCCCCCCCC(=O)OC(COC(=O)CCCCC=CCCCCCCCCCCC)COC(=O)CCCCCCCCC,[M+NH4]+,TG 10:0_18:1_18:1,TG 10:0_18:1(11)_18:1(6),0.339500000000001,0.6798575000000255,0.1200374531041679,0.1200374531041679,All,Some,351705.1984498196,0.0,287527.5525057185,634766.3165414624
24182,22.086,792.67001,792.70757,47.38191159191899,C49H90O6,CCCCCCCCC=CCCCCCCCC(=O)OC(COC(=O)CCCCCCCC=CCCCCCCCC)COC(=O)CCCCCCCCC,[M+NH4]+,TG 10:0_18:1_18:1,TG 10:0_18:1(9)_18:1(9),0.2729999999999997,0.14627499999994598,0.07537939829260641,0.07537939829260641,All,Some,305549.81033933326,0.0,258485.3399875234,564661.8370969002
24182,22.086,792.67001,792.70757,47.38191159191899,C49H90O6,CCCCCCCCCCCC=CCCCCC(=O)OC(COC(=O)CCCCCCCC=CCCCCCCCC)COC(=O)CCCCCCCCC,[M+NH4]+,TG 10:0_18:1_18:1,TG 10:0_18:1(6)_18:1(9),0.24150000000000205,0.4987350000000106,0.037689699146303206,0.037689699146303206,All,Some,278107.6080140627,0.0,225776.66874610106,471811.3119090939
24184,22.086,860.76978,860.80655,42.715753034229145,C55H102O5,CCCCCCCCC=CCCCCCCCC(=O)OC(COC(=O)CCCCC=CCC=CCCCCCCCC)COCCCCCCCCCCCCCCCC,[M+NH4]+,TG O-16:0_18:1_18:2,"TG O-16:0_18:1(9)_18:2(6,9)",0.4660000000000011,0.9305249999999319,0.747210518133559,0.747210518133559,Some,Some,908681.3646412139,668396.354469653,797741.1493026501,829265.0170379697
24184,22.086,860.76978,860.80655,42.715753034229145,C55H102O5,CCCCCCCCC=CCCCCCCCC(=O)OC(COC(=O)CCCCCCCC=CCC=CCCCCC)COCCCCCCCCCCCCCCCC,[M+NH4]+,TG O-16:0_18:1_18:2,"TG O-16:0_18:1(9)_18:2(9,12)",0.4794999999999998,0.7207674999999938,0.6019264401889894,0.6019264401889894,Some,Some,1598434.6059628364,1593360.480899748,1633373.057487056,1807462.3131836401
24184,22.086,860.76978,860.80655,42.715753034229145,C55H102O5,CCCCCCC=CCCCCCCCCCC(=O)OC(COC(=O)CCCCC=CCC=CCCCCCCCC)COCCCCCCCCCCCCCCCC,[M+NH4]+,TG O-16:0_18:1_18:2,"TG O-16:0_18:1(11)_18:2(6,9)",0.4951999999999984,0.5765379999999822,0.5065071910251147,0.5065071910251147,All,Some,785696.3613550815,642854.3726973047,759216.0889216929,722980.0757704324
24184,22.086,860.76978,860.80655,42.715753034229145,C55H102O5,CCCCCCCCCCCC=CCCCCC(=O)OC(COC(=O)CCCCC=CCC=CCCCCCCCC)COCCCCCCCCCCCCCCCC,[M+NH4]+,TG O-16:0_18:1_18:2,"TG O-16:0_18:1(6)_18:2(6,9)",0.4895000000000014,0.7115474999999378,0.4963401255276186,0.4963401255276186,Some,Some,1953313.0190595682,2124863.2926119836,2392978.288432799,2558327.031339852
24184,22.086,860.76978,860.80655,42.715753034229145,C55H102O5,CCCCCCCCCCCC=CCCCCC(=O)OC(COC(=O)CCCCCCCC=CCC=CCCCCC)COCCCCCCCCCCCCCCCC,[M+NH4]+,TG O-16:0_18:1_18:2,"TG O-16:0_18:1(6)_18:2(9,12)",0.43133333333333584,0.5864566666666633,0.4656807862186601,0.4656807862186601,All,Some,307832.94497221714,238200.50416909062,191068.73380858594,138210.83617299492
24184,22.086,860.76978,860.80655,42.715753034229145,C55H102O5,CCCCCCC=CCCCCCCCCCC(=O)OC(COC(=O)CCCCCCCC=CCC=CCCCCC)COCCCCCCCCCCCCCCCC,[M+NH4]+,TG O-16:0_18:1_18:2,"TG O-16:0_18:1(11)_18:2(9,12)",0.4320000000000007,0.3637020000000348,0.4306580228692997,0.4306580228692997,All,Some,646041.7040090815,652324.9951522204,615622.6820472158,563754.7264951109
24375,22.197,846.68181,846.75452,85.8690426593949,C53H96O6,CCCCCCC=CCC=CCCCCC(=O)OC(COC(=O)CCCCCCCCCC=CCCCCCC)COC(=O)CCCCCCCCCCCCCCC,[M+NH4]+,TG 16:0_16:2_18:1,"TG 16:0_16:2(6,9)_18:1(11)",0.42050000000000054,0.4795675000000017,0.5151661454226153,0.5151661454226153,All,Some,47576.13142003765,54861.0535794687,0.0,0.0
24375,22.197,846.68181,846.75452,85.8690426593949,C53H96O6,CCCCCCC=CCC=CCCCCC(=O)OC(COC(=O)CCCCC=CCCCCCCCCCCC)COC(=O)CCCCCCCCCCCCCCC,[M+NH4]+,TG 16:0_16:2_18:1,"TG 16:0_16:2(6,9)_18:1(6)",0.4150000000000003,0.5857000000000312,0.44353661388708804,0.44353661388708804,All,Some,63356.66515161353,76143.35884736605,0.0,0.0
24375,22.197,846.68181,846.75452,85.8690426593949,C53H96O6,CCCCCCC=CCC=CCCCCC(=O)OC(COC(=O)CCCCCCCC=CCCCCCCCC)COC(=O)CCCCCCCCCCCCCCC,[M+NH4]+,TG 16:0_16:2_18:1,"TG 16:0_16:2(6,9)_18:1(9)",0.4033333333333348,0.5967850000000112,0.4359644201261268,0.4359644201261268,All,Some,61067.2034283488,70995.58757316523,0.0,0.0
24401,22.201,912.8016,912.83785,39.711324415388184,C59H106O5,CCCCCCCCC=CCCCCCCCC(=O)OC(COC(=O)CCCCCCCC=CCC=CCCCCC)COCCCCCCCCCCC=CCC=CCCCCC,[M+NH4]+,TG O-20:2_18:1_18:2,"TG O-20:2(11,14)_18:1(9)_18:2(9,12)",0.37950000000000017,0.4795775000000049,0.3818730726041214,0.3818730726041214,Some,Some,96893.96122913859,73770.5448660313,62419.04938426397,99978.47104108853
24401,22.201,912.8016,912.83785,39.711324415388184,C59H106O5,CCCCCCCCC=CCCCCCCCC(=O)OC(COC(=O)CCCCC=CCC=CCCCCCCCC)COCCCCCCCCCCC=CCC=CCCCCC,[M+NH4]+,TG O-20:2_18:1_18:2,"TG O-20:2(11,14)_18:1(9)_18:2(6,9)",0.32750000000000057,0.30398749999997676,0.343064024670378,0.343064024670378,Some,Some,80050.5787736507,62170.94615697669,56401.20148932342,87692.14931519113
24401,22.201,912.8016,912.83785,39.711324415388184,C59H106O5,CCCCCCCCC=CCCCCCCCC(=O)OC(COC(=O)CCCCC=CCC=CCCCCCCCC)COCCCCCCCC=CCC=CCCCCCCCC,[M+NH4]+,TG O-20:2_18:1_18:2,"TG O-20:2(8,11)_18:1(9)_18:2(6,9)",0.4344999999999999,0.501017499999989,0.33318618581079706,0.33318618581079706,All,Some,78127.65561805588,55578.89058196652,55185.10240461405,80822.800107421
24401,22.201,912.8016,912.83785,39.711324415388184,C59H106O5,CCCCCCCCCCCC=CCCCCC(=O)OC(COC(=O)CCCCC=CCC=CCCCCCCCC)COCCCCCCCC=CCC=CCCCCCCCC,[M+NH4]+,TG O-20:2_18:1_18:2,"TG O-20:2(8,11)_18:1(6)_18:2(6,9)",0.3019999999999996,0.6147533333333209,0.31522258135580383,0.31522258135580383,Some,Some,75563.7580772628,62170.94615697669,56401.201489323415,83178.00555008504
24401,22.201,912.8016,912.83785,39.711324415388184,C59H106O5,CCCCCCCCCCCC=CCCCCC(=O)OC(COC(=O)CCCCCCCC=CCC=CCCCCC)COCCCCCCCC=CCC=CCCCCCCCC,[M+NH4]+,TG O-20:2_18:1_18:2,"TG O-20:2(8,11)_18:1(6)_18:2(9,12)",0.4263333333333333,0.49624833333331253,0.31259219661814247,0.31259219661814247,Some,Some,74958.39338013112,55657.51142827397,50943.49620309748,73560.91665920688
24401,22.201,912.8016,912.83785,39.711324415388184,C59H106O5,CCCCCCCCCCCC=CCCCCC(=O)OC(COC(=O)CCCCC=CCC=CCCCCCCCC)COCCCCCCCCCCC=CCC=CCCCCC,[M+NH4]+,TG O-20:2_18:1_18:2,"TG O-20:2(11,14)_18:1(6)_18:2(6,9)",0.3280000000000001,0.4110479999999825,0.3054984580832971,0.3054984580832971,Some,Some,92407.1405327507,73770.5448660313,93433.26119309415,95464.32727598246
24401,22.201,912.8016,912.83785,39.711324415388184,C59H106O5,CCCCCCC=CCCCCCCCCCC(=O)OC(COC(=O)CCCCCCCC=CCC=CCCCCC)COCCCCCCCC=CCC=CCCCCCCCC,[M+NH4]+,TG O-20:2_18:1_18:2,"TG O-20:2(8,11)_18:1(11)_18:2(9,12)",0.47524999999999995,0.37809749999999553,0.294225523589383,0.294225523589383,Some,Some,44369.67133094696,56425.576619123785,57304.06293100158,82628.45761346344
24401,22.201,912.8016,912.83785,39.711324415388184,C59H106O5,CCCCCCC=CCCCCCCCCCC(=O)OC(COC(=O)CCCCC=CCC=CCCCCCCCC)COCCCCCCCCCCC=CCC=CCCCCC,[M+NH4]+,TG O-20:2_18:1_18:2,"TG O-20:2(11,14)_18:1(11)_18:2(6,9)",0.41575000000000006,0.28249749999997675,0.28853480334710896,0.28853480334710896,Some,Some,78127.65561805588,83882.39525265241,104934.61041545145,116935.95022826962
24401,22.201,912.8016,912.83785,39.711324415388184,C59H106O5,CCCCCCC=CCCCCCCCCCC(=O)OC(COC(=O)CCCCC=CCC=CCCCCCCCC)COCCCCCCCC=CCC=CCCCCCCCC,[M+NH4]+,TG O-20:2_18:1_18:2,"TG O-20:2(8,11)_18:1(11)_18:2(6,9)",0.4233333333333332,0.34895166666666455,0.2828894270954077,0.2828894270954077,All,Some,69937.42736274464,53401.697914990684,50375.98329689979,73560.91665920688
24401,22.201,912.8016,912.83785,39.711324415388184,C59H106O5,CCCCCCCCC=CCCCCCCCC(=O)OC(COC(=O)CCCCCCCC=CCC=CCCCCC)COCCCCCCCC=CCC=CCCCCCCCC,[M+NH4]+,TG O-20:2_18:1_18:2,"TG O-20:2(8,11)_18:1(9)_18:2(9,12)",0.38700000000000045,0.47805999999998977,0.2621696753924463,0.2621696753924463,Some,Some,75563.7580772628,62170.94615697669,88602.03119293062,83178.00555008504
24432,22.204,680.50938,680.44971,87.69200592352783,C34H63O10P,CCCCCC=CCC=CCCCCCCCC(=O)OC(COC(=O)CCCCCCCCC)COP(=O)(O)OCC(O)CO,[M+NH4]+,PG 10:0_18:2,"PG 10:0_18:2(9,12)",0.24499999999999922,0.7152100000000132,0.18581402940983366,0.18581402940983366,All,Some,528000.0,483000.0,448000.0,502000.0
24474,22.207,790.6551,790.69192,46.56680948508273,C49H88O6,CCCCCCCCC=CCCCCCCCC(=O)OC(COC(=O)CCCCCCCC=CCC=CCCCCC)COC(=O)CCCCCCCCC,[M+NH4]+,TG 10:0_18:1_18:2,"TG 10:0_18:1(9)_18:2(9,12)",0.2959999999999994,0.31355500000003644,0.268853771309429,0.268853771309429,Some,Some,122116.3090474528,282843.44379669306,92565.74063041346,198898.44350499616
24474,22.207,790.6551,790.69192,46.56680948508273,C49H88O6,CCCCCCC=CCCCCCCCCCC(=O)OC(COC(=O)CCCCCCCC=CCC=CCCCCC)COC(=O)CCCCCCCCC,[M+NH4]+,TG 10:0_18:1_18:2,"TG 10:0_18:1(11)_18:2(9,12)",0.3113333333333325,0.6451950000000011,0.24453474573650666,0.24453474573650666,All,Some,569422.8858393533,528360.9625811849,620357.6436944905,530481.8408916219
24474,22.207,790.6551,790.69192,46.56680948508273,C49H88O6,CCCCCCCCCCCC=CCCCCC(=O)OC(COC(=O)CCCCCCCC=CCC=CCCCCC)COC(=O)CCCCCCCCC,[M+NH4]+,TG 10:0_18:1_18:2,"TG 10:0_18:1(6)_18:2(9,12)",0.21333333333333235,0.6323849999999993,0.17923584753961933,0.17923584753961933,All,Some,595330.3166205656,528263.3529446467,641299.3226584054,549313.9892390469
24474,22.207,790.6551,790.69192,46.56680948508273,C49H88O6,CCCCCCC=CCCCCCCCCCC(=O)OC(COC(=O)CCCCC=CCC=CCCCCCCCC)COC(=O)CCCCCCCCC,[M+NH4]+,TG 10:0_18:1_18:2,"TG 10:0_18:1(11)_18:2(6,9)",0.2463333333333324,0.7803833333333046,0.06529889819688732,0.06529889819688732,All,Some,543130.4884926282,480532.24067747523,565777.2930166906,511305.72636433516
24477,22.207,898.78592,898.78582,0.11126121247505305,C57H100O6,CCCCCCCCC=CCCCCCCCC(=O)OC(COC(=O)CCCCCCC=CCC=CCC=CCC=CCC)COC(=O)CCCCCCCCCCCCCCC,[M+NH4]+,TG 16:0_18:1_20:4,"TG 16:0_18:1(9)_20:4(8,11,14,17)",0.6694999999999993,0.280012499999998,0.6465227788850578,0.6465227788850578,Some,Some,4206686.660832069,3950510.6638630223,4280093.050881013,4120876.6045281566
24477,22.207,898.78592,898.78582,0.11126121247505305,C57H100O6,CCCCCCC=CCCCCCCCCCC(=O)OC(COC(=O)CCCCCCC=CCC=CCC=CCC=CCC)COC(=O)CCCCCCCCCCCCCCC,[M+NH4]+,TG 16:0_18:1_20:4,"TG 16:0_18:1(11)_20:4(8,11,14,17)",0.608,0.4381614285714477,0.5807782176287025,0.5807782176287025,All,Some,1032883.642495784,1563382.3971162513,1553652.742031281,1567783.6547764947
24477,22.207,898.78592,898.78582,0.11126121247505305,C57H100O6,CCCCCCC=CCCCCCCCCCC(=O)OC(COC(=O)CCCC=CCC=CCC=CCC=CCCCCC)COC(=O)CCCCCCCCCCCCCCC,[M+NH4]+,TG 16:0_18:1_20:4,"TG 16:0_18:1(11)_20:4(5,8,11,14)",0.4084444444444423,0.521648888888914,0.4978749571341219,0.4978749571341219,All,Some,3963396.8023566063,3277635.926704716,3703227.0837457925,3560062.568535122
24477,22.207,898.78592,898.78582,0.11126121247505305,C57H100O6,CCCCCCCCC=CCCCCCCCC(=O)OC(COC(=O)CCCC=CCC=CCC=CCC=CCCCCC)COC(=O)CCCCCCCCCCCCCCC,[M+NH4]+,TG 16:0_18:1_20:4,"TG 16:0_18:1(9)_20:4(5,8,11,14)",0.3509999999999979,0.34579999999997807,0.48812361643376206,0.48812361643376206,Some,Some,776885.3928746772,856601.0814058275,923084.5377153041,957292.1370057409
24477,22.207,898.78592,898.78582,0.11126121247505305,C57H100O6,CCCCCCCCCCCC=CCCCCC(=O)OC(COC(=O)CCCCCCC=CCC=CCC=CCC=CCC)COC(=O)CCCCCCCCCCCCCCC,[M+NH4]+,TG 16:0_18:1_20:4,"TG 16:0_18:1(6)_20:4(8,11,14,17)",0.5350000000000001,0.35678000000001475,0.4711634226078376,0.4711634226078376,Some,Some,3907176.553461267,3466619.104836287,3684913.878439913,3540756.6277494677
24477,22.207,898.78592,898.78582,0.11126121247505305,C57H100O6,CCCCCCCCCCCC=CCCCCC(=O)OC(COC(=O)CCCC=CCC=CCC=CCC=CCCCCC)COC(=O)CCCCCCCCCCCCCCC,[M+NH4]+,TG 16:0_18:1_20:4,"TG 16:0_18:1(6)_20:4(5,8,11,14)",0.3279999999999985,0.4835375000000113,0.4053009533066505,0.4053009533066505,Some,Some,812970.9479795932,885250.8260738959,855028.7071866959,853228.4074050183
24518,22.216,950.81702,950.81712,0.10517269618429333,C61H104O6,CCCCCC=CCC=CCCCCCCCC(=O)OC(COC(=O)CCCCCC=CCC=CCC=CCC=CCCCCC)COC(=O)CCCCCCCC=CCCCCCCCC,[M+NH4]+,TG 18:1_18:2_22:4,"TG 18:1(9)_18:2(9,12)_22:4(7,10,13,16)",0.5500000000000019,0.864373333333333,0.607018688165549,0.607018688165549,Some,Some,224995.07137380893,215414.96624050953,244091.09054939984,253139.6769376951
24518,22.216,950.81702,950.81712,0.10517269618429333,C61H104O6,CCCCCCCCC=CCC=CCCCCC(=O)OC(COC(=O)CCCCCC=CCC=CCC=CCC=CCCCCC)COC(=O)CCCCCCCC=CCCCCCCCC,[M+NH4]+,TG 18:1_18:2_22:4,"TG 18:1(9)_18:2(6,9)_22:4(7,10,13,16)",0.7176000000000002,0.8694040000000086,0.5911252982820956,0.5911252982820956,Some,Some,118828.08221678654,119909.04081956651,137210.15232028955,139801.8189222207
24518,22.216,950.81702,950.81712,0.10517269618429333,C61H104O6,CCCCCCCCC=CCC=CCCCCC(=O)OC(COC(=O)CCCCCC=CCC=CCC=CCC=CCCCCC)COC(=O)CCCCC=CCCCCCCCCCCC,[M+NH4]+,TG 18:1_18:2_22:4,"TG 18:1(6)_18:2(6,9)_22:4(7,10,13,16)",0.5688571428571437,0.8631285714285793,0.5633967016780483,0.5633967016780483,Some,Some,261730.86050162464,267780.1850935273,282947.9343168652,315352.24650468305
24518,22.216,950.81702,950.81712,0.10517269618429333,C61H104O6,CCCCCCCCC=CCC=CCCCCC(=O)OC(COC(=O)CCCCCC=CCC=CCC=CCC=CCCCCC)COC(=O)CCCCCCCCCC=CCCCCCC,[M+NH4]+,TG 18:1_18:2_22:4,"TG 18:1(11)_18:2(6,9)_22:4(7,10,13,16)",0.5657777777777776,0.7039644444444346,0.4537159896878198,0.4537159896878198,Some,Some,108401.29969698074,127604.15012934136,116432.67123834533,149140.76286140896
24518,22.216,950.81702,950.81712,0.10517269618429333,C61H104O6,CCCCCC=CCC=CCCCCCCCC(=O)OC(COC(=O)CCCCCC=CCC=CCC=CCC=CCCCCC)COC(=O)CCCCCCCCCC=CCCCCCC,[M+NH4]+,TG 18:1_18:2_22:4,"TG 18:1(11)_18:2(9,12)_22:4(7,10,13,16)",0.48160000000000025,0.5772780000000012,0.44689086263826194,0.44689086263826194,Some,Some,210304.4795735826,203497.1656969957,216528.92488666906,233647.34627392422
24518,22.216,950.81702,950.81712,0.10517269618429333,C61H104O6,CCCCCC=CCC=CCCCCCCCC(=O)OC(COC(=O)CCCCCC=CCC=CCC=CCC=CCCCCC)COC(=O)CCCCC=CCCCCCCCCCCC,[M+NH4]+,TG 18:1_18:2_22:4,"TG 18:1(6)_18:2(9,12)_22:4(7,10,13,16)",0.4563999999999993,0.5726879999999938,0.43282262302801416,0.43282262302801416,Some,Some,95740.20663721662,95794.4920200596,112789.2266884309,108918.14850006785
24519,22.217,818.6865,818.72322,44.85032194389904,C51H92O6,CCCCCCCCC=CCCCCCCCC(=O)OC(COC(=O)CCCCCCCC=CCC=CCCCCC)COC(=O)CCCCCCCCCCC,[M+NH4]+,TG 12:0_18:1_18:2,"TG 12:0_18:1(9)_18:2(9,12)",0.4659999999999993,0.88117500000007,0.4865169154855659,0.4865169154855659,Some,Some,149119.0882906697,165425.73291887608,114713.30654691563,187719.0605239386
24519,22.217,818.6865,818.72322,44.85032194389904,C51H92O6,CCCCCCC=CCCCCCCCCCC(=O)OC(COC(=O)CCCCCCCC=CCC=CCCCCC)COC(=O)CCCCCCCCCCC,[M+NH4]+,TG 12:0_18:1_18:2,"TG 12:0_18:1(11)_18:2(9,12)",0.5600000000000023,0.88948833333338,0.46742716923352656,0.46742716923352656,All,Some,159765.43933367415,195348.63168159933,208138.02883479084,260704.60704607042
24519,22.217,818.6865,818.72322,44.85032194389904,C51H92O6,CCCCCCCCCCCC=CCCCCC(=O)OC(COC(=O)CCCCCCCC=CCC=CCCCCC)COC(=O)CCCCCCCCCCC,[M+NH4]+,TG 12:0_18:1_18:2,"TG 12:0_18:1(6)_18:2(9,12)",0.501333333333335,0.7625350000000708,0.420425409645141,0.420425409645141,All,Some,81000.48627822596,73905.95477540075,76475.53769794376,86784.10117434508
24519,22.217,818.6865,818.72322,44.85032194389904,C51H92O6,CCCCCCCCCCCC=CCCCCC(=O)OC(COC(=O)CCCCC=CCC=CCCCCCCCC)COC(=O)CCCCCCCCCCC,[M+NH4]+,TG 12:0_18:1_18:2,"TG 12:0_18:1(6)_18:2(6,9)",0.5325000000000006,0.6632400000000871,0.3078368965265972,0.3078368965265972,Some,Some,165830.45099188288,173511.61089778753,209465.37461593002,229056.00722673893
24519,22.217,818.6865,818.72322,44.85032194389904,C51H92O6,CCCCCCCCC=CCCCCCCCC(=O)OC(COC(=O)CCCCC=CCC=CCCCCCCCC)COC(=O)CCCCCCCCCCC,[M+NH4]+,TG 12:0_18:1_18:2,"TG 12:0_18:1(9)_18:2(6,9)",0.2920000000000016,0.8513850000000502,0.267928674945774,0.267928674945774,Some,Some,117390.55622747848,100223.68501249466,81529.66201843537,107335.14001806684
24519,22.217,818.6865,818.72322,44.85032194389904,C51H92O6,CCCCCCC=CCCCCCCCCCC(=O)OC(COC(=O)CCCCC=CCC=CCCCCCCCC)COC(=O)CCCCCCCCCCC,[M+NH4]+,TG 12:0_18:1_18:2,"TG 12:0_18:1(11)_18:2(6,9)",0.48333333333333545,0.8642266666667145,0.2522263572727836,0.2522263572727836,All,Some,130893.97887806885,136584.38471384166,173678.09028598442,168401.0840108401
24670,22.289,738.6238,738.66062,49.846978440564854,C45H84O6,CCCCCCCCCCCCCCCC(=O)OC(COC(=O)CCCCCC=CCCCCCCCC)COC(=O)CCCCCCCCC,[M+NH4]+,TG 10:0_16:0_16:1,TG 10:0_16:0_16:1(7),0.19500000000000028,0.46997500000003356,0.10413486905528264,0.10413486905528264,All,Some,14900000.0,12300000.0,14700000.0,14800000.0
24671,22.289,848.76948,848.77017,0.8129409165772402,C53H98O6,CCCCCCC=CCCCCCCCC(=O)OC(COC(=O)CCCCCCCCCC=CCCCCCC)COC(=O)CCCCCCCCCCCCCCC,[M+NH4]+,TG 16:0_16:1_18:1,TG 16:0_16:1(9)_18:1(11),0.8030000000000044,0.5237849999999753,0.7627723954366689,0.7627723954366689,All,All,4831030.067100344,5914098.0293077305,5617007.310159629,6341080.176102188
24671,22.289,848.76948,848.77017,0.8129409165772402,C53H98O6,CCCCCCCCCC=CCCCCC(=O)OC(COC(=O)CCCCCCCCCC=CCCCCCC)COC(=O)CCCCCCCCCCCCCCC,[M+NH4]+,TG 16:0_16:1_18:1,TG 16:0_16:1(6)_18:1(11),0.6265000000000001,0.5168149999999798,0.589624191930103,0.589624191930103,All,Some,3818306.61271321,3596260.7377463365,5217136.605500025,5126830.780678365
24671,22.289,848.76948,848.77017,0.8129409165772402,C53H98O6,CCCCCCCCC=CCCCCCC(=O)OC(COC(=O)CCCCCCCCCC=CCCCCCC)COC(=O)CCCCCCCCCCCCCCC,[M+NH4]+,TG 16:0_16:1_18:1,TG 16:0_16:1(7)_18:1(11),0.6895000000000007,0.5007274999999822,0.4467868062532443,0.4467868062532443,All,Some,8588767.095221022,7146201.785413509,9039430.10592272,8923321.138463445
24671,22.289,848.76948,848.77017,0.8129409165772402,C53H98O6,CCCCCCC=CCCCCCCCC(=O)OC(COC(=O)CCCCCCCC=CCCCCCCCC)COC(=O)CCCCCCCCCCCCCCC,[M+NH4]+,TG 16:0_16:1_18:1,TG 16:0_16:1(9)_18:1(9),0.6895000000000007,0.5007274999999822,0.4467868062532443,0.4467868062532443,All,Some,7169016.032372074,6642243.557352198,6329718.036699983,7043901.531592979
24671,22.289,848.76948,848.77017,0.8129409165772402,C53H98O6,CCCCCCC=CCCCCCCCC(=O)OC(COC(=O)CCCCC=CCCCCCCCCCCC)COC(=O)CCCCCCCCCCCCCCC,[M+NH4]+,TG 16:0_16:1_18:1,TG 16:0_16:1(9)_18:1(6),0.46250000000000036,0.50976,0.38138619771833443,0.38138619771833443,All,Some,6156292.57798494,4324406.265790803,5929847.33204038,5829652.136169156
24671,22.289,848.76948,848.77017,0.8129409165772402,C53H98O6,CCCCCCCCCC=CCCCCC(=O)OC(COC(=O)CCCCCCCC=CCCCCCCCC)COC(=O)CCCCCCCCCCCCCCC,[M+NH4]+,TG 16:0_16:1_18:1,TG 16:0_16:1(6)_18:1(9),0.5129999999999963,0.49375749999998675,0.2736386027466784,0.2736386027466784,All,Some,5463376.530246377,3937173.6567289876,4876070.416231538,4813071.246977119
24671,22.289,848.76948,848.77017,0.8129409165772402,C53H98O6,CCCCCCCCCC=CCCCCC(=O)OC(COC(=O)CCCCC=CCCCCCCCCCCC)COC(=O)CCCCCCCCCCCCCCC,[M+NH4]+,TG 16:0_16:1_18:1,TG 16:0_16:1(6)_18:1(6),0.28599999999999604,0.5027900000000045,0.2082379942117685,0.2082379942117685,All,Some,1705639.502125698,2705069.9006232107,1453647.6204684468,2230830.284615861
24671,22.289,848.76948,848.77017,0.8129409165772402,C53H98O6,CCCCCCCCC=CCCCCCC(=O)OC(COC(=O)CCCCCCCC=CCCCCCCCC)COC(=O)CCCCCCCCCCCCCCC,[M+NH4]+,TG 16:0_16:1_18:1,TG 16:0_16:1(7)_18:1(9),0.575999999999997,0.47766999999998916,0.1308012170698198,0.1308012170698198,All,Some,2398555.5498642633,3092302.509685026,2507424.536277289,3247411.1738078995
24671,22.289,848.76948,848.77017,0.8129409165772402,C53H98O6,CCCCCCCCC=CCCCCCC(=O)OC(COC(=O)CCCCC=CCCCCCCCCCCC)COC(=O)CCCCCCCCCCCCCCC,[M+NH4]+,TG 16:0_16:1_18:1,TG 16:0_16:1(7)_18:1(6),0.34899999999999665,0.4867025000000069,0.0654006085349099,0.0654006085349099,All,Some,7169016.032372074,6642243.557352197,6329718.036699985,7043901.53159298
24673,22.289,853.72559,853.72556,0.0351400982277538,C53H98O6,CCCCCCC=CCCCCCCCC(=O)OC(COC(=O)CCCCCCCCCC=CCCCCCC)COC(=O)CCCCCCCCCCCCCCC,[M+Na]+,TG 16:0_16:1_18:1,TG 16:0_16:1(9)_18:1(11),0.7580000000000027,0.5172999999999774,0.45644886055227635,0.45644886055227635,All,All,103398.16124469589,172045.6333595594,73235.29411764706,72303.1519301145
24673,22.289,853.72559,853.72556,0.0351400982277538,C53H98O6,CCCCCCCCC=CCCCCCC(=O)OC(COC(=O)CCCCCCCCCC=CCCCCCC)COC(=O)CCCCCCCCCCCCCCC,[M+Na]+,TG 16:0_16:1_18:1,TG 16:0_16:1(7)_18:1(11),0.7050000000000018,0.32361249999999586,0.3332930525671084,0.3332930525671084,All,All,301426.80339462514,164476.78992918963,215917.84989858014,214033.76224766852
24673,22.289,853.72559,853.72556,0.0351400982277538,C53H98O6,CCCCCCC=CCCCCCCCC(=O)OC(COC(=O)CCCCCCCC=CCCCCCCCC)COC(=O)CCCCCCCCCCCCCCC,[M+Na]+,TG 16:0_16:1_18:1,TG 16:0_16:1(9)_18:1(9),0.7050000000000018,0.32361249999999586,0.3332930525671084,0.3332930525671084,All,All,144213.22489391797,99268.29268292683,129213.99594320486,197806.63439971668
24673,22.289,853.72559,853.72556,0.0351400982277538,C53H98O6,CCCCCCC=CCCCCCCCC(=O)OC(COC(=O)CCCCC=CCCCCCCCCCCC)COC(=O)CCCCCCCCCCCCCCC,[M+Na]+,TG 16:0_16:1_18:1,TG 16:0_16:1(9)_18:1(6),0.4664999999999999,0.5172225000000026,0.29234272090891633,0.29234272090891633,All,Some,161143.9179632249,271313.9260424863,202449.29006085193,219579.74265139888
24673,22.289,853.72559,853.72556,0.0351400982277538,C53H98O6,CCCCCCCCCC=CCCCCC(=O)OC(COC(=O)CCCCCCCCCC=CCCCCCC)COC(=O)CCCCCCCCCCCCCCC,[M+Na]+,TG 16:0_16:1_18:1,TG 16:0_16:1(6)_18:1(11),0.6125000000000007,0.7042724999999734,0.22822443027613817,0.22822443027613817,All,Some,359172.5601131542,263745.0826121165,345131.845841785,361310.3529689529
24673,22.289,853.72559,853.72556,0.0351400982277538,C53H98O6,CCCCCCCCC=CCCCCCC(=O)OC(COC(=O)CCCCCCCC=CCCCCCCCC)COC(=O)CCCCCCCCCCCCCCC,[M+Na]+,TG 16:0_16:1_18:1,TG 16:0_16:1(7)_18:1(9),0.652000000000001,0.12992500000001428,0.2101372445819405,0.2101372445819405,All,All,100979.49080622348,99268.29268292683,129213.99594320486,172541.61256050054
24673,22.289,853.72559,853.72556,0.0351400982277538,C53H98O6,CCCCCCCCC=CCCCCCC(=O)OC(COC(=O)CCCCC=CCCCCCCCCCCC)COC(=O)CCCCCCCCCCCCCCC,[M+Na]+,TG 16:0_16:1_18:1,TG 16:0_16:1(7)_18:1(6),0.4134999999999991,0.323535000000021,0.16918691292374838,0.16918691292374838,All,Some,60164.42715700142,172045.6333595594,73235.29411764706,47038.130090898354
24673,22.289,853.72559,853.72556,0.0351400982277538,C53H98O6,CCCCCCCCCC=CCCCCC(=O)OC(COC(=O)CCCCCCCC=CCCCCCCCC)COC(=O)CCCCCCCCCCCCCCC,[M+Na]+,TG 16:0_16:1_18:1,TG 16:0_16:1(6)_18:1(9),0.5594999999999999,0.5105849999999919,0.10506862229097025,0.10506862229097025,All,Some,318357.4964639321,336522.423288749,289153.14401622716,235806.8704993507
24673,22.289,853.72559,853.72556,0.0351400982277538,C53H98O6,CCCCCCCCCC=CCCCCC(=O)OC(COC(=O)CCCCC=CCCCCCCCCCCC)COC(=O)CCCCCCCCCCCCCCC,[M+Na]+,TG 16:0_16:1_18:1,TG 16:0_16:1(6)_18:1(6),0.32099999999999795,0.7041949999999986,0.06411829063277813,0.06411829063277813,All,Some,161143.9179632249,271313.9260424863,202449.29006085193,219579.74265139888
24718,22.298,850.7761,850.78582,11.424732019983631,C53H100O6,CCCCCCCCCCCCCCCCCC(=O)OC(COC(=O)CCCCC=CCCCCCCCCCCC)COC(=O)CCCCCCCCCCCCC,[M+NH4]+,TG 14:0_18:0_18:1,TG 14:0_18:0_18:1(6),0.15800000000000125,0.9031700000001592,0.34622015262803596,0.34622015262803596,All,All,3568042.4528301884,3028997.5399753996,3144337.9269023365,2937381.1581676747
24718,22.298,850.7761,850.78582,11.424732019983631,C53H100O6,CCCCCCCCCCCCCCCCCC(=O)OC(COC(=O)CCCCCCCC=CCCCCCCCC)COC(=O)CCCCCCCCCCCCC,[M+NH4]+,TG 14:0_18:0_18:1,TG 14:0_18:0_18:1(9),0.5009999999999977,0.48722500000002356,0.033876755548079784,0.033876755548079784,All,Some,4331957.547169811,3821002.4600246004,5185662.073097663,5212618.841832325
24751,22.306,912.80205,912.83785,39.21835625023078,C59H106O5,CCCCCCCCC=CCC=CCCCCC(=O)OC(COC(=O)CCCCC=CCC=CCCCCCCCC)COCCCCCCCCCCC=CCCCCCCCC,[M+NH4]+,TG O-20:1_18:2_18:2,"TG O-20:1(11)_18:2(6,9)_18:2(6,9)",0.20700000000000074,0.5096700000000283,0.3808053677427956,0.3808053677427956,Some,Some,0.0,0.0,4509.483624673498,0.0
24751,22.306,912.80205,912.83785,39.21835625023078,C59H106O5,CCCCCC=CCC=CCCCCCCCC(=O)OC(COC(=O)CCCCCCCC=CCC=CCCCCC)COCCCCCCCCCCC=CCCCCCCCC,[M+NH4]+,TG O-20:1_18:2_18:2,"TG O-20:1(11)_18:2(9,12)_18:2(9,12)",0.1974999999999998,0.29092249999999353,0.33400427072575556,0.33400427072575556,Some,Some,0.0,0.0,27615.672091621458,0.0
24751,22.306,912.80205,912.83785,39.21835625023078,C59H106O5,CCCCCCCCC=CCC=CCCCCC(=O)OC(COC(=O)CCCCCCCC=CCC=CCCCCC)COCCCCCCCCCCC=CCCCCCCCC,[M+NH4]+,TG O-20:1_18:2_18:2,"TG O-20:1(11)_18:2(6,9)_18:2(9,12)",0.42100000000000054,0.5100000000000099,0.2646864583749137,0.2646864583749137,Some,Some,0.0,0.0,7137.773759292748,0.0
24751,22.306,912.80205,912.83785,39.21835625023078,C59H106O5,CCCCCCCCC=CCC=CCCCCC(=O)OC(COC(=O)CCCCC=CCC=CCCCCCCCC)COCCCCCCCCCCCCC=CCCCCCC,[M+NH4]+,TG O-20:1_18:2_18:2,"TG O-20:1(13)_18:2(6,9)_18:2(6,9)",0.3403333333333336,0.34871000000002067,0.24506037494765298,0.24506037494765298,All,Some,0.0,0.0,10893.952180028129,0.0
24751,22.306,912.80205,912.83785,39.21835625023078,C59H106O5,CCCCCCCCC=CCC=CCCCCC(=O)OC(COC(=O)CCCCCCCC=CCC=CCCCCC)COCCCCCCCCCCCCC=CCCCCCC,[M+NH4]+,TG O-20:1_18:2_18:2,"TG O-20:1(13)_18:2(6,9)_18:2(9,12)",0.3490000000000002,0.3843999999999994,0.22339364575347442,0.22339364575347442,Some,Some,0.0,0.0,31113.160538476997,0.0
24751,22.306,912.80205,912.83785,39.21835625023078,C59H106O5,CCCCCC=CCC=CCCCCCCCC(=O)OC(COC(=O)CCCCCCCC=CCC=CCCCCC)COCCCCCCCCCCCCC=CCCCCCC,[M+NH4]+,TG O-20:1_18:2_18:2,"TG O-20:1(13)_18:2(9,12)_18:2(9,12)",0.3496666666666665,0.34416833333333824,0.14735439838837652,0.14735439838837652,All,Some,0.0,0.0,21729.957805907172,0.0
24779,22.31,822.75384,822.75452,0.8264919650498762,C51H96O6,CCCCCCCCCCCCCCCC(=O)OC(COC(=O)CCCCCCCCCC=CCCCCCC)COC(=O)CCCCCCCCCCCCC,[M+NH4]+,TG 14:0_16:0_18:1,TG 14:0_16:0_18:1(11),0.4319999999999986,0.5173549999999523,0.032154076786610065,0.032154076786610065,All,Some,25500000.0,24600000.0,25700000.0,26300000.0
24781,22.31,827.71073,827.70991,0.9906852510392947,C51H96O6,CCCCCCCCCCCCCCCC(=O)OC(COC(=O)CCCCC=CCCCCCCCCC)COC(=O)CCCCCCCCCCCCCCC,[M+Na]+,TG 16:0_16:0_16:1,TG 16:0_16:0_16:1(6),0.5229999999999997,0.09053500000004533,0.44431954364026294,0.44431954364026294,All,All,526940.8740359896,758000.0,288183.5564053537,190463.86630532975
24781,22.31,827.71073,827.70991,0.9906852510392947,C51H96O6,CCCCCCCCCCCCCCCC(=O)OC(COC(=O)CCCCCC=CCCCCCCCC)COC(=O)CCCCCCCCCCCCCCC,[M+Na]+,TG 16:0_16:0_16:1,TG 16:0_16:0_16:1(7),0.6020000000000003,0.07931500000000824,0.439885418839183,0.439885418839183,All,All,213059.12596401028,0.0,351816.4435946463,558536.1336946703
24782,22.31,836.76894,836.80655,44.944676878989995,C53H102O5,CCCCCCCCCCCCCCCC(=O)OC(COC(=O)CCCCCCCCCC=CCCCCCC)COCCCCCCCCCCCCCCCC,[M+NH4]+,TG O-16:0_16:0_18:1,TG O-16:0_16:0_18:1(11),0.5280000000000022,0.4887399999999502,0.12486997250139704,0.12486997250139704,All,All,299541.44973968767,284732.23022862733,322091.8496088822,409755.85857761087
24782,22.31,836.76894,836.80655,44.944676878989995,C53H102O5,CCCCCCCCCCCCCCCC(=O)OC(COC(=O)CCCCC=CCCCCCCCCCCC)COCCCCCCCCCCCCCCCC,[M+NH4]+,TG O-16:0_16:0_18:1,TG O-16:0_16:0_18:1(6),0.42600000000000193,0.4524600000000305,0.05364995307797885,0.05364995307797885,All,Some,93426.11133360033,81971.3548616671,104643.78837580958,98351.02474075284
24782,22.31,836.76894,836.80655,44.944676878989995,C53H102O5,CCCCCCCCCCCCCCCC(=O)OC(COC(=O)CCCCCCCC=CCCCCCCCC)COCCCCCCCCCCCCCCCC,[M+NH4]+,TG O-16:0_16:0_18:1,TG O-16:0_16:0_18:1(9),0.5110000000000028,0.44601500000004535,0.02143767101602744,0.02143767101602744,All,Some,88032.43892671206,76296.41490970553,63264.362015308274,80893.11668163631
24901,22.361,680.50906,680.44971,87.22172870056026,C34H63O10P,CCCCCC=CCC=CCCCCCCCC(=O)OC(COC(=O)CCCCCCCCC)COP(=O)(O)OCC(O)CO,[M+NH4]+,PG 10:0_18:2,"PG 10:0_18:2(9,12)",0.17849999999999788,0.5188024999999641,0.18743127946946594,0.18743127946946594,All,Some,790000.0,1110000.0,942000.0,974000.0
24915,22.361,792.67035,792.70757,46.953001849152955,C49H90O6,CCCCCCC=CCCCCCCCCCC(=O)OC(COC(=O)CCCCCCCCCC=CCCCCCC)COC(=O)CCCCCCCCC,[M+NH4]+,TG 10:0_18:1_18:1,TG 10:0_18:1(11)_18:1(11),0.4469999999999992,0.44923,0.3509700741489916,0.3509700741489916,All,Some,268969.154641619,353023.9099859353,299276.1229314421,0.0
24915,22.361,792.67035,792.70757,46.953001849152955,C49H90O6,CCCCCCC=CCCCCCCCCCC(=O)OC(COC(=O)CCCCCCCC=CCCCCCCCC)COC(=O)CCCCCCCCC,[M+NH4]+,TG 10:0_18:1_18:1,TG 10:0_18:1(11)_18:1(9),0.4624999999999986,0.5012724999999989,0.2586415645197849,0.2586415645197849,All,Some,1337879.8384149654,1386108.3336288102,1056878.486997636,0.0
24915,22.361,792.67035,792.70757,46.953001849152955,C49H90O6,CCCCCCC=CCCCCCCCCCC(=O)OC(COC(=O)CCCCC=CCCCCCCCCCCC)COC(=O)CCCCCCCCC,[M+NH4]+,TG 10:0_18:1_18:1,TG 10:0_18:1(11)_18:1(6),0.238999999999999,0.65949999999998,0.1754850370744958,0.1754850370744958,All,Some,1314059.5441511024,984610.3842380835,1418265.0906225375,0.0
24915,22.361,792.67035,792.70757,46.953001849152955,C49H90O6,CCCCCCCCC=CCCCCCCCC(=O)OC(COC(=O)CCCCCCCC=CCCCCCCCC)COC(=O)CCCCCCCCC,[M+NH4]+,TG 10:0_18:1_18:1,TG 10:0_18:1(9)_18:1(9),0.477999999999998,0.5533149999999978,0.16631305489057813,0.16631305489057813,All,Some,2114001.07328283,1664670.8978950228,1876591.3317572891,0.0
24915,22.361,792.67035,792.70757,46.953001849152955,C49H90O6,CCCCCCCCCCCC=CCCCCC(=O)OC(COC(=O)CCCCCCCC=CCCCCCCCC)COC(=O)CCCCCCCCC,[M+NH4]+,TG 10:0_18:1_18:1,TG 10:0_18:1(6)_18:1(9),0.2544999999999984,0.7115424999999789,0.08315652744528906,0.08315652744528906,All,Some,1045090.3895094834,631586.4742521481,1118988.9676910953,0.0
24925,22.364,790.65527,790.69192,46.35180792034492,C49H88O6,CCCCCCCCC=CCCCCCCCC(=O)OC(COC(=O)CCCCCCCC=CCC=CCCCCC)COC(=O)CCCCCCCCC,[M+NH4]+,TG 10:0_18:1_18:2,"TG 10:0_18:1(9)_18:2(9,12)",0.3620000000000001,0.7401075000000219,0.6347199487219972,0.6347199487219972,Some,Some,1989960.891356723,2315837.7446094905,1654230.5012152218,1367092.9825438904
24925,22.364,790.65527,790.69192,46.35180792034492,C49H88O6,CCCCCCCCC=CCCCCCCCC(=O)OC(COC(=O)CCCCC=CCC=CCCCCCCCC)COC(=O)CCCCCCCCC,[M+NH4]+,TG 10:0_18:1_18:2,"TG 10:0_18:1(9)_18:2(6,9)",0.019999999999999574,0.9211050000000114,0.4358100233099722,0.4358100233099722,Some,Some,1928187.588011132,1599193.1392968616,2148821.319917739,2425805.0317611163
24925,22.364,790.65527,790.69192,46.35180792034492,C49H88O6,CCCCCCC=CCCCCCCCCCC(=O)OC(COC(=O)CCCCCCCC=CCC=CCCCCC)COC(=O)CCCCCCCCC,[M+NH4]+,TG 10:0_18:1_18:2,"TG 10:0_18:1(11)_18:2(9,12)",0.409999999999999,0.8199050000000057,0.35749914776576336,0.35749914776576336,All,Some,1771879.6174560697,1961080.1907342314,1450046.739296701,1094330.5156804882
24925,22.364,790.65527,790.69192,46.35180792034492,C49H88O6,CCCCCCCCCCCC=CCCCCC(=O)OC(COC(=O)CCCCCCCC=CCC=CCCCCC)COC(=O)CCCCCCCCC,[M+NH4]+,TG 10:0_18:1_18:2,"TG 10:0_18:1(6)_18:2(9,12)",0.2723333333333322,0.6561700000000315,0.2778766247113407,0.2778766247113407,All,Some,1710106.3141104784,1301211.3652775376,1957523.3271580809,2153042.564897714
24925,22.364,790.65527,790.69192,46.35180792034492,C49H88O6,CCCCCCC=CCCCCCCCCCC(=O)OC(COC(=O)CCCCC=CCC=CCCCCCCCC)COC(=O)CCCCCCCCC,[M+NH4]+,TG 10:0_18:1_18:2,"TG 10:0_18:1(11)_18:2(6,9)",0.20466666666666455,0.9293349999999995,0.22489253082441332,0.22489253082441332,All,Some,115863.36000640687,200562.6540465377,150493.0570899264,152315.8105336868
24925,22.364,790.65527,790.69192,46.35180792034492,C49H88O6,CCCCCCCCCCCC=CCCCCC(=O)OC(COC(=O)CCCCC=CCC=CCCCCCCCC)COC(=O)CCCCCCCCC,[M+NH4]+,TG 10:0_18:1_18:2,"TG 10:0_18:1(6)_18:2(6,9)",0.06349999999999767,0.6745400000000643,0.2179050116549861,0.2179050116549861,Some,Some,1694002.2290591903,1342114.906035342,1998885.0553223314,2177413.0945831044
24932,22.364,900.80038,900.80147,1.210033549319695,C57H102O6,CCCCCCC=CCCCCCCCCCC(=O)OC(COC(=O)CCCCCCCC=CCC=CCCCCC)COC(=O)CCCCCCCCCC=CCCCCCC,[M+NH4]+,TG 18:1_18:1_18:2,"TG 18:1(11)_18:1(11)_18:2(9,12)",0.6609999999999996,0.2935449999999662,0.7184916260807152,0.7184916260807152,Some,Some,2265739.720078832,2426648.0629145075,2442088.2549587702,2151587.5500486065
24932,22.364,900.80038,900.80147,1.210033549319695,C57H102O6,CCCCCCC=CCCCCCCCCCC(=O)OC(COC(=O)CCCCC=CCC=CCCCCCCCC)COC(=O)CCCCCCCCCC=CCCCCCC,[M+NH4]+,TG 18:1_18:1_18:2,"TG 18:1(11)_18:1(11)_18:2(6,9)",0.6155000000000008,0.5071500000000242,0.709068130537261,0.709068130537261,Some,Some,2220658.3826034674,2384028.5579676,2516820.0197395654,2061429.206966436
24932,22.364,900.80038,900.80147,1.210033549319695,C57H102O6,CCCCCCCCC=CCCCCCCCC(=O)OC(COC(=O)CCCCC=CCC=CCCCCCCCC)COC(=O)CCCCCCCCCC=CCCCCCC,[M+NH4]+,TG 18:1_18:1_18:2,"TG 18:1(11)_18:1(9)_18:2(6,9)",0.7805000000000017,0.7025100000000464,0.6984160688303638,0.6984160688303638,Some,Some,3439867.0541470423,3422878.9910484543,3076396.892610399,2941820.03921504
24932,22.364,900.80038,900.80147,1.210033549319695,C57H102O6,CCCCCCCCC=CCCCCCCCC(=O)OC(COC(=O)CCCCCCCC=CCC=CCCCCC)COC(=O)CCCCCCCCCC=CCCCCCC,[M+NH4]+,TG 18:1_18:1_18:2,"TG 18:1(11)_18:1(9)_18:2(9,12)",0.5573333333333323,0.22446166666664644,0.6940102134619129,0.6940102134619129,Some,Some,3302207.970070482,3493023.592940239,3432193.0020057946,3086217.066780906
24932,22.364,900.80038,900.80147,1.210033549319695,C57H102O6,CCCCCCCCC=CCCCCCCCC(=O)OC(COC(=O)CCCCC=CCC=CCCCCCCCC)COC(=O)CCCCCCCC=CCCCCCCCC,[M+NH4]+,TG 18:1_18:1_18:2,"TG 18:1(9)_18:1(9)_18:2(6,9)",0.4800000000000004,0.5046350000000643,0.6723062615607134,0.6723062615607134,Some,Some,3381100.3106523706,2715217.627659189,2981979.6873507597,2489232.3408742645
24932,22.364,900.80038,900.80147,1.210033549319695,C57H102O6,CCCCCCCCC=CCCCCCCCC(=O)OC(COC(=O)CCCCCCCC=CCC=CCCCCC)COC(=O)CCCCCCCC=CCCCCCCCC,[M+NH4]+,TG 18:1_18:1_18:2,"TG 18:1(9)_18:1(9)_18:2(9,12)",0.4604999999999979,0.08185999999997762,0.6681003204359648,0.6681003204359648,Some,Some,2933507.031432675,3464166.6364657707,3151128.6573911943,3006116.228106309
24932,22.364,900.80038,900.80147,1.210033549319695,C57H102O6,CCCCCCCCCCCC=CCCCCC(=O)OC(COC(=O)CCCCCCCC=CCC=CCCCCC)COC(=O)CCCCC=CCCCCCCCCCCC,[M+NH4]+,TG 18:1_18:1_18:2,"TG 18:1(6)_18:1(6)_18:2(9,12)",0.6073333333333318,0.08031333333330319,0.6656172172492697,0.6656172172492697,Some,Some,1331912.015231987,1395344.8338346682,1226694.5779872013,1281972.6153795454
24932,22.364,900.80038,900.80147,1.210033549319695,C57H102O6,CCCCCCCCCCCC=CCCCCC(=O)OC(COC(=O)CCCCC=CCC=CCCCCCCCC)COC(=O)CCCCCCCCCC=CCCCCCC,[M+NH4]+,TG 18:1_18:1_18:2,"TG 18:1(11)_18:1(6)_18:2(6,9)",0.38599999999999923,0.6293333333333445,0.6232183916910735,0.6232183916910735,Some,Some,2577686.474930688,2122540.1369912657,1738516.0304371363,1965882.9150944948
24932,22.364,900.80038,900.80147,1.210033549319695,C57H102O6,CCCCCCCCCCCC=CCCCCC(=O)OC(COC(=O)CCCCCCCC=CCC=CCCCCC)COC(=O)CCCCCCCCCC=CCCCCCC,[M+NH4]+,TG 18:1_18:1_18:2,"TG 18:1(11)_18:1(6)_18:2(9,12)",0.5191428571428561,0.3256428571428387,0.6134970904886199,0.6134970904886199,All,All,989776.8647493069,1019316.4933135216,812571.2375433794,980606.6797383466
24932,22.364,900.80038,900.80147,1.210033549319695,C57H102O6,CCCCCCCCC=CCCCCCCCC(=O)OC(COC(=O)CCCCC=CCC=CCCCCCCCC)COC(=O)CCCCC=CCCCCCCCCCCC,[M+NH4]+,TG 18:1_18:1_18:2,"TG 18:1(6)_18:1(9)_18:2(6,9)",0.4344999999999999,0.6857875000000604,0.6113964187040307,0.6113964187040307,Some,Some,1657544.1761031498,2056835.0668647848,1521611.6399758032,1835135.3577960485
25024,22.381,766.65461,766.69192,48.66361445407434,C47H88O6,CCCCCCCCCCCCCCCC(=O)OC(COC(=O)CCCCCCCCCC=CCCCCCC)COC(=O)CCCCCCCCC,[M+NH4]+,TG 10:0_16:0_18:1,TG 10:0_16:0_18:1(11),0.48499999999999943,0.5097749999999905,0.31623213229507807,0.31623213229507807,All,Some,16558600.823045267,16086113.886113886,7806409.736308316,8789931.350114416
25024,22.381,766.65461,766.69192,48.66361445407434,C47H88O6,CCCCCCCCCCCCCCCC(=O)OC(COC(=O)CCCCCCCC=CCCCCCCCC)COC(=O)CCCCCCCCC,[M+NH4]+,TG 10:0_16:0_18:1,TG 10:0_16:0_18:1(9),0.09199999999999875,0.90331000000009,0.3107647654048912,0.3107647654048912,All,Some,12141399.176954733,12113886.113886114,21393590.263691682,20310068.649885584
25025,22.381,822.68154,822.75452,88.7020347210197,C51H96O6,CCCCCCCCCCCCCCCC(=O)OC(COC(=O)CCCCC=CCCCCCCCCCCC)COC(=O)CCCCCCCCCCCCC,[M+NH4]+,TG 14:0_16:0_18:1,TG 14:0_16:0_18:1(6),0.15600000000000236,0.802485000000047,0.10752620877828142,0.10752620877828142,All,Some,0.0,999811.1227701994,895647.2153582969,959988.0975996826
25025,22.381,822.68154,822.75452,88.7020347210197,C51H96O6,CCCCCCCCCCCCCCCC(=O)OC(COC(=O)CCCCCCCCCC=CCCCCCC)COC(=O)CCCCCCCCCCCCC,[M+NH4]+,TG 14:0_16:0_18:1,TG 14:0_16:0_18:1(11),0.5829999999999984,0.5320900000000393,0.031815626942091696,0.031815626942091696,All,Some,1490000.0,420188.8772298007,624352.7846417031,750011.9024003174
25041,22.384,764.63938,764.67627,48.24263737134789,C47H86O6,CCCCCCCCCCCCCCCC(=O)OC(COC(=O)CCCCCCCC=CCC=CCCCCC)COC(=O)CCCCCCCCC,[M+NH4]+,TG 10:0_16:0_18:2,"TG 10:0_16:0_18:2(9,12)",0.06400000000000006,0.6303233333333083,0.20512338040117542,0.20512338040117542,All,Some,26800000.0,26600000.0,28300000.0,27200000.0
25073,22.387,888.80041,888.83785,42.12241861656414,C57H106O5,CCCCCCCCC=CCCCCCCCC(=O)OC(COC(=O)CCCCC=CCC=CCCCCCCCC)COCCCCCCCCCCCCCCCCCC,[M+NH4]+,TG O-18:0_18:1_18:2,"TG O-18:0_18:1(9)_18:2(6,9)",0.5180000000000007,0.4791850000000295,0.22040005679337205,0.22040005679337205,Some,Some,419944.20700631244,724712.6643847955,371165.54054054053,398870.24232040154
25073,22.387,888.80041,888.83785,42.12241861656414,C57H106O5,CCCCCCC=CCCCCCCCCCC(=O)OC(COC(=O)CCCCCCCC=CCC=CCCCCC)COCCCCCCCCCCCCCCCCCC,[M+NH4]+,TG O-18:0_18:1_18:2,"TG O-18:0_18:1(11)_18:2(9,12)",0.4759999999999991,0.5273199999999463,0.20341868302869415,0.20341868302869415,All,Some,555548.1840453497,236137.63285894433,438231.98198198207,598163.4744829275
25073,22.387,888.80041,888.83785,42.12241861656414,C57H106O5,CCCCCCC=CCCCCCCCCCC(=O)OC(COC(=O)CCCCC=CCC=CCCCCCCCC)COCCCCCCCCCCCCCCCCCC,[M+NH4]+,TG O-18:0_18:1_18:2,"TG O-18:0_18:1(11)_18:2(6,9)",0.2839999999999989,0.7654300000000376,0.17317306143804362,0.17317306143804362,All,Some,436996.92423239915,613957.8454332553,320442.00450450456,331614.8574225922
25073,22.387,888.80041,888.83785,42.12241861656414,C57H106O5,CCCCCCCCCCCC=CCCCCC(=O)OC(COC(=O)CCCCC=CCC=CCCCCCCCC)COCCCCCCCCCCCCCCCCCC,[M+NH4]+,TG O-18:0_18:1_18:2,"TG O-18:0_18:1(6)_18:2(6,9)",0.27500000000000036,0.7065725000000782,0.1545584847375729,0.1545584847375729,Some,Some,672175.3008708714,359012.7904882004,510988.17567567574,649648.910782034
25073,22.387,888.80041,888.83785,42.12241861656414,C57H106O5,CCCCCCCCCCCC=CCCCCC(=O)OC(COC(=O)CCCCCCCC=CCC=CCCCCC)COCCCCCCCCCCCCCCCCCC,[M+NH4]+,TG O-18:0_18:1_18:2,"TG O-18:0_18:1(6)_18:2(9,12)",0.42079999999999984,0.42037799999998243,0.14825533460313148,0.14825533460313148,All,Some,199389.31707229838,386179.06683480454,221052.92792792793,194793.32395055683
25073,22.387,888.80041,888.83785,42.12241861656414,C57H106O5,CCCCCCCCC=CCCCCCCCC(=O)OC(COC(=O)CCCCCCCC=CCC=CCCCCC)COCCCCCCCCCCCCCCCCCC,[M+NH4]+,TG O-18:0_18:1_18:2,"TG O-18:0_18:1(9)_18:2(9,12)",0.5279999999999987,0.5065524999999695,0.1342038240472251,0.1342038240472251,Some,Some,405946.0667727687,0.0,288119.3693693694,476909.19104148814
25101,22.39,879.74063,879.74121,0.6592847912780733,C55H100O6,CCCCCCCCC=CCCCCCCCC(=O)OC(COC(=O)CCCCCCCC=CCC=CCCCCC)COC(=O)CCCCCCCCCCCCCCC,[M+Na]+,TG 16:0_18:1_18:2,"TG 16:0_18:1(9)_18:2(9,12)",0.44266666666666765,0.14134999999995065,0.1721639227950336,0.1721639227950336,Some,Some,356084.48734565795,476286.80086551706,244538.07106598985,645320.8967088875
25101,22.39,879.74063,879.74121,0.6592847912780733,C55H100O6,CCCCCCC=CCCCCCCCCCC(=O)OC(COC(=O)CCCCCCCC=CCC=CCCCCC)COC(=O)CCCCCCCCCCCCCCC,[M+Na]+,TG 16:0_18:1_18:2,"TG 16:0_18:1(11)_18:2(9,12)",0.39199999999999946,0.10803499999997257,0.14219146683178818,0.14219146683178818,All,Some,1592157.0366327853,645783.883024064,1586429.7800338408,1144268.3767025282
25101,22.39,879.74063,879.74121,0.6592847912780733,C55H100O6,CCCCCCCCCCCC=CCCCCC(=O)OC(COC(=O)CCCCCCCC=CCC=CCCCCC)COC(=O)CCCCCCCCCCCCCCC,[M+Na]+,TG 16:0_18:1_18:2,"TG 16:0_18:1(6)_18:2(9,12)",0.4599999999999994,0.30479399999999257,0.1142311941829415,0.1142311941829415,All,Some,524877.2085408282,1140037.374598387,513617.5972927242,985987.5987068736
25101,22.39,879.74063,879.74121,0.6592847912780733,C55H100O6,CCCCCCCCC=CCCCCCCCC(=O)OC(COC(=O)CCCCC=CCC=CCCCCCCCC)COC(=O)CCCCCCCCCCCCCCC,[M+Na]+,TG 16:0_18:1_18:2,"TG 16:0_18:1(9)_18:2(6,9)",0.32399999999999807,0.5459800000000428,0.013336868664825694,0.013336868664825694,Some,Some,1818925.2336448594,1309534.456756934,1855509.306260575,1584259.8971858604
25101,22.39,879.74063,879.74121,0.6592847912780733,C55H100O6,CCCCCCCCCCCC=CCCCCC(=O)OC(COC(=O)CCCCC=CCC=CCCCCCCCC)COC(=O)CCCCCCCCCCCCCCC,[M+Na]+,TG 16:0_18:1_18:2,"TG 16:0_18:1(6)_18:2(6,9)",0.6084999999999994,0.5260050000000547,0.01183838950453806,0.01183838950453806,Some,Some,287222.0137799304,476286.80086551706,244538.07106598985,466710.47750278236
25101,22.39,879.74063,879.74121,0.6592847912780733,C55H100O6,CCCCCCC=CCCCCCCCCCC(=O)OC(COC(=O)CCCCC=CCC=CCCCCCCCC)COC(=O)CCCCCCCCCCCCCCC,[M+Na]+,TG 16:0_18:1_18:2,"TG 16:0_18:1(11)_18:2(6,9)",0.43049999999999855,0.49286000000006425,0.011240863607649382,0.011240863607649382,All,Some,610734.0200559383,1122070.6838895811,735367.1742808799,653452.7531930681
25117,22.393,874.78512,874.78582,0.8001958695877952,C55H100O6,CCCCCCCCC=CCCCCCCCC(=O)OC(COC(=O)CCCCCCCC=CCC=CCCCCC)COC(=O)CCCCCCCCCCCCCCC,[M+NH4]+,TG 16:0_18:1_18:2,"TG 16:0_18:1(9)_18:2(9,12)",0.3099999999999999,0.6701733333333095,0.6926193355918824,0.6926193355918824,Some,Some,28917884.130982365,30838598.5066054,32514086.3965656,35154639.175257735
25117,22.393,874.78512,874.78582,0.8001958695877952,C55H100O6,CCCCCCCCC=CCCCCCCCC(=O)OC(COC(=O)CCCCC=CCC=CCCCCCCCC)COC(=O)CCCCCCCCCCCCCCC,[M+NH4]+,TG 16:0_18:1_18:2,"TG 16:0_18:1(9)_18:2(6,9)",0.5,0.4918749999999932,0.6853993019090173,0.6853993019090173,Some,Some,35492191.435768254,30516944.284893744,36638475.98604776,36360824.74226805
25117,22.393,874.78512,874.78582,0.8001958695877952,C55H100O6,CCCCCCCCCCCC=CCCCCC(=O)OC(COC(=O)CCCCCCCC=CCC=CCCCCC)COC(=O)CCCCCCCCCCCCCCC,[M+NH4]+,TG 16:0_18:1_18:2,"TG 16:0_18:1(6)_18:2(9,12)",0.12599999999999908,0.9397120000000314,0.6462881759355457,0.6462881759355457,All,Some,16349622.16624685,17626651.34979897,15767104.910115374,18041237.113402065
25117,22.393,874.78512,874.78582,0.8001958695877952,C55H100O6,CCCCCCC=CCCCCCCCCCC(=O)OC(COC(=O)CCCCCCCC=CCC=CCCCCC)COC(=O)CCCCCCCCCCCCCCC,[M+NH4]+,TG 16:0_18:1_18:2,"TG 16:0_18:1(11)_18:2(9,12)",0.2159999999999993,0.7390425000000107,0.6084288322910342,0.6084288322910342,All,Some,31420654.911838796,26632969.557725444,28345156.96270459,29659793.81443299
25117,22.393,874.78512,874.78582,0.8001958695877952,C55H100O6,CCCCCCCCCCCC=CCCCCC(=O)OC(COC(=O)CCCCC=CCC=CCCCCCCCC)COC(=O)CCCCCCCCCCCCCCC,[M+NH4]+,TG 16:0_18:1_18:2,"TG 16:0_18:1(6)_18:2(6,9)",0.2179999999999982,0.7063575000000242,0.5295067728212037,0.5295067728212037,Some,Some,20194458.43828715,20666283.74497415,21459297.021733295,23917525.77319588
25117,22.393,874.78512,874.78582,0.8001958695877952,C55H100O6,CCCCCCC=CCCCCCCCCCC(=O)OC(COC(=O)CCCCC=CCC=CCCCCCCCC)COC(=O)CCCCCCCCCCCCCCC,[M+NH4]+,TG 16:0_18:1_18:2,"TG 16:0_18:1(11)_18:2(6,9)",0.46699999999999875,0.2995274999999822,0.4985688736738613,0.4985688736738613,All,Some,29625188.916876573,27718552.5560023,31275878.722833376,28865979.381443303
25228,22.415,862.78562,862.8222,42.395756622810694,C55H104O5,CCCCCCCCCCCCCCCC(=O)OC(COC(=O)CCCCC=CCCCCCCCCCCC)COCCCCCC=CCCCCCCCCCCC,[M+NH4]+,TG O-18:1_16:0_18:1,TG O-18:1(6)_16:0_18:1(6),0.3390000000000022,0.44923,0.40359698157324264,0.40359698157324264,All,Some,0.0,49954.04255319149,0.0,56648.47952993246
25228,22.415,862.78562,862.8222,42.395756622810694,C55H104O5,CCCCCCCCCCCCCCCC(=O)OC(COC(=O)CCCCCCCCCC=CCCCCCC)COCCCCCC=CCCCCCCCCCCC,[M+NH4]+,TG O-18:1_16:0_18:1,TG O-18:1(6)_16:0_18:1(11),0.3885000000000023,0.48902750000002015,0.38985869511179083,0.38985869511179083,All,Some,0.0,101199.99999999999,0.0,127318.85993361058
25228,22.415,862.78562,862.8222,42.395756622810694,C55H104O5,CCCCCCCCCCCCCCCC(=O)OC(COC(=O)CCCCC=CCCCCCCCCCCC)COCCCCCCCCCCC=CCCCCCC,[M+NH4]+,TG O-18:1_16:0_18:1,TG O-18:1(11)_16:0_18:1(6),0.3885000000000023,0.48902750000002015,0.3898586951117908,0.3898586951117908,All,Some,0.0,49954.04255319149,0.0,76329.61959632186
25228,22.415,862.78562,862.8222,42.395756622810694,C55H104O5,CCCCCCCCCCCCCCCC(=O)OC(COC(=O)CCCCCCCC=CCCCCCCCC)COCCCCCC=CCCCCCCCCCCC,[M+NH4]+,TG O-18:1_16:0_18:1,TG O-18:1(6)_16:0_18:1(9),0.19700000000000095,0.46693249999998443,0.3790144130629105,0.3790144130629105,All,Some,0.0,101199.99999999999,0.0,127318.85993361058
25228,22.415,862.78562,862.8222,42.395756622810694,C55H104O5,CCCCCCCCCCCCCCCC(=O)OC(COC(=O)CCCCC=CCCCCCCCCCCC)COCCCCCCCCC=CCCCCCCCC,[M+NH4]+,TG O-18:1_16:0_18:1,TG O-18:1(9)_16:0_18:1(6),0.19700000000000095,0.46693249999998443,0.3790144130629105,0.3790144130629105,All,Some,0.0,51245.957446808505,0.0,70670.38040367812
25228,22.415,862.78562,862.8222,42.395756622810694,C55H104O5,CCCCCCCCCCCCCCCC(=O)OC(COC(=O)CCCCCCCCCC=CCCCCCC)COCCCCCCCCCCC=CCCCCCC,[M+NH4]+,TG O-18:1_16:0_18:1,TG O-18:1(11)_16:0_18:1(11),0.4380000000000024,0.5288250000000403,0.37612040865033897,0.37612040865033897,All,All,0.0,51245.957446808505,0.0,90351.52047006752
25228,22.415,862.78562,862.8222,42.395756622810694,C55H104O5,CCCCCCCCCCCCCCCC(=O)OC(COC(=O)CCCCCCCC=CCCCCCCCC)COCCCCCCCCCCC=CCCCCCC,[M+NH4]+,TG O-18:1_16:0_18:1,TG O-18:1(11)_16:0_18:1(9),0.24650000000000105,0.5067300000000046,0.3652761266014587,0.3652761266014587,All,Some,0.0,49954.04255319149,0.0,76329.61959632186
25228,22.415,862.78562,862.8222,42.395756622810694,C55H104O5,CCCCCCCCCCCCCCCC(=O)OC(COC(=O)CCCCCCCCCC=CCCCCCC)COCCCCCCCCC=CCCCCCCCC,[M+NH4]+,TG O-18:1_16:0_18:1,TG O-18:1(9)_16:0_18:1(11),0.24650000000000105,0.5067300000000046,0.3652761266014587,0.3652761266014587,All,Some,0.0,51245.957446808505,0.0,90351.52047006752
25228,22.415,862.78562,862.8222,42.395756622810694,C55H104O5,CCCCCCCCCCCCCCCC(=O)OC(COC(=O)CCCCCCCC=CCCCCCCCC)COCCCCCCCCC=CCCCCCCCC,[M+NH4]+,TG O-18:1_16:0_18:1,TG O-18:1(9)_16:0_18:1(9),0.054999999999999716,0.48463499999996884,0.3544318445525784,0.3544318445525784,All,Some,0.0,0.0,0.0,19681.14006638941
25246,22.424,848.76951,848.77017,0.7775956594221056,C53H98O6,CCCCCCC=CCCCCCCCC(=O)OC(COC(=O)CCCCCCCCCC=CCCCCCC)COC(=O)CCCCCCCCCCCCCCC,[M+NH4]+,TG 16:0_16:1_18:1,TG 16:0_16:1(9)_18:1(11),0.5479999999999983,0.5240150000000767,0.749019303693278,0.749019303693278,All,All,0.0,7004259.313581697,7954786.735777181,0.0
25246,22.424,848.76951,848.77017,0.7775956594221056,C53H98O6,CCCCCCCCC=CCCCCCC(=O)OC(COC(=O)CCCCCCCCCC=CCCCCCC)COC(=O)CCCCCCCCCCCCCCC,[M+NH4]+,TG 16:0_16:1_18:1,TG 16:0_16:1(7)_18:1(11),0.4834999999999994,0.7376925000000369,0.6353656950616432,0.6353656950616432,All,All,0.0,4364388.383690232,5100705.6766377315,0.0
25246,22.424,848.76951,848.77017,0.7775956594221056,C53H98O6,CCCCCCC=CCCCCCCCC(=O)OC(COC(=O)CCCCCCCC=CCCCCCCCC)COC(=O)CCCCCCCCCCCCCCC,[M+NH4]+,TG 16:0_16:1_18:1,TG 16:0_16:1(9)_18:1(9),0.4834999999999994,0.7376925000000369,0.6353656950616432,0.6353656950616432,All,All,0.0,4973916.104429452,5238106.538437519,0.0
25246,22.424,848.76951,848.77017,0.7775956594221056,C53H98O6,CCCCCCCCCC=CCCCCC(=O)OC(COC(=O)CCCCCCCCCC=CCCCCCC)COC(=O)CCCCCCCCCCCCCCC,[M+NH4]+,TG 16:0_16:1_18:1,TG 16:0_16:1(6)_18:1(11),0.363999999999999,0.5169300000000305,0.5770712919297347,0.5770712919297347,All,Some,0.0,4621366.969785861,4659576.59401736,0.0
25246,22.424,848.76951,848.77017,0.7775956594221056,C53H98O6,CCCCCCCCC=CCCCCCC(=O)OC(COC(=O)CCCCCCCC=CCCCCCCCC)COC(=O)CCCCCCCCCCCCCCC,[M+NH4]+,TG 16:0_16:1_18:1,TG 16:0_16:1(7)_18:1(9),0.4190000000000005,0.9513699999999972,0.5217120864300085,0.5217120864300085,All,All,0.0,1981496.0398943974,1805495.5348779117,0.0
25246,22.424,848.76951,848.77017,0.7775956594221056,C53H98O6,CCCCCCC=CCCCCCCCC(=O)OC(COC(=O)CCCCC=CCCCCCCCCCCC)COC(=O)CCCCCCCCCCCCCCC,[M+NH4]+,TG 16:0_16:1_18:1,TG 16:0_16:1(9)_18:1(6),0.32849999999999824,0.7139900000000239,0.473706618054779,0.473706618054779,All,Some,0.0,1295511.8803168086,971448.1983388495,0.0
25246,22.424,848.76951,848.77017,0.7775956594221056,C53H98O6,CCCCCCCCCC=CCCCCC(=O)OC(COC(=O)CCCCCCCC=CCCCCCCCC)COC(=O)CCCCCCCCCCCCCCC,[M+NH4]+,TG 16:0_16:1_18:1,TG 16:0_16:1(6)_18:1(9),0.2995000000000001,0.7306074999999908,0.4634176832981,0.4634176832981,All,Some,0.0,3325855.089469053,3688128.395678511,0.0
25246,22.424,848.76951,848.77017,0.7775956594221056,C53H98O6,CCCCCCCCC=CCCCCCC(=O)OC(COC(=O)CCCCC=CCCCCCCCCCCC)COC(=O)CCCCCCCCCCCCCCC,[M+NH4]+,TG 16:0_16:1_18:1,TG 16:0_16:1(7)_18:1(6),0.26399999999999935,0.9276674999999841,0.3600530094231443,0.3600530094231443,All,Some,0.0,4011839.2490466414,4522175.732217573,0.0
25246,22.424,848.76951,848.77017,0.7775956594221056,C53H98O6,CCCCCCCCCC=CCCCCC(=O)OC(COC(=O)CCCCC=CCCCCCCCCCCC)COC(=O)CCCCCCCCCCCCCCC,[M+NH4]+,TG 16:0_16:1_18:1,TG 16:0_16:1(6)_18:1(6),0.14449999999999896,0.7069049999999777,0.30175860629123574,0.30175860629123574,All,Some,0.0,4621366.969785862,4659576.59401736,0.0
25256,22.429,818.68772,818.72322,43.36019686843173,C51H92O6,CCCCCCCCC=CCCCCCCCC(=O)OC(COC(=O)CCCCCCCC=CCC=CCCCCC)COC(=O)CCCCCCCCCCC,[M+NH4]+,TG 12:0_18:1_18:2,"TG 12:0_18:1(9)_18:2(9,12)",0.5305,0.6810175000000527,0.4863873686202381,0.4863873686202381,Some,Some,196253.92070353922,120074.69276620797,38168.9117401533,170153.95046464325
25256,22.429,818.68772,818.72322,43.36019686843173,C51H92O6,CCCCCCC=CCCCCCCCCCC(=O)OC(COC(=O)CCCCCCCC=CCC=CCCCCC)COC(=O)CCCCCCCCCCC,[M+NH4]+,TG 12:0_18:1_18:2,"TG 12:0_18:1(11)_18:2(9,12)",0.3766666666666687,0.7569533333333425,0.45954679847732544,0.45954679847732544,All,Some,303325.7205567213,227837.22128191922,95257.22850421189,392420.9308818251
25256,22.429,818.68772,818.72322,43.36019686843173,C51H92O6,CCCCCCCCCCCC=CCCCCC(=O)OC(COC(=O)CCCCCCCC=CCC=CCCCCC)COC(=O)CCCCCCCCCCC,[M+NH4]+,TG 12:0_18:1_18:2,"TG 12:0_18:1(6)_18:2(9,12)",0.3190000000000026,0.7583266666666949,0.4196088084566086,0.4196088084566086,All,Some,159370.01801855242,82765.1041283391,39732.678151324275,136313.96322737608
25256,22.429,818.68772,818.72322,43.36019686843173,C51H92O6,CCCCCCCCCCCC=CCCCCC(=O)OC(COC(=O)CCCCC=CCC=CCCCCCCCC)COC(=O)CCCCCCCCCCC,[M+NH4]+,TG 12:0_18:1_18:2,"TG 12:0_18:1(6)_18:2(6,9)",0.41850000000000165,0.8576950000000636,0.32309506956714296,0.32309506956714296,Some,Some,321767.67189921474,203026.34483773643,103377.24823556197,358580.9436445579
25256,22.429,818.68772,818.72322,43.36019686843173,C51H92O6,CCCCCCCCC=CCCCCCCCC(=O)OC(COC(=O)CCCCC=CCC=CCCCCCCCC)COC(=O)CCCCCCCCCCC,[M+NH4]+,TG 12:0_18:1_18:2,"TG 12:0_18:1(9)_18:2(6,9)",0.5539999999999985,0.4764099999999871,0.28061735062467935,0.28061735062467935,Some,Some,96253.17919932374,46388.25520641696,21615.63709493815,59442.428109919034
25256,22.429,818.68772,818.72322,43.36019686843173,C51H92O6,CCCCCCC=CCCCCCCCCCC(=O)OC(COC(=O)CCCCC=CCC=CCCCCCCCC)COC(=O)CCCCCCCCCCC,[M+NH4]+,TG 12:0_18:1_18:2,"TG 12:0_18:1(11)_18:2(6,9)",0.388666666666668,0.7404983333333348,0.25533470306547873,0.25533470306547873,All,Some,253029.4896226485,164908.3817793804,82848.29627381043,263087.78367167874
25271,22.432,846.71815,846.75452,42.952236026941854,C53H96O6,CCCCCCC=CCCCCCCCCCC(=O)OC(COC(=O)CCCCCCCCCC=CCCCCCC)COC(=O)CCCCCCCC=CCCCC,[M+NH4]+,TG 14:1_18:1_18:1,TG 14:1(9)_18:1(11)_18:1(11),0.41100000000000136,0.10361499999993384,0.3612683252328361,0.3612683252328361,All,All,7385.232974910394,15294.940112441946,8674.286092890745,10863.793416984907
25271,22.432,846.71815,846.75452,42.952236026941854,C53H96O6,CCCCCCC=CCCCCCCCCCC(=O)OC(COC(=O)CCCCCCCCCC=CCCCCCC)COC(=O)CCCCC=CCCCCCCC,[M+NH4]+,TG 14:1_18:1_18:1,TG 14:1(6)_18:1(11)_18:1(11),0.5693333333333351,0.6469366666666853,0.3585496143824684,0.3585496143824684,All,All,7385.232974910394,15294.940112441946,8674.286092890745,10863.793416984907
25271,22.432,846.71815,846.75452,42.952236026941854,C53H96O6,CCCCCCC=CCCCCCCCCCC(=O)OC(COC(=O)CCCCCCCC=CCCCCCCCC)COC(=O)CCCCC=CCCCCCCC,[M+NH4]+,TG 14:1_18:1_18:1,TG 14:1(6)_18:1(11)_18:1(9),0.45200000000000246,0.735748000000035,0.33291715493064256,0.33291715493064256,All,Some,0.0,10607.479833781472,0.0,7389.252591380251
25271,22.432,846.71815,846.75452,42.952236026941854,C53H96O6,CCCCCCC=CCCCCCCCCCC(=O)OC(COC(=O)CCCCCCCC=CCCCCCCCC)COC(=O)CCCCCCCC=CCCCC,[M+NH4]+,TG 14:1_18:1_18:1,TG 14:1(9)_18:1(11)_18:1(9),0.34350000000000236,0.4862899999999968,0.32786839549287,0.32786839549287,All,Some,77702.0788530466,58864.043021266196,71337.10991850526,26700.58192398618
25271,22.432,846.71815,846.75452,42.952236026941854,C53H96O6,CCCCCCC=CCCCCCCCCCC(=O)OC(COC(=O)CCCCCCCCCC=CCCCCCC)COC(=O)CCCC=CCCCCCCCC,[M+NH4]+,TG 14:1_18:1_18:1,TG 14:1(5)_18:1(11)_18:1(11),0.27666666666666845,0.6229466666666971,0.32500018881743137,0.32500018881743137,All,Some,99052.47311827957,64261.158640919086,96539.05784138343,33125.20458265139
25271,22.432,846.71815,846.75452,42.952236026941854,C53H96O6,CCCCCCC=CCCCCCCCCCC(=O)OC(COC(=O)CCCCCCCC=CCCCCCCCC)COC(=O)CCCC=CCCCCCCCC,[M+NH4]+,TG 14:1_18:1_18:1,TG 14:1(5)_18:1(11)_18:1(9),0.27666666666666845,0.6229466666666971,0.32500018881743137,0.32500018881743137,All,Some,77702.0788530466,69471.52285504766,71337.10991850526,34089.83451536643
25271,22.432,846.71815,846.75452,42.952236026941854,C53H96O6,CCCCCCCCC=CCCCCCCCC(=O)OC(COC(=O)CCCCCCCC=CCCCCCCCC)COC(=O)CCCCC=CCCCCCCC,[M+NH4]+,TG 14:1_18:1_18:1,TG 14:1(6)_18:1(9)_18:1(9),0.4955000000000034,0.8869575000000509,0.3196305349266817,0.3196305349266817,All,Some,70316.8458781362,64784.062576387194,62662.82382561452,30615.293689761776
25271,22.432,846.71815,846.75452,42.952236026941854,C53H96O6,CCCCCCCCC=CCCCCCCCC(=O)OC(COC(=O)CCCCCCCC=CCCCCCCCC)COC(=O)CCCCCCCC=CCCCC,[M+NH4]+,TG 14:1_18:1_18:1,TG 14:1(9)_18:1(9)_18:1(9),0.3653333333333369,0.6047500000000051,0.30846998234166456,0.30846998234166456,All,Some,26280.43010752688,22298.117819604005,34149.87080103359,13682.760501909437
25271,22.432,846.71815,846.75452,42.952236026941854,C53H96O6,CCCCCCCCC=CCCCCCCCC(=O)OC(COC(=O)CCCCCCCC=CCCCCCCCC)COC(=O)CCCC=CCCCCCCCC,[M+NH4]+,TG 14:1_18:1_18:1,TG 14:1(5)_18:1(9)_18:1(9),0.27600000000000335,0.8689650000000597,0.2944684657529039,0.2944684657529039,All,Some,26280.43010752688,32905.59765338548,34149.87080103359,21072.01309328969
25271,22.432,846.71815,846.75452,42.952236026941854,C53H96O6,CCCCCCC=CCCCCCCCCCC(=O)OC(COC(=O)CCCCC=CCCCCCCCCCCC)COC(=O)CCCCC=CCCCCCCC,[M+NH4]+,TG 14:1_18:1_18:1,TG 14:1(6)_18:1(11)_18:1(6),0.4088000000000022,0.7218620000000329,0.28337895737575847,0.28337895737575847,All,Some,18895.197132616486,28218.137374725004,25475.584708142847,17597.472267685032
25297,22.444,853.72651,853.72556,1.1127697757917712,C53H98O6,CCCCCCC=CCCCCCCCC(=O)OC(COC(=O)CCCCCCCCCC=CCCCCCC)COC(=O)CCCCCCCCCCCCCCC,[M+Na]+,TG 16:0_16:1_18:1,TG 16:0_16:1(9)_18:1(11),0.7379999999999995,0.5171849999999836,0.48138367438436425,0.48138367438436425,All,All,98986.51495996628,139329.77624784852,131227.4678111588,77627.61830876648
25297,22.444,853.72651,853.72556,1.1127697757917712,C53H98O6,CCCCCCC=CCCCCCCCC(=O)OC(COC(=O)CCCCCCCC=CCCCCCCCC)COC(=O)CCCCCCCCCCCCCCC,[M+Na]+,TG 16:0_16:1_18:1,TG 16:0_16:1(9)_18:1(9),0.5609999999999999,0.32309500000002345,0.3811534148892709,0.3811534148892709,All,All,70507.79603876949,0.0,0.0,71031.80760279286
25297,22.444,853.72651,853.72556,1.1127697757917712,C53H98O6,CCCCCCCCC=CCCCCCC(=O)OC(COC(=O)CCCCCCCCCC=CCCCCCC)COC(=O)CCCCCCCCCCCCCCC,[M+Na]+,TG 16:0_16:1_18:1,TG 16:0_16:1(7)_18:1(11),0.5609999999999999,0.32309500000002345,0.38115341488927085,0.38115341488927085,All,All,76708.80741677202,57870.22375215147,102772.5321888412,186373.93328161366
25297,22.444,853.72651,853.72556,1.1127697757917712,C53H98O6,CCCCCCC=CCCCCCCCC(=O)OC(COC(=O)CCCCC=CCCCCCCCCCCC)COC(=O)CCCCCCCCCCCCCCC,[M+Na]+,TG 16:0_16:1_18:1,TG 16:0_16:1(9)_18:1(6),0.43400000000000105,0.517060000000015,0.3245737884189469,0.3245737884189469,All,Some,175695.3223767383,197200.0,234000.0,175380.91543832427
25297,22.444,853.72651,853.72556,1.1127697757917712,C53H98O6,CCCCCCCCC=CCCCCCC(=O)OC(COC(=O)CCCCCCCC=CCCCCCCCC)COC(=O)CCCCCCCCCCCCCCC,[M+Na]+,TG 16:0_16:1_18:1,TG 16:0_16:1(7)_18:1(9),0.38400000000000034,0.12900500000006332,0.28092315539417745,0.28092315539417745,All,All,147216.6034555415,57870.22375215147,102772.5321888412,168785.10473235068
25297,22.444,853.72651,853.72556,1.1127697757917712,C53H98O6,CCCCCCCCCC=CCCCCC(=O)OC(COC(=O)CCCCCCCCCC=CCCCCCC)COC(=O)CCCCCCCCCCCCCCC,[M+Na]+,TG 16:0_16:1_18:1,TG 16:0_16:1(6)_18:1(11),0.573500000000001,0.4926775000000134,0.24069183719218212,0.24069183719218212,All,Some,76708.80741677202,57870.22375215147,102772.5321888412,142063.61520558572
25297,22.444,853.72651,853.72556,1.1127697757917712,C53H98O6,CCCCCCCCC=CCCCCCC(=O)OC(COC(=O)CCCCC=CCCCCCCCCCCC)COC(=O)CCCCCCCCCCCCCCC,[M+Na]+,TG 16:0_16:1_18:1,TG 16:0_16:1(7)_18:1(6),0.25700000000000145,0.3229700000000548,0.2243435289238535,0.2243435289238535,All,Some,98986.51495996628,139329.77624784852,131227.4678111588,33317.300232738555
25297,22.444,853.72651,853.72556,1.1127697757917712,C53H98O6,CCCCCCCCCC=CCCCCC(=O)OC(COC(=O)CCCCCCCC=CCCCCCCCC)COC(=O)CCCCCCCCCCCCCCC,[M+Na]+,TG 16:0_16:1_18:1,TG 16:0_16:1(6)_18:1(9),0.3965000000000014,0.2985875000000533,0.14046157769708872,0.14046157769708872,All,Some,169494.31099873577,139329.77624784852,131227.4678111588,60038.78975950349
25297,22.444,853.72651,853.72556,1.1127697757917712,C53H98O6,CCCCCCCCCC=CCCCCC(=O)OC(COC(=O)CCCCC=CCCCCCCCCCCC)COC(=O)CCCCCCCCCCCCCCC,[M+Na]+,TG 16:0_16:1_18:1,TG 16:0_16:1(6)_18:1(6),0.2695000000000025,0.4925525000000448,0.08388195122676478,0.08388195122676478,All,Some,175695.3223767383,197200.0,234000.0,175380.91543832427
25372,22.475,836.7691,836.80655,44.75347378678536,C53H102O5,CCCCCCCCCCCCCCCC(=O)OC(COC(=O)CCCCCCCCCC=CCCCCCC)COCCCCCCCCCCCCCCCC,[M+NH4]+,TG O-16:0_16:0_18:1,TG O-16:0_16:0_18:1(11),0.4280000000000008,0.9336199999999621,0.3547290705427378,0.3547290705427378,All,All,70579.00820078155,0.0,0.0,0.0
25372,22.475,836.7691,836.80655,44.75347378678536,C53H102O5,CCCCCCCCCCCCCCCC(=O)OC(COC(=O)CCCCC=CCCCCCCCCCCC)COCCCCCCCCCCCCCCCC,[M+NH4]+,TG O-16:0_16:0_18:1,TG O-16:0_16:0_18:1(6),0.29699999999999704,0.5097750000000474,0.30719194492608254,0.30719194492608254,All,Some,119218.99939457317,0.0,0.0,0.0
25372,22.475,836.7691,836.80655,44.75347378678536,C53H102O5,CCCCCCCCCCCCCCCC(=O)OC(COC(=O)CCCCCCCC=CCCCCCCCC)COCCCCCCCCCCCCCCCC,[M+NH4]+,TG O-16:0_16:0_18:1,TG O-16:0_16:0_18:1(9),0.10700000000000287,0.4458099999999945,0.2149727318219062,0.2149727318219062,All,Some,428201.99240464525,0.0,0.0,0.0
25377,22.476,792.67068,792.70757,46.53670709879169,C49H90O6,CCCCCCC=CCCCCCCCCCC(=O)OC(COC(=O)CCCCCCCCCC=CCCCCCC)COC(=O)CCCCCCCCC,[M+NH4]+,TG 10:0_18:1_18:1,TG 10:0_18:1(11)_18:1(11),0.24900000000000233,0.46643000000000256,0.35566682711385683,0.35566682711385683,All,Some,456519.03973509936,0.0,0.0,989292.6613090318
25377,22.476,792.67068,792.70757,46.53670709879169,C49H90O6,CCCCCCC=CCCCCCCCCCC(=O)OC(COC(=O)CCCCCCCC=CCCCCCCCC)COC(=O)CCCCCCCCC,[M+NH4]+,TG 10:0_18:1_18:1,TG 10:0_18:1(11)_18:1(9),0.3360000000000021,0.28368500000004815,0.2615947283228378,0.2615947283228378,All,Some,586396.9370860928,0.0,0.0,1160193.6838598766
25377,22.476,792.67068,792.70757,46.53670709879169,C49H90O6,CCCCCCC=CCCCCCCCCCC(=O)OC(COC(=O)CCCCC=CCCCCCCCCCCC)COC(=O)CCCCCCCCC,[M+NH4]+,TG 10:0_18:1_18:1,TG 10:0_18:1(11)_18:1(6),0.17650000000000254,0.4880575000000249,0.17783341355692842,0.17783341355692842,All,Some,2193414.7350993375,0.0,0.0,4219399.318299437
25377,22.476,792.67068,792.70757,46.53670709879169,C49H90O6,CCCCCCCCC=CCCCCCCCC(=O)OC(COC(=O)CCCCCCCC=CCCCCCCCC)COC(=O)CCCCCCCCC,[M+NH4]+,TG 10:0_18:1_18:1,TG 10:0_18:1(9)_18:1(9),0.4230000000000018,0.10094000000009373,0.16752262953181887,0.16752262953181887,All,Some,1866773.592715232,0.0,0.0,3401007.6795412498
25377,22.476,792.67068,792.70757,46.53670709879169,C49H90O6,CCCCCCCCCCCC=CCCCCC(=O)OC(COC(=O)CCCCCCCC=CCCCCCCCC)COC(=O)CCCCCCCCC,[M+NH4]+,TG 10:0_18:1_18:1,TG 10:0_18:1(6)_18:1(9),0.2635000000000023,0.3053125000000705,0.08376131476590944,0.08376131476590944,All,Some,1736895.6953642385,0.0,0.0,3230106.6569904047
25470,22.513,846.71831,846.75452,42.76327925593212,C53H96O6,CCCCCCC=CCCCCCCCCCC(=O)OC(COC(=O)CCCCCCCCCC=CCCCCCC)COC(=O)CCCCC=CCCCCCCC,[M+NH4]+,TG 14:1_18:1_18:1,TG 14:1(6)_18:1(11)_18:1(11),0.5153333333333331,0.6469899999999976,0.3395919993138263,0.3395919993138263,All,Some,0.0,0.0,0.0,12653.623587765225
25470,22.513,846.71831,846.75452,42.76327925593212,C53H96O6,CCCCCCC=CCCCCCCCCCC(=O)OC(COC(=O)CCCCCCCCCC=CCCCCCC)COC(=O)CCCCCCCC=CCCCC,[M+NH4]+,TG 14:1_18:1_18:1,TG 14:1(9)_18:1(11)_18:1(11),0.5833333333333357,0.39091999999997523,0.3256802195318589,0.3256802195318589,All,Some,0.0,0.0,0.0,12653.623587765225
25470,22.513,846.71831,846.75452,42.76327925593212,C53H96O6,CCCCCCC=CCCCCCCCCCC(=O)OC(COC(=O)CCCCCCCC=CCCCCCCCC)COC(=O)CCCCC=CCCCCCCC,[M+NH4]+,TG 14:1_18:1_18:1,TG 14:1(6)_18:1(11)_18:1(9),0.37799999999999867,0.5849839999999858,0.3219337650223698,0.3219337650223698,All,Some,0.0,0.0,0.0,8462.110774317993
25470,22.513,846.71831,846.75452,42.76327925593212,C53H96O6,CCCCCCC=CCCCCCCCCCC(=O)OC(COC(=O)CCCCCCCCCC=CCCCCCC)COC(=O)CCCC=CCCCCCCCC,[M+NH4]+,TG 14:1_18:1_18:1,TG 14:1(5)_18:1(11)_18:1(11),0.261333333333333,0.3715666666666569,0.3212605050076257,0.3212605050076257,All,Some,0.0,0.0,0.0,32210.250757784514
25470,22.513,846.71831,846.75452,42.76327925593212,C53H96O6,CCCCCCC=CCCCCCCCCCC(=O)OC(COC(=O)CCCCCCCC=CCCCCCCCC)COC(=O)CCCC=CCCCCCCCC,[M+NH4]+,TG 14:1_18:1_18:1,TG 14:1(5)_18:1(11)_18:1(9),0.261333333333333,0.3715666666666569,0.3212605050076257,0.3212605050076257,All,Some,0.0,0.0,0.0,37192.61504546707
25470,22.513,846.71831,846.75452,42.76327925593212,C53H96O6,CCCCCCC=CCCCCCCCCCC(=O)OC(COC(=O)CCCCCCCC=CCCCCCCCC)COC(=O)CCCCCCCC=CCCCC,[M+NH4]+,TG 14:1_18:1_18:1,TG 14:1(9)_18:1(11)_18:1(9),0.4188000000000002,0.43134199999997236,0.31358669715318943,0.31358669715318943,All,Some,0.0,0.0,0.0,40672.361532102506
25470,22.513,846.71831,846.75452,42.76327925593212,C53H96O6,CCCCCCCCC=CCCCCCCCC(=O)OC(COC(=O)CCCCCCCC=CCCCCCCCC)COC(=O)CCCCC=CCCCCCCC,[M+NH4]+,TG 14:1_18:1_18:1,TG 14:1(6)_18:1(9)_18:1(9),0.36249999999999716,0.6985424999999736,0.30919503431483564,0.30919503431483564,All,Some,0.0,0.0,0.0,36480.848718655274
25470,22.513,846.71831,846.75452,42.76327925593212,C53H96O6,CCCCCCCCC=CCCCCCCCC(=O)OC(COC(=O)CCCCCCCC=CCCCCCCCC)COC(=O)CCCCCCCC=CCCCC,[M+NH4]+,TG 14:1_18:1_18:1,TG 14:1(9)_18:1(9)_18:1(9),0.4134999999999991,0.5064899999999568,0.2987611994783601,0.2987611994783601,All,Some,0.0,0.0,0.0,17647.28575365114
25470,22.513,846.71831,846.75452,42.76327925593212,C53H96O6,CCCCCCCCC=CCCCCCCCC(=O)OC(COC(=O)CCCCCCCC=CCCCCCCCC)COC(=O)CCCC=CCCCCCCCC,[M+NH4]+,TG 14:1_18:1_18:1,TG 14:1(5)_18:1(9)_18:1(9),0.17199999999999704,0.4919749999999681,0.29544641358518525,0.29544641358518525,All,Some,0.0,0.0,0.0,26109.396527969133
25470,22.513,846.71831,846.75452,42.76327925593212,C53H96O6,CCCCCCC=CCCCCCCCCCC(=O)OC(COC(=O)CCCCC=CCCCCCCCCCCC)COC(=O)CCCCC=CCCCCCCC,[M+NH4]+,TG 14:1_18:1_18:1,TG 14:1(6)_18:1(11)_18:1(6),0.35679999999999834,0.7218980000000101,0.269766688104485,0.269766688104485,All,Some,0.0,0.0,0.0,21917.883714521904
25485,22.523,914.81676,914.8535,40.159435363158,C59H108O5,CCCCCCC=CCCCCCCCCCC(=O)OC(COC(=O)CCCCC=CCC=CCCCCCCCC)COCCCCCCCCCCCCC=CCCCCCC,[M+NH4]+,TG O-20:1_18:1_18:2,"TG O-20:1(13)_18:1(11)_18:2(6,9)",0.8060000000000009,0.10010999999997239,0.6369896888531321,0.6369896888531321,Some,Some,0.0,47533.90875462392,65576.53323368677,44814.58905215566
25485,22.523,914.81676,914.8535,40.159435363158,C59H108O5,CCCCCCC=CCCCCCCCCCC(=O)OC(COC(=O)CCCCCCCC=CCC=CCCCCC)COCCCCCCCCCCCCC=CCCCCCC,[M+NH4]+,TG O-20:1_18:1_18:2,"TG O-20:1(13)_18:1(11)_18:2(9,12)",0.5479999999999995,0.628276666666693,0.6159988839466043,0.6159988839466043,Some,Some,0.0,77211.6013509891,112630.389088701,69322.8645244631
25485,22.523,914.81676,914.8535,40.159435363158,C59H108O5,CCCCCCCCC=CCCCCCCCC(=O)OC(COC(=O)CCCCC=CCC=CCCCCCCCC)COCCCCCCCCCCC=CCCCCCCCC,[M+NH4]+,TG O-20:1_18:1_18:2,"TG O-20:1(11)_18:1(9)_18:2(6,9)",0.8840000000000003,0.11871999999993932,0.6108729401117584,0.6108729401117584,Some,Some,0.0,32130.166729212455,45524.77929842589,31105.92604553528
25485,22.523,914.81676,914.8535,40.159435363158,C59H108O5,CCCCCCC=CCCCCCCCCCC(=O)OC(COC(=O)CCCCCCCC=CCC=CCCCCC)COCCCCCCCCCCC=CCCCCCCCC,[M+NH4]+,TG O-20:1_18:1_18:2,"TG O-20:1(11)_18:1(11)_18:2(9,12)",0.5524000000000001,0.41233799999999976,0.5848087953320423,0.5848087953320423,Some,Some,0.0,0.0,0.0,7681.414500242209
25485,22.523,914.81676,914.8535,40.159435363158,C59H108O5,CCCCCCC=CCCCCCCCCCC(=O)OC(COC(=O)CCCCC=CCC=CCCCCCCCC)COCCCCCCCCCCC=CCCCCCCCC,[M+NH4]+,TG O-20:1_18:1_18:2,"TG O-20:1(11)_18:1(11)_18:2(6,9)",0.6199999999999998,0.09739999999995537,0.5715086323967252,0.5715086323967252,Some,Some,0.0,38908.91545595882,59112.70960810874,39471.823025997095
25485,22.523,914.81676,914.8535,40.159435363158,C59H108O5,CCCCCCCCC=CCCCCCCCC(=O)OC(COC(=O)CCCCC=CCC=CCCCCCCCC)COCCCCCCCCCCCCC=CCCCCCC,[M+NH4]+,TG O-20:1_18:1_18:2,"TG O-20:1(13)_18:1(9)_18:2(6,9)",0.6199999999999998,0.09739999999995537,0.5715086323967252,0.5715086323967252,Some,Some,0.0,38302.685895030285,53517.67948059227,37532.455998708225
25485,22.523,914.81676,914.8535,40.159435363158,C59H108O5,CCCCCCCCC=CCCCCCCCC(=O)OC(COC(=O)CCCCCCCC=CCC=CCCCCC)COCCCCCCCCCCCCC=CCCCCCC,[M+NH4]+,TG O-20:1_18:1_18:2,"TG O-20:1(13)_18:1(9)_18:2(9,12)",0.5091999999999999,0.4323959999999715,0.5677435400643558,0.5677435400643558,Some,Some,0.0,69165.28172411943,102170.1153720398,56469.80461811724
25485,22.523,914.81676,914.8535,40.159435363158,C59H108O5,CCCCCCCCC=CCCCCCCCC(=O)OC(COC(=O)CCCCCCCC=CCC=CCCCCC)COCCCCCCCCCCC=CCCCCCCCC,[M+NH4]+,TG O-20:1_18:1_18:2,"TG O-20:1(11)_18:1(9)_18:2(9,12)",0.5084999999999997,0.4950474999999983,0.5652343847664264,0.5652343847664264,Some,Some,0.0,101295.44845333188,150544.5373441076,84780.76053608913
25485,22.523,914.81676,914.8535,40.159435363158,C59H108O5,CCCCCCCCCCCC=CCCCCC(=O)OC(COC(=O)CCCCCCCC=CCC=CCCCCC)COCCCCCCCCCCC=CCCCCCCCC,[M+NH4]+,TG O-20:1_18:1_18:2,"TG O-20:1(11)_18:1(6)_18:2(9,12)",0.4676000000000002,0.4347399999999652,0.5339937284391469,0.5339937284391469,Some,Some,0.0,47533.90875462392,65576.53323368677,44814.58905215566
25485,22.523,914.81676,914.8535,40.159435363158,C59H108O5,CCCCCCCCCCCC=CCCCCC(=O)OC(COC(=O)CCCCCCCC=CCC=CCCCCC)COCCCCCCCCCCCCC=CCCCCCC,[M+NH4]+,TG O-20:1_18:1_18:2,"TG O-20:1(13)_18:1(6)_18:2(9,12)",0.4654285714285708,0.5565114285714279,0.4567516691109405,0.4567516691109405,All,All,0.0,61918.0828821101,89346.72334065114,55005.77264653641
25614,22.569,888.80093,888.83785,41.5373850247367,C57H106O5,CCCCCCCCC=CCCCCCCCC(=O)OC(COC(=O)CCCCC=CCC=CCCCCCCCC)COCCCCCCCCCCCCCCCCCC,[M+NH4]+,TG O-18:0_18:1_18:2,"TG O-18:0_18:1(9)_18:2(6,9)",0.42500000000000426,0.45036000000004606,0.48494535383847104,0.48494535383847104,Some,Some,0.0,0.0,550800.8542445275,0.0
25614,22.569,888.80093,888.83785,41.5373850247367,C57H106O5,CCCCCCC=CCCCCCCCCCC(=O)OC(COC(=O)CCCCCCCC=CCC=CCCCCC)COCCCCCCCCCCCCCCCCCC,[M+NH4]+,TG O-18:0_18:1_18:2,"TG O-18:0_18:1(11)_18:2(9,12)",0.34299999999999997,0.3721533333333393,0.41059325457199125,0.41059325457199125,All,Some,0.0,0.0,586182.5947677523,0.0
25614,22.569,888.80093,888.83785,41.5373850247367,C57H106O5,CCCCCCC=CCCCCCCCCCC(=O)OC(COC(=O)CCCCC=CCC=CCCCCCCCC)COCCCCCCCCCCCCCCCCCC,[M+NH4]+,TG O-18:0_18:1_18:2,"TG O-18:0_18:1(11)_18:2(6,9)",0.33999999999999986,0.5026616666666731,0.3867346978749085,0.3867346978749085,All,Some,0.0,0.0,377154.29791777895,0.0
25614,22.569,888.80093,888.83785,41.5373850247367,C57H106O5,CCCCCCCCCCCC=CCCCCC(=O)OC(COC(=O)CCCCCCCC=CCC=CCCCCC)COCCCCCCCCCCCCCCCCCC,[M+NH4]+,TG O-18:0_18:1_18:2,"TG O-18:0_18:1(6)_18:2(9,12)",0.3000000000000019,0.37085333333334347,0.3797153176847798,0.3797153176847798,All,Some,0.0,0.0,631099.839829151,0.0
25614,22.569,888.80093,888.83785,41.5373850247367,C57H106O5,CCCCCCCCCCCC=CCCCCC(=O)OC(COC(=O)CCCCC=CCC=CCCCCCCCC)COCCCCCCCCCCCCCCCCCC,[M+NH4]+,TG O-18:0_18:1_18:2,"TG O-18:0_18:1(6)_18:2(6,9)",0.33300000000000196,0.7158525000000111,0.37081867653281547,0.37081867653281547,Some,Some,0.0,0.0,171137.21302722904,0.0
25614,22.569,888.80093,888.83785,41.5373850247367,C57H106O5,CCCCCCCCC=CCCCCCCCC(=O)OC(COC(=O)CCCCCCCC=CCC=CCCCCC)COCCCCCCCCCCCCCCCCCC,[M+NH4]+,TG O-18:0_18:1_18:2,"TG O-18:0_18:1(9)_18:2(9,12)",0.2140000000000004,0.08268500000002632,0.3063207732519729,0.3063207732519729,Some,Some,0.0,0.0,503625.20021356107,0.0
25663,22.584,862.78546,862.8222,42.581194596069594,C55H104O5,CCCCCCCCCCCCCCCC(=O)OC(COC(=O)CCCCC=CCCCCCCCCCCC)COCCCCCC=CCCCCCCCCCCC,[M+NH4]+,TG O-18:1_16:0_18:1,TG O-18:1(6)_16:0_18:1(6),0.1269999999999989,0.8887199999999211,0.5177175033917514,0.5177175033917514,All,All,435101.4108388949,524782.079376674,500994.92385786795,310906.2844542448
25663,22.584,862.78546,862.8222,42.581194596069594,C55H104O5,CCCCCCCCCCCCCCCC(=O)OC(COC(=O)CCCCC=CCCCCCCCCCCC)COCCCCCCCCCCC=CCCCCCC,[M+NH4]+,TG O-18:1_16:0_18:1,TG O-18:1(11)_16:0_18:1(6),0.18299999999999983,0.4735124999999982,0.4330846883512779,0.4330846883512779,All,Some,1346755.505315102,1378457.7550523498,1499289.3401015226,930564.0573318633
25663,22.584,862.78546,862.8222,42.581194596069594,C55H104O5,CCCCCCCCCCCCCCCC(=O)OC(COC(=O)CCCCCCCCCC=CCCCCCC)COCCCCCC=CCCCCCCCCCCC,[M+NH4]+,TG O-18:1_16:0_18:1,TG O-18:1(6)_16:0_18:1(11),0.18299999999999983,0.4735124999999982,0.4330846883512779,0.4330846883512779,All,Some,1188345.905523793,1004324.3243243244,1081705.583756345,776342.2271223816
25663,22.584,862.78546,862.8222,42.581194596069594,C55H104O5,CCCCCCCCCCCCCCCC(=O)OC(COC(=O)CCCCCCCC=CCCCCCCCC)COCCCCCC=CCCCCCCCCCCC,[M+NH4]+,TG O-18:1_16:0_18:1,TG O-18:1(6)_16:0_18:1(9),0.22850000000000037,0.473032499999988,0.42552671640235695,0.42552671640235695,All,Some,1346755.505315102,1378457.7550523498,1499289.3401015226,930564.0573318633
25663,22.584,862.78546,862.8222,42.581194596069594,C55H104O5,CCCCCCCCCCCCCCCC(=O)OC(COC(=O)CCCCC=CCCCCCCCCCCC)COCCCCCCCCC=CCCCCCCCC,[M+NH4]+,TG O-18:1_16:0_18:1,TG O-18:1(9)_16:0_18:1(6),0.22850000000000037,0.473032499999988,0.42552671640235695,0.42552671640235695,All,Some,911654.0944762069,853675.6756756757,998294.4162436547,619657.7728776186
25663,22.584,862.78546,862.8222,42.581194596069594,C55H104O5,CCCCCCCCCCCCCCCC(=O)OC(COC(=O)CCCCCCCCCC=CCCCCCC)COCCCCCCCCCCC=CCCCCCC,[M+NH4]+,TG O-18:1_16:0_18:1,TG O-18:1(11)_16:0_18:1(11),0.23900000000000077,0.058305000000075324,0.34845187331080435,0.34845187331080435,All,Some,1664898.5891611052,1333217.9206233262,1579005.076142132,1085093.7155457553
25663,22.584,862.78546,862.8222,42.581194596069594,C55H104O5,CCCCCCCCCCCCCCCC(=O)OC(COC(=O)CCCCCCCC=CCCCCCCCC)COCCCCCCCCCCC=CCCCCCC,[M+NH4]+,TG O-18:1_16:0_18:1,TG O-18:1(11)_16:0_18:1(9),0.2845000000000013,0.057825000000065074,0.34089390136188347,0.34089390136188347,All,Some,1188345.905523793,1004324.3243243244,1081705.583756345,776342.2271223816
25663,22.584,862.78546,862.8222,42.581194596069594,C55H104O5,CCCCCCCCCCCCCCCC(=O)OC(COC(=O)CCCCCCCCCC=CCCCCCC)COCCCCCCCCC=CCCCCCCCC,[M+NH4]+,TG O-18:1_16:0_18:1,TG O-18:1(9)_16:0_18:1(11),0.2845000000000013,0.057825000000065074,0.34089390136188347,0.34089390136188347,All,Some,1664898.5891611052,1333217.920623326,1579005.0761421318,1085093.7155457553
25663,22.584,862.78546,862.8222,42.581194596069594,C55H104O5,CCCCCCCCCCCCCCCC(=O)OC(COC(=O)CCCCCCCC=CCCCCCCCC)COCCCCCCCCC=CCCCCCCCC,[M+NH4]+,TG O-18:1_16:0_18:1,TG O-18:1(9)_16:0_18:1(9),0.33000000000000185,0.057345000000054824,0.33333592941296253,0.33333592941296253,All,Some,753244.4946848981,479542.2449476504,580710.6598984771,465435.9426681368
25695,22.6,950.81636,950.81712,0.7993124903071378,C61H104O6,CCCCCCCCCCCC=CCCCCC(=O)OC(COC(=O)CCC=CCC=CCC=CCC=CCC=CCC=CCC)COC(=O)CCCCCCCCCCCCCCCCC,[M+NH4]+,TG 18:0_18:1_22:6,"TG 18:0_18:1(6)_22:6(4,7,10,13,16,19)",0.3704999999999992,0.49847583333331613,0.21743349571001694,0.21743349571001694,Some,Some,101455.34494949006,0.0,0.0,0.0
25695,22.6,950.81636,950.81712,0.7993124903071378,C61H104O6,CCCCCCCCC=CCCCCCCCC(=O)OC(COC(=O)CCC=CCC=CCC=CCC=CCC=CCC=CCC)COC(=O)CCCCCCCCCCCCCCCCC,[M+NH4]+,TG 18:0_18:1_22:6,"TG 18:0_18:1(9)_22:6(4,7,10,13,16,19)",0.41616666666666546,0.49546083333331126,0.20884759610597403,0.20884759610597403,Some,Some,96163.18149679895,0.0,0.0,0.0
25695,22.6,950.81636,950.81712,0.7993124903071378,C61H104O6,CCCCCCC=CCCCCCCCCCC(=O)OC(COC(=O)CCC=CCC=CCC=CCC=CCC=CCC=CCC)COC(=O)CCCCCCCCCCCCCCCCC,[M+NH4]+,TG 18:0_18:1_22:6,"TG 18:0_18:1(11)_22:6(4,7,10,13,16,19)",0.437857142857142,0.4484328571428234,0.1609573197992838,0.1609573197992838,All,Some,42381.47355371101,0.0,0.0,0.0
25702,22.607,836.76965,836.80655,44.09621315710263,C53H102O5,CCCCCCCCCCCCCCCC(=O)OC(COC(=O)CCCCCCCC=CCCCCCCCC)COCCCCCCCCCCCCCCCC,[M+NH4]+,TG O-16:0_16:0_18:1,TG O-16:0_16:0_18:1(9),0.23999999999999844,0.9270599999999263,0.4117095814280871,0.4117095814280871,All,All,380159.59772627905,403105.3649105849,604948.5918641038,453263.66209449165
25702,22.607,836.76965,836.80655,44.09621315710263,C53H102O5,CCCCCCCCCCCCCCCC(=O)OC(COC(=O)CCCCCCCCCC=CCCCCCC)COCCCCCCCCCCCCCCCC,[M+NH4]+,TG O-16:0_16:0_18:1,TG O-16:0_16:0_18:1(11),0.4280000000000008,0.9341699999999378,0.3692451956493703,0.3692451956493703,All,All,908718.8456493224,1022672.7887868535,1082762.6285203397,1054051.8179838886
25702,22.607,836.76965,836.80655,44.09621315710263,C53H102O5,CCCCCCCCCCCCCCCC(=O)OC(COC(=O)CCCCC=CCCCCCCCCCCC)COCCCCCCCCCCCCCCCC,[M+NH4]+,TG O-16:0_16:0_18:1,TG O-16:0_16:0_18:1(6),0.1490000000000009,0.8661950000000047,0.32921067604669124,0.32921067604669124,All,All,2901121.5566243986,3144221.8463025615,3052288.7796155564,3402684.5199216194
25721,22.61,952.83236,952.83277,0.4302958639720494,C61H106O6,CCCCCCCCC=CCCCCCCCC(=O)OC(COC(=O)CCCCCC=CCC=CCC=CCC=CCCCCC)COC(=O)CCCCC=CCCCCCCCCCCC,[M+NH4]+,TG 18:1_18:1_22:4,"TG 18:1(6)_18:1(9)_22:4(7,10,13,16)",0.5462500000000006,0.7003862499999656,0.46526282826170345,0.46526282826170345,Some,Some,0.0,0.0,0.0,48119.9926752529
25721,22.61,952.83236,952.83277,0.4302958639720494,C61H106O6,CCCCCCCCC=CCCCCCCCC(=O)OC(COC(=O)CCCCCC=CCC=CCC=CCC=CCCCCC)COC(=O)CCCCCCCC=CCCCCCCCC,[M+NH4]+,TG 18:1_18:1_22:4,"TG 18:1(9)_18:1(9)_22:4(7,10,13,16)",0.5146666666666668,0.7636216666666465,0.42639292657329,0.42639292657329,Some,Some,0.0,0.0,0.0,56818.12985888763
25721,22.61,952.83236,952.83277,0.4302958639720494,C61H106O6,CCCCCCCCCCCC=CCCCCC(=O)OC(COC(=O)CCCCCC=CCC=CCC=CCC=CCCCCC)COC(=O)CCCCC=CCCCCCCCCCCC,[M+NH4]+,TG 18:1_18:1_22:4,"TG 18:1(6)_18:1(6)_22:4(7,10,13,16)",0.4843333333333331,0.5156499999999369,0.42625084491791343,0.42625084491791343,Some,Some,0.0,0.0,0.0,126339.9681484482
25721,22.61,952.83236,952.83277,0.4302958639720494,C61H106O6,CCCCCCCCC=CCCCCCCCC(=O)OC(COC(=O)CCCCCC=CCC=CCC=CCC=CCCCCC)COC(=O)CCCCCCCCCC=CCCCCCC,[M+NH4]+,TG 18:1_18:1_22:4,"TG 18:1(11)_18:1(9)_22:4(7,10,13,16)",0.4118000000000002,0.5931339999999636,0.34978587193985156,0.34978587193985156,Some,Some,0.0,0.0,0.0,17478.511300642025
25721,22.61,952.83236,952.83277,0.4302958639720494,C61H106O6,CCCCCCCCCCCC=CCCCCC(=O)OC(COC(=O)CCCCCC=CCC=CCC=CCC=CCCCCC)COC(=O)CCCCCCCCCC=CCCCCCC,[M+NH4]+,TG 18:1_18:1_22:4,"TG 18:1(11)_18:1(6)_22:4(7,10,13,16)",0.37959999999999994,0.5138149999999542,0.30427618061983586,0.30427618061983586,Some,Some,0.0,0.0,0.0,107970.76760020199
25721,22.61,952.83236,952.83277,0.4302958639720494,C61H106O6,CCCCCCC=CCCCCCCCCCC(=O)OC(COC(=O)CCCCCC=CCC=CCC=CCC=CCCCCC)COC(=O)CCCCCCCCCC=CCCCCCC,[M+NH4]+,TG 18:1_18:1_22:4,"TG 18:1(11)_18:1(11)_22:4(7,10,13,16)",0.3142499999999995,0.514598749999962,0.23487709244305885,0.23487709244305885,Some,Some,0.0,0.0,0.0,99272.63041656723
25783,22.625,907.76577,907.77251,7.42476768770643,C57H104O6,CCCCCCC=CCCCCCCCCCC(=O)OC(COC(=O)CCCCC=CCCCCCCCCCCC)COC(=O)CCCCCCCCCC=CCCCCCC,[M+Na]+,TG 18:1_18:1_18:1,TG 18:1(11)_18:1(11)_18:1(6),0.3509999999999991,0.15804000000002816,0.2800253977095979,0.2800253977095979,Some,Some,10972.469635627527,0.0,0.0,0.0
25783,22.625,907.76577,907.77251,7.42476768770643,C57H104O6,CCCCCCCCCCCC=CCCCCC(=O)OC(COC(=O)CCCCC=CCCCCCCCCCCC)COC(=O)CCCCC=CCCCCCCCCCCC,[M+Na]+,TG 18:1_18:1_18:1,TG 18:1(6)_18:1(6)_18:1(6),0.4280000000000008,0.2047099999999773,0.23922274645953187,0.23922274645953187,All,All,344.93927125506076,0.0,0.0,0.0
25783,22.625,907.76577,907.77251,7.42476768770643,C57H104O6,CCCCCCCCCCCC=CCCCCC(=O)OC(COC(=O)CCCCCCCC=CCCCCCCCC)COC(=O)CCCCC=CCCCCCCCCCCC,[M+Na]+,TG 18:1_18:1_18:1,TG 18:1(6)_18:1(6)_18:1(9),0.4280000000000008,0.2047099999999773,0.23922274645953187,0.23922274645953187,Some,Some,344.93927125506076,0.0,0.0,0.0
25783,22.625,907.76577,907.77251,7.42476768770643,C57H104O6,CCCCCCCCCCCC=CCCCCC(=O)OC(COC(=O)CCCCC=CCCCCCCCCCCC)COC(=O)CCCCCCCCCC=CCCCCCC,[M+Na]+,TG 18:1_18:1_18:1,TG 18:1(11)_18:1(6)_18:1(6),0.3825000000000003,0.1524300000000096,0.1639986322351947,0.1639986322351947,All,All,11476.51821862348,0.0,0.0,0.0
25783,22.625,907.76577,907.77251,7.42476768770643,C57H104O6,CCCCCCCCC=CCCCCCCCC(=O)OC(COC(=O)CCCCCCCC=CCCCCCCCC)COC(=O)CCCCC=CCCCCCCCCCCC,[M+Na]+,TG 18:1_18:1_18:1,TG 18:1(6)_18:1(9)_18:1(9),0.3349999999999991,0.18192499999997835,0.1550850191800252,0.1550850191800252,All,Some,11476.51821862348,0.0,0.0,0.0
25783,22.625,907.76577,907.77251,7.42476768770643,C57H104O6,CCCCCCCCCCCC=CCCCCC(=O)OC(COC(=O)CCCCCCCC=CCCCCCCCC)COC(=O)CCCCCCCCCC=CCCCCCC,[M+Na]+,TG 18:1_18:1_18:1,TG 18:1(11)_18:1(6)_18:1(9),0.33566666666666595,0.1546666666666662,0.13298151879030265,0.13298151879030265,All,Some,10972.469635627527,0.0,0.0,0.0
25783,22.625,907.76577,907.77251,7.42476768770643,C57H104O6,CCCCCCC=CCCCCCCCCCC(=O)OC(COC(=O)CCCCCCCC=CCCCCCCCC)COC(=O)CCCCCCCCCC=CCCCCCC,[M+Na]+,TG 18:1_18:1_18:1,TG 18:1(11)_18:1(11)_18:1(9),0.1579999999999977,0.11128000000002203,0.11814418694071702,0.11814418694071702,Some,Some,504.0485829959514,0.0,0.0,0.0
25783,22.625,907.76577,907.77251,7.42476768770643,C57H104O6,CCCCCCC=CCCCCCCCCCC(=O)OC(COC(=O)CCCCCCCCCC=CCCCCCC)COC(=O)CCCCCCCCCC=CCCCCCC,[M+Na]+,TG 18:1_18:1_18:1,TG 18:1(11)_18:1(11)_18:1(11),0.33699999999999974,0.10015000000004193,0.0887745180108575,0.0887745180108575,All,All,504.0485829959514,0.0,0.0,0.0
25783,22.625,907.76577,907.77251,7.42476768770643,C57H104O6,CCCCCCCCC=CCCCCCCCC(=O)OC(COC(=O)CCCCCCCC=CCCCCCCCC)COC(=O)CCCCCCCCCC=CCCCCCC,[M+Na]+,TG 18:1_18:1_18:1,TG 18:1(11)_18:1(9)_18:1(9),0.28949999999999854,0.12964500000001067,0.07986090495568805,0.07986090495568805,All,Some,504.0485829959514,0.0,0.0,0.0
25783,22.625,907.76577,907.77251,7.42476768770643,C57H104O6,CCCCCCCCC=CCCCCCCCC(=O)OC(COC(=O)CCCCCCCC=CCCCCCCCC)COC(=O)CCCCCCCC=CCCCCCCCC,[M+Na]+,TG 18:1_18:1_18:1,TG 18:1(9)_18:1(9)_18:1(9),0.24199999999999733,0.1591399999999794,0.07094729190051859,0.07094729190051859,All,Some,0.0,0.0,0.0,0.0
25789,22.627,738.62587,738.66062,47.04460893018897,C45H84O6,CCCCCCCCCCCCCCCC(=O)OC(COC(=O)CCCCCCCC=CCCCCCC)COC(=O)CCCCCCCCC,[M+NH4]+,TG 10:0_16:0_16:1,TG 10:0_16:0_16:1(9),0.43799999999999883,0.4956600000000435,0.33194345194755165,0.33194345194755165,All,Some,251531.88854489167,212643.7583494137,202519.59361393325,0.0
25789,22.627,738.62587,738.66062,47.04460893018897,C45H84O6,CCCCCCCCCCCCCCCC(=O)OC(COC(=O)CCCCCC=CCCCCCCCC)COC(=O)CCCCCCCCC,[M+NH4]+,TG 10:0_16:0_16:1,TG 10:0_16:0_16:1(7),0.42900000000000205,0.4701750000000402,0.18948764145206654,0.18948764145206654,All,Some,476468.1114551084,400356.2416505863,310480.4063860668,0.0
25814,22.633,928.82401,928.83277,9.431191795632246,C59H106O6,CCCCCCCCC=CCCCCCCCC(=O)OC(COC(=O)CCCCCCC=CCC=CCCCCCCCC)COC(=O)CCCCCCCC=CCCCCCCCC,[M+NH4]+,TG 18:1_18:1_20:2,"TG 18:1(9)_18:1(9)_20:2(8,11)",0.578000000000003,0.5088900000000081,0.7786769434949252,0.7786769434949252,Some,Some,101272.64141397104,115439.94943109987,112344.07534666041,140170.24726388324
25814,22.633,928.82401,928.83277,9.431191795632246,C59H106O6,CCCCCCCCCCCC=CCCCCC(=O)OC(COC(=O)CCCCCCC=CCC=CCCCCCCCC)COC(=O)CCCCC=CCCCCCCCCCCC,[M+NH4]+,TG 18:1_18:1_20:2,"TG 18:1(6)_18:1(6)_20:2(8,11)",0.3995000000000033,0.31180249999997045,0.7231517190252632,0.7231517190252632,Some,Some,217937.3967011839,217018.5419300463,129019.64892375725,238119.1730847183
25814,22.633,928.82401,928.83277,9.431191795632246,C59H106O6,CCCCCCCCC=CCCCCCCCC(=O)OC(COC(=O)CCCCCCC=CCC=CCCCCCCCC)COC(=O)CCCCC=CCCCCCCCCCCC,[M+NH4]+,TG 18:1_18:1_20:2,"TG 18:1(6)_18:1(9)_20:2(8,11)",0.17900000000000382,0.3033849999999916,0.69149281234125,0.69149281234125,Some,Some,248306.74267210846,235375.47408343866,184679.57685191752,285618.1597081476
25814,22.633,928.82401,928.83277,9.431191795632246,C59H106O6,CCCCCCCCC=CCCCCCCCC(=O)OC(COC(=O)CCCCCCCCCC=CCC=CCCCCC)COC(=O)CCCCC=CCCCCCCCCCCC,[M+NH4]+,TG 18:1_18:1_20:2,"TG 18:1(6)_18:1(9)_20:2(11,14)",0.3440000000000012,0.5135083333333341,0.6794371254399275,0.6794371254399275,Some,Some,72562.82254528282,94942.26717235567,88338.93104181845,91706.52614511551
25814,22.633,928.82401,928.83277,9.431191795632246,C59H106O6,CCCCCCCCCCCC=CCCCCC(=O)OC(COC(=O)CCCCCCC=CCC=CCCCCCCCC)COC(=O)CCCCCCCCCC=CCCCCCC,[M+NH4]+,TG 18:1_18:1_20:2,"TG 18:1(11)_18:1(6)_20:2(8,11)",0.3333333333333357,0.49267000000001343,0.6375540998387365,0.6375540998387365,Some,Some,64016.2579687658,72036.2410450906,77219.74819981564,78483.98865018241
25814,22.633,928.82401,928.83277,9.431191795632246,C59H106O6,CCCCCCC=CCCCCCCCCCC(=O)OC(COC(=O)CCCCCCC=CCC=CCCCCCCCC)COC(=O)CCCCCCCCCC=CCCCCCC,[M+NH4]+,TG 18:1_18:1_20:2,"TG 18:1(11)_18:1(11)_20:2(8,11)",0.5180000000000007,0.6954025000000001,0.5871023842894789,0.5871023842894789,Some,Some,103927.88477754914,122504.42477876107,106262.7721227671,140340.4945277665
25814,22.633,928.82401,928.83277,9.431191795632246,C59H106O6,CCCCCCCCC=CCCCCCCCC(=O)OC(COC(=O)CCCCCCC=CCC=CCCCCCCCC)COC(=O)CCCCCCCCCC=CCCCCCC,[M+NH4]+,TG 18:1_18:1_20:2,"TG 18:1(11)_18:1(9)_20:2(8,11)",0.4025000000000034,0.48819000000003143,0.5419472430477786,0.5419472430477786,Some,Some,197193.30792323,186619.8904340497,144350.934419783,207077.42197000404
25814,22.633,928.82401,928.83277,9.431191795632246,C59H106O6,CCCCCCCCC=CCCCCCCCC(=O)OC(COC(=O)CCCCCCCCCC=CCC=CCCCCC)COC(=O)CCCCCCCCCC=CCCCCCC,[M+NH4]+,TG 18:1_18:1_20:2,"TG 18:1(11)_18:1(9)_20:2(11,14)",0.4339999999999999,0.5059283333332966,0.5350237959943879,0.5350237959943879,Some,Some,150809.52541572505,125662.03118415507,75856.2560033006,145447.9124442643
25814,22.633,928.82401,928.83277,9.431191795632246,C59H106O6,CCCCCCCCC=CCCCCCCCC(=O)OC(COC(=O)CCCCCCCCCC=CCC=CCCCCC)COC(=O)CCCCCCCC=CCCCCCCCC,[M+NH4]+,TG 18:1_18:1_20:2,"TG 18:1(9)_18:1(9)_20:2(11,14)",0.31200000000000117,0.08357249999991723,0.4190231063577725,0.4190231063577725,Some,Some,23731.23756197929,44902.233459755575,7393.584445891325,12314.552087555736
25814,22.633,928.82401,928.83277,9.431191795632246,C59H106O6,CCCCCCCCCCCC=CCCCCC(=O)OC(COC(=O)CCCCCCCCCC=CCC=CCCCCC)COC(=O)CCCCCCCCCC=CCCCCCC,[M+NH4]+,TG 18:1_18:1_20:2,"TG 18:1(11)_18:1(6)_20:2(11,14)",0.3129999999999997,0.4928899999999743,0.41379056447722257,0.41379056447722257,All,Some,50242.1830202044,55498.94648124737,67534.47264428873,60721.52411836237
25874,22.651,846.71949,846.75452,41.36972306921505,C53H96O6,CCCCCCC=CCCCCCCCCCC(=O)OC(COC(=O)CCCCCCCCCC=CCCCCCC)COC(=O)CCCCC=CCCCCCCC,[M+NH4]+,TG 14:1_18:1_18:1,TG 14:1(6)_18:1(11)_18:1(11),0.3373333333333335,0.6421033333333147,0.3396470642769474,0.3396470642769474,All,Some,6890.5230260134185,0.0,0.0,10343.457943925232
25874,22.651,846.71949,846.75452,41.36972306921505,C53H96O6,CCCCCCC=CCCCCCCCCCC(=O)OC(COC(=O)CCCCCCCCCC=CCCCCCC)COC(=O)CCCCCCCC=CCCCC,[M+NH4]+,TG 14:1_18:1_18:1,TG 14:1(9)_18:1(11)_18:1(11),0.539333333333334,0.39052666666664965,0.3256802195318589,0.3256802195318589,All,Some,6890.5230260134185,0.0,0.0,10343.457943925232
25874,22.651,846.71949,846.75452,41.36972306921505,C53H96O6,CCCCCCC=CCCCCCCCCCC(=O)OC(COC(=O)CCCCCCCC=CCCCCCCCC)COC(=O)CCCCC=CCCCCCCC,[M+NH4]+,TG 14:1_18:1_18:1,TG 14:1(6)_18:1(11)_18:1(9),0.23560000000000086,0.5891839999999775,0.3219668040002425,0.3219668040002425,All,Some,5611.729019211322,0.0,0.0,8696.495327102803
25874,22.651,846.71949,846.75452,41.36972306921505,C53H96O6,CCCCCCC=CCCCCCCCCCC(=O)OC(COC(=O)CCCCCCCCCC=CCCCCCC)COC(=O)CCCC=CCCCCCCCC,[M+NH4]+,TG 14:1_18:1_18:1,TG 14:1(5)_18:1(11)_18:1(11),0.29400000000000165,0.3830600000000004,0.3212605050076257,0.3212605050076257,All,Some,14396.635720194867,0.0,0.0,12656.308411214954
25874,22.651,846.71949,846.75452,41.36972306921505,C53H96O6,CCCCCCC=CCCCCCCCCCC(=O)OC(COC(=O)CCCCCCCC=CCCCCCCCC)COC(=O)CCCC=CCCCCCCCC,[M+NH4]+,TG 14:1_18:1_18:1,TG 14:1(5)_18:1(11)_18:1(9),0.29400000000000165,0.3830600000000004,0.3212605050076257,0.3212605050076257,All,Some,14876.183472745657,0.0,0.0,13353.271028037381
25874,22.651,846.71949,846.75452,41.36972306921505,C53H96O6,CCCCCCC=CCCCCCCCCCC(=O)OC(COC(=O)CCCCCCCC=CCCCCCCCC)COC(=O)CCCCCCCC=CCCCC,[M+NH4]+,TG 14:1_18:1_18:1,TG 14:1(9)_18:1(11)_18:1(9),0.3568000000000012,0.4382379999999785,0.31358669715318943,0.31358669715318943,All,Some,20008.36473940619,0.0,0.0,21352.803738317754
25874,22.651,846.71949,846.75452,41.36972306921505,C53H96O6,CCCCCCCCC=CCCCCCCCC(=O)OC(COC(=O)CCCCCCCC=CCCCCCCCC)COC(=O)CCCCC=CCCCCCCC,[M+NH4]+,TG 14:1_18:1_18:1,TG 14:1(6)_18:1(9)_18:1(9),0.11550000000000082,0.7040874999999573,0.3092363330371765,0.3092363330371765,All,Some,18729.570732604097,0.0,0.0,19705.841121495323
25874,22.651,846.71949,846.75452,41.36972306921505,C53H96O6,CCCCCCCCC=CCCCCCCCC(=O)OC(COC(=O)CCCCCCCC=CCCCCCCCC)COC(=O)CCCCCCCC=CCCCC,[M+NH4]+,TG 14:1_18:1_18:1,TG 14:1(9)_18:1(9)_18:1(9),0.26700000000000124,0.5154049999999586,0.2987611994783601,0.2987611994783601,All,Some,4550.6020773968185,0.0,0.0,6934.11214953271
25874,22.651,846.71949,846.75452,41.36972306921505,C53H96O6,CCCCCCCCC=CCCCCCCCC(=O)OC(COC(=O)CCCCCCCC=CCCCCCCCC)COC(=O)CCCC=CCCCCCCCC,[M+NH4]+,TG 14:1_18:1_18:1,TG 14:1(5)_18:1(9)_18:1(9),0.08300000000000196,0.5098049999999716,0.29544641358518525,0.29544641358518525,All,Some,10162.33109660814,0.0,0.0,15630.607476635512
25874,22.651,846.71949,846.75452,41.36972306921505,C53H96O6,CCCCCCC=CCCCCCCCCCC(=O)OC(COC(=O)CCCCC=CCCCCCCCCCCC)COC(=O)CCCCC=CCCCCCCC,[M+NH4]+,TG 14:1_18:1_18:1,TG 14:1(6)_18:1(11)_18:1(6),0.5488,0.5710459999999558,0.2695012861971562,0.2695012861971562,All,Some,8883.537089806045,0.0,0.0,13983.644859813085
25885,22.655,914.817,914.8535,39.89709827862754,C59H108O5,CCCCCCCCC=CCCCCCCCC(=O)OC(COC(=O)CCCCCCCC=CCC=CCCCCC)COCCCCCCCCCCCCC=CCCCCCC,[M+NH4]+,TG O-20:1_18:1_18:2,"TG O-20:1(13)_18:1(9)_18:2(9,12)",0.5488,0.432233999999994,0.552544109620389,0.552544109620389,Some,Some,72545.78322722627,47590.30438713566,52297.60507971564,85506.21321124917
25885,22.655,914.817,914.8535,39.89709827862754,C59H108O5,CCCCCCCCC=CCCCCCCCC(=O)OC(COC(=O)CCCCC=CCC=CCCCCCCCC)COCCCCCCCCCCC=CCCCCCCCC,[M+NH4]+,TG O-20:1_18:1_18:2,"TG O-20:1(11)_18:1(9)_18:2(6,9)",0.5539999999999949,0.11790999999993801,0.5516162686288408,0.5516162686288408,Some,Some,172731.50986402575,98560.21010031429,102761.26716819654,183794.86784903624
25885,22.655,914.817,914.8535,39.89709827862754,C59H108O5,CCCCCCCCC=CCCCCCCCC(=O)OC(COC(=O)CCCCCCCC=CCC=CCCCCC)COCCCCCCCCCCC=CCCCCCCCC,[M+NH4]+,TG O-20:1_18:1_18:2,"TG O-20:1(11)_18:1(9)_18:2(9,12)",0.4919999999999991,0.4949049999999886,0.5475224571749691,0.5475224571749691,Some,Some,65871.57117032145,34738.623154087916,40669.197322106425,58239.52602623783
25885,22.655,914.817,914.8535,39.89709827862754,C59H108O5,CCCCCCC=CCCCCCCCCCC(=O)OC(COC(=O)CCCCC=CCC=CCCCCCCCC)COCCCCCCCCCCC=CCCCCCCCC,[M+NH4]+,TG O-20:1_18:1_18:2,"TG O-20:1(11)_18:1(11)_18:2(6,9)",0.509999999999998,0.09696999999997995,0.5435530456687122,0.5435530456687122,Some,Some,21038.277135895616,7931.717397855944,14268.479536199875,11647.905205247565
25885,22.655,914.817,914.8535,39.89709827862754,C59H108O5,CCCCCCCCC=CCCCCCCCC(=O)OC(COC(=O)CCCCC=CCC=CCCCCCCCC)COCCCCCCCCCCCCC=CCCCCCC,[M+NH4]+,TG O-20:1_18:1_18:2,"TG O-20:1(13)_18:1(9)_18:2(6,9)",0.509999999999998,0.09696999999997995,0.5435530456687122,0.5435530456687122,Some,Some,75882.88925567867,40394.28251603737,48549.1062185106,74879.3906051629
25885,22.655,914.817,914.8535,39.89709827862754,C59H108O5,CCCCCCCCCCCC=CCCCCC(=O)OC(COC(=O)CCCCCCCC=CCC=CCCCCC)COCCCCCCCCCCC=CCCCCCCCC,[M+NH4]+,TG O-20:1_18:1_18:2,"TG O-20:1(11)_18:1(6)_18:2(9,12)",0.5072000000000003,0.4345779999999877,0.5235823882376639,0.5235823882376639,Some,Some,117886.89774424268,66097.64498213286,68480.64048588583,120563.3824491209
25885,22.655,914.817,914.8535,39.89709827862754,C59H108O5,CCCCCCC=CCCCCCCCCCC(=O)OC(COC(=O)CCCCCCCC=CCC=CCCCCC)COCCCCCCCCCCC=CCCCCCCCC,[M+NH4]+,TG O-20:1_18:1_18:2,"TG O-20:1(11)_18:1(11)_18:2(9,12)",0.503999999999999,0.34943333333332777,0.4987859217862249,0.4987859217862249,Some,Some,141464.27729309123,83915.27102079475,82426.66850714333,161860.50090408954
25885,22.655,914.817,914.8535,39.89709827862754,C59H108O5,CCCCCCC=CCCCCCCCCCC(=O)OC(COC(=O)CCCCCCCC=CCC=CCCCCC)COCCCCCCCCCCCCC=CCCCCCC,[M+NH4]+,TG O-20:1_18:1_18:2,"TG O-20:1(13)_18:1(11)_18:2(9,12)",0.49299999999999855,0.4801975000000027,0.4946534636638752,0.4946534636638752,Some,Some,77696.53383635935,47590.30438713566,56167.023259024085,95225.40684030314
25885,22.655,914.817,914.8535,39.89709827862754,C59H108O5,CCCCCCC=CCCCCCCCCCC(=O)OC(COC(=O)CCCCC=CCC=CCCCCCCCC)COCCCCCCCCCCCCC=CCCCCCC,[M+NH4]+,TG O-20:1_18:1_18:2,"TG O-20:1(13)_18:1(11)_18:2(6,9)",0.5366666666666641,0.0782966666666501,0.451413990215438,0.451413990215438,Some,Some,72545.78322722627,47590.30438713566,52297.60507971565,85506.21321124917
25885,22.655,914.817,914.8535,39.89709827862754,C59H108O5,CCCCCCCCCCCC=CCCCCC(=O)OC(COC(=O)CCCCC=CCC=CCCCCCCCC)COCCCCCCCCCCCCC=CCCCCCC,[M+NH4]+,TG O-20:1_18:1_18:2,"TG O-20:1(13)_18:1(6)_18:2(6,9)",0.5799999999999983,0.2953175000000101,0.4192123382647952,0.4192123382647952,Some,Some,105336.47724593255,59591.33766736987,66082.40734350195,105776.59369830339
25935,22.679,888.80117,888.83785,41.267369520826186,C57H106O5,CCCCCCC=CCCCCCCCCCC(=O)OC(COC(=O)CCCCCCCC=CCC=CCCCCC)COCCCCCCCCCCCCCCCCCC,[M+NH4]+,TG O-18:0_18:1_18:2,"TG O-18:0_18:1(11)_18:2(9,12)",0.3755999999999986,0.4306799999999839,0.48448930646840116,0.48448930646840116,All,Some,1133548.7336914812,1094814.8148148148,732676.5094912952,1303541.3056036972
25935,22.679,888.80117,888.83785,41.267369520826186,C57H106O5,CCCCCCCCC=CCCCCCCCC(=O)OC(COC(=O)CCCCC=CCC=CCCCCCCCC)COCCCCCCCCCCCCCCCCCC,[M+NH4]+,TG O-18:0_18:1_18:2,"TG O-18:0_18:1(9)_18:2(6,9)",0.2050000000000054,0.45036000000004606,0.43963684313360085,0.43963684313360085,Some,Some,1579162.7014581733,1705716.5498832162,1191398.848890001,1791955.1043987789
25935,22.679,888.80117,888.83785,41.267369520826186,C57H106O5,CCCCCCCCC=CCCCCCCCC(=O)OC(COC(=O)CCCCCCCC=CCC=CCCCCC)COCCCCCCCCCCCCCCCCCC,[M+NH4]+,TG O-18:0_18:1_18:2,"TG O-18:0_18:1(9)_18:2(9,12)",0.10933333333333668,0.34723666666669334,0.4235812081155476,0.4235812081155476,Some,Some,1568095.1650038369,1219954.120787454,802674.007078254,1496388.5450193943
25935,22.679,888.80117,888.83785,41.267369520826186,C57H106O5,CCCCCCC=CCCCCCCCCCC(=O)OC(COC(=O)CCCCC=CCC=CCCCCCCCC)COCCCCCCCCCCCCCCCCCC,[M+NH4]+,TG O-18:0_18:1_18:2,"TG O-18:0_18:1(11)_18:2(6,9)",0.383333333333334,0.6344450000000089,0.369295315209859,0.369295315209859,All,Some,2013709.1327705292,1943666.1661661665,1358059.5574303793,1984802.343814476
25935,22.679,888.80117,888.83785,41.267369520826186,C57H106O5,CCCCCCCCCCCC=CCCCCC(=O)OC(COC(=O)CCCCC=CCC=CCCCCCCCC)COCCCCCCCCCCCCCCCCCC,[M+NH4]+,TG O-18:0_18:1_18:2,"TG O-18:0_18:1(6)_18:2(6,9)",0.27550000000000274,0.5057050000000345,0.3375607613570335,0.3375607613570335,Some,Some,435128.9332310053,415487.15382048715,307196.2249311836,488413.79879508127
25935,22.679,888.80117,888.83785,41.267369520826186,C57H106O5,CCCCCCCCCCCC=CCCCCC(=O)OC(COC(=O)CCCCCCCC=CCC=CCCCCC)COCCCCCCCCCCCCCCCCCC,[M+NH4]+,TG O-18:0_18:1_18:2,"TG O-18:0_18:1(6)_18:2(9,12)",0.22280000000000086,0.4498120000000199,0.31138353730219726,0.31138353730219726,All,Some,860355.3338449731,1010361.1945278614,647994.8521788868,964898.9023685732
25997,22.746,952.83299,952.83277,0.23089046361512902,C61H106O6,CCCCCCCCCCCC=CCCCCC(=O)OC(COC(=O)CCCCCC=CCC=CCC=CCC=CCCCCC)COC(=O)CCCCC=CCCCCCCCCCCC,[M+NH4]+,TG 18:1_18:1_22:4,"TG 18:1(6)_18:1(6)_22:4(7,10,13,16)",0.34520000000000123,0.5955799999999499,0.5148670272048499,0.5148670272048499,Some,Some,74292.20353367794,65368.917254289554,88779.57179083875,63521.05236597306
25997,22.746,952.83299,952.83277,0.23089046361512902,C61H106O6,CCCCCCCCC=CCCCCCCCC(=O)OC(COC(=O)CCCCCC=CCC=CCC=CCC=CCCCCC)COC(=O)CCCCC=CCCCCCCCCCCC,[M+NH4]+,TG 18:1_18:1_22:4,"TG 18:1(6)_18:1(9)_22:4(7,10,13,16)",0.43350000000000133,0.6039874999999739,0.4707273139914666,0.4707273139914666,Some,Some,103019.53938739293,97804.92536300058,113161.65377331234,80660.26881087356
25997,22.746,952.83299,952.83277,0.23089046361512902,C61H106O6,CCCCCCCCC=CCCCCCCCC(=O)OC(COC(=O)CCCCCC=CCC=CCC=CCC=CCCCCC)COC(=O)CCCCCCCC=CCCCCCCCC,[M+NH4]+,TG 18:1_18:1_22:4,"TG 18:1(9)_18:1(9)_22:4(7,10,13,16)",0.43966666666666754,0.635089999999991,0.43976996001887686,0.43976996001887686,Some,Some,341949.02013733506,330333.4658920067,323131.80111064744,220354.231500328
25997,22.746,952.83299,952.83277,0.23089046361512902,C61H106O6,CCCCCCCCC=CCCCCCCCC(=O)OC(COC(=O)CCCCCC=CCC=CCC=CCC=CCCCCC)COC(=O)CCCCCCCCCC=CCCCCCC,[M+NH4]+,TG 18:1_18:1_22:4,"TG 18:1(11)_18:1(9)_22:4(7,10,13,16)",0.39400000000000074,0.556049999999977,0.3972231519955375,0.3972231519955375,Some,Some,29588.28408301828,32436.00810871104,55759.47741790517,24069.692330983904
25997,22.746,952.83299,952.83277,0.23089046361512902,C61H106O6,CCCCCCCCCCCC=CCCCCC(=O)OC(COC(=O)CCCCCC=CCC=CCC=CCC=CCCCCC)COC(=O)CCCCCCCCCC=CCCCCCC,[M+NH4]+,TG 18:1_18:1_22:4,"TG 18:1(11)_18:1(6)_22:4(7,10,13,16)",0.4087500000000004,0.5117274999999637,0.38279739604158386,0.38279739604158386,Some,Some,304939.14435614535,298246.3457453515,296774.78894488496,184766.985718371
25997,22.746,952.83299,952.83277,0.23089046361512902,C61H106O6,CCCCCCC=CCCCCCCCCCC(=O)OC(COC(=O)CCCCCC=CCC=CCC=CCC=CCCCCC)COC(=O)CCCCCCCCCC=CCCCCCC,[M+NH4]+,TG 18:1_18:1_22:4,"TG 18:1(11)_18:1(11)_22:4(7,10,13,16)",0.4066666666666663,0.5120766666666441,0.3225300694190331,0.3225300694190331,Some,Some,276211.8085024303,265810.33763664047,272392.7069624113,167627.7692734705
26108,22.796,928.82494,928.83277,8.429935132470252,C59H106O6,CCCCCC=CCC=CCCCCCCCC(=O)OC(COC(=O)CCCCCCCCCC=CCCCCCCCC)COC(=O)CCCCCCCC=CCCCCCCCC,[M+NH4]+,TG 18:1_18:2_20:1,"TG 18:1(9)_18:2(9,12)_20:1(11)",0.5193333333333333,0.3773433333333287,0.7013273953195918,0.7013273953195918,Some,Some,74256.84801356448,110557.733741189,158822.4109315329,125720.61640257706
26108,22.796,928.82494,928.83277,8.429935132470252,C59H106O6,CCCCCCCCC=CCC=CCCCCC(=O)OC(COC(=O)CCCCCCCCCC=CCCCCCCCC)COC(=O)CCCCCCCC=CCCCCCCCC,[M+NH4]+,TG 18:1_18:2_20:1,"TG 18:1(9)_18:2(6,9)_20:1(11)",0.6099999999999994,0.5190450000000055,0.6928308397269243,0.6928308397269243,Some,Some,68772.59040547258,49656.70966883895,52375.96480768301,65042.66063033257
26108,22.796,928.82494,928.83277,8.429935132470252,C59H106O6,CCCCCC=CCC=CCCCCCCCC(=O)OC(COC(=O)CCCCCCCCCC=CCCCCCCCC)COC(=O)CCCCCCCCCC=CCCCCCC,[M+NH4]+,TG 18:1_18:2_20:1,"TG 18:1(11)_18:2(9,12)_20:1(11)",0.3904999999999994,0.4955474999999865,0.6482397074269514,0.6482397074269514,Some,Some,41214.195924810716,31484.080329831097,21566.57374434007,38597.684137210505
26108,22.796,928.82494,928.83277,8.429935132470252,C59H106O6,CCCCCCCCC=CCC=CCCCCC(=O)OC(COC(=O)CCCCCCCCCCCC=CCCCCCC)COC(=O)CCCCCCCC=CCCCCCCCC,[M+NH4]+,TG 18:1_18:2_20:1,"TG 18:1(9)_18:2(6,9)_20:1(13)",0.5339999999999989,0.7009449999999617,0.5850969927267354,0.5850969927267354,Some,Some,160633.9053410121,173684.9049075675,207501.24881161476,191833.05763538223
26108,22.796,928.82494,928.83277,8.429935132470252,C59H106O6,CCCCCC=CCC=CCCCCCCCC(=O)OC(COC(=O)CCCCCCCCCC=CCCCCCCCC)COC(=O)CCCCC=CCCCCCCCCCCC,[M+NH4]+,TG 18:1_18:2_20:1,"TG 18:1(6)_18:2(9,12)_20:1(11)",0.39440000000000025,0.28753600000000007,0.550815810167452,0.550815810167452,Some,Some,194362.08963077734,199126.58598217854,229067.82255595486,221786.9145046143
26108,22.796,928.82494,928.83277,8.429935132470252,C59H106O6,CCCCCC=CCC=CCCCCCCCC(=O)OC(COC(=O)CCCCCCCCCCCC=CCCCCCC)COC(=O)CCCCCCCC=CCCCCCCCC,[M+NH4]+,TG 18:1_18:2_20:1,"TG 18:1(9)_18:2(9,12)_20:1(13)",0.3495999999999995,0.4075439999999844,0.5185917659415612,0.5185917659415612,Some,Some,183640.36600695763,135704.10958904112,115211.71788137098,157043.79244297405
26108,22.796,928.82494,928.83277,8.429935132470252,C59H106O6,CCCCCCCCC=CCC=CCCCCC(=O)OC(COC(=O)CCCCCCCCCC=CCCCCCCCC)COC(=O)CCCCC=CCCCCCCCCCCC,[M+NH4]+,TG 18:1_18:2_20:1,"TG 18:1(6)_18:2(6,9)_20:1(11)",0.37450000000000117,0.33909750000000827,0.5089396360830832,0.5089396360830832,Some,Some,35044.406115707316,24215.028594227962,32503.907571826818,26444.97649312206
26108,22.796,928.82494,928.83277,8.429935132470252,C59H106O6,CCCCCCCCC=CCC=CCCCCC(=O)OC(COC(=O)CCCCCCCCCCCC=CCCCCCC)COC(=O)CCCCC=CCCCCCCCCCCC,[M+NH4]+,TG 18:1_18:2_20:1,"TG 18:1(6)_18:2(6,9)_20:1(13)",0.4023333333333336,0.5203466666666449,0.498414139297571,0.498414139297571,Some,Some,68772.59040547258,49656.70966883895,54070.48131616688,56398.83336235417
26108,22.796,928.82494,928.83277,8.429935132470252,C59H106O6,CCCCCC=CCC=CCCCCCCCC(=O)OC(COC(=O)CCCCCCCCCCCC=CCCCCCC)COC(=O)CCCCCCCCCC=CCCCCCC,[M+NH4]+,TG 18:1_18:2_20:1,"TG 18:1(11)_18:2(9,12)_20:1(13)",0.35999999999999943,0.47878999999994676,0.418261699489505,0.418261699489505,All,Some,35044.406115707316,24215.028594227962,32503.907571826818,35088.80376110047
26108,22.796,928.82494,928.83277,8.429935132470252,C59H106O6,CCCCCCCCC=CCC=CCCCCC(=O)OC(COC(=O)CCCCCCCCCC=CCCCCCCCC)COC(=O)CCCCCCCCCC=CCCCCCC,[M+NH4]+,TG 18:1_18:2_20:1,"TG 18:1(11)_18:2(6,9)_20:1(11)",0.3820000000000003,0.5146699999999669,0.3900646618178236,0.3900646618178236,All,Some,76258.60204051805,55699.10892405906,52375.96480768301,65042.66063033257
26114,22.804,738.62413,738.66062,49.40022388083711,C45H84O6,CCCCCCCCCCCCCCCC(=O)OC(COC(=O)CCCCCCCCCC=CCCCCCC)COC(=O)CCCCCCC,[M+NH4]+,TG 8:0_16:0_18:1,TG 8:0_16:0_18:1(11),0.43799999999999883,0.4956600000000435,0.24230160862182365,0.24230160862182365,All,Some,0.0,0.0,226194.22572178478,0.0
26114,22.804,738.62413,738.66062,49.40022388083711,C45H84O6,CCCCCCCCCCCCCCCC(=O)OC(COC(=O)CCCCCCCC=CCCCCCCCC)COC(=O)CCCCCCC,[M+NH4]+,TG 8:0_16:0_18:1,TG 8:0_16:0_18:1(9),0.22299999999999898,0.8786000000000058,0.2328161837902021,0.2328161837902021,All,Some,0.0,0.0,21805.774278215224,0.0
26121,22.805,907.77283,907.77251,0.35251122551385206,C57H104O6,CCCCCCC=CCCCCCCCCCC(=O)OC(COC(=O)CCCCC=CCCCCCCCCCCC)COC(=O)CCCCCCCCCC=CCCCCCC,[M+Na]+,TG 18:1_18:1_18:1,TG 18:1(11)_18:1(11)_18:1(6),0.9059999999999988,0.2250699999999597,0.46113741156553506,0.46113741156553506,Some,Some,119870.94639311713,129424.3108901943,110797.41379310343,126601.57426125857
26121,22.805,907.77283,907.77251,0.35251122551385206,C57H104O6,CCCCCCCCCCCC=CCCCCC(=O)OC(COC(=O)CCCCC=CCCCCCCCCCCC)COC(=O)CCCCC=CCCCCCCCCCCC,[M+Na]+,TG 18:1_18:1_18:1,TG 18:1(6)_18:1(6)_18:1(6),0.4579999999999984,0.21550000000002,0.23056870578276753,0.23056870578276753,All,Some,0.0,0.0,2065.9229208924944,0.0
26121,22.805,907.77283,907.77251,0.35251122551385206,C57H104O6,CCCCCCCCCCCC=CCCCCC(=O)OC(COC(=O)CCCCCCCC=CCCCCCCCC)COC(=O)CCCCC=CCCCCCCCCCCC,[M+Na]+,TG 18:1_18:1_18:1,TG 18:1(6)_18:1(6)_18:1(9),0.4579999999999984,0.21550000000002,0.23056870578276753,0.23056870578276753,Some,Some,119870.94639311713,129424.3108901943,110797.41379310343,126601.57426125857
26121,22.805,907.77283,907.77251,0.35251122551385206,C57H104O6,CCCCCCCCCCCC=CCCCCC(=O)OC(COC(=O)CCCCC=CCCCCCCCCCCC)COC(=O)CCCCCCCCCC=CCCCCCC,[M+Na]+,TG 18:1_18:1_18:1,TG 18:1(11)_18:1(6)_18:1(6),0.3579999999999994,0.18009666666667576,0.17563089715336197,0.17563089715336197,All,Some,124199.99999999999,132600.0,115986.81541582149,130162.24353735647
26121,22.805,907.77283,907.77251,0.35251122551385206,C57H104O6,CCCCCCCCC=CCCCCCCCC(=O)OC(COC(=O)CCCCCCCC=CCCCCCCCC)COC(=O)CCCCC=CCCCCCCCCCCC,[M+Na]+,TG 18:1_18:1_18:1,TG 18:1(6)_18:1(9)_18:1(9),0.40466666666666623,0.18663666666668632,0.15371247052184503,0.15371247052184503,All,Some,124199.99999999999,132600.0,115986.81541582149,132225.17097509574
26121,22.805,907.77283,907.77251,0.35251122551385206,C57H104O6,CCCCCCCCCCCC=CCCCCC(=O)OC(COC(=O)CCCCCCCC=CCCCCCCCC)COC(=O)CCCCCCCCCC=CCCCCCC,[M+Na]+,TG 18:1_18:1_18:1,TG 18:1(11)_18:1(6)_18:1(9),0.34299999999999997,0.16730000000001155,0.13172317286502147,0.13172317286502147,All,Some,119870.94639311713,129424.3108901943,110797.41379310343,128664.50169899782
26121,22.805,907.77283,907.77251,0.35251122551385206,C57H104O6,CCCCCCC=CCCCCCCCCCC(=O)OC(COC(=O)CCCCCCCCCC=CCCCCCC)COC(=O)CCCCCCCCCC=CCCCCCC,[M+Na]+,TG 18:1_18:1_18:1,TG 18:1(11)_18:1(11)_18:1(11),0.15800000000000125,0.10928999999998723,0.06575527989455081,0.06575527989455081,All,All,4329.053606882859,3175.689109805694,5189.401622718052,3560.6692760978976
26121,22.805,907.77283,907.77251,0.35251122551385206,C57H104O6,CCCCCCC=CCCCCCCCCCC(=O)OC(COC(=O)CCCCCCCC=CCCCCCCCC)COC(=O)CCCCCCCCCC=CCCCCCC,[M+Na]+,TG 18:1_18:1_18:1,TG 18:1(11)_18:1(11)_18:1(9),0.15800000000000125,0.10928999999998723,0.06575527989455081,0.06575527989455081,Some,Some,4329.053606882859,3175.689109805694,5189.401622718052,3560.6692760978976
26121,22.805,907.77283,907.77251,0.35251122551385206,C57H104O6,CCCCCCCCC=CCCCCCCCC(=O)OC(COC(=O)CCCCCCCC=CCCCCCCCC)COC(=O)CCCCCCCCCC=CCCCCCC,[M+Na]+,TG 18:1_18:1_18:1,TG 18:1(11)_18:1(9)_18:1(9),0.22800000000000153,0.11910000000000309,0.032877639947275404,0.032877639947275404,All,Some,4329.053606882859,3175.689109805694,5189.401622718052,5623.596713837155
26143,22.816,890.81597,890.8535,42.12813891404218,C57H108O5,CCCCCCC=CCCCCCCCCCC(=O)OC(COC(=O)CCCCCCCCCC=CCCCCCC)COCCCCCCCCCCCCCCCCCC,[M+NH4]+,TG O-18:0_18:1_18:1,TG O-18:0_18:1(11)_18:1(11),0.2680000000000007,0.9662600000000339,0.29856253771601793,0.29856253771601793,All,All,0.0,166893.42403628115,0.0,0.0
26143,22.816,890.81597,890.8535,42.12813891404218,C57H108O5,CCCCCCC=CCCCCCCCCCC(=O)OC(COC(=O)CCCCCCCC=CCCCCCCCC)COCCCCCCCCCCCCCCCCCC,[M+NH4]+,TG O-18:0_18:1_18:1,TG O-18:0_18:1(11)_18:1(9),0.43600000000000233,0.36383666666669495,0.25093422452300973,0.25093422452300973,All,Some,0.0,327739.98488284205,0.0,0.0
26143,22.816,890.81597,890.8535,42.12813891404218,C57H108O5,CCCCCCC=CCCCCCCCCCC(=O)OC(COC(=O)CCCCC=CCCCCCCCCCCC)COCCCCCCCCCCCCCCCCCC,[M+NH4]+,TG O-18:0_18:1_18:1,TG O-18:0_18:1(11)_18:1(6),0.4719999999999989,0.9243300000000166,0.2349348386809742,0.2349348386809742,All,Some,0.0,372486.77248677245,0.0,0.0
26143,22.816,890.81597,890.8535,42.12813891404218,C57H108O5,CCCCCCCCC=CCCCCCCCC(=O)OC(COC(=O)CCCCCCCC=CCCCCCCCC)COCCCCCCCCCCCCCCCCCC,[M+NH4]+,TG O-18:0_18:1_18:1,TG O-18:0_18:1(9)_18:1(9),0.5200000000000031,0.06262500000002547,0.2271200679265056,0.2271200679265056,All,Some,0.0,160846.56084656084,0.0,0.0
26143,22.816,890.81597,890.8535,42.12813891404218,C57H108O5,CCCCCCCCCCCC=CCCCCC(=O)OC(COC(=O)CCCCCCCC=CCCCCCCCC)COCCCCCCCCCCCCCCCCCC,[M+NH4]+,TG O-18:0_18:1_18:1,TG O-18:0_18:1(6)_18:1(9),0.5470000000000006,0.4829950000000167,0.21512052854497898,0.21512052854497898,All,Some,0.0,366439.90929705213,0.0,0.0
26143,22.816,890.81597,890.8535,42.12813891404218,C57H108O5,CCCCCCCCCCCC=CCCCCC(=O)OC(COC(=O)CCCCC=CCCCCCCCCCCC)COCCCCCCCCCCCCCCCCCC,[M+NH4]+,TG O-18:0_18:1_18:1,TG O-18:0_18:1(6)_18:1(6),0.5739999999999981,0.903365000000008,0.20312098916345236,0.20312098916345236,All,Some,0.0,205593.34845049132,0.0,0.0
26163,22.819,902.81617,902.81712,1.0522618356959204,C57H104O6,CCCCCCCCCCCC=CCCCCC(=O)OC(COC(=O)CCCCC=CCC=CCCCCCCCC)COC(=O)CCCCCCCCCCCCCCCCC,[M+NH4]+,TG 18:0_18:1_18:2,"TG 18:0_18:1(6)_18:2(6,9)",0.3746666666666674,0.3577133333333222,0.5847249676182183,0.5847249676182183,Some,Some,6071794.871794872,1440742.6528633647,1277078.8797993672,3946757.8666981943
26163,22.819,902.81617,902.81712,1.0522618356959204,C57H104O6,CCCCCCCCC=CCCCCCCCC(=O)OC(COC(=O)CCCCC=CCC=CCCCCCCCC)COC(=O)CCCCCCCCCCCCCCCCC,[M+NH4]+,TG 18:0_18:1_18:2,"TG 18:0_18:1(9)_18:2(6,9)",0.4870000000000019,0.07528999999993857,0.5635278279603293,0.5635278279603293,Some,Some,898785.4251012148,7545482.160062673,7417736.9081029445,2823914.9711551494
26163,22.819,902.81617,902.81712,1.0522618356959204,C57H104O6,CCCCCCC=CCCCCCCCCCC(=O)OC(COC(=O)CCCCC=CCC=CCCCCCCCC)COC(=O)CCCCCCCCCCCCCCCCC,[M+NH4]+,TG 18:0_18:1_18:2,"TG 18:0_18:1(11)_18:2(6,9)",0.4100000000000019,0.30151499999999487,0.46763074959259066,0.46763074959259066,All,Some,7234409.817029156,1503807.5141749985,1478306.5623693797,4399522.903749656
26163,22.819,902.81617,902.81712,1.0522618356959204,C57H104O6,CCCCCCC=CCCCCCCCCCC(=O)OC(COC(=O)CCCCCCCC=CCC=CCCCCC)COC(=O)CCCCCCCCCCCCCCCCC,[M+NH4]+,TG 18:0_18:1_18:2,"TG 18:0_18:1(11)_18:2(9,12)",0.31240000000000095,0.23476199999995515,0.312983743404082,0.312983743404082,All,Some,2493142.51639833,7738942.000318169,7718589.598136981,3566766.3515003147
26163,22.819,902.81617,902.81712,1.0522618356959204,C57H104O6,CCCCCCCCC=CCCCCCCCC(=O)OC(COC(=O)CCCCCCCC=CCC=CCCCCC)COC(=O)CCCCCCCCCCCCCCCCC,[M+NH4]+,TG 18:0_18:1_18:2,"TG 18:0_18:1(9)_18:2(9,12)",0.25266666666666754,0.3302166666666153,0.273817124856902,0.273817124856902,Some,Some,5318394.375921915,1258250.6145751101,1127270.5559204635,3542940.401219864
26163,22.819,902.81617,902.81712,1.0522618356959204,C57H104O6,CCCCCCCCCCCC=CCCCCC(=O)OC(COC(=O)CCCCCCCC=CCC=CCCCCC)COC(=O)CCCCCCCCCCCCCCCCC,[M+NH4]+,TG 18:0_18:1_18:2,"TG 18:0_18:1(6)_18:2(9,12)",0.3406666666666662,0.36154333333329686,0.25033058205740083,0.25033058205740083,All,Some,183472.99375451152,812775.058005685,1681017.4956708667,2420097.505676819
26191,22.829,792.67086,792.70757,46.3096372349322,C49H90O6,CCCCCCC=CCCCCCCCCCC(=O)OC(COC(=O)CCCCCCCCCC=CCCCCCC)COC(=O)CCCCCCCCC,[M+NH4]+,TG 10:0_18:1_18:1,TG 10:0_18:1(11)_18:1(11),0.5459999999999994,0.9090199999998845,0.36554566461828797,0.36554566461828797,All,All,1622974.7675962814,502588.70108116337,1749707.227813358,2152175.655100569
26191,22.829,792.67086,792.70757,46.3096372349322,C49H90O6,CCCCCCC=CCCCCCCCCCC(=O)OC(COC(=O)CCCCCCCC=CCCCCCCCC)COC(=O)CCCCCCCCC,[M+NH4]+,TG 10:0_18:1_18:1,TG 10:0_18:1(11)_18:1(9),0.3849999999999998,0.7292399999999475,0.31463061473239606,0.31463061473239606,All,Some,1749002.086890533,4707705.192629816,1749707.227813358,2261070.5986056575
26191,22.829,792.67086,792.70757,46.3096372349322,C49H90O6,CCCCCCCCC=CCCCCCCCC(=O)OC(COC(=O)CCCCCCCC=CCCCCCCCC)COC(=O)CCCCCCCCC,[M+NH4]+,TG 10:0_18:1_18:1,TG 10:0_18:1(9)_18:1(9),0.2240000000000002,0.5494600000000105,0.26371556484650416,0.26371556484650416,All,Some,3142648.4538038326,696589.0056342318,3130000.0,3494070.0376632744
26191,22.829,792.67086,792.70757,46.3096372349322,C49H90O6,CCCCCCC=CCCCCCCCCCC(=O)OC(COC(=O)CCCCC=CCCCCCCCCCCC)COC(=O)CCCCCCCCC,[M+NH4]+,TG 10:0_18:1_18:1,TG 10:0_18:1(11)_18:1(6),0.3039999999999985,0.8897424999999544,0.18277283230914398,0.18277283230914398,All,Some,1645701.0055018023,4399116.796101721,1380292.7721866423,1450789.3260677939
26191,22.829,792.67086,792.70757,46.3096372349322,C49H90O6,CCCCCCCCCCCC=CCCCCC(=O)OC(COC(=O)CCCCCCCC=CCCCCCCCC)COC(=O)CCCCCCCCC,[M+NH4]+,TG 10:0_18:1_18:1,TG 10:0_18:1(6)_18:1(9),0.1429999999999989,0.7099625000000174,0.13185778242325208,0.13185778242325208,All,Some,1519673.6862075508,194000.30455306836,1380292.7721866423,1341894.3825627055
26198,22.829,904.82334,904.83277,10.421815292954175,C57H106O6,CCCCCCC=CCCCCCCCCCC(=O)OC(COC(=O)CCCCCCCCCC=CCCCCCC)COC(=O)CCCCCCCCCCCCCCCCC,[M+NH4]+,TG 18:0_18:1_18:1,TG 18:0_18:1(11)_18:1(11),0.46199999999999974,0.01788499999997839,0.3580846112474118,0.3580846112474118,All,Some,0.0,0.0,0.0,225711.10790714918
26198,22.829,904.82334,904.83277,10.421815292954175,C57H106O6,CCCCCCC=CCCCCCCCCCC(=O)OC(COC(=O)CCCCC=CCCCCCCCCCCC)COC(=O)CCCCCCCCCCCCCCCCC,[M+NH4]+,TG 18:0_18:1_18:1,TG 18:0_18:1(11)_18:1(6),0.2729999999999997,0.27310249999999314,0.31292838040855275,0.31292838040855275,All,Some,0.0,0.0,0.0,494329.67395110294
26198,22.829,904.82334,904.83277,10.421815292954175,C57H106O6,CCCCCCCCCCCC=CCCCCC(=O)OC(COC(=O)CCCCC=CCCCCCCCCCCC)COC(=O)CCCCCCCCCCCCCCCCC,[M+NH4]+,TG 18:0_18:1_18:1,TG 18:0_18:1(6)_18:1(6),0.08399999999999963,0.5283200000000079,0.2677721495696937,0.2677721495696937,All,Some,0.0,0.0,0.0,1654216.596980495
26198,22.829,904.82334,904.83277,10.421815292954175,C57H106O6,CCCCCCC=CCCCCCCCCCC(=O)OC(COC(=O)CCCCCCCC=CCCCCCCCC)COC(=O)CCCCCCCCCCCCCCCCC,[M+NH4]+,TG 18:0_18:1_18:1,TG 18:0_18:1(11)_18:1(9),0.25099999999999945,0.23883499999999458,0.1790423056237059,0.1790423056237059,All,Some,0.0,0.0,0.0,268618.56604395376
26198,22.829,904.82334,904.83277,10.421815292954175,C57H106O6,CCCCCCCCCCCC=CCCCCC(=O)OC(COC(=O)CCCCCCCC=CCCCCCCCC)COC(=O)CCCCCCCCCCCCCCCCC,[M+NH4]+,TG 18:0_18:1_18:1,TG 18:0_18:1(6)_18:1(9),0.06199999999999939,0.49405250000000933,0.13388607478484685,0.13388607478484685,All,Some,0.0,0.0,0.0,1697124.0551172993
26274,22.847,766.65505,766.69192,48.08972031428441,C47H88O6,CCCCCCCCCCCCCCCC(=O)OC(COC(=O)CCCCCCCC=CCCCCCCCC)COC(=O)CCCCCCCCC,[M+NH4]+,TG 10:0_16:0_18:1,TG 10:0_16:0_18:1(9),0.5060000000000002,0.9038800000000151,0.30859025539749363,0.30859025539749363,All,Some,43795621.64394878,5480679.269464915,43176000.0,39599163.17991632
26274,22.847,766.65505,766.69192,48.08972031428441,C47H88O6,CCCCCCCCCCCCCCCC(=O)OC(COC(=O)CCCCCCCCCC=CCCCCCC)COC(=O)CCCCCCCCC,[M+NH4]+,TG 10:0_16:0_18:1,TG 10:0_16:0_18:1(11),0.28100000000000236,0.4737700000000018,0.02376165305210194,0.02376165305210194,All,Some,11804378.356051218,43719320.73053509,10224000.0,15700836.820083683
26322,22.853,848.77107,848.77017,1.0603577173328973,C53H98O6,CCCCCCCCCCCCCCCC(=O)OC(COC(=O)CCCCC=CCC=CCCCCCCCC)COC(=O)CCCCCCCCCCCCCCC,[M+NH4]+,TG 16:0_16:0_18:2,"TG 16:0_16:0_18:2(6,9)",0.4215,0.7025650000000496,0.2953032108754252,0.2953032108754252,All,Some,0.0,45854.08063668443,0.0,0.0
26322,22.853,848.77107,848.77017,1.0603577173328973,C53H98O6,CCCCCCCCCCCCCCCC(=O)OC(COC(=O)CCCCCCCC=CCC=CCCCCC)COC(=O)CCCCCCCCCCCCCCC,[M+NH4]+,TG 16:0_16:0_18:2,"TG 16:0_16:0_18:2(9,12)",0.18549999999999933,0.24582499999996799,0.2836390239534813,0.2836390239534813,All,Some,0.0,7045.919363315565,0.0,0.0
26308,22.853,876.80078,876.80147,0.7869512353386223,C55H102O6,CCCCCCCCC=CCCCCCCCC(=O)OC(COC(=O)CCCCCCCC=CCCCCCCCC)COC(=O)CCCCCCCCCCCCCCC,[M+NH4]+,TG 16:0_18:1_18:1,TG 16:0_18:1(9)_18:1(9),0.7940000000000005,0.9397250000000099,0.6534269821532597,0.6534269821532597,All,All,2032853.4058374015,17034566.699123662,7588554.590570719,3065963.060686016
26308,22.853,876.80078,876.80147,0.7869512353386223,C55H102O6,CCCCCCCCCCCC=CCCCCC(=O)OC(COC(=O)CCCCCCCC=CCCCCCCCC)COC(=O)CCCCCCCCCCCCCCC,[M+NH4]+,TG 16:0_18:1_18:1,TG 16:0_18:1(6)_18:1(9),0.4344999999999981,0.7257025000000112,0.46477505207874964,0.46477505207874964,All,Some,51633813.26082927,32211781.888997078,58196184.86352357,52267370.272647314
26308,22.853,876.80078,876.80147,0.7869512353386223,C55H102O6,CCCCCCC=CCCCCCCCCCC(=O)OC(COC(=O)CCCCCCCC=CCCCCCCCC)COC(=O)CCCCCCCCCCCCCCC,[M+NH4]+,TG 16:0_18:1_18:1,TG 16:0_18:1(11)_18:1(9),0.4109999999999996,0.4721424999999897,0.32671349107662984,0.32671349107662984,All,Some,2032853.4058374015,7349805.258033105,0.0,3065963.060686016
26308,22.853,876.80078,876.80147,0.7869512353386223,C55H102O6,CCCCCCCCCCCC=CCCCCC(=O)OC(COC(=O)CCCCC=CCCCCCCCCCCC)COC(=O)CCCCCCCCCCCCCCC,[M+NH4]+,TG 16:0_18:1_18:1,TG 16:0_18:1(6)_18:1(6),0.07499999999999574,0.5116800000000126,0.27612312200423966,0.27612312200423966,All,Some,53666666.66666667,29876825.70593963,50607630.272952855,55333333.33333333
26308,22.853,876.80078,876.80147,0.7869512353386223,C55H102O6,CCCCCCC=CCCCCCCCCCC(=O)OC(COC(=O)CCCCC=CCCCCCCCCCCC)COC(=O)CCCCCCCCCCCCCCC,[M+NH4]+,TG 16:0_18:1_18:1,TG 16:0_18:1(11)_18:1(6),0.051499999999997215,0.258119999999991,0.13806156100211983,0.13806156100211983,All,Some,51633813.26082927,22527020.447906524,50607630.272952855,52267370.272647314
26310,22.853,878.80712,878.81712,11.378931716750015,C55H104O6,CCCCCCCCCCCCCCCCCC(=O)OC(COC(=O)CCCCCCCC=CCCCCCCCC)COC(=O)CCCCCCCCCCCCCCC,[M+NH4]+,TG 16:0_18:0_18:1,TG 16:0_18:0_18:1(9),0.07499999999999574,0.04873999999995249,0.4407509256090393,0.4407509256090393,All,Some,25101717.305151917,15750314.630309384,18667386.609071273,22697503.00120048
26310,22.853,878.80712,878.81712,11.378931716750015,C55H104O6,CCCCCCCCCCCCCCCCCC(=O)OC(COC(=O)CCCCC=CCCCCCCCCCCC)COC(=O)CCCCCCCCCCCCCCC,[M+NH4]+,TG 16:0_18:0_18:1,TG 16:0_18:0_18:1(6),0.7320000000000029,0.8835300000000075,0.4290092945258347,0.4290092945258347,All,All,4898282.694848084,5349685.369690614,5332613.390928725,7002496.998799521
26334,22.856,881.75627,881.75686,0.6691186955872643,C55H102O6,CCCCCCCCC=CCCCCCCCC(=O)OC(COC(=O)CCCCCCCC=CCCCCCCCC)COC(=O)CCCCCCCCCCCCCCC,[M+Na]+,TG 16:0_18:1_18:1,TG 16:0_18:1(9)_18:1(9),0.7179999999999964,0.1460299999999961,0.2485511895622161,0.2485511895622161,All,All,477502.09555741824,724660.4695131558,815785.6642540275,0.0
26334,22.856,881.75627,881.75686,0.6691186955872643,C55H102O6,CCCCCCC=CCCCCCCCCCC(=O)OC(COC(=O)CCCCCCCC=CCCCCCCCC)COC(=O)CCCCCCCCCCCCCCC,[M+Na]+,TG 16:0_18:1_18:1,TG 16:0_18:1(11)_18:1(9),0.5274999999999981,0.3258274999999742,0.16971365263776383,0.16971365263776383,All,All,760854.9874266555,986429.8093587522,1193532.5706280645,1210802.1877848678
26334,22.856,881.75627,881.75686,0.6691186955872643,C55H102O6,CCCCCCCCCCCC=CCCCCC(=O)OC(COC(=O)CCCCCCCC=CCCCCCCCC)COC(=O)CCCCCCCCCCCCCCC,[M+Na]+,TG 16:0_18:1_18:1,TG 16:0_18:1(6)_18:1(9),0.40399999999999636,0.335694999999987,0.12427559478110806,0.12427559478110806,All,Some,854431.4054205086,922153.773436269,1504835.395750642,942798.5414767548
26334,22.856,881.75627,881.75686,0.6691186955872643,C55H102O6,CCCCCCC=CCCCCCCCCCC(=O)OC(COC(=O)CCCCCCCCCC=CCCCCCC)COC(=O)CCCCCCCCCCCCCCC,[M+Na]+,TG 16:0_18:1_18:1,TG 16:0_18:1(11)_18:1(11),0.33699999999999974,0.5056249999999523,0.09087611571331151,0.09087611571331151,All,All,660282.2017323275,459262.6437687096,1066796.6378706514,2153600.7292616228
26334,22.856,881.75627,881.75686,0.6691186955872643,C55H102O6,CCCCCCC=CCCCCCCCCCC(=O)OC(COC(=O)CCCCC=CCCCCCCCCCCC)COC(=O)CCCCCCCCCCCCCCC,[M+Na]+,TG 16:0_18:1_18:1,TG 16:0_18:1(11)_18:1(6),0.21349999999999802,0.515492499999965,0.04543805785665576,0.04543805785665576,All,Some,376929.3098630903,197493.3039231133,689049.7314966145,942798.5414767548
26370,22.865,771.61024,771.64731,48.04008193843314,C47H88O6,CCCCCCCCCCCCCCCC(=O)OC(COC(=O)CCCCCCCC=CCCCCCCCC)COC(=O)CCCCCCCCC,[M+Na]+,TG 10:0_16:0_18:1,TG 10:0_16:0_18:1(9),0.5429999999999993,0.15708000000000766,0.18782422244441518,0.18782422244441518,All,All,197012.5786163522,194968.07438109108,209663.2851284265,187605.0443428293
26370,22.865,771.61024,771.64731,48.04008193843314,C47H88O6,CCCCCCCCCCCCCCCC(=O)OC(COC(=O)CCCCC=CCCCCCCCCCCC)COC(=O)CCCCCCCCC,[M+Na]+,TG 10:0_16:0_18:1,TG 10:0_16:0_18:1(6),0.6789999999999949,0.2394649999999956,0.18692684207757232,0.18692684207757232,All,All,2217295.5974842766,2054998.319704268,2024239.1538959637,2334640.551821876
26370,22.865,771.61024,771.64731,48.04008193843314,C47H88O6,CCCCCCCCCCCCCCCC(=O)OC(COC(=O)CCCCCCCCCC=CCCCCCC)COC(=O)CCCCCCCCC,[M+Na]+,TG 10:0_16:0_18:1,TG 10:0_16:0_18:1(11),0.7270000000000003,0.48025999999998703,0.08431429787994779,0.08431429787994779,All,All,255691.82389937108,340033.60591464094,346097.56097560975,287754.40383529494
26385,22.866,890.8163,890.8535,41.757707636663085,C57H108O5,CCCCCCC=CCCCCCCCCCC(=O)OC(COC(=O)CCCCCCCC=CCCCCCCCC)COCCCCCCCCCCCCCCCCCC,[M+NH4]+,TG O-18:0_18:1_18:1,TG O-18:0_18:1(11)_18:1(9),0.46699999999999875,0.0998100000000477,0.22670570592914602,0.22670570592914602,All,Some,357305.3892215569,117449.23076923077,283237.1250707414,492175.8436944938
26385,22.866,890.8163,890.8535,41.757707636663085,C57H108O5,CCCCCCCCC=CCCCCCCCC(=O)OC(COC(=O)CCCCCCCC=CCCCCCCCC)COCCCCCCCCCCCCCCCCCC,[M+NH4]+,TG O-18:0_18:1_18:1,TG O-18:0_18:1(9)_18:1(9),0.46699999999999875,0.0998100000000477,0.22670570592914602,0.22670570592914602,All,Some,292694.6107784431,73884.10256410256,330096.20826259203,417824.1563055063
26385,22.866,890.8163,890.8535,41.757707636663085,C57H108O5,CCCCCCCCCCCC=CCCCCC(=O)OC(COC(=O)CCCCCCCC=CCCCCCCCC)COCCCCCCCCCCCCCCCCCC,[M+NH4]+,TG O-18:0_18:1_18:1,TG O-18:0_18:1(6)_18:1(9),0.5154999999999994,0.5017525000000376,0.2233945332368425,0.2233945332368425,All,Some,357305.3892215569,117449.23076923077,283237.1250707414,492175.8436944938
26385,22.866,890.8163,890.8535,41.757707636663085,C57H108O5,CCCCCCC=CCCCCCCCCCC(=O)OC(COC(=O)CCCCC=CCCCCCCCCCCC)COCCCCCCCCCCCCCCCCCC,[M+NH4]+,TG O-18:0_18:1_18:1,TG O-18:0_18:1(11)_18:1(6),0.5640000000000001,0.9036950000000274,0.22008336054453898,0.22008336054453898,All,Some,650000.0,191333.3333333333,613333.3333333333,910000.0
26385,22.866,890.8163,890.8535,41.757707636663085,C57H108O5,CCCCCCCCCCCC=CCCCCC(=O)OC(COC(=O)CCCCC=CCCCCCCCCCCC)COCCCCCCCCCCCCCCCCCC,[M+NH4]+,TG O-18:0_18:1_18:1,TG O-18:0_18:1(6)_18:1(6),0.5640000000000001,0.9036950000000274,0.22008336054453898,0.22008336054453898,All,Some,292694.6107784431,73884.10256410256,330096.20826259203,417824.1563055063
26396,22.877,888.80149,888.83785,40.907348848902856,C57H106O5,CCCCCCC=CCCCCCCCCCC(=O)OC(COC(=O)CCCCCCCC=CCC=CCCCCC)COCCCCCCCCCCCCCCCCCC,[M+NH4]+,TG O-18:0_18:1_18:2,"TG O-18:0_18:1(11)_18:2(9,12)",0.656,0.368298333333352,0.3462001686090799,0.3462001686090799,All,Some,0.0,0.0,25812.9537366548,0.0
26396,22.877,888.80149,888.83785,40.907348848902856,C57H106O5,CCCCCCCCC=CCCCCCCCC(=O)OC(COC(=O)CCCCCCCC=CCC=CCCCCC)COCCCCCCCCCCCCCCCCCC,[M+NH4]+,TG O-18:0_18:1_18:2,"TG O-18:0_18:1(9)_18:2(9,12)",0.33999999999999986,0.0766625000000829,0.25099185596700113,0.25099185596700113,Some,Some,0.0,0.0,42754.733096085416,0.0
26396,22.877,888.80149,888.83785,40.907348848902856,C57H106O5,CCCCCCCCCCCC=CCCCCC(=O)OC(COC(=O)CCCCCCCC=CCC=CCCCCC)COCCCCCCCCCCCCCCCCCC,[M+NH4]+,TG O-18:0_18:1_18:2,"TG O-18:0_18:1(6)_18:2(9,12)",0.3743333333333325,0.22045333333339082,0.21366334435481152,0.21366334435481152,All,Some,0.0,0.0,18889.1103202847,0.0
26396,22.877,888.80149,888.83785,40.907348848902856,C57H106O5,CCCCCCC=CCCCCCCCCCC(=O)OC(COC(=O)CCCCC=CCC=CCCCCCCCC)COCCCCCCCCCCCCCCCCCC,[M+NH4]+,TG O-18:0_18:1_18:2,"TG O-18:0_18:1(11)_18:2(6,9)",0.5436666666666691,0.6429516666666663,0.1895509297228339,0.1895509297228339,All,Some,0.0,0.0,35830.8896797153,0.0
26396,22.877,888.80149,888.83785,40.907348848902856,C57H106O5,CCCCCCCCC=CCCCCCCCC(=O)OC(COC(=O)CCCCC=CCC=CCCCCCCCC)COCCCCCCCCCCCCCCCCCC,[M+NH4]+,TG O-18:0_18:1_18:2,"TG O-18:0_18:1(9)_18:2(6,9)",0.5420000000000016,0.9048850000000357,0.17104231640569664,0.17104231640569664,Some,Some,0.0,0.0,5885.266903914591,0.0
26396,22.877,888.80149,888.83785,40.907348848902856,C57H106O5,CCCCCCCCCCCC=CCCCCC(=O)OC(COC(=O)CCCCC=CCC=CCCCCCCCC)COCCCCCCCCCCCCCCCCCC,[M+NH4]+,TG O-18:0_18:1_18:2,"TG O-18:0_18:1(6)_18:2(6,9)",0.323500000000001,0.4875275000000556,0.08552115820284832,0.08552115820284832,Some,Some,0.0,0.0,22827.046263345197,0.0
26452,22.897,850.7851,850.78582,0.8462764458009859,C53H100O6,CCCCCCCCCCCCCCCC(=O)OC(COC(=O)CCCCCCCC=CCCCCCCCC)COC(=O)CCCCCCCCCCCCCCC,[M+NH4]+,TG 16:0_16:0_18:1,TG 16:0_16:0_18:1(9),0.24199999999999733,0.4822950000000219,0.18270475528909216,0.18270475528909216,All,Some,65000000.0,61700000.0,67200000.0,
26458,22.9,745.59511,745.57415,28.112562647116274,C47H78O5,CCC=CCC=CCC=CCCCCCCCC(=O)OC(COC(=O)CCCCC=CCC=CCC=CCC=CCC)COCCCCCCCC,[M+Na]+,TG O-8:0_18:3_18:4,"TG O-8:0_18:3(9,12,15)_18:4(6,9,12,15)",0.3936000000000021,0.23530999999995855,0.2343004443877771,0.2343004443877771,Some,Some,352255.979728789,377120.34610072995,376379.6264855687,409356.9301833765
26458,22.9,745.59511,745.57415,28.112562647116274,C47H78O5,CCCCCC=CCC=CCC=CCCCCC(=O)OC(COC(=O)CCCCC=CCC=CCC=CCC=CCC)COCCCCCCCC,[M+Na]+,TG O-8:0_18:3_18:4,"TG O-8:0_18:3(6,9,12)_18:4(6,9,12,15)",0.309428571428574,0.11121714285712057,0.23007092845820673,0.23007092845820673,Some,Some,300744.020271211,269879.65389927,282620.37351443124,357643.0698166235
26486,22.91,864.80121,864.83785,42.366323351867614,C55H106O5,CCCCCCCCCCCCCCCC(=O)OC(COC(=O)CCCCCCCCCC=CCCCCCC)COCCCCCCCCCCCCCCCCCC,[M+NH4]+,TG O-18:0_16:0_18:1,TG O-18:0_16:0_18:1(11),0.6370000000000005,0.979554999999948,0.33122860149481576,0.33122860149481576,All,All,0.0,599017.0688640376,0.0,757394.2489761768
26486,22.91,864.80121,864.83785,42.366323351867614,C55H106O5,CCCCCCCCCCCCCCCC(=O)OC(COC(=O)CCCCCCCC=CCCCCCCCC)COCCCCCCCCCCCCCCCCCC,[M+NH4]+,TG O-18:0_16:0_18:1,TG O-18:0_16:0_18:1(9),0.46699999999999875,0.894155000000012,0.17453789955523846,0.17453789955523846,All,Some,0.0,107533.84343731607,0.0,71416.61896164516
26486,22.91,864.80121,864.83785,42.366323351867614,C55H106O5,CCCCCCCCCCCCCCCC(=O)OC(COC(=O)CCCCC=CCCCCCCCCCCC)COCCCCCCCCCCCCCCCCCC,[M+NH4]+,TG O-18:0_16:0_18:1,TG O-18:0_16:0_18:1(6),0.46399999999999864,0.5195149999999558,0.13968876219785561,0.13968876219785561,All,Some,0.0,63449.08769864626,0.0,125189.132062178
26540,22.933,928.83214,928.83277,0.678270642842434,C59H106O6,CCCCCCCCC=CCC=CCCCCC(=O)OC(COC(=O)CCCCCCCCCC=CCCCCCCCC)COC(=O)CCCCCCCC=CCCCCCCCC,[M+NH4]+,TG 18:1_18:2_20:1,"TG 18:1(9)_18:2(6,9)_20:1(11)",0.6099999999999994,0.5190450000000055,0.8424283316539929,0.8424283316539929,Some,Some,298625.5386709004,202146.9846178888,0.0,536669.9449252557
26540,22.933,928.83214,928.83277,0.678270642842434,C59H106O6,CCCCCC=CCC=CCCCCCCCC(=O)OC(COC(=O)CCCCCCCCCC=CCCCCCCCC)COC(=O)CCCCCCCC=CCCCCCCCC,[M+NH4]+,TG 18:1_18:2_20:1,"TG 18:1(9)_18:2(9,12)_20:1(11)",0.7189999999999994,0.5207674999999767,0.7374451327302143,0.7374451327302143,Some,Some,298625.5386709004,202146.9846178888,0.0,536669.9449252557
26540,22.933,928.83214,928.83277,0.678270642842434,C59H106O6,CCCCCC=CCC=CCCCCCCCC(=O)OC(COC(=O)CCCCCCCCCCCC=CCCCCCC)COC(=O)CCCCCCCC=CCCCCCCCC,[M+NH4]+,TG 18:1_18:2_20:1,"TG 18:1(9)_18:2(9,12)_20:1(13)",0.7189999999999994,0.5207674999999767,0.7374451327302143,0.7374451327302143,Some,Some,55785.89249262871,253537.07170179862,0.0,140851.03592971415
26540,22.933,928.83214,928.83277,0.678270642842434,C59H106O6,CCCCCCCCC=CCC=CCCCCC(=O)OC(COC(=O)CCCCCCCCCCCC=CCCCCCC)COC(=O)CCCCCCCC=CCCCCCCCC,[M+NH4]+,TG 18:1_18:2_20:1,"TG 18:1(9)_18:2(6,9)_20:1(13)",0.6779999999999996,0.6536066666666329,0.6829246554052791,0.6829246554052791,Some,Some,18103.8784304831,51390.08708390981,0.0,46441.12247574089
26540,22.933,928.83214,928.83277,0.678270642842434,C59H106O6,CCCCCC=CCC=CCCCCCCCC(=O)OC(COC(=O)CCCCCCCCCC=CCCCCCCCC)COC(=O)CCCCCCCCCC=CCCCCCC,[M+NH4]+,TG 18:1_18:2_20:1,"TG 18:1(11)_18:2(9,12)_20:1(11)",0.7379999999999995,0.601159999999959,0.6627395667657417,0.6627395667657417,Some,Some,231399.41029711952,255243.75356067385,0.0,375500.917912405
26540,22.933,928.83214,928.83277,0.678270642842434,C59H106O6,CCCCCC=CCC=CCCCCCCCC(=O)OC(COC(=O)CCCCCCCCCCCC=CCCCCCC)COC(=O)CCCCCCCCCC=CCCCCCC,[M+NH4]+,TG 18:1_18:2_20:1,"TG 18:1(11)_18:2(9,12)_20:1(13)",0.8233333333333329,0.6559033333332612,0.5429470568402411,0.5429470568402411,All,Some,80523.92832841913,454167.00577846495,0.0,223345.1350642539
26540,22.933,928.83214,928.83277,0.678270642842434,C59H106O6,CCCCCC=CCC=CCCCCCCCC(=O)OC(COC(=O)CCCCCCCCCC=CCCCCCCCC)COC(=O)CCCCC=CCCCCCCCCCCC,[M+NH4]+,TG 18:1_18:2_20:1,"TG 18:1(6)_18:2(9,12)_20:1(11)",0.543333333333333,0.3957366666666455,0.4916300884868095,0.4916300884868095,Some,Some,37682.01406214561,202146.9846178888,0.0,94409.91345397326
26540,22.933,928.83214,928.83277,0.678270642842434,C59H106O6,CCCCCCCCC=CCC=CCCCCC(=O)OC(COC(=O)CCCCCCCCCC=CCCCCCCCC)COC(=O)CCCCC=CCCCCCCCCCCC,[M+NH4]+,TG 18:1_18:2_20:1,"TG 18:1(6)_18:2(6,9)_20:1(11)",0.43100000000000094,0.33553000000000566,0.42121416582699645,0.42121416582699645,Some,Some,37682.01406214561,202146.9846178888,0.0,94409.91345397326
26540,22.933,928.83214,928.83277,0.678270642842434,C59H106O6,CCCCCCCCC=CCC=CCCCCC(=O)OC(COC(=O)CCCCCCCCCC=CCCCCCCCC)COC(=O)CCCCCCCCCC=CCCCCCC,[M+NH4]+,TG 18:1_18:2_20:1,"TG 18:1(11)_18:2(6,9)_20:1(11)",0.45799999999999985,0.596147999999971,0.40975479324316744,0.40975479324316744,All,Some,55785.89249262871,253537.07170179862,0.0,140851.03592971415
26540,22.933,928.83214,928.83277,0.678270642842434,C59H106O6,CCCCCCCCC=CCC=CCCCCC(=O)OC(COC(=O)CCCCCCCCCCCC=CCCCCCC)COC(=O)CCCCCCCCCC=CCCCCCC,[M+NH4]+,TG 18:1_18:2_20:1,"TG 18:1(11)_18:2(6,9)_20:1(13)",0.45799999999999985,0.596147999999971,0.40975479324316744,0.40975479324316744,All,Some,55785.89249262871,253537.07170179862,0.0,140851.03592971415
26559,22.947,797.62809,797.66296,43.71520522897957,C49H90O6,CCCCCCCCCCCC=CCCCCC(=O)OC(COC(=O)CCCCC=CCCCCCCCCCCC)COC(=O)CCCCCCCCC,[M+Na]+,TG 10:0_18:1_18:1,TG 10:0_18:1(6)_18:1(6),0.7459999999999951,0.2057399999999916,0.36562607236920885,0.36562607236920885,All,All,0.0,0.0,0.0,0.0
26559,22.947,797.62809,797.66296,43.71520522897957,C49H90O6,CCCCCCCCCCCC=CCCCCC(=O)OC(COC(=O)CCCCCCCC=CCCCCCCCC)COC(=O)CCCCCCCCC,[M+Na]+,TG 10:0_18:1_18:1,TG 10:0_18:1(6)_18:1(9),0.6014999999999961,0.18268499999999221,0.3601896073865068,0.3601896073865068,All,All,0.0,0.0,109240.21730572394,72048.84520618418
26559,22.947,797.62809,797.66296,43.71520522897957,C49H90O6,CCCCCCCCC=CCCCCCCCC(=O)OC(COC(=O)CCCCCCCC=CCCCCCCCC)COC(=O)CCCCCCCCC,[M+Na]+,TG 10:0_18:1_18:1,TG 10:0_18:1(9)_18:1(9),0.4569999999999972,0.15962999999999283,0.3547531424038047,0.3547531424038047,All,All,0.0,0.0,6093.116027609373,4284.488127149162
26559,22.947,797.62809,797.66296,43.71520522897957,C49H90O6,CCCCCCC=CCCCCCCCCCC(=O)OC(COC(=O)CCCCC=CCCCCCCCCCCC)COC(=O)CCCCCCCCC,[M+Na]+,TG 10:0_18:1_18:1,TG 10:0_18:1(11)_18:1(6),0.5974999999999984,0.17012999999997191,0.21678352028748363,0.21678352028748363,All,All,0.0,0.0,109240.21730572394,72048.84520618418
26559,22.947,797.62809,797.66296,43.71520522897957,C49H90O6,CCCCCCC=CCCCCCCCCCC(=O)OC(COC(=O)CCCCCCCC=CCCCCCCCC)COC(=O)CCCCCCCCC,[M+Na]+,TG 10:0_18:1_18:1,TG 10:0_18:1(11)_18:1(9),0.4529999999999994,0.14707499999997253,0.21134705530478154,0.21134705530478154,All,All,0.0,0.0,115333.33333333333,76333.33333333334
26559,22.947,797.62809,797.66296,43.71520522897957,C49H90O6,CCCCCCC=CCCCCCCCCCC(=O)OC(COC(=O)CCCCCCCCCC=CCCCCCC)COC(=O)CCCCCCCCC,[M+Na]+,TG 10:0_18:1_18:1,TG 10:0_18:1(11)_18:1(11),0.4490000000000016,0.13451999999995223,0.06794096820575837,0.06794096820575837,All,All,0.0,0.0,6093.116027609373,4284.488127149162
26651,22.969,902.81636,902.81712,0.8418094685819212,C57H104O6,CCCCCCCCCCCC=CCCCCC(=O)OC(COC(=O)CCCCC=CCC=CCCCCCCCC)COC(=O)CCCCCCCCCCCCCCCCC,[M+NH4]+,TG 18:0_18:1_18:2,"TG 18:0_18:1(6)_18:2(6,9)",0.8053333333333322,0.36861333333327667,0.39669225870065244,0.39669225870065244,Some,Some,1184546.3551075114,7049969.3988042,6208537.592949601,2706432.7485380126
26651,22.969,902.81636,902.81712,0.8418094685819212,C57H104O6,CCCCCCC=CCCCCCCCCCC(=O)OC(COC(=O)CCCCCCCC=CCC=CCCCCC)COC(=O)CCCCCCCCCCCCCCCCC,[M+NH4]+,TG 18:0_18:1_18:2,"TG 18:0_18:1(11)_18:2(9,12)",0.3156000000000006,0.2301779999999553,0.3584944100340305,0.3584944100340305,All,Some,14816444.263154829,7944823.690033426,9640649.958689066,14404712.762297904
26651,22.969,902.81636,902.81712,0.8418094685819212,C57H104O6,CCCCCCCCC=CCCCCCCCC(=O)OC(COC(=O)CCCCCCCC=CCC=CCCCCC)COC(=O)CCCCCCCCCCCCCCCCC,[M+NH4]+,TG 18:0_18:1_18:2,"TG 18:0_18:1(9)_18:2(9,12)",0.4106666666666688,0.334136666666609,0.3497233612354295,0.3497233612354295,Some,Some,1184546.3551075112,5450967.468574925,7243293.858441203,2158410.732714139
26651,22.969,902.81636,902.81712,0.8418094685819212,C57H104O6,CCCCCCC=CCCCCCCCCCC(=O)OC(COC(=O)CCCCC=CCC=CCCCCCCCC)COC(=O)CCCCCCCCCCCCCCCCC,[M+NH4]+,TG 18:0_18:1_18:2,"TG 18:0_18:1(11)_18:2(6,9)",0.36949999999999683,0.07427499999994325,0.3128606974296538,0.3128606974296538,All,Some,14816444.263154829,8770961.819123393,10675406.224180669,13920983.832129344
26651,22.969,902.81636,902.81712,0.8418094685819212,C57H104O6,CCCCCCCCCCCC=CCCCCC(=O)OC(COC(=O)CCCCCCCC=CCC=CCCCCC)COC(=O)CCCCCCCCCCCCCCCCC,[M+NH4]+,TG 18:0_18:1_18:2,"TG 18:0_18:1(6)_18:2(9,12)",0.4806666666666679,0.35505666666661756,0.28851767275891577,0.28851767275891577,All,Some,0.0,263283.27291558776,0.0,988888.8888888891
26651,22.969,902.81636,902.81712,0.8418094685819212,C57H104O6,CCCCCCCCC=CCCCCCCCC(=O)OC(COC(=O)CCCCC=CCC=CCCCCCCCC)COC(=O)CCCCCCCCCCCCCCCCC,[M+NH4]+,TG 18:0_18:1_18:2,"TG 18:0_18:1(9)_18:2(6,9)",0.4379999999999953,0.07355499999988524,0.2540704116273756,0.2540704116273756,Some,Some,998018.7634753218,3319994.3505484676,3432112.3657394666,1420571.035431717
26658,22.97,907.77261,907.77251,0.1101597579495968,C57H104O6,CCCCCCCCCCCC=CCCCCC(=O)OC(COC(=O)CCCCCCCC=CCC=CCCCCC)COC(=O)CCCCCCCCCCCCCCCCC,[M+Na]+,TG 18:0_18:1_18:2,"TG 18:0_18:1(6)_18:2(9,12)",0.47120000000000034,0.2975759999999809,0.23385109898368212,0.23385109898368212,All,Some,41885.83553278477,61886.7924528302,17198.367100090716,7579.5228628230625
26658,22.97,907.77261,907.77251,0.1101597579495968,C57H104O6,CCCCCCC=CCCCCCCCCCC(=O)OC(COC(=O)CCCCCCCC=CCC=CCCCCC)COC(=O)CCCCCCCCCCCCCCCCC,[M+Na]+,TG 18:0_18:1_18:2,"TG 18:0_18:1(11)_18:2(9,12)",0.528000000000001,0.38868666666667195,0.22579749232357504,0.22579749232357504,All,Some,374649.3815660094,362763.56860004656,400296.08910392097,407374.0888005302
26658,22.97,907.77261,907.77251,0.1101597579495968,C57H104O6,CCCCCCCCC=CCCCCCCCC(=O)OC(COC(=O)CCCCCCCC=CCC=CCCCCC)COC(=O)CCCCCCCCCCCCCCCCC,[M+Na]+,TG 18:0_18:1_18:2,"TG 18:0_18:1(9)_18:2(9,12)",0.5100000000000016,0.5189800000000275,0.16934811924268128,0.16934811924268128,Some,Some,75241.93965740308,31153.505706964825,44715.75446023586,0.0
26658,22.97,907.77261,907.77251,0.1101597579495968,C57H104O6,CCCCCCCCCCCC=CCCCCC(=O)OC(COC(=O)CCCCC=CCC=CCCCCCCCC)COC(=O)CCCCCCCCCCCCCCCCC,[M+Na]+,TG 18:0_18:1_18:2,"TG 18:0_18:1(6)_18:2(6,9)",0.42549999999999955,0.17105999999995447,0.12537991544956376,0.12537991544956376,Some,Some,431687.62614500854,362763.56860004656,427813.47646406613,407374.0888005302
26658,22.97,907.77261,907.77251,0.1101597579495968,C57H104O6,CCCCCCCCC=CCCCCCCCC(=O)OC(COC(=O)CCCCC=CCC=CCCCCCCCC)COC(=O)CCCCCCCCCCCCCCCCC,[M+Na]+,TG 18:0_18:1_18:2,"TG 18:0_18:1(9)_18:2(6,9)",0.46499999999999986,0.18120999999996457,0.004828321925284746,0.004828321925284746,Some,Some,18203.695078403973,31153.505706964825,17198.367100090716,0.0
26658,22.97,907.77261,907.77251,0.1101597579495968,C57H104O6,CCCCCCC=CCCCCCCCCCC(=O)OC(COC(=O)CCCCC=CCC=CCCCCCCCC)COC(=O)CCCCCCCCCCCCCCCCC,[M+Na]+,TG 18:0_18:1_18:2,"TG 18:0_18:1(11)_18:2(6,9)",0.3545000000000016,0.35963499999999726,0.002414160962642373,0.002414160962642373,All,Some,398331.5220203903,380279.05893314705,392777.9457715956,397672.29953611665
26688,22.978,745.59518,745.57415,28.206450022437213,C47H78O5,CCCCCC=CCC=CCC=CCCCCC(=O)OC(COC(=O)CCCCC=CCC=CCC=CCC=CCC)COCCCCCCCC,[M+Na]+,TG O-8:0_18:3_18:4,"TG O-8:0_18:3(6,9,12)_18:4(6,9,12,15)",0.32549999999999635,0.27006124999994086,0.26623985204357425,0.26623985204357425,Some,Some,50584.19834981472,0.0,0.0,0.0
26688,22.978,745.59518,745.57415,28.206450022437213,C47H78O5,CCC=CCC=CCC=CCCCCCCCC(=O)OC(COC(=O)CCCCC=CCC=CCC=CCC=CCC)COCCCCCCCC,[M+Na]+,TG O-8:0_18:3_18:4,"TG O-8:0_18:3(9,12,15)_18:4(6,9,12,15)",0.42666666666666586,0.21924166666661904,0.21827951845893825,0.21827951845893825,Some,Some,67415.80165018528,0.0,0.0,0.0
26695,22.979,916.83238,916.86915,40.10386869276474,C59H110O5,CCCCCCCCC=CCCCCCCCC(=O)OC(COC(=O)CCCCCCCC=CCCCCCCCC)COCCCCCCCCCCC=CCCCCCCCC,[M+NH4]+,TG O-20:1_18:1_18:1,TG O-20:1(11)_18:1(9)_18:1(9),0.39000000000000057,0.9565149999999107,0.45946981103092543,0.45946981103092543,All,All,97097.58545592273,63619.107638013615,75423.71134020618,105708.44257996853
26695,22.979,916.83238,916.86915,40.10386869276474,C59H110O5,CCCCCCC=CCCCCCCCCCC(=O)OC(COC(=O)CCCCCCCC=CCCCCCCCC)COCCCCCCCCCCCCC=CCCCCCC,[M+NH4]+,TG O-20:1_18:1_18:1,TG O-20:1(13)_18:1(11)_18:1(9),0.39000000000000057,0.9565149999999107,0.45946981103092543,0.45946981103092543,Some,Some,115018.69141179812,106785.98437106126,107777.31958762885,118834.44452768
26695,22.979,916.83238,916.86915,40.10386869276474,C59H110O5,CCCCCCC=CCCCCCCCCCC(=O)OC(COC(=O)CCCCCCCCCC=CCCCCCC)COCCCCCCCCCCC=CCCCCCCCC,[M+NH4]+,TG O-20:1_18:1_18:1,TG O-20:1(11)_18:1(11)_18:1(11),0.24549999999999983,0.5029224999999826,0.3091698920089736,0.3091698920089736,All,All,97097.58545592273,63619.107638013615,75423.71134020618,105708.44257996853
26695,22.979,916.83238,916.86915,40.10386869276474,C59H110O5,CCCCCCC=CCCCCCCCCCC(=O)OC(COC(=O)CCCCCCCC=CCCCCCCCC)COCCCCCCCCCCC=CCCCCCCCC,[M+NH4]+,TG O-20:1_18:1_18:1,TG O-20:1(11)_18:1(11)_18:1(9),0.24549999999999983,0.5029224999999826,0.3091698920089736,0.3091698920089736,All,All,37215.528832496915,94297.45399546257,95631.9587628866,31253.052663120838
26695,22.979,916.83238,916.86915,40.10386869276474,C59H110O5,CCCCCCCCC=CCCCCCCCC(=O)OC(COC(=O)CCCCCCCC=CCCCCCCCC)COCCCCCCCCCCCCC=CCCCCCC,[M+NH4]+,TG O-20:1_18:1_18:1,TG O-20:1(13)_18:1(9)_18:1(9),0.24549999999999983,0.5029224999999826,0.3091698920089736,0.3091698920089736,All,All,37215.528832496915,94297.45399546257,95631.9587628866,31253.052663120838
26695,22.979,916.83238,916.86915,40.10386869276474,C59H110O5,CCCCCCCCCCCC=CCCCCC(=O)OC(COC(=O)CCCCC=CCCCCCCCCCCC)COCCCCCCCCCCC=CCCCCCCCC,[M+NH4]+,TG O-20:1_18:1_18:1,TG O-20:1(11)_18:1(6)_18:1(6),0.36400000000000077,0.5224000000000046,0.28073669610112395,0.28073669610112395,All,Some,19294.42287662153,51130.577262414925,63278.35051546391,18127.050715409394
26695,22.979,916.83238,916.86915,40.10386869276474,C59H110O5,CCCCCCCCCCCC=CCCCCC(=O)OC(COC(=O)CCCCCCCC=CCCCCCCCC)COCCCCCCCCCCC=CCCCCCCCC,[M+NH4]+,TG O-20:1_18:1_18:1,TG O-20:1(11)_18:1(6)_18:1(9),0.36400000000000077,0.5224000000000046,0.28073669610112395,0.28073669610112395,All,Some,83649.95739039863,22714.645828081673,32353.608247422675,94445.57644767399
26695,22.979,916.83238,916.86915,40.10386869276474,C59H110O5,CCCCCCC=CCCCCCCCCCC(=O)OC(COC(=O)CCCCC=CCCCCCCCCCCC)COCCCCCCCCCCCCC=CCCCCCC,[M+NH4]+,TG O-20:1_18:1_18:1,TG O-20:1(13)_18:1(11)_18:1(6),0.3410000000000011,0.10738500000007889,0.24999840827852826,0.24999840827852826,Some,Some,19294.42287662153,51130.577262414925,63278.35051546391,18127.050715409394
26695,22.979,916.83238,916.86915,40.10386869276474,C59H110O5,CCCCCCC=CCCCCCCCCCC(=O)OC(COC(=O)CCCCC=CCCCCCCCCCCC)COCCCCCCCCCCC=CCCCCCCCC,[M+NH4]+,TG O-20:1_18:1_18:1,TG O-20:1(11)_18:1(11)_18:1(6),0.27633333333333354,0.36471000000002124,0.2401144550630899,0.2401144550630899,All,Some,115018.69141179812,106785.98437106126,107777.31958762885,118834.44452767998
26695,22.979,916.83238,916.86915,40.10386869276474,C59H110O5,CCCCCCCCCCCC=CCCCCC(=O)OC(COC(=O)CCCCCCCC=CCCCCCCCC)COCCCCCCCCCCCCC=CCCCCCC,[M+NH4]+,TG O-20:1_18:1_18:1,TG O-20:1(13)_18:1(6)_18:1(9),0.27633333333333354,0.36471000000002124,0.2401144550630899,0.2401144550630899,All,Some,97097.58545592272,63619.107638013615,75423.71134020618,105708.44257996853
26763,23.004,890.81668,890.8535,41.331150408046064,C57H108O5,CCCCCCC=CCCCCCCCCCC(=O)OC(COC(=O)CCCCCCCCCC=CCCCCCC)COCCCCCCCCCCCCCCCCCC,[M+NH4]+,TG O-18:0_18:1_18:1,TG O-18:0_18:1(11)_18:1(11),0.6159999999999997,0.5094949999999585,0.40504576895447,0.40504576895447,All,All,455577.4330734711,162626.26262626264,0.0,432131.1475409836
26763,23.004,890.81668,890.8535,41.331150408046064,C57H108O5,CCCCCCC=CCCCCCCCCCC(=O)OC(COC(=O)CCCCC=CCCCCCCCCCCC)COCCCCCCCCCCCCCCCCCC,[M+NH4]+,TG O-18:0_18:1_18:1,TG O-18:0_18:1(11)_18:1(6),0.5054999999999996,0.73405249999999,0.37024794886121093,0.37024794886121093,All,All,510183.7177906909,335858.58585858584,0.0,466120.218579235
26763,23.004,890.81668,890.8535,41.331150408046064,C57H108O5,CCCCCCCCCCCC=CCCCCC(=O)OC(COC(=O)CCCCC=CCCCCCCCCCCC)COCCCCCCCCCCCCCCCCCC,[M+NH4]+,TG O-18:0_18:1_18:1,TG O-18:0_18:1(6)_18:1(6),0.3949999999999996,0.9586100000000215,0.3354501287679519,0.3354501287679519,All,All,492060.381949447,340101.0101010101,0.0,472677.5956284153
26763,23.004,890.81668,890.8535,41.331150408046064,C57H108O5,CCCCCCC=CCCCCCCCCCC(=O)OC(COC(=O)CCCCCCCC=CCCCCCCCC)COCCCCCCCCCCCCCCCCCC,[M+NH4]+,TG O-18:0_18:1_18:1,TG O-18:0_18:1(11)_18:1(9),0.4629999999999974,0.295664999999957,0.32875148529487086,0.32875148529487086,All,Some,54606.28471721975,173232.32323232325,0.0,33989.071038251364
26763,23.004,890.81668,890.8535,41.331150408046064,C57H108O5,CCCCCCCCCCCC=CCCCCC(=O)OC(COC(=O)CCCCCCCC=CCCCCCCCC)COCCCCCCCCCCCCCCCCCC,[M+NH4]+,TG O-18:0_18:1_18:1,TG O-18:0_18:1(6)_18:1(9),0.35249999999999737,0.5202224999999885,0.2939536652016118,0.2939536652016118,All,Some,91089.23359319557,350707.07070707076,0.0,74535.51912568306
26763,23.004,890.81668,890.8535,41.331150408046064,C57H108O5,CCCCCCCCC=CCCCCCCCC(=O)OC(COC(=O)CCCCCCCC=CCCCCCCCC)COCCCCCCCCCCCCCCCCCC,[M+NH4]+,TG O-18:0_18:1_18:1,TG O-18:0_18:1(9)_18:1(9),0.30999999999999517,0.08183499999995547,0.2524572016352717,0.2524572016352717,All,Some,36482.948875975824,177474.7474747475,0.0,40546.448087431694
26778,23.027,864.80117,864.83785,42.41257479658953,C55H106O5,CCCCCCCCCCCCCCCC(=O)OC(COC(=O)CCCCCCCCCC=CCCCCCC)COCCCCCCCCCCCCCCCCCC,[M+NH4]+,TG O-18:0_16:0_18:1,TG O-18:0_16:0_18:1(11),0.6460000000000008,0.9618599999998878,0.5058640432502752,0.5058640432502752,All,All,1502807.5548749361,1114752.3709167545,1841754.7083141939,1510000.0
26778,23.027,864.80117,864.83785,42.41257479658953,C55H106O5,CCCCCCCCCCCCCCCC(=O)OC(COC(=O)CCCCCCCC=CCCCCCCCC)COCCCCCCCCCCCCCCCCCC,[M+NH4]+,TG O-18:0_16:0_18:1,TG O-18:0_16:0_18:1(9),0.38599999999999923,0.9356200000000285,0.2090748134530247,0.2090748134530247,All,All,410923.9407861154,375247.6290832456,400721.1759301791,0.0
26778,23.027,864.80117,864.83785,42.41257479658953,C55H106O5,CCCCCCCCCCCCCCCC(=O)OC(COC(=O)CCCCC=CCCCCCCCCCCC)COCCCCCCCCCCCCCCCCCC,[M+NH4]+,TG O-18:0_16:0_18:1,TG O-18:0_16:0_18:1(6),0.4800000000000004,0.9167599999999538,0.18122859854581147,0.18122859854581147,All,All,386268.5043389484,0.0,187524.115755627,0.0
26799,23.042,928.83225,928.83277,0.5598424352940105,C59H106O6,CCCCCCCCC=CCC=CCCCCC(=O)OC(COC(=O)CCCCCCCCCC=CCCCCCCCC)COC(=O)CCCCCCCC=CCCCCCCCC,[M+NH4]+,TG 18:1_18:2_20:1,"TG 18:1(9)_18:2(6,9)_20:1(11)",0.5259999999999962,0.5190450000000055,0.8390801824441438,0.8390801824441438,Some,Some,0.0,0.0,204503.8780422573,0.0
26799,23.042,928.83225,928.83277,0.5598424352940105,C59H106O6,CCCCCC=CCC=CCCCCCCCC(=O)OC(COC(=O)CCCCCCCCCC=CCCCCCCCC)COC(=O)CCCCCCCC=CCCCCCCCC,[M+NH4]+,TG 18:1_18:2_20:1,"TG 18:1(9)_18:2(9,12)_20:1(11)",0.6039999999999974,0.5207675000000052,0.7278954225182988,0.7278954225182988,Some,Some,0.0,0.0,204503.8780422573,0.0
26799,23.042,928.83225,928.83277,0.5598424352940105,C59H106O6,CCCCCC=CCC=CCCCCCCCC(=O)OC(COC(=O)CCCCCCCCCC=CCCCCCCCC)COC(=O)CCCCCCCCCC=CCCCCCC,[M+NH4]+,TG 18:1_18:2_20:1,"TG 18:1(11)_18:2(9,12)_20:1(11)",0.5033333333333303,0.6572183333333328,0.5494137858219365,0.5494137858219365,Some,Some,0.0,0.0,229674.85576739386,0.0
26799,23.042,928.83225,928.83277,0.5598424352940105,C59H106O6,CCCCCCCCC=CCC=CCCCCC(=O)OC(COC(=O)CCCCCCCCCCCC=CCCCCCC)COC(=O)CCCCCCCC=CCCCCCCCC,[M+NH4]+,TG 18:1_18:2_20:1,"TG 18:1(9)_18:2(6,9)_20:1(13)",0.45049999999999635,0.5230624999999804,0.515765347436678,0.515765347436678,Some,Some,0.0,0.0,195425.82050204408,0.0
26799,23.042,928.83225,928.83277,0.5598424352940105,C59H106O6,CCCCCC=CCC=CCCCCCCCC(=O)OC(COC(=O)CCCCCCCCCC=CCCCCCCCC)COC(=O)CCCCC=CCCCCCCCCCCC,[M+NH4]+,TG 18:1_18:2_20:1,"TG 18:1(6)_18:2(9,12)_20:1(11)",0.545999999999997,0.39587666666667093,0.48526361501219917,0.48526361501219917,Some,Some,0.0,0.0,204503.8780422573,0.0
26799,23.042,928.83225,928.83277,0.5598424352940105,C59H106O6,CCCCCC=CCC=CCCCCCCCC(=O)OC(COC(=O)CCCCCCCCCCCC=CCCCCCC)COC(=O)CCCCCCCC=CCCCCCCCC,[M+NH4]+,TG 18:1_18:2_20:1,"TG 18:1(9)_18:2(9,12)_20:1(13)",0.5296666666666638,0.5327566666666712,0.48526361501219917,0.48526361501219917,Some,Some,0.0,0.0,307250.9838383066,0.0
26799,23.042,928.83225,928.83277,0.5598424352940105,C59H106O6,CCCCCCCCC=CCC=CCCCCC(=O)OC(COC(=O)CCCCCCCCCC=CCCCCCCCC)COC(=O)CCCCC=CCCCCCCCCCCC,[M+NH4]+,TG 18:1_18:2_20:1,"TG 18:1(6)_18:2(6,9)_20:1(11)",0.3914999999999971,0.5067725000000394,0.4195400912220719,0.4195400912220719,Some,Some,0.0,0.0,174133.64918045313,0.0
26799,23.042,928.83225,928.83277,0.5598424352940105,C59H106O6,CCCCCCCCC=CCC=CCCCCC(=O)OC(COC(=O)CCCCCCCCCC=CCCCCCCCC)COC(=O)CCCCCCCCCC=CCCCCCC,[M+NH4]+,TG 18:1_18:2_20:1,"TG 18:1(11)_18:2(6,9)_20:1(11)",0.38599999999999685,0.6328583333333692,0.34384356495778534,0.34384356495778534,All,Some,0.0,0.0,183211.70672066635,0.0
26799,23.042,928.83225,928.83277,0.5598424352940105,C59H106O6,CCCCCCCCC=CCC=CCCCCC(=O)OC(COC(=O)CCCCCCCCCCCC=CCCCCCC)COC(=O)CCCCCCCCCC=CCCCCCC,[M+NH4]+,TG 18:1_18:2_20:1,"TG 18:1(11)_18:2(6,9)_20:1(13)",0.38599999999999685,0.6328583333333692,0.34384356495778534,0.34384356495778534,All,Some,0.0,0.0,220596.79822718067,0.0
26799,23.042,928.83225,928.83277,0.5598424352940105,C59H106O6,CCCCCCCCC=CCC=CCCCCC(=O)OC(COC(=O)CCCCCCCCCCCC=CCCCCCC)COC(=O)CCCCC=CCCCCCCCCCCC,[M+NH4]+,TG 18:1_18:2_20:1,"TG 18:1(6)_18:2(6,9)_20:1(13)",0.38599999999999685,0.513541666666678,0.34384356495778534,0.34384356495778534,Some,Some,0.0,0.0,236194.55163718335,0.0
26812,23.05,954.84492,954.84842,3.665503263890747,C61H108O6,CCCCCCCCCCCC=CCCCCC(=O)OC(COC(=O)CCCCCC=CCC=CCC=CCC=CCCCCC)COC(=O)CCCCCCCCCCCCCCCCC,[M+NH4]+,TG 18:0_18:1_22:4,"TG 18:0_18:1(6)_22:4(7,10,13,16)",0.39314285714285646,0.7699685714285839,0.33796528623761135,0.33796528623761135,Some,Some,0.0,46667.82131255929,0.0,28858.02420154731
26812,23.05,954.84492,954.84842,3.665503263890747,C61H108O6,CCCCCCCCC=CCCCCCCCC(=O)OC(COC(=O)CCCCCC=CCC=CCC=CCC=CCCCCC)COC(=O)CCCCCCCCCCCCCCCCC,[M+NH4]+,TG 18:0_18:1_22:4,"TG 18:0_18:1(9)_22:4(7,10,13,16)",0.3642857142857139,0.678384285714271,0.24669943200886135,0.24669943200886135,Some,Some,0.0,34894.50081927157,0.0,29590.689677973947
26812,23.05,954.84492,954.84842,3.665503263890747,C61H108O6,CCCCCCC=CCCCCCCCCCC(=O)OC(COC(=O)CCCCCC=CCC=CCC=CCC=CCCCCC)COC(=O)CCCCCCCCCCCCCCCCC,[M+NH4]+,TG 18:0_18:1_22:4,"TG 18:0_18:1(11)_22:4(7,10,13,16)",0.42800000000000044,0.7177566666666735,0.23998381572397662,0.23998381572397662,Some,Some,0.0,35437.67786816914,0.0,13151.286120478739
27105,23.09,862.7854,862.8222,42.65073383597581,C55H104O5,CCCCCCCCCCCCCCCC(=O)OC(COC(=O)CCCCC=CCCCCCCCCCCC)COCCCCCC=CCCCCCCCCCCC,[M+NH4]+,TG O-18:1_16:0_18:1,TG O-18:1(6)_16:0_18:1(6),0.5200000000000031,0.888559999999984,0.4974450301308154,0.4974450301308154,All,All,809.3126385809312,10264.540759038851,16227.139874739038,11000.542189088443
27105,23.09,862.7854,862.8222,42.65073383597581,C55H104O5,CCCCCCCCCCCCCCCC(=O)OC(COC(=O)CCCCCCCC=CCCCCCCCC)COCCCCCC=CCCCCCCCCCCC,[M+NH4]+,TG O-18:1_16:0_18:1,TG O-18:1(6)_16:0_18:1(9),0.49150000000000027,0.6357874999999922,0.42374436225411044,0.42374436225411044,All,Some,40000.0,35676.622501684265,44799.99999999999,30699.491697729587
27105,23.09,862.7854,862.8222,42.65073383597581,C55H104O5,CCCCCCCCCCCCCCCC(=O)OC(COC(=O)CCCCC=CCCCCCCCCCCC)COCCCCCCCCC=CCCCCCCCC,[M+NH4]+,TG O-18:1_16:0_18:1,TG O-18:1(9)_16:0_18:1(6),0.49150000000000027,0.6357874999999922,0.42374436225411044,0.42374436225411044,All,Some,809.3126385809312,10587.918257354593,16227.139874739038,18901.050491358856
27105,23.09,862.7854,862.8222,42.65073383597581,C55H104O5,CCCCCCCCCCCCCCCC(=O)OC(COC(=O)CCCCC=CCCCCCCCCCCC)COCCCCCCCCCCC=CCCCCCC,[M+NH4]+,TG O-18:1_16:0_18:1,TG O-18:1(11)_16:0_18:1(6),0.44700000000000273,0.6594800000000021,0.3648796440338793,0.3648796440338793,All,Some,40000.0,35676.622501684265,44799.99999999999,30699.49169772958
27105,23.09,862.7854,862.8222,42.65073383597581,C55H104O5,CCCCCCCCCCCCCCCC(=O)OC(COC(=O)CCCCCCCCCC=CCCCCCC)COCCCCCC=CCCCCCCCCCCC,[M+NH4]+,TG O-18:1_16:0_18:1,TG O-18:1(6)_16:0_18:1(11),0.44700000000000273,0.6594800000000021,0.36487964403387924,0.36487964403387924,All,Some,39190.68736141907,25412.08174264541,28572.860125260962,19698.94950864114
27105,23.09,862.7854,862.8222,42.65073383597581,C55H104O5,CCCCCCCCCCCCCCCC(=O)OC(COC(=O)CCCCCCCC=CCCCCCCCC)COCCCCCCCCC=CCCCCCCCC,[M+NH4]+,TG O-18:1_16:0_18:1,TG O-18:1(9)_16:0_18:1(9),0.4629999999999974,0.3830150000000003,0.3500436943774054,0.3500436943774054,All,Some,39190.68736141907,25735.45924096115,28572.860125260962,27599.457810911554
27105,23.09,862.7854,862.8222,42.65073383597581,C55H104O5,CCCCCCCCCCCCCCCC(=O)OC(COC(=O)CCCCCCCC=CCCCCCCCC)COCCCCCCCCCCC=CCCCCCC,[M+NH4]+,TG O-18:1_16:0_18:1,TG O-18:1(11)_16:0_18:1(9),0.41849999999999987,0.4067075000000102,0.29117897615717425,0.29117897615717425,All,Some,809.3126385809312,10587.918257354593,16227.139874739038,18901.05049135886
27105,23.09,862.7854,862.8222,42.65073383597581,C55H104O5,CCCCCCCCCCCCCCCC(=O)OC(COC(=O)CCCCCCCCCC=CCCCCCC)COCCCCCCCCC=CCCCCCCCC,[M+NH4]+,TG O-18:1_16:0_18:1,TG O-18:1(9)_16:0_18:1(11),0.41849999999999987,0.4067075000000102,0.29117897615717425,0.29117897615717425,All,Some,39190.68736141907,25735.45924096115,28572.860125260962,27599.457810911554
27105,23.09,862.7854,862.8222,42.65073383597581,C55H104O5,CCCCCCCCCCCCCCCC(=O)OC(COC(=O)CCCCCCCCCC=CCCCCCC)COCCCCCCCCCCC=CCCCCCC,[M+NH4]+,TG O-18:1_16:0_18:1,TG O-18:1(11)_16:0_18:1(11),0.37400000000000233,0.4304000000000201,0.23231425793694307,0.23231425793694307,All,Some,0.0,323.37749831574223,0.0,7900.508302270416
27115,23.092,916.83261,916.86915,39.853015013042366,C59H110O5,CCCCCCCCC=CCCCCCCCC(=O)OC(COC(=O)CCCCCCCC=CCCCCCCCC)COCCCCCCCCCCC=CCCCCCCCC,[M+NH4]+,TG O-20:1_18:1_18:1,TG O-20:1(11)_18:1(9)_18:1(9),0.578000000000003,0.513704999999959,0.3291759123230533,0.3291759123230533,All,All,73972.99664523806,0.0,0.0,0.0
27115,23.092,916.83261,916.86915,39.853015013042366,C59H110O5,CCCCCCC=CCCCCCCCCCC(=O)OC(COC(=O)CCCCCCCC=CCCCCCCCC)COCCCCCCCCCCCCC=CCCCCCC,[M+NH4]+,TG O-20:1_18:1_18:1,TG O-20:1(13)_18:1(11)_18:1(9),0.578000000000003,0.513704999999959,0.3291759123230533,0.3291759123230533,Some,Some,101753.69767480293,0.0,0.0,0.0
27115,23.092,916.83261,916.86915,39.853015013042366,C59H110O5,CCCCCCC=CCCCCCCCCCC(=O)OC(COC(=O)CCCCC=CCCCCCCCCCCC)COCCCCCCCCCCCCC=CCCCCCC,[M+NH4]+,TG O-20:1_18:1_18:1,TG O-20:1(13)_18:1(11)_18:1(6),0.6090000000000018,0.1165449999999737,0.25539230903205595,0.25539230903205595,Some,Some,73972.99664523806,0.0,0.0,0.0
27115,23.092,916.83261,916.86915,39.853015013042366,C59H110O5,CCCCCCC=CCCCCCCCCCC(=O)OC(COC(=O)CCCCCCCCCC=CCCCCCC)COCCCCCCCCCCC=CCCCCCCCC,[M+NH4]+,TG O-20:1_18:1_18:1,TG O-20:1(11)_18:1(11)_18:1(11),0.5865000000000009,0.28609749999995415,0.2463081603903309,0.2463081603903309,All,All,82459.02397911124,0.0,0.0,0.0
27115,23.092,916.83261,916.86915,39.853015013042366,C59H110O5,CCCCCCC=CCCCCCCCCCC(=O)OC(COC(=O)CCCCCCCC=CCCCCCCCC)COCCCCCCCCCCC=CCCCCCCCC,[M+NH4]+,TG O-20:1_18:1_18:1,TG O-20:1(11)_18:1(11)_18:1(9),0.5865000000000009,0.28609749999995415,0.2463081603903309,0.2463081603903309,All,All,82459.02397911124,0.0,0.0,0.0
27115,23.092,916.83261,916.86915,39.853015013042366,C59H110O5,CCCCCCCCC=CCCCCCCCC(=O)OC(COC(=O)CCCCCCCC=CCCCCCCCC)COCCCCCCCCCCCCC=CCCCCCC,[M+NH4]+,TG O-20:1_18:1_18:1,TG O-20:1(13)_18:1(9)_18:1(9),0.5865000000000009,0.28609749999995415,0.2463081603903309,0.2463081603903309,All,All,54678.32294954637,0.0,0.0,0.0
27115,23.092,916.83261,916.86915,39.853015013042366,C59H110O5,CCCCCCCCCCCC=CCCCCC(=O)OC(COC(=O)CCCCC=CCCCCCCCCCCC)COCCCCCCCCCCC=CCCCCCCCC,[M+NH4]+,TG O-20:1_18:1_18:1,TG O-20:1(11)_18:1(6)_18:1(6),0.47600000000000264,0.31928999999996677,0.21488784831892588,0.21488784831892588,All,Some,32298.920857364777,0.0,0.0,0.0
27115,23.092,916.83261,916.86915,39.853015013042366,C59H110O5,CCCCCCCCCCCC=CCCCCC(=O)OC(COC(=O)CCCCCCCC=CCCCCCCCC)COCCCCCCCCCCC=CCCCCCCCC,[M+NH4]+,TG O-20:1_18:1_18:1,TG O-20:1(11)_18:1(6)_18:1(9),0.47600000000000264,0.31928999999996677,0.21488784831892588,0.21488784831892588,All,Some,54678.32294954637,0.0,0.0,0.0
27115,23.092,916.83261,916.86915,39.853015013042366,C59H110O5,CCCCCCC=CCCCCCCCCCC(=O)OC(COC(=O)CCCCC=CCCCCCCCCCCC)COCCCCCCCCCCC=CCCCCCCCC,[M+NH4]+,TG O-20:1_18:1_18:1,TG O-20:1(11)_18:1(11)_18:1(6),0.515666666666668,0.2323566666666276,0.19773870169848676,0.19773870169848676,All,Some,101753.69767480293,0.0,0.0,0.0
27115,23.092,916.83261,916.86915,39.853015013042366,C59H110O5,CCCCCCCCCCCC=CCCCCC(=O)OC(COC(=O)CCCCCCCC=CCCCCCCCC)COCCCCCCCCCCCCC=CCCCCCC,[M+NH4]+,TG O-20:1_18:1_18:1,TG O-20:1(13)_18:1(6)_18:1(9),0.515666666666668,0.2323566666666276,0.19773870169848676,0.19773870169848676,All,Some,73972.99664523806,0.0,0.0,0.0
27213,23.131,890.81686,890.8535,41.129096983997904,C57H108O5,CCCCCCC=CCCCCCCCCCC(=O)OC(COC(=O)CCCCCCCCCC=CCCCCCC)COCCCCCCCCCCCCCCCCCC,[M+NH4]+,TG O-18:0_18:1_18:1,TG O-18:0_18:1(11)_18:1(11),0.5039999999999978,0.09474999999997635,0.4235153676318832,0.4235153676318832,All,All,309868.8399337833,247471.80714578344,369689.4409937888,286480.5990469707
27213,23.131,890.81686,890.8535,41.129096983997904,C57H108O5,CCCCCCC=CCCCCCCCCCC(=O)OC(COC(=O)CCCCC=CCCCCCCCCCCC)COCCCCCCCCCCCCCCCCCC,[M+NH4]+,TG O-18:0_18:1_18:1,TG O-18:0_18:1(11)_18:1(6),0.38400000000000034,0.6705899999999853,0.3868673219911734,0.3868673219911734,All,All,1324801.5620357401,1343879.5092394936,2036092.6030491248,1539618.7882913547
27213,23.131,890.81686,890.8535,41.129096983997904,C57H108O5,CCCCCCCCCCCC=CCCCCC(=O)OC(COC(=O)CCCCC=CCCCCCCCCCCC)COCCCCCCCCCCCCCCCCCC,[M+NH4]+,TG O-18:0_18:1_18:1,TG O-18:0_18:1(6)_18:1(6),0.3240000000000016,0.9585099999999898,0.3685432991708185,0.3685432991708185,All,All,748400.6112313765,566925.631239623,813596.8379446641,636861.810755616
27213,23.131,890.81686,890.8535,41.129096983997904,C57H108O5,CCCCCCC=CCCCCCCCCCC(=O)OC(COC(=O)CCCCCCCC=CCCCCCCCC)COCCCCCCCCCCCCCCCCCC,[M+NH4]+,TG O-18:0_18:1_18:1,TG O-18:0_18:1(11)_18:1(9),0.2919999999999992,0.33828999999999115,0.3210954033090541,0.3210954033090541,All,Some,1014932.7221019568,1096407.7020937102,1666403.1620553362,1253138.189244384
27213,23.131,890.81686,890.8535,41.129096983997904,C57H108O5,CCCCCCCCCCCC=CCCCCC(=O)OC(COC(=O)CCCCCCCC=CCCCCCCCC)COCCCCCCCCCCCCCCCCCC,[M+NH4]+,TG O-18:0_18:1_18:1,TG O-18:0_18:1(6)_18:1(9),0.2550000000000008,0.7092849999999942,0.3192143601592291,0.3192143601592291,All,Some,1453464.49339955,1415861.5261875498,2110310.5590062113,1603519.4009530293
27213,23.131,890.81686,890.8535,41.129096983997904,C57H108O5,CCCCCCCCC=CCCCCCCCC(=O)OC(COC(=O)CCCCCCCC=CCCCCCCCC)COCCCCCCCCCCCCCCCCCC,[M+NH4]+,TG O-18:0_18:1_18:1,TG O-18:0_18:1(9)_18:1(9),0.18599999999999994,0.4600599999999986,0.26988542114763964,0.26988542114763964,All,Some,438531.77129759337,319453.82409383956,443907.39695087523,350381.2117086454
27271,23.159,864.80124,864.83785,42.33163476829331,C55H106O5,CCCCCCCCCCCCCCCC(=O)OC(COC(=O)CCCCCCCCCC=CCCCCCC)COCCCCCCCCCCCCCCCCCC,[M+NH4]+,TG O-18:0_16:0_18:1,TG O-18:0_16:0_18:1(11),0.382000000000005,0.9619299999999384,0.5027813856284623,0.5027813856284623,All,Some,2826639.9599399096,2514078.4982935153,2556183.5106382985,2748516.129032258
27271,23.159,864.80124,864.83785,42.33163476829331,C55H106O5,CCCCCCCCCCCCCCCC(=O)OC(COC(=O)CCCCCCCC=CCCCCCCCC)COCCCCCCCCCCCCCCCCCC,[M+NH4]+,TG O-18:0_16:0_18:1,TG O-18:0_16:0_18:1(9),0.3150000000000013,0.9359000000000606,0.2398192848975902,0.2398192848975902,All,All,238497.74661992985,265571.67235494877,0.0,245677.4193548387
27271,23.159,864.80124,864.83785,42.33163476829331,C55H106O5,CCCCCCCCCCCCCCCC(=O)OC(COC(=O)CCCCC=CCCCCCCCCCCC)COCCCCCCCCCCCCCCCCCC,[M+NH4]+,TG O-18:0_16:0_18:1,TG O-18:0_16:0_18:1(6),0.4299999999999997,0.8986050000000319,0.17571071755010773,0.17571071755010773,All,All,1344862.29344016,1370349.8293515358,2103816.4893617025,1765806.451612903
27299,23.174,954.84818,954.84842,0.25134879531578347,C61H108O6,CCCCCCCCCCCC=CCCCCC(=O)OC(COC(=O)CCCCCC=CCC=CCC=CCC=CCCCCC)COC(=O)CCCCCCCCCCCCCCCCC,[M+NH4]+,TG 18:0_18:1_22:4,"TG 18:0_18:1(6)_22:4(7,10,13,16)",0.4479999999999994,0.8773371428571376,0.328061868239739,0.328061868239739,Some,Some,178069.68080480097,176908.6402266289,187342.54127698878,122126.25573607838
27299,23.174,954.84818,954.84842,0.25134879531578347,C61H108O6,CCCCCCCCC=CCCCCCCCC(=O)OC(COC(=O)CCCCCC=CCC=CCC=CCC=CCCCCC)COC(=O)CCCCCCCCCCCCCCCCC,[M+NH4]+,TG 18:0_18:1_22:4,"TG 18:0_18:1(9)_22:4(7,10,13,16)",0.22666666666666657,0.7525999999999726,0.27454014189701853,0.27454014189701853,Some,Some,185261.24141130087,152478.39943342775,181262.7006119386,130391.1695398735
27299,23.174,954.84818,954.84842,0.25134879531578347,C61H108O6,CCCCCCC=CCCCCCCCCCC(=O)OC(COC(=O)CCCCCC=CCC=CCC=CCC=CCCCCC)COC(=O)CCCCCCCCCCCCCCCCC,[M+NH4]+,TG 18:0_18:1_22:4,"TG 18:0_18:1(11)_22:4(7,10,13,16)",0.46724999999999994,0.8815987499999807,0.25760126913328024,0.25760126913328024,Some,Some,45669.07778389819,36612.96033994335,44394.75811107263,41482.57472404813
27346,23.216,916.83286,916.86915,39.58034797005456,C59H110O5,CCCCCCC=CCCCCCCCCCC(=O)OC(COC(=O)CCCCCCCC=CCCCCCCCC)COCCCCCCCCCCCCC=CCCCCCC,[M+NH4]+,TG O-20:1_18:1_18:1,TG O-20:1(13)_18:1(11)_18:1(9),0.47399999999999665,0.06971500000003061,0.5832096318375526,0.5832096318375526,Some,Some,0.0,84907.60985236923,0.0,76228.45087402048
27346,23.216,916.83286,916.86915,39.58034797005456,C59H110O5,CCCCCCC=CCCCCCCCCCC(=O)OC(COC(=O)CCCCC=CCCCCCCCCCCC)COCCCCCCCCCCCCC=CCCCCCC,[M+NH4]+,TG O-20:1_18:1_18:1,TG O-20:1(13)_18:1(11)_18:1(6),0.3609999999999971,0.11629500000003645,0.5496893517721706,0.5496893517721706,Some,Some,0.0,109223.76797012558,0.0,104963.61835873588
27346,23.216,916.83286,916.86915,39.58034797005456,C59H110O5,CCCCCCCCC=CCCCCCCCC(=O)OC(COC(=O)CCCCCCCC=CCCCCCCCC)COCCCCCCCCCCC=CCCCCCCCC,[M+NH4]+,TG O-20:1_18:1_18:1,TG O-20:1(11)_18:1(9)_18:1(9),0.3299999999999983,0.513704999999959,0.4429717152496956,0.4429717152496956,All,All,0.0,84907.60985236923,0.0,76228.45087402048
27346,23.216,916.83286,916.86915,39.58034797005456,C59H110O5,CCCCCCC=CCCCCCCCCCC(=O)OC(COC(=O)CCCCCCCCCC=CCCCCCC)COCCCCCCCCCCC=CCCCCCCCC,[M+NH4]+,TG O-20:1_18:1_18:1,TG O-20:1(11)_18:1(11)_18:1(11),0.4624999999999986,0.28597249999998553,0.3869732258965905,0.3869732258965905,All,All,0.0,88653.75461950737,0.0,86583.18264014466
27346,23.216,916.83286,916.86915,39.58034797005456,C59H110O5,CCCCCCC=CCCCCCCCCCC(=O)OC(COC(=O)CCCCCCCC=CCCCCCCCC)COCCCCCCCCCCC=CCCCCCCCC,[M+NH4]+,TG O-20:1_18:1_18:1,TG O-20:1(11)_18:1(11)_18:1(9),0.4624999999999986,0.28597249999998553,0.3869732258965905,0.3869732258965905,All,All,0.0,88653.75461950737,0.0,86583.18264014466
27346,23.216,916.83286,916.86915,39.58034797005456,C59H110O5,CCCCCCCCC=CCCCCCCCC(=O)OC(COC(=O)CCCCCCCC=CCCCCCCCC)COCCCCCCCCCCCCC=CCCCCCC,[M+NH4]+,TG O-20:1_18:1_18:1,TG O-20:1(13)_18:1(9)_18:1(9),0.4624999999999986,0.28597249999998553,0.3869732258965905,0.3869732258965905,All,All,0.0,64337.59650175105,0.0,57848.015155429246
27346,23.216,916.83286,916.86915,39.58034797005456,C59H110O5,CCCCCCCCCCCC=CCCCCC(=O)OC(COC(=O)CCCCC=CCCCCCCCCCCC)COCCCCCCCCCCC=CCCCCCCCC,[M+NH4]+,TG O-20:1_18:1_18:1,TG O-20:1(11)_18:1(6)_18:1(6),0.22799999999999798,0.3191649999999697,0.33390482949798944,0.33390482949798944,All,Some,0.0,29053.267031712556,0.0,33802.37664686127
27346,23.216,916.83286,916.86915,39.58034797005456,C59H110O5,CCCCCCCCCCCC=CCCCCC(=O)OC(COC(=O)CCCCCCCC=CCCCCCCCC)COCCCCCCCCCCC=CCCCCCCCC,[M+NH4]+,TG O-20:1_18:1_18:1,TG O-20:1(11)_18:1(6)_18:1(9),0.22799999999999798,0.3191649999999697,0.33390482949798944,0.33390482949798944,All,Some,0.0,32131.261730162725,0.0,27570.65357788685
27346,23.216,916.83286,916.86915,39.58034797005456,C59H110O5,CCCCCCC=CCCCCCCCCCC(=O)OC(COC(=O)CCCCC=CCCCCCCCCCCC)COCCCCCCCCCCC=CCCCCCCCC,[M+NH4]+,TG O-20:1_18:1_18:1,TG O-20:1(11)_18:1(11)_18:1(6),0.3503333333333316,0.23218999999998383,0.3329281318464881,0.3329281318464881,All,Some,0.0,109223.76797012555,0.0,104963.61835873588
27346,23.216,916.83286,916.86915,39.58034797005456,C59H110O5,CCCCCCCCCCCC=CCCCCC(=O)OC(COC(=O)CCCCCCCC=CCCCCCCCC)COCCCCCCCCCCCCC=CCCCCCC,[M+NH4]+,TG O-20:1_18:1_18:1,TG O-20:1(13)_18:1(6)_18:1(9),0.3503333333333316,0.23218999999998383,0.3329281318464881,0.3329281318464881,All,Some,0.0,84907.60985236925,0.0,76228.45087402048
27369,23.23,860.80671,860.80655,0.18587219153606505,C55H102O5,CCCCCCCCCCCCCCCC(=O)OC(COC(=O)CCCCC=CCC=CCCCCCCCC)COCCCCCCCCC=CCCCCCCCC,[M+NH4]+,TG O-18:1_16:0_18:2,"TG O-18:1(9)_16:0_18:2(6,9)",0.5710000000000015,0.9586799999999585,0.36827805010869175,0.36827805010869175,Some,Some,9093.58719815371,14193.28685931886,9757.45551975278,10668.050502360575
27369,23.23,860.80671,860.80655,0.18587219153606505,C55H102O5,CCCCCCCCCCCCCCCC(=O)OC(COC(=O)CCCCC=CCC=CCCCCCCCC)COCCCCCC=CCCCCCCCCCCC,[M+NH4]+,TG O-18:1_16:0_18:2,"TG O-18:1(6)_16:0_18:2(6,9)",0.634500000000001,0.9431249999999807,0.3079968157703114,0.3079968157703114,Some,Some,50189.48225831085,48741.11721892946,48626.295268145834,53140.04370193097
27369,23.23,860.80671,860.80655,0.18587219153606505,C55H102O5,CCCCCCCCCCCCCCCC(=O)OC(COC(=O)CCCCCCCC=CCC=CCCCCC)COCCCCCCCCC=CCCCCCCCC,[M+NH4]+,TG O-18:1_16:0_18:2,"TG O-18:1(9)_16:0_18:2(9,12)",0.4765000000000015,0.734417499999978,0.28478599559312834,0.28478599559312834,Some,Some,2348.521101664715,2358.228664435095,2475.2753229222253,2314.1742045737124
27369,23.23,860.80671,860.80655,0.18587219153606505,C55H102O5,CCCCCCCCCCCCCCCC(=O)OC(COC(=O)CCCCC=CCC=CCCCCCCCC)COCCCCCCCCCCC=CCCCCCC,[M+NH4]+,TG O-18:1_16:0_18:2,"TG O-18:1(11)_16:0_18:2(6,9)",0.41600000000000154,0.4974099999999642,0.23336486342654725,0.23336486342654725,All,Some,44251.760593256295,38142.99460532916,42718.10614272726,45229.21821513414
27369,23.23,860.80671,860.80655,0.18587219153606505,C55H102O5,CCCCCCCCCCCCCCCC(=O)OC(COC(=O)CCCCCCCC=CCC=CCCCCC)COCCCCCCCCCCC=CCCCCCC,[M+NH4]+,TG O-18:1_16:0_18:2,"TG O-18:1(11)_16:0_18:2(9,12)",0.26399999999999935,0.4685649999999744,0.13205682747190503,0.13205682747190503,All,Some,1436.7119754280575,1337.9397885125245,1634.5898185834371,1088.1216458591628
27369,23.23,860.80671,860.80655,0.18587219153606505,C55H102O5,CCCCCCCCCCCCCCCC(=O)OC(COC(=O)CCCCCCCC=CCC=CCCCCC)COCCCCCC=CCCCCCCCCCCC,[M+NH4]+,TG O-18:1_16:0_18:2,"TG O-18:1(6)_16:0_18:2(9,12)",0.37333333333333246,0.7593749999999773,0.10730548673759584,0.10730548673759584,All,Some,44679.93687318638,38226.43286347491,42788.27792786847,45560.391730141455
27427,23.264,834.79052,834.7909,0.4552038120565125,C53H100O5,CCCCCCCCCCCCCCCC(=O)OC(COC(=O)CCCCCCCC=CCC=CCCCCC)COCCCCCCCCCCCCCCCC,[M+NH4]+,TG O-16:0_16:0_18:2,"TG O-16:0_16:0_18:2(9,12)",0.4120000000000026,0.9596474999999884,0.4616914527624712,0.4616914527624712,All,All,63319.658311790496,51294.550810014734,60364.70588235294,56800.80645161291
27427,23.264,834.79052,834.7909,0.4552038120565125,C53H100O5,CCCCCCCCCCCCCCCC(=O)OC(COC(=O)CCCCC=CCC=CCCCCCCCC)COCCCCCCCCCCCCCCCC,[M+NH4]+,TG O-16:0_16:0_18:2,"TG O-16:0_16:0_18:2(6,9)",0.4529999999999994,0.9403000000000645,0.36836512886794454,0.36836512886794454,All,All,71680.3416882095,64705.44918998527,79635.29411764706,76199.19354838709
27480,23.347,930.84775,930.84842,0.7197734729073453,C59H108O6,CCCCCCC=CCCCCCCCCCC(=O)OC(COC(=O)CCCCCCCCCC=CCCCCCCCC)COC(=O)CCCCCCCCCC=CCCCCCC,[M+NH4]+,TG 18:1_18:1_20:1,TG 18:1(11)_18:1(11)_20:1(11),0.13400000000000034,0.48099999999999454,0.270099112915782,0.270099112915782,Some,Some,90543.73874343213,185533.16057203183,214288.7117079312,85983.71699681795
27480,23.347,930.84775,930.84842,0.7197734729073453,C59H108O6,CCCCCCCCC=CCCCCCCCC(=O)OC(COC(=O)CCCCCCCCCCCC=CCCCCCC)COC(=O)CCCCCCCC=CCCCCCCCC,[M+NH4]+,TG 18:1_18:1_20:1,TG 18:1(9)_18:1(9)_20:1(13),0.13400000000000034,0.48099999999999454,0.270099112915782,0.270099112915782,Some,Some,71632.70470208238,149899.22257414338,168904.7419219471,68724.02029641948
27480,23.347,930.84775,930.84842,0.7197734729073453,C59H108O6,CCCCCCCCCCCC=CCCCCC(=O)OC(COC(=O)CCCCCCCCCC=CCCCCCCCC)COC(=O)CCCCC=CCCCCCCCCCCC,[M+NH4]+,TG 18:1_18:1_20:1,TG 18:1(6)_18:1(6)_20:1(11),0.5940000000000012,0.5470700000000193,0.20960797097482006,0.20960797097482006,Some,Some,379269.3836238334,185533.16057203183,219091.48132605955,450693.1743256027
27480,23.347,930.84775,930.84842,0.7197734729073453,C59H108O6,CCCCCCCCC=CCCCCCCCC(=O)OC(COC(=O)CCCCCCCCCC=CCCCCCCCC)COC(=O)CCCCCCCC=CCCCCCCCC,[M+NH4]+,TG 18:1_18:1_20:1,TG 18:1(9)_18:1(9)_20:1(11),0.22799999999999798,0.929885000000013,0.20960797097482006,0.20960797097482006,All,Some,90543.73874343213,185533.16057203183,214288.7117079312,119139.12220852563
27480,23.347,930.84775,930.84842,0.7197734729073453,C59H108O6,CCCCCCCCC=CCCCCCCCC(=O)OC(COC(=O)CCCCCCCCCC=CCCCCCCCC)COC(=O)CCCCCCCCCC=CCCCCCC,[M+NH4]+,TG 18:1_18:1_20:1,TG 18:1(11)_18:1(9)_20:1(11),0.15999999999999895,0.6213800000000068,0.180066075277188,0.180066075277188,All,Some,90543.73874343213,185533.16057203183,214288.7117079312,119139.12220852563
27480,23.347,930.84775,930.84842,0.7197734729073453,C59H108O6,CCCCCCCCC=CCCCCCCCC(=O)OC(COC(=O)CCCCCCCCCCCC=CCCCCCC)COC(=O)CCCCCCCCCC=CCCCCCC,[M+NH4]+,TG 18:1_18:1_20:1,TG 18:1(11)_18:1(9)_20:1(13),0.15999999999999895,0.6213800000000068,0.180066075277188,0.180066075277188,All,Some,21105.86011342155,35633.937997888475,50186.73940411246,17259.696700398476
27480,23.347,930.84775,930.84842,0.7197734729073453,C59H108O6,CCCCCCC=CCCCCCCCCCC(=O)OC(COC(=O)CCCCCCCCCCCC=CCCCCCC)COC(=O)CCCCCCCCCC=CCCCCCC,[M+NH4]+,TG 18:1_18:1_20:1,TG 18:1(11)_18:1(11)_20:1(13),0.02400000000000091,0.004369999999994434,0.12098228388192386,0.12098228388192386,All,Some,307636.67892175104,35633.937997888475,50186.73940411246,381969.15402918326
27480,23.347,930.84775,930.84842,0.7197734729073453,C59H108O6,CCCCCCCCC=CCCCCCCCC(=O)OC(COC(=O)CCCCCCCCCCCC=CCCCCCC)COC(=O)CCCCC=CCCCCCCCCCCC,[M+NH4]+,TG 18:1_18:1_20:1,TG 18:1(6)_18:1(9)_20:1(13),0.3323999999999998,0.567486000000008,0.10803964516631281,0.10803964516631281,All,Some,379269.3836238334,185533.16057203183,219091.48132605955,450693.1743256027
27480,23.347,930.84775,930.84842,0.7197734729073453,C59H108O6,CCCCCCCCCCCC=CCCCCC(=O)OC(COC(=O)CCCCCCCCCC=CCCCCCCCC)COC(=O)CCCCCCCCCC=CCCCCCC,[M+NH4]+,TG 18:1_18:1_20:1,TG 18:1(11)_18:1(6)_20:1(11),0.3323999999999998,0.567486000000008,0.10803964516631279,0.10803964516631279,All,Some,18911.034041349747,35633.937997888475,45383.969785984045,50415.101912106176
27480,23.347,930.84775,930.84842,0.7197734729073453,C59H108O6,CCCCCCCCC=CCCCCCCCC(=O)OC(COC(=O)CCCCCCCCCC=CCCCCCCCC)COC(=O)CCCCC=CCCCCCCCCCCC,[M+NH4]+,TG 18:1_18:1_20:1,TG 18:1(6)_18:1(9)_20:1(11),0.40949999999999953,0.7082650000000115,0.10480398548741003,0.10480398548741003,All,Some,90543.73874343213,185533.16057203183,214288.7117079312,85983.71699681795
27522,23.376,909.78762,909.78816,0.5935447654109646,C57H106O6,CCCCCCCCC=CCCCCCCCC(=O)OC(COC(=O)CCCCCCCC=CCCCCCCCC)COC(=O)CCCCCCCCCCCCCCCCC,[M+Na]+,TG 18:0_18:1_18:1,TG 18:0_18:1(9)_18:1(9),0.264999999999997,0.5051449999999704,0.06412132373000301,0.06412132373000301,All,All,89982.30520471047,17620.83384577543,31773.728170083523,324637.6741950985
27522,23.376,909.78762,909.78816,0.5935447654109646,C57H106O6,CCCCCCC=CCCCCCCCCCC(=O)OC(COC(=O)CCCCCCCC=CCCCCCCCC)COC(=O)CCCCCCCCCCCCCCCCC,[M+Na]+,TG 18:0_18:1_18:1,TG 18:0_18:1(11)_18:1(9),0.3779999999999977,0.6210266666666181,0.04274754915333534,0.04274754915333534,All,Some,256684.36146195617,257379.16615422457,252892.93849658314,31913.022585295534
27522,23.376,909.78762,909.78816,0.5935447654109646,C57H106O6,CCCCCCCCCCCC=CCCCCC(=O)OC(COC(=O)CCCCCCCC=CCCCCCCCC)COC(=O)CCCCCCCCCCCCCCCCC,[M+Na]+,TG 18:0_18:1_18:1,TG 18:0_18:1(6)_18:1(9),0.25299999999999834,0.4967225000000042,0.036398006138858824,0.036398006138858824,All,Some,89982.30520471047,17620.83384577543,31773.728170083523,292724.651609803
27522,23.376,909.78762,909.78816,0.5935447654109646,C57H106O6,CCCCCCCCCCCC=CCCCCC(=O)OC(COC(=O)CCCCC=CCCCCCCCCCCC)COC(=O)CCCCCCCCCCCCCCCCC,[M+Na]+,TG 18:0_18:1_18:1,TG 18:0_18:1(6)_18:1(6),0.24099999999999966,0.4883000000000379,0.008674688547714648,0.008674688547714648,All,Some,346666.6666666667,275000.00000000006,284666.6666666666,292724.651609803
27522,23.376,909.78762,909.78816,0.5935447654109646,C57H106O6,CCCCCCC=CCCCCCCCCCC(=O)OC(COC(=O)CCCCC=CCCCCCCCCCCC)COC(=O)CCCCCCCCCCCCCCCCC,[M+Na]+,TG 18:0_18:1_18:1,TG 18:0_18:1(11)_18:1(6),0.3619999999999995,0.6097966666666631,0.005783125698476432,0.005783125698476432,All,Some,256684.36146195617,257379.16615422457,252892.93849658314,0.0
27537,23.38,904.83215,904.83277,0.6852094890708548,C57H106O6,CCCCCCC=CCCCCCCCCCC(=O)OC(COC(=O)CCCCCCCCCC=CCCCCCC)COC(=O)CCCCCCCCCCCCCCCCC,[M+NH4]+,TG 18:0_18:1_18:1,TG 18:0_18:1(11)_18:1(11),0.49099999999999966,0.5453549999999723,0.32436999624541635,0.32436999624541635,All,Some,244037.67279355924,2409667.883846287,2882079.851439183,238749.26943308007
27537,23.38,904.83215,904.83277,0.6852094890708548,C57H106O6,CCCCCCC=CCCCCCCCCCC(=O)OC(COC(=O)CCCCCCCC=CCCCCCCCC)COC(=O)CCCCCCCCCCCCCCCCC,[M+NH4]+,TG 18:0_18:1_18:1,TG 18:0_18:1(11)_18:1(9),0.5355000000000008,0.725052499999947,0.2356216648166651,0.2356216648166651,All,Some,2929682.5155704087,3806981.3945400794,4090237.432020162,369228.5213325541
27537,23.38,904.83215,904.83277,0.6852094890708548,C57H106O6,CCCCCCC=CCCCCCCCCCC(=O)OC(COC(=O)CCCCC=CCCCCCCCCCCC)COC(=O)CCCCCCCCCCCCCCCCC,[M+NH4]+,TG 18:0_18:1_18:1,TG 18:0_18:1(11)_18:1(6),0.34850000000000136,0.7078599999999824,0.16218499812270817,0.16218499812270817,All,Some,4509570.104815434,4701790.992870804,5661228.279612682,6246347.165400351
27537,23.38,904.83215,904.83277,0.6852094890708548,C57H106O6,CCCCCCCCC=CCCCCCCCC(=O)OC(COC(=O)CCCCCCCC=CCCCCCCCC)COC(=O)CCCCCCCCCCCCCCCCC,[M+NH4]+,TG 18:0_18:1_18:1,TG 18:0_18:1(9)_18:1(9),0.5800000000000018,0.9047499999999218,0.14687333338791383,0.14687333338791383,All,Some,6951177.274798725,3689436.619718309,3987306.0087544774,6138077.1478667455
27537,23.38,904.83215,904.83277,0.6852094890708548,C57H106O6,CCCCCCCCCCCC=CCCCCC(=O)OC(COC(=O)CCCCCCCC=CCCCCCCCC)COC(=O)CCCCCCCCCCCCCCCCC,[M+NH4]+,TG 18:0_18:1_18:1,TG 18:0_18:1(6)_18:1(9),0.39300000000000246,0.8875574999999571,0.07343666669395692,0.07343666669395692,All,Some,4265532.432021875,2292123.1090245172,2779148.4281734983,6007597.895967271
27599,23.399,892.83207,892.86915,41.529041517389494,C57H110O5,CCCCCCCCCCCCCCCCCC(=O)OC(COC(=O)CCCCCCCCCC=CCCCCCC)COCCCCCCCCCCCCCCCCCC,[M+NH4]+,TG O-18:0_18:0_18:1,TG O-18:0_18:0_18:1(11),0.9739999999999966,0.9612399999999752,0.49764794238404564,0.49764794238404564,All,All,23646.01769911504,20789.432546506177,29484.775915155667,37280.788177339906
27599,23.399,892.83207,892.86915,41.529041517389494,C57H110O5,CCCCCCCCCCCCCCCCCC(=O)OC(COC(=O)CCCCC=CCCCCCCCCCCC)COCCCCCCCCCCCCCCCCCC,[M+NH4]+,TG O-18:0_18:0_18:1,TG O-18:0_18:0_18:1(6),0.6730000000000018,0.8924150000000282,0.17798143961400745,0.17798143961400745,All,All,104515.39823008848,100855.40096920432,123808.75812521385,141536.94581280788
27599,23.399,892.83207,892.86915,41.529041517389494,C57H110O5,CCCCCCCCCCCCCCCCCC(=O)OC(COC(=O)CCCCCCCC=CCCCCCCCC)COCCCCCCCCCCCCCCCCCC,[M+NH4]+,TG O-18:0_18:0_18:1,TG O-18:0_18:0_18:1(9),0.40500000000000114,0.9267700000000332,0.05448920305985391,0.05448920305985391,All,All,205838.58407079647,219355.1664842895,245706.4659596305,217182.26600985217
27638,23.405,878.81655,878.81712,0.6485991078995106,C55H104O6,CCCCCCCCCCCCCCCCCC(=O)OC(COC(=O)CCCCC=CCCCCCCCCCCC)COC(=O)CCCCCCCCCCCCCCC,[M+NH4]+,TG 16:0_18:0_18:1,TG 16:0_18:0_18:1(6),0.5560000000000009,0.9249050000000238,0.2689108679535929,0.2689108679535929,All,All,20700000.0,19000000.0,21200000.0,24700000.0
27660,23.411,688.5876,688.60271,21.942986544519545,C47H74O2,CCC=CCC=CCC=CCC=CCC=CCCCC(=O)OC1CCC2(C)C(=CCC3C2CCC2(C)C(C(C)CCCC(C)C)CCC32)C1,[M+NH4]+,CE 20:5,"CE 20:5(5,8,11,14,17)",0.22649999999999704,0.4259712500000319,0.13544348032804981,0.13544348032804981,Some,Some,1660000.0,1160000.0,1330000.0,1410000.0
27658,23.411,773.62588,773.60545,26.408810848001437,C49H82O5,CCCCCC=CCC=CCC=CCCCCC(=O)OC(COC(=O)CCCCCCC=CCC=CCC=CCC=CCC)COCCCCCCCC,[M+Na]+,TG O-8:0_18:3_20:4,"TG O-8:0_18:3(6,9,12)_20:4(8,11,14,17)",0.6085000000000012,0.08765374999993014,0.32480745773049513,0.32480745773049513,Some,Some,43730.82542001461,56498.829496683575,48319.96550237171,35376.72193630771
27658,23.411,773.62588,773.60545,26.408810848001437,C49H82O5,CCCCCC=CCC=CCC=CCCCCC(=O)OC(COC(=O)CCCC=CCC=CCC=CCC=CCCCCC)COCCCCCCCC,[M+Na]+,TG O-8:0_18:3_20:4,"TG O-8:0_18:3(6,9,12)_20:4(5,8,11,14)",0.652000000000001,0.22899166666661586,0.2854585410027848,0.2854585410027848,Some,Some,53307.73141981409,60645.337495122905,50672.334134171135,70113.9573578919
27658,23.411,773.62588,773.60545,26.408810848001437,C49H82O5,CCC=CCC=CCC=CCCCCCCCC(=O)OC(COC(=O)CCCC=CCC=CCC=CCC=CCCCCC)COCCCCCCCC,[M+Na]+,TG O-8:0_18:3_20:4,"TG O-8:0_18:3(9,12,15)_20:4(5,8,11,14)",0.6742000000000019,0.19645299999991722,0.2694551895531147,0.2694551895531147,Some,Some,183907.77582033543,175057.06203667578,178134.07872851597,174041.99396354912
27658,23.411,773.62588,773.60545,26.408810848001437,C49H82O5,CCC=CCC=CCC=CCCCCCCCC(=O)OC(COC(=O)CCCCCCC=CCC=CCC=CCC=CCC)COCCCCCCCC,[M+Na]+,TG O-8:0_18:3_20:4,"TG O-8:0_18:3(9,12,15)_20:4(8,11,14,17)",0.544666666666668,0.08718166666657605,0.2590189438959499,0.2590189438959499,Some,Some,30053.66733983586,34798.770971517755,35873.62163494117,59467.32674225129
28121,23.516,904.83231,904.83277,0.5083812337781268,C57H106O6,CCCCCCC=CCCCCCCCCCC(=O)OC(COC(=O)CCCCCCCCCC=CCCCCCC)COC(=O)CCCCCCCCCCCCCCCCC,[M+NH4]+,TG 18:0_18:1_18:1,TG 18:0_18:1(11)_18:1(11),0.9000000000000057,0.9986699999999473,0.6424851280591707,0.6424851280591707,All,Some,13594.01653326335,0.0,0.0,0.0
28121,23.516,904.83231,904.83277,0.5083812337781268,C57H106O6,CCCCCCC=CCCCCCCCCCC(=O)OC(COC(=O)CCCCCCCC=CCCCCCCCC)COC(=O)CCCCCCCCCCCCCCCCC,[M+NH4]+,TG 18:0_18:1_18:1,TG 18:0_18:1(11)_18:1(9),0.7866666666666712,0.9359099999999975,0.31169832348530835,0.31169832348530835,All,Some,30683.637317937275,0.0,0.0,0.0
28121,23.516,904.83231,904.83277,0.5083812337781268,C57H106O6,CCCCCCC=CCCCCCCCCCC(=O)OC(COC(=O)CCCCC=CCCCCCCCCCCC)COC(=O)CCCCCCCCCCCCCCCCC,[M+NH4]+,TG 18:0_18:1_18:1,TG 18:0_18:1(11)_18:1(6),0.35000000000000614,0.6600466666666686,0.2141617093530569,0.2141617093530569,All,Some,975273.5861435507,0.0,913333.3333333335,0.0
28121,23.516,904.83231,904.83277,0.5083812337781268,C57H106O6,CCCCCCCCC=CCCCCCCCC(=O)OC(COC(=O)CCCCCCCC=CCCCCCCCC)COC(=O)CCCCCCCCCCCCCCCCC,[M+NH4]+,TG 18:0_18:1_18:1,TG 18:0_18:1(9)_18:1(9),0.730000000000004,0.9045300000000225,0.14630492119837718,0.14630492119837718,All,Some,978769.1903949612,0.0,913333.3333333335,0.0
28121,23.516,904.83231,904.83277,0.5083812337781268,C57H106O6,CCCCCCCCCCCC=CCCCCC(=O)OC(COC(=O)CCCCCCCC=CCCCCCCCC)COC(=O)CCCCCCCCCCCCCCCCC,[M+NH4]+,TG 18:0_18:1_18:1,TG 18:0_18:1(6)_18:1(9),0.4025000000000052,0.6976325000000259,0.07315246059918859,0.07315246059918859,All,Some,961679.5696102872,0.0,913333.3333333335,0.0
28164,23.529,909.78715,909.78816,1.1101485426575628,C57H106O6,CCCCCCCCC=CCCCCCCCC(=O)OC(COC(=O)CCCCCCCC=CCCCCCCCC)COC(=O)CCCCCCCCCCCCCCCCC,[M+Na]+,TG 18:0_18:1_18:1,TG 18:0_18:1(9)_18:1(9),0.06799999999999784,0.8780699999999797,0.08187707564630094,0.08187707564630094,Some,Some,0.0,3200.1364954785868,5469.248291571754,0.0
28164,23.529,909.78715,909.78816,1.1101485426575628,C57H106O6,CCCCCCC=CCCCCCCCCCC(=O)OC(COC(=O)CCCCCCCC=CCCCCCCCC)COC(=O)CCCCCCCCCCCCCCCCC,[M+Na]+,TG 18:0_18:1_18:1,TG 18:0_18:1(11)_18:1(9),0.18299999999999983,0.8651949999999715,0.04093853782315047,0.04093853782315047,Some,Some,0.0,32799.86350452141,43530.75170842825,0.0
28164,23.529,909.78715,909.78816,1.1101485426575628,C57H106O6,CCCCCCCCCCCC=CCCCCC(=O)OC(COC(=O)CCCCCCCC=CCCCCCCCC)COC(=O)CCCCCCCCCCCCCCCCC,[M+Na]+,TG 18:0_18:1_18:1,TG 18:0_18:1(6)_18:1(9),0.3353333333333334,0.3987366666666882,0.0324926168762088,0.0324926168762088,Some,Some,0.0,3200.1364954785868,5469.248291571754,0.0
28164,23.529,909.78715,909.78816,1.1101485426575628,C57H106O6,CCCCCCCCCCCC=CCCCCC(=O)OC(COC(=O)CCCCC=CCCCCCCCCCCC)COC(=O)CCCCCCCCCCCCCCCCC,[M+Na]+,TG 18:0_18:1_18:1,TG 18:0_18:1(6)_18:1(6),0.4690000000000012,0.15907000000004246,0.007800387491162737,0.007800387491162737,All,Some,0.0,36000.0,49000.00000000001,0.0
28164,23.529,909.78715,909.78816,1.1101485426575628,C57H106O6,CCCCCCC=CCCCCCCCCCC(=O)OC(COC(=O)CCCCC=CCCCCCCCCCCC)COC(=O)CCCCCCCCCCCCCCCCC,[M+Na]+,TG 18:0_18:1_18:1,TG 18:0_18:1(11)_18:1(6),0.4120000000000014,0.3901533333333494,0.005200258327441825,0.005200258327441825,Some,Some,0.0,32799.86350452141,43530.75170842825,0.0
28195,23.539,688.58895,688.60271,19.98249469574047,C47H74O2,CCC=CCC=CCC=CCC=CCC=CCCCC(=O)OC1CCC2(C)C(=CCC3C2CCC2(C)C(C(C)CCCC(C)C)CCC32)C1,[M+NH4]+,CE 20:5,"CE 20:5(5,8,11,14,17)",0.05974999999999753,0.4063950000000318,0.2488090655931434,0.2488090655931434,Some,Some,0.0,523000.0,0.0,731000.0
28225,23.546,930.84854,930.84842,0.12891465178014996,C59H108O6,CCCCCCCCCCCC=CCCCCC(=O)OC(COC(=O)CCCCCCCCCC=CCCCCCCCC)COC(=O)CCCCC=CCCCCCCCCCCC,[M+NH4]+,TG 18:1_18:1_20:1,TG 18:1(6)_18:1(6)_20:1(11),0.360000000000003,0.8387450000000172,0.009368368428821789,0.009368368428821789,Some,Some,74230.65250379364,62160.55688454991,54220.3967984876,61603.189319488214
28225,23.546,930.84854,930.84842,0.12891465178014996,C59H108O6,CCCCCCCCCCCC=CCCCCC(=O)OC(COC(=O)CCCCCCCCCCCC=CCCCCCC)COC(=O)CCCCC=CCCCCCCCCCCC,[M+NH4]+,TG 18:1_18:1_20:1,TG 18:1(6)_18:1(6)_20:1(13),0.360000000000003,0.8387450000000172,0.009368368428821789,0.009368368428821789,Some,Some,69139.09964592817,57848.75325962803,53591.10850825549,57441.127387353976
28225,23.546,930.84854,930.84842,0.12891465178014996,C59H108O6,CCCCCCCCCCCC=CCCCCC(=O)OC(COC(=O)CCCCCCCCCCCC=CCCCCCC)COC(=O)CCCCCCCCCC=CCCCCCC,[M+NH4]+,TG 18:1_18:1_20:1,TG 18:1(11)_18:1(6)_20:1(13),0.24500000000000277,0.6835299999999904,0.0046841842144108945,0.0046841842144108945,All,Some,67769.34749620638,56506.109782116764,52112.93653484572,55396.810680511764
28225,23.546,930.84854,930.84842,0.12891465178014996,C59H108O6,CCCCCCCCC=CCCCCCCCC(=O)OC(COC(=O)CCCCCCCCCC=CCCCCCCCC)COC(=O)CCCCC=CCCCCCCCCCCC,[M+NH4]+,TG 18:1_18:1_20:1,TG 18:1(6)_18:1(9)_20:1(11),0.43950000000000244,0.6923774999999921,0.0046841842144108945,0.0046841842144108945,All,Some,67769.34749620638,56506.109782116764,52112.93653484572,55396.810680511764
28225,23.546,930.84854,930.84842,0.12891465178014996,C59H108O6,CCCCCCCCCCCC=CCCCCC(=O)OC(COC(=O)CCCCCCCCCC=CCCCCCCCC)COC(=O)CCCCCCCCCC=CCCCCCC,[M+NH4]+,TG 18:1_18:1_20:1,TG 18:1(11)_18:1(6)_20:1(11),0.3363333333333358,0.6376899999999827,0.0031227894762739295,0.0031227894762739295,All,Some,72860.90035407183,60817.913407038635,52742.22482507782,59558.87261264602
28225,23.546,930.84854,930.84842,0.12891465178014996,C59H108O6,CCCCCCCCC=CCCCCCCCC(=O)OC(COC(=O)CCCCCCCCCCCC=CCCCCCC)COC(=O)CCCCC=CCCCCCCCCCCC,[M+NH4]+,TG 18:1_18:1_20:1,TG 18:1(6)_18:1(9)_20:1(13),0.3363333333333358,0.6376899999999827,0.0031227894762739295,0.0031227894762739295,All,Some,74230.65250379364,62160.55688454991,54220.3967984876,61603.189319488214
28369,23.601,909.78774,909.78816,0.46164592861131926,C57H106O6,CCCCCCCCC=CCCCCCCCC(=O)OC(COC(=O)CCCCCCCC=CCCCCCCCC)COC(=O)CCCCCCCCCCCCCCCCC,[M+Na]+,TG 18:0_18:1_18:1,TG 18:0_18:1(9)_18:1(9),0.4059999999999988,0.1649600000000646,0.09965560232999073,0.09965560232999073,Some,Some,0.0,2575.9170653907495,0.0,0.0
28369,23.601,909.78774,909.78816,0.46164592861131926,C57H106O6,CCCCCCCCCCCC=CCCCCC(=O)OC(COC(=O)CCCCCCCC=CCCCCCCCC)COC(=O)CCCCCCCCCCCCCCCCC,[M+Na]+,TG 18:0_18:1_18:1,TG 18:0_18:1(6)_18:1(9),0.4480000000000004,0.16064000000001974,0.038057219896947374,0.038057219896947374,Some,Some,0.0,6724.082934609251,0.0,0.0
28369,23.601,909.78774,909.78816,0.46164592861131926,C57H106O6,CCCCCCC=CCCCCCCCCCC(=O)OC(COC(=O)CCCCCCCC=CCCCCCCCC)COC(=O)CCCCCCCCCCCCCCCCC,[M+Na]+,TG 18:0_18:1_18:1,TG 18:0_18:1(11)_18:1(9),0.23333333333333428,0.36337666666668156,0.03321853410999691,0.03321853410999691,Some,Some,0.0,2575.9170653907495,0.0,0.0
28369,23.601,909.78774,909.78816,0.46164592861131926,C57H106O6,CCCCCCCCCCCC=CCCCCC(=O)OC(COC(=O)CCCCC=CCCCCCCCCCCC)COC(=O)CCCCCCCCCCCCCCCCC,[M+Na]+,TG 18:0_18:1_18:1,TG 18:0_18:1(6)_18:1(6),0.4690000000000012,0.1584799999999973,0.007258028680425701,0.007258028680425701,All,Some,0.0,9300.000000000002,0.0,0.0
28369,23.601,909.78774,909.78816,0.46164592861131926,C57H106O6,CCCCCCC=CCCCCCCCCCC(=O)OC(COC(=O)CCCCC=CCCCCCCCCCCC)COC(=O)CCCCCCCCCCCCCCCCC,[M+Na]+,TG 18:0_18:1_18:1,TG 18:0_18:1(11)_18:1(6),0.3080000000000016,0.31053249999999366,0.0036290143402128504,0.0036290143402128504,All,Some,0.0,6724.082934609251,0.0,0.0
28506,23.648,862.82176,862.8222,0.5099544261984548,C55H104O5,CCCCCCCCCCCCCCCC(=O)OC(COC(=O)CCCCCCCCCC=CCCCCCC)COCCCCCCCCCCC=CCCCCCC,[M+NH4]+,TG O-18:1_16:0_18:1,TG O-18:1(11)_16:0_18:1(11),0.3460000000000001,0.02942000000001599,0.27966668395567656,0.27966668395567656,All,Some,43986.646574295104,39580.68614993647,32420.51282051282,45563.505279145094
28506,23.648,862.82176,862.8222,0.5099544261984548,C55H104O5,CCCCCCCCCCCCCCCC(=O)OC(COC(=O)CCCCCCCC=CCCCCCCCC)COCCCCCCCCCCC=CCCCCCC,[M+NH4]+,TG O-18:1_16:0_18:1,TG O-18:1(11)_16:0_18:1(9),0.20700000000000074,0.24459249999998178,0.1445523611832641,0.1445523611832641,All,Some,45893.21704651028,41271.6161432807,32420.51282051282,46934.52762173142
28506,23.648,862.82176,862.8222,0.5099544261984548,C55H104O5,CCCCCCCCCCCCCCCC(=O)OC(COC(=O)CCCCCCCCCC=CCCCCCC)COCCCCCCCCC=CCCCCCCCC,[M+NH4]+,TG O-18:1_16:0_18:1,TG O-18:1(9)_16:0_18:1(11),0.20700000000000074,0.24459249999998178,0.1445523611832641,0.1445523611832641,All,Some,57674.74362222785,52047.25600532463,43600.0,58903.18212593095
28506,23.648,862.82176,862.8222,0.5099544261984548,C55H104O5,CCCCCCCCCCCCCCCC(=O)OC(COC(=O)CCCCC=CCCCCCCCCCCC)COCCCCCCCCCCC=CCCCCCC,[M+NH4]+,TG O-18:1_16:0_18:1,TG O-18:1(11)_16:0_18:1(6),0.3890000000000011,0.24413999999998737,0.13983334197783828,0.13983334197783828,All,Some,45893.21704651029,41271.6161432807,32420.51282051282,46934.52762173142
28506,23.648,862.82176,862.8222,0.5099544261984548,C55H104O5,CCCCCCCCCCCCCCCC(=O)OC(COC(=O)CCCCCCCCCC=CCCCCCC)COCCCCCC=CCCCCCCCCCCC,[M+NH4]+,TG O-18:1_16:0_18:1,TG O-18:1(6)_16:0_18:1(11),0.3890000000000011,0.24413999999998737,0.13983334197783828,0.13983334197783828,All,Some,15594.667520147936,14157.49984873238,11179.48717948718,14710.699189372177
28506,23.648,862.82176,862.8222,0.5099544261984548,C55H104O5,CCCCCCCCCCCCCCCC(=O)OC(COC(=O)CCCCCCCC=CCCCCCCCC)COCCCCCCCCC=CCCCCCCCC,[M+NH4]+,TG O-18:1_16:0_18:1,TG O-18:1(9)_16:0_18:1(9),0.06800000000000139,0.4597649999999476,0.009438038410851628,0.009438038410851628,All,Some,57674.743622227856,52047.25600532463,43600.0,58903.18212593095
28506,23.648,862.82176,862.8222,0.5099544261984548,C55H104O5,CCCCCCCCCCCCCCCC(=O)OC(COC(=O)CCCCCCCC=CCCCCCCCC)COCCCCCC=CCCCCCCCCCCC,[M+NH4]+,TG O-18:1_16:0_18:1,TG O-18:1(6)_16:0_18:1(9),0.2500000000000018,0.45931249999995316,0.004719019205425814,0.004719019205425814,All,Some,15594.667520147936,14157.49984873238,11179.48717948718,14710.699189372177
28506,23.648,862.82176,862.8222,0.5099544261984548,C55H104O5,CCCCCCCCCCCCCCCC(=O)OC(COC(=O)CCCCC=CCCCCCCCCCCC)COCCCCCCCCC=CCCCCCCCC,[M+NH4]+,TG O-18:1_16:0_18:1,TG O-18:1(9)_16:0_18:1(6),0.2500000000000018,0.45931249999995316,0.004719019205425814,0.004719019205425814,All,Some,13688.097047932752,12466.569855388154,11179.48717948718,13339.676846785853
28516,23.651,918.84839,918.8848,39.624118279077244,C59H112O5,CCCCCCCCCCCCCCCCCC(=O)OC(COC(=O)CCCCCCCC=CCCCCCCCC)COCCCCCCCCCCC=CCCCCCCCC,[M+NH4]+,TG O-20:1_18:0_18:1,TG O-20:1(11)_18:0_18:1(9),0.45600000000000307,0.11721999999997479,0.47741931422197353,0.47741931422197353,All,Some,49833.3039274498,30417.997817243773,30086.319644258434,68997.53532697995
28516,23.651,918.84839,918.8848,39.624118279077244,C59H112O5,CCCCCCCCCCCCCCCCCC(=O)OC(COC(=O)CCCCC=CCCCCCCCCCCC)COCCCCCCCCCCC=CCCCCCCCC,[M+NH4]+,TG O-20:1_18:0_18:1,TG O-20:1(11)_18:0_18:1(6),0.3000000000000019,0.10289666666665198,0.32318235210079305,0.32318235210079305,All,Some,145825.89364480047,71910.40777854946,101523.67250850119,133609.92441669403
28516,23.651,918.84839,918.8848,39.624118279077244,C59H112O5,CCCCCCCCCCCCCCCCCC(=O)OC(COC(=O)CCCCCCCCCC=CCCCCCC)COCCCCCCCCCCC=CCCCCCCCC,[M+NH4]+,TG O-20:1_18:0_18:1,TG O-20:1(11)_18:0_18:1(11),0.3450000000000024,0.1263050000000021,0.23870965711098677,0.23870965711098677,All,Some,39151.699071950316,24074.80900883024,23306.303949777663,57212.45481432797
28516,23.651,918.84839,918.8848,39.624118279077244,C59H112O5,CCCCCCCCCCCCCCCCCC(=O)OC(COC(=O)CCCCCCCC=CCCCCCCCC)COCCCCCCCCCCCCC=CCCCCCC,[M+NH4]+,TG O-20:1_18:0_18:1,TG O-20:1(13)_18:0_18:1(9),0.3450000000000024,0.1263050000000021,0.23870965711098677,0.23870965711098677,All,Some,117355.79942834961,54178.78757813276,84997.3842532043,88182.55011501806
28516,23.651,918.84839,918.8848,39.624118279077244,C59H112O5,CCCCCCCCCCCCCCCCCC(=O)OC(COC(=O)CCCCC=CCCCCCCCCCCC)COCCCCCCCCCCCCC=CCCCCCC,[M+NH4]+,TG O-20:1_18:0_18:1,TG O-20:1(13)_18:0_18:1(6),0.22600000000000145,0.10895333333333686,0.16404258069346855,0.16404258069346855,All,Some,49833.3039274498,30417.997817243773,30086.319644258434,68997.53532697995
28535,23.656,688.58797,688.60271,21.40566655620724,C47H74O2,CCC=CCC=CCC=CCC=CCC=CCCCC(=O)OC1CCC2(C)C(=CCC3C2CCC2(C)C(C(C)CCCC(C)C)CCC32)C1,[M+NH4]+,CE 20:5,"CE 20:5(5,8,11,14,17)",0.20742857142857218,0.35312428571424853,0.29718090155343574,0.29718090155343574,Some,Some,0.0,164000.0,0.0,0.0
28545,23.661,892.83238,892.86915,41.18184618658493,C57H110O5,CCCCCCCCCCCCCCCCCC(=O)OC(COC(=O)CCCCCCCC=CCCCCCCCC)COCCCCCCCCCCCCCCCCCC,[M+NH4]+,TG O-18:0_18:0_18:1,TG O-18:0_18:0_18:1(9),0.387000000000004,0.46098499999999376,0.37161342895363314,0.37161342895363314,All,All,207887.0064713153,154092.19190968954,185960.26490066227,214556.70103092786
28545,23.661,892.83238,892.86915,41.18184618658493,C57H110O5,CCCCCCCCCCCCCCCCCC(=O)OC(COC(=O)CCCCCCCCCC=CCCCCCC)COCCCCCCCCCCCCCCCCCC,[M+NH4]+,TG O-18:0_18:0_18:1,TG O-18:0_18:0_18:1(11),0.41300000000000026,0.5282649999999762,0.21697352728292568,0.21697352728292568,All,Some,617399.8400349014,652916.2746942615,690463.5761589403,814567.0103092783
28545,23.661,892.83238,892.86915,41.18184618658493,C57H110O5,CCCCCCCCCCCCCCCCCC(=O)OC(COC(=O)CCCCC=CCCCCCCCCCCC)COCCCCCCCCCCCCCCCCCC,[M+NH4]+,TG O-18:0_18:0_18:1,TG O-18:0_18:0_18:1(6),0.6479999999999961,0.9406399999999167,0.17348119246255359,0.17348119246255359,All,All,264713.1534937832,242991.53339604888,293576.1589403973,180876.28865979382
28595,23.689,836.8063,836.80655,0.29875483174806855,C53H102O5,CCCCCCCCCCCCCCCC(=O)OC(COC(=O)CCCCCCCCCC=CCCCCCC)COCCCCCCCCCCCCCCCC,[M+NH4]+,TG O-16:0_16:0_18:1,TG O-16:0_16:0_18:1(11),0.129999999999999,0.4695899999999824,0.4186944015389016,0.4186944015389016,All,All,74875.18134974237,147690.58797227812,97609.6997690531,133192.14941437164
28595,23.689,836.8063,836.80655,0.29875483174806855,C53H102O5,CCCCCCCCCCCCCCCC(=O)OC(COC(=O)CCCCC=CCCCCCCCCCCC)COCCCCCCCCCCCCCCCC,[M+NH4]+,TG O-16:0_16:0_18:1,TG O-16:0_16:0_18:1(6),0.6859999999999999,0.8795150000000262,0.25496103136576054,0.25496103136576054,All,All,134832.15768672773,117133.91459870333,218390.3002309469,182807.8505856284
28595,23.689,836.8063,836.80655,0.29875483174806855,C53H102O5,CCCCCCCCCCCCCCCC(=O)OC(COC(=O)CCCCCCCC=CCCCCCCCC)COCCCCCCCCCCCCCCCC,[M+NH4]+,TG O-16:0_16:0_18:1,TG O-16:0_16:0_18:1(9),0.5139999999999993,0.9412099999999555,0.016090377169645977,0.016090377169645977,All,Some,74292.66096352994,3175.4974290185555,0.0,0.0
28619,23.706,688.58823,688.60271,21.028090348422644,C47H74O2,CCC=CCC=CCC=CCC=CCC=CCCCC(=O)OC1CCC2(C)C(=CCC3C2CCC2(C)C(C(C)CCCC(C)C)CCC32)C1,[M+NH4]+,CE 20:5,"CE 20:5(5,8,11,14,17)",0.18742857142857108,0.4746042857143006,0.29445712031019816,0.29445712031019816,Some,Some,240000.0,236000.0,0.0,345000.0
28646,23.714,850.78519,850.78582,0.7404918901927852,C53H100O6,CCCCCCCCCCCCCCCC(=O)OC(COC(=O)CCCCCCCC=CCCCCCCCC)COC(=O)CCCCCCCCCCCCCCC,[M+NH4]+,TG 16:0_16:0_18:1,TG 16:0_16:0_18:1(9),0.575999999999997,0.5241499999999633,0.3777464438820064,0.3777464438820064,All,All,0.0,10250.678958515013,0.0,0.0
28646,23.714,850.78519,850.78582,0.7404918901927852,C53H100O6,CCCCCCCCCCCCCCCC(=O)OC(COC(=O)CCCCC=CCCCCCCCCCCC)COC(=O)CCCCCCCCCCCCCCC,[M+NH4]+,TG 16:0_16:0_18:1,TG 16:0_16:0_18:1(6),0.264999999999997,0.5247499999999832,0.3597609587983871,0.3597609587983871,All,All,0.0,18349.32104148499,0.0,0.0
28648,23.714,876.80172,876.80147,0.28512725925394683,C55H102O6,CCCCCCCCC=CCCCCCCCC(=O)OC(COC(=O)CCCCCCCC=CCCCCCCCC)COC(=O)CCCCCCCCCCCCCCC,[M+NH4]+,TG 16:0_18:1_18:1,TG 16:0_18:1(9)_18:1(9),0.347999999999999,0.06140499999992244,0.3220556940192034,0.3220556940192034,All,All,0.0,22310.85907744393,0.0,0.0
28648,23.714,876.80172,876.80147,0.28512725925394683,C55H102O6,CCCCCCC=CCCCCCCCCCC(=O)OC(COC(=O)CCCCCCCC=CCCCCCCCC)COC(=O)CCCCCCCCCCCCCCC,[M+NH4]+,TG 16:0_18:1_18:1,TG 16:0_18:1(11)_18:1(9),0.49849999999999994,0.4673674999999946,0.29912889801777875,0.29912889801777875,All,Some,0.0,22758.470870362537,0.0,0.0
28648,23.714,876.80172,876.80147,0.28512725925394683,C55H102O6,CCCCCCC=CCCCCCCCCCC(=O)OC(COC(=O)CCCCCCCCCC=CCCCCCC)COC(=O)CCCCCCCCCCCCCCC,[M+NH4]+,TG 16:0_18:1_18:1,TG 16:0_18:1(11)_18:1(11),0.6490000000000009,0.8733300000000668,0.2762021020163541,0.2762021020163541,All,Some,0.0,24219.054873748064,0.0,0.0
28648,23.714,876.80172,876.80147,0.28512725925394683,C55H102O6,CCCCCCCCCCCC=CCCCCC(=O)OC(COC(=O)CCCCCCCC=CCCCCCCCC)COC(=O)CCCCCCCCCCCCCCC,[M+NH4]+,TG 16:0_18:1_18:1,TG 16:0_18:1(6)_18:1(9),0.5184999999999995,0.263844999999975,0.21795375669201017,0.21795375669201017,All,Some,0.0,447.6117929186064,0.0,0.0
28648,23.714,876.80172,876.80147,0.28512725925394683,C55H102O6,CCCCCCC=CCCCCCCCCCC(=O)OC(COC(=O)CCCCC=CCCCCCCCCCCC)COC(=O)CCCCCCCCCCCCCCC,[M+NH4]+,TG 16:0_18:1_18:1,TG 16:0_18:1(11)_18:1(6),0.6690000000000005,0.6698075000000472,0.1950269606905855,0.1950269606905855,All,Some,0.0,2355.80758922274,0.0,0.0
28648,23.714,876.80172,876.80147,0.28512725925394683,C55H102O6,CCCCCCCCCCCC=CCCCCC(=O)OC(COC(=O)CCCCC=CCCCCCCCCCCC)COC(=O)CCCCCCCCCCCCCCC,[M+NH4]+,TG 16:0_18:1_18:1,TG 16:0_18:1(6)_18:1(6),0.6890000000000001,0.4662850000000276,0.1138518193648169,0.1138518193648169,All,Some,0.0,1908.1957963041336,0.0,0.0
28917,23.882,984.8948,984.89537,0.5787416788497345,C63H114O6,CCCCCCCCC=CCC=CCCCCC(=O)OC(COC(=O)CCCCCCCCCCCCCC=CCCCCCCCC)COC(=O)CCCCCCCC=CCCCCCCCC,[M+NH4]+,TG 18:1_18:2_24:1,"TG 18:1(9)_18:2(6,9)_24:1(15)",0.060000000000002274,0.46175999999996975,0.0039378348111809855,0.0039378348111809855,Some,Some,20245.65710473649,23186.060606060608,29230.24830699774,27841.59588734913
28917,23.882,984.8948,984.89537,0.5787416788497345,C63H114O6,CCCCCCCCC=CCC=CCCCCC(=O)OC(COC(=O)CCCCCCCCCCCCCC=CCCCCCCCC)COC(=O)CCCCCCCCCC=CCCCCCC,[M+NH4]+,TG 18:1_18:2_24:1,"TG 18:1(11)_18:2(6,9)_24:1(15)",0.286500000000002,0.27895749999999,0.0019689174055904928,0.0019689174055904928,All,Some,13203.442294863244,21974.848484848488,16267.26862302483,17384.91282968261
28917,23.882,984.8948,984.89537,0.5787416788497345,C63H114O6,CCCCCCCCC=CCC=CCCCCC(=O)OC(COC(=O)CCCCCCCCCCCCCC=CCCCCCCCC)COC(=O)CCCCC=CCCCCCCCCCCC,[M+NH4]+,TG 18:1_18:2_24:1,"TG 18:1(6)_18:2(6,9)_24:1(15)",0.24899999999999878,0.6475650000000144,0.0019689174055904928,0.0019689174055904928,Some,Some,9150.900600400266,11939.09090909091,10802.483069977425,15373.49128296826
28965,23.898,906.84812,906.84842,0.330816036530538,C57H108O6,CCCCCCCCCCCCCCCCCC(=O)OC(COC(=O)CCCCCCCCCC=CCCCCCC)COC(=O)CCCCCCCCCCCCCCCCC,[M+NH4]+,TG 18:0_18:0_18:1,TG 18:0_18:0_18:1(11),0.9490000000000016,0.07946000000004005,0.3817749535366124,0.3817749535366124,All,Some,697189.4222842285,531031.500926498,487218.045112782,659110.672887307
28965,23.898,906.84812,906.84842,0.330816036530538,C57H108O6,CCCCCCCCCCCCCCCCCC(=O)OC(COC(=O)CCCCC=CCCCCCCCCCCC)COC(=O)CCCCCCCCCCCCCCCCC,[M+NH4]+,TG 18:0_18:0_18:1,TG 18:0_18:0_18:1(6),0.1490000000000009,0.9120649999999841,0.2776297663251418,0.2776297663251418,All,All,5122810.577715771,4808968.499073503,5272781.954887218,5510889.327112692
29578,24.107,984.89408,984.89537,1.3097837995992352,C63H114O6,CCCCCC=CCC=CCCCCCCCC(=O)OC(COC(=O)CCCCCCCCCCCCCC=CCCCCCCCC)COC(=O)CCCCCCCCCC=CCCCCCC,[M+NH4]+,TG 18:1_18:2_24:1,"TG 18:1(11)_18:2(9,12)_24:1(15)",0.44879999999999853,0.5482879999999796,0.20815839730960878,0.20815839730960878,Some,Some,0.0,0.0,0.0,9414.065799971839
29578,24.107,984.89408,984.89537,1.3097837995992352,C63H114O6,CCCCCC=CCC=CCCCCCCCC(=O)OC(COC(=O)CCCCCCCCCCCCCC=CCCCCCCCC)COC(=O)CCCCCCCC=CCCCCCCCC,[M+NH4]+,TG 18:1_18:2_24:1,"TG 18:1(9)_18:2(9,12)_24:1(15)",0.41799999999999926,0.6020833333333258,0.17257623530341928,0.17257623530341928,Some,Some,0.0,0.0,0.0,2642.1363871028298
29578,24.107,984.89408,984.89537,1.3097837995992352,C63H114O6,CCCCCCCCC=CCC=CCCCCC(=O)OC(COC(=O)CCCCCCCCCCCCCC=CCCCCCCCC)COC(=O)CCCCCCCCCC=CCCCCCC,[M+NH4]+,TG 18:1_18:2_24:1,"TG 18:1(11)_18:2(6,9)_24:1(15)",0.5211999999999989,0.3992140000000063,0.10461265612755721,0.10461265612755721,All,Some,0.0,0.0,0.0,1914.6759280987467
29578,24.107,984.89408,984.89537,1.3097837995992352,C63H114O6,CCCCCC=CCC=CCCCCCCCC(=O)OC(COC(=O)CCCCCCCCCCCCCC=CCCCCCCCC)COC(=O)CCCCC=CCCCCCCCCCCC,[M+NH4]+,TG 18:1_18:2_24:1,"TG 18:1(6)_18:2(9,12)_24:1(15)",0.32920000000000016,0.5347699999999804,0.10354574118205158,0.10354574118205158,Some,Some,0.0,0.0,0.0,1529.1218848265826
29847,24.172,864.83718,864.83785,0.7747116988620644,C55H106O5,CCCCCCCCCCCCCCCC(=O)OC(COC(=O)CCCCCCCCCC=CCCCCCC)COCCCCCCCCCCCCCCCCCC,[M+NH4]+,TG O-18:0_16:0_18:1,TG O-18:0_16:0_18:1(11),0.2789999999999999,0.9523050000000239,0.07775893994084956,0.07775893994084956,All,All,80201.03986135182,121000.0,124000.0,130000.0
29847,24.172,864.83718,864.83785,0.7747116988620644,C55H106O5,CCCCCCCCCCCCCCCC(=O)OC(COC(=O)CCCCCCCC=CCCCCCCCC)COCCCCCCCCCCCCCCCCCC,[M+NH4]+,TG O-18:0_16:0_18:1,TG O-18:0_16:0_18:1(9),0.9320000000000022,0.9797300000000178,0.0154179844059371,0.0154179844059371,All,All,34798.96013864817,0.0,0.0,0.0
29888,24.188,906.84673,906.84842,1.8635970056090079,C57H108O6,CCCCCCCCCCCCCCCCCC(=O)OC(COC(=O)CCCCCCCCCC=CCCCCCC)COC(=O)CCCCCCCCCCCCCCCCC,[M+NH4]+,TG 18:0_18:0_18:1,TG 18:0_18:0_18:1(11),0.3690000000000033,0.08085000000005493,0.39082125652269784,0.39082125652269784,All,Some,0.0,36600.0,0.0,0.0
29888,24.188,906.84673,906.84842,1.8635970056090079,C57H108O6,CCCCCCCCCCCCCCCCCC(=O)OC(COC(=O)CCCCC=CCCCCCCCCCCC)COC(=O)CCCCCCCCCCCCCCCCC,[M+NH4]+,TG 18:0_18:0_18:1,TG 18:0_18:0_18:1(6),0.9000000000000057,0.9082799999999907,0.03246542378475305,0.03246542378475305,All,Some,0.0,0.0,0.0,0.0
