feature_id,rt,mz_measured,mz_calculated,mz_error(ppm),mol_formula,smiles,adduct,primary_annotated_name,structure_annotated_name,rt_score,mz_score,spec_score,total_score,fragments_ion_detection_level,fragments_spectrum_detection_level,datafile:POS_NIST_2.mzML:area,datafile:POS_NIST_3.mzML:area,datafile:POS_NIST_1.mzML:area,datafile:POS_NIST_0.mzML:area,datafile:NEG_NIST_0.mzML:area,datafile:NEG_NIST_2.mzML:area,datafile:NEG_NIST_3.mzML:area,datafile:NEG_NIST_1.mzML:area
P15960,16.84,612.55623,612.55615,0.130600272,C37H70O5,CCCCCCC=CCCCCCCCCCC(=O)OC(CO)COC(=O)CCCCCCCCCCCCCCC,[M+NH4]+,DG 16:0_18:1,DG 16:0_18:1(11),0.936,0.06667,0.000737759,0.000737759,All,Some,459000,396000,491000,462000,,,,
N1067,2.995,564.33063,564.33069,0.10632064,C26H50NO7P,CCCCCC=CCC=CCCCCCCCC(=O)OCC(O)COP(=O)([O-])OCC[N+](C)(C)C,[M+HCOO]-,LPC 18:2,"LPC 18:2(9,12)",0.5695,0.706055,0.00103715,0.00103715,All,Some,,,,,0,93712.30657,63241.26161,55175.83331
P20048,20.293,790.69181,790.69192,0.139118659,C49H88O6,CCCCCCCCCC=CCCCCC(=O)OC(COC(=O)CCCCC=CCC=CCCCCCCCC)COC(=O)CCCCCCCCCCC,[M+NH4]+,TG 12:0_16:1_18:2,"TG 12:0_16:1(6)_18:2(6,9)",0.3015,0.5100275,0.001195087,0.001195087,All,Some,108428.6473,111473.438,111056.8815,148020.816,,,,
P20055,20.297,764.67607,764.67627,0.26154859,C47H86O6,CCCCCCCCCCCCCCCC(=O)OC(COC(=O)CCCCCCCC=CCC=CCCCCC)COC(=O)CCCCCCCCC,[M+NH4]+,TG 10:0_16:0_18:2,"TG 10:0_16:0_18:2(9,12)",0.121,0.503055,0.001524241,0.001524241,All,Some,265739.5262,164695.1774,424800,261955.0736,,,,
P28917,23.882,984.8948,984.89537,0.578741679,C63H114O6,CCCCCCCCC=CCC=CCCCCC(=O)OC(COC(=O)CCCCCCCCCCCCCC=CCCCCCCCC)COC(=O)CCCCCCCCCC=CCCCCCC,[M+NH4]+,TG 18:1_18:2_24:1,"TG 18:1(11)_18:2(6,9)_24:1(15)",0.2865,0.2789575,0.001968917,0.001968917,All,Some,13203.44229,21974.84848,16267.26862,17384.91283,,,,
P28917,23.882,984.8948,984.89537,0.578741679,C63H114O6,CCCCCCCCC=CCC=CCCCCC(=O)OC(COC(=O)CCCCCCCCCCCCCC=CCCCCCCCC)COC(=O)CCCCC=CCCCCCCCCCCC,[M+NH4]+,TG 18:1_18:2_24:1,"TG 18:1(6)_18:2(6,9)_24:1(15)",0.249,0.647565,0.001968917,0.001968917,Some,Some,9150.9006,11939.09091,10802.48307,15373.49128,,,,
P1847,2.61,370.29495,370.29519,0.648131562,C21H36O4,CCCCCC=CCC=CCC=CCCCCC(=O)OCC(O)CO,[M+NH4]+,MG 18:3,"MG 18:3(6,9,12)",0.3544,0.557392,0.002145261,0.002145261,Some,Some,0,0,0,11622.9761,,,,
P28917,23.882,984.8948,984.89537,0.578741679,C63H114O6,CCCCCCCCC=CCC=CCCCCC(=O)OC(COC(=O)CCCCCCCCCCCCCC=CCCCCCCCC)COC(=O)CCCCCCCC=CCCCCCCCC,[M+NH4]+,TG 18:1_18:2_24:1,"TG 18:1(9)_18:2(6,9)_24:1(15)",0.06,0.46176,0.003937835,0.003937835,Some,Some,20245.6571,23186.06061,29230.24831,27841.59589,,,,
P20632,20.773,766.69203,766.69192,0.143473535,C47H88O6,CCCCCCCCCCCCCC(=O)OC(COC(=O)CCCCCCCC=CCCCCCCCC)COC(=O)CCCCCCCCCCC,[M+NH4]+,TG 12:0_14:0_18:1,TG 12:0_14:0_18:1(9),0.355,0.852755,0.004297818,0.004297818,All,All,0,0,0,13700,,,,
P28225,23.546,930.84854,930.84842,0.128914652,C59H108O6,CCCCCCCCCCCC=CCCCCC(=O)OC(COC(=O)CCCCCCCCCCCC=CCCCCCC)COC(=O)CCCCCCCCCC=CCCCCCC,[M+NH4]+,TG 18:1_18:1_20:1,TG 18:1(11)_18:1(6)_20:1(13),0.245,0.68353,0.004684184,0.004684184,All,Some,67769.3475,56506.10978,52112.93653,55396.81068,,,,
N648,2.762,538.31525,538.31504,0.390106136,C24H48NO7P,CCCCCCCCC=CCCCCCC(=O)OCC(O)COP(=O)([O-])OCC[N+](C)(C)C,[M+HCOO]-,LPC 16:1,LPC 16:1(7),0.654,0.893285,0.004862078,0.004862078,All,Some,,,,,0,50500,0,0
N2141,3.783,566.34664,566.34634,0.529711201,C26H52NO7P,CCCCCCCCC=CCCCCCCCC(=O)OCC(O)COP(=O)([O-])OCC[N+](C)(C)C,[M+HCOO]-,LPC 18:1,LPC 18:1(9),0.888,0.886905,0.004903918,0.004903918,All,Some,,,,,0,0,0,18800
P20048,20.293,790.69181,790.69192,0.139118659,C49H88O6,CCCCCCCCCC=CCCCCC(=O)OC(COC(=O)CCCCCCCC=CCC=CCCCCC)COC(=O)CCCCCCCCCCC,[M+NH4]+,TG 12:0_16:1_18:2,"TG 12:0_16:1(6)_18:2(9,12)",0.2584,0.28414,0.00561248,0.00561248,All,Some,112042.9356,64902.83901,131699.8007,117579.5171,,,,
P20406,20.601,752.6762,752.71265,48.42485376,C47H90O5,CCCCCCCCCCCCCCCC(=O)OC(COC(=O)CCCCCCCCCC=CCCCCCC)COCCCCCCCCCC,[M+NH4]+,TG O-10:0_16:0_18:1,TG O-10:0_16:0_18:1(11),0.976,0.87317,0.007562356,0.007562356,All,Some,108000,83500,133000,137000,,,,
P20048,20.293,790.69181,790.69192,0.139118659,C49H88O6,CCCCCCCCC=CCCCCCC(=O)OC(COC(=O)CCCCCCCC=CCC=CCCCCC)COC(=O)CCCCCCCCCCC,[M+NH4]+,TG 12:0_16:1_18:2,"TG 12:0_16:1(7)_18:2(9,12)",0.291,0.4849425,0.008210686,0.008210686,Some,Some,105319.5822,66580.16991,109159.5544,85616.15321,,,,
P28225,23.546,930.84854,930.84842,0.128914652,C59H108O6,CCCCCCCCCCCC=CCCCCC(=O)OC(COC(=O)CCCCCCCCCCCC=CCCCCCC)COC(=O)CCCCC=CCCCCCCCCCCC,[M+NH4]+,TG 18:1_18:1_20:1,TG 18:1(6)_18:1(6)_20:1(13),0.36,0.838745,0.009368368,0.009368368,Some,Some,69139.09965,57848.75326,53591.10851,57441.12739,,,,
P1847,2.61,370.29495,370.29519,0.648131562,C21H36O4,CCC=CCC=CCC=CCCCCCCCC(=O)OCC(O)CO,[M+NH4]+,MG 18:3,"MG 18:3(9,12,15)",0.1596,0.537982,0.00975539,0.00975539,All,Some,0,0,0,377.0239013,,,,
P25101,22.39,879.74063,879.74121,0.659284791,C55H100O6,CCCCCCC=CCCCCCCCCCC(=O)OC(COC(=O)CCCCC=CCC=CCCCCCCCC)COC(=O)CCCCCCCCCCCCCCC,[M+Na]+,TG 16:0_18:1_18:2,"TG 16:0_18:1(11)_18:2(6,9)",0.4305,0.49286,0.011240864,0.011240864,All,Some,610734.0201,1122070.684,735367.1743,653452.7532,,,,
N691,2.815,457.15919,457.23606,168.1188487,C23H39O7P,CCCCCC=CCC=CCC=CCC=CCCCC(=O)OCC(O)COP(=O)(O)O,[M-H]-,LPA 20:4,"LPA 20:4(5,8,11,14)",0.560666667,0.444458333,0.011283987,0.011283987,Some,Some,,,,,,0,100000,0
P25101,22.39,879.74063,879.74121,0.659284791,C55H100O6,CCCCCCCCCCCC=CCCCCC(=O)OC(COC(=O)CCCCC=CCC=CCCCCCCCC)COC(=O)CCCCCCCCCCCCCCC,[M+Na]+,TG 16:0_18:1_18:2,"TG 16:0_18:1(6)_18:2(6,9)",0.6085,0.526005,0.01183839,0.01183839,Some,Some,287222.0138,476286.8009,244538.0711,466710.4775,,,,
P25101,22.39,879.74063,879.74121,0.659284791,C55H100O6,CCCCCCCCC=CCCCCCCCC(=O)OC(COC(=O)CCCCC=CCC=CCCCCCCCC)COC(=O)CCCCCCCCCCCCCCC,[M+Na]+,TG 16:0_18:1_18:2,"TG 16:0_18:1(9)_18:2(6,9)",0.324,0.54598,0.013336869,0.013336869,Some,Some,1818925.234,1309534.457,1855509.306,1584259.897,,,,
P22763,21.665,794.72273,794.72322,0.61656686,C49H92O6,CCCCCCCCCCCCCCCC(=O)OC(COC(=O)CCCCCCCC=CCCCCCC)COC(=O)CCCCCCCCCCCCC,[M+NH4]+,TG 14:0_16:0_16:1,TG 14:0_16:0_16:1(9),0.296,0.982185,0.014292222,0.014292222,All,Some,8750000,8240000,,9220000,,,,
P20048,20.293,790.69181,790.69192,0.139118659,C49H88O6,CCCCCCC=CCCCCCCCC(=O)OC(COC(=O)CCCCC=CCC=CCCCCCCCC)COC(=O)CCCCCCCCCCC,[M+NH4]+,TG 12:0_16:1_18:2,"TG 12:0_16:1(9)_18:2(6,9)",0.2744,0.70823,0.014783907,0.014783907,All,Some,54797.27337,85307.07603,61220.42214,68112.40633,,,,
P20048,20.293,790.69181,790.69192,0.139118659,C49H88O6,CCCCCCC=CCCCCCCCC(=O)OC(COC(=O)CCCCCCCC=CCC=CCCCCC)COC(=O)CCCCCCCCCCC,[M+NH4]+,TG 12:0_16:1_18:2,"TG 12:0_16:1(9)_18:2(9,12)",0.243,0.486956667,0.016200264,0.016200264,All,Some,58411.56161,38736.47704,81863.34134,37671.10741,,,,
P1088,1.674,342.264,342.26389,0.32138944,C19H36NO4,CCC=CCCCCCCCC(=O)OC(CC(=O)[O-])C[N+](C)(C)C,[M]+,CAR 12:1,CAR 12:1(9),0.503,0.49763,0.020177937,0.020177937,All,Some,58401.13612,52186.98579,63355.49989,55308.41924,,,,
P24782,22.31,836.76894,836.80655,44.94467688,C53H102O5,CCCCCCCCCCCCCCCC(=O)OC(COC(=O)CCCCCCCC=CCCCCCCCC)COCCCCCCCCCCCCCCCC,[M+NH4]+,TG O-16:0_16:0_18:1,TG O-16:0_16:0_18:1(9),0.511,0.446015,0.021437671,0.021437671,All,Some,88032.43893,76296.41491,63264.36202,80893.11668,,,,
P20505,20.675,870.74659,870.75452,9.107044314,C55H96O6,CCCCCC=CCC=CCCCCCCCC(=O)OC(COC(=O)CCCCC=CCC=CCC=CCCCCC)COC(=O)CCCCCCCCCCCCCCC,[M+NH4]+,TG 16:0_18:2_18:3,"TG 16:0_18:2(9,12)_18:3(6,9,12)",0.6595,0.2364825,0.024051735,0.024051735,Some,Some,49911.47603,42718.39124,50186.91235,43055.02842,,,,
P14808,15.969,752.55864,752.55887,0.305623931,C43H78NO7P,CCCCCC=CCC=CCC=CCC=CCCCC(=O)OC(COCCCCCC=CCCCCCCCCCCC)COP(=O)(O)OCCN,[M+H]+,PE O-18:1_20:4,"PE O-18:1(6)_20:4(5,8,11,14)",0.496571429,0.653677143,0.028832713,0.028832713,Some,Some,14477.7802,19575.62303,15771.35671,18566.55197,,,,
P14808,15.969,752.55864,752.55887,0.305623931,C43H78NO7P,CCCCCC=CCC=CCC=CCC=CCCCC(=O)OC(COCCCCCCCCC=CCCCCCCCC)COP(=O)(O)OCCN,[M+H]+,PE O-18:1_20:4,"PE O-18:1(9)_20:4(5,8,11,14)",0.427714286,0.654057143,0.028832713,0.028832713,Some,Some,170151.5669,227525.2011,193827.7744,210024.9863,,,,
P20505,20.675,870.74659,870.75452,9.107044314,C55H96O6,CCCCCC=CCC=CCCCCCCCC(=O)OC(COC(=O)CCCCCCCC=CCC=CCC=CCC)COC(=O)CCCCCCCCCCCCCCC,[M+NH4]+,TG 16:0_18:2_18:3,"TG 16:0_18:2(9,12)_18:3(9,12,15)",0.672,0.33552,0.029533316,0.029533316,Some,Some,49591.03885,44134.98822,49778.00215,43338.74948,,,,
N706,2.826,588.33043,588.33069,0.441928331,C28H50NO7P,CCCCCC=CCC=CCC=CCC=CCCCC(=O)OCC(O)COP(=O)([O-])OCC[N+](C)(C)C,[M+HCOO]-,LPC 20:4,"LPC 20:4(5,8,11,14)",0.864857143,0.874104286,0.033283676,0.033283676,Some,Some,,,,,0,7646.688398,6132.640165,2114.987029
P24718,22.298,850.7761,850.78582,11.42473202,C53H100O6,CCCCCCCCCCCCCCCCCC(=O)OC(COC(=O)CCCCCCCC=CCCCCCCCC)COC(=O)CCCCCCCCCCCCC,[M+NH4]+,TG 14:0_18:0_18:1,TG 14:0_18:0_18:1(9),0.501,0.487225,0.033876756,0.033876756,All,Some,4331957.547,3821002.46,5185662.073,5212618.842,,,,
P24182,22.086,792.67001,792.70757,47.38191159,C49H90O6,CCCCCCCCCCCC=CCCCCC(=O)OC(COC(=O)CCCCCCCC=CCCCCCCCC)COC(=O)CCCCCCCCC,[M+NH4]+,TG 10:0_18:1_18:1,TG 10:0_18:1(6)_18:1(9),0.2415,0.498735,0.037689699,0.037689699,All,Some,278107.608,0,225776.6687,471811.3119,,,,
P14808,15.969,752.55864,752.55887,0.305623931,C43H78NO7P,CCCCCC=CCC=CCC=CCC=CCCCC(=O)OC(COCCCCCCCCCCC=CCCCCCC)COP(=O)(O)OCCN,[M+H]+,PE O-18:1_20:4,"PE O-18:1(11)_20:4(5,8,11,14)",0.3786,0.73892,0.042155586,0.042155586,All,Some,346093.7032,344646.1072,398133.1276,417667.1229,,,,
P22110,21.39,901.7253,901.72556,0.288336065,C57H98O6,CCCCCCCCC=CCC=CCCCCC(=O)OC(COC(=O)CCCCC=CCC=CCCCCCCCC)COC(=O)CCCCC=CCC=CCCCCCCCC,[M+Na]+,TG 18:2_18:2_18:2,"TG 18:2(6,9)_18:2(6,9)_18:2(6,9)",0.1725,0.35567,0.043550991,0.043550991,All,All,25239.0074,26182.29121,21731.7329,25235.86572,,,,
P23160,21.772,860.76838,860.80655,44.34213471,C55H102O5,CCCCCCCCC=CCCCCCC(=O)OC(COC(=O)CCCCC=CCCCCCCCCCCC)COCCCCCC=CCCCCCCCCCCC,[M+NH4]+,TG O-18:1_16:1_18:1,TG O-18:1(6)_16:1(7)_18:1(6),0.7835,0.89007,0.049255414,0.049255414,All,All,137936.3941,117463.0021,121602.2326,136540.4161,,,,
P23160,21.772,860.76838,860.80655,44.34213471,C55H102O5,CCCCCCCCC=CCCCCCC(=O)OC(COC(=O)CCCCCCCC=CCCCCCCCC)COCCCCCC=CCCCCCCCCCCC,[M+NH4]+,TG O-18:1_16:1_18:1,TG O-18:1(6)_16:1(7)_18:1(9),0.7835,0.89007,0.049255414,0.049255414,All,All,137936.3941,117463.0021,121602.2326,136540.4161,,,,
P24782,22.31,836.76894,836.80655,44.94467688,C53H102O5,CCCCCCCCCCCCCCCC(=O)OC(COC(=O)CCCCC=CCCCCCCCCCCC)COCCCCCCCCCCCCCCCC,[M+NH4]+,TG O-16:0_16:0_18:1,TG O-16:0_16:0_18:1(6),0.426,0.45246,0.053649953,0.053649953,All,Some,93426.11133,81971.35486,104643.7884,98351.02474,,,,
P23160,21.772,860.76838,860.80655,44.34213471,C55H102O5,CCCCCCCCC=CCCCCCC(=O)OC(COC(=O)CCCCCCCCCC=CCCCCCC)COCCCCCCCCCCC=CCCCCCC,[M+NH4]+,TG O-18:1_16:1_18:1,TG O-18:1(11)_16:1(7)_18:1(11),0.774666667,0.640633333,0.053941282,0.053941282,All,All,234990.4352,252938.6892,330670.6066,390359.5743,,,,
P23160,21.772,860.76838,860.80655,44.34213471,C55H102O5,CCCCCCCCC=CCCCCCC(=O)OC(COC(=O)CCCCCCCC=CCCCCCCCC)COCCCCCCCCCCC=CCCCCCC,[M+NH4]+,TG O-18:1_16:1_18:1,TG O-18:1(11)_16:1(7)_18:1(9),0.774666667,0.640633333,0.053941282,0.053941282,All,All,92068.38833,70190.27484,59647.04917,53124.94007,,,,
P23160,21.772,860.76838,860.80655,44.34213471,C55H102O5,CCCCCCC=CCCCCCCCC(=O)OC(COC(=O)CCCCCCCCCC=CCCCCCC)COCCCCCCCCC=CCCCCCCCC,[M+NH4]+,TG O-18:1_16:1_18:1,TG O-18:1(9)_16:1(9)_18:1(11),0.774666667,0.640633333,0.053941282,0.053941282,All,All,92068.38833,133699.7886,153308.7089,133744.3667,,,,
P23160,21.772,860.76838,860.80655,44.34213471,C55H102O5,CCCCCCC=CCCCCCCCC(=O)OC(COC(=O)CCCCCCCC=CCCCCCCCC)COCCCCCCCCC=CCCCCCCCC,[M+NH4]+,TG O-18:1_16:1_18:1,TG O-18:1(9)_16:1(9)_18:1(9),0.774666667,0.640633333,0.053941282,0.053941282,All,All,92068.38833,70190.27484,59647.04917,53124.94007,,,,
P27599,23.399,892.83207,892.86915,41.52904152,C57H110O5,CCCCCCCCCCCCCCCCCC(=O)OC(COC(=O)CCCCCCCC=CCCCCCCCC)COCCCCCCCCCCCCCCCCCC,[M+NH4]+,TG O-18:0_18:0_18:1,TG O-18:0_18:0_18:1(9),0.405,0.92677,0.054489203,0.054489203,All,All,205838.5841,219355.1665,245706.466,217182.266,,,,
P23185,21.776,822.74515,822.75452,11.38857311,C51H96O6,CCCCCCCCCCCCCCCC(=O)OC(COC(=O)CCCCCCCCCC=CCCCCCC)COC(=O)CCCCCCCCCCCCC,[M+NH4]+,TG 14:0_16:0_18:1,TG 14:0_16:0_18:1(11),0.447,0.50974,0.054725735,0.054725735,All,Some,3550000,0,,3610000,,,,
P21263,21.069,820.73024,820.73887,10.51491566,C51H94O6,CCCCCCCCC=CCCCCCC(=O)OC(COC(=O)CCCCCCCCCC=CCCCCCC)COC(=O)CCCCCCCCCCCCC,[M+NH4]+,TG 14:0_16:1_18:1,TG 14:0_16:1(7)_18:1(11),0.243,0.5122375,0.055341117,0.055341117,All,Some,0,0,0,103812.2783,,,,
P21263,21.069,820.73024,820.73887,10.51491566,C51H94O6,CCCCCCC=CCCCCCCCC(=O)OC(COC(=O)CCCCC=CCCCCCCCCCCC)COC(=O)CCCCCCCCCCCCC,[M+NH4]+,TG 14:0_16:1_18:1,TG 14:0_16:1(9)_18:1(6),0.369,0.522765,0.055341117,0.055341117,All,Some,0,0,0,145518.0472,,,,
P21263,21.069,820.73024,820.73887,10.51491566,C51H94O6,CCCCCCC=CCCCCCCCC(=O)OC(COC(=O)CCCCCCCC=CCCCCCCCC)COC(=O)CCCCCCCCCCCCC,[M+NH4]+,TG 14:0_16:1_18:1,TG 14:0_16:1(9)_18:1(9),0.243,0.5122375,0.055341117,0.055341117,All,Some,0,0,0,119076.662,,,,
P2125,2.889,566.32145,566.32171,0.459103007,C28H50NO7P,CCC=CCC=CCC=CCC=CCCCCCCC(=O)OCC(O)COP(=O)([O-])OCC[N+](C)(C)C,[M+Na]+,LPC 20:4,"LPC 20:4(8,11,14,17)",0.529,0.633545,0.057094318,0.057094318,All,Some,76200,67500,83600,79100,,,,
P20055,20.297,764.67607,764.67627,0.26154859,C47H86O6,CCCCCCCCCCCCCCCC(=O)OC(COC(=O)CCCCC=CCC=CCCCCCCCC)COC(=O)CCCCCCCCC,[M+NH4]+,TG 10:0_16:0_18:2,"TG 10:0_16:0_18:2(6,9)",0.648,0.624046667,0.057167442,0.057167442,Some,Some,549260.4738,559304.8226,399200,592044.9264,,,,
P22110,21.39,901.7253,901.72556,0.288336065,C57H98O6,CCCCCC=CCC=CCCCCCCCC(=O)OC(COC(=O)CCCCCCCC=CCC=CCCCCC)COC(=O)CCCCC=CCC=CCCCCCCCC,[M+Na]+,TG 18:2_18:2_18:2,"TG 18:2(6,9)_18:2(9,12)_18:2(9,12)",0.2508,0.326536,0.058683077,0.058683077,Some,Some,335724.9673,250212.4526,258692.4601,267867.4912,,,,
P21530,21.193,762.62413,762.66062,47.84565906,C47H84O6,CCCCCCC=CCCCCCCCC(=O)OC(COC(=O)CCCCC=CCC=CCCCCCCCC)COC(=O)CCCCCCCCC,[M+NH4]+,TG 10:0_16:1_18:2,"TG 10:0_16:1(9)_18:2(6,9)",0.3388,0.712446,0.061675697,0.061675697,All,Some,0,484724.622,0,533015.5707,,,,
P21388,21.143,780.70685,780.74395,47.51878,C49H94O5,CCCCCCCCCCCCCCCC(=O)OC(COC(=O)CCCCCCCCCC=CCCCCCC)COCCCCCCCCCCCC,[M+NH4]+,TG O-12:0_16:0_18:1,TG O-12:0_16:0_18:1(11),0.411,0.553105,0.062182003,0.062182003,All,Some,0,0,42400,0,,,,
P27522,23.376,909.78762,909.78816,0.593544765,C57H106O6,CCCCCCCCC=CCCCCCCCC(=O)OC(COC(=O)CCCCCCCC=CCCCCCCCC)COC(=O)CCCCCCCCCCCCCCCCC,[M+Na]+,TG 18:0_18:1_18:1,TG 18:0_18:1(9)_18:1(9),0.265,0.505145,0.064121324,0.064121324,All,All,89982.3052,17620.83385,31773.72817,324637.6742,,,,
P2444,3.111,478.29346,478.29282,1.338092426,C23H44NO7P,CCCCCC=CCC=CCCCCCCCC(=O)OCC(O)COP(=O)(O)OCCN,[M+H]+,LPE 18:2,"LPE 18:2(9,12)",0.403,0.655555,0.069452265,0.069452265,All,Some,95500,0,28100,0,,,,
P22110,21.39,901.7253,901.72556,0.288336065,C57H98O6,CCCCCC=CCC=CCCCCCCCC(=O)OC(COC(=O)CCCCCCCC=CCC=CCCCCC)COC(=O)CCCCCCCC=CCC=CCCCCC,[M+Na]+,TG 18:2_18:2_18:2,"TG 18:2(9,12)_18:2(9,12)_18:2(9,12)",0.402,0.20833,0.069615564,0.069615564,All,Some,35550.0653,32575.09481,42615.07983,57001.76678,,,,
P25783,22.625,907.76577,907.77251,7.424767688,C57H104O6,CCCCCCCCC=CCCCCCCCC(=O)OC(COC(=O)CCCCCCCC=CCCCCCCCC)COC(=O)CCCCCCCC=CCCCCCCCC,[M+Na]+,TG 18:1_18:1_18:1,TG 18:1(9)_18:1(9)_18:1(9),0.242,0.15914,0.070947292,0.070947292,All,Some,0,0,0,0,,,,
P14808,15.969,752.55864,752.55887,0.305623931,C43H78NO7P,CCC=CCC=CCC=CCC=CCCCCCCC(=O)OC(COCCCCCC=CCCCCCCCCCCC)COP(=O)(O)OCCN,[M+H]+,PE O-18:1_20:4,"PE O-18:1(6)_20:4(8,11,14,17)",0.307333333,0.623853333,0.071744616,0.071744616,Some,Some,20383.67254,28286.22805,21800.79454,28259.99062,,,,
P16629,17.207,638.57157,638.5718,0.360178762,C39H72O5,CCCCCCCCC=CCCCCCCCC(=O)OC(CO)COC(=O)CCCCCCCCCC=CCCCCCC,[M+NH4]+,DG 18:1_18:1,DG 18:1(11)_18:1(9),0.22,0.514925,0.071836108,0.071836108,All,Some,0,0,0,13069.78531,,,,
P14808,15.969,752.55864,752.55887,0.305623931,C43H78NO7P,CCC=CCC=CCC=CCC=CCCCCCCC(=O)OC(COCCCCCCCCCCC=CCCCCCC)COP(=O)(O)OCCN,[M+H]+,PE O-18:1_20:4,"PE O-18:1(11)_20:4(8,11,14,17)",0.347555556,0.658817778,0.072243841,0.072243841,All,Some,342936.5675,343482.6942,394695.59,416914.7963,,,,
P23160,21.772,860.76838,860.80655,44.34213471,C55H102O5,CCCCCCC=CCCCCCCCC(=O)OC(COC(=O)CCCCCCCC=CCCCCCCCC)COCCCCCCCCCCC=CCCCCCC,[M+NH4]+,TG O-18:1_16:1_18:1,TG O-18:1(11)_16:1(9)_18:1(9),0.902,0.929125,0.072739283,0.072739283,Some,Some,137936.3941,117463.0021,121602.2326,136540.4161,,,,
P23160,21.772,860.76838,860.80655,44.34213471,C55H102O5,CCCCCCCCC=CCCCCCC(=O)OC(COC(=O)CCCCCCCCCC=CCCCCCC)COCCCCCCCCC=CCCCCCCCC,[M+NH4]+,TG O-18:1_16:1_18:1,TG O-18:1(9)_16:1(7)_18:1(11),0.902,0.929125,0.072739283,0.072739283,Some,Some,92068.38833,70190.27484,59647.04917,53124.94007,,,,
P23160,21.772,860.76838,860.80655,44.34213471,C55H102O5,CCCCCCCCC=CCCCCCC(=O)OC(COC(=O)CCCCCCCC=CCCCCCCCC)COCCCCCCCCC=CCCCCCCCC,[M+NH4]+,TG O-18:1_16:1_18:1,TG O-18:1(9)_16:1(7)_18:1(9),0.902,0.929125,0.072739283,0.072739283,All,All,234990.4352,252938.6892,330670.6066,390359.5743,,,,
P23160,21.772,860.76838,860.80655,44.34213471,C55H102O5,CCCCCCCCC=CCCCCCC(=O)OC(COC(=O)CCCCC=CCCCCCCCCCCC)COCCCCCCCCC=CCCCCCCCC,[M+NH4]+,TG O-18:1_16:1_18:1,TG O-18:1(9)_16:1(7)_18:1(6),0.809,0.91176,0.074418185,0.074418185,Some,Some,137936.3941,117463.0021,121602.2326,136540.4161,,,,
P24182,22.086,792.67001,792.70757,47.38191159,C49H90O6,CCCCCCCCC=CCCCCCCCC(=O)OC(COC(=O)CCCCCCCC=CCCCCCCCC)COC(=O)CCCCCCCCC,[M+NH4]+,TG 10:0_18:1_18:1,TG 10:0_18:1(9)_18:1(9),0.273,0.146275,0.075379398,0.075379398,All,Some,305549.8103,0,258485.34,564661.8371,,,,
P23421,21.862,790.65502,790.69192,46.66798669,C49H88O6,CCCCCCCCCCCC=CCCCCC(=O)OC(COC(=O)CCCCC=CCC=CCCCCCCCC)COC(=O)CCCCCCCCC,[M+NH4]+,TG 10:0_18:1_18:2,"TG 10:0_18:1(6)_18:2(6,9)",0.2985,0.7249525,0.077707565,0.077707565,Some,Some,1297468.354,1943211.934,1128192.464,1061746.935,,,,
P25783,22.625,907.76577,907.77251,7.424767688,C57H104O6,CCCCCCCCC=CCCCCCCCC(=O)OC(COC(=O)CCCCCCCC=CCCCCCCCC)COC(=O)CCCCCCCCCC=CCCCCCC,[M+Na]+,TG 18:1_18:1_18:1,TG 18:1(11)_18:1(9)_18:1(9),0.2895,0.129645,0.079860905,0.079860905,All,Some,504.048583,0,0,0,,,,
P20505,20.675,870.74659,870.75452,9.107044314,C55H96O6,CCCCCCCCC=CCC=CCCCCC(=O)OC(COC(=O)CCCCCCCC=CCC=CCC=CCC)COC(=O)CCCCCCCCCCCCCCC,[M+NH4]+,TG 16:0_18:2_18:3,"TG 16:0_18:2(6,9)_18:3(9,12,15)",0.712,0.52986,0.082120076,0.082120076,Some,Some,9820.722656,7783.015282,7622.767716,8709.096183,,,,
P11831,14.432,724.52695,724.52757,0.855730031,C41H74NO7P,CCC=CCC=CCC=CCC=CCCCCCCC(=O)OC(COCCCCCCCCC=CCCCCCC)COP(=O)(O)OCCN,[M+H]+,PE O-16:1_20:4,"PE O-16:1(9)_20:4(8,11,14,17)",0.3314,0.49825,0.083652967,0.083652967,All,Some,220218.3208,158767.474,241005.4348,298824.105,,,,
P20505,20.675,870.74659,870.75452,9.107044314,C55H96O6,CCCCCCCCC=CCC=CCCCCC(=O)OC(COC(=O)CCCCC=CCC=CCC=CCCCCC)COC(=O)CCCCCCCCCCCCCCC,[M+NH4]+,TG 16:0_18:2_18:3,"TG 16:0_18:2(6,9)_18:3(6,9,12)",0.6224,0.361234,0.085162872,0.085162872,Some,Some,56676.76246,50363.60526,54412.31779,49897.12592,,,,
P14808,15.969,752.55864,752.55887,0.305623931,C43H78NO7P,CCC=CCC=CCC=CCC=CCCCCCCC(=O)OC(COCCCCCCCCC=CCCCCCCCC)COP(=O)(O)OCCN,[M+H]+,PE O-18:1_20:4,"PE O-18:1(9)_20:4(8,11,14,17)",0.2796,0.597508,0.086093539,0.086093539,Some,Some,14956.70967,24484.14641,15771.35671,18566.55197,,,,
P20692,20.789,786.62644,786.66062,43.44948651,C49H84O6,CCCCCCCCC=CCC=CCCCCC(=O)OC(COC(=O)CCCCC=CCC=CCC=CCCCCC)COC(=O)CCCCCCCCC,[M+NH4]+,TG 10:0_18:2_18:3,"TG 10:0_18:2(6,9)_18:3(6,9,12)",0.494,0.78382,0.086215098,0.086215098,Some,Some,128417.4981,100238.3671,122739.3946,122354.3526,,,,
P22110,21.39,901.7253,901.72556,0.288336065,C57H98O6,CCCCCCCCC=CCC=CCCCCC(=O)OC(COC(=O)CCCCCCCC=CCC=CCCCCC)COC(=O)CCCCC=CCC=CCCCCCCCC,[M+Na]+,TG 18:2_18:2_18:2,"TG 18:2(6,9)_18:2(6,9)_18:2(9,12)",0.380666667,0.21942,0.087784876,0.087784876,Some,Some,310485.9599,224030.1614,236960.7272,265894.8763,,,,
P11199,14.054,748.52675,748.52757,1.095484031,C43H74NO7P,CCC=CCC=CCC=CCC=CCC=CCC=CCCC(=O)OC(COCCCCCC=CCCCCCCCCC)COP(=O)(O)OCCN,[M+H]+,PE O-16:1_22:6,"PE O-16:1(6)_22:6(4,7,10,13,16,19)",0.483636364,0.690523636,0.088175445,0.088175445,Some,Some,77517.80822,76387.87336,31506.44137,64349.22414,,,,
P25783,22.625,907.76577,907.77251,7.424767688,C57H104O6,CCCCCCC=CCCCCCCCCCC(=O)OC(COC(=O)CCCCCCCCCC=CCCCCCC)COC(=O)CCCCCCCCCC=CCCCCCC,[M+Na]+,TG 18:1_18:1_18:1,TG 18:1(11)_18:1(11)_18:1(11),0.337,0.10015,0.088774518,0.088774518,All,All,504.048583,0,0,0,,,,
P15085,16.22,728.55772,728.55887,1.578458581,C41H78NO7P,CCCCCC=CCC=CCCCCCCCC(=O)OC(COCCCCCC=CCCCCCCCCCCC)COP(=O)(O)OCCN,[M+H]+,PE O-18:1_18:2,"PE O-18:1(6)_18:2(9,12)",0.307,0.71758,0.090185799,0.090185799,All,Some,44860.76169,38303.9521,29267.33847,6950.113834,,,,
P26334,22.856,881.75627,881.75686,0.669118696,C55H102O6,CCCCCCC=CCCCCCCCCCC(=O)OC(COC(=O)CCCCCCCCCC=CCCCCCC)COC(=O)CCCCCCCCCCCCCCC,[M+Na]+,TG 16:0_18:1_18:1,TG 16:0_18:1(11)_18:1(11),0.337,0.505625,0.090876116,0.090876116,All,All,660282.2017,459262.6438,1066796.638,2153600.729,,,,
P21800,21.286,858.75412,858.7909,42.82765455,C55H100O5,CCCCCCC=CCCCCCCCC(=O)OC(COC(=O)CCCCC=CCC=CCCCCCCCC)COCCCCCCCCCCC=CCCCCCC,[M+NH4]+,TG O-18:1_16:1_18:2,"TG O-18:1(11)_16:1(9)_18:2(6,9)",0.11,0.522195,0.090933237,0.090933237,Some,Some,34861.19412,0,34198.19201,23769.76023,,,,
P23172,21.775,848.76048,848.77017,11.41651809,C53H98O6,CCCCCCCCC=CCCCCCC(=O)OC(COC(=O)CCCCCCCC=CCCCCCCCC)COC(=O)CCCCCCCCCCCCCCC,[M+NH4]+,TG 16:0_16:1_18:1,TG 16:0_16:1(7)_18:1(9),0.063,0.532405,0.092918782,0.092918782,All,Some,849295.1922,653270.7815,761716.2151,666250,,,,
P11831,14.432,724.52695,724.52757,0.855730031,C41H74NO7P,CCC=CCC=CCC=CCC=CCCCCCCC(=O)OC(COCCCCCC=CCCCCCCCCC)COP(=O)(O)OCCN,[M+H]+,PE O-16:1_20:4,"PE O-16:1(6)_20:4(8,11,14,17)",0.331777778,0.449737778,0.092947741,0.092947741,Some,Some,149037.6709,179981.2659,132644.9275,145319.3258,,,,
P16629,17.207,638.57157,638.5718,0.360178762,C39H72O5,CCCCCCCCCCCC=CCCCCC(=O)OC(CO)COC(=O)CCCCCCCCCC=CCCCCCC,[M+NH4]+,DG 18:1_18:1,DG 18:1(11)_18:1(6),0.324666667,0.34,0.095781477,0.095781477,Some,Some,0,0,0,10315.10735,,,,
P21225,21.063,818.72287,818.72322,0.427494899,C51H92O6,CCCCCCCCCC=CCCCCC(=O)OC(COC(=O)CCCCCCCC=CCC=CCCCCC)COC(=O)CCCCCCCCCCCCC,[M+NH4]+,TG 14:0_16:1_18:2,"TG 14:0_16:1(6)_18:2(9,12)",0.3208,0.268384,0.096459551,0.096459551,All,Some,68867.12095,1123272.422,1209338.887,1207588.368,,,,
P11199,14.054,748.52675,748.52757,1.095484031,C43H74NO7P,CCC=CCC=CCC=CCC=CCC=CCC=CCCC(=O)OC(COCCCCCCCCC=CCCCCCC)COP(=O)(O)OCCN,[M+H]+,PE O-16:1_22:6,"PE O-16:1(9)_22:6(4,7,10,13,16,19)",0.4478,0.747706,0.096992989,0.096992989,Some,Some,53622.48112,58901.49271,23110.51796,48957.63806,,,,
P21530,21.193,762.62413,762.66062,47.84565906,C47H84O6,CCCCCCCCCC=CCCCCC(=O)OC(COC(=O)CCCCCCCC=CCC=CCCCCC)COC(=O)CCCCCCCCC,[M+NH4]+,TG 10:0_16:1_18:2,"TG 10:0_16:1(6)_18:2(9,12)",0.3035,0.6854975,0.101373887,0.101373887,All,Some,0,292699.784,0,298050.002,,,,
P21530,21.193,762.62413,762.66062,47.84565906,C47H84O6,CCCCCCCCC=CCCCCCC(=O)OC(COC(=O)CCCCCCCC=CCC=CCCCCC)COC(=O)CCCCCCCCC,[M+NH4]+,TG 10:0_16:1_18:2,"TG 10:0_16:1(7)_18:2(9,12)",0.315,0.6883225,0.101373887,0.101373887,Some,Some,0,292996.7603,0,282856.4008,,,,
P29578,24.107,984.89408,984.89537,1.3097838,C63H114O6,CCCCCC=CCC=CCCCCCCCC(=O)OC(COC(=O)CCCCCCCCCCCCCC=CCCCCCCCC)COC(=O)CCCCC=CCCCCCCCCCCC,[M+NH4]+,TG 18:1_18:2_24:1,"TG 18:1(6)_18:2(9,12)_24:1(15)",0.3292,0.53477,0.103545741,0.103545741,Some,Some,0,0,0,1529.121885,,,,
P24670,22.289,738.6238,738.66062,49.84697844,C45H84O6,CCCCCCCCCCCCCCCC(=O)OC(COC(=O)CCCCCC=CCCCCCCCC)COC(=O)CCCCCCCCC,[M+NH4]+,TG 10:0_16:0_16:1,TG 10:0_16:0_16:1(7),0.195,0.469975,0.104134869,0.104134869,All,Some,14900000,12300000,14700000,14800000,,,,
P11831,14.432,724.52695,724.52757,0.855730031,C41H74NO7P,CCC=CCC=CCC=CCC=CCCCCCCC(=O)OC(COCCCCCCC=CCCCCCCCC)COP(=O)(O)OCCN,[M+H]+,PE O-16:1_20:4,"PE O-16:1(7)_20:4(8,11,14,17)",0.40725,0.71892,0.104566209,0.104566209,Some,Some,168744.0083,199251.2601,186349.6377,204856.5692,,,,
P27480,23.347,930.84775,930.84842,0.719773473,C59H108O6,CCCCCCCCC=CCCCCCCCC(=O)OC(COC(=O)CCCCCCCCCC=CCCCCCCCC)COC(=O)CCCCC=CCCCCCCCCCCC,[M+NH4]+,TG 18:1_18:1_20:1,TG 18:1(6)_18:1(9)_20:1(11),0.4095,0.708265,0.104803985,0.104803985,All,Some,90543.73874,185533.1606,214288.7117,85983.717,,,,
P21263,21.069,820.73024,820.73887,10.51491566,C51H94O6,CCCCCCCCCC=CCCCCC(=O)OC(COC(=O)CCCCC=CCCCCCCCCCCC)COC(=O)CCCCCCCCCCCCC,[M+NH4]+,TG 14:0_16:1_18:1,TG 14:0_16:1(6)_18:1(6),0.4215,0.72841,0.105298452,0.105298452,All,Some,0,0,0,111842.3569,,,,
P21263,21.069,820.73024,820.73887,10.51491566,C51H94O6,CCCCCCCCCC=CCCCCC(=O)OC(COC(=O)CCCCCCCC=CCCCCCCCC)COC(=O)CCCCCCCCCCCCC,[M+NH4]+,TG 14:0_16:1_18:1,TG 14:0_16:1(6)_18:1(9),0.2955,0.7178825,0.105298452,0.105298452,All,Some,0,0,0,119076.662,,,,
P27369,23.23,860.80671,860.80655,0.185872192,C55H102O5,CCCCCCCCCCCCCCCC(=O)OC(COC(=O)CCCCCCCC=CCC=CCCCCC)COCCCCCC=CCCCCCCCCCCC,[M+NH4]+,TG O-18:1_16:0_18:2,"TG O-18:1(6)_16:0_18:2(9,12)",0.373333333,0.759375,0.107305487,0.107305487,All,Some,44679.93687,38226.43286,42788.27793,45560.39173,,,,
P25025,22.381,822.68154,822.75452,88.70203472,C51H96O6,CCCCCCCCCCCCCCCC(=O)OC(COC(=O)CCCCC=CCCCCCCCCCCC)COC(=O)CCCCCCCCCCCCC,[M+NH4]+,TG 14:0_16:0_18:1,TG 14:0_16:0_18:1(6),0.156,0.802485,0.107526209,0.107526209,All,Some,0,999811.1228,895647.2154,959988.0976,,,,
P27480,23.347,930.84775,930.84842,0.719773473,C59H108O6,CCCCCCCCC=CCCCCCCCC(=O)OC(COC(=O)CCCCCCCCCCCC=CCCCCCC)COC(=O)CCCCC=CCCCCCCCCCCC,[M+NH4]+,TG 18:1_18:1_20:1,TG 18:1(6)_18:1(9)_20:1(13),0.3324,0.567486,0.108039645,0.108039645,All,Some,379269.3836,185533.1606,219091.4813,450693.1743,,,,
P27480,23.347,930.84775,930.84842,0.719773473,C59H108O6,CCCCCCCCCCCC=CCCCCC(=O)OC(COC(=O)CCCCCCCCCC=CCCCCCCCC)COC(=O)CCCCCCCCCC=CCCCCCC,[M+NH4]+,TG 18:1_18:1_20:1,TG 18:1(11)_18:1(6)_20:1(11),0.3324,0.567486,0.108039645,0.108039645,All,Some,18911.03404,35633.938,45383.96979,50415.10191,,,,
P15085,16.22,728.55772,728.55887,1.578458581,C41H78NO7P,CCCCCC=CCC=CCCCCCCCC(=O)OC(COCCCCCCCCCCC=CCCCCCC)COP(=O)(O)OCCN,[M+H]+,PE O-18:1_18:2,"PE O-18:1(11)_18:2(9,12)",0.242,0.889334,0.108222959,0.108222959,Some,Some,52275.52702,50304.5509,59875.51867,7334.806482,,,,
P21263,21.069,820.73024,820.73887,10.51491566,C51H94O6,CCCCCCC=CCCCCCCCC(=O)OC(COC(=O)CCCCCCCCCC=CCCCCCC)COC(=O)CCCCCCCCCCCCC,[M+NH4]+,TG 14:0_16:1_18:1,TG 14:0_16:1(9)_18:1(11),0.368,0.509975,0.110682233,0.110682233,All,Some,0,0,0,138283.7421,,,,
P20437,20.644,842.72305,842.72322,0.201726968,C53H92O6,CCCCCCCCC=CCC=CCCCCC(=O)OC(COC(=O)CCCCCCCC=CCC=CCC=CCC)COC(=O)CCCCCCCCCCCCC,[M+NH4]+,TG 14:0_18:2_18:3,"TG 14:0_18:2(6,9)_18:3(9,12,15)",0.528571429,0.523361429,0.112001156,0.112001156,Some,Some,193543.0651,477267.6388,484975.7222,524095.7913,,,,
P25101,22.39,879.74063,879.74121,0.659284791,C55H100O6,CCCCCCCCCCCC=CCCCCC(=O)OC(COC(=O)CCCCCCCC=CCC=CCCCCC)COC(=O)CCCCCCCCCCCCCCC,[M+Na]+,TG 16:0_18:1_18:2,"TG 16:0_18:1(6)_18:2(9,12)",0.46,0.304794,0.114231194,0.114231194,All,Some,524877.2085,1140037.375,513617.5973,985987.5987,,,,
N595,2.716,500.27814,500.27826,0.239866509,C25H44NO7P,CCC=CCC=CCC=CCC=CCCCCCCC(=O)OCC(O)COP(=O)(O)OCCN,[M-H]-,LPE 20:4,"LPE 20:4(8,11,14,17)",0.635142857,0.550042857,0.116197948,0.116197948,All,Some,,,,,172317.4716,293427.7326,214152.9709,104325.5883
P19201,19.447,762.66052,762.66062,0.131119921,C47H84O6,CCCCCCCCCCCC=CCCCCC(=O)OC(COC(=O)CCCCC=CCC=CCCCCCCCC)COC(=O)CCCCCCC,[M+NH4]+,TG 8:0_18:1_18:2,"TG 8:0_18:1(6)_18:2(6,9)",0.222666667,0.59326,0.11682528,0.11682528,Some,Some,17749.19614,17777.67266,0,19570.4833,,,,
P25783,22.625,907.76577,907.77251,7.424767688,C57H104O6,CCCCCCC=CCCCCCCCCCC(=O)OC(COC(=O)CCCCCCCC=CCCCCCCCC)COC(=O)CCCCCCCCCC=CCCCCCC,[M+Na]+,TG 18:1_18:1_18:1,TG 18:1(11)_18:1(11)_18:1(9),0.158,0.11128,0.118144187,0.118144187,Some,Some,504.048583,0,0,0,,,,
P14148,15.582,776.55567,776.55887,4.120743608,C45H78NO7P,CCC=CCC=CCC=CCC=CCC=CCC=CCCC(=O)OC(COCCCCCC=CCCCCCCCCCCC)COP(=O)(O)OCCN,[M+H]+,PE O-18:1_22:6,"PE O-18:1(6)_22:6(4,7,10,13,16,19)",0.411454545,0.77595,0.11941781,0.11941781,Some,Some,0,0,0,57472.80483,,,,
P14148,15.582,776.55567,776.55887,4.120743608,C45H78NO7P,CCC=CCC=CCC=CCC=CCC=CCC=CCCC(=O)OC(COCCCCCCCCC=CCCCCCCCC)COP(=O)(O)OCCN,[M+H]+,PE O-18:1_22:6,"PE O-18:1(9)_22:6(4,7,10,13,16,19)",0.325090909,0.760367273,0.11941781,0.11941781,Some,Some,0,0,0,33093.139,,,,
P24182,22.086,792.67001,792.70757,47.38191159,C49H90O6,CCCCCCC=CCCCCCCCCCC(=O)OC(COC(=O)CCCCC=CCCCCCCCCCCC)COC(=O)CCCCCCCCC,[M+NH4]+,TG 10:0_18:1_18:1,TG 10:0_18:1(11)_18:1(6),0.3395,0.6798575,0.120037453,0.120037453,All,Some,351705.1984,0,287527.5525,634766.3165,,,,
P27480,23.347,930.84775,930.84842,0.719773473,C59H108O6,CCCCCCC=CCCCCCCCCCC(=O)OC(COC(=O)CCCCCCCCCCCC=CCCCCCC)COC(=O)CCCCCCCCCC=CCCCCCC,[M+NH4]+,TG 18:1_18:1_20:1,TG 18:1(11)_18:1(11)_20:1(13),0.024,0.00437,0.120982284,0.120982284,All,Some,307636.6789,35633.938,50186.7394,381969.154,,,,
P22331,21.442,818.65101,818.72322,88.19830467,C51H92O6,CCCCCCCCCCCCCCCC(=O)OC(COC(=O)CCCCCCCC=CCC=CCC=CCC)COC(=O)CCCCCCCCCCCCC,[M+NH4]+,TG 14:0_16:0_18:3,"TG 14:0_16:0_18:3(9,12,15)",0.242,0.45992,0.124513509,0.124513509,All,Some,203711.6646,170721.5718,243173.3333,184557.2767,,,,
P24782,22.31,836.76894,836.80655,44.94467688,C53H102O5,CCCCCCCCCCCCCCCC(=O)OC(COC(=O)CCCCCCCCCC=CCCCCCC)COCCCCCCCCCCCCCCCC,[M+NH4]+,TG O-16:0_16:0_18:1,TG O-16:0_16:0_18:1(11),0.528,0.48874,0.124869973,0.124869973,All,All,299541.4497,284732.2302,322091.8496,409755.8586,,,,
P14148,15.582,776.55567,776.55887,4.120743608,C45H78NO7P,CCC=CCC=CCC=CCC=CCC=CCC=CCCC(=O)OC(COCCCCCCCCCCC=CCCCCCC)COP(=O)(O)OCCN,[M+H]+,PE O-18:1_22:6,"PE O-18:1(11)_22:6(4,7,10,13,16,19)",0.312615385,0.8456,0.129160713,0.129160713,Some,Some,0,0,0,36434.05617,,,,
P20692,20.789,786.62644,786.66062,43.44948651,C49H84O6,CCCCCC=CCC=CCCCCCCCC(=O)OC(COC(=O)CCCCC=CCC=CCC=CCCCCC)COC(=O)CCCCCCCCC,[M+NH4]+,TG 10:0_18:2_18:3,"TG 10:0_18:2(9,12)_18:3(6,9,12)",0.459,0.832965,0.129322647,0.129322647,Some,Some,11548.73369,38307.16529,43309.39755,24626.22779,,,,
P20193,20.423,892.73872,892.73887,0.168022257,C57H94O6,CCC=CCC=CCC=CCCCCCCCC(=O)OC(COC(=O)CCCCCCCC=CCC=CCC=CCC)COC(=O)CCCCCCCC=CCC=CCCCCC,[M+NH4]+,TG 18:2_18:3_18:3,"TG 18:2(9,12)_18:3(9,12,15)_18:3(9,12,15)",0.5224,0.589172,0.131196447,0.131196447,Some,Some,67364.8134,99572.65072,109337.7958,74451.88729,,,,
P27369,23.23,860.80671,860.80655,0.185872192,C55H102O5,CCCCCCCCCCCCCCCC(=O)OC(COC(=O)CCCCCCCC=CCC=CCCCCC)COCCCCCCCCCCC=CCCCCCC,[M+NH4]+,TG O-18:1_16:0_18:2,"TG O-18:1(11)_16:0_18:2(9,12)",0.264,0.468565,0.132056827,0.132056827,All,Some,1436.711975,1337.939789,1634.589819,1088.121646,,,,
P25783,22.625,907.76577,907.77251,7.424767688,C57H104O6,CCCCCCCCCCCC=CCCCCC(=O)OC(COC(=O)CCCCCCCC=CCCCCCCCC)COC(=O)CCCCCCCCCC=CCCCCCC,[M+Na]+,TG 18:1_18:1_18:1,TG 18:1(11)_18:1(6)_18:1(9),0.335666667,0.154666667,0.132981519,0.132981519,All,Some,10972.46964,0,0,0,,,,
P26198,22.829,904.82334,904.83277,10.42181529,C57H106O6,CCCCCCCCCCCC=CCCCCC(=O)OC(COC(=O)CCCCCCCC=CCCCCCCCC)COC(=O)CCCCCCCCCCCCCCCCC,[M+NH4]+,TG 18:0_18:1_18:1,TG 18:0_18:1(6)_18:1(9),0.062,0.4940525,0.133886075,0.133886075,All,Some,0,0,0,1697124.055,,,,
P25073,22.387,888.80041,888.83785,42.12241862,C57H106O5,CCCCCCCCC=CCCCCCCCC(=O)OC(COC(=O)CCCCCCCC=CCC=CCCCCC)COCCCCCCCCCCCCCCCCCC,[M+NH4]+,TG O-18:0_18:1_18:2,"TG O-18:0_18:1(9)_18:2(9,12)",0.528,0.5065525,0.134203824,0.134203824,Some,Some,405946.0668,0,288119.3694,476909.191,,,,
P11199,14.054,748.52675,748.52757,1.095484031,C43H74NO7P,CCC=CCC=CCC=CCC=CCC=CCC=CCCC(=O)OC(COCCCCCCC=CCCCCCCCC)COP(=O)(O)OCCN,[M+H]+,PE O-16:1_22:6,"PE O-16:1(7)_22:6(4,7,10,13,16,19)",0.4652,0.742966,0.134688387,0.134688387,Some,Some,56859.71066,57710.63393,24183.04068,46693.1378,,,,
P27660,23.411,688.5876,688.60271,21.94298654,C47H74O2,CCC=CCC=CCC=CCC=CCC=CCCCC(=O)OC1CCC2(C)C(=CCC3C2CCC2(C)C(C(C)CCCC(C)C)CCC32)C1,[M+NH4]+,CE 20:5,"CE 20:5(5,8,11,14,17)",0.2265,0.42597125,0.13544348,0.13544348,Some,Some,1660000,1160000,1330000,1410000,,,,
P20437,20.644,842.72305,842.72322,0.201726968,C53H92O6,CCCCCCCCC=CCC=CCCCCC(=O)OC(COC(=O)CCCCC=CCC=CCC=CCCCCC)COC(=O)CCCCCCCCCCCCC,[M+NH4]+,TG 14:0_18:2_18:3,"TG 14:0_18:2(6,9)_18:3(6,9,12)",0.7116,0.776896,0.135760418,0.135760418,Some,Some,219846.9875,16430.85679,10337.61986,12575.47052,,,,
P20193,20.423,892.73872,892.73887,0.168022257,C57H94O6,CCC=CCC=CCC=CCCCCCCCC(=O)OC(COC(=O)CCCCCCCC=CCC=CCC=CCC)COC(=O)CCCCC=CCC=CCCCCCCCC,[M+NH4]+,TG 18:2_18:3_18:3,"TG 18:2(6,9)_18:3(9,12,15)_18:3(9,12,15)",0.6116,0.431454,0.136336073,0.136336073,Some,Some,18699.54303,33943.26073,32611.1457,52799.76233,,,,
P26308,22.853,876.80078,876.80147,0.786951235,C55H102O6,CCCCCCC=CCCCCCCCCCC(=O)OC(COC(=O)CCCCC=CCCCCCCCCCCC)COC(=O)CCCCCCCCCCCCCCC,[M+NH4]+,TG 16:0_18:1_18:1,TG 16:0_18:1(11)_18:1(6),0.0515,0.25812,0.138061561,0.138061561,All,Some,51633813.26,22527020.45,50607630.27,52267370.27,,,,
P26486,22.91,864.80121,864.83785,42.36632335,C55H106O5,CCCCCCCCCCCCCCCC(=O)OC(COC(=O)CCCCC=CCCCCCCCCCCC)COCCCCCCCCCCCCCCCCCC,[M+NH4]+,TG O-18:0_16:0_18:1,TG O-18:0_16:0_18:1(6),0.464,0.519515,0.139688762,0.139688762,All,Some,0,63449.0877,0,125189.1321,,,,
P3952,4.375,480.30849,480.34485,75.69561743,C24H50NO6P,CCCCCCC=CCCCCCCCCOCC(O)COP(=O)([O-])OCC[N+](C)(C)C,[M+H]+,LPC O-16:1,LPC O-16:1(9),0.454,0.842995,0.140478225,0.140478225,All,Some,0,7592.821305,0,0,,,,
P25101,22.39,879.74063,879.74121,0.659284791,C55H100O6,CCCCCCC=CCCCCCCCCCC(=O)OC(COC(=O)CCCCCCCC=CCC=CCCCCC)COC(=O)CCCCCCCCCCCCCCC,[M+Na]+,TG 16:0_18:1_18:2,"TG 16:0_18:1(11)_18:2(9,12)",0.392,0.108035,0.142191467,0.142191467,All,Some,1592157.037,645783.883,1586429.78,1144268.377,,,,
P21530,21.193,762.62413,762.66062,47.84565906,C47H84O6,CCCCCCC=CCCCCCCCC(=O)OC(COC(=O)CCCCCCCC=CCC=CCCCCC)COC(=O)CCCCCCCCC,[M+NH4]+,TG 10:0_16:1_18:2,"TG 10:0_16:1(9)_18:2(9,12)",0.3432,0.56793,0.142774807,0.142774807,All,Some,0,249578.8337,0,296078.0266,,,,
P19201,19.447,762.66052,762.66062,0.131119921,C47H84O6,CCCCCCC=CCCCCCCCCCC(=O)OC(COC(=O)CCCCC=CCC=CCCCCCCCC)COC(=O)CCCCCCC,[M+NH4]+,TG 8:0_18:1_18:2,"TG 8:0_18:1(11)_18:2(6,9)",0.1615,0.5333325,0.143423721,0.143423721,Some,Some,7588.424437,6876.789656,0,7222.056439,,,,
P16629,17.207,638.57157,638.5718,0.360178762,C39H72O5,CCCCCCC=CCCCCCCCCCC(=O)OC(CO)COC(=O)CCCCCCCCCC=CCCCCCC,[M+NH4]+,DG 18:1_18:1,DG 18:1(11)_18:1(11),0.348,0.49731,0.143672216,0.143672216,All,Some,0,0,0,10315.10735,,,,
P4387,4.953,508.37656,508.37615,0.806489447,C26H54NO6P,CCCCCCCCC=CCCCCCCCCOCC(O)COP(=O)([O-])OCC[N+](C)(C)C,[M+H]+,LPC O-18:1,LPC O-18:1(9),0.351,0.50473,0.14401038,0.14401038,All,Some,428000,389000,,531000,,,,
P15085,16.22,728.55772,728.55887,1.578458581,C41H78NO7P,CCCCCCCCC=CCC=CCCCCC(=O)OC(COCCCCCCCCCCC=CCCCCCC)COP(=O)(O)OCCN,[M+H]+,PE O-18:1_18:2,"PE O-18:1(11)_18:2(6,9)",0.2515,0.8731575,0.147813182,0.147813182,Some,Some,100829.3572,120299.8802,50397.15471,6475.659569,,,,
P15085,16.22,728.55772,728.55887,1.578458581,C41H78NO7P,CCCCCCCCC=CCC=CCCCCC(=O)OC(COCCCCCC=CCCCCCCCCCCC)COP(=O)(O)OCCN,[M+H]+,PE O-18:1_18:2,"PE O-18:1(6)_18:2(6,9)",0.3795,0.6411475,0.147813182,0.147813182,Some,Some,14571.87473,49961.67665,30099.58506,9091.569573,,,,
P25073,22.387,888.80041,888.83785,42.12241862,C57H106O5,CCCCCCCCCCCC=CCCCCC(=O)OC(COC(=O)CCCCCCCC=CCC=CCCCCC)COCCCCCCCCCCCCCCCCCC,[M+NH4]+,TG O-18:0_18:1_18:2,"TG O-18:0_18:1(6)_18:2(9,12)",0.4208,0.420378,0.148255335,0.148255335,All,Some,199389.3171,386179.0668,221052.9279,194793.324,,,,
P12566,14.754,726.54093,726.54322,3.151911596,C41H76NO7P,CCCCCC=CCC=CCCCCCCCC(=O)OC(COCCCCCC=CCC=CCCCCCCCC)COP(=O)(O)OCCN,[M+H]+,PE O-18:2_18:2,"PE O-18:2(6,9)_18:2(9,12)",0.4612,0.764608,0.14903058,0.14903058,Some,Some,130660.9773,53728.20338,140217.3678,51391.49788,,,,
P12566,14.754,726.54093,726.54322,3.151911596,C41H76NO7P,CCCCCCCCC=CCC=CCCCCC(=O)OC(COCCCCCCCCC=CCC=CCCCCC)COP(=O)(O)OCCN,[M+H]+,PE O-18:2_18:2,"PE O-18:2(9,12)_18:2(6,9)",0.3776,0.587122,0.14903058,0.14903058,Some,Some,47978.6065,125812.1481,60574.833,139663.1003,,,,
P25073,22.387,888.80041,888.83785,42.12241862,C57H106O5,CCCCCCCCCCCC=CCCCCC(=O)OC(COC(=O)CCCCC=CCC=CCCCCCCCC)COCCCCCCCCCCCCCCCCCC,[M+NH4]+,TG O-18:0_18:1_18:2,"TG O-18:0_18:1(6)_18:2(6,9)",0.275,0.7065725,0.154558485,0.154558485,Some,Some,672175.3009,359012.7905,510988.1757,649648.9108,,,,
P25783,22.625,907.76577,907.77251,7.424767688,C57H104O6,CCCCCCCCC=CCCCCCCCC(=O)OC(COC(=O)CCCCCCCC=CCCCCCCCC)COC(=O)CCCCC=CCCCCCCCCCCC,[M+Na]+,TG 18:1_18:1_18:1,TG 18:1(6)_18:1(9)_18:1(9),0.335,0.181925,0.155085019,0.155085019,All,Some,11476.51822,0,0,0,,,,
P23421,21.862,790.65502,790.69192,46.66798669,C49H88O6,CCCCCCCCC=CCCCCCCCC(=O)OC(COC(=O)CCCCC=CCC=CCCCCCCCC)COC(=O)CCCCCCCCC,[M+NH4]+,TG 10:0_18:1_18:2,"TG 10:0_18:1(9)_18:2(6,9)",0.377,0.895105,0.15541513,0.15541513,Some,Some,78947.36842,52252.81655,110902.0133,0,,,,
N8960,14.015,671.46599,671.46573,0.387212613,C37H69O8P,CCCCCC=CCC=CCCCCCCCC(=O)OC(COC(=O)CCCCCCCCCCCCCCC)COP(=O)(O)O,[M-H]-,PA 16:0_18:2,"PA 16:0_18:2(9,12)",0.2765,0.48662,0.155425484,0.155425484,All,Some,,,,,374000,1340000,1460000,1050000
P20692,20.789,786.62644,786.66062,43.44948651,C49H84O6,CCCCCCCCC=CCC=CCCCCC(=O)OC(COC(=O)CCCCCCCC=CCC=CCC=CCC)COC(=O)CCCCCCCCC,[M+NH4]+,TG 10:0_18:2_18:3,"TG 10:0_18:2(6,9)_18:3(9,12,15)",0.613428571,0.585937143,0.156313606,0.156313606,Some,Some,136485.0345,93147.30231,115133.1566,108393.1919,,,,
P24182,22.086,792.67001,792.70757,47.38191159,C49H90O6,CCCCCCC=CCCCCCCCCCC(=O)OC(COC(=O)CCCCCCCC=CCCCCCCCC)COC(=O)CCCCCCCCC,[M+NH4]+,TG 10:0_18:1_18:1,TG 10:0_18:1(11)_18:1(9),0.371,0.3273975,0.157727152,0.157727152,All,Some,101039.7928,0,94459.555,255805.5298,,,,
P21423,21.166,858.75399,858.7909,42.97903017,C55H100O5,CCCCCCCCC=CCCCCCC(=O)OC(COC(=O)CCCCC=CCC=CCCCCCCCC)COCCCCCCCCC=CCCCCCCCC,[M+NH4]+,TG O-18:1_16:1_18:2,"TG O-18:1(9)_16:1(7)_18:2(6,9)",0.01,0.75912,0.158322443,0.158322443,Some,Some,44967.00957,37319.8205,56335.97943,67871.89346,,,,
P20437,20.644,842.72305,842.72322,0.201726968,C53H92O6,CCCCCC=CCC=CCCCCCCCC(=O)OC(COC(=O)CCCCCCCC=CCC=CCC=CCC)COC(=O)CCCCCCCCCCCCC,[M+NH4]+,TG 14:0_18:2_18:3,"TG 14:0_18:2(9,12)_18:3(9,12,15)",0.646,0.561948,0.159224862,0.159224862,Some,Some,227842.782,486627.8104,489849.6619,535522.1933,,,,
P19201,19.447,762.66052,762.66062,0.131119921,C47H84O6,CCCCCCCCCCCC=CCCCCC(=O)OC(COC(=O)CCCCCCCC=CCC=CCCCCC)COC(=O)CCCCCCC,[M+NH4]+,TG 8:0_18:1_18:2,"TG 8:0_18:1(6)_18:2(9,12)",0.1372,0.597308,0.159774944,0.159774944,All,Some,20392.28296,16950.80416,0,24161.64775,,,,
P21263,21.069,820.73024,820.73887,10.51491566,C51H94O6,CCCCCCCCCC=CCCCCC(=O)OC(COC(=O)CCCCCCCCCC=CCCCCCC)COC(=O)CCCCCCCCCCCCC,[M+NH4]+,TG 14:0_16:1_18:1,TG 14:0_16:1(6)_18:1(11),0.4205,0.71562,0.160639569,0.160639569,All,Some,0,0,0,200390.2514,,,,
P25695,22.6,950.81636,950.81712,0.79931249,C61H104O6,CCCCCCC=CCCCCCCCCCC(=O)OC(COC(=O)CCC=CCC=CCC=CCC=CCC=CCC=CCC)COC(=O)CCCCCCCCCCCCCCCCC,[M+NH4]+,TG 18:0_18:1_22:6,"TG 18:0_18:1(11)_22:6(4,7,10,13,16,19)",0.437857143,0.448432857,0.16095732,0.16095732,All,Some,42381.47355,0,0,0,,,,
P13976,15.499,744.55362,744.55378,0.214893812,C41H78NO8P,CCCCCCCCCCCC=CCCCCC(=O)OC(COC(=O)CCCCCCCCCC=CCCCCCC)COP(=O)(O)OCCN,[M+H]+,PE 18:1_18:1,PE 18:1(11)_18:1(6),0.2775,0.6387675,0.161954016,0.161954016,All,Some,562203.5414,552323.3043,573333.3333,586521.7756,,,,
P13976,15.499,744.55362,744.55378,0.214893812,C41H78NO8P,CCCCCCCCC=CCCCCCCCC(=O)OC(COC(=O)CCCCCCCCCC=CCCCCCC)COP(=O)(O)OCCN,[M+H]+,PE 18:1_18:1,PE 18:1(11)_18:1(9),0.272,0.493755,0.161954016,0.161954016,All,Some,558898.2293,575353.3915,573333.3333,576739.1122,,,,
P21248,21.067,792.70731,792.70757,0.327989803,C49H90O6,CCCCCCCCCCCCCCCC(=O)OC(COC(=O)CCCCC=CCC=CCCCCCCCC)COC(=O)CCCCCCCCCCC,[M+NH4]+,TG 12:0_16:0_18:2,"TG 12:0_16:0_18:2(6,9)",0.025,0.8519575,0.162859085,0.162859085,All,Some,4340000,4000000,4490000,4560000,,,,
P22766,21.665,799.67873,799.6211,72.07163493,C51H84O5,CCCCCCCCC=CCC=CCC=CCCCC(=O)OC(COC(=O)CCCC=CCC=CCC=CCC=CCC=CCC)COCCCCCCCC,[M+Na]+,TG O-8:0_20:3_20:5,"TG O-8:0_20:3(5,8,11)_20:5(5,8,11,14,17)",0.679777778,0.328888889,0.16349186,0.16349186,Some,Some,112208.7762,118803.9738,124199.315,142394.7133,,,,
P25783,22.625,907.76577,907.77251,7.424767688,C57H104O6,CCCCCCCCCCCC=CCCCCC(=O)OC(COC(=O)CCCCC=CCCCCCCCCCCC)COC(=O)CCCCCCCCCC=CCCCCCC,[M+Na]+,TG 18:1_18:1_18:1,TG 18:1(11)_18:1(6)_18:1(6),0.3825,0.15243,0.163998632,0.163998632,All,All,11476.51822,0,0,0,,,,
P28516,23.651,918.84839,918.8848,39.62411828,C59H112O5,CCCCCCCCCCCCCCCCCC(=O)OC(COC(=O)CCCCC=CCCCCCCCCCCC)COCCCCCCCCCCCCC=CCCCCCC,[M+NH4]+,TG O-20:1_18:0_18:1,TG O-20:1(13)_18:0_18:1(6),0.226,0.108953333,0.164042581,0.164042581,All,Some,49833.30393,30417.99782,30086.31964,68997.53533,,,,
P21423,21.166,858.75399,858.7909,42.97903017,C55H100O5,CCCCCCCCCC=CCCCCC(=O)OC(COC(=O)CCCCCCCC=CCC=CCCCCC)COCCCCCCCCCCC=CCCCCCC,[M+NH4]+,TG O-18:1_16:1_18:2,"TG O-18:1(11)_16:1(6)_18:2(9,12)",0.640666667,0.180611667,0.16651228,0.16651228,All,Some,45611.26101,37319.8205,59111.88491,48711.58506,,,,
P21423,21.166,858.75399,858.7909,42.97903017,C55H100O5,CCCCCCCCCC=CCCCCC(=O)OC(COC(=O)CCCCCCCC=CCC=CCCCCC)COCCCCCC=CCCCCCCCCCCC,[M+NH4]+,TG O-18:1_16:1_18:2,"TG O-18:1(6)_16:1(6)_18:2(9,12)",0.692333333,0.314933333,0.16651228,0.16651228,All,Some,47248.00793,37319.8205,58505.41368,46274.31661,,,,
P21423,21.166,858.75399,858.7909,42.97903017,C55H100O5,CCCCCCC=CCCCCCCCC(=O)OC(COC(=O)CCCCCCCC=CCC=CCCCCC)COCCCCCC=CCCCCCCCCCCC,[M+NH4]+,TG O-18:1_16:1_18:2,"TG O-18:1(6)_16:1(9)_18:2(9,12)",0.662,0.313156667,0.16651228,0.16651228,All,Some,1802.162823,1121.615544,1365.426667,2036.687694,,,,
P21423,21.166,858.75399,858.7909,42.97903017,C55H100O5,CCCCCCCCCC=CCCCCC(=O)OC(COC(=O)CCCCCCCC=CCC=CCCCCC)COCCCCCCCCC=CCCCCCCCC,[M+NH4]+,TG O-18:1_16:1_18:2,"TG O-18:1(9)_16:1(6)_18:2(9,12)",0.592,0.170743333,0.16651228,0.16651228,Some,Some,44801.59366,37319.8205,56984.03727,64189.44628,,,,
P23172,21.775,848.76048,848.77017,11.41651809,C53H98O6,CCCCCCCCC=CCCCCCC(=O)OC(COC(=O)CCCCC=CCCCCCCCCCCC)COC(=O)CCCCCCCCCCCCCCC,[M+NH4]+,TG 16:0_16:1_18:1,TG 16:0_16:1(7)_18:1(6),0.114,0.7150675,0.168115175,0.168115175,All,Some,902103.3234,664654.3646,786322.9844,684450,,,,
P20915,20.914,856.73895,856.77525,42.36817065,C55H98O5,CCCCCC=CCC=CCCCCCCCC(=O)OC(COC(=O)CCCCC=CCC=CCC=CCCCCC)COCCCCCCCCCCCCCCCC,[M+NH4]+,TG O-16:0_18:2_18:3,"TG O-16:0_18:2(9,12)_18:3(6,9,12)",0.352666667,0.30722,0.169910443,0.169910443,Some,Some,0,0,0,55853.34048,,,,
P20437,20.644,842.72305,842.72322,0.201726968,C53H92O6,CCCCCC=CCC=CCCCCCCCC(=O)OC(COC(=O)CCCCC=CCC=CCC=CCCCCC)COC(=O)CCCCCCCCCCCCC,[M+NH4]+,TG 14:0_18:2_18:3,"TG 14:0_18:2(9,12)_18:3(6,9,12)",0.441333333,0.440303333,0.17061081,0.17061081,Some,Some,282767.1654,19673.69402,12836.99611,17806.54483,,,,
P25101,22.39,879.74063,879.74121,0.659284791,C55H100O6,CCCCCCCCC=CCCCCCCCC(=O)OC(COC(=O)CCCCCCCC=CCC=CCCCCC)COC(=O)CCCCCCCCCCCCCCC,[M+Na]+,TG 16:0_18:1_18:2,"TG 16:0_18:1(9)_18:2(9,12)",0.442666667,0.14135,0.172163923,0.172163923,Some,Some,356084.4873,476286.8009,244538.0711,645320.8967,,,,
P29578,24.107,984.89408,984.89537,1.3097838,C63H114O6,CCCCCC=CCC=CCCCCCCCC(=O)OC(COC(=O)CCCCCCCCCCCCCC=CCCCCCCCC)COC(=O)CCCCCCCC=CCCCCCCCC,[M+NH4]+,TG 18:1_18:2_24:1,"TG 18:1(9)_18:2(9,12)_24:1(15)",0.418,0.602083333,0.172576235,0.172576235,Some,Some,0,0,0,2642.136387,,,,
P25073,22.387,888.80041,888.83785,42.12241862,C57H106O5,CCCCCCC=CCCCCCCCCCC(=O)OC(COC(=O)CCCCC=CCC=CCCCCCCCC)COCCCCCCCCCCCCCCCCCC,[M+NH4]+,TG O-18:0_18:1_18:2,"TG O-18:0_18:1(11)_18:2(6,9)",0.284,0.76543,0.173173061,0.173173061,All,Some,436996.9242,613957.8454,320442.0045,331614.8574,,,,
P11094,13.927,716.52198,716.52248,0.697814812,C39H74NO8P,CCCCCCCCC=CCC=CCCCCC(=O)OC(COC(=O)CCCCCCCCCCCCCCC)COP(=O)(O)OCCN,[M+H]+,PE 16:0_18:2,"PE 16:0_18:2(6,9)",0.166,0.70945,0.173303033,0.173303033,All,Some,434242.7198,435235.7461,499310.3448,417312.1791,,,,
P22766,21.665,799.67873,799.6211,72.07163493,C51H84O5,CCC=CCC=CCC=CCCCCCCCCCC(=O)OC(COC(=O)CCCC=CCC=CCC=CCC=CCC=CCC)COCCCCCCCC,[M+Na]+,TG O-8:0_20:3_20:5,"TG O-8:0_20:3(11,14,17)_20:5(5,8,11,14,17)",0.757,0.318551667,0.173623718,0.173623718,Some,Some,141805.7456,129641.4257,115859.3803,138336.122,,,,
P26486,22.91,864.80121,864.83785,42.36632335,C55H106O5,CCCCCCCCCCCCCCCC(=O)OC(COC(=O)CCCCCCCC=CCCCCCCCC)COCCCCCCCCCCCCCCCCCC,[M+NH4]+,TG O-18:0_16:0_18:1,TG O-18:0_16:0_18:1(9),0.467,0.894155,0.1745379,0.1745379,All,Some,0,107533.8434,0,71416.61896,,,,
P20013,20.277,892.73843,892.73887,0.492865288,C57H94O6,CCC=CCC=CCC=CCCCCCCCC(=O)OC(COC(=O)CCCC=CCC=CCC=CCC=CCC=CCC)COC(=O)CCCCCCCCCCCCCCC,[M+NH4]+,TG 16:0_18:3_20:5,"TG 16:0_18:3(9,12,15)_20:5(5,8,11,14,17)",0.414,0.51831,0.174958636,0.174958636,Some,Some,78000,0,0,0,,,,
P23172,21.775,848.76048,848.77017,11.41651809,C53H98O6,CCCCCCCCCC=CCCCCC(=O)OC(COC(=O)CCCCCCCC=CCCCCCCCC)COC(=O)CCCCCCCCCCCCCCC,[M+NH4]+,TG 16:0_16:1_18:1,TG 16:0_16:1(6)_18:1(9),0.316,0.5124475,0.176419839,0.176419839,All,Some,749657.2088,567547.097,640869.6368,479700,,,,
P27599,23.399,892.83207,892.86915,41.52904152,C57H110O5,CCCCCCCCCCCCCCCCCC(=O)OC(COC(=O)CCCCC=CCCCCCCCCCCC)COCCCCCCCCCCCCCCCCCC,[M+NH4]+,TG O-18:0_18:0_18:1,TG O-18:0_18:0_18:1(6),0.673,0.892415,0.17798144,0.17798144,All,All,104515.3982,100855.401,123808.7581,141536.9458,,,,
P21931,21.314,806.72261,806.7596,45.85008967,C51H96O5,CCCCCCCCCCCCCC(=O)OC(COC(=O)CCCCCCCC=CCC=CCCCCC)COCCCCCCCCCCCCCCCC,[M+NH4]+,TG O-16:0_14:0_18:2,"TG O-16:0_14:0_18:2(9,12)",0.357333333,0.899793333,0.178526221,0.178526221,All,Some,125523.3437,0,0,369399.101,,,,
P20693,20.79,896.76188,896.77017,9.244286081,C57H98O6,CCCCCCCCC=CCC=CCCCCC(=O)OC(COC(=O)CCCCC=CCC=CCC=CCCCCC)COC(=O)CCCCCCCCCC=CCCCCCC,[M+NH4]+,TG 18:1_18:2_18:3,"TG 18:1(11)_18:2(6,9)_18:3(6,9,12)",0.565666667,0.346408333,0.178563906,0.178563906,Some,Some,36899.2256,63350.0648,0,37992.0573,,,,
P26198,22.829,904.82334,904.83277,10.42181529,C57H106O6,CCCCCCC=CCCCCCCCCCC(=O)OC(COC(=O)CCCCCCCC=CCCCCCCCC)COC(=O)CCCCCCCCCCCCCCCCC,[M+NH4]+,TG 18:0_18:1_18:1,TG 18:0_18:1(11)_18:1(9),0.251,0.238835,0.179042306,0.179042306,All,Some,0,0,0,268618.566,,,,
P27480,23.347,930.84775,930.84842,0.719773473,C59H108O6,CCCCCCCCC=CCCCCCCCC(=O)OC(COC(=O)CCCCCCCCCC=CCCCCCCCC)COC(=O)CCCCCCCCCC=CCCCCCC,[M+NH4]+,TG 18:1_18:1_20:1,TG 18:1(11)_18:1(9)_20:1(11),0.16,0.62138,0.180066075,0.180066075,All,Some,90543.73874,185533.1606,214288.7117,119139.1222,,,,
P27480,23.347,930.84775,930.84842,0.719773473,C59H108O6,CCCCCCCCC=CCCCCCCCC(=O)OC(COC(=O)CCCCCCCCCCCC=CCCCCCC)COC(=O)CCCCCCCCCC=CCCCCCC,[M+NH4]+,TG 18:1_18:1_20:1,TG 18:1(11)_18:1(9)_20:1(13),0.16,0.62138,0.180066075,0.180066075,All,Some,21105.86011,35633.938,50186.7394,17259.6967,,,,
P26452,22.897,850.7851,850.78582,0.846276446,C53H100O6,CCCCCCCCCCCCCCCC(=O)OC(COC(=O)CCCCCCCC=CCCCCCCCC)COC(=O)CCCCCCCCCCCCCCC,[M+NH4]+,TG 16:0_16:0_18:1,TG 16:0_16:0_18:1(9),0.242,0.482295,0.182704755,0.182704755,All,Some,65000000,61700000,67200000,,,,,
P20509,20.678,868.73884,868.73887,0.034532817,C55H94O6,CCCCCCCCC=CCC=CCCCCC(=O)OC(COC(=O)CCCCCCCC=CCC=CCC=CCC)COC(=O)CCCCCCCC=CCCCCCC,[M+NH4]+,TG 16:1_18:2_18:3,"TG 16:1(9)_18:2(6,9)_18:3(9,12,15)",0.5348,0.420673,0.182971857,0.182971857,Some,Some,0,0,0,182335.6139,,,,
P20013,20.277,892.73843,892.73887,0.492865288,C57H94O6,CCCCCC=CCC=CCC=CCCCCC(=O)OC(COC(=O)CCCC=CCC=CCC=CCC=CCC=CCC)COC(=O)CCCCCCCCCCCCCCC,[M+NH4]+,TG 16:0_18:3_20:5,"TG 16:0_18:3(6,9,12)_20:5(5,8,11,14,17)",0.343428571,0.551837143,0.184048318,0.184048318,Some,Some,78000,0,0,0,,,,
P22766,21.665,799.67873,799.6211,72.07163493,C51H84O5,CCCCCC=CCC=CCC=CCCCCCCC(=O)OC(COC(=O)CCCC=CCC=CCC=CCC=CCC=CCC)COCCCCCCCC,[M+Na]+,TG O-8:0_20:3_20:5,"TG O-8:0_20:3(8,11,14)_20:5(5,8,11,14,17)",0.5778,0.30382,0.185638304,0.185638304,Some,Some,105985.4783,107554.6005,92941.3047,115269.1647,,,,
P12566,14.754,726.54093,726.54322,3.151911596,C41H76NO7P,CCCCCC=CCC=CCCCCCCCC(=O)OC(COCCCCCCCCC=CCC=CCCCCC)COP(=O)(O)OCCN,[M+H]+,PE O-18:2_18:2,"PE O-18:2(9,12)_18:2(9,12)",0.311,0.6726375,0.186288225,0.186288225,All,Some,100360.4162,147459.6485,121207.7992,163945.4018,,,,
P26370,22.865,771.61024,771.64731,48.04008194,C47H88O6,CCCCCCCCCCCCCCCC(=O)OC(COC(=O)CCCCC=CCCCCCCCCCCC)COC(=O)CCCCCCCCC,[M+Na]+,TG 10:0_16:0_18:1,TG 10:0_16:0_18:1(6),0.679,0.239465,0.186926842,0.186926842,All,All,2217295.597,2054998.32,2024239.154,2334640.552,,,,
P21423,21.166,858.75399,858.7909,42.97903017,C55H100O5,CCCCCCCCC=CCCCCCC(=O)OC(COC(=O)CCCCCCCC=CCC=CCCCCC)COCCCCCCCCCCC=CCCCCCC,[M+NH4]+,TG O-18:1_16:1_18:2,"TG O-18:1(11)_16:1(7)_18:2(9,12)",0.599333333,0.319008333,0.187081717,0.187081717,Some,Some,46751.76019,37319.8205,60196.60204,46274.31661,,,,
P21423,21.166,858.75399,858.7909,42.97903017,C55H100O5,CCCCCCC=CCCCCCCCC(=O)OC(COC(=O)CCCCCCCC=CCC=CCCCCC)COCCCCCCCCC=CCCCCCCCC,[M+NH4]+,TG O-18:1_16:1_18:2,"TG O-18:1(9)_16:1(9)_18:2(9,12)",0.504333333,0.314628333,0.187081717,0.187081717,Some,Some,44967.00957,37319.8205,58027.16779,46274.31661,,,,
P20693,20.79,896.76188,896.77017,9.244286081,C57H98O6,CCCCCCCCC=CCC=CCCCCC(=O)OC(COC(=O)CCCCC=CCC=CCC=CCCCCC)COC(=O)CCCCCCCC=CCCCCCCCC,[M+NH4]+,TG 18:1_18:2_18:3,"TG 18:1(9)_18:2(6,9)_18:3(6,9,12)",0.4525,0.30221,0.18900672,0.18900672,Some,Some,40959.25445,74954.67746,0,41072.63361,,,,
P23311,21.832,808.73799,808.77525,46.06965903,C51H98O5,CCCCCCCCCCCCCC(=O)OC(COC(=O)CCCCCCCCCCCCCCC)COCCCCCCCCCCC=CCCCCCC,[M+NH4]+,TG O-18:1_14:0_16:0,TG O-18:1(11)_14:0_16:0,0.363,0.48123,0.191001053,0.191001053,All,Some,81781.85525,124013.6268,136387.6528,104154.9296,,,,
P20693,20.79,896.76188,896.77017,9.244286081,C57H98O6,CCCCCC=CCC=CCCCCCCCC(=O)OC(COC(=O)CCCCC=CCC=CCC=CCCCCC)COC(=O)CCCCC=CCCCCCCCCCCC,[M+NH4]+,TG 18:1_18:2_18:3,"TG 18:1(6)_18:2(9,12)_18:3(6,9,12)",0.6075,0.6471275,0.191205055,0.191205055,Some,Some,7129.806758,14160.49721,0,7469.624826,,,,
P21225,21.063,818.72287,818.72322,0.427494899,C51H92O6,CCCCCCC=CCCCCCCCC(=O)OC(COC(=O)CCCCC=CCC=CCCCCCCCC)COC(=O)CCCCCCCCCCCCC,[M+NH4]+,TG 14:0_16:1_18:2,"TG 14:0_16:1(9)_18:2(6,9)",0.4435,0.6722425,0.191281661,0.191281661,All,Some,127021.5786,897260.6873,1036859,1167372.159,,,,
P3258,3.769,478.32962,478.3292,0.878056368,C24H48NO6P,CCCCCCC=CCC=CCCCCCOCC(O)COP(=O)([O-])OCC[N+](C)(C)C,[M+H]+,LPC O-16:2,"LPC O-16:2(6,9)",0.3615,0.883165,0.191929985,0.191929985,All,Some,36900,52100,0,0,,,,
P20509,20.678,868.73884,868.73887,0.034532817,C55H94O6,CCCCCCCCC=CCC=CCCCCC(=O)OC(COC(=O)CCCCCCCC=CCC=CCC=CCC)COC(=O)CCCCCC=CCCCCCCCC,[M+NH4]+,TG 16:1_18:2_18:3,"TG 16:1(7)_18:2(6,9)_18:3(9,12,15)",0.57875,0.40085375,0.19226173,0.19226173,Some,Some,0,0,0,163184.304,,,,
P23879,21.987,680.50942,680.44971,87.75079058,C34H63O10P,CCCCCC=CCC=CCCCCCCCC(=O)OC(COC(=O)CCCCCCCCC)COP(=O)(O)OCC(O)CO,[M+NH4]+,PG 10:0_18:2,"PG 10:0_18:2(9,12)",0.2275,0.8631825,0.195393147,0.195393147,All,Some,0,229000,0,375000,,,,
P22331,21.442,818.65101,818.72322,88.19830467,C51H92O6,CCCCCCCCCCCCCCCC(=O)OC(COC(=O)CCCCC=CCC=CCC=CCCCCC)COC(=O)CCCCCCCCCCCCC,[M+NH4]+,TG 14:0_16:0_18:3,"TG 14:0_16:0_18:3(6,9,12)",0.1584,0.630266,0.195450308,0.195450308,All,Some,36288.33542,27278.4282,31826.66667,18442.72326,,,,
P19201,19.447,762.66052,762.66062,0.131119921,C47H84O6,CCCCCCCCC=CCCCCCCCC(=O)OC(COC(=O)CCCCCCCC=CCC=CCCCCC)COC(=O)CCCCCCC,[M+NH4]+,TG 8:0_18:1_18:2,"TG 8:0_18:1(9)_18:2(9,12)",0.1145,0.555,0.19971868,0.19971868,Some,Some,8237.942122,9212.693157,0,8808.329549,,,,
P21423,21.166,858.75399,858.7909,42.97903017,C55H100O5,CCCCCCCCC=CCCCCCC(=O)OC(COC(=O)CCCCCCCC=CCC=CCCCCC)COCCCCCC=CCCCCCCCCCCC,[M+NH4]+,TG O-18:1_16:1_18:2,"TG O-18:1(6)_16:1(7)_18:2(9,12)",0.5756,0.358272,0.199814736,0.199814736,Some,Some,44801.59366,37319.8205,56984.03727,45029.13788,,,,
P21449,21.17,844.73848,844.73887,0.461681135,C53H94O6,CCCCCCCCC=CCC=CCCCCC(=O)OC(COC(=O)CCCCCCCC=CCC=CCCCCC)COC(=O)CCCCCCCCCCCCC,[M+NH4]+,TG 14:0_18:2_18:2,"TG 14:0_18:2(6,9)_18:2(9,12)",0.377666667,0.513845,0.20073616,0.20073616,Some,Some,3094949.036,2747600.238,6050000,6374291.756,,,,
P20509,20.678,868.73884,868.73887,0.034532817,C55H94O6,CCCCCCCCC=CCC=CCCCCC(=O)OC(COC(=O)CCCCC=CCC=CCC=CCCCCC)COC(=O)CCCCC=CCCCCCCCCC,[M+NH4]+,TG 16:1_18:2_18:3,"TG 16:1(6)_18:2(6,9)_18:3(6,9,12)",0.5252,0.57194,0.200858542,0.200858542,Some,Some,0,0,0,49020.56493,,,,
P23198,21.778,820.73825,820.73887,0.755416884,C51H94O6,CCCCCCCCCCCCCCCC(=O)OC(COC(=O)CCCCC=CCC=CCCCCCCCC)COC(=O)CCCCCCCCCCCCC,[M+NH4]+,TG 14:0_16:0_18:2,"TG 14:0_16:0_18:2(6,9)",0.084,0.341076667,0.201438252,0.201438252,All,Some,24200000,22600000,24500000,25900000,,,,
P20193,20.423,892.73872,892.73887,0.168022257,C57H94O6,CCCCCC=CCC=CCC=CCCCCC(=O)OC(COC(=O)CCCCC=CCC=CCC=CCCCCC)COC(=O)CCCCC=CCC=CCCCCCCCC,[M+NH4]+,TG 18:2_18:3_18:3,"TG 18:2(6,9)_18:3(6,9,12)_18:3(6,9,12)",0.212,0.702275,0.20238741,0.20238741,Some,Some,0,600.9934221,0,24401.60115,,,,
P20509,20.678,868.73884,868.73887,0.034532817,C55H94O6,CCCCCCCCC=CCC=CCCCCC(=O)OC(COC(=O)CCCCC=CCC=CCC=CCCCCC)COC(=O)CCCCCCCC=CCCCCCC,[M+NH4]+,TG 16:1_18:2_18:3,"TG 16:1(9)_18:2(6,9)_18:3(6,9,12)",0.461,0.724115,0.202973484,0.202973484,Some,Some,0,0,0,3062.643018,,,,
P26143,22.816,890.81597,890.8535,42.12813891,C57H108O5,CCCCCCCCCCCC=CCCCCC(=O)OC(COC(=O)CCCCC=CCCCCCCCCCCC)COCCCCCCCCCCCCCCCCCC,[M+NH4]+,TG O-18:0_18:1_18:1,TG O-18:0_18:1(6)_18:1(6),0.574,0.903365,0.203120989,0.203120989,All,Some,0,205593.3485,0,0,,,,
P25073,22.387,888.80041,888.83785,42.12241862,C57H106O5,CCCCCCC=CCCCCCCCCCC(=O)OC(COC(=O)CCCCCCCC=CCC=CCCCCC)COCCCCCCCCCCCCCCCCCC,[M+NH4]+,TG O-18:0_18:1_18:2,"TG O-18:0_18:1(11)_18:2(9,12)",0.476,0.52732,0.203418683,0.203418683,All,Some,555548.184,236137.6329,438231.982,598163.4745,,,,
P20509,20.678,868.73884,868.73887,0.034532817,C55H94O6,CCCCCC=CCC=CCCCCCCCC(=O)OC(COC(=O)CCCCCCCC=CCC=CCC=CCC)COC(=O)CCCCCCCC=CCCCCCC,[M+NH4]+,TG 16:1_18:2_18:3,"TG 16:1(9)_18:2(9,12)_18:3(9,12,15)",0.455666667,0.2404,0.203524736,0.203524736,Some,Some,0,0,0,167466.2602,,,,
P24080,22.05,912.801,912.83785,40.3686153,C59H106O5,CCCCCC=CCC=CCCCCCCCC(=O)OC(COC(=O)CCCCCCCC=CCC=CCCCCC)COCCCCCCCCCCCCC=CCCCCCC,[M+NH4]+,TG O-20:1_18:2_18:2,"TG O-20:1(13)_18:2(9,12)_18:2(9,12)",0.624,0.238894,0.204515319,0.204515319,All,Some,42041.91255,31018.28161,61252.38696,0,,,,
P23214,21.78,834.75383,834.7909,44.40632978,C53H100O5,CCCCCCCCCCCCCCCC(=O)OC(COC(=O)CCCCCCCC=CCC=CCCCCC)COCCCCCCCCCCCCCCCC,[M+NH4]+,TG O-16:0_16:0_18:2,"TG O-16:0_16:0_18:2(9,12)",0.6745,0.27738,0.208135209,0.208135209,All,Some,219719.1633,0,167391.1237,148788.1464,,,,
P29578,24.107,984.89408,984.89537,1.3097838,C63H114O6,CCCCCC=CCC=CCCCCCCCC(=O)OC(COC(=O)CCCCCCCCCCCCCC=CCCCCCCCC)COC(=O)CCCCCCCCCC=CCCCCCC,[M+NH4]+,TG 18:1_18:2_24:1,"TG 18:1(11)_18:2(9,12)_24:1(15)",0.4488,0.548288,0.208158397,0.208158397,Some,Some,0,0,0,9414.0658,,,,
P23214,21.78,834.75383,834.7909,44.40632978,C53H100O5,CCCCCCCCCCCCCCCC(=O)OC(COC(=O)CCCCC=CCC=CCCCCCCCC)COCCCCCCCCCCCCCCCC,[M+NH4]+,TG O-16:0_16:0_18:2,"TG O-16:0_16:0_18:2(6,9)",0.32,0.54239,0.20825723,0.20825723,All,Some,235280.8367,0,279608.8763,268211.8536,,,,
P25695,22.6,950.81636,950.81712,0.79931249,C61H104O6,CCCCCCCCC=CCCCCCCCC(=O)OC(COC(=O)CCC=CCC=CCC=CCC=CCC=CCC=CCC)COC(=O)CCCCCCCCCCCCCCCCC,[M+NH4]+,TG 18:0_18:1_22:6,"TG 18:0_18:1(9)_22:6(4,7,10,13,16,19)",0.416166667,0.495460833,0.208847596,0.208847596,Some,Some,96163.1815,0,0,0,,,,
P20193,20.423,892.73872,892.73887,0.168022257,C57H94O6,CCCCCC=CCC=CCC=CCCCCC(=O)OC(COC(=O)CCCCCCCC=CCC=CCC=CCC)COC(=O)CCCCC=CCC=CCCCCCCCC,[M+NH4]+,TG 18:2_18:3_18:3,"TG 18:2(6,9)_18:3(6,9,12)_18:3(9,12,15)",0.476857143,0.664534286,0.209361696,0.209361696,Some,Some,67364.8134,99572.65072,109337.7958,98853.48844,,,,
P20193,20.423,892.73872,892.73887,0.168022257,C57H94O6,CCCCCC=CCC=CCC=CCCCCC(=O)OC(COC(=O)CCCCCCCC=CCC=CCC=CCC)COC(=O)CCCCCCCC=CCC=CCCCCC,[M+NH4]+,TG 18:2_18:3_18:3,"TG 18:2(9,12)_18:3(6,9,12)_18:3(9,12,15)",0.485428571,0.663907143,0.209361696,0.209361696,Some,Some,26597.48667,43712.05305,42074.40847,36499.29637,,,,
P27480,23.347,930.84775,930.84842,0.719773473,C59H108O6,CCCCCCCCCCCC=CCCCCC(=O)OC(COC(=O)CCCCCCCCCC=CCCCCCCCC)COC(=O)CCCCC=CCCCCCCCCCCC,[M+NH4]+,TG 18:1_18:1_20:1,TG 18:1(6)_18:1(6)_20:1(11),0.594,0.54707,0.209607971,0.209607971,Some,Some,379269.3836,185533.1606,219091.4813,450693.1743,,,,
P27480,23.347,930.84775,930.84842,0.719773473,C59H108O6,CCCCCCCCC=CCCCCCCCC(=O)OC(COC(=O)CCCCCCCCCC=CCCCCCCCC)COC(=O)CCCCCCCC=CCCCCCCCC,[M+NH4]+,TG 18:1_18:1_20:1,TG 18:1(9)_18:1(9)_20:1(11),0.228,0.929885,0.209607971,0.209607971,All,Some,90543.73874,185533.1606,214288.7117,119139.1222,,,,
P11094,13.927,716.52198,716.52248,0.697814812,C39H74NO8P,CCCCCC=CCC=CCCCCCCCC(=O)OC(COC(=O)CCCCCCCCCCCCCCC)COP(=O)(O)OCCN,[M+H]+,PE 16:0_18:2,"PE 16:0_18:2(9,12)",0.2475,0.084815,0.211562266,0.211562266,All,Some,217757.2802,179764.2539,224689.6552,243687.8209,,,,
P21931,21.314,806.72261,806.7596,45.85008967,C51H96O5,CCCCCCCCCCCCCC(=O)OC(COC(=O)CCCCC=CCC=CCCCCCCCC)COCCCCCCCCCCCCCCCC,[M+NH4]+,TG O-16:0_14:0_18:2,"TG O-16:0_14:0_18:2(6,9)",0.504,0.923505,0.212966911,0.212966911,All,Some,197476.6563,0,0,303600.899,,,,
P20915,20.914,856.73895,856.77525,42.36817065,C55H98O5,CCCCCCCCC=CCC=CCCCCC(=O)OC(COC(=O)CCCCC=CCC=CCC=CCCCCC)COCCCCCCCCCCCCCCCC,[M+NH4]+,TG O-16:0_18:2_18:3,"TG O-16:0_18:2(6,9)_18:3(6,9,12)",0.3904,0.531656,0.213140993,0.213140993,Some,Some,0,0,0,6258.770936,,,,
P20509,20.678,868.73884,868.73887,0.034532817,C55H94O6,CCCCCC=CCC=CCCCCCCCC(=O)OC(COC(=O)CCCCC=CCC=CCC=CCCCCC)COC(=O)CCCCCCCC=CCCCCCC,[M+NH4]+,TG 16:1_18:2_18:3,"TG 16:1(9)_18:2(9,12)_18:3(6,9,12)",0.425,0.511265,0.214608536,0.214608536,Some,Some,0,0,0,0,,,,
P20426,20.636,944.7699,944.77017,0.28578379,C61H98O6,CCC=CCC=CCC=CCC=CCCCCCCC(=O)OC(COC(=O)CCC=CCC=CCC=CCC=CCC=CCC=CCC)COC(=O)CCCCCCCCCCCCCCC,[M+NH4]+,TG 16:0_20:4_22:6,"TG 16:0_20:4(8,11,14,17)_22:6(4,7,10,13,16,19)",0.621428571,0.45262,0.214783265,0.214783265,Some,Some,0,2644.439788,5895.016044,0,,,,
P26143,22.816,890.81597,890.8535,42.12813891,C57H108O5,CCCCCCCCCCCC=CCCCCC(=O)OC(COC(=O)CCCCCCCC=CCCCCCCCC)COCCCCCCCCCCCCCCCCCC,[M+NH4]+,TG O-18:0_18:1_18:1,TG O-18:0_18:1(6)_18:1(9),0.547,0.482995,0.215120529,0.215120529,All,Some,0,366439.9093,0,0,,,,
P25695,22.6,950.81636,950.81712,0.79931249,C61H104O6,CCCCCCCCCCCC=CCCCCC(=O)OC(COC(=O)CCC=CCC=CCC=CCC=CCC=CCC=CCC)COC(=O)CCCCCCCCCCCCCCCCC,[M+NH4]+,TG 18:0_18:1_22:6,"TG 18:0_18:1(6)_22:6(4,7,10,13,16,19)",0.3705,0.498475833,0.217433496,0.217433496,Some,Some,101455.3449,0,0,0,,,,
P25073,22.387,888.80041,888.83785,42.12241862,C57H106O5,CCCCCCCCC=CCCCCCCCC(=O)OC(COC(=O)CCCCC=CCC=CCCCCCCCC)COCCCCCCCCCCCCCCCCCC,[M+NH4]+,TG O-18:0_18:1_18:2,"TG O-18:0_18:1(9)_18:2(6,9)",0.518,0.479185,0.220400057,0.220400057,Some,Some,419944.207,724712.6644,371165.5405,398870.2423,,,,
P24080,22.05,912.801,912.83785,40.3686153,C59H106O5,CCCCCCCCC=CCC=CCCCCC(=O)OC(COC(=O)CCCCCCCC=CCC=CCCCCC)COCCCCCCCCCCCCC=CCCCCCC,[M+NH4]+,TG O-20:1_18:2_18:2,"TG O-20:1(13)_18:2(6,9)_18:2(9,12)",0.55475,0.36936,0.224188906,0.224188906,Some,Some,63507.9279,44638.48085,86824.35597,0,,,,
P20509,20.678,868.73884,868.73887,0.034532817,C55H94O6,CCCCCCCCC=CCC=CCCCCC(=O)OC(COC(=O)CCCCC=CCC=CCC=CCCCCC)COC(=O)CCCCCC=CCCCCCCCC,[M+NH4]+,TG 16:1_18:2_18:3,"TG 16:1(7)_18:2(6,9)_18:3(6,9,12)",0.6705,0.6424825,0.226438423,0.226438423,Some,Some,0,0,0,45796.04308,,,,
P26143,22.816,890.81597,890.8535,42.12813891,C57H108O5,CCCCCCCCC=CCCCCCCCC(=O)OC(COC(=O)CCCCCCCC=CCCCCCCCC)COCCCCCCCCCCCCCCCCCC,[M+NH4]+,TG O-18:0_18:1_18:1,TG O-18:0_18:1(9)_18:1(9),0.52,0.062625,0.227120068,0.227120068,All,Some,0,160846.5608,0,0,,,,
P21056,20.974,882.7549,882.7909,40.77975883,C57H100O5,CCCCCCCCC=CCC=CCCCCC(=O)OC(COC(=O)CCCCCCCC=CCC=CCC=CCC)COCCCCCC=CCCCCCCCCCCC,[M+NH4]+,TG O-18:1_18:2_18:3,"TG O-18:1(6)_18:2(6,9)_18:3(9,12,15)",0.298,0.33435,0.227670801,0.227670801,Some,Some,14090.095,5418.522622,6085.400112,5023.59831,,,,
P21877,21.301,818.65253,818.72322,86.3417554,C51H92O6,CCCCCCC=CCCCCCCCC(=O)OC(COC(=O)CCCCCCCC=CCC=CCCCCC)COC(=O)CCCCCCCCCCCCC,[M+NH4]+,TG 14:0_16:1_18:2,"TG 14:0_16:1(9)_18:2(9,12)",0.106333333,0.632126667,0.227917157,0.227917157,All,Some,0,0,14849.47954,20087.75595,,,,
P26458,22.9,745.59511,745.57415,28.11256265,C47H78O5,CCCCCC=CCC=CCC=CCCCCC(=O)OC(COC(=O)CCCCC=CCC=CCC=CCC=CCC)COCCCCCCCC,[M+Na]+,TG O-8:0_18:3_18:4,"TG O-8:0_18:3(6,9,12)_18:4(6,9,12,15)",0.309428571,0.111217143,0.230070928,0.230070928,Some,Some,300744.0203,269879.6539,282620.3735,357643.0698,,,,
P26114,22.804,738.62413,738.66062,49.40022388,C45H84O6,CCCCCCCCCCCCCCCC(=O)OC(COC(=O)CCCCCCCC=CCCCCCCCC)COC(=O)CCCCCCC,[M+NH4]+,TG 8:0_16:0_18:1,TG 8:0_16:0_18:1(9),0.223,0.8786,0.232816184,0.232816184,All,Some,0,0,21805.77428,0,,,,
P27369,23.23,860.80671,860.80655,0.185872192,C55H102O5,CCCCCCCCCCCCCCCC(=O)OC(COC(=O)CCCCC=CCC=CCCCCCCCC)COCCCCCCCCCCC=CCCCCCC,[M+NH4]+,TG O-18:1_16:0_18:2,"TG O-18:1(11)_16:0_18:2(6,9)",0.416,0.49741,0.233364863,0.233364863,All,Some,44251.76059,38142.99461,42718.10614,45229.21822,,,,
P11504,14.231,750.49192,750.54322,68.35049419,C43H76NO7P,CCCCCC=CCC=CCC=CCC=CCCCC(=O)OC(COCCCCCCCCC=CCC=CCCCCC)COP(=O)(O)OCCN,[M+H]+,PE O-18:2_20:4,"PE O-18:2(9,12)_20:4(5,8,11,14)",0.356,0.81291,0.233516648,0.233516648,Some,Some,125235.4456,108708.8952,99210.03411,88590.16416,,,,
P2178,2.927,448.34176,448.34214,0.847566994,C27H46NO4,CCC=CCC=CCC=CCC=CCCCCCCC(=O)OC(CC(=O)[O-])C[N+](C)(C)C,[M]+,CAR 20:4,"CAR 20:4(8,11,14,17)",0.6085,0.60111875,0.23408741,0.23408741,All,Some,18200,19000,0,25100,,,,
P26458,22.9,745.59511,745.57415,28.11256265,C47H78O5,CCC=CCC=CCC=CCCCCCCCC(=O)OC(COC(=O)CCCCC=CCC=CCC=CCC=CCC)COCCCCCCCC,[M+Na]+,TG O-8:0_18:3_18:4,"TG O-8:0_18:3(9,12,15)_18:4(6,9,12,15)",0.3936,0.23531,0.234300444,0.234300444,Some,Some,352255.9797,377120.3461,376379.6265,409356.9302,,,,
P25721,22.61,952.83236,952.83277,0.430295864,C61H106O6,CCCCCCC=CCCCCCCCCCC(=O)OC(COC(=O)CCCCCC=CCC=CCC=CCC=CCCCCC)COC(=O)CCCCCCCCCC=CCCCCCC,[M+NH4]+,TG 18:1_18:1_22:4,"TG 18:1(11)_18:1(11)_22:4(7,10,13,16)",0.31425,0.51459875,0.234877092,0.234877092,Some,Some,0,0,0,99272.63042,,,,
P26143,22.816,890.81597,890.8535,42.12813891,C57H108O5,CCCCCCC=CCCCCCCCCCC(=O)OC(COC(=O)CCCCC=CCCCCCCCCCCC)COCCCCCCCCCCCCCCCCCC,[M+NH4]+,TG O-18:0_18:1_18:1,TG O-18:0_18:1(11)_18:1(6),0.472,0.92433,0.234934839,0.234934839,All,Some,0,372486.7725,0,0,,,,
P13171,15.053,674.47438,674.47553,1.705028498,C36H68NO8P,CCCCCCCC=CCCCCC(=O)OC(COC(=O)CCCC=CCCCCCCCC)COP(=O)([O-])OCC[N+](C)(C)C,[M+H]+,PC 14:1_14:1,PC 14:1(5)_14:1(6),0.479,0.663985,0.235475761,0.235475761,All,Some,161.946742,1159.188691,745.1924266,0,,,,
P13171,15.053,674.47438,674.47553,1.705028498,C36H68NO8P,CCCCC=CCCCCCCCC(=O)OC(COC(=O)CCCC=CCCCCCCCC)COP(=O)([O-])OCC[N+](C)(C)C,[M+H]+,PC 14:1_14:1,PC 14:1(5)_14:1(9),0.423,0.9016675,0.235475761,0.235475761,All,Some,37238.05326,136840.8113,101070.1209,0,,,,
P20928,20.923,896.76166,896.77017,9.489610922,C57H98O6,CCCCCC=CCC=CCCCCCCCC(=O)OC(COC(=O)CCCCC=CCC=CCC=CCCCCC)COC(=O)CCCCCCCCCC=CCCCCCC,[M+NH4]+,TG 18:1_18:2_18:3,"TG 18:1(11)_18:2(9,12)_18:3(6,9,12)",0.4088,0.402252,0.23581963,0.23581963,Some,Some,38939.40095,0,0,0,,,,
P28516,23.651,918.84839,918.8848,39.62411828,C59H112O5,CCCCCCCCCCCCCCCCCC(=O)OC(COC(=O)CCCCCCCCCC=CCCCCCC)COCCCCCCCCCCC=CCCCCCCCC,[M+NH4]+,TG O-20:1_18:0_18:1,TG O-20:1(11)_18:0_18:1(11),0.345,0.126305,0.238709657,0.238709657,All,Some,39151.69907,24074.80901,23306.30395,57212.45481,,,,
P28516,23.651,918.84839,918.8848,39.62411828,C59H112O5,CCCCCCCCCCCCCCCCCC(=O)OC(COC(=O)CCCCCCCC=CCCCCCCCC)COCCCCCCCCCCCCC=CCCCCCC,[M+NH4]+,TG O-20:1_18:0_18:1,TG O-20:1(13)_18:0_18:1(9),0.345,0.126305,0.238709657,0.238709657,All,Some,117355.7994,54178.78758,84997.38425,88182.55012,,,,
P25783,22.625,907.76577,907.77251,7.424767688,C57H104O6,CCCCCCCCCCCC=CCCCCC(=O)OC(COC(=O)CCCCC=CCCCCCCCCCCC)COC(=O)CCCCC=CCCCCCCCCCCC,[M+Na]+,TG 18:1_18:1_18:1,TG 18:1(6)_18:1(6)_18:1(6),0.428,0.20471,0.239222746,0.239222746,All,All,344.9392713,0,0,0,,,,
P25783,22.625,907.76577,907.77251,7.424767688,C57H104O6,CCCCCCCCCCCC=CCCCCC(=O)OC(COC(=O)CCCCCCCC=CCCCCCCCC)COC(=O)CCCCC=CCCCCCCCCCCC,[M+Na]+,TG 18:1_18:1_18:1,TG 18:1(6)_18:1(6)_18:1(9),0.428,0.20471,0.239222746,0.239222746,Some,Some,344.9392713,0,0,0,,,,
P24080,22.05,912.801,912.83785,40.3686153,C59H106O5,CCCCCCCCC=CCC=CCCCCC(=O)OC(COC(=O)CCCCC=CCC=CCCCCCCCC)COCCCCCCCCCCCCC=CCCCCCC,[M+NH4]+,TG O-20:1_18:2_18:2,"TG O-20:1(13)_18:2(6,9)_18:2(6,9)",0.573666667,0.469028333,0.23997399,0.23997399,All,Some,42348.37192,30438.18439,55155.22729,0,,,,
P26812,23.05,954.84492,954.84842,3.665503264,C61H108O6,CCCCCCC=CCCCCCCCCCC(=O)OC(COC(=O)CCCCCC=CCC=CCC=CCC=CCCCCC)COC(=O)CCCCCCCCCCCCCCCCC,[M+NH4]+,TG 18:0_18:1_22:4,"TG 18:0_18:1(11)_22:4(7,10,13,16)",0.428,0.717756667,0.239983816,0.239983816,Some,Some,0,35437.67787,0,13151.28612,,,,
P24182,22.086,792.67001,792.70757,47.38191159,C49H90O6,CCCCCCC=CCCCCCCCCCC(=O)OC(COC(=O)CCCCCCCCCC=CCCCCCC)COC(=O)CCCCCCCCC,[M+NH4]+,TG 10:0_18:1_18:1,TG 10:0_18:1(11)_18:1(11),0.469,0.50852,0.240074906,0.240074906,All,Some,73597.59044,0,61750.88376,162955.0046,,,,
P26695,22.979,916.83238,916.86915,40.10386869,C59H110O5,CCCCCCC=CCCCCCCCCCC(=O)OC(COC(=O)CCCCC=CCCCCCCCCCCC)COCCCCCCCCCCC=CCCCCCCCC,[M+NH4]+,TG O-20:1_18:1_18:1,TG O-20:1(11)_18:1(11)_18:1(6),0.276333333,0.36471,0.240114455,0.240114455,All,Some,115018.6914,106785.9844,107777.3196,118834.4445,,,,
P26695,22.979,916.83238,916.86915,40.10386869,C59H110O5,CCCCCCCCCCCC=CCCCCC(=O)OC(COC(=O)CCCCCCCC=CCCCCCCCC)COCCCCCCCCCCCCC=CCCCCCC,[M+NH4]+,TG O-20:1_18:1_18:1,TG O-20:1(13)_18:1(6)_18:1(9),0.276333333,0.36471,0.240114455,0.240114455,All,Some,97097.58546,63619.10764,75423.71134,105708.4426,,,,
P26114,22.804,738.62413,738.66062,49.40022388,C45H84O6,CCCCCCCCCCCCCCCC(=O)OC(COC(=O)CCCCCCCCCC=CCCCCCC)COC(=O)CCCCCCC,[M+NH4]+,TG 8:0_16:0_18:1,TG 8:0_16:0_18:1(11),0.438,0.49566,0.242301609,0.242301609,All,Some,0,0,226194.2257,0,,,,
P20692,20.789,786.62644,786.66062,43.44948651,C49H84O6,CCCCCC=CCC=CCCCCCCCC(=O)OC(COC(=O)CCCCCCCC=CCC=CCC=CCC)COC(=O)CCCCCCCCC,[M+NH4]+,TG 10:0_18:2_18:3,"TG 10:0_18:2(9,12)_18:3(9,12,15)",0.5304,0.66164,0.245920181,0.245920181,Some,Some,11548.73369,38307.16529,45818.05126,24626.22779,,,,
P26812,23.05,954.84492,954.84842,3.665503264,C61H108O6,CCCCCCCCC=CCCCCCCCC(=O)OC(COC(=O)CCCCCC=CCC=CCC=CCC=CCCCCC)COC(=O)CCCCCCCCCCCCCCCCC,[M+NH4]+,TG 18:0_18:1_22:4,"TG 18:0_18:1(9)_22:4(7,10,13,16)",0.364285714,0.678384286,0.246699432,0.246699432,Some,Some,0,34894.50082,0,29590.68968,,,,
P26695,22.979,916.83238,916.86915,40.10386869,C59H110O5,CCCCCCC=CCCCCCCCCCC(=O)OC(COC(=O)CCCCC=CCCCCCCCCCCC)COCCCCCCCCCCCCC=CCCCCCC,[M+NH4]+,TG O-20:1_18:1_18:1,TG O-20:1(13)_18:1(11)_18:1(6),0.341,0.107385,0.249998408,0.249998408,Some,Some,19294.42288,51130.57726,63278.35052,18127.05072,,,,
P26163,22.819,902.81617,902.81712,1.052261836,C57H104O6,CCCCCCCCCCCC=CCCCCC(=O)OC(COC(=O)CCCCCCCC=CCC=CCCCCC)COC(=O)CCCCCCCCCCCCCCCCC,[M+NH4]+,TG 18:0_18:1_18:2,"TG 18:0_18:1(6)_18:2(9,12)",0.340666667,0.361543333,0.250330582,0.250330582,All,Some,183472.9938,812775.058,1681017.496,2420097.506,,,,
P23172,21.775,848.76048,848.77017,11.41651809,C53H98O6,CCCCCCCCC=CCCCCCC(=O)OC(COC(=O)CCCCCCCCCC=CCCCCCC)COC(=O)CCCCCCCCCCCCCCC,[M+NH4]+,TG 16:0_16:1_18:1,TG 16:0_16:1(7)_18:1(11),0.4355,0.5321375,0.250879138,0.250879138,All,Some,252084.0981,182830.952,266299.9259,391300,,,,
P23172,21.775,848.76048,848.77017,11.41651809,C53H98O6,CCCCCCC=CCCCCCCCC(=O)OC(COC(=O)CCCCCCCC=CCCCCCCCC)COC(=O)CCCCCCCCCCCCCCC,[M+NH4]+,TG 16:0_16:1_18:1,TG 16:0_16:1(9)_18:1(9),0.4355,0.5321375,0.250879138,0.250879138,All,Some,99637.98344,85723.68446,120846.5783,186550,,,,
P26143,22.816,890.81597,890.8535,42.12813891,C57H108O5,CCCCCCC=CCCCCCCCCCC(=O)OC(COC(=O)CCCCCCCC=CCCCCCCCC)COCCCCCCCCCCCCCCCCCC,[M+NH4]+,TG O-18:0_18:1_18:1,TG O-18:0_18:1(11)_18:1(9),0.436,0.363836667,0.250934225,0.250934225,All,Some,0,327739.9849,0,0,,,,
P23421,21.862,790.65502,790.69192,46.66798669,C49H88O6,CCCCCCC=CCCCCCCCCCC(=O)OC(COC(=O)CCCCC=CCC=CCCCCCCCC)COC(=O)CCCCCCCCC,[M+NH4]+,TG 10:0_18:1_18:2,"TG 10:0_18:1(11)_18:2(6,9)",0.274666667,0.684456667,0.251431641,0.251431641,All,Some,1497335.11,2180417.662,1184332.131,1139349.701,,,,
P23172,21.775,848.76048,848.77017,11.41651809,C53H98O6,CCCCCCCCCC=CCCCCC(=O)OC(COC(=O)CCCCC=CCCCCCCCCCCC)COC(=O)CCCCCCCCCCCCCCC,[M+NH4]+,TG 16:0_16:1_18:1,TG 16:0_16:1(6)_18:1(6),0.367,0.69511,0.251616232,0.251616232,All,Some,849295.1922,653270.7815,761716.2151,666250,,,,
P24519,22.217,818.6865,818.72322,44.85032194,C51H92O6,CCCCCCC=CCCCCCCCCCC(=O)OC(COC(=O)CCCCC=CCC=CCCCCCCCC)COC(=O)CCCCCCCCCCC,[M+NH4]+,TG 12:0_18:1_18:2,"TG 12:0_18:1(11)_18:2(6,9)",0.483333333,0.864226667,0.252226357,0.252226357,All,Some,130893.9789,136584.3847,173678.0903,168401.084,,,,
P20915,20.914,856.73895,856.77525,42.36817065,C55H98O5,CCCCCCCCC=CCC=CCCCCC(=O)OC(COC(=O)CCCCCCCC=CCC=CCC=CCC)COCCCCCCCCCCCCCCCC,[M+NH4]+,TG O-16:0_18:2_18:3,"TG O-16:0_18:2(6,9)_18:3(9,12,15)",0.42025,0.1554525,0.252979339,0.252979339,Some,Some,0,0,0,49594.56954,,,,
P20509,20.678,868.73884,868.73887,0.034532817,C55H94O6,CCCCCC=CCC=CCCCCCCCC(=O)OC(COC(=O)CCCCCCCC=CCC=CCC=CCC)COC(=O)CCCCC=CCCCCCCCCC,[M+NH4]+,TG 16:1_18:2_18:3,"TG 16:1(6)_18:2(9,12)_18:3(9,12,15)",0.416,0.418706,0.254422508,0.254422508,Some,Some,0,0,0,151.4350341,,,,
P20509,20.678,868.73884,868.73887,0.034532817,C55H94O6,CCCCCC=CCC=CCCCCCCCC(=O)OC(COC(=O)CCCCC=CCC=CCC=CCCCCC)COC(=O)CCCCCC=CCCCCCCCC,[M+NH4]+,TG 16:1_18:2_18:3,"TG 16:1(7)_18:2(9,12)_18:3(6,9,12)",0.564,0.508805,0.254981771,0.254981771,Some,Some,0,0,0,17519.46688,,,,
P19201,19.447,762.66052,762.66062,0.131119921,C47H84O6,CCCCCCC=CCCCCCCCCCC(=O)OC(COC(=O)CCCCCCCC=CCC=CCCCCC)COC(=O)CCCCCCC,[M+NH4]+,TG 8:0_18:1_18:2,"TG 8:0_18:1(11)_18:2(9,12)",0.1205,0.688685,0.255523441,0.255523441,Some,Some,22463.02251,21167.83349,0,24419.57833,,,,
P27658,23.411,773.62588,773.60545,26.40881085,C49H82O5,CCC=CCC=CCC=CCCCCCCCC(=O)OC(COC(=O)CCCCCCC=CCC=CCC=CCC=CCC)COCCCCCCCC,[M+Na]+,TG O-8:0_18:3_20:4,"TG O-8:0_18:3(9,12,15)_20:4(8,11,14,17)",0.544666667,0.087181667,0.259018944,0.259018944,Some,Some,30053.66734,34798.77097,35873.62163,59467.32674,,,,
N595,2.716,500.27814,500.27826,0.239866509,C25H44NO7P,CCCCCC=CCC=CCC=CCC=CCCCC(=O)OCC(O)COP(=O)(O)OCCN,[M-H]-,LPE 20:4,"LPE 20:4(5,8,11,14)",0.849333333,0.781246667,0.26201411,0.26201411,All,Some,,,,,158682.5284,161572.2674,245847.0291,344674.4117
P24401,22.201,912.8016,912.83785,39.71132442,C59H106O5,CCCCCCCCC=CCCCCCCCC(=O)OC(COC(=O)CCCCCCCC=CCC=CCCCCC)COCCCCCCCC=CCC=CCCCCCCCC,[M+NH4]+,TG O-20:2_18:1_18:2,"TG O-20:2(8,11)_18:1(9)_18:2(9,12)",0.387,0.47806,0.262169675,0.262169675,Some,Some,75563.75808,62170.94616,88602.03119,83178.00555,,,,
P11504,14.231,750.49192,750.54322,68.35049419,C43H76NO7P,CCCCCC=CCC=CCC=CCC=CCCCC(=O)OC(COCCCCCC=CCC=CCCCCCCCC)COP(=O)(O)OCCN,[M+H]+,PE O-18:2_20:4,"PE O-18:2(6,9)_20:4(5,8,11,14)",0.247428571,0.721948571,0.266434279,0.266434279,Some,Some,14273.14664,2725.843415,9958.925297,6139.593326,,,,
P26198,22.829,904.82334,904.83277,10.42181529,C57H106O6,CCCCCCCCCCCC=CCCCCC(=O)OC(COC(=O)CCCCC=CCCCCCCCCCCC)COC(=O)CCCCCCCCCCCCCCCCC,[M+NH4]+,TG 18:0_18:1_18:1,TG 18:0_18:1(6)_18:1(6),0.084,0.52832,0.26777215,0.26777215,All,Some,0,0,0,1654216.597,,,,
P24519,22.217,818.6865,818.72322,44.85032194,C51H92O6,CCCCCCCCC=CCCCCCCCC(=O)OC(COC(=O)CCCCC=CCC=CCCCCCCCC)COC(=O)CCCCCCCCCCC,[M+NH4]+,TG 12:0_18:1_18:2,"TG 12:0_18:1(9)_18:2(6,9)",0.292,0.851385,0.267928675,0.267928675,Some,Some,117390.5562,100223.685,81529.66202,107335.14,,,,
P27658,23.411,773.62588,773.60545,26.40881085,C49H82O5,CCC=CCC=CCC=CCCCCCCCC(=O)OC(COC(=O)CCCC=CCC=CCC=CCC=CCCCCC)COCCCCCCCC,[M+Na]+,TG O-8:0_18:3_20:4,"TG O-8:0_18:3(9,12,15)_20:4(5,8,11,14)",0.6742,0.196453,0.26945519,0.26945519,Some,Some,183907.7758,175057.062,178134.0787,174041.994,,,,
P20193,20.423,892.73872,892.73887,0.168022257,C57H94O6,CCCCCC=CCC=CCC=CCCCCC(=O)OC(COC(=O)CCCCC=CCC=CCC=CCCCCC)COC(=O)CCCCCCCC=CCC=CCCCCC,[M+NH4]+,TG 18:2_18:3_18:3,"TG 18:2(9,12)_18:3(6,9,12)_18:3(6,9,12)",0.273333333,0.868946667,0.26984988,0.26984988,Some,Some,2973.343488,3598.391346,4638.854296,26993.96441,,,,
P27480,23.347,930.84775,930.84842,0.719773473,C59H108O6,CCCCCCC=CCCCCCCCCCC(=O)OC(COC(=O)CCCCCCCCCC=CCCCCCCCC)COC(=O)CCCCCCCCCC=CCCCCCC,[M+NH4]+,TG 18:1_18:1_20:1,TG 18:1(11)_18:1(11)_20:1(11),0.134,0.481,0.270099113,0.270099113,Some,Some,90543.73874,185533.1606,214288.7117,85983.717,,,,
P27480,23.347,930.84775,930.84842,0.719773473,C59H108O6,CCCCCCCCC=CCCCCCCCC(=O)OC(COC(=O)CCCCCCCCCCCC=CCCCCCC)COC(=O)CCCCCCCC=CCCCCCCCC,[M+NH4]+,TG 18:1_18:1_20:1,TG 18:1(9)_18:1(9)_20:1(13),0.134,0.481,0.270099113,0.270099113,Some,Some,71632.7047,149899.2226,168904.7419,68724.0203,,,,
P1088,1.674,342.264,342.26389,0.32138944,C19H36NO4,CCCCCCC=CCCCC(=O)OC(CC(=O)[O-])C[N+](C)(C)C,[M]+,CAR 12:1,CAR 12:1(5),0.188,0.161505,0.271130972,0.271130972,All,All,164194.8875,143964.0987,189769.9841,213668.3849,,,,
P22333,21.442,762.62373,762.66062,48.37013874,C47H84O6,CCCCCCCCCCCCCCCC(=O)OC(COC(=O)CCCCCCCC=CCC=CCC=CCC)COC(=O)CCCCCCCCC,[M+NH4]+,TG 10:0_16:0_18:3,"TG 10:0_16:0_18:3(9,12,15)",0.4292,0.75303,0.272127441,0.272127441,All,Some,3410000,2230000,4190000,2630000,,,,
P11504,14.231,750.49192,750.54322,68.35049419,C43H76NO7P,CCC=CCC=CCC=CCC=CCCCCCCC(=O)OC(COCCCCCC=CCC=CCCCCCCCC)COP(=O)(O)OCCN,[M+H]+,PE O-18:2_20:4,"PE O-18:2(6,9)_20:4(8,11,14,17)",0.353333333,0.605993333,0.272642294,0.272642294,Some,Some,70862.25057,110446.0907,52601.5549,51707.49172,,,,
P26163,22.819,902.81617,902.81712,1.052261836,C57H104O6,CCCCCCCCC=CCCCCCCCC(=O)OC(COC(=O)CCCCCCCC=CCC=CCCCCC)COC(=O)CCCCCCCCCCCCCCCCC,[M+NH4]+,TG 18:0_18:1_18:2,"TG 18:0_18:1(9)_18:2(9,12)",0.252666667,0.330216667,0.273817125,0.273817125,Some,Some,5318394.376,1258250.615,1127270.556,3542940.401,,,,
P23450,21.865,846.68864,846.75452,77.80295049,C53H96O6,CCCCCCCCC=CCCCCCC(=O)OC(COC(=O)CCCCCCCC=CCC=CCCCCC)COC(=O)CCCCCCCCCCCCCCC,[M+NH4]+,TG 16:0_16:1_18:2,"TG 16:0_16:1(7)_18:2(9,12)",0.348666667,0.36588,0.274471514,0.274471514,Some,Some,88567.94741,92068.00898,0,106056.9739,,,,
P26308,22.853,876.80078,876.80147,0.786951235,C55H102O6,CCCCCCCCCCCC=CCCCCC(=O)OC(COC(=O)CCCCC=CCCCCCCCCCCC)COC(=O)CCCCCCCCCCCCCCC,[M+NH4]+,TG 16:0_18:1_18:1,TG 16:0_18:1(6)_18:1(6),0.075,0.51168,0.276123122,0.276123122,All,Some,53666666.67,29876825.71,50607630.27,55333333.33,,,,
P28965,23.898,906.84812,906.84842,0.330816037,C57H108O6,CCCCCCCCCCCCCCCCCC(=O)OC(COC(=O)CCCCC=CCCCCCCCCCCC)COC(=O)CCCCCCCCCCCCCCCCC,[M+NH4]+,TG 18:0_18:0_18:1,TG 18:0_18:0_18:1(6),0.149,0.912065,0.277629766,0.277629766,All,All,5122810.578,4808968.499,5272781.955,5510889.327,,,,
P24080,22.05,912.801,912.83785,40.3686153,C59H106O5,CCCCCC=CCC=CCCCCCCCC(=O)OC(COC(=O)CCCCCCCC=CCC=CCCCCC)COCCCCCCCCCCC=CCCCCCCCC,[M+NH4]+,TG O-20:1_18:2_18:2,"TG O-20:1(11)_18:2(9,12)_18:2(9,12)",0.8615,0.479925,0.277718222,0.277718222,Some,Some,26272.34535,18816.90348,32792.28968,0,,,,
P19053,19.278,710.62958,710.62932,0.365872886,C43H80O6,CCCCCCCCCCCC(=O)OC(COC(=O)CCCCCCCC=CCCCCCCCC)COC(=O)CCCCCCCCC,[M+NH4]+,TG 10:0_12:0_18:1,TG 10:0_12:0_18:1(9),0.612,0.90064,0.278715087,0.278715087,Some,Some,,,134000,137000,,,,
P23421,21.862,790.65502,790.69192,46.66798669,C49H88O6,CCCCCCCCCCCC=CCCCCC(=O)OC(COC(=O)CCCCCCCC=CCC=CCCCCC)COC(=O)CCCCCCCCC,[M+NH4]+,TG 10:0_18:1_18:2,"TG 10:0_18:1(6)_18:2(9,12)",0.429333333,0.744323333,0.279928896,0.279928896,All,Some,199866.7555,221481.6284,114538.1449,0,,,,
P25783,22.625,907.76577,907.77251,7.424767688,C57H104O6,CCCCCCC=CCCCCCCCCCC(=O)OC(COC(=O)CCCCC=CCCCCCCCCCCC)COC(=O)CCCCCCCCCC=CCCCCCC,[M+Na]+,TG 18:1_18:1_18:1,TG 18:1(11)_18:1(11)_18:1(6),0.351,0.15804,0.280025398,0.280025398,Some,Some,10972.46964,0,0,0,,,,
P21423,21.166,858.75399,858.7909,42.97903017,C55H100O5,CCCCCCCCC=CCCCCCC(=O)OC(COC(=O)CCCCCCCC=CCC=CCCCCC)COCCCCCCCCC=CCCCCCCCC,[M+NH4]+,TG O-18:1_16:1_18:2,"TG O-18:1(9)_16:1(7)_18:2(9,12)",0.662,0.46266,0.280622575,0.280622575,Some,Some,45297.84139,37319.8205,56984.03727,66626.71473,,,,
P26695,22.979,916.83238,916.86915,40.10386869,C59H110O5,CCCCCCCCCCCC=CCCCCC(=O)OC(COC(=O)CCCCC=CCCCCCCCCCCC)COCCCCCCCCCCC=CCCCCCCCC,[M+NH4]+,TG O-20:1_18:1_18:1,TG O-20:1(11)_18:1(6)_18:1(6),0.364,0.5224,0.280736696,0.280736696,All,Some,19294.42288,51130.57726,63278.35052,18127.05072,,,,
P26695,22.979,916.83238,916.86915,40.10386869,C59H110O5,CCCCCCCCCCCC=CCCCCC(=O)OC(COC(=O)CCCCCCCC=CCCCCCCCC)COCCCCCCCCCCC=CCCCCCCCC,[M+NH4]+,TG O-20:1_18:1_18:1,TG O-20:1(11)_18:1(6)_18:1(9),0.364,0.5224,0.280736696,0.280736696,All,Some,83649.95739,22714.64583,32353.60825,94445.57645,,,,
P24401,22.201,912.8016,912.83785,39.71132442,C59H106O5,CCCCCCC=CCCCCCCCCCC(=O)OC(COC(=O)CCCCC=CCC=CCCCCCCCC)COCCCCCCCC=CCC=CCCCCCCCC,[M+NH4]+,TG O-20:2_18:1_18:2,"TG O-20:2(8,11)_18:1(11)_18:2(6,9)",0.423333333,0.348951667,0.282889427,0.282889427,All,Some,69937.42736,53401.69791,50375.9833,73560.91666,,,,
P15085,16.22,728.55772,728.55887,1.578458581,C41H78NO7P,CCCCCC=CCC=CCCCCCCCC(=O)OC(COCCCCCCCCC=CCCCCCCCC)COP(=O)(O)OCCN,[M+H]+,PE O-18:1_18:2,"PE O-18:1(9)_18:2(9,12)",0.4875,0.871045,0.283091881,0.283091881,Some,Some,7930.07721,28311.61677,4484.88441,175907.1247,,,,
P25271,22.432,846.71815,846.75452,42.95223603,C53H96O6,CCCCCCC=CCCCCCCCCCC(=O)OC(COC(=O)CCCCC=CCCCCCCCCCCC)COC(=O)CCCCC=CCCCCCCC,[M+NH4]+,TG 14:1_18:1_18:1,TG 14:1(6)_18:1(11)_18:1(6),0.4088,0.721862,0.283378957,0.283378957,All,Some,18895.19713,28218.13737,25475.58471,17597.47227,,,,
P26322,22.853,848.77107,848.77017,1.060357717,C53H98O6,CCCCCCCCCCCCCCCC(=O)OC(COC(=O)CCCCCCCC=CCC=CCCCCC)COC(=O)CCCCCCCCCCCCCCC,[M+NH4]+,TG 16:0_16:0_18:2,"TG 16:0_16:0_18:2(9,12)",0.1855,0.245825,0.283639024,0.283639024,All,Some,0,7045.919363,0,0,,,,
P27369,23.23,860.80671,860.80655,0.185872192,C55H102O5,CCCCCCCCCCCCCCCC(=O)OC(COC(=O)CCCCCCCC=CCC=CCCCCC)COCCCCCCCCC=CCCCCCCCC,[M+NH4]+,TG O-18:1_16:0_18:2,"TG O-18:1(9)_16:0_18:2(9,12)",0.4765,0.7344175,0.284785996,0.284785996,Some,Some,2348.521102,2358.228664,2475.275323,2314.174205,,,,
P27658,23.411,773.62588,773.60545,26.40881085,C49H82O5,CCCCCC=CCC=CCC=CCCCCC(=O)OC(COC(=O)CCCC=CCC=CCC=CCC=CCCCCC)COCCCCCCCC,[M+Na]+,TG O-8:0_18:3_20:4,"TG O-8:0_18:3(6,9,12)_20:4(5,8,11,14)",0.652,0.228991667,0.285458541,0.285458541,Some,Some,53307.73142,60645.3375,50672.33413,70113.95736,,,,
P3483,3.97,508.34021,508.37615,70.69568468,C26H54NO6P,CCCCCCCCCCCC=CCCCCCOCC(O)COP(=O)([O-])OCC[N+](C)(C)C,[M+H]+,LPC O-18:1,LPC O-18:1(6),0.533,0.7608,0.287827929,0.287827929,All,Some,0,,12600,8060,,,,
P24401,22.201,912.8016,912.83785,39.71132442,C59H106O5,CCCCCCC=CCCCCCCCCCC(=O)OC(COC(=O)CCCCC=CCC=CCCCCCCCC)COCCCCCCCCCCC=CCC=CCCCCC,[M+NH4]+,TG O-20:2_18:1_18:2,"TG O-20:2(11,14)_18:1(11)_18:2(6,9)",0.41575,0.2824975,0.288534803,0.288534803,Some,Some,78127.65562,83882.39525,104934.6104,116935.9502,,,,
P24401,22.201,912.8016,912.83785,39.71132442,C59H106O5,CCCCCCC=CCCCCCCCCCC(=O)OC(COC(=O)CCCCCCCC=CCC=CCCCCC)COCCCCCCCC=CCC=CCCCCCCCC,[M+NH4]+,TG O-20:2_18:1_18:2,"TG O-20:2(8,11)_18:1(11)_18:2(9,12)",0.47525,0.3780975,0.294225524,0.294225524,Some,Some,44369.67133,56425.57662,57304.06293,82628.45761,,,,
P25271,22.432,846.71815,846.75452,42.95223603,C53H96O6,CCCCCCCCC=CCCCCCCCC(=O)OC(COC(=O)CCCCCCCC=CCCCCCCCC)COC(=O)CCCC=CCCCCCCCC,[M+NH4]+,TG 14:1_18:1_18:1,TG 14:1(5)_18:1(9)_18:1(9),0.276,0.868965,0.294468466,0.294468466,All,Some,26280.43011,32905.59765,34149.8708,21072.01309,,,,
P26322,22.853,848.77107,848.77017,1.060357717,C53H98O6,CCCCCCCCCCCCCCCC(=O)OC(COC(=O)CCCCC=CCC=CCCCCCCCC)COC(=O)CCCCCCCCCCCCCCC,[M+NH4]+,TG 16:0_16:0_18:2,"TG 16:0_16:0_18:2(6,9)",0.4215,0.702565,0.295303211,0.295303211,All,Some,0,45854.08064,0,0,,,,
P15085,16.22,728.55772,728.55887,1.578458581,C41H78NO7P,CCCCCCCCC=CCC=CCCCCC(=O)OC(COCCCCCCCCC=CCCCCCCCC)COP(=O)(O)OCCN,[M+H]+,PE O-18:1_18:2,"PE O-18:1(9)_18:2(6,9)",0.474,0.827895,0.295626364,0.295626364,Some,Some,109532.4022,121818.3234,59875.51867,177240.7259,,,,
P26143,22.816,890.81597,890.8535,42.12813891,C57H108O5,CCCCCCC=CCCCCCCCCCC(=O)OC(COC(=O)CCCCCCCCCC=CCCCCCC)COCCCCCCCCCCCCCCCCCC,[M+NH4]+,TG O-18:0_18:1_18:1,TG O-18:0_18:1(11)_18:1(11),0.268,0.96626,0.298562538,0.298562538,All,All,0,166893.424,0,0,,,,
P21449,21.17,844.73848,844.73887,0.461681135,C53H94O6,CCCCCCCCC=CCC=CCCCCC(=O)OC(COC(=O)CCCCC=CCC=CCCCCCCCC)COC(=O)CCCCCCCCCCCCC,[M+NH4]+,TG 14:0_18:2_18:2,"TG 14:0_18:2(6,9)_18:2(6,9)",0.4185,0.5228375,0.30110424,0.30110424,All,Some,3005050.964,2662399.762,6050000,6125708.244,,,,
P23170,21.775,846.75378,846.75452,0.873925066,C53H96O6,CCCCCCCCCCCC=CCCCCC(=O)OC(COC(=O)CCCCCCCC=CCC=CCCCCC)COC(=O)CCCCCCCCCCCCC,[M+NH4]+,TG 14:0_18:1_18:2,"TG 14:0_18:1(6)_18:2(9,12)",0.372666667,0.324066667,0.30331215,0.30331215,All,Some,6648999.926,6505905.557,6984276.502,6472579.899,,,,
P25721,22.61,952.83236,952.83277,0.430295864,C61H106O6,CCCCCCCCCCCC=CCCCCC(=O)OC(COC(=O)CCCCCC=CCC=CCC=CCC=CCCCCC)COC(=O)CCCCCCCCCC=CCCCCCC,[M+NH4]+,TG 18:1_18:1_22:4,"TG 18:1(11)_18:1(6)_22:4(7,10,13,16)",0.3796,0.513815,0.304276181,0.304276181,Some,Some,0,0,0,107970.7676,,,,
P20509,20.678,868.73884,868.73887,0.034532817,C55H94O6,CCCCCC=CCC=CCCCCCCCC(=O)OC(COC(=O)CCCCCCCC=CCC=CCC=CCC)COC(=O)CCCCCC=CCCCCCCCC,[M+NH4]+,TG 16:1_18:2_18:3,"TG 16:1(7)_18:2(9,12)_18:3(9,12,15)",0.555,0.50412,0.305356355,0.305356355,Some,Some,0,0,0,164463.669,,,,
P20693,20.79,896.76188,896.77017,9.244286081,C57H98O6,CCCCCCCCC=CCC=CCCCCC(=O)OC(COC(=O)CCCCC=CCC=CCC=CCCCCC)COC(=O)CCCCC=CCCCCCCCCCCC,[M+NH4]+,TG 18:1_18:2_18:3,"TG 18:1(6)_18:2(6,9)_18:3(6,9,12)",0.6725,0.30172,0.305492122,0.305492122,Some,Some,33210.54085,69165.82316,0,36343.58838,,,,
P24401,22.201,912.8016,912.83785,39.71132442,C59H106O5,CCCCCCCCCCCC=CCCCCC(=O)OC(COC(=O)CCCCC=CCC=CCCCCCCCC)COCCCCCCCCCCC=CCC=CCCCCC,[M+NH4]+,TG O-20:2_18:1_18:2,"TG O-20:2(11,14)_18:1(6)_18:2(6,9)",0.328,0.411048,0.305498458,0.305498458,Some,Some,92407.14053,73770.54487,93433.26119,95464.32728,,,,
P23961,22.008,794.72354,794.72322,0.402655908,C49H92O6,CCCCCCCCCCCCCCCC(=O)OC(COC(=O)CCCCCC=CCCCCCCCC)COC(=O)CCCCCCCCCCCCC,[M+NH4]+,TG 14:0_16:0_16:1,TG 14:0_16:0_16:1(7),0.313,0.452815,0.307007393,0.307007393,All,Some,0,0,89400,74100,,,,
P24519,22.217,818.6865,818.72322,44.85032194,C51H92O6,CCCCCCCCCCCC=CCCCCC(=O)OC(COC(=O)CCCCC=CCC=CCCCCCCCC)COC(=O)CCCCCCCCCCC,[M+NH4]+,TG 12:0_18:1_18:2,"TG 12:0_18:1(6)_18:2(6,9)",0.5325,0.66324,0.307836897,0.307836897,Some,Some,165830.451,173511.6109,209465.3746,229056.0072,,,,
P27369,23.23,860.80671,860.80655,0.185872192,C55H102O5,CCCCCCCCCCCCCCCC(=O)OC(COC(=O)CCCCC=CCC=CCCCCCCCC)COCCCCCC=CCCCCCCCCCCC,[M+NH4]+,TG O-18:1_16:0_18:2,"TG O-18:1(6)_16:0_18:2(6,9)",0.6345,0.943125,0.307996816,0.307996816,Some,Some,50189.48226,48741.11722,48626.29527,53140.0437,,,,
P25271,22.432,846.71815,846.75452,42.95223603,C53H96O6,CCCCCCCCC=CCCCCCCCC(=O)OC(COC(=O)CCCCCCCC=CCCCCCCCC)COC(=O)CCCCCCCC=CCCCC,[M+NH4]+,TG 14:1_18:1_18:1,TG 14:1(9)_18:1(9)_18:1(9),0.365333333,0.60475,0.308469982,0.308469982,All,Some,26280.43011,22298.11782,34149.8708,13682.7605,,,,
P26695,22.979,916.83238,916.86915,40.10386869,C59H110O5,CCCCCCC=CCCCCCCCCCC(=O)OC(COC(=O)CCCCCCCCCC=CCCCCCC)COCCCCCCCCCCC=CCCCCCCCC,[M+NH4]+,TG O-20:1_18:1_18:1,TG O-20:1(11)_18:1(11)_18:1(11),0.2455,0.5029225,0.309169892,0.309169892,All,All,97097.58546,63619.10764,75423.71134,105708.4426,,,,
P26695,22.979,916.83238,916.86915,40.10386869,C59H110O5,CCCCCCC=CCCCCCCCCCC(=O)OC(COC(=O)CCCCCCCC=CCCCCCCCC)COCCCCCCCCCCC=CCCCCCCCC,[M+NH4]+,TG O-20:1_18:1_18:1,TG O-20:1(11)_18:1(11)_18:1(9),0.2455,0.5029225,0.309169892,0.309169892,All,All,37215.52883,94297.454,95631.95876,31253.05266,,,,
P26695,22.979,916.83238,916.86915,40.10386869,C59H110O5,CCCCCCCCC=CCCCCCCCC(=O)OC(COC(=O)CCCCCCCC=CCCCCCCCC)COCCCCCCCCCCCCC=CCCCCCC,[M+NH4]+,TG O-20:1_18:1_18:1,TG O-20:1(13)_18:1(9)_18:1(9),0.2455,0.5029225,0.309169892,0.309169892,All,All,37215.52883,94297.454,95631.95876,31253.05266,,,,
P20693,20.79,896.76188,896.77017,9.244286081,C57H98O6,CCCCCCCCC=CCC=CCCCCC(=O)OC(COC(=O)CCCCCCCC=CCC=CCC=CCC)COC(=O)CCCCCCCC=CCCCCCCCC,[M+NH4]+,TG 18:1_18:2_18:3,"TG 18:1(9)_18:2(6,9)_18:3(9,12,15)",0.684571429,0.301912857,0.310201264,0.310201264,Some,Some,4258.079036,13945.26483,0,10071.11485,,,,
P25024,22.381,766.65461,766.69192,48.66361445,C47H88O6,CCCCCCCCCCCCCCCC(=O)OC(COC(=O)CCCCCCCC=CCCCCCCCC)COC(=O)CCCCCCCCC,[M+NH4]+,TG 10:0_16:0_18:1,TG 10:0_16:0_18:1(9),0.092,0.90331,0.310764765,0.310764765,All,Some,12141399.18,12113886.11,21393590.26,20310068.65,,,,
P22228,21.419,832.73803,832.77525,44.69393153,C53H98O5,CCCCCCCCCC=CCCCCC(=O)OC(COC(=O)CCCCCCCC=CCC=CCCCCC)COCCCCCCCCCCCCCCCC,[M+NH4]+,TG O-16:0_16:1_18:2,"TG O-16:0_16:1(6)_18:2(9,12)",0.2252,0.266052,0.311296268,0.311296268,All,Some,269600.8984,321788.2488,220059.0194,240439.5613,,,,
P21225,21.063,818.72287,818.72322,0.427494899,C51H92O6,CCCCCCCCCC=CCCCCC(=O)OC(COC(=O)CCCCC=CCC=CCCCCCCCC)COC(=O)CCCCCCCCCCCCC,[M+NH4]+,TG 14:0_16:1_18:2,"TG 14:0_16:1(6)_18:2(6,9)",0.3705,0.72485,0.311856101,0.311856101,All,Some,0,858608.5499,999739.9431,1119397.961,,,,
P24401,22.201,912.8016,912.83785,39.71132442,C59H106O5,CCCCCCCCCCCC=CCCCCC(=O)OC(COC(=O)CCCCCCCC=CCC=CCCCCC)COCCCCCCCC=CCC=CCCCCCCCC,[M+NH4]+,TG O-20:2_18:1_18:2,"TG O-20:2(8,11)_18:1(6)_18:2(9,12)",0.426333333,0.496248333,0.312592197,0.312592197,Some,Some,74958.39338,55657.51143,50943.4962,73560.91666,,,,
P26198,22.829,904.82334,904.83277,10.42181529,C57H106O6,CCCCCCC=CCCCCCCCCCC(=O)OC(COC(=O)CCCCC=CCCCCCCCCCCC)COC(=O)CCCCCCCCCCCCCCCCC,[M+NH4]+,TG 18:0_18:1_18:1,TG 18:0_18:1(11)_18:1(6),0.273,0.2731025,0.31292838,0.31292838,All,Some,0,0,0,494329.674,,,,
P26163,22.819,902.81617,902.81712,1.052261836,C57H104O6,CCCCCCC=CCCCCCCCCCC(=O)OC(COC(=O)CCCCCCCC=CCC=CCCCCC)COC(=O)CCCCCCCCCCCCCCCCC,[M+NH4]+,TG 18:0_18:1_18:2,"TG 18:0_18:1(11)_18:2(9,12)",0.3124,0.234762,0.312983743,0.312983743,All,Some,2493142.516,7738942,7718589.598,3566766.352,,,,
P24401,22.201,912.8016,912.83785,39.71132442,C59H106O5,CCCCCCCCCCCC=CCCCCC(=O)OC(COC(=O)CCCCC=CCC=CCCCCCCCC)COCCCCCCCC=CCC=CCCCCCCCC,[M+NH4]+,TG O-20:2_18:1_18:2,"TG O-20:2(8,11)_18:1(6)_18:2(6,9)",0.302,0.614753333,0.315222581,0.315222581,Some,Some,75563.75808,62170.94616,56401.20149,83178.00555,,,,
P2289,3.034,424.34159,424.34214,1.296123925,C25H46NO4,CCCCCCCCC=CCC=CCCCCC(=O)OC(CC(=O)[O-])C[N+](C)(C)C,[M]+,CAR 18:2,"CAR 18:2(6,9)",0.228,0.603906667,0.317768343,0.317768343,Some,Some,254000,155000,208000,188000,,,,
P25271,22.432,846.71815,846.75452,42.95223603,C53H96O6,CCCCCCCCC=CCCCCCCCC(=O)OC(COC(=O)CCCCCCCC=CCCCCCCCC)COC(=O)CCCCC=CCCCCCCC,[M+NH4]+,TG 14:1_18:1_18:1,TG 14:1(6)_18:1(9)_18:1(9),0.4955,0.8869575,0.319630535,0.319630535,All,Some,70316.84588,64784.06258,62662.82383,30615.29369,,,,
P2568,3.21,424.34191,424.34214,0.542015459,C25H46NO4,CCCCCC=CCC=CCCCCCCCC(=O)OC(CC(=O)[O-])C[N+](C)(C)C,[M]+,CAR 18:2,"CAR 18:2(9,12)",0.326666667,0.582626667,0.320208955,0.320208955,All,Some,0,0,140349.4541,76145.29665,,,,
P20693,20.79,896.76188,896.77017,9.244286081,C57H98O6,CCCCCCCCC=CCC=CCCCCC(=O)OC(COC(=O)CCCCCCCC=CCC=CCC=CCC)COC(=O)CCCCCCCCCC=CCCCCCC,[M+NH4]+,TG 18:1_18:2_18:3,"TG 18:1(11)_18:2(6,9)_18:3(9,12,15)",0.6374,0.318229,0.32039689,0.32039689,Some,Some,31031.98879,70134.36888,0,30280.3136,,,,
P28516,23.651,918.84839,918.8848,39.62411828,C59H112O5,CCCCCCCCCCCCCCCCCC(=O)OC(COC(=O)CCCCC=CCCCCCCCCCCC)COCCCCCCCCCCC=CCCCCCCCC,[M+NH4]+,TG O-20:1_18:0_18:1,TG O-20:1(11)_18:0_18:1(6),0.3,0.102896667,0.323182352,0.323182352,All,Some,145825.8936,71910.40778,101523.6725,133609.9244,,,,
P24080,22.05,912.801,912.83785,40.3686153,C59H106O5,CCCCCCCCC=CCC=CCCCCC(=O)OC(COC(=O)CCCCCCCC=CCC=CCCCCC)COCCCCCCCCCCC=CCCCCCCCC,[M+NH4]+,TG O-20:1_18:2_18:2,"TG O-20:1(11)_18:2(6,9)_18:2(9,12)",0.628,0.576914,0.323694864,0.323694864,Some,Some,54023.08763,40195.903,71080.04564,0,,,,
P13976,15.499,744.55362,744.55378,0.214893812,C41H78NO8P,CCCCCCC=CCCCCCCCCCC(=O)OC(COC(=O)CCCCCCCCCC=CCCCCCC)COP(=O)(O)OCCN,[M+H]+,PE 18:1_18:1,PE 18:1(11)_18:1(11),0.483,0.50978,0.323908031,0.323908031,All,Some,558898.2293,552323.3043,573333.3333,576739.1122,,,,
P27658,23.411,773.62588,773.60545,26.40881085,C49H82O5,CCCCCC=CCC=CCC=CCCCCC(=O)OC(COC(=O)CCCCCCC=CCC=CCC=CCC=CCC)COCCCCCCCC,[M+Na]+,TG O-8:0_18:3_20:4,"TG O-8:0_18:3(6,9,12)_20:4(8,11,14,17)",0.6085,0.08765375,0.324807458,0.324807458,Some,Some,43730.82542,56498.8295,48319.9655,35376.72194,,,,
P25271,22.432,846.71815,846.75452,42.95223603,C53H96O6,CCCCCCC=CCCCCCCCCCC(=O)OC(COC(=O)CCCCCCCCCC=CCCCCCC)COC(=O)CCCC=CCCCCCCCC,[M+NH4]+,TG 14:1_18:1_18:1,TG 14:1(5)_18:1(11)_18:1(11),0.276666667,0.622946667,0.325000189,0.325000189,All,Some,99052.47312,64261.15864,96539.05784,33125.20458,,,,
P25271,22.432,846.71815,846.75452,42.95223603,C53H96O6,CCCCCCC=CCCCCCCCCCC(=O)OC(COC(=O)CCCCCCCC=CCCCCCCCC)COC(=O)CCCC=CCCCCCCCC,[M+NH4]+,TG 14:1_18:1_18:1,TG 14:1(5)_18:1(11)_18:1(9),0.276666667,0.622946667,0.325000189,0.325000189,All,Some,77702.07885,69471.52286,71337.10992,34089.83452,,,,
P23172,21.775,848.76048,848.77017,11.41651809,C53H98O6,CCCCCCC=CCCCCCCCC(=O)OC(COC(=O)CCCCC=CCCCCCCCCCCC)COC(=O)CCCCCCCCCCCCCCC,[M+NH4]+,TG 16:0_16:1_18:1,TG 16:0_16:1(9)_18:1(6),0.4865,0.7148,0.326075531,0.326075531,All,Some,711699.8817,663165.1144,919199.5388,1038050,,,,
P26308,22.853,876.80078,876.80147,0.786951235,C55H102O6,CCCCCCC=CCCCCCCCCCC(=O)OC(COC(=O)CCCCCCCC=CCCCCCCCC)COC(=O)CCCCCCCCCCCCCCC,[M+NH4]+,TG 16:0_18:1_18:1,TG 16:0_18:1(11)_18:1(9),0.411,0.4721425,0.326713491,0.326713491,All,Some,2032853.406,7349805.258,0,3065963.061,,,,
P25271,22.432,846.71815,846.75452,42.95223603,C53H96O6,CCCCCCC=CCCCCCCCCCC(=O)OC(COC(=O)CCCCCCCC=CCCCCCCCC)COC(=O)CCCCCCCC=CCCCC,[M+NH4]+,TG 14:1_18:1_18:1,TG 14:1(9)_18:1(11)_18:1(9),0.3435,0.48629,0.327868395,0.327868395,All,Some,77702.07885,58864.04302,71337.10992,26700.58192,,,,
P4788,5.746,506.35939,506.3605,2.192114116,C26H52NO6P,CCCCCC=CCC=CCCCCCCCCOCC(O)COP(=O)([O-])OCC[N+](C)(C)C,[M+H]+,LPC O-18:2,"LPC O-18:2(9,12)",0.582666667,0.787706667,0.328009216,0.328009216,Some,Some,19400,0,0,0,,,,
P22228,21.419,832.73803,832.77525,44.69393153,C53H98O5,CCCCCCCCCC=CCCCCC(=O)OC(COC(=O)CCCCC=CCC=CCCCCCCCC)COCCCCCCCCCCCCCCCC,[M+NH4]+,TG O-16:0_16:1_18:2,"TG O-16:0_16:1(6)_18:2(6,9)",0.390666667,0.73657,0.328381411,0.328381411,All,Some,100594.4492,63028.90729,82982.05365,65216.81556,,,,
P22123,21.396,898.7767,898.78582,10.14702257,C57H100O6,CCCCCCCCC=CCC=CCCCCC(=O)OC(COC(=O)CCCCC=CCC=CCCCCCCCC)COC(=O)CCCCCCCC=CCCCCCCCC,[M+NH4]+,TG 18:1_18:2_18:2,"TG 18:1(9)_18:2(6,9)_18:2(6,9)",0.242,0.16171,0.328703422,0.328703422,Some,Some,130730.006,141250.8951,187973.8877,135486.6905,,,,
P26486,22.91,864.80121,864.83785,42.36632335,C55H106O5,CCCCCCCCCCCCCCCC(=O)OC(COC(=O)CCCCCCCCCC=CCCCCCC)COCCCCCCCCCCCCCCCCCC,[M+NH4]+,TG O-18:0_16:0_18:1,TG O-18:0_16:0_18:1(11),0.637,0.979555,0.331228601,0.331228601,All,All,0,599017.0689,0,757394.249,,,,
P25789,22.627,738.62587,738.66062,47.04460893,C45H84O6,CCCCCCCCCCCCCCCC(=O)OC(COC(=O)CCCCCCCC=CCCCCCC)COC(=O)CCCCCCCCC,[M+NH4]+,TG 10:0_16:0_16:1,TG 10:0_16:0_16:1(9),0.438,0.49566,0.331943452,0.331943452,All,Some,251531.8885,212643.7583,202519.5936,0,,,,
P20693,20.79,896.76188,896.77017,9.244286081,C57H98O6,CCCCCCCCC=CCC=CCCCCC(=O)OC(COC(=O)CCCCCCCC=CCC=CCC=CCC)COC(=O)CCCCC=CCCCCCCCCCCC,[M+NH4]+,TG 18:1_18:2_18:3,"TG 18:1(6)_18:2(6,9)_18:3(9,12,15)",0.5525,0.2727975,0.332214949,0.332214949,Some,Some,7129.806758,14160.49721,0,13290.78072,,,,
P21801,21.286,884.77007,884.80655,41.22935121,C57H102O5,CCCCCC=CCC=CCCCCCCCC(=O)OC(COC(=O)CCCCCCCC=CCC=CCCCCC)COCCCCCCCCCCC=CCCCCCC,[M+NH4]+,TG O-18:1_18:2_18:2,"TG O-18:1(11)_18:2(9,12)_18:2(9,12)",0.4624,0.415266,0.332614803,0.332614803,All,Some,16927.0491,0,13323.10268,14552.20277,,,,
P25271,22.432,846.71815,846.75452,42.95223603,C53H96O6,CCCCCCC=CCCCCCCCCCC(=O)OC(COC(=O)CCCCCCCC=CCCCCCCCC)COC(=O)CCCCC=CCCCCCCC,[M+NH4]+,TG 14:1_18:1_18:1,TG 14:1(6)_18:1(11)_18:1(9),0.452,0.735748,0.332917155,0.332917155,All,Some,0,10607.47983,0,7389.252591,,,,
P21423,21.166,858.75399,858.7909,42.97903017,C55H100O5,CCCCCCC=CCCCCCCCC(=O)OC(COC(=O)CCCCCCCC=CCC=CCCCCC)COCCCCCCCCCCC=CCCCCCC,[M+NH4]+,TG O-18:1_16:1_18:2,"TG O-18:1(11)_16:1(9)_18:2(9,12)",0.73,0.3161,0.33302456,0.33302456,Some,Some,46751.76019,37319.8205,58505.41368,48711.58506,,,,
P24401,22.201,912.8016,912.83785,39.71132442,C59H106O5,CCCCCCCCC=CCCCCCCCC(=O)OC(COC(=O)CCCCC=CCC=CCCCCCCCC)COCCCCCCCC=CCC=CCCCCCCCC,[M+NH4]+,TG O-20:2_18:1_18:2,"TG O-20:2(8,11)_18:1(9)_18:2(6,9)",0.4345,0.5010175,0.333186186,0.333186186,All,Some,78127.65562,55578.89058,55185.1024,80822.80011,,,,
P23172,21.775,848.76048,848.77017,11.41651809,C53H98O6,CCCCCCCCCC=CCCCCC(=O)OC(COC(=O)CCCCCCCCCC=CCCCCCC)COC(=O)CCCCCCCCCCCCCCC,[M+NH4]+,TG 16:0_16:1_18:1,TG 16:0_16:1(6)_18:1(11),0.6885,0.51218,0.334380196,0.334380196,All,Some,764508.013,674548.6975,943806.3082,1056250,,,,
P22770,21.665,896.7703,896.77017,0.144964679,C57H98O6,CCCCCCCCC=CCC=CCCCCC(=O)OC(COC(=O)CCCCCCC=CCC=CCC=CCC=CCC)COC(=O)CCCCCCCCCCCCCCC,[M+NH4]+,TG 16:0_18:2_20:4,"TG 16:0_18:2(6,9)_20:4(8,11,14,17)",0.51675,0.49392875,0.334961083,0.334961083,Some,Some,2727986.831,2908039.381,3192146.597,3030032.644,,,,
P23450,21.865,846.68864,846.75452,77.80295049,C53H96O6,CCCCCCCCCC=CCCCCC(=O)OC(COC(=O)CCCCCCCC=CCC=CCCCCC)COC(=O)CCCCCCCCCCCCCCC,[M+NH4]+,TG 16:0_16:1_18:2,"TG 16:0_16:1(6)_18:2(9,12)",0.257,0.3030325,0.337382863,0.337382863,All,Some,263819.3749,209567.1684,0,248733.9425,,,,
P26812,23.05,954.84492,954.84842,3.665503264,C61H108O6,CCCCCCCCCCCC=CCCCCC(=O)OC(COC(=O)CCCCCC=CCC=CCC=CCC=CCCCCC)COC(=O)CCCCCCCCCCCCCCCCC,[M+NH4]+,TG 18:0_18:1_22:4,"TG 18:0_18:1(6)_22:4(7,10,13,16)",0.393142857,0.769968571,0.337965286,0.337965286,Some,Some,0,46667.82131,0,28858.0242,,,,
P21056,20.974,882.7549,882.7909,40.77975883,C57H100O5,CCCCCC=CCC=CCCCCCCCC(=O)OC(COC(=O)CCCCCCCC=CCC=CCC=CCC)COCCCCCCCCC=CCCCCCCCC,[M+NH4]+,TG O-18:1_18:2_18:3,"TG O-18:1(9)_18:2(9,12)_18:3(9,12,15)",0.339,0.067345,0.338154953,0.338154953,Some,Some,37498.82011,18011.39575,24106.88012,21901.94964,,,,
P24401,22.201,912.8016,912.83785,39.71132442,C59H106O5,CCCCCCCCC=CCCCCCCCC(=O)OC(COC(=O)CCCCC=CCC=CCCCCCCCC)COCCCCCCCCCCC=CCC=CCCCCC,[M+NH4]+,TG O-20:2_18:1_18:2,"TG O-20:2(11,14)_18:1(9)_18:2(6,9)",0.3275,0.3039875,0.343064025,0.343064025,Some,Some,80050.57877,62170.94616,56401.20149,87692.14932,,,,
P24718,22.298,850.7761,850.78582,11.42473202,C53H100O6,CCCCCCCCCCCCCCCCCC(=O)OC(COC(=O)CCCCC=CCCCCCCCCCCC)COC(=O)CCCCCCCCCCCCC,[M+NH4]+,TG 14:0_18:0_18:1,TG 14:0_18:0_18:1(6),0.158,0.90317,0.346220153,0.346220153,All,All,3568042.453,3028997.54,3144337.927,2937381.158,,,,
P21801,21.286,884.77007,884.80655,41.22935121,C57H102O5,CCCCCC=CCC=CCCCCCCCC(=O)OC(COC(=O)CCCCCCCC=CCC=CCCCCC)COCCCCCC=CCCCCCCCCCCC,[M+NH4]+,TG O-18:1_18:2_18:2,"TG O-18:1(6)_18:2(9,12)_18:2(9,12)",0.2856,0.726074,0.347028306,0.347028306,All,Some,24304.90774,0,20058.16079,20860.27817,,,,
P23572,21.88,872.76943,872.77017,0.847874991,C55H98O6,CCCCCCCCC=CCC=CCCCCC(=O)OC(COC(=O)CCCCC=CCC=CCCCCCCCC)COC(=O)CCCCCCCCCCCCCCC,[M+NH4]+,TG 16:0_18:2_18:2,"TG 16:0_18:2(6,9)_18:2(6,9)",0.2575,0.2965875,0.347736464,0.347736464,All,Some,45379859.48,33095337.92,43045254.24,24156637.17,,,,
P25721,22.61,952.83236,952.83277,0.430295864,C61H106O6,CCCCCCCCC=CCCCCCCCC(=O)OC(COC(=O)CCCCCC=CCC=CCC=CCC=CCCCCC)COC(=O)CCCCCCCCCC=CCCCCCC,[M+NH4]+,TG 18:1_18:1_22:4,"TG 18:1(11)_18:1(9)_22:4(7,10,13,16)",0.4118,0.593134,0.349785872,0.349785872,Some,Some,0,0,0,17478.5113,,,,
P19201,19.447,762.66052,762.66062,0.131119921,C47H84O6,CCCCCCCCC=CCCCCCCCC(=O)OC(COC(=O)CCCCC=CCC=CCCCCCCCC)COC(=O)CCCCCCC,[M+NH4]+,TG 8:0_18:1_18:2,"TG 8:0_18:1(9)_18:2(6,9)",0.364,0.79306,0.350475839,0.350475839,Some,Some,15569.13183,15414.20687,0,15217.90464,,,,
P21853,21.3,788.63986,788.67627,46.16596363,C49H86O6,CCCCCCCCC=CCC=CCCCCC(=O)OC(COC(=O)CCCCCCCC=CCC=CCCCCC)COC(=O)CCCCCCCCC,[M+NH4]+,TG 10:0_18:2_18:2,"TG 10:0_18:2(6,9)_18:2(9,12)",0.3212,0.6818,0.35132737,0.35132737,Some,Some,793450.6301,835000,1315000,1299741.331,,,,
P23450,21.865,846.68864,846.75452,77.80295049,C53H96O6,CCCCCCCCCC=CCCCCC(=O)OC(COC(=O)CCCCC=CCC=CCCCCCCCC)COC(=O)CCCCCCCCCCCCCCC,[M+NH4]+,TG 16:0_16:1_18:2,"TG 16:0_16:1(6)_18:2(6,9)",0.317333333,0.608345,0.351656486,0.351656486,All,Some,193818.3797,148073.0624,0,174852.9965,,,,
P21056,20.974,882.7549,882.7909,40.77975883,C57H100O5,CCCCCC=CCC=CCCCCCCCC(=O)OC(COC(=O)CCCCCCCC=CCC=CCC=CCC)COCCCCCC=CCCCCCCCCCCC,[M+NH4]+,TG O-18:1_18:2_18:3,"TG O-18:1(6)_18:2(9,12)_18:3(9,12,15)",0.264,0.243526,0.352027155,0.352027155,Some,Some,37498.82011,21390.89244,24106.88012,21901.94964,,,,
P25228,22.415,862.78562,862.8222,42.39575662,C55H104O5,CCCCCCCCCCCCCCCC(=O)OC(COC(=O)CCCCCCCC=CCCCCCCCC)COCCCCCCCCC=CCCCCCCCC,[M+NH4]+,TG O-18:1_16:0_18:1,TG O-18:1(9)_16:0_18:1(9),0.055,0.484635,0.354431845,0.354431845,All,Some,0,0,0,19681.14007,,,,
P26198,22.829,904.82334,904.83277,10.42181529,C57H106O6,CCCCCCC=CCCCCCCCCCC(=O)OC(COC(=O)CCCCCCCCCC=CCCCCCC)COC(=O)CCCCCCCCCCCCCCCCC,[M+NH4]+,TG 18:0_18:1_18:1,TG 18:0_18:1(11)_18:1(11),0.462,0.017885,0.358084611,0.358084611,All,Some,0,0,0,225711.1079,,,,
P22276,21.429,948.79254,948.80147,9.411874119,C61H102O6,CCCCCC=CCC=CCCCCCCCC(=O)OC(COC(=O)CCCCCC=CCC=CCC=CCC=CCCCCC)COC(=O)CCCCC=CCC=CCCCCCCCC,[M+NH4]+,TG 18:2_18:2_22:4,"TG 18:2(6,9)_18:2(9,12)_22:4(7,10,13,16)",0.5044,0.838406,0.358195799,0.358195799,Some,Some,80123.27166,95000.42155,102094.8571,101053.9617,,,,
P25271,22.432,846.71815,846.75452,42.95223603,C53H96O6,CCCCCCC=CCCCCCCCCCC(=O)OC(COC(=O)CCCCCCCCCC=CCCCCCC)COC(=O)CCCCC=CCCCCCCC,[M+NH4]+,TG 14:1_18:1_18:1,TG 14:1(6)_18:1(11)_18:1(11),0.569333333,0.646936667,0.358549614,0.358549614,All,All,7385.232975,15294.94011,8674.286093,10863.79342,,,,
P28646,23.714,850.78519,850.78582,0.74049189,C53H100O6,CCCCCCCCCCCCCCCC(=O)OC(COC(=O)CCCCC=CCCCCCCCCCCC)COC(=O)CCCCCCCCCCCCCCC,[M+NH4]+,TG 16:0_16:0_18:1,TG 16:0_16:0_18:1(6),0.265,0.52475,0.359760959,0.359760959,All,All,0,18349.32104,0,0,,,,
P22228,21.419,832.73803,832.77525,44.69393153,C53H98O5,CCCCCCCCC=CCCCCCC(=O)OC(COC(=O)CCCCCCCC=CCC=CCCCCC)COCCCCCCCCCCCCCCCC,[M+NH4]+,TG O-16:0_16:1_18:2,"TG O-16:0_16:1(7)_18:2(9,12)",0.382666667,0.56399,0.359818507,0.359818507,Some,Some,225462.8703,203370.5608,200869.5652,201602.7751,,,,
P20426,20.636,944.7699,944.77017,0.28578379,C61H98O6,CCCCCC=CCC=CCC=CCC=CCCCC(=O)OC(COC(=O)CCC=CCC=CCC=CCC=CCC=CCC=CCC)COC(=O)CCCCCCCCCCCCCCC,[M+NH4]+,TG 16:0_20:4_22:6,"TG 16:0_20:4(5,8,11,14)_22:6(4,7,10,13,16,19)",0.5805,0.77584,0.360116719,0.360116719,Some,Some,0,4695.560212,11404.98396,0,,,,
P25271,22.432,846.71815,846.75452,42.95223603,C53H96O6,CCCCCCC=CCCCCCCCCCC(=O)OC(COC(=O)CCCCCCCCCC=CCCCCCC)COC(=O)CCCCCCCC=CCCCC,[M+NH4]+,TG 14:1_18:1_18:1,TG 14:1(9)_18:1(11)_18:1(11),0.411,0.103615,0.361268325,0.361268325,All,All,7385.232975,15294.94011,8674.286093,10863.79342,,,,
P24080,22.05,912.801,912.83785,40.3686153,C59H106O5,CCCCCCCCC=CCC=CCCCCC(=O)OC(COC(=O)CCCCC=CCC=CCCCCCCCC)COCCCCCCCCCCC=CCCCCCCCC,[M+NH4]+,TG O-20:1_18:2_18:2,"TG O-20:1(11)_18:2(6,9)_18:2(6,9)",0.79,0.887355,0.36450682,0.36450682,Some,Some,21806.35464,15892.24667,26895.69447,0,,,,
P25228,22.415,862.78562,862.8222,42.39575662,C55H104O5,CCCCCCCCCCCCCCCC(=O)OC(COC(=O)CCCCCCCC=CCCCCCCCC)COCCCCCCCCCCC=CCCCCCC,[M+NH4]+,TG O-18:1_16:0_18:1,TG O-18:1(11)_16:0_18:1(9),0.2465,0.50673,0.365276127,0.365276127,All,Some,0,49954.04255,0,76329.6196,,,,
P25228,22.415,862.78562,862.8222,42.39575662,C55H104O5,CCCCCCCCCCCCCCCC(=O)OC(COC(=O)CCCCCCCCCC=CCCCCCC)COCCCCCCCCC=CCCCCCCCC,[M+NH4]+,TG O-18:1_16:0_18:1,TG O-18:1(9)_16:0_18:1(11),0.2465,0.50673,0.365276127,0.365276127,All,Some,0,51245.95745,0,90351.52047,,,,
P26559,22.947,797.62809,797.66296,43.71520523,C49H90O6,CCCCCCCCCCCC=CCCCCC(=O)OC(COC(=O)CCCCC=CCCCCCCCCCCC)COC(=O)CCCCCCCCC,[M+Na]+,TG 10:0_18:1_18:1,TG 10:0_18:1(6)_18:1(6),0.746,0.20574,0.365626072,0.365626072,All,All,0,0,0,0,,,,
P27369,23.23,860.80671,860.80655,0.185872192,C55H102O5,CCCCCCCCCCCCCCCC(=O)OC(COC(=O)CCCCC=CCC=CCCCCCCCC)COCCCCCCCCC=CCCCCCCCC,[M+NH4]+,TG O-18:1_16:0_18:2,"TG O-18:1(9)_16:0_18:2(6,9)",0.571,0.95868,0.36827805,0.36827805,Some,Some,9093.587198,14193.28686,9757.45552,10668.0505,,,,
P21056,20.974,882.7549,882.7909,40.77975883,C57H100O5,CCCCCC=CCC=CCCCCCCCC(=O)OC(COC(=O)CCCCCCCC=CCC=CCC=CCC)COCCCCCCCCCCC=CCCCCCC,[M+NH4]+,TG O-18:1_18:2_18:3,"TG O-18:1(11)_18:2(9,12)_18:3(9,12,15)",0.2516,0.243108,0.370032421,0.370032421,Some,Some,62294.12477,27262.53194,40159.22989,38756.82621,,,,
P20915,20.914,856.73895,856.77525,42.36817065,C55H98O5,CCCCCC=CCC=CCCCCCCCC(=O)OC(COC(=O)CCCCCCCC=CCC=CCC=CCC)COCCCCCCCCCCCCCCCC,[M+NH4]+,TG O-16:0_18:2_18:3,"TG O-16:0_18:2(9,12)_18:3(9,12,15)",0.206,0.18662,0.37174546,0.37174546,Some,Some,0,0,0,7293.31905,,,,
P21056,20.974,882.7549,882.7909,40.77975883,C57H100O5,CCCCCC=CCC=CCCCCCCCC(=O)OC(COC(=O)CCCCC=CCC=CCC=CCCCCC)COCCCCCCCCCCC=CCCCCCC,[M+NH4]+,TG O-18:1_18:2_18:3,"TG O-18:1(11)_18:2(9,12)_18:3(6,9,12)",0.582,0.35989,0.371950066,0.371950066,Some,Some,37498.82011,21390.89244,30329.3317,27653.26546,,,,
P21801,21.286,884.77007,884.80655,41.22935121,C57H102O5,CCCCCCCCC=CCC=CCCCCC(=O)OC(COC(=O)CCCCC=CCC=CCCCCCCCC)COCCCCCCCCCCC=CCCCCCC,[M+NH4]+,TG O-18:1_18:2_18:2,"TG O-18:1(11)_18:2(6,9)_18:2(6,9)",0.320333333,0.479216667,0.374452403,0.374452403,All,All,16927.0491,0,13323.10268,14552.20277,,,,
P25228,22.415,862.78562,862.8222,42.39575662,C55H104O5,CCCCCCCCCCCCCCCC(=O)OC(COC(=O)CCCCCCCCCC=CCCCCCC)COCCCCCCCCCCC=CCCCCCC,[M+NH4]+,TG O-18:1_16:0_18:1,TG O-18:1(11)_16:0_18:1(11),0.438,0.528825,0.376120409,0.376120409,All,All,0,51245.95745,0,90351.52047,,,,
P21056,20.974,882.7549,882.7909,40.77975883,C57H100O5,CCCCCCCCC=CCC=CCCCCC(=O)OC(COC(=O)CCCCC=CCC=CCC=CCCCCC)COCCCCCCCCCCC=CCCCCCC,[M+NH4]+,TG O-18:1_18:2_18:3,"TG O-18:1(11)_18:2(6,9)_18:3(6,9,12)",0.538666667,0.356353333,0.376508106,0.376508106,Some,Some,27849.85781,10548.18324,11235.06953,12967.45657,,,,
P20693,20.79,896.76188,896.77017,9.244286081,C57H98O6,CCCCCC=CCC=CCCCCCCCC(=O)OC(COC(=O)CCCCCCCC=CCC=CCC=CCC)COC(=O)CCCCC=CCCCCCCCCCCC,[M+NH4]+,TG 18:1_18:2_18:3,"TG 18:1(6)_18:2(9,12)_18:3(9,12,15)",0.699428571,0.3897,0.376569397,0.376569397,Some,Some,43719.57894,79165.16096,0,40979.90723,,,,
P25228,22.415,862.78562,862.8222,42.39575662,C55H104O5,CCCCCCCCCCCCCCCC(=O)OC(COC(=O)CCCCCCCC=CCCCCCCCC)COCCCCCC=CCCCCCCCCCCC,[M+NH4]+,TG O-18:1_16:0_18:1,TG O-18:1(6)_16:0_18:1(9),0.197,0.4669325,0.379014413,0.379014413,All,Some,0,101200,0,127318.8599,,,,
P25228,22.415,862.78562,862.8222,42.39575662,C55H104O5,CCCCCCCCCCCCCCCC(=O)OC(COC(=O)CCCCC=CCCCCCCCCCCC)COCCCCCCCCC=CCCCCCCCC,[M+NH4]+,TG O-18:1_16:0_18:1,TG O-18:1(9)_16:0_18:1(6),0.197,0.4669325,0.379014413,0.379014413,All,Some,0,51245.95745,0,70670.3804,,,,
P22123,21.396,898.7767,898.78582,10.14702257,C57H100O6,CCCCCCCCC=CCC=CCCCCC(=O)OC(COC(=O)CCCCC=CCC=CCCCCCCCC)COC(=O)CCCCCCCCCC=CCCCCCC,[M+NH4]+,TG 18:1_18:2_18:2,"TG 18:1(11)_18:2(6,9)_18:2(6,9)",0.3356,0.42235,0.379095992,0.379095992,All,All,178852.6759,184952.082,245947.3347,192558.6015,,,,
P22888,21.681,948.80094,948.80147,0.558599472,C61H102O6,CCCCCC=CCC=CCCCCCCCC(=O)OC(COC(=O)CCCCCC=CCC=CCC=CCC=CCC=CCC)COC(=O)CCCCC=CCCCCCCCCCCC,[M+NH4]+,TG 18:1_18:2_22:5,"TG 18:1(6)_18:2(9,12)_22:5(7,10,13,16,19)",0.433428571,0.874241429,0.38042932,0.38042932,Some,Some,20997.07347,15458.13155,18173.02524,18714.22313,,,,
P28965,23.898,906.84812,906.84842,0.330816037,C57H108O6,CCCCCCCCCCCCCCCCCC(=O)OC(COC(=O)CCCCCCCCCC=CCCCCCC)COC(=O)CCCCCCCCCCCCCCCCC,[M+NH4]+,TG 18:0_18:0_18:1,TG 18:0_18:0_18:1(11),0.949,0.07946,0.381774954,0.381774954,All,Some,697189.4223,531031.5009,487218.0451,659110.6729,,,,
P24401,22.201,912.8016,912.83785,39.71132442,C59H106O5,CCCCCCCCC=CCCCCCCCC(=O)OC(COC(=O)CCCCCCCC=CCC=CCCCCC)COCCCCCCCCCCC=CCC=CCCCCC,[M+NH4]+,TG O-20:2_18:1_18:2,"TG O-20:2(11,14)_18:1(9)_18:2(9,12)",0.3795,0.4795775,0.381873073,0.381873073,Some,Some,96893.96123,73770.54487,62419.04938,99978.47104,,,,
P21225,21.063,818.72287,818.72322,0.427494899,C51H92O6,CCCCCCCCC=CCCCCCC(=O)OC(COC(=O)CCCCCCCC=CCC=CCCCCC)COC(=O)CCCCCCCCCCCCC,[M+NH4]+,TG 14:0_16:1_18:2,"TG 14:0_16:1(7)_18:2(9,12)",0.608,0.54821,0.382563323,0.382563323,Some,Some,2794474.73,752979.0444,960393.7424,678770.0761,,,,
P21801,21.286,884.77007,884.80655,41.22935121,C57H102O5,CCCCCCCCC=CCC=CCCCCC(=O)OC(COC(=O)CCCCCCCC=CCC=CCCCCC)COCCCCCCCCCCC=CCCCCCC,[M+NH4]+,TG O-18:1_18:2_18:2,"TG O-18:1(11)_18:2(6,9)_18:2(9,12)",0.210857143,0.661277143,0.386758062,0.386758062,Some,Some,27980.99585,0,26023.23545,21300.20735,,,,
P22123,21.396,898.7767,898.78582,10.14702257,C57H100O6,CCCCCC=CCC=CCCCCCCCC(=O)OC(COC(=O)CCCCCCCC=CCC=CCCCCC)COC(=O)CCCCC=CCCCCCCCCCCC,[M+NH4]+,TG 18:1_18:2_18:2,"TG 18:1(6)_18:2(9,12)_18:2(9,12)",0.481333333,0.21725,0.389139511,0.389139511,All,Some,87023.45159,82531.65328,84198.06332,84425.90385,,,,
P25228,22.415,862.78562,862.8222,42.39575662,C55H104O5,CCCCCCCCCCCCCCCC(=O)OC(COC(=O)CCCCCCCCCC=CCCCCCC)COCCCCCC=CCCCCCCCCCCC,[M+NH4]+,TG O-18:1_16:0_18:1,TG O-18:1(6)_16:0_18:1(11),0.3885,0.4890275,0.389858695,0.389858695,All,Some,0,101200,0,127318.8599,,,,
P25228,22.415,862.78562,862.8222,42.39575662,C55H104O5,CCCCCCCCCCCCCCCC(=O)OC(COC(=O)CCCCC=CCCCCCCCCCCC)COCCCCCCCCCCC=CCCCCCC,[M+NH4]+,TG O-18:1_16:0_18:1,TG O-18:1(11)_16:0_18:1(6),0.3885,0.4890275,0.389858695,0.389858695,All,Some,0,49954.04255,0,76329.6196,,,,
P26108,22.796,928.82494,928.83277,8.429935132,C59H106O6,CCCCCCCCC=CCC=CCCCCC(=O)OC(COC(=O)CCCCCCCCCC=CCCCCCCCC)COC(=O)CCCCCCCCCC=CCCCCCC,[M+NH4]+,TG 18:1_18:2_20:1,"TG 18:1(11)_18:2(6,9)_20:1(11)",0.382,0.51467,0.390064662,0.390064662,All,Some,76258.60204,55699.10892,52375.96481,65042.66063,,,,
P22888,21.681,948.80094,948.80147,0.558599472,C61H102O6,CCCCCC=CCC=CCCCCCCCC(=O)OC(COC(=O)CCCCCC=CCC=CCC=CCC=CCC=CCC)COC(=O)CCCCCCCC=CCCCCCCCC,[M+NH4]+,TG 18:1_18:2_22:5,"TG 18:1(9)_18:2(9,12)_22:5(7,10,13,16,19)",0.391,0.884033333,0.390553135,0.390553135,Some,Some,56031.47808,41999.31959,50732.04667,52665.05614,,,,
P22123,21.396,898.7767,898.78582,10.14702257,C57H100O6,CCCCCCCCC=CCC=CCCCCC(=O)OC(COC(=O)CCCCCCCC=CCC=CCCCCC)COC(=O)CCCCCCCC=CCCCCCCCC,[M+NH4]+,TG 18:1_18:2_18:2,"TG 18:1(9)_18:2(6,9)_18:2(9,12)",0.3836,0.074274,0.390706021,0.390706021,Some,Some,161707.7571,141961.2085,229449.9906,174052.4434,,,,
P20693,20.79,896.76188,896.77017,9.244286081,C57H98O6,CCCCCC=CCC=CCCCCCCCC(=O)OC(COC(=O)CCCCCCCC=CCC=CCC=CCC)COC(=O)CCCCCCCC=CCCCCCCCC,[M+NH4]+,TG 18:1_18:2_18:3,"TG 18:1(9)_18:2(9,12)_18:3(9,12,15)",0.768333333,0.075816667,0.392017017,0.392017017,Some,Some,32769.87919,65421.67649,0,30280.3136,,,,
P12247,14.625,676.42162,676.49118,102.8246961,C36H70NO8P,CCCCC=CCCCCCCCC(=O)OC(COC(=O)CCCCCCCCCCCCC)COP(=O)([O-])OCC[N+](C)(C)C,[M+H]+,PC 14:0_14:1,PC 14:0_14:1(9),0.176,0.916925,0.398555,0.398555,All,Some,0,26929.67819,0,185000,,,,
P25228,22.415,862.78562,862.8222,42.39575662,C55H104O5,CCCCCCCCCCCCCCCC(=O)OC(COC(=O)CCCCC=CCCCCCCCCCCC)COCCCCCC=CCCCCCCCCCCC,[M+NH4]+,TG O-18:1_16:0_18:1,TG O-18:1(6)_16:0_18:1(6),0.339,0.44923,0.403596982,0.403596982,All,Some,0,49954.04255,0,56648.47953,,,,
P24477,22.207,898.78592,898.78582,0.111261212,C57H100O6,CCCCCCCCCCCC=CCCCCC(=O)OC(COC(=O)CCCC=CCC=CCC=CCC=CCCCCC)COC(=O)CCCCCCCCCCCCCCC,[M+NH4]+,TG 16:0_18:1_20:4,"TG 16:0_18:1(6)_20:4(5,8,11,14)",0.328,0.4835375,0.405300953,0.405300953,Some,Some,812970.948,885250.8261,855028.7072,853228.4074,,,,
P23172,21.775,848.76048,848.77017,11.41651809,C53H98O6,CCCCCCC=CCCCCCCCC(=O)OC(COC(=O)CCCCCCCCCC=CCCCCCC)COC(=O)CCCCCCCCCCCCCCC,[M+NH4]+,TG 16:0_16:1_18:1,TG 16:0_16:1(9)_18:1(11),0.808,0.53187,0.408839495,0.408839495,All,All,1361719.107,1144988.527,1439222.597,1331200,,,,
P26540,22.933,928.83214,928.83277,0.678270643,C59H106O6,CCCCCCCCC=CCC=CCCCCC(=O)OC(COC(=O)CCCCCCCCCCCC=CCCCCCC)COC(=O)CCCCCCCCCC=CCCCCCC,[M+NH4]+,TG 18:1_18:2_20:1,"TG 18:1(11)_18:2(6,9)_20:1(13)",0.458,0.596148,0.409754793,0.409754793,All,Some,55785.89249,253537.0717,0,140851.0359,,,,
P23450,21.865,846.68864,846.75452,77.80295049,C53H96O6,CCCCCCCCC=CCCCCCC(=O)OC(COC(=O)CCCCC=CCC=CCCCCCCCC)COC(=O)CCCCCCCCCCCCCCC,[M+NH4]+,TG 16:0_16:1_18:2,"TG 16:0_16:1(7)_18:2(6,9)",0.404,0.85858,0.411707271,0.411707271,Some,Some,195733.144,142898.4662,0,171263.6388,,,,
P3783,4.265,480.34529,480.34485,0.916008572,C24H50NO6P,CCCCCCCCCC=CCCCCCOCC(O)COP(=O)([O-])OCC[N+](C)(C)C,[M+H]+,LPC O-16:1,LPC O-16:1(6),0.929,0.411155,0.411836731,0.411836731,All,Some,0,0,13000,,,,,
P21056,20.974,882.7549,882.7909,40.77975883,C57H100O5,CCCCCC=CCC=CCCCCCCCC(=O)OC(COC(=O)CCCCC=CCC=CCC=CCCCCC)COCCCCCC=CCCCCCCCCCCC,[M+NH4]+,TG O-18:1_18:2_18:3,"TG O-18:1(6)_18:2(9,12)_18:3(6,9,12)",0.351,0.496675,0.412984824,0.412984824,Some,Some,37498.82011,21390.89244,24106.88012,21901.94964,,,,
P21817,21.289,844.67042,844.73887,81.03095812,C53H94O6,CCCCCCC=CCCCCCCCC(=O)OC(COC(=O)CCCCCCCC=CCC=CCC=CCC)COC(=O)CCCCCCCCCCCCCCC,[M+NH4]+,TG 16:0_16:1_18:3,"TG 16:0_16:1(9)_18:3(9,12,15)",0.682,0.3731825,0.413005758,0.413005758,All,Some,14281.80894,17569.87978,17921.0138,12578.15923,,,,
P25814,22.633,928.82401,928.83277,9.431191796,C59H106O6,CCCCCCCCCCCC=CCCCCC(=O)OC(COC(=O)CCCCCCCCCC=CCC=CCCCCC)COC(=O)CCCCCCCCCC=CCCCCCC,[M+NH4]+,TG 18:1_18:1_20:2,"TG 18:1(11)_18:1(6)_20:2(11,14)",0.313,0.49289,0.413790564,0.413790564,All,Some,50242.18302,55498.94648,67534.47264,60721.52412,,,,
P26108,22.796,928.82494,928.83277,8.429935132,C59H106O6,CCCCCC=CCC=CCCCCCCCC(=O)OC(COC(=O)CCCCCCCCCCCC=CCCCCCC)COC(=O)CCCCCCCCCC=CCCCCCC,[M+NH4]+,TG 18:1_18:2_20:1,"TG 18:1(11)_18:2(9,12)_20:1(13)",0.36,0.47879,0.418261699,0.418261699,All,Some,35044.40612,24215.02859,32503.90757,35088.80376,,,,
P21817,21.289,844.67042,844.73887,81.03095812,C53H94O6,CCCCCCCCCC=CCCCCC(=O)OC(COC(=O)CCCCCCCC=CCC=CCC=CCC)COC(=O)CCCCCCCCCCCCCCC,[M+NH4]+,TG 16:0_16:1_18:3,"TG 16:0_16:1(6)_18:3(9,12,15)",0.509,0.53805,0.418614957,0.418614957,All,Some,29354.24011,47129.98975,30334.01631,23655.56239,,,,
P25814,22.633,928.82401,928.83277,9.431191796,C59H106O6,CCCCCCCCC=CCCCCCCCC(=O)OC(COC(=O)CCCCCCCCCC=CCC=CCCCCC)COC(=O)CCCCCCCC=CCCCCCCCC,[M+NH4]+,TG 18:1_18:1_20:2,"TG 18:1(9)_18:1(9)_20:2(11,14)",0.312,0.0835725,0.419023106,0.419023106,Some,Some,23731.23756,44902.23346,7393.584446,12314.55209,,,,
P25885,22.655,914.817,914.8535,39.89709828,C59H108O5,CCCCCCCCCCCC=CCCCCC(=O)OC(COC(=O)CCCCC=CCC=CCCCCCCCC)COCCCCCCCCCCCCC=CCCCCCC,[M+NH4]+,TG O-20:1_18:1_18:2,"TG O-20:1(13)_18:1(6)_18:2(6,9)",0.58,0.2953175,0.419212338,0.419212338,Some,Some,105336.4772,59591.33767,66082.40734,105776.5937,,,,
P22123,21.396,898.7767,898.78582,10.14702257,C57H100O6,CCCCCCCCC=CCC=CCCCCC(=O)OC(COC(=O)CCCCCCCC=CCC=CCCCCC)COC(=O)CCCCCCCCCC=CCCCCCC,[M+NH4]+,TG 18:1_18:2_18:2,"TG 18:1(11)_18:2(6,9)_18:2(9,12)",0.443,0.2917575,0.419934483,0.419934483,Some,Some,178852.6759,190600.7649,243695.2077,192558.6015,,,,
P24519,22.217,818.6865,818.72322,44.85032194,C51H92O6,CCCCCCCCCCCC=CCCCCC(=O)OC(COC(=O)CCCCCCCC=CCC=CCCCCC)COC(=O)CCCCCCCCCCC,[M+NH4]+,TG 12:0_18:1_18:2,"TG 12:0_18:1(6)_18:2(9,12)",0.501333333,0.762535,0.42042541,0.42042541,All,Some,81000.48628,73905.95478,76475.5377,86784.10117,,,,
P22123,21.396,898.7767,898.78582,10.14702257,C57H100O6,CCCCCCCCC=CCC=CCCCCC(=O)OC(COC(=O)CCCCC=CCC=CCCCCCCCC)COC(=O)CCCCC=CCCCCCCCCCCC,[M+NH4]+,TG 18:1_18:2_18:2,"TG 18:1(6)_18:2(6,9)_18:2(6,9)",0.637333333,0.394516667,0.420738248,0.420738248,Some,Some,87023.45159,88180.33611,84198.06332,111239.5709,,,,
P20681,20.786,894.75459,894.75452,0.078233748,C57H96O6,CCCCCCCCC=CCC=CCCCCC(=O)OC(COC(=O)CCCCCCCC=CCC=CCC=CCC)COC(=O)CCCCC=CCC=CCCCCCCCC,[M+NH4]+,TG 18:2_18:2_18:3,"TG 18:2(6,9)_18:2(6,9)_18:3(9,12,15)",0.5928,0.884362,0.421844568,0.421844568,Some,Some,388359.4525,368667.2833,824572.5581,352457.4294,,,,
P22888,21.681,948.80094,948.80147,0.558599472,C61H102O6,CCCCCCCCC=CCC=CCCCCC(=O)OC(COC(=O)CCCCCC=CCC=CCC=CCC=CCC=CCC)COC(=O)CCCCC=CCCCCCCCCCCC,[M+NH4]+,TG 18:1_18:2_22:5,"TG 18:1(6)_18:2(6,9)_22:5(7,10,13,16,19)",0.456571429,0.872681429,0.424106705,0.424106705,Some,Some,6005.63893,3394.273618,3590.60637,3096.393837,,,,
P25721,22.61,952.83236,952.83277,0.430295864,C61H106O6,CCCCCCCCCCCC=CCCCCC(=O)OC(COC(=O)CCCCCC=CCC=CCC=CCC=CCCCCC)COC(=O)CCCCC=CCCCCCCCCCCC,[M+NH4]+,TG 18:1_18:1_22:4,"TG 18:1(6)_18:1(6)_22:4(7,10,13,16)",0.484333333,0.51565,0.426250845,0.426250845,Some,Some,0,0,0,126339.9681,,,,
P25721,22.61,952.83236,952.83277,0.430295864,C61H106O6,CCCCCCCCC=CCCCCCCCC(=O)OC(COC(=O)CCCCCC=CCC=CCC=CCC=CCCCCC)COC(=O)CCCCCCCC=CCCCCCCCC,[M+NH4]+,TG 18:1_18:1_22:4,"TG 18:1(9)_18:1(9)_22:4(7,10,13,16)",0.514666667,0.763621667,0.426392927,0.426392927,Some,Some,0,0,0,56818.12986,,,,
P22228,21.419,832.73803,832.77525,44.69393153,C53H98O5,CCCCCCC=CCCCCCCCC(=O)OC(COC(=O)CCCCC=CCC=CCCCCCCCC)COCCCCCCCCCCCCCCCC,[M+NH4]+,TG O-16:0_16:1_18:2,"TG O-16:0_16:1(9)_18:2(6,9)",0.372666667,0.8769,0.427282398,0.427282398,All,Some,51398.62368,0,51511.19334,36792.29079,,,,
P20693,20.79,896.76188,896.77017,9.244286081,C57H98O6,CCCCCC=CCC=CCCCCCCCC(=O)OC(COC(=O)CCCCCCCC=CCC=CCC=CCC)COC(=O)CCCCCCCCCC=CCCCCCC,[M+NH4]+,TG 18:1_18:2_18:3,"TG 18:1(11)_18:2(9,12)_18:3(9,12,15)",0.756857143,0.304475714,0.427434577,0.427434577,Some,Some,4891.839637,9541.96899,0,3219.665873,,,,
P11504,14.231,750.49192,750.54322,68.35049419,C43H76NO7P,CCC=CCC=CCC=CCC=CCCCCCCC(=O)OC(COCCCCCCCCC=CCC=CCCCCC)COP(=O)(O)OCCN,[M+H]+,PE O-18:2_20:4,"PE O-18:2(9,12)_20:4(8,11,14,17)",0.267666667,0.726021667,0.427804521,0.427804521,Some,Some,13629.15725,43119.17071,11229.4857,12562.75079,,,,
P22276,21.429,948.79254,948.80147,9.411874119,C61H102O6,CCCCCCCCC=CCC=CCCCCC(=O)OC(COC(=O)CCCCCC=CCC=CCC=CCC=CCCCCC)COC(=O)CCCCC=CCC=CCCCCCCCC,[M+NH4]+,TG 18:2_18:2_22:4,"TG 18:2(6,9)_18:2(6,9)_22:4(7,10,13,16)",0.249,0.8426275,0.428692717,0.428692717,Some,Some,27184.52806,20266.7566,7089.770183,20307.98421,,,,
P26310,22.853,878.80712,878.81712,11.37893172,C55H104O6,CCCCCCCCCCCCCCCCCC(=O)OC(COC(=O)CCCCC=CCCCCCCCCCCC)COC(=O)CCCCCCCCCCCCCCC,[M+NH4]+,TG 16:0_18:0_18:1,TG 16:0_18:0_18:1(6),0.732,0.88353,0.429009295,0.429009295,All,All,4898282.695,5349685.37,5332613.391,7002496.999,,,,
P22228,21.419,832.73803,832.77525,44.69393153,C53H98O5,CCCCCCC=CCCCCCCCC(=O)OC(COC(=O)CCCCCCCC=CCC=CCCCCC)COCCCCCCCCCCCCCCCC,[M+NH4]+,TG O-16:0_16:1_18:2,"TG O-16:0_16:1(9)_18:2(9,12)",0.2036,0.434448,0.429977452,0.429977452,All,Some,235474.8038,319285.8123,231827.5671,265085.6515,,,,
P24184,22.086,860.76978,860.80655,42.71575303,C55H102O5,CCCCCCC=CCCCCCCCCCC(=O)OC(COC(=O)CCCCCCCC=CCC=CCCCCC)COCCCCCCCCCCCCCCCC,[M+NH4]+,TG O-16:0_18:1_18:2,"TG O-16:0_18:1(11)_18:2(9,12)",0.432,0.363702,0.430658023,0.430658023,All,Some,646041.704,652324.9952,615622.682,563754.7265,,,,
P22888,21.681,948.80094,948.80147,0.558599472,C61H102O6,CCCCCCCCC=CCC=CCCCCC(=O)OC(COC(=O)CCC=CCC=CCC=CCC=CCC=CCCCCC)COC(=O)CCCCC=CCCCCCCCCCCC,[M+NH4]+,TG 18:1_18:2_22:5,"TG 18:1(6)_18:2(6,9)_22:5(4,7,10,13,16)",0.465857143,0.854217857,0.431335421,0.431335421,Some,Some,63927.19356,46703.66373,54636.92931,59531.06107,,,,
P24518,22.216,950.81702,950.81712,0.105172696,C61H104O6,CCCCCC=CCC=CCCCCCCCC(=O)OC(COC(=O)CCCCCC=CCC=CCC=CCC=CCCCCC)COC(=O)CCCCC=CCCCCCCCCCCC,[M+NH4]+,TG 18:1_18:2_22:4,"TG 18:1(6)_18:2(9,12)_22:4(7,10,13,16)",0.4564,0.572688,0.432822623,0.432822623,Some,Some,95740.20664,95794.49202,112789.2267,108918.1485,,,,
P23170,21.775,846.75378,846.75452,0.873925066,C53H96O6,CCCCCCC=CCCCCCCCCCC(=O)OC(COC(=O)CCCCCCCC=CCC=CCCCCC)COC(=O)CCCCCCCCCCCCC,[M+NH4]+,TG 14:0_18:1_18:2,"TG 14:0_18:1(11)_18:2(9,12)",0.6475,0.0739975,0.433794863,0.433794863,All,Some,6729378.176,6442201.338,6984276.502,6477751.756,,,,
P22228,21.419,832.73803,832.77525,44.69393153,C53H98O5,CCCCCCCCC=CCCCCCC(=O)OC(COC(=O)CCCCC=CCC=CCCCCCCCC)COCCCCCCCCCCCCCCCC,[M+NH4]+,TG O-16:0_16:1_18:2,"TG O-16:0_16:1(7)_18:2(6,9)",0.534,0.89038,0.435839177,0.435839177,Some,Some,66468.3546,60526.47082,94750.6013,89862.90578,,,,
P24375,22.197,846.68181,846.75452,85.86904266,C53H96O6,CCCCCCC=CCC=CCCCCC(=O)OC(COC(=O)CCCCCCCC=CCCCCCCCC)COC(=O)CCCCCCCCCCCCCCC,[M+NH4]+,TG 16:0_16:2_18:1,"TG 16:0_16:2(6,9)_18:1(9)",0.403333333,0.596785,0.43596442,0.43596442,All,Some,61067.20343,70995.58757,0,0,,,,
P21817,21.289,844.67042,844.73887,81.03095812,C53H94O6,CCCCCCC=CCCCCCCCC(=O)OC(COC(=O)CCCCC=CCC=CCC=CCCCCC)COC(=O)CCCCCCCCCCCCCCC,[M+NH4]+,TG 16:0_16:1_18:3,"TG 16:0_16:1(9)_18:3(6,9,12)",0.436857143,0.634508571,0.436719126,0.436719126,All,Some,10414.17047,13922.12109,14780.21757,10803.27235,,,,
P23170,21.775,846.75378,846.75452,0.873925066,C53H96O6,CCCCCCCCC=CCCCCCCCC(=O)OC(COC(=O)CCCCC=CCC=CCCCCCCCC)COC(=O)CCCCCCCCCCCCC,[M+NH4]+,TG 14:0_18:1_18:2,"TG 14:0_18:1(9)_18:2(6,9)",0.584,0.92372,0.436846291,0.436846291,Some,Some,7819605.84,6869288.781,8057785.668,7298784.165,,,,
P23170,21.775,846.75378,846.75452,0.873925066,C53H96O6,CCCCCCCCC=CCCCCCCCC(=O)OC(COC(=O)CCCCCCCC=CCC=CCCCCC)COC(=O)CCCCCCCCCCCCC,[M+NH4]+,TG 14:0_18:1_18:2,"TG 14:0_18:1(9)_18:2(9,12)",0.539,0.80571,0.436846291,0.436846291,Some,Some,1331536.016,1247167.111,1524346.062,1257407.901,,,,
P23883,21.988,922.78724,922.78582,1.538818618,C59H100O6,CCCCCCC=CCCCCCCCCCC(=O)OC(COC(=O)CCC=CCC=CCC=CCC=CCC=CCC=CCC)COC(=O)CCCCCCCCCCCCCCC,[M+NH4]+,TG 16:0_18:1_22:6,"TG 16:0_18:1(11)_22:6(4,7,10,13,16,19)",0.547846154,0.688136154,0.43870854,0.43870854,All,Some,910532.642,898946.017,831336.7959,934044.7067,,,,
P21853,21.3,788.63986,788.67627,46.16596363,C49H86O6,CCCCCC=CCC=CCCCCCCCC(=O)OC(COC(=O)CCCCCCCC=CCC=CCCCCC)COC(=O)CCCCCCCCC,[M+NH4]+,TG 10:0_18:2_18:2,"TG 10:0_18:2(9,12)_18:2(9,12)",0.3225,0.6813375,0.439159213,0.439159213,All,Some,796549.3699,835000,1315000,1310258.669,,,,
P24781,22.31,827.71073,827.70991,0.990685251,C51H96O6,CCCCCCCCCCCCCCCC(=O)OC(COC(=O)CCCCCC=CCCCCCCCC)COC(=O)CCCCCCCCCCCCCCC,[M+Na]+,TG 16:0_16:0_16:1,TG 16:0_16:0_16:1(7),0.602,0.079315,0.439885419,0.439885419,All,All,213059.126,0,351816.4436,558536.1337,,,,
P26310,22.853,878.80712,878.81712,11.37893172,C55H104O6,CCCCCCCCCCCCCCCCCC(=O)OC(COC(=O)CCCCCCCC=CCCCCCCCC)COC(=O)CCCCCCCCCCCCCCC,[M+NH4]+,TG 16:0_18:0_18:1,TG 16:0_18:0_18:1(9),0.075,0.04874,0.440750926,0.440750926,All,Some,25101717.31,15750314.63,18667386.61,22697503,,,,
P21817,21.289,844.67042,844.73887,81.03095812,C53H94O6,CCCCCCCCCC=CCCCCC(=O)OC(COC(=O)CCCCC=CCC=CCC=CCCCCC)COC(=O)CCCCCCCCCCCCCCC,[M+NH4]+,TG 16:0_16:1_18:3,"TG 16:0_16:1(6)_18:3(6,9,12)",0.239142857,0.822928571,0.443129639,0.443129639,All,Some,25597.94104,43684.04212,28132.28528,20498.63086,,,,
P24375,22.197,846.68181,846.75452,85.86904266,C53H96O6,CCCCCCC=CCC=CCCCCC(=O)OC(COC(=O)CCCCC=CCCCCCCCCCCC)COC(=O)CCCCCCCCCCCCCCC,[M+NH4]+,TG 16:0_16:2_18:1,"TG 16:0_16:2(6,9)_18:1(6)",0.415,0.5857,0.443536614,0.443536614,All,Some,63356.66515,76143.35885,0,0,,,,
P24781,22.31,827.71073,827.70991,0.990685251,C51H96O6,CCCCCCCCCCCCCCCC(=O)OC(COC(=O)CCCCC=CCCCCCCCCC)COC(=O)CCCCCCCCCCCCCCC,[M+Na]+,TG 16:0_16:0_16:1,TG 16:0_16:0_16:1(6),0.523,0.090535,0.444319544,0.444319544,All,All,526940.874,758000,288183.5564,190463.8663,,,,
P22888,21.681,948.80094,948.80147,0.558599472,C61H102O6,CCCCCCCCC=CCC=CCCCCC(=O)OC(COC(=O)CCCCCC=CCC=CCC=CCC=CCC=CCC)COC(=O)CCCCCCCC=CCCCCCCCC,[M+NH4]+,TG 18:1_18:2_22:5,"TG 18:1(9)_18:2(6,9)_22:5(7,10,13,16,19)",0.5656,0.859084,0.445431295,0.445431295,Some,Some,23886.57899,17678.94629,18385.16172,19024.47084,,,,
P22888,21.681,948.80094,948.80147,0.558599472,C61H102O6,CCCCCC=CCC=CCCCCCCCC(=O)OC(COC(=O)CCC=CCC=CCC=CCC=CCC=CCCCCC)COC(=O)CCCCCCCCCC=CCCCCCC,[M+NH4]+,TG 18:1_18:2_22:5,"TG 18:1(11)_18:2(9,12)_22:5(4,7,10,13,16)",0.5082,0.859245,0.446078832,0.446078832,Some,Some,110784.7749,90829.22076,99994.85179,104267.5646,,,,
P24518,22.216,950.81702,950.81712,0.105172696,C61H104O6,CCCCCC=CCC=CCCCCCCCC(=O)OC(COC(=O)CCCCCC=CCC=CCC=CCC=CCCCCC)COC(=O)CCCCCCCCCC=CCCCCCC,[M+NH4]+,TG 18:1_18:2_22:4,"TG 18:1(11)_18:2(9,12)_22:4(7,10,13,16)",0.4816,0.577278,0.446890863,0.446890863,Some,Some,210304.4796,203497.1657,216528.9249,233647.3463,,,,
P22888,21.681,948.80094,948.80147,0.558599472,C61H102O6,CCCCCC=CCC=CCCCCCCCC(=O)OC(COC(=O)CCC=CCC=CCC=CCC=CCC=CCCCCC)COC(=O)CCCCC=CCCCCCCCCCCC,[M+NH4]+,TG 18:1_18:2_22:5,"TG 18:1(6)_18:2(9,12)_22:5(4,7,10,13,16)",0.5708,0.863696,0.45027719,0.45027719,Some,Some,7943.30734,5084.404702,4268.264574,5116.045612,,,,
P20681,20.786,894.75459,894.75452,0.078233748,C57H96O6,CCCCCC=CCC=CCCCCCCCC(=O)OC(COC(=O)CCCCC=CCC=CCC=CCCCCC)COC(=O)CCCCCCCC=CCC=CCCCCC,[M+NH4]+,TG 18:2_18:2_18:3,"TG 18:2(9,12)_18:2(9,12)_18:3(6,9,12)",0.609333333,0.65366,0.450823004,0.450823004,Some,Some,33723.46757,30907.5708,54836.10608,56424.57531,,,,
P24518,22.216,950.81702,950.81712,0.105172696,C61H104O6,CCCCCCCCC=CCC=CCCCCC(=O)OC(COC(=O)CCCCCC=CCC=CCC=CCC=CCCCCC)COC(=O)CCCCCCCCCC=CCCCCCC,[M+NH4]+,TG 18:1_18:2_22:4,"TG 18:1(11)_18:2(6,9)_22:4(7,10,13,16)",0.565777778,0.703964444,0.45371599,0.45371599,Some,Some,108401.2997,127604.1501,116432.6712,149140.7629,,,,
P22370,21.45,922.7817,922.78582,4.464741342,C59H100O6,CCCCCC=CCC=CCCCCCCCC(=O)OC(COC(=O)CCCCCCC=CCC=CCC=CCC=CCC)COC(=O)CCCCC=CCCCCCCCCCCC,[M+NH4]+,TG 18:1_18:2_20:4,"TG 18:1(6)_18:2(9,12)_20:4(8,11,14,17)",0.548571429,0.446801429,0.454540344,0.454540344,Some,Some,0,0,0,48196.96375,,,,
P25485,22.523,914.81676,914.8535,40.15943536,C59H108O5,CCCCCCCCCCCC=CCCCCC(=O)OC(COC(=O)CCCCCCCC=CCC=CCCCCC)COCCCCCCCCCCCCC=CCCCCCC,[M+NH4]+,TG O-20:1_18:1_18:2,"TG O-20:1(13)_18:1(6)_18:2(9,12)",0.465428571,0.556511429,0.456751669,0.456751669,All,All,0,61918.08288,89346.72334,55005.77265,,,,
P26695,22.979,916.83238,916.86915,40.10386869,C59H110O5,CCCCCCCCC=CCCCCCCCC(=O)OC(COC(=O)CCCCCCCC=CCCCCCCCC)COCCCCCCCCCCC=CCCCCCCCC,[M+NH4]+,TG O-20:1_18:1_18:1,TG O-20:1(11)_18:1(9)_18:1(9),0.39,0.956515,0.459469811,0.459469811,All,All,97097.58546,63619.10764,75423.71134,105708.4426,,,,
P26695,22.979,916.83238,916.86915,40.10386869,C59H110O5,CCCCCCC=CCCCCCCCCCC(=O)OC(COC(=O)CCCCCCCC=CCCCCCCCC)COCCCCCCCCCCCCC=CCCCCCC,[M+NH4]+,TG O-20:1_18:1_18:1,TG O-20:1(13)_18:1(11)_18:1(9),0.39,0.956515,0.459469811,0.459469811,Some,Some,115018.6914,106785.9844,107777.3196,118834.4445,,,,
P22123,21.396,898.7767,898.78582,10.14702257,C57H100O6,CCCCCC=CCC=CCCCCCCCC(=O)OC(COC(=O)CCCCCCCC=CCC=CCCCCC)COC(=O)CCCCCCCCCC=CCCCCCC,[M+NH4]+,TG 18:1_18:2_18:2,"TG 18:1(11)_18:2(9,12)_18:2(9,12)",0.393333333,0.22082,0.463141982,0.463141982,All,Some,415699.3385,436064.7845,411947.5815,462586.4124,,,,
P23883,21.988,922.78724,922.78582,1.538818618,C59H100O6,CCCCCCCCCCCC=CCCCCC(=O)OC(COC(=O)CCC=CCC=CCC=CCC=CCC=CCC=CCC)COC(=O)CCCCCCCCCCCCCCC,[M+NH4]+,TG 16:0_18:1_22:6,"TG 16:0_18:1(6)_22:6(4,7,10,13,16,19)",0.644909091,0.582852727,0.46434645,0.46434645,Some,Some,770068.1453,767830.4705,797023.7461,875616.0791,,,,
P26308,22.853,876.80078,876.80147,0.786951235,C55H102O6,CCCCCCCCCCCC=CCCCCC(=O)OC(COC(=O)CCCCCCCC=CCCCCCCCC)COC(=O)CCCCCCCCCCCCCCC,[M+NH4]+,TG 16:0_18:1_18:1,TG 16:0_18:1(6)_18:1(9),0.4345,0.7257025,0.464775052,0.464775052,All,Some,51633813.26,32211781.89,58196184.86,52267370.27,,,,
P25721,22.61,952.83236,952.83277,0.430295864,C61H106O6,CCCCCCCCC=CCCCCCCCC(=O)OC(COC(=O)CCCCCC=CCC=CCC=CCC=CCCCCC)COC(=O)CCCCC=CCCCCCCCCCCC,[M+NH4]+,TG 18:1_18:1_22:4,"TG 18:1(6)_18:1(9)_22:4(7,10,13,16)",0.54625,0.70038625,0.465262828,0.465262828,Some,Some,0,0,0,48119.99268,,,,
P24184,22.086,860.76978,860.80655,42.71575303,C55H102O5,CCCCCCCCCCCC=CCCCCC(=O)OC(COC(=O)CCCCCCCC=CCC=CCCCCC)COCCCCCCCCCCCCCCCC,[M+NH4]+,TG O-16:0_18:1_18:2,"TG O-16:0_18:1(6)_18:2(9,12)",0.431333333,0.586456667,0.465680786,0.465680786,All,Some,307832.945,238200.5042,191068.7338,138210.8362,,,,
P21801,21.286,884.77007,884.80655,41.22935121,C57H102O5,CCCCCCCCC=CCC=CCCCCC(=O)OC(COC(=O)CCCCC=CCC=CCCCCCCCC)COCCCCCC=CCCCCCCCCCCC,[M+NH4]+,TG O-18:1_18:2_18:2,"TG O-18:1(6)_18:2(6,9)_18:2(6,9)",0.1855,0.673215,0.466655317,0.466655317,Some,Some,40368.09364,0,34529.8068,31176.79919,,,,
P12247,14.625,676.42162,676.49118,102.8246961,C36H70NO8P,CCCCCCCC=CCCCCC(=O)OC(COC(=O)CCCCCCCCCCCCC)COP(=O)([O-])OCC[N+](C)(C)C,[M+H]+,PC 14:0_14:1,PC 14:0_14:1(6),0.146,0.80889,0.466947483,0.466947483,All,Some,0,109934.4458,0,0,,,,
P24519,22.217,818.6865,818.72322,44.85032194,C51H92O6,CCCCCCC=CCCCCCCCCCC(=O)OC(COC(=O)CCCCCCCC=CCC=CCCCCC)COC(=O)CCCCCCCCCCC,[M+NH4]+,TG 12:0_18:1_18:2,"TG 12:0_18:1(11)_18:2(9,12)",0.56,0.889488333,0.467427169,0.467427169,All,Some,159765.4393,195348.6317,208138.0288,260704.607,,,,
P26163,22.819,902.81617,902.81712,1.052261836,C57H104O6,CCCCCCC=CCCCCCCCCCC(=O)OC(COC(=O)CCCCC=CCC=CCCCCCCCC)COC(=O)CCCCCCCCCCCCCCCCC,[M+NH4]+,TG 18:0_18:1_18:2,"TG 18:0_18:1(11)_18:2(6,9)",0.41,0.301515,0.46763075,0.46763075,All,Some,7234409.817,1503807.514,1478306.562,4399522.904,,,,
P23170,21.775,846.75378,846.75452,0.873925066,C53H96O6,CCCCCCC=CCCCCCCCCCC(=O)OC(COC(=O)CCCCC=CCC=CCCCCCCCC)COC(=O)CCCCCCCCCCCCC,[M+NH4]+,TG 14:0_18:1_18:2,"TG 14:0_18:1(11)_18:2(6,9)",0.565,0.597506667,0.467997304,0.467997304,All,Some,10041205.11,9824805.662,10457937.83,9239847.004,,,,
P20681,20.786,894.75459,894.75452,0.078233748,C57H96O6,CCCCCC=CCC=CCCCCCCCC(=O)OC(COC(=O)CCCCC=CCC=CCC=CCCCCC)COC(=O)CCCCC=CCC=CCCCCCCCC,[M+NH4]+,TG 18:2_18:2_18:3,"TG 18:2(6,9)_18:2(9,12)_18:3(6,9,12)",0.582666667,0.63644,0.468075707,0.468075707,Some,Some,357198.9685,344074.6407,764094.8773,362629.5462,,,,
P21817,21.289,844.67042,844.73887,81.03095812,C53H94O6,CCCCCCCCC=CCCCCCC(=O)OC(COC(=O)CCCCCCCC=CCC=CCC=CCC)COC(=O)CCCCCCCCCCCCCCC,[M+NH4]+,TG 16:0_16:1_18:3,"TG 16:0_16:1(7)_18:3(9,12,15)",0.587,0.595851667,0.468255709,0.468255709,Some,Some,30639.70413,46066.92864,32709.73226,26193.486,,,,
P22276,21.429,948.79254,948.80147,9.411874119,C61H102O6,CCCCCC=CCC=CCCCCCCCC(=O)OC(COC(=O)CCCCCC=CCC=CCC=CCC=CCCCCC)COC(=O)CCCCCCCC=CCC=CCCCCC,[M+NH4]+,TG 18:2_18:2_22:4,"TG 18:2(9,12)_18:2(9,12)_22:4(7,10,13,16)",0.223333333,0.855393333,0.469759697,0.469759697,Some,Some,175692.2003,197732.8219,219815.3727,215638.054,,,,
P13171,15.053,674.47438,674.47553,1.705028498,C36H68NO8P,CCCCCCCCC=CCCCC(=O)OC(COC(=O)CCCC=CCCCCCCCC)COP(=O)([O-])OCC[N+](C)(C)C,[M+H]+,PC 14:1_14:1,PC 14:1(5)_14:1(5),0.773,0.854705,0.470951522,0.470951522,All,Some,0,0,184.6866525,0,,,,
P24477,22.207,898.78592,898.78582,0.111261212,C57H100O6,CCCCCCCCCCCC=CCCCCC(=O)OC(COC(=O)CCCCCCC=CCC=CCC=CCC=CCC)COC(=O)CCCCCCCCCCCCCCC,[M+NH4]+,TG 16:0_18:1_20:4,"TG 16:0_18:1(6)_20:4(8,11,14,17)",0.535,0.35678,0.471163423,0.471163423,Some,Some,3907176.553,3466619.105,3684913.878,3540756.628,,,,
P22370,21.45,922.7817,922.78582,4.464741342,C59H100O6,CCCCCC=CCC=CCCCCCCCC(=O)OC(COC(=O)CCCC=CCC=CCC=CCC=CCCCCC)COC(=O)CCCCCCCCCC=CCCCCCC,[M+NH4]+,TG 18:1_18:2_20:4,"TG 18:1(11)_18:2(9,12)_20:4(5,8,11,14)",0.551333333,0.748706667,0.471725394,0.471725394,Some,Some,0,0,0,137775.6543,,,,
P12247,14.625,676.42162,676.49118,102.8246961,C36H70NO8P,CCCCCCCCC=CCCCC(=O)OC(COC(=O)CCCCCCCCCCCCC)COP(=O)([O-])OCC[N+](C)(C)C,[M+H]+,PC 14:0_14:1,PC 14:0_14:1(5),0.439,0.83489,0.472467037,0.472467037,All,Some,0,6135.876043,0,0,,,,
P22504,21.533,858.75413,858.7909,42.81601028,C55H100O5,CCCCCCCCC=CCC=CCCCCC(=O)OC(COC(=O)CCCCC=CCC=CCCCCCCCC)COCCCCCCCCCCCCCCCC,[M+NH4]+,TG O-16:0_18:2_18:2,"TG O-16:0_18:2(6,9)_18:2(6,9)",0.5195,0.6818225,0.475917163,0.475917163,All,All,446779.8913,327179.1063,462188.5522,376398.5972,,,,
P28516,23.651,918.84839,918.8848,39.62411828,C59H112O5,CCCCCCCCCCCCCCCCCC(=O)OC(COC(=O)CCCCCCCC=CCCCCCCCC)COCCCCCCCCCCC=CCCCCCCCC,[M+NH4]+,TG O-20:1_18:0_18:1,TG O-20:1(11)_18:0_18:1(9),0.456,0.11722,0.477419314,0.477419314,All,Some,49833.30393,30417.99782,30086.31964,68997.53533,,,,
P22123,21.396,898.7767,898.78582,10.14702257,C57H100O6,CCCCCCCCC=CCC=CCCCCC(=O)OC(COC(=O)CCCCCCCC=CCC=CCCCCC)COC(=O)CCCCC=CCCCCCCCCCCC,[M+NH4]+,TG 18:1_18:2_18:2,"TG 18:1(6)_18:2(6,9)_18:2(9,12)",0.514,0.106108,0.479206102,0.479206102,Some,Some,501813.5899,523534.8072,491080.0703,559777.5129,,,,
P23421,21.862,790.65502,790.69192,46.66798669,C49H88O6,CCCCCCC=CCCCCCCCCCC(=O)OC(COC(=O)CCCCCCCC=CCC=CCCCCC)COC(=O)CCCCCCCCC,[M+NH4]+,TG 10:0_18:1_18:2,"TG 10:0_18:1(11)_18:2(9,12)",0.490333333,0.771853333,0.479555494,0.479555494,All,Some,1928714.191,2822203.575,1832830.69,1987689.03,,,,
P22888,21.681,948.80094,948.80147,0.558599472,C61H102O6,CCCCCCCCC=CCC=CCCCCC(=O)OC(COC(=O)CCC=CCC=CCC=CCC=CCC=CCCCCC)COC(=O)CCCCCCCCCC=CCCCCCC,[M+NH4]+,TG 18:1_18:2_22:5,"TG 18:1(11)_18:2(6,9)_22:5(4,7,10,13,16)",0.475066667,0.856316667,0.482158452,0.482158452,Some,Some,53502.31089,48609.22084,45694.98378,53159.83027,,,,
P3443,3.933,426.35758,426.35779,0.492544067,C25H48NO4,CCCCCCCCC=CCCCCCCCC(=O)OC(CC(=O)[O-])C[N+](C)(C)C,[M]+,CAR 18:1,CAR 18:1(9),0.437,0.7953,0.482678842,0.482678842,All,Some,0,126000,0,0,,,,
P23450,21.865,846.68864,846.75452,77.80295049,C53H96O6,CCCCCCC=CCCCCCCCC(=O)OC(COC(=O)CCCCC=CCC=CCCCCCCCC)COC(=O)CCCCCCCCCCCCCCC,[M+NH4]+,TG 16:0_16:1_18:2,"TG 16:0_16:1(9)_18:2(6,9)",0.525666667,0.492883333,0.483435195,0.483435195,All,Some,20904.8633,47447.06732,0,55207.73985,,,,
P21801,21.286,884.77007,884.80655,41.22935121,C57H102O5,CCCCCCCCC=CCC=CCCCCC(=O)OC(COC(=O)CCCCCCCC=CCC=CCCCCC)COCCCCCCCCC=CCCCCCCCC,[M+NH4]+,TG O-18:1_18:2_18:2,"TG O-18:1(9)_18:2(6,9)_18:2(9,12)",0.332,0.588846,0.484472371,0.484472371,Some,Some,36655.81667,0,31791.6795,31931.22319,,,,
P23883,21.988,922.78724,922.78582,1.538818618,C59H100O6,CCCCCCCCC=CCCCCCCCC(=O)OC(COC(=O)CCC=CCC=CCC=CCC=CCC=CCC=CCC)COC(=O)CCCCCCCCCCCCCCC,[M+NH4]+,TG 16:0_18:1_22:6,"TG 16:0_18:1(9)_22:6(4,7,10,13,16,19)",0.582909091,0.656015455,0.486112444,0.486112444,Some,Some,1629399.213,1623223.512,1731639.458,1720339.214,,,,
P24519,22.217,818.6865,818.72322,44.85032194,C51H92O6,CCCCCCCCC=CCCCCCCCC(=O)OC(COC(=O)CCCCCCCC=CCC=CCCCCC)COC(=O)CCCCCCCCCCC,[M+NH4]+,TG 12:0_18:1_18:2,"TG 12:0_18:1(9)_18:2(9,12)",0.466,0.881175,0.486516915,0.486516915,Some,Some,149119.0883,165425.7329,114713.3065,187719.0605,,,,
P24477,22.207,898.78592,898.78582,0.111261212,C57H100O6,CCCCCCCCC=CCCCCCCCC(=O)OC(COC(=O)CCCC=CCC=CCC=CCC=CCCCCC)COC(=O)CCCCCCCCCCCCCCC,[M+NH4]+,TG 16:0_18:1_20:4,"TG 16:0_18:1(9)_20:4(5,8,11,14)",0.351,0.3458,0.488123616,0.488123616,Some,Some,776885.3929,856601.0814,923084.5377,957292.137,,,,
P23170,21.775,846.75378,846.75452,0.873925066,C53H96O6,CCCCCCCCCCCC=CCCCCC(=O)OC(COC(=O)CCCCC=CCC=CCCCCCCCC)COC(=O)CCCCCCCCCCCCC,[M+NH4]+,TG 14:0_18:1_18:2,"TG 14:0_18:1(6)_18:2(6,9)",0.448,0.887975,0.495685206,0.495685206,Some,Some,16529274.93,15510631.55,16991377.44,15353629.28,,,,
P24184,22.086,860.76978,860.80655,42.71575303,C55H102O5,CCCCCCCCCCCC=CCCCCC(=O)OC(COC(=O)CCCCC=CCC=CCCCCCCCC)COCCCCCCCCCCCCCCCC,[M+NH4]+,TG O-16:0_18:1_18:2,"TG O-16:0_18:1(6)_18:2(6,9)",0.4895,0.7115475,0.496340126,0.496340126,Some,Some,1953313.019,2124863.293,2392978.288,2558327.031,,,,
P20681,20.786,894.75459,894.75452,0.078233748,C57H96O6,CCCCCC=CCC=CCCCCCCCC(=O)OC(COC(=O)CCCCCCCC=CCC=CCC=CCC)COC(=O)CCCCC=CCC=CCCCCCCCC,[M+NH4]+,TG 18:2_18:2_18:3,"TG 18:2(6,9)_18:2(9,12)_18:3(9,12,15)",0.694333333,0.757135,0.496848769,0.496848769,Some,Some,114390.002,80859.98648,179966.2329,148016.427,,,,
P23421,21.862,790.65502,790.69192,46.66798669,C49H88O6,CCCCCCCCC=CCCCCCCCC(=O)OC(COC(=O)CCCCCCCC=CCC=CCCCCC)COC(=O)CCCCCCCCC,[M+NH4]+,TG 10:0_18:1_18:2,"TG 10:0_18:1(9)_18:2(9,12)",0.723,0.8782775,0.497600909,0.497600909,Some,Some,747668.2212,880432.3849,809204.5563,861214.3331,,,,
P27599,23.399,892.83207,892.86915,41.52904152,C57H110O5,CCCCCCCCCCCCCCCCCC(=O)OC(COC(=O)CCCCCCCCCC=CCCCCCC)COCCCCCCCCCCCCCCCCCC,[M+NH4]+,TG O-18:0_18:0_18:1,TG O-18:0_18:0_18:1(11),0.974,0.96124,0.497647942,0.497647942,All,All,23646.0177,20789.43255,29484.77592,37280.78818,,,,
P24477,22.207,898.78592,898.78582,0.111261212,C57H100O6,CCCCCCC=CCCCCCCCCCC(=O)OC(COC(=O)CCCC=CCC=CCC=CCC=CCCCCC)COC(=O)CCCCCCCCCCCCCCC,[M+NH4]+,TG 16:0_18:1_20:4,"TG 16:0_18:1(11)_20:4(5,8,11,14)",0.408444444,0.521648889,0.497874957,0.497874957,All,Some,3963396.802,3277635.927,3703227.084,3560062.569,,,,
P26108,22.796,928.82494,928.83277,8.429935132,C59H106O6,CCCCCCCCC=CCC=CCCCCC(=O)OC(COC(=O)CCCCCCCCCCCC=CCCCCCC)COC(=O)CCCCC=CCCCCCCCCCCC,[M+NH4]+,TG 18:1_18:2_20:1,"TG 18:1(6)_18:2(6,9)_20:1(13)",0.402333333,0.520346667,0.498414139,0.498414139,Some,Some,68772.59041,49656.70967,54070.48132,56398.83336,,,,
P22370,21.45,922.7817,922.78582,4.464741342,C59H100O6,CCCCCCCCC=CCC=CCCCCC(=O)OC(COC(=O)CCCCCCC=CCC=CCC=CCC=CCC)COC(=O)CCCCCCCC=CCCCCCCCC,[M+NH4]+,TG 18:1_18:2_20:4,"TG 18:1(9)_18:2(6,9)_20:4(8,11,14,17)",0.446285714,0.434745714,0.506417841,0.506417841,Some,Some,0,0,0,76046.27749,,,,
P24184,22.086,860.76978,860.80655,42.71575303,C55H102O5,CCCCCCC=CCCCCCCCCCC(=O)OC(COC(=O)CCCCC=CCC=CCCCCCCCC)COCCCCCCCCCCCCCCCC,[M+NH4]+,TG O-16:0_18:1_18:2,"TG O-16:0_18:1(11)_18:2(6,9)",0.4952,0.576538,0.506507191,0.506507191,All,Some,785696.3614,642854.3727,759216.0889,722980.0758,,,,
P21801,21.286,884.77007,884.80655,41.22935121,C57H102O5,CCCCCCCCC=CCC=CCCCCC(=O)OC(COC(=O)CCCCCCCC=CCC=CCCCCC)COCCCCCC=CCCCCCCCCCCC,[M+NH4]+,TG O-18:1_18:2_18:2,"TG O-18:1(6)_18:2(6,9)_18:2(9,12)",0.3404,0.568416,0.506748748,0.506748748,Some,Some,8732.022569,0,9418.055342,7444.256133,,,,
P22370,21.45,922.7817,922.78582,4.464741342,C59H100O6,CCCCCCCCC=CCC=CCCCCC(=O)OC(COC(=O)CCCCCCC=CCC=CCC=CCC=CCC)COC(=O)CCCCCCCCCC=CCCCCCC,[M+NH4]+,TG 18:1_18:2_20:4,"TG 18:1(11)_18:2(6,9)_20:4(8,11,14,17)",0.3905,0.483485,0.508056376,0.508056376,Some,Some,0,0,0,80432.0541,,,,
P26108,22.796,928.82494,928.83277,8.429935132,C59H106O6,CCCCCCCCC=CCC=CCCCCC(=O)OC(COC(=O)CCCCCCCCCC=CCCCCCCCC)COC(=O)CCCCC=CCCCCCCCCCCC,[M+NH4]+,TG 18:1_18:2_20:1,"TG 18:1(6)_18:2(6,9)_20:1(11)",0.3745,0.3390975,0.508939636,0.508939636,Some,Some,35044.40612,24215.02859,32503.90757,26444.97649,,,,
P22370,21.45,922.7817,922.78582,4.464741342,C59H100O6,CCCCCCCCC=CCC=CCCCCC(=O)OC(COC(=O)CCCC=CCC=CCC=CCC=CCCCCC)COC(=O)CCCCC=CCCCCCCCCCCC,[M+NH4]+,TG 18:1_18:2_20:4,"TG 18:1(6)_18:2(6,9)_20:4(5,8,11,14)",0.519142857,0.776835714,0.512048942,0.512048942,Some,Some,0,0,0,40499.17809,,,,
P24375,22.197,846.68181,846.75452,85.86904266,C53H96O6,CCCCCCC=CCC=CCCCCC(=O)OC(COC(=O)CCCCCCCCCC=CCCCCCC)COC(=O)CCCCCCCCCCCCCCC,[M+NH4]+,TG 16:0_16:2_18:1,"TG 16:0_16:2(6,9)_18:1(11)",0.4205,0.4795675,0.515166145,0.515166145,All,Some,47576.13142,54861.05358,0,0,,,,
P22888,21.681,948.80094,948.80147,0.558599472,C61H102O6,CCCCCC=CCC=CCCCCCCCC(=O)OC(COC(=O)CCC=CCC=CCC=CCC=CCC=CCCCCC)COC(=O)CCCCCCCC=CCCCCCCCC,[M+NH4]+,TG 18:1_18:2_22:5,"TG 18:1(9)_18:2(9,12)_22:5(4,7,10,13,16)",0.394,0.8562825,0.515686548,0.515686548,Some,Some,84042.68456,79651.587,93630.75735,92088.82102,,,,
P26108,22.796,928.82494,928.83277,8.429935132,C59H106O6,CCCCCC=CCC=CCCCCCCCC(=O)OC(COC(=O)CCCCCCCCCCCC=CCCCCCC)COC(=O)CCCCCCCC=CCCCCCCCC,[M+NH4]+,TG 18:1_18:2_20:1,"TG 18:1(9)_18:2(9,12)_20:1(13)",0.3496,0.407544,0.518591766,0.518591766,Some,Some,183640.366,135704.1096,115211.7179,157043.7924,,,,
P23311,21.832,808.73799,808.77525,46.06965903,C51H98O5,CCCCCCCCCCCCCC(=O)OC(COC(=O)CCCCCCCCCCCCCCC)COCCCCCCCCC=CCCCCCCCC,[M+NH4]+,TG O-18:1_14:0_16:0,TG O-18:1(9)_14:0_16:0,0.465,0.91195,0.518834306,0.518834306,All,All,42218.14475,68986.37317,60612.34716,65845.07042,,,,
P21817,21.289,844.67042,844.73887,81.03095812,C53H94O6,CCCCCCCCC=CCCCCCC(=O)OC(COC(=O)CCCCC=CCC=CCC=CCCCCC)COC(=O)CCCCCCCCCCCCCCC,[M+NH4]+,TG 16:0_16:1_18:3,"TG 16:0_16:1(7)_18:3(6,9,12)",0.38,0.843166,0.521289482,0.521289482,Some,Some,45712.1353,75627.03861,45122.73477,37270.88916,,,,
P22370,21.45,922.7817,922.78582,4.464741342,C59H100O6,CCCCCCCCC=CCC=CCCCCC(=O)OC(COC(=O)CCCC=CCC=CCC=CCC=CCCCCC)COC(=O)CCCCCCCCCC=CCCCCCC,[M+NH4]+,TG 18:1_18:2_20:4,"TG 18:1(11)_18:2(6,9)_20:4(5,8,11,14)",0.513555556,0.864524444,0.522353929,0.522353929,Some,Some,0,0,0,137775.6543,,,,
P22370,21.45,922.7817,922.78582,4.464741342,C59H100O6,CCCCCCCCC=CCC=CCCCCC(=O)OC(COC(=O)CCCCCCC=CCC=CCC=CCC=CCC)COC(=O)CCCCC=CCCCCCCCCCCC,[M+NH4]+,TG 18:1_18:2_20:4,"TG 18:1(6)_18:2(6,9)_20:4(8,11,14,17)",0.374333333,0.492655,0.529056901,0.529056901,Some,Some,0,0,0,75764.35222,,,,
P23572,21.88,872.76943,872.77017,0.847874991,C55H98O6,CCCCCCCCC=CCC=CCCCCC(=O)OC(COC(=O)CCCCCCCC=CCC=CCCCCC)COC(=O)CCCCCCCCCCCCCCC,[M+NH4]+,TG 16:0_18:2_18:2,"TG 16:0_18:2(6,9)_18:2(9,12)",0.4344,0.253946,0.529485055,0.529485055,Some,Some,41763934.43,40464866.68,42245000,29461691.63,,,,
P22123,21.396,898.7767,898.78582,10.14702257,C57H100O6,CCCCCC=CCC=CCCCCCCCC(=O)OC(COC(=O)CCCCCCCC=CCC=CCCCCC)COC(=O)CCCCCCCC=CCCCCCCCC,[M+NH4]+,TG 18:1_18:2_18:2,"TG 18:1(9)_18:2(9,12)_18:2(9,12)",0.601333333,0.09597,0.529739275,0.529739275,Some,Some,418297.0535,430923.4684,351509.8009,467314.263,,,,
P20681,20.786,894.75459,894.75452,0.078233748,C57H96O6,CCCCCC=CCC=CCCCCCCCC(=O)OC(COC(=O)CCCCCCCC=CCC=CCC=CCC)COC(=O)CCCCCCCC=CCC=CCCCCC,[M+NH4]+,TG 18:2_18:2_18:3,"TG 18:2(9,12)_18:2(9,12)_18:3(9,12,15)",0.5748,0.753164,0.529809968,0.529809968,Some,Some,411021.6227,390435.9969,867448.5258,372687.5299,,,,
P22283,21.432,920.77131,920.77017,1.238093975,C59H98O6,CCCCCCCCC=CCC=CCCCCC(=O)OC(COC(=O)CCC=CCC=CCC=CCC=CCC=CCC=CCC)COC(=O)CCCCCCCCCCCCCCC,[M+NH4]+,TG 16:0_18:2_22:6,"TG 16:0_18:2(6,9)_22:6(4,7,10,13,16,19)",0.767,0.8832025,0.532333749,0.532333749,Some,Some,1744006.515,1636009.174,2077663.198,1858541.893,,,,
P22888,21.681,948.80094,948.80147,0.558599472,C61H102O6,CCCCCCCCC=CCC=CCCCCC(=O)OC(COC(=O)CCC=CCC=CCC=CCC=CCC=CCCCCC)COC(=O)CCCCCCCC=CCCCCCCCC,[M+NH4]+,TG 18:1_18:2_22:5,"TG 18:1(9)_18:2(6,9)_22:5(4,7,10,13,16)",0.44,0.857309091,0.532709815,0.532709815,Some,Some,80878.9593,67591.23192,77893.3732,78336.53353,,,,
P25485,22.523,914.81676,914.8535,40.15943536,C59H108O5,CCCCCCCCCCCC=CCCCCC(=O)OC(COC(=O)CCCCCCCC=CCC=CCCCCC)COCCCCCCCCCCC=CCCCCCCCC,[M+NH4]+,TG O-20:1_18:1_18:2,"TG O-20:1(11)_18:1(6)_18:2(9,12)",0.4676,0.43474,0.533993728,0.533993728,Some,Some,0,47533.90875,65576.53323,44814.58905,,,,
P25814,22.633,928.82401,928.83277,9.431191796,C59H106O6,CCCCCCCCC=CCCCCCCCC(=O)OC(COC(=O)CCCCCCCCCC=CCC=CCCCCC)COC(=O)CCCCCCCCCC=CCCCCCC,[M+NH4]+,TG 18:1_18:1_20:2,"TG 18:1(11)_18:1(9)_20:2(11,14)",0.434,0.505928333,0.535023796,0.535023796,Some,Some,150809.5254,125662.0312,75856.256,145447.9124,,,,
P23450,21.865,846.68864,846.75452,77.80295049,C53H96O6,CCCCCCC=CCCCCCCCC(=O)OC(COC(=O)CCCCCCCC=CCC=CCCCCC)COC(=O)CCCCCCCCCCCCCCC,[M+NH4]+,TG 16:0_16:1_18:2,"TG 16:0_16:1(9)_18:2(9,12)",0.5695,0.12984,0.535050927,0.535050927,All,Some,196156.2907,164946.2267,0,197884.7084,,,,
P1584,2.227,396.31077,396.31084,0.176629032,C23H42NO4,CCCCCCC=CCC=CCCCCC(=O)OC(CC(=O)[O-])C[N+](C)(C)C,[M]+,CAR 16:2,"CAR 16:2(6,9)",0.4835,0.810295,0.538436977,0.538436977,All,Some,0,0,0,17000,,,,
P21056,20.974,882.7549,882.7909,40.77975883,C57H100O5,CCCCCCCCC=CCC=CCCCCC(=O)OC(COC(=O)CCCCC=CCC=CCC=CCCCCC)COCCCCCC=CCCCCCCCCCCC,[M+NH4]+,TG O-18:1_18:2_18:3,"TG O-18:1(6)_18:2(6,9)_18:3(6,9,12)",0.434,0.367753333,0.54012137,0.54012137,Some,Some,3331.869063,4229.090827,1442.978644,0,,,,
P21056,20.974,882.7549,882.7909,40.77975883,C57H100O5,CCCCCCCCC=CCC=CCCCCC(=O)OC(COC(=O)CCCCC=CCC=CCC=CCCCCC)COCCCCCCCCC=CCCCCCCCC,[M+NH4]+,TG O-18:1_18:2_18:3,"TG O-18:1(9)_18:2(6,9)_18:3(6,9,12)",0.434,0.367753333,0.54012137,0.54012137,Some,Some,38885.39965,18049.15549,15915.2983,16127.15906,,,,
P25814,22.633,928.82401,928.83277,9.431191796,C59H106O6,CCCCCCCCC=CCCCCCCCC(=O)OC(COC(=O)CCCCCCC=CCC=CCCCCCCCC)COC(=O)CCCCCCCCCC=CCCCCCC,[M+NH4]+,TG 18:1_18:1_20:2,"TG 18:1(11)_18:1(9)_20:2(8,11)",0.4025,0.48819,0.541947243,0.541947243,Some,Some,197193.3079,186619.8904,144350.9344,207077.422,,,,
P21056,20.974,882.7549,882.7909,40.77975883,C57H100O5,CCCCCC=CCC=CCCCCCCCC(=O)OC(COC(=O)CCCCC=CCC=CCC=CCCCCC)COCCCCCCCCC=CCCCCCCCC,[M+NH4]+,TG O-18:1_18:2_18:3,"TG O-18:1(9)_18:2(9,12)_18:3(6,9,12)",0.485,0.10005,0.543768125,0.543768125,Some,Some,40553.37327,19308.44281,25512.05147,23765.84546,,,,
P20681,20.786,894.75459,894.75452,0.078233748,C57H96O6,CCCCCCCCC=CCC=CCCCCC(=O)OC(COC(=O)CCCCC=CCC=CCC=CCCCCC)COC(=O)CCCCC=CCC=CCCCCCCCC,[M+NH4]+,TG 18:2_18:2_18:3,"TG 18:2(6,9)_18:2(6,9)_18:3(6,9,12)",0.446,0.742858,0.550176493,0.550176493,Some,Some,55306.48681,35054.52184,49081.69988,107784.4922,,,,
P26108,22.796,928.82494,928.83277,8.429935132,C59H106O6,CCCCCC=CCC=CCCCCCCCC(=O)OC(COC(=O)CCCCCCCCCC=CCCCCCCCC)COC(=O)CCCCC=CCCCCCCCCCCC,[M+NH4]+,TG 18:1_18:2_20:1,"TG 18:1(6)_18:2(9,12)_20:1(11)",0.3944,0.287536,0.55081581,0.55081581,Some,Some,194362.0896,199126.586,229067.8226,221786.9145,,,,
P22504,21.533,858.75413,858.7909,42.81601028,C55H100O5,CCCCCCCCC=CCC=CCCCCC(=O)OC(COC(=O)CCCCCCCC=CCC=CCCCCC)COCCCCCCCCCCCCCCCC,[M+NH4]+,TG O-16:0_18:2_18:2,"TG O-16:0_18:2(6,9)_18:2(9,12)",0.599333333,0.503108333,0.55148126,0.55148126,Some,Some,799986.413,556712.4644,752087.5421,818572.9834,,,,
P22370,21.45,922.7817,922.78582,4.464741342,C59H100O6,CCCCCC=CCC=CCCCCCCCC(=O)OC(COC(=O)CCCC=CCC=CCC=CCC=CCCCCC)COC(=O)CCCCC=CCCCCCCCCCCC,[M+NH4]+,TG 18:1_18:2_20:4,"TG 18:1(6)_18:2(9,12)_20:4(5,8,11,14)",0.609666667,0.747316667,0.552554973,0.552554973,Some,Some,0,0,0,28851.9871,,,,
P22504,21.533,858.75413,858.7909,42.81601028,C55H100O5,CCCCCC=CCC=CCCCCCCCC(=O)OC(COC(=O)CCCCCCCC=CCC=CCCCCC)COCCCCCCCCCCCCCCCC,[M+NH4]+,TG O-16:0_18:2_18:2,"TG O-16:0_18:2(9,12)_18:2(9,12)",0.568,0.4992225,0.5542597,0.5542597,All,All,693233.6957,636108.4293,815723.9057,1025028.419,,,,
P21801,21.286,884.77007,884.80655,41.22935121,C57H102O5,CCCCCC=CCC=CCCCCCCCC(=O)OC(COC(=O)CCCCCCCC=CCC=CCCCCC)COCCCCCCCCC=CCCCCCCCC,[M+NH4]+,TG O-18:1_18:2_18:2,"TG O-18:1(9)_18:2(9,12)_18:2(9,12)",0.226666667,0.640573333,0.556750079,0.556750079,Some,Some,26884.8235,0,22676.83959,27068.36968,,,,
P24518,22.216,950.81702,950.81712,0.105172696,C61H104O6,CCCCCCCCC=CCC=CCCCCC(=O)OC(COC(=O)CCCCCC=CCC=CCC=CCC=CCCCCC)COC(=O)CCCCC=CCCCCCCCCCCC,[M+NH4]+,TG 18:1_18:2_22:4,"TG 18:1(6)_18:2(6,9)_22:4(7,10,13,16)",0.568857143,0.863128571,0.563396702,0.563396702,Some,Some,261730.8605,267780.1851,282947.9343,315352.2465,,,,
P26163,22.819,902.81617,902.81712,1.052261836,C57H104O6,CCCCCCCCC=CCCCCCCCC(=O)OC(COC(=O)CCCCC=CCC=CCCCCCCCC)COC(=O)CCCCCCCCCCCCCCCCC,[M+NH4]+,TG 18:0_18:1_18:2,"TG 18:0_18:1(9)_18:2(6,9)",0.487,0.07529,0.563527828,0.563527828,Some,Some,898785.4251,7545482.16,7417736.908,2823914.971,,,,
P22774,21.665,922.78559,922.78582,0.249245269,C59H100O6,CCCCCC=CCC=CCCCCCCCC(=O)OC(COC(=O)CCCCCCC=CCC=CCC=CCC=CCC)COC(=O)CCCCCCCC=CCCCCCCCC,[M+NH4]+,TG 18:1_18:2_20:4,"TG 18:1(9)_18:2(9,12)_20:4(8,11,14,17)",0.522857143,0.557394286,0.564769918,0.564769918,Some,Some,614443.6792,448896.3067,430730.6059,449932.2951,,,,
P25485,22.523,914.81676,914.8535,40.15943536,C59H108O5,CCCCCCCCC=CCCCCCCCC(=O)OC(COC(=O)CCCCCCCC=CCC=CCCCCC)COCCCCCCCCCCC=CCCCCCCCC,[M+NH4]+,TG O-20:1_18:1_18:2,"TG O-20:1(11)_18:1(9)_18:2(9,12)",0.5085,0.4950475,0.565234385,0.565234385,Some,Some,0,101295.4485,150544.5373,84780.76054,,,,
P25485,22.523,914.81676,914.8535,40.15943536,C59H108O5,CCCCCCCCC=CCCCCCCCC(=O)OC(COC(=O)CCCCCCCC=CCC=CCCCCC)COCCCCCCCCCCCCC=CCCCCCC,[M+NH4]+,TG O-20:1_18:1_18:2,"TG O-20:1(13)_18:1(9)_18:2(9,12)",0.5092,0.432396,0.56774354,0.56774354,Some,Some,0,69165.28172,102170.1154,56469.80462,,,,
P22770,21.665,896.7703,896.77017,0.144964679,C57H98O6,CCCCCCCCC=CCC=CCCCCC(=O)OC(COC(=O)CCCC=CCC=CCC=CCC=CCCCCC)COC(=O)CCCCCCCCCCCCCCC,[M+NH4]+,TG 16:0_18:2_20:4,"TG 16:0_18:2(6,9)_20:4(5,8,11,14)",0.684285714,0.674608571,0.571462483,0.571462483,Some,Some,1442331.964,2070608.843,2382955.207,2710119.695,,,,
P25485,22.523,914.81676,914.8535,40.15943536,C59H108O5,CCCCCCC=CCCCCCCCCCC(=O)OC(COC(=O)CCCCC=CCC=CCCCCCCCC)COCCCCCCCCCCC=CCCCCCCCC,[M+NH4]+,TG O-20:1_18:1_18:2,"TG O-20:1(11)_18:1(11)_18:2(6,9)",0.62,0.0974,0.571508632,0.571508632,Some,Some,0,38908.91546,59112.70961,39471.82303,,,,
P25485,22.523,914.81676,914.8535,40.15943536,C59H108O5,CCCCCCCCC=CCCCCCCCC(=O)OC(COC(=O)CCCCC=CCC=CCCCCCCCC)COCCCCCCCCCCCCC=CCCCCCC,[M+NH4]+,TG O-20:1_18:1_18:2,"TG O-20:1(13)_18:1(9)_18:2(6,9)",0.62,0.0974,0.571508632,0.571508632,Some,Some,0,38302.6859,53517.67948,37532.456,,,,
P24477,22.207,898.78592,898.78582,0.111261212,C57H100O6,CCCCCCC=CCCCCCCCCCC(=O)OC(COC(=O)CCCCCCC=CCC=CCC=CCC=CCC)COC(=O)CCCCCCCCCCCCCCC,[M+NH4]+,TG 16:0_18:1_20:4,"TG 16:0_18:1(11)_20:4(8,11,14,17)",0.608,0.438161429,0.580778218,0.580778218,All,Some,1032883.642,1563382.397,1553652.742,1567783.655,,,,
P21801,21.286,884.77007,884.80655,41.22935121,C57H102O5,CCCCCCCCC=CCC=CCCCCC(=O)OC(COC(=O)CCCCC=CCC=CCCCCCCCC)COCCCCCCCCC=CCCCCCCCC,[M+NH4]+,TG O-18:1_18:2_18:2,"TG O-18:1(9)_18:2(6,9)_18:2(6,9)",0.241,0.509335,0.581663283,0.581663283,Some,Some,23219.24183,0,19856.01716,23114.46074,,,,
P23346,21.852,900.79177,900.80147,10.76818847,C57H102O6,CCCCCCCCC=CCCCCCCCC(=O)OC(COC(=O)CCCCC=CCC=CCCCCCCCC)COC(=O)CCCCC=CCCCCCCCCCCC,[M+NH4]+,TG 18:1_18:1_18:2,"TG 18:1(6)_18:1(9)_18:2(6,9)",0.6535,0.681985,0.583141733,0.583141733,Some,Some,902142.1498,0,0,740682.8511,,,,
P26163,22.819,902.81617,902.81712,1.052261836,C57H104O6,CCCCCCCCCCCC=CCCCCC(=O)OC(COC(=O)CCCCC=CCC=CCCCCCCCC)COC(=O)CCCCCCCCCCCCCCCCC,[M+NH4]+,TG 18:0_18:1_18:2,"TG 18:0_18:1(6)_18:2(6,9)",0.374666667,0.357713333,0.584724968,0.584724968,Some,Some,6071794.872,1440742.653,1277078.88,3946757.867,,,,
P25485,22.523,914.81676,914.8535,40.15943536,C59H108O5,CCCCCCC=CCCCCCCCCCC(=O)OC(COC(=O)CCCCCCCC=CCC=CCCCCC)COCCCCCCCCCCC=CCCCCCCCC,[M+NH4]+,TG O-20:1_18:1_18:2,"TG O-20:1(11)_18:1(11)_18:2(9,12)",0.5524,0.412338,0.584808795,0.584808795,Some,Some,0,0,0,7681.4145,,,,
P26108,22.796,928.82494,928.83277,8.429935132,C59H106O6,CCCCCCCCC=CCC=CCCCCC(=O)OC(COC(=O)CCCCCCCCCCCC=CCCCCCC)COC(=O)CCCCCCCC=CCCCCCCCC,[M+NH4]+,TG 18:1_18:2_20:1,"TG 18:1(9)_18:2(6,9)_20:1(13)",0.534,0.700945,0.585096993,0.585096993,Some,Some,160633.9053,173684.9049,207501.2488,191833.0576,,,,
P25814,22.633,928.82401,928.83277,9.431191796,C59H106O6,CCCCCCC=CCCCCCCCCCC(=O)OC(COC(=O)CCCCCCC=CCC=CCCCCCCCC)COC(=O)CCCCCCCCCC=CCCCCCC,[M+NH4]+,TG 18:1_18:1_20:2,"TG 18:1(11)_18:1(11)_20:2(8,11)",0.518,0.6954025,0.587102384,0.587102384,Some,Some,103927.8848,122504.4248,106262.7721,140340.4945,,,,
P24117,22.061,886.78541,886.8222,41.48520414,C57H104O5,CCCCCCC=CCCCCCCCCCC(=O)OC(COC(=O)CCCCCCCC=CCC=CCCCCC)COCCCCCCCCCCC=CCCCCCC,[M+NH4]+,TG O-18:1_18:1_18:2,"TG O-18:1(11)_18:1(11)_18:2(9,12)",0.634,0.352883333,0.590640178,0.590640178,Some,Some,187115.2166,101195.5659,133466.0871,118695.58,,,,
P24518,22.216,950.81702,950.81712,0.105172696,C61H104O6,CCCCCCCCC=CCC=CCCCCC(=O)OC(COC(=O)CCCCCC=CCC=CCC=CCC=CCCCCC)COC(=O)CCCCCCCC=CCCCCCCCC,[M+NH4]+,TG 18:1_18:2_22:4,"TG 18:1(9)_18:2(6,9)_22:4(7,10,13,16)",0.7176,0.869404,0.591125298,0.591125298,Some,Some,118828.0822,119909.0408,137210.1523,139801.8189,,,,
P19206,19.451,710.62998,710.62932,0.928754248,C43H80O6,CCCCCCCCCCCCCCCC(=O)OC(COC(=O)CCCCCC=CCCCCCCCC)COC(=O)CCCCCCC,[M+NH4]+,TG 8:0_16:0_16:1,TG 8:0_16:0_16:1(7),0.958,0.90104,0.597490227,0.597490227,Some,Some,,,145000,175000,,,,
P24184,22.086,860.76978,860.80655,42.71575303,C55H102O5,CCCCCCCCC=CCCCCCCCC(=O)OC(COC(=O)CCCCCCCC=CCC=CCCCCC)COCCCCCCCCCCCCCCCC,[M+NH4]+,TG O-16:0_18:1_18:2,"TG O-16:0_18:1(9)_18:2(9,12)",0.4795,0.7207675,0.60192644,0.60192644,Some,Some,1598434.606,1593360.481,1633373.057,1807462.313,,,,
P24117,22.061,886.78541,886.8222,41.48520414,C57H104O5,CCCCCCC=CCCCCCCCCCC(=O)OC(COC(=O)CCCCC=CCC=CCCCCCCCC)COCCCCCCCCC=CCCCCCCCC,[M+NH4]+,TG O-18:1_18:1_18:2,"TG O-18:1(9)_18:1(11)_18:2(6,9)",0.707,0.495675,0.604867034,0.604867034,Some,Some,275596.0554,232322.898,218149.9082,247621.5331,,,,
P22370,21.45,922.7817,922.78582,4.464741342,C59H100O6,CCCCCC=CCC=CCCCCCCCC(=O)OC(COC(=O)CCCC=CCC=CCC=CCC=CCCCCC)COC(=O)CCCCCCCC=CCCCCCCCC,[M+NH4]+,TG 18:1_18:2_20:4,"TG 18:1(9)_18:2(9,12)_20:4(5,8,11,14)",0.6675,0.7137175,0.605086787,0.605086787,Some,Some,0,0,0,155426.6278,,,,
P24518,22.216,950.81702,950.81712,0.105172696,C61H104O6,CCCCCC=CCC=CCCCCCCCC(=O)OC(COC(=O)CCCCCC=CCC=CCC=CCC=CCCCCC)COC(=O)CCCCCCCC=CCCCCCCCC,[M+NH4]+,TG 18:1_18:2_22:4,"TG 18:1(9)_18:2(9,12)_22:4(7,10,13,16)",0.55,0.864373333,0.607018688,0.607018688,Some,Some,224995.0714,215414.9662,244091.0905,253139.6769,,,,
P24117,22.061,886.78541,886.8222,41.48520414,C57H104O5,CCCCCCCCCCCC=CCCCCC(=O)OC(COC(=O)CCCCC=CCC=CCCCCCCCC)COCCCCCCCCCCC=CCCCCCC,[M+NH4]+,TG O-18:1_18:1_18:2,"TG O-18:1(11)_18:1(6)_18:2(6,9)",0.570333333,0.61454,0.60877878,0.60877878,Some,Some,314707.9016,265844.5356,256408.3594,293425.704,,,,
P22370,21.45,922.7817,922.78582,4.464741342,C59H100O6,CCCCCCCCC=CCC=CCCCCC(=O)OC(COC(=O)CCCC=CCC=CCC=CCC=CCCCCC)COC(=O)CCCCCCCC=CCCCCCCCC,[M+NH4]+,TG 18:1_18:2_20:4,"TG 18:1(9)_18:2(6,9)_20:4(5,8,11,14)",0.537333333,0.749813333,0.608862045,0.608862045,Some,Some,0,0,0,81231.25096,,,,
P23346,21.852,900.79177,900.80147,10.76818847,C57H102O6,CCCCCCCCCCCC=CCCCCC(=O)OC(COC(=O)CCCCC=CCC=CCCCCCCCC)COC(=O)CCCCCCCCCC=CCCCCCC,[M+NH4]+,TG 18:1_18:1_18:2,"TG 18:1(11)_18:1(6)_18:2(6,9)",0.533333333,0.49332,0.609823798,0.609823798,Some,Some,179027.4327,0,0,79425.04526,,,,
P25485,22.523,914.81676,914.8535,40.15943536,C59H108O5,CCCCCCCCC=CCCCCCCCC(=O)OC(COC(=O)CCCCC=CCC=CCCCCCCCC)COCCCCCCCCCCC=CCCCCCCCC,[M+NH4]+,TG O-20:1_18:1_18:2,"TG O-20:1(11)_18:1(9)_18:2(6,9)",0.884,0.11872,0.61087294,0.61087294,Some,Some,0,32130.16673,45524.7793,31105.92605,,,,
P24117,22.061,886.78541,886.8222,41.48520414,C57H104O5,CCCCCCCCC=CCCCCCCCC(=O)OC(COC(=O)CCCCCCCC=CCC=CCCCCC)COCCCCCC=CCCCCCCCCCCC,[M+NH4]+,TG O-18:1_18:1_18:2,"TG O-18:1(6)_18:1(9)_18:2(9,12)",0.5048,0.550162,0.613344032,0.613344032,Some,Some,303570.0911,283114.7281,243692.0834,317083.4421,,,,
P25485,22.523,914.81676,914.8535,40.15943536,C59H108O5,CCCCCCC=CCCCCCCCCCC(=O)OC(COC(=O)CCCCCCCC=CCC=CCCCCC)COCCCCCCCCCCCCC=CCCCCCC,[M+NH4]+,TG O-20:1_18:1_18:2,"TG O-20:1(13)_18:1(11)_18:2(9,12)",0.548,0.628276667,0.615998884,0.615998884,Some,Some,0,77211.60135,112630.3891,69322.86452,,,,
P24117,22.061,886.78541,886.8222,41.48520414,C57H104O5,CCCCCCCCCCCC=CCCCCC(=O)OC(COC(=O)CCCCCCCC=CCC=CCCCCC)COCCCCCC=CCCCCCCCCCCC,[M+NH4]+,TG O-18:1_18:1_18:2,"TG O-18:1(6)_18:1(6)_18:2(9,12)",0.417333333,0.880446667,0.617812163,0.617812163,Some,Some,314707.9016,265844.5356,256408.3594,313305.1792,,,,
P23346,21.852,900.79177,900.80147,10.76818847,C57H102O6,CCCCCCCCCCCC=CCCCCC(=O)OC(COC(=O)CCCCCCCC=CCC=CCCCCC)COC(=O)CCCCCCCCCC=CCCCCCC,[M+NH4]+,TG 18:1_18:1_18:2,"TG 18:1(11)_18:1(6)_18:2(9,12)",0.66825,0.39829,0.61914488,0.61914488,All,All,179027.4327,0,0,138953.5528,,,,
P22770,21.665,896.7703,896.77017,0.144964679,C57H98O6,CCCCCC=CCC=CCCCCCCCC(=O)OC(COC(=O)CCCCCCC=CCC=CCC=CCC=CCC)COC(=O)CCCCCCCCCCCCCCC,[M+NH4]+,TG 16:0_18:2_20:4,"TG 16:0_18:2(9,12)_20:4(8,11,14,17)",0.638,0.42179,0.619459782,0.619459782,Some,Some,2579046.874,2526072.119,2829901.105,2464091.404,,,,
P24117,22.061,886.78541,886.8222,41.48520414,C57H104O5,CCCCCCCCC=CCCCCCCCC(=O)OC(COC(=O)CCCCCCCC=CCC=CCCCCC)COCCCCCCCCC=CCCCCCCCC,[M+NH4]+,TG O-18:1_18:1_18:2,"TG O-18:1(9)_18:1(9)_18:2(9,12)",0.666,0.621916667,0.619583126,0.619583126,Some,Some,297509.0501,278409.0858,241115.9412,318769.1286,,,,
P24117,22.061,886.78541,886.8222,41.48520414,C57H104O5,CCCCCCCCC=CCCCCCCCC(=O)OC(COC(=O)CCCCC=CCC=CCCCCCCCC)COCCCCCCCCC=CCCCCCCCC,[M+NH4]+,TG O-18:1_18:1_18:2,"TG O-18:1(9)_18:1(9)_18:2(6,9)",0.687,0.50965,0.636207973,0.636207973,Some,Some,75270.87754,56758.77859,77558.32163,80564.18895,,,,
P25485,22.523,914.81676,914.8535,40.15943536,C59H108O5,CCCCCCC=CCCCCCCCCCC(=O)OC(COC(=O)CCCCC=CCC=CCCCCCCCC)COCCCCCCCCCCCCC=CCCCCCC,[M+NH4]+,TG O-20:1_18:1_18:2,"TG O-20:1(13)_18:1(11)_18:2(6,9)",0.806,0.10011,0.636989689,0.636989689,Some,Some,0,47533.90875,65576.53323,44814.58905,,,,
P25814,22.633,928.82401,928.83277,9.431191796,C59H106O6,CCCCCCCCCCCC=CCCCCC(=O)OC(COC(=O)CCCCCCC=CCC=CCCCCCCCC)COC(=O)CCCCCCCCCC=CCCCCCC,[M+NH4]+,TG 18:1_18:1_20:2,"TG 18:1(11)_18:1(6)_20:2(8,11)",0.333333333,0.49267,0.6375541,0.6375541,Some,Some,64016.25797,72036.24105,77219.7482,78483.98865,,,,
P23572,21.88,872.76943,872.77017,0.847874991,C55H98O6,CCCCCC=CCC=CCCCCCCCC(=O)OC(COC(=O)CCCCCCCC=CCC=CCCCCC)COC(=O)CCCCCCCCCCCCCCC,[M+NH4]+,TG 16:0_18:2_18:2,"TG 16:0_18:2(9,12)_18:2(9,12)",0.725333333,0.07732,0.640082853,0.640082853,All,All,9356206.089,15939795.4,14109745.76,13781671.2,,,,
P24117,22.061,886.78541,886.8222,41.48520414,C57H104O5,CCCCCCCCCCCC=CCCCCC(=O)OC(COC(=O)CCCCC=CCC=CCCCCCCCC)COCCCCCC=CCCCCCCCCCCC,[M+NH4]+,TG O-18:1_18:1_18:2,"TG O-18:1(6)_18:1(6)_18:2(6,9)",0.579,0.6888775,0.642449526,0.642449526,Some,Some,325483.0858,301646.2267,266658.1164,364573.2995,,,,
P24117,22.061,886.78541,886.8222,41.48520414,C57H104O5,CCCCCCCCC=CCCCCCCCC(=O)OC(COC(=O)CCCCC=CCC=CCCCCCCCC)COCCCCCC=CCCCCCCCCCCC,[M+NH4]+,TG O-18:1_18:1_18:2,"TG O-18:1(6)_18:1(9)_18:2(6,9)",0.579,0.6888775,0.642449526,0.642449526,Some,Some,297509.0501,278409.0858,241115.9412,318769.1286,,,,
P23346,21.852,900.79177,900.80147,10.76818847,C57H102O6,CCCCCCCCC=CCCCCCCCC(=O)OC(COC(=O)CCCCC=CCC=CCCCCCCCC)COC(=O)CCCCCCCCCC=CCCCCCC,[M+NH4]+,TG 18:1_18:1_18:2,"TG 18:1(11)_18:1(9)_18:2(6,9)",0.7415,0.4933725,0.642779165,0.642779165,Some,Some,806273.9102,0,0,661257.8059,,,,
P23549,21.877,874.77603,874.78582,11.19131081,C55H100O6,CCCCCCCCC=CCCCCCCCC(=O)OC(COC(=O)CCCCCCCC=CCCCCCCCC)COC(=O)CCCCCC=CCCCCCCCC,[M+NH4]+,TG 16:1_18:1_18:1,TG 16:1(7)_18:1(9)_18:1(9),0.745,0.11139,0.642816572,0.642816572,All,All,2069723.926,1950213.63,0,2425717.122,,,,
P24117,22.061,886.78541,886.8222,41.48520414,C57H104O5,CCCCCCCCCCCC=CCCCCC(=O)OC(COC(=O)CCCCCCCC=CCC=CCCCCC)COCCCCCCCCC=CCCCCCCCC,[M+NH4]+,TG O-18:1_18:1_18:2,"TG O-18:1(9)_18:1(6)_18:2(9,12)",0.5265,0.47849,0.643608627,0.643608627,Some,Some,98530.77019,76454.55988,95426.88195,77192.81596,,,,
P24477,22.207,898.78592,898.78582,0.111261212,C57H100O6,CCCCCCCCC=CCCCCCCCC(=O)OC(COC(=O)CCCCCCC=CCC=CCC=CCC=CCC)COC(=O)CCCCCCCCCCCCCCC,[M+NH4]+,TG 16:0_18:1_20:4,"TG 16:0_18:1(9)_20:4(8,11,14,17)",0.6695,0.2800125,0.646522779,0.646522779,Some,Some,4206686.661,3950510.664,4280093.051,4120876.605,,,,
P26108,22.796,928.82494,928.83277,8.429935132,C59H106O6,CCCCCC=CCC=CCCCCCCCC(=O)OC(COC(=O)CCCCCCCCCC=CCCCCCCCC)COC(=O)CCCCCCCCCC=CCCCCCC,[M+NH4]+,TG 18:1_18:2_20:1,"TG 18:1(11)_18:2(9,12)_20:1(11)",0.3905,0.4955475,0.648239707,0.648239707,Some,Some,41214.19592,31484.08033,21566.57374,38597.68414,,,,
P26308,22.853,876.80078,876.80147,0.786951235,C55H102O6,CCCCCCCCC=CCCCCCCCC(=O)OC(COC(=O)CCCCCCCC=CCCCCCCCC)COC(=O)CCCCCCCCCCCCCCC,[M+NH4]+,TG 16:0_18:1_18:1,TG 16:0_18:1(9)_18:1(9),0.794,0.939725,0.653426982,0.653426982,All,All,2032853.406,17034566.7,7588554.591,3065963.061,,,,
P23346,21.852,900.79177,900.80147,10.76818847,C57H102O6,CCCCCCCCC=CCCCCCCCC(=O)OC(COC(=O)CCCCC=CCC=CCCCCCCCC)COC(=O)CCCCCCCC=CCCCCCCCC,[M+NH4]+,TG 18:1_18:1_18:2,"TG 18:1(9)_18:1(9)_18:2(6,9)",0.804,0.504505,0.660971122,0.660971122,Some,Some,1027931.687,0,0,786517.3854,,,,
P23346,21.852,900.79177,900.80147,10.76818847,C57H102O6,CCCCCCCCCCCC=CCCCCC(=O)OC(COC(=O)CCCCCCCC=CCC=CCCCCC)COC(=O)CCCCC=CCCCCCCCCCCC,[M+NH4]+,TG 18:1_18:1_18:2,"TG 18:1(6)_18:1(6)_18:2(9,12)",0.721,0.2859325,0.665250613,0.665250613,Some,Some,201743.6022,0,0,106974.0975,,,,
P22122,21.396,896.76937,896.77017,0.892090333,C57H98O6,CCCCCC=CCC=CCCCCCCCC(=O)OC(COC(=O)CCCCC=CCC=CCC=CCCCCC)COC(=O)CCCCCCCC=CCCCCCCCC,[M+NH4]+,TG 18:1_18:2_18:3,"TG 18:1(9)_18:2(9,12)_18:3(6,9,12)",0.368,0.69196,0.666467195,0.666467195,Some,Some,1623928.255,1282043.396,1190906.417,1419915.428,,,,
P22283,21.432,920.77131,920.77017,1.238093975,C59H98O6,CCCCCC=CCC=CCCCCCCCC(=O)OC(COC(=O)CCC=CCC=CCC=CCC=CCC=CCC=CCC)COC(=O)CCCCCCCCCCCCCCC,[M+NH4]+,TG 16:0_18:2_22:6,"TG 16:0_18:2(9,12)_22:6(4,7,10,13,16,19)",0.6495,0.879985,0.673094923,0.673094923,Some,Some,415993.4853,463990.8257,262336.8023,581458.1066,,,,
P25814,22.633,928.82401,928.83277,9.431191796,C59H106O6,CCCCCCCCC=CCCCCCCCC(=O)OC(COC(=O)CCCCCCCCCC=CCC=CCCCCC)COC(=O)CCCCC=CCCCCCCCCCCC,[M+NH4]+,TG 18:1_18:1_20:2,"TG 18:1(6)_18:1(9)_20:2(11,14)",0.344,0.513508333,0.679437125,0.679437125,Some,Some,72562.82255,94942.26717,88338.93104,91706.52615,,,,
P23346,21.852,900.79177,900.80147,10.76818847,C57H102O6,CCCCCCC=CCCCCCCCCCC(=O)OC(COC(=O)CCCCC=CCC=CCCCCCCCC)COC(=O)CCCCCCCCCC=CCCCCCC,[M+NH4]+,TG 18:1_18:1_18:2,"TG 18:1(11)_18:1(11)_18:2(6,9)",0.7635,0.50746,0.680358912,0.680358912,Some,Some,1066158.898,0,0,839762.7757,,,,
P23549,21.877,874.77603,874.78582,11.19131081,C55H100O6,CCCCCCCCC=CCCCCCCCC(=O)OC(COC(=O)CCCCCCCC=CCCCCCCCC)COC(=O)CCCCC=CCCCCCCCCC,[M+NH4]+,TG 16:1_18:1_18:1,TG 16:1(6)_18:1(9)_18:1(9),0.57,0.51023,0.682802567,0.682802567,All,All,1440828.221,1511559.385,0,1808549.119,,,,
P25814,22.633,928.82401,928.83277,9.431191796,C59H106O6,CCCCCCCCC=CCCCCCCCC(=O)OC(COC(=O)CCCCCCC=CCC=CCCCCCCCC)COC(=O)CCCCC=CCCCCCCCCCCC,[M+NH4]+,TG 18:1_18:1_20:2,"TG 18:1(6)_18:1(9)_20:2(8,11)",0.179,0.303385,0.691492812,0.691492812,Some,Some,248306.7427,235375.4741,184679.5769,285618.1597,,,,
P26108,22.796,928.82494,928.83277,8.429935132,C59H106O6,CCCCCCCCC=CCC=CCCCCC(=O)OC(COC(=O)CCCCCCCCCC=CCCCCCCCC)COC(=O)CCCCCCCC=CCCCCCCCC,[M+NH4]+,TG 18:1_18:2_20:1,"TG 18:1(9)_18:2(6,9)_20:1(11)",0.61,0.519045,0.69283084,0.69283084,Some,Some,68772.59041,49656.70967,52375.96481,65042.66063,,,,
P26108,22.796,928.82494,928.83277,8.429935132,C59H106O6,CCCCCC=CCC=CCCCCCCCC(=O)OC(COC(=O)CCCCCCCCCC=CCCCCCCCC)COC(=O)CCCCCCCC=CCCCCCCCC,[M+NH4]+,TG 18:1_18:2_20:1,"TG 18:1(9)_18:2(9,12)_20:1(11)",0.519333333,0.377343333,0.701327395,0.701327395,Some,Some,74256.84801,110557.7337,158822.4109,125720.6164,,,,
P25814,22.633,928.82401,928.83277,9.431191796,C59H106O6,CCCCCCCCCCCC=CCCCCC(=O)OC(COC(=O)CCCCCCC=CCC=CCCCCCCCC)COC(=O)CCCCC=CCCCCCCCCCCC,[M+NH4]+,TG 18:1_18:1_20:2,"TG 18:1(6)_18:1(6)_20:2(8,11)",0.3995,0.3118025,0.723151719,0.723151719,Some,Some,217937.3967,217018.5419,129019.6489,238119.1731,,,,
P23549,21.877,874.77603,874.78582,11.19131081,C55H100O6,CCCCCCC=CCCCCCCCCCC(=O)OC(COC(=O)CCCCCCCC=CCCCCCCCC)COC(=O)CCCCC=CCCCCCCCCC,[M+NH4]+,TG 16:1_18:1_18:1,TG 16:1(6)_18:1(11)_18:1(9),0.6476,0.422604,0.725934325,0.725934325,All,All,1440828.221,1366300.11,0,1530576.65,,,,
P23549,21.877,874.77603,874.78582,11.19131081,C55H100O6,CCCCCCC=CCCCCCCCCCC(=O)OC(COC(=O)CCCCCCCCCC=CCCCCCC)COC(=O)CCCCCC=CCCCCCCCC,[M+NH4]+,TG 16:1_18:1_18:1,TG 16:1(7)_18:1(11)_18:1(11),0.816,0.098293333,0.7280315,0.7280315,All,All,2069723.926,1950213.63,0,2425717.122,,,,
P23549,21.877,874.77603,874.78582,11.19131081,C55H100O6,CCCCCCC=CCCCCCCCCCC(=O)OC(COC(=O)CCCCCCCC=CCCCCCCCC)COC(=O)CCCCCC=CCCCCCCCC,[M+NH4]+,TG 16:1_18:1_18:1,TG 16:1(7)_18:1(11)_18:1(9),0.816,0.098293333,0.7280315,0.7280315,All,All,628895.7055,583913.5206,0,895140.4728,,,,
P23549,21.877,874.77603,874.78582,11.19131081,C55H100O6,CCCCCCCCC=CCCCCCCCC(=O)OC(COC(=O)CCCCCCCC=CCCCCCCCC)COC(=O)CCCCCCCC=CCCCCCC,[M+NH4]+,TG 16:1_18:1_18:1,TG 16:1(9)_18:1(9)_18:1(9),0.816,0.098293333,0.7280315,0.7280315,All,All,1440828.221,1366300.11,0,1530576.65,,,,
P24184,22.086,860.76978,860.80655,42.71575303,C55H102O5,CCCCCCCCC=CCCCCCCCC(=O)OC(COC(=O)CCCCC=CCC=CCCCCCCCC)COCCCCCCCCCCCCCCCC,[M+NH4]+,TG O-16:0_18:1_18:2,"TG O-16:0_18:1(9)_18:2(6,9)",0.466,0.930525,0.747210518,0.747210518,Some,Some,908681.3646,668396.3545,797741.1493,829265.017,,,,
P23549,21.877,874.77603,874.78582,11.19131081,C55H100O6,CCCCCCC=CCCCCCCCCCC(=O)OC(COC(=O)CCCCCCCC=CCCCCCCCC)COC(=O)CCCCCCCC=CCCCCCC,[M+NH4]+,TG 16:1_18:1_18:1,TG 16:1(9)_18:1(11)_18:1(9),0.826,0.09905,0.749621208,0.749621208,Some,Some,2069723.926,1950213.63,0,2425717.122,,,,
P23346,21.852,900.79177,900.80147,10.76818847,C57H102O6,CCCCCCCCC=CCCCCCCCC(=O)OC(COC(=O)CCCCCCCC=CCC=CCCCCC)COC(=O)CCCCCCCCCC=CCCCCCC,[M+NH4]+,TG 18:1_18:1_18:2,"TG 18:1(11)_18:1(9)_18:2(9,12)",0.808666667,0.227033333,0.752788414,0.752788414,Some,Some,263887.8368,0,0,219909.101,,,,
P22770,21.665,896.7703,896.77017,0.144964679,C57H98O6,CCCCCC=CCC=CCCCCCCCC(=O)OC(COC(=O)CCCC=CCC=CCC=CCC=CCCCCC)COC(=O)CCCCCCCCCCCCCCC,[M+NH4]+,TG 16:0_18:2_20:4,"TG 16:0_18:2(9,12)_20:4(5,8,11,14)",0.846,0.610576667,0.756285181,0.756285181,Some,Some,3140634.331,4195279.657,4594997.091,5095756.257,,,,
P23346,21.852,900.79177,900.80147,10.76818847,C57H102O6,CCCCCCC=CCCCCCCCCCC(=O)OC(COC(=O)CCCCCCCC=CCC=CCCCCC)COC(=O)CCCCCCCCCC=CCCCCCC,[M+NH4]+,TG 18:1_18:1_18:2,"TG 18:1(11)_18:1(11)_18:2(9,12)",0.822,0.0880625,0.761050297,0.761050297,Some,Some,828990.0797,0,0,661257.8059,,,,
P21225,21.063,818.72287,818.72322,0.427494899,C51H92O6,CCCCCCCCC=CCCCCCC(=O)OC(COC(=O)CCCCC=CCC=CCCCCCCCC)COC(=O)CCCCCCCCCCCCC,[M+NH4]+,TG 14:0_16:1_18:2,"TG 14:0_16:1(7)_18:2(6,9)",1,0.90198,0.765126645,0.765126645,Some,Some,2399636.57,1647879.296,1883668.427,1796871.437,,,,
P25814,22.633,928.82401,928.83277,9.431191796,C59H106O6,CCCCCCCCC=CCCCCCCCC(=O)OC(COC(=O)CCCCCCC=CCC=CCCCCCCCC)COC(=O)CCCCCCCC=CCCCCCCCC,[M+NH4]+,TG 18:1_18:1_20:2,"TG 18:1(9)_18:1(9)_20:2(8,11)",0.578,0.50889,0.778676943,0.778676943,Some,Some,101272.6414,115439.9494,112344.0753,140170.2473,,,,
P23346,21.852,900.79177,900.80147,10.76818847,C57H102O6,CCCCCCCCC=CCCCCCCCC(=O)OC(COC(=O)CCCCCCCC=CCC=CCCCCC)COC(=O)CCCCCCCC=CCCCCCCCC,[M+NH4]+,TG 18:1_18:1_18:2,"TG 18:1(9)_18:1(9)_18:2(9,12)",0.8515,0.0853425,0.77930927,0.77930927,Some,Some,304816.9704,0,0,125259.5795,,,,
P23549,21.877,874.77603,874.78582,11.19131081,C55H100O6,CCCCCCC=CCCCCCCCCCC(=O)OC(COC(=O)CCCCCCCCCC=CCCCCCC)COC(=O)CCCCC=CCCCCCCCCC,[M+NH4]+,TG 16:1_18:1_18:1,TG 16:1(6)_18:1(11)_18:1(11),0.582666667,0.63008,0.78134616,0.78134616,All,All,628895.7055,857533.0952,0,1063997.639,,,,
P23549,21.877,874.77603,874.78582,11.19131081,C55H100O6,CCCCCCC=CCCCCCCCCCC(=O)OC(COC(=O)CCCCCCCCCC=CCCCCCC)COC(=O)CCCCCCCC=CCCCCCC,[M+NH4]+,TG 16:1_18:1_18:1,TG 16:1(9)_18:1(11)_18:1(11),0.958,0.0721,0.898461356,0.898461356,All,All,1440828.221,1639919.684,0,1699433.815,,,,
P23549,21.877,874.77603,874.78582,11.19131081,C55H100O6,CCCCCCC=CCCCCCCCCCC(=O)OC(COC(=O)CCCCC=CCCCCCCCCCCC)COC(=O)CCCCCCCC=CCCCCCC,[M+NH4]+,TG 16:1_18:1_18:1,TG 16:1(9)_18:1(11)_18:1(6),0.958,0.0721,0.898461356,0.898461356,Some,Some,2069723.926,2223833.205,0,2594574.288,,,,
P1680,2.337,370.29515,370.29519,0.108021927,C21H40NO4,CCCCCCCC=CCCCCC(=O)OC(CC(=O)[O-])C[N+](C)(C)C,[M]+,CAR 14:1,CAR 14:1(6),0.48,0.806675,0.920121008,0.920121008,All,All,0,89309.35356,37300,0,,,,
P1471,2.101,370.29529,370.29519,0.270054818,C21H40NO4,CCCCC=CCCCCCCCC(=O)OC(CC(=O)[O-])C[N+](C)(C)C,[M]+,CAR 14:1,CAR 14:1(9),0.458,0.84331,0.934454359,0.934454359,All,Some,,315000,,,,,,
P1088,1.674,342.264,342.26389,0.32138944,C19H36NO4,CCCCCC=CCCCCC(=O)OC(CC(=O)[O-])C[N+](C)(C)C,[M]+,CAR 12:1,CAR 12:1(6),0.106,0.06591,0.937438649,0.937438649,All,All,204403.9764,204848.9155,180874.5161,207023.1959,,,,
P2047,2.821,398.32645,398.32649,0.100420135,C23H44NO4,CCCCCCC=CCCCCCCCC(=O)OC(CC(=O)[O-])C[N+](C)(C)C,[M]+,CAR 16:1,CAR 16:1(9),0.102,0.82047,0.942502002,0.942502002,All,Some,,153000,,,,,,
