feature_id,rt,mz_measured,mz_calculated,mz_error(ppm),mol_formula,smiles,adduct,primary_annotated_name,structure_annotated_name,rt_score,mz_score,spec_score,total_score,fragments_ion_detection_level,fragments_spectrum_detection_level,fragment_mz_delta,fragment_fatty_acid_pos,fragment_types,datafile:NEG_NIST_2.mzML:area,datafile:NEG_NIST_0.mzML:area,datafile:NEG_NIST_1.mzML:area,datafile:NEG_NIST_3.mzML:area
507,2.511,407.21996,407.22041,1.1050526666890974,C19H37O7P,CCCCCCCCCC=CCCCCC(=O)OCC(O)COP(=O)(O)O,[M-H]-,LPA 16:1,LPA 16:1(6),0.4980000000000002,0.6898600000000101,0.0,0.11878600000000104,Some,None,0.0,0,substrate,0.0,0.0,0.0,0.0
507,2.511,407.21996,407.22041,1.1050526666890974,C19H37O7P,CCCCCCC=CCCCCCCCC(=O)OCC(O)COP(=O)(O)O,[M-H]-,LPA 16:1,LPA 16:1(9),0.2450000000000001,0.9270150000000115,0.0,0.11720150000000117,All,None,0.0,0,substrate,0.0,0.0,0.0,0.0
507,2.511,407.21996,407.22041,1.1050526666890974,C19H37O7P,CCCCCCCCC=CCCCCCC(=O)OCC(O)COP(=O)(O)O,[M-H]-,LPA 16:1,LPA 16:1(7),0.7360000000000007,0.10935999999998103,0.0,0.08453599999999817,Some,None,0.0,0,substrate,0.0,0.0,0.0,13000.0
643,2.762,299.2589,298.94921,1035.928477616613,C19H37O7P,CCCCCCCCCC=CCCCCC(=O)OCC(O)COP(=O)(O)O,[M-H]-,LPA 16:1,LPA 16:1(6),0.4980000000000002,0.6898600000000101,0.0,0.11878600000000104,Some,None,-108.27120000000002,10,criegee,2990.0,0.0,0.0,0.0
558,2.643,312.08512,312.97621000000004,2847.149308888428,C19H37O7P,CCCCCCCCC=CCCCCCC(=O)OCC(O)COP(=O)(O)O,[M-H]-,LPA 16:1,LPA 16:1(7),0.7360000000000007,0.10935999999998103,0.0,0.08453599999999817,Some,None,-94.24419999999999,9,criegee,0.0,17400.0,0.0,0.0
848,2.934,325.10568,325.03081000000003,230.34739383622056,C19H37O7P,CCCCCCC=CCCCCCCCC(=O)OCC(O)COP(=O)(O)O,[M-H]-,LPA 16:1,LPA 16:1(9),0.15399999999999991,0.9246800000000235,0.0,0.10786800000000235,All,None,-82.1896,7,aldehyde,0.0,0.0,17300.0,0.0
742,2.843,341.10041,341.03021,205.84686617645932,C19H37O7P,CCCCCCC=CCCCCCCCC(=O)OCC(O)COP(=O)(O)O,[M-H]-,LPA 16:1,LPA 16:1(9),0.3360000000000003,0.9293499999999995,0.0,0.12653499999999998,All,None,-66.1902,7,criegee,0.0,0.0,0.0,3900.0
533,2.571,524.27818,524.27826,0.15259072543918395,C27H44NO7P,CCC=CCC=CCC=CCC=CCC=CCC=CCCC(=O)OCC(O)COP(=O)(O)OCCN,[M-H]-,LPE 22:6,"LPE 22:6(4,7,10,13,16,19)",0.6991111111111111,0.8537588888889331,0.08364093193392982,0.2221997455471483,Some,Some,0.0,0,substrate,165000.0,120000.0,167000.0,182000.0
529,2.566,298.06953,297.87166000000013,664.2793745462475,C27H44NO7P,CCC=CCC=CCC=CCC=CCC=CCC=CCCC(=O)OCC(O)COP(=O)(O)OCCN,[M-H]-,LPE 22:6,"LPE 22:6(4,7,10,13,16,19)",0.9899999999999993,0.802050000000122,0.0,0.17920500000001216,Some,Some,-226.40659999999988,3,aldehyde,4.333333333333334,0.0,9.341317365269461,5.604395604395605
535,2.572,338.10097,337.93666000000013,486.21537538983387,C27H44NO7P,CCC=CCC=CCC=CCC=CCC=CCC=CCCC(=O)OCC(O)COP(=O)(O)OCCN,[M-H]-,LPE 22:6,"LPE 22:6(4,7,10,13,16,19)",0.9980000000000002,0.8356100000000879,0.0,0.18336100000000882,Some,Some,-186.34159999999991,6,aldehyde,7.030303030303029,0.0,9.281437125748502,12.307692307692308
1179,3.053,354.13215,353.9360600000001,554.0266227745,C27H44NO7P,CCC=CCC=CCC=CCC=CCC=CCC=CCCC(=O)OCC(O)COP(=O)(O)OCCN,[M-H]-,LPE 22:6,"LPE 22:6(4,7,10,13,16,19)",0.036000000000000476,0.8038300000000618,0.0,0.08398300000000623,Some,Some,-170.3421999999999,6,criegee,0.0,0.0,0.0,1.1868131868131868
541,2.587,378.13208,378.0016600000001,345.0249398373049,C27H44NO7P,CCC=CCC=CCC=CCC=CCC=CCC=CCCC(=O)OCC(O)COP(=O)(O)OCCN,[M-H]-,LPE 22:6,"LPE 22:6(4,7,10,13,16,19)",0.968,0.8695000000000732,0.0,0.18375000000000732,Some,Some,-146.27659999999997,9,aldehyde,6.848484848484848,0.0,10.658682634730539,6.978021978021978
857,2.938,394.16296,394.00106000000005,410.91260008271536,C27H44NO7P,CCC=CCC=CCC=CCC=CCC=CCC=CCCC(=O)OCC(O)COP(=O)(O)OCCN,[M-H]-,LPE 22:6,"LPE 22:6(4,7,10,13,16,19)",0.266,0.8380200000000286,0.0,0.11040200000000287,Some,Some,-130.27719999999997,9,criegee,1.9757575757575758,0.0,0.0,2.82967032967033
539,2.579,418.16358,418.06666000000007,231.8290580740272,C27H44NO7P,CCC=CCC=CCC=CCC=CCC=CCC=CCCC(=O)OCC(O)COP(=O)(O)OCCN,[M-H]-,LPE 22:6,"LPE 22:6(4,7,10,13,16,19)",0.984,0.90300000000002,0.0,0.188700000000002,Some,Some,-106.21159999999999,12,aldehyde,6.787878787878789,0.0,10.359281437125748,0.0
630,2.742,434.23921,434.06606000000005,398.90241591329243,C27H44NO7P,CCC=CCC=CCC=CCC=CCC=CCC=CCCC(=O)OCC(O)COP(=O)(O)OCCN,[M-H]-,LPE 22:6,"LPE 22:6(4,7,10,13,16,19)",0.6580000000000004,0.8267700000000104,0.0,0.14847700000000108,Some,Some,-90.2122,12,criegee,5.0606060606060606,0.0,0.0,2.6923076923076925
532,2.571,458.1947,458.13166,137.6023652240076,C27H44NO7P,CCC=CCC=CCC=CCC=CCC=CCC=CCCC(=O)OCC(O)COP(=O)(O)OCCN,[M-H]-,LPE 22:6,"LPE 22:6(4,7,10,13,16,19)",1.0,0.9368799999999737,0.0,0.1936879999999974,Some,Some,-66.1466,15,aldehyde,0.0,6.5,0.0,0.0
475,2.267,474.26281,474.13106000000005,277.8767541615056,C27H44NO7P,CCC=CCC=CCC=CCC=CCC=CCC=CCCC(=O)OCC(O)COP(=O)(O)OCCN,[M-H]-,LPE 22:6,"LPE 22:6(4,7,10,13,16,19)",0.39199999999999946,0.8681700000000205,0.7527683874053684,0.7282317099242969,Some,Some,-50.147200000000005,15,criegee,0.0,0.0,0.0,6.373626373626373
595,2.716,500.27814,500.27826,0.23986650945265184,C25H44NO7P,CCCCCC=CCC=CCC=CCC=CCCCC(=O)OCC(O)COP(=O)(O)OCCN,[M-H]-,LPE 20:4,"LPE 20:4(5,8,11,14)",0.8880000000000001,0.7937714285714362,0.2245835232749942,0.34784396147713903,All,Some,0.0,0,substrate,345274.85956080834,263212.1771217712,352254.67160430766,348207.05077611154
595,2.716,500.27814,500.27826,0.23986650945265184,C25H44NO7P,CCC=CCC=CCC=CCC=CCCCCCCC(=O)OCC(O)COP(=O)(O)OCCN,[M-H]-,LPE 20:4,"LPE 20:4(8,11,14,17)",0.534857142857143,0.9052771428571467,0.11233072854047599,0.23387801140380976,All,Some,0.0,0,substrate,109725.14043919166,67787.82287822878,96745.32839569234,111792.94922388844
611,2.728,312.08534,311.92066000000005,527.9547690105518,C25H44NO7P,CCCCCC=CCC=CCC=CCC=CCCCC(=O)OCC(O)COP(=O)(O)OCCN,[M-H]-,LPE 20:4,"LPE 20:4(5,8,11,14)",0.976,0.8352000000000999,0.0,0.18112000000001,All,Some,-188.35759999999993,6,aldehyde,7.2967032967032965,5.226586102719033,8.062360801781738,8.608695652173912
1071,2.998,327.08474,327.92006000000003,2547.328150647521,C25H44NO7P,CCCCCC=CCC=CCC=CCC=CCCCC(=O)OCC(O)COP(=O)(O)OCCN,[M-H]-,LPE 20:4,"LPE 20:4(5,8,11,14)",0.43599999999999994,0.16479999999990014,0.0,0.060079999999990016,All,Some,-172.35819999999993,6,criegee,2.241758241758242,0.0,0.0,1.7108695652173913
598,2.717,352.1164,351.98566000000005,371.43558632458524,C25H44NO7P,CCCCCC=CCC=CCC=CCC=CCCCC(=O)OCC(O)COP(=O)(O)OCCN,[M-H]-,LPE 20:4,"LPE 20:4(5,8,11,14)",0.9980000000000002,0.8691400000000158,0.0,0.1867140000000016,All,Some,-148.29259999999996,9,aldehyde,12.505494505494505,5.6797583081570995,9.955456570155901,12.021739130434783
585,2.702,392.1479,392.05066,248.0291705158699,C25H44NO7P,CCCCCC=CCC=CCC=CCC=CCCCC(=O)OCC(O)COP(=O)(O)OCCN,[M-H]-,LPE 20:4,"LPE 20:4(5,8,11,14)",0.9719999999999995,0.9026400000000194,0.773868044173499,0.8065584353388011,All,Some,-108.2276,12,aldehyde,8.285714285714285,5.166163141993958,8.797327394209354,12.369565217391305
626,2.738,408.1426,408.05006,226.78589974975685,C25H44NO7P,CCCCCC=CCC=CCC=CCC=CCCCC(=O)OCC(O)COP(=O)(O)OCCN,[M-H]-,LPE 20:4,"LPE 20:4(5,8,11,14)",0.9560000000000004,0.9073399999999765,0.0,0.1863339999999977,All,Some,-92.2282,12,criegee,0.0,0.0,0.0,1.1978260869565218
623,2.735,432.17895,432.11566,146.4654162267458,C25H44NO7P,CCCCCC=CCC=CCC=CCC=CCCCC(=O)OCC(O)COP(=O)(O)OCCN,[M-H]-,LPE 20:4,"LPE 20:4(5,8,11,14)",0.9620000000000006,0.9365900000000238,0.7982166187514604,0.8284322950011709,All,Some,-68.1626,15,aldehyde,14.263736263736263,9.969788519637463,13.674832962138083,14.130434782608695
641,2.758,448.17425,448.11505999999997,132.08661186258942,C25H44NO7P,CCCCCC=CCC=CCC=CCC=CCCCC(=O)OCC(O)COP(=O)(O)OCCN,[M-H]-,LPE 20:4,"LPE 20:4(5,8,11,14)",0.9160000000000004,0.9406900000000178,0.0,0.18566900000000183,All,Some,-52.163199999999996,15,criegee,1.1274725274725275,0.0,0.5590200445434299,0.0
1179,3.053,354.13215,354.00166,368.61409067971283,C25H44NO7P,CCC=CCC=CCC=CCC=CCCCCCCC(=O)OCC(O)COP(=O)(O)OCCN,[M-H]-,LPE 20:4,"LPE 20:4(8,11,14,17)",0.3260000000000005,0.8693900000000099,0.0,0.11953900000000103,All,Some,-146.27659999999997,3,aldehyde,0.0,0.0,0.0,0.46956521739130436
743,2.843,370.12674,370.00106000000005,339.67470255337,C25H44NO7P,CCC=CCC=CCC=CCC=CCCCCCCC(=O)OCC(O)COP(=O)(O)OCCN,[M-H]-,LPE 20:4,"LPE 20:4(8,11,14,17)",0.7460000000000004,0.8742000000000303,0.0,0.16202000000000308,All,Some,-130.27719999999997,3,criegee,0.0,0.0,0.0,0.932608695652174
857,2.938,394.16296,394.06666,244.37489839913167,C25H44NO7P,CCC=CCC=CCC=CCC=CCCCCCCC(=O)OCC(O)COP(=O)(O)OCCN,[M-H]-,LPE 20:4,"LPE 20:4(8,11,14,17)",0.556,0.9035800000000336,0.0,0.14595800000000336,All,Some,-106.21159999999999,6,aldehyde,0.7164835164835165,0.0,0.0,1.1195652173913044
847,2.933,410.19481,410.06606,313.97380217232563,C25H44NO7P,CCC=CCC=CCC=CCC=CCCCCCCC(=O)OCC(O)COP(=O)(O)OCCN,[M-H]-,LPE 20:4,"LPE 20:4(8,11,14,17)",0.5660000000000007,0.8711299999999937,0.0,0.14371299999999945,All,Some,-90.2122,6,criegee,0.0,0.0,1.0957683741648108,2.5434782608695654
630,2.742,434.23921,434.13166,247.73590573883362,C25H44NO7P,CCC=CCC=CCC=CCC=CCCCCCCC(=O)OCC(O)COP(=O)(O)OCCN,[M-H]-,LPE 20:4,"LPE 20:4(8,11,14,17)",0.9480000000000004,0.8923299999999585,0.0,0.1840329999999959,All,Some,-66.1466,9,aldehyde,1.835164835164835,0.0,0.0,1.065217391304348
475,2.267,474.26281,474.19666,139.49908462027815,C25H44NO7P,CCC=CCC=CCC=CCC=CCCCCCCC(=O)OCC(O)COP(=O)(O)OCCN,[M-H]-,LPE 20:4,"LPE 20:4(8,11,14,17)",0.10199999999999942,0.9337300000000255,0.7863150997833319,0.732625079826668,All,Some,-26.081599999999995,12,aldehyde,0.0,0.0,0.0,2.5217391304347827
945,2.966,490.18852,490.19606,15.381600578360166,C25H44NO7P,CCC=CCC=CCC=CCC=CCCCCCCC(=O)OCC(O)COP(=O)(O)OCCN,[M-H]-,LPE 20:4,"LPE 20:4(8,11,14,17)",0.5,0.9925799999999754,0.0,0.14925799999999756,All,Some,-10.082199999999995,12,criegee,11.978021978021978,6.706948640483383,10.178173719376392,7.413043478260869
648,2.762,538.31525,538.31504,0.3901061356900509,C24H48NO7P,CCCCCCCCC=CCCCCCC(=O)OCC(O)COP(=O)([O-])OCC[N+](C)(C)C,[M+HCOO]-,LPC 16:1,LPC 16:1(7),0.8730000000000002,0.9198300000000188,0.0,0.1792830000000019,All,None,0.0,0,substrate,8498.092383158468,,0.0,0.0
648,2.762,538.31525,538.31504,0.3901061356900509,C24H48NO7P,CCCCCCC=CCCCCCCCC(=O)OCC(O)COP(=O)([O-])OCC[N+](C)(C)C,[M+HCOO]-,LPC 16:1,LPC 16:1(9),0.8120000000000003,0.9277250000000095,0.0,0.17397250000000097,All,None,0.0,0,substrate,27455.375391742746,,0.0,0.0
648,2.762,538.31525,538.31504,0.3901061356900509,C24H48NO7P,CCCCCCCCCC=CCCCCC(=O)OCC(O)COP(=O)([O-])OCC[N+](C)(C)C,[M+HCOO]-,LPC 16:1,LPC 16:1(6),0.601,0.881764999999973,0.0,0.1482764999999973,All,None,0.0,0,substrate,14546.532225098787,,0.0,0.0
897,2.957,414.15341,414.04443999999995,263.18430939455726,C24H48NO7P,CCCCCCCCCC=CCCCCC(=O)OCC(O)COP(=O)([O-])OCC[N+](C)(C)C,[M+HCOO]-,LPC 16:1,LPC 16:1(6),0.6100000000000003,0.891239999999982,0.0,0.15012399999999823,All,None,-124.27060000000002,10,aldehyde,5910.0,0.0,0.0,0.0
951,2.966,430.17176,430.04383999999993,297.4580452078426,C24H48NO7P,CCCCCCCCCC=CCCCCC(=O)OCC(O)COP(=O)([O-])OCC[N+](C)(C)C,[M+HCOO]-,LPC 16:1,LPC 16:1(6),0.5919999999999996,0.872289999999964,0.0,0.14642899999999637,All,None,-108.27120000000002,10,criegee,6440.0,0.0,5640.0,13900.0
789,2.883,428.1561,428.07143999999994,197.7707272413272,C24H48NO7P,CCCCCCCCC=CCCCCCC(=O)OCC(O)COP(=O)([O-])OCC[N+](C)(C)C,[M+HCOO]-,LPC 16:1,LPC 16:1(7),0.758,0.9155499999999961,0.0,0.16735499999999962,All,None,-110.24359999999999,9,aldehyde,39900.0,0.0,0.0,0.0
651,2.768,444.14694,444.07084,171.3690545409303,C24H48NO7P,CCCCCCCCC=CCCCCCC(=O)OCC(O)COP(=O)([O-])OCC[N+](C)(C)C,[M+HCOO]-,LPC 16:1,LPC 16:1(7),0.9880000000000004,0.9241100000000415,0.0,0.1912110000000042,All,None,-94.24419999999999,9,criegee,0.0,0.0,0.0,6220.0
664,2.796,456.20013,456.12543999999997,163.7488143613133,C24H48NO7P,CCCCCCC=CCCCCCCCC(=O)OCC(O)COP(=O)([O-])OCC[N+](C)(C)C,[M+HCOO]-,LPC 16:1,LPC 16:1(9),0.9320000000000004,0.9255200000000059,0.0,0.18575200000000064,All,None,-82.1896,7,aldehyde,16100.0,0.0,14100.0,26100.0
824,2.916,472.19512,472.12483999999995,148.85893315849515,C24H48NO7P,CCCCCCC=CCCCCCCCC(=O)OCC(O)COP(=O)([O-])OCC[N+](C)(C)C,[M+HCOO]-,LPC 16:1,LPC 16:1(9),0.6920000000000002,0.929930000000013,0.0,0.16219300000000134,All,None,-66.1902,7,criegee,5040.0,0.0,3610.0,0.0
691,2.815,457.15919,457.23606,168.11884871894253,C23H39O7P,CCC=CCC=CCC=CCC=CCCCCCCC(=O)OCC(O)COP(=O)(O)O,[M-H]-,LPA 20:4,"LPA 20:4(8,11,14,17)",0.7439999999999998,0.8404983333333765,0.0,0.15844983333333765,Some,None,0.0,0,substrate,0.0,,0.0,70308.10574339103
691,2.815,457.15919,457.23606,168.11884871894253,C23H39O7P,CCCCCC=CCC=CCC=CCC=CCCCC(=O)OCC(O)COP(=O)(O)O,[M-H]-,LPA 20:4,"LPA 20:4(5,8,11,14)",0.48599999999999993,0.6217666666667014,0.011283986918197037,0.11980385620122778,Some,Some,0.0,0,substrate,0.0,,0.0,29691.894256608964
489,2.361,269.13932,268.8784600000001,970.1781243463041,C23H39O7P,CCCCCC=CCC=CCC=CCC=CCCCC(=O)OCC(O)COP(=O)(O)O,[M-H]-,LPA 20:4,"LPA 20:4(5,8,11,14)",0.09200000000000053,0.6622700000000918,0.06770392150918222,0.12959013720735502,Some,Some,-188.35759999999993,6,aldehyde,0.0,0.0,5450.0,13900.0
492,2.396,285.1345,284.87786000000006,900.8773093140602,C23H39O7P,CCCCCC=CCC=CCC=CCC=CCCCC(=O)OCC(O)COP(=O)(O)O,[M-H]-,LPA 20:4,"LPA 20:4(5,8,11,14)",0.16199999999999992,0.6664900000000671,0.0,0.08284900000000671,Some,Some,-172.35819999999993,6,criegee,8880.0,0.0,0.0,10900.0
848,2.934,325.10568,324.94286000000005,501.07271167599663,C23H39O7P,CCCCCC=CCC=CCC=CCC=CCCCC(=O)OCC(O)COP(=O)(O)O,[M-H]-,LPA 20:4,"LPA 20:4(5,8,11,14)",0.7619999999999996,0.7603100000000609,0.0,0.15223100000000606,Some,Some,-132.29319999999996,9,criegee,0.0,0.0,17300.0,0.0
1170,3.051,349.16557,349.00846,450.16100755835186,C23H39O7P,CCCCCC=CCC=CCC=CCC=CCCCC(=O)OCC(O)COP(=O)(O)O,[M-H]-,LPA 20:4,"LPA 20:4(5,8,11,14)",0.5279999999999996,0.7660200000000259,0.0,0.12940200000000257,Some,Some,-108.2276,12,aldehyde,47200.0,0.0,35700.0,49000.0
1161,3.045,365.16019,365.00786,417.33347879140547,C23H39O7P,CCCCCC=CCC=CCC=CCC=CCCCC(=O)OCC(O)COP(=O)(O)O,[M-H]-,LPA 20:4,"LPA 20:4(5,8,11,14)",0.54,0.7708000000000084,0.0,0.13108000000000086,Some,Some,-92.2282,12,criegee,31400.0,0.0,26600.0,38700.0
799,2.899,388.1013,389.07346,2498.6541102033293,C23H39O7P,CCCCCC=CCC=CCC=CCC=CCCCC(=O)OCC(O)COP(=O)(O)O,[M-H]-,LPA 20:4,"LPA 20:4(5,8,11,14)",0.8319999999999999,0.10470999999995456,0.0,0.09367099999999545,Some,Some,-68.1626,15,aldehyde,6590.0,0.0,0.0,0.0
994,2.978,311.0903,310.95946000000004,420.76224341262315,C23H39O7P,CCC=CCC=CCC=CCC=CCCCCCCC(=O)OCC(O)COP(=O)(O)O,[M-H]-,LPA 20:4,"LPA 20:4(8,11,14,17)",0.6739999999999995,0.7922900000000368,0.0,0.14662900000000362,Some,None,-146.27659999999997,3,aldehyde,0.0,0.0,0.0,14300.0
1071,2.998,327.08474,326.9588600000001,385.00256576603624,C23H39O7P,CCC=CCC=CCC=CCC=CCCCCCCC(=O)OCC(O)COP(=O)(O)O,[M-H]-,LPA 20:4,"LPA 20:4(8,11,14,17)",0.6339999999999995,0.7972500000000764,0.0,0.1431250000000076,Some,None,-130.27719999999997,3,criegee,10200.0,0.0,0.0,7870.0
902,2.957,351.12128,351.02446000000003,275.8212347936656,C23H39O7P,CCC=CCC=CCC=CCC=CCCCCCCC(=O)OCC(O)COP(=O)(O)O,[M-H]-,LPA 20:4,"LPA 20:4(8,11,14,17)",0.7160000000000002,0.826310000000035,0.0,0.15423100000000353,Some,None,-106.21159999999999,6,aldehyde,22900.0,0.0,30600.0,17500.0
1024,2.987,367.11617,367.02386,251.50953401230552,C23H39O7P,CCC=CCC=CCC=CCC=CCCCCCCC(=O)OCC(O)COP(=O)(O)O,[M-H]-,LPA 20:4,"LPA 20:4(8,11,14,17)",0.6559999999999997,0.830820000000017,0.0,0.1486820000000017,Some,None,-90.2122,6,criegee,12300.0,0.0,0.0,0.0
702,2.822,431.14322,431.15446000000003,26.069543615630085,C23H39O7P,CCC=CCC=CCC=CCC=CCCCCCCC(=O)OCC(O)COP(=O)(O)O,[M-H]-,LPA 20:4,"LPA 20:4(8,11,14,17)",0.9859999999999998,0.9343700000000581,0.0,0.1920370000000058,Some,None,-26.081599999999995,12,aldehyde,12400.0,0.0,0.0,0.0
823,2.916,447.21504,447.15386,136.82091439393795,C23H39O7P,CCC=CCC=CCC=CCC=CCCCCCCC(=O)OCC(O)COP(=O)(O)O,[M-H]-,LPA 20:4,"LPA 20:4(8,11,14,17)",0.798,0.8619500000000357,0.0,0.16599500000000358,Some,None,-10.082199999999995,12,criegee,3750.0,0.0,0.0,7840.0
706,2.826,588.33043,588.33069,0.44192833120040725,C28H50NO7P,CCCCCC=CCC=CCC=CCC=CCCCC(=O)OCC(O)COP(=O)([O-])OCC[N+](C)(C)C,[M+HCOO]-,LPC 20:4,"LPC 20:4(5,8,11,14)",0.8797142857142858,0.8993100000000059,0.0,0.17790242857142918,Some,Some,0.0,0,substrate,52846.86276985229,0.0,15985.813308687613,34116.087726467784
706,2.826,588.33043,588.33069,0.44192833120040725,C28H50NO7P,CCC=CCC=CCC=CCC=CCCCCCCC(=O)OCC(O)COP(=O)([O-])OCC[N+](C)(C)C,[M+HCOO]-,LPC 20:4,"LPC 20:4(8,11,14,17)",0.9290000000000002,0.8208625000000112,0.0,0.17498625000000115,All,None,0.0,0,substrate,52153.13723014771,0.0,18214.186691312385,29483.912273532216
734,2.84,400.13752,399.97309000000007,411.10265693105697,C28H50NO7P,CCCCCC=CCC=CCC=CCC=CCCCC(=O)OCC(O)COP(=O)([O-])OCC[N+](C)(C)C,[M+HCOO]-,LPC 20:4,"LPC 20:4(5,8,11,14)",0.9720000000000004,0.8353100000000495,0.0,0.18073100000000503,Some,Some,-188.35759999999993,6,aldehyde,11.142857142857142,0.0,0.0,23.58490566037736
842,2.933,440.16885,440.03809,297.1560939190726,C28H50NO7P,CCCCCC=CCC=CCC=CCC=CCCCC(=O)OCC(O)COP(=O)([O-])OCC[N+](C)(C)C,[M+HCOO]-,LPC 20:4,"LPC 20:4(5,8,11,14)",0.7860000000000005,0.868979999999965,0.0,0.16549799999999656,Some,Some,-148.29259999999996,9,aldehyde,150.47619047619048,398000000.0,426.9005847953216,221.69811320754715
664,2.796,456.20013,456.03749000000005,356.63734575846706,C28H50NO7P,CCCCCC=CCC=CCC=CCC=CCCCC(=O)OCC(O)COP(=O)([O-])OCC[N+](C)(C)C,[M+HCOO]-,LPC 20:4,"LPC 20:4(5,8,11,14)",0.9399999999999995,0.8371000000000208,0.0,0.17771000000000203,Some,Some,-132.29319999999996,9,criegee,15.333333333333332,0.0,41.228070175438596,41.0377358490566
646,2.762,480.20019,480.10309,202.24822964586988,C28H50NO7P,CCCCCC=CCC=CCC=CCC=CCCCC(=O)OCC(O)COP(=O)([O-])OCC[N+](C)(C)C,[M+HCOO]-,LPC 20:4,"LPC 20:4(5,8,11,14)",0.8719999999999999,0.9026399999999626,0.0,0.17746399999999626,Some,Some,-108.2276,12,aldehyde,9.619047619047619,0.0,0.0,0.0
698,2.82,496.1185,496.10249,32.2715574356305,C28H50NO7P,CCCCCC=CCC=CCC=CCC=CCCCC(=O)OCC(O)COP(=O)([O-])OCC[N+](C)(C)C,[M+HCOO]-,LPC 20:4,"LPC 20:4(5,8,11,14)",0.9879999999999995,0.98372999999998,0.0,0.19717299999999796,Some,Some,-92.2282,12,criegee,0.0,843000000.0,0.0,0.0
883,2.951,520.16742,520.16809,1.2880451778841626,C28H50NO7P,CCCCCC=CCC=CCC=CCC=CCCCC(=O)OCC(O)COP(=O)([O-])OCC[N+](C)(C)C,[M+HCOO]-,LPC 20:4,"LPC 20:4(5,8,11,14)",0.75,0.999590000000012,0.0,0.1749590000000012,Some,Some,-68.1626,15,aldehyde,23.809523809523807,0.0,123.39181286549707,71.0691823899371
805,2.901,536.29941,536.16749,246.04251928799854,C28H50NO7P,CCCCCC=CCC=CCC=CCC=CCCCC(=O)OCC(O)COP(=O)([O-])OCC[N+](C)(C)C,[M+HCOO]-,LPC 20:4,"LPC 20:4(5,8,11,14)",0.8500000000000005,0.8678200000000516,0.0,0.1717820000000052,Some,Some,-52.163199999999996,15,criegee,17.42857142857143,0.0,0.0,14.10377358490566
726,2.835,442.18453,442.05409000000003,295.07701195562873,C28H50NO7P,CCC=CCC=CCC=CCC=CCCCCCCC(=O)OCC(O)COP(=O)([O-])OCC[N+](C)(C)C,[M+HCOO]-,LPC 20:4,"LPC 20:4(8,11,14,17)",0.9820000000000002,0.8693000000000097,0.0,0.18513000000000102,All,None,-146.27659999999997,3,aldehyde,72.66666666666667,2710000000.0,208.4795321637427,98.89937106918238
697,2.82,458.16285,458.05349,238.74940893907615,C28H50NO7P,CCC=CCC=CCC=CCC=CCCCCCCC(=O)OCC(O)COP(=O)([O-])OCC[N+](C)(C)C,[M+HCOO]-,LPC 20:4,"LPC 20:4(8,11,14,17)",0.9879999999999995,0.8903799999999933,0.0,0.18783799999999928,All,None,-130.27719999999997,3,criegee,15.333333333333332,1670000000.0,73.9766081871345,41.82389937106918
803,2.899,482.21643,482.11909,201.9003230093507,C28H50NO7P,CCC=CCC=CCC=CCC=CCCCCCCC(=O)OCC(O)COP(=O)([O-])OCC[N+](C)(C)C,[M+HCOO]-,LPC 20:4,"LPC 20:4(8,11,14,17)",0.8540000000000001,0.9024000000000001,0.0,0.17564000000000002,All,None,-106.21159999999999,6,aldehyde,5.771428571428571,0.0,0.0,0.0
727,2.836,498.19397,498.11849,151.5302112153485,C28H50NO7P,CCC=CCC=CCC=CCC=CCCCCCCC(=O)OCC(O)COP(=O)([O-])OCC[N+](C)(C)C,[M+HCOO]-,LPC 20:4,"LPC 20:4(8,11,14,17)",0.9800000000000004,0.9242600000000039,0.0,0.19042600000000043,All,None,-90.2122,6,criegee,0.0,0.0,63.74269005847953,10.20440251572327
755,2.85,521.23465,522.18409,1818.209359844689,C28H50NO7P,CCC=CCC=CCC=CCC=CCCCCCCC(=O)OCC(O)COP(=O)([O-])OCC[N+](C)(C)C,[M+HCOO]-,LPC 20:4,"LPC 20:4(8,11,14,17)",0.952,0.050820000000044274,0.0,0.10028200000000444,All,None,-66.1466,9,aldehyde,18.476190476190478,1930000000.0,50.877192982456144,30.81761006289308
674,2.805,538.22505,538.18349,77.22273308682145,C28H50NO7P,CCC=CCC=CCC=CCC=CCCCCCCC(=O)OCC(O)COP(=O)([O-])OCC[N+](C)(C)C,[M+HCOO]-,LPC 20:4,"LPC 20:4(8,11,14,17)",0.9580000000000002,0.9581799999999703,0.0,0.19161799999999707,All,None,-50.147200000000005,9,criegee,39.904761904761905,4000000000.0,121.63742690058479,59.74842767295597
625,2.736,562.26546,562.24909,29.115209417125147,C28H50NO7P,CCC=CCC=CCC=CCC=CCCCCCCC(=O)OCC(O)COP(=O)([O-])OCC[N+](C)(C)C,[M+HCOO]-,LPC 20:4,"LPC 20:4(8,11,14,17)",0.8200000000000003,0.9833700000000363,0.0,0.18033700000000366,All,None,-26.081599999999995,12,aldehyde,72.66666666666667,0.0,155.26315789473685,79.55974842767296
786,2.877,578.26004,578.2484900000001,19.974111821619946,C28H50NO7P,CCC=CCC=CCC=CCC=CCCCCCCC(=O)OCC(O)COP(=O)([O-])OCC[N+](C)(C)C,[M+HCOO]-,LPC 20:4,"LPC 20:4(8,11,14,17)",0.8980000000000006,0.9881900000000314,0.0,0.1886190000000032,All,None,-10.082199999999995,12,criegee,0.0,655000000.0,0.0,0.0
717,2.831,476.27809,476.27826,0.35693420054212677,C23H44NO7P,CCCCCC=CCC=CCCCCCCCC(=O)OCC(O)COP(=O)(O)OCCN,[M-H]-,LPE 18:2,"LPE 18:2(9,12)",0.9409999999999998,0.9750450000000228,0.0,0.1916045000000023,All,None,0.0,0,substrate,360890.3820310999,,550319.2771084338,331005.6925996205
717,2.831,476.27809,476.27826,0.35693420054212677,C23H44NO7P,CCCCCCCCC=CCC=CCCCCC(=O)OCC(O)COP(=O)(O)OCCN,[M-H]-,LPE 18:2,"LPE 18:2(6,9)",0.8609999999999998,0.510202499999977,0.0,0.1371202499999977,All,None,0.0,0,substrate,497109.6179689,,272680.7228915663,558994.3074003794
848,2.934,325.10568,325.96966000000003,2650.4920734034763,C23H44NO7P,CCCCCCCCC=CCC=CCCCCC(=O)OCC(O)COP(=O)(O)OCCN,[M-H]-,LPE 18:2,"LPE 18:2(6,9)",0.7939999999999996,0.1361899999999423,0.0,0.0930189999999942,All,None,-150.30859999999996,9,aldehyde,0.0,0.0,2.1020656136087483,0.0
742,2.843,341.10041,341.96906,2540.142081859693,C23H44NO7P,CCCCCCCCC=CCC=CCCCCC(=O)OCC(O)COP(=O)(O)OCCN,[M-H]-,LPE 18:2,"LPE 18:2(6,9)",0.976,0.1315199999999095,0.0,0.11075199999999095,All,None,-134.30919999999995,9,criegee,0.0,0.0,0.0,0.43820224719101125
676,2.807,366.13205,366.03466000000003,266.06769970898836,C23H44NO7P,CCCCCCCCC=CCC=CCCCCC(=O)OCC(O)COP(=O)(O)OCCN,[M-H]-,LPE 18:2,"LPE 18:2(6,9)",0.952,0.9024400000000128,0.0,0.18544400000000127,All,None,-110.24359999999999,12,aldehyde,0.38578088578088576,0.0,0.0,0.0
960,2.97,382.16323,382.03406,338.1112144817344,C23H44NO7P,CCCCCCCCC=CCC=CCCCCC(=O)OCC(O)COP(=O)(O)OCCN,[M-H]-,LPE 18:2,"LPE 18:2(6,9)",0.7219999999999995,0.8706600000000435,0.0,0.15926600000000432,All,None,-94.24419999999999,12,criegee,2.1678321678321675,0.0,1.9441069258809234,1.7640449438202248
780,2.869,408.14252,408.11566,65.81467616312301,C23H44NO7P,CCCCCC=CCC=CCCCCCCCC(=O)OCC(O)COP(=O)(O)OCCN,[M-H]-,LPE 18:2,"LPE 18:2(9,12)",0.9239999999999995,0.9729700000000321,0.0,0.18969700000000317,All,None,-68.1626,9,aldehyde,0.3356643356643357,0.0,0.0,0.0
684,2.81,424.13777,424.11505999999997,53.54678987352577,C23H44NO7P,CCCCCC=CCC=CCCCCCCCC(=O)OCC(O)COP(=O)(O)OCCN,[M-H]-,LPE 18:2,"LPE 18:2(9,12)",0.9580000000000002,0.9771200000000135,0.0,0.19351200000000138,All,None,-52.163199999999996,9,criegee,3.1818181818181817,0.0,2.0048602673147022,3.7191011235955056
718,2.831,520.23146,520.26809,70.4060093327254,C24H44NO9P,CCCCCC=CCC=CCCCCCCCC(=O)OCC(O)COP(=O)(O)OCC(N)C(=O)O,[M-H]-,LPS 18:2,"LPS 18:2(9,12)",0.8509999999999998,0.8694974999999658,0.0,0.1720497499999966,All,None,0.0,0,substrate,38496.21020717534,99500.0,76066.68444918646,60720.7458563536
718,2.831,520.23146,520.26809,70.4060093327254,C24H44NO9P,CCCCCCCCC=CCC=CCCCCC(=O)OCC(O)COP(=O)(O)OCC(N)C(=O)O,[M-H]-,LPS 18:2,"LPS 18:2(6,9)",0.8815,0.805877499999994,0.0,0.1687377499999994,All,None,0.0,0,substrate,68503.78979282465,0.0,31933.315550813553,19079.25414364641
743,2.843,370.12674,369.9594900000001,452.0765232969436,C24H44NO9P,CCCCCCCCC=CCC=CCCCCC(=O)OCC(O)COP(=O)(O)OCC(N)C(=O)O,[M-H]-,LPS 18:2,"LPS 18:2(6,9)",0.976,0.7961200000000304,0.0,0.17721200000000303,All,None,-150.30859999999996,9,aldehyde,0.0,0.0,0.0,4290.0
766,2.858,386.12198,385.9588900000001,422.5579568847276,C24H44NO9P,CCCCCCCCC=CCC=CCCCCC(=O)OCC(O)COP(=O)(O)OCC(N)C(=O)O,[M-H]-,LPS 18:2,"LPS 18:2(6,9)",0.9459999999999997,0.8002800000000434,0.0,0.17462800000000434,All,None,-134.30919999999995,9,criegee,0.0,0.0,6690.0,0.0
847,2.933,410.19481,410.02449,415.3898222030684,C24H44NO9P,CCCCCCCCC=CCC=CCCCCC(=O)OCC(O)COP(=O)(O)OCC(N)C(=O)O,[M-H]-,LPS 18:2,"LPS 18:2(6,9)",0.7960000000000003,0.793049999999937,0.0,0.15890499999999375,All,None,-110.24359999999999,12,aldehyde,0.0,0.0,4920.0,11700.0
622,2.735,426.1532,426.02389000000005,303.52757916927,C24H44NO9P,CCCCCCCCC=CCC=CCCCCC(=O)OCC(O)COP(=O)(O)OCC(N)C(=O)O,[M-H]-,LPS 18:2,"LPS 18:2(6,9)",0.8079999999999998,0.8340599999999654,0.0,0.16420599999999652,All,None,-94.24419999999999,12,criegee,35600.0,16000.0,41200.0,39100.0
800,2.899,412.17383,412.04049000000003,323.6089734772803,C24H44NO9P,CCCCCC=CCC=CCCCCCCCC(=O)OCC(O)COP(=O)(O)OCC(N)C(=O)O,[M-H]-,LPS 18:2,"LPS 18:2(9,12)",0.8639999999999999,0.8300299999999652,0.0,0.16940299999999653,All,None,-108.2276,6,aldehyde,9850.0,0.0,0.0,0.0
789,2.883,428.1561,428.03989,271.4933881511997,C24H44NO9P,CCCCCC=CCC=CCCCCCCCC(=O)OCC(O)COP(=O)(O)OCC(N)C(=O)O,[M-H]-,LPS 18:2,"LPS 18:2(9,12)",0.8959999999999999,0.8471599999999739,0.0,0.17431599999999742,All,None,-92.2282,6,criegee,39900.0,0.0,0.0,0.0
687,2.812,452.13593,452.10549000000003,67.32941906974375,C24H44NO9P,CCCCCC=CCC=CCCCCCCCC(=O)OCC(O)COP(=O)(O)OCC(N)C(=O)O,[M-H]-,LPS 18:2,"LPS 18:2(9,12)",0.9619999999999997,0.9329299999999989,0.0,0.18949299999999988,All,None,-68.1626,9,aldehyde,0.0,0.0,9870.0,8610.0
1037,2.99,468.20039,468.10489,204.01410461662869,C24H44NO9P,CCCCCC=CCC=CCCCCCCCC(=O)OCC(O)COP(=O)(O)OCC(N)C(=O)O,[M-H]-,LPS 18:2,"LPS 18:2(9,12)",0.6819999999999995,0.8678699999999253,0.0,0.1549869999999925,All,None,-52.163199999999996,9,criegee,13600.0,0.0,12300.0,8700.0
729,2.836,457.23591,457.23606,0.3280581151433908,C23H39O7P,CCC=CCC=CCC=CCC=CCCCCCCC(=O)OCC(O)COP(=O)(O)O,[M-H]-,LPA 20:4,"LPA 20:4(8,11,14,17)",0.7766666666666664,0.9135216666666585,0.0,0.16901883333333248,Some,None,0.0,0,substrate,51079.006554427455,,60597.66536964981,80151.24054746579
729,2.836,457.23591,457.23606,0.3280581151433908,C23H39O7P,CCCCCC=CCC=CCC=CCC=CCCCC(=O)OCC(O)COP(=O)(O)O,[M-H]-,LPA 20:4,"LPA 20:4(5,8,11,14)",0.49999999999999983,0.672913333333355,0.04123254773534585,0.15027737152161216,Some,Some,0.0,0,substrate,33420.993445572545,,21802.334630350193,33848.75945253422
489,2.361,269.13932,268.8784600000001,970.1781243463041,C23H39O7P,CCCCCC=CCC=CCC=CCC=CCCCC(=O)OCC(O)COP(=O)(O)O,[M-H]-,LPA 20:4,"LPA 20:4(5,8,11,14)",0.05000000000000071,0.738990000000058,0.2473952864120751,0.27681522912966594,Some,Some,-188.35759999999993,6,aldehyde,0.0,0.0,5450.0,13900.0
492,2.396,285.1345,284.87786000000006,900.8773093140602,C23H39O7P,CCCCCC=CCC=CCC=CCC=CCCCC(=O)OCC(O)COP(=O)(O)O,[M-H]-,LPA 20:4,"LPA 20:4(5,8,11,14)",0.1200000000000001,0.7432100000000901,0.0,0.08632100000000902,Some,Some,-172.35819999999993,6,criegee,8880.0,0.0,0.0,10900.0
848,2.934,325.10568,324.94286000000005,501.07271167599663,C23H39O7P,CCCCCC=CCC=CCC=CCC=CCCCC(=O)OCC(O)COP(=O)(O)O,[M-H]-,LPA 20:4,"LPA 20:4(5,8,11,14)",0.8039999999999994,0.837030000000027,0.0,0.16410300000000266,Some,Some,-132.29319999999996,9,criegee,0.0,0.0,17300.0,0.0
1170,3.051,349.16557,349.00846,450.16100755835186,C23H39O7P,CCCCCC=CCC=CCC=CCC=CCCCC(=O)OCC(O)COP(=O)(O)O,[M-H]-,LPA 20:4,"LPA 20:4(5,8,11,14)",0.5699999999999994,0.842739999999992,0.0,0.14127399999999915,Some,Some,-108.2276,12,aldehyde,47200.0,0.0,35700.0,49000.0
1161,3.045,365.16019,365.00786,417.33347879140547,C23H39O7P,CCCCCC=CCC=CCC=CCC=CCCCC(=O)OCC(O)COP(=O)(O)O,[M-H]-,LPA 20:4,"LPA 20:4(5,8,11,14)",0.5819999999999999,0.8475199999999745,0.0,0.14295199999999744,Some,Some,-92.2282,12,criegee,31400.0,0.0,26600.0,38700.0
799,2.899,388.1013,389.07346,2498.6541102033293,C23H39O7P,CCCCCC=CCC=CCC=CCC=CCCCC(=O)OCC(O)COP(=O)(O)O,[M-H]-,LPA 20:4,"LPA 20:4(5,8,11,14)",0.8739999999999997,0.027989999999988413,0.0,0.09019899999999882,Some,Some,-68.1626,15,aldehyde,6590.0,0.0,0.0,0.0
994,2.978,311.0903,310.95946000000004,420.76224341262315,C23H39O7P,CCC=CCC=CCC=CCC=CCCCCCCC(=O)OCC(O)COP(=O)(O)O,[M-H]-,LPA 20:4,"LPA 20:4(8,11,14,17)",0.7159999999999993,0.869010000000003,0.0,0.15850100000000023,Some,None,-146.27659999999997,3,aldehyde,0.0,0.0,0.0,14300.0
1071,2.998,327.08474,326.9588600000001,385.00256576603624,C23H39O7P,CCC=CCC=CCC=CCC=CCCCCCCC(=O)OCC(O)COP(=O)(O)O,[M-H]-,LPA 20:4,"LPA 20:4(8,11,14,17)",0.6759999999999993,0.8739699999999857,0.0,0.1549969999999985,Some,None,-130.27719999999997,3,criegee,10200.0,0.0,0.0,7870.0
902,2.957,351.12128,351.02446000000003,275.8212347936656,C23H39O7P,CCC=CCC=CCC=CCC=CCCCCCCC(=O)OCC(O)COP(=O)(O)O,[M-H]-,LPA 20:4,"LPA 20:4(8,11,14,17)",0.758,0.9030300000000011,0.0,0.1661030000000001,Some,None,-106.21159999999999,6,aldehyde,22900.0,0.0,30600.0,17500.0
1024,2.987,367.11617,367.02386,251.50953401230552,C23H39O7P,CCC=CCC=CCC=CCC=CCCCCCCC(=O)OCC(O)COP(=O)(O)O,[M-H]-,LPA 20:4,"LPA 20:4(8,11,14,17)",0.6979999999999995,0.9075399999999831,0.0,0.16055399999999828,Some,None,-90.2122,6,criegee,12300.0,0.0,0.0,0.0
702,2.822,431.14322,431.15446000000003,26.069543615630085,C23H39O7P,CCC=CCC=CCC=CCC=CCCCCCCC(=O)OCC(O)COP(=O)(O)O,[M-H]-,LPA 20:4,"LPA 20:4(8,11,14,17)",0.9720000000000004,0.9889099999999758,0.0,0.19609099999999763,Some,None,-26.081599999999995,12,aldehyde,12400.0,0.0,0.0,0.0
823,2.916,447.21504,447.15386,136.82091439393795,C23H39O7P,CCC=CCC=CCC=CCC=CCCCCCCC(=O)OCC(O)COP(=O)(O)O,[M-H]-,LPA 20:4,"LPA 20:4(8,11,14,17)",0.8399999999999999,0.9386700000000019,0.0,0.1778670000000002,Some,None,-10.082199999999995,12,criegee,3750.0,0.0,0.0,7840.0
773,2.862,457.15891,457.23606,168.73122386720192,C23H39O7P,CCC=CCC=CCC=CCC=CCCCCCCC(=O)OCC(O)COP(=O)(O)O,[M-H]-,LPA 20:4,"LPA 20:4(8,11,14,17)",0.8146666666666668,0.8402116666666662,0.0,0.1654878333333333,Some,None,0.0,0,substrate,94217.37914055506,0.0,100000.0,51808.66062437059
773,2.862,457.15891,457.23606,168.73122386720192,C23H39O7P,CCCCCC=CCC=CCC=CCC=CCCCC(=O)OCC(O)COP(=O)(O)O,[M-H]-,LPA 20:4,"LPA 20:4(5,8,11,14)",0.6212,0.6134980000000155,0.0,0.12346980000000156,Some,None,0.0,0,substrate,84782.62085944494,0.0,100000.0,36891.3393756294
492,2.396,285.1345,284.87786000000006,900.8773093140602,C23H39O7P,CCCCCC=CCC=CCC=CCC=CCCCC(=O)OCC(O)COP(=O)(O)O,[M-H]-,LPA 20:4,"LPA 20:4(5,8,11,14)",0.06799999999999962,0.6662100000000919,0.0,0.07342100000000915,Some,None,-172.35819999999993,6,criegee,8880.0,0.0,0.0,10900.0
848,2.934,325.10568,324.94286000000005,501.07271167599663,C23H39O7P,CCCCCC=CCC=CCC=CCC=CCCCC(=O)OCC(O)COP(=O)(O)O,[M-H]-,LPA 20:4,"LPA 20:4(5,8,11,14)",0.8559999999999999,0.7600300000000288,0.0,0.16160300000000288,Some,None,-132.29319999999996,9,criegee,0.0,0.0,17300.0,0.0
1170,3.051,349.16557,349.00846,450.16100755835186,C23H39O7P,CCCCCC=CCC=CCC=CCC=CCCCC(=O)OCC(O)COP(=O)(O)O,[M-H]-,LPA 20:4,"LPA 20:4(5,8,11,14)",0.6219999999999999,0.7657399999999939,0.0,0.1387739999999994,Some,None,-108.2276,12,aldehyde,47200.0,0.0,35700.0,49000.0
1161,3.045,365.16019,365.00786,417.33347879140547,C23H39O7P,CCCCCC=CCC=CCC=CCC=CCCCC(=O)OCC(O)COP(=O)(O)O,[M-H]-,LPA 20:4,"LPA 20:4(5,8,11,14)",0.6340000000000003,0.7705199999999763,0.0,0.1404519999999977,Some,None,-92.2282,12,criegee,31400.0,0.0,26600.0,38700.0
799,2.899,388.1013,389.07346,2498.6541102033293,C23H39O7P,CCCCCC=CCC=CCC=CCC=CCCCC(=O)OCC(O)COP(=O)(O)O,[M-H]-,LPA 20:4,"LPA 20:4(5,8,11,14)",0.9260000000000002,0.1049899999999866,0.0,0.10309899999999868,Some,None,-68.1626,15,aldehyde,6590.0,0.0,0.0,0.0
994,2.978,311.0903,310.95946000000004,420.76224341262315,C23H39O7P,CCC=CCC=CCC=CCC=CCCCCCCC(=O)OCC(O)COP(=O)(O)O,[M-H]-,LPA 20:4,"LPA 20:4(8,11,14,17)",0.7679999999999998,0.7920100000000048,0.0,0.15600100000000044,Some,None,-146.27659999999997,3,aldehyde,0.0,0.0,0.0,14300.0
1071,2.998,327.08474,326.9588600000001,385.00256576603624,C23H39O7P,CCC=CCC=CCC=CCC=CCCCCCCC(=O)OCC(O)COP(=O)(O)O,[M-H]-,LPA 20:4,"LPA 20:4(8,11,14,17)",0.7279999999999998,0.7969699999999875,0.0,0.15249699999999872,Some,None,-130.27719999999997,3,criegee,10200.0,0.0,0.0,7870.0
902,2.957,351.12128,351.02446000000003,275.8212347936656,C23H39O7P,CCC=CCC=CCC=CCC=CCCCCCCC(=O)OCC(O)COP(=O)(O)O,[M-H]-,LPA 20:4,"LPA 20:4(8,11,14,17)",0.8100000000000005,0.8260300000000029,0.0,0.16360300000000036,Some,None,-106.21159999999999,6,aldehyde,22900.0,0.0,30600.0,17500.0
1024,2.987,367.11617,367.02386,251.50953401230552,C23H39O7P,CCC=CCC=CCC=CCC=CCCCCCCC(=O)OCC(O)COP(=O)(O)O,[M-H]-,LPA 20:4,"LPA 20:4(8,11,14,17)",0.75,0.830539999999985,0.0,0.15805399999999853,Some,None,-90.2122,6,criegee,12300.0,0.0,0.0,0.0
796,2.892,431.14326,431.15446000000003,25.976769439032918,C23H39O7P,CCC=CCC=CCC=CCC=CCCCCCCC(=O)OCC(O)COP(=O)(O)O,[M-H]-,LPA 20:4,"LPA 20:4(8,11,14,17)",0.9400000000000004,0.9340500000000134,0.0,0.18740500000000138,Some,None,-26.081599999999995,12,aldehyde,35500.0,17400.0,49000.0,22700.0
823,2.916,447.21504,447.15386,136.82091439393795,C23H39O7P,CCC=CCC=CCC=CCC=CCCCCCCC(=O)OCC(O)COP(=O)(O)O,[M-H]-,LPA 20:4,"LPA 20:4(8,11,14,17)",0.8920000000000003,0.8616700000000037,0.0,0.17536700000000044,Some,None,-10.082199999999995,12,criegee,3750.0,0.0,0.0,7840.0
975,2.973,433.23586,433.23606,0.4616420895496079,C21H39O7P,CCCCCC=CCC=CCCCCCCCC(=O)OCC(O)COP(=O)(O)O,[M-H]-,LPA 18:2,"LPA 18:2(9,12)",0.9449999999999996,0.9159224999999935,0.0,0.18609224999999932,All,None,0.0,0,substrate,11581.333862119109,0.0,17459.793396799676,0.0
975,2.973,433.23586,433.23606,0.4616420895496079,C21H39O7P,CCCCCCCCC=CCC=CCCCCC(=O)OCC(O)COP(=O)(O)O,[M-H]-,LPA 18:2,"LPA 18:2(6,9)",0.4800000000000004,0.3886100000000283,0.0,0.08686100000000288,Some,None,0.0,0,substrate,574418.6661378809,126000.0,469540.2066032003,596000.0
643,2.762,299.2589,298.92686000000003,1110.7733844993036,C21H39O7P,CCCCCCCCC=CCC=CCCCCC(=O)OCC(O)COP(=O)(O)O,[M-H]-,LPA 18:2,"LPA 18:2(6,9)",0.5780000000000003,0.6677600000001007,0.0,0.12457600000001011,Some,None,-134.30919999999995,9,criegee,2990.0,0.0,0.0,0.0
566,2.664,338.10112,338.99186000000003,2627.61471617652,C21H39O7P,CCCCCCCCC=CCC=CCCCCC(=O)OCC(O)COP(=O)(O)O,[M-H]-,LPA 18:2,"LPA 18:2(6,9)",0.38200000000000056,0.10945999999995593,0.0,0.04914599999999565,Some,None,-94.24419999999999,12,criegee,0.0,0.0,3540.0,0.0
997,2.979,325.10571,325.00846,299.22298022634266,C21H39O7P,CCCCCC=CCC=CCCCCCCCC(=O)OCC(O)COP(=O)(O)O,[M-H]-,LPA 18:2,"LPA 18:2(9,12)",0.9879999999999995,0.9025500000000193,0.0,0.1890550000000019,All,None,-108.2276,6,aldehyde,62400.0,14000.0,32100.0,57700.0
1008,2.983,341.10041,341.00786,271.40136887172343,C21H39O7P,CCCCCC=CCC=CCCCCCCCC(=O)OCC(O)COP(=O)(O)O,[M-H]-,LPA 18:2,"LPA 18:2(9,12)",0.9799999999999995,0.9072499999999764,0.0,0.1887249999999976,All,None,-92.2282,6,criegee,35800.0,26400.0,17500.0,23000.0
1161,3.045,365.16019,365.07346,237.56862522953227,C21H39O7P,CCCCCC=CCC=CCCCCCCCC(=O)OCC(O)COP(=O)(O)O,[M-H]-,LPA 18:2,"LPA 18:2(9,12)",0.8559999999999999,0.9130700000000047,0.0,0.17690700000000048,All,None,-68.1626,9,aldehyde,31400.0,0.0,26600.0,38700.0
1064,2.995,381.13184,381.07286,154.7735517035235,C21H39O7P,CCCCCC=CCC=CCCCCCCCC(=O)OCC(O)COP(=O)(O)O,[M-H]-,LPA 18:2,"LPA 18:2(9,12)",0.9559999999999995,0.9408199999999738,0.0,0.18968199999999735,All,None,-52.163199999999996,9,criegee,18700.0,15800.0,19000.0,29500.0
1026,2.987,457.23593,457.23606,0.28431703311598405,C23H39O7P,CCC=CCC=CCC=CCC=CCCCCCCC(=O)OCC(O)COP(=O)(O)O,[M-H]-,LPA 20:4,"LPA 20:4(8,11,14,17)",0.963,0.9135433333333461,0.0,0.18765433333333462,Some,None,0.0,0,substrate,9108.066256862654,0.0,0.0,0.0
1026,2.987,457.23593,457.23606,0.28431703311598405,C23H39O7P,CCCCCC=CCC=CCC=CCC=CCCCC(=O)OCC(O)COP(=O)(O)O,[M-H]-,LPA 20:4,"LPA 20:4(5,8,11,14)",0.9185000000000001,0.6388375000000082,0.0,0.15573375000000084,Some,None,0.0,0,substrate,3091.9337431373474,0.0,0.0,0.0
997,2.979,325.10571,324.94286000000005,501.1650356002125,C23H39O7P,CCCCCC=CCC=CCC=CCC=CCCCC(=O)OCC(O)COP(=O)(O)O,[M-H]-,LPA 20:4,"LPA 20:4(5,8,11,14)",0.984,0.8370200000000523,0.0,0.18210200000000523,Some,None,-132.29319999999996,9,criegee,62400.0,14000.0,32100.0,57700.0
1170,3.051,349.16557,349.00846,450.16100755835186,C23H39O7P,CCCCCC=CCC=CCC=CCC=CCCCC(=O)OCC(O)COP(=O)(O)O,[M-H]-,LPA 20:4,"LPA 20:4(5,8,11,14)",0.8719999999999999,0.8427599999999984,0.0,0.17147599999999985,Some,None,-108.2276,12,aldehyde,47200.0,0.0,35700.0,49000.0
1161,3.045,365.16019,365.00786,417.33347879140547,C23H39O7P,CCCCCC=CCC=CCC=CCC=CCCCC(=O)OCC(O)COP(=O)(O)O,[M-H]-,LPA 20:4,"LPA 20:4(5,8,11,14)",0.8840000000000003,0.8475399999999809,0.0,0.17315399999999814,Some,None,-92.2282,12,criegee,31400.0,0.0,26600.0,38700.0
892,2.954,388.10136,389.07346,2498.499897680021,C23H39O7P,CCCCCC=CCC=CCC=CCC=CCCCC(=O)OCC(O)COP(=O)(O)O,[M-H]-,LPA 20:4,"LPA 20:4(5,8,11,14)",0.9340000000000002,0.02803000000000111,0.0,0.09620300000000014,Some,None,-68.1626,15,aldehyde,18100.0,16300.0,15100.0,11000.0
994,2.978,311.0903,310.95946000000004,420.76224341262315,C23H39O7P,CCC=CCC=CCC=CCC=CCCCCCCC(=O)OCC(O)COP(=O)(O)O,[M-H]-,LPA 20:4,"LPA 20:4(8,11,14,17)",0.9820000000000002,0.8690300000000093,0.0,0.18510300000000096,Some,None,-146.27659999999997,3,aldehyde,0.0,0.0,0.0,14300.0
1071,2.998,327.08474,326.9588600000001,385.00256576603624,C23H39O7P,CCC=CCC=CCC=CCC=CCCCCCCC(=O)OCC(O)COP(=O)(O)O,[M-H]-,LPA 20:4,"LPA 20:4(8,11,14,17)",0.9779999999999998,0.8739900000000489,0.0,0.1851990000000049,Some,None,-130.27719999999997,3,criegee,10200.0,0.0,0.0,7870.0
902,2.957,351.12128,351.02446000000003,275.8212347936656,C23H39O7P,CCC=CCC=CCC=CCC=CCCCCCCC(=O)OCC(O)COP(=O)(O)O,[M-H]-,LPA 20:4,"LPA 20:4(8,11,14,17)",0.9399999999999995,0.9030500000000075,0.0,0.18430500000000072,Some,None,-106.21159999999999,6,aldehyde,22900.0,0.0,30600.0,17500.0
1024,2.987,367.11617,367.02386,251.50953401230552,C23H39O7P,CCC=CCC=CCC=CCC=CCCCCCCC(=O)OCC(O)COP(=O)(O)O,[M-H]-,LPA 20:4,"LPA 20:4(8,11,14,17)",1.0,0.9075599999999895,0.0,0.19075599999999895,Some,None,-90.2122,6,criegee,12300.0,0.0,0.0,0.0
1156,3.037,431.14334,431.15446000000003,25.791221085838583,C23H39O7P,CCC=CCC=CCC=CCC=CCCCCCCC(=O)OCC(O)COP(=O)(O)O,[M-H]-,LPA 20:4,"LPA 20:4(8,11,14,17)",0.9000000000000004,0.9890100000000075,0.0,0.1889010000000008,Some,None,-26.081599999999995,12,aldehyde,0.0,28400.0,0.0,7940.0
979,2.976,447.21511,447.15386,136.97746006256708,C23H39O7P,CCC=CCC=CCC=CCC=CCCCCCCC(=O)OCC(O)COP(=O)(O)O,[M-H]-,LPA 20:4,"LPA 20:4(8,11,14,17)",0.9779999999999998,0.9386200000000144,0.0,0.19166200000000144,Some,None,-10.082199999999995,12,criegee,8610.0,0.0,0.0,9720.0
1048,2.992,500.27811,500.27826,0.2998331367874089,C25H44NO7P,CCCCCC=CCC=CCC=CCC=CCCCC(=O)OCC(O)COP(=O)(O)OCCN,[M-H]-,LPE 20:4,"LPE 20:4(5,8,11,14)",0.64975,0.8073125000000374,0.24362088256621917,0.34060295605297913,All,Some,0.0,0,substrate,0.0,1940.2724014336918,0.0,0.0
1048,2.992,500.27811,500.27826,0.2998331367874089,C25H44NO7P,CCC=CCC=CCC=CCC=CCCCCCCC(=O)OCC(O)COP(=O)(O)OCCN,[M-H]-,LPE 20:4,"LPE 20:4(8,11,14,17)",0.81675,0.9144537500000354,0.12137378396259198,0.2702194021700771,All,Some,0.0,0,substrate,0.0,7479.727598566308,0.0,0.0
611,2.728,312.08534,311.92066000000005,527.9547690105518,C25H44NO7P,CCCCCC=CCC=CCC=CCC=CCCCC(=O)OCC(O)COP(=O)(O)OCCN,[M-H]-,LPE 20:4,"LPE 20:4(5,8,11,14)",0.4720000000000004,0.8351700000001188,0.0,0.13071700000001193,All,Some,-188.35759999999993,6,aldehyde,3320000000.0,183.65180467091295,3620000000.0,3960000000.0
1071,2.998,327.08474,327.92006000000003,2547.328150647521,C25H44NO7P,CCCCCC=CCC=CCC=CCC=CCCCC(=O)OCC(O)COP(=O)(O)OCCN,[M-H]-,LPE 20:4,"LPE 20:4(5,8,11,14)",0.9879999999999995,0.16482999999993808,0.0,0.11528299999999377,All,Some,-172.35819999999993,6,criegee,1020000000.0,0.0,0.0,787000000.0
598,2.717,352.1164,351.98566000000005,371.43558632458524,C25H44NO7P,CCCCCC=CCC=CCC=CCC=CCCCC(=O)OCC(O)COP(=O)(O)OCCN,[M-H]-,LPE 20:4,"LPE 20:4(5,8,11,14)",0.4500000000000002,0.8691100000000915,0.0,0.1319110000000092,All,Some,-148.29259999999996,9,aldehyde,5690000000.0,199.57537154989384,4470000000.0,5530000000.0
707,2.827,368.11112,367.98506000000003,342.5682553525281,C25H44NO7P,CCCCCC=CCC=CCC=CCC=CCCCC(=O)OCC(O)COP(=O)(O)OCCN,[M-H]-,LPE 20:4,"LPE 20:4(5,8,11,14)",0.6699999999999999,0.8737900000000423,0.0,0.1543790000000042,All,Some,-132.29319999999996,9,criegee,0.0,0.0,0.0,350000000.0
585,2.702,392.1479,392.05066,248.0291705158699,C25H44NO7P,CCCCCC=CCC=CCC=CCC=CCCCC(=O)OCC(O)COP(=O)(O)OCCN,[M-H]-,LPE 20:4,"LPE 20:4(5,8,11,14)",0.41999999999999993,0.9026100000000383,0.9677848718171175,0.9064888974536979,All,Some,-108.2276,12,aldehyde,3770000000.0,181.52866242038218,3950000000.0,5690000000.0
780,2.869,408.14252,408.05006,226.58984537342516,C25H44NO7P,CCCCCC=CCC=CCC=CCC=CCCCC(=O)OCC(O)COP(=O)(O)OCCN,[M-H]-,LPE 20:4,"LPE 20:4(5,8,11,14)",0.7540000000000004,0.9073900000000208,0.0,0.16613900000000215,All,Some,-92.2282,12,criegee,288000000.0,0.0,0.0,0.0
623,2.735,432.17895,432.11566,146.4654162267458,C25H44NO7P,CCCCCC=CCC=CCC=CCC=CCCCC(=O)OCC(O)COP(=O)(O)OCCN,[M-H]-,LPE 20:4,"LPE 20:4(5,8,11,14)",0.48599999999999977,0.9365600000000427,0.981182188712636,0.927201750970113,All,Some,-68.1626,15,aldehyde,6490000000.0,350.31847133757964,6140000000.0,6500000000.0
964,2.971,448.14587,448.11505999999997,68.75466314394984,C25H44NO7P,CCCCCC=CCC=CCC=CCC=CCCCC(=O)OCC(O)COP(=O)(O)OCCN,[M-H]-,LPE 20:4,"LPE 20:4(5,8,11,14)",0.9580000000000002,0.9690400000000068,0.0,0.1927040000000007,All,Some,-52.163199999999996,15,criegee,0.0,0.0,583000000.0,1010000000.0
1179,3.053,354.13215,354.00166,368.61409067971283,C25H44NO7P,CCC=CCC=CCC=CCC=CCCCCCCC(=O)OCC(O)COP(=O)(O)OCCN,[M-H]-,LPE 20:4,"LPE 20:4(8,11,14,17)",0.8780000000000001,0.8693600000000288,0.0,0.1747360000000029,All,Some,-146.27659999999997,3,aldehyde,0.0,0.0,0.0,216000000.0
743,2.843,370.12674,370.00106000000005,339.67470255337,C25H44NO7P,CCC=CCC=CCC=CCC=CCCCCCCC(=O)OCC(O)COP(=O)(O)OCCN,[M-H]-,LPE 20:4,"LPE 20:4(8,11,14,17)",0.702,0.874170000000106,0.0,0.1576170000000106,All,Some,-130.27719999999997,3,criegee,0.0,0.0,0.0,429000000.0
1119,3.027,394.16281,394.06666,243.99425213989426,C25H44NO7P,CCC=CCC=CCC=CCC=CCCCCCCC(=O)OCC(O)COP(=O)(O)OCCN,[M-H]-,LPE 20:4,"LPE 20:4(8,11,14,17)",0.9299999999999997,0.9037000000000717,0.0,0.18337000000000714,All,Some,-106.21159999999999,6,aldehyde,591000000.0,0.0,0.0,459000000.0
1098,3.017,410.14574,410.06606,194.31015578318332,C25H44NO7P,CCC=CCC=CCC=CCC=CCCCCCCC(=O)OCC(O)COP(=O)(O)OCCN,[M-H]-,LPE 20:4,"LPE 20:4(8,11,14,17)",0.9500000000000002,0.9201700000000415,0.0,0.18701700000000418,All,Some,-90.2122,6,criegee,999000000.0,0.0,0.0,0.0
1065,2.995,434.23925,434.13166,247.82804368613904,C25H44NO7P,CCC=CCC=CCC=CCC=CCCCCCCC(=O)OCC(O)COP(=O)(O)OCCN,[M-H]-,LPE 20:4,"LPE 20:4(8,11,14,17)",0.9939999999999998,0.8922600000000216,0.0,0.18862600000000215,All,Some,-66.1466,9,aldehyde,12300000000.0,194.2675159235669,9830000000.0,12500000000.0
537,2.576,450.26223,450.13106,291.40401908723504,C25H44NO7P,CCC=CCC=CCC=CCC=CCCCCCCC(=O)OCC(O)COP(=O)(O)OCCN,[M-H]-,LPE 20:4,"LPE 20:4(8,11,14,17)",0.16800000000000015,0.8686800000000403,0.9709902717007358,0.8804602173605928,All,Some,-50.147200000000005,9,criegee,2860000000.0,0.0,2820000000.0,2850000000.0
940,2.965,474.19386,474.19666,5.904723158607037,C25H44NO7P,CCC=CCC=CCC=CCC=CCCCCCCC(=O)OCC(O)COP(=O)(O)OCCN,[M-H]-,LPE 20:4,"LPE 20:4(8,11,14,17)",0.9459999999999997,0.9973499999999262,0.0,0.1943349999999926,All,Some,-26.081599999999995,12,aldehyde,24300000000.0,3333.3333333333335,27900000000.0,24400000000.0
978,2.975,490.20597,490.19606,20.216400760117818,C25H44NO7P,CCC=CCC=CCC=CCC=CCCCCCCC(=O)OCC(O)COP(=O)(O)OCCN,[M-H]-,LPE 20:4,"LPE 20:4(8,11,14,17)",0.9660000000000002,0.9899400000000469,0.0,0.1955940000000047,All,Some,-10.082199999999995,12,criegee,11000000000.0,0.0,6770000000.0,8310000000.0
1067,2.995,564.33063,564.33069,0.10632063969833254,C26H50NO7P,CCCCCC=CCC=CCCCCCCCC(=O)OCC(O)COP(=O)([O-])OCC[N+](C)(C)C,[M+HCOO]-,LPC 18:2,"LPC 18:2(9,12)",0.9360000000000002,0.9310625000000528,0.0,0.1867062500000053,All,None,0.0,0,substrate,126116.70908429856,0.0,102908.037653874,113484.9149753154
1067,2.995,564.33063,564.33069,0.10632063969833254,C26H50NO7P,CCCCCCCCC=CCC=CCCCCC(=O)OCC(O)COP(=O)([O-])OCC[N+](C)(C)C,[M+HCOO]-,LPC 18:2,"LPC 18:2(6,9)",0.8779999999999999,0.8728450000000691,0.0,0.17508450000000692,All,None,0.0,0,substrate,428883.2909157015,0.0,248091.96234612603,429515.08502468455
897,2.957,414.15341,414.02209000000005,317.18114364371155,C26H50NO7P,CCCCCCCCC=CCC=CCCCCC(=O)OCC(O)COP(=O)([O-])OCC[N+](C)(C)C,[M+HCOO]-,LPC 18:2,"LPC 18:2(6,9)",0.9239999999999995,0.8686200000000781,0.0,0.17926200000000778,All,None,-150.30859999999996,9,aldehyde,1.0648648648648649,0.0,0.0,0.0
951,2.966,430.17176,430.0214900000001,349.44765202297407,C26H50NO7P,CCCCCCCCC=CCC=CCCCCC(=O)OCC(O)COP(=O)([O-])OCC[N+](C)(C)C,[M+HCOO]-,LPC 18:2,"LPC 18:2(6,9)",0.9420000000000002,0.8496700000001169,0.0,0.17916700000001173,All,None,-134.30919999999995,9,criegee,1.1603603603603603,0.0,1.6068376068376067,2.559852670349908
947,2.966,454.18441,454.08709,214.32012083854823,C26H50NO7P,CCCCCCCCC=CCC=CCCCCC(=O)OCC(O)COP(=O)([O-])OCC[N+](C)(C)C,[M+HCOO]-,LPC 18:2,"LPC 18:2(6,9)",0.9420000000000002,0.9026200000000131,0.0,0.18446200000000135,All,None,-110.24359999999999,12,aldehyde,5.657657657657658,0.0,8.774928774928775,4.456721915285451
748,2.847,470.21596,470.08649,275.4174024443232,C26H50NO7P,CCCCCCCCC=CCC=CCCCCC(=O)OCC(O)COP(=O)([O-])OCC[N+](C)(C)C,[M+HCOO]-,LPC 18:2,"LPC 18:2(6,9)",0.7039999999999997,0.8704700000000685,0.0,0.15744700000000683,All,None,-94.24419999999999,12,criegee,0.0,1590000000.0,0.0,0.0
1018,2.986,456.20027,456.10309,213.06586631539875,C26H50NO7P,CCCCCC=CCC=CCCCCCCCC(=O)OCC(O)COP(=O)([O-])OCC[N+](C)(C)C,[M+HCOO]-,LPC 18:2,"LPC 18:2(9,12)",0.9820000000000002,0.9027600000000575,0.0,0.18847600000000578,All,None,-108.2276,6,aldehyde,25.045045045045043,0.0,22.393162393162395,24.30939226519337
1108,3.021,472.19509,472.10249,196.14385003562353,C26H50NO7P,CCCCCC=CCC=CCCCCCCCC(=O)OCC(O)COP(=O)([O-])OCC[N+](C)(C)C,[M+HCOO]-,LPC 18:2,"LPC 18:2(9,12)",0.9480000000000004,0.9073400000000333,0.0,0.1855340000000034,All,None,-92.2282,6,criegee,0.0,0.0,2.111111111111111,0.0
877,2.948,496.19454,496.16809,53.30854710953135,C26H50NO7P,CCCCCC=CCC=CCCCCCCCC(=O)OCC(O)COP(=O)([O-])OCC[N+](C)(C)C,[M+HCOO]-,LPC 18:2,"LPC 18:2(9,12)",0.9059999999999997,0.9734900000000266,0.0,0.18794900000000264,All,None,-68.1626,9,aldehyde,0.0,0.0,0.0,2.2467771639042358
1157,3.041,512.22677,512.16749,115.74338699229867,C26H50NO7P,CCCCCC=CCC=CCCCCCCCC(=O)OCC(O)COP(=O)([O-])OCC[N+](C)(C)C,[M+HCOO]-,LPC 18:2,"LPC 18:2(9,12)",0.9080000000000004,0.9406600000000935,0.0,0.1848660000000094,All,None,-52.163199999999996,9,criegee,1.7621621621621624,0.0,0.5242165242165242,0.0
1319,3.188,457.23591,457.23606,0.3280581151433908,C23H39O7P,CCC=CCC=CCC=CCC=CCCCCCCC(=O)OCC(O)COP(=O)(O)O,[M-H]-,LPA 20:4,"LPA 20:4(8,11,14,17)",0.7456666666666666,0.8890483333333444,0.0,0.16347150000000113,Some,None,0.0,0,substrate,0.0,0.0,0.0,2639.3402853211674
1319,3.188,457.23591,457.23606,0.3280581151433908,C23H39O7P,CCCCCC=CCC=CCC=CCC=CCCCC(=O)OCC(O)COP(=O)(O)O,[M-H]-,LPA 20:4,"LPA 20:4(5,8,11,14)",0.4554285714285714,0.7410928571428842,0.0,0.11965214285714557,Some,None,0.0,0,substrate,0.0,0.0,0.0,1310.6597146788326
1617,3.665,269.10278,268.8784600000001,834.2802915485328,C23H39O7P,CCCCCC=CCC=CCC=CCC=CCCCC(=O)OCC(O)COP(=O)(O)O,[M-H]-,LPA 20:4,"LPA 20:4(5,8,11,14)",0.04600000000000026,0.7755300000000602,0.0,0.08215300000000605,Some,None,-188.35759999999993,6,aldehyde,39200.0,0.0,36600.0,40400.0
1532,3.624,285.09823,284.87786000000006,773.5595879579611,C23H39O7P,CCCCCC=CCC=CCC=CCC=CCCCC(=O)OCC(O)COP(=O)(O)O,[M-H]-,LPA 20:4,"LPA 20:4(5,8,11,14)",0.1280000000000001,0.7794800000000919,0.0,0.09074800000000921,Some,None,-172.35819999999993,6,criegee,0.0,0.0,0.0,5870.0
1512,3.575,308.13518,308.9434600000001,2616.2715986934354,C23H39O7P,CCCCCC=CCC=CCC=CCC=CCCCC(=O)OCC(O)COP(=O)(O)O,[M-H]-,LPA 20:4,"LPA 20:4(5,8,11,14)",0.22599999999999998,0.19186999999999443,0.0,0.04178699999999944,Some,None,-148.29259999999996,9,aldehyde,0.0,8940.0,6000.0,0.0
1253,3.094,325.10567,324.94286000000005,501.04193703447476,C23H39O7P,CCCCCC=CCC=CCC=CCC=CCCCC(=O)OCC(O)COP(=O)(O)O,[M-H]-,LPA 20:4,"LPA 20:4(5,8,11,14)",0.8119999999999994,0.8370400000000586,0.0,0.16490400000000582,Some,None,-132.29319999999996,9,criegee,0.0,6070.0,0.0,0.0
1309,3.172,349.16505,349.00846,448.6710723287173,C23H39O7P,CCCCCC=CCC=CCC=CCC=CCCCC(=O)OCC(O)COP(=O)(O)O,[M-H]-,LPA 20:4,"LPA 20:4(5,8,11,14)",0.968,0.8432599999999866,0.0,0.18112599999999868,Some,None,-108.2276,12,aldehyde,0.0,0.0,4670.0,0.0
1317,3.187,365.15995,365.00786,416.67595870397685,C23H39O7P,CCCCCC=CCC=CCC=CCC=CCCCC(=O)OCC(O)COP(=O)(O)O,[M-H]-,LPA 20:4,"LPA 20:4(5,8,11,14)",0.9979999999999993,0.8477599999999939,0.0,0.18457599999999935,Some,None,-92.2282,12,criegee,0.0,0.0,2430.0,0.0
1661,3.683,389.1606,389.07346,223.96798794751172,C23H39O7P,CCCCCC=CCC=CCC=CCC=CCCCC(=O)OCC(O)COP(=O)(O)O,[M-H]-,LPA 20:4,"LPA 20:4(5,8,11,14)",0.010000000000000675,0.9127100000000041,0.0,0.09227100000000049,Some,None,-68.1626,15,aldehyde,37700.0,10800.0,15300.0,46000.0
994,2.978,311.0903,310.95946000000004,420.76224341262315,C23H39O7P,CCC=CCC=CCC=CCC=CCCCCCCC(=O)OCC(O)COP(=O)(O)O,[M-H]-,LPA 20:4,"LPA 20:4(8,11,14,17)",0.5800000000000001,0.869010000000003,0.0,0.1449010000000003,Some,None,-146.27659999999997,3,aldehyde,0.0,0.0,0.0,14300.0
1071,2.998,327.08474,326.9588600000001,385.00256576603624,C23H39O7P,CCC=CCC=CCC=CCC=CCCCCCCC(=O)OCC(O)COP(=O)(O)O,[M-H]-,LPA 20:4,"LPA 20:4(8,11,14,17)",0.6200000000000001,0.8739699999999857,0.0,0.1493969999999986,Some,None,-130.27719999999997,3,criegee,10200.0,0.0,0.0,7870.0
1146,3.037,351.12131,351.02446000000003,275.90669892337644,C23H39O7P,CCC=CCC=CCC=CCC=CCCCCCCC(=O)OCC(O)COP(=O)(O)O,[M-H]-,LPA 20:4,"LPA 20:4(8,11,14,17)",0.6979999999999995,0.90300000000002,0.0,0.16010000000000196,Some,None,-106.21159999999999,6,aldehyde,0.0,0.0,0.0,14100.0
1292,3.14,367.11625,367.02386,251.72750349246016,C23H39O7P,CCC=CCC=CCC=CCC=CCCCCCCC(=O)OCC(O)COP(=O)(O)O,[M-H]-,LPA 20:4,"LPA 20:4(8,11,14,17)",0.9039999999999999,0.9074600000000146,0.0,0.18114600000000147,Some,None,-90.2122,6,criegee,0.0,2070.0,0.0,3490.0
1297,3.149,431.31233,431.15446000000003,366.15648136852343,C23H39O7P,CCC=CCC=CCC=CCC=CCCCCCCC(=O)OCC(O)COP(=O)(O)O,[M-H]-,LPA 20:4,"LPA 20:4(8,11,14,17)",0.9219999999999997,0.841980000000035,0.0,0.1763980000000035,Some,None,-26.081599999999995,12,aldehyde,0.0,0.0,3460.0,6060.0
1196,3.063,447.21484,447.15386,136.37364105494308,C23H39O7P,CCC=CCC=CCC=CCC=CCCCCCCC(=O)OCC(O)COP(=O)(O)O,[M-H]-,LPA 20:4,"LPA 20:4(8,11,14,17)",0.75,0.9388700000000085,0.0,0.16888700000000087,Some,None,-10.082199999999995,12,criegee,4200.0,0.0,0.0,0.0
1328,3.216,459.17467,459.25171,167.7511445738784,C23H41O7P,CCCCCC=CCC=CCC=CCCCCCCC(=O)OCC(O)COP(=O)(O)O,[M-H]-,LPA 20:3,"LPA 20:3(8,11,14)",0.4363333333333334,0.8201433333333341,0.0,0.12564766666666674,All,None,0.0,0,substrate,0.0,0.0,5442.319749216301,0.0
1328,3.216,459.17467,459.25171,167.7511445738784,C23H41O7P,CCCCCCCCC=CCC=CCC=CCCCC(=O)OCC(O)COP(=O)(O)O,[M-H]-,LPA 20:3,"LPA 20:3(5,8,11)",0.48599999999999993,0.7441916666667225,0.0,0.12301916666667224,All,None,0.0,0,substrate,0.0,0.0,5205.329153605016,0.0
1328,3.216,459.17467,459.25171,167.7511445738784,C23H41O7P,CCC=CCC=CCC=CCCCCCCCCCC(=O)OCC(O)COP(=O)(O)O,[M-H]-,LPA 20:3,"LPA 20:3(11,14,17)",0.3479999999999997,0.875144999999994,0.0,0.12231449999999937,All,None,0.0,0,substrate,0.0,0.0,16352.351097178684,0.0
896,2.957,353.10034,353.04011,170.6038444186696,C23H41O7P,CCC=CCC=CCC=CCCCCCCCCCC(=O)OCC(O)COP(=O)(O)O,[M-H]-,LPA 20:3,"LPA 20:3(11,14,17)",0.4819999999999993,0.8627299999999991,0.0,0.13447299999999984,All,None,-106.21159999999999,3,aldehyde,6060.0,0.0,0.0,0.0
779,2.869,369.15099,369.03951,302.0814763166465,C23H41O7P,CCC=CCC=CCC=CCCCCCCCCCC(=O)OCC(O)COP(=O)(O)O,[M-H]-,LPA 20:3,"LPA 20:3(11,14,17)",0.30600000000000005,0.8114800000000173,0.0,0.11174800000000173,All,None,-90.2122,3,criegee,12400.0,0.0,0.0,0.0
1164,3.049,393.15556,393.10510999999997,128.33717679226328,C23H41O7P,CCC=CCC=CCC=CCCCCCCCCCC(=O)OCC(O)COP(=O)(O)O,[M-H]-,LPA 20:3,"LPA 20:3(11,14,17)",0.6659999999999995,0.872509999999977,0.0,0.15385099999999766,All,None,-66.1466,6,aldehyde,3790.0,0.0,0.0,0.0
692,2.816,409.18244,409.10451,190.48922242382696,C23H41O7P,CCC=CCC=CCC=CCCCCCCCCCC(=O)OCC(O)COP(=O)(O)O,[M-H]-,LPA 20:3,"LPA 20:3(11,14,17)",0.1999999999999993,0.8450300000000084,0.0,0.10450300000000078,All,None,-50.147200000000005,6,criegee,30500.0,11000.0,31300.0,17100.0
814,2.908,433.12272,433.17011,109.40274711015297,C23H41O7P,CCC=CCC=CCC=CCCCCCCCCCC(=O)OCC(O)COP(=O)(O)O,[M-H]-,LPA 20:3,"LPA 20:3(11,14,17)",0.38399999999999945,0.9703499999999963,0.0,0.13543499999999958,All,None,-26.081599999999995,9,aldehyde,0.0,15200.0,0.0,0.0
1705,3.691,449.2037,449.16951,76.11825655758268,C23H41O7P,CCC=CCC=CCC=CCCCCCCCCCC(=O)OCC(O)COP(=O)(O)O,[M-H]-,LPA 20:3,"LPA 20:3(11,14,17)",0.05000000000000071,0.8887699999999654,0.0,0.09387699999999662,All,None,-10.082199999999995,9,criegee,17700.0,0.0,33000.0,28600.0
1617,3.665,269.10278,268.8781100000001,835.5830826090287,C23H41O7P,CCCCCCCCC=CCC=CCC=CCCCC(=O)OCC(O)COP(=O)(O)O,[M-H]-,LPA 20:3,"LPA 20:3(5,8,11)",0.10200000000000031,0.6982900000000996,0.0,0.08002900000000998,All,None,-190.37359999999993,9,aldehyde,39200.0,0.0,36600.0,40400.0
1532,3.624,285.09823,284.8775100000001,774.7891365657987,C23H41O7P,CCCCCCCCC=CCC=CCC=CCCCC(=O)OCC(O)COP(=O)(O)O,[M-H]-,LPA 20:3,"LPA 20:3(5,8,11)",0.18400000000000016,0.7022400000000744,0.0,0.08862400000000745,All,None,-174.37419999999992,9,criegee,0.0,0.0,0.0,5870.0
1874,3.706,309.09779,308.94311000000005,500.6747035074773,C23H41O7P,CCCCCCCCC=CCC=CCC=CCCCC(=O)OCC(O)COP(=O)(O)O,[M-H]-,LPA 20:3,"LPA 20:3(5,8,11)",0.020000000000000462,0.7682800000000611,0.0,0.07882800000000616,All,None,-150.30859999999996,12,aldehyde,15400.0,0.0,17800.0,21900.0
1253,3.094,325.10567,324.9425100000001,502.11959032350404,C23H41O7P,CCCCCCCCC=CCC=CCC=CCCCC(=O)OCC(O)COP(=O)(O)O,[M-H]-,LPA 20:3,"LPA 20:3(5,8,11)",0.7559999999999993,0.759800000000098,0.0,0.15158000000000976,All,None,-134.30919999999995,12,criegee,0.0,6070.0,0.0,0.0
1309,3.172,349.16505,349.00811,449.6743643006464,C23H41O7P,CCCCCCCCC=CCC=CCC=CCCCC(=O)OCC(O)COP(=O)(O)O,[M-H]-,LPA 20:3,"LPA 20:3(5,8,11)",0.9119999999999999,0.7660199999999691,0.0,0.1678019999999969,All,None,-110.24359999999999,15,aldehyde,0.0,0.0,4670.0,0.0
1317,3.187,365.15995,365.00751,417.6352426281748,C23H41O7P,CCCCCCCCC=CCC=CCC=CCCCC(=O)OCC(O)COP(=O)(O)O,[M-H]-,LPA 20:3,"LPA 20:3(5,8,11)",0.9419999999999993,0.7705200000000332,0.0,0.17125200000000326,All,None,-94.24419999999999,15,criegee,0.0,0.0,2430.0,0.0
994,2.978,311.0903,310.95911,421.8882669171638,C23H41O7P,CCCCCC=CCC=CCC=CCCCCCCC(=O)OCC(O)COP(=O)(O)O,[M-H]-,LPA 20:3,"LPA 20:3(8,11,14)",0.524,0.7917699999999854,0.0,0.13157699999999856,All,None,-148.29259999999996,6,aldehyde,0.0,0.0,0.0,14300.0
1071,2.998,327.08474,326.95851000000005,386.0734501144016,C23H41O7P,CCCCCC=CCC=CCC=CCCCCCCC(=O)OCC(O)COP(=O)(O)O,[M-H]-,LPA 20:3,"LPA 20:3(8,11,14)",0.5640000000000001,0.796730000000025,0.0,0.1360730000000025,All,None,-132.29319999999996,6,criegee,10200.0,0.0,0.0,7870.0
1146,3.037,351.12131,351.02411,276.9040565332866,C23H41O7P,CCCCCC=CCC=CCC=CCCCCCCC(=O)OCC(O)COP(=O)(O)O,[M-H]-,LPA 20:3,"LPA 20:3(8,11,14)",0.6419999999999995,0.8257600000000025,0.0,0.1467760000000002,All,None,-108.2276,9,aldehyde,0.0,0.0,0.0,14100.0
1292,3.14,367.11625,367.02351,252.681360929691,C23H41O7P,CCCCCC=CCC=CCC=CCCCCCCC(=O)OCC(O)COP(=O)(O)O,[M-H]-,LPA 20:3,"LPA 20:3(8,11,14)",0.8479999999999999,0.8302199999999971,0.0,0.1678219999999997,All,None,-92.2282,9,criegee,0.0,2070.0,0.0,3490.0
1793,3.699,391.17613,391.08911,222.506834823387,C23H41O7P,CCCCCC=CCC=CCC=CCCCCCCC(=O)OCC(O)COP(=O)(O)O,[M-H]-,LPA 20:3,"LPA 20:3(8,11,14)",0.034000000000000696,0.8359399999999937,0.0,0.08699399999999945,All,None,-68.1626,12,aldehyde,103000.0,38600.0,100000.0,129000.0
1937,3.713,407.17103,407.08851,202.70776003967333,C23H41O7P,CCCCCC=CCC=CCC=CCCCCCCC(=O)OCC(O)COP(=O)(O)O,[M-H]-,LPA 20:3,"LPA 20:3(8,11,14)",0.006000000000000227,0.840440000000001,0.0,0.08464400000000012,All,None,-52.163199999999996,12,criegee,85300.0,35700.0,93200.0,103000.0
1345,3.263,564.33067,564.33069,0.03544021316562609,C26H50NO7P,CCCCCC=CCC=CCCCCCCCC(=O)OCC(O)COP(=O)([O-])OCC[N+](C)(C)C,[M+HCOO]-,LPC 18:2,"LPC 18:2(9,12)",0.7515000000000001,0.8854875000000675,0.0,0.16369875000000678,All,Some,0.0,0,substrate,0.0,0.0,0.0,
1345,3.263,564.33067,564.33069,0.03544021316562609,C26H50NO7P,CCCCCCCCC=CCC=CCCCCC(=O)OCC(O)COP(=O)([O-])OCC[N+](C)(C)C,[M+HCOO]-,LPC 18:2,"LPC 18:2(6,9)",0.4146666666666666,0.8673433333334325,0.0,0.12820100000000992,All,None,0.0,0,substrate,0.0,0.0,0.0,
897,2.957,414.15341,414.02209000000005,317.18114364371155,C26H50NO7P,CCCCCCCCC=CCC=CCCCCC(=O)OCC(O)COP(=O)([O-])OCC[N+](C)(C)C,[M+HCOO]-,LPC 18:2,"LPC 18:2(6,9)",0.3879999999999999,0.8686600000000908,0.0,0.12566600000000908,All,None,-150.30859999999996,9,aldehyde,591000000.0,0.0,0.0,0.0
1246,3.092,430.17186,430.0214900000001,349.68019854053273,C26H50NO7P,CCCCCCCCC=CCC=CCCCCC(=O)OCC(O)COP(=O)([O-])OCC[N+](C)(C)C,[M+HCOO]-,LPC 18:2,"LPC 18:2(6,9)",0.6580000000000004,0.8496100000001547,0.0,0.15076100000001552,All,None,-134.30919999999995,9,criegee,794000000.0,0.0,0.0,0.0
1605,3.664,470.20271,470.08649,247.23109996204835,C26H50NO7P,CCCCCCCCC=CCC=CCCCCC(=O)OCC(O)COP(=O)([O-])OCC[N+](C)(C)C,[M+HCOO]-,LPC 18:2,"LPC 18:2(6,9)",0.1979999999999995,0.8837600000000521,0.0,0.10817600000000517,All,None,-94.24419999999999,12,criegee,0.0,2550000000.0,0.0,0.0
1327,3.216,456.20032,456.10309,213.17549065490377,C26H50NO7P,CCCCCC=CCC=CCCCCCCCC(=O)OCC(O)COP(=O)([O-])OCC[N+](C)(C)C,[M+HCOO]-,LPC 18:2,"LPC 18:2(9,12)",0.9060000000000006,0.9027500000000828,0.0,0.18087500000000833,All,Some,-108.2276,6,aldehyde,0.0,0.0,1150000000.0,0.0
1108,3.021,472.19509,472.10249,196.14385003562353,C26H50NO7P,CCCCCC=CCC=CCCCCCCCC(=O)OCC(O)COP(=O)([O-])OCC[N+](C)(C)C,[M+HCOO]-,LPC 18:2,"LPC 18:2(9,12)",0.516,0.907380000000046,0.0,0.14233800000000463,All,Some,-92.2282,6,criegee,0.0,0.0,741000000.0,0.0
1395,3.348,496.30495,496.16809,275.83394167894363,C26H50NO7P,CCCCCC=CCC=CCCCCCCCC(=O)OCC(O)COP(=O)([O-])OCC[N+](C)(C)C,[M+HCOO]-,LPC 18:2,"LPC 18:2(9,12)",0.8300000000000001,0.8631200000000376,0.0,0.1693120000000038,All,Some,-68.1626,9,aldehyde,1520000000.0,0.0,0.0,0.0
1426,3.386,512.29877,512.16749,256.32239953368963,C26H50NO7P,CCCCCC=CCC=CCCCCCCCC(=O)OCC(O)COP(=O)([O-])OCC[N+](C)(C)C,[M+HCOO]-,LPC 18:2,"LPC 18:2(9,12)",0.7539999999999996,0.8687000000001035,0.0,0.16227000000001032,All,Some,-52.163199999999996,9,criegee,924000000.0,0.0,224000000.0,0.0
1362,3.285,433.23597,433.23606,0.20773894029076323,C21H39O7P,CCCCCC=CCC=CCCCCCCCC(=O)OCC(O)COP(=O)(O)O,[M-H]-,LPA 18:2,"LPA 18:2(9,12)",0.6314999999999995,0.9161075000000096,0.0,0.15476075000000092,All,None,0.0,0,substrate,0.0,0.0,0.0,0.0
1362,3.285,433.23597,433.23606,0.20773894029076323,C21H39O7P,CCCCCCCCC=CCC=CCCCCC(=O)OCC(O)COP(=O)(O)O,[M-H]-,LPA 18:2,"LPA 18:2(6,9)",0.22866666666666724,0.86913000000006,0.0,0.10977966666667273,Some,None,0.0,0,substrate,0.0,8370.0,0.0,0.0
1590,3.663,283.0823,282.92746000000005,547.2780902918433,C21H39O7P,CCCCCCCCC=CCC=CCCCCC(=O)OCC(O)COP(=O)(O)O,[M-H]-,LPA 18:2,"LPA 18:2(6,9)",0.24400000000000066,0.8450700000000779,0.0,0.10890700000000786,Some,None,-150.30859999999996,9,aldehyde,16400.0,0.0,0.0,0.0
1548,3.639,323.11365,322.99246000000005,375.2099971620264,C21H39O7P,CCCCCCCCC=CCC=CCCCCC(=O)OCC(O)COP(=O)(O)O,[M-H]-,LPA 18:2,"LPA 18:2(6,9)",0.2920000000000007,0.8787200000000439,0.0,0.11707200000000446,Some,None,-110.24359999999999,12,aldehyde,0.0,0.0,0.0,18200.0
1901,3.71,339.10817,338.99186000000003,343.10558371502407,C21H39O7P,CCCCCCCCC=CCC=CCCCCC(=O)OCC(O)COP(=O)(O)O,[M-H]-,LPA 18:2,"LPA 18:2(6,9)",0.15000000000000036,0.8836000000000581,0.0,0.10336000000000586,Some,None,-94.24419999999999,12,criegee,0.0,0.0,24100.0,0.0
1253,3.094,325.10567,325.00846,299.0999065069302,C21H39O7P,CCCCCC=CCC=CCCCCCCCC(=O)OCC(O)COP(=O)(O)O,[M-H]-,LPA 18:2,"LPA 18:2(9,12)",0.6179999999999994,0.9027000000000385,0.0,0.15207000000000379,All,None,-108.2276,6,aldehyde,0.0,6070.0,0.0,0.0
1107,3.021,341.10041,341.00786,271.40136887172343,C21H39O7P,CCCCCC=CCC=CCCCCCCCC(=O)OCC(O)COP(=O)(O)O,[M-H]-,LPA 18:2,"LPA 18:2(9,12)",0.47199999999999953,0.9073599999999828,0.0,0.13793599999999825,All,None,-92.2282,6,criegee,0.0,0.0,15300.0,0.0
1317,3.187,365.15995,365.07346,236.91122329179808,C21H39O7P,CCCCCC=CCC=CCCCCCCCC(=O)OCC(O)COP(=O)(O)O,[M-H]-,LPA 18:2,"LPA 18:2(9,12)",0.8039999999999994,0.9134200000000305,0.0,0.171742000000003,All,None,-68.1626,9,aldehyde,0.0,0.0,2430.0,0.0
1270,3.101,381.13182,381.07286,154.72106830177626,C21H39O7P,CCCCCC=CCC=CCCCCCCCC(=O)OCC(O)COP(=O)(O)O,[M-H]-,LPA 18:2,"LPA 18:2(9,12)",0.6319999999999997,0.9409499999999866,0.0,0.15729499999999863,All,None,-52.163199999999996,9,criegee,5180.0,0.0,3870.0,0.0
1377,3.318,459.17477,459.25171,167.5333990590457,C23H41O7P,CCCCCCCCC=CCC=CCC=CCCCC(=O)OCC(O)COP(=O)(O)O,[M-H]-,LPA 20:3,"LPA 20:3(5,8,11)",0.5296666666666665,0.7442066666667415,0.0,0.12738733333334082,All,None,0.0,0,substrate,57842.02289761964,67190.37682582546,47372.985613339435,32954.4214084966
1377,3.318,459.17477,459.25171,167.5333990590457,C23H41O7P,CCCCCC=CCC=CCC=CCCCCCCC(=O)OCC(O)COP(=O)(O)O,[M-H]-,LPA 20:3,"LPA 20:3(8,11,14)",0.36833333333333346,0.8202433333333753,0.0,0.1188576666666709,All,None,0.0,0,substrate,9458.858413639733,5066.404811587087,7915.926999135783,5664.404708565842
1377,3.318,459.17477,459.25171,167.5333990590457,C23H41O7P,CCC=CCC=CCC=CCCCCCCCCCC(=O)OCC(O)COP(=O)(O)O,[M-H]-,LPA 20:3,"LPA 20:3(11,14,17)",0.2623333333333335,0.7335800000000271,0.0,0.09959133333333607,All,None,0.0,0,substrate,32699.11868874063,63743.21836258745,26911.08738752478,22581.173882937557
896,2.957,353.10034,353.04011,170.6038444186696,C23H41O7P,CCC=CCC=CCC=CCCCCCCCCCC(=O)OCC(O)COP(=O)(O)O,[M-H]-,LPA 20:3,"LPA 20:3(11,14,17)",0.2779999999999996,0.8628300000000309,0.0,0.11408300000000306,All,None,-106.21159999999999,3,aldehyde,6060.0,0.0,0.0,0.0
1867,3.706,369.20689,369.03951,453.55577238865317,C23H41O7P,CCC=CCC=CCC=CCCCCCCCCCC(=O)OCC(O)COP(=O)(O)O,[M-H]-,LPA 20:3,"LPA 20:3(11,14,17)",0.2240000000000002,0.7556800000000408,0.0,0.0979680000000041,All,None,-90.2122,3,criegee,94700.0,0.0,82100.0,108000.0
1164,3.049,393.15556,393.10510999999997,128.33717679226328,C23H41O7P,CCC=CCC=CCC=CCCCCCCCCCC(=O)OCC(O)COP(=O)(O)O,[M-H]-,LPA 20:3,"LPA 20:3(11,14,17)",0.46199999999999974,0.8726100000000656,0.0,0.13346100000000655,All,None,-66.1466,6,aldehyde,3790.0,0.0,0.0,0.0
780,2.869,408.14252,409.10451,2351.452933139296,C23H41O7P,CCC=CCC=CCC=CCCCCCCCCCC(=O)OCC(O)COP(=O)(O)O,[M-H]-,LPA 20:3,"LPA 20:3(11,14,17)",0.10200000000000031,0.1149499999999648,0.0,0.021694999999996512,All,None,-50.147200000000005,6,criegee,2880.0,0.0,0.0,0.0
1698,3.691,433.18663,433.17011,38.13744212396657,C23H41O7P,CCC=CCC=CCC=CCCCCCCCCCC(=O)OCC(O)COP(=O)(O)O,[M-H]-,LPA 20:3,"LPA 20:3(11,14,17)",0.25400000000000045,0.9065400000000636,0.0,0.11605400000000642,All,None,-26.081599999999995,9,aldehyde,226000.0,80500.0,225000.0,260000.0
1705,3.691,449.2037,449.16951,76.11825655758268,C23H41O7P,CCC=CCC=CCC=CCCCCCCCCCC(=O)OCC(O)COP(=O)(O)O,[M-H]-,LPA 20:3,"LPA 20:3(11,14,17)",0.25400000000000045,0.8888699999999972,0.0,0.11428699999999976,All,None,-10.082199999999995,9,criegee,17700.0,0.0,33000.0,28600.0
1617,3.665,269.10278,268.8781100000001,835.5830826090287,C23H41O7P,CCCCCCCCC=CCC=CCC=CCCCC(=O)OCC(O)COP(=O)(O)O,[M-H]-,LPA 20:3,"LPA 20:3(5,8,11)",0.30600000000000005,0.6983900000000745,0.0,0.10043900000000745,All,None,-190.37359999999993,9,aldehyde,39200.0,0.0,36600.0,40400.0
1532,3.624,285.09823,284.8775100000001,774.7891365657987,C23H41O7P,CCCCCCCCC=CCC=CCC=CCCCC(=O)OCC(O)COP(=O)(O)O,[M-H]-,LPA 20:3,"LPA 20:3(5,8,11)",0.3879999999999999,0.7023400000001061,0.0,0.1090340000000106,All,None,-174.37419999999992,9,criegee,0.0,0.0,0.0,5870.0
1874,3.706,309.09779,308.94311000000005,500.6747035074773,C23H41O7P,CCCCCCCCC=CCC=CCC=CCCCC(=O)OCC(O)COP(=O)(O)O,[M-H]-,LPA 20:3,"LPA 20:3(5,8,11)",0.2240000000000002,0.7683800000000929,0.0,0.0992380000000093,All,None,-150.30859999999996,12,aldehyde,15400.0,0.0,17800.0,21900.0
1253,3.094,325.10567,324.9425100000001,502.11959032350404,C23H41O7P,CCCCCCCCC=CCC=CCC=CCCCC(=O)OCC(O)COP(=O)(O)O,[M-H]-,LPA 20:3,"LPA 20:3(5,8,11)",0.5519999999999996,0.7599000000000729,0.0,0.13119000000000725,All,None,-134.30919999999995,12,criegee,0.0,6070.0,0.0,0.0
1369,3.303,349.16556,349.00811,451.13564839521877,C23H41O7P,CCCCCCCCC=CCC=CCC=CCCCC(=O)OCC(O)COP(=O)(O)O,[M-H]-,LPA 20:3,"LPA 20:3(5,8,11)",0.9699999999999998,0.7656100000000379,0.0,0.17356100000000377,All,None,-110.24359999999999,15,aldehyde,2820.0,0.0,0.0,0.0
1317,3.187,365.15995,365.00751,417.6352426281748,C23H41O7P,CCCCCCCCC=CCC=CCC=CCCCC(=O)OCC(O)COP(=O)(O)O,[M-H]-,LPA 20:3,"LPA 20:3(5,8,11)",0.7379999999999995,0.7706200000000649,0.0,0.15086200000000646,All,None,-94.24419999999999,15,criegee,0.0,0.0,2430.0,0.0
994,2.978,311.0903,310.95911,421.8882669171638,C23H41O7P,CCCCCC=CCC=CCC=CCCCCCCC(=O)OCC(O)COP(=O)(O)O,[M-H]-,LPA 20:3,"LPA 20:3(8,11,14)",0.3200000000000003,0.791870000000074,0.0,0.11118700000000743,All,None,-148.29259999999996,6,aldehyde,0.0,0.0,0.0,14300.0
1071,2.998,327.08474,326.95851000000005,386.0734501144016,C23H41O7P,CCCCCC=CCC=CCC=CCCCCCCC(=O)OCC(O)COP(=O)(O)O,[M-H]-,LPA 20:3,"LPA 20:3(8,11,14)",0.3600000000000003,0.7968300000000568,0.0,0.11568300000000571,All,None,-132.29319999999996,6,criegee,10200.0,0.0,0.0,7870.0
1146,3.037,351.12131,351.02411,276.9040565332866,C23H41O7P,CCCCCC=CCC=CCC=CCCCCCCC(=O)OCC(O)COP(=O)(O)O,[M-H]-,LPA 20:3,"LPA 20:3(8,11,14)",0.4379999999999997,0.8258600000000342,0.0,0.1263860000000034,All,None,-108.2276,9,aldehyde,0.0,0.0,0.0,14100.0
1292,3.14,367.11625,367.02351,252.681360929691,C23H41O7P,CCCCCC=CCC=CCC=CCCCCCCC(=O)OCC(O)COP(=O)(O)O,[M-H]-,LPA 20:3,"LPA 20:3(8,11,14)",0.6440000000000001,0.8303200000000288,0.0,0.1474320000000029,All,None,-92.2282,9,criegee,0.0,2070.0,0.0,3490.0
1793,3.699,391.17613,391.08911,222.506834823387,C23H41O7P,CCCCCC=CCC=CCC=CCCCCCCC(=O)OCC(O)COP(=O)(O)O,[M-H]-,LPA 20:3,"LPA 20:3(8,11,14)",0.23800000000000043,0.8360400000000254,0.0,0.1074040000000026,All,None,-68.1626,12,aldehyde,103000.0,38600.0,100000.0,129000.0
1937,3.713,407.17103,407.08851,202.70776003967333,C23H41O7P,CCCCCC=CCC=CCC=CCCCCCCC(=O)OCC(O)COP(=O)(O)O,[M-H]-,LPA 20:3,"LPA 20:3(8,11,14)",0.20999999999999996,0.8405400000000327,0.0,0.10505400000000328,All,None,-52.163199999999996,12,criegee,85300.0,35700.0,93200.0,103000.0
1466,3.438,435.25161,435.25171,0.22975211280593924,C21H41O7P,CCCCCCCCCCCC=CCCCCC(=O)OCC(O)COP(=O)(O)O,[M-H]-,LPA 18:1,LPA 18:1(6),0.5500000000000007,0.8447100000000773,0.0,0.1394710000000078,Some,None,0.0,0,substrate,56617.86476868327,0.0,0.0,0.0
1466,3.438,435.25161,435.25171,0.22975211280593924,C21H41O7P,CCCCCCC=CCCCCCCCCCC(=O)OCC(O)COP(=O)(O)O,[M-H]-,LPA 18:1,LPA 18:1(11),0.4730000000000003,0.8962550000000533,0.0,0.13692550000000536,All,None,0.0,0,substrate,7482.135231316725,0.0,0.0,0.0
1466,3.438,435.25161,435.25171,0.22975211280593924,C21H41O7P,CCCCCCCCC=CCCCCCCCC(=O)OCC(O)COP(=O)(O)O,[M-H]-,LPA 18:1,LPA 18:1(9),0.24799999999999978,0.904620000000051,0.0,0.11526200000000508,All,None,0.0,0,substrate,0.0,0.0,0.0,0.0
1767,3.697,353.12402,353.06211,175.3515833232709,C21H41O7P,CCCCCCC=CCCCCCCCCCC(=O)OCC(O)COP(=O)(O)O,[M-H]-,LPA 18:1,LPA 18:1(11),0.4820000000000002,0.9379900000000703,0.0,0.14199900000000704,All,None,-82.1896,7,aldehyde,29400.0,0.0,0.0,27300.0
1867,3.706,369.20689,369.06151,393.91807614938966,C21H41O7P,CCCCCCC=CCCCCCCCCCC(=O)OCC(O)COP(=O)(O)O,[M-H]-,LPA 18:1,LPA 18:1(11),0.4640000000000004,0.8545200000000364,0.0,0.1318520000000037,All,None,-66.1902,7,criegee,94700.0,0.0,82100.0,108000.0
1590,3.663,283.0823,282.92711,548.5158350500515,C21H41O7P,CCCCCCCCCCCC=CCCCCC(=O)OCC(O)COP(=O)(O)O,[M-H]-,LPA 18:1,LPA 18:1(6),0.5500000000000007,0.8447100000000773,0.0,0.1394710000000078,Some,None,-152.32459999999998,12,aldehyde,16400.0,0.0,0.0,0.0
1253,3.094,325.10567,325.00811,300.1771248107846,C21H41O7P,CCCCCCCCC=CCCCCCCCC(=O)OCC(O)COP(=O)(O)O,[M-H]-,LPA 18:1,LPA 18:1(9),0.3119999999999994,0.9023400000000379,0.0,0.12143400000000373,All,None,-110.24359999999999,9,aldehyde,0.0,6070.0,0.0,0.0
2210,3.846,341.10051,341.00751,272.721266461143,C21H41O7P,CCCCCCCCC=CCCCCCCCC(=O)OCC(O)COP(=O)(O)O,[M-H]-,LPA 18:1,LPA 18:1(9),0.18400000000000016,0.9069000000000642,0.0,0.10909000000000645,All,None,-94.24419999999999,9,criegee,0.0,0.0,0.0,7470.0
1487,3.509,433.23592,433.23606,0.32314946264536354,C21H39O7P,CCCCCCCCC=CCC=CCCCCC(=O)OCC(O)COP(=O)(O)O,[M-H]-,LPA 18:2,"LPA 18:2(6,9)",0.6766666666666667,0.8690800000000726,0.0,0.15457466666667394,Some,None,0.0,0,substrate,2910.862262038074,,0.0,5689.902830587242
1487,3.509,433.23592,433.23606,0.32314946264536354,C21H39O7P,CCCCCC=CCC=CCCCCCCCC(=O)OCC(O)COP(=O)(O)O,[M-H]-,LPA 18:2,"LPA 18:2(9,12)",0.4474999999999998,0.9190450000000254,0.0,0.13665450000000254,All,None,0.0,0,substrate,3429.137737961926,,0.0,9110.097169412758
1590,3.663,283.0823,282.92746000000005,547.2780902918433,C21H39O7P,CCCCCCCCC=CCC=CCCCCC(=O)OCC(O)COP(=O)(O)O,[M-H]-,LPA 18:2,"LPA 18:2(6,9)",0.6920000000000002,0.8450200000000905,0.0,0.15370200000000908,Some,None,-150.30859999999996,9,aldehyde,16400.0,0.0,0.0,0.0
1548,3.639,323.11365,322.99246000000005,375.2099971620264,C21H39O7P,CCCCCCCCC=CCC=CCCCCC(=O)OCC(O)COP(=O)(O)O,[M-H]-,LPA 18:2,"LPA 18:2(6,9)",0.7400000000000002,0.8786700000000565,0.0,0.16186700000000567,Some,None,-110.24359999999999,12,aldehyde,0.0,0.0,0.0,18200.0
1901,3.71,339.10817,338.99186000000003,343.10558371502407,C21H39O7P,CCCCCCCCC=CCC=CCCCCC(=O)OCC(O)COP(=O)(O)O,[M-H]-,LPA 18:2,"LPA 18:2(6,9)",0.5979999999999999,0.8835500000000707,0.0,0.14815500000000706,Some,None,-94.24419999999999,12,criegee,0.0,0.0,24100.0,0.0
2231,3.859,325.10576,325.00846,299.3768223755207,C21H39O7P,CCCCCC=CCC=CCCCCCCCC(=O)OCC(O)COP(=O)(O)O,[M-H]-,LPA 18:2,"LPA 18:2(9,12)",0.2999999999999998,0.9025600000000509,0.0,0.12025600000000508,All,None,-108.2276,6,aldehyde,8520.0,0.0,4510.0,8870.0
2210,3.846,341.10051,341.00786,271.6946172442826,C21H39O7P,CCCCCC=CCC=CCCCCCCCC(=O)OCC(O)COP(=O)(O)O,[M-H]-,LPA 18:2,"LPA 18:2(9,12)",0.3259999999999996,0.9072100000000205,0.0,0.12332100000000201,All,None,-92.2282,6,criegee,0.0,0.0,0.0,7470.0
1915,3.71,365.12428,365.07346,139.20486030397123,C21H39O7P,CCCCCC=CCC=CCCCCCCCC(=O)OCC(O)COP(=O)(O)O,[M-H]-,LPA 18:2,"LPA 18:2(9,12)",0.5979999999999999,0.949040000000025,0.0,0.1547040000000025,All,None,-68.1626,9,aldehyde,10800.0,0.0,0.0,0.0
2028,3.726,381.15535,381.07286,216.46779043778415,C21H39O7P,CCCCCC=CCC=CCCCCCCCC(=O)OCC(O)COP(=O)(O)O,[M-H]-,LPA 18:2,"LPA 18:2(9,12)",0.5659999999999998,0.9173700000000053,0.0,0.14833700000000052,All,None,-52.163199999999996,9,criegee,0.0,0.0,5290.0,12800.0
1595,3.663,435.25135,435.25171,0.8271076063103395,C21H41O7P,CCCCCCC=CCCCCCCCCCC(=O)OCC(O)COP(=O)(O)O,[M-H]-,LPA 18:1,LPA 18:1(11),0.9229999999999996,0.8959950000000276,0.0,0.1818995000000027,All,None,0.0,0,substrate,1182539.256475641,,0.0,0.0
1595,3.663,435.25135,435.25171,0.8271076063103395,C21H41O7P,CCCCCCCCC=CCCCCCCCC(=O)OCC(O)COP(=O)(O)O,[M-H]-,LPA 18:1,LPA 18:1(9),0.6209999999999996,0.9043150000000253,0.0,0.15253150000000248,All,None,0.0,0,substrate,156274.32559388003,,0.0,0.0
1595,3.663,435.25135,435.25171,0.8271076063103395,C21H41O7P,CCCCCCCCCCCC=CCCCCC(=O)OCC(O)COP(=O)(O)O,[M-H]-,LPA 18:1,LPA 18:1(6),0.5340000000000003,0.7557000000000187,0.0,0.12897000000000192,All,None,0.0,0,substrate,81186.41793047913,,0.0,0.0
1767,3.697,353.12402,353.06211,175.3515833232709,C21H41O7P,CCCCCCC=CCCCCCCCCCC(=O)OCC(O)COP(=O)(O)O,[M-H]-,LPA 18:1,LPA 18:1(11),0.9319999999999995,0.9377300000000446,0.0,0.1869730000000044,All,None,-82.1896,7,aldehyde,29400.0,0.0,0.0,27300.0
1867,3.706,369.20689,369.06151,393.91807614938966,C21H41O7P,CCCCCCC=CCCCCCCCCCC(=O)OCC(O)COP(=O)(O)O,[M-H]-,LPA 18:1,LPA 18:1(11),0.9139999999999997,0.8542600000000107,0.0,0.17682600000000104,All,None,-66.1902,7,criegee,94700.0,0.0,82100.0,108000.0
1590,3.663,283.0823,282.92711,548.5158350500515,C21H41O7P,CCCCCCCCCCCC=CCCCCC(=O)OCC(O)COP(=O)(O)O,[M-H]-,LPA 18:1,LPA 18:1(6),1.0,0.8444500000000517,0.0,0.1844450000000052,All,None,-152.32459999999998,12,aldehyde,16400.0,0.0,0.0,0.0
2578,4.129,299.2592,298.92651,1112.949132547708,C21H41O7P,CCCCCCCCCCCC=CCCCCC(=O)OCC(O)COP(=O)(O)O,[M-H]-,LPA 18:1,LPA 18:1(6),0.0680000000000005,0.6669499999999857,0.0,0.07349499999999863,All,None,-136.32519999999997,12,criegee,0.0,0.0,0.0,4080.0
2231,3.859,325.10576,325.00811,300.4540409775847,C21H41O7P,CCCCCCCCC=CCCCCCCCC(=O)OCC(O)COP(=O)(O)O,[M-H]-,LPA 18:1,LPA 18:1(9),0.6079999999999997,0.9019900000000121,0.0,0.15099900000000116,All,None,-110.24359999999999,9,aldehyde,8520.0,0.0,4510.0,8870.0
2210,3.846,341.10051,341.00751,272.721266461143,C21H41O7P,CCCCCCCCC=CCCCCCCCC(=O)OCC(O)COP(=O)(O)O,[M-H]-,LPA 18:1,LPA 18:1(9),0.6339999999999995,0.9066400000000385,0.0,0.1540640000000038,All,None,-94.24419999999999,9,criegee,0.0,0.0,0.0,7470.0
1688,3.688,538.31519,538.35143,67.31662252670286,C24H50NO6P,CCCCCCC=CCCCCCCCCOCC(O)COP(=O)([O-])OCC[N+](C)(C)C,[M+CH3COO]-,LPC O-16:1,LPC O-16:1(9),0.8620000000000001,0.9094550000000368,0.24503444331225627,0.37317305464980877,All,Some,0.0,0,substrate,7042.219541616405,0.0,3917.329093799682,7716.601621134794
1688,3.688,538.31519,538.35143,67.31662252670286,C24H50NO6P,CCCCCCCCCC=CCCCCCOCC(O)COP(=O)([O-])OCC[N+](C)(C)C,[M+CH3COO]-,LPC O-16:1,LPC O-16:1(6),0.9540000000000006,0.8205899999999815,0.0,0.17745899999999823,All,None,0.0,0,substrate,0.0,244.6590852383936,0.0,0.0
1688,3.688,538.31519,538.35143,67.31662252670286,C24H50NO6P,CCCCCCCCC=CCCCCCCOCC(O)COP(=O)([O-])OCC[N+](C)(C)C,[M+CH3COO]-,LPC O-16:1,LPC O-16:1(7),0.7600000000000007,0.08540999999996757,0.0,0.08454099999999683,Some,None,0.0,0,substrate,538957.7804583836,124755.3409147616,412082.6709062003,451283.3983788652
1932,3.711,430.2234,430.08023000000003,332.8913770344612,C24H50NO6P,CCCCCCCCCC=CCCCCCOCC(O)COP(=O)([O-])OCC[N+](C)(C)C,[M+CH3COO]-,LPC O-16:1,LPC O-16:1(6),0.9540000000000006,0.8205899999999815,0.0,0.17745899999999823,All,None,-108.27120000000002,10,criegee,7.637362637362638,0.0,9.254807692307693,9.760348583877995
2162,3.808,427.157,428.10783000000004,2221.0058620045634,C24H50NO6P,CCCCCCCCC=CCCCCCCOCC(O)COP(=O)([O-])OCC[N+](C)(C)C,[M+CH3COO]-,LPC O-16:1,LPC O-16:1(7),0.7600000000000007,0.08540999999996757,0.0,0.08454099999999683,Some,None,-110.24359999999999,9,aldehyde,0.0,5.648000000000001,0.0,0.0
2174,3.813,456.20018,456.16183000000007,84.07104119150664,C24H50NO6P,CCCCCCC=CCCCCCCCCOCC(O)COP(=O)([O-])OCC[N+](C)(C)C,[M+CH3COO]-,LPC O-16:1,LPC O-16:1(9),0.75,0.9254100000000562,0.0,0.16754100000000566,All,Some,-82.1896,7,aldehyde,3.9194139194139193,0.0,0.0,0.0
1826,3.701,472.23149,472.16123000000005,148.80510201983762,C24H50NO6P,CCCCCCC=CCCCCCCCCOCC(O)COP(=O)([O-])OCC[N+](C)(C)C,[M+CH3COO]-,LPC O-16:1,LPC O-16:1(9),0.9740000000000002,0.8935000000000173,0.49006888662451253,0.5788051092996118,All,Some,-66.1902,7,criegee,580.5860805860806,2880.0,973.5576923076924,570.8061002178649
1839,3.702,435.22147,435.25171,69.47703892993793,C21H41O7P,CCCCCCC=CCCCCCCCCCC(=O)OCC(O)COP(=O)(O)O,[M-H]-,LPA 18:1,LPA 18:1(11),0.9910000000000001,0.8661150000000362,0.0,0.18571150000000364,All,None,0.0,0,substrate,2390189.125295508,,2116951.7487873374,2082416.192283365
1839,3.702,435.22147,435.25171,69.47703892993793,C21H41O7P,CCCCCCCCC=CCCCCCCCC(=O)OCC(O)COP(=O)(O)O,[M-H]-,LPA 18:1,LPA 18:1(9),0.6989999999999998,0.8744350000000622,0.0,0.15734350000000621,All,None,0.0,0,substrate,215714.087053261,,796757.7227470003,586093.1899641578
1839,3.702,435.22147,435.25171,69.47703892993793,C21H41O7P,CCCCCCCCCCCC=CCCCCC(=O)OCC(O)COP(=O)(O)O,[M-H]-,LPA 18:1,LPA 18:1(6),0.5640000000000005,0.7257900000000461,0.0,0.12897900000000467,All,None,0.0,0,substrate,164096.78765123073,,116290.5284656625,251490.61775247732
1767,3.697,353.12402,353.06211,175.3515833232709,C21H41O7P,CCCCCCC=CCCCCCCCCCC(=O)OCC(O)COP(=O)(O)O,[M-H]-,LPA 18:1,LPA 18:1(11),0.9900000000000002,0.9078500000000531,0.0,0.18978500000000537,All,None,-82.1896,7,aldehyde,29400.0,0.0,0.0,27300.0
1867,3.706,369.20689,369.06151,393.91807614938966,C21H41O7P,CCCCCCC=CCCCCCCCCCC(=O)OCC(O)COP(=O)(O)O,[M-H]-,LPA 18:1,LPA 18:1(11),0.992,0.8243800000000192,0.0,0.18163800000000194,All,None,-66.1902,7,criegee,94700.0,0.0,82100.0,108000.0
1928,3.711,283.08236,282.92711,548.7279038052126,C21H41O7P,CCCCCCCCCCCC=CCCCCC(=O)OCC(O)COP(=O)(O)O,[M-H]-,LPA 18:1,LPA 18:1(6),0.9820000000000002,0.8145100000000411,0.0,0.17965100000000414,All,None,-152.32459999999998,12,aldehyde,11200.0,0.0,30900.0,34000.0
2578,4.129,299.2592,298.92651,1112.949132547708,C21H41O7P,CCCCCCCCCCCC=CCCCCC(=O)OCC(O)COP(=O)(O)O,[M-H]-,LPA 18:1,LPA 18:1(6),0.1460000000000008,0.6370700000000511,0.0,0.07830700000000519,All,None,-136.32519999999997,12,criegee,0.0,0.0,0.0,4080.0
2231,3.859,325.10576,325.00811,300.4540409775847,C21H41O7P,CCCCCCCCC=CCCCCCCCC(=O)OCC(O)COP(=O)(O)O,[M-H]-,LPA 18:1,LPA 18:1(9),0.6859999999999999,0.8721100000000774,0.0,0.15581100000000775,All,None,-110.24359999999999,9,aldehyde,8520.0,0.0,4510.0,8870.0
2210,3.846,341.10051,341.00751,272.721266461143,C21H41O7P,CCCCCCCCC=CCCCCCCCC(=O)OCC(O)COP(=O)(O)O,[M-H]-,LPA 18:1,LPA 18:1(9),0.7119999999999997,0.8767600000000471,0.0,0.15887600000000468,All,None,-94.24419999999999,9,criegee,0.0,0.0,0.0,7470.0
1971,3.716,435.2514,435.25171,0.7122315499073699,C21H41O7P,CCCCCCC=CCCCCCCCCCC(=O)OCC(O)COP(=O)(O)O,[M-H]-,LPA 18:1,LPA 18:1(11),0.9709999999999996,0.8960450000000151,0.0,0.1867045000000015,All,None,0.0,0,substrate,0.0,,1166768.785635265,1126786.843769766
1971,3.716,435.2514,435.25171,0.7122315499073699,C21H41O7P,CCCCCCCCC=CCCCCCCCC(=O)OCC(O)COP(=O)(O)O,[M-H]-,LPA 18:1,LPA 18:1(9),0.7270000000000003,0.9043650000000127,0.0,0.1631365000000013,All,None,0.0,0,substrate,0.0,,439137.0947153434,317132.6164874552
1971,3.716,435.2514,435.25171,0.7122315499073699,C21H41O7P,CCCCCCCCCCCC=CCCCCC(=O)OCC(O)COP(=O)(O)O,[M-H]-,LPA 18:1,LPA 18:1(6),0.5820000000000003,0.7557199999999966,0.0,0.1337719999999997,All,None,0.0,0,substrate,0.0,,64094.11964939154,136080.53974277884
1767,3.697,353.12402,353.06211,175.3515833232709,C21H41O7P,CCCCCCC=CCCCCCCCCCC(=O)OCC(O)COP(=O)(O)O,[M-H]-,LPA 18:1,LPA 18:1(11),0.9619999999999997,0.937780000000032,0.0,0.1899780000000032,All,None,-82.1896,7,aldehyde,29400.0,0.0,0.0,27300.0
1867,3.706,369.20689,369.06151,393.91807614938966,C21H41O7P,CCCCCCC=CCCCCCCCCCC(=O)OCC(O)COP(=O)(O)O,[M-H]-,LPA 18:1,LPA 18:1(11),0.9799999999999995,0.8543099999999981,0.0,0.1834309999999998,All,None,-66.1902,7,criegee,94700.0,0.0,82100.0,108000.0
1928,3.711,283.08236,282.92711,548.7279038052126,C21H41O7P,CCCCCCCCCCCC=CCCCCC(=O)OCC(O)COP(=O)(O)O,[M-H]-,LPA 18:1,LPA 18:1(6),0.9899999999999993,0.8444400000000201,0.0,0.18344400000000194,All,None,-152.32459999999998,12,aldehyde,11200.0,0.0,30900.0,34000.0
2578,4.129,299.2592,298.92651,1112.949132547708,C21H41O7P,CCCCCCCCCCCC=CCCCCC(=O)OCC(O)COP(=O)(O)O,[M-H]-,LPA 18:1,LPA 18:1(6),0.17400000000000126,0.6669999999999732,0.0,0.08409999999999744,All,None,-136.32519999999997,12,criegee,0.0,0.0,0.0,4080.0
2231,3.859,325.10576,325.00811,300.4540409775847,C21H41O7P,CCCCCCCCC=CCCCCCCCC(=O)OCC(O)COP(=O)(O)O,[M-H]-,LPA 18:1,LPA 18:1(9),0.7140000000000004,0.9020399999999995,0.0,0.161604,All,None,-110.24359999999999,9,aldehyde,8520.0,0.0,4510.0,8870.0
2210,3.846,341.10051,341.00751,272.721266461143,C21H41O7P,CCCCCCCCC=CCCCCCCCC(=O)OCC(O)COP(=O)(O)O,[M-H]-,LPA 18:1,LPA 18:1(9),0.7400000000000002,0.906690000000026,0.0,0.16466900000000262,All,None,-94.24419999999999,9,criegee,0.0,0.0,0.0,7470.0
2106,3.758,478.29382,478.29391,0.18816881862481905,C23H46NO7P,CCCCCCCCC=CCCCCCCCC(=O)OCC(O)COP(=O)(O)OCCN,[M-H]-,LPE 18:1,LPE 18:1(9),0.9390000000000001,0.9111599999999953,0.0,0.18501599999999957,All,None,0.0,0,substrate,37718.36007130126,0.0,0.0,24923.56687898089
2106,3.758,478.29382,478.29391,0.18816881862481905,C23H46NO7P,CCCCCCC=CCCCCCCCCCC(=O)OCC(O)COP(=O)(O)OCCN,[M-H]-,LPE 18:1,LPE 18:1(11),0.8420000000000001,0.9273399999999867,0.0,0.1769339999999987,All,None,0.0,0,substrate,491281.6399286988,331000.0,442000.0,577076.4331210192
2041,3.73,396.17941,396.10431,189.5965231987008,C23H46NO7P,CCCCCCC=CCCCCCCCCCC(=O)OCC(O)COP(=O)(O)OCCN,[M-H]-,LPE 18:1,LPE 18:1(11),0.944,0.9248099999999795,0.0,0.18688099999999797,All,None,-82.1896,7,aldehyde,0.0,0.0,0.0,1.0797342192691028
2260,3.888,412.17375,412.10371,169.9572178081238,C23H46NO7P,CCCCCCC=CCCCCCCCCCC(=O)OCC(O)COP(=O)(O)OCCN,[M-H]-,LPE 18:1,LPE 18:1(11),0.7400000000000002,0.929869999999994,0.0,0.16698699999999944,All,None,-66.1902,7,criegee,2.2684310018903595,0.0,0.0,0.0
2080,3.739,368.14757,368.05030999999997,264.25735112138796,C23H46NO7P,CCCCCCCCC=CCCCCCCCC(=O)OCC(O)COP(=O)(O)OCCN,[M-H]-,LPE 18:1,LPE 18:1(9),0.9619999999999997,0.9026499999999942,0.0,0.1864649999999994,All,None,-110.24359999999999,9,aldehyde,18.185255198487713,11.812688821752266,19.389140271493215,14.867109634551495
1975,3.716,384.12995,384.04971,208.93128652539127,C23H46NO7P,CCCCCCCCC=CCCCCCCCC(=O)OCC(O)COP(=O)(O)OCCN,[M-H]-,LPE 18:1,LPE 18:1(9),0.9160000000000004,0.9196699999999964,0.0,0.1835669999999997,All,None,-94.24419999999999,9,criegee,11.361058601134214,7.673716012084592,9.276018099547512,10.132890365448505
2141,3.783,566.34664,566.34634,0.529711200967051,C26H52NO7P,CCCCCCC=CCCCCCCCCCC(=O)OCC(O)COP(=O)([O-])OCC[N+](C)(C)C,[M+HCOO]-,LPC 18:1,LPC 18:1(11),0.8960000000000004,0.9585399999999709,0.0,0.18545399999999715,All,None,0.0,0,substrate,0.0,0.0,0.0,0.0
2141,3.783,566.34664,566.34634,0.529711200967051,C26H52NO7P,CCCCCCCCC=CCCCCCCCC(=O)OCC(O)COP(=O)([O-])OCC[N+](C)(C)C,[M+HCOO]-,LPC 18:1,LPC 18:1(9),0.8879999999999999,0.8869049999999845,0.00490391781645126,0.18141363425315946,All,Some,0.0,0,substrate,0.0,0.0,1637.822607911642,0.0
2141,3.783,566.34664,566.34634,0.529711200967051,C26H52NO7P,CCCCCCCCCCCC=CCCCCC(=O)OCC(O)COP(=O)([O-])OCC[N+](C)(C)C,[M+HCOO]-,LPC 18:1,LPC 18:1(6),0.8410000000000002,0.795819999999992,0.0,0.16368199999999924,All,None,0.0,0,substrate,0.0,0.0,17162.177392088357,0.0
2035,3.728,484.21893,484.15674000000007,128.4501378622345,C26H52NO7P,CCCCCCC=CCCCCCCCCCC(=O)OCC(O)COP(=O)([O-])OCC[N+](C)(C)C,[M+HCOO]-,LPC 18:1,LPC 18:1(11),0.8900000000000006,0.9381099999999947,0.0,0.18281099999999956,All,None,-82.1896,7,aldehyde,2520000000.0,11200000000.0,0.0,0.0
2054,3.734,500.17747,500.15614000000005,42.646682294008514,C26H52NO7P,CCCCCCC=CCCCCCCCCCC(=O)OCC(O)COP(=O)([O-])OCC[N+](C)(C)C,[M+HCOO]-,LPC 18:1,LPC 18:1(11),0.9020000000000001,0.978969999999947,0.0,0.18809699999999474,All,None,-66.1902,7,criegee,0.0,1940000000.0,0.0,0.0
1757,3.696,414.22844,414.0217400000001,499.2491457088663,C26H52NO7P,CCCCCCCCCCCC=CCCCCC(=O)OCC(O)COP(=O)([O-])OCC[N+](C)(C)C,[M+HCOO]-,LPC 18:1,LPC 18:1(6),0.8260000000000005,0.7936000000000263,0.0,0.1619600000000027,All,None,-152.32459999999998,12,aldehyde,36900000000.0,0.0,1851.063829787234,44300000000.0
1932,3.711,430.2234,430.02114000000006,470.3489693552438,C26H52NO7P,CCCCCCCCCCCC=CCCCCC(=O)OCC(O)COP(=O)([O-])OCC[N+](C)(C)C,[M+HCOO]-,LPC 18:1,LPC 18:1(6),0.8559999999999999,0.7980399999999577,0.0,0.16540399999999578,All,None,-136.32519999999997,12,criegee,4170000000.0,0.0,204.78723404255322,4480000000.0
2174,3.813,456.20018,456.10274000000004,213.63607681889636,C26H52NO7P,CCCCCCCCC=CCCCCCCCC(=O)OCC(O)COP(=O)([O-])OCC[N+](C)(C)C,[M+HCOO]-,LPC 18:1,LPC 18:1(9),0.9399999999999995,0.9028599999999756,0.0,0.1842859999999975,All,Some,-110.24359999999999,9,aldehyde,2140000000.0,0.0,0.0,0.0
1826,3.701,472.23149,472.1021400000001,273.9873197777312,C26H52NO7P,CCCCCCCCC=CCCCCCCCC(=O)OCC(O)COP(=O)([O-])OCC[N+](C)(C)C,[M+HCOO]-,LPC 18:1,LPC 18:1(9),0.8360000000000003,0.8709499999999935,0.00980783563290252,0.1785412685063214,All,Some,-94.24419999999999,9,criegee,317000000000.0,360000000000.0,21542.55319148936,262000000000.0
2316,3.917,566.34623,566.34634,0.1942274405151752,C26H52NO7P,CCCCCCCCC=CCCCCCCCC(=O)OCC(O)COP(=O)([O-])OCC[N+](C)(C)C,[M+HCOO]-,LPC 18:1,LPC 18:1(9),0.9979999999999998,0.9044350000000065,0.0,0.19024350000000065,All,None,0.0,0,substrate,13407.217369179883,0.0,0.0,0.0
2316,3.917,566.34623,566.34634,0.1942274405151752,C26H52NO7P,CCCCCCC=CCCCCCCCCCC(=O)OCC(O)COP(=O)([O-])OCC[N+](C)(C)C,[M+HCOO]-,LPC 18:1,LPC 18:1(11),0.7810000000000001,0.9204450000000008,0.0,0.1701445000000001,All,None,0.0,0,substrate,188961.70808243574,0.0,165414.1739530603,234340.27055150885
2316,3.917,566.34623,566.34634,0.1942274405151752,C26H52NO7P,CCCCCCCCCCCC=CCCCCC(=O)OCC(O)COP(=O)([O-])OCC[N+](C)(C)C,[M+HCOO]-,LPC 18:1,LPC 18:1(6),0.5730000000000004,0.795410000000004,0.0,0.13684100000000043,All,None,0.0,0,substrate,14631.074548384362,0.0,20585.826046939717,42659.729448491154
2035,3.728,484.21893,484.15674000000007,128.4501378622345,C26H52NO7P,CCCCCCC=CCCCCCCCCCC(=O)OCC(O)COP(=O)([O-])OCC[N+](C)(C)C,[M+HCOO]-,LPC 18:1,LPC 18:1(11),0.6220000000000008,0.9377000000000066,0.0,0.15597000000000075,All,None,-82.1896,7,aldehyde,11.612903225806452,11200000000.0,0.0,0.0
2369,3.947,500.25284,500.15614000000005,193.33962390213105,C26H52NO7P,CCCCCCC=CCCCCCCCCCC(=O)OCC(O)COP(=O)([O-])OCC[N+](C)(C)C,[M+HCOO]-,LPC 18:1,LPC 18:1(11),0.9399999999999995,0.903189999999995,0.0,0.18431899999999946,All,None,-66.1902,7,criegee,1.8156682027649769,0.0,0.0,0.0
1757,3.696,414.22844,414.0217400000001,499.2491457088663,C26H52NO7P,CCCCCCCCCCCC=CCCCCC(=O)OCC(O)COP(=O)([O-])OCC[N+](C)(C)C,[M+HCOO]-,LPC 18:1,LPC 18:1(6),0.5580000000000007,0.7931900000000383,0.0,0.1351190000000039,All,None,-152.32459999999998,12,aldehyde,170.04608294930875,0.0,187.09677419354838,159.92779783393502
1932,3.711,430.2234,430.02114000000006,470.3489693552438,C26H52NO7P,CCCCCCCCCCCC=CCCCCC(=O)OCC(O)COP(=O)([O-])OCC[N+](C)(C)C,[M+HCOO]-,LPC 18:1,LPC 18:1(6),0.5880000000000001,0.7976299999999696,0.0,0.138562999999997,All,None,-136.32519999999997,12,criegee,19.216589861751153,0.0,20.698924731182796,16.173285198555956
2315,3.917,456.20005,456.10274000000004,213.351053317365,C26H52NO7P,CCCCCCCCC=CCCCCCCCC(=O)OCC(O)COP(=O)([O-])OCC[N+](C)(C)C,[M+HCOO]-,LPC 18:1,LPC 18:1(9),1.0,0.9025800000000004,0.0,0.19025800000000004,All,None,-110.24359999999999,9,aldehyde,14.654377880184333,0.0,25.86021505376344,27.00361010830325
2323,3.919,472.19574,472.1021400000001,198.2621811456393,C26H52NO7P,CCCCCCCCC=CCCCCCCCC(=O)OCC(O)COP(=O)([O-])OCC[N+](C)(C)C,[M+HCOO]-,LPC 18:1,LPC 18:1(9),0.9959999999999996,0.9062900000000127,0.0,0.19022900000000126,All,None,-94.24419999999999,9,criegee,0.0,0.0,0.0,5.054151624548736
2690,4.264,478.294,478.29391,0.18816881862481905,C23H46NO7P,CCCCCCC=CCCCCCCCCCC(=O)OCC(O)COP(=O)(O)OCCN,[M-H]-,LPE 18:1,LPE 18:1(11),0.5999999999999996,0.9278099999999938,0.0,0.15278099999999936,All,None,0.0,0,substrate,0.0,0.0,0.0,0.0
2690,4.264,478.294,478.29391,0.18816881862481905,C23H46NO7P,CCCCCCCCC=CCCCCCCCC(=O)OCC(O)COP(=O)(O)OCCN,[M-H]-,LPE 18:1,LPE 18:1(9),0.3359999999999994,0.9029499999999757,0.0,0.12389499999999751,All,None,0.0,0,substrate,20700.0,12300.0,0.0,0.0
2690,4.264,478.294,478.29391,0.18816881862481905,C23H46NO7P,CCCCCCCCCCCC=CCCCCC(=O)OCC(O)COP(=O)(O)OCCN,[M-H]-,LPE 18:1,LPE 18:1(6),0.6229999999999993,0.48237499999999045,0.0,0.11053749999999898,All,None,0.0,0,substrate,0.0,0.0,0.0,0.0
2510,4.059,396.17883,396.10431,188.13226243361706,C23H46NO7P,CCCCCCC=CCCCCCCCCCC(=O)OCC(O)COP(=O)(O)OCCN,[M-H]-,LPE 18:1,LPE 18:1(11),0.5899999999999999,0.9255699999999933,0.0,0.15155699999999933,All,None,-82.1896,7,aldehyde,0.0,0.0,853000000.0,780000000.0
2517,4.069,412.17375,412.10371,169.9572178081238,C23H46NO7P,CCCCCCC=CCCCCCCCCCC(=O)OCC(O)COP(=O)(O)OCCN,[M-H]-,LPE 18:1,LPE 18:1(11),0.6099999999999994,0.9300499999999943,0.0,0.1540049999999994,All,None,-66.1902,7,criegee,0.0,0.0,0.0,994000000.0
2612,4.175,325.10574,325.96931,2649.2371321704536,C23H46NO7P,CCCCCCCCCCCC=CCCCCC(=O)OCC(O)COP(=O)(O)OCCN,[M-H]-,LPE 18:1,LPE 18:1(6),0.8219999999999992,0.13634000000001834,0.0,0.09583400000000176,All,None,-152.32459999999998,12,aldehyde,0.0,0.0,0.0,585000000.0
2427,3.976,342.14039,341.96871,502.03423582244585,C23H46NO7P,CCCCCCCCCCCC=CCCCCC(=O)OCC(O)COP(=O)(O)OCCN,[M-H]-,LPE 18:1,LPE 18:1(6),0.4239999999999995,0.8284099999999626,0.0,0.12524099999999622,All,None,-136.32519999999997,12,criegee,753.6231884057971,1073.1707317073171,14900000000.0,13700000000.0
2342,3.932,368.14745,368.05030999999997,263.9313087388092,C23H46NO7P,CCCCCCCCC=CCCCCCCCC(=O)OCC(O)COP(=O)(O)OCCN,[M-H]-,LPE 18:1,LPE 18:1(9),0.3359999999999994,0.9029499999999757,0.0,0.12389499999999751,All,None,-110.24359999999999,9,aldehyde,0.0,0.0,1310000000.0,1630000000.0
3253,5.635,463.2831,463.28301,0.19426570380844643,C23H45O7P,CCCCCCC=CCCCCCCCCCCCC(=O)OCC(O)COP(=O)(O)O,[M-H]-,LPA 20:1,LPA 20:1(13),0.0860000000000003,0.9243099999999913,0.0,0.10103099999999916,All,None,0.0,0,substrate,,,391000.0,
3552,6.092,397.16859,397.09281,190.8369985344455,C23H45O7P,CCCCCCC=CCCCCCCCCCCCC(=O)OCC(O)COP(=O)(O)O,[M-H]-,LPA 20:1,LPA 20:1(13),0.0860000000000003,0.9243099999999913,0.0,0.10103099999999916,All,None,-66.1902,7,criegee,0.0,0.0,0.7672634271099744,0.0
3267,5.653,495.27314,495.30923,72.86357252014365,C24H49O8P,CCCCCCCCCCCC=CCCCCCOCC(O)COP(=O)(O)OCC(O)CO,[M-H]-,LPG O-18:1,LPG O-18:1(6),0.16600000000000037,0.8047000000000253,0.0,0.09707000000000257,Some,None,0.0,0,substrate,0.0,,1622.7818674932198,1234.2035928143712
3267,5.653,495.27314,495.30923,72.86357252014365,C24H49O8P,CCCCCCCCC=CCCCCCCCCOCC(O)COP(=O)(O)OCC(O)CO,[M-H]-,LPG O-18:1,LPG O-18:1(9),0.3039999999999994,0.1423549999999807,0.0,0.04463549999999801,All,None,0.0,0,substrate,0.0,,1984.0371948857035,1731.1616766467066
3267,5.653,495.27314,495.30923,72.86357252014365,C24H49O8P,CCCCCCC=CCCCCCCCCCCOCC(O)COP(=O)(O)OCC(O)CO,[M-H]-,LPG O-18:1,LPG O-18:1(11),0.027999999999998693,0.11336999999997488,0.0,0.014136999999997357,Some,None,0.0,0,substrate,0.0,,3793.180937621077,1594.6347305389222
3581,6.139,428.19631,429.11903,2150.265859801246,C24H49O8P,CCCCCCC=CCCCCCCCCCCOCC(O)COP(=O)(O)OCC(O)CO,[M-H]-,LPG O-18:1,LPG O-18:1(11),0.027999999999998693,0.11336999999997488,0.0,0.014136999999997357,Some,None,-66.1902,7,criegee,0.0,0.0,5660.0,6780.0
3041,5.236,343.14384,342.98463000000004,464.18989678917444,C24H49O8P,CCCCCCCCCCCC=CCCCCCOCC(O)COP(=O)(O)OCC(O)CO,[M-H]-,LPG O-18:1,LPG O-18:1(6),0.16600000000000037,0.8047000000000253,0.0,0.09707000000000257,Some,None,-152.32459999999998,12,aldehyde,9520.0,0.0,6920.0,9510.0
3044,5.254,384.18732,385.06563000000006,2280.935849818785,C24H49O8P,CCCCCCCCC=CCCCCCCCCOCC(O)COP(=O)(O)OCC(O)CO,[M-H]-,LPG O-18:1,LPG O-18:1(9),0.20199999999999996,0.15778000000000247,0.0,0.035978000000000246,All,None,-110.24359999999999,9,aldehyde,0.0,0.0,5600.0,3750.0
3461,5.95,400.15587,401.06503000000004,2266.8643037764787,C24H49O8P,CCCCCCCCC=CCCCCCCCCOCC(O)COP(=O)(O)OCC(O)CO,[M-H]-,LPG O-18:1,LPG O-18:1(9),0.4059999999999988,0.1269299999999589,0.0,0.053292999999995774,All,None,-94.24419999999999,9,criegee,0.0,0.0,7630.0,5010.0
4233,10.224,807.50343,807.5029,0.6563443921082149,C41H77O13P,CCCCCCC=CCCCCCCCC(=O)OC(COC(=O)CCCCCCCCCCCCCCC)COP(=O)(O)OC1C(O)C(O)C(O)C(O)C1O,[M-H]-,PI 16:0_16:1,PI 16:0_16:1(9),0.6189999999999998,0.9273999999999774,0.0,0.15463999999999772,All,Some,0.0,0,substrate,0.0,18826.14742698192,0.0,0.0
4233,10.224,807.50343,807.5029,0.6563443921082149,C41H77O13P,CCCCCCCCC=CCCCCCC(=O)OC(COC(=O)CCCCCCCCCCCCCCC)COP(=O)(O)OC1C(O)C(O)C(O)C(O)C1O,[M-H]-,PI 16:0_16:1,PI 16:0_16:1(7),0.28200000000000003,0.9074100000000271,0.0,0.11894100000000273,Some,None,0.0,0,substrate,140000.0,125173.85257301807,139000.0,149000.0
4301,10.583,713.35182,713.2587,130.55571561902994,C41H77O13P,CCCCCCCCC=CCCCCCC(=O)OC(COC(=O)CCCCCCCCCCCCCCC)COP(=O)(O)OC1C(O)C(O)C(O)C(O)C1O,[M-H]-,PI 16:0_16:1,PI 16:0_16:1(7),0.28200000000000003,0.9074100000000271,0.0,0.11894100000000273,Some,None,-94.24419999999999,9,criegee,0.0,1880.0,0.0,0.0
4232,10.218,725.38844,725.3132999999999,103.59661128512751,C41H77O13P,CCCCCCC=CCCCCCCCC(=O)OC(COC(=O)CCCCCCCCCCCCCCC)COP(=O)(O)OC1C(O)C(O)C(O)C(O)C1O,[M-H]-,PI 16:0_16:1,PI 16:0_16:1(9),0.9879999999999995,0.925389999999993,0.0,0.19133899999999926,All,Some,-82.1896,7,aldehyde,36300.0,0.0,27000.0,28800.0
4313,10.599,741.38382,741.3127,95.93792201329408,C41H77O13P,CCCCCCC=CCCCCCCCC(=O)OC(COC(=O)CCCCCCCCCCCCCCC)COP(=O)(O)OC1C(O)C(O)C(O)C(O)C1O,[M-H]-,PI 16:0_16:1,PI 16:0_16:1(9),0.25,0.9294099999999617,0.0,0.11794099999999616,All,Some,-66.1902,7,criegee,11900.0,12500.0,13700.0,13000.0
4263,10.416,857.5188,857.51855,0.29153888280426316,C45H79O13P,CCCCCC=CCC=CCC=CCC=CCCCC(=O)OC(COC(=O)CCCCCCCCCCCCCCC)COP(=O)(O)OC1C(O)C(O)C(O)C(O)C1O,[M-H]-,PI 16:0_20:4,"PI 16:0_20:4(5,8,11,14)",0.9731428571428563,0.8802685714286521,0.02338736323641791,0.2040510334462852,Some,Some,0.0,0,substrate,573376.0744008367,527307.2703932781,504577.54533107765,562160.0340095888
4263,10.416,857.5188,857.51855,0.29153888280426316,C45H79O13P,CCC=CCC=CCC=CCC=CCCCCCCC(=O)OC(COC(=O)CCCCCCCCCCCCCCC)COP(=O)(O)OC1C(O)C(O)C(O)C(O)C1O,[M-H]-,PI 16:0_20:4,"PI 16:0_20:4(8,11,14,17)",0.730500000000001,0.5197699999999372,0.0,0.12502699999999384,Some,None,0.0,0,substrate,159623.92559916322,146692.7296067219,130422.45466892229,155839.96599041118
4251,10.405,669.32595,669.1609500000001,246.5774489679405,C45H79O13P,CCCCCC=CCC=CCC=CCC=CCCCC(=O)OC(COC(=O)CCCCCCCCCCCCCCC)COP(=O)(O)OC1C(O)C(O)C(O)C(O)C1O,[M-H]-,PI 16:0_20:4,"PI 16:0_20:4(5,8,11,14)",0.977999999999998,0.8352500000000873,0.0,0.18132500000000853,Some,Some,-188.35759999999993,6,aldehyde,103000.0,81500.0,102000.0,99600.0
4269,10.421,685.32096,685.1603500000001,234.4122802784866,C45H79O13P,CCCCCC=CCC=CCC=CCC=CCCCC(=O)OC(COC(=O)CCCCCCCCCCCCCCC)COP(=O)(O)OC1C(O)C(O)C(O)C(O)C1O,[M-H]-,PI 16:0_20:4,"PI 16:0_20:4(5,8,11,14)",0.990000000000002,0.8396400000001449,0.0,0.1829640000000147,Some,Some,-172.35819999999993,6,criegee,0.0,9360.0,0.0,9640.0
4250,10.405,709.35715,709.22595,184.99041102491424,C45H79O13P,CCCCCC=CCC=CCC=CCC=CCCCC(=O)OC(COC(=O)CCCCCCCCCCCCCCC)COP(=O)(O)OC1C(O)C(O)C(O)C(O)C1O,[M-H]-,PI 16:0_20:4,"PI 16:0_20:4(5,8,11,14)",0.977999999999998,0.8690500000000156,0.08185577132746269,0.2501896170619715,Some,Some,-148.29259999999996,9,aldehyde,96000.0,72800.0,91100.0,87900.0
4244,10.394,725.35299,725.22535,176.00046661348568,C45H79O13P,CCCCCC=CCC=CCC=CCC=CCCCC(=O)OC(COC(=O)CCCCCCCCCCCCCCC)COP(=O)(O)OC1C(O)C(O)C(O)C(O)C1O,[M-H]-,PI 16:0_20:4,"PI 16:0_20:4(5,8,11,14)",0.9559999999999995,0.8726100000001225,0.0,0.1828610000000122,Some,Some,-132.29319999999996,9,criegee,0.0,0.0,0.0,5270.0
4252,10.405,749.3885,749.2909500000001,130.18974805441812,C45H79O13P,CCCCCC=CCC=CCC=CCC=CCCCC(=O)OC(COC(=O)CCCCCCCCCCCCCCC)COP(=O)(O)OC1C(O)C(O)C(O)C(O)C1O,[M-H]-,PI 16:0_20:4,"PI 16:0_20:4(5,8,11,14)",0.977999999999998,0.9027000000000953,0.0,0.18807000000000934,Some,Some,-108.2276,12,aldehyde,67900.0,51100.0,69000.0,60600.0
4270,10.435,765.38437,765.29035,122.85533196648886,C45H79O13P,CCCCCC=CCC=CCC=CCC=CCCCC(=O)OC(COC(=O)CCCCCCCCCCCCCCC)COP(=O)(O)OC1C(O)C(O)C(O)C(O)C1O,[M-H]-,PI 16:0_20:4,"PI 16:0_20:4(5,8,11,14)",0.9619999999999997,0.9062300000000505,0.0,0.18682300000000504,Some,Some,-92.2282,12,criegee,6710.0,0.0,7090.0,0.0
4247,10.401,789.4198,789.35595,80.88872960291512,C45H79O13P,CCCCCC=CCC=CCC=CCC=CCCCC(=O)OC(COC(=O)CCCCCCCCCCCCCCC)COP(=O)(O)OC1C(O)C(O)C(O)C(O)C1O,[M-H]-,PI 16:0_20:4,"PI 16:0_20:4(5,8,11,14)",0.9699999999999989,0.9364000000000487,0.08185577132746269,0.2561246170619749,Some,Some,-68.1626,15,aldehyde,70400.0,53400.0,64300.0,68500.0
4254,10.409,710.36061,711.2419500000001,1239.156379907198,C45H79O13P,CCC=CCC=CCC=CCC=CCCCCCCC(=O)OC(COC(=O)CCCCCCCCCCCCCCC)COP(=O)(O)OC1C(O)C(O)C(O)C(O)C1O,[M-H]-,PI 16:0_20:4,"PI 16:0_20:4(8,11,14,17)",0.9860000000000007,0.1184099999998125,0.0,0.11044099999998133,Some,None,-146.27659999999997,3,aldehyde,26300.0,21600.0,27500.0,26300.0
4353,10.732,751.40373,751.30695,128.81552606423645,C45H79O13P,CCC=CCC=CCC=CCC=CCCCCCCC(=O)OC(COC(=O)CCCCCCCCCCCCCCC)COP(=O)(O)OC1C(O)C(O)C(O)C(O)C1O,[M-H]-,PI 16:0_20:4,"PI 16:0_20:4(8,11,14,17)",0.3680000000000021,0.9034700000000839,0.0,0.12714700000000861,Some,None,-106.21159999999999,6,aldehyde,28100.0,23300.0,24100.0,26300.0
4304,10.588,766.42311,767.3063500000001,1151.091738000232,C45H79O13P,CCC=CCC=CCC=CCC=CCCCCCCC(=O)OC(COC(=O)CCCCCCCCCCCCCCC)COP(=O)(O)OC1C(O)C(O)C(O)C(O)C1O,[M-H]-,PI 16:0_20:4,"PI 16:0_20:4(8,11,14,17)",0.6560000000000024,0.11650999999983469,0.0,0.07725099999998371,Some,None,-90.2122,6,criegee,38200.0,29700.0,34600.0,39300.0
4241,10.372,791.43151,791.37195,75.26170216171188,C45H79O13P,CCC=CCC=CCC=CCC=CCCCCCCC(=O)OC(COC(=O)CCCCCCCCCCCCCCC)COP(=O)(O)OC1C(O)C(O)C(O)C(O)C1O,[M-H]-,PI 16:0_20:4,"PI 16:0_20:4(8,11,14,17)",0.911999999999999,0.9406900000000178,0.0,0.18526900000000168,Some,None,-66.1466,9,aldehyde,3170.0,0.0,0.0,0.0
4285,10.526,883.53468,883.5342,0.543272688170967,C47H81O13P,CCCCCC=CCC=CCC=CCC=CCCCC(=O)OC(COC(=O)CCCCC=CCCCCCCCCCCC)COP(=O)(O)OC1C(O)C(O)C(O)C(O)C1O,[M-H]-,PI 18:1_20:4,"PI 18:1(6)_20:4(5,8,11,14)",0.8379999999999995,0.8708840000000009,0.0,0.17088840000000005,Some,None,0.0,0,substrate,68524.85021117768,72076.38783654089,59520.45223577236,56214.56100522675
4285,10.526,883.53468,883.5342,0.543272688170967,C47H81O13P,CCCCCC=CCC=CCC=CCC=CCCCC(=O)OC(COC(=O)CCCCCCCC=CCCCCCCCC)COP(=O)(O)OC1C(O)C(O)C(O)C(O)C1O,[M-H]-,PI 18:1_20:4,"PI 18:1(9)_20:4(5,8,11,14)",0.831428571428571,0.8754242857142864,0.0,0.17068528571428576,Some,Some,0.0,0,substrate,9690.182693252136,3851.303227761782,8873.221544715449,2852.8588775671824
4285,10.526,883.53468,883.5342,0.543272688170967,C47H81O13P,CCCCCC=CCC=CCC=CCC=CCCCC(=O)OC(COC(=O)CCCCCCCCCC=CCCCCCC)COP(=O)(O)OC1C(O)C(O)C(O)C(O)C1O,[M-H]-,PI 18:1_20:4,"PI 18:1(11)_20:4(5,8,11,14)",0.8462222222222222,0.7155944444444281,0.0,0.15618166666666503,Some,None,0.0,0,substrate,42598.49228955898,46785.81350709704,30322.662601626012,40385.40731745948
4285,10.526,883.53468,883.5342,0.543272688170967,C47H81O13P,CCC=CCC=CCC=CCC=CCCCCCCC(=O)OC(COC(=O)CCCCCCCC=CCCCCCCCC)COP(=O)(O)OC1C(O)C(O)C(O)C(O)C1O,[M-H]-,PI 18:1_20:4,"PI 18:1(9)_20:4(8,11,14,17)",0.5240000000000002,0.570515999999975,0.0,0.10945159999999754,Some,Some,0.0,0,substrate,5852.4211767017,3851.303227761782,0.0,2852.8588775671824
4285,10.526,883.53468,883.5342,0.543272688170967,C47H81O13P,CCC=CCC=CCC=CCC=CCCCCCCC(=O)OC(COC(=O)CCCCCCCCCC=CCCCCCC)COP(=O)(O)OC1C(O)C(O)C(O)C(O)C1O,[M-H]-,PI 18:1_20:4,"PI 18:1(11)_20:4(8,11,14,17)",0.659714285714286,0.43304714285713025,0.0,0.10927614285714163,Some,None,0.0,0,substrate,93817.08574796189,99885.52558468454,76358.61280487805,81613.43118103585
4285,10.526,883.53468,883.5342,0.543272688170967,C47H81O13P,CCC=CCC=CCC=CCC=CCCCCCCC(=O)OC(COC(=O)CCCCC=CCCCCCCCCCCC)COP(=O)(O)OC1C(O)C(O)C(O)C(O)C1O,[M-H]-,PI 18:1_20:4,"PI 18:1(6)_20:4(8,11,14,17)",0.5676000000000002,0.40647999999998774,0.0,0.0974079999999988,Some,None,0.0,0,substrate,48516.96788134761,50549.66661615396,44925.05081300813,44080.882741143556
4293,10.544,735.37331,735.2416000000001,179.13839478055175,C47H81O13P,CCCCCC=CCC=CCC=CCC=CCCCC(=O)OC(COC(=O)CCCCCCCCCC=CCCCCCC)COP(=O)(O)OC1C(O)C(O)C(O)C(O)C1O,[M-H]-,PI 18:1_20:4,"PI 18:1(11)_20:4(5,8,11,14)",0.9639999999999986,0.8687700000000405,0.0,0.1832770000000039,Some,None,-148.29259999999996,6,aldehyde,11500.0,0.0,0.0,13400.0
4353,10.732,751.40373,751.2410000000001,216.61490786564733,C47H81O13P,CCCCCC=CCC=CCC=CCC=CCCCC(=O)OC(COC(=O)CCCCCCCCCC=CCCCCCC)COP(=O)(O)OC1C(O)C(O)C(O)C(O)C1O,[M-H]-,PI 18:1_20:4,"PI 18:1(11)_20:4(5,8,11,14)",0.588000000000001,0.8377500000000282,0.0,0.14257500000000292,Some,None,-132.29319999999996,6,criegee,28100.0,23300.0,24100.0,26300.0
4289,10.537,695.34162,695.1766000000001,237.37853086526948,C47H81O13P,CCCCCC=CCC=CCC=CCC=CCCCC(=O)OC(COC(=O)CCCCCCCCCC=CCCCCCC)COP(=O)(O)OC1C(O)C(O)C(O)C(O)C1O,[M-H]-,PI 18:1_20:4,"PI 18:1(11)_20:4(5,8,11,14)",0.977999999999998,0.8354600000000119,0.0,0.181346000000001,Some,None,-188.35759999999993,7,aldehyde,14700.0,12400.0,0.0,11200.0
4254,10.409,710.36061,711.1760000000002,1146.537565947398,C47H81O13P,CCCCCC=CCC=CCC=CCC=CCCCC(=O)OC(COC(=O)CCCCCCCCCC=CCCCCCC)COP(=O)(O)OC1C(O)C(O)C(O)C(O)C1O,[M-H]-,PI 18:1_20:4,"PI 18:1(11)_20:4(5,8,11,14)",0.7660000000000018,0.18412999999986823,0.0,0.09501299999998701,Some,None,-172.35819999999993,7,criegee,26300.0,21600.0,27500.0,26300.0
4303,10.586,775.40421,775.3066000000001,125.89857999392473,C47H81O13P,CCCCCC=CCC=CCC=CCC=CCCCC(=O)OC(COC(=O)CCCCCCCCCC=CCCCCCC)COP(=O)(O)OC1C(O)C(O)C(O)C(O)C1O,[M-H]-,PI 18:1_20:4,"PI 18:1(11)_20:4(5,8,11,14)",0.879999999999999,0.9028700000000072,0.0,0.17828700000000064,Some,None,-108.2276,9,aldehyde,7140.0,7320.0,1590.0,0.0
4241,10.372,791.43151,791.306,158.61120729523464,C47H81O13P,CCCCCC=CCC=CCC=CCC=CCCCC(=O)OC(COC(=O)CCCCCCCCCC=CCCCCCC)COP(=O)(O)OC1C(O)C(O)C(O)C(O)C1O,[M-H]-,PI 18:1_20:4,"PI 18:1(11)_20:4(5,8,11,14)",0.6920000000000002,0.8749699999999621,0.0,0.15669699999999626,Some,None,-92.2282,9,criegee,3170.0,0.0,0.0,0.0
4318,10.62,801.44025,801.3446,119.3618825159336,C47H81O13P,CCCCCC=CCC=CCC=CCC=CCCCC(=O)OC(COC(=O)CCCCCCCCCC=CCCCCCC)COP(=O)(O)OC1C(O)C(O)C(O)C(O)C1O,[M-H]-,PI 18:1_20:4,"PI 18:1(11)_20:4(5,8,11,14)",0.8120000000000012,0.9048299999999472,0.0,0.17168299999999484,Some,None,-82.1896,12,aldehyde,0.0,0.0,12700.0,0.0
4292,10.542,815.43461,815.3716000000001,77.27764862053439,C47H81O13P,CCCCCC=CCC=CCC=CCC=CCCCC(=O)OC(COC(=O)CCCCCCCCCC=CCCCCCC)COP(=O)(O)OC1C(O)C(O)C(O)C(O)C1O,[M-H]-,PI 18:1_20:4,"PI 18:1(11)_20:4(5,8,11,14)",0.968,0.9374699999999621,0.0,0.1905469999999962,Some,None,-68.1626,12,criegee,7020.0,17800.0,19300.0,16200.0
4281,10.51,816.43858,817.344,1107.7587894448961,C47H81O13P,CCCCCC=CCC=CCC=CCC=CCCCC(=O)OC(COC(=O)CCCCCCCCCC=CCCCCCC)COP(=O)(O)OC1C(O)C(O)C(O)C(O)C1O,[M-H]-,PI 18:1_20:4,"PI 18:1(11)_20:4(5,8,11,14)",0.968,0.09410000000002583,0.0,0.10621000000000258,Some,None,-66.1902,15,aldehyde,5810.0,0.0,0.0,0.0
4382,10.83,776.40784,777.3226000000001,1176.808702075708,C47H81O13P,CCC=CCC=CCC=CCC=CCCCCCCC(=O)OC(COC(=O)CCCCCCCCCC=CCCCCCC)COP(=O)(O)OC1C(O)C(O)C(O)C(O)C1O,[M-H]-,PI 18:1_20:4,"PI 18:1(11)_20:4(8,11,14,17)",0.39199999999999946,0.0847599999999602,0.0,0.04767599999999597,Some,None,-106.21159999999999,3,aldehyde,0.0,3460.0,0.0,2000.0
4407,10.899,793.41637,793.3220000000001,118.95548087650735,C47H81O13P,CCC=CCC=CCC=CCC=CCCCCCCC(=O)OC(COC(=O)CCCCCCCCCC=CCCCCCC)COP(=O)(O)OC1C(O)C(O)C(O)C(O)C1O,[M-H]-,PI 18:1_20:4,"PI 18:1(11)_20:4(8,11,14,17)",0.25400000000000134,0.9061100000000124,0.0,0.11601100000000138,Some,None,-90.2122,3,criegee,0.0,944.0,0.0,0.0
4318,10.62,801.44025,801.3446,119.3618825159336,C47H81O13P,CCC=CCC=CCC=CCC=CCCCCCCC(=O)OC(COC(=O)CCCCCCCCCC=CCCCCCC)COP(=O)(O)OC1C(O)C(O)C(O)C(O)C1O,[M-H]-,PI 18:1_20:4,"PI 18:1(11)_20:4(8,11,14,17)",0.8120000000000012,0.9048299999999472,0.0,0.17168299999999484,Some,None,-82.1896,6,aldehyde,0.0,0.0,12700.0,0.0
4281,10.51,816.43858,817.344,1107.7587894448961,C47H81O13P,CCC=CCC=CCC=CCC=CCCCCCCC(=O)OC(COC(=O)CCCCCCCCCC=CCCCCCC)COP(=O)(O)OC1C(O)C(O)C(O)C(O)C1O,[M-H]-,PI 18:1_20:4,"PI 18:1(11)_20:4(8,11,14,17)",0.968,0.09410000000002583,0.0,0.10621000000000258,Some,None,-66.1902,6,criegee,5810.0,0.0,0.0,0.0
4284,10.525,736.37643,737.2576000000001,1195.1996154398557,C47H81O13P,CCC=CCC=CCC=CCC=CCCCCCCC(=O)OC(COC(=O)CCCCCCCCCC=CCCCCCC)COP(=O)(O)OC1C(O)C(O)C(O)C(O)C1O,[M-H]-,PI 18:1_20:4,"PI 18:1(11)_20:4(8,11,14,17)",0.9980000000000011,0.11834999999996398,0.0,0.11163499999999651,Some,None,-146.27659999999997,7,aldehyde,3050.0,0.0,0.0,0.0
4413,10.913,753.3848,753.2570000000001,169.6632092366606,C47H81O13P,CCC=CCC=CCC=CCC=CCCCCCCC(=O)OC(COC(=O)CCCCCCCCCC=CCCCCCC)COP(=O)(O)OC1C(O)C(O)C(O)C(O)C1O,[M-H]-,PI 18:1_20:4,"PI 18:1(11)_20:4(8,11,14,17)",0.2259999999999991,0.8726799999999457,0.0,0.10986799999999448,Some,None,-130.27719999999997,7,criegee,0.0,0.0,0.0,2740.0
4281,10.51,816.43858,817.3876,1161.0403681191378,C47H81O13P,CCC=CCC=CCC=CCC=CCCCCCCC(=O)OC(COC(=O)CCCCCCCCCC=CCCCCCC)COP(=O)(O)OC1C(O)C(O)C(O)C(O)C1O,[M-H]-,PI 18:1_20:4,"PI 18:1(11)_20:4(8,11,14,17)",0.968,0.05050000000005639,0.0,0.10185000000000563,Some,None,-66.1466,9,aldehyde,5810.0,0.0,0.0,0.0
4293,10.544,735.37331,735.2416000000001,179.13839478055175,C47H81O13P,CCCCCC=CCC=CCC=CCC=CCCCC(=O)OC(COC(=O)CCCCC=CCCCCCCCCCCC)COP(=O)(O)OC1C(O)C(O)C(O)C(O)C1O,[M-H]-,PI 18:1_20:4,"PI 18:1(6)_20:4(5,8,11,14)",0.9639999999999986,0.8687700000000405,0.0,0.1832770000000039,Some,None,-148.29259999999996,6,criegee,11500.0,0.0,0.0,13400.0
4353,10.732,751.40373,751.2410000000001,216.61490786564733,C47H81O13P,CCCCCC=CCC=CCC=CCC=CCCCC(=O)OC(COC(=O)CCCCC=CCCCCCCCCCCC)COP(=O)(O)OC1C(O)C(O)C(O)C(O)C1O,[M-H]-,PI 18:1_20:4,"PI 18:1(6)_20:4(5,8,11,14)",0.588000000000001,0.8377500000000282,0.0,0.14257500000000292,Some,None,-132.29319999999996,9,criegee,28100.0,23300.0,24100.0,26300.0
4289,10.537,695.34162,695.1766000000001,237.37853086526948,C47H81O13P,CCCCCC=CCC=CCC=CCC=CCCCC(=O)OC(COC(=O)CCCCC=CCCCCCCCCCCC)COP(=O)(O)OC1C(O)C(O)C(O)C(O)C1O,[M-H]-,PI 18:1_20:4,"PI 18:1(6)_20:4(5,8,11,14)",0.977999999999998,0.8354600000000119,0.0,0.181346000000001,Some,None,-188.35759999999993,12,aldehyde,14700.0,12400.0,0.0,11200.0
4241,10.372,791.43151,791.306,158.61120729523464,C47H81O13P,CCCCCC=CCC=CCC=CCC=CCCCC(=O)OC(COC(=O)CCCCC=CCCCCCCCCCCC)COP(=O)(O)OC1C(O)C(O)C(O)C(O)C1O,[M-H]-,PI 18:1_20:4,"PI 18:1(6)_20:4(5,8,11,14)",0.6920000000000002,0.8749699999999621,0.0,0.15669699999999626,Some,None,-92.2282,12,criegee,3170.0,0.0,0.0,0.0
4292,10.542,815.43461,815.3716000000001,77.27764862053439,C47H81O13P,CCCCCC=CCC=CCC=CCC=CCCCC(=O)OC(COC(=O)CCCCC=CCCCCCCCCCCC)COP(=O)(O)OC1C(O)C(O)C(O)C(O)C1O,[M-H]-,PI 18:1_20:4,"PI 18:1(6)_20:4(5,8,11,14)",0.968,0.9374699999999621,0.0,0.1905469999999962,Some,None,-68.1626,15,aldehyde,7020.0,17800.0,19300.0,16200.0
4413,10.913,753.3848,753.2570000000001,169.6632092366606,C47H81O13P,CCC=CCC=CCC=CCC=CCCCCCCC(=O)OC(COC(=O)CCCCC=CCCCCCCCCCCC)COP(=O)(O)OC1C(O)C(O)C(O)C(O)C1O,[M-H]-,PI 18:1_20:4,"PI 18:1(6)_20:4(8,11,14,17)",0.2259999999999991,0.8726799999999457,0.0,0.10986799999999448,Some,None,-130.27719999999997,3,criegee,0.0,0.0,0.0,2740.0
4382,10.83,776.40784,777.3226000000001,1176.808702075708,C47H81O13P,CCC=CCC=CCC=CCC=CCCCCCCC(=O)OC(COC(=O)CCCCC=CCCCCCCCCCCC)COP(=O)(O)OC1C(O)C(O)C(O)C(O)C1O,[M-H]-,PI 18:1_20:4,"PI 18:1(6)_20:4(8,11,14,17)",0.39199999999999946,0.0847599999999602,0.0,0.04767599999999597,Some,None,-106.21159999999999,6,aldehyde,0.0,3460.0,0.0,2000.0
4407,10.899,793.41637,793.3220000000001,118.95548087650735,C47H81O13P,CCC=CCC=CCC=CCC=CCCCCCCC(=O)OC(COC(=O)CCCCC=CCCCCCCCCCCC)COP(=O)(O)OC1C(O)C(O)C(O)C(O)C1O,[M-H]-,PI 18:1_20:4,"PI 18:1(6)_20:4(8,11,14,17)",0.25400000000000134,0.9061100000000124,0.0,0.11601100000000138,Some,None,-90.2122,6,criegee,0.0,944.0,0.0,0.0
4281,10.51,816.43858,817.3876,1161.0403681191378,C47H81O13P,CCC=CCC=CCC=CCC=CCCCCCCC(=O)OC(COC(=O)CCCCC=CCCCCCCCCCCC)COP(=O)(O)OC1C(O)C(O)C(O)C(O)C1O,[M-H]-,PI 18:1_20:4,"PI 18:1(6)_20:4(8,11,14,17)",0.968,0.05050000000005639,0.0,0.10185000000000563,Some,None,-66.1466,9,aldehyde,5810.0,0.0,0.0,0.0
4284,10.525,736.37643,737.2576000000001,1195.1996154398557,C47H81O13P,CCC=CCC=CCC=CCC=CCCCCCCC(=O)OC(COC(=O)CCCCC=CCCCCCCCCCCC)COP(=O)(O)OC1C(O)C(O)C(O)C(O)C1O,[M-H]-,PI 18:1_20:4,"PI 18:1(6)_20:4(8,11,14,17)",0.9980000000000011,0.11834999999996398,0.0,0.11163499999999651,Some,None,-146.27659999999997,12,criegee,3050.0,0.0,0.0,0.0
4293,10.544,735.37331,735.2416000000001,179.13839478055175,C47H81O13P,CCCCCC=CCC=CCC=CCC=CCCCC(=O)OC(COC(=O)CCCCCCCC=CCCCCCCCC)COP(=O)(O)OC1C(O)C(O)C(O)C(O)C1O,[M-H]-,PI 18:1_20:4,"PI 18:1(9)_20:4(5,8,11,14)",0.9639999999999986,0.8687700000000405,0.0,0.1832770000000039,Some,Some,-148.29259999999996,6,aldehyde,11500.0,0.0,0.0,13400.0
4353,10.732,751.40373,751.2410000000001,216.61490786564733,C47H81O13P,CCCCCC=CCC=CCC=CCC=CCCCC(=O)OC(COC(=O)CCCCCCCC=CCCCCCCCC)COP(=O)(O)OC1C(O)C(O)C(O)C(O)C1O,[M-H]-,PI 18:1_20:4,"PI 18:1(9)_20:4(5,8,11,14)",0.588000000000001,0.8377500000000282,0.0,0.14257500000000292,Some,Some,-132.29319999999996,6,criegee,28100.0,23300.0,24100.0,26300.0
4289,10.537,695.34162,695.1766000000001,237.37853086526948,C47H81O13P,CCCCCC=CCC=CCC=CCC=CCCCC(=O)OC(COC(=O)CCCCCCCC=CCCCCCCCC)COP(=O)(O)OC1C(O)C(O)C(O)C(O)C1O,[M-H]-,PI 18:1_20:4,"PI 18:1(9)_20:4(5,8,11,14)",0.977999999999998,0.8354600000000119,0.0,0.181346000000001,Some,Some,-188.35759999999993,9,aldehyde,14700.0,12400.0,0.0,11200.0
4303,10.586,775.40421,775.3066000000001,125.89857999392473,C47H81O13P,CCCCCC=CCC=CCC=CCC=CCCCC(=O)OC(COC(=O)CCCCCCCC=CCCCCCCCC)COP(=O)(O)OC1C(O)C(O)C(O)C(O)C1O,[M-H]-,PI 18:1_20:4,"PI 18:1(9)_20:4(5,8,11,14)",0.879999999999999,0.9028700000000072,0.0,0.17828700000000064,Some,Some,-108.2276,9,criegee,7140.0,7320.0,1590.0,0.0
4247,10.401,789.4198,789.2900000000001,164.45159573785548,C47H81O13P,CCCCCC=CCC=CCC=CCC=CCCCC(=O)OC(COC(=O)CCCCCCCC=CCCCCCCCC)COP(=O)(O)OC1C(O)C(O)C(O)C(O)C1O,[M-H]-,PI 18:1_20:4,"PI 18:1(9)_20:4(5,8,11,14)",0.75,0.870679999999993,0.0,0.16206799999999932,Some,Some,-94.24419999999999,12,aldehyde,70400.0,53400.0,64300.0,68500.0
4241,10.372,791.43151,791.306,158.61120729523464,C47H81O13P,CCCCCC=CCC=CCC=CCC=CCCCC(=O)OC(COC(=O)CCCCCCCC=CCCCCCCCC)COP(=O)(O)OC1C(O)C(O)C(O)C(O)C1O,[M-H]-,PI 18:1_20:4,"PI 18:1(9)_20:4(5,8,11,14)",0.6920000000000002,0.8749699999999621,0.0,0.15669699999999626,Some,Some,-92.2282,12,criegee,3170.0,0.0,0.0,0.0
4292,10.542,815.43461,815.3716000000001,77.27764862053439,C47H81O13P,CCCCCC=CCC=CCC=CCC=CCCCC(=O)OC(COC(=O)CCCCCCCC=CCCCCCCCC)COP(=O)(O)OC1C(O)C(O)C(O)C(O)C1O,[M-H]-,PI 18:1_20:4,"PI 18:1(9)_20:4(5,8,11,14)",0.968,0.9374699999999621,0.0,0.1905469999999962,Some,Some,-68.1626,15,aldehyde,7020.0,17800.0,19300.0,16200.0
4382,10.83,776.40784,777.3226000000001,1176.808702075708,C47H81O13P,CCC=CCC=CCC=CCC=CCCCCCCC(=O)OC(COC(=O)CCCCCCCC=CCCCCCCCC)COP(=O)(O)OC1C(O)C(O)C(O)C(O)C1O,[M-H]-,PI 18:1_20:4,"PI 18:1(9)_20:4(8,11,14,17)",0.39199999999999946,0.0847599999999602,0.0,0.04767599999999597,Some,Some,-106.21159999999999,3,criegee,0.0,3460.0,0.0,2000.0
4247,10.401,789.4198,789.2900000000001,164.45159573785548,C47H81O13P,CCC=CCC=CCC=CCC=CCCCCCCC(=O)OC(COC(=O)CCCCCCCC=CCCCCCCCC)COP(=O)(O)OC1C(O)C(O)C(O)C(O)C1O,[M-H]-,PI 18:1_20:4,"PI 18:1(9)_20:4(8,11,14,17)",0.75,0.870679999999993,0.0,0.16206799999999932,Some,Some,-94.24419999999999,6,aldehyde,70400.0,53400.0,64300.0,68500.0
4407,10.899,793.41637,793.3220000000001,118.95548087650735,C47H81O13P,CCC=CCC=CCC=CCC=CCCCCCCC(=O)OC(COC(=O)CCCCCCCC=CCCCCCCCC)COP(=O)(O)OC1C(O)C(O)C(O)C(O)C1O,[M-H]-,PI 18:1_20:4,"PI 18:1(9)_20:4(8,11,14,17)",0.25400000000000134,0.9061100000000124,0.0,0.11601100000000138,Some,Some,-90.2122,6,criegee,0.0,944.0,0.0,0.0
4284,10.525,736.37643,737.2576000000001,1195.1996154398557,C47H81O13P,CCC=CCC=CCC=CCC=CCCCCCCC(=O)OC(COC(=O)CCCCCCCC=CCCCCCCCC)COP(=O)(O)OC1C(O)C(O)C(O)C(O)C1O,[M-H]-,PI 18:1_20:4,"PI 18:1(9)_20:4(8,11,14,17)",0.9980000000000011,0.11834999999996398,0.0,0.11163499999999651,Some,Some,-146.27659999999997,9,aldehyde,3050.0,0.0,0.0,0.0
4413,10.913,753.3848,753.2570000000001,169.6632092366606,C47H81O13P,CCC=CCC=CCC=CCC=CCCCCCCC(=O)OC(COC(=O)CCCCCCCC=CCCCCCCCC)COP(=O)(O)OC1C(O)C(O)C(O)C(O)C1O,[M-H]-,PI 18:1_20:4,"PI 18:1(9)_20:4(8,11,14,17)",0.2259999999999991,0.8726799999999457,0.0,0.10986799999999448,Some,Some,-130.27719999999997,9,criegee,0.0,0.0,0.0,2740.0
4305,10.588,833.519,833.57019,61.41054540352457,C48H83O9P,CCCCCCCCC=CCC=CCCCCC(=O)OC(COCCCCCC=CCC=CCC=CCC=CCC=CCCCCC)COP(=O)(O)OCC(O)CO,[M-H]-,PG O-24:5_18:2,"PG O-24:5(6,9,12,15,18)_18:2(6,9)",0.8399999999999999,0.8900700000000142,0.0,0.1730070000000014,Some,Some,0.0,0,substrate,221231.96086424784,238658.59782093792,212230.44311279606,278947.4699640445
4305,10.588,833.519,833.57019,61.41054540352457,C48H83O9P,CCCCCC=CCC=CCCCCCCCC(=O)OC(COCCCCCC=CCC=CCC=CCC=CCC=CCCCCC)COP(=O)(O)OCC(O)CO,[M-H]-,PG O-24:5_18:2,"PG O-24:5(6,9,12,15,18)_18:2(9,12)",0.7907999999999994,0.897734000000014,0.0,0.16885340000000135,Some,Some,0.0,0,substrate,221231.96086424784,240457.5319753671,212230.44311279606,290857.84442690515
4305,10.588,833.519,833.57019,61.41054540352457,C48H83O9P,CCCCCC=CCC=CCCCCCCCC(=O)OC(COCCCCCCCCC=CCC=CCC=CCC=CCC=CCC)COP(=O)(O)OCC(O)CO,[M-H]-,PG O-24:5_18:2,"PG O-24:5(9,12,15,18,21)_18:2(9,12)",0.8147499999999996,0.8181250000000091,0.0,0.1632875000000009,Some,Some,0.0,0,substrate,106152.05870362821,91931.73851255329,99154.33533080593,123883.18863456984
4305,10.588,833.519,833.57019,61.41054540352457,C48H83O9P,CCCCCCCCC=CCC=CCCCCC(=O)OC(COCCCCCCCCC=CCC=CCC=CCC=CCC=CCC)COP(=O)(O)OCC(O)CO,[M-H]-,PG O-24:5_18:2,"PG O-24:5(9,12,15,18,21)_18:2(6,9)",0.8376000000000005,0.7449260000000095,0.0,0.15825260000000102,Some,Some,0.0,0,substrate,327384.01956787606,301952.13169114164,311384.778443602,396311.49697448034
4313,10.599,741.38382,741.34199,56.4247008320741,C48H83O9P,CCCCCCCCC=CCC=CCCCCC(=O)OC(COCCCCCC=CCC=CCC=CCC=CCC=CCCCCC)COP(=O)(O)OCC(O)CO,[M-H]-,PG O-24:5_18:2,"PG O-24:5(6,9,12,15,18)_18:2(6,9)",0.977999999999998,0.9069799999999759,0.0,0.1884979999999974,Some,Some,-92.2282,9,criegee,1.3584474885844748,1.43184421534937,1.6407185628742513,1.1926605504587156
4310,10.595,765.41974,765.40759,15.873895371248727,C48H83O9P,CCCCCCCCC=CCC=CCCCCC(=O)OC(COCCCCCC=CCC=CCC=CCC=CCC=CCCCCC)COP(=O)(O)OCC(O)CO,[M-H]-,PG O-24:5_18:2,"PG O-24:5(6,9,12,15,18)_18:2(6,9)",0.9859999999999971,0.9366599999999607,0.0,0.1922659999999958,Some,Some,-68.1626,12,aldehyde,12.785388127853881,10.103092783505154,13.293413173652693,10.825688073394495
4269,10.421,685.32096,685.27759,63.288221638740154,C48H83O9P,CCCCCCCCC=CCC=CCCCCC(=O)OC(COCCCCCC=CCC=CCC=CCC=CCC=CCCCCC)COP(=O)(O)OCC(O)CO,[M-H]-,PG O-24:5_18:2,"PG O-24:5(6,9,12,15,18)_18:2(6,9)",0.6660000000000004,0.9054399999999987,0.0,0.1571439999999999,Some,Some,-148.29259999999996,12,criegee,0.0,1.0721649484536082,0.0,0.8844036697247707
4298,10.567,723.51254,723.32659,257.0761293317509,C48H83O9P,CCCCCCCCC=CCC=CCCCCC(=O)OC(COCCCCCC=CCC=CCC=CCC=CCC=CCCCCC)COP(=O)(O)OCC(O)CO,[M-H]-,PG O-24:5_18:2,"PG O-24:5(6,9,12,15,18)_18:2(6,9)",0.958000000000002,0.7628600000000461,0.0,0.17208600000000482,Some,Some,-110.24359999999999,18,aldehyde,0.0,0.6139747995418099,0.0,0.0
4244,10.394,725.35299,725.34259,14.33805231263779,C48H83O9P,CCCCCCCCC=CCC=CCCCCC(=O)OC(COCCCCCC=CCC=CCC=CCC=CCC=CCCCCC)COP(=O)(O)OCC(O)CO,[M-H]-,PG O-24:5_18:2,"PG O-24:5(6,9,12,15,18)_18:2(6,9)",0.6120000000000019,0.9384100000000899,0.0,0.1550410000000092,Some,Some,-108.2276,18,criegee,0.0,0.0,0.0,0.4834862385321101
4269,10.421,685.32096,685.27759,63.288221638740154,C48H83O9P,CCCCCC=CCC=CCCCCCCCC(=O)OC(COCCCCCC=CCC=CCC=CCC=CCC=CCCCCC)COP(=O)(O)OCC(O)CO,[M-H]-,PG O-24:5_18:2,"PG O-24:5(6,9,12,15,18)_18:2(9,12)",0.6660000000000004,0.9054399999999987,0.0,0.1571439999999999,Some,Some,-148.29259999999996,12,aldehyde,0.0,1.0721649484536082,0.0,0.8844036697247707
4244,10.394,725.35299,725.34259,14.33805231263779,C48H83O9P,CCCCCC=CCC=CCCCCCCCC(=O)OC(COCCCCCC=CCC=CCC=CCC=CCC=CCCCCC)COP(=O)(O)OCC(O)CO,[M-H]-,PG O-24:5_18:2,"PG O-24:5(6,9,12,15,18)_18:2(9,12)",0.6120000000000019,0.9384100000000899,0.0,0.1550410000000092,Some,Some,-108.2276,15,aldehyde,0.0,0.0,0.0,0.4834862385321101
4313,10.599,741.38382,741.34199,56.4247008320741,C48H83O9P,CCCCCC=CCC=CCCCCCCCC(=O)OC(COCCCCCC=CCC=CCC=CCC=CCC=CCCCCC)COP(=O)(O)OCC(O)CO,[M-H]-,PG O-24:5_18:2,"PG O-24:5(6,9,12,15,18)_18:2(9,12)",0.977999999999998,0.9069799999999759,0.0,0.1884979999999974,Some,Some,-92.2282,15,criegee,1.3584474885844748,1.43184421534937,1.6407185628742513,1.1926605504587156
4310,10.595,765.41974,765.40759,15.873895371248727,C48H83O9P,CCCCCC=CCC=CCCCCCCCC(=O)OC(COCCCCCC=CCC=CCC=CCC=CCC=CCCCCC)COP(=O)(O)OCC(O)CO,[M-H]-,PG O-24:5_18:2,"PG O-24:5(6,9,12,15,18)_18:2(9,12)",0.9859999999999971,0.9366599999999607,0.0,0.1922659999999958,Some,Some,-68.1626,18,aldehyde,12.785388127853881,10.103092783505154,13.293413173652693,10.825688073394495
4351,10.732,781.55462,781.4069900000001,188.92843535983152,C48H83O9P,CCCCCC=CCC=CCCCCCCCC(=O)OC(COCCCCCC=CCC=CCC=CCC=CCC=CCCCCC)COP(=O)(O)OCC(O)CO,[M-H]-,PG O-24:5_18:2,"PG O-24:5(6,9,12,15,18)_18:2(9,12)",0.7119999999999997,0.8011800000000449,0.0,0.15131800000000445,Some,Some,-52.163199999999996,18,criegee,0.0,0.713631156930126,0.0,0.571559633027523
4304,10.588,766.42311,767.42359,1303.6867944078167,C48H83O9P,CCCCCCCCC=CCC=CCCCCC(=O)OC(COCCCCCCCCC=CCC=CCC=CCC=CCC=CCC)COP(=O)(O)OCC(O)CO,[M-H]-,PG O-24:5_18:2,"PG O-24:5(9,12,15,18,21)_18:2(6,9)",1.0,0.05070999999998094,0.0,0.1050709999999981,Some,Some,-66.1466,9,aldehyde,4.360730593607306,3.402061855670103,4.1437125748503,3.6055045871559632
4338,10.711,783.39375,783.42299,37.32338771430813,C48H83O9P,CCCCCCCCC=CCC=CCCCCC(=O)OC(COCCCCCCCCC=CCC=CCC=CCC=CCC=CCC)COP(=O)(O)OCC(O)CO,[M-H]-,PG O-24:5_18:2,"PG O-24:5(9,12,15,18,21)_18:2(6,9)",0.7539999999999978,0.9780500000000529,0.0,0.1732050000000051,Some,Some,-50.147200000000005,9,criegee,0.7819634703196348,0.0,0.0,0.9541284403669725
4298,10.567,723.51254,723.32659,257.0761293317509,C48H83O9P,CCCCCCCCC=CCC=CCCCCC(=O)OC(COCCCCCCCCC=CCC=CCC=CCC=CCC=CCC)COP(=O)(O)OCC(O)CO,[M-H]-,PG O-24:5_18:2,"PG O-24:5(9,12,15,18,21)_18:2(6,9)",0.958000000000002,0.7628600000000461,0.0,0.17208600000000482,Some,Some,-110.24359999999999,12,aldehyde,0.0,0.6139747995418099,0.0,0.0
4248,10.402,823.42576,823.4879900000001,75.56880094889209,C48H83O9P,CCCCCCCCC=CCC=CCCCCC(=O)OC(COCCCCCCCCC=CCC=CCC=CCC=CCC=CCC)COP(=O)(O)OCC(O)CO,[M-H]-,PG O-24:5_18:2,"PG O-24:5(9,12,15,18,21)_18:2(6,9)",0.6280000000000001,0.9889599999999064,0.0,0.16169599999999065,Some,Some,-10.082199999999995,12,criegee,1.643835616438356,1.0767468499427262,1.7365269461077846,1.385321100917431
4282,10.512,743.36275,743.35799,6.403375041456083,C48H83O9P,CCCCCCCCC=CCC=CCCCCC(=O)OC(COCCCCCCCCC=CCC=CCC=CCC=CCC=CCC)COP(=O)(O)OCC(O)CO,[M-H]-,PG O-24:5_18:2,"PG O-24:5(9,12,15,18,21)_18:2(6,9)",0.8480000000000025,0.9440500000000611,0.0,0.1792050000000064,Some,Some,-90.2122,15,criegee,0.0,0.0,1.097005988023952,0.0
4351,10.732,781.55462,781.4069900000001,188.92843535983152,C48H83O9P,CCCCCC=CCC=CCCCCCCCC(=O)OC(COCCCCCCCCC=CCC=CCC=CCC=CCC=CCC)COP(=O)(O)OCC(O)CO,[M-H]-,PG O-24:5_18:2,"PG O-24:5(9,12,15,18,21)_18:2(9,12)",0.7119999999999997,0.8011800000000449,0.0,0.15131800000000445,Some,Some,-52.163199999999996,6,aldehyde,0.0,0.713631156930126,0.0,0.571559633027523
4338,10.711,783.39375,783.42299,37.32338771430813,C48H83O9P,CCCCCC=CCC=CCCCCCCCC(=O)OC(COCCCCCCCCC=CCC=CCC=CCC=CCC=CCC)COP(=O)(O)OCC(O)CO,[M-H]-,PG O-24:5_18:2,"PG O-24:5(9,12,15,18,21)_18:2(9,12)",0.7539999999999978,0.9780500000000529,0.0,0.1732050000000051,Some,Some,-50.147200000000005,6,criegee,0.7819634703196348,0.0,0.0,0.9541284403669725
4244,10.394,725.35299,725.34259,14.33805231263779,C48H83O9P,CCCCCC=CCC=CCCCCCCCC(=O)OC(COCCCCCCCCC=CCC=CCC=CCC=CCC=CCC)COP(=O)(O)OCC(O)CO,[M-H]-,PG O-24:5_18:2,"PG O-24:5(9,12,15,18,21)_18:2(9,12)",0.6120000000000019,0.9384100000000899,0.0,0.1550410000000092,Some,Some,-108.2276,9,aldehyde,0.0,0.0,0.0,0.4834862385321101
4248,10.402,823.42576,823.4879900000001,75.56880094889209,C48H83O9P,CCCCCC=CCC=CCCCCCCCC(=O)OC(COCCCCCCCCC=CCC=CCC=CCC=CCC=CCC)COP(=O)(O)OCC(O)CO,[M-H]-,PG O-24:5_18:2,"PG O-24:5(9,12,15,18,21)_18:2(9,12)",0.6280000000000001,0.9889599999999064,0.0,0.16169599999999065,Some,Some,-10.082199999999995,9,criegee,1.643835616438356,1.0767468499427262,1.7365269461077846,1.385321100917431
4313,10.599,741.38382,741.34199,56.4247008320741,C48H83O9P,CCCCCC=CCC=CCCCCCCCC(=O)OC(COCCCCCCCCC=CCC=CCC=CCC=CCC=CCC)COP(=O)(O)OCC(O)CO,[M-H]-,PG O-24:5_18:2,"PG O-24:5(9,12,15,18,21)_18:2(9,12)",0.977999999999998,0.9069799999999759,0.0,0.1884979999999974,Some,Some,-92.2282,12,aldehyde,1.3584474885844748,1.43184421534937,1.6407185628742513,1.1926605504587156
4282,10.512,743.36275,743.35799,6.403375041456083,C48H83O9P,CCCCCC=CCC=CCCCCCCCC(=O)OC(COCCCCCCCCC=CCC=CCC=CCC=CCC=CCC)COP(=O)(O)OCC(O)CO,[M-H]-,PG O-24:5_18:2,"PG O-24:5(9,12,15,18,21)_18:2(9,12)",0.8480000000000025,0.9440500000000611,0.0,0.1792050000000064,Some,Some,-90.2122,12,criegee,0.0,0.0,1.097005988023952,0.0
4310,10.595,765.41974,765.40759,15.873895371248727,C48H83O9P,CCCCCC=CCC=CCCCCCCCC(=O)OC(COCCCCCCCCC=CCC=CCC=CCC=CCC=CCC)COP(=O)(O)OCC(O)CO,[M-H]-,PG O-24:5_18:2,"PG O-24:5(9,12,15,18,21)_18:2(9,12)",0.9859999999999971,0.9366599999999607,0.0,0.1922659999999958,Some,Some,-68.1626,15,aldehyde,12.785388127853881,10.103092783505154,13.293413173652693,10.825688073394495
4304,10.588,766.42311,767.42359,1303.6867944078167,C48H83O9P,CCCCCC=CCC=CCCCCCCCC(=O)OC(COCCCCCCCCC=CCC=CCC=CCC=CCC=CCC)COP(=O)(O)OCC(O)CO,[M-H]-,PG O-24:5_18:2,"PG O-24:5(9,12,15,18,21)_18:2(9,12)",1.0,0.05070999999998094,0.0,0.1050709999999981,Some,Some,-66.1466,15,criegee,4.360730593607306,3.402061855670103,4.1437125748503,3.6055045871559632
4348,10.729,859.53427,859.5342,0.08143945864743232,C45H81O13P,CCCCCCCCC=CCC=CCCCCC(=O)OC(COC(=O)CCCCCCCC=CCCCCCCCC)COP(=O)(O)OC1C(O)C(O)C(O)C(O)C1O,[M-H]-,PI 18:1_18:2,"PI 18:1(9)_18:2(6,9)",0.5420000000000016,0.8694249999999784,0.046515241860309225,0.1783546934882454,Some,Some,0.0,0,substrate,46974.35897435897,48011.68458399686,56460.22086995718,73280.84059765421
4348,10.729,859.53427,859.5342,0.08143945864743232,C45H81O13P,CCCCCCCCC=CCC=CCCCCC(=O)OC(COC(=O)CCCCC=CCCCCCCCCCCC)COP(=O)(O)OC1C(O)C(O)C(O)C(O)C1O,[M-H]-,PI 18:1_18:2,"PI 18:1(6)_18:2(6,9)",0.6370000000000013,0.7357550000000117,0.04894107083570835,0.17642835666856801,Some,Some,0.0,0,substrate,21273.96449704142,23730.717290183304,23110.66035609646,48208.54317600014
4348,10.729,859.53427,859.5342,0.08143945864743232,C45H81O13P,CCCCCCCCC=CCC=CCCCCC(=O)OC(COC(=O)CCCCCCCCCC=CCCCCCC)COP(=O)(O)OC1C(O)C(O)C(O)C(O)C1O,[M-H]-,PI 18:1_18:2,"PI 18:1(11)_18:2(6,9)",0.5510000000000007,0.8942299999999932,0.03101016124020615,0.16933112899216432,All,Some,0.0,0,substrate,33807.98816568047,37029.2163003335,26940.274960558938,22395.234828584336
4348,10.729,859.53427,859.5342,0.08143945864743232,C45H81O13P,CCCCCC=CCC=CCCCCCCCC(=O)OC(COC(=O)CCCCC=CCCCCCCCCCCC)COP(=O)(O)OC1C(O)C(O)C(O)C(O)C1O,[M-H]-,PI 18:1_18:2,"PI 18:1(6)_18:2(9,12)",0.8935000000000004,0.5641524999999774,0.025683449905553744,0.16631200992444078,Some,Some,0.0,0,substrate,33401.47928994083,38896.98301524224,23110.66035609646,22594.408285508725
4348,10.729,859.53427,859.5342,0.08143945864743232,C45H81O13P,CCCCCC=CCC=CCCCCCCCC(=O)OC(COC(=O)CCCCCCCCCC=CCCCCCC)COP(=O)(O)OC1C(O)C(O)C(O)C(O)C1O,[M-H]-,PI 18:1_18:2,"PI 18:1(11)_18:2(9,12)",0.7199999999999995,0.761727999999971,0.01860609674412369,0.16305767739529603,Some,Some,0.0,0,substrate,46974.35897435897,47731.81604766768,53747.57719179626,44096.575033044996
4348,10.729,859.53427,859.5342,0.08143945864743232,C45H81O13P,CCCCCC=CCC=CCCCCCCCC(=O)OC(COC(=O)CCCCCCCC=CCCCCCCCC)COP(=O)(O)OC1C(O)C(O)C(O)C(O)C1O,[M-H]-,PI 18:1_18:2,"PI 18:1(9)_18:2(9,12)",0.8590000000000009,0.7066224999999804,0.0,0.15656224999999813,Some,Some,0.0,0,substrate,46567.850098619325,49599.582762576414,52630.6062654947,45424.39807920759
4250,10.405,709.35715,709.2256000000001,185.48399832147544,C45H81O13P,CCCCCCCCC=CCC=CCCCCC(=O)OC(COC(=O)CCCCCCCCCC=CCCCCCC)COP(=O)(O)OC1C(O)C(O)C(O)C(O)C1O,[M-H]-,PI 18:1_18:2,"PI 18:1(11)_18:2(6,9)",0.3520000000000003,0.8685199999999895,0.09303048372061845,0.19647638697649378,All,Some,-150.30859999999996,7,aldehyde,96000.0,72800.0,91100.0,87900.0
4244,10.394,725.35299,725.2250000000001,176.48316039827722,C45H81O13P,CCCCCCCCC=CCC=CCCCCC(=O)OC(COC(=O)CCCCCCCCCC=CCCCCCC)COP(=O)(O)OC1C(O)C(O)C(O)C(O)C1O,[M-H]-,PI 18:1_18:2,"PI 18:1(11)_18:2(6,9)",0.33000000000000185,0.8720800000000963,0.0,0.12020800000000983,All,Some,-134.30919999999995,7,criegee,0.0,0.0,0.0,5270.0
4347,10.727,749.3887,749.2906,130.9238364927189,C45H81O13P,CCCCCCCCC=CCC=CCCCCC(=O)OC(COC(=O)CCCCCCCCCC=CCCCCCC)COP(=O)(O)OC1C(O)C(O)C(O)C(O)C1O,[M-H]-,PI 18:1_18:2,"PI 18:1(11)_18:2(6,9)",0.9960000000000022,0.9019700000000057,0.0,0.18979700000000083,All,Some,-110.24359999999999,9,aldehyde,0.0,0.0,10200.0,0.0
4310,10.595,765.41974,765.2900000000001,169.53050477592774,C45H81O13P,CCCCCCCCC=CCC=CCCCCC(=O)OC(COC(=O)CCCCCCCCCC=CCCCCCC)COP(=O)(O)OC1C(O)C(O)C(O)C(O)C1O,[M-H]-,PI 18:1_18:2,"PI 18:1(11)_18:2(6,9)",0.7320000000000029,0.8703299999999672,0.0,0.16023299999999702,All,Some,-94.24419999999999,9,criegee,112000.0,88200.0,111000.0,118000.0
4464,11.111,777.41989,777.3446,96.85537147874368,C45H81O13P,CCCCCCCCC=CCC=CCCCCC(=O)OC(COC(=O)CCCCCCCCCC=CCCCCCC)COP(=O)(O)OC1C(O)C(O)C(O)C(O)C1O,[M-H]-,PI 18:1_18:2,"PI 18:1(11)_18:2(6,9)",0.2359999999999971,0.9247799999999415,0.09303048372061845,0.19050238697648864,All,Some,-82.1896,12,aldehyde,0.0,0.0,0.0,131000.0
4407,10.899,793.41637,793.344,91.22146256854285,C45H81O13P,CCCCCCCCC=CCC=CCCCCC(=O)OC(COC(=O)CCCCCCCCCC=CCCCCCC)COP(=O)(O)OC1C(O)C(O)C(O)C(O)C1O,[M-H]-,PI 18:1_18:2,"PI 18:1(11)_18:2(6,9)",0.6600000000000001,0.9276999999999589,0.0,0.15876999999999591,All,Some,-66.1902,12,criegee,0.0,944.0,0.0,0.0
4464,11.111,777.41989,777.3446,96.85537147874368,C45H81O13P,CCCCCC=CCC=CCCCCCCCC(=O)OC(COC(=O)CCCCCCCCCC=CCCCCCC)COP(=O)(O)OC1C(O)C(O)C(O)C(O)C1O,[M-H]-,PI 18:1_18:2,"PI 18:1(11)_18:2(9,12)",0.2359999999999971,0.9247799999999415,0.09303048372061845,0.19050238697648864,Some,Some,-82.1896,6,aldehyde,0.0,0.0,0.0,131000.0
4346,10.725,791.43549,791.3716000000001,80.73324845104523,C45H81O13P,CCCCCC=CCC=CCCCCCCCC(=O)OC(COC(=O)CCCCCCCCCC=CCCCCCC)COP(=O)(O)OC1C(O)C(O)C(O)C(O)C1O,[M-H]-,PI 18:1_18:2,"PI 18:1(11)_18:2(9,12)",0.9920000000000009,0.9361800000000358,0.0,0.19281800000000368,Some,Some,-68.1626,6,criegee,27900.0,26100.0,28200.0,28500.0
4353,10.732,751.40373,751.3066000000001,129.28144115848195,C45H81O13P,CCCCCC=CCC=CCCCCCCCC(=O)OC(COC(=O)CCCCCCCCCC=CCCCCCC)COP(=O)(O)OC1C(O)C(O)C(O)C(O)C1O,[M-H]-,PI 18:1_18:2,"PI 18:1(11)_18:2(9,12)",0.9939999999999998,0.9029399999999441,0.0,0.18969399999999442,Some,Some,-108.2276,7,aldehyde,28100.0,23300.0,24100.0,26300.0
4304,10.588,766.42311,767.306,1150.6361217038423,C45H81O13P,CCCCCC=CCC=CCCCCCCCC(=O)OC(COC(=O)CCCCCCCCCC=CCCCCCC)COP(=O)(O)OC1C(O)C(O)C(O)C(O)C1O,[M-H]-,PI 18:1_18:2,"PI 18:1(11)_18:2(9,12)",0.718,0.1170399999999745,0.0,0.08350399999999746,Some,Some,-92.2282,7,criegee,38200.0,29700.0,34600.0,39300.0
4407,10.899,793.41637,793.344,91.22146256854285,C45H81O13P,CCCCCC=CCC=CCCCCCCCC(=O)OC(COC(=O)CCCCCCCCCC=CCCCCCC)COP(=O)(O)OC1C(O)C(O)C(O)C(O)C1O,[M-H]-,PI 18:1_18:2,"PI 18:1(11)_18:2(9,12)",0.6600000000000001,0.9276999999999589,0.0,0.15876999999999591,Some,Some,-66.1902,9,aldehyde,0.0,944.0,0.0,0.0
4328,10.664,722.50952,723.2090000000001,967.1892910626219,C45H81O13P,CCCCCCCCC=CCC=CCCCCC(=O)OC(COC(=O)CCCCC=CCCCCCCCCCCC)COP(=O)(O)OC1C(O)C(O)C(O)C(O)C1O,[M-H]-,PI 18:1_18:2,"PI 18:1(6)_18:2(6,9)",0.870000000000001,0.30044999999995525,0.10273379962221497,0.1992320396977676,Some,Some,-136.32519999999997,9,aldehyde,53700.0,52100.0,0.0,11400.0
4244,10.394,725.35299,725.2250000000001,176.48316039827722,C45H81O13P,CCCCCCCCC=CCC=CCCCCC(=O)OC(COC(=O)CCCCC=CCCCCCCCCCCC)COP(=O)(O)OC1C(O)C(O)C(O)C(O)C1O,[M-H]-,PI 18:1_18:2,"PI 18:1(6)_18:2(6,9)",0.33000000000000185,0.8720800000000963,0.0,0.12020800000000983,Some,Some,-134.30919999999995,9,criegee,0.0,0.0,0.0,5270.0
4347,10.727,749.3887,749.2906,130.9238364927189,C45H81O13P,CCCCCCCCC=CCC=CCCCCC(=O)OC(COC(=O)CCCCC=CCCCCCCCCCCC)COP(=O)(O)OC1C(O)C(O)C(O)C(O)C1O,[M-H]-,PI 18:1_18:2,"PI 18:1(6)_18:2(6,9)",0.9960000000000022,0.9019700000000057,0.0,0.18979700000000083,Some,Some,-110.24359999999999,12,aldehyde,0.0,0.0,10200.0,0.0
4250,10.405,709.35715,709.2256000000001,185.48399832147544,C45H81O13P,CCCCCCCCC=CCC=CCCCCC(=O)OC(COC(=O)CCCCC=CCCCCCCCCCCC)COP(=O)(O)OC1C(O)C(O)C(O)C(O)C1O,[M-H]-,PI 18:1_18:2,"PI 18:1(6)_18:2(6,9)",0.3520000000000003,0.8685199999999895,0.09303048372061845,0.19647638697649378,Some,Some,-150.30859999999996,12,criegee,96000.0,72800.0,91100.0,87900.0
4353,10.732,751.40373,751.3066000000001,129.28144115848195,C45H81O13P,CCCCCC=CCC=CCCCCCCCC(=O)OC(COC(=O)CCCCC=CCCCCCCCCCCC)COP(=O)(O)OC1C(O)C(O)C(O)C(O)C1O,[M-H]-,PI 18:1_18:2,"PI 18:1(6)_18:2(9,12)",0.9939999999999998,0.9029399999999441,0.0,0.18969399999999442,Some,Some,-108.2276,6,aldehyde,28100.0,23300.0,24100.0,26300.0
4304,10.588,766.42311,767.306,1150.6361217038423,C45H81O13P,CCCCCC=CCC=CCCCCCCCC(=O)OC(COC(=O)CCCCC=CCCCCCCCCCCC)COP(=O)(O)OC1C(O)C(O)C(O)C(O)C1O,[M-H]-,PI 18:1_18:2,"PI 18:1(6)_18:2(9,12)",0.718,0.1170399999999745,0.0,0.08350399999999746,Some,Some,-92.2282,6,criegee,38200.0,29700.0,34600.0,39300.0
4346,10.725,791.43549,791.3716000000001,80.73324845104523,C45H81O13P,CCCCCC=CCC=CCCCCCCCC(=O)OC(COC(=O)CCCCC=CCCCCCCCCCCC)COP(=O)(O)OC1C(O)C(O)C(O)C(O)C1O,[M-H]-,PI 18:1_18:2,"PI 18:1(6)_18:2(9,12)",0.9920000000000009,0.9361800000000358,0.0,0.19281800000000368,Some,Some,-68.1626,9,aldehyde,27900.0,26100.0,28200.0,28500.0
4328,10.664,722.50952,723.2090000000001,967.1892910626219,C45H81O13P,CCCCCC=CCC=CCCCCCCCC(=O)OC(COC(=O)CCCCC=CCCCCCCCCCCC)COP(=O)(O)OC1C(O)C(O)C(O)C(O)C1O,[M-H]-,PI 18:1_18:2,"PI 18:1(6)_18:2(9,12)",0.870000000000001,0.30044999999995525,0.10273379962221497,0.1992320396977676,Some,Some,-136.32519999999997,12,criegee,53700.0,52100.0,0.0,11400.0
4250,10.405,709.35715,709.2256000000001,185.48399832147544,C45H81O13P,CCCCCCCCC=CCC=CCCCCC(=O)OC(COC(=O)CCCCCCCC=CCCCCCCCC)COP(=O)(O)OC1C(O)C(O)C(O)C(O)C1O,[M-H]-,PI 18:1_18:2,"PI 18:1(9)_18:2(6,9)",0.3520000000000003,0.8685199999999895,0.09303048372061845,0.19647638697649378,Some,Some,-150.30859999999996,9,aldehyde,96000.0,72800.0,91100.0,87900.0
4310,10.595,765.41974,765.2900000000001,169.53050477592774,C45H81O13P,CCCCCCCCC=CCC=CCCCCC(=O)OC(COC(=O)CCCCCCCC=CCCCCCCCC)COP(=O)(O)OC1C(O)C(O)C(O)C(O)C1O,[M-H]-,PI 18:1_18:2,"PI 18:1(9)_18:2(6,9)",0.7320000000000029,0.8703299999999672,0.0,0.16023299999999702,Some,Some,-94.24419999999999,9,criegee,112000.0,88200.0,111000.0,118000.0
4310,10.595,765.41974,765.2900000000001,169.53050477592774,C45H81O13P,CCCCCC=CCC=CCCCCCCCC(=O)OC(COC(=O)CCCCCCCC=CCCCCCCCC)COP(=O)(O)OC1C(O)C(O)C(O)C(O)C1O,[M-H]-,PI 18:1_18:2,"PI 18:1(9)_18:2(9,12)",0.7320000000000029,0.8703299999999672,0.0,0.16023299999999702,Some,Some,-94.24419999999999,6,aldehyde,112000.0,88200.0,111000.0,118000.0
4304,10.588,766.42311,767.306,1150.6361217038423,C45H81O13P,CCCCCC=CCC=CCCCCCCCC(=O)OC(COC(=O)CCCCCCCC=CCCCCCCCC)COP(=O)(O)OC1C(O)C(O)C(O)C(O)C1O,[M-H]-,PI 18:1_18:2,"PI 18:1(9)_18:2(9,12)",0.718,0.1170399999999745,0.0,0.08350399999999746,Some,Some,-92.2282,6,criegee,38200.0,29700.0,34600.0,39300.0
4346,10.725,791.43549,791.3716000000001,80.73324845104523,C45H81O13P,CCCCCC=CCC=CCCCCCCCC(=O)OC(COC(=O)CCCCCCCC=CCCCCCCCC)COP(=O)(O)OC1C(O)C(O)C(O)C(O)C1O,[M-H]-,PI 18:1_18:2,"PI 18:1(9)_18:2(9,12)",0.9920000000000009,0.9361800000000358,0.0,0.19281800000000368,Some,Some,-68.1626,9,aldehyde,27900.0,26100.0,28200.0,28500.0
4353,10.732,751.40373,751.3066000000001,129.28144115848195,C45H81O13P,CCCCCC=CCC=CCCCCCCCC(=O)OC(COC(=O)CCCCCCCC=CCCCCCCCC)COP(=O)(O)OC1C(O)C(O)C(O)C(O)C1O,[M-H]-,PI 18:1_18:2,"PI 18:1(9)_18:2(9,12)",0.9939999999999998,0.9029399999999441,0.0,0.18969399999999442,Some,Some,-108.2276,9,criegee,28100.0,23300.0,24100.0,26300.0
4389,10.838,883.53466,883.5342,0.520636326217457,C47H81O13P,CCCCCC=CCC=CCC=CCC=CCCCC(=O)OC(COC(=O)CCCCCCCC=CCCCCCCCC)COP(=O)(O)OC1C(O)C(O)C(O)C(O)C1O,[M-H]-,PI 18:1_20:4,"PI 18:1(9)_20:4(5,8,11,14)",0.83257142857143,0.8747300000000807,0.008245520082515199,0.17732655892316324,Some,Some,0.0,0,substrate,59926.74381569168,61102.62917366639,68586.68705439543,33369.319854745314
4389,10.838,883.53466,883.5342,0.520636326217457,C47H81O13P,CCC=CCC=CCC=CCC=CCCCCCCC(=O)OC(COC(=O)CCCCCCCC=CCCCCCCCC)COP(=O)(O)OC1C(O)C(O)C(O)C(O)C1O,[M-H]-,PI 18:1_20:4,"PI 18:1(9)_20:4(8,11,14,17)",0.47799999999999915,0.9001050000000342,0.03934704262348627,0.16928813409879237,Some,Some,0.0,0,substrate,3066.6737445588706,3644.9415597346824,80864.74430892839,55369.51614486211
4389,10.838,883.53466,883.5342,0.520636326217457,C47H81O13P,CCCCCC=CCC=CCC=CCC=CCCCC(=O)OC(COC(=O)CCCCCCCCCC=CCCCCCC)COP(=O)(O)OC1C(O)C(O)C(O)C(O)C1O,[M-H]-,PI 18:1_20:4,"PI 18:1(11)_20:4(5,8,11,14)",0.8168888888888897,0.8726866666667471,0.0,0.1689575555555637,Some,Some,0.0,0,substrate,51486.357362777366,64716.4536537293,23156.735188737286,33369.319854745314
4389,10.838,883.53466,883.5342,0.520636326217457,C47H81O13P,CCCCCC=CCC=CCC=CCC=CCCCC(=O)OC(COC(=O)CCCCC=CCCCCCCCCCCC)COP(=O)(O)OC1C(O)C(O)C(O)C(O)C1O,[M-H]-,PI 18:1_20:4,"PI 18:1(6)_20:4(5,8,11,14)",0.8023333333333339,0.8512783333334065,0.0,0.16536116666667405,Some,None,0.0,0,substrate,0.0,7258.766039797591,39339.37425355579,55369.51614486211
4389,10.838,883.53466,883.5342,0.520636326217457,C47H81O13P,CCC=CCC=CCC=CCC=CCCCCCCC(=O)OC(COC(=O)CCCCC=CCCCCCCCCCCC)COP(=O)(O)OC1C(O)C(O)C(O)C(O)C1O,[M-H]-,PI 18:1_20:4,"PI 18:1(6)_20:4(8,11,14,17)",0.4736666666666653,0.8701600000000363,0.029727269193885204,0.15816448202177835,Some,Some,0.0,0,substrate,101003.29121987472,98867.44859350187,45387.200969925085,60261.065855334185
4389,10.838,883.53466,883.5342,0.520636326217457,C47H81O13P,CCC=CCC=CCC=CCC=CCCCCCCC(=O)OC(COC(=O)CCCCCCCCCC=CCCCCCC)COP(=O)(O)OC1C(O)C(O)C(O)C(O)C1O,[M-H]-,PI 18:1_20:4,"PI 18:1(11)_20:4(8,11,14,17)",0.5754999999999995,0.8058325000000082,0.022295451895413904,0.1559696115163319,Some,Some,0.0,0,substrate,49516.933857097356,41409.760979570165,57665.25822445803,82261.26214545096
4386,10.835,735.37304,735.2416000000001,178.771168551785,C47H81O13P,CCCCCC=CCC=CCC=CCC=CCCCC(=O)OC(COC(=O)CCCCCCCCCC=CCCCCCC)COP(=O)(O)OC1C(O)C(O)C(O)C(O)C1O,[M-H]-,PI 18:1_20:4,"PI 18:1(11)_20:4(5,8,11,14)",0.9940000000000033,0.8690200000000914,0.0,0.18630200000000946,Some,Some,-148.29259999999996,6,aldehyde,19900.0,20100.0,16000.0,23200.0
4391,10.848,751.40401,751.2410000000001,216.98762447719434,C47H81O13P,CCCCCC=CCC=CCC=CCC=CCCCC(=O)OC(COC(=O)CCCCCCCCCC=CCCCCCC)COP(=O)(O)OC1C(O)C(O)C(O)C(O)C1O,[M-H]-,PI 18:1_20:4,"PI 18:1(11)_20:4(5,8,11,14)",0.9799999999999969,0.8374500000001035,0.0,0.18174500000001004,Some,Some,-132.29319999999996,6,criegee,0.0,0.0,5950.0,0.0
4385,10.832,695.34129,695.1766000000001,236.90383134276496,C47H81O13P,CCCCCC=CCC=CCC=CCC=CCCCC(=O)OC(COC(=O)CCCCCCCCCC=CCCCCCC)COP(=O)(O)OC1C(O)C(O)C(O)C(O)C1O,[M-H]-,PI 18:1_20:4,"PI 18:1(11)_20:4(5,8,11,14)",0.9880000000000031,0.8357700000001387,0.0,0.1823770000000142,Some,Some,-188.35759999999993,7,aldehyde,0.0,0.0,13700.0,0.0
4423,10.982,711.37276,711.1760000000002,276.6685039987469,C47H81O13P,CCCCCC=CCC=CCC=CCC=CCCCC(=O)OC(COC(=O)CCCCCCCCCC=CCCCCCC)COP(=O)(O)OC1C(O)C(O)C(O)C(O)C1O,[M-H]-,PI 18:1_20:4,"PI 18:1(11)_20:4(5,8,11,14)",0.7119999999999997,0.8037000000001626,0.0,0.15157000000001625,Some,Some,-172.35819999999993,7,criegee,12000.0,0.0,0.0,0.0
4388,10.836,775.40416,775.3066000000001,125.83408937822838,C47H81O13P,CCCCCC=CCC=CCC=CCC=CCCCC(=O)OC(COC(=O)CCCCCCCCCC=CCCCCCC)COP(=O)(O)OC1C(O)C(O)C(O)C(O)C1O,[M-H]-,PI 18:1_20:4,"PI 18:1(11)_20:4(5,8,11,14)",0.9960000000000022,0.9029000000000451,0.0,0.18989000000000475,Some,Some,-108.2276,9,aldehyde,0.0,18100.0,17900.0,14600.0
4346,10.725,791.43549,791.306,163.64086712336166,C47H81O13P,CCCCCC=CCC=CCC=CCC=CCCCC(=O)OC(COC(=O)CCCCCCCCCC=CCCCCCC)COP(=O)(O)OC1C(O)C(O)C(O)C(O)C1O,[M-H]-,PI 18:1_20:4,"PI 18:1(11)_20:4(5,8,11,14)",0.7740000000000009,0.8709700000000566,0.0,0.16449700000000578,Some,Some,-92.2282,9,criegee,27900.0,26100.0,28200.0,28500.0
4318,10.62,801.44025,801.3446,119.3618825159336,C47H81O13P,CCCCCC=CCC=CCC=CCC=CCCCC(=O)OC(COC(=O)CCCCCCCCCC=CCCCCCC)COP(=O)(O)OC1C(O)C(O)C(O)C(O)C1O,[M-H]-,PI 18:1_20:4,"PI 18:1(11)_20:4(5,8,11,14)",0.5640000000000001,0.9048099999999977,0.0,0.14688099999999976,Some,Some,-82.1896,12,aldehyde,0.0,0.0,12700.0,0.0
4379,10.823,815.43572,815.3716000000001,78.63899110526897,C47H81O13P,CCCCCC=CCC=CCC=CCC=CCCCC(=O)OC(COC(=O)CCCCCCCCCC=CCCCCCC)COP(=O)(O)OC1C(O)C(O)C(O)C(O)C1O,[M-H]-,PI 18:1_20:4,"PI 18:1(11)_20:4(5,8,11,14)",0.9700000000000024,0.9363400000000865,0.0,0.1906340000000089,Some,Some,-68.1626,12,criegee,25400.0,22100.0,13200.0,18700.0
4472,11.151,817.45124,817.344,131.20546550770956,C47H81O13P,CCCCCC=CCC=CCC=CCC=CCCCC(=O)OC(COC(=O)CCCCCCCCCC=CCCCCCC)COP(=O)(O)OC1C(O)C(O)C(O)C(O)C1O,[M-H]-,PI 18:1_20:4,"PI 18:1(11)_20:4(5,8,11,14)",0.3739999999999988,0.8932200000000421,0.0,0.1267220000000041,Some,Some,-66.1902,15,aldehyde,0.0,0.0,133000.0,0.0
4464,11.111,777.41989,777.3226000000001,125.16039029346365,C47H81O13P,CCC=CCC=CCC=CCC=CCCCCCCC(=O)OC(COC(=O)CCCCCCCCCC=CCCCCCC)COP(=O)(O)OC1C(O)C(O)C(O)C(O)C1O,[M-H]-,PI 18:1_20:4,"PI 18:1(11)_20:4(8,11,14,17)",0.4539999999999971,0.9031700000000455,0.05771864057760638,0.18189191246208938,Some,Some,-106.21159999999999,3,aldehyde,0.0,0.0,0.0,131000.0
4407,10.899,793.41637,793.3220000000001,118.95548087650735,C47H81O13P,CCC=CCC=CCC=CCC=CCCCCCCC(=O)OC(COC(=O)CCCCCCCCCC=CCCCCCC)COP(=O)(O)OC1C(O)C(O)C(O)C(O)C1O,[M-H]-,PI 18:1_20:4,"PI 18:1(11)_20:4(8,11,14,17)",0.8780000000000001,0.9060900000000629,0.0,0.1784090000000063,Some,Some,-90.2122,3,criegee,0.0,944.0,0.0,0.0
4318,10.62,801.44025,801.3446,119.3618825159336,C47H81O13P,CCC=CCC=CCC=CCC=CCCCCCCC(=O)OC(COC(=O)CCCCCCCCCC=CCCCCCC)COP(=O)(O)OC1C(O)C(O)C(O)C(O)C1O,[M-H]-,PI 18:1_20:4,"PI 18:1(11)_20:4(8,11,14,17)",0.5640000000000001,0.9048099999999977,0.0,0.14688099999999976,Some,Some,-82.1896,6,aldehyde,0.0,0.0,12700.0,0.0
4472,11.151,817.45124,817.344,131.20546550770956,C47H81O13P,CCC=CCC=CCC=CCC=CCCCCCCC(=O)OC(COC(=O)CCCCCCCCCC=CCCCCCC)COP(=O)(O)OC1C(O)C(O)C(O)C(O)C1O,[M-H]-,PI 18:1_20:4,"PI 18:1(11)_20:4(8,11,14,17)",0.3739999999999988,0.8932200000000421,0.0,0.1267220000000041,Some,Some,-66.1902,6,criegee,0.0,0.0,133000.0,0.0
4373,10.8,736.37672,737.2576000000001,1194.806265815586,C47H81O13P,CCC=CCC=CCC=CCC=CCCCCCCC(=O)OC(COC(=O)CCCCCCCCCC=CCCCCCC)COP(=O)(O)OC1C(O)C(O)C(O)C(O)C1O,[M-H]-,PI 18:1_20:4,"PI 18:1(11)_20:4(8,11,14,17)",0.924000000000003,0.11865999999986343,0.0,0.10426599999998666,Some,Some,-146.27659999999997,7,aldehyde,4360.0,0.0,0.0,0.0
4413,10.913,753.3848,753.2570000000001,169.6632092366606,C47H81O13P,CCC=CCC=CCC=CCC=CCCCCCCC(=O)OC(COC(=O)CCCCCCCCCC=CCCCCCC)COP(=O)(O)OC1C(O)C(O)C(O)C(O)C1O,[M-H]-,PI 18:1_20:4,"PI 18:1(11)_20:4(8,11,14,17)",0.8499999999999979,0.8726599999999962,0.0,0.17226599999999942,Some,Some,-130.27719999999997,7,criegee,0.0,0.0,0.0,2740.0
4472,11.151,817.45124,817.3876,77.85779965338835,C47H81O13P,CCC=CCC=CCC=CCC=CCCCCCCC(=O)OC(COC(=O)CCCCCCCCCC=CCCCCCC)COP(=O)(O)OC1C(O)C(O)C(O)C(O)C1O,[M-H]-,PI 18:1_20:4,"PI 18:1(11)_20:4(8,11,14,17)",0.3739999999999988,0.9368200000000115,0.0,0.13108200000000103,Some,Some,-66.1466,9,aldehyde,0.0,0.0,133000.0,0.0
4495,11.245,873.54123,873.4520000000001,102.15787473144434,C47H81O13P,CCC=CCC=CCC=CCC=CCCCCCCC(=O)OC(COC(=O)CCCCCCCCCC=CCCCCCC)COP(=O)(O)OC1C(O)C(O)C(O)C(O)C1O,[M-H]-,PI 18:1_20:4,"PI 18:1(11)_20:4(8,11,14,17)",0.18599999999999994,0.911230000000046,0.12064497458570486,0.2062389796685685,Some,Some,-10.082199999999995,12,criegee,0.0,4210.0,5030.0,7300.0
4386,10.835,735.37304,735.2416000000001,178.771168551785,C47H81O13P,CCCCCC=CCC=CCC=CCC=CCCCC(=O)OC(COC(=O)CCCCC=CCCCCCCCCCCC)COP(=O)(O)OC1C(O)C(O)C(O)C(O)C1O,[M-H]-,PI 18:1_20:4,"PI 18:1(6)_20:4(5,8,11,14)",0.9940000000000033,0.8690200000000914,0.0,0.18630200000000946,Some,None,-148.29259999999996,6,criegee,19900.0,20100.0,16000.0,23200.0
4508,11.288,747.51847,747.2090000000001,414.16792356612314,C47H81O13P,CCCCCC=CCC=CCC=CCC=CCCCC(=O)OC(COC(=O)CCCCC=CCCCCCCCCCCC)COP(=O)(O)OC1C(O)C(O)C(O)C(O)C1O,[M-H]-,PI 18:1_20:4,"PI 18:1(6)_20:4(5,8,11,14)",0.09999999999999787,0.6909900000000562,0.0,0.0790990000000054,Some,None,-136.32519999999997,9,aldehyde,0.0,5110.0,0.0,0.0
4391,10.848,751.40401,751.2410000000001,216.98762447719434,C47H81O13P,CCCCCC=CCC=CCC=CCC=CCCCC(=O)OC(COC(=O)CCCCC=CCCCCCCCCCCC)COP(=O)(O)OC1C(O)C(O)C(O)C(O)C1O,[M-H]-,PI 18:1_20:4,"PI 18:1(6)_20:4(5,8,11,14)",0.9799999999999969,0.8374500000001035,0.0,0.18174500000001004,Some,None,-132.29319999999996,9,criegee,0.0,0.0,5950.0,0.0
4388,10.836,775.40416,775.3066000000001,125.83408937822838,C47H81O13P,CCCCCC=CCC=CCC=CCC=CCCCC(=O)OC(COC(=O)CCCCC=CCCCCCCCCCCC)COP(=O)(O)OC1C(O)C(O)C(O)C(O)C1O,[M-H]-,PI 18:1_20:4,"PI 18:1(6)_20:4(5,8,11,14)",0.9960000000000022,0.9029000000000451,0.0,0.18989000000000475,Some,None,-108.2276,12,aldehyde,0.0,18100.0,17900.0,14600.0
4346,10.725,791.43549,791.306,163.64086712336166,C47H81O13P,CCCCCC=CCC=CCC=CCC=CCCCC(=O)OC(COC(=O)CCCCC=CCCCCCCCCCCC)COP(=O)(O)OC1C(O)C(O)C(O)C(O)C1O,[M-H]-,PI 18:1_20:4,"PI 18:1(6)_20:4(5,8,11,14)",0.7740000000000009,0.8709700000000566,0.0,0.16449700000000578,Some,None,-92.2282,12,criegee,27900.0,26100.0,28200.0,28500.0
4379,10.823,815.43572,815.3716000000001,78.63899110526897,C47H81O13P,CCCCCC=CCC=CCC=CCC=CCCCC(=O)OC(COC(=O)CCCCC=CCCCCCCCCCCC)COP(=O)(O)OC1C(O)C(O)C(O)C(O)C1O,[M-H]-,PI 18:1_20:4,"PI 18:1(6)_20:4(5,8,11,14)",0.9700000000000024,0.9363400000000865,0.0,0.1906340000000089,Some,None,-68.1626,15,aldehyde,25400.0,22100.0,13200.0,18700.0
4508,11.288,747.51847,747.2090000000001,414.16792356612314,C47H81O13P,CCC=CCC=CCC=CCC=CCCCCCCC(=O)OC(COC(=O)CCCCC=CCCCCCCCCCCC)COP(=O)(O)OC1C(O)C(O)C(O)C(O)C1O,[M-H]-,PI 18:1_20:4,"PI 18:1(6)_20:4(8,11,14,17)",0.09999999999999787,0.6909900000000562,0.0,0.0790990000000054,Some,Some,-136.32519999999997,3,aldehyde,0.0,5110.0,0.0,0.0
4413,10.913,753.3848,753.2570000000001,169.6632092366606,C47H81O13P,CCC=CCC=CCC=CCC=CCCCCCCC(=O)OC(COC(=O)CCCCC=CCCCCCCCCCCC)COP(=O)(O)OC1C(O)C(O)C(O)C(O)C1O,[M-H]-,PI 18:1_20:4,"PI 18:1(6)_20:4(8,11,14,17)",0.8499999999999979,0.8726599999999962,0.0,0.17226599999999942,Some,Some,-130.27719999999997,3,criegee,0.0,0.0,0.0,2740.0
4464,11.111,777.41989,777.3226000000001,125.16039029346365,C47H81O13P,CCC=CCC=CCC=CCC=CCCCCCCC(=O)OC(COC(=O)CCCCC=CCCCCCCCCCCC)COP(=O)(O)OC1C(O)C(O)C(O)C(O)C1O,[M-H]-,PI 18:1_20:4,"PI 18:1(6)_20:4(8,11,14,17)",0.4539999999999971,0.9031700000000455,0.05771864057760638,0.18189191246208938,Some,Some,-106.21159999999999,6,aldehyde,0.0,0.0,0.0,131000.0
4407,10.899,793.41637,793.3220000000001,118.95548087650735,C47H81O13P,CCC=CCC=CCC=CCC=CCCCCCCC(=O)OC(COC(=O)CCCCC=CCCCCCCCCCCC)COP(=O)(O)OC1C(O)C(O)C(O)C(O)C1O,[M-H]-,PI 18:1_20:4,"PI 18:1(6)_20:4(8,11,14,17)",0.8780000000000001,0.9060900000000629,0.0,0.1784090000000063,Some,Some,-90.2122,6,criegee,0.0,944.0,0.0,0.0
4472,11.151,817.45124,817.3876,77.85779965338835,C47H81O13P,CCC=CCC=CCC=CCC=CCCCCCCC(=O)OC(COC(=O)CCCCC=CCCCCCCCCCCC)COP(=O)(O)OC1C(O)C(O)C(O)C(O)C1O,[M-H]-,PI 18:1_20:4,"PI 18:1(6)_20:4(8,11,14,17)",0.3739999999999988,0.9368200000000115,0.0,0.13108200000000103,Some,Some,-66.1466,9,aldehyde,0.0,0.0,133000.0,0.0
4495,11.245,873.54123,873.4520000000001,102.15787473144434,C47H81O13P,CCC=CCC=CCC=CCC=CCCCCCCC(=O)OC(COC(=O)CCCCC=CCCCCCCCCCCC)COP(=O)(O)OC1C(O)C(O)C(O)C(O)C1O,[M-H]-,PI 18:1_20:4,"PI 18:1(6)_20:4(8,11,14,17)",0.18599999999999994,0.911230000000046,0.12064497458570486,0.2062389796685685,Some,Some,-10.082199999999995,12,criegee,0.0,4210.0,5030.0,7300.0
4386,10.835,735.37304,735.2416000000001,178.771168551785,C47H81O13P,CCCCCC=CCC=CCC=CCC=CCCCC(=O)OC(COC(=O)CCCCCCCC=CCCCCCCCC)COP(=O)(O)OC1C(O)C(O)C(O)C(O)C1O,[M-H]-,PI 18:1_20:4,"PI 18:1(9)_20:4(5,8,11,14)",0.9940000000000033,0.8690200000000914,0.0,0.18630200000000946,Some,Some,-148.29259999999996,6,aldehyde,19900.0,20100.0,16000.0,23200.0
4391,10.848,751.40401,751.2410000000001,216.98762447719434,C47H81O13P,CCCCCC=CCC=CCC=CCC=CCCCC(=O)OC(COC(=O)CCCCCCCC=CCCCCCCCC)COP(=O)(O)OC1C(O)C(O)C(O)C(O)C1O,[M-H]-,PI 18:1_20:4,"PI 18:1(9)_20:4(5,8,11,14)",0.9799999999999969,0.8374500000001035,0.0,0.18174500000001004,Some,Some,-132.29319999999996,6,criegee,0.0,0.0,5950.0,0.0
4385,10.832,695.34129,695.1766000000001,236.90383134276496,C47H81O13P,CCCCCC=CCC=CCC=CCC=CCCCC(=O)OC(COC(=O)CCCCCCCC=CCCCCCCCC)COP(=O)(O)OC1C(O)C(O)C(O)C(O)C1O,[M-H]-,PI 18:1_20:4,"PI 18:1(9)_20:4(5,8,11,14)",0.9880000000000031,0.8357700000001387,0.0,0.1823770000000142,Some,Some,-188.35759999999993,9,aldehyde,0.0,0.0,13700.0,0.0
4388,10.836,775.40416,775.3066000000001,125.83408937822838,C47H81O13P,CCCCCC=CCC=CCC=CCC=CCCCC(=O)OC(COC(=O)CCCCCCCC=CCCCCCCCC)COP(=O)(O)OC1C(O)C(O)C(O)C(O)C1O,[M-H]-,PI 18:1_20:4,"PI 18:1(9)_20:4(5,8,11,14)",0.9960000000000022,0.9029000000000451,0.0,0.18989000000000475,Some,Some,-108.2276,9,criegee,0.0,18100.0,17900.0,14600.0
4247,10.401,789.4198,789.2900000000001,164.45159573785548,C47H81O13P,CCCCCC=CCC=CCC=CCC=CCCCC(=O)OC(COC(=O)CCCCCCCC=CCCCCCCCC)COP(=O)(O)OC1C(O)C(O)C(O)C(O)C1O,[M-H]-,PI 18:1_20:4,"PI 18:1(9)_20:4(5,8,11,14)",0.12600000000000122,0.8706600000000435,0.05771864057760639,0.1458409124620896,Some,Some,-94.24419999999999,12,aldehyde,70400.0,53400.0,64300.0,68500.0
4346,10.725,791.43549,791.306,163.64086712336166,C47H81O13P,CCCCCC=CCC=CCC=CCC=CCCCC(=O)OC(COC(=O)CCCCCCCC=CCCCCCCCC)COP(=O)(O)OC1C(O)C(O)C(O)C(O)C1O,[M-H]-,PI 18:1_20:4,"PI 18:1(9)_20:4(5,8,11,14)",0.7740000000000009,0.8709700000000566,0.0,0.16449700000000578,Some,Some,-92.2282,12,criegee,27900.0,26100.0,28200.0,28500.0
4379,10.823,815.43572,815.3716000000001,78.63899110526897,C47H81O13P,CCCCCC=CCC=CCC=CCC=CCCCC(=O)OC(COC(=O)CCCCCCCC=CCCCCCCCC)COP(=O)(O)OC1C(O)C(O)C(O)C(O)C1O,[M-H]-,PI 18:1_20:4,"PI 18:1(9)_20:4(5,8,11,14)",0.9700000000000024,0.9363400000000865,0.0,0.1906340000000089,Some,Some,-68.1626,15,aldehyde,25400.0,22100.0,13200.0,18700.0
4464,11.111,777.41989,777.3226000000001,125.16039029346365,C47H81O13P,CCC=CCC=CCC=CCC=CCCCCCCC(=O)OC(COC(=O)CCCCCCCC=CCCCCCCCC)COP(=O)(O)OC1C(O)C(O)C(O)C(O)C1O,[M-H]-,PI 18:1_20:4,"PI 18:1(9)_20:4(8,11,14,17)",0.4539999999999971,0.9031700000000455,0.05771864057760638,0.18189191246208938,Some,Some,-106.21159999999999,3,criegee,0.0,0.0,0.0,131000.0
4247,10.401,789.4198,789.2900000000001,164.45159573785548,C47H81O13P,CCC=CCC=CCC=CCC=CCCCCCCC(=O)OC(COC(=O)CCCCCCCC=CCCCCCCCC)COP(=O)(O)OC1C(O)C(O)C(O)C(O)C1O,[M-H]-,PI 18:1_20:4,"PI 18:1(9)_20:4(8,11,14,17)",0.12600000000000122,0.8706600000000435,0.05771864057760639,0.1458409124620896,Some,Some,-94.24419999999999,6,aldehyde,70400.0,53400.0,64300.0,68500.0
4407,10.899,793.41637,793.3220000000001,118.95548087650735,C47H81O13P,CCC=CCC=CCC=CCC=CCCCCCCC(=O)OC(COC(=O)CCCCCCCC=CCCCCCCCC)COP(=O)(O)OC1C(O)C(O)C(O)C(O)C1O,[M-H]-,PI 18:1_20:4,"PI 18:1(9)_20:4(8,11,14,17)",0.8780000000000001,0.9060900000000629,0.0,0.1784090000000063,Some,Some,-90.2122,6,criegee,0.0,944.0,0.0,0.0
4472,11.151,817.45124,817.3876,77.85779965338835,C47H81O13P,CCC=CCC=CCC=CCC=CCCCCCCC(=O)OC(COC(=O)CCCCCCCC=CCCCCCCCC)COP(=O)(O)OC1C(O)C(O)C(O)C(O)C1O,[M-H]-,PI 18:1_20:4,"PI 18:1(9)_20:4(8,11,14,17)",0.3739999999999988,0.9368200000000115,0.0,0.13108200000000103,Some,Some,-66.1466,9,aldehyde,0.0,0.0,133000.0,0.0
4413,10.913,753.3848,753.2570000000001,169.6632092366606,C47H81O13P,CCC=CCC=CCC=CCC=CCCCCCCC(=O)OC(COC(=O)CCCCCCCC=CCCCCCCCC)COP(=O)(O)OC1C(O)C(O)C(O)C(O)C1O,[M-H]-,PI 18:1_20:4,"PI 18:1(9)_20:4(8,11,14,17)",0.8499999999999979,0.8726599999999962,0.0,0.17226599999999942,Some,Some,-130.27719999999997,9,criegee,0.0,0.0,0.0,2740.0
4495,11.245,873.54123,873.4520000000001,102.15787473144434,C47H81O13P,CCC=CCC=CCC=CCC=CCCCCCCC(=O)OC(COC(=O)CCCCCCCC=CCCCCCCCC)COP(=O)(O)OC1C(O)C(O)C(O)C(O)C1O,[M-H]-,PI 18:1_20:4,"PI 18:1(9)_20:4(8,11,14,17)",0.18599999999999994,0.911230000000046,0.12064497458570486,0.2062389796685685,Some,Some,-10.082199999999995,12,criegee,0.0,4210.0,5030.0,7300.0
4442,11.023,859.53449,859.5342,0.3373920432135701,C45H81O13P,CCCCCCCCC=CCC=CCCCCC(=O)OC(COC(=O)CCCCCCCCCC=CCCCCCC)COP(=O)(O)OC1C(O)C(O)C(O)C(O)C1O,[M-H]-,PI 18:1_18:2,"PI 18:1(11)_18:2(6,9)",0.6494999999999997,0.8713599999999815,0.019293068312663177,0.16752045465012866,Some,Some,0.0,0,substrate,44308.09958018023,40363.94608206191,39241.83041152481,70479.3644642511
4442,11.023,859.53449,859.5342,0.3373920432135701,C45H81O13P,CCCCCC=CCC=CCCCCCCCC(=O)OC(COC(=O)CCCCCCCCCC=CCCCCCC)COP(=O)(O)OC1C(O)C(O)C(O)C(O)C1O,[M-H]-,PI 18:1_18:2,"PI 18:1(11)_18:2(9,12)",0.7371999999999993,0.761812000000009,0.015434454650130542,0.16224876372010527,Some,Some,0.0,0,substrate,36466.16038719683,36560.46915608462,36095.41337852868,63280.75954272428
4442,11.023,859.53449,859.5342,0.3373920432135701,C45H81O13P,CCCCCC=CCC=CCCCCCCCC(=O)OC(COC(=O)CCCCC=CCCCCCCCCCCC)COP(=O)(O)OC1C(O)C(O)C(O)C(O)C1O,[M-H]-,PI 18:1_18:2,"PI 18:1(6)_18:2(9,12)",0.7045000000000003,0.6981525000000204,0.0,0.14026525000000206,Some,None,0.0,0,substrate,44308.09958018023,39936.50772276161,40115.049520682165,33928.308467351286
4442,11.023,859.53449,859.5342,0.3373920432135701,C45H81O13P,CCCCCCCCC=CCC=CCCCCC(=O)OC(COC(=O)CCCCC=CCCCCCCCCCCC)COP(=O)(O)OC1C(O)C(O)C(O)C(O)C1O,[M-H]-,PI 18:1_18:2,"PI 18:1(6)_18:2(6,9)",0.576666666666668,0.8229966666666542,0.0,0.13996633333333222,Some,Some,0.0,0,substrate,36466.16038719683,36133.03079678431,36968.63248768604,26729.703545824454
4442,11.023,859.53449,859.5342,0.3373920432135701,C45H81O13P,CCCCCCCCC=CCC=CCCCCC(=O)OC(COC(=O)CCCCCCCC=CCCCCCCCC)COP(=O)(O)OC1C(O)C(O)C(O)C(O)C1O,[M-H]-,PI 18:1_18:2,"PI 18:1(9)_18:2(6,9)",0.511000000000001,0.8162599999999998,0.0,0.13272600000000007,Some,Some,0.0,0,substrate,44308.09958018023,39936.50772276161,39241.83041152481,33928.308467351286
4442,11.023,859.53449,859.5342,0.3373920432135701,C45H81O13P,CCCCCC=CCC=CCCCCCCCC(=O)OC(COC(=O)CCCCCCCC=CCCCCCCCC)COP(=O)(O)OC1C(O)C(O)C(O)C(O)C1O,[M-H]-,PI 18:1_18:2,"PI 18:1(9)_18:2(9,12)",0.5635000000000003,0.7066725000000247,0.0,0.12701725000000252,Some,Some,0.0,0,substrate,79143.38048506566,76069.53851954592,75337.24379005349,59653.55551249758
4457,11.084,749.52892,749.2906,318.0608431494144,C45H81O13P,CCCCCCCCC=CCC=CCCCCC(=O)OC(COC(=O)CCCCCCCCCC=CCCCCCC)COP(=O)(O)OC1C(O)C(O)C(O)C(O)C1O,[M-H]-,PI 18:1_18:2,"PI 18:1(11)_18:2(6,9)",0.8780000000000001,0.7619700000000194,0.0,0.16399700000000195,Some,Some,-110.24359999999999,9,aldehyde,4280.0,0.0,0.0,3600.0
4310,10.595,765.41974,765.2900000000001,169.53050477592774,C45H81O13P,CCCCCCCCC=CCC=CCCCCC(=O)OC(COC(=O)CCCCCCCCCC=CCCCCCC)COP(=O)(O)OC1C(O)C(O)C(O)C(O)C1O,[M-H]-,PI 18:1_18:2,"PI 18:1(11)_18:2(6,9)",0.1440000000000019,0.8705499999999802,0.0,0.10145499999999821,Some,Some,-94.24419999999999,9,criegee,112000.0,88200.0,111000.0,118000.0
4464,11.111,777.41989,777.3446,96.85537147874368,C45H81O13P,CCCCCCCCC=CCC=CCCCCC(=O)OC(COC(=O)CCCCCCCCCC=CCCCCCC)COP(=O)(O)OC1C(O)C(O)C(O)C(O)C1O,[M-H]-,PI 18:1_18:2,"PI 18:1(11)_18:2(6,9)",0.8239999999999981,0.9249999999999545,0.0771722732506527,0.23663781860051744,Some,Some,-82.1896,12,aldehyde,0.0,0.0,0.0,131000.0
4407,10.899,793.41637,793.344,91.22146256854285,C45H81O13P,CCCCCCCCC=CCC=CCCCCC(=O)OC(COC(=O)CCCCCCCCCC=CCCCCCC)COP(=O)(O)OC1C(O)C(O)C(O)C(O)C1O,[M-H]-,PI 18:1_18:2,"PI 18:1(11)_18:2(6,9)",0.7519999999999989,0.9279199999999719,0.0,0.1679919999999971,Some,Some,-66.1902,12,criegee,0.0,944.0,0.0,0.0
4464,11.111,777.41989,777.3446,96.85537147874368,C45H81O13P,CCCCCC=CCC=CCCCCCCCC(=O)OC(COC(=O)CCCCCCCCCC=CCCCCCC)COP(=O)(O)OC1C(O)C(O)C(O)C(O)C1O,[M-H]-,PI 18:1_18:2,"PI 18:1(11)_18:2(9,12)",0.8239999999999981,0.9249999999999545,0.0771722732506527,0.23663781860051744,Some,Some,-82.1896,6,aldehyde,0.0,0.0,0.0,131000.0
4435,11.016,791.43554,791.3716000000001,80.7964298944878,C45H81O13P,CCCCCC=CCC=CCCCCCCCC(=O)OC(COC(=O)CCCCCCCCCC=CCCCCCC)COP(=O)(O)OC1C(O)C(O)C(O)C(O)C1O,[M-H]-,PI 18:1_18:2,"PI 18:1(11)_18:2(9,12)",0.9860000000000007,0.9363500000000613,0.0,0.1922350000000062,Some,Some,-68.1626,6,criegee,23300.0,26000.0,32800.0,31600.0
4438,11.02,751.40392,751.3066000000001,129.53433391887438,C45H81O13P,CCCCCC=CCC=CCCCCCCCC(=O)OC(COC(=O)CCCCCCCCCC=CCCCCCC)COP(=O)(O)OC1C(O)C(O)C(O)C(O)C1O,[M-H]-,PI 18:1_18:2,"PI 18:1(11)_18:2(9,12)",0.9939999999999998,0.9029700000000958,0.0,0.18969700000000955,Some,Some,-108.2276,7,aldehyde,34200.0,24100.0,34700.0,24900.0
4304,10.588,766.42311,767.306,1150.6361217038423,C45H81O13P,CCCCCC=CCC=CCCCCCCCC(=O)OC(COC(=O)CCCCCCCCCC=CCCCCCC)COP(=O)(O)OC1C(O)C(O)C(O)C(O)C1O,[M-H]-,PI 18:1_18:2,"PI 18:1(11)_18:2(9,12)",0.129999999999999,0.11681999999996151,0.0,0.024681999999996054,Some,Some,-92.2282,7,criegee,38200.0,29700.0,34600.0,39300.0
4407,10.899,793.41637,793.344,91.22146256854285,C45H81O13P,CCCCCC=CCC=CCCCCCCCC(=O)OC(COC(=O)CCCCCCCCCC=CCCCCCC)COP(=O)(O)OC1C(O)C(O)C(O)C(O)C1O,[M-H]-,PI 18:1_18:2,"PI 18:1(11)_18:2(9,12)",0.7519999999999989,0.9279199999999719,0.0,0.1679919999999971,Some,Some,-66.1902,9,aldehyde,0.0,944.0,0.0,0.0
4404,10.877,723.37282,723.2090000000001,226.51819875027405,C45H81O13P,CCCCCCCCC=CCC=CCCCCC(=O)OC(COC(=O)CCCCC=CCCCCCCCCCCC)COP(=O)(O)OC1C(O)C(O)C(O)C(O)C1O,[M-H]-,PI 18:1_18:2,"PI 18:1(6)_18:2(6,9)",0.708000000000002,0.836469999999963,0.0,0.1544469999999965,Some,Some,-136.32519999999997,9,aldehyde,0.0,0.0,2470.0,0.0
4457,11.084,749.52892,749.2906,318.0608431494144,C45H81O13P,CCCCCCCCC=CCC=CCCCCC(=O)OC(COC(=O)CCCCC=CCCCCCCCCCCC)COP(=O)(O)OC1C(O)C(O)C(O)C(O)C1O,[M-H]-,PI 18:1_18:2,"PI 18:1(6)_18:2(6,9)",0.8780000000000001,0.7619700000000194,0.0,0.16399700000000195,Some,Some,-110.24359999999999,12,aldehyde,4280.0,0.0,0.0,3600.0
4310,10.595,765.41974,765.2900000000001,169.53050477592774,C45H81O13P,CCCCCCCCC=CCC=CCCCCC(=O)OC(COC(=O)CCCCC=CCCCCCCCCCCC)COP(=O)(O)OC1C(O)C(O)C(O)C(O)C1O,[M-H]-,PI 18:1_18:2,"PI 18:1(6)_18:2(6,9)",0.1440000000000019,0.8705499999999802,0.0,0.10145499999999821,Some,Some,-94.24419999999999,12,criegee,112000.0,88200.0,111000.0,118000.0
4438,11.02,751.40392,751.3066000000001,129.53433391887438,C45H81O13P,CCCCCC=CCC=CCCCCCCCC(=O)OC(COC(=O)CCCCC=CCCCCCCCCCCC)COP(=O)(O)OC1C(O)C(O)C(O)C(O)C1O,[M-H]-,PI 18:1_18:2,"PI 18:1(6)_18:2(9,12)",0.9939999999999998,0.9029700000000958,0.0,0.18969700000000955,Some,None,-108.2276,6,aldehyde,34200.0,24100.0,34700.0,24900.0
4304,10.588,766.42311,767.306,1150.6361217038423,C45H81O13P,CCCCCC=CCC=CCCCCCCCC(=O)OC(COC(=O)CCCCC=CCCCCCCCCCCC)COP(=O)(O)OC1C(O)C(O)C(O)C(O)C1O,[M-H]-,PI 18:1_18:2,"PI 18:1(6)_18:2(9,12)",0.129999999999999,0.11681999999996151,0.0,0.024681999999996054,Some,None,-92.2282,6,criegee,38200.0,29700.0,34600.0,39300.0
4435,11.016,791.43554,791.3716000000001,80.7964298944878,C45H81O13P,CCCCCC=CCC=CCCCCCCCC(=O)OC(COC(=O)CCCCC=CCCCCCCCCCCC)COP(=O)(O)OC1C(O)C(O)C(O)C(O)C1O,[M-H]-,PI 18:1_18:2,"PI 18:1(6)_18:2(9,12)",0.9860000000000007,0.9363500000000613,0.0,0.1922350000000062,Some,None,-68.1626,9,aldehyde,23300.0,26000.0,32800.0,31600.0
4404,10.877,723.37282,723.2090000000001,226.51819875027405,C45H81O13P,CCCCCC=CCC=CCCCCCCCC(=O)OC(COC(=O)CCCCC=CCCCCCCCCCCC)COP(=O)(O)OC1C(O)C(O)C(O)C(O)C1O,[M-H]-,PI 18:1_18:2,"PI 18:1(6)_18:2(9,12)",0.708000000000002,0.836469999999963,0.0,0.1544469999999965,Some,None,-136.32519999999997,12,criegee,0.0,0.0,2470.0,0.0
4457,11.084,749.52892,749.2906,318.0608431494144,C45H81O13P,CCCCCCCCC=CCC=CCCCCC(=O)OC(COC(=O)CCCCCCCC=CCCCCCCCC)COP(=O)(O)OC1C(O)C(O)C(O)C(O)C1O,[M-H]-,PI 18:1_18:2,"PI 18:1(9)_18:2(6,9)",0.8780000000000001,0.7619700000000194,0.0,0.16399700000000195,Some,Some,-110.24359999999999,9,aldehyde,4280.0,0.0,0.0,3600.0
4310,10.595,765.41974,765.2900000000001,169.53050477592774,C45H81O13P,CCCCCCCCC=CCC=CCCCCC(=O)OC(COC(=O)CCCCCCCC=CCCCCCCCC)COP(=O)(O)OC1C(O)C(O)C(O)C(O)C1O,[M-H]-,PI 18:1_18:2,"PI 18:1(9)_18:2(6,9)",0.1440000000000019,0.8705499999999802,0.0,0.10145499999999821,Some,Some,-94.24419999999999,9,criegee,112000.0,88200.0,111000.0,118000.0
4310,10.595,765.41974,765.2900000000001,169.53050477592774,C45H81O13P,CCCCCC=CCC=CCCCCCCCC(=O)OC(COC(=O)CCCCCCCC=CCCCCCCCC)COP(=O)(O)OC1C(O)C(O)C(O)C(O)C1O,[M-H]-,PI 18:1_18:2,"PI 18:1(9)_18:2(9,12)",0.1440000000000019,0.8705499999999802,0.0,0.10145499999999821,Some,Some,-94.24419999999999,6,aldehyde,112000.0,88200.0,111000.0,118000.0
4304,10.588,766.42311,767.306,1150.6361217038423,C45H81O13P,CCCCCC=CCC=CCCCCCCCC(=O)OC(COC(=O)CCCCCCCC=CCCCCCCCC)COP(=O)(O)OC1C(O)C(O)C(O)C(O)C1O,[M-H]-,PI 18:1_18:2,"PI 18:1(9)_18:2(9,12)",0.129999999999999,0.11681999999996151,0.0,0.024681999999996054,Some,Some,-92.2282,6,criegee,38200.0,29700.0,34600.0,39300.0
4435,11.016,791.43554,791.3716000000001,80.7964298944878,C45H81O13P,CCCCCC=CCC=CCCCCCCCC(=O)OC(COC(=O)CCCCCCCC=CCCCCCCCC)COP(=O)(O)OC1C(O)C(O)C(O)C(O)C1O,[M-H]-,PI 18:1_18:2,"PI 18:1(9)_18:2(9,12)",0.9860000000000007,0.9363500000000613,0.0,0.1922350000000062,Some,Some,-68.1626,9,aldehyde,23300.0,26000.0,32800.0,31600.0
4438,11.02,751.40392,751.3066000000001,129.53433391887438,C45H81O13P,CCCCCC=CCC=CCCCCCCCC(=O)OC(COC(=O)CCCCCCCC=CCCCCCCCC)COP(=O)(O)OC1C(O)C(O)C(O)C(O)C1O,[M-H]-,PI 18:1_18:2,"PI 18:1(9)_18:2(9,12)",0.9939999999999998,0.9029700000000958,0.0,0.18969700000000955,Some,Some,-108.2276,9,criegee,34200.0,24100.0,34700.0,24900.0
4504,11.274,885.55008,885.54985,0.2597256382435613,C47H83O13P,CCCCCC=CCC=CCC=CCC=CCCCC(=O)OC(COC(=O)CCCCCCCCCCCCCCCCC)COP(=O)(O)OC1C(O)C(O)C(O)C(O)C1O,[M-H]-,PI 18:0_20:4,"PI 18:0_20:4(5,8,11,14)",0.904285714285714,0.8802085714286088,0.058128096897052624,0.2249519060890744,Some,Some,0.0,0,substrate,0.0,0.0,1540537.6276709067,0.0
4504,11.274,885.55008,885.54985,0.2597256382435613,C47H83O13P,CCC=CCC=CCC=CCC=CCCCCCCC(=O)OC(COC(=O)CCCCCCCCCCCCCCCCC)COP(=O)(O)OC1C(O)C(O)C(O)C(O)C1O,[M-H]-,PI 18:0_20:4,"PI 18:0_20:4(8,11,14,17)",0.6728000000000002,0.7240660000000162,0.0,0.13968660000000166,Some,Some,0.0,0,substrate,0.0,0.0,219462.37232909328,0.0
4475,11.168,697.35705,697.1922500000001,236.37669523707433,C47H83O13P,CCCCCC=CCC=CCC=CCC=CCCCC(=O)OC(COC(=O)CCCCCCCCCCCCCCCCC)COP(=O)(O)OC1C(O)C(O)C(O)C(O)C1O,[M-H]-,PI 18:0_20:4,"PI 18:0_20:4(5,8,11,14)",0.7880000000000003,0.8354300000000876,0.4068966782793684,0.48786034262350353,Some,Some,-188.35759999999993,6,aldehyde,0.0,215000.0,0.0,0.0
4511,11.292,713.35246,713.1916500000001,225.47936448759006,C47H83O13P,CCCCCC=CCC=CCC=CCC=CCCCC(=O)OC(COC(=O)CCCCCCCCCCCCCCCCC)COP(=O)(O)OC1C(O)C(O)C(O)C(O)C1O,[M-H]-,PI 18:0_20:4,"PI 18:0_20:4(5,8,11,14)",0.9639999999999986,0.839420000000132,0.0,0.18034200000001308,Some,Some,-172.35819999999993,6,criegee,5430.0,0.0,0.0,2950.0
4499,11.26,737.38859,737.25725,178.14677305651844,C47H83O13P,CCCCCC=CCC=CCC=CCC=CCCCC(=O)OC(COC(=O)CCCCCCCCCCCCCCCCC)COP(=O)(O)OC1C(O)C(O)C(O)C(O)C1O,[M-H]-,PI 18:0_20:4,"PI 18:0_20:4(5,8,11,14)",0.9720000000000013,0.8688899999999649,0.0,0.18408899999999662,Some,Some,-148.29259999999996,9,aldehyde,0.0,180000.0,0.0,247000.0
4496,11.251,753.3846,753.25665,169.86242338509936,C47H83O13P,CCCCCC=CCC=CCC=CCC=CCCCC(=O)OC(COC(=O)CCCCCCCCCCCCCCCCC)COP(=O)(O)OC1C(O)C(O)C(O)C(O)C1O,[M-H]-,PI 18:0_20:4,"PI 18:0_20:4(5,8,11,14)",0.9540000000000006,0.8722800000000461,0.0,0.18262800000000468,Some,Some,-132.29319999999996,9,criegee,10900.0,0.0,6690.0,0.0
4515,11.318,777.41978,777.3222499999999,125.46919890689622,C47H83O13P,CCCCCC=CCC=CCC=CCC=CCCCC(=O)OC(COC(=O)CCCCCCCCCCCCCCCCC)COP(=O)(O)OC1C(O)C(O)C(O)C(O)C1O,[M-H]-,PI 18:0_20:4,"PI 18:0_20:4(5,8,11,14)",0.911999999999999,0.9027000000000953,0.0,0.18147000000000946,Some,Some,-108.2276,12,aldehyde,0.0,39700.0,0.0,0.0
4506,11.281,793.41538,793.32165,118.14879878804581,C47H83O13P,CCCCCC=CCC=CCC=CCC=CCCCC(=O)OC(COC(=O)CCCCCCCCCCCCCCCCC)COP(=O)(O)OC1C(O)C(O)C(O)C(O)C1O,[M-H]-,PI 18:0_20:4,"PI 18:0_20:4(5,8,11,14)",0.9859999999999971,0.9064999999999372,0.0,0.18924999999999345,Some,Some,-92.2282,12,criegee,7850.0,3100.0,0.0,0.0
4472,11.151,817.45124,817.38725,78.28602660488009,C47H83O13P,CCCCCC=CCC=CCC=CCC=CCCCC(=O)OC(COC(=O)CCCCCCCCCCCCCCCCC)COP(=O)(O)OC1C(O)C(O)C(O)C(O)C1O,[M-H]-,PI 18:0_20:4,"PI 18:0_20:4(5,8,11,14)",0.7540000000000013,0.936239999999998,0.0,0.16902399999999995,Some,Some,-68.1626,15,aldehyde,0.0,0.0,133000.0,0.0
4467,11.136,739.39693,739.27325,167.2994390099138,C47H83O13P,CCC=CCC=CCC=CCC=CCCCCCCC(=O)OC(COC(=O)CCCCCCCCCCCCCCCCC)COP(=O)(O)OC1C(O)C(O)C(O)C(O)C1O,[M-H]-,PI 18:0_20:4,"PI 18:0_20:4(8,11,14,17)",0.7240000000000002,0.8765500000000657,0.0,0.1600550000000066,Some,Some,-146.27659999999997,3,aldehyde,0.0,0.0,3100.0,0.0
4466,11.127,754.38968,755.27265,1169.0745057430588,C47H83O13P,CCC=CCC=CCC=CCC=CCCCCCCC(=O)OC(COC(=O)CCCCCCCCCCCCCCCCC)COP(=O)(O)OC1C(O)C(O)C(O)C(O)C1O,[M-H]-,PI 18:0_20:4,"PI 18:0_20:4(8,11,14,17)",0.7060000000000031,0.116800000000012,0.0,0.08228000000000152,Some,Some,-130.27719999999997,3,criegee,0.0,0.0,0.0,881.0
4518,11.333,779.43237,779.33825,120.76912688421919,C47H83O13P,CCC=CCC=CCC=CCC=CCCCCCCC(=O)OC(COC(=O)CCCCCCCCCCCCCCCCC)COP(=O)(O)OC1C(O)C(O)C(O)C(O)C1O,[M-H]-,PI 18:0_20:4,"PI 18:0_20:4(8,11,14,17)",0.8819999999999979,0.9061100000000124,0.0,0.17881100000000105,Some,Some,-106.21159999999999,6,aldehyde,13100.0,0.0,0.0,0.0
4676,11.718,795.56082,795.3376499999999,280.5978064789157,C47H83O13P,CCC=CCC=CCC=CCC=CCCCCCCC(=O)OC(COC(=O)CCCCCCCCCCCCCCCCC)COP(=O)(O)OC1C(O)C(O)C(O)C(O)C1O,[M-H]-,PI 18:0_20:4,"PI 18:0_20:4(8,11,14,17)",0.11199999999999832,0.7770600000000059,0.0,0.08890600000000043,Some,Some,-90.2122,6,criegee,0.0,0.0,4000.0,0.0
4492,11.244,819.45967,819.40325,68.85498684561333,C47H83O13P,CCC=CCC=CCC=CCC=CCCCCCCC(=O)OC(COC(=O)CCCCCCCCCCCCCCCCC)COP(=O)(O)OC1C(O)C(O)C(O)C(O)C1O,[M-H]-,PI 18:0_20:4,"PI 18:0_20:4(8,11,14,17)",0.9400000000000013,0.9438099999999849,0.0,0.18838099999999863,Some,Some,-66.1466,9,aldehyde,0.0,0.0,12800.0,0.0
4663,11.711,909.55055,909.54985,0.7696114732487277,C49H83O13P,CCC=CCC=CCC=CCC=CCC=CCC=CCCC(=O)OC(COC(=O)CCCCCCCCCCCCCCCCC)COP(=O)(O)OC1C(O)C(O)C(O)C(O)C1O,[M-H]-,PI 18:0_22:6,"PI 18:0_22:6(4,7,10,13,16,19)",0.8089999999999997,0.8171150000000722,0.034031145164967955,0.18983641613198157,Some,Some,0.0,0,substrate,144000.0,151000.0,139000.0,151000.0
4664,11.711,683.34148,683.1432500000001,290.17340067396816,C49H83O13P,CCC=CCC=CCC=CCC=CCC=CCC=CCCC(=O)OC(COC(=O)CCCCCCCCCCCCCCCCC)COP(=O)(O)OC1C(O)C(O)C(O)C(O)C1O,[M-H]-,PI 18:0_22:6,"PI 18:0_22:6(4,7,10,13,16,19)",1.0,0.8024700000000848,0.0,0.18024700000000848,Some,Some,-226.40659999999988,3,aldehyde,32.5,26.556291390728475,35.39568345323741,35.36423841059603
4914,11.995,699.5082,699.1426500000001,522.8546706453553,C49H83O13P,CCC=CCC=CCC=CCC=CCC=CCC=CCCC(=O)OC(COC(=O)CCCCCCCCCCCCCCCCC)COP(=O)(O)OC1C(O)C(O)C(O)C(O)C1O,[M-H]-,PI 18:0_22:6,"PI 18:0_22:6(4,7,10,13,16,19)",0.43200000000000216,0.6351500000001806,0.1647047358460426,0.23847878867685238,Some,Some,-210.40719999999988,3,criegee,0.0,7.218543046357616,33.309352517985616,0.0
4671,11.714,723.3732,723.2082500000001,228.08091583560122,C49H83O13P,CCC=CCC=CCC=CCC=CCC=CCC=CCCC(=O)OC(COC(=O)CCCCCCCCCCCCCCCCC)COP(=O)(O)OC1C(O)C(O)C(O)C(O)C1O,[M-H]-,PI 18:0_22:6,"PI 18:0_22:6(4,7,10,13,16,19)",0.9939999999999998,0.8357500000001892,0.0,0.18297500000001893,Some,Some,-186.34159999999991,6,aldehyde,24.791666666666668,18.741721854304636,22.37410071942446,22.05298013245033
4603,11.607,739.53389,739.2076500000001,441.33742392950654,C49H83O13P,CCC=CCC=CCC=CCC=CCC=CCC=CCCC(=O)OC(COC(=O)CCCCCCCCCCCCCCCCC)COP(=O)(O)OC1C(O)C(O)C(O)C(O)C1O,[M-H]-,PI 18:0_22:6,"PI 18:0_22:6(4,7,10,13,16,19)",0.791999999999998,0.6744600000000673,0.10754442547370106,0.2326815403789674,Some,Some,-170.3421999999999,6,criegee,36.45833333333333,40.66225165562914,37.194244604316545,34.7682119205298
4658,11.703,763.40488,763.27325,172.45462224712645,C49H83O13P,CCC=CCC=CCC=CCC=CCC=CCC=CCCC(=O)OC(COC(=O)CCCCCCCCCCCCCCCCC)COP(=O)(O)OC1C(O)C(O)C(O)C(O)C1O,[M-H]-,PI 18:0_22:6,"PI 18:0_22:6(4,7,10,13,16,19)",0.9839999999999982,0.8690699999999651,0.0,0.18530699999999634,Some,Some,-146.27659999999997,9,aldehyde,11.527777777777779,9.933774834437086,13.309352517985612,14.172185430463577
4686,11.734,803.43644,803.33825,122.22746769487372,C49H83O13P,CCC=CCC=CCC=CCC=CCC=CCC=CCCC(=O)OC(COC(=O)CCCCCCCCCCCCCCCCC)COP(=O)(O)OC1C(O)C(O)C(O)C(O)C1O,[M-H]-,PI 18:0_22:6,"PI 18:0_22:6(4,7,10,13,16,19)",0.9540000000000006,0.9025100000001203,0.0,0.1856510000000121,Some,Some,-106.21159999999999,12,aldehyde,0.0,9.602649006622517,7.697841726618705,4.562913907284768
4958,12.044,819.4583,819.3376499999999,147.25308912640443,C49H83O13P,CCC=CCC=CCC=CCC=CCC=CCC=CCCC(=O)OC(COC(=O)CCCCCCCCCCCCCCCCC)COP(=O)(O)OC1C(O)C(O)C(O)C(O)C1O,[M-H]-,PI 18:0_22:6,"PI 18:0_22:6(4,7,10,13,16,19)",0.33399999999999963,0.8800499999999829,0.0,0.12140499999999826,Some,Some,-90.2122,12,criegee,51.24999999999999,43.11258278145695,62.589928057553955,52.51655629139073
4678,11.72,843.46649,843.40325,74.98192590562624,C49H83O13P,CCC=CCC=CCC=CCC=CCC=CCC=CCCC(=O)OC(COC(=O)CCCCCCCCCCCCCCCCC)COP(=O)(O)OC1C(O)C(O)C(O)C(O)C1O,[M-H]-,PI 18:0_22:6,"PI 18:0_22:6(4,7,10,13,16,19)",0.9819999999999993,0.9374599999999873,0.0,0.19194599999999867,Some,Some,-66.1466,15,aldehyde,6.166666666666667,0.0,7.913669064748201,7.0198675496688745
4702,11.769,835.53478,835.58584,61.10682775572976,C48H85O9P,CCCCCCCCC=CCCCCCCCC(=O)OC(COCCCCCCCCC=CCC=CCC=CCC=CCC=CCC)COP(=O)(O)OCC(O)CO,[M-H]-,PG O-24:5_18:1,"PG O-24:5(9,12,15,18,21)_18:1(9)",0.7140000000000006,0.8925166666666655,0.08432047814441951,0.2281080491822022,Some,Some,0.0,0,substrate,211131.81375897978,223141.37654975444,168454.6571829882,169235.25410860317
4702,11.769,835.53478,835.58584,61.10682775572976,C48H85O9P,CCCCCCCCCCCC=CCCCCC(=O)OC(COCCCCCCCCC=CCC=CCC=CCC=CCC=CCC)COP(=O)(O)OCC(O)CO,[M-H]-,PG O-24:5_18:1,"PG O-24:5(9,12,15,18,21)_18:1(6)",0.6912000000000006,0.8696849999999927,0.08482950282641484,0.2239521022611312,Some,Some,0.0,0,substrate,31213.123408483945,28537.68093991388,36909.5838505259,25582.35396466364
4702,11.769,835.53478,835.58584,61.10682775572976,C48H85O9P,CCCCCCC=CCCCCCCCCCC(=O)OC(COCCCCCCCCC=CCC=CCC=CCC=CCC=CCC)COP(=O)(O)OCC(O)CO,[M-H]-,PG O-24:5_18:1,"PG O-24:5(9,12,15,18,21)_18:1(11)",0.7060000000000006,0.901662999999985,0.07588843032997757,0.22147704426398063,Some,Some,0.0,0,substrate,251319.5350185289,258228.92009433758,200784.71859280064,206351.90838487216
4702,11.769,835.53478,835.58584,61.10682775572976,C48H85O9P,CCCCCCCCC=CCCCCCCCC(=O)OC(COCCCCCC=CCC=CCC=CCC=CCC=CCCCCC)COP(=O)(O)OCC(O)CO,[M-H]-,PG O-24:5_18:1,"PG O-24:5(6,9,12,15,18)_18:1(9)",0.6575000000000006,0.7561774999999784,0.016793227133647406,0.15480233170691585,Some,Some,0.0,0,substrate,112727.98790965363,112155.2459051864,132737.7996994839,150042.4542477974
4702,11.769,835.53478,835.58584,61.10682775572976,C48H85O9P,CCCCCCCCCCCC=CCCCCC(=O)OC(COCCCCCC=CCC=CCC=CCC=CCC=CCCCCC)COP(=O)(O)OCC(O)CO,[M-H]-,PG O-24:5_18:1,"PG O-24:5(6,9,12,15,18)_18:1(6)",0.6205714285714292,0.6431942857142628,0.030195823644036696,0.15053323034379856,Some,Some,0.0,0,substrate,132098.16160486927,134941.25538221866,165375.44097471744,168455.95609053952
4702,11.769,835.53478,835.58584,61.10682775572976,C48H85O9P,CCCCCCC=CCCCCCCCCCC(=O)OC(COCCCCCC=CCC=CCC=CCC=CCC=CCCCCC)COP(=O)(O)OCC(O)CO,[M-H]-,PG O-24:5_18:1,"PG O-24:5(6,9,12,15,18)_18:1(11)",0.6435555555555561,0.7104444444444071,0.014927313007686583,0.14734185040614559,Some,Some,0.0,0,substrate,111509.3782994845,110995.52112858905,132737.7996994839,152332.0732035241
4625,11.656,769.41536,769.39564,25.630506562276103,C48H85O9P,CCCCCCC=CCCCCCCCCCC(=O)OC(COCCCCCC=CCC=CCC=CCC=CCC=CCCCCC)COP(=O)(O)OCC(O)CO,[M-H]-,PG O-24:5_18:1,"PG O-24:5(6,9,12,15,18)_18:1(11)",0.7740000000000009,0.9292199999999866,0.0,0.17032199999999875,Some,Some,-66.1902,7,aldehyde,0.32588235294117646,0.0,0.0,0.0
4933,12.03,783.33828,783.42264,107.68134043196265,C48H85O9P,CCCCCCC=CCCCCCCCCCC(=O)OC(COCCCCCC=CCC=CCC=CCC=CCC=CCCCCC)COP(=O)(O)OCC(O)CO,[M-H]-,PG O-24:5_18:1,"PG O-24:5(6,9,12,15,18)_18:1(11)",0.47800000000000153,0.9667000000000598,0.0,0.14447000000000615,Some,Some,-52.163199999999996,7,criegee,1.2,0.0,1.4934289127837514,1.3417431192660552
4748,11.844,662.43957,663.2276400000001,1188.2345554839385,C48H85O9P,CCCCCCC=CCCCCCCCCCC(=O)OC(COCCCCCC=CCC=CCC=CCC=CCC=CCCCCC)COP(=O)(O)OCC(O)CO,[M-H]-,PG O-24:5_18:1,"PG O-24:5(6,9,12,15,18)_18:1(11)",0.8500000000000014,0.2629899999999452,0.0,0.11129899999999467,Some,Some,-172.35819999999993,9,criegee,0.3623529411764706,0.0,0.0,0.0
4883,11.953,687.53558,687.29324,352.6005871962496,C48H85O9P,CCCCCCC=CCCCCCCCCCC(=O)OC(COCCCCCC=CCC=CCC=CCC=CCC=CCCCCC)COP(=O)(O)OCC(O)CO,[M-H]-,PG O-24:5_18:1,"PG O-24:5(6,9,12,15,18)_18:1(11)",0.6320000000000014,0.7065999999999804,0.0,0.1338599999999982,Some,Some,-148.29259999999996,12,aldehyde,0.0,0.0,0.5268817204301075,0.0
5111,12.192,703.46767,703.29264,248.87221910923517,C48H85O9P,CCCCCCC=CCCCCCCCCCC(=O)OC(COCCCCCC=CCC=CCC=CCC=CCC=CCCCCC)COP(=O)(O)OCC(O)CO,[M-H]-,PG O-24:5_18:1,"PG O-24:5(6,9,12,15,18)_18:1(11)",0.15399999999999991,0.7739100000000008,0.03912248836614332,0.12408899069291474,Some,Some,-132.29319999999996,12,criegee,0.37882352941176467,0.5794930875576038,0.0,0.5114678899082569
4742,11.833,726.46375,727.35824,1229.7791525672671,C48H85O9P,CCCCCCC=CCCCCCCCCCC(=O)OC(COCCCCCC=CCC=CCC=CCC=CCC=CCCCCC)COP(=O)(O)OCC(O)CO,[M-H]-,PG O-24:5_18:1,"PG O-24:5(6,9,12,15,18)_18:1(11)",0.8719999999999999,0.15656999999998789,0.035858571573205524,0.1315438572585632,Some,Some,-108.2276,15,aldehyde,0.8999999999999999,0.0,0.0,0.5309633027522935
4912,11.99,743.53447,743.35764,237.8801138037797,C48H85O9P,CCCCCCC=CCCCCCCCCCC(=O)OC(COCCCCCC=CCC=CCC=CCC=CCC=CCCCCC)COP(=O)(O)OCC(O)CO,[M-H]-,PG O-24:5_18:1,"PG O-24:5(6,9,12,15,18)_18:1(11)",0.5579999999999998,0.7721099999998842,0.0469789806045353,0.17059418448361666,Some,Some,-92.2282,15,criegee,0.0,0.5472350230414746,0.0,0.0
4768,11.866,753.38454,753.3962399999999,15.529676654485604,C48H85O9P,CCCCCCC=CCCCCCCCCCC(=O)OC(COCCCCCC=CCC=CCC=CCC=CCC=CCCCCC)COP(=O)(O)OCC(O)CO,[M-H]-,PG O-24:5_18:1,"PG O-24:5(6,9,12,15,18)_18:1(11)",0.8060000000000009,0.9606399999998985,0.0,0.17666399999998994,Some,Some,-82.1896,18,aldehyde,0.0,0.28456221198156684,0.0,0.0
4598,11.603,767.50692,767.42324,109.04022140386593,C48H85O9P,CCCCCCC=CCCCCCCCCCC(=O)OC(COCCCCCC=CCC=CCC=CCC=CCC=CCCCCC)COP(=O)(O)OCC(O)CO,[M-H]-,PG O-24:5_18:1,"PG O-24:5(6,9,12,15,18)_18:1(11)",0.6679999999999993,0.8652599999999211,0.012385776525295095,0.1632346212202281,Some,Some,-68.1626,18,criegee,53.294117647058826,53.3410138248848,56.86977299880526,53.899082568807344
4748,11.844,662.43957,663.2276400000001,1188.2345554839385,C48H85O9P,CCCCCCCCCCCC=CCCCCC(=O)OC(COCCCCCC=CCC=CCC=CCC=CCC=CCCCCC)COP(=O)(O)OCC(O)CO,[M-H]-,PG O-24:5_18:1,"PG O-24:5(6,9,12,15,18)_18:1(6)",0.8500000000000014,0.2629899999999452,0.0,0.11129899999999467,Some,Some,-172.35819999999993,9,criegee,0.3623529411764706,0.0,0.0,0.0
4664,11.711,683.34148,683.26124,117.43678011064027,C48H85O9P,CCCCCCCCCCCC=CCCCCC(=O)OC(COCCCCCC=CCC=CCC=CCC=CCC=CCCCCC)COP(=O)(O)OCC(O)CO,[M-H]-,PG O-24:5_18:1,"PG O-24:5(6,9,12,15,18)_18:1(6)",0.8840000000000003,0.8686999999999898,0.0,0.17526999999999904,Some,Some,-152.32459999999998,12,aldehyde,5.5058823529411764,4.619815668202765,5.878136200716845,6.123853211009175
4933,12.03,783.33828,783.42264,107.68134043196265,C48H85O9P,CCCCCCCCCCCC=CCCCCC(=O)OC(COCCCCCC=CCC=CCC=CCC=CCC=CCCCCC)COP(=O)(O)OCC(O)CO,[M-H]-,PG O-24:5_18:1,"PG O-24:5(6,9,12,15,18)_18:1(6)",0.47800000000000153,0.9667000000000598,0.0,0.14447000000000615,Some,Some,-52.163199999999996,12,criegee,1.2,0.0,1.4934289127837514,1.3417431192660552
4914,11.995,699.5082,699.26064,354.03108059967644,C48H85O9P,CCCCCCCCCCCC=CCCCCC(=O)OC(COCCCCCC=CCC=CCC=CCC=CCC=CCCCCC)COP(=O)(O)OCC(O)CO,[M-H]-,PG O-24:5_18:1,"PG O-24:5(6,9,12,15,18)_18:1(6)",0.5480000000000018,0.7013799999999719,0.08941072496437273,0.19646657997149555,Some,Some,-136.32519999999997,15,aldehyde,0.0,1.2557603686635945,5.531660692951015,0.0
5111,12.192,703.46767,703.29264,248.87221910923517,C48H85O9P,CCCCCCCCCCCC=CCCCCC(=O)OC(COCCCCCC=CCC=CCC=CCC=CCC=CCCCCC)COP(=O)(O)OCC(O)CO,[M-H]-,PG O-24:5_18:1,"PG O-24:5(6,9,12,15,18)_18:1(6)",0.15399999999999991,0.7739100000000008,0.03912248836614332,0.12408899069291474,Some,Some,-132.29319999999996,15,criegee,0.37882352941176467,0.5794930875576038,0.0,0.5114678899082569
4742,11.833,726.46375,727.35824,1229.7791525672671,C48H85O9P,CCCCCCCCCCCC=CCCCCC(=O)OC(COCCCCCC=CCC=CCC=CCC=CCC=CCCCCC)COP(=O)(O)OCC(O)CO,[M-H]-,PG O-24:5_18:1,"PG O-24:5(6,9,12,15,18)_18:1(6)",0.8719999999999999,0.15656999999998789,0.035858571573205524,0.1315438572585632,Some,Some,-108.2276,18,aldehyde,0.8999999999999999,0.0,0.0,0.5309633027522935
4912,11.99,743.53447,743.35764,237.8801138037797,C48H85O9P,CCCCCCCCCCCC=CCCCCC(=O)OC(COCCCCCC=CCC=CCC=CCC=CCC=CCCCCC)COP(=O)(O)OCC(O)CO,[M-H]-,PG O-24:5_18:1,"PG O-24:5(6,9,12,15,18)_18:1(6)",0.5579999999999998,0.7721099999998842,0.0469789806045353,0.17059418448361666,Some,Some,-92.2282,18,criegee,0.0,0.5472350230414746,0.0,0.0
4598,11.603,767.50692,767.42324,109.04022140386593,C48H85O9P,CCCCCCCCC=CCCCCCCCC(=O)OC(COCCCCCC=CCC=CCC=CCC=CCC=CCCCCC)COP(=O)(O)OCC(O)CO,[M-H]-,PG O-24:5_18:1,"PG O-24:5(6,9,12,15,18)_18:1(9)",0.6679999999999993,0.8652599999999211,0.012385776525295095,0.1632346212202281,Some,Some,-68.1626,9,aldehyde,53.294117647058826,53.3410138248848,56.86977299880526,53.899082568807344
4933,12.03,783.33828,783.42264,107.68134043196265,C48H85O9P,CCCCCCCCC=CCCCCCCCC(=O)OC(COCCCCCC=CCC=CCC=CCC=CCC=CCCCCC)COP(=O)(O)OCC(O)CO,[M-H]-,PG O-24:5_18:1,"PG O-24:5(6,9,12,15,18)_18:1(9)",0.47800000000000153,0.9667000000000598,0.0,0.14447000000000615,Some,Some,-52.163199999999996,9,criegee,1.2,0.0,1.4934289127837514,1.3417431192660552
4883,11.953,687.53558,687.29324,352.6005871962496,C48H85O9P,CCCCCCCCC=CCCCCCCCC(=O)OC(COCCCCCC=CCC=CCC=CCC=CCC=CCCCCC)COP(=O)(O)OCC(O)CO,[M-H]-,PG O-24:5_18:1,"PG O-24:5(6,9,12,15,18)_18:1(9)",0.6320000000000014,0.7065999999999804,0.0,0.1338599999999982,Some,Some,-148.29259999999996,12,aldehyde,0.0,0.0,0.5268817204301075,0.0
5111,12.192,703.46767,703.29264,248.87221910923517,C48H85O9P,CCCCCCCCC=CCCCCCCCC(=O)OC(COCCCCCC=CCC=CCC=CCC=CCC=CCCCCC)COP(=O)(O)OCC(O)CO,[M-H]-,PG O-24:5_18:1,"PG O-24:5(6,9,12,15,18)_18:1(9)",0.15399999999999991,0.7739100000000008,0.03912248836614332,0.12408899069291474,Some,Some,-132.29319999999996,12,criegee,0.37882352941176467,0.5794930875576038,0.0,0.5114678899082569
4716,11.793,725.38879,725.34224,64.17660165499909,C48H85O9P,CCCCCCCCC=CCCCCCCCC(=O)OC(COCCCCCC=CCC=CCC=CCC=CCC=CCCCCC)COP(=O)(O)OCC(O)CO,[M-H]-,PG O-24:5_18:1,"PG O-24:5(6,9,12,15,18)_18:1(9)",0.9520000000000017,0.9023899999999685,0.0,0.18543899999999702,Some,Some,-110.24359999999999,15,aldehyde,11.435294117647059,8.894009216589861,11.302270011947432,11.582568807339449
4742,11.833,726.46375,727.35824,1229.7791525672671,C48H85O9P,CCCCCCCCC=CCCCCCCCC(=O)OC(COCCCCCC=CCC=CCC=CCC=CCC=CCCCCC)COP(=O)(O)OCC(O)CO,[M-H]-,PG O-24:5_18:1,"PG O-24:5(6,9,12,15,18)_18:1(9)",0.8719999999999999,0.15656999999998789,0.035858571573205524,0.1315438572585632,Some,Some,-108.2276,15,criegee,0.8999999999999999,0.0,0.0,0.5309633027522935
4690,11.742,741.3847,741.34164,58.08388154207629,C48H85O9P,CCCCCCCCC=CCCCCCCCC(=O)OC(COCCCCCC=CCC=CCC=CCC=CCC=CCCCCC)COP(=O)(O)OCC(O)CO,[M-H]-,PG O-24:5_18:1,"PG O-24:5(6,9,12,15,18)_18:1(9)",0.9460000000000015,0.9058800000000247,0.0,0.18518800000000263,Some,Some,-94.24419999999999,18,aldehyde,0.0,0.0,0.0,0.7614678899082569
4912,11.99,743.53447,743.35764,237.8801138037797,C48H85O9P,CCCCCCCCC=CCCCCCCCC(=O)OC(COCCCCCC=CCC=CCC=CCC=CCC=CCCCCC)COP(=O)(O)OCC(O)CO,[M-H]-,PG O-24:5_18:1,"PG O-24:5(6,9,12,15,18)_18:1(9)",0.5579999999999998,0.7721099999998842,0.0469789806045353,0.17059418448361666,Some,Some,-92.2282,18,criegee,0.0,0.5472350230414746,0.0,0.0
4662,11.707,649.32663,649.24424,126.9013953824714,C48H85O9P,CCCCCCC=CCCCCCCCCCC(=O)OC(COCCCCCCCCC=CCC=CCC=CCC=CCC=CCC)COP(=O)(O)OCC(O)CO,[M-H]-,PG O-24:5_18:1,"PG O-24:5(9,12,15,18,21)_18:1(11)",0.8760000000000012,0.8665499999999611,0.022247552822136727,0.1920530422577056,Some,Some,-186.34159999999991,3,aldehyde,20.588235294117645,18.548387096774192,34.64755077658304,33.715596330275226
5116,12.197,665.34197,665.24364,147.81050744043037,C48H85O9P,CCCCCCC=CCCCCCCCCCC(=O)OC(COCCCCCCCCC=CCC=CCC=CCC=CCC=CCC)COP(=O)(O)OCC(O)CO,[M-H]-,PG O-24:5_18:1,"PG O-24:5(9,12,15,18,21)_18:1(11)",0.1440000000000019,0.8506100000000743,0.0,0.09946100000000763,Some,Some,-170.3421999999999,3,criegee,0.0,0.0,0.0,0.4048165137614679
4783,11.875,689.45139,689.30924,206.22094083622235,C48H85O9P,CCCCCCC=CCCCCCCCCCC(=O)OC(COCCCCCCCCC=CCC=CCC=CCC=CCC=CCC)COP(=O)(O)OCC(O)CO,[M-H]-,PG O-24:5_18:1,"PG O-24:5(9,12,15,18,21)_18:1(11)",0.7880000000000003,0.8067900000000918,0.09401634850995264,0.23469207880797133,Some,Some,-146.27659999999997,6,aldehyde,6.0588235294117645,2.6382488479262673,0.0,5.045871559633028
4764,11.86,705.48236,705.30864,246.3035189814249,C48H85O9P,CCCCCCC=CCCCCCCCCCC(=O)OC(COCCCCCCCCC=CCC=CCC=CCC=CCC=CCC)COP(=O)(O)OCC(O)CO,[M-H]-,PG O-24:5_18:1,"PG O-24:5(9,12,15,18,21)_18:1(11)",0.8180000000000014,0.7752199999999903,0.0,0.1593219999999992,Some,Some,-130.27719999999997,6,criegee,0.0,0.0,1.4336917562724014,0.0
4579,11.591,809.51916,809.50424,18.431033789365515,C48H85O9P,CCCCCCC=CCCCCCCCCCC(=O)OC(COCCCCCCCCC=CCC=CCC=CCC=CCC=CCC)COP(=O)(O)OCC(O)CO,[M-H]-,PG O-24:5_18:1,"PG O-24:5(9,12,15,18,21)_18:1(11)",0.6439999999999984,0.9340199999999186,0.6426204019676862,0.6718983215741406,Some,Some,-26.081599999999995,7,aldehyde,0.0,0.0,7.598566308243727,7.947247706422019
4852,11.913,825.50962,825.50364,7.2440625458929535,C48H85O9P,CCCCCCC=CCCCCCCCCCC(=O)OC(COCCCCCCCCC=CCC=CCC=CCC=CCC=CCC)COP(=O)(O)OCC(O)CO,[M-H]-,PG O-24:5_18:1,"PG O-24:5(9,12,15,18,21)_18:1(11)",0.7119999999999997,0.9429599999999709,0.0,0.1654959999999971,Some,Some,-10.082199999999995,7,criegee,0.0,3.8364055299539173,0.0,0.0
4768,11.866,753.38454,753.3962399999999,15.529676654485604,C48H85O9P,CCCCCCC=CCCCCCCCCCC(=O)OC(COCCCCCCCCC=CCC=CCC=CCC=CCC=CCC)COP(=O)(O)OCC(O)CO,[M-H]-,PG O-24:5_18:1,"PG O-24:5(9,12,15,18,21)_18:1(11)",0.8060000000000009,0.9606399999998985,0.0,0.17666399999998994,Some,Some,-82.1896,12,aldehyde,0.0,0.28456221198156684,0.0,0.0
4625,11.656,769.41536,769.39564,25.630506562276103,C48H85O9P,CCCCCCC=CCCCCCCCCCC(=O)OC(COCCCCCCCCC=CCC=CCC=CCC=CCC=CCC)COP(=O)(O)OCC(O)CO,[M-H]-,PG O-24:5_18:1,"PG O-24:5(9,12,15,18,21)_18:1(11)",0.7740000000000009,0.9292199999999866,0.0,0.17032199999999875,Some,Some,-66.1902,12,criegee,0.32588235294117646,0.0,0.0,0.0
4625,11.656,769.41536,769.4392399999999,31.03558898291023,C48H85O9P,CCCCCCC=CCCCCCCCCCC(=O)OC(COCCCCCCCCC=CCC=CCC=CCC=CCC=CCC)COP(=O)(O)OCC(O)CO,[M-H]-,PG O-24:5_18:1,"PG O-24:5(9,12,15,18,21)_18:1(11)",0.7740000000000009,0.972819999999956,0.0,0.1746819999999957,Some,Some,-66.1466,15,aldehyde,0.32588235294117646,0.0,0.0,0.0
4837,11.907,785.40978,785.43864,36.74379961750898,C48H85O9P,CCCCCCC=CCCCCCCCCCC(=O)OC(COCCCCCCCCC=CCC=CCC=CCC=CCC=CCC)COP(=O)(O)OCC(O)CO,[M-H]-,PG O-24:5_18:1,"PG O-24:5(9,12,15,18,21)_18:1(11)",0.7240000000000002,0.977800000000002,0.0,0.17018000000000022,Some,Some,-50.147200000000005,15,criegee,2.847058823529412,2.2119815668202767,2.7240143369175627,2.7866972477064222
4662,11.707,649.32663,649.24424,126.9013953824714,C48H85O9P,CCCCCCCCCCCC=CCCCCC(=O)OC(COCCCCCCCCC=CCC=CCC=CCC=CCC=CCC)COP(=O)(O)OCC(O)CO,[M-H]-,PG O-24:5_18:1,"PG O-24:5(9,12,15,18,21)_18:1(6)",0.8760000000000012,0.8665499999999611,0.022247552822136727,0.1920530422577056,Some,Some,-186.34159999999991,3,aldehyde,20.588235294117645,18.548387096774192,34.64755077658304,33.715596330275226
5116,12.197,665.34197,665.24364,147.81050744043037,C48H85O9P,CCCCCCCCCCCC=CCCCCC(=O)OC(COCCCCCCCCC=CCC=CCC=CCC=CCC=CCC)COP(=O)(O)OCC(O)CO,[M-H]-,PG O-24:5_18:1,"PG O-24:5(9,12,15,18,21)_18:1(6)",0.1440000000000019,0.8506100000000743,0.0,0.09946100000000763,Some,Some,-170.3421999999999,3,criegee,0.0,0.0,0.0,0.4048165137614679
4664,11.711,683.34148,683.26124,117.43678011064027,C48H85O9P,CCCCCCCCCCCC=CCCCCC(=O)OC(COCCCCCCCCC=CCC=CCC=CCC=CCC=CCC)COP(=O)(O)OCC(O)CO,[M-H]-,PG O-24:5_18:1,"PG O-24:5(9,12,15,18,21)_18:1(6)",0.8840000000000003,0.8686999999999898,0.0,0.17526999999999904,Some,Some,-152.32459999999998,6,aldehyde,5.5058823529411764,4.619815668202765,5.878136200716845,6.123853211009175
4783,11.875,689.45139,689.30924,206.22094083622235,C48H85O9P,CCCCCCCCCCCC=CCCCCC(=O)OC(COCCCCCCCCC=CCC=CCC=CCC=CCC=CCC)COP(=O)(O)OCC(O)CO,[M-H]-,PG O-24:5_18:1,"PG O-24:5(9,12,15,18,21)_18:1(6)",0.7880000000000003,0.8067900000000918,0.09401634850995264,0.23469207880797133,Some,Some,-146.27659999999997,6,criegee,6.0588235294117645,2.6382488479262673,0.0,5.045871559633028
4914,11.995,699.5082,699.26064,354.03108059967644,C48H85O9P,CCCCCCCCCCCC=CCCCCC(=O)OC(COCCCCCCCCC=CCC=CCC=CCC=CCC=CCC)COP(=O)(O)OCC(O)CO,[M-H]-,PG O-24:5_18:1,"PG O-24:5(9,12,15,18,21)_18:1(6)",0.5480000000000018,0.7013799999999719,0.08941072496437273,0.19646657997149555,Some,Some,-136.32519999999997,9,aldehyde,0.0,1.2557603686635945,5.531660692951015,0.0
4764,11.86,705.48236,705.30864,246.3035189814249,C48H85O9P,CCCCCCCCCCCC=CCCCCC(=O)OC(COCCCCCCCCC=CCC=CCC=CCC=CCC=CCC)COP(=O)(O)OCC(O)CO,[M-H]-,PG O-24:5_18:1,"PG O-24:5(9,12,15,18,21)_18:1(6)",0.8180000000000014,0.7752199999999903,0.0,0.1593219999999992,Some,Some,-130.27719999999997,9,criegee,0.0,0.0,1.4336917562724014,0.0
4579,11.591,809.51916,809.50424,18.431033789365515,C48H85O9P,CCCCCCCCCCCC=CCCCCC(=O)OC(COCCCCCCCCC=CCC=CCC=CCC=CCC=CCC)COP(=O)(O)OCC(O)CO,[M-H]-,PG O-24:5_18:1,"PG O-24:5(9,12,15,18,21)_18:1(6)",0.6439999999999984,0.9340199999999186,0.6426204019676862,0.6718983215741406,Some,Some,-26.081599999999995,12,aldehyde,0.0,0.0,7.598566308243727,7.947247706422019
4852,11.913,825.50962,825.50364,7.2440625458929535,C48H85O9P,CCCCCCCCCCCC=CCCCCC(=O)OC(COCCCCCCCCC=CCC=CCC=CCC=CCC=CCC)COP(=O)(O)OCC(O)CO,[M-H]-,PG O-24:5_18:1,"PG O-24:5(9,12,15,18,21)_18:1(6)",0.7119999999999997,0.9429599999999709,0.0,0.1654959999999971,Some,Some,-10.082199999999995,12,criegee,0.0,3.8364055299539173,0.0,0.0
4625,11.656,769.41536,769.4392399999999,31.03558898291023,C48H85O9P,CCCCCCCCCCCC=CCCCCC(=O)OC(COCCCCCCCCC=CCC=CCC=CCC=CCC=CCC)COP(=O)(O)OCC(O)CO,[M-H]-,PG O-24:5_18:1,"PG O-24:5(9,12,15,18,21)_18:1(6)",0.7740000000000009,0.972819999999956,0.0,0.1746819999999957,Some,Some,-66.1466,15,aldehyde,0.32588235294117646,0.0,0.0,0.0
4837,11.907,785.40978,785.43864,36.74379961750898,C48H85O9P,CCCCCCCCCCCC=CCCCCC(=O)OC(COCCCCCCCCC=CCC=CCC=CCC=CCC=CCC)COP(=O)(O)OCC(O)CO,[M-H]-,PG O-24:5_18:1,"PG O-24:5(9,12,15,18,21)_18:1(6)",0.7240000000000002,0.977800000000002,0.0,0.17018000000000022,Some,Some,-50.147200000000005,15,criegee,2.847058823529412,2.2119815668202767,2.7240143369175627,2.7866972477064222
4662,11.707,649.32663,649.24424,126.9013953824714,C48H85O9P,CCCCCCCCC=CCCCCCCCC(=O)OC(COCCCCCCCCC=CCC=CCC=CCC=CCC=CCC)COP(=O)(O)OCC(O)CO,[M-H]-,PG O-24:5_18:1,"PG O-24:5(9,12,15,18,21)_18:1(9)",0.8760000000000012,0.8665499999999611,0.022247552822136727,0.1920530422577056,Some,Some,-186.34159999999991,3,aldehyde,20.588235294117645,18.548387096774192,34.64755077658304,33.715596330275226
5116,12.197,665.34197,665.24364,147.81050744043037,C48H85O9P,CCCCCCCCC=CCCCCCCCC(=O)OC(COCCCCCCCCC=CCC=CCC=CCC=CCC=CCC)COP(=O)(O)OCC(O)CO,[M-H]-,PG O-24:5_18:1,"PG O-24:5(9,12,15,18,21)_18:1(9)",0.1440000000000019,0.8506100000000743,0.0,0.09946100000000763,Some,Some,-170.3421999999999,3,criegee,0.0,0.0,0.0,0.4048165137614679
4783,11.875,689.45139,689.30924,206.22094083622235,C48H85O9P,CCCCCCCCC=CCCCCCCCC(=O)OC(COCCCCCCCCC=CCC=CCC=CCC=CCC=CCC)COP(=O)(O)OCC(O)CO,[M-H]-,PG O-24:5_18:1,"PG O-24:5(9,12,15,18,21)_18:1(9)",0.7880000000000003,0.8067900000000918,0.09401634850995264,0.23469207880797133,Some,Some,-146.27659999999997,6,aldehyde,6.0588235294117645,2.6382488479262673,0.0,5.045871559633028
4764,11.86,705.48236,705.30864,246.3035189814249,C48H85O9P,CCCCCCCCC=CCCCCCCCC(=O)OC(COCCCCCCCCC=CCC=CCC=CCC=CCC=CCC)COP(=O)(O)OCC(O)CO,[M-H]-,PG O-24:5_18:1,"PG O-24:5(9,12,15,18,21)_18:1(9)",0.8180000000000014,0.7752199999999903,0.0,0.1593219999999992,Some,Some,-130.27719999999997,6,criegee,0.0,0.0,1.4336917562724014,0.0
4579,11.591,809.51916,809.50424,18.431033789365515,C48H85O9P,CCCCCCCCC=CCCCCCCCC(=O)OC(COCCCCCCCCC=CCC=CCC=CCC=CCC=CCC)COP(=O)(O)OCC(O)CO,[M-H]-,PG O-24:5_18:1,"PG O-24:5(9,12,15,18,21)_18:1(9)",0.6439999999999984,0.9340199999999186,0.6426204019676862,0.6718983215741406,Some,Some,-26.081599999999995,9,aldehyde,0.0,0.0,7.598566308243727,7.947247706422019
4852,11.913,825.50962,825.50364,7.2440625458929535,C48H85O9P,CCCCCCCCC=CCCCCCCCC(=O)OC(COCCCCCCCCC=CCC=CCC=CCC=CCC=CCC)COP(=O)(O)OCC(O)CO,[M-H]-,PG O-24:5_18:1,"PG O-24:5(9,12,15,18,21)_18:1(9)",0.7119999999999997,0.9429599999999709,0.0,0.1654959999999971,Some,Some,-10.082199999999995,9,criegee,0.0,3.8364055299539173,0.0,0.0
4690,11.742,741.3847,741.34164,58.08388154207629,C48H85O9P,CCCCCCCCC=CCCCCCCCC(=O)OC(COCCCCCCCCC=CCC=CCC=CCC=CCC=CCC)COP(=O)(O)OCC(O)CO,[M-H]-,PG O-24:5_18:1,"PG O-24:5(9,12,15,18,21)_18:1(9)",0.9460000000000015,0.9058800000000247,0.0,0.18518800000000263,Some,Some,-94.24419999999999,12,aldehyde,0.0,0.0,0.0,0.7614678899082569
4625,11.656,769.41536,769.4392399999999,31.03558898291023,C48H85O9P,CCCCCCCCC=CCCCCCCCC(=O)OC(COCCCCCCCCC=CCC=CCC=CCC=CCC=CCC)COP(=O)(O)OCC(O)CO,[M-H]-,PG O-24:5_18:1,"PG O-24:5(9,12,15,18,21)_18:1(9)",0.7740000000000009,0.972819999999956,0.0,0.1746819999999957,Some,Some,-66.1466,15,aldehyde,0.32588235294117646,0.0,0.0,0.0
4837,11.907,785.40978,785.43864,36.74379961750898,C48H85O9P,CCCCCCCCC=CCCCCCCCC(=O)OC(COCCCCCCCCC=CCC=CCC=CCC=CCC=CCC)COP(=O)(O)OCC(O)CO,[M-H]-,PG O-24:5_18:1,"PG O-24:5(9,12,15,18,21)_18:1(9)",0.7240000000000002,0.977800000000002,0.0,0.17018000000000022,Some,Some,-50.147200000000005,15,criegee,2.847058823529412,2.2119815668202767,2.7240143369175627,2.7866972477064222
5437,12.579,773.53485,773.53381,1.344479047385207,C42H79O10P,CCCCCCCCC=CCC=CCCCCC(=O)OC(COC(=O)CCCCCCCCCCCCCCCCC)COP(=O)(O)OCC(O)CO,[M-H]-,PG 18:0_18:2,"PG 18:0_18:2(6,9)",0.6905000000000001,0.8732425000000319,0.05934733874828311,0.2038521209986297,All,Some,0.0,0,substrate,0.0,0.0,8340.50553908566,0.0
5437,12.579,773.53485,773.53381,1.344479047385207,C42H79O10P,CCCCCC=CCC=CCCCCCCCC(=O)OC(COC(=O)CCCCCCCCCCCCCCCCC)COP(=O)(O)OCC(O)CO,[M-H]-,PG 18:0_18:2,"PG 18:0_18:2(9,12)",0.942000000000002,0.9846974999999816,0.0,0.19266974999999836,All,None,0.0,0,substrate,0.0,0.0,4359.4944609143395,0.0
5407,12.544,623.47274,623.2252100000001,397.17584595139107,C42H79O10P,CCCCCCCCC=CCC=CCCCCC(=O)OC(COC(=O)CCCCCCCCCCCCCCCCC)COP(=O)(O)OCC(O)CO,[M-H]-,PG 18:0_18:2,"PG 18:0_18:2(6,9)",0.9299999999999997,0.7535100000000057,0.0,0.16835100000000053,All,Some,-150.30859999999996,9,aldehyde,0.0,0.0,0.0,1010000000.0
5574,12.635,639.23786,639.2246100000001,20.72823823203116,C42H79O10P,CCCCCCCCC=CCC=CCCCCC(=O)OC(COC(=O)CCCCCCCCCCCCCCCCC)COP(=O)(O)OCC(O)CO,[M-H]-,PG 18:0_18:2,"PG 18:0_18:2(6,9)",0.8880000000000017,0.9877900000001318,0.0,0.18757900000001337,All,Some,-134.30919999999995,9,criegee,2620000000.0,3300000000.0,298.4251968503937,3680000000.0
5665,12.736,663.37131,663.29021,122.26925526308035,C42H79O10P,CCCCCCCCC=CCC=CCCCCC(=O)OC(COC(=O)CCCCCCCCCCCCCCCCC)COP(=O)(O)OCC(O)CO,[M-H]-,PG 18:0_18:2,"PG 18:0_18:2(6,9)",0.6859999999999999,0.9199399999999969,0.0,0.16059399999999968,All,Some,-110.24359999999999,12,aldehyde,777000000.0,0.0,32.99212598425197,849000000.0
5125,12.208,679.45892,679.28961,249.2456788791394,C42H79O10P,CCCCCCCCC=CCC=CCCCCC(=O)OC(COC(=O)CCCCCCCCCCCCCCCCC)COP(=O)(O)OCC(O)CO,[M-H]-,PG 18:0_18:2,"PG 18:0_18:2(6,9)",0.2579999999999991,0.8317299999999932,0.23738935499313243,0.2988844839945052,All,Some,-94.24419999999999,12,criegee,0.0,735000000.0,0.0,0.0
5478,12.604,665.34315,665.30621,55.523305576949845,C42H79O10P,CCCCCC=CCC=CCCCCCCCC(=O)OC(COC(=O)CCCCCCCCCCCCCCCCC)COP(=O)(O)OCC(O)CO,[M-H]-,PG 18:0_18:2,"PG 18:0_18:2(9,12)",0.9500000000000028,0.9641000000000304,0.0,0.19141000000000336,All,None,-108.2276,6,aldehyde,1130000000.0,0.0,86.61417322834646,948000000.0
5469,12.6,681.28586,681.30561,28.98845937881616,C42H79O10P,CCCCCC=CCC=CCCCCCCCC(=O)OC(COC(=O)CCCCCCCCCCCCCCCCC)COP(=O)(O)OCC(O)CO,[M-H]-,PG 18:0_18:2,"PG 18:0_18:2(9,12)",0.958000000000002,0.9792099999999664,0.0,0.19372099999999687,All,None,-92.2282,6,criegee,879000000.0,501000000.0,0.0,960000000.0
5481,12.605,705.37405,705.37121,4.02624881726029,C42H79O10P,CCCCCC=CCC=CCCCCCCCC(=O)OC(COC(=O)CCCCCCCCCCCCCCCCC)COP(=O)(O)OCC(O)CO,[M-H]-,PG 18:0_18:2,"PG 18:0_18:2(9,12)",0.9480000000000004,0.9981999999999971,0.0,0.19461999999999977,All,None,-68.1626,9,aldehyde,1080000000.0,1880000000.0,0.0,0.0
5550,12.623,721.36893,721.37061,2.32889998121563,C42H79O10P,CCCCCC=CCC=CCCCCCCCC(=O)OC(COC(=O)CCCCCCCCCCCCCCCCC)COP(=O)(O)OCC(O)CO,[M-H]-,PG 18:0_18:2,"PG 18:0_18:2(9,12)",0.9120000000000026,0.9972799999999324,0.0,0.19092799999999352,All,None,-52.163199999999996,9,criegee,1490000000.0,969000000.0,86.61417322834646,855000000.0
5448,12.591,669.44924,669.45008,1.2547612212184172,C37H67O8P,CCCCCCCCC=CCC=CCCCCC(=O)OC(COC(=O)CCCCCC=CCCCCCCCC)COP(=O)(O)O,[M-H]-,PA 16:1_18:2,"PA 16:1(7)_18:2(6,9)",0.5250000000000004,0.8055550000000267,0.100760863754133,0.21366419100330913,Some,Some,0.0,0,substrate,0.0,0.0,0.0,2091.5728627928206
5448,12.591,669.44924,669.45008,1.2547612212184172,C37H67O8P,CCCCCC=CCC=CCCCCCCCC(=O)OC(COC(=O)CCCCCC=CCCCCCCCC)COP(=O)(O)O,[M-H]-,PA 16:1_18:2,"PA 16:1(7)_18:2(9,12)",0.44149999999999956,0.44906999999997765,0.14717939507046654,0.20680051605637098,Some,Some,0.0,0,substrate,0.0,0.0,0.0,4751.0077578338905
5448,12.591,669.44924,669.45008,1.2547612212184172,C37H67O8P,CCCCCCCCC=CCC=CCCCCC(=O)OC(COC(=O)CCCCCCCC=CCCCCCC)COP(=O)(O)O,[M-H]-,PA 16:1_18:2,"PA 16:1(9)_18:2(6,9)",0.7045000000000003,0.8434075000000405,0.0503804318770665,0.1950950955016573,Some,Some,0.0,0,substrate,0.0,0.0,0.0,0.0
5448,12.591,669.44924,669.45008,1.2547612212184172,C37H67O8P,CCCCCCCCC=CCC=CCCCCC(=O)OC(COC(=O)CCCCC=CCCCCCCCCC)COP(=O)(O)O,[M-H]-,PA 16:1_18:2,"PA 16:1(6)_18:2(6,9)",0.47800000000000037,0.8165200000000065,0.067173909169422,0.1831911273355383,Some,Some,0.0,0,substrate,0.0,0.0,0.0,1934.7048980833583
5448,12.591,669.44924,669.45008,1.2547612212184172,C37H67O8P,CCCCCC=CCC=CCCCCCCCC(=O)OC(COC(=O)CCCCCCCC=CCCCCCC)COP(=O)(O)O,[M-H]-,PA 16:1_18:2,"PA 16:1(9)_18:2(9,12)",0.6887999999999991,0.39760999999998603,0.07743917055472002,0.17059233644377453,All,Some,0.0,0,substrate,0.0,0.0,0.0,8031.639793124429
5448,12.591,669.44924,669.45008,1.2547612212184172,C37H67O8P,CCCCCC=CCC=CCCCCCCCC(=O)OC(COC(=O)CCCCC=CCCCCCCCCC)COP(=O)(O)O,[M-H]-,PA 16:1_18:2,"PA 16:1(6)_18:2(9,12)",0.5149999999999988,0.2659949999999469,0.09679896319340003,0.1555386705547146,All,Some,0.0,0,substrate,0.0,0.0,0.0,10691.074688165501
6025,12.899,545.34019,545.1794799999999,294.7836554672019,C37H67O8P,CCCCCCCCC=CCC=CCCCCC(=O)OC(COC(=O)CCCCC=CCCCCCCCCC)COP(=O)(O)O,[M-H]-,PA 16:1_18:2,"PA 16:1(6)_18:2(6,9)",0.38400000000000034,0.8384499999999662,0.0,0.12224499999999666,Some,Some,-124.27060000000002,9,aldehyde,1780000000.0,1440000000.0,1980000000.0,72.72727272727273
6186,12.911,559.4736,559.2064799999999,477.6768681222916,C37H67O8P,CCCCCCCCC=CCC=CCCCCC(=O)OC(COC(=O)CCCCC=CCCCCCCCCC)COP(=O)(O)O,[M-H]-,PA 16:1_18:2,"PA 16:1(6)_18:2(6,9)",0.35999999999999943,0.7320399999999836,0.201521727508266,0.27042138200661114,Some,Some,-110.24359999999999,9,criegee,797000000.0,0.0,0.0,0.0
5340,12.436,575.32597,575.20588,208.77742070370473,C37H67O8P,CCCCCCCCC=CCC=CCCCCC(=O)OC(COC(=O)CCCCC=CCCCCCCCCC)COP(=O)(O)O,[M-H]-,PA 16:1_18:2,"PA 16:1(6)_18:2(6,9)",0.6900000000000013,0.8790700000000697,0.0,0.15690700000000712,Some,Some,-94.24419999999999,12,criegee,0.0,0.0,129000000.0,0.0
6245,12.922,576.32201,577.2218799999999,1558.9672380401876,C37H67O8P,CCCCCC=CCC=CCCCCCCCC(=O)OC(COC(=O)CCCCC=CCCCCCCCCC)COP(=O)(O)O,[M-H]-,PA 16:1_18:2,"PA 16:1(6)_18:2(9,12)",0.3379999999999974,0.10096999999996115,0.17355298796250987,0.18273939037000375,All,Some,-92.2282,6,criegee,1780000000.0,3910000000.0,2630000000.0,67.27272727272727
5507,12.611,600.327,601.28748,1597.3723583932954,C37H67O8P,CCCCCC=CCC=CCCCCCCCC(=O)OC(COC(=O)CCCCC=CCCCCCCCCC)COP(=O)(O)O,[M-H]-,PA 16:1_18:2,"PA 16:1(6)_18:2(9,12)",0.9599999999999973,0.0403599999999642,0.0,0.10003599999999616,All,Some,-68.1626,9,aldehyde,0.0,631000000.0,0.0,25.2
5231,12.28,616.37024,617.28688,1484.9497530224999,C37H67O8P,CCCCCC=CCC=CCCCCCCCC(=O)OC(COC(=O)CCCCC=CCCCCCCCCC)COP(=O)(O)O,[M-H]-,PA 16:1_18:2,"PA 16:1(6)_18:2(9,12)",0.3780000000000001,0.08419999999989614,0.2136428648110903,0.21713429184886188,All,Some,-52.163199999999996,9,criegee,0.0,0.0,585000000.0,0.0
6025,12.899,545.34019,545.1794799999999,294.7836554672019,C37H67O8P,CCCCCC=CCC=CCCCCCCCC(=O)OC(COC(=O)CCCCC=CCCCCCCCCC)COP(=O)(O)O,[M-H]-,PA 16:1_18:2,"PA 16:1(6)_18:2(9,12)",0.38400000000000034,0.8384499999999662,0.0,0.12224499999999666,All,Some,-124.27060000000002,10,aldehyde,1780000000.0,1440000000.0,1980000000.0,72.72727272727273
6186,12.911,559.4736,559.2064799999999,477.6768681222916,C37H67O8P,CCCCCCCCC=CCC=CCCCCC(=O)OC(COC(=O)CCCCCC=CCCCCCCCC)COP(=O)(O)O,[M-H]-,PA 16:1_18:2,"PA 16:1(7)_18:2(6,9)",0.35999999999999943,0.7320399999999836,0.201521727508266,0.27042138200661114,Some,Some,-110.24359999999999,9,aldehyde,797000000.0,0.0,0.0,0.0
5340,12.436,575.32597,575.20588,208.77742070370473,C37H67O8P,CCCCCCCCC=CCC=CCCCCC(=O)OC(COC(=O)CCCCCC=CCCCCCCCC)COP(=O)(O)O,[M-H]-,PA 16:1_18:2,"PA 16:1(7)_18:2(6,9)",0.6900000000000013,0.8790700000000697,0.0,0.15690700000000712,Some,Some,-94.24419999999999,9,criegee,0.0,0.0,129000000.0,0.0
5340,12.436,575.32597,575.20588,208.77742070370473,C37H67O8P,CCCCCC=CCC=CCCCCCCCC(=O)OC(COC(=O)CCCCCC=CCCCCCCCC)COP(=O)(O)O,[M-H]-,PA 16:1_18:2,"PA 16:1(7)_18:2(9,12)",0.6900000000000013,0.8790700000000697,0.0,0.15690700000000712,Some,Some,-94.24419999999999,6,aldehyde,0.0,0.0,129000000.0,0.0
6245,12.922,576.32201,577.2218799999999,1558.9672380401876,C37H67O8P,CCCCCC=CCC=CCCCCCCCC(=O)OC(COC(=O)CCCCCC=CCCCCCCCC)COP(=O)(O)O,[M-H]-,PA 16:1_18:2,"PA 16:1(7)_18:2(9,12)",0.3379999999999974,0.10096999999996115,0.17355298796250987,0.18273939037000375,Some,Some,-92.2282,6,criegee,1780000000.0,3910000000.0,2630000000.0,67.27272727272727
6186,12.911,559.4736,559.2064799999999,477.6768681222916,C37H67O8P,CCCCCC=CCC=CCCCCCCCC(=O)OC(COC(=O)CCCCCC=CCCCCCCCC)COP(=O)(O)O,[M-H]-,PA 16:1_18:2,"PA 16:1(7)_18:2(9,12)",0.35999999999999943,0.7320399999999836,0.201521727508266,0.27042138200661114,Some,Some,-110.24359999999999,9,aldehyde,797000000.0,0.0,0.0,0.0
5231,12.28,616.37024,617.28688,1484.9497530224999,C37H67O8P,CCCCCC=CCC=CCCCCCCCC(=O)OC(COC(=O)CCCCCC=CCCCCCCCC)COP(=O)(O)O,[M-H]-,PA 16:1_18:2,"PA 16:1(7)_18:2(9,12)",0.3780000000000001,0.08419999999989614,0.2136428648110903,0.21713429184886188,Some,Some,-52.163199999999996,9,criegee,0.0,0.0,585000000.0,0.0
6186,12.911,559.4736,559.2064799999999,477.6768681222916,C37H67O8P,CCCCCCCCC=CCC=CCCCCC(=O)OC(COC(=O)CCCCCCCC=CCCCCCC)COP(=O)(O)O,[M-H]-,PA 16:1_18:2,"PA 16:1(9)_18:2(6,9)",0.35999999999999943,0.7320399999999836,0.201521727508266,0.27042138200661114,Some,Some,-110.24359999999999,9,aldehyde,797000000.0,0.0,0.0,0.0
5340,12.436,575.32597,575.20588,208.77742070370473,C37H67O8P,CCCCCCCCC=CCC=CCCCCC(=O)OC(COC(=O)CCCCCCCC=CCCCCCC)COP(=O)(O)O,[M-H]-,PA 16:1_18:2,"PA 16:1(9)_18:2(6,9)",0.6900000000000013,0.8790700000000697,0.0,0.15690700000000712,Some,Some,-94.24419999999999,9,criegee,0.0,0.0,129000000.0,0.0
5581,12.639,587.22229,587.2604799999999,65.0307679479339,C37H67O8P,CCCCCCCCC=CCC=CCCCCC(=O)OC(COC(=O)CCCCCCCC=CCCCCCC)COP(=O)(O)O,[M-H]-,PA 16:1_18:2,"PA 16:1(9)_18:2(6,9)",0.9039999999999999,0.9626500000000533,0.0,0.18666500000000533,Some,Some,-82.1896,12,aldehyde,812000000.0,645000000.0,1170000000.0,31.272727272727273
5390,12.523,603.45917,603.25988,330.355136496097,C37H67O8P,CCCCCCCCC=CCC=CCCCCC(=O)OC(COC(=O)CCCCCCCC=CCCCCCC)COP(=O)(O)O,[M-H]-,PA 16:1_18:2,"PA 16:1(9)_18:2(6,9)",0.8640000000000008,0.7998700000000554,0.0,0.1663870000000056,Some,Some,-66.1902,12,criegee,6270000000.0,3700000000.0,5220000000.0,248.0
5581,12.639,587.22229,587.2604799999999,65.0307679479339,C37H67O8P,CCCCCC=CCC=CCCCCCCCC(=O)OC(COC(=O)CCCCCCCC=CCCCCCC)COP(=O)(O)O,[M-H]-,PA 16:1_18:2,"PA 16:1(9)_18:2(9,12)",0.9039999999999999,0.9626500000000533,0.0,0.18666500000000533,All,Some,-82.1896,6,aldehyde,812000000.0,645000000.0,1170000000.0,31.272727272727273
5507,12.611,600.327,601.28748,1597.3723583932954,C37H67O8P,CCCCCC=CCC=CCCCCCCCC(=O)OC(COC(=O)CCCCCCCC=CCCCCCC)COP(=O)(O)O,[M-H]-,PA 16:1_18:2,"PA 16:1(9)_18:2(9,12)",0.9599999999999973,0.0403599999999642,0.0,0.10003599999999616,All,Some,-68.1626,6,criegee,0.0,631000000.0,0.0,25.2
6245,12.922,576.32201,577.2218799999999,1558.9672380401876,C37H67O8P,CCCCCC=CCC=CCCCCCCCC(=O)OC(COC(=O)CCCCCCCC=CCCCCCC)COP(=O)(O)O,[M-H]-,PA 16:1_18:2,"PA 16:1(9)_18:2(9,12)",0.3379999999999974,0.10096999999996115,0.17355298796250987,0.18273939037000375,All,Some,-92.2282,7,criegee,1780000000.0,3910000000.0,2630000000.0,67.27272727272727
5390,12.523,603.45917,603.25988,330.355136496097,C37H67O8P,CCCCCC=CCC=CCCCCCCCC(=O)OC(COC(=O)CCCCCCCC=CCCCCCC)COP(=O)(O)O,[M-H]-,PA 16:1_18:2,"PA 16:1(9)_18:2(9,12)",0.8640000000000008,0.7998700000000554,0.0,0.1663870000000056,All,Some,-66.1902,9,aldehyde,6270000000.0,3700000000.0,5220000000.0,248.0
5231,12.28,616.37024,617.28688,1484.9497530224999,C37H67O8P,CCCCCC=CCC=CCCCCCCCC(=O)OC(COC(=O)CCCCCCCC=CCCCCCC)COP(=O)(O)O,[M-H]-,PA 16:1_18:2,"PA 16:1(9)_18:2(9,12)",0.3780000000000001,0.08419999999989614,0.2136428648110903,0.21713429184886188,All,Some,-52.163199999999996,9,criegee,0.0,0.0,585000000.0,0.0
5487,12.607,887.56615,887.5655,0.732340317363083,C47H85O13P,CCCCCCCCC=CCC=CCC=CCCCC(=O)OC(COC(=O)CCCCCCCCCCCCCCCCC)COP(=O)(O)OC1C(O)C(O)C(O)C(O)C1O,[M-H]-,PI 18:0_20:3,"PI 18:0_20:3(5,8,11)",0.897666666666666,0.7937400000000707,0.022329858549963107,0.18700455350664416,All,Some,0.0,0,substrate,196926.03069186516,180417.3794047212,215724.79048391455,213371.34945331007
5487,12.607,887.56615,887.5655,0.732340317363083,C47H85O13P,CCC=CCC=CCC=CCCCCCCCCCC(=O)OC(COC(=O)CCCCCCCCCCCCCCCCC)COP(=O)(O)OC1C(O)C(O)C(O)C(O)C1O,[M-H]-,PI 18:0_20:3,"PI 18:0_20:3(11,14,17)",0.8455000000000013,0.7283399999999745,0.023939558736227252,0.1765356469889794,Some,Some,0.0,0,substrate,154645.08943822683,188874.44406431747,157333.73884833738,150349.7673356362
5487,12.607,887.56615,887.5655,0.732340317363083,C47H85O13P,CCCCCC=CCC=CCC=CCCCCCCC(=O)OC(COC(=O)CCCCCCCCCCCCCCCCC)COP(=O)(O)OC1C(O)C(O)C(O)C(O)C1O,[M-H]-,PI 18:0_20:3,"PI 18:0_20:3(8,11,14)",0.8346666666666666,0.8904466666666812,0.004029210316135843,0.17573470158624346,All,Some,0.0,0,substrate,235428.87986990807,248708.17653096133,237941.47066774804,239278.88321105368
5362,12.496,781.52272,781.3539000000001,216.06086563333517,C47H85O13P,CCC=CCC=CCC=CCCCCCCCCCC(=O)OC(COC(=O)CCCCCCCCCCCCCCCCC)COP(=O)(O)OC1C(O)C(O)C(O)C(O)C1O,[M-H]-,PI 18:0_20:3,"PI 18:0_20:3(11,14,17)",0.7780000000000022,0.8318299999999681,0.047891675313983494,0.19929634025118384,Some,Some,-106.21159999999999,3,aldehyde,35.09369676320272,33.17152103559871,33.715220949263504,33.33333333333333
5619,12.689,821.42136,821.4189,2.994817869471804,C47H85O13P,CCC=CCC=CCC=CCCCCCCCCCC(=O)OC(COC(=O)CCCCCCCCCCCCCCCCC)COP(=O)(O)OC1C(O)C(O)C(O)C(O)C1O,[M-H]-,PI 18:0_20:3,"PI 18:0_20:3(11,14,17)",0.8359999999999985,0.9981899999999087,0.0,0.18341899999999073,Some,Some,-66.1466,6,aldehyde,0.2555366269165247,0.0,0.0,0.0
5380,12.519,836.51937,837.4183,1073.4539715696012,C47H85O13P,CCC=CCC=CCC=CCCCCCCCCCC(=O)OC(COC(=O)CCCCCCCCCCCCCCCCC)COP(=O)(O)OC1C(O)C(O)C(O)C(O)C1O,[M-H]-,PI 18:0_20:3,"PI 18:0_20:3(11,14,17)",0.8240000000000016,0.10041999999998552,0.030493027344566284,0.11683642187565174,Some,Some,-50.147200000000005,6,criegee,6.473594548551959,8.25242718446602,8.265139116202946,7.777777777777778
5438,12.579,877.50103,877.4833000000001,20.205512742994628,C47H85O13P,CCC=CCC=CCC=CCCCCCCCCCC(=O)OC(COC(=O)CCCCCCCCCCCCCCCCC)COP(=O)(O)OC1C(O)C(O)C(O)C(O)C1O,[M-H]-,PI 18:0_20:3,"PI 18:0_20:3(11,14,17)",0.9440000000000026,0.9829200000000355,0.017373532286359225,0.2065908258290912,Some,Some,-10.082199999999995,9,criegee,0.0,0.0,0.7692307692307693,0.0
5663,12.733,697.39656,697.1919000000001,293.54902143853957,C47H85O13P,CCCCCCCCC=CCC=CCC=CCCCC(=O)OC(COC(=O)CCCCCCCCCCCCCCCCC)COP(=O)(O)OC1C(O)C(O)C(O)C(O)C1O,[M-H]-,PI 18:0_20:3,"PI 18:0_20:3(5,8,11)",0.7479999999999976,0.7959900000000744,0.0,0.1543990000000072,All,Some,-190.37359999999993,9,aldehyde,0.0,0.0,0.0,0.5439469320066335
5509,12.611,713.36359,713.1913000000002,241.57613812712196,C47H85O13P,CCCCCCCCC=CCC=CCC=CCCCC(=O)OC(COC(=O)CCCCCCCCCCCCCCCCC)COP(=O)(O)OC1C(O)C(O)C(O)C(O)C1O,[M-H]-,PI 18:0_20:3,"PI 18:0_20:3(5,8,11)",0.9919999999999973,0.8283600000000888,0.0,0.18203600000000864,All,Some,-174.37419999999992,9,criegee,0.0,8.72168284789644,0.0,8.225538971807628
5583,12.642,737.4966,737.2569000000001,325.12411887885617,C47H85O13P,CCCCCCCCC=CCC=CCC=CCCCC(=O)OC(COC(=O)CCCCCCCCCCCCCCCCC)COP(=O)(O)OC1C(O)C(O)C(O)C(O)C1O,[M-H]-,PI 18:0_20:3,"PI 18:0_20:3(5,8,11)",0.9299999999999997,0.7609500000000935,0.0,0.16909500000000932,All,Some,-150.30859999999996,12,aldehyde,0.6626916524701874,0.0,0.0,0.0
5378,12.516,753.54972,753.2563000000001,389.5354078019068,C47H85O13P,CCCCCCCCC=CCC=CCC=CCCCC(=O)OC(COC(=O)CCCCCCCCCCCCCCCCC)COP(=O)(O)OC1C(O)C(O)C(O)C(O)C1O,[M-H]-,PI 18:0_20:3,"PI 18:0_20:3(5,8,11)",0.8180000000000014,0.7072300000000951,0.06866985028979485,0.20745888023184555,All,Some,-134.30919999999995,12,criegee,3.9522998296422487,3.8187702265372168,2.962356792144026,3.615257048092869
5427,12.571,777.54901,777.3219,292.169820507984,C47H85O13P,CCCCCCCCC=CCC=CCC=CCCCC(=O)OC(COC(=O)CCCCCCCCCCCCCCCCC)COP(=O)(O)OC1C(O)C(O)C(O)C(O)C1O,[M-H]-,PI 18:0_20:3,"PI 18:0_20:3(5,8,11)",0.9280000000000008,0.7735400000000254,0.06530930100998379,0.22240144080798968,All,Some,-110.24359999999999,15,aldehyde,17.37649063032368,18.6084142394822,17.51227495908347,16.58374792703151
5548,12.622,793.42558,793.3213000000001,131.44737195371326,C47H85O13P,CCCCCCCCC=CCC=CCC=CCCCC(=O)OC(COC(=O)CCCCCCCCCCCCCCCCC)COP(=O)(O)OC1C(O)C(O)C(O)C(O)C1O,[M-H]-,PI 18:0_20:3,"PI 18:0_20:3(5,8,11)",0.9699999999999989,0.8963700000000472,0.0,0.1866370000000046,All,Some,-94.24419999999999,15,criegee,10.851788756388416,12.216828478964402,10.703764320785597,0.0
5538,12.619,739.40553,739.2729,179.40600825479896,C47H85O13P,CCCCCC=CCC=CCC=CCCCCCCC(=O)OC(COC(=O)CCCCCCCCCCCCCCCCC)COP(=O)(O)OC1C(O)C(O)C(O)C(O)C1O,[M-H]-,PI 18:0_20:3,"PI 18:0_20:3(8,11,14)",0.9759999999999991,0.8680200000000013,0.0,0.18440200000000007,All,Some,-148.29259999999996,6,aldehyde,14.224872231686541,11.423948220064725,14.36988543371522,14.262023217247096
5484,12.607,755.40086,755.2723000000001,170.2167549370994,C47H85O13P,CCCCCC=CCC=CCC=CCCCCCCC(=O)OC(COC(=O)CCCCCCCCCCCCCCCCC)COP(=O)(O)OC1C(O)C(O)C(O)C(O)C1O,[M-H]-,PI 18:0_20:3,"PI 18:0_20:3(8,11,14)",1.0,0.8720900000000711,0.0,0.18720900000000712,All,Some,-132.29319999999996,6,criegee,3.2367972742759794,2.621359223300971,2.7332242225859247,2.802653399668325
5488,12.607,779.43736,779.3379,127.62115123622485,C47H85O13P,CCCCCC=CCC=CCC=CCCCCCCC(=O)OC(COC(=O)CCCCCCCCCCCCCCCCC)COP(=O)(O)OC1C(O)C(O)C(O)C(O)C1O,[M-H]-,PI 18:0_20:3,"PI 18:0_20:3(8,11,14)",1.0,0.9011899999999287,0.0,0.19011899999999288,All,Some,-108.2276,9,aldehyde,13.833049403747872,9.870550161812297,12.553191489361701,10.132669983416251
5152,12.222,795.45827,795.3373,152.09898995048133,C47H85O13P,CCCCCC=CCC=CCC=CCCCCCCC(=O)OC(COC(=O)CCCCCCCCCCCCCCCCC)COP(=O)(O)OC1C(O)C(O)C(O)C(O)C1O,[M-H]-,PI 18:0_20:3,"PI 18:0_20:3(8,11,14)",0.23000000000000043,0.8796800000000076,0.0,0.11096800000000082,All,Some,-92.2282,9,criegee,5.894378194207837,5.275080906148867,5.597381342062193,5.737976782752902
5536,12.619,819.46787,819.4029,79.28944356909517,C47H85O13P,CCCCCC=CCC=CCC=CCCCCCCC(=O)OC(COC(=O)CCCCCCCCCCCCCCCCC)COP(=O)(O)OC1C(O)C(O)C(O)C(O)C1O,[M-H]-,PI 18:0_20:3,"PI 18:0_20:3(8,11,14)",0.9759999999999991,0.9356800000000476,0.0,0.19116800000000467,All,Some,-68.1626,12,aldehyde,12.810902896081771,9.466019417475728,11.898527004909983,13.167495854063018
5385,12.52,835.51693,835.4023000000001,137.21532727396138,C47H85O13P,CCCCCC=CCC=CCC=CCCCCCCC(=O)OC(COC(=O)CCCCCCCCCCCCCCCCC)COP(=O)(O)OC1C(O)C(O)C(O)C(O)C1O,[M-H]-,PI 18:0_20:3,"PI 18:0_20:3(8,11,14)",0.8260000000000005,0.8860200000000304,0.02417526189681506,0.19054220951745518,All,Some,-52.163199999999996,12,criegee,0.0,18.446601941747574,0.0,0.0
6055,12.899,695.46556,695.46573,0.24444051330255856,C39H69O8P,CCCCCC=CCC=CCCCCCCCC(=O)OC(COC(=O)CCCCCCCC=CCC=CCCCCC)COP(=O)(O)O,[M-H]-,PA 18:2_18:2,"PA 18:2(9,12)_18:2(9,12)",0.4369999999999994,0.712352500000037,0.311931391888771,0.3644803635110205,All,Some,0.0,0,substrate,10125.761150432536,6787.760044028619,7364.923891462608,12064.969907171275
6055,12.899,695.46556,695.46573,0.24444051330255856,C39H69O8P,CCCCCC=CCC=CCCCCCCCC(=O)OC(COC(=O)CCCCC=CCC=CCCCCCCCC)COP(=O)(O)O,[M-H]-,PA 18:2_18:2,"PA 18:2(6,9)_18:2(9,12)",0.35766666666666563,0.7712166666666841,0.20795426125918068,0.2792517423406795,Some,Some,0.0,0,substrate,11639.59854697974,7359.559713813979,8080.438687718635,13091.165969601143
6055,12.899,695.46556,695.46573,0.24444051330255856,C39H69O8P,CCCCCCCCC=CCC=CCCCCC(=O)OC(COC(=O)CCCCC=CCC=CCCCCCCCC)COP(=O)(O)O,[M-H]-,PA 18:2_18:2,"PA 18:2(6,9)_18:2(6,9)",0.5954999999999995,0.8553025000000218,0.0,0.14508025000000213,All,None,0.0,0,substrate,3034.6403025877244,1452.6802421574023,1754.6374208187576,2943.864123227583
6025,12.899,545.34019,545.15713,335.79309510260816,C39H69O8P,CCCCCCCCC=CCC=CCCCCC(=O)OC(COC(=O)CCCCC=CCC=CCCCCCCCC)COP(=O)(O)O,[M-H]-,PA 18:2_18:2,"PA 18:2(6,9)_18:2(6,9)",1.0,0.8167700000000195,0.0,0.18167700000000198,All,None,-150.30859999999996,9,aldehyde,17800.0,14400.0,19800.0,20000.0
5948,12.891,561.32981,561.1565300000001,308.79084664641306,C39H69O8P,CCCCCCCCC=CCC=CCCCCC(=O)OC(COC(=O)CCCCC=CCC=CCCCCCCCC)COP(=O)(O)O,[M-H]-,PA 18:2_18:2,"PA 18:2(6,9)_18:2(6,9)",0.9840000000000018,0.8265500000001111,0.0,0.1810550000000113,All,None,-134.30919999999995,9,criegee,47700.0,36900.0,44100.0,46900.0
6999,13.327,585.33539,585.22213,193.53335117379856,C39H69O8P,CCCCCCCCC=CCC=CCCCCC(=O)OC(COC(=O)CCCCC=CCC=CCCCCCCCC)COP(=O)(O)O,[M-H]-,PA 18:2_18:2,"PA 18:2(6,9)_18:2(6,9)",0.14399999999999835,0.8865700000000061,0.0,0.10305700000000045,All,None,-110.24359999999999,12,aldehyde,364000.0,344000.0,389000.0,354000.0
6865,13.272,601.33004,601.22153,180.48255856709565,C39H69O8P,CCCCCCCCC=CCC=CCCCCC(=O)OC(COC(=O)CCCCC=CCC=CCCCCCCCC)COP(=O)(O)O,[M-H]-,PA 18:2_18:2,"PA 18:2(6,9)_18:2(6,9)",0.2539999999999978,0.8913199999999506,0.0,0.11453199999999485,All,None,-94.24419999999999,12,criegee,6610.0,0.0,0.0,0.0
6865,13.272,601.33004,601.22153,180.48255856709565,C39H69O8P,CCCCCC=CCC=CCCCCCCCC(=O)OC(COC(=O)CCCCC=CCC=CCCCCCCCC)COP(=O)(O)O,[M-H]-,PA 18:2_18:2,"PA 18:2(6,9)_18:2(9,12)",0.2539999999999978,0.8913199999999506,0.0,0.11453199999999485,Some,Some,-94.24419999999999,6,aldehyde,6610.0,0.0,0.0,0.0
6808,13.241,603.32579,603.23753,146.31052547408834,C39H69O8P,CCCCCC=CCC=CCCCCCCCC(=O)OC(COC(=O)CCCCC=CCC=CCCCCCCCC)COP(=O)(O)O,[M-H]-,PA 18:2_18:2,"PA 18:2(6,9)_18:2(9,12)",0.31599999999999895,0.9115699999999833,0.0,0.12275699999999823,Some,Some,-92.2282,6,criegee,19400.0,0.0,0.0,0.0
6156,12.91,627.29015,627.30313,20.691750732967744,C39H69O8P,CCCCCC=CCC=CCCCCCCCC(=O)OC(COC(=O)CCCCC=CCC=CCCCCCCCC)COP(=O)(O)O,[M-H]-,PA 18:2_18:2,"PA 18:2(6,9)_18:2(9,12)",0.977999999999998,0.9871900000000551,0.0,0.19651900000000533,Some,Some,-68.1626,9,aldehyde,64600.0,55300.0,64800.0,61200.0
5345,12.456,643.43467,643.30253,205.40879887404722,C39H69O8P,CCCCCC=CCC=CCCCCCCCC(=O)OC(COC(=O)CCCCC=CCC=CCCCCCCCC)COP(=O)(O)O,[M-H]-,PA 18:2_18:2,"PA 18:2(6,9)_18:2(9,12)",0.11400000000000077,0.8676900000000387,0.8839573777209945,0.8053349021767996,Some,Some,-52.163199999999996,9,criegee,16900.0,0.0,13400.0,16400.0
6999,13.327,585.33539,585.22213,193.53335117379856,C39H69O8P,CCCCCC=CCC=CCCCCCCCC(=O)OC(COC(=O)CCCCC=CCC=CCCCCCCCC)COP(=O)(O)O,[M-H]-,PA 18:2_18:2,"PA 18:2(6,9)_18:2(9,12)",0.14399999999999835,0.8865700000000061,0.0,0.10305700000000045,Some,Some,-110.24359999999999,12,aldehyde,364000.0,344000.0,389000.0,354000.0
6752,13.229,586.32092,587.23813,1561.9047080610292,C39H69O8P,CCCCCC=CCC=CCCCCCCCC(=O)OC(COC(=O)CCCCC=CCC=CCCCCCCCC)COP(=O)(O)O,[M-H]-,PA 18:2_18:2,"PA 18:2(6,9)_18:2(9,12)",0.33999999999999986,0.08296000000007098,0.3637681898340895,0.3333105518672787,Some,Some,-108.2276,12,criegee,29800.0,29300.0,29700.0,25100.0
6752,13.229,586.32092,587.23813,1561.9047080610292,C39H69O8P,CCCCCC=CCC=CCCCCCCCC(=O)OC(COC(=O)CCCCCCCC=CCC=CCCCCC)COP(=O)(O)O,[M-H]-,PA 18:2_18:2,"PA 18:2(9,12)_18:2(9,12)",0.33999999999999986,0.08296000000007098,0.3637681898340895,0.3333105518672787,All,Some,-108.2276,6,aldehyde,29800.0,29300.0,29700.0,25100.0
6808,13.241,603.32579,603.23753,146.31052547408834,C39H69O8P,CCCCCC=CCC=CCCCCCCCC(=O)OC(COC(=O)CCCCCCCC=CCC=CCCCCC)COP(=O)(O)O,[M-H]-,PA 18:2_18:2,"PA 18:2(9,12)_18:2(9,12)",0.31599999999999895,0.9115699999999833,0.0,0.12275699999999823,All,Some,-92.2282,6,criegee,19400.0,0.0,0.0,0.0
6156,12.91,627.29015,627.30313,20.691750732967744,C39H69O8P,CCCCCC=CCC=CCCCCCCCC(=O)OC(COC(=O)CCCCCCCC=CCC=CCCCCC)COP(=O)(O)O,[M-H]-,PA 18:2_18:2,"PA 18:2(9,12)_18:2(9,12)",0.977999999999998,0.9871900000000551,0.0,0.19651900000000533,All,Some,-68.1626,9,aldehyde,64600.0,55300.0,64800.0,61200.0
5345,12.456,643.43467,643.30253,205.40879887404722,C39H69O8P,CCCCCC=CCC=CCCCCCCCC(=O)OC(COC(=O)CCCCCCCC=CCC=CCCCCC)COP(=O)(O)O,[M-H]-,PA 18:2_18:2,"PA 18:2(9,12)_18:2(9,12)",0.11400000000000077,0.8676900000000387,0.8839573777209945,0.8053349021767996,All,Some,-52.163199999999996,9,criegee,16900.0,0.0,13400.0,16400.0
6885,13.28,863.56597,863.5655,0.5442551838282474,C45H85O13P,CCCCCCCCC=CCCCCCCCC(=O)OC(COC(=O)CCCCCCCCCCCCCCCCC)COP(=O)(O)OC1C(O)C(O)C(O)C(O)C1O,[M-H]-,PI 18:0_18:1,PI 18:0_18:1(9),0.6109999999999989,0.8986150000000066,0.049359951774001994,0.19044946141920216,All,Some,0.0,0,substrate,167452.7896995708,186441.38506466418,173630.41700735895,185433.38632750398
6885,13.28,863.56597,863.5655,0.5442551838282474,C45H85O13P,CCCCCCCCCCCC=CCCCCC(=O)OC(COC(=O)CCCCCCCCCCCCCCCCC)COP(=O)(O)OC1C(O)C(O)C(O)C(O)C1O,[M-H]-,PI 18:0_18:1,PI 18:0_18:1(6),0.8229999999999986,0.8952850000000012,0.0,0.1718285,All,None,0.0,0,substrate,82360.51502145923,77869.211514393,81643.49959116925,80123.37042925278
6885,13.28,863.56597,863.5655,0.5442551838282474,C45H85O13P,CCCCCCC=CCCCCCCCCCC(=O)OC(COC(=O)CCCCCCCCCCCCCCCCC)COP(=O)(O)OC1C(O)C(O)C(O)C(O)C1O,[M-H]-,PI 18:0_18:1,PI 18:0_18:1(11),0.8859999999999992,0.8264050000000225,0.0,0.17124050000000218,All,None,0.0,0,substrate,149186.69527896997,145689.40342094286,144726.08340147178,148443.24324324325
7068,13.347,781.55428,781.3759,228.2896106725935,C45H85O13P,CCCCCCC=CCCCCCCCCCC(=O)OC(COC(=O)CCCCCCCCCCCCCCCCC)COP(=O)(O)OC1C(O)C(O)C(O)C(O)C1O,[M-H]-,PI 18:0_18:1,PI 18:0_18:1(11),0.8659999999999997,0.8220900000000029,0.0,0.16880900000000026,All,None,-82.1896,7,aldehyde,3.93483709273183,5.853658536585367,7.675,7.632850241545894
7001,13.327,797.54505,797.3753,212.88595219830378,C45H85O13P,CCCCCCC=CCCCCCCCCCC(=O)OC(COC(=O)CCCCCCCCCCCCCCCCC)COP(=O)(O)OC1C(O)C(O)C(O)C(O)C1O,[M-H]-,PI 18:0_18:1,PI 18:0_18:1(11),0.9059999999999988,0.8307200000000421,0.0,0.1736720000000041,All,None,-66.1902,7,criegee,98.99749373433583,100.48780487804878,98.5,94.44444444444444
7240,13.386,711.34831,711.2409,151.01774940102422,C45H85O13P,CCCCCCCCCCCC=CCCCCC(=O)OC(COC(=O)CCCCCCCCCCCCCCCCC)COP(=O)(O)OC1C(O)C(O)C(O)C(O)C1O,[M-H]-,PI 18:0_18:1,PI 18:0_18:1(6),0.7880000000000003,0.8930599999999913,0.0,0.16810599999999917,All,None,-152.32459999999998,12,aldehyde,43.10776942355889,40.243902439024396,43.5,39.371980676328505
7078,13.351,727.34326,727.2403,141.57631253375135,C45H85O13P,CCCCCCCCCCCC=CCCCCC(=O)OC(COC(=O)CCCCCCCCCCCCCCCCC)COP(=O)(O)OC1C(O)C(O)C(O)C(O)C1O,[M-H]-,PI 18:0_18:1,PI 18:0_18:1(6),0.857999999999997,0.8975100000000111,0.0,0.17555100000000085,All,None,-136.32519999999997,12,criegee,7.518796992481203,4.170731707317073,6.425,4.734299516908213
6887,13.284,753.42071,753.3219,131.16570751488527,C45H85O13P,CCCCCCCCC=CCCCCCCCC(=O)OC(COC(=O)CCCCCCCCCCCCCCCCC)COP(=O)(O)OC1C(O)C(O)C(O)C(O)C1O,[M-H]-,PI 18:0_18:1,PI 18:0_18:1(9),0.9919999999999973,0.9016599999999926,0.0,0.18936599999999898,All,Some,-110.24359999999999,9,aldehyde,13.508771929824562,12.365853658536585,16.25,14.806763285024156
5986,12.895,769.4262,769.3213000000001,136.35395250323836,C45H85O13P,CCCCCCCCC=CCCCCCCCC(=O)OC(COC(=O)CCCCCCCCCCCCCCCCC)COP(=O)(O)OC1C(O)C(O)C(O)C(O)C1O,[M-H]-,PI 18:0_18:1,PI 18:0_18:1(9),0.23000000000000043,0.8955700000000206,0.09871990354800399,0.1915329228384053,All,Some,-94.24419999999999,9,criegee,78.19548872180451,70.73170731707317,72.25,66.90821256038647
6906,13.289,762.50803,762.50793,0.13114617703044473,C43H74NO8P,CCC=CCC=CCC=CCC=CCC=CCC=CCCC(=O)OC(COC(=O)CCCCCCCCCCCCCCC)COP(=O)(O)OCCN,[M-H]-,PE 16:0_22:6,"PE 16:0_22:6(4,7,10,13,16,19)",0.8830000000000006,0.8723941666666614,0.14253609453350632,0.2895682922934713,All,Some,0.0,0,substrate,0.0,0.0,83800.0,0.0
6858,13.268,536.2996,536.1013300000001,369.8367993229554,C43H74NO8P,CCC=CCC=CCC=CCC=CCC=CCC=CCCC(=O)OC(COC(=O)CCCCCCCCCCCCCCC)COP(=O)(O)OCCN,[M-H]-,PE 16:0_22:6,"PE 16:0_22:6(4,7,10,13,16,19)",0.958000000000002,0.8018299999999954,0.7167385307836232,0.7493738246268983,All,Some,-226.40659999999988,3,aldehyde,4830000000.0,3040000000.0,64.67780429594272,4960000000.0
6713,13.222,552.31788,552.1007300000001,393.3159081311723,C43H74NO8P,CCC=CCC=CCC=CCC=CCC=CCC=CCCC(=O)OC(COC(=O)CCCCCCCCCCCCCCC)COP(=O)(O)OCCN,[M-H]-,PE 16:0_22:6,"PE 16:0_22:6(4,7,10,13,16,19)",0.8659999999999997,0.7829500000001417,0.0,0.16489500000001414,All,Some,-210.40719999999988,3,criegee,0.0,0.0,0.0,544000000.0
6882,13.278,576.33182,576.16633,287.2260862587667,C43H74NO8P,CCC=CCC=CCC=CCC=CCC=CCC=CCCC(=O)OC(COC(=O)CCCCCCCCCCCCCCC)COP(=O)(O)OCCN,[M-H]-,PE 16:0_22:6,"PE 16:0_22:6(4,7,10,13,16,19)",0.9780000000000015,0.8346099999999979,0.7431015555713559,0.7757422444570847,All,Some,-186.34159999999991,6,aldehyde,0.0,0.0,55.96658711217184,4060000000.0
6937,13.308,592.32685,592.16573,272.0859918725499,C43H74NO8P,CCC=CCC=CCC=CCC=CCC=CCC=CCCC(=O)OC(COC(=O)CCCCCCCCCCCCCCC)COP(=O)(O)OCCN,[M-H]-,PE 16:0_22:6,"PE 16:0_22:6(4,7,10,13,16,19)",0.9619999999999997,0.8389799999999923,0.0,0.1800979999999992,All,Some,-170.3421999999999,6,criegee,2180000000.0,992000000.0,0.0,1570000000.0
6964,13.319,616.31696,616.2313300000001,138.9575567342928,C43H74NO8P,CCC=CCC=CCC=CCC=CCC=CCC=CCCC(=O)OC(COC(=O)CCCCCCCCCCCCCCC)COP(=O)(O)OCCN,[M-H]-,PE 16:0_22:6,"PE 16:0_22:6(4,7,10,13,16,19)",0.9399999999999977,0.9144700000000512,0.0,0.1854470000000049,All,Some,-146.27659999999997,9,aldehyde,4030000000.0,1610000000.0,41.8854415274463,3600000000.0
6904,13.289,632.40035,632.23073,268.2881295567664,C43H74NO8P,CCC=CCC=CCC=CCC=CCC=CCC=CCCC(=O)OC(COC(=O)CCCCCCCCCCCCCCC)COP(=O)(O)OCCN,[M-H]-,PE 16:0_22:6,"PE 16:0_22:6(4,7,10,13,16,19)",1.0,0.8304799999999659,0.0,0.1830479999999966,All,Some,-130.27719999999997,9,criegee,0.0,0.0,4.642004773269689,0.0
6893,13.287,656.39227,656.29633,146.18396540483693,C43H74NO8P,CCC=CCC=CCC=CCC=CCC=CCC=CCCC(=O)OC(COC(=O)CCCCCCCCCCCCCCC)COP(=O)(O)OCCN,[M-H]-,PE 16:0_22:6,"PE 16:0_22:6(4,7,10,13,16,19)",0.9960000000000022,0.9041599999999335,0.0,0.19001599999999358,All,Some,-106.21159999999999,12,aldehyde,999000000.0,0.0,17.30310262529833,1830000000.0
5882,12.865,672.50624,672.29573,313.121131975655,C43H74NO8P,CCC=CCC=CCC=CCC=CCC=CCC=CCCC(=O)OC(COC(=O)CCCCCCCCCCCCCCC)COP(=O)(O)OCCN,[M-H]-,PE 16:0_22:6,"PE 16:0_22:6(4,7,10,13,16,19)",0.15200000000000102,0.7895899999999756,0.2505930480470969,0.2946334384376752,All,Some,-90.2122,12,criegee,1180000000.0,689000000.0,0.0,0.0
6856,13.265,696.4237,696.36133,89.56557079368673,C43H74NO8P,CCC=CCC=CCC=CCC=CCC=CCC=CCCC(=O)OC(COC(=O)CCCCCCCCCCCCCCC)COP(=O)(O)OCCN,[M-H]-,PE 16:0_22:6,"PE 16:0_22:6(4,7,10,13,16,19)",0.9520000000000017,0.937729999999874,0.0,0.18897299999998757,All,Some,-66.1466,15,aldehyde,0.0,774000000.0,11.909307875894989,0.0
6897,13.289,712.45461,712.36073,131.78716350635,C43H74NO8P,CCC=CCC=CCC=CCC=CCC=CCC=CCCC(=O)OC(COC(=O)CCCCCCCCCCCCCCC)COP(=O)(O)OCCN,[M-H]-,PE 16:0_22:6,"PE 16:0_22:6(4,7,10,13,16,19)",1.0,0.9062199999999621,0.0,0.1906219999999962,All,Some,-50.147200000000005,15,criegee,1630000000.0,1250000000.0,0.0,0.0
6880,13.278,736.45665,736.42633,41.17180329492103,C43H74NO8P,CCC=CCC=CCC=CCC=CCC=CCC=CCCC(=O)OC(COC(=O)CCCCCCCCCCCCCCC)COP(=O)(O)OCCN,[M-H]-,PE 16:0_22:6,"PE 16:0_22:6(4,7,10,13,16,19)",0.9780000000000015,0.9697800000000143,0.0,0.19477800000000162,All,Some,-26.081599999999995,18,aldehyde,1070000000.0,734000000.0,13.007159904534607,0.0
7210,13.382,752.38376,752.42573,55.779591694707285,C43H74NO8P,CCC=CCC=CCC=CCC=CCC=CCC=CCCC(=O)OC(COC(=O)CCCCCCCCCCCCCCC)COP(=O)(O)OCCN,[M-H]-,PE 16:0_22:6,"PE 16:0_22:6(4,7,10,13,16,19)",0.8140000000000001,0.957930000000033,0.0,0.17719300000000332,All,Some,-10.082199999999995,18,criegee,3440000000.0,2210000000.0,42.840095465393794,1480000000.0
7083,13.352,762.54419,762.50793,47.55360380313711,C43H74NO8P,CCC=CCC=CCC=CCC=CCC=CCC=CCCC(=O)OC(COC(=O)CCCCCCCCCCCCCCC)COP(=O)(O)OCCN,[M-H]-,PE 16:0_22:6,"PE 16:0_22:6(4,7,10,13,16,19)",0.8191666666666672,0.9053424999999891,0.16666699844586633,0.30578451542335866,All,Some,0.0,0,substrate,0.0,143000.0,0.0,0.0
6858,13.268,536.2996,536.1013300000001,369.8367993229554,C43H74NO8P,CCC=CCC=CCC=CCC=CCC=CCC=CCCC(=O)OC(COC(=O)CCCCCCCCCCCCCCC)COP(=O)(O)OCCN,[M-H]-,PE 16:0_22:6,"PE 16:0_22:6(4,7,10,13,16,19)",0.8320000000000007,0.8379899999999907,0.8252558008246571,0.8272036406597248,All,Some,-226.40659999999988,3,aldehyde,4830000000.0,21.25874125874126,5420000000.0,4960000000.0
6713,13.222,552.31788,552.1007300000001,393.3159081311723,C43H74NO8P,CCC=CCC=CCC=CCC=CCC=CCC=CCCC(=O)OC(COC(=O)CCCCCCCCCCCCCCC)COP(=O)(O)OCCN,[M-H]-,PE 16:0_22:6,"PE 16:0_22:6(4,7,10,13,16,19)",0.7399999999999984,0.819110000000137,0.0,0.15591100000001357,All,Some,-210.40719999999988,3,criegee,0.0,0.0,0.0,544000000.0
7296,13.399,576.33242,576.16633,288.26745221287075,C43H74NO8P,CCC=CCC=CCC=CCC=CCC=CCC=CCCC(=O)OC(COC(=O)CCCCCCCCCCCCCCC)COP(=O)(O)OCCN,[M-H]-,PE 16:0_22:6,"PE 16:0_22:6(4,7,10,13,16,19)",0.9060000000000024,0.8701700000001438,0.8614215640353295,0.8667542512282782,All,Some,-186.34159999999991,6,aldehyde,443000000.0,3.93006993006993,0.0,0.0
7270,13.394,592.32633,592.16573,271.20785932669764,C43H74NO8P,CCC=CCC=CCC=CCC=CCC=CCC=CCCC(=O)OC(COC(=O)CCCCCCCCCCCCCCC)COP(=O)(O)OCCN,[M-H]-,PE 16:0_22:6,"PE 16:0_22:6(4,7,10,13,16,19)",0.9160000000000004,0.875660000000039,0.0,0.17916600000000393,All,Some,-170.3421999999999,6,criegee,1250000000.0,11.118881118881118,3950000000.0,1590000000.0
6964,13.319,616.31696,616.2313300000001,138.9575567342928,C43H74NO8P,CCC=CCC=CCC=CCC=CCC=CCC=CCCC(=O)OC(COC(=O)CCCCCCCCCCCCCCC)COP(=O)(O)OCCN,[M-H]-,PE 16:0_22:6,"PE 16:0_22:6(4,7,10,13,16,19)",0.934000000000001,0.9506299999999328,0.0,0.18846299999999339,All,Some,-146.27659999999997,9,aldehyde,4030000000.0,11.258741258741258,3510000000.0,3600000000.0
7053,13.342,632.35849,632.23073,202.0781242315864,C43H74NO8P,CCC=CCC=CCC=CCC=CCC=CCC=CCCC(=O)OC(COC(=O)CCCCCCCCCCCCCCC)COP(=O)(O)OCCN,[M-H]-,PE 16:0_22:6,"PE 16:0_22:6(4,7,10,13,16,19)",0.9800000000000004,0.9085000000000036,0.0,0.1888500000000004,All,Some,-130.27719999999997,9,criegee,1140000000.0,0.0,0.0,1890000000.0
6893,13.287,656.39227,656.29633,146.18396540483693,C43H74NO8P,CCC=CCC=CCC=CCC=CCC=CCC=CCCC(=O)OC(COC(=O)CCCCCCCCCCCCCCC)COP(=O)(O)OCCN,[M-H]-,PE 16:0_22:6,"PE 16:0_22:6(4,7,10,13,16,19)",0.870000000000001,0.9403199999999288,0.0,0.18103199999999298,All,Some,-106.21159999999999,12,aldehyde,999000000.0,0.0,1450000000.0,1830000000.0
5882,12.865,672.50624,672.29573,313.121131975655,C43H74NO8P,CCC=CCC=CCC=CCC=CCC=CCC=CCCC(=O)OC(COC(=O)CCCCCCCCCCCCCCC)COP(=O)(O)OCCN,[M-H]-,PE 16:0_22:6,"PE 16:0_22:6(4,7,10,13,16,19)",0.0259999999999998,0.8257499999998572,0.31332661649040916,0.335836293192313,All,Some,-90.2122,12,criegee,1180000000.0,4.818181818181818,0.0,0.0
6856,13.265,696.4237,696.36133,89.56557079368673,C43H74NO8P,CCC=CCC=CCC=CCC=CCC=CCC=CCCC(=O)OC(COC(=O)CCCCCCCCCCCCCCC)COP(=O)(O)OCCN,[M-H]-,PE 16:0_22:6,"PE 16:0_22:6(4,7,10,13,16,19)",0.8260000000000005,0.9738899999998694,0.0,0.17998899999998702,All,Some,-66.1466,15,aldehyde,0.0,5.4125874125874125,998000000.0,0.0
7193,13.378,712.35263,712.36073,11.370643634459043,C43H74NO8P,CCC=CCC=CCC=CCC=CCC=CCC=CCCC(=O)OC(COC(=O)CCCCCCCCCCCCCCC)COP(=O)(O)OCCN,[M-H]-,PE 16:0_22:6,"PE 16:0_22:6(4,7,10,13,16,19)",0.9480000000000004,0.9556400000000167,0.0,0.19036400000000173,All,Some,-50.147200000000005,15,criegee,5980000000.0,40.27972027972028,5770000000.0,5510000000.0
6880,13.278,736.45665,736.42633,41.17180329492103,C43H74NO8P,CCC=CCC=CCC=CCC=CCC=CCC=CCCC(=O)OC(COC(=O)CCCCCCCCCCCCCCC)COP(=O)(O)OCCN,[M-H]-,PE 16:0_22:6,"PE 16:0_22:6(4,7,10,13,16,19)",0.8520000000000003,0.9940599999999904,0.0,0.1846059999999991,All,Some,-26.081599999999995,18,aldehyde,1070000000.0,5.1328671328671325,1090000000.0,0.0
7082,13.352,752.5496,752.42573,164.62754403681916,C43H74NO8P,CCC=CCC=CCC=CCC=CCC=CCC=CCCC(=O)OC(COC(=O)CCCCCCCCCCCCCCC)COP(=O)(O)OCCN,[M-H]-,PE 16:0_22:6,"PE 16:0_22:6(4,7,10,13,16,19)",1.0,0.9123899999999594,0.0,0.19123899999999594,All,Some,-10.082199999999995,18,criegee,0.0,7.6223776223776225,0.0,0.0
7340,13.41,719.46486,719.46573,1.2092306327967992,C41H69O8P,CCC=CCC=CCC=CCC=CCC=CCC=CCCC(=O)OC(COC(=O)CCCCCCCCCCCCCCC)COP(=O)(O)O,[M-H]-,PA 16:0_22:6,"PA 16:0_22:6(4,7,10,13,16,19)",0.7494999999999997,0.7882733333333647,0.03797418026865565,0.18415667754826096,All,Some,0.0,0,substrate,62900.0,28600.0,57700.0,71600.0
7199,13.381,493.25735,493.0591300000001,402.0207474910328,C41H69O8P,CCC=CCC=CCC=CCC=CCC=CCC=CCCC(=O)OC(COC(=O)CCCCCCCCCCCCCCC)COP(=O)(O)O,[M-H]-,PA 16:0_22:6,"PA 16:0_22:6(4,7,10,13,16,19)",0.9420000000000002,0.8009100000001581,0.0,0.17429100000001585,All,Some,-226.40659999999988,3,aldehyde,8970.0,0.0,0.0,11500.0
6761,13.23,508.33682,509.05853000000013,1417.7348133232215,C41H69O8P,CCC=CCC=CCC=CCC=CCC=CCC=CCCC(=O)OC(COC(=O)CCCCCCCCCCCCCCC)COP(=O)(O)O,[M-H]-,PA 16:0_22:6,"PA 16:0_22:6(4,7,10,13,16,19)",0.6400000000000006,0.2791599999998198,0.1476823615047195,0.21006188920375765,All,Some,-210.40719999999988,3,criegee,23400.0,18000.0,0.0,22200.0
7899,13.715,533.28854,533.1241300000002,308.3897177939808,C41H69O8P,CCC=CCC=CCC=CCC=CCC=CCC=CCCC(=O)OC(COC(=O)CCCCCCCCCCCCCCC)COP(=O)(O)O,[M-H]-,PA 16:0_22:6,"PA 16:0_22:6(4,7,10,13,16,19)",0.39000000000000057,0.8347200000000612,0.0,0.12247200000000619,All,Some,-186.34159999999991,6,aldehyde,76200.0,41500.0,64700.0,84700.0
7377,13.43,549.28337,549.1235300000001,291.08204487233934,C41H69O8P,CCC=CCC=CCC=CCC=CCC=CCC=CCCC(=O)OC(COC(=O)CCCCCCCCCCCCCCC)COP(=O)(O)O,[M-H]-,PA 16:0_22:6,"PA 16:0_22:6(4,7,10,13,16,19)",0.9600000000000009,0.8392900000001191,0.0,0.179929000000012,All,Some,-170.3421999999999,6,criegee,8170.0,3990.0,0.0,7200.0
6754,13.229,573.34735,573.18913,276.0345437814364,C41H69O8P,CCC=CCC=CCC=CCC=CCC=CCC=CCCC(=O)OC(COC(=O)CCCCCCCCCCCCCCC)COP(=O)(O)O,[M-H]-,PA 16:0_22:6,"PA 16:0_22:6(4,7,10,13,16,19)",0.6379999999999981,0.8409100000001217,0.0,0.14789100000001199,All,Some,-146.27659999999997,9,aldehyde,103000.0,92300.0,102000.0,106000.0
6803,13.241,588.339,589.18853,1441.8644572051646,C41H69O8P,CCC=CCC=CCC=CCC=CCC=CCC=CCCC(=O)OC(COC(=O)CCCCCCCCCCCCCCC)COP(=O)(O)O,[M-H]-,PA 16:0_22:6,"PA 16:0_22:6(4,7,10,13,16,19)",0.661999999999999,0.1513400000000047,0.16032544021442882,0.20959435217154343,All,Some,-130.27719999999997,9,criegee,285000.0,251000.0,289000.0,274000.0
7122,13.366,613.31066,613.25413,92.18038205458551,C41H69O8P,CCC=CCC=CCC=CCC=CCC=CCC=CCCC(=O)OC(COC(=O)CCCCCCCCCCCCCCC)COP(=O)(O)O,[M-H]-,PA 16:0_22:6,"PA 16:0_22:6(4,7,10,13,16,19)",0.911999999999999,0.942600000000084,0.0,0.1854600000000083,All,Some,-106.21159999999999,12,aldehyde,36300.0,0.0,35400.0,32400.0
7172,13.375,629.30538,629.25353,82.39921991388523,C41H69O8P,CCC=CCC=CCC=CCC=CCC=CCC=CCCC(=O)OC(COC(=O)CCCCCCCCCCCCCCC)COP(=O)(O)O,[M-H]-,PA 16:0_22:6,"PA 16:0_22:6(4,7,10,13,16,19)",0.9299999999999997,0.9472800000000916,0.0,0.18772800000000914,All,Some,-90.2122,12,criegee,128000.0,127000.0,134000.0,123000.0
7428,13.448,653.34265,653.31913,36.000782649783915,C41H69O8P,CCC=CCC=CCC=CCC=CCC=CCC=CCCC(=O)OC(COC(=O)CCCCCCCCCCCCCCC)COP(=O)(O)O,[M-H]-,PA 16:0_22:6,"PA 16:0_22:6(4,7,10,13,16,19)",0.9239999999999995,0.9756099999999606,0.0,0.18996099999999602,All,Some,-66.1466,15,aldehyde,0.0,8370.0,0.0,0.0
6317,12.943,669.4471,669.31853,192.09090177134027,C41H69O8P,CCC=CCC=CCC=CCC=CCC=CCC=CCCC(=O)OC(COC(=O)CCCCCCCCCCCCCCC)COP(=O)(O)O,[M-H]-,PA 16:0_22:6,"PA 16:0_22:6(4,7,10,13,16,19)",0.06599999999999895,0.8705600000000686,0.14768236150471944,0.21180188920378232,All,Some,-50.147200000000005,15,criegee,0.0,1810.0,0.0,0.0
7278,13.394,693.37364,693.38413,15.128699296888046,C41H69O8P,CCC=CCC=CCC=CCC=CCC=CCC=CCCC(=O)OC(COC(=O)CCCCCCCCCCCCCCC)COP(=O)(O)O,[M-H]-,PA 16:0_22:6,"PA 16:0_22:6(4,7,10,13,16,19)",0.968,0.9903799999999592,0.0,0.1958379999999959,All,Some,-26.081599999999995,18,aldehyde,80600.0,87900.0,78300.0,74300.0
7264,13.391,709.36918,709.3835300000001,20.22883164490136,C41H69O8P,CCC=CCC=CCC=CCC=CCC=CCC=CCCC(=O)OC(COC(=O)CCCCCCCCCCCCCCC)COP(=O)(O)O,[M-H]-,PA 16:0_22:6,"PA 16:0_22:6(4,7,10,13,16,19)",0.9619999999999997,0.9865199999999277,0.0,0.19485199999999275,All,Some,-10.082199999999995,18,criegee,40800.0,52800.0,38400.0,34800.0
7585,13.62,738.50839,738.50793,0.6228775362987369,C41H74NO8P,CCCCCC=CCC=CCC=CCC=CCCCC(=O)OC(COC(=O)CCCCCCCCCCCCCCC)COP(=O)(O)OCCN,[M-H]-,PE 16:0_20:4,"PE 16:0_20:4(5,8,11,14)",0.8512499999999994,0.8991400000000027,0.23425807168998375,0.36244545735198724,All,Some,0.0,0,substrate,62703.47728612206,56512.05148093884,60245.42220736744,65274.47651386531
7585,13.62,738.50839,738.50793,0.6228775362987369,C41H74NO8P,CCC=CCC=CCC=CCC=CCCCCCCC(=O)OC(COC(=O)CCCCCCCCCCCCCCC)COP(=O)(O)OCCN,[M-H]-,PE 16:0_20:4,"PE 16:0_20:4(8,11,14,17)",0.7727499999999994,0.7039974999999998,0.19264900925363176,0.3017939574029054,All,Some,0.0,0,substrate,81296.52271387794,65487.94851906116,79754.57779263255,92725.52348613471
7605,13.636,550.31518,550.15033,299.6453714751044,C41H74NO8P,CCCCCC=CCC=CCC=CCC=CCCCC(=O)OC(COC(=O)CCCCCCCCCCCCCCC)COP(=O)(O)OCCN,[M-H]-,PE 16:0_20:4,"PE 16:0_20:4(5,8,11,14)",0.968,0.8356099999999742,0.9304267018914927,0.9247023615131916,All,Some,-188.35759999999993,6,aldehyde,27.083333333333332,25.491803278688526,28.285714285714285,24.873417721518987
7551,13.559,566.31026,566.1497300000001,283.54689845013365,C41H74NO8P,CCCCCC=CCC=CCC=CCC=CCCCC(=O)OC(COC(=O)CCCCCCCCCCCCCCC)COP(=O)(O)OCCN,[M-H]-,PE 16:0_20:4,"PE 16:0_20:4(5,8,11,14)",0.8780000000000001,0.8399300000000949,0.0,0.17179300000000952,All,Some,-172.35819999999993,6,criegee,0.0,3.4672131147540983,0.0,0.0
7342,13.41,590.34805,590.21533,224.86708367935702,C41H74NO8P,CCCCCC=CCC=CCC=CCC=CCCCC(=O)OC(COC(=O)CCCCCCCCCCCCCCC)COP(=O)(O)OCCN,[M-H]-,PE 16:0_20:4,"PE 16:0_20:4(5,8,11,14)",0.5800000000000018,0.8677400000000262,0.9436378716283772,0.8996842973027046,All,Some,-148.29259999999996,9,aldehyde,7.083333333333333,3.237704918032787,2.857142857142857,0.0
7717,13.687,606.34206,606.21473,210.04108560660566,C41H74NO8P,CCCCCC=CCC=CCC=CCC=CCCCC(=O)OC(COC(=O)CCCCCCCCCCCCCCC)COP(=O)(O)OCCN,[M-H]-,PE 16:0_20:4,"PE 16:0_20:4(5,8,11,14)",0.8659999999999997,0.8731300000000601,0.0,0.17391300000000598,All,Some,-132.29319999999996,9,criegee,32.29166666666667,28.688524590163933,24.571428571428573,34.68354430379747
7603,13.636,630.37764,630.28033,154.39161809157702,C41H74NO8P,CCCCCC=CCC=CCC=CCC=CCCCC(=O)OC(COC(=O)CCCCCCCCCCCCCCC)COP(=O)(O)OCCN,[M-H]-,PE 16:0_20:4,"PE 16:0_20:4(5,8,11,14)",0.968,0.9031499999999824,0.0,0.18711499999999825,All,Some,-108.2276,12,aldehyde,23.88888888888889,22.295081967213115,25.785714285714285,15.379746835443036
8033,13.726,646.3359,646.27973,86.91282952672144,C41H74NO8P,CCCCCC=CCC=CCC=CCC=CCCCC(=O)OC(COC(=O)CCCCCCCCCCCCCCC)COP(=O)(O)OCCN,[M-H]-,PE 16:0_20:4,"PE 16:0_20:4(5,8,11,14)",0.7879999999999967,0.9442899999999099,0.0,0.17322899999999067,All,Some,-92.2282,12,criegee,0.0,0.0,0.0,10.443037974683545
7612,13.641,670.40854,670.34533,94.29468241395284,C41H74NO8P,CCCCCC=CCC=CCC=CCC=CCCCC(=O)OC(COC(=O)CCCCCCCCCCCCCCC)COP(=O)(O)OCCN,[M-H]-,PE 16:0_20:4,"PE 16:0_20:4(5,8,11,14)",0.9579999999999984,0.9372499999999491,0.0,0.18952499999999475,All,Some,-68.1626,15,aldehyde,15.76388888888889,0.0,14.571428571428571,12.91139240506329
7945,13.718,686.33721,686.34473,10.956593197706242,C41H74NO8P,CCCCCC=CCC=CCC=CCC=CCCCC(=O)OC(COC(=O)CCCCCCCCCCCCCCC)COP(=O)(O)OCCN,[M-H]-,PE 16:0_20:4,"PE 16:0_20:4(5,8,11,14)",0.8039999999999985,0.992020000000025,0.0,0.17960200000000237,All,Some,-52.163199999999996,15,criegee,155.55555555555557,181.14754098360655,161.42857142857144,137.34177215189874
7658,13.668,592.3614,592.2313300000001,219.62701635513338,C41H74NO8P,CCC=CCC=CCC=CCC=CCCCCCCC(=O)OC(COC(=O)CCCCCCCCCCCCCCC)COP(=O)(O)OCCN,[M-H]-,PE 16:0_20:4,"PE 16:0_20:4(8,11,14,17)",0.9039999999999999,0.8703900000000431,0.0,0.1774390000000043,All,Some,-146.27659999999997,3,aldehyde,9.375,0.0,0.0,0.0
7867,13.714,608.32051,608.23073,147.60845773119493,C41H74NO8P,CCC=CCC=CCC=CCC=CCCCCCCC(=O)OC(COC(=O)CCCCCCCCCCCCCCC)COP(=O)(O)OCCN,[M-H]-,PE 16:0_20:4,"PE 16:0_20:4(8,11,14,17)",0.8119999999999976,0.9106799999999566,0.0,0.17226799999999542,All,Some,-130.27719999999997,3,criegee,30.625000000000004,0.0,20.214285714285715,24.556962025316455
7690,13.683,632.39292,632.29633,152.7606525883077,C41H74NO8P,CCC=CCC=CCC=CCC=CCCCCCCC(=O)OC(COC(=O)CCCCCCCCCCCCCCC)COP(=O)(O)OCCN,[M-H]-,PE 16:0_20:4,"PE 16:0_20:4(8,11,14,17)",0.8739999999999988,0.9038699999999835,0.0,0.17778699999999825,All,Some,-106.21159999999999,6,aldehyde,0.0,0.0,2.664285714285714,10.379746835443038
6950,13.315,648.458,648.29573,250.30243527891398,C41H74NO8P,CCC=CCC=CCC=CCC=CCCCCCCC(=O)OC(COC(=O)CCCCCCCCCCCCCCC)COP(=O)(O)OCCN,[M-H]-,PE 16:0_20:4,"PE 16:0_20:4(8,11,14,17)",0.39000000000000057,0.8381900000000542,0.5285447451762934,0.5456547961410402,All,Some,-90.2122,6,criegee,173.61111111111111,130.327868852459,172.14285714285717,176.58227848101268
7578,13.605,672.4645,672.36133,153.4442797299051,C41H74NO8P,CCC=CCC=CCC=CCC=CCCCCCCC(=O)OC(COC(=O)CCCCCCCCCCCCCCC)COP(=O)(O)OCCN,[M-H]-,PE 16:0_20:4,"PE 16:0_20:4(8,11,14,17)",0.9700000000000024,0.8972899999998845,0.0,0.1867289999999887,All,Some,-66.1466,9,aldehyde,2.520833333333333,0.0,0.0,0.0
8308,13.776,687.54465,688.36073,1185.5411914621316,C41H74NO8P,CCC=CCC=CCC=CCC=CCCCCCCC(=O)OC(COC(=O)CCCCCCCCCCCCCCC)COP(=O)(O)OCCN,[M-H]-,PE 16:0_20:4,"PE 16:0_20:4(8,11,14,17)",0.6879999999999988,0.1834600000000819,0.5193845056051861,0.502653604484157,All,Some,-50.147200000000005,9,criegee,0.0,0.0,5.7214285714285715,5.424050632911392
8149,13.734,712.38807,712.42633,53.70379839840647,C41H74NO8P,CCC=CCC=CCC=CCC=CCCCCCCC(=O)OC(COC(=O)CCCCCCCCCCCCCCC)COP(=O)(O)OCCN,[M-H]-,PE 16:0_20:4,"PE 16:0_20:4(8,11,14,17)",0.7719999999999985,0.9612799999999879,0.0,0.17332799999999865,All,Some,-26.081599999999995,12,aldehyde,93.75,140.98360655737704,111.42857142857143,85.44303797468355
8148,13.734,729.35937,728.42573,1281.7229836183415,C41H74NO8P,CCC=CCC=CCC=CCC=CCCCCCCC(=O)OC(COC(=O)CCCCCCCCCCCCCCC)COP(=O)(O)OCCN,[M-H]-,PE 16:0_20:4,"PE 16:0_20:4(8,11,14,17)",0.7719999999999985,0.06682000000000698,0.4932628232475747,0.4784922585980603,All,Some,-10.082199999999995,12,criegee,29.375,35.0,28.714285714285715,32.34177215189874
7639,13.656,645.4497,645.45008,0.5887364673501736,C35H67O8P,CCCCCCC=CCCCCCCCC(=O)OC(COC(=O)CCCCCCCCCCCCCCC)COP(=O)(O)O,[M-H]-,PA 16:0_16:1,PA 16:0_16:1(9),0.8950000000000014,0.5421549999999797,0.3586588029651698,0.43064254237213395,All,Some,0.0,0,substrate,11563.05596502821,5555.473098330241,14735.92997297615,13419.852524106636
7639,13.656,645.4497,645.45008,0.5887364673501736,C35H67O8P,CCCCCCCCC=CCCCCCC(=O)OC(COC(=O)CCCCCCCCCCCCCCC)COP(=O)(O)O,[M-H]-,PA 16:0_16:1,PA 16:0_16:1(7),0.9139999999999997,0.5240249999999946,0.3451335938288601,0.41990937506308756,All,Some,0.0,0,substrate,14525.49179077924,9740.352504638218,17851.897544354364,21184.968803176405
7639,13.656,645.4497,645.45008,0.5887364673501736,C35H67O8P,CCCCCCCCCC=CCCCCC(=O)OC(COC(=O)CCCCCCCCCCCCCCC)COP(=O)(O)O,[M-H]-,PA 16:0_16:1,PA 16:0_16:1(6),0.3949999999999996,0.5003550000000132,0.35821163922742577,0.3761048113819419,All,Some,0.0,0,substrate,11511.45224419255,4404.17439703154,9912.172482669486,13095.17867271696
7406,13.439,521.29949,521.1794799999999,230.26616473866738,C35H67O8P,CCCCCCCCCC=CCCCCC(=O)OC(COC(=O)CCCCCCCCCCCCCCC)COP(=O)(O)O,[M-H]-,PA 16:0_16:1,PA 16:0_16:1(6),0.565999999999999,0.8796099999999569,0.0,0.1445609999999956,All,Some,-124.27060000000002,10,aldehyde,12200.0,0.0,4820.0,0.0
6858,13.268,536.2996,537.1788799999999,1636.847673534523,C35H67O8P,CCCCCCCCCC=CCCCCC(=O)OC(COC(=O)CCCCCCCCCCCCCCC)COP(=O)(O)O,[M-H]-,PA 16:0_16:1,PA 16:0_16:1(6),0.2240000000000002,0.12110000000006949,0.7164232784548515,0.6076486227638882,All,Some,-108.27120000000002,10,criegee,48300.0,30400.0,54200.0,49600.0
7986,13.722,535.26773,535.2064799999999,114.44181318598088,C35H67O8P,CCCCCCCCC=CCCCCCC(=O)OC(COC(=O)CCCCCCCCCCCCCCC)COP(=O)(O)O,[M-H]-,PA 16:0_16:1,PA 16:0_16:1(7),0.8680000000000021,0.9383699999999635,0.0,0.18063699999999655,All,Some,-110.24359999999999,9,aldehyde,37000.0,22200.0,31900.0,39000.0
7605,13.636,550.31518,551.20588,1615.9116444837716,C35H67O8P,CCCCCCCCC=CCCCCCC(=O)OC(COC(=O)CCCCCCCCCCCCCCC)COP(=O)(O)O,[M-H]-,PA 16:0_16:1,PA 16:0_16:1(7),0.9599999999999973,0.10968000000002576,0.6902671876577202,0.6591817501261785,All,Some,-94.24419999999999,9,criegee,39000.0,31100.0,39600.0,39300.0
7752,13.699,563.26248,563.2604799999999,3.5507550610800767,C35H67O8P,CCCCCCC=CCCCCCCCC(=O)OC(COC(=O)CCCCCCCCCCCCCCC)COP(=O)(O)O,[M-H]-,PA 16:0_16:1,PA 16:0_16:1(9),0.9140000000000015,0.9976199999999835,0.0,0.1911619999999985,All,Some,-82.1896,7,aldehyde,9130.0,0.0,0.0,0.0
7952,13.718,578.34619,579.25988,1577.340381315506,C35H67O8P,CCCCCCC=CCCCCCCCC(=O)OC(COC(=O)CCCCCCCCCCCCCCC)COP(=O)(O)O,[M-H]-,PA 16:0_16:1,PA 16:0_16:1(9),0.8760000000000012,0.08668999999997595,0.7173176059303396,0.6701230847442694,All,Some,-66.1902,7,criegee,51100.0,24100.0,39700.0,48400.0
7641,13.658,671.4655,671.46573,0.34253423475199546,C37H69O8P,CCCCCCCCC=CCC=CCCCCC(=O)OC(COC(=O)CCCCCCCCCCCCCCC)COP(=O)(O)O,[M-H]-,PA 16:0_18:2,"PA 16:0_18:2(6,9)",0.5330000000000004,0.5126574999999889,0.3495461026352572,0.38420263210820477,All,Some,0.0,0,substrate,5436.483337217432,0.0,0.0,7357.064220183486
7641,13.658,671.4655,671.46573,0.34253423475199546,C37H69O8P,CCCCCC=CCC=CCCCCCCCC(=O)OC(COC(=O)CCCCCCCCCCCCCCC)COP(=O)(O)O,[M-H]-,PA 16:0_18:2,"PA 16:0_18:2(9,12)",0.6875,0.501952499999959,0.23385987884528128,0.3060331530762209,All,Some,0.0,0,substrate,5163.516662782568,0.0,0.0,9442.935779816515
7406,13.439,521.29949,521.15713,273.1613784118038,C37H69O8P,CCCCCCCCC=CCC=CCCCCC(=O)OC(COC(=O)CCCCCCCCCCCCCCC)COP(=O)(O)O,[M-H]-,PA 16:0_18:2,"PA 16:0_18:2(6,9)",0.5620000000000012,0.8574100000000726,0.0,0.1419410000000074,All,Some,-150.30859999999996,9,aldehyde,12200.0,0.0,4820.0,0.0
6858,13.268,536.2996,537.1565300000001,1595.307796034861,C37H69O8P,CCCCCCCCC=CCC=CCCCCC(=O)OC(COC(=O)CCCCCCCCCCCCCCC)COP(=O)(O)O,[M-H]-,PA 16:0_18:2,"PA 16:0_18:2(6,9)",0.22000000000000242,0.1432999999999538,0.691218322960748,0.5893046583685941,All,Some,-134.30919999999995,9,criegee,48300.0,30400.0,54200.0,49600.0
8018,13.724,561.2831,561.22213,108.6379113382388,C37H69O8P,CCCCCCCCC=CCC=CCCCCC(=O)OC(COC(=O)CCCCCCCCCCCCCCC)COP(=O)(O)O,[M-H]-,PA 16:0_18:2,"PA 16:0_18:2(6,9)",0.8679999999999986,0.9388000000000147,0.0,0.18068000000000134,All,Some,-110.24359999999999,12,aldehyde,23100.0,0.0,27100.0,22000.0
7296,13.399,576.33242,577.22153,1540.3271600074816,C37H69O8P,CCCCCCCCC=CCC=CCCCCC(=O)OC(COC(=O)CCCCCCCCCCCCCCC)COP(=O)(O)O,[M-H]-,PA 16:0_18:2,"PA 16:0_18:2(6,9)",0.4819999999999993,0.1111199999999144,0.7069660875802809,0.6248848700642161,All,Some,-94.24419999999999,12,criegee,4430.0,5620.0,0.0,0.0
6823,13.248,562.32331,563.23813,1624.2153207915155,C37H69O8P,CCCCCC=CCC=CCCCCCCCC(=O)OC(COC(=O)CCCCCCCCCCCCCCC)COP(=O)(O)O,[M-H]-,PA 16:0_18:2,"PA 16:0_18:2(9,12)",0.17999999999999972,0.08540999999991072,0.2343097732968402,0.21398881863746322,All,Some,-108.2276,6,aldehyde,19300.0,14700.0,13400.0,18900.0
7952,13.718,578.34619,579.23753,1538.8160363159027,C37H69O8P,CCCCCC=CCC=CCCCCCCCC(=O)OC(COC(=O)CCCCCCCCCCCCCCC)COP(=O)(O)O,[M-H]-,PA 16:0_18:2,"PA 16:0_18:2(9,12)",0.879999999999999,0.10888999999997395,0.7011297420842849,0.6597927936674253,All,Some,-92.2282,6,criegee,51100.0,24100.0,39700.0,48400.0
8064,13.728,603.29388,603.30313,15.332259257573359,C37H69O8P,CCCCCC=CCC=CCCCCCCCC(=O)OC(COC(=O)CCCCCCCCCCCCCCC)COP(=O)(O)O,[M-H]-,PA 16:0_18:2,"PA 16:0_18:2(9,12)",0.8599999999999994,0.9909799999999223,0.0,0.18509799999999219,All,Some,-68.1626,9,aldehyde,11100.0,0.0,0.0,24600.0
7557,13.573,619.47977,619.30253,286.1929209299103,C37H69O8P,CCCCCC=CCC=CCCCCCCCC(=O)OC(COC(=O)CCCCCCCCCCCCCCC)COP(=O)(O)O,[M-H]-,PA 16:0_18:2,"PA 16:0_18:2(9,12)",0.8300000000000018,0.8225300000000288,0.0,0.1652530000000031,All,Some,-52.163199999999996,9,criegee,2110.0,0.0,0.0,0.0
7648,13.662,776.5454,776.54471,0.8885515425933685,C40H78NO8P,CCCCCCCCC=CCCCCCC(=O)OC(COC(=O)CCCCCCCCCCCCCCC)COP(=O)([O-])OCC[N+](C)(C)C,[M+HCOO]-,PC 16:0_16:1,PC 16:0_16:1(7),0.5820000000000025,0.5228999999999928,0.21736639350257478,0.28438311480205936,All,Some,0.0,0,substrate,4684.1215158158475,0.0,1577.4213108428423,2469.6017931759693
7648,13.662,776.5454,776.54471,0.8885515425933685,C40H78NO8P,CCCCCCC=CCCCCCCCC(=O)OC(COC(=O)CCCCCCCCCCCCCCC)COP(=O)([O-])OCC[N+](C)(C)C,[M+HCOO]-,PC 16:0_16:1,PC 16:0_16:1(9),0.9130000000000003,0.990319999999997,0.0,0.19033199999999972,All,None,0.0,0,substrate,42679.42373943001,0.0,45393.11504327215,51060.68572377342
7648,13.662,776.5454,776.54471,0.8885515425933685,C40H78NO8P,CCCCCCCCCC=CCCCCC(=O)OC(COC(=O)CCCCCCCCCCCCCCC)COP(=O)([O-])OCC[N+](C)(C)C,[M+HCOO]-,PC 16:0_16:1,PC 16:0_16:1(6),0.9520000000000017,0.9379149999999186,0.0,0.18899149999999204,All,None,0.0,0,substrate,6436.45474475415,0.0,4129.463645885012,6769.712483050613
7788,13.704,652.31107,652.27411,56.663294515892815,C40H78NO8P,CCCCCCCCCC=CCCCCC(=O)OC(COC(=O)CCCCCCCCCCCCCCC)COP(=O)([O-])OCC[N+](C)(C)C,[M+HCOO]-,PC 16:0_16:1,PC 16:0_16:1(6),0.9160000000000004,0.9637299999999414,0.0,0.18797299999999417,All,None,-124.27060000000002,10,aldehyde,13300.0,0.0,11200.0,14800.0
7660,13.668,668.3621,668.27351,132.56548205848748,C40H78NO8P,CCCCCCCCCC=CCCCCC(=O)OC(COC(=O)CCCCCCCCCCCCCCC)COP(=O)([O-])OCC[N+](C)(C)C,[M+HCOO]-,PC 16:0_16:1,PC 16:0_16:1(6),0.9880000000000031,0.9120999999998958,0.0,0.1900099999999899,All,None,-108.27120000000002,10,criegee,14500.0,0.0,0.0,0.0
8985,14.02,665.42288,666.30111,1318.0677426757259,C40H78NO8P,CCCCCCCCC=CCCCCCC(=O)OC(COC(=O)CCCCCCCCCCCCCCC)COP(=O)([O-])OCC[N+](C)(C)C,[M+HCOO]-,PC 16:0_16:1,PC 16:0_16:1(7),0.2840000000000025,0.1210800000000063,0.43473278700514956,0.3882942296041205,All,Some,-110.24359999999999,9,aldehyde,55300.0,20600.0,97300.0,125000.0
7991,13.722,682.37648,682.30051,111.34390035848556,C40H78NO8P,CCCCCCCCC=CCCCCCC(=O)OC(COC(=O)CCCCCCCCCCCCCCC)COP(=O)([O-])OCC[N+](C)(C)C,[M+HCOO]-,PC 16:0_16:1,PC 16:0_16:1(7),0.8800000000000026,0.9247199999999793,0.0,0.1804719999999982,All,Some,-94.24419999999999,9,criegee,198000.0,227000.0,225000.0,181000.0
7787,13.704,694.35525,694.35511,0.20162593746533314,C40H78NO8P,CCCCCCC=CCCCCCCCC(=O)OC(COC(=O)CCCCCCCCCCCCCCC)COP(=O)([O-])OCC[N+](C)(C)C,[M+HCOO]-,PC 16:0_16:1,PC 16:0_16:1(9),0.9160000000000004,0.9994500000000244,0.0,0.1915450000000025,All,None,-82.1896,7,aldehyde,17400.0,0.0,20500.0,31400.0
7806,13.707,710.37401,710.35451,27.45108213643021,C40H78NO8P,CCCCCCC=CCCCCCCCC(=O)OC(COC(=O)CCCCCCCCCCCCCCC)COP(=O)([O-])OCC[N+](C)(C)C,[M+HCOO]-,PC 16:0_16:1,PC 16:0_16:1(9),0.9100000000000001,0.9811899999999696,0.0,0.18911899999999698,All,None,-66.1902,7,criegee,20800.0,20500.0,8820.0,9170.0
7784,13.703,759.46602,759.55454,116.54199315300889,C42H81O9P,CCCCCCCCCCCCCCCC(=O)OC(COCCCCCCCC=CCC=CCCCCCCCC)COP(=O)(O)OCC(O)CO,[M-H]-,PG O-20:2_16:0,"PG O-20:2(8,11)_16:0",0.6344999999999992,0.66665500000002,0.36721346969218127,0.42388627575374693,All,Some,0.0,0,substrate,59468.23278163374,103647.6418433739,17625.83222370173,45822.620016273395
7784,13.703,759.46602,759.55454,116.54199315300889,C42H81O9P,CCCCCCCCCCCCCCCC(=O)OC(COCCCCCCCCCCC=CCC=CCCCCC)COP(=O)(O)OCC(O)CO,[M-H]-,PG O-20:2_16:0,"PG O-20:2(11,14)_16:0",0.8099999999999996,0.7062274999999261,0.2960434675049477,0.3884575240039507,All,Some,0.0,0,substrate,156531.76721836627,182352.35815662608,199374.16777629827,182177.3799837266
8205,13.745,651.36971,651.3269399999999,65.66594650626968,C42H81O9P,CCCCCCCCCCCCCCCC(=O)OC(COCCCCCCCCCCC=CCC=CCCCCC)COP(=O)(O)OCC(O)CO,[M-H]-,PG O-20:2_16:0,"PG O-20:2(11,14)_16:0",0.9160000000000004,0.8687099999998509,0.0,0.17847099999998514,All,Some,-108.2276,6,aldehyde,18900.0,0.0,0.0,0.0
7878,13.714,667.32955,667.32634,4.810240219322051,C42H81O9P,CCCCCCCCCCCCCCCC(=O)OC(COCCCCCCCCCCC=CCC=CCCCCC)COP(=O)(O)OCC(O)CO,[M-H]-,PG O-20:2_16:0,"PG O-20:2(11,14)_16:0",0.977999999999998,0.9082699999999022,0.0,0.18862699999999002,All,Some,-92.2282,6,criegee,10100.0,0.0,0.0,0.0
8721,13.975,691.43827,691.39194,67.0097484792949,C42H81O9P,CCCCCCCCCCCCCCCC(=O)OC(COCCCCCCCCCCC=CCC=CCCCCC)COP(=O)(O)OCC(O)CO,[M-H]-,PG O-20:2_16:0,"PG O-20:2(11,14)_16:0",0.4559999999999995,0.8651499999999714,0.9059913473906104,0.8569080779124855,All,Some,-68.1626,9,aldehyde,72100.0,53800.0,0.0,91000.0
7623,13.648,706.4856,707.39134,1280.3945267410782,C42H81O9P,CCCCCCCCCCCCCCCC(=O)OC(COCCCCCCCCCCC=CCC=CCCCCC)COP(=O)(O)OCC(O)CO,[M-H]-,PG O-20:2_16:0,"PG O-20:2(11,14)_16:0",0.8900000000000006,0.18277999999997974,0.27818252262918036,0.32982401810334233,All,Some,-52.163199999999996,9,criegee,53600.0,53700.0,36600.0,32500.0
7937,13.718,609.36018,609.24594,187.51048222002962,C42H81O9P,CCCCCCCCCCCCCCCC(=O)OC(COCCCCCCCC=CCC=CCCCCCCCC)COP(=O)(O)OCC(O)CO,[M-H]-,PG O-20:2_16:0,"PG O-20:2(8,11)_16:0",0.9699999999999989,0.797239999999988,0.0,0.1767239999999987,All,Some,-150.30859999999996,9,aldehyde,58200.0,9530.0,43700.0,45200.0
7873,13.714,625.32196,625.24534,122.5438961287331,C42H81O9P,CCCCCCCCCCCCCCCC(=O)OC(COCCCCCCCC=CCC=CCCCCCCCC)COP(=O)(O)OCC(O)CO,[M-H]-,PG O-20:2_16:0,"PG O-20:2(8,11)_16:0",0.977999999999998,0.8348600000000488,0.0,0.1812860000000047,All,Some,-134.30919999999995,9,criegee,43700.0,0.0,32000.0,41800.0
6950,13.315,648.458,649.31094,1313.6079302775797,C42H81O9P,CCCCCCCCCCCCCCCC(=O)OC(COCCCCCCCC=CCC=CCCCCCCCC)COP(=O)(O)OCC(O)CO,[M-H]-,PG O-20:2_16:0,"PG O-20:2(8,11)_16:0",0.2240000000000002,0.2355800000000272,0.6462775942637069,0.5629800754109683,All,Some,-110.24359999999999,12,aldehyde,250000.0,159000.0,241000.0,279000.0
8985,14.02,665.42288,665.31034,169.15414241114487,C42H81O9P,CCCCCCCCCCCCCCCC(=O)OC(COCCCCCCCC=CCC=CCCCCCCCC)COP(=O)(O)OCC(O)CO,[M-H]-,PG O-20:2_16:0,"PG O-20:2(8,11)_16:0",0.36599999999999966,0.798940000000016,0.8225762845050181,0.7745550276040161,All,Some,-94.24419999999999,12,criegee,55300.0,20600.0,97300.0,125000.0
7939,13.718,695.46563,695.46573,0.14378853717910436,C39H69O8P,CCC=CCC=CCC=CCC=CCCCCCCC(=O)OC(COC(=O)CCCCCCCCCCCCCCC)COP(=O)(O)O,[M-H]-,PA 16:0_20:4,"PA 16:0_20:4(8,11,14,17)",0.8620000000000001,0.7396850000000086,0.11717527172381179,0.2539087173790503,All,Some,0.0,0,substrate,65139.42112970059,33370.520214627984,55003.58796165295,92143.62032550629
7939,13.718,695.46563,695.46573,0.14378853717910436,C39H69O8P,CCCCCC=CCC=CCC=CCC=CCCCC(=O)OC(COC(=O)CCCCCCCCCCCCCCC)COP(=O)(O)O,[M-H]-,PA 16:0_20:4,"PA 16:0_20:4(5,8,11,14)",0.4987499999999998,0.6154362500000303,0.0980870686828027,0.1898882799462452,All,Some,0.0,0,substrate,255860.57887029942,132629.479785372,223996.41203834704,251856.3796744937
7383,13.431,507.23614,507.1081300000001,252.43137001156697,C39H69O8P,CCCCCC=CCC=CCC=CCC=CCCCC(=O)OC(COC(=O)CCCCCCCCCCCCCCC)COP(=O)(O)O,[M-H]-,PA 16:0_20:4,"PA 16:0_20:4(5,8,11,14)",0.4259999999999984,0.8718900000001213,0.0,0.12978900000001198,All,Some,-188.35759999999993,6,aldehyde,0.0,0.0,5880.0,0.0
7898,13.715,523.26773,523.1075300000001,306.24678639192587,C39H69O8P,CCCCCC=CCC=CCC=CCC=CCCCC(=O)OC(COC(=O)CCCCCCCCCCCCCCC)COP(=O)(O)O,[M-H]-,PA 16:0_20:4,"PA 16:0_20:4(5,8,11,14)",0.9939999999999998,0.8397000000001071,0.0,0.1833700000000107,All,Some,-172.35819999999993,6,criegee,64300.0,24100.0,53800.0,64500.0
6735,13.226,547.29965,547.17313,231.22480447829687,C39H69O8P,CCCCCC=CCC=CCC=CCC=CCCCC(=O)OC(COC(=O)CCCCCCCCCCCCCCC)COP(=O)(O)O,[M-H]-,PA 16:0_20:4,"PA 16:0_20:4(5,8,11,14)",0.01600000000000179,0.8733799999999974,0.0,0.08893799999999993,All,Some,-148.29259999999996,9,aldehyde,0.0,4970.0,0.0,0.0
6823,13.248,562.32331,563.17253,1507.9215600236382,C39H69O8P,CCCCCC=CCC=CCC=CCC=CCCCC(=O)OC(COC(=O)CCCCCCCCCCCCCCC)COP(=O)(O)O,[M-H]-,PA 16:0_20:4,"PA 16:0_20:4(5,8,11,14)",0.05999999999999872,0.15087999999991553,0.2907059689349355,0.2536527751479398,All,Some,-132.29319999999996,9,criegee,19300.0,14700.0,13400.0,18900.0
6752,13.229,586.32092,587.23813,1561.9047080610292,C39H69O8P,CCCCCC=CCC=CCC=CCC=CCCCC(=O)OC(COC(=O)CCCCCCCCCCCCCCC)COP(=O)(O)O,[M-H]-,PA 16:0_20:4,"PA 16:0_20:4(5,8,11,14)",0.021999999999998465,0.08289000000002034,0.22710274345689482,0.19217119476551775,All,Some,-108.2276,12,aldehyde,29800.0,29300.0,29700.0,25100.0
8064,13.728,603.29388,603.23753,93.41262305074449,C39H69O8P,CCCCCC=CCC=CCC=CCC=CCCCC(=O)OC(COC(=O)CCCCCCCCCCCCCCC)COP(=O)(O)O,[M-H]-,PA 16:0_20:4,"PA 16:0_20:4(5,8,11,14)",0.9800000000000004,0.9435500000000729,0.0,0.19235500000000733,All,Some,-92.2282,12,criegee,11100.0,0.0,0.0,24600.0
7951,13.718,627.32697,627.30313,38.003955121266685,C39H69O8P,CCCCCC=CCC=CCC=CCC=CCCCC(=O)OC(COC(=O)CCCCCCCCCCCCCCC)COP(=O)(O)O,[M-H]-,PA 16:0_20:4,"PA 16:0_20:4(5,8,11,14)",1.0,0.976060000000075,0.0,0.1976060000000075,All,Some,-68.1626,15,aldehyde,70900.0,62700.0,71400.0,74700.0
8707,13.972,642.48757,643.30253,1266.8378593195364,C39H69O8P,CCCCCC=CCC=CCC=CCC=CCCCC(=O)OC(COC(=O)CCCCCCCCCCCCCCC)COP(=O)(O)O,[M-H]-,PA 16:0_20:4,"PA 16:0_20:4(5,8,11,14)",0.4920000000000009,0.18513999999993302,0.26688783707059127,0.2812242696564664,All,Some,-52.163199999999996,15,criegee,0.0,4350.0,0.0,7800.0
7811,13.707,549.28354,549.18913,171.90799096850108,C39H69O8P,CCC=CCC=CCC=CCC=CCCCCCCC(=O)OC(COC(=O)CCCCCCCCCCCCCCC)COP(=O)(O)O,[M-H]-,PA 16:0_20:4,"PA 16:0_20:4(8,11,14,17)",0.9780000000000015,0.9054899999999861,0.0,0.18834899999999877,All,Some,-146.27659999999997,3,aldehyde,85600.0,59600.0,69800.0,67200.0
8019,13.724,565.27815,565.18853,158.5665583127953,C39H69O8P,CCC=CCC=CCC=CCC=CCCCCCCC(=O)OC(COC(=O)CCCCCCCCCCCCCCC)COP(=O)(O)O,[M-H]-,PA 16:0_20:4,"PA 16:0_20:4(8,11,14,17)",0.9879999999999995,0.910280000000057,0.0,0.18982800000000566,All,Some,-130.27719999999997,3,criegee,34400.0,0.0,28400.0,15800.0
6803,13.241,588.339,589.25413,1553.0311174908122,C39H69O8P,CCC=CCC=CCC=CCC=CCCCCCCC(=O)OC(COC(=O)CCCCCCCCCCCCCCC)COP(=O)(O)O,[M-H]-,PA 16:0_20:4,"PA 16:0_20:4(8,11,14,17)",0.045999999999999375,0.08496999999999844,0.27735864294901086,0.23498391435920848,All,Some,-106.21159999999999,6,aldehyde,285000.0,251000.0,289000.0,274000.0
8092,13.73,604.36225,605.25353,1472.5729893718058,C39H69O8P,CCC=CCC=CCC=CCC=CCCCCCCC(=O)OC(COC(=O)CCCCCCCCCCCCCCC)COP(=O)(O)O,[M-H]-,PA 16:0_20:4,"PA 16:0_20:4(8,11,14,17)",0.9759999999999991,0.108820000000037,0.6600435308414834,0.6365168246731904,All,Some,-90.2122,6,criegee,56500.0,26000.0,54600.0,59400.0
7844,13.711,629.30582,629.31913,21.149841734404447,C39H69O8P,CCC=CCC=CCC=CCC=CCCCCCCC(=O)OC(COC(=O)CCCCCCCCCCCCCCC)COP(=O)(O)O,[M-H]-,PA 16:0_20:4,"PA 16:0_20:4(8,11,14,17)",0.9860000000000007,0.9867900000000418,0.0,0.19727900000000426,All,Some,-66.1466,9,aldehyde,138000.0,109000.0,112000.0,108000.0
7977,13.721,645.33547,645.31853,26.250602163828866,C39H69O8P,CCC=CCC=CCC=CCC=CCCCCCCC(=O)OC(COC(=O)CCCCCCCCCCCCCCC)COP(=O)(O)O,[M-H]-,PA 16:0_20:4,"PA 16:0_20:4(8,11,14,17)",0.9939999999999998,0.9829600000000482,0.0,0.1976960000000048,All,Some,-50.147200000000005,9,criegee,6810.0,11600.0,9530.0,0.0
7854,13.711,669.33815,669.38413,68.6900061403994,C39H69O8P,CCC=CCC=CCC=CCC=CCCCCCCC(=O)OC(COC(=O)CCCCCCCCCCCCCCC)COP(=O)(O)O,[M-H]-,PA 16:0_20:4,"PA 16:0_20:4(8,11,14,17)",0.9860000000000007,0.954119999999989,0.0,0.19401199999999896,All,Some,-26.081599999999995,12,aldehyde,69100.0,67500.0,67400.0,64900.0
8230,13.747,685.36748,685.3835300000001,23.417545501952528,C39H69O8P,CCC=CCC=CCC=CCC=CCCCCCCC(=O)OC(COC(=O)CCCCCCCCCCCCCCC)COP(=O)(O)O,[M-H]-,PA 16:0_20:4,"PA 16:0_20:4(8,11,14,17)",0.9420000000000002,0.984049999999911,0.0,0.19260499999999114,All,Some,-10.082199999999995,12,criegee,92100.0,32200.0,78600.0,0.0
8050,13.726,826.56033,826.56036,0.03629498990764242,C44H80NO8P,CCC=CCC=CCC=CCC=CCCCCCCC(=O)OC(COC(=O)CCCCCCCCCCCCCCC)COP(=O)([O-])OCC[N+](C)(C)C,[M+HCOO]-,PC 16:0_20:4,"PC 16:0_20:4(8,11,14,17)",0.9626666666666672,0.7747083333333649,0.1021988340657356,0.25549656725259173,All,Some,0.0,0,substrate,46776.07682137637,16904.578345844326,43378.33496298366,60687.7172225098
8050,13.726,826.56033,826.56036,0.03629498990764242,C44H80NO8P,CCCCCC=CCC=CCC=CCC=CCCCC(=O)OC(COC(=O)CCCCCCCCCCCCCCC)COP(=O)([O-])OCC[N+](C)(C)C,[M+HCOO]-,PC 16:0_20:4,"PC 16:0_20:4(5,8,11,14)",0.9805714285714286,0.9221985714286153,0.0,0.19027700000000441,All,Some,0.0,0,substrate,340223.92317862355,119095.42165415568,293621.6650370163,359312.2827774902
7859,13.713,638.33238,638.20276,203.10159736684886,C44H80NO8P,CCCCCC=CCC=CCC=CCC=CCCCC(=O)OC(COC(=O)CCCCCCCCCCCCCCC)COP(=O)([O-])OCC[N+](C)(C)C,[M+HCOO]-,PC 16:0_20:4,"PC 16:0_20:4(5,8,11,14)",0.9739999999999966,0.8703500000001441,0.0,0.18443500000001406,All,Some,-188.35759999999993,6,aldehyde,10.180878552971576,0.0,0.0,5.5476190476190474
8115,13.731,654.36447,654.20216,248.10373600712964,C44H80NO8P,CCCCCC=CCC=CCC=CCC=CCCCC(=O)OC(COC(=O)CCCCCCCCCCCCCCC)COP(=O)([O-])OCC[N+](C)(C)C,[M+HCOO]-,PC 16:0_20:4,"PC 16:0_20:4(5,8,11,14)",0.990000000000002,0.8376600000001417,0.0,0.18276600000001436,All,Some,-172.35819999999993,6,criegee,0.0,0.0,8.902077151335313,0.0
7769,13.702,678.3624,678.26776,139.53191583221752,C44H80NO8P,CCCCCC=CCC=CCC=CCC=CCCCC(=O)OC(COC(=O)CCCCCCCCCCCCCCC)COP(=O)([O-])OCC[N+](C)(C)C,[M+HCOO]-,PC 16:0_20:4,"PC 16:0_20:4(5,8,11,14)",0.9519999999999982,0.905330000000049,0.0,0.18573300000000476,All,Some,-148.29259999999996,9,aldehyde,0.0,10.514705882352942,0.0,0.0
8035,13.726,694.39156,694.26716,179.1817432356111,C44H80NO8P,CCCCCC=CCC=CCC=CCC=CCCCC(=O)OC(COC(=O)CCCCCCCCCCCCCCC)COP(=O)([O-])OCC[N+](C)(C)C,[M+HCOO]-,PC 16:0_20:4,"PC 16:0_20:4(5,8,11,14)",1.0,0.8755700000000388,0.0,0.1875570000000039,All,Some,-132.29319999999996,9,criegee,0.0,0.0,0.0,4.428571428571428
8011,13.723,718.32803,718.33276,6.584692030466515,C44H80NO8P,CCCCCC=CCC=CCC=CCC=CCCCC(=O)OC(COC(=O)CCCCCCCCCCCCCCC)COP(=O)([O-])OCC[N+](C)(C)C,[M+HCOO]-,PC 16:0_20:4,"PC 16:0_20:4(5,8,11,14)",0.9939999999999998,0.9952999999999292,0.0,0.19892999999999292,All,Some,-108.2276,12,aldehyde,6.020671834625323,13.602941176470587,6.913946587537093,4.333333333333334
8189,13.741,734.35003,734.3321599999999,24.335036613426087,C44H80NO8P,CCCCCC=CCC=CCC=CCC=CCCCC(=O)OC(COC(=O)CCCCCCCCCCCCCCC)COP(=O)([O-])OCC[N+](C)(C)C,[M+HCOO]-,PC 16:0_20:4,"PC 16:0_20:4(5,8,11,14)",0.9700000000000024,0.9821000000000595,0.0,0.1952100000000062,All,Some,-92.2282,12,criegee,0.0,0.0,0.0,5.30952380952381
8135,13.734,758.38681,758.39776,14.438333784081602,C44H80NO8P,CCCCCC=CCC=CCC=CCC=CCCCC(=O)OC(COC(=O)CCCCCCCCCCCCCCC)COP(=O)([O-])OCC[N+](C)(C)C,[M+HCOO]-,PC 16:0_20:4,"PC 16:0_20:4(5,8,11,14)",0.9840000000000018,0.9890799999999444,0.0,0.19730799999999463,All,Some,-68.1626,15,aldehyde,28.68217054263566,111.02941176470588,38.87240356083086,26.904761904761905
8091,13.73,680.3776,680.28376,137.94243743228583,C44H80NO8P,CCC=CCC=CCC=CCC=CCCCCCCC(=O)OC(COC(=O)CCCCCCCCCCCCCCC)COP(=O)([O-])OCC[N+](C)(C)C,[M+HCOO]-,PC 16:0_20:4,"PC 16:0_20:4(8,11,14,17)",0.9920000000000009,0.9061300000000756,0.0,0.18981300000000767,All,Some,-146.27659999999997,3,aldehyde,13.695090439276486,9.852941176470589,14.3026706231454,12.80952380952381
8134,13.734,696.39269,696.28316,157.30669114568767,C44H80NO8P,CCC=CCC=CCC=CCC=CCCCCCCC(=O)OC(COC(=O)CCCCCCCCCCCCCCC)COP(=O)([O-])OCC[N+](C)(C)C,[M+HCOO]-,PC 16:0_20:4,"PC 16:0_20:4(8,11,14,17)",0.9840000000000018,0.8904400000000123,0.0,0.18744400000000142,All,Some,-130.27719999999997,3,criegee,109.04392764857882,368.38235294117646,130.56379821958458,90.47619047619048
8129,13.733,736.42445,736.34816,103.60588121788987,C44H80NO8P,CCC=CCC=CCC=CCC=CCCCCCCC(=O)OC(COC(=O)CCCCCCCCCCCCCCC)COP(=O)([O-])OCC[N+](C)(C)C,[M+HCOO]-,PC 16:0_20:4,"PC 16:0_20:4(8,11,14,17)",0.9860000000000007,0.923680000000104,0.0,0.19096800000001046,All,Some,-90.2122,6,criegee,83.4625322997416,269.8529411764706,100.0,70.47619047619048
7823,13.709,760.37379,760.4137599999999,52.56348859327017,C44H80NO8P,CCC=CCC=CCC=CCC=CCCCCCCC(=O)OC(COC(=O)CCCCCCCCCCCCCCC)COP(=O)([O-])OCC[N+](C)(C)C,[M+HCOO]-,PC 16:0_20:4,"PC 16:0_20:4(8,11,14,17)",0.9659999999999975,0.9600599999999986,0.0,0.1926059999999996,All,Some,-66.1466,9,aldehyde,14.031007751937985,17.27941176470588,0.0,5.5476190476190474
8196,13.742,776.45531,776.41316,54.28810609045583,C44H80NO8P,CCC=CCC=CCC=CCC=CCCCCCCC(=O)OC(COC(=O)CCCCCCCCCCCCCCC)COP(=O)([O-])OCC[N+](C)(C)C,[M+HCOO]-,PC 16:0_20:4,"PC 16:0_20:4(8,11,14,17)",0.968,0.9578199999999697,0.0,0.19258199999999698,All,Some,-50.147200000000005,9,criegee,91.21447028423772,286.7647058823529,106.82492581602374,80.71428571428572
8339,13.786,801.46861,800.47876,1236.5724732034698,C44H80NO8P,CCC=CCC=CCC=CCC=CCCCCCCC(=O)OC(COC(=O)CCCCCCCCCCCCCCC)COP(=O)([O-])OCC[N+](C)(C)C,[M+HCOO]-,PC 16:0_20:4,"PC 16:0_20:4(8,11,14,17)",0.8800000000000026,0.010120000000028995,0.6131930043944136,0.5795664035155341,All,Some,-26.081599999999995,12,aldehyde,15.012919896640827,0.0,18.486646884272997,15.428571428571427
8222,13.746,721.48123,721.48138,0.20790557333904713,C41H71O8P,CCC=CCC=CCC=CCC=CCCCCCCC(=O)OC(COC(=O)CCCCC=CCCCCCCCCCCC)COP(=O)(O)O,[M-H]-,PA 18:1_20:4,"PA 18:1(6)_20:4(8,11,14,17)",0.7379999999999995,0.8388474999999715,0.14987684957638048,0.27758622966110147,Some,Some,0.0,0,substrate,7259.056457452322,4889.2619989678315,7193.869852632323,8233.106963451823
8222,13.746,721.48123,721.48138,0.20790557333904713,C41H71O8P,CCCCCC=CCC=CCC=CCC=CCCCC(=O)OC(COC(=O)CCCCC=CCCCCCCCCCCC)COP(=O)(O)O,[M-H]-,PA 18:1_20:4,"PA 18:1(6)_20:4(5,8,11,14)",0.8597142857142848,0.9065442857142736,0.08996152421681979,0.24859507651631166,Some,Some,0.0,0,substrate,34230.37571177007,29517.357646654054,33883.826801859046,36802.027017073495
8222,13.746,721.48123,721.48138,0.20790557333904713,C41H71O8P,CCC=CCC=CCC=CCC=CCCCCCCC(=O)OC(COC(=O)CCCCCCCC=CCCCCCCCC)COP(=O)(O)O,[M-H]-,PA 18:1_20:4,"PA 18:1(9)_20:4(8,11,14,17)",0.8134999999999999,0.8680587499999746,0.07116051588666315,0.22508428770932798,Some,Some,0.0,0,substrate,5057.457179541012,4093.3356270428353,5254.342119751021,6148.579172988818
8222,13.746,721.48123,721.48138,0.20790557333904713,C41H71O8P,CCC=CCC=CCC=CCC=CCCCCCCC(=O)OC(COC(=O)CCCCCCCCCC=CCCCCCC)COP(=O)(O)O,[M-H]-,PA 18:1_20:4,"PA 18:1(11)_20:4(8,11,14,17)",0.8541999999999998,0.8832249999999704,0.05692841270933052,0.21928523016746143,All,Some,0.0,0,substrate,34467.12539864122,29816.356442456563,34138.29806033633,37144.2629229704
8222,13.746,721.48123,721.48138,0.20790557333904713,C41H71O8P,CCCCCC=CCC=CCC=CCC=CCCCC(=O)OC(COC(=O)CCCCCCCC=CCCCCCCCC)COP(=O)(O)O,[M-H]-,PA 18:1_20:4,"PA 18:1(9)_20:4(5,8,11,14)",0.9487499999999995,0.9454849999999908,0.0,0.18942349999999905,Some,None,0.0,0,substrate,5736.60044187943,4350.221916394289,5647.4675895780965,6731.935830767644
8222,13.746,721.48123,721.48138,0.20790557333904713,C41H71O8P,CCCCCC=CCC=CCC=CCC=CCCCC(=O)OC(COC(=O)CCCCCCCCCC=CCCCCCC)COP(=O)(O)O,[M-H]-,PA 18:1_20:4,"PA 18:1(11)_20:4(5,8,11,14)",0.9529999999999994,0.9236530000000016,0.0,0.1876653000000001,All,None,0.0,0,substrate,34249.384810715936,29333.466368484438,33882.19557584318,36940.088092747814
8285,13.762,573.25468,573.18878,114.97084782443932,C41H71O8P,CCCCCC=CCC=CCC=CCC=CCCCC(=O)OC(COC(=O)CCCCCCCCCC=CCCCCCC)COP(=O)(O)O,[M-H]-,PA 18:1_20:4,"PA 18:1(11)_20:4(5,8,11,14)",0.968,0.9339499999999816,0.0,0.19019499999999817,All,None,-148.29259999999996,6,aldehyde,0.0,0.0,3.2583333333333333,0.0
8146,13.734,589.31427,589.18818,214.00632986217832,C41H71O8P,CCCCCC=CCC=CCC=CCC=CCCCC(=O)OC(COC(=O)CCCCCCCCCC=CCCCCCC)COP(=O)(O)O,[M-H]-,PA 18:1_20:4,"PA 18:1(11)_20:4(5,8,11,14)",0.9759999999999991,0.8737600000000612,0.0,0.18497600000000602,All,None,-132.29319999999996,6,criegee,21.735537190082642,13.137254901960786,15.583333333333332,20.909090909090907
7899,13.715,533.28854,533.12378,309.0464282047241,C41H71O8P,CCCCCC=CCC=CCC=CCC=CCCCC(=O)OC(COC(=O)CCCCCCCCCC=CCCCCCC)COP(=O)(O)O,[M-H]-,PA 18:1_20:4,"PA 18:1(11)_20:4(5,8,11,14)",0.9379999999999988,0.8350900000000365,0.0,0.17730900000000355,All,None,-188.35759999999993,7,aldehyde,62.97520661157024,40.68627450980392,53.91666666666667,64.16666666666667
7811,13.707,549.28354,549.12318,292.02919461525687,C41H71O8P,CCCCCC=CCC=CCC=CCC=CCCCC(=O)OC(COC(=O)CCCCCCCCCC=CCCCCCC)COP(=O)(O)O,[M-H]-,PA 18:1_20:4,"PA 18:1(11)_20:4(5,8,11,14)",0.9220000000000006,0.8394900000000689,0.0,0.17614900000000694,All,None,-172.35819999999993,7,criegee,70.74380165289256,58.43137254901961,58.166666666666664,50.90909090909091
7740,13.698,613.31084,613.25378,93.0446771970628,C41H71O8P,CCCCCC=CCC=CCC=CCC=CCCCC(=O)OC(COC(=O)CCCCCCCCCC=CCCCCCC)COP(=O)(O)O,[M-H]-,PA 18:1_20:4,"PA 18:1(11)_20:4(5,8,11,14)",0.9039999999999999,0.9427899999999454,0.0,0.18467899999999454,All,None,-108.2276,9,aldehyde,0.0,56.1764705882353,60.66666666666667,53.78787878787878
7844,13.711,629.30582,629.2531799999999,83.65472225362514,C41H71O8P,CCCCCC=CCC=CCC=CCC=CCCCC(=O)OC(COC(=O)CCCCCCCCCC=CCCCCCC)COP(=O)(O)O,[M-H]-,PA 18:1_20:4,"PA 18:1(11)_20:4(5,8,11,14)",0.9299999999999997,0.9472099999999273,0.0,0.1877209999999927,All,None,-92.2282,9,criegee,114.0495867768595,106.86274509803921,93.33333333333333,81.81818181818183
8069,13.729,639.37004,639.2917799999999,122.41671557252609,C41H71O8P,CCCCCC=CCC=CCC=CCC=CCCCC(=O)OC(COC(=O)CCCCCCCCCC=CCCCCCC)COP(=O)(O)O,[M-H]-,PA 18:1_20:4,"PA 18:1(11)_20:4(5,8,11,14)",0.9659999999999975,0.9215899999999237,0.0,0.18875899999999213,All,None,-82.1896,12,aldehyde,13.305785123966944,0.0,0.0,0.0
8206,13.745,653.31599,653.31878,4.27050329073783,C41H71O8P,CCCCCC=CCC=CCC=CCC=CCCCC(=O)OC(COC(=O)CCCCCCCCCC=CCCCCCC)COP(=O)(O)O,[M-H]-,PA 18:1_20:4,"PA 18:1(11)_20:4(5,8,11,14)",0.9979999999999976,0.9973600000000715,0.0,0.19953600000000693,All,None,-68.1626,12,criegee,7.239669421487603,0.0,0.0,0.0
8231,13.747,655.32562,655.2911799999999,52.55678857148328,C41H71O8P,CCCCCC=CCC=CCC=CCC=CCCCC(=O)OC(COC(=O)CCCCCCCCCC=CCCCCCC)COP(=O)(O)O,[M-H]-,PA 18:1_20:4,"PA 18:1(11)_20:4(5,8,11,14)",0.9980000000000011,0.9654100000000199,0.0,0.1963410000000021,All,None,-66.1902,15,aldehyde,0.0,0.0,26.416666666666664,0.0
7854,13.711,669.33815,669.31818,29.836332848537825,C41H71O8P,CCCCCC=CCC=CCC=CCC=CCCCC(=O)OC(COC(=O)CCCCCCCCCC=CCCCCCC)COP(=O)(O)O,[M-H]-,PA 18:1_20:4,"PA 18:1(11)_20:4(5,8,11,14)",0.9299999999999997,0.9798799999999801,0.0,0.190987999999998,All,None,-52.163199999999996,15,criegee,57.107438016528924,66.17647058823529,56.166666666666664,49.166666666666664
8874,14.003,615.26968,615.26978,0.16253032933764103,C41H71O8P,CCC=CCC=CCC=CCC=CCCCCCCC(=O)OC(COC(=O)CCCCCCCCCC=CCCCCCC)COP(=O)(O)O,[M-H]-,PA 18:1_20:4,"PA 18:1(11)_20:4(8,11,14,17)",0.48600000000000065,0.9999500000000126,0.0,0.14859500000000134,All,Some,-106.21159999999999,3,aldehyde,94.21487603305785,133.33333333333331,100.0,79.54545454545455
7696,13.684,631.32352,631.26918,86.08055283171706,C41H71O8P,CCC=CCC=CCC=CCC=CCCCCCCC(=O)OC(COC(=O)CCCCCCCCCC=CCCCCCC)COP(=O)(O)O,[M-H]-,PA 18:1_20:4,"PA 18:1(11)_20:4(8,11,14,17)",0.8759999999999977,0.9455099999998993,0.0,0.1821509999999897,All,Some,-90.2122,3,criegee,3.231404958677686,0.0,0.0,0.0
8069,13.729,639.37004,639.2917799999999,122.41671557252609,C41H71O8P,CCC=CCC=CCC=CCC=CCCCCCCC(=O)OC(COC(=O)CCCCCCCCCC=CCCCCCC)COP(=O)(O)O,[M-H]-,PA 18:1_20:4,"PA 18:1(11)_20:4(8,11,14,17)",0.9659999999999975,0.9215899999999237,0.0,0.18875899999999213,All,Some,-82.1896,6,aldehyde,13.305785123966944,0.0,0.0,0.0
8231,13.747,655.32562,655.2911799999999,52.55678857148328,C41H71O8P,CCC=CCC=CCC=CCC=CCCCCCCC(=O)OC(COC(=O)CCCCCCCCCC=CCCCCCC)COP(=O)(O)O,[M-H]-,PA 18:1_20:4,"PA 18:1(11)_20:4(8,11,14,17)",0.9980000000000011,0.9654100000000199,0.0,0.1963410000000021,All,Some,-66.1902,6,criegee,0.0,0.0,26.416666666666664,0.0
8178,13.739,575.2993,575.20478,164.3240864583716,C41H71O8P,CCC=CCC=CCC=CCC=CCCCCCCC(=O)OC(COC(=O)CCCCCCCCCC=CCCCCCC)COP(=O)(O)O,[M-H]-,PA 18:1_20:4,"PA 18:1(11)_20:4(8,11,14,17)",0.9860000000000007,0.9053299999999354,0.0,0.1891329999999936,All,Some,-146.27659999999997,7,aldehyde,17.107438016528924,22.647058823529413,0.0,20.530303030303028
7342,13.41,590.34805,591.20418,1448.1122241050587,C41H71O8P,CCC=CCC=CCC=CCC=CCCCCCCC(=O)OC(COC(=O)CCCCCCCCCC=CCCCCCC)COP(=O)(O)O,[M-H]-,PA 18:1_20:4,"PA 18:1(11)_20:4(8,11,14,17)",0.3279999999999994,0.14401999999995496,0.5692841270933052,0.5026293016746396,All,Some,-130.27719999999997,7,criegee,8.429752066115702,3.872549019607843,3.3333333333333335,0.0
8231,13.747,655.32562,655.3347799999999,13.977588676052951,C41H71O8P,CCC=CCC=CCC=CCC=CCCCCCCC(=O)OC(COC(=O)CCCCCCCCCC=CCCCCCC)COP(=O)(O)O,[M-H]-,PA 18:1_20:4,"PA 18:1(11)_20:4(8,11,14,17)",0.9980000000000011,0.9909900000000107,0.0,0.19889900000000119,All,Some,-66.1466,9,aldehyde,0.0,0.0,26.416666666666664,0.0
8097,13.73,671.31841,671.33418,23.49053641209654,C41H71O8P,CCC=CCC=CCC=CCC=CCCCCCCC(=O)OC(COC(=O)CCCCCCCCCC=CCCCCCC)COP(=O)(O)O,[M-H]-,PA 18:1_20:4,"PA 18:1(11)_20:4(8,11,14,17)",0.968,0.9843799999999874,0.0,0.19523799999999875,All,Some,-50.147200000000005,9,criegee,42.892561983471076,51.66666666666667,33.166666666666664,30.681818181818183
8133,13.734,695.38918,695.39978,15.243030419069129,C41H71O8P,CCC=CCC=CCC=CCC=CCCCCCCC(=O)OC(COC(=O)CCCCCCCCCC=CCCCCCC)COP(=O)(O)O,[M-H]-,PA 18:1_20:4,"PA 18:1(11)_20:4(8,11,14,17)",0.9759999999999991,0.9895500000000084,0.0,0.19655500000000076,All,Some,-26.081599999999995,12,aldehyde,1033.0578512396694,1333.3333333333335,1158.3333333333335,909.0909090909091
8043,13.726,711.38455,711.39918,20.565106639581764,C41H71O8P,CCC=CCC=CCC=CCC=CCCCCCCC(=O)OC(COC(=O)CCCCCCCCCC=CCCCCCC)COP(=O)(O)O,[M-H]-,PA 18:1_20:4,"PA 18:1(11)_20:4(8,11,14,17)",0.9600000000000009,0.9855199999999513,0.0,0.19455199999999523,All,Some,-10.082199999999995,12,criegee,424.79338842975204,516.6666666666667,383.33333333333337,393.93939393939394
8285,13.762,573.25468,573.18878,114.97084782443932,C41H71O8P,CCCCCC=CCC=CCC=CCC=CCCCC(=O)OC(COC(=O)CCCCC=CCCCCCCCCCCC)COP(=O)(O)O,[M-H]-,PA 18:1_20:4,"PA 18:1(6)_20:4(5,8,11,14)",0.968,0.9339499999999816,0.0,0.19019499999999817,Some,Some,-148.29259999999996,6,criegee,0.0,0.0,3.2583333333333333,0.0
7322,13.402,585.48517,585.15618,562.225968458694,C41H71O8P,CCCCCC=CCC=CCC=CCC=CCCCC(=O)OC(COC(=O)CCCCC=CCCCCCCCCCCC)COP(=O)(O)O,[M-H]-,PA 18:1_20:4,"PA 18:1(6)_20:4(5,8,11,14)",0.3119999999999976,0.6708599999999478,0.6297306695177385,0.6020705356141853,Some,Some,-136.32519999999997,9,aldehyde,41.735537190082646,43.529411764705884,39.416666666666664,33.86363636363636
8146,13.734,589.31427,589.18818,214.00632986217832,C41H71O8P,CCCCCC=CCC=CCC=CCC=CCCCC(=O)OC(COC(=O)CCCCC=CCCCCCCCCCCC)COP(=O)(O)O,[M-H]-,PA 18:1_20:4,"PA 18:1(6)_20:4(5,8,11,14)",0.9759999999999991,0.8737600000000612,0.0,0.18497600000000602,Some,Some,-132.29319999999996,9,criegee,21.735537190082642,13.137254901960786,15.583333333333332,20.909090909090907
7740,13.698,613.31084,613.25378,93.0446771970628,C41H71O8P,CCCCCC=CCC=CCC=CCC=CCCCC(=O)OC(COC(=O)CCCCC=CCCCCCCCCCCC)COP(=O)(O)O,[M-H]-,PA 18:1_20:4,"PA 18:1(6)_20:4(5,8,11,14)",0.9039999999999999,0.9427899999999454,0.0,0.18467899999999454,Some,Some,-108.2276,12,aldehyde,0.0,56.1764705882353,60.66666666666667,53.78787878787878
7844,13.711,629.30582,629.2531799999999,83.65472225362514,C41H71O8P,CCCCCC=CCC=CCC=CCC=CCCCC(=O)OC(COC(=O)CCCCC=CCCCCCCCCCCC)COP(=O)(O)O,[M-H]-,PA 18:1_20:4,"PA 18:1(6)_20:4(5,8,11,14)",0.9299999999999997,0.9472099999999273,0.0,0.1877209999999927,Some,Some,-92.2282,12,criegee,114.0495867768595,106.86274509803921,93.33333333333333,81.81818181818183
8206,13.745,653.31599,653.31878,4.27050329073783,C41H71O8P,CCCCCC=CCC=CCC=CCC=CCCCC(=O)OC(COC(=O)CCCCC=CCCCCCCCCCCC)COP(=O)(O)O,[M-H]-,PA 18:1_20:4,"PA 18:1(6)_20:4(5,8,11,14)",0.9979999999999976,0.9973600000000715,0.0,0.19953600000000693,Some,Some,-68.1626,15,aldehyde,7.239669421487603,0.0,0.0,0.0
7854,13.711,669.33815,669.31818,29.836332848537825,C41H71O8P,CCCCCC=CCC=CCC=CCC=CCCCC(=O)OC(COC(=O)CCCCC=CCCCCCCCCCCC)COP(=O)(O)O,[M-H]-,PA 18:1_20:4,"PA 18:1(6)_20:4(5,8,11,14)",0.9299999999999997,0.9798799999999801,0.0,0.190987999999998,Some,Some,-52.163199999999996,15,criegee,57.107438016528924,66.17647058823529,56.166666666666664,49.166666666666664
7322,13.402,585.48517,585.15618,562.225968458694,C41H71O8P,CCC=CCC=CCC=CCC=CCCCCCCC(=O)OC(COC(=O)CCCCC=CCCCCCCCCCCC)COP(=O)(O)O,[M-H]-,PA 18:1_20:4,"PA 18:1(6)_20:4(8,11,14,17)",0.3119999999999976,0.6708599999999478,0.6297306695177385,0.6020705356141853,Some,Some,-136.32519999999997,3,aldehyde,41.735537190082646,43.529411764705884,39.416666666666664,33.86363636363636
7342,13.41,590.34805,591.20418,1448.1122241050587,C41H71O8P,CCC=CCC=CCC=CCC=CCCCCCCC(=O)OC(COC(=O)CCCCC=CCCCCCCCCCCC)COP(=O)(O)O,[M-H]-,PA 18:1_20:4,"PA 18:1(6)_20:4(8,11,14,17)",0.3279999999999994,0.14401999999995496,0.5692841270933052,0.5026293016746396,Some,Some,-130.27719999999997,3,criegee,8.429752066115702,3.872549019607843,3.3333333333333335,0.0
8874,14.003,615.26968,615.26978,0.16253032933764103,C41H71O8P,CCC=CCC=CCC=CCC=CCCCCCCC(=O)OC(COC(=O)CCCCC=CCCCCCCCCCCC)COP(=O)(O)O,[M-H]-,PA 18:1_20:4,"PA 18:1(6)_20:4(8,11,14,17)",0.48600000000000065,0.9999500000000126,0.0,0.14859500000000134,Some,Some,-106.21159999999999,6,aldehyde,94.21487603305785,133.33333333333331,100.0,79.54545454545455
7696,13.684,631.32352,631.26918,86.08055283171706,C41H71O8P,CCC=CCC=CCC=CCC=CCCCCCCC(=O)OC(COC(=O)CCCCC=CCCCCCCCCCCC)COP(=O)(O)O,[M-H]-,PA 18:1_20:4,"PA 18:1(6)_20:4(8,11,14,17)",0.8759999999999977,0.9455099999998993,0.0,0.1821509999999897,Some,Some,-90.2122,6,criegee,3.231404958677686,0.0,0.0,0.0
8231,13.747,655.32562,655.3347799999999,13.977588676052951,C41H71O8P,CCC=CCC=CCC=CCC=CCCCCCCC(=O)OC(COC(=O)CCCCC=CCCCCCCCCCCC)COP(=O)(O)O,[M-H]-,PA 18:1_20:4,"PA 18:1(6)_20:4(8,11,14,17)",0.9980000000000011,0.9909900000000107,0.0,0.19889900000000119,Some,Some,-66.1466,9,aldehyde,0.0,0.0,26.416666666666664,0.0
8097,13.73,671.31841,671.33418,23.49053641209654,C41H71O8P,CCC=CCC=CCC=CCC=CCCCCCCC(=O)OC(COC(=O)CCCCC=CCCCCCCCCCCC)COP(=O)(O)O,[M-H]-,PA 18:1_20:4,"PA 18:1(6)_20:4(8,11,14,17)",0.968,0.9843799999999874,0.0,0.19523799999999875,Some,Some,-50.147200000000005,9,criegee,42.892561983471076,51.66666666666667,33.166666666666664,30.681818181818183
8133,13.734,695.38918,695.39978,15.243030419069129,C41H71O8P,CCC=CCC=CCC=CCC=CCCCCCCC(=O)OC(COC(=O)CCCCC=CCCCCCCCCCCC)COP(=O)(O)O,[M-H]-,PA 18:1_20:4,"PA 18:1(6)_20:4(8,11,14,17)",0.9759999999999991,0.9895500000000084,0.0,0.19655500000000076,Some,Some,-26.081599999999995,12,aldehyde,1033.0578512396694,1333.3333333333335,1158.3333333333335,909.0909090909091
8043,13.726,711.38455,711.39918,20.565106639581764,C41H71O8P,CCC=CCC=CCC=CCC=CCCCCCCC(=O)OC(COC(=O)CCCCC=CCCCCCCCCCCC)COP(=O)(O)O,[M-H]-,PA 18:1_20:4,"PA 18:1(6)_20:4(8,11,14,17)",0.9600000000000009,0.9855199999999513,0.0,0.19455199999999523,Some,Some,-10.082199999999995,12,criegee,424.79338842975204,516.6666666666667,383.33333333333337,393.93939393939394
8285,13.762,573.25468,573.18878,114.97084782443932,C41H71O8P,CCCCCC=CCC=CCC=CCC=CCCCC(=O)OC(COC(=O)CCCCCCCC=CCCCCCCCC)COP(=O)(O)O,[M-H]-,PA 18:1_20:4,"PA 18:1(9)_20:4(5,8,11,14)",0.968,0.9339499999999816,0.0,0.19019499999999817,Some,None,-148.29259999999996,6,aldehyde,0.0,0.0,3.2583333333333333,0.0
8146,13.734,589.31427,589.18818,214.00632986217832,C41H71O8P,CCCCCC=CCC=CCC=CCC=CCCCC(=O)OC(COC(=O)CCCCCCCC=CCCCCCCCC)COP(=O)(O)O,[M-H]-,PA 18:1_20:4,"PA 18:1(9)_20:4(5,8,11,14)",0.9759999999999991,0.8737600000000612,0.0,0.18497600000000602,Some,None,-132.29319999999996,6,criegee,21.735537190082642,13.137254901960786,15.583333333333332,20.909090909090907
8314,13.776,611.25876,611.2377799999999,34.32379457978259,C41H71O8P,CCCCCC=CCC=CCC=CCC=CCCCC(=O)OC(COC(=O)CCCCCCCC=CCCCCCCCC)COP(=O)(O)O,[M-H]-,PA 18:1_20:4,"PA 18:1(9)_20:4(5,8,11,14)",0.9400000000000013,0.9788699999999153,0.0,0.19188699999999168,Some,None,-110.24359999999999,9,aldehyde,15.619834710743802,0.0,0.0,0.0
7740,13.698,613.31084,613.25378,93.0446771970628,C41H71O8P,CCCCCC=CCC=CCC=CCC=CCCCC(=O)OC(COC(=O)CCCCCCCC=CCCCCCCCC)COP(=O)(O)O,[M-H]-,PA 18:1_20:4,"PA 18:1(9)_20:4(5,8,11,14)",0.9039999999999999,0.9427899999999454,0.0,0.18467899999999454,Some,None,-108.2276,9,criegee,0.0,56.1764705882353,60.66666666666667,53.78787878787878
7951,13.718,627.32697,627.23718,143.1515905992588,C41H71O8P,CCCCCC=CCC=CCC=CCC=CCCCC(=O)OC(COC(=O)CCCCCCCC=CCCCCCCCC)COP(=O)(O)O,[M-H]-,PA 18:1_20:4,"PA 18:1(9)_20:4(5,8,11,14)",0.9439999999999991,0.9100600000000441,0.0,0.18540600000000435,Some,None,-94.24419999999999,12,aldehyde,58.595041322314046,61.47058823529412,59.5,56.59090909090909
7844,13.711,629.30582,629.2531799999999,83.65472225362514,C41H71O8P,CCCCCC=CCC=CCC=CCC=CCCCC(=O)OC(COC(=O)CCCCCCCC=CCCCCCCCC)COP(=O)(O)O,[M-H]-,PA 18:1_20:4,"PA 18:1(9)_20:4(5,8,11,14)",0.9299999999999997,0.9472099999999273,0.0,0.1877209999999927,Some,None,-92.2282,12,criegee,114.0495867768595,106.86274509803921,93.33333333333333,81.81818181818183
8206,13.745,653.31599,653.31878,4.27050329073783,C41H71O8P,CCCCCC=CCC=CCC=CCC=CCCCC(=O)OC(COC(=O)CCCCCCCC=CCCCCCCCC)COP(=O)(O)O,[M-H]-,PA 18:1_20:4,"PA 18:1(9)_20:4(5,8,11,14)",0.9979999999999976,0.9973600000000715,0.0,0.19953600000000693,Some,None,-68.1626,15,aldehyde,7.239669421487603,0.0,0.0,0.0
7854,13.711,669.33815,669.31818,29.836332848537825,C41H71O8P,CCCCCC=CCC=CCC=CCC=CCCCC(=O)OC(COC(=O)CCCCCCCC=CCCCCCCCC)COP(=O)(O)O,[M-H]-,PA 18:1_20:4,"PA 18:1(9)_20:4(5,8,11,14)",0.9299999999999997,0.9798799999999801,0.0,0.190987999999998,Some,None,-52.163199999999996,15,criegee,57.107438016528924,66.17647058823529,56.166666666666664,49.166666666666664
8314,13.776,611.25876,611.2377799999999,34.32379457978259,C41H71O8P,CCC=CCC=CCC=CCC=CCCCCCCC(=O)OC(COC(=O)CCCCCCCC=CCCCCCCCC)COP(=O)(O)O,[M-H]-,PA 18:1_20:4,"PA 18:1(9)_20:4(8,11,14,17)",0.9400000000000013,0.9788699999999153,0.0,0.19188699999999168,Some,Some,-110.24359999999999,3,aldehyde,15.619834710743802,0.0,0.0,0.0
8874,14.003,615.26968,615.26978,0.16253032933764103,C41H71O8P,CCC=CCC=CCC=CCC=CCCCCCCC(=O)OC(COC(=O)CCCCCCCC=CCCCCCCCC)COP(=O)(O)O,[M-H]-,PA 18:1_20:4,"PA 18:1(9)_20:4(8,11,14,17)",0.48600000000000065,0.9999500000000126,0.0,0.14859500000000134,Some,Some,-106.21159999999999,3,criegee,94.21487603305785,133.33333333333331,100.0,79.54545454545455
7951,13.718,627.32697,627.23718,143.1515905992588,C41H71O8P,CCC=CCC=CCC=CCC=CCCCCCCC(=O)OC(COC(=O)CCCCCCCC=CCCCCCCCC)COP(=O)(O)O,[M-H]-,PA 18:1_20:4,"PA 18:1(9)_20:4(8,11,14,17)",0.9439999999999991,0.9100600000000441,0.0,0.18540600000000435,Some,Some,-94.24419999999999,6,aldehyde,58.595041322314046,61.47058823529412,59.5,56.59090909090909
7696,13.684,631.32352,631.26918,86.08055283171706,C41H71O8P,CCC=CCC=CCC=CCC=CCCCCCCC(=O)OC(COC(=O)CCCCCCCC=CCCCCCCCC)COP(=O)(O)O,[M-H]-,PA 18:1_20:4,"PA 18:1(9)_20:4(8,11,14,17)",0.8759999999999977,0.9455099999998993,0.0,0.1821509999999897,Some,Some,-90.2122,6,criegee,3.231404958677686,0.0,0.0,0.0
8231,13.747,655.32562,655.3347799999999,13.977588676052951,C41H71O8P,CCC=CCC=CCC=CCC=CCCCCCCC(=O)OC(COC(=O)CCCCCCCC=CCCCCCCCC)COP(=O)(O)O,[M-H]-,PA 18:1_20:4,"PA 18:1(9)_20:4(8,11,14,17)",0.9980000000000011,0.9909900000000107,0.0,0.19889900000000119,Some,Some,-66.1466,9,aldehyde,0.0,0.0,26.416666666666664,0.0
7342,13.41,590.34805,591.20418,1448.1122241050587,C41H71O8P,CCC=CCC=CCC=CCC=CCCCCCCC(=O)OC(COC(=O)CCCCCCCC=CCCCCCCCC)COP(=O)(O)O,[M-H]-,PA 18:1_20:4,"PA 18:1(9)_20:4(8,11,14,17)",0.3279999999999994,0.14401999999995496,0.5692841270933052,0.5026293016746396,Some,Some,-130.27719999999997,9,criegee,8.429752066115702,3.872549019607843,3.3333333333333335,0.0
8133,13.734,695.38918,695.39978,15.243030419069129,C41H71O8P,CCC=CCC=CCC=CCC=CCCCCCCC(=O)OC(COC(=O)CCCCCCCC=CCCCCCCCC)COP(=O)(O)O,[M-H]-,PA 18:1_20:4,"PA 18:1(9)_20:4(8,11,14,17)",0.9759999999999991,0.9895500000000084,0.0,0.19655500000000076,Some,Some,-26.081599999999995,12,aldehyde,1033.0578512396694,1333.3333333333335,1158.3333333333335,909.0909090909091
8043,13.726,711.38455,711.39918,20.565106639581764,C41H71O8P,CCC=CCC=CCC=CCC=CCCCCCCC(=O)OC(COC(=O)CCCCCCCC=CCCCCCCCC)COP(=O)(O)O,[M-H]-,PA 18:1_20:4,"PA 18:1(9)_20:4(8,11,14,17)",0.9600000000000009,0.9855199999999513,0.0,0.19455199999999523,Some,Some,-10.082199999999995,12,criegee,424.79338842975204,516.6666666666667,383.33333333333337,393.93939393939394
8239,13.748,671.46552,671.46573,0.3127486491950009,C37H69O8P,CCCCCCCCC=CCC=CCCCCC(=O)OC(COC(=O)CCCCCCCCCCCCCCC)COP(=O)(O)O,[M-H]-,PA 16:0_18:2,"PA 16:0_18:2(6,9)",0.41900000000000137,0.5126574999999889,0.3350617880728549,0.36121518045828294,All,Some,0.0,0,substrate,0.0,3631.3170551239364,0.0,0.0
8239,13.748,671.46552,671.46573,0.3127486491950009,C37H69O8P,CCCCCC=CCC=CCCCCCCCC(=O)OC(COC(=O)CCCCCCCCCCCCCCC)COP(=O)(O)O,[M-H]-,PA 16:0_18:2,"PA 16:0_18:2(9,12)",0.8464999999999998,0.75394,0.17063120898898468,0.29654896719118773,All,Some,0.0,0,substrate,0.0,7268.682944876064,0.0,0.0
7406,13.439,521.29949,521.15713,273.1613784118038,C37H69O8P,CCCCCCCCC=CCC=CCCCCC(=O)OC(COC(=O)CCCCCCCCCCCCCCC)COP(=O)(O)O,[M-H]-,PA 16:0_18:2,"PA 16:0_18:2(6,9)",0.38200000000000145,0.8574300000000221,0.0,0.12394300000000237,All,Some,-150.30859999999996,9,aldehyde,12200.0,0.0,4820.0,0.0
6858,13.268,536.2996,537.1565300000001,1595.307796034861,C37H69O8P,CCCCCCCCC=CCC=CCCCCC(=O)OC(COC(=O)CCCCCCCCCCCCCCC)COP(=O)(O)O,[M-H]-,PA 16:0_18:2,"PA 16:0_18:2(6,9)",0.0400000000000027,0.1432800000000043,0.6680311187566295,0.5527528950053042,All,Some,-134.30919999999995,9,criegee,48300.0,30400.0,54200.0,49600.0
8018,13.724,561.2831,561.22213,108.6379113382388,C37H69O8P,CCCCCCCCC=CCC=CCCCCC(=O)OC(COC(=O)CCCCCCCCCCCCCCC)COP(=O)(O)O,[M-H]-,PA 16:0_18:2,"PA 16:0_18:2(6,9)",0.9520000000000017,0.9388199999999642,0.0,0.1890819999999966,All,Some,-110.24359999999999,12,aldehyde,23100.0,0.0,27100.0,22000.0
7296,13.399,576.33242,577.22153,1540.3271600074816,C37H69O8P,CCCCCCCCC=CCC=CCCCCC(=O)OC(COC(=O)CCCCCCCCCCCCCCC)COP(=O)(O)O,[M-H]-,PA 16:0_18:2,"PA 16:0_18:2(6,9)",0.3019999999999996,0.1110999999999649,0.6722160335347903,0.5790828268278286,All,Some,-94.24419999999999,12,criegee,4430.0,5620.0,0.0,0.0
7968,13.719,563.29913,563.23813,108.30232676192479,C37H69O8P,CCCCCC=CCC=CCCCCCCCC(=O)OC(COC(=O)CCCCCCCCCCCCCCC)COP(=O)(O)O,[M-H]-,PA 16:0_18:2,"PA 16:0_18:2(9,12)",0.9420000000000002,0.93879000000004,0.0,0.18807900000000402,All,Some,-108.2276,6,aldehyde,56500.0,48000.0,67400.0,63600.0
7952,13.718,578.34619,579.23753,1538.8160363159027,C37H69O8P,CCCCCC=CCC=CCCCCCCCC(=O)OC(COC(=O)CCCCCCCCCCCCCCC)COP(=O)(O)O,[M-H]-,PA 16:0_18:2,"PA 16:0_18:2(9,12)",0.9400000000000013,0.10887000000002445,0.6825248359559387,0.6509068687647536,All,Some,-92.2282,6,criegee,51100.0,24100.0,39700.0,48400.0
8064,13.728,603.29388,603.30313,15.332259257573359,C37H69O8P,CCCCCC=CCC=CCCCCCCCC(=O)OC(COC(=O)CCCCCCCCCCCCCCC)COP(=O)(O)O,[M-H]-,PA 16:0_18:2,"PA 16:0_18:2(9,12)",0.9600000000000009,0.9909599999999728,0.0,0.19509599999999738,All,Some,-68.1626,9,aldehyde,11100.0,0.0,0.0,24600.0
8723,13.976,619.32518,619.30253,36.573401371376164,C37H69O8P,CCCCCC=CCC=CCCCCCCCC(=O)OC(COC(=O)CCCCCCCCCCCCCCC)COP(=O)(O)O,[M-H]-,PA 16:0_18:2,"PA 16:0_18:2(9,12)",0.5439999999999969,0.977139999999963,0.0,0.152113999999996,All,Some,-52.163199999999996,9,criegee,0.0,0.0,0.0,10900.0
8520,13.875,714.50809,714.50793,0.22393033489605382,C39H74NO8P,CCCCCCCCC=CCC=CCCCCC(=O)OC(COC(=O)CCCCCCCCCCCCCCC)COP(=O)(O)OCCN,[M-H]-,PE 16:0_18:2,"PE 16:0_18:2(6,9)",0.854000000000001,0.8858100000000491,0.1301238349890154,0.2780800679912173,All,Some,0.0,0,substrate,92077.68814233618,50237.28813559322,49050.26560936177,60764.99189627229
8520,13.875,714.50809,714.50793,0.22393033489605382,C39H74NO8P,CCCCCC=CCC=CCCCCCCCC(=O)OC(COC(=O)CCCCCCCCCCCCCCC)COP(=O)(O)OCCN,[M-H]-,PE 16:0_18:2,"PE 16:0_18:2(9,12)",0.9190000000000005,0.9528250000000469,0.0,0.18718250000000475,All,None,0.0,0,substrate,36922.31185766384,29562.711864406778,50049.73439063824,42235.00810372771
8628,13.95,564.339,564.19933,247.55435282070206,C39H74NO8P,CCCCCCCCC=CCC=CCCCCC(=O)OC(COC(=O)CCCCCCCCCCCCCCC)COP(=O)(O)OCCN,[M-H]-,PE 16:0_18:2,"PE 16:0_18:2(6,9)",0.8500000000000014,0.8604900000000271,0.0,0.17104900000000284,All,Some,-150.30859999999996,9,aldehyde,8090.0,0.0,0.0,0.0
8396,13.81,580.32519,580.1987300000001,217.9598014631156,C39H74NO8P,CCCCCCCCC=CCC=CCCCCC(=O)OC(COC(=O)CCCCCCCCCCCCCCC)COP(=O)(O)OCCN,[M-H]-,PE 16:0_18:2,"PE 16:0_18:2(6,9)",0.870000000000001,0.873700000000099,0.0,0.17437000000001002,All,Some,-134.30919999999995,9,criegee,0.0,0.0,9690.0,0.0
8092,13.73,604.36225,604.26433,162.04828770886516,C39H74NO8P,CCCCCCCCC=CCC=CCCCCC(=O)OC(COC(=O)CCCCCCCCCCCCCCC)COP(=O)(O)OCCN,[M-H]-,PE 16:0_18:2,"PE 16:0_18:2(6,9)",0.7100000000000009,0.9022400000000061,0.5204953399560616,0.57762027196485,All,Some,-110.24359999999999,12,aldehyde,56500.0,26000.0,54600.0,59400.0
8505,13.868,620.35708,620.26373,150.50049758670673,C39H74NO8P,CCCCCCCCC=CCC=CCCCCC(=O)OC(COC(=O)CCCCCCCCCCCCCCC)COP(=O)(O)OCCN,[M-H]-,PE 16:0_18:2,"PE 16:0_18:2(6,9)",0.9860000000000007,0.9068100000000641,0.0,0.18928100000000647,All,Some,-94.24419999999999,12,criegee,0.0,0.0,0.0,13400.0
8552,13.895,606.37757,606.28033,160.38785226619916,C39H74NO8P,CCCCCC=CCC=CCCCCCCCC(=O)OC(COC(=O)CCCCCCCCCCCCCCC)COP(=O)(O)OCCN,[M-H]-,PE 16:0_18:2,"PE 16:0_18:2(9,12)",0.9600000000000009,0.9029200000001083,0.0,0.18629200000001092,All,None,-108.2276,6,aldehyde,16400.0,15300.0,25600.0,21100.0
8399,13.81,622.29914,622.27973,31.19176001441263,C39H74NO8P,CCCCCC=CCC=CCCCCCCCC(=O)OC(COC(=O)CCCCCCCCCCCCCCC)COP(=O)(O)OCCN,[M-H]-,PE 16:0_18:2,"PE 16:0_18:2(9,12)",0.870000000000001,0.9807500000000573,0.0,0.18507500000000585,All,None,-92.2282,6,criegee,0.0,0.0,17100.0,0.0
8526,13.885,646.40851,646.34533,97.74960391527617,C39H74NO8P,CCCCCC=CCC=CCCCCCCCC(=O)OC(COC(=O)CCCCCCCCCCCCCCC)COP(=O)(O)OCCN,[M-H]-,PE 16:0_18:2,"PE 16:0_18:2(9,12)",0.9800000000000004,0.9369800000000623,0.0,0.19169800000000628,All,None,-68.1626,9,aldehyde,0.0,0.0,22900.0,29500.0
8390,13.808,662.33554,662.34473,13.874949982601349,C39H74NO8P,CCCCCC=CCC=CCCCCCCCC(=O)OC(COC(=O)CCCCCCCCCCCCCCC)COP(=O)(O)OCCN,[M-H]-,PE 16:0_18:2,"PE 16:0_18:2(9,12)",0.8659999999999997,0.9906499999999596,0.0,0.18566499999999592,All,None,-52.163199999999996,9,criegee,9500.0,0.0,0.0,0.0
8726,13.977,673.47159,673.48138,14.53640782162778,C37H71O8P,CCCCCCCCC=CCCCCCCCC(=O)OC(COC(=O)CCCCCCCCCCCCCCC)COP(=O)(O)O,[M-H]-,PA 16:0_18:1,PA 16:0_18:1(9),0.7259999999999991,0.5237049999999499,0.2772468663202548,0.34676799305619876,All,Some,0.0,0,substrate,16800.0,6360.10208421948,17095.550189720594,21192.24555735057
8726,13.977,673.47159,673.48138,14.53640782162778,C37H71O8P,CCCCCCC=CCCCCCCCCCC(=O)OC(COC(=O)CCCCCCCCCCCCCCC)COP(=O)(O)O,[M-H]-,PA 16:0_18:1,PA 16:0_18:1(11),0.9580000000000002,0.9723249999999553,0.0,0.19303249999999555,All,None,0.0,0,substrate,0.0,10749.46831135687,8946.671265953777,17189.014539579966
8726,13.977,673.47159,673.48138,14.53640782162778,C37H71O8P,CCCCCCCCCCCC=CCCCCC(=O)OC(COC(=O)CCCCCCCCCCCCCCC)COP(=O)(O)O,[M-H]-,PA 16:0_18:1,PA 16:0_18:1(6),0.8689999999999998,0.47405000000003383,0.0,0.1343050000000034,All,None,0.0,0,substrate,43800.0,17990.42960442365,56557.77854432563,73618.73990306947
8661,13.962,591.29337,591.2917799999999,2.689027742070695,C37H71O8P,CCCCCCC=CCCCCCCCCCC(=O)OC(COC(=O)CCCCCCCCCCCCCCC)COP(=O)(O)O,[M-H]-,PA 16:0_18:1,PA 16:0_18:1(11),0.9699999999999989,0.988619999999969,0.0,0.1958619999999968,All,None,-82.1896,7,aldehyde,0.0,0.0,0.0,5240.0
8881,14.004,607.32536,607.2911799999999,56.2827209183341,C37H71O8P,CCCCCCC=CCCCCCCCCCC(=O)OC(COC(=O)CCCCCCCCCCCCCCC)COP(=O)(O)O,[M-H]-,PA 16:0_18:1,PA 16:0_18:1(11),0.9460000000000015,0.9560299999999415,0.0,0.19020299999999432,All,None,-66.1902,7,criegee,19600.0,8520.0,12000.0,13500.0
8882,14.004,520.19515,521.15678,1845.1837084418505,C37H71O8P,CCCCCCCCCCCC=CCCCCC(=O)OC(COC(=O)CCCCCCCCCCCCCCC)COP(=O)(O)O,[M-H]-,PA 16:0_18:1,PA 16:0_18:1(6),0.9460000000000015,0.048160000000052605,0.0,0.09941600000000542,All,None,-152.32459999999998,12,aldehyde,0.0,14400.0,0.0,15200.0
8510,13.873,537.24645,537.15618,168.05168284582015,C37H71O8P,CCCCCCCCCCCC=CCCCCC(=O)OC(COC(=O)CCCCCCCCCCCCCCC)COP(=O)(O)O,[M-H]-,PA 16:0_18:1,PA 16:0_18:1(6),0.791999999999998,0.8999400000000151,0.0,0.16919400000000134,All,None,-136.32519999999997,12,criegee,0.0,0.0,6280.0,0.0
8660,13.962,563.29938,563.2377799999999,109.3676635116917,C37H71O8P,CCCCCCCCC=CCCCCCCCC(=O)OC(COC(=O)CCCCCCCCCCCCCCC)COP(=O)(O)O,[M-H]-,PA 16:0_18:1,PA 16:0_18:1(9),0.9699999999999989,0.9286099999999351,0.0,0.1898609999999934,All,Some,-110.24359999999999,9,aldehyde,0.0,0.0,0.0,16700.0
7952,13.718,578.34619,579.23718,1538.212723154249,C37H71O8P,CCCCCCCCC=CCCCCCCCC(=O)OC(COC(=O)CCCCCCCCCCCCCCC)COP(=O)(O)O,[M-H]-,PA 16:0_18:1,PA 16:0_18:1(9),0.4819999999999993,0.11879999999996471,0.5544937326405096,0.5036749861124041,All,Some,-94.24419999999999,9,criegee,51100.0,24100.0,39700.0,48400.0
8799,13.992,695.46635,695.46573,0.8914889307719968,C39H69O8P,CCC=CCC=CCC=CCC=CCCCCCCC(=O)OC(COC(=O)CCCCCCCCCCCCCCC)COP(=O)(O)O,[M-H]-,PA 16:0_20:4,"PA 16:0_20:4(8,11,14,17)",0.8662500000000013,0.8280212499999919,0.0836431772674285,0.23634166681394214,All,Some,0.0,0,substrate,0.0,0.0,0.0,13688.991614706516
8799,13.992,695.46635,695.46573,0.8914889307719968,C39H69O8P,CCCCCC=CCC=CCC=CCC=CCCCC(=O)OC(COC(=O)CCCCCCCCCCCCCCC)COP(=O)(O)O,[M-H]-,PA 16:0_20:4,"PA 16:0_20:4(5,8,11,14)",0.7933333333333324,0.7902016666666706,0.04311628367453003,0.19284652693962434,Some,Some,0.0,0,substrate,0.0,0.0,0.0,5811.008385293485
7898,13.715,523.26773,523.1075300000001,306.24678639192587,C39H69O8P,CCCCCC=CCC=CCC=CCC=CCCCC(=O)OC(COC(=O)CCCCCCCCCCCCCCC)COP(=O)(O)O,[M-H]-,PA 16:0_20:4,"PA 16:0_20:4(5,8,11,14)",0.44599999999999795,0.8404200000001083,0.0,0.12864200000001064,Some,Some,-172.35819999999993,6,criegee,64300.0,24100.0,53800.0,64500.0
8804,13.992,563.33523,563.17253,288.8990341911253,C39H69O8P,CCCCCC=CCC=CCC=CCC=CCCCC(=O)OC(COC(=O)CCCCCCCCCCCCCCC)COP(=O)(O)O,[M-H]-,PA 16:0_20:4,"PA 16:0_20:4(5,8,11,14)",1.0,0.8379200000000537,0.0,0.1837920000000054,Some,Some,-132.29319999999996,9,criegee,88100.0,47900.0,77100.0,155000.0
8357,13.795,587.22273,587.23813,26.22445514564873,C39H69O8P,CCCCCC=CCC=CCC=CCC=CCCCC(=O)OC(COC(=O)CCCCCCCCCCCCCCC)COP(=O)(O)O,[M-H]-,PA 16:0_20:4,"PA 16:0_20:4(5,8,11,14)",0.6059999999999981,0.9839799999999741,0.0,0.15899799999999722,Some,Some,-108.2276,12,aldehyde,0.0,12600.0,0.0,0.0
8785,13.989,603.33055,603.23753,154.2012812101132,C39H69O8P,CCCCCC=CCC=CCC=CCC=CCCCC(=O)OC(COC(=O)CCCCCCCCCCCCCCC)COP(=O)(O)O,[M-H]-,PA 16:0_20:4,"PA 16:0_20:4(5,8,11,14)",0.9939999999999998,0.9076000000000022,0.0,0.19016000000000022,Some,Some,-92.2282,12,criegee,13400.0,8840.0,26600.0,37000.0
9356,14.115,627.29062,627.30313,19.94251168493329,C39H69O8P,CCCCCC=CCC=CCC=CCC=CCCCC(=O)OC(COC(=O)CCCCCCCCCCCCCCC)COP(=O)(O)O,[M-H]-,PA 16:0_20:4,"PA 16:0_20:4(5,8,11,14)",0.7540000000000013,0.9868699999999535,0.0,0.1740869999999955,Some,Some,-68.1626,15,aldehyde,94900.0,76500.0,0.0,62200.0
8707,13.972,642.48757,643.30253,1266.8378593195364,C39H69O8P,CCCCCC=CCC=CCC=CCC=CCCCC(=O)OC(COC(=O)CCCCCCCCCCCCCCC)COP(=O)(O)O,[M-H]-,PA 16:0_20:4,"PA 16:0_20:4(5,8,11,14)",0.9599999999999973,0.18441999999993186,0.2586977020471802,0.3214001616377371,Some,Some,-52.163199999999996,15,criegee,0.0,4350.0,0.0,7800.0
9047,14.031,549.28432,549.18913,173.32826671205663,C39H69O8P,CCC=CCC=CCC=CCC=CCCCCCCC(=O)OC(COC(=O)CCCCCCCCCCCCCCC)COP(=O)(O)O,[M-H]-,PA 16:0_20:4,"PA 16:0_20:4(8,11,14,17)",0.9220000000000006,0.9054300000000239,0.0,0.18274300000000246,All,Some,-146.27659999999997,3,aldehyde,0.0,4370.0,0.0,0.0
8862,14.001,565.31469,565.18853,223.21755184951672,C39H69O8P,CCC=CCC=CCC=CCC=CCCCCCCC(=O)OC(COC(=O)CCCCCCCCCCCCCCC)COP(=O)(O)O,[M-H]-,PA 16:0_20:4,"PA 16:0_20:4(8,11,14,17)",0.9820000000000029,0.8744599999999991,0.0,0.1856460000000002,All,Some,-130.27719999999997,3,criegee,24000.0,31100.0,30000.0,33200.0
8917,14.008,589.35145,589.25413,165.15794297439692,C39H69O8P,CCC=CCC=CCC=CCC=CCCCCCCC(=O)OC(COC(=O)CCCCCCCCCCCCCCC)COP(=O)(O)O,[M-H]-,PA 16:0_20:4,"PA 16:0_20:4(8,11,14,17)",0.9680000000000035,0.9033000000000584,0.0,0.1871300000000062,All,Some,-106.21159999999999,6,aldehyde,92100.0,37200.0,57700.0,35000.0
8092,13.73,604.36225,605.25353,1472.5729893718058,C39H69O8P,CCC=CCC=CCC=CCC=CCCCCCCC(=O)OC(COC(=O)CCCCCCCCCCCCCCC)COP(=O)(O)O,[M-H]-,PA 16:0_20:4,"PA 16:0_20:4(8,11,14,17)",0.4759999999999991,0.10810000000003583,0.669145418139428,0.5937263345115459,All,Some,-90.2122,6,criegee,56500.0,26000.0,54600.0,59400.0
8577,13.92,629.30595,629.31913,20.943269275669813,C39H69O8P,CCC=CCC=CCC=CCC=CCCCCCCC(=O)OC(COC(=O)CCCCCCCCCCCCCCC)COP(=O)(O)O,[M-H]-,PA 16:0_20:4,"PA 16:0_20:4(8,11,14,17)",0.8559999999999981,0.9862000000000535,0.0,0.18422000000000516,All,Some,-66.1466,9,aldehyde,0.0,0.0,11200.0,0.0
8949,14.013,645.30156,645.31853,26.29709083359935,C39H69O8P,CCC=CCC=CCC=CCC=CCCCCCCC(=O)OC(COC(=O)CCCCCCCCCCCCCCC)COP(=O)(O)O,[M-H]-,PA 16:0_20:4,"PA 16:0_20:4(8,11,14,17)",0.958000000000002,0.9824099999999589,0.0,0.1940409999999961,All,Some,-50.147200000000005,9,criegee,0.0,0.0,7670.0,0.0
9209,14.07,669.30054,669.38413,124.87598115012375,C39H69O8P,CCC=CCC=CCC=CCC=CCCCCCCC(=O)OC(COC(=O)CCCCCCCCCCCCCCC)COP(=O)(O)O,[M-H]-,PA 16:0_20:4,"PA 16:0_20:4(8,11,14,17)",0.8440000000000012,0.9157899999999017,0.0,0.1759789999999903,All,Some,-26.081599999999995,12,aldehyde,8630.0,17300.0,11700.0,11000.0
9046,14.03,685.33263,685.3835300000001,74.26498853870864,C39H69O8P,CCC=CCC=CCC=CCC=CCCCCCCC(=O)OC(COC(=O)CCCCCCCCCCCCCCC)COP(=O)(O)O,[M-H]-,PA 16:0_20:4,"PA 16:0_20:4(8,11,14,17)",0.924000000000003,0.9484799999999041,0.0,0.18724799999999073,All,Some,-10.082199999999995,12,criegee,0.0,15100.0,19800.0,0.0
8960,14.015,671.46599,671.46573,0.3872126132567989,C37H69O8P,CCCCCC=CCC=CCCCCCCCC(=O)OC(COC(=O)CCCCCCCCCCCCCCC)COP(=O)(O)O,[M-H]-,PA 16:0_18:2,"PA 16:0_18:2(9,12)",0.819,0.7313474999999983,0.15542548358683297,0.2793751368694662,All,Some,0.0,0,substrate,147099.35897435897,54607.43373315564,245493.78132541303,261592.9928801926
8960,14.015,671.46599,671.46573,0.3872126132567989,C37H69O8P,CCCCCCCCC=CCC=CCCCCC(=O)OC(COC(=O)CCCCCCCCCCCCCCC)COP(=O)(O)O,[M-H]-,PA 16:0_18:2,"PA 16:0_18:2(6,9)",0.6885000000000003,0.9254300000000626,0.0,0.16139300000000628,All,None,0.0,0,substrate,1192900.641025641,319392.5662668444,804506.218674587,1198407.0071198074
10261,14.478,521.1757,521.15713,35.632247802028985,C37H69O8P,CCCCCCCCC=CCC=CCCCCC(=O)OC(COC(=O)CCCCCCCCCCCCCCC)COP(=O)(O)O,[M-H]-,PA 16:0_18:2,"PA 16:0_18:2(6,9)",0.07400000000000162,0.9816900000000714,0.0,0.10556900000000731,All,None,-150.30859999999996,9,aldehyde,0.0,0.0,0.0,3760.0
8510,13.873,537.24645,537.1565300000001,167.3999941877142,C37H69O8P,CCCCCCCCC=CCC=CCCCCC(=O)OC(COC(=O)CCCCCCCCCCCCCCC)COP(=O)(O)O,[M-H]-,PA 16:0_18:2,"PA 16:0_18:2(6,9)",0.7159999999999975,0.9103400000001329,0.0,0.16263400000001305,All,None,-134.30919999999995,9,criegee,0.0,0.0,6280.0,0.0
9034,14.028,561.31982,561.22213,174.06655008429,C37H69O8P,CCCCCCCCC=CCC=CCCCCC(=O)OC(COC(=O)CCCCCCCCCCCCCCC)COP(=O)(O)O,[M-H]-,PA 16:0_18:2,"PA 16:0_18:2(6,9)",0.9740000000000002,0.9025699999999688,0.0,0.1876569999999969,All,None,-110.24359999999999,12,aldehyde,17300.0,8620.0,21600.0,20700.0
8981,14.02,577.31467,577.22153,161.35919254423598,C37H69O8P,CCCCCCCCC=CCC=CCCCCC(=O)OC(COC(=O)CCCCCCCCCCCCCCC)COP(=O)(O)O,[M-H]-,PA 16:0_18:2,"PA 16:0_18:2(6,9)",0.990000000000002,0.9071200000000772,0.0,0.18971200000000793,All,None,-94.24419999999999,12,criegee,10100.0,11100.0,22500.0,45500.0
8804,13.992,563.33523,563.23813,172.39599882924935,C37H69O8P,CCCCCC=CCC=CCCCCCCCC(=O)OC(COC(=O)CCCCCCCCCCCCCCC)COP(=O)(O)O,[M-H]-,PA 16:0_18:2,"PA 16:0_18:2(9,12)",0.9540000000000006,0.9031599999999571,0.0,0.18571599999999577,All,Some,-108.2276,6,aldehyde,88100.0,47900.0,77100.0,155000.0
7952,13.718,578.34619,579.23753,1538.8160363159027,C37H69O8P,CCCCCC=CCC=CCCCCCCCC(=O)OC(COC(=O)CCCCCCCCCCCCCCC)COP(=O)(O)O,[M-H]-,PA 16:0_18:2,"PA 16:0_18:2(9,12)",0.4059999999999988,0.10839999999996053,0.6217019343473319,0.5488015474778615,All,Some,-92.2282,6,criegee,51100.0,24100.0,39700.0,48400.0
8785,13.989,603.33055,603.30313,45.449789063760434,C37H69O8P,CCCCCC=CCC=CCCCCCCCC(=O)OC(COC(=O)CCCCCCCCCCCCCCC)COP(=O)(O)O,[M-H]-,PA 16:0_18:2,"PA 16:0_18:2(9,12)",0.9480000000000004,0.9728400000000192,0.0,0.19208400000000198,All,Some,-68.1626,9,aldehyde,13400.0,8840.0,26600.0,37000.0
9058,14.031,619.3618,619.30253,95.70443705432547,C37H69O8P,CCCCCC=CCC=CCCCCCCCC(=O)OC(COC(=O)CCCCCCCCCCCCCCC)COP(=O)(O)O,[M-H]-,PA 16:0_18:2,"PA 16:0_18:2(9,12)",0.968,0.9409900000000562,0.0,0.19089900000000562,All,Some,-52.163199999999996,9,criegee,69600.0,34500.0,21700.0,80100.0
8962,14.016,743.54193,743.46573,102.49295552596838,C43H69O8P,CCC=CCC=CCC=CCC=CCC=CCC=CCCC(=O)OC(COC(=O)CCCCCCCC=CCC=CCCCCC)COP(=O)(O)O,[M-H]-,PA 18:2_22:6,"PA 18:2(9,12)_22:6(4,7,10,13,16,19)",0.8691666666666666,0.9567099999999963,0.044178992273244205,0.21793086048526167,Some,Some,0.0,0,substrate,63248.509127327365,43061.8825638727,40045.697156196955,43408.71766029246
8962,14.016,743.54193,743.46573,102.49295552596838,C43H69O8P,CCC=CCC=CCC=CCC=CCC=CCC=CCCC(=O)OC(COC(=O)CCCCC=CCC=CCCCCCCCC)COP(=O)(O)O,[M-H]-,PA 18:2_22:6,"PA 18:2(6,9)_22:6(4,7,10,13,16,19)",0.8420000000000002,0.948670833333343,0.0,0.17906708333333432,Some,None,0.0,0,substrate,63751.49087267264,38038.1174361273,29654.302843803056,43391.28233970754
8885,14.004,593.30981,593.15713,257.402283944422,C43H69O8P,CCC=CCC=CCC=CCC=CCC=CCC=CCCC(=O)OC(COC(=O)CCCCC=CCC=CCCCCCCCC)COP(=O)(O)O,[M-H]-,PA 18:2_22:6,"PA 18:2(6,9)_22:6(4,7,10,13,16,19)",0.9759999999999991,0.9235200000000532,0.0,0.18995200000000523,Some,None,-150.30859999999996,3,aldehyde,61.811023622047244,39.95067817509248,73.02725968436154,63.133640552995395
8334,13.781,597.28849,597.18913,166.3794516823288,C43H69O8P,CCC=CCC=CCC=CCC=CCC=CCC=CCCC(=O)OC(COC(=O)CCCCC=CCC=CCCCCCCCC)COP(=O)(O)O,[M-H]-,PA 18:2_22:6,"PA 18:2(6,9)_22:6(4,7,10,13,16,19)",0.5300000000000011,0.9768399999999247,0.0,0.1506839999999926,Some,None,-146.27659999999997,3,criegee,15.039370078740157,17.755856966707768,15.494978479196556,19.70046082949309
7937,13.718,609.36018,609.1565300000001,334.3147285968108,C43H69O8P,CCC=CCC=CCC=CCC=CCC=CCC=CCCC(=O)OC(COC(=O)CCCCC=CCC=CCCCCCCCC)COP(=O)(O)O,[M-H]-,PA 18:2_22:6,"PA 18:2(6,9)_22:6(4,7,10,13,16,19)",0.4039999999999999,0.8725500000000466,0.0,0.12765500000000465,Some,None,-134.30919999999995,6,aldehyde,45.82677165354331,11.750924784217016,62.69727403156384,52.07373271889401
9288,14.093,613.27442,613.18853,140.07111320224695,C43H69O8P,CCC=CCC=CCC=CCC=CCC=CCC=CCCC(=O)OC(COC(=O)CCCCC=CCC=CCCCCCCCC)COP(=O)(O)O,[M-H]-,PA 18:2_22:6,"PA 18:2(6,9)_22:6(4,7,10,13,16,19)",0.8460000000000001,0.9903100000000222,0.0,0.18363100000000224,Some,None,-130.27719999999997,6,criegee,0.0,12.034525277435264,0.0,0.0
8752,13.981,633.34108,633.22213,187.84877275221058,C43H69O8P,CCC=CCC=CCC=CCC=CCC=CCC=CCCC(=O)OC(COC(=O)CCCCC=CCC=CCCCCCCCC)COP(=O)(O)O,[M-H]-,PA 18:2_22:6,"PA 18:2(6,9)_22:6(4,7,10,13,16,19)",0.9299999999999997,0.9572499999999309,0.0,0.18872499999999306,Some,None,-110.24359999999999,9,aldehyde,0.0,70.03699136868065,58.96700143472023,71.08294930875576
8655,13.96,637.39285,637.25413,217.68395600656385,C43H69O8P,CCC=CCC=CCC=CCC=CCC=CCC=CCCC(=O)OC(COC(=O)CCCCC=CCC=CCCCCCCCC)COP(=O)(O)O,[M-H]-,PA 18:2_22:6,"PA 18:2(6,9)_22:6(4,7,10,13,16,19)",0.8880000000000017,0.9374800000000505,0.0,0.1825480000000052,Some,None,-106.21159999999999,9,criegee,16.062992125984252,0.0,39.02439024390244,33.41013824884793
8998,14.023,649.39229,649.22153,263.02270043319874,C43H69O8P,CCC=CCC=CCC=CCC=CCC=CCC=CCCC(=O)OC(COC(=O)CCCCC=CCC=CCCCCCCCC)COP(=O)(O)O,[M-H]-,PA 18:2_22:6,"PA 18:2(6,9)_22:6(4,7,10,13,16,19)",0.9860000000000007,0.9054399999999987,0.0,0.18914399999999995,Some,None,-94.24419999999999,12,aldehyde,0.0,0.0,0.0,13.82488479262673
9152,14.055,653.30577,653.25353,79.9689517178684,C43H69O8P,CCC=CCC=CCC=CCC=CCC=CCC=CCCC(=O)OC(COC(=O)CCCCC=CCC=CCCCCCCCC)COP(=O)(O)O,[M-H]-,PA 18:2_22:6,"PA 18:2(6,9)_22:6(4,7,10,13,16,19)",0.9220000000000006,0.9760400000001255,0.0,0.18980400000001263,Some,None,-90.2122,12,criegee,16.92913385826772,23.42786683107275,49.35437589670014,28.80184331797235
8902,14.006,677.42393,677.31913,154.72765400863312,C43H69O8P,CCC=CCC=CCC=CCC=CCC=CCC=CCCC(=O)OC(COC(=O)CCCCC=CCC=CCCCCCCCC)COP(=O)(O)O,[M-H]-,PA 18:2_22:6,"PA 18:2(6,9)_22:6(4,7,10,13,16,19)",0.9800000000000004,0.9713999999999032,0.0,0.19513999999999038,Some,None,-66.1466,15,aldehyde,16.614173228346456,4.636251541307028,0.0,0.0
9194,14.061,693.37687,693.31853,84.1460273678879,C43H69O8P,CCC=CCC=CCC=CCC=CCC=CCC=CCCC(=O)OC(COC(=O)CCCCC=CCC=CCCCCCCCC)COP(=O)(O)O,[M-H]-,PA 18:2_22:6,"PA 18:2(6,9)_22:6(4,7,10,13,16,19)",0.9100000000000001,0.9821400000000722,0.0,0.18921400000000727,Some,None,-50.147200000000005,15,criegee,0.0,30.456226880394578,12.166427546628407,0.0
8563,13.905,717.35991,717.38413,33.76154975719061,C43H69O8P,CCC=CCC=CCC=CCC=CCC=CCC=CCCC(=O)OC(COC(=O)CCCCC=CCC=CCCCCCCCC)COP(=O)(O)O,[M-H]-,PA 18:2_22:6,"PA 18:2(6,9)_22:6(4,7,10,13,16,19)",0.7779999999999987,0.8995800000000145,0.0,0.16775800000000132,Some,None,-26.081599999999995,18,aldehyde,0.0,9.05055487053021,0.0,0.0
9096,14.039,733.45123,733.3835300000001,92.31186307107993,C43H69O8P,CCC=CCC=CCC=CCC=CCC=CCC=CCCC(=O)OC(COC(=O)CCCCC=CCC=CCCCCCCCC)COP(=O)(O)O,[M-H]-,PA 18:2_22:6,"PA 18:2(6,9)_22:6(4,7,10,13,16,19)",0.9540000000000006,0.9914999999999736,0.0,0.19454999999999745,Some,None,-10.082199999999995,18,criegee,0.0,0.0,0.0,4.804147465437788
8334,13.781,597.28849,597.18913,166.3794516823288,C43H69O8P,CCC=CCC=CCC=CCC=CCC=CCC=CCCC(=O)OC(COC(=O)CCCCCCCC=CCC=CCCCCC)COP(=O)(O)O,[M-H]-,PA 18:2_22:6,"PA 18:2(9,12)_22:6(4,7,10,13,16,19)",0.5300000000000011,0.9768399999999247,0.0,0.1506839999999926,Some,Some,-146.27659999999997,3,aldehyde,15.039370078740157,17.755856966707768,15.494978479196556,19.70046082949309
9288,14.093,613.27442,613.18853,140.07111320224695,C43H69O8P,CCC=CCC=CCC=CCC=CCC=CCC=CCCC(=O)OC(COC(=O)CCCCCCCC=CCC=CCCCCC)COP(=O)(O)O,[M-H]-,PA 18:2_22:6,"PA 18:2(9,12)_22:6(4,7,10,13,16,19)",0.8460000000000001,0.9903100000000222,0.0,0.18363100000000224,Some,Some,-130.27719999999997,3,criegee,0.0,12.034525277435264,0.0,0.0
9223,14.073,635.3765,635.23813,217.82382616107915,C43H69O8P,CCC=CCC=CCC=CCC=CCC=CCC=CCCC(=O)OC(COC(=O)CCCCCCCC=CCC=CCCCCC)COP(=O)(O)O,[M-H]-,PA 18:2_22:6,"PA 18:2(9,12)_22:6(4,7,10,13,16,19)",0.8859999999999992,0.9378299999999626,0.0,0.1823829999999962,Some,Some,-108.2276,6,aldehyde,4.125984251968504,0.0,0.0,0.0
8655,13.96,637.39285,637.25413,217.68395600656385,C43H69O8P,CCC=CCC=CCC=CCC=CCC=CCC=CCCC(=O)OC(COC(=O)CCCCCCCC=CCC=CCCCCC)COP(=O)(O)O,[M-H]-,PA 18:2_22:6,"PA 18:2(9,12)_22:6(4,7,10,13,16,19)",0.8880000000000017,0.9374800000000505,0.0,0.1825480000000052,Some,Some,-106.21159999999999,6,criegee,16.062992125984252,0.0,39.02439024390244,33.41013824884793
8701,13.969,651.40704,651.23753,260.2890530588115,C43H69O8P,CCC=CCC=CCC=CCC=CCC=CCC=CCCC(=O)OC(COC(=O)CCCCCCCC=CCC=CCCCCC)COP(=O)(O)O,[M-H]-,PA 18:2_22:6,"PA 18:2(9,12)_22:6(4,7,10,13,16,19)",0.9059999999999988,0.9066899999999123,0.0,0.18126899999999113,Some,Some,-92.2282,9,aldehyde,48.110236220472444,29.839704069050555,96.987087517934,95.16129032258065
9152,14.055,653.30577,653.25353,79.9689517178684,C43H69O8P,CCC=CCC=CCC=CCC=CCC=CCC=CCCC(=O)OC(COC(=O)CCCCCCCC=CCC=CCCCCC)COP(=O)(O)O,[M-H]-,PA 18:2_22:6,"PA 18:2(9,12)_22:6(4,7,10,13,16,19)",0.9220000000000006,0.9760400000001255,0.0,0.18980400000001263,Some,Some,-90.2122,9,criegee,16.92913385826772,23.42786683107275,49.35437589670014,28.80184331797235
9186,14.06,675.40908,675.30313,156.89250544419525,C43H69O8P,CCC=CCC=CCC=CCC=CCC=CCC=CCCC(=O)OC(COC(=O)CCCCCCCC=CCC=CCCCCC)COP(=O)(O)O,[M-H]-,PA 18:2_22:6,"PA 18:2(9,12)_22:6(4,7,10,13,16,19)",0.911999999999999,0.9702499999999645,0.0,0.18822499999999637,Some,Some,-68.1626,12,aldehyde,0.0,0.0,17.073170731707318,0.0
8902,14.006,677.42393,677.31913,154.72765400863312,C43H69O8P,CCC=CCC=CCC=CCC=CCC=CCC=CCCC(=O)OC(COC(=O)CCCCCCCC=CCC=CCCCCC)COP(=O)(O)O,[M-H]-,PA 18:2_22:6,"PA 18:2(9,12)_22:6(4,7,10,13,16,19)",0.9800000000000004,0.9713999999999032,0.0,0.19513999999999038,Some,Some,-66.1466,12,criegee,16.614173228346456,4.636251541307028,0.0,0.0
8721,13.975,691.43827,691.30253,196.3539754439226,C43H69O8P,CCC=CCC=CCC=CCC=CCC=CCC=CCCC(=O)OC(COC(=O)CCCCCCCC=CCC=CCCCCC)COP(=O)(O)O,[M-H]-,PA 18:2_22:6,"PA 18:2(9,12)_22:6(4,7,10,13,16,19)",0.9179999999999993,0.94046000000003,0.5301479072789305,0.6099643258231473,Some,Some,-52.163199999999996,15,aldehyde,56.77165354330709,66.33785450061652,0.0,104.83870967741935
9194,14.061,693.37687,693.31853,84.1460273678879,C43H69O8P,CCC=CCC=CCC=CCC=CCC=CCC=CCCC(=O)OC(COC(=O)CCCCCCCC=CCC=CCCCCC)COP(=O)(O)O,[M-H]-,PA 18:2_22:6,"PA 18:2(9,12)_22:6(4,7,10,13,16,19)",0.9100000000000001,0.9821400000000722,0.0,0.18921400000000727,Some,Some,-50.147200000000005,15,criegee,0.0,30.456226880394578,12.166427546628407,0.0
8563,13.905,717.35991,717.38413,33.76154975719061,C43H69O8P,CCC=CCC=CCC=CCC=CCC=CCC=CCCC(=O)OC(COC(=O)CCCCCCCC=CCC=CCCCCC)COP(=O)(O)O,[M-H]-,PA 18:2_22:6,"PA 18:2(9,12)_22:6(4,7,10,13,16,19)",0.7779999999999987,0.8995800000000145,0.0,0.16775800000000132,Some,Some,-26.081599999999995,18,aldehyde,0.0,9.05055487053021,0.0,0.0
9096,14.039,733.45123,733.3835300000001,92.31186307107993,C43H69O8P,CCC=CCC=CCC=CCC=CCC=CCC=CCCC(=O)OC(COC(=O)CCCCCCCC=CCC=CCCCCC)COP(=O)(O)O,[M-H]-,PA 18:2_22:6,"PA 18:2(9,12)_22:6(4,7,10,13,16,19)",0.9540000000000006,0.9914999999999736,0.0,0.19454999999999745,Some,Some,-10.082199999999995,18,criegee,0.0,0.0,0.0,4.804147465437788
8968,14.016,753.45929,753.50759,64.10021696004442,C42H75O9P,CCCCCCCCCCCCCCCC(=O)OC(COCCCCC=CCC=CCC=CCC=CCC=CCC)COP(=O)(O)OCC(O)CO,[M-H]-,PG O-20:5_16:0,"PG O-20:5(5,8,11,14,17)_16:0",0.7944999999999993,0.7813850000000002,0.1694486148727435,0.2931473918981948,All,Some,0.0,0,substrate,75400.0,245000.0,88200.0,167000.0
7858,13.713,567.2933,567.1659900000002,224.4669148794555,C42H75O9P,CCCCCCCCCCCCCCCC(=O)OC(COCCCCC=CCC=CCC=CCC=CCC=CCC)COP(=O)(O)OCC(O)CO,[M-H]-,PG O-20:5_16:0,"PG O-20:5(5,8,11,14,17)_16:0",0.39399999999999835,0.824389999999994,0.0,0.12183899999999924,All,Some,-186.34159999999991,3,aldehyde,11.69761273209549,0.0,0.0,5.023952095808383
8881,14.004,607.32536,607.23099,155.41038180549094,C42H75O9P,CCCCCCCCCCCCCCCC(=O)OC(COCCCCC=CCC=CCC=CCC=CCC=CCC)COP(=O)(O)OCC(O)CO,[M-H]-,PG O-20:5_16:0,"PG O-20:5(5,8,11,14,17)_16:0",0.9759999999999991,0.8573300000000472,0.0,0.18333300000000463,All,Some,-146.27659999999997,6,aldehyde,25.9946949602122,3.4775510204081637,13.60544217687075,8.08383233532934
8782,13.988,623.3572,623.23039,203.47210603766874,C42H75O9P,CCCCCCCCCCCCCCCC(=O)OC(COCCCCC=CCC=CCC=CCC=CCC=CCC)COP(=O)(O)OCC(O)CO,[M-H]-,PG O-20:5_16:0,"PG O-20:5(5,8,11,14,17)_16:0",0.9439999999999991,0.8248899999999821,0.0,0.17688899999999813,All,Some,-130.27719999999997,6,criegee,0.0,0.0,8.344671201814059,13.053892215568863
8402,13.81,647.28023,647.2959900000001,24.347439569514254,C42H75O9P,CCCCCCCCCCCCCCCC(=O)OC(COCCCCC=CCC=CCC=CCC=CCC=CCC)COP(=O)(O)OCC(O)CO,[M-H]-,PG O-20:5_16:0,"PG O-20:5(5,8,11,14,17)_16:0",0.588000000000001,0.9674600000000737,0.0,0.15554600000000748,All,Some,-106.21159999999999,9,aldehyde,0.0,0.0,9.183673469387756,0.0
8308,13.776,687.54465,687.36099,267.19584420994227,C42H75O9P,CCCCCCCCCCCCCCCC(=O)OC(COCCCCC=CCC=CCC=CCC=CCC=CCC)COP(=O)(O)OCC(O)CO,[M-H]-,PG O-20:5_16:0,"PG O-20:5(5,8,11,14,17)_16:0",0.5199999999999996,0.7680399999999281,0.7319038202941118,0.7143270562352823,All,Some,-66.1466,12,aldehyde,0.0,0.0,9.081632653061225,5.131736526946107
8910,14.008,703.40322,703.36039,60.893392077396946,C42H75O9P,CCCCCCCCCCCCCCCC(=O)OC(COCCCCC=CCC=CCC=CCC=CCC=CCC)COP(=O)(O)OCC(O)CO,[M-H]-,PG O-20:5_16:0,"PG O-20:5(5,8,11,14,17)_16:0",0.9839999999999982,0.908869999999979,0.0,0.1892869999999977,All,Some,-50.147200000000005,12,criegee,0.0,0.0,0.0,9.461077844311378
8938,14.011,726.50879,727.4259900000001,1260.8842859740184,C42H75O9P,CCCCCCCCCCCCCCCC(=O)OC(COCCCCC=CCC=CCC=CCC=CCC=CCC)COP(=O)(O)OCC(O)CO,[M-H]-,PG O-20:5_16:0,"PG O-20:5(5,8,11,14,17)_16:0",0.9899999999999984,0.1310999999999467,0.6236850986878363,0.6110580789502635,All,Some,-26.081599999999995,15,aldehyde,113.79310344827587,25.102040816326532,69.84126984126983,60.47904191616767
8834,13.996,743.40809,743.4253900000001,23.270660691439566,C42H75O9P,CCCCCCCCCCCCCCCC(=O)OC(COCCCCC=CCC=CCC=CCC=CCC=CCC)COP(=O)(O)OCC(O)CO,[M-H]-,PG O-20:5_16:0,"PG O-20:5(5,8,11,14,17)_16:0",0.9600000000000009,0.9690000000000509,0.0,0.19290000000000518,All,Some,-10.082199999999995,15,criegee,525.1989389920424,177.55102040816325,340.1360544217687,245.50898203592814
8976,14.019,758.53201,758.49776,45.15504436037194,C40H74NO10P,CCCCCC=CCC=CCCCCCCCC(=O)OC(COC(=O)CCCCCCCCCCCCCCC)COP(=O)(O)OCC(N)C(=O)O,[M-H]-,PS 16:0_18:2,"PS 16:0_18:2(9,12)",0.8020000000000005,0.727352499999995,0.1962395453150609,0.3099268862520483,All,Some,0.0,0,substrate,117991.46029035014,46279.01886792453,97268.18308162698,169398.0177360459
8976,14.019,758.53201,758.49776,45.15504436037194,C40H74NO10P,CCCCCCCCC=CCC=CCCCCC(=O)OC(COC(=O)CCCCCCCCCCCCCCC)COP(=O)(O)OCC(N)C(=O)O,[M-H]-,PS 16:0_18:2,"PS 16:0_18:2(6,9)",0.9489999999999998,0.8945850000000348,0.0,0.18435850000000348,All,None,0.0,0,substrate,53008.53970964987,23920.98113207547,43731.81691837301,88601.9822639541
9263,14.089,608.35697,608.18916,275.917446473448,C40H74NO10P,CCCCCCCCC=CCC=CCCCCC(=O)OC(COC(=O)CCCCCCCCCCCCCCC)COP(=O)(O)OCC(N)C(=O)O,[M-H]-,PS 16:0_18:2,"PS 16:0_18:2(6,9)",0.8599999999999994,0.8664400000000114,0.0,0.1726440000000011,All,None,-150.30859999999996,9,aldehyde,0.0,0.0,14700.0,17600.0
8896,14.005,624.31522,624.18856,202.91945113492886,C40H74NO10P,CCCCCCCCC=CCC=CCCCCC(=O)OC(COC(=O)CCCCCCCCCCCCCCC)COP(=O)(O)OCC(N)C(=O)O,[M-H]-,PS 16:0_18:2,"PS 16:0_18:2(6,9)",0.9720000000000013,0.9075900000001411,0.0,0.18795900000001425,All,None,-134.30919999999995,9,criegee,14800.0,0.0,8620.0,0.0
8887,14.004,648.38832,648.25416,206.95586434812134,C40H74NO10P,CCCCCCCCC=CCC=CCCCCC(=O)OC(COC(=O)CCCCCCCCCCCCCCC)COP(=O)(O)OCC(N)C(=O)O,[M-H]-,PS 16:0_18:2,"PS 16:0_18:2(6,9)",0.9699999999999989,0.9000899999999774,0.0,0.18700899999999765,All,None,-110.24359999999999,12,aldehyde,59600.0,58700.0,87500.0,96000.0
8970,14.016,664.38359,664.25356,195.7535613358751,C40H74NO10P,CCCCCCCCC=CCC=CCCCCC(=O)OC(COC(=O)CCCCCCCCCCCCCCC)COP(=O)(O)OCC(N)C(=O)O,[M-H]-,PS 16:0_18:2,"PS 16:0_18:2(6,9)",0.9939999999999998,0.9042200000000093,0.0,0.18982200000000093,All,None,-94.24419999999999,12,criegee,168000.0,116000.0,187000.0,264000.0
9094,14.039,650.36752,650.27016,149.7223861540572,C40H74NO10P,CCCCCC=CCC=CCCCCCCCC(=O)OC(COC(=O)CCCCCCCCCCCCCCC)COP(=O)(O)OCC(N)C(=O)O,[M-H]-,PS 16:0_18:2,"PS 16:0_18:2(9,12)",0.9600000000000009,0.9368899999999485,0.0,0.18968899999999494,All,Some,-108.2276,6,aldehyde,0.0,0.0,0.0,40000.0
8985,14.02,665.42288,666.26956,1270.7769509986201,C40H74NO10P,CCCCCC=CCC=CCCCCCCCC(=O)OC(COC(=O)CCCCCCCCCCCCCCC)COP(=O)(O)OCC(N)C(=O)O,[M-H]-,PS 16:0_18:2,"PS 16:0_18:2(9,12)",0.9980000000000011,0.11906999999996515,0.5817773389255129,0.577128871140407,All,Some,-92.2282,6,criegee,55300.0,20600.0,97300.0,125000.0
8957,14.015,690.39917,690.33516,92.72307671545074,C40H74NO10P,CCCCCC=CCC=CCCCCCCCC(=O)OC(COC(=O)CCCCCCCCCCCCCCC)COP(=O)(O)OCC(N)C(=O)O,[M-H]-,PS 16:0_18:2,"PS 16:0_18:2(9,12)",0.9920000000000009,0.9702399999999898,0.0,0.19622399999999907,All,Some,-68.1626,9,aldehyde,0.0,16000.0,0.0,0.0
7623,13.648,706.4856,706.33456,213.83634406897252,C40H74NO10P,CCCCCC=CCC=CCCCCCCCC(=O)OC(COC(=O)CCCCCCCCCCCCCCC)COP(=O)(O)OCC(N)C(=O)O,[M-H]-,PS 16:0_18:2,"PS 16:0_18:2(9,12)",0.2579999999999991,0.8832100000000764,0.20318084233473077,0.2766656738677922,All,Some,-52.163199999999996,9,criegee,53600.0,53700.0,36600.0,32500.0
9010,14.024,697.40504,697.48138,109.45095050416862,C39H71O8P,CCCCCC=CCC=CCCCCCCCC(=O)OC(COC(=O)CCCCCCCC=CCCCCCCCC)COP(=O)(O)O,[M-H]-,PA 18:1_18:2,"PA 18:1(9)_18:2(9,12)",0.8135000000000012,0.7325900000000161,0.15145293227483675,0.2757713458198711,Some,Some,0.0,0,substrate,150932.30410652267,178667.31578616746,131531.93415172255,181557.18559984557
9010,14.024,697.40504,697.48138,109.45095050416862,C39H71O8P,CCCCCC=CCC=CCCCCCCCC(=O)OC(COC(=O)CCCCCCCCCC=CCCCCCC)COP(=O)(O)O,[M-H]-,PA 18:1_18:2,"PA 18:1(11)_18:2(9,12)",0.8703333333333335,0.7874466666666535,0.10096862151655783,0.246552897213245,All,Some,0.0,0,substrate,187282.12583797757,173537.4709466675,140459.86309894215,127957.72608821542
9010,14.024,697.40504,697.48138,109.45095050416862,C39H71O8P,CCCCCC=CCC=CCCCCCCCC(=O)OC(COC(=O)CCCCC=CCCCCCCCCCCC)COP(=O)(O)O,[M-H]-,PA 18:1_18:2,"PA 18:1(6)_18:2(9,12)",0.7633333333333331,0.7690849999999804,0.10096862151655783,0.2340167305465776,All,Some,0.0,0,substrate,83205.37228702966,65133.99082856964,68756.5763421395,116809.47784962841
9010,14.024,697.40504,697.48138,109.45095050416862,C39H71O8P,CCCCCCCCC=CCC=CCCCCC(=O)OC(COC(=O)CCCCCCCCCC=CCCCCCC)COP(=O)(O)O,[M-H]-,PA 18:1_18:2,"PA 18:1(11)_18:2(6,9)",0.8676000000000016,0.8656459999999925,0.0,0.1733245999999994,Some,None,0.0,0,substrate,123876.55047480586,67640.42967523086,80889.12145726084,69415.69346588166
9010,14.024,697.40504,697.48138,109.45095050416862,C39H71O8P,CCCCCCCCC=CCC=CCCCCC(=O)OC(COC(=O)CCCCC=CCCCCCCCCCCC)COP(=O)(O)O,[M-H]-,PA 18:1_18:2,"PA 18:1(6)_18:2(6,9)",0.8500000000000014,0.8224074999999971,0.0,0.16724074999999985,Some,None,0.0,0,substrate,9385.117749547118,17912.682957472203,14596.368162018442,20319.467232892577
9010,14.024,697.40504,697.48138,109.45095050416862,C39H71O8P,CCCCCCCCC=CCC=CCCCCC(=O)OC(COC(=O)CCCCCCCC=CCCCCCCCC)COP(=O)(O)O,[M-H]-,PA 18:1_18:2,"PA 18:1(9)_18:2(6,9)",0.7360000000000024,0.8845000000000027,0.0,0.16205000000000053,Some,None,0.0,0,substrate,52318.52954411713,29108.109805892327,48766.136787916505,52940.44976353634
8804,13.992,563.33523,563.17218,289.520693298448,C39H71O8P,CCCCCCCCC=CCC=CCCCCC(=O)OC(COC(=O)CCCCCCCCCC=CCCCCCC)COP(=O)(O)O,[M-H]-,PA 18:1_18:2,"PA 18:1(11)_18:2(6,9)",0.9360000000000035,0.7606100000000424,0.0,0.1696610000000046,Some,None,-134.30919999999995,7,criegee,88100.0,47900.0,77100.0,155000.0
8357,13.795,587.22273,587.2377799999999,25.628460076212754,C39H71O8P,CCCCCCCCC=CCC=CCCCCC(=O)OC(COC(=O)CCCCCCCCCC=CCCCCCC)COP(=O)(O)O,[M-H]-,PA 18:1_18:2,"PA 18:1(11)_18:2(6,9)",0.5420000000000016,0.9387100000000146,0.0,0.14807100000000162,Some,None,-110.24359999999999,9,aldehyde,0.0,12600.0,0.0,0.0
8785,13.989,603.33055,603.23718,154.78157364247662,C39H71O8P,CCCCCCCCC=CCC=CCCCCC(=O)OC(COC(=O)CCCCCCCCCC=CCCCCCC)COP(=O)(O)O,[M-H]-,PA 18:1_18:2,"PA 18:1(11)_18:2(6,9)",0.9300000000000033,0.8302899999999909,0.0,0.17602899999999944,Some,None,-94.24419999999999,9,criegee,13400.0,8840.0,26600.0,37000.0
8874,14.003,615.26968,615.2917799999999,35.91791848724099,C39H71O8P,CCCCCCCCC=CCC=CCCCCC(=O)OC(COC(=O)CCCCCCCCCC=CCCCCCC)COP(=O)(O)O,[M-H]-,PA 18:1_18:2,"PA 18:1(11)_18:2(6,9)",0.958000000000002,0.9457599999999502,0.0,0.19037599999999522,Some,None,-82.1896,12,aldehyde,114000.0,136000.0,120000.0,105000.0
9083,14.038,631.36198,631.2911799999999,112.15109959254711,C39H71O8P,CCCCCCCCC=CCC=CCCCCC(=O)OC(COC(=O)CCCCCCCCCC=CCCCCCC)COP(=O)(O)O,[M-H]-,PA 18:1_18:2,"PA 18:1(11)_18:2(6,9)",0.9719999999999978,0.8528599999999642,0.0,0.1824859999999962,Some,None,-66.1902,12,criegee,0.0,8510.0,16000.0,33600.0
8874,14.003,615.26968,615.2917799999999,35.91791848724099,C39H71O8P,CCCCCC=CCC=CCCCCCCCC(=O)OC(COC(=O)CCCCCCCCCC=CCCCCCC)COP(=O)(O)O,[M-H]-,PA 18:1_18:2,"PA 18:1(11)_18:2(9,12)",0.958000000000002,0.9457599999999502,0.0,0.19037599999999522,All,Some,-82.1896,6,aldehyde,114000.0,136000.0,120000.0,105000.0
9166,14.057,629.26806,629.31878,80.59508410023247,C39H71O8P,CCCCCC=CCC=CCCCCCCCC(=O)OC(COC(=O)CCCCCCCCCC=CCCCCCC)COP(=O)(O)O,[M-H]-,PA 18:1_18:2,"PA 18:1(11)_18:2(9,12)",0.9339999999999975,0.9743799999999965,0.0,0.1908379999999994,All,Some,-68.1626,6,criegee,4800.0,0.0,0.0,0.0
8917,14.008,589.35145,589.25378,165.75201265572485,C39H71O8P,CCCCCC=CCC=CCCCCCCCC(=O)OC(COC(=O)CCCCCCCCCC=CCCCCCC)COP(=O)(O)O,[M-H]-,PA 18:1_18:2,"PA 18:1(11)_18:2(9,12)",0.968,0.8259899999999334,0.0,0.17939899999999334,All,Some,-108.2276,7,aldehyde,92100.0,37200.0,57700.0,35000.0
8092,13.73,604.36225,605.2531799999999,1471.99557051466,C39H71O8P,CCCCCC=CCC=CCCCCCCCC(=O)OC(COC(=O)CCCCCCCCCC=CCCCCCC)COP(=O)(O)O,[M-H]-,PA 18:1_18:2,"PA 18:1(11)_18:2(9,12)",0.4120000000000026,0.18541000000004715,0.605811729099347,0.5443903832794825,All,Some,-92.2282,7,criegee,56500.0,26000.0,54600.0,59400.0
9083,14.038,631.36198,631.2911799999999,112.15109959254711,C39H71O8P,CCCCCC=CCC=CCCCCCCCC(=O)OC(COC(=O)CCCCCCCCCC=CCCCCCC)COP(=O)(O)O,[M-H]-,PA 18:1_18:2,"PA 18:1(11)_18:2(9,12)",0.9719999999999978,0.8528599999999642,0.0,0.1824859999999962,All,Some,-66.1902,9,aldehyde,0.0,8510.0,16000.0,33600.0
8949,14.013,645.30156,645.31818,25.754736988796715,C39H71O8P,CCCCCC=CCC=CCCCCCCCC(=O)OC(COC(=O)CCCCCCCCCC=CCCCCCC)COP(=O)(O)O,[M-H]-,PA 18:1_18:2,"PA 18:1(11)_18:2(9,12)",0.9780000000000015,0.9402800000000298,0.0,0.19182800000000316,All,Some,-52.163199999999996,9,criegee,0.0,0.0,7670.0,0.0
9034,14.028,561.31982,561.15618,291.6122210399614,C39H71O8P,CCCCCCCCC=CCC=CCCCCC(=O)OC(COC(=O)CCCCC=CCCCCCCCCCCC)COP(=O)(O)O,[M-H]-,PA 18:1_18:2,"PA 18:1(6)_18:2(6,9)",0.9919999999999973,0.7600199999999404,0.0,0.17520199999999378,Some,None,-136.32519999999997,9,aldehyde,17300.0,8620.0,21600.0,20700.0
8804,13.992,563.33523,563.17218,289.520693298448,C39H71O8P,CCCCCCCCC=CCC=CCCCCC(=O)OC(COC(=O)CCCCC=CCCCCCCCCCCC)COP(=O)(O)O,[M-H]-,PA 18:1_18:2,"PA 18:1(6)_18:2(6,9)",0.9360000000000035,0.7606100000000424,0.0,0.1696610000000046,Some,None,-134.30919999999995,9,criegee,88100.0,47900.0,77100.0,155000.0
8357,13.795,587.22273,587.2377799999999,25.628460076212754,C39H71O8P,CCCCCCCCC=CCC=CCCCCC(=O)OC(COC(=O)CCCCC=CCCCCCCCCCCC)COP(=O)(O)O,[M-H]-,PA 18:1_18:2,"PA 18:1(6)_18:2(6,9)",0.5420000000000016,0.9387100000000146,0.0,0.14807100000000162,Some,None,-110.24359999999999,12,aldehyde,0.0,12600.0,0.0,0.0
8785,13.989,603.33055,603.23718,154.78157364247662,C39H71O8P,CCCCCCCCC=CCC=CCCCCC(=O)OC(COC(=O)CCCCC=CCCCCCCCCCCC)COP(=O)(O)O,[M-H]-,PA 18:1_18:2,"PA 18:1(6)_18:2(6,9)",0.9300000000000033,0.8302899999999909,0.0,0.17602899999999944,Some,None,-94.24419999999999,12,criegee,13400.0,8840.0,26600.0,37000.0
8917,14.008,589.35145,589.25378,165.75201265572485,C39H71O8P,CCCCCC=CCC=CCCCCCCCC(=O)OC(COC(=O)CCCCC=CCCCCCCCCCCC)COP(=O)(O)O,[M-H]-,PA 18:1_18:2,"PA 18:1(6)_18:2(9,12)",0.968,0.8259899999999334,0.0,0.17939899999999334,All,Some,-108.2276,6,aldehyde,92100.0,37200.0,57700.0,35000.0
8092,13.73,604.36225,605.2531799999999,1471.99557051466,C39H71O8P,CCCCCC=CCC=CCCCCCCCC(=O)OC(COC(=O)CCCCC=CCCCCCCCCCCC)COP(=O)(O)O,[M-H]-,PA 18:1_18:2,"PA 18:1(6)_18:2(9,12)",0.4120000000000026,0.18541000000004715,0.605811729099347,0.5443903832794825,All,Some,-92.2282,6,criegee,56500.0,26000.0,54600.0,59400.0
9166,14.057,629.26806,629.31878,80.59508410023247,C39H71O8P,CCCCCC=CCC=CCCCCCCCC(=O)OC(COC(=O)CCCCC=CCCCCCCCCCCC)COP(=O)(O)O,[M-H]-,PA 18:1_18:2,"PA 18:1(6)_18:2(9,12)",0.9339999999999975,0.9743799999999965,0.0,0.1908379999999994,All,Some,-68.1626,9,aldehyde,4800.0,0.0,0.0,0.0
8949,14.013,645.30156,645.31818,25.754736988796715,C39H71O8P,CCCCCC=CCC=CCCCCCCCC(=O)OC(COC(=O)CCCCC=CCCCCCCCCCCC)COP(=O)(O)O,[M-H]-,PA 18:1_18:2,"PA 18:1(6)_18:2(9,12)",0.9780000000000015,0.9402800000000298,0.0,0.19182800000000316,All,Some,-52.163199999999996,9,criegee,0.0,0.0,7670.0,0.0
9923,14.376,545.15201,545.15678,8.749776532188983,C39H71O8P,CCCCCC=CCC=CCCCCCCCC(=O)OC(COC(=O)CCCCC=CCCCCCCCCCCC)COP(=O)(O)O,[M-H]-,PA 18:1_18:2,"PA 18:1(6)_18:2(9,12)",0.2959999999999994,0.9284299999999348,0.0,0.12244299999999342,All,Some,-152.32459999999998,12,aldehyde,6170.0,9140.0,5840.0,11300.0
9034,14.028,561.31982,561.15618,291.6122210399614,C39H71O8P,CCCCCC=CCC=CCCCCCCCC(=O)OC(COC(=O)CCCCC=CCCCCCCCCCCC)COP(=O)(O)O,[M-H]-,PA 18:1_18:2,"PA 18:1(6)_18:2(9,12)",0.9919999999999973,0.7600199999999404,0.0,0.17520199999999378,All,Some,-136.32519999999997,12,criegee,17300.0,8620.0,21600.0,20700.0
8357,13.795,587.22273,587.2377799999999,25.628460076212754,C39H71O8P,CCCCCCCCC=CCC=CCCCCC(=O)OC(COC(=O)CCCCCCCC=CCCCCCCCC)COP(=O)(O)O,[M-H]-,PA 18:1_18:2,"PA 18:1(9)_18:2(6,9)",0.5420000000000016,0.9387100000000146,0.0,0.14807100000000162,Some,None,-110.24359999999999,9,aldehyde,0.0,12600.0,0.0,0.0
8785,13.989,603.33055,603.23718,154.78157364247662,C39H71O8P,CCCCCCCCC=CCC=CCCCCC(=O)OC(COC(=O)CCCCCCCC=CCCCCCCCC)COP(=O)(O)O,[M-H]-,PA 18:1_18:2,"PA 18:1(9)_18:2(6,9)",0.9300000000000033,0.8302899999999909,0.0,0.17602899999999944,Some,None,-94.24419999999999,9,criegee,13400.0,8840.0,26600.0,37000.0
8785,13.989,603.33055,603.23718,154.78157364247662,C39H71O8P,CCCCCC=CCC=CCCCCCCCC(=O)OC(COC(=O)CCCCCCCC=CCCCCCCCC)COP(=O)(O)O,[M-H]-,PA 18:1_18:2,"PA 18:1(9)_18:2(9,12)",0.9300000000000033,0.8302899999999909,0.0,0.17602899999999944,Some,Some,-94.24419999999999,6,aldehyde,13400.0,8840.0,26600.0,37000.0
8092,13.73,604.36225,605.2531799999999,1471.99557051466,C39H71O8P,CCCCCC=CCC=CCCCCCCCC(=O)OC(COC(=O)CCCCCCCC=CCCCCCCCC)COP(=O)(O)O,[M-H]-,PA 18:1_18:2,"PA 18:1(9)_18:2(9,12)",0.4120000000000026,0.18541000000004715,0.605811729099347,0.5443903832794825,Some,Some,-92.2282,6,criegee,56500.0,26000.0,54600.0,59400.0
9166,14.057,629.26806,629.31878,80.59508410023247,C39H71O8P,CCCCCC=CCC=CCCCCCCCC(=O)OC(COC(=O)CCCCCCCC=CCCCCCCCC)COP(=O)(O)O,[M-H]-,PA 18:1_18:2,"PA 18:1(9)_18:2(9,12)",0.9339999999999975,0.9743799999999965,0.0,0.1908379999999994,Some,Some,-68.1626,9,aldehyde,4800.0,0.0,0.0,0.0
8949,14.013,645.30156,645.31818,25.754736988796715,C39H71O8P,CCCCCC=CCC=CCCCCCCCC(=O)OC(COC(=O)CCCCCCCC=CCCCCCCCC)COP(=O)(O)O,[M-H]-,PA 18:1_18:2,"PA 18:1(9)_18:2(9,12)",0.9780000000000015,0.9402800000000298,0.0,0.19182800000000316,Some,Some,-52.163199999999996,9,criegee,0.0,0.0,7670.0,0.0
9028,14.027,714.50796,714.50793,0.04198693783278811,C39H74NO8P,CCCCCCCCC=CCC=CCCCCC(=O)OC(COC(=O)CCCCCCCCCCCCCCC)COP(=O)(O)OCCN,[M-H]-,PE 16:0_18:2,"PE 16:0_18:2(6,9)",0.8180000000000005,0.8747400000000312,0.12725886616216653,0.27108109292973637,All,Some,0.0,0,substrate,0.0,10873.177083333332,0.0,10322.797202797203
9028,14.027,714.50796,714.50793,0.04198693783278811,C39H74NO8P,CCCCCC=CCC=CCCCCCCCC(=O)OC(COC(=O)CCCCCCCCCCCCCCC)COP(=O)(O)OCCN,[M-H]-,PE 16:0_18:2,"PE 16:0_18:2(9,12)",0.9339999999999993,0.939545000000038,0.0,0.18735450000000375,All,None,0.0,0,substrate,0.0,2026.8229166666665,0.0,877.2027972027972
9236,14.075,564.33847,564.19933,246.61496850766835,C39H74NO8P,CCCCCCCCC=CCC=CCCCCC(=O)OC(COC(=O)CCCCCCCCCCCCCCC)COP(=O)(O)OCCN,[M-H]-,PE 16:0_18:2,"PE 16:0_18:2(6,9)",0.9039999999999999,0.8608900000000403,0.0,0.17648900000000403,All,Some,-150.30859999999996,9,aldehyde,1960000000.0,0.0,741000000.0,0.0
9112,14.043,580.33339,580.1987300000001,232.09288996537413,C39H74NO8P,CCCCCCCCC=CCC=CCCCCC(=O)OC(COC(=O)CCCCCCCCCCCCCCC)COP(=O)(O)OCCN,[M-H]-,PE 16:0_18:2,"PE 16:0_18:2(6,9)",0.968,0.8653700000000981,0.0,0.1833370000000098,All,Some,-134.30919999999995,9,criegee,0.0,250.3875968992248,2480000000.0,200.0
8092,13.73,604.36225,604.26433,162.04828770886516,C39H74NO8P,CCCCCCCCC=CCC=CCCCCC(=O)OC(COC(=O)CCCCCCCCCCCCCCC)COP(=O)(O)OCCN,[M-H]-,PE 16:0_18:2,"PE 16:0_18:2(6,9)",0.40600000000000236,0.9021099999999933,0.5090354646486661,0.5380393717189325,All,Some,-110.24359999999999,12,aldehyde,5650000000.0,201.5503875968992,5460000000.0,530.3571428571429
9004,14.024,620.39317,620.26373,208.68542482734736,C39H74NO8P,CCCCCCCCC=CCC=CCCCCC(=O)OC(COC(=O)CCCCCCCCCCCCCCC)COP(=O)(O)OCCN,[M-H]-,PE 16:0_18:2,"PE 16:0_18:2(6,9)",0.9939999999999998,0.8705899999999929,0.0,0.18645899999999926,All,Some,-94.24419999999999,12,criegee,4160000000.0,300.7751937984496,5570000000.0,446.42857142857144
9145,14.051,606.3771,606.28033,159.61263331764738,C39H74NO8P,CCCCCC=CCC=CCCCCCCCC(=O)OC(COC(=O)CCCCCCCCCCCCCCC)COP(=O)(O)OCCN,[M-H]-,PE 16:0_18:2,"PE 16:0_18:2(9,12)",0.9519999999999982,0.903259999999932,0.0,0.18552599999999303,All,None,-108.2276,6,aldehyde,839000000.0,0.0,1130000000.0,0.0
9277,14.092,622.33634,622.27973,90.97194922286452,C39H74NO8P,CCCCCC=CCC=CCCCCCCCC(=O)OC(COC(=O)CCCCCCCCCCCCCCC)COP(=O)(O)OCCN,[M-H]-,PE 16:0_18:2,"PE 16:0_18:2(9,12)",0.8699999999999974,0.9434200000000601,0.0,0.18134200000000578,All,None,-92.2282,6,criegee,0.0,0.0,810000000.0,0.0
8873,14.003,646.40883,646.34533,98.24469529311267,C39H74NO8P,CCCCCC=CCC=CCCCCCCCC(=O)OC(COC(=O)CCCCCCCCCCCCCCC)COP(=O)(O)OCCN,[M-H]-,PE 16:0_18:2,"PE 16:0_18:2(9,12)",0.9520000000000017,0.9365300000000616,0.0,0.18885300000000632,All,None,-68.1626,9,aldehyde,0.0,0.0,759000000.0,100.0
9124,14.046,662.36979,662.34473,37.83528254227895,C39H74NO8P,CCCCCC=CCC=CCCCCCCCC(=O)OC(COC(=O)CCCCCCCCCCCCCCC)COP(=O)(O)OCCN,[M-H]-,PE 16:0_18:2,"PE 16:0_18:2(9,12)",0.9619999999999997,0.9749700000000985,0.0,0.19369700000000983,All,None,-52.163199999999996,9,criegee,0.0,140.31007751937986,0.0,0.0
9144,14.051,697.48122,697.48138,0.22939680473921664,C39H71O8P,CCCCCC=CCC=CCCCCCCCC(=O)OC(COC(=O)CCCCCCCC=CCCCCCCCC)COP(=O)(O)O,[M-H]-,PA 18:1_18:2,"PA 18:1(9)_18:2(9,12)",0.7995000000000001,0.7266450000000191,0.10934980041522989,0.24009434033218585,Some,Some,0.0,0,substrate,59596.505237446574,65522.39828928611,73072.45022872237,113623.9758814324
9144,14.051,697.48122,697.48138,0.22939680473921664,C39H71O8P,CCCCCC=CCC=CCCCCCCCC(=O)OC(COC(=O)CCCCCCCCCC=CCCCCCC)COP(=O)(O)O,[M-H]-,PA 18:1_18:2,"PA 18:1(11)_18:2(9,12)",0.8619999999999995,0.7927199999999933,0.07289986694348659,0.22379189355478857,All,Some,0.0,0,substrate,90069.98919629856,60354.67156486457,78322.43412151278,70464.44352388843
9144,14.051,697.48122,697.48138,0.22939680473921664,C39H71O8P,CCCCCC=CCC=CCCCCCCCC(=O)OC(COC(=O)CCCCC=CCCCCCCCCCCC)COP(=O)(O)O,[M-H]-,PA 18:1_18:2,"PA 18:1(6)_18:2(9,12)",0.7566666666666665,0.7889783333333374,0.07289986694348659,0.2128843935547897,All,Some,0.0,0,substrate,69754.33322373056,65614.9797126878,76491.04439146962,103285.69455951394
9144,14.051,697.48122,697.48138,0.22939680473921664,C39H71O8P,CCCCCCCCC=CCC=CCCCCC(=O)OC(COC(=O)CCCCCCCCCC=CCCCCCC)COP(=O)(O)O,[M-H]-,PA 18:1_18:2,"PA 18:1(11)_18:2(6,9)",0.8364000000000005,0.9164819999999964,0.0,0.1752881999999997,Some,None,0.0,0,substrate,103850.58011179483,68139.92762364294,85306.13362541073,65613.3664733499
9144,14.051,697.48122,697.48138,0.22939680473921664,C39H71O8P,CCCCCCCCC=CCC=CCCCCC(=O)OC(COC(=O)CCCCC=CCCCCCCCCCCC)COP(=O)(O)O,[M-H]-,PA 18:1_18:2,"PA 18:1(6)_18:2(6,9)",0.8000000000000007,0.8911425000000008,0.0,0.16911425000000016,Some,None,0.0,0,substrate,7867.913006717084,18044.961070292797,16238.322273049418,17966.952039031574
9144,14.051,697.48122,697.48138,0.22939680473921664,C39H71O8P,CCCCCCCCC=CCC=CCCCCC(=O)OC(COC(=O)CCCCCCCC=CCCCCCCCC)COP(=O)(O)O,[M-H]-,PA 18:1_18:2,"PA 18:1(9)_18:2(6,9)",0.6820000000000004,0.9457899999999881,0.0,0.16277899999999887,Some,None,0.0,0,substrate,43860.679224012405,29323.061739225792,49569.61535983506,51045.56752278376
8804,13.992,563.33523,563.17218,289.520693298448,C39H71O8P,CCCCCCCCC=CCC=CCCCCC(=O)OC(COC(=O)CCCCCCCCCC=CCCCCCC)COP(=O)(O)O,[M-H]-,PA 18:1_18:2,"PA 18:1(11)_18:2(6,9)",0.8820000000000014,0.8367900000000645,0.0,0.1718790000000066,Some,None,-134.30919999999995,7,criegee,88100.0,47900.0,77100.0,155000.0
8357,13.795,587.22273,587.2377799999999,25.628460076212754,C39H71O8P,CCCCCCCCC=CCC=CCCCCC(=O)OC(COC(=O)CCCCCCCCCC=CCCCCCC)COP(=O)(O)O,[M-H]-,PA 18:1_18:2,"PA 18:1(11)_18:2(6,9)",0.48799999999999955,0.9851099999999633,0.0,0.1473109999999963,Some,None,-110.24359999999999,9,aldehyde,0.0,12600.0,0.0,0.0
8785,13.989,603.33055,603.23718,154.78157364247662,C39H71O8P,CCCCCCCCC=CCC=CCCCCC(=O)OC(COC(=O)CCCCCCCCCC=CCCCCCC)COP(=O)(O)O,[M-H]-,PA 18:1_18:2,"PA 18:1(11)_18:2(6,9)",0.8760000000000012,0.906470000000013,0.0,0.17824700000000143,Some,None,-94.24419999999999,9,criegee,13400.0,8840.0,26600.0,37000.0
9211,14.07,615.36662,615.2917799999999,121.63334930316863,C39H71O8P,CCCCCCCCC=CCC=CCCCCC(=O)OC(COC(=O)CCCCCCCCCC=CCCCCCC)COP(=O)(O)O,[M-H]-,PA 18:1_18:2,"PA 18:1(11)_18:2(6,9)",0.9619999999999997,0.9249999999999545,0.0,0.18869999999999543,Some,None,-82.1896,12,aldehyde,0.0,0.0,0.0,8390.0
9083,14.038,631.36198,631.2911799999999,112.15109959254711,C39H71O8P,CCCCCCCCC=CCC=CCCCCC(=O)OC(COC(=O)CCCCCCCCCC=CCCCCCC)COP(=O)(O)O,[M-H]-,PA 18:1_18:2,"PA 18:1(11)_18:2(6,9)",0.9740000000000002,0.9290399999999863,0.0,0.19030399999999867,Some,None,-66.1902,12,criegee,0.0,8510.0,16000.0,33600.0
9211,14.07,615.36662,615.2917799999999,121.63334930316863,C39H71O8P,CCCCCC=CCC=CCCCCCCCC(=O)OC(COC(=O)CCCCCCCCCC=CCCCCCC)COP(=O)(O)O,[M-H]-,PA 18:1_18:2,"PA 18:1(11)_18:2(9,12)",0.9619999999999997,0.9249999999999545,0.0,0.18869999999999543,All,Some,-82.1896,6,aldehyde,0.0,0.0,0.0,8390.0
9166,14.057,629.26806,629.31878,80.59508410023247,C39H71O8P,CCCCCC=CCC=CCCCCCCCC(=O)OC(COC(=O)CCCCCCCCCC=CCCCCCC)COP(=O)(O)O,[M-H]-,PA 18:1_18:2,"PA 18:1(11)_18:2(9,12)",0.9879999999999995,0.9494399999999814,0.0,0.19374399999999808,All,Some,-68.1626,6,criegee,4800.0,0.0,0.0,0.0
8917,14.008,589.35145,589.25378,165.75201265572485,C39H71O8P,CCCCCC=CCC=CCCCCCCCC(=O)OC(COC(=O)CCCCCCCCCC=CCCCCCC)COP(=O)(O)O,[M-H]-,PA 18:1_18:2,"PA 18:1(11)_18:2(9,12)",0.9139999999999979,0.9021699999999555,0.0,0.18161699999999537,All,Some,-108.2276,7,aldehyde,92100.0,37200.0,57700.0,35000.0
8092,13.73,604.36225,605.2531799999999,1471.99557051466,C39H71O8P,CCCCCC=CCC=CCCCCCCCC(=O)OC(COC(=O)CCCCCCCCCC=CCCCCCC)COP(=O)(O)O,[M-H]-,PA 18:1_18:2,"PA 18:1(11)_18:2(9,12)",0.35800000000000054,0.10923000000002503,0.43739920166091956,0.39664236132873826,All,Some,-92.2282,7,criegee,56500.0,26000.0,54600.0,59400.0
9083,14.038,631.36198,631.2911799999999,112.15109959254711,C39H71O8P,CCCCCC=CCC=CCCCCCCCC(=O)OC(COC(=O)CCCCCCCCCC=CCCCCCC)COP(=O)(O)O,[M-H]-,PA 18:1_18:2,"PA 18:1(11)_18:2(9,12)",0.9740000000000002,0.9290399999999863,0.0,0.19030399999999867,All,Some,-66.1902,9,aldehyde,0.0,8510.0,16000.0,33600.0
9093,14.039,645.37658,645.31818,90.49799278862096,C39H71O8P,CCCCCC=CCC=CCCCCCCCC(=O)OC(COC(=O)CCCCCCCCCC=CCCCCCC)COP(=O)(O)O,[M-H]-,PA 18:1_18:2,"PA 18:1(11)_18:2(9,12)",0.9759999999999991,0.9414400000000569,0.0,0.1917440000000056,All,Some,-52.163199999999996,9,criegee,0.0,0.0,0.0,8720.0
9034,14.028,561.31982,561.15618,291.6122210399614,C39H71O8P,CCCCCCCCC=CCC=CCCCCC(=O)OC(COC(=O)CCCCC=CCCCCCCCCCCC)COP(=O)(O)O,[M-H]-,PA 18:1_18:2,"PA 18:1(6)_18:2(6,9)",0.9540000000000006,0.8361999999999625,0.0,0.17901999999999632,Some,None,-136.32519999999997,9,aldehyde,17300.0,8620.0,21600.0,20700.0
8804,13.992,563.33523,563.17218,289.520693298448,C39H71O8P,CCCCCCCCC=CCC=CCCCCC(=O)OC(COC(=O)CCCCC=CCCCCCCCCCCC)COP(=O)(O)O,[M-H]-,PA 18:1_18:2,"PA 18:1(6)_18:2(6,9)",0.8820000000000014,0.8367900000000645,0.0,0.1718790000000066,Some,None,-134.30919999999995,9,criegee,88100.0,47900.0,77100.0,155000.0
8357,13.795,587.22273,587.2377799999999,25.628460076212754,C39H71O8P,CCCCCCCCC=CCC=CCCCCC(=O)OC(COC(=O)CCCCC=CCCCCCCCCCCC)COP(=O)(O)O,[M-H]-,PA 18:1_18:2,"PA 18:1(6)_18:2(6,9)",0.48799999999999955,0.9851099999999633,0.0,0.1473109999999963,Some,None,-110.24359999999999,12,aldehyde,0.0,12600.0,0.0,0.0
8785,13.989,603.33055,603.23718,154.78157364247662,C39H71O8P,CCCCCCCCC=CCC=CCCCCC(=O)OC(COC(=O)CCCCC=CCCCCCCCCCCC)COP(=O)(O)O,[M-H]-,PA 18:1_18:2,"PA 18:1(6)_18:2(6,9)",0.8760000000000012,0.906470000000013,0.0,0.17824700000000143,Some,None,-94.24419999999999,12,criegee,13400.0,8840.0,26600.0,37000.0
8917,14.008,589.35145,589.25378,165.75201265572485,C39H71O8P,CCCCCC=CCC=CCCCCCCCC(=O)OC(COC(=O)CCCCC=CCCCCCCCCCCC)COP(=O)(O)O,[M-H]-,PA 18:1_18:2,"PA 18:1(6)_18:2(9,12)",0.9139999999999979,0.9021699999999555,0.0,0.18161699999999537,All,Some,-108.2276,6,aldehyde,92100.0,37200.0,57700.0,35000.0
8092,13.73,604.36225,605.2531799999999,1471.99557051466,C39H71O8P,CCCCCC=CCC=CCCCCCCCC(=O)OC(COC(=O)CCCCC=CCCCCCCCCCCC)COP(=O)(O)O,[M-H]-,PA 18:1_18:2,"PA 18:1(6)_18:2(9,12)",0.35800000000000054,0.10923000000002503,0.43739920166091956,0.39664236132873826,All,Some,-92.2282,6,criegee,56500.0,26000.0,54600.0,59400.0
9166,14.057,629.26806,629.31878,80.59508410023247,C39H71O8P,CCCCCC=CCC=CCCCCCCCC(=O)OC(COC(=O)CCCCC=CCCCCCCCCCCC)COP(=O)(O)O,[M-H]-,PA 18:1_18:2,"PA 18:1(6)_18:2(9,12)",0.9879999999999995,0.9494399999999814,0.0,0.19374399999999808,All,Some,-68.1626,9,aldehyde,4800.0,0.0,0.0,0.0
9093,14.039,645.37658,645.31818,90.49799278862096,C39H71O8P,CCCCCC=CCC=CCCCCCCCC(=O)OC(COC(=O)CCCCC=CCCCCCCCCCCC)COP(=O)(O)O,[M-H]-,PA 18:1_18:2,"PA 18:1(6)_18:2(9,12)",0.9759999999999991,0.9414400000000569,0.0,0.1917440000000056,All,Some,-52.163199999999996,9,criegee,0.0,0.0,0.0,8720.0
9923,14.376,545.15201,545.15678,8.749776532188983,C39H71O8P,CCCCCC=CCC=CCCCCCCCC(=O)OC(COC(=O)CCCCC=CCCCCCCCCCCC)COP(=O)(O)O,[M-H]-,PA 18:1_18:2,"PA 18:1(6)_18:2(9,12)",0.3500000000000014,0.9953900000000431,0.0,0.13453900000000446,All,Some,-152.32459999999998,12,aldehyde,6170.0,9140.0,5840.0,11300.0
9034,14.028,561.31982,561.15618,291.6122210399614,C39H71O8P,CCCCCC=CCC=CCCCCCCCC(=O)OC(COC(=O)CCCCC=CCCCCCCCCCCC)COP(=O)(O)O,[M-H]-,PA 18:1_18:2,"PA 18:1(6)_18:2(9,12)",0.9540000000000006,0.8361999999999625,0.0,0.17901999999999632,All,Some,-136.32519999999997,12,criegee,17300.0,8620.0,21600.0,20700.0
8357,13.795,587.22273,587.2377799999999,25.628460076212754,C39H71O8P,CCCCCCCCC=CCC=CCCCCC(=O)OC(COC(=O)CCCCCCCC=CCCCCCCCC)COP(=O)(O)O,[M-H]-,PA 18:1_18:2,"PA 18:1(9)_18:2(6,9)",0.48799999999999955,0.9851099999999633,0.0,0.1473109999999963,Some,None,-110.24359999999999,9,aldehyde,0.0,12600.0,0.0,0.0
8785,13.989,603.33055,603.23718,154.78157364247662,C39H71O8P,CCCCCCCCC=CCC=CCCCCC(=O)OC(COC(=O)CCCCCCCC=CCCCCCCCC)COP(=O)(O)O,[M-H]-,PA 18:1_18:2,"PA 18:1(9)_18:2(6,9)",0.8760000000000012,0.906470000000013,0.0,0.17824700000000143,Some,None,-94.24419999999999,9,criegee,13400.0,8840.0,26600.0,37000.0
8785,13.989,603.33055,603.23718,154.78157364247662,C39H71O8P,CCCCCC=CCC=CCCCCCCCC(=O)OC(COC(=O)CCCCCCCC=CCCCCCCCC)COP(=O)(O)O,[M-H]-,PA 18:1_18:2,"PA 18:1(9)_18:2(9,12)",0.8760000000000012,0.906470000000013,0.0,0.17824700000000143,Some,Some,-94.24419999999999,6,aldehyde,13400.0,8840.0,26600.0,37000.0
8092,13.73,604.36225,605.2531799999999,1471.99557051466,C39H71O8P,CCCCCC=CCC=CCCCCCCCC(=O)OC(COC(=O)CCCCCCCC=CCCCCCCCC)COP(=O)(O)O,[M-H]-,PA 18:1_18:2,"PA 18:1(9)_18:2(9,12)",0.35800000000000054,0.10923000000002503,0.43739920166091956,0.39664236132873826,Some,Some,-92.2282,6,criegee,56500.0,26000.0,54600.0,59400.0
9166,14.057,629.26806,629.31878,80.59508410023247,C39H71O8P,CCCCCC=CCC=CCCCCCCCC(=O)OC(COC(=O)CCCCCCCC=CCCCCCCCC)COP(=O)(O)O,[M-H]-,PA 18:1_18:2,"PA 18:1(9)_18:2(9,12)",0.9879999999999995,0.9494399999999814,0.0,0.19374399999999808,Some,Some,-68.1626,9,aldehyde,4800.0,0.0,0.0,0.0
9093,14.039,645.37658,645.31818,90.49799278862096,C39H71O8P,CCCCCC=CCC=CCCCCCCCC(=O)OC(COC(=O)CCCCCCCC=CCCCCCCCC)COP(=O)(O)O,[M-H]-,PA 18:1_18:2,"PA 18:1(9)_18:2(9,12)",0.9759999999999991,0.9414400000000569,0.0,0.1917440000000056,Some,Some,-52.163199999999996,9,criegee,0.0,0.0,0.0,8720.0
9161,14.057,695.46504,695.46573,0.9921409067319823,C39H69O8P,CCC=CCC=CCC=CCC=CCCCCCCC(=O)OC(COC(=O)CCCCCCCCCCCCCCC)COP(=O)(O)O,[M-H]-,PA 16:0_20:4,"PA 16:0_20:4(8,11,14,17)",0.8867499999999997,0.8168550000000323,0.0913335598062216,0.2434273478449805,All,Some,0.0,0,substrate,0.0,0.0,7464.20047732697,4299.863098222205
9161,14.057,695.46504,695.46573,0.9921409067319823,C39H69O8P,CCCCCC=CCC=CCC=CCC=CCCCC(=O)OC(COC(=O)CCCCCCCCCCCCCCC)COP(=O)(O)O,[M-H]-,PA 16:0_20:4,"PA 16:0_20:4(5,8,11,14)",0.7066666666666664,0.7902016666666517,0.049938963234363,0.18963800392082222,Some,Some,0.0,0,substrate,0.0,0.0,6435.799522673031,2530.136901777795
7898,13.715,523.26773,523.1075300000001,306.24678639192587,C39H69O8P,CCCCCC=CCC=CCC=CCC=CCCCC(=O)OC(COC(=O)CCCCCCCCCCCCCCC)COP(=O)(O)O,[M-H]-,PA 16:0_20:4,"PA 16:0_20:4(5,8,11,14)",0.31599999999999895,0.8391100000001188,0.0,0.1155110000000118,Some,Some,-172.35819999999993,6,criegee,64300.0,24100.0,53800.0,64500.0
8804,13.992,563.33523,563.17253,288.8990341911253,C39H69O8P,CCCCCC=CCC=CCC=CCC=CCCCC(=O)OC(COC(=O)CCCCCCCCCCCCCCC)COP(=O)(O)O,[M-H]-,PA 16:0_20:4,"PA 16:0_20:4(5,8,11,14)",0.870000000000001,0.8366100000000642,0.0,0.17066100000000653,Some,Some,-132.29319999999996,9,criegee,88100.0,47900.0,77100.0,155000.0
8357,13.795,587.22273,587.23813,26.22445514564873,C39H69O8P,CCCCCC=CCC=CCC=CCC=CCCCC(=O)OC(COC(=O)CCCCCCCCCCCCCCC)COP(=O)(O)O,[M-H]-,PA 16:0_20:4,"PA 16:0_20:4(5,8,11,14)",0.4759999999999991,0.9852899999998499,0.0,0.1461289999999849,Some,Some,-108.2276,12,aldehyde,0.0,12600.0,0.0,0.0
8785,13.989,603.33055,603.23753,154.2012812101132,C39H69O8P,CCCCCC=CCC=CCC=CCC=CCCCC(=O)OC(COC(=O)CCCCCCCCCCCCCCC)COP(=O)(O)O,[M-H]-,PA 16:0_20:4,"PA 16:0_20:4(5,8,11,14)",0.8640000000000008,0.9062900000000127,0.0,0.17702900000000138,Some,Some,-92.2282,12,criegee,13400.0,8840.0,26600.0,37000.0
9356,14.115,627.29062,627.30313,19.94251168493329,C39H69O8P,CCCCCC=CCC=CCC=CCC=CCCCC(=O)OC(COC(=O)CCCCCCCCCCCCCCC)COP(=O)(O)O,[M-H]-,PA 16:0_20:4,"PA 16:0_20:4(5,8,11,14)",0.8840000000000003,0.988179999999943,0.0,0.18721799999999433,Some,Some,-68.1626,15,aldehyde,94900.0,76500.0,0.0,62200.0
8707,13.972,642.48757,643.30253,1266.8378593195364,C39H69O8P,CCCCCC=CCC=CCC=CCC=CCCCC(=O)OC(COC(=O)CCCCCCCCCCCCCCC)COP(=O)(O)O,[M-H]-,PA 16:0_20:4,"PA 16:0_20:4(5,8,11,14)",0.8299999999999983,0.18572999999992135,0.29963377940617797,0.34128002352493436,Some,Some,-52.163199999999996,15,criegee,0.0,4350.0,0.0,7800.0
9047,14.031,549.28432,549.18913,173.32826671205663,C39H69O8P,CCC=CCC=CCC=CCC=CCCCCCCC(=O)OC(COC(=O)CCCCCCCCCCCCCCC)COP(=O)(O)O,[M-H]-,PA 16:0_20:4,"PA 16:0_20:4(8,11,14,17)",0.9480000000000004,0.9041200000001481,0.0,0.18521200000001486,All,Some,-146.27659999999997,3,aldehyde,0.0,4370.0,0.0,0.0
9220,14.073,565.31444,565.18853,222.7752215707141,C39H69O8P,CCC=CCC=CCC=CCC=CCCCCCCC(=O)OC(COC(=O)CCCCCCCCCCCCCCC)COP(=O)(O)O,[M-H]-,PA 16:0_20:4,"PA 16:0_20:4(8,11,14,17)",0.968,0.8734000000000606,0.0,0.18414000000000608,All,Some,-130.27719999999997,3,criegee,23700.0,0.0,11800.0,22600.0
8917,14.008,589.35145,589.25413,165.15794297439692,C39H69O8P,CCC=CCC=CCC=CCC=CCCCCCCC(=O)OC(COC(=O)CCCCCCCCCCCCCCC)COP(=O)(O)O,[M-H]-,PA 16:0_20:4,"PA 16:0_20:4(8,11,14,17)",0.9019999999999975,0.9019900000000689,0.0,0.18039900000000664,All,Some,-106.21159999999999,6,aldehyde,92100.0,37200.0,57700.0,35000.0
8092,13.73,604.36225,605.25353,1472.5729893718058,C39H69O8P,CCC=CCC=CCC=CCC=CCCCCCCC(=O)OC(COC(=O)CCCCCCCCCCCCCCC)COP(=O)(O)O,[M-H]-,PA 16:0_20:4,"PA 16:0_20:4(8,11,14,17)",0.3460000000000001,0.10940999999991163,0.7306684784497728,0.6300757827598095,All,Some,-90.2122,6,criegee,56500.0,26000.0,54600.0,59400.0
9166,14.057,629.26806,629.31913,81.15119589639922,C39H69O8P,CCC=CCC=CCC=CCC=CCCCCCCC(=O)OC(COC(=O)CCCCCCCCCCCCCCC)COP(=O)(O)O,[M-H]-,PA 16:0_20:4,"PA 16:0_20:4(8,11,14,17)",1.0,0.9496199999999817,0.0,0.1949619999999982,All,Some,-66.1466,9,aldehyde,4800.0,0.0,0.0,0.0
9093,14.039,645.37658,645.31853,89.95557589207948,C39H69O8P,CCC=CCC=CCC=CCC=CCCCCCCC(=O)OC(COC(=O)CCCCCCCCCCCCCCC)COP(=O)(O)O,[M-H]-,PA 16:0_20:4,"PA 16:0_20:4(8,11,14,17)",0.9639999999999986,0.9412600000000566,0.0,0.19052600000000552,All,Some,-50.147200000000005,9,criegee,0.0,0.0,0.0,8720.0
9209,14.07,669.30054,669.38413,124.87598115012375,C39H69O8P,CCC=CCC=CCC=CCC=CCCCCCCC(=O)OC(COC(=O)CCCCCCCCCCCCCCC)COP(=O)(O)O,[M-H]-,PA 16:0_20:4,"PA 16:0_20:4(8,11,14,17)",0.9740000000000002,0.9170999999998912,0.0,0.18910999999998918,All,Some,-26.081599999999995,12,aldehyde,8630.0,17300.0,11700.0,11000.0
9148,14.053,685.4449,685.3835300000001,89.54110700602494,C39H69O8P,CCC=CCC=CCC=CCC=CCCCCCCC(=O)OC(COC(=O)CCCCCCCCCCCCCCC)COP(=O)(O)O,[M-H]-,PA 16:0_20:4,"PA 16:0_20:4(8,11,14,17)",0.9920000000000009,0.9379400000001397,0.0,0.19299400000001407,All,Some,-10.082199999999995,12,criegee,18700.0,26000.0,0.0,55400.0
9183,14.059,753.45901,753.50759,64.47181242064912,C42H75O9P,CCCCCCCCCCCCCCCC(=O)OC(COCCCCC=CCC=CCC=CCC=CCC=CCC)COP(=O)(O)OCC(O)CO,[M-H]-,PG O-20:5_16:0,"PG O-20:5(5,8,11,14,17)_16:0",0.8051111111111106,0.6661411111110991,0.15062879170147164,0.2676282555833983,All,Some,0.0,0,substrate,111000.0,0.0,96800.0,0.0
9115,14.043,566.32238,567.1659900000002,1487.4128824266058,C42H75O9P,CCCCCCCCCCCCCCCC(=O)OC(COCCCCC=CCC=CCC=CCC=CCC=CCC)COP(=O)(O)OCC(O)CO,[M-H]-,PG O-20:5_16:0,"PG O-20:5(5,8,11,14,17)_16:0",0.968,0.2049699999998893,0.0,0.11729699999998892,All,Some,-186.34159999999991,3,aldehyde,5.1441441441441444,0.0,11.466942148760332,0.0
9621,14.22,582.51022,583.1653900000001,1123.4720222338844,C42H75O9P,CCCCCCCCCCCCCCCC(=O)OC(COCCCCC=CCC=CCC=CCC=CCC=CCC)COP(=O)(O)OCC(O)CO,[M-H]-,PG O-20:5_16:0,"PG O-20:5(5,8,11,14,17)_16:0",0.6779999999999973,0.39340999999990345,0.0,0.10714099999999008,All,Some,-170.3421999999999,3,criegee,0.0,715000000.0,14.669421487603307,2290000000.0
9092,14.039,607.38171,607.23099,248.20867591092215,C42H75O9P,CCCCCCCCCCCCCCCC(=O)OC(COCCCCC=CCC=CCC=CCC=CCC=CCC)COP(=O)(O)OCC(O)CO,[M-H]-,PG O-20:5_16:0,"PG O-20:5(5,8,11,14,17)_16:0",0.9600000000000009,0.8007000000001199,0.0,0.17607000000001208,All,Some,-146.27659999999997,6,aldehyde,0.0,0.0,0.0,581000000.0
9380,14.121,623.35642,623.23039,202.22056244706008,C42H75O9P,CCCCCCCCCCCCCCCC(=O)OC(COCCCCC=CCC=CCC=CCC=CCC=CCC)COP(=O)(O)OCC(O)CO,[M-H]-,PG O-20:5_16:0,"PG O-20:5(5,8,11,14,17)_16:0",0.8759999999999977,0.825390000000084,0.0,0.1701390000000082,All,Some,-130.27719999999997,6,criegee,1.990990990990991,0.0,9.690082644628099,0.0
8402,13.81,647.28023,647.2959900000001,24.347439569514254,C42H75O9P,CCCCCCCCCCCCCCCC(=O)OC(COCCCCC=CCC=CCC=CCC=CCC=CCC)COP(=O)(O)OCC(O)CO,[M-H]-,PG O-20:5_16:0,"PG O-20:5(5,8,11,14,17)_16:0",0.5020000000000024,0.9671800000000985,0.0,0.1469180000000101,All,Some,-106.21159999999999,9,aldehyde,0.0,0.0,8.367768595041323,0.0
8308,13.776,687.54465,687.36099,267.19584420994227,C42H75O9P,CCCCCCCCCCCCCCCC(=O)OC(COCCCCC=CCC=CCC=CCC=CCC=CCC)COP(=O)(O)OCC(O)CO,[M-H]-,PG O-20:5_16:0,"PG O-20:5(5,8,11,14,17)_16:0",0.43400000000000105,0.7677599999999529,0.7334281829456611,0.7069185463565243,All,Some,-66.1466,12,aldehyde,0.0,0.0,8.274793388429751,857000000.0
9272,14.089,703.4031,703.36039,60.72278252681066,C42H75O9P,CCCCCCCCCCCCCCCC(=O)OC(COCCCCC=CCC=CCC=CCC=CCC=CCC)COP(=O)(O)OCC(O)CO,[M-H]-,PG O-20:5_16:0,"PG O-20:5(5,8,11,14,17)_16:0",0.9399999999999977,0.9087100000000419,0.0,0.18487100000000398,All,Some,-50.147200000000005,12,criegee,26.126126126126124,0.0,26.65289256198347,1360000000.0
8938,14.011,726.50879,727.4259900000001,1260.8842859740184,C42H75O9P,CCCCCCCCCCCCCCCC(=O)OC(COCCCCC=CCC=CCC=CCC=CCC=CCC)COP(=O)(O)OCC(O)CO,[M-H]-,PG O-20:5_16:0,"PG O-20:5(5,8,11,14,17)_16:0",0.9039999999999999,0.1313799999999219,0.6222309423675837,0.6013227538940591,All,Some,-26.081599999999995,15,aldehyde,77.29729729729729,6150000000.0,63.63636363636363,10100000000.0
9204,14.067,743.37258,743.4253900000001,71.03604572899495,C42H75O9P,CCCCCCCCCCCCCCCC(=O)OC(COCCCCC=CCC=CCC=CCC=CCC=CCC)COP(=O)(O)OCC(O)CO,[M-H]-,PG O-20:5_16:0,"PG O-20:5(5,8,11,14,17)_16:0",0.9839999999999982,0.9957699999998795,0.0,0.19797699999998777,All,Some,-10.082199999999995,15,criegee,28.73873873873874,1690000000.0,0.0,0.0
9386,14.122,760.47668,760.51341,48.2963212969961,C40H76NO10P,CCCCCCCCC=CCCCCCCCC(=O)OC(COC(=O)CCCCCCCCCCCCCCC)COP(=O)(O)OCC(N)C(=O)O,[M-H]-,PS 16:0_18:1,PS 16:0_18:1(9),0.8149999999999995,0.5279799999999568,0.1587522702230131,0.26129981617840614,All,Some,0.0,0,substrate,0.0,0.0,0.0,0.0
9386,14.122,760.47668,760.51341,48.2963212969961,C40H76NO10P,CCCCCCC=CCCCCCCCCCC(=O)OC(COC(=O)CCCCCCCCCCCCCCC)COP(=O)(O)OCC(N)C(=O)O,[M-H]-,PS 16:0_18:1,PS 16:0_18:1(11),0.8719999999999999,0.8888199999999529,0.0,0.1760819999999953,All,None,0.0,0,substrate,0.0,0.0,41373.56988890731,0.0
9386,14.122,760.47668,760.51341,48.2963212969961,C40H76NO10P,CCCCCCCCCCCC=CCCCCC(=O)OC(COC(=O)CCCCCCCCCCCCCCC)COP(=O)(O)OCC(N)C(=O)O,[M-H]-,PS 16:0_18:1,PS 16:0_18:1(6),0.8500000000000014,0.8156850000000304,0.0,0.1665685000000032,All,None,0.0,0,substrate,0.0,0.0,172626.4301110927,0.0
8819,13.995,678.36576,678.32381,61.84362008469461,C40H76NO10P,CCCCCCC=CCCCCCCCCCC(=O)OC(COC(=O)CCCCCCCCCCCCCCC)COP(=O)(O)OCC(N)C(=O)O,[M-H]-,PS 16:0_18:1,PS 16:0_18:1(11),0.7459999999999987,0.9213199999999233,0.0,0.16673199999999222,All,None,-82.1896,7,aldehyde,9450.0,0.0,0.0,10900.0
9393,14.123,694.43016,694.32321,154.03489104157046,C40H76NO10P,CCCCCCC=CCCCCCCCCCC(=O)OC(COC(=O)CCCCCCCCCCCCCCC)COP(=O)(O)OCC(N)C(=O)O,[M-H]-,PS 16:0_18:1,PS 16:0_18:1(11),0.9980000000000011,0.8563199999999824,0.0,0.18543199999999838,All,None,-66.1902,7,criegee,0.0,48000.0,0.0,0.0
9263,14.089,608.35697,608.1888100000001,276.4930844418914,C40H76NO10P,CCCCCCCCCCCC=CCCCCC(=O)OC(COC(=O)CCCCCCCCCCCCCCC)COP(=O)(O)OCC(N)C(=O)O,[M-H]-,PS 16:0_18:1,PS 16:0_18:1(6),0.934000000000001,0.7951100000000224,0.0,0.17291100000000237,All,None,-152.32459999999998,12,aldehyde,0.0,0.0,14700.0,17600.0
8896,14.005,624.31522,624.18821,203.48029322746652,C40H76NO10P,CCCCCCCCCCCC=CCCCCC(=O)OC(COC(=O)CCCCCCCCCCCCCCC)COP(=O)(O)OCC(N)C(=O)O,[M-H]-,PS 16:0_18:1,PS 16:0_18:1(6),0.7660000000000018,0.8362600000000384,0.0,0.16022600000000403,All,None,-136.32519999999997,12,criegee,14800.0,0.0,8620.0,0.0
9094,14.039,650.36752,650.26981,150.2607048603508,C40H76NO10P,CCCCCCCCC=CCCCCCCCC(=O)OC(COC(=O)CCCCCCCCCCCCCCC)COP(=O)(O)OCC(N)C(=O)O,[M-H]-,PS 16:0_18:1,PS 16:0_18:1(9),0.8339999999999996,0.8655599999999595,0.0,0.16995599999999594,All,Some,-110.24359999999999,9,aldehyde,0.0,0.0,0.0,40000.0
8985,14.02,665.42288,666.26921,1270.2523053707973,C40H76NO10P,CCCCCCCCC=CCCCCCCCC(=O)OC(COC(=O)CCCCCCCCCCCCCCC)COP(=O)(O)OCC(N)C(=O)O,[M-H]-,PS 16:0_18:1,PS 16:0_18:1(9),0.7959999999999994,0.19039999999995416,0.3175045404460262,0.3526436323568164,All,Some,-94.24419999999999,9,criegee,55300.0,20600.0,97300.0,125000.0
9400,14.128,828.57428,828.57601,2.0879194896703197,C44H82NO8P,CCCCCC=CCC=CCCCCCCCC(=O)OC(COC(=O)CCCCCCCCCC=CCCCCCC)COP(=O)([O-])OCC[N+](C)(C)C,[M+HCOO]-,PC 18:1_18:2,"PC 18:1(11)_18:2(9,12)",0.7691999999999993,0.7666760000000068,0.0879629879848086,0.22395799038784753,All,Some,0.0,0,substrate,44923.992969306084,0.0,27828.69781384807,0.0
9400,14.128,828.57428,828.57601,2.0879194896703197,C44H82NO8P,CCCCCCCCC=CCC=CCCCCC(=O)OC(COC(=O)CCCCCCCCCC=CCCCCCC)COP(=O)([O-])OCC[N+](C)(C)C,[M+HCOO]-,PC 18:1_18:2,"PC 18:1(11)_18:2(6,9)",0.7289999999999992,0.7698500000000384,0.0733024899873405,0.2085269919898762,All,Some,0.0,0,substrate,46289.130024258804,0.0,27762.853695985963,0.0
9400,14.128,828.57428,828.57601,2.0879194896703197,C44H82NO8P,CCCCCC=CCC=CCCCCCCCC(=O)OC(COC(=O)CCCCCCCC=CCCCCCCCC)COP(=O)([O-])OCC[N+](C)(C)C,[M+HCOO]-,PC 18:1_18:2,"PC 18:1(9)_18:2(9,12)",0.9219999999999994,0.9296666666666624,0.0,0.18516666666666617,Some,None,0.0,0,substrate,562.0313475980882,0.0,216.64838780434306,0.0
9400,14.128,828.57428,828.57601,2.0879194896703197,C44H82NO8P,CCCCCC=CCC=CCCCCCCCC(=O)OC(COC(=O)CCCCC=CCCCCCCCCCCC)COP(=O)([O-])OCC[N+](C)(C)C,[M+HCOO]-,PC 18:1_18:2,"PC 18:1(6)_18:2(9,12)",0.9283999999999992,0.8984420000000455,0.0,0.18268420000000446,All,None,0.0,0,substrate,4678.83964497901,0.0,1924.3474446150476,0.0
9400,14.128,828.57428,828.57601,2.0879194896703197,C44H82NO8P,CCCCCCCCC=CCC=CCCCCC(=O)OC(COC(=O)CCCCCCCC=CCCCCCCCC)COP(=O)([O-])OCC[N+](C)(C)C,[M+HCOO]-,PC 18:1_18:2,"PC 18:1(9)_18:2(6,9)",0.895999999999999,0.9042450000000599,0.0,0.18002450000000592,Some,None,0.0,0,substrate,0.0,0.0,216.64838780434306,0.0
9400,14.128,828.57428,828.57601,2.0879194896703197,C44H82NO8P,CCCCCCCCC=CCC=CCCCCC(=O)OC(COC(=O)CCCCC=CCCCCCCCCCCC)COP(=O)([O-])OCC[N+](C)(C)C,[M+HCOO]-,PC 18:1_18:2,"PC 18:1(6)_18:2(6,9)",0.8954999999999993,0.8864375000000564,0.0,0.1781937500000056,Some,None,0.0,0,substrate,1746.0060138580204,0.0,150.80426994223882,0.0
8819,13.995,678.36576,678.26741,145.00180688319105,C44H82NO8P,CCCCCCCCC=CCC=CCCCCC(=O)OC(COC(=O)CCCCCCCCCC=CCCCCCC)COP(=O)([O-])OCC[N+](C)(C)C,[M+HCOO]-,PC 18:1_18:2,"PC 18:1(11)_18:2(6,9)",0.7339999999999982,0.8999200000000656,0.0,0.1633920000000064,All,Some,-150.30859999999996,7,aldehyde,9.623217922606925,0.0,0.0,1090000000.0
9393,14.123,694.43016,694.2668100000001,235.28418418838578,C44H82NO8P,CCCCCCCCC=CCC=CCCCCC(=O)OC(COC(=O)CCCCCCCCCC=CCCCCCC)COP(=O)([O-])OCC[N+](C)(C)C,[M+HCOO]-,PC 18:1_18:2,"PC 18:1(11)_18:2(6,9)",0.9899999999999984,0.8349200000001247,0.0,0.1824920000000123,All,Some,-134.30919999999995,7,criegee,0.0,4800000000.0,0.0,0.0
9040,14.029,718.35711,718.33241,34.38519501027744,C44H82NO8P,CCCCCCCCC=CCC=CCCCCC(=O)OC(COC(=O)CCCCCCCCCC=CCCCCCC)COP(=O)([O-])OCC[N+](C)(C)C,[M+HCOO]-,PC 18:1_18:2,"PC 18:1(11)_18:2(6,9)",0.8019999999999996,0.9735699999999952,0.0,0.1775569999999995,All,Some,-110.24359999999999,9,aldehyde,0.0,0.0,17.555938037865747,0.0
9557,14.198,734.42777,734.33181,130.6766215125434,C44H82NO8P,CCCCCCCCC=CCC=CCCCCC(=O)OC(COC(=O)CCCCCCCCCC=CCCCCCC)COP(=O)([O-])OCC[N+](C)(C)C,[M+HCOO]-,PC 18:1_18:2,"PC 18:1(11)_18:2(6,9)",0.8599999999999994,0.9023100000000568,0.0,0.17623100000000563,All,Some,-94.24419999999999,9,criegee,20.061099796334013,0.0,0.0,0.0
8727,13.978,746.42934,746.38641,57.51712440754302,C44H82NO8P,CCCCCCCCC=CCC=CCCCCC(=O)OC(COC(=O)CCCCCCCCCC=CCCCCCC)COP(=O)([O-])OCC[N+](C)(C)C,[M+HCOO]-,PC 18:1_18:2,"PC 18:1(11)_18:2(6,9)",0.6999999999999993,0.9553399999999783,0.0,0.1655339999999978,All,Some,-82.1896,12,aldehyde,1517.3116089613036,141000000000.0,2237.5215146299483,182000000000.0
10283,14.484,761.43712,762.38581,1244.3699601386104,C44H82NO8P,CCCCCCCCC=CCC=CCCCCC(=O)OC(COC(=O)CCCCCCCCCC=CCCCCCC)COP(=O)([O-])OCC[N+](C)(C)C,[M+HCOO]-,PC 18:1_18:2,"PC 18:1(11)_18:2(6,9)",0.28800000000000026,0.05304000000000997,0.439814939924043,0.3859559519392355,All,Some,-66.1902,12,criegee,56.51731160896131,0.0,0.0,0.0
8727,13.978,746.42934,746.38641,57.51712440754302,C44H82NO8P,CCCCCC=CCC=CCCCCCCCC(=O)OC(COC(=O)CCCCCCCCCC=CCCCCCC)COP(=O)([O-])OCC[N+](C)(C)C,[M+HCOO]-,PC 18:1_18:2,"PC 18:1(11)_18:2(9,12)",0.6999999999999993,0.9553399999999783,0.0,0.1655339999999978,All,Some,-82.1896,6,aldehyde,1517.3116089613036,141000000000.0,2237.5215146299483,182000000000.0
9488,14.166,760.37406,760.41341,51.74816682942651,C44H82NO8P,CCCCCC=CCC=CCCCCCCCC(=O)OC(COC(=O)CCCCCCCCCC=CCCCCCC)COP(=O)([O-])OCC[N+](C)(C)C,[M+HCOO]-,PC 18:1_18:2,"PC 18:1(11)_18:2(9,12)",0.9239999999999995,0.9623799999999392,0.0,0.18863799999999387,All,Some,-68.1626,6,criegee,0.0,0.0,12.220309810671257,564000000.0
9320,14.104,720.40837,720.3484100000001,83.23749892074133,C44H82NO8P,CCCCCC=CCC=CCCCCCCCC(=O)OC(COC(=O)CCCCCCCCCC=CCCCCCC)COP(=O)([O-])OCC[N+](C)(C)C,[M+HCOO]-,PC 18:1_18:2,"PC 18:1(11)_18:2(9,12)",0.9519999999999982,0.938310000000115,0.0,0.18903100000001133,All,Some,-108.2276,7,aldehyde,36.15071283095723,879000000.0,0.0,6150000000.0
9422,14.137,736.42177,736.34781,100.4416649246997,C44H82NO8P,CCCCCC=CCC=CCCCCCCCC(=O)OC(COC(=O)CCCCCCCCCC=CCCCCCC)COP(=O)([O-])OCC[N+](C)(C)C,[M+HCOO]-,PC 18:1_18:2,"PC 18:1(11)_18:2(9,12)",0.9819999999999993,0.9243099999999913,0.0,0.19063099999999908,All,Some,-92.2282,7,criegee,42.26069246435845,4430000000.0,0.0,0.0
10283,14.484,761.43712,762.38581,1244.3699601386104,C44H82NO8P,CCCCCC=CCC=CCCCCCCCC(=O)OC(COC(=O)CCCCCCCCCC=CCCCCCC)COP(=O)([O-])OCC[N+](C)(C)C,[M+HCOO]-,PC 18:1_18:2,"PC 18:1(11)_18:2(9,12)",0.28800000000000026,0.05304000000000997,0.439814939924043,0.3859559519392355,All,Some,-66.1902,9,aldehyde,56.51731160896131,0.0,0.0,0.0
9290,14.093,692.41413,692.25081,235.92605113744656,C44H82NO8P,CCCCCCCCC=CCC=CCCCCC(=O)OC(COC(=O)CCCCC=CCCCCCCCCCCC)COP(=O)([O-])OCC[N+](C)(C)C,[M+HCOO]-,PC 18:1_18:2,"PC 18:1(6)_18:2(6,9)",0.9299999999999997,0.8349500000000489,0.0,0.17649500000000487,Some,None,-136.32519999999997,9,aldehyde,0.0,7300000000.0,0.0,0.0
9393,14.123,694.43016,694.2668100000001,235.28418418838578,C44H82NO8P,CCCCCCCCC=CCC=CCCCCC(=O)OC(COC(=O)CCCCC=CCCCCCCCCCCC)COP(=O)([O-])OCC[N+](C)(C)C,[M+HCOO]-,PC 18:1_18:2,"PC 18:1(6)_18:2(6,9)",0.9899999999999984,0.8349200000001247,0.0,0.1824920000000123,Some,None,-134.30919999999995,9,criegee,0.0,4800000000.0,0.0,0.0
9040,14.029,718.35711,718.33241,34.38519501027744,C44H82NO8P,CCCCCCCCC=CCC=CCCCCC(=O)OC(COC(=O)CCCCC=CCCCCCCCCCCC)COP(=O)([O-])OCC[N+](C)(C)C,[M+HCOO]-,PC 18:1_18:2,"PC 18:1(6)_18:2(6,9)",0.8019999999999996,0.9735699999999952,0.0,0.1775569999999995,Some,None,-110.24359999999999,12,aldehyde,0.0,0.0,17.555938037865747,0.0
9557,14.198,734.42777,734.33181,130.6766215125434,C44H82NO8P,CCCCCCCCC=CCC=CCCCCC(=O)OC(COC(=O)CCCCC=CCCCCCCCCCCC)COP(=O)([O-])OCC[N+](C)(C)C,[M+HCOO]-,PC 18:1_18:2,"PC 18:1(6)_18:2(6,9)",0.8599999999999994,0.9023100000000568,0.0,0.17623100000000563,Some,None,-94.24419999999999,12,criegee,20.061099796334013,0.0,0.0,0.0
9320,14.104,720.40837,720.3484100000001,83.23749892074133,C44H82NO8P,CCCCCC=CCC=CCCCCCCCC(=O)OC(COC(=O)CCCCC=CCCCCCCCCCCC)COP(=O)([O-])OCC[N+](C)(C)C,[M+HCOO]-,PC 18:1_18:2,"PC 18:1(6)_18:2(9,12)",0.9519999999999982,0.938310000000115,0.0,0.18903100000001133,All,None,-108.2276,6,aldehyde,36.15071283095723,879000000.0,0.0,6150000000.0
9422,14.137,736.42177,736.34781,100.4416649246997,C44H82NO8P,CCCCCC=CCC=CCCCCCCCC(=O)OC(COC(=O)CCCCC=CCCCCCCCCCCC)COP(=O)([O-])OCC[N+](C)(C)C,[M+HCOO]-,PC 18:1_18:2,"PC 18:1(6)_18:2(9,12)",0.9819999999999993,0.9243099999999913,0.0,0.19063099999999908,All,None,-92.2282,6,criegee,42.26069246435845,4430000000.0,0.0,0.0
9488,14.166,760.37406,760.41341,51.74816682942651,C44H82NO8P,CCCCCC=CCC=CCCCCCCCC(=O)OC(COC(=O)CCCCC=CCCCCCCCCCCC)COP(=O)([O-])OCC[N+](C)(C)C,[M+HCOO]-,PC 18:1_18:2,"PC 18:1(6)_18:2(9,12)",0.9239999999999995,0.9623799999999392,0.0,0.18863799999999387,All,None,-68.1626,9,aldehyde,0.0,0.0,12.220309810671257,564000000.0
9153,14.055,676.41742,676.2514100000001,245.48562493927326,C44H82NO8P,CCCCCC=CCC=CCCCCCCCC(=O)OC(COC(=O)CCCCC=CCCCCCCCCCCC)COP(=O)([O-])OCC[N+](C)(C)C,[M+HCOO]-,PC 18:1_18:2,"PC 18:1(6)_18:2(9,12)",0.8539999999999992,0.832260000000133,0.0,0.1686260000000132,All,None,-152.32459999999998,12,aldehyde,88.59470468431772,1600000000.0,143.71772805507746,7500000000.0
9290,14.093,692.41413,692.25081,235.92605113744656,C44H82NO8P,CCCCCC=CCC=CCCCCCCCC(=O)OC(COC(=O)CCCCC=CCCCCCCCCCCC)COP(=O)([O-])OCC[N+](C)(C)C,[M+HCOO]-,PC 18:1_18:2,"PC 18:1(6)_18:2(9,12)",0.9299999999999997,0.8349500000000489,0.0,0.17649500000000487,All,None,-136.32519999999997,12,criegee,0.0,7300000000.0,0.0,0.0
9040,14.029,718.35711,718.33241,34.38519501027744,C44H82NO8P,CCCCCCCCC=CCC=CCCCCC(=O)OC(COC(=O)CCCCCCCC=CCCCCCCCC)COP(=O)([O-])OCC[N+](C)(C)C,[M+HCOO]-,PC 18:1_18:2,"PC 18:1(9)_18:2(6,9)",0.8019999999999996,0.9735699999999952,0.0,0.1775569999999995,Some,None,-110.24359999999999,9,aldehyde,0.0,0.0,17.555938037865747,0.0
9393,14.123,694.43016,694.2668100000001,235.28418418838578,C44H82NO8P,CCCCCCCCC=CCC=CCCCCC(=O)OC(COC(=O)CCCCCCCC=CCCCCCCCC)COP(=O)([O-])OCC[N+](C)(C)C,[M+HCOO]-,PC 18:1_18:2,"PC 18:1(9)_18:2(6,9)",0.9899999999999984,0.8349200000001247,0.0,0.1824920000000123,Some,None,-134.30919999999995,9,criegee,0.0,4800000000.0,0.0,0.0
9557,14.198,734.42777,734.33181,130.6766215125434,C44H82NO8P,CCCCCC=CCC=CCCCCCCCC(=O)OC(COC(=O)CCCCCCCC=CCCCCCCCC)COP(=O)([O-])OCC[N+](C)(C)C,[M+HCOO]-,PC 18:1_18:2,"PC 18:1(9)_18:2(9,12)",0.8599999999999994,0.9023100000000568,0.0,0.17623100000000563,Some,None,-94.24419999999999,6,aldehyde,20.061099796334013,0.0,0.0,0.0
9422,14.137,736.42177,736.34781,100.4416649246997,C44H82NO8P,CCCCCC=CCC=CCCCCCCCC(=O)OC(COC(=O)CCCCCCCC=CCCCCCCCC)COP(=O)([O-])OCC[N+](C)(C)C,[M+HCOO]-,PC 18:1_18:2,"PC 18:1(9)_18:2(9,12)",0.9819999999999993,0.9243099999999913,0.0,0.19063099999999908,Some,None,-92.2282,6,criegee,42.26069246435845,4430000000.0,0.0,0.0
9488,14.166,760.37406,760.41341,51.74816682942651,C44H82NO8P,CCCCCC=CCC=CCCCCCCCC(=O)OC(COC(=O)CCCCCCCC=CCCCCCCCC)COP(=O)([O-])OCC[N+](C)(C)C,[M+HCOO]-,PC 18:1_18:2,"PC 18:1(9)_18:2(9,12)",0.9239999999999995,0.9623799999999392,0.0,0.18863799999999387,Some,None,-68.1626,9,aldehyde,0.0,0.0,12.220309810671257,564000000.0
9678,14.25,740.52429,740.52358,0.9587810828558961,C41H76NO8P,CCCCCC=CCC=CCCCCCCCC(=O)OC(COC(=O)CCCCCCCC=CCCCCCCCC)COP(=O)(O)OCCN,[M-H]-,PE 18:1_18:2,"PE 18:1(9)_18:2(9,12)",0.6995000000000005,0.7404349999999909,0.10887348125397289,0.23109228500317747,Some,Some,0.0,0,substrate,2132.4182478805005,0.0,2537.569507152702,1563.2777737691515
9678,14.25,740.52429,740.52358,0.9587810828558961,C41H76NO8P,CCCCCC=CCC=CCCCCCCCC(=O)OC(COC(=O)CCCCCCCCCC=CCCCCCC)COP(=O)(O)OCCN,[M-H]-,PE 18:1_18:2,"PE 18:1(11)_18:2(9,12)",0.7560000000000002,0.8133866666666449,0.07258232083598193,0.21500452333545006,All,Some,0.0,0,substrate,0.0,0.0,2909.6446620090933,1777.2422252687784
9678,14.25,740.52429,740.52358,0.9587810828558961,C41H76NO8P,CCCCCC=CCC=CCCCCCCCC(=O)OC(COC(=O)CCCCC=CCCCCCCCCCCC)COP(=O)(O)OCCN,[M-H]-,PE 18:1_18:2,"PE 18:1(6)_18:2(9,12)",0.574333333333333,0.7857266666666382,0.09823394355258248,0.21459315484206312,All,Some,0.0,0,substrate,26150.181671376668,0.0,21275.240403656353,24798.479928806795
9678,14.25,740.52429,740.52358,0.9587810828558961,C41H76NO8P,CCCCCCCCC=CCC=CCCCCC(=O)OC(COC(=O)CCCCC=CCCCCCCCCCCC)COP(=O)(O)OCCN,[M-H]-,PE 18:1_18:2,"PE 18:1(6)_18:2(6,9)",0.7495000000000003,0.8333024999999736,0.03847743407490083,0.18906219725991807,Some,Some,0.0,0,substrate,25184.981832862337,0.0,22357.56380400171,26314.9529788104
9678,14.25,740.52429,740.52358,0.9587810828558961,C41H76NO8P,CCCCCCCCC=CCC=CCCCCC(=O)OC(COC(=O)CCCCCCCCCC=CCCCCCC)COP(=O)(O)OCCN,[M-H]-,PE 18:1_18:2,"PE 18:1(11)_18:2(6,9)",0.9473333333333341,0.8704583333333176,0.0,0.1817791666666652,All,None,0.0,0,substrate,2132.4182478805005,0.0,1866.3086355211256,0.0
9678,14.25,740.52429,740.52358,0.9587810828558961,C41H76NO8P,CCCCCCCCC=CCC=CCCCCC(=O)OC(COC(=O)CCCCCCCC=CCCCCCCCC)COP(=O)(O)OCCN,[M-H]-,PE 18:1_18:2,"PE 18:1(9)_18:2(6,9)",0.9780000000000015,0.833569999999952,0.0,0.18115699999999535,Some,None,0.0,0,substrate,0.0,0.0,2553.6729876590152,1146.0470933448782
9827,14.336,590.35286,590.2149800000001,233.6097941802186,C41H76NO8P,CCCCCCCCC=CCC=CCCCCC(=O)OC(COC(=O)CCCCCCCCCC=CCCCCCC)COP(=O)(O)OCCN,[M-H]-,PE 18:1_18:2,"PE 18:1(11)_18:2(6,9)",0.8279999999999994,0.8628300000000309,0.0,0.16908300000000304,All,None,-150.30859999999996,7,aldehyde,0.0,0.0,0.0,5.989208633093525
9684,14.256,606.37785,606.2143800000001,269.657080717629,C41H76NO8P,CCCCCCCCC=CCC=CCCCCC(=O)OC(COC(=O)CCCCCCCCCC=CCCCCCC)COP(=O)(O)OCCN,[M-H]-,PE 18:1_18:2,"PE 18:1(11)_18:2(6,9)",0.9879999999999995,0.8372400000000653,0.0,0.1825240000000065,All,None,-134.30919999999995,7,criegee,0.0,0.0,0.0,9.784172661870503
9663,14.242,630.48588,630.27998,326.6802159889779,C41H76NO8P,CCCCCCCCC=CCC=CCCCCC(=O)OC(COC(=O)CCCCCCCCCC=CCCCCCC)COP(=O)(O)OCCN,[M-H]-,PE 18:1_18:2,"PE 18:1(11)_18:2(6,9)",0.9840000000000018,0.794809999999984,0.0,0.1778809999999986,All,None,-110.24359999999999,9,aldehyde,34.172661870503596,2460000000.0,34.205607476635514,0.0
9700,14.264,646.40776,646.2793800000001,198.6447409168351,C41H76NO8P,CCCCCCCCC=CCC=CCCCCC(=O)OC(COC(=O)CCCCCCCCCC=CCCCCCC)COP(=O)(O)OCCN,[M-H]-,PE 18:1_18:2,"PE 18:1(11)_18:2(6,9)",0.9720000000000013,0.8723299999999199,0.0,0.18443299999999213,All,None,-94.24419999999999,9,criegee,0.0,0.0,6.953271028037383,0.0
9650,14.236,658.40976,658.33398,115.10874769066126,C41H76NO8P,CCCCCCCCC=CCC=CCCCCC(=O)OC(COC(=O)CCCCCCCCCC=CCCCCCC)COP(=O)(O)OCCN,[M-H]-,PE 18:1_18:2,"PE 18:1(11)_18:2(6,9)",0.9720000000000013,0.9249299999999039,0.0,0.1896929999999905,All,None,-82.1896,12,aldehyde,0.0,0.0,14.80373831775701,5.251798561151079
9747,14.28,674.40348,674.33338,103.95451579144908,C41H76NO8P,CCCCCCCCC=CCC=CCCCCC(=O)OC(COC(=O)CCCCCCCCCC=CCCCCCC)COP(=O)(O)OCCN,[M-H]-,PE 18:1_18:2,"PE 18:1(11)_18:2(6,9)",0.9400000000000013,0.9306100000000015,0.0,0.1870610000000003,All,None,-66.1902,12,criegee,0.0,1400000000.0,0.0,0.0
9650,14.236,658.40976,658.33398,115.10874769066126,C41H76NO8P,CCCCCC=CCC=CCCCCCCCC(=O)OC(COC(=O)CCCCCCCCCC=CCCCCCC)COP(=O)(O)OCCN,[M-H]-,PE 18:1_18:2,"PE 18:1(11)_18:2(9,12)",0.9720000000000013,0.9249299999999039,0.0,0.1896929999999905,All,Some,-82.1896,6,aldehyde,0.0,0.0,14.80373831775701,5.251798561151079
9576,14.202,672.35926,672.36098,2.558149641716573,C41H76NO8P,CCCCCC=CCC=CCCCCCCCC(=O)OC(COC(=O)CCCCCCCCCC=CCCCCCC)COP(=O)(O)OCCN,[M-H]-,PE 18:1_18:2,"PE 18:1(11)_18:2(9,12)",0.9039999999999999,0.9975699999999961,0.0,0.1901569999999996,All,Some,-68.1626,6,criegee,0.0,567000000.0,0.0,0.0
9858,14.351,632.36132,632.2959800000001,103.33768055883934,C41H76NO8P,CCCCCC=CCC=CCCCCCCCC(=O)OC(COC(=O)CCCCCCCCCC=CCCCCCC)COP(=O)(O)OCCN,[M-H]-,PE 18:1_18:2,"PE 18:1(11)_18:2(9,12)",0.7979999999999983,0.9353699999999208,0.0,0.17333699999999191,All,Some,-108.2276,7,aldehyde,0.0,0.0,0.0,3.237410071942446
9526,14.185,648.38781,648.29538,142.57389895316248,C41H76NO8P,CCCCCC=CCC=CCCCCCCCC(=O)OC(COC(=O)CCCCCCCCCC=CCCCCCC)COP(=O)(O)OCCN,[M-H]-,PE 18:1_18:2,"PE 18:1(11)_18:2(9,12)",0.870000000000001,0.9082799999999907,0.0,0.17782799999999918,All,Some,-92.2282,7,criegee,0.0,0.0,34.39252336448598,0.0
9747,14.28,674.40348,674.33338,103.95451579144908,C41H76NO8P,CCCCCC=CCC=CCCCCCCCC(=O)OC(COC(=O)CCCCCCCCCC=CCCCCCC)COP(=O)(O)OCCN,[M-H]-,PE 18:1_18:2,"PE 18:1(11)_18:2(9,12)",0.9400000000000013,0.9306100000000015,0.0,0.1870610000000003,All,Some,-66.1902,9,aldehyde,0.0,1400000000.0,0.0,0.0
8308,13.776,687.54465,688.3603800000001,1185.0333396585527,C41H76NO8P,CCCCCC=CCC=CCCCCCCCC(=O)OC(COC(=O)CCCCCCCCCC=CCCCCCC)COP(=O)(O)OCCN,[M-H]-,PE 18:1_18:2,"PE 18:1(11)_18:2(9,12)",0.0519999999999996,0.1835600000000568,0.43549392501589157,0.3719511400127189,All,Some,-52.163199999999996,9,criegee,0.0,0.0,14.97196261682243,15.4136690647482
10986,14.723,604.37026,604.19838,284.4761020378561,C41H76NO8P,CCCCCCCCC=CCC=CCCCCC(=O)OC(COC(=O)CCCCC=CCCCCCCCCCCC)COP(=O)(O)OCCN,[M-H]-,PE 18:1_18:2,"PE 18:1(6)_18:2(6,9)",0.053999999999998494,0.8288299999999253,0.15390973629960333,0.21141078903967508,Some,Some,-136.32519999999997,9,aldehyde,384.8920863309353,23300000000.0,428.03738317757006,323.7410071942446
9684,14.256,606.37785,606.2143800000001,269.657080717629,C41H76NO8P,CCCCCCCCC=CCC=CCCCCC(=O)OC(COC(=O)CCCCC=CCCCCCCCCCCC)COP(=O)(O)OCCN,[M-H]-,PE 18:1_18:2,"PE 18:1(6)_18:2(6,9)",0.9879999999999995,0.8372400000000653,0.0,0.1825240000000065,Some,Some,-134.30919999999995,9,criegee,0.0,0.0,0.0,9.784172661870503
9663,14.242,630.48588,630.27998,326.6802159889779,C41H76NO8P,CCCCCCCCC=CCC=CCCCCC(=O)OC(COC(=O)CCCCC=CCCCCCCCCCCC)COP(=O)(O)OCCN,[M-H]-,PE 18:1_18:2,"PE 18:1(6)_18:2(6,9)",0.9840000000000018,0.794809999999984,0.0,0.1778809999999986,Some,Some,-110.24359999999999,12,aldehyde,34.172661870503596,2460000000.0,34.205607476635514,0.0
9700,14.264,646.40776,646.2793800000001,198.6447409168351,C41H76NO8P,CCCCCCCCC=CCC=CCCCCC(=O)OC(COC(=O)CCCCC=CCCCCCCCCCCC)COP(=O)(O)OCCN,[M-H]-,PE 18:1_18:2,"PE 18:1(6)_18:2(6,9)",0.9720000000000013,0.8723299999999199,0.0,0.18443299999999213,Some,Some,-94.24419999999999,12,criegee,0.0,0.0,6.953271028037383,0.0
9858,14.351,632.36132,632.2959800000001,103.33768055883934,C41H76NO8P,CCCCCC=CCC=CCCCCCCCC(=O)OC(COC(=O)CCCCC=CCCCCCCCCCCC)COP(=O)(O)OCCN,[M-H]-,PE 18:1_18:2,"PE 18:1(6)_18:2(9,12)",0.7979999999999983,0.9353699999999208,0.0,0.17333699999999191,All,Some,-108.2276,6,aldehyde,0.0,0.0,0.0,3.237410071942446
9526,14.185,648.38781,648.29538,142.57389895316248,C41H76NO8P,CCCCCC=CCC=CCCCCCCCC(=O)OC(COC(=O)CCCCC=CCCCCCCCCCCC)COP(=O)(O)OCCN,[M-H]-,PE 18:1_18:2,"PE 18:1(6)_18:2(9,12)",0.870000000000001,0.9082799999999907,0.0,0.17782799999999918,All,Some,-92.2282,6,criegee,0.0,0.0,34.39252336448598,0.0
9576,14.202,672.35926,672.36098,2.558149641716573,C41H76NO8P,CCCCCC=CCC=CCCCCCCCC(=O)OC(COC(=O)CCCCC=CCCCCCCCCCCC)COP(=O)(O)OCCN,[M-H]-,PE 18:1_18:2,"PE 18:1(6)_18:2(9,12)",0.9039999999999999,0.9975699999999961,0.0,0.1901569999999996,All,Some,-68.1626,9,aldehyde,0.0,567000000.0,0.0,0.0
8308,13.776,687.54465,688.3603800000001,1185.0333396585527,C41H76NO8P,CCCCCC=CCC=CCCCCCCCC(=O)OC(COC(=O)CCCCC=CCCCCCCCCCCC)COP(=O)(O)OCCN,[M-H]-,PE 18:1_18:2,"PE 18:1(6)_18:2(9,12)",0.0519999999999996,0.1835600000000568,0.43549392501589157,0.3719511400127189,All,Some,-52.163199999999996,9,criegee,0.0,0.0,14.97196261682243,15.4136690647482
9888,14.366,588.33894,588.1989800000001,237.94668940068536,C41H76NO8P,CCCCCC=CCC=CCCCCCCCC(=O)OC(COC(=O)CCCCC=CCCCCCCCCCCC)COP(=O)(O)OCCN,[M-H]-,PE 18:1_18:2,"PE 18:1(6)_18:2(9,12)",0.7680000000000007,0.8607499999999391,0.0,0.162874999999994,All,Some,-152.32459999999998,12,aldehyde,18.705035971223023,0.0,15.663551401869158,11.528776978417266
10986,14.723,604.37026,604.19838,284.4761020378561,C41H76NO8P,CCCCCC=CCC=CCCCCCCCC(=O)OC(COC(=O)CCCCC=CCCCCCCCCCCC)COP(=O)(O)OCCN,[M-H]-,PE 18:1_18:2,"PE 18:1(6)_18:2(9,12)",0.053999999999998494,0.8288299999999253,0.15390973629960333,0.21141078903967508,All,Some,-136.32519999999997,12,criegee,384.8920863309353,23300000000.0,428.03738317757006,323.7410071942446
9663,14.242,630.48588,630.27998,326.6802159889779,C41H76NO8P,CCCCCCCCC=CCC=CCCCCC(=O)OC(COC(=O)CCCCCCCC=CCCCCCCCC)COP(=O)(O)OCCN,[M-H]-,PE 18:1_18:2,"PE 18:1(9)_18:2(6,9)",0.9840000000000018,0.794809999999984,0.0,0.1778809999999986,Some,None,-110.24359999999999,9,aldehyde,34.172661870503596,2460000000.0,34.205607476635514,0.0
9700,14.264,646.40776,646.2793800000001,198.6447409168351,C41H76NO8P,CCCCCCCCC=CCC=CCCCCC(=O)OC(COC(=O)CCCCCCCC=CCCCCCCCC)COP(=O)(O)OCCN,[M-H]-,PE 18:1_18:2,"PE 18:1(9)_18:2(6,9)",0.9720000000000013,0.8723299999999199,0.0,0.18443299999999213,Some,None,-94.24419999999999,9,criegee,0.0,0.0,6.953271028037383,0.0
9700,14.264,646.40776,646.2793800000001,198.6447409168351,C41H76NO8P,CCCCCC=CCC=CCCCCCCCC(=O)OC(COC(=O)CCCCCCCC=CCCCCCCCC)COP(=O)(O)OCCN,[M-H]-,PE 18:1_18:2,"PE 18:1(9)_18:2(9,12)",0.9720000000000013,0.8723299999999199,0.0,0.18443299999999213,Some,Some,-94.24419999999999,6,aldehyde,0.0,0.0,6.953271028037383,0.0
9526,14.185,648.38781,648.29538,142.57389895316248,C41H76NO8P,CCCCCC=CCC=CCCCCCCCC(=O)OC(COC(=O)CCCCCCCC=CCCCCCCCC)COP(=O)(O)OCCN,[M-H]-,PE 18:1_18:2,"PE 18:1(9)_18:2(9,12)",0.870000000000001,0.9082799999999907,0.0,0.17782799999999918,Some,Some,-92.2282,6,criegee,0.0,0.0,34.39252336448598,0.0
9576,14.202,672.35926,672.36098,2.558149641716573,C41H76NO8P,CCCCCC=CCC=CCCCCCCCC(=O)OC(COC(=O)CCCCCCCC=CCCCCCCCC)COP(=O)(O)OCCN,[M-H]-,PE 18:1_18:2,"PE 18:1(9)_18:2(9,12)",0.9039999999999999,0.9975699999999961,0.0,0.1901569999999996,Some,Some,-68.1626,9,aldehyde,0.0,567000000.0,0.0,0.0
8308,13.776,687.54465,688.3603800000001,1185.0333396585527,C41H76NO8P,CCCCCC=CCC=CCCCCCCCC(=O)OC(COC(=O)CCCCCCCC=CCCCCCCCC)COP(=O)(O)OCCN,[M-H]-,PE 18:1_18:2,"PE 18:1(9)_18:2(9,12)",0.0519999999999996,0.1835600000000568,0.43549392501589157,0.3719511400127189,Some,Some,-52.163199999999996,9,criegee,0.0,0.0,14.97196261682243,15.4136690647482
10195,14.465,828.57779,828.57601,2.1482639837151516,C44H82NO8P,CCC=CCC=CCC=CCCCCCCCCCC(=O)OC(COC(=O)CCCCCCCCCCCCCCC)COP(=O)([O-])OCC[N+](C)(C)C,[M+HCOO]-,PC 16:0_20:3,"PC 16:0_20:3(11,14,17)",0.617,0.4506450000000939,0.12728388377845282,0.20859160702277166,All,Some,0.0,0,substrate,116411.7267064894,0.0,0.0,134232.62417544014
10195,14.465,828.57779,828.57601,2.1482639837151516,C44H82NO8P,CCCCCC=CCC=CCC=CCCCCCCC(=O)OC(COC(=O)CCCCCCCCCCCCCCC)COP(=O)([O-])OCC[N+](C)(C)C,[M+HCOO]-,PC 16:0_20:3,"PC 16:0_20:3(8,11,14)",0.8833333333333329,0.9449733333333749,0.0,0.1828306666666708,All,None,0.0,0,substrate,40850.872086068164,0.0,0.0,59971.6045607444
10195,14.465,828.57779,828.57601,2.1482639837151516,C44H82NO8P,CCCCCCCCC=CCC=CCC=CCCCC(=O)OC(COC(=O)CCCCCCCCCCCCCCC)COP(=O)([O-])OCC[N+](C)(C)C,[M+HCOO]-,PC 16:0_20:3,"PC 16:0_20:3(5,8,11)",0.7909999999999998,0.7502683333333758,0.0,0.15412683333333757,All,None,0.0,0,substrate,17737.401207442443,0.0,0.0,19795.771263815474
9952,14.392,722.51334,722.36441,206.1701793973353,C44H82NO8P,CCC=CCC=CCC=CCCCCCCCCCC(=O)OC(COC(=O)CCCCCCCCCCCCCCC)COP(=O)([O-])OCC[N+](C)(C)C,[M+HCOO]-,PC 16:0_20:3,"PC 16:0_20:3(11,14,17)",0.8539999999999992,0.8528500000001031,0.10544573890919043,0.2550415911273626,All,Some,-106.21159999999999,3,aldehyde,47.48571428571429,8360000000.0,8380000000.0,24.485981308411215
10341,14.5,738.43975,738.3638100000001,102.84902777120934,C44H82NO8P,CCC=CCC=CCC=CCCCCCCCCCC(=O)OC(COC(=O)CCCCCCCCCCCCCCC)COP(=O)([O-])OCC[N+](C)(C)C,[M+HCOO]-,PC 16:0_20:3,"PC 16:0_20:3(11,14,17)",0.9299999999999997,0.9258400000001075,0.0,0.18558400000001074,All,Some,-90.2122,3,criegee,366.2857142857143,84900000000.0,46600000000.0,189.7196261682243
11451,14.95,803.48393,802.49441,1233.0553181049204,C44H82NO8P,CCC=CCC=CCC=CCCCCCCCCCC(=O)OC(COC(=O)CCCCCCCCCCCCCCC)COP(=O)([O-])OCC[N+](C)(C)C,[M+HCOO]-,PC 16:0_20:3,"PC 16:0_20:3(11,14,17)",0.030000000000001137,0.012260000000082982,0.40368979620462087,0.3271778369637051,All,Some,-26.081599999999995,9,aldehyde,62.857142857142854,14000000000.0,12400000000.0,51.86915887850467
10780,14.638,819.48396,818.49381,1209.7220380933259,C44H82NO8P,CCC=CCC=CCC=CCCCCCCCCCC(=O)OC(COC(=O)CCCCCCCCCCCCCCC)COP(=O)([O-])OCC[N+](C)(C)C,[M+HCOO]-,PC 16:0_20:3,"PC 16:0_20:3(11,14,17)",0.6539999999999999,0.011630000000081964,0.0,0.0665630000000082,All,Some,-10.082199999999995,9,criegee,0.0,0.0,0.0,2.3084112149532707
10455,14.524,638.33148,638.2024100000001,202.23991319612227,C44H82NO8P,CCCCCCCCC=CCC=CCC=CCCCC(=O)OC(COC(=O)CCCCCCCCCCCCCCC)COP(=O)([O-])OCC[N+](C)(C)C,[M+HCOO]-,PC 16:0_20:3,"PC 16:0_20:3(5,8,11)",0.8820000000000014,0.8727100000000974,0.0,0.1754710000000099,All,None,-190.37359999999993,9,aldehyde,8.057142857142857,1700000000.0,576000000.0,15.046728971962617
10431,14.518,653.34999,654.20181,1302.0752724606114,C44H82NO8P,CCCCCCCCC=CCC=CCC=CCCCC(=O)OC(COC(=O)CCCCCCCCCCCCCCC)COP(=O)([O-])OCC[N+](C)(C)C,[M+HCOO]-,PC 16:0_20:3,"PC 16:0_20:3(5,8,11)",0.8939999999999984,0.14639999999997144,0.0,0.10403999999999698,All,None,-174.37419999999992,9,criegee,0.0,0.0,542000000.0,0.0
11046,14.734,678.49527,678.26741,335.94419640472506,C44H82NO8P,CCCCCCCCC=CCC=CCC=CCCCC(=O)OC(COC(=O)CCCCCCCCCCCCCCC)COP(=O)([O-])OCC[N+](C)(C)C,[M+HCOO]-,PC 16:0_20:3,"PC 16:0_20:3(5,8,11)",0.46199999999999974,0.7739200000000892,0.0,0.1235920000000089,All,None,-150.30859999999996,12,aldehyde,15.314285714285713,1650000000.0,2730000000.0,11.355140186915888
9864,14.356,694.42976,694.2668100000001,234.7080368135555,C44H82NO8P,CCCCCCCCC=CCC=CCC=CCCCC(=O)OC(COC(=O)CCCCCCCCCCCCCCC)COP(=O)([O-])OCC[N+](C)(C)C,[M+HCOO]-,PC 16:0_20:3,"PC 16:0_20:3(5,8,11)",0.782,0.8388300000001436,0.0,0.16208300000001435,All,None,-134.30919999999995,12,criegee,15.885714285714286,0.0,0.0,0.0
10699,14.599,718.29396,718.33241,53.526750936953604,C44H82NO8P,CCCCCCCCC=CCC=CCC=CCCCC(=O)OC(COC(=O)CCCCCCCCCCCCCCC)COP(=O)([O-])OCC[N+](C)(C)C,[M+HCOO]-,PC 16:0_20:3,"PC 16:0_20:3(5,8,11)",0.7319999999999993,0.959769999999935,0.0,0.16917699999999342,All,None,-110.24359999999999,15,aldehyde,128.0,27700000000.0,22300000000.0,84.57943925233646
10185,14.462,734.42361,734.33181,125.01160749121674,C44H82NO8P,CCCCCCCCC=CCC=CCC=CCCCC(=O)OC(COC(=O)CCCCCCCCCCCCCCC)COP(=O)([O-])OCC[N+](C)(C)C,[M+HCOO]-,PC 16:0_20:3,"PC 16:0_20:3(5,8,11)",0.9939999999999998,0.9099800000000187,0.0,0.19039800000000184,All,None,-94.24419999999999,15,criegee,0.0,0.0,0.0,8.925233644859814
10122,14.447,680.3425,680.28341,86.86085700659557,C44H82NO8P,CCCCCC=CCC=CCC=CCCCCCCC(=O)OC(COC(=O)CCCCCCCCCCCCCCC)COP(=O)([O-])OCC[N+](C)(C)C,[M+HCOO]-,PC 16:0_20:3,"PC 16:0_20:3(8,11,14)",0.9639999999999986,0.9426900000000842,0.0,0.1906690000000083,All,None,-148.29259999999996,6,aldehyde,0.0,0.0,0.0,3.878504672897196
10628,14.575,696.31179,696.28281,41.62101890743672,C44H82NO8P,CCCCCC=CCC=CCC=CCCCCCCC(=O)OC(COC(=O)CCCCCCCCCCCCCCC)COP(=O)([O-])OCC[N+](C)(C)C,[M+HCOO]-,PC 16:0_20:3,"PC 16:0_20:3(8,11,14)",0.7800000000000011,0.9728000000001202,0.0,0.17528000000001215,All,None,-132.29319999999996,6,criegee,44.285714285714285,12600000000.0,4290000000.0,26.822429906542055
9957,14.395,720.44472,720.3484100000001,133.69919147861114,C44H82NO8P,CCCCCC=CCC=CCC=CCCCCCCC(=O)OC(COC(=O)CCCCCCCCCCCCCCC)COP(=O)([O-])OCC[N+](C)(C)C,[M+HCOO]-,PC 16:0_20:3,"PC 16:0_20:3(8,11,14)",0.8599999999999994,0.9054700000001503,0.0,0.176547000000015,All,None,-108.2276,9,aldehyde,0.0,0.0,1690000000.0,8.878504672897195
9972,14.404,736.46929,736.34781,164.97638527643556,C44H82NO8P,CCCCCC=CCC=CCC=CCCCCCCC(=O)OC(COC(=O)CCCCCCCCCCCCCCC)COP(=O)([O-])OCC[N+](C)(C)C,[M+HCOO]-,PC 16:0_20:3,"PC 16:0_20:3(8,11,14)",0.8780000000000001,0.8803000000000338,0.0,0.1758300000000034,All,None,-92.2282,9,criegee,3.6514285714285712,0.0,0.0,0.0
10559,14.55,760.40307,760.41341,13.59786645535615,C44H82NO8P,CCCCCC=CCC=CCC=CCCCCCCC(=O)OC(COC(=O)CCCCCCCCCCCCCCC)COP(=O)([O-])OCC[N+](C)(C)C,[M+HCOO]-,PC 16:0_20:3,"PC 16:0_20:3(8,11,14)",0.8299999999999983,0.9878799999999046,0.0,0.1817879999999903,All,None,-68.1626,12,aldehyde,0.0,11100000000.0,0.0,0.0
10171,14.459,776.39529,776.41281,22.565315479519757,C44H82NO8P,CCCCCC=CCC=CCC=CCCCCCCC(=O)OC(COC(=O)CCCCCCCCCCCCCCC)COP(=O)([O-])OCC[N+](C)(C)C,[M+HCOO]-,PC 16:0_20:3,"PC 16:0_20:3(8,11,14)",0.9879999999999995,0.9806999999999562,0.0,0.19686999999999558,All,None,-52.163199999999996,12,criegee,24.685714285714287,3630000000.0,2020000000.0,0.0
10246,14.472,697.48152,697.48138,0.20072220437093438,C39H71O8P,CCCCCC=CCC=CCC=CCCCCCCC(=O)OC(COC(=O)CCCCCCCCCCCCCCC)COP(=O)(O)O,[M-H]-,PA 16:0_20:3,"PA 16:0_20:3(8,11,14)",0.7779999999999992,0.6549850000000106,0.09042590324120985,0.21563922259296886,All,Some,0.0,0,substrate,39347.935142882736,0.0,30335.478024467604,42604.93827160494
10246,14.472,697.48152,697.48138,0.20072220437093438,C39H71O8P,CCC=CCC=CCC=CCCCCCCCCCC(=O)OC(COC(=O)CCCCCCCCCCCCCCC)COP(=O)(O)O,[M-H]-,PA 16:0_20:3,"PA 16:0_20:3(11,14,17)",0.8233333333333341,0.9437066666666473,0.0,0.17670399999999817,All,None,0.0,0,substrate,22319.17943205232,0.0,14162.301767104667,20420.667581161408
10246,14.472,697.48152,697.48138,0.20072220437093438,C39H71O8P,CCCCCCCCC=CCC=CCC=CCCCC(=O)OC(COC(=O)CCCCCCCCCCCCCCC)COP(=O)(O)O,[M-H]-,PA 16:0_20:3,"PA 16:0_20:3(5,8,11)",0.619666666666666,0.6332866666666822,0.0,0.12529533333333484,All,None,0.0,0,substrate,303332.88542506495,0.0,272502.22020842775,342974.3941472337
10134,14.451,591.33037,591.26978,102.47437303500855,C39H71O8P,CCC=CCC=CCC=CCCCCCCCCCC(=O)OC(COC(=O)CCCCCCCCCCCCCCC)COP(=O)(O)O,[M-H]-,PA 16:0_20:3,"PA 16:0_20:3(11,14,17)",0.958000000000002,0.9395500000000538,0.0,0.1897550000000056,All,None,-106.21159999999999,3,aldehyde,25700.0,0.0,22700.0,20100.0
9404,14.131,607.32512,607.26918,92.11730455341753,C39H71O8P,CCC=CCC=CCC=CCCCCCCCCCC(=O)OC(COC(=O)CCCCCCCCCCCCCCC)COP(=O)(O)O,[M-H]-,PA 16:0_20:3,"PA 16:0_20:3(11,14,17)",0.3180000000000014,0.9442000000001372,0.0,0.12622000000001385,All,None,-90.2122,3,criegee,0.0,0.0,0.0,5270.0
10163,14.456,631.36165,631.3347799999999,42.56062053185871,C39H71O8P,CCC=CCC=CCC=CCCCCCCCCCC(=O)OC(COC(=O)CCCCCCCCCCCCCCC)COP(=O)(O)O,[M-H]-,PA 16:0_20:3,"PA 16:0_20:3(11,14,17)",0.968,0.9732699999999568,0.0,0.19412699999999566,All,None,-66.1466,6,aldehyde,15700.0,15100.0,4600.0,15800.0
10670,14.583,647.27803,647.33418,86.74036028810092,C39H71O8P,CCC=CCC=CCC=CCCCCCCCCCC(=O)OC(COC(=O)CCCCCCCCCCCCCCC)COP(=O)(O)O,[M-H]-,PA 16:0_20:3,"PA 16:0_20:3(11,14,17)",0.7779999999999987,0.9437099999998964,0.0,0.17217099999998953,All,None,-50.147200000000005,6,criegee,12700.0,22700.0,25500.0,8090.0
10182,14.462,671.28048,671.39978,177.68847049659874,C39H71O8P,CCC=CCC=CCC=CCCCCCCCCCC(=O)OC(COC(=O)CCCCCCCCCCCCCCC)COP(=O)(O)O,[M-H]-,PA 16:0_20:3,"PA 16:0_20:3(11,14,17)",0.9800000000000004,0.8805599999999458,0.0,0.18605599999999461,All,None,-26.081599999999995,9,aldehyde,0.0,0.0,0.0,1320.0
10109,14.441,687.38027,687.39918,27.509488736959668,C39H71O8P,CCC=CCC=CCC=CCCCCCCCCCC(=O)OC(COC(=O)CCCCCCCCCCCCCCC)COP(=O)(O)O,[M-H]-,PA 16:0_20:3,"PA 16:0_20:3(11,14,17)",0.9380000000000024,0.9809499999998934,0.0,0.1918949999999896,All,None,-10.082199999999995,9,criegee,6070.0,0.0,0.0,4500.0
10974,14.719,507.15994,507.10778000000005,102.85781850942617,C39H71O8P,CCCCCCCCC=CCC=CCC=CCCCC(=O)OC(COC(=O)CCCCCCCCCCCCCCC)COP(=O)(O)O,[M-H]-,PA 16:0_20:3,"PA 16:0_20:3(5,8,11)",0.5060000000000002,0.9479800000001433,0.0,0.14539800000001435,All,None,-190.37359999999993,9,aldehyde,15500.0,8120.0,13900.0,10300.0
10276,14.484,522.21124,523.10718,1712.7273993830404,C39H71O8P,CCCCCCCCC=CCC=CCC=CCCCC(=O)OC(COC(=O)CCCCCCCCCCCCCCC)COP(=O)(O)O,[M-H]-,PA 16:0_20:3,"PA 16:0_20:3(5,8,11)",0.9759999999999991,0.10391999999990276,0.0,0.10799199999999018,All,None,-174.37419999999992,9,criegee,10500.0,0.0,0.0,0.0
11206,14.846,546.28405,547.17278,1624.22187741139,C39H71O8P,CCCCCCCCC=CCC=CCC=CCCCC(=O)OC(COC(=O)CCCCCCCCCCCCCCC)COP(=O)(O)O,[M-H]-,PA 16:0_20:3,"PA 16:0_20:3(5,8,11)",0.2519999999999989,0.11112999999988915,0.0,0.036312999999988806,All,None,-150.30859999999996,12,aldehyde,8130.0,4900.0,7690.0,5870.0
10295,14.487,563.29911,563.17218,225.384002455547,C39H71O8P,CCCCCCCCC=CCC=CCC=CCCCC(=O)OC(COC(=O)CCCCCCCCCCCCCCC)COP(=O)(O)O,[M-H]-,PA 16:0_20:3,"PA 16:0_20:3(5,8,11)",0.9699999999999989,0.8732100000000855,0.0,0.18432100000000845,All,None,-134.30919999999995,12,criegee,0.0,0.0,3060.0,0.0
11032,14.733,587.38099,587.2377799999999,243.870549337046,C39H71O8P,CCCCCCCCC=CCC=CCC=CCCCC(=O)OC(COC(=O)CCCCCCCCCCCCCCC)COP(=O)(O)O,[M-H]-,PA 16:0_20:3,"PA 16:0_20:3(5,8,11)",0.477999999999998,0.8569300000000339,0.0,0.1334930000000032,All,None,-110.24359999999999,15,aldehyde,0.0,0.0,0.0,4920.0
9657,14.24,603.33077,603.23718,155.14627264861707,C39H71O8P,CCCCCCCCC=CCC=CCC=CCCCC(=O)OC(COC(=O)CCCCCCCCCCCCCCC)COP(=O)(O)O,[M-H]-,PA 16:0_20:3,"PA 16:0_20:3(5,8,11)",0.5360000000000014,0.9065500000000384,0.0,0.144255000000004,All,None,-94.24419999999999,15,criegee,0.0,0.0,0.0,5310.0
10254,14.476,549.31996,549.18878,238.86139844314698,C39H71O8P,CCCCCC=CCC=CCC=CCCCCCCC(=O)OC(COC(=O)CCCCCCCCCCCCCCC)COP(=O)(O)O,[M-H]-,PA 16:0_20:3,"PA 16:0_20:3(8,11,14)",0.9919999999999973,0.8689600000000155,0.0,0.1860960000000013,All,Some,-148.29259999999996,6,aldehyde,29000.0,9060.0,25900.0,24400.0
10537,14.543,565.21684,565.18818,50.70877455374062,C39H71O8P,CCCCCC=CCC=CCC=CCCCCCCC(=O)OC(COC(=O)CCCCCCCCCCCCCCC)COP(=O)(O)O,[M-H]-,PA 16:0_20:3,"PA 16:0_20:3(8,11,14)",0.8580000000000005,0.9714800000000423,0.0,0.18294800000000427,All,Some,-132.29319999999996,6,criegee,144000.0,83900.0,88100.0,137000.0
10419,14.517,589.35113,589.25378,165.20895292348538,C39H71O8P,CCCCCC=CCC=CCC=CCCCCCCC(=O)OC(COC(=O)CCCCCCCCCCCCCCC)COP(=O)(O)O,[M-H]-,PA 16:0_20:3,"PA 16:0_20:3(8,11,14)",0.9100000000000001,0.9027900000000955,0.0,0.18127900000000957,All,Some,-108.2276,9,aldehyde,5450.0,7700.0,0.0,0.0
10986,14.723,604.37026,605.2531799999999,1458.7614393036301,C39H71O8P,CCCCCC=CCC=CCC=CCCCCCCC(=O)OC(COC(=O)CCCCCCCCCCCCCCC)COP(=O)(O)O,[M-H]-,PA 16:0_20:3,"PA 16:0_20:3(8,11,14)",0.49799999999999756,0.1169399999999996,0.2730991990170283,0.2799733592136224,All,Some,-92.2282,9,criegee,214000.0,233000.0,229000.0,180000.0
10102,14.439,629.30588,629.31878,20.498355380313086,C39H71O8P,CCCCCC=CCC=CCC=CCCCCCCC(=O)OC(COC(=O)CCCCCCCCCCCCCCC)COP(=O)(O)O,[M-H]-,PA 16:0_20:3,"PA 16:0_20:3(8,11,14)",0.934000000000001,0.9869599999999537,0.0,0.1920959999999955,All,Some,-68.1626,12,aldehyde,0.0,11800.0,20300.0,0.0
11043,14.734,644.4011,645.31818,1421.1284114139505,C39H71O8P,CCCCCC=CCC=CCC=CCCCCCCC(=O)OC(COC(=O)CCCCCCCCCCCCCCC)COP(=O)(O)O,[M-H]-,PA 16:0_20:3,"PA 16:0_20:3(8,11,14)",0.4759999999999991,0.082779999999957,0.2694562204302307,0.2714429763441802,All,Some,-52.163199999999996,12,criegee,71400.0,97800.0,111000.0,102000.0
10255,14.476,760.47721,760.51341,47.59942365777351,C40H76NO10P,CCCCCCCCC=CCCCCCCCC(=O)OC(COC(=O)CCCCCCCCCCCCCCC)COP(=O)(O)OCC(N)C(=O)O,[M-H]-,PS 16:0_18:1,PS 16:0_18:1(9),0.35799999999999876,0.5753349999999386,0.22596910149762842,0.2741087811980965,All,Some,0.0,0,substrate,249898.0891719745,199836.33387888706,96189.61133309118,67545.21098459477
10255,14.476,760.47721,760.51341,47.59942365777351,C40H76NO10P,CCCCCCCCCCCC=CCCCCC(=O)OC(COC(=O)CCCCCCCCCCCCCCC)COP(=O)(O)OCC(N)C(=O)O,[M-H]-,PS 16:0_18:1,PS 16:0_18:1(6),0.7769999999999992,0.7980550000000335,0.0,0.1575055000000033,All,None,0.0,0,substrate,0.0,68671.03109656302,9689.42971304032,0.0
10255,14.476,760.47721,760.51341,47.59942365777351,C40H76NO10P,CCCCCCC=CCCCCCCCCCC(=O)OC(COC(=O)CCCCCCCCCCCCCCC)COP(=O)(O)OCC(N)C(=O)O,[M-H]-,PS 16:0_18:1,PS 16:0_18:1(11),0.6219999999999999,0.8247949999999946,0.0,0.14467949999999946,All,None,0.0,0,substrate,253101.9108280255,249492.63502454993,379120.9589538685,347454.78901540523
11046,14.734,678.49527,678.32381,252.77013348539924,C40H76NO10P,CCCCCCC=CCCCCCCCCCC(=O)OC(COC(=O)CCCCCCCCCCCCCCC)COP(=O)(O)OCC(N)C(=O)O,[M-H]-,PS 16:0_18:1,PS 16:0_18:1(11),0.48400000000000176,0.7923399999999674,0.0,0.12763399999999692,All,None,-82.1896,7,aldehyde,26800.0,16500.0,27300.0,24300.0
9864,14.356,694.42976,694.32321,153.4587904672957,C40H76NO10P,CCCCCCC=CCCCCCCCCCC(=O)OC(COC(=O)CCCCCCCCCCCCCCC)COP(=O)(O)OCC(N)C(=O)O,[M-H]-,PS 16:0_18:1,PS 16:0_18:1(11),0.759999999999998,0.8572500000000218,0.0,0.161725000000002,All,None,-66.1902,7,criegee,27800.0,0.0,0.0,0.0
9870,14.359,608.35721,608.1888100000001,276.8876987393207,C40H76NO10P,CCCCCCCCCCCC=CCCCCC(=O)OC(COC(=O)CCCCCCCCCCCCCCC)COP(=O)(O)OCC(N)C(=O)O,[M-H]-,PS 16:0_18:1,PS 16:0_18:1(6),0.7659999999999982,0.795400000000086,0.0,0.15614000000000844,All,None,-152.32459999999998,12,aldehyde,0.0,5670.0,0.0,0.0
10660,14.582,624.3513,624.18821,261.28337156514226,C40H76NO10P,CCCCCCCCCCCC=CCCCCC(=O)OC(COC(=O)CCCCCCCCCCCCCCC)COP(=O)(O)OCC(N)C(=O)O,[M-H]-,PS 16:0_18:1,PS 16:0_18:1(6),0.7880000000000003,0.8007099999999809,0.0,0.15887099999999815,All,None,-136.32519999999997,12,criegee,0.0,0.0,2750.0,0.0
10824,14.662,650.19441,650.26981,115.95186927109341,C40H76NO10P,CCCCCCCCC=CCCCCCCCC(=O)OC(COC(=O)CCCCCCCCCCCCCCC)COP(=O)(O)OCC(N)C(=O)O,[M-H]-,PS 16:0_18:1,PS 16:0_18:1(9),0.6280000000000001,0.9607999999999493,0.0,0.15887999999999494,All,Some,-110.24359999999999,9,aldehyde,0.0,0.0,10300.0,0.0
8985,14.02,665.42288,666.26921,1270.2523053707973,C40H76NO10P,CCCCCCCCC=CCCCCCCCC(=O)OC(COC(=O)CCCCCCCCCCCCCCC)COP(=O)(O)OCC(N)C(=O)O,[M-H]-,PS 16:0_18:1,PS 16:0_18:1(9),0.08799999999999741,0.18986999999992804,0.45193820299525683,0.38933756239619804,All,Some,-94.24419999999999,9,criegee,55300.0,20600.0,97300.0,125000.0
10833,14.669,761.51015,761.57019,78.83711939942373,C42H83O9P,CCCCCCCCCCCCCCCC(=O)OC(COCCCCCCCCCCCCC=CCCCCCC)COP(=O)(O)OCC(O)CO,[M-H]-,PG O-20:1_16:0,PG O-20:1(13)_16:0,0.8309999999999995,0.8935549999999353,0.0,0.1724554999999935,All,None,0.0,0,substrate,0.0,47300.0,47400.0,25943.52363413137
10833,14.669,761.51015,761.57019,78.83711939942373,C42H83O9P,CCCCCCCCCCCCCCCC(=O)OC(COCCCCCCCCCCC=CCCCCCCCC)COP(=O)(O)OCC(O)CO,[M-H]-,PG O-20:1_16:0,PG O-20:1(11)_16:0,0.5859999999999985,0.8832449999999881,0.0,0.14692449999999865,All,None,0.0,0,substrate,0.0,0.0,0.0,11456.476365868632
10119,14.446,651.40734,651.32659,123.97774210318413,C42H83O9P,CCCCCCCCCCCCCCCC(=O)OC(COCCCCCCCCCCC=CCCCCCCCC)COP(=O)(O)OCC(O)CO,[M-H]-,PG O-20:1_16:0,PG O-20:1(11)_16:0,0.5539999999999985,0.8592099999999618,0.0,0.14132099999999603,All,None,-110.24359999999999,9,aldehyde,3330000000.0,0.0,74.89451476793249,60.42780748663101
10263,14.478,667.35867,667.32599,48.97156785383691,C42H83O9P,CCCCCCCCCCCCCCCC(=O)OC(COCCCCCCCCCCC=CCCCCCCCC)COP(=O)(O)OCC(O)CO,[M-H]-,PG O-20:1_16:0,PG O-20:1(11)_16:0,0.6179999999999986,0.9072800000000143,0.0,0.15252800000000127,All,None,-94.24419999999999,9,criegee,0.0,33.61522198731501,33.12236286919831,0.0
10972,14.717,679.49851,679.38059,173.56986898908377,C42H83O9P,CCCCCCCCCCCCCCCC(=O)OC(COCCCCCCCCCCCCC=CCCCCCC)COP(=O)(O)OCC(O)CO,[M-H]-,PG O-20:1_16:0,PG O-20:1(13)_16:0,0.9039999999999999,0.8220399999999017,0.0,0.17260399999999015,All,None,-82.1896,7,aldehyde,0.0,0.0,0.0,26.684491978609625
10550,14.548,695.35488,695.37999,36.109753460177366,C42H83O9P,CCCCCCCCCCCCCCCC(=O)OC(COCCCCCCCCCCCCC=CCCCCCC)COP(=O)(O)OCC(O)CO,[M-H]-,PG O-20:1_16:0,PG O-20:1(13)_16:0,0.7579999999999991,0.9650699999999688,0.0,0.17230699999999682,All,None,-66.1902,7,criegee,787000000.0,0.0,0.0,0.0
10882,14.693,671.46621,671.46573,0.7148540552302971,C37H69O8P,CCCCCCCCC=CCC=CCCCCC(=O)OC(COC(=O)CCCCCCCCCCCCCCC)COP(=O)(O)O,[M-H]-,PA 16:0_18:2,"PA 16:0_18:2(6,9)",0.9714999999999998,0.961437500000045,0.0,0.19329375000000448,All,None,0.0,0,substrate,0.0,2934.97194593216,0.0,0.0
10882,14.693,671.46621,671.46573,0.7148540552302971,C37H69O8P,CCCCCC=CCC=CCCCCCCCC(=O)OC(COC(=O)CCCCCCCCCCCCCCC)COP(=O)(O)O,[M-H]-,PA 16:0_18:2,"PA 16:0_18:2(9,12)",0.7335000000000003,0.7037175000000389,0.03296731556771616,0.17009560245417685,All,Some,0.0,0,substrate,0.0,2755.02805406784,0.0,0.0
10902,14.698,521.15207,521.15713,9.709163913907002,C37H69O8P,CCCCCCCCC=CCC=CCCCCC(=O)OC(COC(=O)CCCCCCCCCCCCCCC)COP(=O)(O)O,[M-H]-,PA 16:0_18:2,"PA 16:0_18:2(6,9)",0.9899999999999984,0.99445999999989,0.0,0.19844599999998885,All,None,-150.30859999999996,9,aldehyde,0.0,0.0,7330.0,7530.0
11006,14.727,537.27469,537.1565300000001,219.9731240349535,C37H69O8P,CCCCCCCCC=CCC=CCCCCC(=O)OC(COC(=O)CCCCCCCCCCCCCCC)COP(=O)(O)O,[M-H]-,PA 16:0_18:2,"PA 16:0_18:2(6,9)",0.9319999999999986,0.8823200000001634,0.0,0.18143200000001622,All,None,-134.30919999999995,9,criegee,30400.0,34200.0,36000.0,28400.0
10875,14.691,561.2068,561.22213,27.315387580936974,C37H69O8P,CCCCCCCCC=CCC=CCCCCC(=O)OC(COC(=O)CCCCCCCCCCCCCCC)COP(=O)(O)O,[M-H]-,PA 16:0_18:2,"PA 16:0_18:2(6,9)",0.9960000000000022,0.9841900000000123,0.0,0.19801900000000147,All,None,-110.24359999999999,12,aldehyde,4150.0,6250.0,6310.0,6530.0
10942,14.709,577.23723,577.22153,27.19926264691535,C37H69O8P,CCCCCCCCC=CCC=CCCCCC(=O)OC(COC(=O)CCCCCCCCCCCCCCC)COP(=O)(O)O,[M-H]-,PA 16:0_18:2,"PA 16:0_18:2(6,9)",0.968,0.9847800000001143,0.0,0.19527800000001144,All,None,-94.24419999999999,12,criegee,0.0,0.0,1170.0,0.0
10295,14.487,563.29911,563.23813,108.26681780242039,C37H69O8P,CCCCCC=CCC=CCCCCCCCC(=O)OC(COC(=O)CCCCCCCCCCCCCCC)COP(=O)(O)O,[M-H]-,PA 16:0_18:2,"PA 16:0_18:2(9,12)",0.588000000000001,0.9395000000000664,0.0,0.15275000000000674,All,Some,-108.2276,6,aldehyde,0.0,0.0,3060.0,0.0
10073,14.433,578.35489,579.23753,1523.7962913073634,C37H69O8P,CCCCCC=CCC=CCCCCCCCC(=O)OC(COC(=O)CCCCCCCCCCCCCCC)COP(=O)(O)O,[M-H]-,PA 16:0_18:2,"PA 16:0_18:2(9,12)",0.4800000000000004,0.11687999999992371,0.13186926227086465,0.16518340981668414,All,Some,-92.2282,6,criegee,29900.0,28300.0,34000.0,0.0
11068,14.744,603.52291,603.30313,364.29447995738775,C37H69O8P,CCCCCC=CCC=CCCCCCCCC(=O)OC(COC(=O)CCCCCCCCCCCCCCC)COP(=O)(O)O,[M-H]-,PA 16:0_18:2,"PA 16:0_18:2(9,12)",0.8979999999999997,0.7807000000000244,0.0,0.1678700000000024,All,Some,-68.1626,9,aldehyde,0.0,5890.0,6890.0,6060.0
10845,14.677,619.32522,619.30253,36.63799015950691,C37H69O8P,CCCCCC=CCC=CCCCCCCCC(=O)OC(COC(=O)CCCCCCCCCCCCCCC)COP(=O)(O)O,[M-H]-,PA 16:0_18:2,"PA 16:0_18:2(9,12)",0.968,0.9777900000001409,0.0,0.1945790000000141,All,Some,-52.163199999999996,9,criegee,0.0,3780.0,0.0,0.0
11220,14.858,790.53977,790.53923,0.6830780554696484,C45H78NO8P,CCC=CCC=CCC=CCC=CCC=CCC=CCCC(=O)OC(COC(=O)CCCCCCCCCCCCCCCCC)COP(=O)(O)OCCN,[M-H]-,PE 18:0_22:6,"PE 18:0_22:6(4,7,10,13,16,19)",0.7736363636363641,0.8314309090909133,0.10569823266332957,0.24506531340339144,All,Some,0.0,0,substrate,112000.0,109000.0,103000.0,114000.0
11257,14.885,564.10628,564.1326300000001,46.7088741172322,C45H78NO8P,CCC=CCC=CCC=CCC=CCC=CCC=CCCC(=O)OC(COC(=O)CCCCCCCCCCCCCCCCC)COP(=O)(O)OCCN,[M-H]-,PE 18:0_22:6,"PE 18:0_22:6(4,7,10,13,16,19)",0.9460000000000015,0.973109999999906,0.0,0.19191099999999076,All,Some,-226.40659999999988,3,aldehyde,0.0,4.81651376146789,3.4757281553398056,0.0
11201,14.842,580.37015,580.1320300000001,410.4582882621859,C45H78NO8P,CCC=CCC=CCC=CCC=CCC=CCC=CCCC(=O)OC(COC(=O)CCCCCCCCCCCCCCCCC)COP(=O)(O)OCCN,[M-H]-,PE 18:0_22:6,"PE 18:0_22:6(4,7,10,13,16,19)",0.968,0.7624200000001338,0.21679328081300678,0.34647662465041884,All,Some,-210.40719999999988,3,criegee,13.214285714285715,16.788990825688074,16.50485436893204,13.684210526315791
10986,14.723,604.37026,604.1976300000001,285.7177708557261,C45H78NO8P,CCC=CCC=CCC=CCC=CCC=CCC=CCCC(=O)OC(COC(=O)CCCCCCCCCCCCCCCCC)COP(=O)(O)OCCN,[M-H]-,PE 18:0_22:6,"PE 18:0_22:6(4,7,10,13,16,19)",0.7300000000000004,0.8279100000000881,0.24024301337461096,0.3479854106996977,All,Some,-186.34159999999991,6,aldehyde,191.07142857142858,213.76146788990823,222.33009708737862,157.89473684210526
11317,14.917,620.16916,620.19703,44.937332253924474,C45H78NO8P,CCC=CCC=CCC=CCC=CCC=CCC=CCCC(=O)OC(COC(=O)CCCCCCCCCCCCCCCCC)COP(=O)(O)OCCN,[M-H]-,PE 18:0_22:6,"PE 18:0_22:6(4,7,10,13,16,19)",0.8820000000000014,0.971589999999992,0.0,0.18535899999999936,All,Some,-170.3421999999999,6,criegee,0.0,14.311926605504588,0.0,0.0
11043,14.734,644.4011,644.26263,214.92787809235122,C45H78NO8P,CCC=CCC=CCC=CCC=CCC=CCC=CCCC(=O)OC(COC(=O)CCCCCCCCCCCCCCCCC)COP(=O)(O)OCCN,[M-H]-,PE 18:0_22:6,"PE 18:0_22:6(4,7,10,13,16,19)",0.7519999999999989,0.8620699999999033,0.23641375729594974,0.35053800583675,All,Some,-146.27659999999997,9,aldehyde,63.74999999999999,89.72477064220183,107.76699029126213,89.47368421052632
11281,14.9,660.20021,660.26203,93.62949433880293,C45H78NO8P,CCC=CCC=CCC=CCC=CCC=CCC=CCCC(=O)OC(COC(=O)CCCCCCCCCCCCCCCCC)COP(=O)(O)OCCN,[M-H]-,PE 18:0_22:6,"PE 18:0_22:6(4,7,10,13,16,19)",0.9160000000000004,0.9376399999999876,0.0,0.1853639999999988,All,Some,-130.27719999999997,9,criegee,3.9464285714285716,0.0,4.203883495145631,0.0
10743,14.622,684.36187,684.32763,50.03451343905887,C45H78NO8P,CCC=CCC=CCC=CCC=CCC=CCC=CCCC(=O)OC(COC(=O)CCCCCCCCCCCCCCCCC)COP(=O)(O)OCCN,[M-H]-,PE 18:0_22:6,"PE 18:0_22:6(4,7,10,13,16,19)",0.5279999999999987,0.9663000000000466,0.0,0.14943000000000453,All,Some,-106.21159999999999,12,aldehyde,0.0,0.0,0.0,4.228070175438597
12295,15.301,700.5003,700.3270299999999,247.4129836172623,C45H78NO8P,CCC=CCC=CCC=CCC=CCC=CCC=CCCC(=O)OC(COC(=O)CCCCCCCCCCCCCCCCC)COP(=O)(O)OCCN,[M-H]-,PE 18:0_22:6,"PE 18:0_22:6(4,7,10,13,16,19)",0.11400000000000077,0.8272699999998849,0.25243722700005117,0.29607678160002954,All,Some,-90.2122,12,criegee,120.53571428571428,81.65137614678899,108.7378640776699,79.73684210526316
11337,14.923,723.49616,724.3926299999999,1237.5471020459008,C45H78NO8P,CCC=CCC=CCC=CCC=CCC=CCC=CCCC(=O)OC(COC(=O)CCCCCCCCCCCCCCCCC)COP(=O)(O)OCCN,[M-H]-,PE 18:0_22:6,"PE 18:0_22:6(4,7,10,13,16,19)",0.870000000000001,0.10299000000009073,0.21679328081300675,0.2707336246504146,All,Some,-66.1466,15,aldehyde,35.892857142857146,27.06422018348624,0.0,50.26315789473684
11445,14.949,740.33661,740.39203,74.8522374018889,C45H78NO8P,CCC=CCC=CCC=CCC=CCC=CCC=CCCC(=O)OC(COC(=O)CCCCCCCCCCCCCCCCC)COP(=O)(O)OCCN,[M-H]-,PE 18:0_22:6,"PE 18:0_22:6(4,7,10,13,16,19)",0.8180000000000014,0.9440399999999727,0.0,0.17620399999999742,All,Some,-50.147200000000005,15,criegee,0.0,0.0,13.980582524271846,0.0
11230,14.865,764.48777,764.45763,39.42664552901422,C45H78NO8P,CCC=CCC=CCC=CCC=CCC=CCC=CCCC(=O)OC(COC(=O)CCCCCCCCCCCCCCCCC)COP(=O)(O)OCCN,[M-H]-,PE 18:0_22:6,"PE 18:0_22:6(4,7,10,13,16,19)",0.9860000000000007,0.9704000000000406,0.0,0.19564000000000414,All,Some,-26.081599999999995,18,aldehyde,6.526785714285714,6.238532110091743,0.0,5.482456140350877
11703,15.041,716.52388,716.52358,0.41868824459998066,C39H76NO8P,CCCCCCC=CCCCCCCCCCC(=O)OC(COC(=O)CCCCCCCCCCCCCCC)COP(=O)(O)OCCN,[M-H]-,PE 16:0_18:1,PE 16:0_18:1(11),0.5840000000000014,0.9457899999999313,0.2008971819276143,0.3136967455420847,All,Some,0.0,0,substrate,89786.7154174284,61170.232558139534,77702.93609671848,87194.90131578947
11703,15.041,716.52388,716.52358,0.41868824459998066,C39H76NO8P,CCCCCCCCCCCC=CCCCCC(=O)OC(COC(=O)CCCCCCCCCCCCCCC)COP(=O)(O)OCCN,[M-H]-,PE 16:0_18:1,PE 16:0_18:1(6),0.7530000000000001,0.8633400000000506,0.059224547621990184,0.20901363809759724,All,Some,0.0,0,substrate,16213.284582571605,24229.767441860462,32297.063903281516,7633.223684210527
11703,15.041,716.52388,716.52358,0.41868824459998066,C39H76NO8P,CCCCCCCCC=CCCCCCCCC(=O)OC(COC(=O)CCCCCCCCCCCCCCC)COP(=O)(O)OCCN,[M-H]-,PE 16:0_18:1,PE 16:0_18:1(9),0.9510000000000005,0.9046449999999595,0.0,0.18556449999999602,All,None,0.0,0,substrate,0.0,0.0,0.0,24171.875
12029,15.216,634.37291,634.33398,61.37145609013459,C39H76NO8P,CCCCCCC=CCCCCCCCCCC(=O)OC(COC(=O)CCCCCCCCCCCCCCC)COP(=O)(O)OCCN,[M-H]-,PE 16:0_18:1,PE 16:0_18:1(11),0.6500000000000021,0.9613699999998744,0.0,0.16113699999998765,All,Some,-82.1896,7,aldehyde,0.0,13.583138173302109,37.18181818181818,37.142857142857146
12191,15.282,650.40347,650.33338,107.77549200986189,C39H76NO8P,CCCCCCC=CCCCCCCCCCC(=O)OC(COC(=O)CCCCCCCCCCCCCCC)COP(=O)(O)OCCN,[M-H]-,PE 16:0_18:1,PE 16:0_18:1(11),0.5180000000000007,0.9302099999999882,0.4017943638552286,0.46625649108418177,All,Some,-66.1902,7,criegee,91.79245283018868,40.5152224824356,0.0,112.60504201680672
11603,14.993,564.30113,564.1989800000001,181.05314546974913,C39H76NO8P,CCCCCCCCCCCC=CCCCCC(=O)OC(COC(=O)CCCCCCCCCCCCCCC)COP(=O)(O)OCCN,[M-H]-,PE 16:0_18:1,PE 16:0_18:1(6),0.9039999999999999,0.8981500000001006,0.0,0.18021500000001006,All,Some,-152.32459999999998,12,aldehyde,2.6132075471698113,0.0,0.0,0.0
11201,14.842,580.37015,580.19838,296.0539117670822,C39H76NO8P,CCCCCCCCCCCC=CCCCCC(=O)OC(COC(=O)CCCCCCCCCCCCCCC)COP(=O)(O)OCCN,[M-H]-,PE 16:0_18:1,PE 16:0_18:1(6),0.6020000000000003,0.8285300000000007,0.11844909524398037,0.2378122761951844,All,Some,-136.32519999999997,12,criegee,13.962264150943396,21.428571428571427,15.454545454545453,13.109243697478993
11667,15.019,606.3777,606.27998,161.17965828259932,C39H76NO8P,CCCCCCCCC=CCCCCCCCC(=O)OC(COC(=O)CCCCCCCCCCCCCCC)COP(=O)(O)OCCN,[M-H]-,PE 16:0_18:1,PE 16:0_18:1(9),0.9559999999999995,0.9025799999999435,0.0,0.1858579999999943,All,None,-110.24359999999999,9,aldehyde,0.0,0.0,0.0,20.756302521008404
11749,15.068,622.37297,622.2793800000001,150.39868426935377,C39H76NO8P,CCCCCCCCC=CCCCCCCCC(=O)OC(COC(=O)CCCCCCCCCCCCCCC)COP(=O)(O)OCCN,[M-H]-,PE 16:0_18:1,PE 16:0_18:1(9),0.9460000000000015,0.9067099999999755,0.0,0.18527099999999772,All,None,-94.24419999999999,9,criegee,0.0,0.0,0.0,20.756302521008404
11978,15.196,766.53942,766.53923,0.24786728785563067,C43H78NO8P,CCCCCC=CCC=CCC=CCC=CCCCC(=O)OC(COC(=O)CCCCCCCCCCCCCCCCC)COP(=O)(O)OCCN,[M-H]-,PE 18:0_20:4,"PE 18:0_20:4(5,8,11,14)",0.9671428571428565,0.8849814285714014,0.12470353972775308,0.2849752603536283,All,Some,0.0,0,substrate,485544.21768707485,370340.2096719648,442044.6517827391,465660.6097936557
11978,15.196,766.53942,766.53923,0.24786728785563067,C43H78NO8P,CCC=CCC=CCC=CCC=CCCCCCCC(=O)OC(COC(=O)CCCCCCCCCCCCCCCCC)COP(=O)(O)OCCN,[M-H]-,PE 18:0_20:4,"PE 18:0_20:4(8,11,14,17)",0.7816666666666668,0.9244366666666602,0.0,0.17061033333333273,All,Some,0.0,0,substrate,14455.782312925172,72659.79032803517,21955.348217260915,59339.39020634432
11979,15.196,578.34624,578.18163,284.70292285129347,C43H78NO8P,CCCCCC=CCC=CCC=CCC=CCCCC(=O)OC(COC(=O)CCCCCCCCCCCCCCCCC)COP(=O)(O)OCCN,[M-H]-,PE 18:0_20:4,"PE 18:0_20:4(5,8,11,14)",1.0,0.83558000000005,0.8729247780942716,0.8818978224754224,All,Some,-188.35759999999993,6,aldehyde,15.86,16.32054176072235,18.685344827586206,15.428571428571427
12025,15.215,594.31567,594.1810300000001,226.59760780292265,C43H78NO8P,CCCCCC=CCC=CCC=CCC=CCCCC(=O)OC(COC(=O)CCCCCCCCCCCCCCCCC)COP(=O)(O)OCCN,[M-H]-,PE 18:0_20:4,"PE 18:0_20:4(5,8,11,14)",0.9619999999999997,0.8655500000000984,0.0,0.18275500000000983,All,Some,-172.35819999999993,6,criegee,0.492,0.0,0.0,0.0
12043,15.223,618.37778,618.24663,212.13217126642138,C43H78NO8P,CCCCCC=CCC=CCC=CCC=CCCCC(=O)OC(COC(=O)CCCCCCCCCCCCCCCCC)COP(=O)(O)OCCN,[M-H]-,PE 18:0_20:4,"PE 18:0_20:4(5,8,11,14)",0.945999999999998,0.8690399999999272,0.0,0.1815039999999925,All,Some,-148.29259999999996,9,aldehyde,19.259999999999998,16.094808126410832,15.84051724137931,15.466666666666667
12029,15.216,634.37291,634.24603,200.04855213682347,C43H78NO8P,CCCCCC=CCC=CCC=CCC=CCCCC(=O)OC(COC(=O)CCCCCCCCCCCCCCCCC)COP(=O)(O)OCCN,[M-H]-,PE 18:0_20:4,"PE 18:0_20:4(5,8,11,14)",0.9600000000000009,0.8733099999999467,0.0,0.18333099999999475,All,Some,-132.29319999999996,9,criegee,0.0,2.6185101580135437,8.814655172413794,8.41904761904762
12007,15.208,658.409,658.3116299999999,147.90867358680725,C43H78NO8P,CCCCCC=CCC=CCC=CCC=CCCCC(=O)OC(COC(=O)CCCCCCCCCCCCCCCCC)COP(=O)(O)OCCN,[M-H]-,PE 18:0_20:4,"PE 18:0_20:4(5,8,11,14)",0.9759999999999991,0.902819999999906,0.0,0.1878819999999905,All,Some,-108.2276,12,aldehyde,11.44,12.212189616252822,11.616379310344827,9.561904761904762
12004,15.207,674.40431,674.31103,138.33378937913827,C43H78NO8P,CCCCCC=CCC=CCC=CCC=CCCCC(=O)OC(COC(=O)CCCCCCCCCCCCCCCCC)COP(=O)(O)OCCN,[M-H]-,PE 18:0_20:4,"PE 18:0_20:4(5,8,11,14)",0.977999999999998,0.9069099999999253,0.0,0.18849099999999233,All,Some,-92.2282,12,criegee,0.0,5.191873589164786,0.0,5.980952380952381
12041,15.222,714.43456,714.37603,81.93164039955099,C43H78NO8P,CCCCCC=CCC=CCC=CCC=CCCCC(=O)OC(COC(=O)CCCCCCCCCCCCCCCCC)COP(=O)(O)OCCN,[M-H]-,PE 18:0_20:4,"PE 18:0_20:4(5,8,11,14)",0.9480000000000004,0.9416599999999562,0.0,0.1889659999999957,All,Some,-52.163199999999996,15,criegee,5.48,3.363431151241535,6.6594827586206895,0.0
12122,15.261,620.39258,620.26263,209.50802726904251,C43H78NO8P,CCC=CCC=CCC=CCC=CCCCCCCC(=O)OC(COC(=O)CCCCCCCCCCCCCCCCC)COP(=O)(O)OCCN,[M-H]-,PE 18:0_20:4,"PE 18:0_20:4(8,11,14,17)",0.870000000000001,0.870239999999967,0.0,0.17402399999999682,All,Some,-146.27659999999997,3,aldehyde,0.0,0.0,3.060344827586207,2.2666666666666666
12072,15.235,636.33454,636.26203,113.96248177809017,C43H78NO8P,CCC=CCC=CCC=CCC=CCCCCCCC(=O)OC(COC(=O)CCCCCCCCCCCCCCCCC)COP(=O)(O)OCCN,[M-H]-,PE 18:0_20:4,"PE 18:0_20:4(8,11,14,17)",0.9220000000000006,0.9276800000000094,0.0,0.18496800000000102,All,Some,-130.27719999999997,3,criegee,0.0,2.325056433408578,0.0,0.0
12428,15.365,660.4241,660.32763,146.0941442052847,C43H78NO8P,CCC=CCC=CCC=CCC=CCCCCCCC(=O)OC(COC(=O)CCCCCCCCCCCCCCCCC)COP(=O)(O)OCCN,[M-H]-,PE 18:0_20:4,"PE 18:0_20:4(8,11,14,17)",0.661999999999999,0.9037200000000212,0.0,0.15657200000000204,All,Some,-106.21159999999999,6,aldehyde,0.0,0.0,0.0,2.6095238095238096
11996,15.203,676.38377,676.3270299999999,83.89432550123625,C43H78NO8P,CCC=CCC=CCC=CCC=CCCCCCCC(=O)OC(COC(=O)CCCCCCCCCCCCCCCCC)COP(=O)(O)OCCN,[M-H]-,PE 18:0_20:4,"PE 18:0_20:4(8,11,14,17)",0.9860000000000007,0.9434499999998707,0.0,0.19294499999998715,All,Some,-90.2122,6,criegee,0.0,8.623024830699775,0.0,0.0
12327,15.308,740.38441,740.45763,98.88479371870618,C43H78NO8P,CCC=CCC=CCC=CCC=CCCCCCCC(=O)OC(COC(=O)CCCCCCCCCCCCCCCCC)COP(=O)(O)OCCN,[M-H]-,PE 18:0_20:4,"PE 18:0_20:4(8,11,14,17)",0.7759999999999998,0.9265900000000329,0.0,0.17025900000000327,All,Some,-26.081599999999995,12,aldehyde,1.564,0.0,0.0,0.0
12681,15.459,756.48228,756.45703,33.37929188114559,C43H78NO8P,CCC=CCC=CCC=CCC=CCCCCCCC(=O)OC(COC(=O)CCCCCCCCCCCCCCCCC)COP(=O)(O)OCCN,[M-H]-,PE 18:0_20:4,"PE 18:0_20:4(8,11,14,17)",0.4740000000000002,0.9749400000000605,0.0,0.14489400000000607,All,Some,-10.082199999999995,12,criegee,0.0,0.0,0.0,2.1142857142857143
12239,15.289,705.46838,705.50759,55.57700662019171,C38H75O9P,CCCCCCCCCCCCCCCC(=O)OC(COCCCCCCCCC=CCCCCCC)COP(=O)(O)OCC(O)CO,[M-H]-,PG O-16:1_16:0,PG O-16:1(9)_16:0,0.5840000000000014,0.9670249999999783,0.0,0.15510249999999798,All,None,0.0,0,substrate,63606.326889279444,36021.71552660152,33996.25935162095,43276.2824936738
12239,15.289,705.46838,705.50759,55.57700662019171,C38H75O9P,CCCCCCCCCCCCCCCC(=O)OC(COCCCCCC=CCCCCCCCCC)COP(=O)(O)OCC(O)CO,[M-H]-,PG O-16:1_16:0,PG O-16:1(6)_16:0,0.4820000000000011,0.5449450000000411,0.04042286790952155,0.13503279432762147,All,Some,0.0,0,substrate,9622.49560632689,6583.279044516829,4643.391521197008,13456.084656084655
12239,15.289,705.46838,705.50759,55.57700662019171,C38H75O9P,CCCCCCCCCCCCCCCC(=O)OC(COCCCCCCC=CCCCCCCCC)COP(=O)(O)OCC(O)CO,[M-H]-,PG O-16:1_16:0,PG O-16:1(7)_16:0,0.38700000000000045,0.9562750000000051,0.0,0.13432750000000054,All,None,0.0,0,substrate,19571.177504393672,14595.00542888165,18360.349127182046,18067.632850241545
12850,15.501,580.37035,581.23699,1491.026921738001,C38H75O9P,CCCCCCCCCCCCCCCC(=O)OC(COCCCCCC=CCCCCCCCCC)COP(=O)(O)OCC(O)CO,[M-H]-,PG O-16:1_16:0,PG O-16:1(6)_16:0,0.5760000000000005,0.17257000000006428,0.0808457358190431,0.13953358865524096,All,Some,-124.27060000000002,10,aldehyde,39000.0,43300.0,40700.0,38100.0
11590,14.983,597.27986,597.23639,72.78525007485996,C38H75O9P,CCCCCCCCCCCCCCCC(=O)OC(COCCCCCC=CCCCCCCCCC)COP(=O)(O)OCC(O)CO,[M-H]-,PG O-16:1_16:0,PG O-16:1(6)_16:0,0.3880000000000017,0.9173200000000179,0.0,0.13053200000000198,All,Some,-108.27120000000002,10,criegee,0.0,14700.0,16700.0,12200.0
11396,14.94,595.30101,595.26399,62.190894497051744,C38H75O9P,CCCCCCCCCCCCCCCC(=O)OC(COCCCCCCC=CCCCCCCCC)COP(=O)(O)OCC(O)CO,[M-H]-,PG O-16:1_16:0,PG O-16:1(7)_16:0,0.3019999999999996,0.9237699999999904,0.0,0.122576999999999,All,None,-110.24359999999999,9,aldehyde,0.0,0.0,0.0,4840.0
11680,15.025,611.2354,611.2633900000001,45.79040796152581,C38H75O9P,CCCCCCCCCCCCCCCC(=O)OC(COCCCCCCC=CCCCCCCCC)COP(=O)(O)OCC(O)CO,[M-H]-,PG O-16:1_16:0,PG O-16:1(7)_16:0,0.4720000000000013,0.9887800000000198,0.0,0.1460780000000021,All,None,-94.24419999999999,9,criegee,5900.0,10600.0,7840.0,10800.0
11998,15.204,623.33194,623.31799,22.380230033185075,C38H75O9P,CCCCCCCCCCCCCCCC(=O)OC(COCCCCCCCCC=CCCCCCC)COP(=O)(O)OCC(O)CO,[M-H]-,PG O-16:1_16:0,PG O-16:1(9)_16:0,0.8300000000000018,0.9468399999999519,0.0,0.1776839999999954,All,None,-82.1896,7,aldehyde,0.0,0.0,10000.0,0.0
11483,14.958,639.29097,639.31739,41.32532668950251,C38H75O9P,CCCCCCCCCCCCCCCC(=O)OC(COCCCCCCCCC=CCCCCCC)COP(=O)(O)OCC(O)CO,[M-H]-,PG O-16:1_16:0,PG O-16:1(9)_16:0,0.33800000000000097,0.9872100000000046,0.0,0.13252100000000056,All,None,-66.1902,7,criegee,12000.0,23500.0,21000.0,21000.0
12276,15.297,673.48124,673.48138,0.20787508629799759,C37H71O8P,CCCCCCCCC=CCCCCCCCC(=O)OC(COC(=O)CCCCCCCCCCCCCCC)COP(=O)(O)O,[M-H]-,PA 16:0_18:1,PA 16:0_18:1(9),0.9659999999999993,0.9047199999999975,0.0,0.18707199999999968,All,None,0.0,0,substrate,120722.3382045929,145418.46873173583,171290.77117572693,131107.35418427727
12276,15.297,673.48124,673.48138,0.20787508629799759,C37H71O8P,CCCCCCCCCCCC=CCCCCC(=O)OC(COC(=O)CCCCCCCCCCCCCCC)COP(=O)(O)O,[M-H]-,PA 16:0_18:1,PA 16:0_18:1(6),0.7209999999999983,0.9270649999999137,0.0,0.1648064999999912,All,None,0.0,0,substrate,16235.07306889353,47570.621468926554,192020.22756005058,0.0
12276,15.297,673.48124,673.48138,0.20787508629799759,C37H71O8P,CCCCCCC=CCCCCCCCCCC(=O)OC(COC(=O)CCCCCCCCCCCCCCC)COP(=O)(O)O,[M-H]-,PA 16:0_18:1,PA 16:0_18:1(11),0.6990000000000016,0.9317149999999401,0.0,0.1630714999999942,All,None,0.0,0,substrate,860042.5887265136,228010.90979933762,499689.00126422255,968892.6458157226
12389,15.343,591.33131,591.2917799999999,66.8536268170802,C37H71O8P,CCCCCCC=CCCCCCCCCCC(=O)OC(COC(=O)CCCCCCCCCCCCCCC)COP(=O)(O)O,[M-H]-,PA 16:0_18:1,PA 16:0_18:1(11),0.9080000000000013,0.9603299999998853,0.0,0.18683299999998867,All,None,-82.1896,7,aldehyde,0.0,6130.0,0.0,0.0
12996,15.552,607.38794,607.2911799999999,159.33048788888635,C37H71O8P,CCCCCCC=CCCCCCCCCCC(=O)OC(COC(=O)CCCCCCCCCCCCCCC)COP(=O)(O)O,[M-H]-,PA 16:0_18:1,PA 16:0_18:1(11),0.490000000000002,0.9030999999999949,0.0,0.1393099999999997,All,None,-66.1902,7,criegee,14500.0,11600.0,15700.0,14100.0
12019,15.211,521.17524,521.15678,35.42120280965084,C37H71O8P,CCCCCCCCCCCC=CCCCCC(=O)OC(COC(=O)CCCCCCCCCCCCCCC)COP(=O)(O)O,[M-H]-,PA 16:0_18:1,PA 16:0_18:1(6),0.8279999999999994,0.9813999999998941,0.0,0.18093999999998936,All,None,-152.32459999999998,12,aldehyde,0.0,5800.0,17600.0,0.0
11849,15.104,537.28331,537.15618,236.67232126060478,C37H71O8P,CCCCCCCCCCCC=CCCCCC(=O)OC(COC(=O)CCCCCCCCCCCCCCC)COP(=O)(O)O,[M-H]-,PA 16:0_18:1,PA 16:0_18:1(6),0.6139999999999972,0.8727299999999332,0.0,0.14867299999999306,All,None,-136.32519999999997,12,criegee,1950.0,0.0,0.0,0.0
12198,15.282,563.33534,563.2377799999999,173.21281253548736,C37H71O8P,CCCCCCCCC=CCCCCCCCC(=O)OC(COC(=O)CCCCCCCCCCCCCCC)COP(=O)(O)O,[M-H]-,PA 16:0_18:1,PA 16:0_18:1(9),0.9699999999999989,0.9022999999999683,0.0,0.18722999999999673,All,None,-110.24359999999999,9,aldehyde,27300.0,0.0,0.0,28500.0
12171,15.278,579.3299,579.23718,160.072597549739,C37H71O8P,CCCCCCCCC=CCCCCCCCC(=O)OC(COC(=O)CCCCCCCCCCCCCCC)COP(=O)(O)O,[M-H]-,PA 16:0_18:1,PA 16:0_18:1(9),0.9619999999999997,0.9071400000000267,0.0,0.18691400000000266,All,None,-94.24419999999999,9,criegee,76000.0,27800.0,45800.0,75700.0
12281,15.297,767.45868,767.46573,9.186077924351482,C45H69O8P,CCC=CCC=CCC=CCC=CCC=CCC=CCCC(=O)OC(COC(=O)CCCC=CCC=CCC=CCC=CCCCCC)COP(=O)(O)O,[M-H]-,PA 20:4_22:6,"PA 20:4(5,8,11,14)_22:6(4,7,10,13,16,19)",0.8530909090909085,0.751058181818187,0.15226614861581703,0.2822278279835632,Some,Some,0.0,0,substrate,63802.49317991423,80415.11504404005,66853.35996470935,70056.69896404995
12281,15.297,767.45868,767.46573,9.186077924351482,C45H69O8P,CCC=CCC=CCC=CCC=CCC=CCC=CCCC(=O)OC(COC(=O)CCCCCCC=CCC=CCC=CCC=CCC)COP(=O)(O)O,[M-H]-,PA 20:4_22:6,"PA 20:4(8,11,14,17)_22:6(4,7,10,13,16,19)",0.8105714285714279,0.880114285714285,0.046485009350399085,0.20625657890889057,Some,Some,0.0,0,substrate,48197.50682008577,66584.88495595993,54146.64003529066,57943.30103595004
12062,15.231,635.33185,635.17253,250.82948722606076,C45H69O8P,CCC=CCC=CCC=CCC=CCC=CCC=CCCC(=O)OC(COC(=O)CCCC=CCC=CCC=CCC=CCCCCC)COP(=O)(O)O,[M-H]-,PA 20:4_22:6,"PA 20:4(5,8,11,14)_22:6(4,7,10,13,16,19)",0.8679999999999986,0.833629999999971,0.0,0.17016299999999696,Some,Some,-132.29319999999996,3,aldehyde,80.89285714285714,44.14965986394558,61.57024793388429,36.640625
12578,15.437,637.3919,637.18853,319.1677037876841,C45H69O8P,CCC=CCC=CCC=CCC=CCC=CCC=CCCC(=O)OC(COC(=O)CCCC=CCC=CCC=CCC=CCCCCC)COP(=O)(O)O,[M-H]-,PA 20:4_22:6,"PA 20:4(5,8,11,14)_22:6(4,7,10,13,16,19)",0.7200000000000024,0.7895800000000008,0.0,0.15095800000000031,Some,Some,-130.27719999999997,3,criegee,19.464285714285715,0.0,17.355371900826448,30.9375
12099,15.249,541.21644,541.0591300000001,290.74456242876545,C45H69O8P,CCC=CCC=CCC=CCC=CCC=CCC=CCCC(=O)OC(COC(=O)CCCC=CCC=CCC=CCC=CCCCCC)COP(=O)(O)O,[M-H]-,PA 20:4_22:6,"PA 20:4(5,8,11,14)_22:6(4,7,10,13,16,19)",0.9039999999999999,0.8356400000000122,0.0,0.17396400000000123,Some,Some,-226.40659999999988,6,aldehyde,0.0,4.782312925170068,0.0,0.0
12471,15.39,661.29529,661.25413,62.245357923119144,C45H69O8P,CCC=CCC=CCC=CCC=CCC=CCC=CCCC(=O)OC(COC(=O)CCCC=CCC=CCC=CCC=CCCCCC)COP(=O)(O)O,[M-H]-,PA 20:4_22:6,"PA 20:4(5,8,11,14)_22:6(4,7,10,13,16,19)",0.8140000000000001,0.95178999999996,0.0,0.17657899999999602,Some,Some,-106.21159999999999,6,criegee,0.0,0.0,29.09090909090909,0.0
12378,15.333,578.3463,579.1081300000001,1315.5228886184548,C45H69O8P,CCC=CCC=CCC=CCC=CCC=CCC=CCCC(=O)OC(COC(=O)CCCC=CCC=CCC=CCC=CCCCCC)COP(=O)(O)O,[M-H]-,PA 20:4_22:6,"PA 20:4(5,8,11,14)_22:6(4,7,10,13,16,19)",0.9280000000000008,0.24522000000001754,0.6584850118811066,0.6441100095048872,Some,Some,-188.35759999999993,9,aldehyde,0.0,0.0,0.0,7.7578125
12503,15.406,677.42255,677.25353,249.5668055064193,C45H69O8P,CCC=CCC=CCC=CCC=CCC=CCC=CCCC(=O)OC(COC(=O)CCCC=CCC=CCC=CCC=CCCCCC)COP(=O)(O)O,[M-H]-,PA 20:4_22:6,"PA 20:4(5,8,11,14)_22:6(4,7,10,13,16,19)",0.782,0.8239300000000185,0.0,0.16059300000000187,Some,Some,-90.2122,9,criegee,0.0,0.0,3.041322314049587,0.0
12356,15.319,698.44093,699.30313,1232.9417144179376,C45H69O8P,CCC=CCC=CCC=CCC=CCC=CCC=CCCC(=O)OC(COC(=O)CCCC=CCC=CCC=CCC=CCCCCC)COP(=O)(O)O,[M-H]-,PA 20:4_22:6,"PA 20:4(5,8,11,14)_22:6(4,7,10,13,16,19)",0.9559999999999995,0.14485000000001946,0.6910475574400871,0.6629230459520715,Some,Some,-68.1626,12,aldehyde,0.0,0.0,0.0,8.359375
12155,15.274,715.41194,715.30253,152.9562603391206,C45H69O8P,CCC=CCC=CCC=CCC=CCC=CCC=CCCC(=O)OC(COC(=O)CCCC=CCC=CCC=CCC=CCCCCC)COP(=O)(O)O,[M-H]-,PA 20:4_22:6,"PA 20:4(5,8,11,14)_22:6(4,7,10,13,16,19)",0.9539999999999971,0.8835400000000391,0.0,0.18375400000000364,Some,Some,-52.163199999999996,15,aldehyde,99.10714285714286,60.136054421768705,80.08264462809917,70.78125
11716,15.045,717.52699,717.31853,290.61008642833394,C45H69O8P,CCC=CCC=CCC=CCC=CCC=CCC=CCCC(=O)OC(COC(=O)CCCC=CCC=CCC=CCC=CCCCCC)COP(=O)(O)O,[M-H]-,PA 20:4_22:6,"PA 20:4(5,8,11,14)_22:6(4,7,10,13,16,19)",0.49599999999999866,0.7844900000000052,0.3253950654527936,0.38836505236223534,Some,Some,-50.147200000000005,15,criegee,43.03571428571429,23.06122448979592,35.9504132231405,33.28125
12256,15.293,741.39498,741.38413,14.634788581197322,C45H69O8P,CCC=CCC=CCC=CCC=CCC=CCC=CCCC(=O)OC(COC(=O)CCCC=CCC=CCC=CCC=CCCCCC)COP(=O)(O)O,[M-H]-,PA 20:4_22:6,"PA 20:4(5,8,11,14)_22:6(4,7,10,13,16,19)",0.9919999999999973,0.9820999999999458,0.0,0.1974099999999943,Some,Some,-26.081599999999995,18,aldehyde,450.0,429.93197278911566,518.1818181818181,451.5625
12197,15.282,757.38961,757.3835300000001,8.027636935653343,C45H69O8P,CCC=CCC=CCC=CCC=CCC=CCC=CCCC(=O)OC(COC(=O)CCCC=CCC=CCC=CCC=CCCCCC)COP(=O)(O)O,[M-H]-,PA 20:4_22:6,"PA 20:4(5,8,11,14)_22:6(4,7,10,13,16,19)",0.9699999999999989,0.9868700000000672,0.0,0.1956870000000066,Some,Some,-10.082199999999995,18,criegee,17.857142857142858,72.10884353741497,0.0,75.15625
11716,15.045,717.52699,717.31853,290.61008642833394,C45H69O8P,CCC=CCC=CCC=CCC=CCC=CCC=CCCC(=O)OC(COC(=O)CCCCCCC=CCC=CCC=CCC=CCC)COP(=O)(O)O,[M-H]-,PA 20:4_22:6,"PA 20:4(8,11,14,17)_22:6(4,7,10,13,16,19)",0.49599999999999866,0.7844900000000052,0.3253950654527936,0.38836505236223534,Some,Some,-50.147200000000005,3,criegee,43.03571428571429,23.06122448979592,35.9504132231405,33.28125
12256,15.293,741.39498,741.38413,14.634788581197322,C45H69O8P,CCC=CCC=CCC=CCC=CCC=CCC=CCCC(=O)OC(COC(=O)CCCCCCC=CCC=CCC=CCC=CCC)COP(=O)(O)O,[M-H]-,PA 20:4_22:6,"PA 20:4(8,11,14,17)_22:6(4,7,10,13,16,19)",0.9919999999999973,0.9820999999999458,0.0,0.1974099999999943,Some,Some,-26.081599999999995,6,aldehyde,450.0,429.93197278911566,518.1818181818181,451.5625
12197,15.282,757.38961,757.3835300000001,8.027636935653343,C45H69O8P,CCC=CCC=CCC=CCC=CCC=CCC=CCCC(=O)OC(COC(=O)CCCCCCC=CCC=CCC=CCC=CCC)COP(=O)(O)O,[M-H]-,PA 20:4_22:6,"PA 20:4(8,11,14,17)_22:6(4,7,10,13,16,19)",0.9699999999999989,0.9868700000000672,0.0,0.1956870000000066,Some,Some,-10.082199999999995,6,criegee,17.857142857142858,72.10884353741497,0.0,75.15625
12089,15.247,621.34004,621.18913,242.93728385116327,C45H69O8P,CCC=CCC=CCC=CCC=CCC=CCC=CCCC(=O)OC(COC(=O)CCCCCCC=CCC=CCC=CCC=CCC)COP(=O)(O)O,[M-H]-,PA 20:4_22:6,"PA 20:4(8,11,14,17)_22:6(4,7,10,13,16,19)",0.8999999999999986,0.8420399999999972,0.0,0.17420399999999958,Some,Some,-146.27659999999997,9,aldehyde,6.258928571428571,0.0,0.0,0.0
12578,15.437,637.3919,637.18853,319.1677037876841,C45H69O8P,CCC=CCC=CCC=CCC=CCC=CCC=CCCC(=O)OC(COC(=O)CCCCCCC=CCC=CCC=CCC=CCC)COP(=O)(O)O,[M-H]-,PA 20:4_22:6,"PA 20:4(8,11,14,17)_22:6(4,7,10,13,16,19)",0.7200000000000024,0.7895800000000008,0.0,0.15095800000000031,Some,Some,-130.27719999999997,9,criegee,19.464285714285715,0.0,17.355371900826448,30.9375
12471,15.39,661.29529,661.25413,62.245357923119144,C45H69O8P,CCC=CCC=CCC=CCC=CCC=CCC=CCCC(=O)OC(COC(=O)CCCCCCC=CCC=CCC=CCC=CCC)COP(=O)(O)O,[M-H]-,PA 20:4_22:6,"PA 20:4(8,11,14,17)_22:6(4,7,10,13,16,19)",0.8140000000000001,0.95178999999996,0.0,0.17657899999999602,Some,Some,-106.21159999999999,12,aldehyde,0.0,0.0,29.09090909090909,0.0
12503,15.406,677.42255,677.25353,249.5668055064193,C45H69O8P,CCC=CCC=CCC=CCC=CCC=CCC=CCCC(=O)OC(COC(=O)CCCCCCC=CCC=CCC=CCC=CCC)COP(=O)(O)O,[M-H]-,PA 20:4_22:6,"PA 20:4(8,11,14,17)_22:6(4,7,10,13,16,19)",0.782,0.8239300000000185,0.0,0.16059300000000187,Some,Some,-90.2122,12,criegee,0.0,0.0,3.041322314049587,0.0
12282,15.297,835.54583,835.5342,13.91923873369669,C43H81O13P,CCCCCCC=CCCCCCCCCCC(=O)OC(COC(=O)CCCCCCCCCCCCCCC)COP(=O)(O)OC1C(O)C(O)C(O)C(O)C1O,[M-H]-,PI 16:0_18:1,PI 16:0_18:1(11),0.8559999999999981,0.8884699999999839,0.5799207465378985,0.638383597230317,All,All,0.0,0,substrate,12088.652482269503,0.0,20258.225324027913,0.0
12282,15.297,835.54583,835.5342,13.91923873369669,C43H81O13P,CCCCCCCCC=CCCCCCCCC(=O)OC(COC(=O)CCCCCCCCCCCCCCC)COP(=O)(O)OC1C(O)C(O)C(O)C(O)C1O,[M-H]-,PI 16:0_18:1,PI 16:0_18:1(9),0.4060000000000006,0.17597000000000662,0.381086737040243,0.3630663896321952,All,All,0.0,0,substrate,0.0,0.0,0.0,7684.496185007474
12282,15.297,835.54583,835.5342,13.91923873369669,C43H81O13P,CCCCCCCCCCCC=CCCCCC(=O)OC(COC(=O)CCCCCCCCCCCCCCC)COP(=O)(O)OC1C(O)C(O)C(O)C(O)C1O,[M-H]-,PI 16:0_18:1,PI 16:0_18:1(6),0.8000000000000007,0.5404300000000148,0.06263810176696544,0.1841534814135739,All,Some,0.0,0,substrate,474911.34751773044,495000.0,500741.77467597206,455315.50381499255
12045,15.225,753.46776,753.3446,163.4842806333043,C43H81O13P,CCCCCCC=CCCCCCCCCCC(=O)OC(COC(=O)CCCCCCCCCCCCCCC)COP(=O)(O)OC1C(O)C(O)C(O)C(O)C1O,[M-H]-,PI 16:0_18:1,PI 16:0_18:1(11),0.8559999999999981,0.8884699999999839,0.5799207465378985,0.638383597230317,All,All,-82.1896,7,aldehyde,5.749486652977413,0.0,7.485604606525912,0.0
12751,15.475,683.36067,683.2096000000001,221.11808733350722,C43H81O13P,CCCCCCCCCCCC=CCCCCC(=O)OC(COC(=O)CCCCCCCCCCCCCCC)COP(=O)(O)OC1C(O)C(O)C(O)C(O)C1O,[M-H]-,PI 16:0_18:1,PI 16:0_18:1(6),0.6440000000000019,0.8605600000000777,0.0,0.15045600000000797,All,Some,-152.32459999999998,12,aldehyde,0.0,0.0,0.0,2.24622030237581
12356,15.319,698.44093,699.2090000000001,1098.4841442259462,C43H81O13P,CCCCCCCCCCCC=CCCCCC(=O)OC(COC(=O)CCCCCCCCCCCCCCC)COP(=O)(O)OC1C(O)C(O)C(O)C(O)C1O,[M-H]-,PI 16:0_18:1,PI 16:0_18:1(6),0.9559999999999995,0.22029999999995198,0.12527620353393087,0.21785096282713987,All,Some,-136.32519999999997,12,criegee,0.0,0.0,0.0,2.311015118790497
12518,15.409,724.50035,725.2906,1089.5632729832905,C43H81O13P,CCCCCCCCC=CCCCCCCCC(=O)OC(COC(=O)CCCCCCCCCCCCCCC)COP(=O)(O)OC1C(O)C(O)C(O)C(O)C1O,[M-H]-,PI 16:0_18:1,PI 16:0_18:1(9),0.7759999999999998,0.19812000000001717,0.2018803269545876,0.2589162615636718,All,All,-110.24359999999999,9,aldehyde,0.0,8.383838383838384,0.0,6.52267818574514
13470,15.779,740.45545,741.2900000000001,1125.8077135804283,C43H81O13P,CCCCCCCCC=CCCCCCCCC(=O)OC(COC(=O)CCCCCCCCCCCCCCC)COP(=O)(O)OC1C(O)C(O)C(O)C(O)C1O,[M-H]-,PI 16:0_18:1,PI 16:0_18:1(9),0.036000000000001364,0.15381999999999607,0.5602931471258984,0.4672165177007185,All,All,-94.24419999999999,9,criegee,225.87268993839837,184.84848484848484,185.02879078694818,263.49892008639307
12296,15.301,699.49706,699.49703,0.042887959135357756,C39H73O8P,CCCCCCCCC=CCCCCCCCC(=O)OC(COC(=O)CCCCCCCC=CCCCCCCCC)COP(=O)(O)O,[M-H]-,PA 18:1_18:1,PA 18:1(9)_18:1(9),0.9860000000000007,0.904655000000048,0.0,0.18906550000000488,All,None,0.0,0,substrate,47775.0,67672.54928375769,73775.75757575758,60161.34289439375
12296,15.301,699.49706,699.49703,0.042887959135357756,C39H73O8P,CCCCCCCCC=CCCCCCCCC(=O)OC(COC(=O)CCCCC=CCCCCCCCCCCC)COP(=O)(O)O,[M-H]-,PA 18:1_18:1,PA 18:1(6)_18:1(9),0.8905000000000003,0.8785350000000278,0.0,0.17690350000000282,All,None,0.0,0,substrate,67447.05882352941,67672.54928375769,73775.75757575758,87033.40938722294
12296,15.301,699.49706,699.49703,0.042887959135357756,C39H73O8P,CCCCCCCCCCCC=CCCCCC(=O)OC(COC(=O)CCCCC=CCCCCCCCCCCC)COP(=O)(O)O,[M-H]-,PA 18:1_18:1,PA 18:1(6)_18:1(6),0.7949999999999999,0.8524150000000077,0.0,0.16474150000000076,All,None,0.0,0,substrate,78327.94117647059,73333.33333333333,86333.33333333333,80127.9335071708
12296,15.301,699.49706,699.49703,0.042887959135357756,C39H73O8P,CCCCCCCCC=CCCCCCCCC(=O)OC(COC(=O)CCCCCCCCCC=CCCCCCC)COP(=O)(O)O,[M-H]-,PA 18:1_18:1,PA 18:1(11)_18:1(9),0.6000000000000005,0.929660000000041,0.0,0.15296600000000415,All,None,0.0,0,substrate,19672.058823529413,0.0,0.0,26872.066492829203
12296,15.301,699.49706,699.49703,0.042887959135357756,C39H73O8P,CCCCCCCCCCCC=CCCCCC(=O)OC(COC(=O)CCCCCCCCCC=CCCCCCC)COP(=O)(O)O,[M-H]-,PA 18:1_18:1,PA 18:1(11)_18:1(6),0.5045000000000002,0.9035400000000209,0.0,0.1408040000000021,All,None,0.0,0,substrate,50225.0,5660.784049575644,12557.575757575758,46838.65710560626
12296,15.301,699.49706,699.49703,0.042887959135357756,C39H73O8P,CCCCCCC=CCCCCCCCCCC(=O)OC(COC(=O)CCCCCCCCCC=CCCCCCC)COP(=O)(O)O,[M-H]-,PA 18:1_18:1,PA 18:1(11)_18:1(11),0.2140000000000004,0.9546650000000341,0.0,0.11686650000000345,All,None,0.0,0,substrate,30552.94117647059,5660.784049575644,12557.575757575758,19966.590612777054
11497,14.962,617.28684,617.30743,33.354531306986104,C39H73O8P,CCCCCCC=CCCCCCCCCCC(=O)OC(COC(=O)CCCCCCCCCC=CCCCCCC)COP(=O)(O)O,[M-H]-,PA 18:1_18:1,PA 18:1(11)_18:1(11),0.3219999999999992,0.9793799999999919,0.0,0.13013799999999912,All,None,-82.1896,7,aldehyde,43200.0,52400.0,41900.0,43500.0
13344,15.748,633.37691,633.30683,110.65726229411064,C39H73O8P,CCCCCCC=CCCCCCCCCCC(=O)OC(COC(=O)CCCCCCCCCC=CCCCCCC)COP(=O)(O)O,[M-H]-,PA 18:1_18:1,PA 18:1(11)_18:1(11),0.10600000000000165,0.9299500000000762,0.0,0.10359500000000779,All,None,-66.1902,7,criegee,23100.0,16100.0,19200.0,25500.0
11877,15.115,547.30415,547.1724300000001,240.72850307895254,C39H73O8P,CCCCCCCCCCCC=CCCCCC(=O)OC(COC(=O)CCCCCCCCCC=CCCCCCC)COP(=O)(O)O,[M-H]-,PA 18:1_18:1,PA 18:1(11)_18:1(6),0.6280000000000001,0.8683099999999513,0.0,0.14963099999999513,All,None,-152.32459999999998,7,aldehyde,0.0,0.0,0.0,2320.0
12198,15.282,563.33534,563.17183,290.33767544796024,C39H73O8P,CCCCCCCCCCCC=CCCCCC(=O)OC(COC(=O)CCCCCCCCCC=CCCCCCC)COP(=O)(O)O,[M-H]-,PA 18:1_18:1,PA 18:1(11)_18:1(6),0.9619999999999997,0.8365200000000641,0.0,0.1798520000000064,All,None,-136.32519999999997,7,criegee,27300.0,0.0,0.0,28500.0
11497,14.962,617.28684,617.30743,33.354531306986104,C39H73O8P,CCCCCCCCCCCC=CCCCCC(=O)OC(COC(=O)CCCCCCCCCC=CCCCCCC)COP(=O)(O)O,[M-H]-,PA 18:1_18:1,PA 18:1(11)_18:1(6),0.3219999999999992,0.9793799999999919,0.0,0.13013799999999912,All,None,-82.1896,12,aldehyde,43200.0,52400.0,41900.0,43500.0
13344,15.748,633.37691,633.30683,110.65726229411064,C39H73O8P,CCCCCCCCCCCC=CCCCCC(=O)OC(COC(=O)CCCCCCCCCC=CCCCCCC)COP(=O)(O)O,[M-H]-,PA 18:1_18:1,PA 18:1(11)_18:1(6),0.10600000000000165,0.9299500000000762,0.0,0.10359500000000779,All,None,-66.1902,12,criegee,23100.0,16100.0,19200.0,25500.0
12262,15.294,589.35093,589.25343,165.46361045360086,C39H73O8P,CCCCCCCCC=CCCCCCCCC(=O)OC(COC(=O)CCCCCCCCCC=CCCCCCC)COP(=O)(O)O,[M-H]-,PA 18:1_18:1,PA 18:1(11)_18:1(9),0.9860000000000007,0.9025300000000698,0.0,0.18885300000000704,All,None,-110.24359999999999,7,aldehyde,15100.0,5730.0,0.0,0.0
12325,15.308,605.34608,605.25283,154.06784632467034,C39H73O8P,CCCCCCCCC=CCCCCCCCC(=O)OC(COC(=O)CCCCCCCCCC=CCCCCCC)COP(=O)(O)O,[M-H]-,PA 18:1_18:1,PA 18:1(11)_18:1(9),0.9860000000000007,0.9067800000000261,0.0,0.1892780000000027,All,None,-94.24419999999999,7,criegee,27300.0,0.0,10400.0,22900.0
11497,14.962,617.28684,617.30743,33.354531306986104,C39H73O8P,CCCCCCCCC=CCCCCCCCC(=O)OC(COC(=O)CCCCCCCCCC=CCCCCCC)COP(=O)(O)O,[M-H]-,PA 18:1_18:1,PA 18:1(11)_18:1(9),0.3219999999999992,0.9793799999999919,0.0,0.13013799999999912,All,None,-82.1896,9,aldehyde,43200.0,52400.0,41900.0,43500.0
13344,15.748,633.37691,633.30683,110.65726229411064,C39H73O8P,CCCCCCCCC=CCCCCCCCC(=O)OC(COC(=O)CCCCCCCCCC=CCCCCCC)COP(=O)(O)O,[M-H]-,PA 18:1_18:1,PA 18:1(11)_18:1(9),0.10600000000000165,0.9299500000000762,0.0,0.10359500000000779,All,None,-66.1902,9,criegee,23100.0,16100.0,19200.0,25500.0
11877,15.115,547.30415,547.1724300000001,240.72850307895254,C39H73O8P,CCCCCCCCCCCC=CCCCCC(=O)OC(COC(=O)CCCCC=CCCCCCCCCCCC)COP(=O)(O)O,[M-H]-,PA 18:1_18:1,PA 18:1(6)_18:1(6),0.6280000000000001,0.8683099999999513,0.0,0.14963099999999513,All,None,-152.32459999999998,12,aldehyde,0.0,0.0,0.0,2320.0
12198,15.282,563.33534,563.17183,290.33767544796024,C39H73O8P,CCCCCCCCCCCC=CCCCCC(=O)OC(COC(=O)CCCCC=CCCCCCCCCCCC)COP(=O)(O)O,[M-H]-,PA 18:1_18:1,PA 18:1(6)_18:1(6),0.9619999999999997,0.8365200000000641,0.0,0.1798520000000064,All,None,-136.32519999999997,12,criegee,27300.0,0.0,0.0,28500.0
12262,15.294,589.35093,589.25343,165.46361045360086,C39H73O8P,CCCCCCCCC=CCCCCCCCC(=O)OC(COC(=O)CCCCC=CCCCCCCCCCCC)COP(=O)(O)O,[M-H]-,PA 18:1_18:1,PA 18:1(6)_18:1(9),0.9860000000000007,0.9025300000000698,0.0,0.18885300000000704,All,None,-110.24359999999999,9,aldehyde,15100.0,5730.0,0.0,0.0
12325,15.308,605.34608,605.25283,154.06784632467034,C39H73O8P,CCCCCCCCC=CCCCCCCCC(=O)OC(COC(=O)CCCCC=CCCCCCCCCCCC)COP(=O)(O)O,[M-H]-,PA 18:1_18:1,PA 18:1(6)_18:1(9),0.9860000000000007,0.9067800000000261,0.0,0.1892780000000027,All,None,-94.24419999999999,9,criegee,27300.0,0.0,10400.0,22900.0
11877,15.115,547.30415,547.1724300000001,240.72850307895254,C39H73O8P,CCCCCCCCC=CCCCCCCCC(=O)OC(COC(=O)CCCCC=CCCCCCCCCCCC)COP(=O)(O)O,[M-H]-,PA 18:1_18:1,PA 18:1(6)_18:1(9),0.6280000000000001,0.8683099999999513,0.0,0.14963099999999513,All,None,-152.32459999999998,12,aldehyde,0.0,0.0,0.0,2320.0
12198,15.282,563.33534,563.17183,290.33767544796024,C39H73O8P,CCCCCCCCC=CCCCCCCCC(=O)OC(COC(=O)CCCCC=CCCCCCCCCCCC)COP(=O)(O)O,[M-H]-,PA 18:1_18:1,PA 18:1(6)_18:1(9),0.9619999999999997,0.8365200000000641,0.0,0.1798520000000064,All,None,-136.32519999999997,12,criegee,27300.0,0.0,0.0,28500.0
12262,15.294,589.35093,589.25343,165.46361045360086,C39H73O8P,CCCCCCCCC=CCCCCCCCC(=O)OC(COC(=O)CCCCCCCC=CCCCCCCCC)COP(=O)(O)O,[M-H]-,PA 18:1_18:1,PA 18:1(9)_18:1(9),0.9860000000000007,0.9025300000000698,0.0,0.18885300000000704,All,None,-110.24359999999999,9,aldehyde,15100.0,5730.0,0.0,0.0
12325,15.308,605.34608,605.25283,154.06784632467034,C39H73O8P,CCCCCCCCC=CCCCCCCCC(=O)OC(COC(=O)CCCCCCCC=CCCCCCCCC)COP(=O)(O)O,[M-H]-,PA 18:1_18:1,PA 18:1(9)_18:1(9),0.9860000000000007,0.9067800000000261,0.0,0.1892780000000027,All,None,-94.24419999999999,9,criegee,27300.0,0.0,10400.0,22900.0
12318,15.305,804.57642,804.57601,0.5095851664630556,C42H82NO8P,CCCCCCCCC=CCCCCCCCC(=O)OC(COC(=O)CCCCCCCCCCCCCCC)COP(=O)([O-])OCC[N+](C)(C)C,[M+HCOO]-,PC 16:0_18:1,PC 16:0_18:1(9),0.8609999999999989,0.8881549999999834,0.2147095584603362,0.3466831467682672,All,Some,0.0,0,substrate,0.0,0.0,64557.46140651801,307915.8593966233
12318,15.305,804.57642,804.57601,0.5095851664630556,C42H82NO8P,CCCCCCCCCCCC=CCCCCC(=O)OC(COC(=O)CCCCCCCCCCCCCCC)COP(=O)([O-])OCC[N+](C)(C)C,[M+HCOO]-,PC 16:0_18:1,PC 16:0_18:1(6),0.8599999999999994,0.8894699999999602,0.0,0.17494699999999597,All,None,0.0,0,substrate,271428.5714285714,0.0,233888.5077186964,398906.7257127041
12318,15.305,804.57642,804.57601,0.5095851664630556,C42H82NO8P,CCCCCCC=CCCCCCCCCCC(=O)OC(COC(=O)CCCCCCCCCCCCCCC)COP(=O)([O-])OCC[N+](C)(C)C,[M+HCOO]-,PC 16:0_18:1,PC 16:0_18:1(11),0.44599999999999795,0.8376299999999901,0.0,0.1283629999999988,All,None,0.0,0,substrate,318571.4285714286,265000.0,318554.0308747857,543177.4148906725
13065,15.582,722.54919,722.38641,225.33646500907724,C42H82NO8P,CCCCCCC=CCCCCCCCCCC(=O)OC(COC(=O)CCCCCCCCCCCCCCC)COP(=O)([O-])OCC[N+](C)(C)C,[M+HCOO]-,PC 16:0_18:1,PC 16:0_18:1(11),0.44599999999999795,0.8376299999999901,0.0,0.1283629999999988,All,None,-82.1896,7,aldehyde,0.0,0.0,0.9886547811993517,1.424
12401,15.349,652.34751,652.2514100000001,147.3358256135905,C42H82NO8P,CCCCCCCCCCCC=CCCCCC(=O)OC(COC(=O)CCCCCCCCCCCCCCC)COP(=O)([O-])OCC[N+](C)(C)C,[M+HCOO]-,PC 16:0_18:1,PC 16:0_18:1(6),0.911999999999999,0.9043099999998958,0.0,0.1816309999999895,All,None,-152.32459999999998,12,aldehyde,0.0,0.0,0.0,0.6928
12496,15.401,668.37659,668.25081,188.22274229635929,C42H82NO8P,CCCCCCCCCCCC=CCCCCC(=O)OC(COC(=O)CCCCCCCCCCCCCCC)COP(=O)([O-])OCC[N+](C)(C)C,[M+HCOO]-,PC 16:0_18:1,PC 16:0_18:1(6),0.8079999999999998,0.8746300000000247,0.0,0.16826300000000244,All,None,-136.32519999999997,12,criegee,3.2203389830508473,0.0,3.581847649918963,1.1520000000000001
12339,15.311,694.42822,694.33241,137.9886616556306,C42H82NO8P,CCCCCCCCC=CCCCCCCCC(=O)OC(COC(=O)CCCCCCCCCCCCCCC)COP(=O)([O-])OCC[N+](C)(C)C,[M+HCOO]-,PC 16:0_18:1,PC 16:0_18:1(9),0.9879999999999995,0.9045999999999594,0.0,0.1892599999999959,All,Some,-110.24359999999999,9,aldehyde,0.0,5.509433962264151,0.0,0.0
12584,15.438,710.46051,710.33181,181.18293195961576,C42H82NO8P,CCCCCCCCC=CCCCCCCCC(=O)OC(COC(=O)CCCCCCCCCCCCCCC)COP(=O)([O-])OCC[N+](C)(C)C,[M+HCOO]-,PC 16:0_18:1,PC 16:0_18:1(9),0.7339999999999982,0.8717100000000073,0.4294191169206724,0.5041062935365386,All,Some,-94.24419999999999,9,criegee,3.7796610169491527,16.452830188679247,4.878444084278769,2.512
12590,15.438,808.55161,808.51341,47.24720645012024,C44H76NO10P,CCC=CCC=CCC=CCC=CCCCCCCC(=O)OC(COC(=O)CCCCCCCC=CCCCCCCCC)COP(=O)(O)OCC(N)C(=O)O,[M-H]-,PS 18:1_20:4,"PS 18:1(9)_20:4(8,11,14,17)",0.572000000000001,0.8341149999999828,0.34602919653232433,0.4174348572258578,Some,Some,0.0,0,substrate,53887.24917719504,70619.25041037438,0.0,50551.589754531735
12590,15.438,808.55161,808.51341,47.24720645012024,C44H76NO10P,CCC=CCC=CCC=CCC=CCCCCCCC(=O)OC(COC(=O)CCCCCCCCCC=CCCCCCC)COP(=O)(O)OCC(N)C(=O)O,[M-H]-,PS 18:1_20:4,"PS 18:1(11)_20:4(8,11,14,17)",0.5630000000000003,0.7581989999999905,0.31732543055293794,0.3859802444423494,All,Some,0.0,0,substrate,21079.467034717058,15826.198367778277,0.0,14251.185295123583
12590,15.438,808.55161,808.51341,47.24720645012024,C44H76NO10P,CCC=CCC=CCC=CCC=CCCCCCCC(=O)OC(COC(=O)CCCCC=CCCCCCCCCCCC)COP(=O)(O)OCC(N)C(=O)O,[M-H]-,PS 18:1_20:4,"PS 18:1(6)_20:4(8,11,14,17)",0.5590000000000006,0.8223299999999796,0.29518072792295347,0.37427758233836084,Some,Some,0.0,0,substrate,50506.47627136639,68888.48914309188,0.0,47516.89535828703
12590,15.438,808.55161,808.51341,47.24720645012024,C44H76NO10P,CCCCCC=CCC=CCC=CCC=CCCCC(=O)OC(COC(=O)CCCCCCCC=CCCCCCCCC)COP(=O)(O)OCC(N)C(=O)O,[M-H]-,PS 18:1_20:4,"PS 18:1(9)_20:4(5,8,11,14)",0.8150000000000008,0.7959049999999905,0.1991197594033526,0.32038630752268127,Some,Some,0.0,0,substrate,17057.70251619068,14441.170283427497,0.0,11631.94821413443
12590,15.438,808.55161,808.51341,47.24720645012024,C44H76NO10P,CCCCCC=CCC=CCC=CCC=CCCCC(=O)OC(COC(=O)CCCCCCCCCC=CCCCCCC)COP(=O)(O)OCC(N)C(=O)O,[M-H]-,PS 18:1_20:4,"PS 18:1(11)_20:4(5,8,11,14)",0.7868000000000006,0.7172280000000001,0.19979788084976052,0.31024110467980853,All,Some,0.0,0,substrate,52392.82301730545,71025.74881939717,0.0,48651.33653595736
12590,15.438,808.55161,808.51341,47.24720645012024,C44H76NO10P,CCCCCC=CCC=CCC=CCC=CCCCC(=O)OC(COC(=O)CCCCC=CCCCCCCCCCCC)COP(=O)(O)OCC(N)C(=O)O,[M-H]-,PS 18:1_20:4,"PS 18:1(6)_20:4(5,8,11,14)",0.7210000000000005,0.7828249999999883,0.1482712907939818,0.26899953263518434,Some,Some,0.0,0,substrate,12076.281983225397,12199.142975930774,0.0,9397.044841965882
12775,15.479,660.42411,660.22081,307.92728269200256,C44H76NO10P,CCCCCC=CCC=CCC=CCC=CCCCC(=O)OC(COC(=O)CCCCCCCCCC=CCCCCCC)COP(=O)(O)OCC(N)C(=O)O,[M-H]-,PS 18:1_20:4,"PS 18:1(11)_20:4(5,8,11,14)",0.9180000000000028,0.8348999999999478,0.0,0.17528999999999506,All,Some,-148.29259999999996,6,aldehyde,6.231884057971015,0.0,0.0,0.0
12677,15.459,676.38371,676.2202100000001,241.78514274201504,C44H76NO10P,CCCCCC=CCC=CCC=CCC=CCCCC(=O)OC(COC(=O)CCCCCCCCCC=CCCCCCC)COP(=O)(O)OCC(N)C(=O)O,[M-H]-,PS 18:1_20:4,"PS 18:1(11)_20:4(5,8,11,14)",0.958000000000002,0.8747000000000753,0.0,0.18327000000000776,All,Some,-132.29319999999996,6,criegee,0.0,0.0,0.0,16.978021978021978
12658,15.456,620.35657,620.1558100000001,323.72509740728805,C44H76NO10P,CCCCCC=CCC=CCC=CCC=CCCCC(=O)OC(COC(=O)CCCCCCCCCC=CCCCCCC)COP(=O)(O)OCC(N)C(=O)O,[M-H]-,PS 18:1_20:4,"PS 18:1(11)_20:4(5,8,11,14)",0.9640000000000022,0.8374400000000151,0.0,0.18014400000000175,All,Some,-188.35759999999993,7,aldehyde,0.0,0.0,2550000000.0,12.692307692307692
12589,15.438,636.38812,636.1552100000001,366.12134324865997,C44H76NO10P,CCCCCC=CCC=CCC=CCC=CCCCC(=O)OC(COC(=O)CCCCCCCCCC=CCCCCCC)COP(=O)(O)OCC(N)C(=O)O,[M-H]-,PS 18:1_20:4,"PS 18:1(11)_20:4(5,8,11,14)",1.0,0.8052900000001273,0.0,0.18052900000001273,All,Some,-172.35819999999993,7,criegee,63.28502415458937,17.90513833992095,0.0,81.31868131868131
12295,15.301,700.5003,700.2858100000001,306.28922782250174,C44H76NO10P,CCCCCC=CCC=CCC=CCC=CCCCC(=O)OC(COC(=O)CCCCCCCCCC=CCCCCCC)COP(=O)(O)OCC(N)C(=O)O,[M-H]-,PS 18:1_20:4,"PS 18:1(11)_20:4(5,8,11,14)",0.7259999999999991,0.8237100000000055,0.7852059950619548,0.7831357960495644,All,Some,-108.2276,9,aldehyde,65.21739130434783,35.177865612648226,11200000000.0,49.94505494505495
12744,15.474,716.34963,716.28521,89.93624201739556,C44H76NO10P,CCCCCC=CCC=CCC=CCC=CCCCC(=O)OC(COC(=O)CCCCCCCCCC=CCCCCCC)COP(=O)(O)OCC(N)C(=O)O,[M-H]-,PS 18:1_20:4,"PS 18:1(11)_20:4(5,8,11,14)",0.9280000000000008,0.9737799999999197,0.0,0.19017799999999208,All,Some,-92.2282,9,criegee,9.61352657004831,0.0,2740000000.0,14.945054945054945
12977,15.547,725.50785,726.32381,1123.4107828573297,C44H76NO10P,CCCCCC=CCC=CCC=CCC=CCCCC(=O)OC(COC(=O)CCCCCCCCCC=CCCCCCC)COP(=O)(O)OCC(N)C(=O)O,[M-H]-,PS 18:1_20:4,"PS 18:1(11)_20:4(5,8,11,14)",0.782,0.14584000000002106,0.31262572504368347,0.3428845800349489,All,Some,-82.1896,12,aldehyde,0.0,0.0,1480000000.0,0.0
13504,15.787,739.45179,740.35081,1214.316223953431,C44H76NO10P,CCCCCC=CCC=CCC=CCC=CCCCC(=O)OC(COC(=O)CCCCCCCCCC=CCCCCCC)COP(=O)(O)OCC(N)C(=O)O,[M-H]-,PS 18:1_20:4,"PS 18:1(11)_20:4(5,8,11,14)",0.3019999999999996,0.06277999999997519,0.40096433128989956,0.3572494650319171,All,Some,-68.1626,12,criegee,1251.2077294685992,1260.8695652173913,235000000000.0,1741.7582417582416
11853,15.105,742.53948,742.32321,291.34209612011,C44H76NO10P,CCCCCC=CCC=CCC=CCC=CCCCC(=O)OC(COC(=O)CCCCCCCCCC=CCCCCCC)COP(=O)(O)OCC(N)C(=O)O,[M-H]-,PS 18:1_20:4,"PS 18:1(11)_20:4(5,8,11,14)",0.33399999999999963,0.8219299999999521,0.4991827571020676,0.5149392056816493,All,Some,-66.1902,15,aldehyde,25.893719806763283,14.74308300395257,5200000000.0,27.857142857142858
12685,15.46,756.38032,756.3502100000001,39.80960089893062,C44H76NO10P,CCCCCC=CCC=CCC=CCC=CCCCC(=O)OC(COC(=O)CCCCCCCCCC=CCCCCCC)COP(=O)(O)OCC(N)C(=O)O,[M-H]-,PS 18:1_20:4,"PS 18:1(11)_20:4(5,8,11,14)",0.9559999999999995,0.9919099999999617,0.0,0.19479099999999613,All,Some,-52.163199999999996,15,criegee,0.0,3.430830039525692,1080000000.0,0.0
12659,15.456,702.43544,702.30181,190.2743209503127,C44H76NO10P,CCC=CCC=CCC=CCC=CCCCCCCC(=O)OC(COC(=O)CCCCCCCCCC=CCCCCCC)COP(=O)(O)OCC(N)C(=O)O,[M-H]-,PS 18:1_20:4,"PS 18:1(11)_20:4(8,11,14,17)",0.9640000000000022,0.9045700000000352,0.0,0.18685700000000374,All,Some,-106.21159999999999,3,aldehyde,0.0,0.0,3300000000.0,27.582417582417584
11716,15.045,717.52699,718.3012100000001,1077.8486646293238,C44H76NO10P,CCC=CCC=CCC=CCC=CCCCCCCC(=O)OC(COC(=O)CCCCCCCCCC=CCCCCCC)COP(=O)(O)OCC(N)C(=O)O,[M-H]-,PS 18:1_20:4,"PS 18:1(11)_20:4(8,11,14,17)",0.21399999999999864,0.1875799999999117,0.7331278253468725,0.626660260277489,All,Some,-90.2122,3,criegee,23.285024154589372,13.399209486166008,4350000000.0,23.406593406593405
12977,15.547,725.50785,726.32381,1123.4107828573297,C44H76NO10P,CCC=CCC=CCC=CCC=CCCCCCCC(=O)OC(COC(=O)CCCCCCCCCC=CCCCCCC)COP(=O)(O)OCC(N)C(=O)O,[M-H]-,PS 18:1_20:4,"PS 18:1(11)_20:4(8,11,14,17)",0.782,0.14584000000002106,0.31262572504368347,0.3428845800349489,All,Some,-82.1896,6,aldehyde,0.0,0.0,1480000000.0,0.0
11853,15.105,742.53948,742.32321,291.34209612011,C44H76NO10P,CCC=CCC=CCC=CCC=CCCCCCCC(=O)OC(COC(=O)CCCCCCCCCC=CCCCCCC)COP(=O)(O)OCC(N)C(=O)O,[M-H]-,PS 18:1_20:4,"PS 18:1(11)_20:4(8,11,14,17)",0.33399999999999963,0.8219299999999521,0.4991827571020676,0.5149392056816493,All,Some,-66.1902,6,criegee,25.893719806763283,14.74308300395257,5200000000.0,27.857142857142858
12547,15.422,662.40396,662.2368100000001,252.4021580737541,C44H76NO10P,CCC=CCC=CCC=CCC=CCCCCCCC(=O)OC(COC(=O)CCCCCCCCCC=CCCCCCC)COP(=O)(O)OCC(N)C(=O)O,[M-H]-,PS 18:1_20:4,"PS 18:1(11)_20:4(8,11,14,17)",0.968,0.871050000000082,0.0,0.1839050000000082,All,Some,-146.27659999999997,7,aldehyde,80.19323671497585,11.383399209486166,13800000000.0,78.02197802197803
12244,15.289,678.3987,678.23621,239.57730006767744,C44H76NO10P,CCC=CCC=CCC=CCC=CCCCCCCC(=O)OC(COC(=O)CCCCCCCCCC=CCCCCCC)COP(=O)(O)OCC(N)C(=O)O,[M-H]-,PS 18:1_20:4,"PS 18:1(11)_20:4(8,11,14,17)",0.7019999999999982,0.8757100000000264,0.0,0.15777100000000246,All,Some,-130.27719999999997,7,criegee,181.15942028985506,82.6086956521739,31900000000.0,129.67032967032966
11853,15.105,742.53948,742.36681,232.5939113577009,C44H76NO10P,CCC=CCC=CCC=CCC=CCCCCCCC(=O)OC(COC(=O)CCCCCCCCCC=CCCCCCC)COP(=O)(O)OCC(N)C(=O)O,[M-H]-,PS 18:1_20:4,"PS 18:1(11)_20:4(8,11,14,17)",0.33399999999999963,0.8655299999999215,0.4991827571020676,0.5192992056816462,All,Some,-66.1466,9,aldehyde,25.893719806763283,14.74308300395257,5200000000.0,27.857142857142858
12702,15.464,758.42912,758.36621,82.9546453552935,C44H76NO10P,CCC=CCC=CCC=CCC=CCCCCCCC(=O)OC(COC(=O)CCCCCCCCCC=CCCCCCC)COP(=O)(O)OCC(N)C(=O)O,[M-H]-,PS 18:1_20:4,"PS 18:1(11)_20:4(8,11,14,17)",0.9480000000000004,0.9752899999999727,0.0,0.1923289999999973,All,Some,-50.147200000000005,9,criegee,131.8840579710145,116.20553359683794,0.0,154.3956043956044
13483,15.783,782.46457,782.43181,41.86946335929169,C44H76NO10P,CCC=CCC=CCC=CCC=CCCCCCCC(=O)OC(COC(=O)CCCCCCCCCC=CCCCCCC)COP(=O)(O)OCC(N)C(=O)O,[M-H]-,PS 18:1_20:4,"PS 18:1(11)_20:4(8,11,14,17)",0.3100000000000023,0.9945599999999786,0.5349031941742648,0.5583785553394099,All,Some,-26.081599999999995,12,aldehyde,62.80193236714976,45.45454545454545,14200000000.0,79.67032967032966
13843,15.901,798.52948,798.4312100000001,123.07885609826899,C44H76NO10P,CCC=CCC=CCC=CCC=CCCCCCCC(=O)OC(COC(=O)CCCCCCCCCC=CCCCCCC)COP(=O)(O)OCC(N)C(=O)O,[M-H]-,PS 18:1_20:4,"PS 18:1(11)_20:4(8,11,14,17)",0.07400000000000162,0.9399300000000039,0.5942320467604231,0.576778637408339,All,Some,-10.082199999999995,12,criegee,24.92753623188406,0.0,0.0,0.0
11514,14.965,656.36166,656.1888100000001,263.4150375102035,C44H76NO10P,CCCCCC=CCC=CCC=CCC=CCCCC(=O)OC(COC(=O)CCCCC=CCCCCCCCCCCC)COP(=O)(O)OCC(N)C(=O)O,[M-H]-,PS 18:1_20:4,"PS 18:1(6)_20:4(5,8,11,14)",0.053999999999998494,0.8653500000000349,0.0,0.09193500000000335,Some,Some,-152.32459999999998,6,aldehyde,0.0,0.0,1180000000.0,0.0
12775,15.479,660.42411,660.22081,307.92728269200256,C44H76NO10P,CCCCCC=CCC=CCC=CCC=CCCCC(=O)OC(COC(=O)CCCCC=CCCCCCCCCCCC)COP(=O)(O)OCC(N)C(=O)O,[M-H]-,PS 18:1_20:4,"PS 18:1(6)_20:4(5,8,11,14)",0.9180000000000028,0.8348999999999478,0.0,0.17528999999999506,Some,Some,-148.29259999999996,6,criegee,6.231884057971015,0.0,0.0,0.0
12750,15.475,672.39094,672.18821,301.59707799691114,C44H76NO10P,CCCCCC=CCC=CCC=CCC=CCCCC(=O)OC(COC(=O)CCCCC=CCCCCCCCCCCC)COP(=O)(O)OCC(N)C(=O)O,[M-H]-,PS 18:1_20:4,"PS 18:1(6)_20:4(5,8,11,14)",0.9260000000000019,0.8354699999999866,0.0,0.17614699999999886,Some,Some,-136.32519999999997,9,aldehyde,0.0,0.0,0.0,5.076923076923077
12677,15.459,676.38371,676.2202100000001,241.78514274201504,C44H76NO10P,CCCCCC=CCC=CCC=CCC=CCCCC(=O)OC(COC(=O)CCCCC=CCCCCCCCCCCC)COP(=O)(O)OCC(N)C(=O)O,[M-H]-,PS 18:1_20:4,"PS 18:1(6)_20:4(5,8,11,14)",0.958000000000002,0.8747000000000753,0.0,0.18327000000000776,Some,Some,-132.29319999999996,9,criegee,0.0,0.0,0.0,16.978021978021978
12295,15.301,700.5003,700.2858100000001,306.28922782250174,C44H76NO10P,CCCCCC=CCC=CCC=CCC=CCCCC(=O)OC(COC(=O)CCCCC=CCCCCCCCCCCC)COP(=O)(O)OCC(N)C(=O)O,[M-H]-,PS 18:1_20:4,"PS 18:1(6)_20:4(5,8,11,14)",0.7259999999999991,0.8237100000000055,0.7852059950619548,0.7831357960495644,Some,Some,-108.2276,12,aldehyde,65.21739130434783,35.177865612648226,11200000000.0,49.94505494505495
12744,15.474,716.34963,716.28521,89.93624201739556,C44H76NO10P,CCCCCC=CCC=CCC=CCC=CCCCC(=O)OC(COC(=O)CCCCC=CCCCCCCCCCCC)COP(=O)(O)OCC(N)C(=O)O,[M-H]-,PS 18:1_20:4,"PS 18:1(6)_20:4(5,8,11,14)",0.9280000000000008,0.9737799999999197,0.0,0.19017799999999208,Some,Some,-92.2282,12,criegee,9.61352657004831,0.0,2740000000.0,14.945054945054945
13504,15.787,739.45179,740.35081,1214.316223953431,C44H76NO10P,CCCCCC=CCC=CCC=CCC=CCCCC(=O)OC(COC(=O)CCCCC=CCCCCCCCCCCC)COP(=O)(O)OCC(N)C(=O)O,[M-H]-,PS 18:1_20:4,"PS 18:1(6)_20:4(5,8,11,14)",0.3019999999999996,0.06277999999997519,0.40096433128989956,0.3572494650319171,Some,Some,-68.1626,15,aldehyde,1251.2077294685992,1260.8695652173913,235000000000.0,1741.7582417582416
12685,15.46,756.38032,756.3502100000001,39.80960089893062,C44H76NO10P,CCCCCC=CCC=CCC=CCC=CCCCC(=O)OC(COC(=O)CCCCC=CCCCCCCCCCCC)COP(=O)(O)OCC(N)C(=O)O,[M-H]-,PS 18:1_20:4,"PS 18:1(6)_20:4(5,8,11,14)",0.9559999999999995,0.9919099999999617,0.0,0.19479099999999613,Some,Some,-52.163199999999996,15,criegee,0.0,3.430830039525692,1080000000.0,0.0
12750,15.475,672.39094,672.18821,301.59707799691114,C44H76NO10P,CCC=CCC=CCC=CCC=CCCCCCCC(=O)OC(COC(=O)CCCCC=CCCCCCCCCCCC)COP(=O)(O)OCC(N)C(=O)O,[M-H]-,PS 18:1_20:4,"PS 18:1(6)_20:4(8,11,14,17)",0.9260000000000019,0.8354699999999866,0.0,0.17614699999999886,Some,Some,-136.32519999999997,3,aldehyde,0.0,0.0,0.0,5.076923076923077
12244,15.289,678.3987,678.23621,239.57730006767744,C44H76NO10P,CCC=CCC=CCC=CCC=CCCCCCCC(=O)OC(COC(=O)CCCCC=CCCCCCCCCCCC)COP(=O)(O)OCC(N)C(=O)O,[M-H]-,PS 18:1_20:4,"PS 18:1(6)_20:4(8,11,14,17)",0.7019999999999982,0.8757100000000264,0.0,0.15777100000000246,Some,Some,-130.27719999999997,3,criegee,181.15942028985506,82.6086956521739,31900000000.0,129.67032967032966
12659,15.456,702.43544,702.30181,190.2743209503127,C44H76NO10P,CCC=CCC=CCC=CCC=CCCCCCCC(=O)OC(COC(=O)CCCCC=CCCCCCCCCCCC)COP(=O)(O)OCC(N)C(=O)O,[M-H]-,PS 18:1_20:4,"PS 18:1(6)_20:4(8,11,14,17)",0.9640000000000022,0.9045700000000352,0.0,0.18685700000000374,Some,Some,-106.21159999999999,6,aldehyde,0.0,0.0,3300000000.0,27.582417582417584
11716,15.045,717.52699,718.3012100000001,1077.8486646293238,C44H76NO10P,CCC=CCC=CCC=CCC=CCCCCCCC(=O)OC(COC(=O)CCCCC=CCCCCCCCCCCC)COP(=O)(O)OCC(N)C(=O)O,[M-H]-,PS 18:1_20:4,"PS 18:1(6)_20:4(8,11,14,17)",0.21399999999999864,0.1875799999999117,0.7331278253468725,0.626660260277489,Some,Some,-90.2122,6,criegee,23.285024154589372,13.399209486166008,4350000000.0,23.406593406593405
11853,15.105,742.53948,742.36681,232.5939113577009,C44H76NO10P,CCC=CCC=CCC=CCC=CCCCCCCC(=O)OC(COC(=O)CCCCC=CCCCCCCCCCCC)COP(=O)(O)OCC(N)C(=O)O,[M-H]-,PS 18:1_20:4,"PS 18:1(6)_20:4(8,11,14,17)",0.33399999999999963,0.8655299999999215,0.4991827571020676,0.5192992056816462,Some,Some,-66.1466,9,aldehyde,25.893719806763283,14.74308300395257,5200000000.0,27.857142857142858
12702,15.464,758.42912,758.36621,82.9546453552935,C44H76NO10P,CCC=CCC=CCC=CCC=CCCCCCCC(=O)OC(COC(=O)CCCCC=CCCCCCCCCCCC)COP(=O)(O)OCC(N)C(=O)O,[M-H]-,PS 18:1_20:4,"PS 18:1(6)_20:4(8,11,14,17)",0.9480000000000004,0.9752899999999727,0.0,0.1923289999999973,Some,Some,-50.147200000000005,9,criegee,131.8840579710145,116.20553359683794,0.0,154.3956043956044
13483,15.783,782.46457,782.43181,41.86946335929169,C44H76NO10P,CCC=CCC=CCC=CCC=CCCCCCCC(=O)OC(COC(=O)CCCCC=CCCCCCCCCCCC)COP(=O)(O)OCC(N)C(=O)O,[M-H]-,PS 18:1_20:4,"PS 18:1(6)_20:4(8,11,14,17)",0.3100000000000023,0.9945599999999786,0.5349031941742648,0.5583785553394099,Some,Some,-26.081599999999995,12,aldehyde,62.80193236714976,45.45454545454545,14200000000.0,79.67032967032966
13843,15.901,798.52948,798.4312100000001,123.07885609826899,C44H76NO10P,CCC=CCC=CCC=CCC=CCCCCCCC(=O)OC(COC(=O)CCCCC=CCCCCCCCCCCC)COP(=O)(O)OCC(N)C(=O)O,[M-H]-,PS 18:1_20:4,"PS 18:1(6)_20:4(8,11,14,17)",0.07400000000000162,0.9399300000000039,0.5942320467604231,0.576778637408339,Some,Some,-10.082199999999995,12,criegee,24.92753623188406,0.0,0.0,0.0
12775,15.479,660.42411,660.22081,307.92728269200256,C44H76NO10P,CCCCCC=CCC=CCC=CCC=CCCCC(=O)OC(COC(=O)CCCCCCCC=CCCCCCCCC)COP(=O)(O)OCC(N)C(=O)O,[M-H]-,PS 18:1_20:4,"PS 18:1(9)_20:4(5,8,11,14)",0.9180000000000028,0.8348999999999478,0.0,0.17528999999999506,Some,Some,-148.29259999999996,6,aldehyde,6.231884057971015,0.0,0.0,0.0
12677,15.459,676.38371,676.2202100000001,241.78514274201504,C44H76NO10P,CCCCCC=CCC=CCC=CCC=CCCCC(=O)OC(COC(=O)CCCCCCCC=CCCCCCCCC)COP(=O)(O)OCC(N)C(=O)O,[M-H]-,PS 18:1_20:4,"PS 18:1(9)_20:4(5,8,11,14)",0.958000000000002,0.8747000000000753,0.0,0.18327000000000776,Some,Some,-132.29319999999996,6,criegee,0.0,0.0,0.0,16.978021978021978
12356,15.319,698.44093,698.26981,245.0628647398826,C44H76NO10P,CCCCCC=CCC=CCC=CCC=CCCCC(=O)OC(COC(=O)CCCCCCCC=CCCCCCCCC)COP(=O)(O)OCC(N)C(=O)O,[M-H]-,PS 18:1_20:4,"PS 18:1(9)_20:4(5,8,11,14)",0.7620000000000005,0.8670799999999872,0.40678774887496644,0.48833819909997195,Some,Some,-110.24359999999999,9,aldehyde,0.0,0.0,0.0,5.879120879120879
12295,15.301,700.5003,700.2858100000001,306.28922782250174,C44H76NO10P,CCCCCC=CCC=CCC=CCC=CCCCC(=O)OC(COC(=O)CCCCCCCC=CCCCCCCCC)COP(=O)(O)OCC(N)C(=O)O,[M-H]-,PS 18:1_20:4,"PS 18:1(9)_20:4(5,8,11,14)",0.7259999999999991,0.8237100000000055,0.7852059950619548,0.7831357960495644,Some,Some,-108.2276,9,criegee,65.21739130434783,35.177865612648226,11200000000.0,49.94505494505495
12644,15.453,714.36903,714.26921,139.75122909177165,C44H76NO10P,CCCCCC=CCC=CCC=CCC=CCCCC(=O)OC(COC(=O)CCCCCCCC=CCCCCCCCC)COP(=O)(O)OCC(N)C(=O)O,[M-H]-,PS 18:1_20:4,"PS 18:1(9)_20:4(5,8,11,14)",0.9700000000000024,0.938380000000052,0.0,0.19083800000000545,Some,Some,-94.24419999999999,12,aldehyde,49.75845410628019,40.316205533596836,11000000000.0,42.857142857142854
12744,15.474,716.34963,716.28521,89.93624201739556,C44H76NO10P,CCCCCC=CCC=CCC=CCC=CCCCC(=O)OC(COC(=O)CCCCCCCC=CCCCCCCCC)COP(=O)(O)OCC(N)C(=O)O,[M-H]-,PS 18:1_20:4,"PS 18:1(9)_20:4(5,8,11,14)",0.9280000000000008,0.9737799999999197,0.0,0.19017799999999208,Some,Some,-92.2282,12,criegee,9.61352657004831,0.0,2740000000.0,14.945054945054945
13504,15.787,739.45179,740.35081,1214.316223953431,C44H76NO10P,CCCCCC=CCC=CCC=CCC=CCCCC(=O)OC(COC(=O)CCCCCCCC=CCCCCCCCC)COP(=O)(O)OCC(N)C(=O)O,[M-H]-,PS 18:1_20:4,"PS 18:1(9)_20:4(5,8,11,14)",0.3019999999999996,0.06277999999997519,0.40096433128989956,0.3572494650319171,Some,Some,-68.1626,15,aldehyde,1251.2077294685992,1260.8695652173913,235000000000.0,1741.7582417582416
12685,15.46,756.38032,756.3502100000001,39.80960089893062,C44H76NO10P,CCCCCC=CCC=CCC=CCC=CCCCC(=O)OC(COC(=O)CCCCCCCC=CCCCCCCCC)COP(=O)(O)OCC(N)C(=O)O,[M-H]-,PS 18:1_20:4,"PS 18:1(9)_20:4(5,8,11,14)",0.9559999999999995,0.9919099999999617,0.0,0.19479099999999613,Some,Some,-52.163199999999996,15,criegee,0.0,3.430830039525692,1080000000.0,0.0
12356,15.319,698.44093,698.26981,245.0628647398826,C44H76NO10P,CCC=CCC=CCC=CCC=CCCCCCCC(=O)OC(COC(=O)CCCCCCCC=CCCCCCCCC)COP(=O)(O)OCC(N)C(=O)O,[M-H]-,PS 18:1_20:4,"PS 18:1(9)_20:4(8,11,14,17)",0.7620000000000005,0.8670799999999872,0.40678774887496644,0.48833819909997195,Some,Some,-110.24359999999999,3,aldehyde,0.0,0.0,0.0,5.879120879120879
12659,15.456,702.43544,702.30181,190.2743209503127,C44H76NO10P,CCC=CCC=CCC=CCC=CCCCCCCC(=O)OC(COC(=O)CCCCCCCC=CCCCCCCCC)COP(=O)(O)OCC(N)C(=O)O,[M-H]-,PS 18:1_20:4,"PS 18:1(9)_20:4(8,11,14,17)",0.9640000000000022,0.9045700000000352,0.0,0.18685700000000374,Some,Some,-106.21159999999999,3,criegee,0.0,0.0,3300000000.0,27.582417582417584
12644,15.453,714.36903,714.26921,139.75122909177165,C44H76NO10P,CCC=CCC=CCC=CCC=CCCCCCCC(=O)OC(COC(=O)CCCCCCCC=CCCCCCCCC)COP(=O)(O)OCC(N)C(=O)O,[M-H]-,PS 18:1_20:4,"PS 18:1(9)_20:4(8,11,14,17)",0.9700000000000024,0.938380000000052,0.0,0.19083800000000545,Some,Some,-94.24419999999999,6,aldehyde,49.75845410628019,40.316205533596836,11000000000.0,42.857142857142854
11716,15.045,717.52699,718.3012100000001,1077.8486646293238,C44H76NO10P,CCC=CCC=CCC=CCC=CCCCCCCC(=O)OC(COC(=O)CCCCCCCC=CCCCCCCCC)COP(=O)(O)OCC(N)C(=O)O,[M-H]-,PS 18:1_20:4,"PS 18:1(9)_20:4(8,11,14,17)",0.21399999999999864,0.1875799999999117,0.7331278253468725,0.626660260277489,Some,Some,-90.2122,6,criegee,23.285024154589372,13.399209486166008,4350000000.0,23.406593406593405
11853,15.105,742.53948,742.36681,232.5939113577009,C44H76NO10P,CCC=CCC=CCC=CCC=CCCCCCCC(=O)OC(COC(=O)CCCCCCCC=CCCCCCCCC)COP(=O)(O)OCC(N)C(=O)O,[M-H]-,PS 18:1_20:4,"PS 18:1(9)_20:4(8,11,14,17)",0.33399999999999963,0.8655299999999215,0.4991827571020676,0.5192992056816462,Some,Some,-66.1466,9,aldehyde,25.893719806763283,14.74308300395257,5200000000.0,27.857142857142858
12702,15.464,758.42912,758.36621,82.9546453552935,C44H76NO10P,CCC=CCC=CCC=CCC=CCCCCCCC(=O)OC(COC(=O)CCCCCCCC=CCCCCCCCC)COP(=O)(O)OCC(N)C(=O)O,[M-H]-,PS 18:1_20:4,"PS 18:1(9)_20:4(8,11,14,17)",0.9480000000000004,0.9752899999999727,0.0,0.1923289999999973,Some,Some,-50.147200000000005,9,criegee,131.8840579710145,116.20553359683794,0.0,154.3956043956044
13483,15.783,782.46457,782.43181,41.86946335929169,C44H76NO10P,CCC=CCC=CCC=CCC=CCCCCCCC(=O)OC(COC(=O)CCCCCCCC=CCCCCCCCC)COP(=O)(O)OCC(N)C(=O)O,[M-H]-,PS 18:1_20:4,"PS 18:1(9)_20:4(8,11,14,17)",0.3100000000000023,0.9945599999999786,0.5349031941742648,0.5583785553394099,Some,Some,-26.081599999999995,12,aldehyde,62.80193236714976,45.45454545454545,14200000000.0,79.67032967032966
13843,15.901,798.52948,798.4312100000001,123.07885609826899,C44H76NO10P,CCC=CCC=CCC=CCC=CCCCCCCC(=O)OC(COC(=O)CCCCCCCC=CCCCCCCCC)COP(=O)(O)OCC(N)C(=O)O,[M-H]-,PS 18:1_20:4,"PS 18:1(9)_20:4(8,11,14,17)",0.07400000000000162,0.9399300000000039,0.5942320467604231,0.576778637408339,Some,Some,-10.082199999999995,12,criegee,24.92753623188406,0.0,0.0,0.0
12629,15.449,742.53943,742.53923,0.26934603854328715,C41H78NO8P,CCCCCC=CCC=CCCCCCCCC(=O)OC(COC(=O)CCCCCCCCCCCCCCCCC)COP(=O)(O)OCCN,[M-H]-,PE 18:0_18:2,"PE 18:0_18:2(9,12)",0.9070000000000009,0.9312725000000626,0.12810477052733246,0.2863110664218723,All,Some,0.0,0,substrate,95880.31338556425,78823.87210405093,90542.50210406455,100983.75870069607
12629,15.449,742.53943,742.53923,0.26934603854328715,C41H78NO8P,CCCCCCCCC=CCC=CCCCCC(=O)OC(COC(=O)CCCCCCCCCCCCCCCCC)COP(=O)(O)OCCN,[M-H]-,PE 18:0_18:2,"PE 18:0_18:2(6,9)",0.6095000000000006,0.8748575000000756,0.11001647714547658,0.23644893171638892,All,Some,0.0,0,substrate,326119.68661443575,275176.12789594906,321457.4978959355,367016.24129930395
12771,15.479,592.36281,592.23063,223.19007714941802,C41H78NO8P,CCCCCCCCC=CCC=CCCCCC(=O)OC(COC(=O)CCCCCCCCCCCCCCCCC)COP(=O)(O)OCCN,[M-H]-,PE 18:0_18:2,"PE 18:0_18:2(6,9)",0.9400000000000013,0.868020000000115,0.0,0.18080200000001165,All,Some,-150.30859999999996,9,aldehyde,0.0,0.0,1.5970873786407764,5.769230769230769
13529,15.793,608.36554,608.23003,222.7939978562943,C41H78NO8P,CCCCCCCCC=CCC=CCCCCC(=O)OC(COC(=O)CCCCCCCCCCCCCCCCC)COP(=O)(O)OCCN,[M-H]-,PE 18:0_18:2,"PE 18:0_18:2(6,9)",0.31200000000000117,0.8646900000001096,0.0,0.11766900000001108,All,Some,-134.30919999999995,9,criegee,6.516587677725119,0.0,0.0,0.0
12558,15.427,632.39385,632.29563,155.33872976487757,C41H78NO8P,CCCCCCCCC=CCC=CCCCCC(=O)OC(COC(=O)CCCCCCCCCCCCCCCCC)COP(=O)(O)OCCN,[M-H]-,PE 18:0_18:2,"PE 18:0_18:2(6,9)",0.9559999999999995,0.9019799999999805,0.0,0.18579799999999802,All,Some,-110.24359999999999,12,aldehyde,6.563981042654028,1.734463276836158,0.0,7.094017094017094
13681,15.834,648.43049,648.29503,208.94807723570915,C41H78NO8P,CCCCCCCCC=CCC=CCCCCC(=O)OC(COC(=O)CCCCCCCCCCCCCCCCC)COP(=O)(O)OCCN,[M-H]-,PE 18:0_18:2,"PE 18:0_18:2(6,9)",0.23000000000000043,0.8647400000000971,0.4400659085819063,0.46152672686553486,All,Some,-94.24419999999999,12,criegee,19.218009478672986,16.836158192090394,19.95145631067961,16.944444444444446
12595,15.442,634.40865,634.3116299999999,152.9532100807346,C41H78NO8P,CCCCCC=CCC=CCCCCCCCC(=O)OC(COC(=O)CCCCCCCCCCCCCCCCC)COP(=O)(O)OCCN,[M-H]-,PE 18:0_18:2,"PE 18:0_18:2(9,12)",0.9860000000000007,0.903180000000134,0.0,0.18891800000001346,All,Some,-108.2276,6,aldehyde,17.60663507109005,14.237288135593221,16.91747572815534,15.341880341880342
12191,15.282,650.40347,650.31103,142.14736600732502,C41H78NO8P,CCCCCC=CCC=CCCCCCCCC(=O)OC(COC(=O)CCCCCCCCCCCCCCCCC)COP(=O)(O)OCCN,[M-H]-,PE 18:0_18:2,"PE 18:0_18:2(9,12)",0.6660000000000004,0.907760000000053,0.5124190821093298,0.5673112656874693,All,Some,-92.2282,6,criegee,23.05687203791469,9.77401129943503,0.0,28.63247863247863
12594,15.441,674.44006,674.37663,94.05723327043435,C41H78NO8P,CCCCCC=CCC=CCCCCCCCC(=O)OC(COC(=O)CCCCCCCCCCCCCCCCC)COP(=O)(O)OCCN,[M-H]-,PE 18:0_18:2,"PE 18:0_18:2(9,12)",0.9840000000000018,0.9367700000000241,0.0,0.1920770000000026,All,Some,-68.1626,9,aldehyde,16.587677725118482,15.056497175141242,15.4126213592233,16.28205128205128
12610,15.445,690.39885,690.37603,33.05445005097333,C41H78NO8P,CCCCCC=CCC=CCCCCCCCC(=O)OC(COC(=O)CCCCCCCCCCCCCCCCC)COP(=O)(O)OCCN,[M-H]-,PE 18:0_18:2,"PE 18:0_18:2(9,12)",0.9920000000000009,0.9773800000000392,0.0,0.19693800000000403,All,Some,-52.163199999999996,9,criegee,52.60663507109005,25.76271186440678,44.1747572815534,48.07692307692308
12714,15.465,723.49629,723.49703,1.0228100037268557,C41H73O8P,CCCCCC=CCC=CCC=CCC=CCCCC(=O)OC(COC(=O)CCCCCCCCCCCCCCCCC)COP(=O)(O)O,[M-H]-,PA 18:0_20:4,"PA 18:0_20:4(5,8,11,14)",0.8107500000000001,0.9207362500000613,0.0,0.17314862500000616,All,None,0.0,0,substrate,60145.27442526794,22764.912049107286,35773.05055836256,122184.33931484501
12714,15.465,723.49629,723.49703,1.0228100037268557,C41H73O8P,CCC=CCC=CCC=CCC=CCCCCCCC(=O)OC(COC(=O)CCCCCCCCCCCCCCCCC)COP(=O)(O)O,[M-H]-,PA 18:0_20:4,"PA 18:0_20:4(8,11,14,17)",0.7224999999999997,0.9419150000000087,0.0,0.16644150000000085,All,None,0.0,0,substrate,152854.72557473203,42335.08795089271,116226.94944163745,119815.66068515497
12899,15.516,535.30394,535.1394300000001,307.4152095276369,C41H73O8P,CCCCCC=CCC=CCC=CCC=CCCCC(=O)OC(COC(=O)CCCCCCCCCCCCCCCCC)COP(=O)(O)O,[M-H]-,PA 18:0_20:4,"PA 18:0_20:4(5,8,11,14)",0.8979999999999997,0.8347500000000991,0.0,0.1732750000000099,All,None,-188.35759999999993,6,aldehyde,6.291079812206572,0.0,0.0,4.256198347107438
12608,15.445,551.2989,551.1388300000001,290.43498894807516,C41H73O8P,CCCCCC=CCC=CCC=CCC=CCCCC(=O)OC(COC(=O)CCCCCCCCCCCCCCCCC)COP(=O)(O)O,[M-H]-,PA 18:0_20:4,"PA 18:0_20:4(5,8,11,14)",0.9600000000000009,0.8391900000001442,0.0,0.1799190000000145,All,None,-172.35819999999993,6,criegee,8.4037558685446,25.038402457757297,8.092105263157896,10.206611570247933
11884,15.12,575.22256,575.20443,31.51922873758456,C41H73O8P,CCCCCC=CCC=CCC=CCC=CCCCC(=O)OC(COC(=O)CCCCCCCCCCCCCCCCC)COP(=O)(O)O,[M-H]-,PA 18:0_20:4,"PA 18:0_20:4(5,8,11,14)",0.3099999999999987,0.9811300000000074,0.0,0.12911300000000062,All,None,-148.29259999999996,9,aldehyde,2.6901408450704225,0.0,0.0,0.0
12588,15.438,591.33039,591.20383,214.07168488730312,C41H73O8P,CCCCCC=CCC=CCC=CCC=CCCCC(=O)OC(COC(=O)CCCCCCCCCCCCCCCCC)COP(=O)(O)O,[M-H]-,PA 18:0_20:4,"PA 18:0_20:4(5,8,11,14)",0.9460000000000015,0.8727000000001226,0.0,0.1818700000000124,All,None,-132.29319999999996,9,criegee,14.319248826291082,38.095238095238095,0.0,18.966942148760328
12962,15.544,615.26907,615.26943,0.5851095186064779,C41H73O8P,CCCCCC=CCC=CCC=CCC=CCCCC(=O)OC(COC(=O)CCCCCCCCCCCCCCCCC)COP(=O)(O)O,[M-H]-,PA 18:0_20:4,"PA 18:0_20:4(5,8,11,14)",0.8419999999999987,0.9996200000000499,0.0,0.18416200000000488,All,None,-108.2276,12,aldehyde,54.460093896713616,199.69278033794163,76.97368421052632,47.107438016528924
12711,15.465,631.36125,631.26883,146.40355361765765,C41H73O8P,CCCCCC=CCC=CCC=CCC=CCCCC(=O)OC(COC(=O)CCCCCCCCCCCCCCCCC)COP(=O)(O)O,[M-H]-,PA 18:0_20:4,"PA 18:0_20:4(5,8,11,14)",1.0,0.9068399999999883,0.0,0.19068399999999885,All,None,-92.2282,12,criegee,11.924882629107982,10.629800307219663,5.934210526315789,3.9669421487603307
12200,15.284,655.322,655.33443,18.96741485106289,C41H73O8P,CCCCCC=CCC=CCC=CCC=CCCCC(=O)OC(COC(=O)CCCCCCCCCCCCCCCCC)COP(=O)(O)O,[M-H]-,PA 18:0_20:4,"PA 18:0_20:4(5,8,11,14)",0.6380000000000017,0.9883099999999558,0.0,0.16263099999999575,All,None,-68.1626,15,aldehyde,0.0,52.07373271889401,0.0,11.074380165289256
12905,15.519,671.38974,671.33383,83.28196420538822,C41H73O8P,CCCCCC=CCC=CCC=CCC=CCCCC(=O)OC(COC(=O)CCCCCCCCCCCCCCCCC)COP(=O)(O)O,[M-H]-,PA 18:0_20:4,"PA 18:0_20:4(5,8,11,14)",0.8919999999999995,0.9433500000001231,0.0,0.18353500000001227,All,None,-52.163199999999996,15,criegee,0.0,0.0,5.223684210526316,6.7355371900826455
12882,15.513,577.3146,577.2204300000001,163.14391366910345,C41H73O8P,CCC=CCC=CCC=CCC=CCCCCCCC(=O)OC(COC(=O)CCCCCCCCCCCCCCCCC)COP(=O)(O)O,[M-H]-,PA 18:0_20:4,"PA 18:0_20:4(8,11,14,17)",0.9039999999999999,0.9050900000000865,0.0,0.18090900000000865,All,None,-146.27659999999997,3,aldehyde,3.9061032863849765,0.0,18.421052631578945,0.0
12812,15.49,593.30943,593.21983,151.04012959246245,C41H73O8P,CCC=CCC=CCC=CCC=CCCCCCCC(=O)OC(COC(=O)CCCCCCCCCCCCCCCCC)COP(=O)(O)O,[M-H]-,PA 18:0_20:4,"PA 18:0_20:4(8,11,14,17)",0.9499999999999993,0.9096600000000308,0.0,0.18596600000000302,All,None,-130.27719999999997,3,criegee,7.370892018779343,18.433179723502306,0.0,4.421487603305785
13318,15.742,617.3819,617.28543,156.28102545681966,C41H73O8P,CCC=CCC=CCC=CCC=CCCCCCCC(=O)OC(COC(=O)CCCCCCCCCCCCCCCCC)COP(=O)(O)O,[M-H]-,PA 18:0_20:4,"PA 18:0_20:4(8,11,14,17)",0.44599999999999795,0.9027900000000955,0.0,0.13487900000000935,All,None,-106.21159999999999,6,aldehyde,0.0,0.0,0.0,10.206611570247933
13344,15.748,633.37691,633.28483,145.40060907490275,C41H73O8P,CCC=CCC=CCC=CCC=CCCCCCCC(=O)OC(COC(=O)CCCCCCCCCCCCCCCCC)COP(=O)(O)O,[M-H]-,PA 18:0_20:4,"PA 18:0_20:4(8,11,14,17)",0.43400000000000105,0.9071800000001531,0.0,0.13411800000001542,All,None,-90.2122,6,criegee,10.84507042253521,24.731182795698924,12.631578947368421,10.537190082644628
12562,15.43,657.33738,657.35043,19.852424832075357,C41H73O8P,CCC=CCC=CCC=CCC=CCCCCCCC(=O)OC(COC(=O)CCCCCCCCCCCCCCCCC)COP(=O)(O)O,[M-H]-,PA 18:0_20:4,"PA 18:0_20:4(8,11,14,17)",0.9299999999999997,0.9876900000000433,0.0,0.1917690000000043,All,None,-66.1466,9,aldehyde,24.272300469483568,0.0,0.0,14.834710743801653
13289,15.73,673.33233,673.34983,25.989462268136204,C41H73O8P,CCC=CCC=CCC=CCC=CCCCCCCC(=O)OC(COC(=O)CCCCCCCCCCCCCCCCC)COP(=O)(O)O,[M-H]-,PA 18:0_20:4,"PA 18:0_20:4(8,11,14,17)",0.46999999999999886,0.9832399999999097,0.0,0.14532399999999085,All,None,-50.147200000000005,9,criegee,1.4835680751173708,0.0,0.0,0.0
12292,15.3,697.405,697.41543,14.955218297997979,C41H73O8P,CCC=CCC=CCC=CCC=CCCCCCCC(=O)OC(COC(=O)CCCCCCCCCCCCCCCCC)COP(=O)(O)O,[M-H]-,PA 18:0_20:4,"PA 18:0_20:4(8,11,14,17)",0.6700000000000017,0.9903099999999085,0.0,0.16603099999999105,All,None,-26.081599999999995,12,aldehyde,113.6150234741784,242.70353302611366,150.0,0.0
12762,15.477,713.36345,713.41483,72.01980928838883,C41H73O8P,CCC=CCC=CCC=CCC=CCCCCCCC(=O)OC(COC(=O)CCCCCCCCCCCCCCCCC)COP(=O)(O)O,[M-H]-,PA 18:0_20:4,"PA 18:0_20:4(8,11,14,17)",0.9759999999999991,0.9493599999998423,0.0,0.19253599999998416,All,None,-10.082199999999995,12,criegee,87.79342723004694,319.50844854070664,131.57894736842107,60.33057851239669
12713,15.465,804.48689,804.57601,110.76641472317809,C42H82NO8P,CCCCCCCCC=CCCCCCCCC(=O)OC(COC(=O)CCCCCCCCCCCCCCC)COP(=O)([O-])OCC[N+](C)(C)C,[M+HCOO]-,PC 16:0_18:1,PC 16:0_18:1(9),0.8480000000000008,0.816250000000025,0.24232964582193758,0.3602887166575527,All,Some,0.0,0,substrate,17634.101512795136,0.0,93725.90011614401,27670.041691483028
12713,15.465,804.48689,804.57601,110.76641472317809,C42H82NO8P,CCCCCCCCCCCC=CCCCCC(=O)OC(COC(=O)CCCCCCCCCCCCCCC)COP(=O)([O-])OCC[N+](C)(C)C,[M+HCOO]-,PC 16:0_18:1,PC 16:0_18:1(6),0.9499999999999993,0.7824400000000082,0.0,0.17324400000000076,All,None,0.0,0,substrate,84327.72515198644,0.0,51056.91056910569,90160.81000595592
12713,15.465,804.48689,804.57601,110.76641472317809,C42H82NO8P,CCCCCCC=CCCCCCCCCCC(=O)OC(COC(=O)CCCCCCCCCCCCCCC)COP(=O)([O-])OCC[N+](C)(C)C,[M+HCOO]-,PC 16:0_18:1,PC 16:0_18:1(11),0.8109999999999982,0.7808550000000309,0.0,0.15918550000000292,All,None,0.0,0,substrate,200038.1733352184,348000.0,169217.18931475029,143169.14830256105
13065,15.582,722.54919,722.38641,225.33646500907724,C42H82NO8P,CCCCCCC=CCCCCCCCCCC(=O)OC(COC(=O)CCCCCCCCCCCCCCC)COP(=O)([O-])OCC[N+](C)(C)C,[M+HCOO]-,PC 16:0_18:1,PC 16:0_18:1(11),0.7659999999999982,0.7481000000000222,0.0,0.15141000000000204,All,None,-82.1896,7,aldehyde,0.0,0.0,1.9426751592356688,6.81992337164751
12942,15.537,738.48308,738.38581,131.7333007794129,C42H82NO8P,CCCCCCC=CCCCCCCCCCC(=O)OC(COC(=O)CCCCCCCCCCCCCCC)COP(=O)([O-])OCC[N+](C)(C)C,[M+HCOO]-,PC 16:0_18:1,PC 16:0_18:1(11),0.8559999999999981,0.8136100000000397,0.0,0.1669610000000038,All,None,-66.1902,7,criegee,2.7350993377483444,0.0,6.24203821656051,0.0
12557,15.427,652.38244,652.2514100000001,200.88879531881128,C42H82NO8P,CCCCCCCCCCCC=CCCCCC(=O)OC(COC(=O)CCCCCCCCCCCCCCC)COP(=O)([O-])OCC[N+](C)(C)C,[M+HCOO]-,PC 16:0_18:1,PC 16:0_18:1(6),0.9239999999999995,0.7798500000000104,0.0,0.170385000000001,All,None,-152.32459999999998,12,aldehyde,9.668874172185431,0.0,4.45859872611465,10.919540229885058
12765,15.477,668.37666,668.25081,188.3274933853264,C42H82NO8P,CCCCCCCCCCCC=CCCCCC(=O)OC(COC(=O)CCCCCCCCCCCCCCC)COP(=O)([O-])OCC[N+](C)(C)C,[M+HCOO]-,PC 16:0_18:1,PC 16:0_18:1(6),0.9759999999999991,0.7850300000000061,0.0,0.1761030000000005,All,None,-136.32519999999997,12,criegee,3.410596026490066,0.0,0.0,11.302681992337165
12385,15.34,694.39297,694.33241,87.22047124375123,C42H82NO8P,CCCCCCCCC=CCCCCCCCC(=O)OC(COC(=O)CCCCCCCCCCCCCCC)COP(=O)([O-])OCC[N+](C)(C)C,[M+HCOO]-,PC 16:0_18:1,PC 16:0_18:1(9),0.75,0.8503200000000106,0.0,0.16003200000000106,All,Some,-110.24359999999999,9,aldehyde,23.642384105960264,9.25287356321839,5.191082802547771,23.256704980842912
12584,15.438,710.46051,710.33181,181.18293195961576,C42H82NO8P,CCCCCCCCC=CCCCCCCCC(=O)OC(COC(=O)CCCCCCCCCCCCCCC)COP(=O)([O-])OCC[N+](C)(C)C,[M+HCOO]-,PC 16:0_18:1,PC 16:0_18:1(9),0.9460000000000015,0.7821800000000394,0.48465929164387517,0.5605454333151043,All,Some,-94.24419999999999,9,criegee,7.3841059602649,12.528735632183906,9.585987261146498,12.030651340996169
12746,15.474,854.59216,854.59166,0.5850747478487872,C46H84NO8P,CCC=CCC=CCC=CCC=CCCCCCCC(=O)OC(COC(=O)CCCCCCCCCCCCCCCCC)COP(=O)([O-])OCC[N+](C)(C)C,[M+HCOO]-,PC 18:0_20:4,"PC 18:0_20:4(8,11,14,17)",0.732285714285714,0.38323285714285965,0.40875304930864115,0.4385542965897703,All,Some,0.0,0,substrate,31841.66373637414,0.0,28594.183111993712,59059.35124624358
12746,15.474,854.59216,854.59166,0.5850747478487872,C46H84NO8P,CCCCCC=CCC=CCC=CCC=CCCCC(=O)OC(COC(=O)CCCCCCCCCCCCCCCCC)COP(=O)([O-])OCC[N+](C)(C)C,[M+HCOO]-,PC 18:0_20:4,"PC 18:0_20:4(5,8,11,14)",0.8039999999999994,0.8951975000000516,0.012930390349839291,0.18026406227987654,All,Some,0.0,0,substrate,141158.33626362585,0.0,86405.81688800629,145940.6487537564
12926,15.531,666.39861,666.2340600000001,246.98527121211603,C46H84NO8P,CCCCCC=CCC=CCC=CCC=CCCCC(=O)OC(COC(=O)CCCCCCCCCCCCCCCCC)COP(=O)([O-])OCC[N+](C)(C)C,[M+HCOO]-,PC 18:0_20:4,"PC 18:0_20:4(5,8,11,14)",0.8859999999999992,0.835950000000139,0.0,0.17219500000001384,All,Some,-188.35759999999993,6,aldehyde,0.0,0.0,28.434782608695652,0.0
12532,15.417,682.39363,682.2334600000002,234.77300570962905,C46H84NO8P,CCCCCC=CCC=CCC=CCC=CCCCC(=O)OC(COC(=O)CCCCCCCCCCCCCCCCC)COP(=O)([O-])OCC[N+](C)(C)C,[M+HCOO]-,PC 18:0_20:4,"PC 18:0_20:4(5,8,11,14)",0.8859999999999992,0.8403300000001082,0.0,0.17263300000001075,All,Some,-172.35819999999993,6,criegee,24.971098265895954,0.0,24.956521739130437,25.70731707317073
12766,15.477,706.39397,706.29906,134.37650617843587,C46H84NO8P,CCCCCC=CCC=CCC=CCC=CCCCC(=O)OC(COC(=O)CCCCCCCCCCCCCCCCC)COP(=O)([O-])OCC[N+](C)(C)C,[M+HCOO]-,PC 18:0_20:4,"PC 18:0_20:4(5,8,11,14)",0.9939999999999998,0.9055900000000747,0.0,0.18995900000000748,All,Some,-148.29259999999996,9,aldehyde,7.0520231213872835,0.0,0.0,14.146341463414632
13065,15.582,722.54919,722.2984600000001,347.12797255564163,C46H84NO8P,CCCCCC=CCC=CCC=CCC=CCCCC(=O)OC(COC(=O)CCCCCCCCCCCCCCCCC)COP(=O)([O-])OCC[N+](C)(C)C,[M+HCOO]-,PC 18:0_20:4,"PC 18:0_20:4(5,8,11,14)",0.7839999999999989,0.749770000000126,0.0,0.1533770000000125,All,Some,-132.29319999999996,9,criegee,0.0,0.0,5.304347826086957,8.682926829268292
12634,15.449,746.38656,746.3640600000001,30.146146104519943,C46H84NO8P,CCCCCC=CCC=CCC=CCC=CCCCC(=O)OC(COC(=O)CCCCCCCCCCCCCCCCC)COP(=O)([O-])OCC[N+](C)(C)C,[M+HCOO]-,PC 18:0_20:4,"PC 18:0_20:4(5,8,11,14)",0.9499999999999993,0.9779999999999518,0.0,0.19279999999999511,All,Some,-108.2276,12,aldehyde,0.0,16100000000.0,102.60869565217392,69.7560975609756
12902,15.518,762.38047,762.36346,22.312192139840775,C46H84NO8P,CCCCCC=CCC=CCC=CCC=CCCCC(=O)OC(COC(=O)CCCCCCCCCCCCCCCCC)COP(=O)([O-])OCC[N+](C)(C)C,[M+HCOO]-,PC 18:0_20:4,"PC 18:0_20:4(5,8,11,14)",0.911999999999999,0.9834900000000744,0.0,0.18954900000000735,All,Some,-92.2282,12,criegee,0.0,6140000000.0,39.565217391304344,8.0
13500,15.786,786.42734,786.42906,2.1871012753409746,C46H84NO8P,CCCCCC=CCC=CCC=CCC=CCCCC(=O)OC(COC(=O)CCCCCCCCCCCCCCCCC)COP(=O)([O-])OCC[N+](C)(C)C,[M+HCOO]-,PC 18:0_20:4,"PC 18:0_20:4(5,8,11,14)",0.3760000000000012,0.9977799999999206,0.0,0.1373779999999922,All,Some,-68.1626,15,aldehyde,97.6878612716763,20100000000.0,201.7391304347826,113.17073170731706
12268,15.296,802.55829,802.4284600000001,161.79635502954358,C46H84NO8P,CCCCCC=CCC=CCC=CCC=CCCCC(=O)OC(COC(=O)CCCCCCCCCCCCCCCCC)COP(=O)([O-])OCC[N+](C)(C)C,[M+HCOO]-,PC 18:0_20:4,"PC 18:0_20:4(5,8,11,14)",0.6439999999999984,0.8706700000000183,0.10344312279871433,0.23422149823897315,All,Some,-52.163199999999996,15,criegee,82.08092485549133,10400000000.0,120.0,78.53658536585367
11941,15.157,708.50199,708.3150600000001,263.90798467541754,C46H84NO8P,CCC=CCC=CCC=CCC=CCCCCCCC(=O)OC(COC(=O)CCCCCCCCCCCCCCCCC)COP(=O)([O-])OCC[N+](C)(C)C,[M+HCOO]-,PC 18:0_20:4,"PC 18:0_20:4(8,11,14,17)",0.36599999999999966,0.813570000000027,0.14730616214530393,0.2358019297162458,All,Some,-146.27659999999997,3,aldehyde,68.78612716763006,19300000000.0,133.91304347826087,67.8048780487805
12672,15.459,724.49989,724.31446,256.0075909571053,C46H84NO8P,CCC=CCC=CCC=CCC=CCCCCCCC(=O)OC(COC(=O)CCCCCCCCCCCCCCCCC)COP(=O)([O-])OCC[N+](C)(C)C,[M+HCOO]-,PC 18:0_20:4,"PC 18:0_20:4(8,11,14,17)",0.9699999999999989,0.8150699999999915,0.5573400985707881,0.6243790788566296,All,Some,-130.27719999999997,3,criegee,35.78034682080925,0.0,60.08695652173913,26.926829268292686
12695,15.461,763.45189,764.3794600000001,1213.4941459573752,C46H84NO8P,CCC=CCC=CCC=CCC=CCCCCCCC(=O)OC(COC(=O)CCCCCCCCCCCCCCCCC)COP(=O)([O-])OCC[N+](C)(C)C,[M+HCOO]-,PC 18:0_20:4,"PC 18:0_20:4(8,11,14,17)",0.9740000000000002,0.07193000000006577,0.5593583018561896,0.5520796414849584,All,Some,-90.2122,6,criegee,380.9248554913295,78800000000.0,637.3913043478261,319.0243902439025
13127,15.611,787.47155,788.44506,1234.7214148314063,C46H84NO8P,CCC=CCC=CCC=CCC=CCCCCCCC(=O)OC(COC(=O)CCCCCCCCCCCCCCCCC)COP(=O)([O-])OCC[N+](C)(C)C,[M+HCOO]-,PC 18:0_20:4,"PC 18:0_20:4(8,11,14,17)",0.7259999999999991,0.025989999999978863,0.5751937560682504,0.5353540048545982,All,Some,-66.1466,9,aldehyde,0.0,3430000000.0,56.52173913043478,0.0
12710,15.465,803.48346,804.44446,1194.613236568268,C46H84NO8P,CCC=CCC=CCC=CCC=CCCCCCCC(=O)OC(COC(=O)CCCCCCCCCCCCCCCCC)COP(=O)([O-])OCC[N+](C)(C)C,[M+HCOO]-,PC 18:0_20:4,"PC 18:0_20:4(8,11,14,17)",0.9819999999999993,0.03849999999999909,0.3212070777581804,0.3590156622065442,All,Some,-50.147200000000005,9,criegee,415.02890173410407,79300000000.0,629.5652173913044,335.1219512195122
11759,15.073,829.50099,828.5100600000001,1196.038585216376,C46H84NO8P,CCC=CCC=CCC=CCC=CCCCCCCC(=O)OC(COC(=O)CCCCCCCCCCCCCCCCC)COP(=O)([O-])OCC[N+](C)(C)C,[M+HCOO]-,PC 18:0_20:4,"PC 18:0_20:4(8,11,14,17)",0.1980000000000004,0.00957000000005337,0.7008659487617753,0.5814497590094256,All,Some,-26.081599999999995,12,aldehyde,38.38150289017341,7650000000.0,61.73913043478261,32.146341463414636
12904,15.519,844.41796,844.5094600000001,108.34692130045534,C46H84NO8P,CCC=CCC=CCC=CCC=CCCCCCCC(=O)OC(COC(=O)CCCCCCCCCCCCCCCCC)COP(=O)([O-])OCC[N+](C)(C)C,[M+HCOO]-,PC 18:0_20:4,"PC 18:0_20:4(8,11,14,17)",0.9100000000000001,0.9079999999999018,0.0,0.1817999999999902,All,Some,-10.082199999999995,12,criegee,0.0,2980000000.0,0.0,4.780487804878049
12785,15.481,786.49292,786.52906,45.94871548666253,C42H78NO10P,CCCCCCCCC=CCC=CCCCCC(=O)OC(COC(=O)CCCCCCCCCCCCCCCCC)COP(=O)(O)OCC(N)C(=O)O,[M-H]-,PS 18:0_18:2,"PS 18:0_18:2(6,9)",0.9295,0.8245675000000858,0.0,0.1754067500000086,All,None,0.0,0,substrate,51140.00900883257,18119.999999999996,8941.216330679315,61154.938085170645
12785,15.481,786.49292,786.52906,45.94871548666253,C42H78NO10P,CCCCCC=CCC=CCCCCCCCC(=O)OC(COC(=O)CCCCCCCCCCCCCCCCC)COP(=O)(O)OCC(N)C(=O)O,[M-H]-,PS 18:0_18:2,"PS 18:0_18:2(9,12)",0.7885,0.9031500000000108,0.0,0.1691650000000011,All,None,0.0,0,substrate,274859.99099116743,276880.0,368058.7836693207,165845.06191482936
12589,15.438,636.38812,636.22046,263.5250051530177,C42H78NO10P,CCCCCCCCC=CCC=CCCCCC(=O)OC(COC(=O)CCCCCCCCCCCCCCCCC)COP(=O)(O)OCC(N)C(=O)O,[M-H]-,PS 18:0_18:2,"PS 18:0_18:2(6,9)",0.9140000000000015,0.7962000000001126,0.0,0.1710200000000114,All,None,-150.30859999999996,9,aldehyde,40.1840490797546,15.35593220338983,0.0,65.19823788546255
12557,15.427,652.38244,652.21986,249.27177163837734,C42H78NO10P,CCCCCCCCC=CCC=CCCCCC(=O)OC(COC(=O)CCCCCCCCCCCCCCCCC)COP(=O)(O)OCC(N)C(=O)O,[M-H]-,PS 18:0_18:2,"PS 18:0_18:2(6,9)",0.8919999999999995,0.8012800000001334,0.0,0.1693280000000133,All,None,-134.30919999999995,9,criegee,8.957055214723926,0.0,3.7135278514588856,12.555066079295155
12677,15.459,676.38371,676.28546,145.2788885924108,C42H78NO10P,CCCCCCCCC=CCC=CCCCCC(=O)OC(COC(=O)CCCCCCCCCCCCCCCCC)COP(=O)(O)OCC(N)C(=O)O,[M-H]-,PS 18:0_18:2,"PS 18:0_18:2(6,9)",0.9559999999999995,0.8656100000000606,0.0,0.182161000000006,All,None,-110.24359999999999,12,aldehyde,0.0,0.0,0.0,13.612334801762113
12678,15.459,692.41354,692.28486,185.87724134257567,C42H78NO10P,CCCCCCCCC=CCC=CCCCCC(=O)OC(COC(=O)CCCCCCCCCCCCCCCCC)COP(=O)(O)OCC(N)C(=O)O,[M-H]-,PS 18:0_18:2,"PS 18:0_18:2(6,9)",0.9559999999999995,0.8351800000000367,0.0,0.17911800000000364,All,None,-94.24419999999999,12,criegee,0.0,0.0,0.0,26.519823788546255
12244,15.289,678.3987,678.3014599999999,143.35808742038708,C42H78NO10P,CCCCCC=CCC=CCCCCCCCC(=O)OC(COC(=O)CCCCCCCCCCCCCCCCC)COP(=O)(O)OCC(N)C(=O)O,[M-H]-,PS 18:0_18:2,"PS 18:0_18:2(9,12)",0.6159999999999997,0.8666200000000117,0.0,0.14826200000000114,All,None,-108.2276,6,aldehyde,115.03067484662577,70.84745762711864,84.61538461538461,103.9647577092511
12385,15.34,694.39297,694.30086,132.6658301993863,C42H78NO10P,CCCCCC=CCC=CCCCCCCCC(=O)OC(COC(=O)CCCCCCCCCCCCCCCCC)COP(=O)(O)OCC(N)C(=O)O,[M-H]-,PS 18:0_18:2,"PS 18:0_18:2(9,12)",0.718,0.87175000000002,0.0,0.158975000000002,All,None,-92.2282,6,criegee,21.901840490797547,10.915254237288135,4.323607427055703,26.740088105726873
12650,15.453,718.39817,718.36646,44.14181586385474,C42H78NO10P,CCCCCC=CCC=CCCCCCCCC(=O)OC(COC(=O)CCCCCCCCCCCCCCCCC)COP(=O)(O)OCC(N)C(=O)O,[M-H]-,PS 18:0_18:2,"PS 18:0_18:2(9,12)",0.9439999999999991,0.9321499999999787,0.0,0.1876149999999978,All,None,-68.1626,9,aldehyde,125.46012269938652,152.8813559322034,63.92572944297083,188.98678414096918
12957,15.543,734.38764,734.36586,29.658241465684714,C42H78NO10P,CCCCCC=CCC=CCCCCCCCC(=O)OC(COC(=O)CCCCCCCCCCCCCCCCC)COP(=O)(O)OCC(N)C(=O)O,[M-H]-,PS 18:0_18:2,"PS 18:0_18:2(9,12)",0.8760000000000012,0.9420800000000327,0.0,0.1818080000000034,All,None,-52.163199999999996,9,criegee,1.723926380368098,0.0,0.0,0.0
12802,15.485,787.49847,787.58584,110.93393959439955,C44H85O9P,CCCCCCCCCCCCCCCCCC(=O)OC(COCCCCCCCC=CCC=CCCCCCCCC)COP(=O)(O)OCC(O)CO,[M-H]-,PG O-20:2_18:0,"PG O-20:2(8,11)_18:0",0.8390000000000004,0.8704750000000274,0.0,0.1709475000000028,All,None,0.0,0,substrate,19549.02363823227,50989.09090909091,64950.52331113225,29222.93862368258
12802,15.485,787.49847,787.58584,110.93393959439955,C44H85O9P,CCCCCCCCCCCCCCCCCC(=O)OC(COCCCCCCCCCCC=CCC=CCCCCC)COP(=O)(O)OCC(O)CO,[M-H]-,PG O-20:2_18:0,"PG O-20:2(11,14)_18:0",0.8895,0.709027500000019,0.0,0.1598527500000019,All,None,0.0,0,substrate,29950.976361767727,17410.909090909092,11749.476688867744,11377.06137631742
12446,15.374,679.40148,679.35824,63.64830431727575,C44H85O9P,CCCCCCCCCCCCCCCCCC(=O)OC(COCCCCCCCCCCC=CCC=CCCCCC)COP(=O)(O)OCC(O)CO,[M-H]-,PG O-20:2_18:0,"PG O-20:2(11,14)_18:0",0.7780000000000022,0.8693900000000667,0.0,0.1647390000000069,All,None,-108.2276,6,aldehyde,0.0,0.0,168.1877444589309,0.0
12969,15.547,695.42242,695.35764,93.16069353899898,C44H85O9P,CCCCCCCCCCCCCCCCCC(=O)OC(COCCCCCCCCCCC=CCC=CCCCCC)COP(=O)(O)OCC(O)CO,[M-H]-,PG O-20:2_18:0,"PG O-20:2(11,14)_18:0",0.8759999999999977,0.847849999999994,0.0,0.17238499999999918,All,None,-92.2282,6,criegee,0.0,16.52046783625731,0.0,0.0
12651,15.453,719.39955,719.42324,32.92915586100301,C44H85O9P,CCCCCCCCCCCCCCCCCC(=O)OC(COCCCCCCCCCCC=CCC=CCCCCC)COP(=O)(O)OCC(O)CO,[M-H]-,PG O-20:2_18:0,"PG O-20:2(11,14)_18:0",0.9359999999999999,0.9363200000000234,0.0,0.18723200000000234,All,None,-68.1626,9,aldehyde,104.84848484848486,115.35087719298245,63.88526727509778,248.76847290640396
12853,15.501,734.51782,735.42264,1230.3401483532957,C44H85O9P,CCCCCCCCCCCCCCCCCC(=O)OC(COCCCCCCCCCCC=CCC=CCCCCC)COP(=O)(O)OCC(O)CO,[M-H]-,PG O-20:2_18:0,"PG O-20:2(11,14)_18:0",0.968,0.182549999999992,0.0,0.1150549999999992,All,None,-52.163199999999996,9,criegee,11.595959595959595,0.0,0.0,37.19211822660098
13000,15.556,637.25087,637.27724,41.379164898534015,C44H85O9P,CCCCCCCCCCCCCCCCCC(=O)OC(COCCCCCCCC=CCC=CCCCCCCCC)COP(=O)(O)OCC(O)CO,[M-H]-,PG O-20:2_18:0,"PG O-20:2(8,11)_18:0",0.8580000000000005,0.9390000000000782,0.0,0.17970000000000788,All,None,-150.30859999999996,9,aldehyde,61.61616161616161,45.02923976608187,41.98174706649283,85.96059113300493
12865,15.506,653.35297,653.27664,116.84177165738616,C44H85O9P,CCCCCCCCCCCCCCCCCC(=O)OC(COCCCCCCCC=CCC=CCCCCCCCC)COP(=O)(O)OCC(O)CO,[M-H]-,PG O-20:2_18:0,"PG O-20:2(8,11)_18:0",0.9579999999999984,0.8363000000000511,0.0,0.17943000000000497,All,None,-134.30919999999995,9,criegee,0.0,0.0,0.0,25.36945812807882
12704,15.464,677.38662,677.34224,65.5207919707569,C44H85O9P,CCCCCCCCCCCCCCCCCC(=O)OC(COCCCCCCCC=CCC=CCCCCCCCC)COP(=O)(O)OCC(O)CO,[M-H]-,PG O-20:2_18:0,"PG O-20:2(8,11)_18:0",0.958000000000002,0.8682499999999891,0.0,0.18262499999999912,All,None,-110.24359999999999,12,aldehyde,15.373737373737374,0.0,0.0,0.0
12158,15.276,693.41592,693.34164,107.13333184495355,C44H85O9P,CCCCCCCCCCCCCCCCCC(=O)OC(COCCCCCCCC=CCC=CCCCCCCCC)COP(=O)(O)OCC(O)CO,[M-H]-,PG O-20:2_18:0,"PG O-20:2(8,11)_18:0",0.5820000000000007,0.8383499999999913,0.0,0.14203499999999922,All,None,-94.24419999999999,12,criegee,101.41414141414143,0.0,0.0,0.0
12821,15.493,818.60328,818.59166,14.195111638437073,C42H82NO8P,CCCCCCCCC=CCCCCCCCC(=O)OC(COC(=O)CCCCCCCCCCCCCCC)COP(=O)([O-])OCC[N+](C)(C)C,[M+CH3COO]-,PC 16:0_18:1,PC 16:0_18:1(9),0.629999999999999,0.8584400000000301,0.2852643944801799,0.37705551558414685,All,All,0.0,0,substrate,0.0,116849.56955142727,91314.2956040152,77366.35354397951
12821,15.493,818.60328,818.59166,14.195111638437073,C42H82NO8P,CCCCCCC=CCCCCCCCCCC(=O)OC(COC(=O)CCCCCCCCCCCCCCC)COP(=O)([O-])OCC[N+](C)(C)C,[M+CH3COO]-,PC 16:0_18:1,PC 16:0_18:1(11),0.9980000000000011,0.9939800000000787,0.0,0.19919800000000798,All,None,0.0,0,substrate,0.0,0.0,90210.79958463136,56023.911187019636
12821,15.493,818.60328,818.59166,14.195111638437073,C42H82NO8P,CCCCCCCCCCCC=CCCCCC(=O)OC(COC(=O)CCCCCCCCCCCCCCC)COP(=O)([O-])OCC[N+](C)(C)C,[M+CH3COO]-,PC 16:0_18:1,PC 16:0_18:1(6),0.9169999999999998,0.8820700000001125,0.0,0.17990700000001125,All,None,0.0,0,substrate,812000.0,814150.4304485727,615474.9048113533,647609.7352690008
12819,15.492,752.4191,738.38581,19005.362521795978,C42H82NO8P,CCCCCCC=CCCCCCCCCCC(=O)OC(COC(=O)CCCCCCCCCCCCCCC)COP(=O)([O-])OCC[N+](C)(C)C,[M+HCOO]-,PC 16:0_18:1,PC 16:0_18:1(11),0.9980000000000011,0.9939800000000787,0.0,0.19919800000000798,All,None,-66.1902,7,criegee,0.0,2.975295381310419,4.1530740276035125,2.970550576184379
12926,15.531,666.39861,652.2514100000001,21689.795963798504,C42H82NO8P,CCCCCCCCCCCC=CCCCCC(=O)OC(COC(=O)CCCCCCCCCCCCCCC)COP(=O)([O-])OCC[N+](C)(C)C,[M+HCOO]-,PC 16:0_18:1,PC 16:0_18:1(6),0.9239999999999995,0.8800700000001598,0.0,0.18040700000001594,All,None,-152.32459999999998,12,aldehyde,0.0,0.0,4.10288582183187,0.0
12945,15.538,682.39401,668.25081,21164.508577251076,C42H82NO8P,CCCCCCCCCCCC=CCCCCC(=O)OC(COC(=O)CCCCCCCCCCCCCCC)COP(=O)([O-])OCC[N+](C)(C)C,[M+HCOO]-,PC 16:0_18:1,PC 16:0_18:1(6),0.9100000000000001,0.8840700000000652,0.0,0.17940700000000653,All,None,-136.32519999999997,12,criegee,0.0,0.0,0.0,2.151088348271447
11941,15.157,708.50199,694.33241,20407.487531800503,C42H82NO8P,CCCCCCCCC=CCCCCCCCC(=O)OC(COC(=O)CCCCCCCCCCCCCCC)COP(=O)([O-])OCC[N+](C)(C)C,[M+HCOO]-,PC 16:0_18:1,PC 16:0_18:1(9),0.3279999999999994,0.8576900000000478,0.3253396759263214,0.3788407407410619,All,All,-110.24359999999999,9,aldehyde,14.655172413793101,20.730397422126746,19.32245922208281,17.797695262483995
12672,15.459,724.49989,710.33181,19945.720859664205,C42H82NO8P,CCCCCCCCC=CCCCCCCCC(=O)OC(COC(=O)CCCCCCCCCCCCCCC)COP(=O)([O-])OCC[N+](C)(C)C,[M+HCOO]-,PC 16:0_18:1,PC 16:0_18:1(9),0.9319999999999986,0.8591900000000123,0.24518911303403837,0.3752702904272318,All,All,-94.24419999999999,9,criegee,7.623152709359606,0.0,8.670012547051444,7.067861715749039
12868,15.507,784.54998,784.51341,46.61488195591626,C42H76NO10P,CCCCCCCCC=CCC=CCCCCC(=O)OC(COC(=O)CCCCC=CCCCCCCCCCCC)COP(=O)(O)OCC(N)C(=O)O,[M-H]-,PS 18:1_18:2,"PS 18:1(6)_18:2(6,9)",0.7525000000000004,0.8601425000000233,0.13037296873169082,0.26556262498535504,Some,Some,0.0,0,substrate,0.0,3246.659113357736,8154.129424383269,0.0
12868,15.507,784.54998,784.51341,46.61488195591626,C42H76NO10P,CCCCCC=CCC=CCCCCCCCC(=O)OC(COC(=O)CCCCC=CCCCCCCCCCCC)COP(=O)(O)OCC(N)C(=O)O,[M-H]-,PS 18:1_18:2,"PS 18:1(6)_18:2(9,12)",0.7886666666666665,0.8894266666667173,0.08691531248779388,0.23734158332357347,All,Some,0.0,0,substrate,0.0,0.0,1414.4440471934215,0.0
12868,15.507,784.54998,784.51341,46.61488195591626,C42H76NO10P,CCCCCC=CCC=CCCCCCCCC(=O)OC(COC(=O)CCCCCCCC=CCCCCCCCC)COP(=O)(O)OCC(N)C(=O)O,[M-H]-,PS 18:1_18:2,"PS 18:1(9)_18:2(9,12)",0.9045000000000005,0.9290225000000305,0.0,0.1833522500000031,Some,None,0.0,0,substrate,0.0,3381.630933705188,7674.0614944583485,0.0
12868,15.507,784.54998,784.51341,46.61488195591626,C42H76NO10P,CCCCCC=CCC=CCCCCCCCC(=O)OC(COC(=O)CCCCCCCCCC=CCCCCCC)COP(=O)(O)OCC(N)C(=O)O,[M-H]-,PS 18:1_18:2,"PS 18:1(11)_18:2(9,12)",0.8887999999999998,0.9271360000000414,0.0,0.18159360000000413,All,Some,0.0,0,substrate,0.0,964.4616814827724,2566.6070790132285,0.0
12868,15.507,784.54998,784.51341,46.61488195591626,C42H76NO10P,CCCCCCCCC=CCC=CCCCCC(=O)OC(COC(=O)CCCCCCCCCC=CCCCCCC)COP(=O)(O)OCC(N)C(=O)O,[M-H]-,PS 18:1_18:2,"PS 18:1(11)_18:2(6,9)",0.8864000000000004,0.8807900000000245,0.0,0.1767190000000025,All,Some,0.0,0,substrate,0.0,1169.2667480099938,1487.03968537719,0.0
12868,15.507,784.54998,784.51341,46.61488195591626,C42H76NO10P,CCCCCCCCC=CCC=CCCCCC(=O)OC(COC(=O)CCCCCCCC=CCCCCCCCC)COP(=O)(O)OCC(N)C(=O)O,[M-H]-,PS 18:1_18:2,"PS 18:1(9)_18:2(6,9)",0.8940000000000001,0.8696750000000293,0.0,0.17636750000000295,Some,None,0.0,0,substrate,0.0,1337.9815234443086,4903.718269574545,0.0
12595,15.442,634.40865,634.2048100000001,321.41036584049255,C42H76NO10P,CCCCCCCCC=CCC=CCCCCC(=O)OC(COC(=O)CCCCCCCCCC=CCCCCCC)COP(=O)(O)OCC(N)C(=O)O,[M-H]-,PS 18:1_18:2,"PS 18:1(11)_18:2(6,9)",0.870000000000001,0.8327300000000832,0.0,0.17027300000000845,All,Some,-150.30859999999996,7,aldehyde,7430000000.0,499.009900990099,266.03053435114504,7180000000.0
12966,15.547,650.36775,650.2042100000001,251.5209798470823,C42H76NO10P,CCCCCCCCC=CCC=CCCCCC(=O)OC(COC(=O)CCCCCCCCCC=CCCCCCC)COP(=O)(O)OCC(N)C(=O)O,[M-H]-,PS 18:1_18:2,"PS 18:1(11)_18:2(6,9)",0.9199999999999982,0.8730300000000852,0.0,0.17930300000000834,All,Some,-134.30919999999995,7,criegee,0.0,261.3861386138614,0.0,0.0
12594,15.441,674.44006,674.26981,252.495362353551,C42H76NO10P,CCCCCCCCC=CCC=CCCCCC(=O)OC(COC(=O)CCCCCCCCCC=CCCCCCC)COP(=O)(O)OCC(N)C(=O)O,[M-H]-,PS 18:1_18:2,"PS 18:1(11)_18:2(6,9)",0.8680000000000021,0.8663199999999733,0.0,0.17343199999999753,All,Some,-110.24359999999999,9,aldehyde,7000000000.0,527.7227722772277,242.36641221374046,7620000000.0
12610,15.445,690.39885,690.26921,187.81078182524593,C42H76NO10P,CCCCCCCCC=CCC=CCCCCC(=O)OC(COC(=O)CCCCCCCCCC=CCCCCCC)COP(=O)(O)OCC(N)C(=O)O,[M-H]-,PS 18:1_18:2,"PS 18:1(11)_18:2(6,9)",0.8760000000000012,0.9069299999999885,0.0,0.17829299999999898,All,Some,-94.24419999999999,9,criegee,22200000000.0,902.9702970297029,694.6564885496183,22500000000.0
12659,15.456,702.43544,702.32381,158.943778369113,C42H76NO10P,CCCCCCCCC=CCC=CCCCCC(=O)OC(COC(=O)CCCCCCCCCC=CCCCCCC)COP(=O)(O)OCC(N)C(=O)O,[M-H]-,PS 18:1_18:2,"PS 18:1(11)_18:2(6,9)",0.8979999999999997,0.9249399999999923,0.0,0.18229399999999923,All,Some,-82.1896,12,aldehyde,0.0,0.0,125.95419847328245,5020000000.0
12659,15.456,702.43544,702.32381,158.943778369113,C42H76NO10P,CCCCCC=CCC=CCCCCCCCC(=O)OC(COC(=O)CCCCCCCCCC=CCCCCCC)COP(=O)(O)OCC(N)C(=O)O,[M-H]-,PS 18:1_18:2,"PS 18:1(11)_18:2(9,12)",0.8979999999999997,0.9249399999999923,0.0,0.18229399999999923,All,Some,-82.1896,6,aldehyde,0.0,0.0,125.95419847328245,5020000000.0
12744,15.474,716.34963,716.35081,1.6472376152916532,C42H76NO10P,CCCCCC=CCC=CCCCCCCCC(=O)OC(COC(=O)CCCCCCCCCC=CCCCCCC)COP(=O)(O)OCC(N)C(=O)O,[M-H]-,PS 18:1_18:2,"PS 18:1(11)_18:2(9,12)",0.934000000000001,0.96225000000004,0.0,0.1896250000000041,All,Some,-68.1626,6,criegee,1990000000.0,0.0,104.58015267175573,2720000000.0
12677,15.459,676.38371,676.2858100000001,144.76128073701227,C42H76NO10P,CCCCCC=CCC=CCCCCCCCC(=O)OC(COC(=O)CCCCCCCCCC=CCCCCCC)COP(=O)(O)OCC(N)C(=O)O,[M-H]-,PS 18:1_18:2,"PS 18:1(11)_18:2(9,12)",0.9039999999999999,0.9386700000001156,0.0,0.18426700000001156,All,Some,-108.2276,7,aldehyde,0.0,0.0,0.0,3090000000.0
12678,15.459,692.41354,692.28521,185.37157539449007,C42H76NO10P,CCCCCC=CCC=CCCCCCCCC(=O)OC(COC(=O)CCCCCCCCCC=CCCCCCC)COP(=O)(O)OCC(N)C(=O)O,[M-H]-,PS 18:1_18:2,"PS 18:1(11)_18:2(9,12)",0.9039999999999999,0.908239999999978,0.0,0.18122399999999778,All,Some,-92.2282,7,criegee,0.0,0.0,0.0,6020000000.0
13110,15.605,732.4852,732.3502100000001,184.32438218308485,C42H76NO10P,CCCCCC=CCC=CCCCCCCCC(=O)OC(COC(=O)CCCCCCCCCC=CCCCCCC)COP(=O)(O)OCC(N)C(=O)O,[M-H]-,PS 18:1_18:2,"PS 18:1(11)_18:2(9,12)",0.8039999999999985,0.9015800000000809,0.0,0.17055800000000795,All,Some,-52.163199999999996,9,criegee,858000000.0,0.0,0.0,0.0
13681,15.834,648.43049,648.18821,373.7803253162179,C42H76NO10P,CCCCCCCCC=CCC=CCCCCC(=O)OC(COC(=O)CCCCC=CCCCCCCCCCCC)COP(=O)(O)OCC(N)C(=O)O,[M-H]-,PS 18:1_18:2,"PS 18:1(6)_18:2(6,9)",0.3460000000000001,0.7942900000000463,0.5214918749267633,0.5312224999414152,Some,Some,-136.32519999999997,9,aldehyde,8110000000.0,590.09900990099,313.74045801526717,7930000000.0
12966,15.547,650.36775,650.2042100000001,251.5209798470823,C42H76NO10P,CCCCCCCCC=CCC=CCCCCC(=O)OC(COC(=O)CCCCC=CCCCCCCCCCCC)COP(=O)(O)OCC(N)C(=O)O,[M-H]-,PS 18:1_18:2,"PS 18:1(6)_18:2(6,9)",0.9199999999999982,0.8730300000000852,0.0,0.17930300000000834,Some,Some,-134.30919999999995,9,criegee,0.0,261.3861386138614,0.0,0.0
12594,15.441,674.44006,674.26981,252.495362353551,C42H76NO10P,CCCCCCCCC=CCC=CCCCCC(=O)OC(COC(=O)CCCCC=CCCCCCCCCCCC)COP(=O)(O)OCC(N)C(=O)O,[M-H]-,PS 18:1_18:2,"PS 18:1(6)_18:2(6,9)",0.8680000000000021,0.8663199999999733,0.0,0.17343199999999753,Some,Some,-110.24359999999999,12,aldehyde,7000000000.0,527.7227722772277,242.36641221374046,7620000000.0
12610,15.445,690.39885,690.26921,187.81078182524593,C42H76NO10P,CCCCCCCCC=CCC=CCCCCC(=O)OC(COC(=O)CCCCC=CCCCCCCCCCCC)COP(=O)(O)OCC(N)C(=O)O,[M-H]-,PS 18:1_18:2,"PS 18:1(6)_18:2(6,9)",0.8760000000000012,0.9069299999999885,0.0,0.17829299999999898,Some,Some,-94.24419999999999,12,criegee,22200000000.0,902.9702970297029,694.6564885496183,22500000000.0
12677,15.459,676.38371,676.2858100000001,144.76128073701227,C42H76NO10P,CCCCCC=CCC=CCCCCCCCC(=O)OC(COC(=O)CCCCC=CCCCCCCCCCCC)COP(=O)(O)OCC(N)C(=O)O,[M-H]-,PS 18:1_18:2,"PS 18:1(6)_18:2(9,12)",0.9039999999999999,0.9386700000001156,0.0,0.18426700000001156,All,Some,-108.2276,6,aldehyde,0.0,0.0,0.0,3090000000.0
12678,15.459,692.41354,692.28521,185.37157539449007,C42H76NO10P,CCCCCC=CCC=CCCCCCCCC(=O)OC(COC(=O)CCCCC=CCCCCCCCCCCC)COP(=O)(O)OCC(N)C(=O)O,[M-H]-,PS 18:1_18:2,"PS 18:1(6)_18:2(9,12)",0.9039999999999999,0.908239999999978,0.0,0.18122399999999778,All,Some,-92.2282,6,criegee,0.0,0.0,0.0,6020000000.0
12744,15.474,716.34963,716.35081,1.6472376152916532,C42H76NO10P,CCCCCC=CCC=CCCCCCCCC(=O)OC(COC(=O)CCCCC=CCCCCCCCCCCC)COP(=O)(O)OCC(N)C(=O)O,[M-H]-,PS 18:1_18:2,"PS 18:1(6)_18:2(9,12)",0.934000000000001,0.96225000000004,0.0,0.1896250000000041,All,Some,-68.1626,9,aldehyde,1990000000.0,0.0,104.58015267175573,2720000000.0
13110,15.605,732.4852,732.3502100000001,184.32438218308485,C42H76NO10P,CCCCCC=CCC=CCCCCCCCC(=O)OC(COC(=O)CCCCC=CCCCCCCCCCCC)COP(=O)(O)OCC(N)C(=O)O,[M-H]-,PS 18:1_18:2,"PS 18:1(6)_18:2(9,12)",0.8039999999999985,0.9015800000000809,0.0,0.17055800000000795,All,Some,-52.163199999999996,9,criegee,858000000.0,0.0,0.0,0.0
12558,15.427,632.39385,632.1888100000001,324.33348511806133,C42H76NO10P,CCCCCC=CCC=CCCCCCCCC(=O)OC(COC(=O)CCCCC=CCCCCCCCCCCC)COP(=O)(O)OCC(N)C(=O)O,[M-H]-,PS 18:1_18:2,"PS 18:1(6)_18:2(9,12)",0.8399999999999999,0.8315300000000434,0.0,0.16715300000000433,All,Some,-152.32459999999998,12,aldehyde,2770000000.0,60.79207920792079,0.0,3320000000.0
13681,15.834,648.43049,648.18821,373.7803253162179,C42H76NO10P,CCCCCC=CCC=CCCCCCCCC(=O)OC(COC(=O)CCCCC=CCCCCCCCCCCC)COP(=O)(O)OCC(N)C(=O)O,[M-H]-,PS 18:1_18:2,"PS 18:1(6)_18:2(9,12)",0.3460000000000001,0.7942900000000463,0.5214918749267633,0.5312224999414152,All,Some,-136.32519999999997,12,criegee,8110000000.0,590.09900990099,313.74045801526717,7930000000.0
12594,15.441,674.44006,674.26981,252.495362353551,C42H76NO10P,CCCCCCCCC=CCC=CCCCCC(=O)OC(COC(=O)CCCCCCCC=CCCCCCCCC)COP(=O)(O)OCC(N)C(=O)O,[M-H]-,PS 18:1_18:2,"PS 18:1(9)_18:2(6,9)",0.8680000000000021,0.8663199999999733,0.0,0.17343199999999753,Some,None,-110.24359999999999,9,aldehyde,7000000000.0,527.7227722772277,242.36641221374046,7620000000.0
12966,15.547,650.36775,650.2042100000001,251.5209798470823,C42H76NO10P,CCCCCCCCC=CCC=CCCCCC(=O)OC(COC(=O)CCCCCCCC=CCCCCCCCC)COP(=O)(O)OCC(N)C(=O)O,[M-H]-,PS 18:1_18:2,"PS 18:1(9)_18:2(6,9)",0.9199999999999982,0.8730300000000852,0.0,0.17930300000000834,Some,None,-134.30919999999995,9,criegee,0.0,261.3861386138614,0.0,0.0
12610,15.445,690.39885,690.26921,187.81078182524593,C42H76NO10P,CCCCCC=CCC=CCCCCCCCC(=O)OC(COC(=O)CCCCCCCC=CCCCCCCCC)COP(=O)(O)OCC(N)C(=O)O,[M-H]-,PS 18:1_18:2,"PS 18:1(9)_18:2(9,12)",0.8760000000000012,0.9069299999999885,0.0,0.17829299999999898,Some,None,-94.24419999999999,6,aldehyde,22200000000.0,902.9702970297029,694.6564885496183,22500000000.0
12678,15.459,692.41354,692.28521,185.37157539449007,C42H76NO10P,CCCCCC=CCC=CCCCCCCCC(=O)OC(COC(=O)CCCCCCCC=CCCCCCCCC)COP(=O)(O)OCC(N)C(=O)O,[M-H]-,PS 18:1_18:2,"PS 18:1(9)_18:2(9,12)",0.9039999999999999,0.908239999999978,0.0,0.18122399999999778,Some,None,-92.2282,6,criegee,0.0,0.0,0.0,6020000000.0
12744,15.474,716.34963,716.35081,1.6472376152916532,C42H76NO10P,CCCCCC=CCC=CCCCCCCCC(=O)OC(COC(=O)CCCCCCCC=CCCCCCCCC)COP(=O)(O)OCC(N)C(=O)O,[M-H]-,PS 18:1_18:2,"PS 18:1(9)_18:2(9,12)",0.934000000000001,0.96225000000004,0.0,0.1896250000000041,Some,None,-68.1626,9,aldehyde,1990000000.0,0.0,104.58015267175573,2720000000.0
12677,15.459,676.38371,676.2858100000001,144.76128073701227,C42H76NO10P,CCCCCC=CCC=CCCCCCCCC(=O)OC(COC(=O)CCCCCCCC=CCCCCCCCC)COP(=O)(O)OCC(N)C(=O)O,[M-H]-,PS 18:1_18:2,"PS 18:1(9)_18:2(9,12)",0.9039999999999999,0.9386700000001156,0.0,0.18426700000001156,Some,None,-108.2276,9,criegee,0.0,0.0,0.0,3090000000.0
12993,15.55,787.49811,787.58584,111.3910326269515,C44H85O9P,CCCCCCCCCCCCCCCCCC(=O)OC(COCCCCCCCC=CCC=CCCCCCCCC)COP(=O)(O)OCC(O)CO,[M-H]-,PG O-20:2_18:0,"PG O-20:2(8,11)_18:0",0.8365000000000009,0.8606450000000336,0.0,0.16971450000000346,All,None,0.0,0,substrate,0.0,21161.290322580644,0.0,3940.1944894651538
12993,15.55,787.49811,787.58584,111.3910326269515,C44H85O9P,CCCCCCCCCCCCCCCCCC(=O)OC(COCCCCCCCCCCC=CCC=CCCCCC)COP(=O)(O)OCC(O)CO,[M-H]-,PG O-20:2_18:0,"PG O-20:2(11,14)_18:0",0.8399999999999999,0.7086225000000184,0.0,0.15486225000000184,All,None,0.0,0,substrate,0.0,28038.709677419356,0.0,28259.805510534843
12446,15.374,679.40148,679.35824,63.64830431727575,C44H85O9P,CCCCCCCCCCCCCCCCCC(=O)OC(COCCCCCCCCCCC=CCC=CCCCCC)COP(=O)(O)OCC(O)CO,[M-H]-,PG O-20:2_18:0,"PG O-20:2(11,14)_18:0",0.6479999999999997,0.8690300000000661,0.0,0.15170300000000658,All,None,-108.2276,6,aldehyde,0.0,0.0,12900000000.0,0.0
12969,15.547,695.42242,695.35764,93.16069353899898,C44H85O9P,CCCCCCCCCCCCCCCCCC(=O)OC(COCCCCCCCCCCC=CCC=CCCCCC)COP(=O)(O)OCC(O)CO,[M-H]-,PG O-20:2_18:0,"PG O-20:2(11,14)_18:0",0.9939999999999998,0.8474899999999934,0.0,0.18414899999999934,All,None,-92.2282,6,criegee,0.0,22.96747967479675,0.0,0.0
13151,15.642,719.40045,719.42324,31.67815373880099,C44H85O9P,CCCCCCCCCCCCCCCCCC(=O)OC(COCCCCCCCCCCC=CCC=CCCCCC)COP(=O)(O)OCC(O)CO,[M-H]-,PG O-20:2_18:0,"PG O-20:2(11,14)_18:0",0.8160000000000025,0.9350600000000213,0.0,0.1751060000000024,All,None,-68.1626,9,aldehyde,0.0,42.073170731707314,0.0,0.0
12853,15.501,734.51782,735.42264,1230.3401483532957,C44H85O9P,CCCCCCCCCCCCCCCCCC(=O)OC(COCCCCCCCCCCC=CCC=CCCCCC)COP(=O)(O)OCC(O)CO,[M-H]-,PG O-20:2_18:0,"PG O-20:2(11,14)_18:0",0.9019999999999975,0.18290999999999258,0.0,0.108490999999999,All,None,-52.163199999999996,9,criegee,574000000.0,0.0,0.0,46.8944099378882
13000,15.556,637.25087,637.27724,41.379164898534015,C44H85O9P,CCCCCCCCCCCCCCCCCC(=O)OC(COCCCCCCCC=CCC=CCCCCCCCC)COP(=O)(O)OCC(O)CO,[M-H]-,PG O-20:2_18:0,"PG O-20:2(8,11)_18:0",0.9880000000000031,0.9386400000000776,0.0,0.1926640000000081,All,None,-150.30859999999996,9,aldehyde,3050000000.0,62.601626016260155,3220000000.0,108.38509316770187
12865,15.506,653.35297,653.27664,116.84177165738616,C44H85O9P,CCCCCCCCCCCCCCCCCC(=O)OC(COCCCCCCCC=CCC=CCCCCCCCC)COP(=O)(O)OCC(O)CO,[M-H]-,PG O-20:2_18:0,"PG O-20:2(8,11)_18:0",0.911999999999999,0.8359400000000505,0.0,0.17479400000000495,All,None,-134.30919999999995,9,criegee,0.0,0.0,0.0,31.987577639751553
12704,15.464,677.38662,677.34224,65.5207919707569,C44H85O9P,CCCCCCCCCCCCCCCCCC(=O)OC(COCCCCCCCC=CCC=CCCCCCCCC)COP(=O)(O)OCC(O)CO,[M-H]-,PG O-20:2_18:0,"PG O-20:2(8,11)_18:0",0.8279999999999994,0.8678899999999885,0.0,0.1695889999999988,All,None,-110.24359999999999,12,aldehyde,761000000.0,0.0,0.0,0.0
13314,15.741,693.4538,693.34164,161.7672926726529,C44H85O9P,CCCCCCCCCCCCCCCCCC(=O)OC(COCCCCCCCC=CCC=CCCCCCCCC)COP(=O)(O)OCC(O)CO,[M-H]-,PG O-20:2_18:0,"PG O-20:2(8,11)_18:0",0.6180000000000021,0.8001100000000179,0.0,0.14181100000000202,All,None,-94.24419999999999,12,criegee,9300000000.0,23.577235772357724,0.0,195.96273291925465
13056,15.578,804.57675,804.57601,0.9197390808988563,C42H82NO8P,CCCCCCCCC=CCCCCCCCC(=O)OC(COC(=O)CCCCCCCCCCCCCCC)COP(=O)([O-])OCC[N+](C)(C)C,[M+HCOO]-,PC 16:0_18:1,PC 16:0_18:1(9),0.6480000000000015,0.8882449999999267,0.24821968688324078,0.35220024950658546,All,Some,0.0,0,substrate,0.0,0.0,0.0,0.0
13056,15.578,804.57675,804.57601,0.9197390808988563,C42H82NO8P,CCCCCCC=CCCCCCCCCCC(=O)OC(COC(=O)CCCCCCCCCCCCCCC)COP(=O)([O-])OCC[N+](C)(C)C,[M+HCOO]-,PC 16:0_18:1,PC 16:0_18:1(11),0.9550000000000001,0.8707149999999615,0.0,0.18257149999999617,All,None,0.0,0,substrate,0.0,0.0,0.0,0.0
13056,15.578,804.57675,804.57601,0.9197390808988563,C42H82NO8P,CCCCCCCCCCCC=CCCCCC(=O)OC(COC(=O)CCCCCCCCCCCCCCC)COP(=O)([O-])OCC[N+](C)(C)C,[M+HCOO]-,PC 16:0_18:1,PC 16:0_18:1(6),0.8450000000000006,0.8722750000000019,0.0,0.17172750000000025,All,None,0.0,0,substrate,0.0,53800.0,0.0,0.0
13065,15.582,722.54919,722.38641,225.33646500907724,C42H82NO8P,CCCCCCC=CCCCCCCCCCC(=O)OC(COC(=O)CCCCCCCCCCCCCCC)COP(=O)([O-])OCC[N+](C)(C)C,[M+HCOO]-,PC 16:0_18:1,PC 16:0_18:1(11),0.9919999999999973,0.8379599999999527,0.0,0.182995999999995,All,None,-82.1896,7,aldehyde,0.0,0.0,610000000.0,1780000000.0
12942,15.537,738.48308,738.38581,131.7333007794129,C42H82NO8P,CCCCCCC=CCCCCCCCCCC(=O)OC(COC(=O)CCCCCCCCCCCCCCC)COP(=O)([O-])OCC[N+](C)(C)C,[M+HCOO]-,PC 16:0_18:1,PC 16:0_18:1(11),0.9180000000000028,0.9034699999999702,0.0,0.1821469999999973,All,None,-66.1902,7,criegee,826000000.0,0.0,1960000000.0,0.0
12557,15.427,652.38244,652.2514100000001,200.88879531881128,C42H82NO8P,CCCCCCCCCCCC=CCCCCC(=O)OC(COC(=O)CCCCCCCCCCCCCCC)COP(=O)([O-])OCC[N+](C)(C)C,[M+HCOO]-,PC 16:0_18:1,PC 16:0_18:1(6),0.6980000000000004,0.8697100000000546,0.0,0.1567710000000055,All,None,-152.32459999999998,12,aldehyde,2920000000.0,0.0,1400000000.0,2850000000.0
13048,15.574,668.37671,668.25081,188.40231559165855,C42H82NO8P,CCCCCCCCCCCC=CCCCCC(=O)OC(COC(=O)CCCCCCCCCCCCCCC)COP(=O)([O-])OCC[N+](C)(C)C,[M+HCOO]-,PC 16:0_18:1,PC 16:0_18:1(6),0.9920000000000009,0.8748399999999492,0.0,0.18668399999999502,All,None,-136.32519999999997,12,criegee,978000000.0,0.0,0.0,0.0
13511,15.79,694.4287,694.33241,138.67997318469875,C42H82NO8P,CCCCCCCCC=CCCCCCCCC(=O)OC(COC(=O)CCCCCCCCCCCCCCC)COP(=O)([O-])OCC[N+](C)(C)C,[M+HCOO]-,PC 16:0_18:1,PC 16:0_18:1(9),0.5760000000000005,0.9044499999998834,0.0,0.14804499999998838,All,Some,-110.24359999999999,9,aldehyde,5380000000.0,23.977695167286246,3400000000.0,6660000000.0
12584,15.438,710.46051,710.33181,181.18293195961576,C42H82NO8P,CCCCCCCCC=CCCCCCCCC(=O)OC(COC(=O)CCCCCCCCCCCCCCC)COP(=O)([O-])OCC[N+](C)(C)C,[M+HCOO]-,PC 16:0_18:1,PC 16:0_18:1(9),0.7200000000000024,0.87203999999997,0.49643937376648156,0.5563554990131825,All,Some,-94.24419999999999,9,criegee,2230000000.0,81.04089219330855,3010000000.0,3140000000.0
13413,15.767,699.49714,699.49703,0.15725584989210087,C39H73O8P,CCCCCC=CCC=CCCCCCCCC(=O)OC(COC(=O)CCCCCCCCCCCCCCCCC)COP(=O)(O)O,[M-H]-,PA 18:0_18:2,"PA 18:0_18:2(9,12)",0.7895000000000012,0.7333074999999951,0.15578424261730742,0.27690814409384557,All,Some,0.0,0,substrate,203763.660364905,100657.30337078651,304620.11418533156,291653.16400262754
13413,15.767,699.49714,699.49703,0.15725584989210087,C39H73O8P,CCCCCCCCC=CCC=CCCCCC(=O)OC(COC(=O)CCCCCCCCCCCCCCCCC)COP(=O)(O)O,[M-H]-,PA 18:0_18:2,"PA 18:0_18:2(6,9)",0.7340000000000005,0.8972699999999728,0.0,0.16312699999999736,Some,None,0.0,0,substrate,627236.3396350951,186342.6966292135,573379.8858146685,798346.8359973725
12749,15.475,565.27831,565.1878300000001,160.08837274496304,C39H73O8P,CCCCCCCCC=CCC=CCCCCC(=O)OC(COC(=O)CCCCCCCCCCCCCCCCC)COP(=O)(O)O,[M-H]-,PA 18:0_18:2,"PA 18:0_18:2(6,9)",0.41600000000000037,0.9096299999999928,0.0,0.13256299999999932,Some,None,-134.30919999999995,9,criegee,0.0,0.0,0.0,5080.0
13288,15.73,589.35066,589.25343,165.00540353234385,C39H73O8P,CCCCCCCCC=CCC=CCCCCC(=O)OC(COC(=O)CCCCCCCCCCCCCCCCC)COP(=O)(O)O,[M-H]-,PA 18:0_18:2,"PA 18:0_18:2(6,9)",0.9260000000000019,0.9028799999999819,0.0,0.18288799999999839,Some,None,-110.24359999999999,12,aldehyde,6510.0,0.0,0.0,0.0
13691,15.837,605.37364,605.25283,199.60253634833208,C39H73O8P,CCCCCCCCC=CCC=CCCCCC(=O)OC(COC(=O)CCCCCCCCCCCCCCCCC)COP(=O)(O)O,[M-H]-,PA 18:0_18:2,"PA 18:0_18:2(6,9)",0.8599999999999994,0.8792999999999438,0.0,0.17392999999999434,Some,None,-94.24419999999999,12,criegee,45500.0,43700.0,47400.0,43800.0
13465,15.779,591.36665,591.26943,164.42588618185957,C39H73O8P,CCCCCC=CCC=CCCCCCCCC(=O)OC(COC(=O)CCCCCCCCCCCCCCCCC)COP(=O)(O)O,[M-H]-,PA 18:0_18:2,"PA 18:0_18:2(9,12)",0.9759999999999991,0.9028899999999567,0.0,0.1878889999999956,All,Some,-108.2276,6,aldehyde,58700.0,17500.0,30400.0,60600.0
13036,15.567,606.38523,607.26883,1455.0392780739319,C39H73O8P,CCCCCC=CCC=CCCCCCCCC(=O)OC(COC(=O)CCCCCCCCCCCCCCCCC)COP(=O)(O)O,[M-H]-,PA 18:0_18:2,"PA 18:0_18:2(9,12)",0.6000000000000014,0.11629000000004908,0.6231369704692297,0.5701385763753888,All,Some,-92.2282,6,criegee,50900.0,35800.0,52300.0,50500.0
13061,15.579,631.36151,631.33443,42.89327290443412,C39H73O8P,CCCCCC=CCC=CCCCCCCCC(=O)OC(COC(=O)CCCCCCCCCCCCCCCCC)COP(=O)(O)O,[M-H]-,PA 18:0_18:2,"PA 18:0_18:2(9,12)",0.6240000000000023,0.9730299999999943,0.0,0.15970299999999965,All,Some,-68.1626,9,aldehyde,0.0,0.0,6520.0,0.0
13339,15.746,647.39292,647.33383,91.28211327989644,C39H73O8P,CCCCCC=CCC=CCCCCCCCC(=O)OC(COC(=O)CCCCCCCCCCCCCCCCC)COP(=O)(O)O,[M-H]-,PA 18:0_18:2,"PA 18:0_18:2(9,12)",0.958000000000002,0.9410199999999804,0.0,0.18990199999999824,All,Some,-52.163199999999996,9,criegee,50500.0,27600.0,0.0,22700.0
13452,15.775,784.54962,784.51341,46.15599878653796,C42H76NO10P,CCCCCCCCC=CCC=CCCCCC(=O)OC(COC(=O)CCCCC=CCCCCCCCCCCC)COP(=O)(O)OCC(N)C(=O)O,[M-H]-,PS 18:1_18:2,"PS 18:1(6)_18:2(6,9)",0.8986666666666672,0.8418766666667352,0.2060659274664567,0.3389070753065056,Some,Some,0.0,0,substrate,52778.29433732185,34608.838626884826,46444.01300343146,46712.64847386468
13452,15.775,784.54962,784.51341,46.15599878653796,C42H76NO10P,CCCCCC=CCC=CCCCCCCCC(=O)OC(COC(=O)CCCCC=CCCCCCCCCCCC)COP(=O)(O)OCC(N)C(=O)O,[M-H]-,PS 18:1_18:2,"PS 18:1(6)_18:2(9,12)",0.9186666666666673,0.8776733333333672,0.10303296373322834,0.26206037098658613,All,Some,0.0,0,substrate,126074.23214694,82438.24189926211,111312.62416471014,96567.01044369402
13452,15.775,784.54962,784.51341,46.15599878653796,C42H76NO10P,CCCCCC=CCC=CCCCCCCCC(=O)OC(COC(=O)CCCCCCCC=CCCCCCCCC)COP(=O)(O)OCC(N)C(=O)O,[M-H]-,PS 18:1_18:2,"PS 18:1(9)_18:2(9,12)",0.9699999999999998,0.8954700000000173,0.0,0.1865470000000017,Some,None,0.0,0,substrate,39958.84460025912,34895.73307667629,32753.070254650538,25838.820292840657
13452,15.775,784.54962,784.51341,46.15599878653796,C42H76NO10P,CCCCCC=CCC=CCCCCCCCC(=O)OC(COC(=O)CCCCCCCCCC=CCCCCCC)COP(=O)(O)OCC(N)C(=O)O,[M-H]-,PS 18:1_18:2,"PS 18:1(11)_18:2(9,12)",0.9456666666666665,0.9051066666666733,0.0,0.18507733333333398,All,None,0.0,0,substrate,113254.78240987728,85892.68527430222,97621.6814159292,77220.2302567245
13452,15.775,784.54962,784.51341,46.15599878653796,C42H76NO10P,CCCCCCCCC=CCC=CCCCCC(=O)OC(COC(=O)CCCCCCCC=CCCCCCCCC)COP(=O)(O)OCC(N)C(=O)O,[M-H]-,PS 18:1_18:2,"PS 18:1(9)_18:2(6,9)",0.9299999999999997,0.8665800000000559,0.0,0.17965800000000556,Some,None,0.0,0,substrate,9100.830729365141,3167.548925248637,0.0,7426.626856330756
13452,15.775,784.54962,784.51341,46.15599878653796,C42H76NO10P,CCCCCCCCC=CCC=CCCCCC(=O)OC(COC(=O)CCCCCCCCCC=CCCCCCC)COP(=O)(O)OCC(N)C(=O)O,[M-H]-,PS 18:1_18:2,"PS 18:1(11)_18:2(6,9)",0.9059999999999995,0.8836820000000216,0.0,0.17896820000000213,All,None,0.0,0,substrate,86833.01577623657,50996.95219762592,64868.61116127866,66234.66367654537
13304,15.736,634.37986,634.2048100000001,276.0149359320406,C42H76NO10P,CCCCCCCCC=CCC=CCCCCC(=O)OC(COC(=O)CCCCCCCCCC=CCCCCCC)COP(=O)(O)OCC(N)C(=O)O,[M-H]-,PS 18:1_18:2,"PS 18:1(11)_18:2(6,9)",0.9220000000000006,0.8611600000000408,0.0,0.17831600000000414,All,None,-150.30859999999996,7,aldehyde,0.0,1.8527397260273974,0.0,0.0
13153,15.65,674.439,674.26981,250.92329137494343,C42H76NO10P,CCCCCCCCC=CCC=CCCCCC(=O)OC(COC(=O)CCCCCCCCCC=CCCCCCC)COP(=O)(O)OCC(N)C(=O)O,[M-H]-,PS 18:1_18:2,"PS 18:1(11)_18:2(6,9)",0.75,0.867020000000025,0.0,0.1617020000000025,All,None,-110.24359999999999,9,aldehyde,0.0,0.0,0.0,2.2875
13326,15.744,690.43342,690.26921,237.89269117177022,C42H76NO10P,CCCCCCCCC=CCC=CCCCCC(=O)OC(COC(=O)CCCCCCCCCC=CCCCCCC)COP(=O)(O)OCC(N)C(=O)O,[M-H]-,PS 18:1_18:2,"PS 18:1(11)_18:2(6,9)",0.9379999999999988,0.8720000000000709,0.0,0.181000000000007,All,None,-94.24419999999999,9,criegee,6.518691588785047,0.0,0.0,11.125
13340,15.747,702.43555,702.32381,159.1004012807915,C42H76NO10P,CCCCCCCCC=CCC=CCCCCC(=O)OC(COC(=O)CCCCCCCCCC=CCCCCCC)COP(=O)(O)OCC(N)C(=O)O,[M-H]-,PS 18:1_18:2,"PS 18:1(11)_18:2(6,9)",0.9439999999999991,0.9244699999999284,0.0,0.18684699999999277,All,None,-82.1896,12,aldehyde,3.2476635514018692,0.0,2.4249291784702547,6.5625
13503,15.787,718.46566,718.32321,198.3090592324586,C42H76NO10P,CCCCCCCCC=CCC=CCCCCC(=O)OC(COC(=O)CCCCCCCCCC=CCCCCCC)COP(=O)(O)OCC(N)C(=O)O,[M-H]-,PS 18:1_18:2,"PS 18:1(11)_18:2(6,9)",0.9759999999999991,0.893760000000043,0.0,0.1869760000000042,All,None,-66.1902,12,criegee,28.037383177570092,18.39041095890411,30.59490084985836,50.0
13340,15.747,702.43555,702.32381,159.1004012807915,C42H76NO10P,CCCCCC=CCC=CCCCCCCCC(=O)OC(COC(=O)CCCCCCCCCC=CCCCCCC)COP(=O)(O)OCC(N)C(=O)O,[M-H]-,PS 18:1_18:2,"PS 18:1(11)_18:2(9,12)",0.9439999999999991,0.9244699999999284,0.0,0.18684699999999277,All,None,-82.1896,6,aldehyde,3.2476635514018692,0.0,2.4249291784702547,6.5625
13420,15.771,716.45083,716.35081,139.6243273599038,C42H76NO10P,CCCCCC=CCC=CCCCCCCCC(=O)OC(COC(=O)CCCCCCCCCC=CCCCCCC)COP(=O)(O)OCC(N)C(=O)O,[M-H]-,PS 18:1_18:2,"PS 18:1(11)_18:2(9,12)",0.9920000000000009,0.9361900000000105,0.0,0.19281900000000116,All,None,-68.1626,6,criegee,7.313084112149533,7.260273972602739,5.722379603399434,13.218750000000002
13791,15.869,676.41949,676.2858100000001,197.66790611784828,C42H76NO10P,CCCCCC=CCC=CCCCCCCCC(=O)OC(COC(=O)CCCCCCCCCC=CCCCCCC)COP(=O)(O)OCC(N)C(=O)O,[M-H]-,PS 18:1_18:2,"PS 18:1(11)_18:2(9,12)",0.8120000000000012,0.9025300000000698,0.0,0.1714530000000071,All,None,-108.2276,7,aldehyde,3.3411214953271027,0.0,0.0,0.0
13505,15.787,692.45019,692.28521,238.31218350022834,C42H76NO10P,CCCCCC=CCC=CCCCCCCCC(=O)OC(COC(=O)CCCCCCCCCC=CCCCCCC)COP(=O)(O)OCC(N)C(=O)O,[M-H]-,PS 18:1_18:2,"PS 18:1(11)_18:2(9,12)",0.9759999999999991,0.8712299999999686,0.0,0.18472299999999678,All,None,-92.2282,7,criegee,48.36448598130841,22.568493150684933,32.29461756373937,62.5
13503,15.787,718.46566,718.32321,198.3090592324586,C42H76NO10P,CCCCCC=CCC=CCCCCCCCC(=O)OC(COC(=O)CCCCCCCCCC=CCCCCCC)COP(=O)(O)OCC(N)C(=O)O,[M-H]-,PS 18:1_18:2,"PS 18:1(11)_18:2(9,12)",0.9759999999999991,0.893760000000043,0.0,0.1869760000000042,All,None,-66.1902,9,aldehyde,28.037383177570092,18.39041095890411,30.59490084985836,50.0
13389,15.762,732.48396,732.3502100000001,182.6312031780036,C42H76NO10P,CCCCCC=CCC=CCCCCCCCC(=O)OC(COC(=O)CCCCCCCCCC=CCCCCCC)COP(=O)(O)OCC(N)C(=O)O,[M-H]-,PS 18:1_18:2,"PS 18:1(11)_18:2(9,12)",0.9740000000000002,0.9024600000000191,0.0,0.18764600000000195,All,None,-52.163199999999996,9,criegee,0.0,0.0,8.101983002832862,12.375
13681,15.834,648.43049,648.18821,373.7803253162179,C42H76NO10P,CCCCCCCCC=CCC=CCCCCC(=O)OC(COC(=O)CCCCC=CCCCCCCCCCCC)COP(=O)(O)OCC(N)C(=O)O,[M-H]-,PS 18:1_18:2,"PS 18:1(6)_18:2(6,9)",0.8820000000000014,0.7939300000000458,0.6181977823993701,0.6621512259195008,Some,Some,-136.32519999999997,9,aldehyde,18.94859813084112,20.410958904109588,23.286118980169974,24.78125
13693,15.837,632.36532,632.1888100000001,279.20456232038305,C42H76NO10P,CCCCCCCCC=CCC=CCCCCC(=O)OC(COC(=O)CCCCC=CCCCCCCCCCCC)COP(=O)(O)OCC(N)C(=O)O,[M-H]-,PS 18:1_18:2,"PS 18:1(6)_18:2(6,9)",0.8760000000000012,0.859700000000089,0.0,0.17357000000000902,Some,Some,-152.32459999999998,12,aldehyde,3.1542056074766354,0.0,0.0,2.8000000000000003
13326,15.744,690.43342,690.26921,237.89269117177022,C42H76NO10P,CCCCCCCCC=CCC=CCCCCC(=O)OC(COC(=O)CCCCC=CCCCCCCCCCCC)COP(=O)(O)OCC(N)C(=O)O,[M-H]-,PS 18:1_18:2,"PS 18:1(6)_18:2(6,9)",0.9379999999999988,0.8720000000000709,0.0,0.181000000000007,Some,Some,-94.24419999999999,12,criegee,6.518691588785047,0.0,0.0,11.125
13791,15.869,676.41949,676.2858100000001,197.66790611784828,C42H76NO10P,CCCCCC=CCC=CCCCCCCCC(=O)OC(COC(=O)CCCCC=CCCCCCCCCCCC)COP(=O)(O)OCC(N)C(=O)O,[M-H]-,PS 18:1_18:2,"PS 18:1(6)_18:2(9,12)",0.8120000000000012,0.9025300000000698,0.0,0.1714530000000071,All,Some,-108.2276,6,aldehyde,3.3411214953271027,0.0,0.0,0.0
13505,15.787,692.45019,692.28521,238.31218350022834,C42H76NO10P,CCCCCC=CCC=CCCCCCCCC(=O)OC(COC(=O)CCCCC=CCCCCCCCCCCC)COP(=O)(O)OCC(N)C(=O)O,[M-H]-,PS 18:1_18:2,"PS 18:1(6)_18:2(9,12)",0.9759999999999991,0.8712299999999686,0.0,0.18472299999999678,All,Some,-92.2282,6,criegee,48.36448598130841,22.568493150684933,32.29461756373937,62.5
13420,15.771,716.45083,716.35081,139.6243273599038,C42H76NO10P,CCCCCC=CCC=CCCCCCCCC(=O)OC(COC(=O)CCCCC=CCCCCCCCCCCC)COP(=O)(O)OCC(N)C(=O)O,[M-H]-,PS 18:1_18:2,"PS 18:1(6)_18:2(9,12)",0.9920000000000009,0.9361900000000105,0.0,0.19281900000000116,All,Some,-68.1626,9,aldehyde,7.313084112149533,7.260273972602739,5.722379603399434,13.218750000000002
13389,15.762,732.48396,732.3502100000001,182.6312031780036,C42H76NO10P,CCCCCC=CCC=CCCCCCCCC(=O)OC(COC(=O)CCCCC=CCCCCCCCCCCC)COP(=O)(O)OCC(N)C(=O)O,[M-H]-,PS 18:1_18:2,"PS 18:1(6)_18:2(9,12)",0.9740000000000002,0.9024600000000191,0.0,0.18764600000000195,All,Some,-52.163199999999996,9,criegee,0.0,0.0,8.101983002832862,12.375
13693,15.837,632.36532,632.1888100000001,279.20456232038305,C42H76NO10P,CCCCCC=CCC=CCCCCCCCC(=O)OC(COC(=O)CCCCC=CCCCCCCCCCCC)COP(=O)(O)OCC(N)C(=O)O,[M-H]-,PS 18:1_18:2,"PS 18:1(6)_18:2(9,12)",0.8760000000000012,0.859700000000089,0.0,0.17357000000000902,All,Some,-152.32459999999998,12,aldehyde,3.1542056074766354,0.0,0.0,2.8000000000000003
13681,15.834,648.43049,648.18821,373.7803253162179,C42H76NO10P,CCCCCC=CCC=CCCCCCCCC(=O)OC(COC(=O)CCCCC=CCCCCCCCCCCC)COP(=O)(O)OCC(N)C(=O)O,[M-H]-,PS 18:1_18:2,"PS 18:1(6)_18:2(9,12)",0.8820000000000014,0.7939300000000458,0.6181977823993701,0.6621512259195008,All,Some,-136.32519999999997,12,criegee,18.94859813084112,20.410958904109588,23.286118980169974,24.78125
13304,15.736,634.37986,634.2048100000001,276.0149359320406,C42H76NO10P,CCCCCCCCC=CCC=CCCCCC(=O)OC(COC(=O)CCCCCCCC=CCCCCCCCC)COP(=O)(O)OCC(N)C(=O)O,[M-H]-,PS 18:1_18:2,"PS 18:1(9)_18:2(6,9)",0.9220000000000006,0.8611600000000408,0.0,0.17831600000000414,Some,None,-150.30859999999996,9,aldehyde,0.0,1.8527397260273974,0.0,0.0
13326,15.744,690.43342,690.26921,237.89269117177022,C42H76NO10P,CCCCCCCCC=CCC=CCCCCC(=O)OC(COC(=O)CCCCCCCC=CCCCCCCCC)COP(=O)(O)OCC(N)C(=O)O,[M-H]-,PS 18:1_18:2,"PS 18:1(9)_18:2(6,9)",0.9379999999999988,0.8720000000000709,0.0,0.181000000000007,Some,None,-94.24419999999999,9,criegee,6.518691588785047,0.0,0.0,11.125
13326,15.744,690.43342,690.26921,237.89269117177022,C42H76NO10P,CCCCCC=CCC=CCCCCCCCC(=O)OC(COC(=O)CCCCCCCC=CCCCCCCCC)COP(=O)(O)OCC(N)C(=O)O,[M-H]-,PS 18:1_18:2,"PS 18:1(9)_18:2(9,12)",0.9379999999999988,0.8720000000000709,0.0,0.181000000000007,Some,None,-94.24419999999999,6,aldehyde,6.518691588785047,0.0,0.0,11.125
13505,15.787,692.45019,692.28521,238.31218350022834,C42H76NO10P,CCCCCC=CCC=CCCCCCCCC(=O)OC(COC(=O)CCCCCCCC=CCCCCCCCC)COP(=O)(O)OCC(N)C(=O)O,[M-H]-,PS 18:1_18:2,"PS 18:1(9)_18:2(9,12)",0.9759999999999991,0.8712299999999686,0.0,0.18472299999999678,Some,None,-92.2282,6,criegee,48.36448598130841,22.568493150684933,32.29461756373937,62.5
13420,15.771,716.45083,716.35081,139.6243273599038,C42H76NO10P,CCCCCC=CCC=CCCCCCCCC(=O)OC(COC(=O)CCCCCCCC=CCCCCCCCC)COP(=O)(O)OCC(N)C(=O)O,[M-H]-,PS 18:1_18:2,"PS 18:1(9)_18:2(9,12)",0.9920000000000009,0.9361900000000105,0.0,0.19281900000000116,Some,None,-68.1626,9,aldehyde,7.313084112149533,7.260273972602739,5.722379603399434,13.218750000000002
13389,15.762,732.48396,732.3502100000001,182.6312031780036,C42H76NO10P,CCCCCC=CCC=CCCCCCCCC(=O)OC(COC(=O)CCCCCCCC=CCCCCCCCC)COP(=O)(O)OCC(N)C(=O)O,[M-H]-,PS 18:1_18:2,"PS 18:1(9)_18:2(9,12)",0.9740000000000002,0.9024600000000191,0.0,0.18764600000000195,Some,None,-52.163199999999996,9,criegee,0.0,0.0,8.101983002832862,12.375
13480,15.783,786.56488,786.52906,45.54186465794146,C42H78NO10P,CCCCCC=CCC=CCCCCCCCC(=O)OC(COC(=O)CCCCCCCCCCCCCCCCC)COP(=O)(O)OCC(N)C(=O)O,[M-H]-,PS 18:0_18:2,"PS 18:0_18:2(9,12)",0.9829999999999988,0.9305950000000109,0.0,0.19135950000000096,All,None,0.0,0,substrate,81835.24504692387,43867.28547447418,27873.07132459971,74564.70911841563
13480,15.783,786.56488,786.52906,45.54186465794146,C42H78NO10P,CCCCCCCCC=CCC=CCCCCC(=O)OC(COC(=O)CCCCCCCCCCCCCCCCC)COP(=O)(O)OCC(N)C(=O)O,[M-H]-,PS 18:0_18:2,"PS 18:0_18:2(6,9)",0.6044999999999998,0.8784200000000624,0.0,0.14829200000000622,All,None,0.0,0,substrate,62164.75495307612,36032.71452552582,46926.92867540029,69435.29088158438
12589,15.438,636.38812,636.22046,263.5250051530177,C42H78NO10P,CCCCCCCCC=CCC=CCCCCC(=O)OC(COC(=O)CCCCCCCCCCCCCCCCC)COP(=O)(O)OCC(N)C(=O)O,[M-H]-,PS 18:0_18:2,"PS 18:0_18:2(6,9)",0.3100000000000023,0.8681600000001026,0.0,0.1178160000000105,All,None,-150.30859999999996,9,aldehyde,131000.0,45300.0,0.0,148000.0
12557,15.427,652.38244,652.21986,249.27177163837734,C42H78NO10P,CCCCCCCCC=CCC=CCCCCC(=O)OC(COC(=O)CCCCCCCCCCCCCCCCC)COP(=O)(O)OCC(N)C(=O)O,[M-H]-,PS 18:0_18:2,"PS 18:0_18:2(6,9)",0.28800000000000026,0.8732400000001235,0.0,0.11612400000001238,All,None,-134.30919999999995,9,criegee,29200.0,0.0,14000.0,28500.0
13791,15.869,676.41949,676.28546,198.18554135416795,C42H78NO10P,CCCCCCCCC=CCC=CCCCCC(=O)OC(COC(=O)CCCCCCCCCCCCCCCCC)COP(=O)(O)OCC(N)C(=O)O,[M-H]-,PS 18:0_18:2,"PS 18:0_18:2(6,9)",0.8279999999999994,0.9017900000000054,0.0,0.1729790000000005,All,None,-110.24359999999999,12,aldehyde,14300.0,0.0,0.0,0.0
13505,15.787,692.45019,692.28486,238.81787621361522,C42H78NO10P,CCCCCCCCC=CCC=CCCCCC(=O)OC(COC(=O)CCCCCCCCCCCCCCCCC)COP(=O)(O)OCC(N)C(=O)O,[M-H]-,PS 18:0_18:2,"PS 18:0_18:2(6,9)",0.9919999999999973,0.870490000000018,0.0,0.18624900000000155,All,None,-94.24419999999999,12,criegee,207000.0,65900.0,114000.0,200000.0
13522,15.791,678.43468,678.3014599999999,196.40234889078846,C42H78NO10P,CCCCCC=CCC=CCCCCCCCC(=O)OC(COC(=O)CCCCCCCCCCCCCCCCC)COP(=O)(O)OCC(N)C(=O)O,[M-H]-,PS 18:0_18:2,"PS 18:0_18:2(9,12)",0.9839999999999982,0.9026000000000067,0.0,0.1886600000000005,All,None,-108.2276,6,aldehyde,116000.0,21200.0,73500.0,124000.0
13511,15.79,694.4287,694.30086,184.1276705319156,C42H78NO10P,CCCCCC=CCC=CCCCCCCCC(=O)OC(COC(=O)CCCCCCCCCCCCCCCCC)COP(=O)(O)OCC(N)C(=O)O,[M-H]-,PS 18:0_18:2,"PS 18:0_18:2(9,12)",0.9860000000000007,0.9079799999999523,0.0,0.1893979999999953,All,None,-92.2282,6,criegee,53800.0,12900.0,34000.0,66600.0
13503,15.787,718.46566,718.36646,138.09107958631057,C42H78NO10P,CCCCCC=CCC=CCCCCCCCC(=O)OC(COC(=O)CCCCCCCCCCCCCCCCC)COP(=O)(O)OCC(N)C(=O)O,[M-H]-,PS 18:0_18:2,"PS 18:0_18:2(9,12)",0.9919999999999973,0.9366200000000617,0.0,0.19286200000000592,All,None,-68.1626,9,aldehyde,120000.0,53700.0,108000.0,160000.0
13556,15.798,734.4265,734.36586,82.57464474183875,C42H78NO10P,CCCCCC=CCC=CCCCCCCCC(=O)OC(COC(=O)CCCCCCCCCCCCCCCCC)COP(=O)(O)OCC(N)C(=O)O,[M-H]-,PS 18:0_18:2,"PS 18:0_18:2(9,12)",0.9699999999999989,0.975180000000023,0.0,0.1945180000000022,All,None,-52.163199999999996,9,criegee,0.0,3540.0,0.0,0.0
13663,15.826,784.47837,784.51341,44.66462848605846,C42H76NO10P,CCCCCCCCC=CCC=CCCCCC(=O)OC(COC(=O)CCCCC=CCCCCCCCCCCC)COP(=O)(O)OCC(N)C(=O)O,[M-H]-,PS 18:1_18:2,"PS 18:1(6)_18:2(6,9)",0.8485000000000005,0.7781350000001055,0.15604738420323824,0.2875014073626012,Some,Some,0.0,0,substrate,20742.419948994047,5111.009890681937,0.0,0.0
13663,15.826,784.47837,784.51341,44.66462848605846,C42H76NO10P,CCCCCC=CCC=CCCCCCCCC(=O)OC(COC(=O)CCCCC=CCCCCCCCCCCC)COP(=O)(O)OCC(N)C(=O)O,[M-H]-,PS 18:1_18:2,"PS 18:1(6)_18:2(9,12)",0.9253333333333345,0.8123300000000692,0.1040315894688255,0.25699160490840073,All,Some,0.0,0,substrate,36679.51260980448,3801.535658511192,0.0,0.0
13663,15.826,784.47837,784.51341,44.66462848605846,C42H76NO10P,CCCCCCCCC=CCC=CCCCCC(=O)OC(COC(=O)CCCCCCCC=CCCCCCCCC)COP(=O)(O)OCC(N)C(=O)O,[M-H]-,PS 18:1_18:2,"PS 18:1(9)_18:2(6,9)",0.9699999999999989,0.7948850000000789,0.0,0.17648850000000776,Some,None,0.0,0,substrate,16351.94105979031,4364.914107235814,0.0,0.0
13663,15.826,784.47837,784.51341,44.66462848605846,C42H76NO10P,CCCCCC=CCC=CCCCCCCCC(=O)OC(COC(=O)CCCCCCCC=CCCCCCCCC)COP(=O)(O)OCC(N)C(=O)O,[M-H]-,PS 18:1_18:2,"PS 18:1(9)_18:2(9,12)",0.9270000000000005,0.8329075000000614,0.0,0.1759907500000062,Some,None,0.0,0,substrate,32289.033720600735,4100.9890681936495,0.0,0.0
13663,15.826,784.47837,784.51341,44.66462848605846,C42H76NO10P,CCCCCC=CCC=CCCCCCCCC(=O)OC(COC(=O)CCCCCCCCCC=CCCCCCC)COP(=O)(O)OCC(N)C(=O)O,[M-H]-,PS 18:1_18:2,"PS 18:1(11)_18:2(9,12)",0.9026666666666673,0.8397800000000567,0.0,0.1742446666666724,All,None,0.0,0,substrate,0.0,1045.549193128579,0.0,0.0
13663,15.826,784.47837,784.51341,44.66462848605846,C42H76NO10P,CCCCCCCCC=CCC=CCCCCC(=O)OC(COC(=O)CCCCCCCCCC=CCCCCCC)COP(=O)(O)OCC(N)C(=O)O,[M-H]-,PS 18:1_18:2,"PS 18:1(11)_18:2(6,9)",0.844,0.802828333333404,0.0,0.1646828333333404,All,None,0.0,0,substrate,15937.092660810427,1076.0020822488286,0.0,0.0
13742,15.851,634.37999,634.2048100000001,276.2199170327245,C42H76NO10P,CCCCCCCCC=CCC=CCCCCC(=O)OC(COC(=O)CCCCCCCCCC=CCCCCCC)COP(=O)(O)OCC(N)C(=O)O,[M-H]-,PS 18:1_18:2,"PS 18:1(11)_18:2(6,9)",0.9499999999999993,0.7897800000000643,0.0,0.17397800000000635,All,None,-150.30859999999996,7,aldehyde,0.0,20600.0,23200.0,25500.0
12966,15.547,650.36775,650.2042100000001,251.5209798470823,C42H76NO10P,CCCCCCCCC=CCC=CCCCCC(=O)OC(COC(=O)CCCCCCCCCC=CCCCCCC)COP(=O)(O)OCC(N)C(=O)O,[M-H]-,PS 18:1_18:2,"PS 18:1(11)_18:2(6,9)",0.44200000000000017,0.801420000000121,0.0,0.12434200000001212,All,None,-134.30919999999995,7,criegee,0.0,26400.0,0.0,0.0
13838,15.898,674.48482,674.26981,318.8782840507223,C42H76NO10P,CCCCCCCCC=CCC=CCCCCC(=O)OC(COC(=O)CCCCCCCCCC=CCCCCCC)COP(=O)(O)OCC(N)C(=O)O,[M-H]-,PS 18:1_18:2,"PS 18:1(11)_18:2(6,9)",0.8560000000000016,0.7499500000000126,0.0,0.16059500000000143,All,None,-110.24359999999999,9,aldehyde,0.0,0.0,0.0,8940.0
13641,15.821,690.43418,690.26921,238.99371087394388,C42H76NO10P,CCCCCCCCC=CCC=CCCCCC(=O)OC(COC(=O)CCCCCCCCCC=CCCCCCC)COP(=O)(O)OCC(N)C(=O)O,[M-H]-,PS 18:1_18:2,"PS 18:1(11)_18:2(6,9)",0.9899999999999984,0.7999900000000935,0.0,0.1789990000000092,All,None,-94.24419999999999,9,criegee,0.0,0.0,0.0,32800.0
13796,15.874,702.43545,702.32381,158.95801681558507,C42H76NO10P,CCCCCCCCC=CCC=CCCCCC(=O)OC(COC(=O)CCCCCCCCCC=CCCCCCC)COP(=O)(O)OCC(N)C(=O)O,[M-H]-,PS 18:1_18:2,"PS 18:1(11)_18:2(6,9)",0.9039999999999999,0.8533200000000534,0.0,0.17573200000000533,All,None,-82.1896,12,aldehyde,0.0,0.0,8480.0,0.0
13503,15.787,718.46566,718.32321,198.3090592324586,C42H76NO10P,CCCCCCCCC=CCC=CCCCCC(=O)OC(COC(=O)CCCCCCCCCC=CCCCCCC)COP(=O)(O)OCC(N)C(=O)O,[M-H]-,PS 18:1_18:2,"PS 18:1(11)_18:2(6,9)",0.9220000000000006,0.8225100000000793,0.0,0.17445100000000802,All,None,-66.1902,12,criegee,120000.0,53700.0,108000.0,160000.0
13796,15.874,702.43545,702.32381,158.95801681558507,C42H76NO10P,CCCCCC=CCC=CCCCCCCCC(=O)OC(COC(=O)CCCCCCCCCC=CCCCCCC)COP(=O)(O)OCC(N)C(=O)O,[M-H]-,PS 18:1_18:2,"PS 18:1(11)_18:2(9,12)",0.9039999999999999,0.8533200000000534,0.0,0.17573200000000533,All,None,-82.1896,6,aldehyde,0.0,0.0,8480.0,0.0
13420,15.771,716.45083,716.35081,139.6243273599038,C42H76NO10P,CCCCCC=CCC=CCCCCCCCC(=O)OC(COC(=O)CCCCCCCCCC=CCCCCCC)COP(=O)(O)OCC(N)C(=O)O,[M-H]-,PS 18:1_18:2,"PS 18:1(11)_18:2(9,12)",0.8900000000000006,0.8649400000000469,0.0,0.17549400000000476,All,None,-68.1626,6,criegee,31300.0,21200.0,20200.0,42300.0
13791,15.869,676.41949,676.2858100000001,197.66790611784828,C42H76NO10P,CCCCCC=CCC=CCCCCCCCC(=O)OC(COC(=O)CCCCCCCCCC=CCCCCCC)COP(=O)(O)OCC(N)C(=O)O,[M-H]-,PS 18:1_18:2,"PS 18:1(11)_18:2(9,12)",0.9140000000000015,0.8312800000001062,0.0,0.17452800000001079,All,None,-108.2276,7,aldehyde,14300.0,0.0,0.0,0.0
13792,15.869,692.41475,692.28521,187.1194099322445,C42H76NO10P,CCCCCC=CCC=CCCCCCCCC(=O)OC(COC(=O)CCCCCCCCCC=CCCCCCC)COP(=O)(O)OCC(N)C(=O)O,[M-H]-,PS 18:1_18:2,"PS 18:1(11)_18:2(9,12)",0.9140000000000015,0.8354199999999992,0.0,0.17494200000000007,All,None,-92.2282,7,criegee,46600.0,0.0,0.0,0.0
13503,15.787,718.46566,718.32321,198.3090592324586,C42H76NO10P,CCCCCC=CCC=CCCCCCCCC(=O)OC(COC(=O)CCCCCCCCCC=CCCCCCC)COP(=O)(O)OCC(N)C(=O)O,[M-H]-,PS 18:1_18:2,"PS 18:1(11)_18:2(9,12)",0.9220000000000006,0.8225100000000793,0.0,0.17445100000000802,All,None,-66.1902,9,aldehyde,120000.0,53700.0,108000.0,160000.0
13389,15.762,732.48396,732.3502100000001,182.6312031780036,C42H76NO10P,CCCCCC=CCC=CCCCCCCCC(=O)OC(COC(=O)CCCCCCCCCC=CCCCCCC)COP(=O)(O)OCC(N)C(=O)O,[M-H]-,PS 18:1_18:2,"PS 18:1(11)_18:2(9,12)",0.8719999999999999,0.8312100000000555,0.0,0.17032100000000555,All,None,-52.163199999999996,9,criegee,0.0,0.0,28600.0,39600.0
13681,15.834,648.43049,648.18821,373.7803253162179,C42H76NO10P,CCCCCCCCC=CCC=CCCCCC(=O)OC(COC(=O)CCCCC=CCCCCCCCCCCC)COP(=O)(O)OCC(N)C(=O)O,[M-H]-,PS 18:1_18:2,"PS 18:1(6)_18:2(6,9)",0.9840000000000018,0.7226800000000821,0.624189536812953,0.6700196294503707,Some,Some,-136.32519999999997,9,aldehyde,81100.0,59600.0,82200.0,79300.0
12966,15.547,650.36775,650.2042100000001,251.5209798470823,C42H76NO10P,CCCCCCCCC=CCC=CCCCCC(=O)OC(COC(=O)CCCCC=CCCCCCCCCCCC)COP(=O)(O)OCC(N)C(=O)O,[M-H]-,PS 18:1_18:2,"PS 18:1(6)_18:2(6,9)",0.44200000000000017,0.801420000000121,0.0,0.12434200000001212,Some,Some,-134.30919999999995,9,criegee,0.0,26400.0,0.0,0.0
13693,15.837,632.36532,632.1888100000001,279.20456232038305,C42H76NO10P,CCCCCCCCC=CCC=CCCCCC(=O)OC(COC(=O)CCCCC=CCCCCCCCCCCC)COP(=O)(O)OCC(N)C(=O)O,[M-H]-,PS 18:1_18:2,"PS 18:1(6)_18:2(6,9)",0.9780000000000015,0.7884500000001253,0.0,0.1766450000000127,Some,Some,-152.32459999999998,12,aldehyde,13500.0,0.0,0.0,8960.0
13641,15.821,690.43418,690.26921,238.99371087394388,C42H76NO10P,CCCCCCCCC=CCC=CCCCCC(=O)OC(COC(=O)CCCCC=CCCCCCCCCCCC)COP(=O)(O)OCC(N)C(=O)O,[M-H]-,PS 18:1_18:2,"PS 18:1(6)_18:2(6,9)",0.9899999999999984,0.7999900000000935,0.0,0.1789990000000092,Some,Some,-94.24419999999999,12,criegee,0.0,0.0,0.0,32800.0
13791,15.869,676.41949,676.2858100000001,197.66790611784828,C42H76NO10P,CCCCCC=CCC=CCCCCCCCC(=O)OC(COC(=O)CCCCC=CCCCCCCCCCCC)COP(=O)(O)OCC(N)C(=O)O,[M-H]-,PS 18:1_18:2,"PS 18:1(6)_18:2(9,12)",0.9140000000000015,0.8312800000001062,0.0,0.17452800000001079,All,Some,-108.2276,6,aldehyde,14300.0,0.0,0.0,0.0
13792,15.869,692.41475,692.28521,187.1194099322445,C42H76NO10P,CCCCCC=CCC=CCCCCCCCC(=O)OC(COC(=O)CCCCC=CCCCCCCCCCCC)COP(=O)(O)OCC(N)C(=O)O,[M-H]-,PS 18:1_18:2,"PS 18:1(6)_18:2(9,12)",0.9140000000000015,0.8354199999999992,0.0,0.17494200000000007,All,Some,-92.2282,6,criegee,46600.0,0.0,0.0,0.0
13420,15.771,716.45083,716.35081,139.6243273599038,C42H76NO10P,CCCCCC=CCC=CCCCCCCCC(=O)OC(COC(=O)CCCCC=CCCCCCCCCCCC)COP(=O)(O)OCC(N)C(=O)O,[M-H]-,PS 18:1_18:2,"PS 18:1(6)_18:2(9,12)",0.8900000000000006,0.8649400000000469,0.0,0.17549400000000476,All,Some,-68.1626,9,aldehyde,31300.0,21200.0,20200.0,42300.0
13389,15.762,732.48396,732.3502100000001,182.6312031780036,C42H76NO10P,CCCCCC=CCC=CCCCCCCCC(=O)OC(COC(=O)CCCCC=CCCCCCCCCCCC)COP(=O)(O)OCC(N)C(=O)O,[M-H]-,PS 18:1_18:2,"PS 18:1(6)_18:2(9,12)",0.8719999999999999,0.8312100000000555,0.0,0.17032100000000555,All,Some,-52.163199999999996,9,criegee,0.0,0.0,28600.0,39600.0
13693,15.837,632.36532,632.1888100000001,279.20456232038305,C42H76NO10P,CCCCCC=CCC=CCCCCCCCC(=O)OC(COC(=O)CCCCC=CCCCCCCCCCCC)COP(=O)(O)OCC(N)C(=O)O,[M-H]-,PS 18:1_18:2,"PS 18:1(6)_18:2(9,12)",0.9780000000000015,0.7884500000001253,0.0,0.1766450000000127,All,Some,-152.32459999999998,12,aldehyde,13500.0,0.0,0.0,8960.0
13681,15.834,648.43049,648.18821,373.7803253162179,C42H76NO10P,CCCCCC=CCC=CCCCCCCCC(=O)OC(COC(=O)CCCCC=CCCCCCCCCCCC)COP(=O)(O)OCC(N)C(=O)O,[M-H]-,PS 18:1_18:2,"PS 18:1(6)_18:2(9,12)",0.9840000000000018,0.7226800000000821,0.624189536812953,0.6700196294503707,All,Some,-136.32519999999997,12,criegee,81100.0,59600.0,82200.0,79300.0
13742,15.851,634.37999,634.2048100000001,276.2199170327245,C42H76NO10P,CCCCCCCCC=CCC=CCCCCC(=O)OC(COC(=O)CCCCCCCC=CCCCCCCCC)COP(=O)(O)OCC(N)C(=O)O,[M-H]-,PS 18:1_18:2,"PS 18:1(9)_18:2(6,9)",0.9499999999999993,0.7897800000000643,0.0,0.17397800000000635,Some,None,-150.30859999999996,9,aldehyde,0.0,20600.0,23200.0,25500.0
13641,15.821,690.43418,690.26921,238.99371087394388,C42H76NO10P,CCCCCCCCC=CCC=CCCCCC(=O)OC(COC(=O)CCCCCCCC=CCCCCCCCC)COP(=O)(O)OCC(N)C(=O)O,[M-H]-,PS 18:1_18:2,"PS 18:1(9)_18:2(6,9)",0.9899999999999984,0.7999900000000935,0.0,0.1789990000000092,Some,None,-94.24419999999999,9,criegee,0.0,0.0,0.0,32800.0
13641,15.821,690.43418,690.26921,238.99371087394388,C42H76NO10P,CCCCCC=CCC=CCCCCCCCC(=O)OC(COC(=O)CCCCCCCC=CCCCCCCCC)COP(=O)(O)OCC(N)C(=O)O,[M-H]-,PS 18:1_18:2,"PS 18:1(9)_18:2(9,12)",0.9899999999999984,0.7999900000000935,0.0,0.1789990000000092,Some,None,-94.24419999999999,6,aldehyde,0.0,0.0,0.0,32800.0
13792,15.869,692.41475,692.28521,187.1194099322445,C42H76NO10P,CCCCCC=CCC=CCCCCCCCC(=O)OC(COC(=O)CCCCCCCC=CCCCCCCCC)COP(=O)(O)OCC(N)C(=O)O,[M-H]-,PS 18:1_18:2,"PS 18:1(9)_18:2(9,12)",0.9140000000000015,0.8354199999999992,0.0,0.17494200000000007,Some,None,-92.2282,6,criegee,46600.0,0.0,0.0,0.0
13420,15.771,716.45083,716.35081,139.6243273599038,C42H76NO10P,CCCCCC=CCC=CCCCCCCCC(=O)OC(COC(=O)CCCCCCCC=CCCCCCCCC)COP(=O)(O)OCC(N)C(=O)O,[M-H]-,PS 18:1_18:2,"PS 18:1(9)_18:2(9,12)",0.8900000000000006,0.8649400000000469,0.0,0.17549400000000476,Some,None,-68.1626,9,aldehyde,31300.0,21200.0,20200.0,42300.0
13791,15.869,676.41949,676.2858100000001,197.66790611784828,C42H76NO10P,CCCCCC=CCC=CCCCCCCCC(=O)OC(COC(=O)CCCCCCCC=CCCCCCCCC)COP(=O)(O)OCC(N)C(=O)O,[M-H]-,PS 18:1_18:2,"PS 18:1(9)_18:2(9,12)",0.9140000000000015,0.8312800000001062,0.0,0.17452800000001079,Some,None,-108.2276,9,criegee,14300.0,0.0,0.0,0.0
14512,16.236,725.51218,725.51268,0.6891678310872023,C41H75O8P,CCCCCC=CCC=CCC=CCCCCCCC(=O)OC(COC(=O)CCCCCCCCCCCCCCCCC)COP(=O)(O)O,[M-H]-,PA 18:0_20:3,"PA 18:0_20:3(8,11,14)",0.8893333333333343,0.9080133333332961,0.0,0.17973466666666305,All,None,0.0,0,substrate,56117.81281449178,0.0,3943.1614115681773,34950.72817091166
14512,16.236,725.51218,725.51268,0.6891678310872023,C41H75O8P,CCC=CCC=CCC=CCCCCCCCCCC(=O)OC(COC(=O)CCCCCCCCCCCCCCCCC)COP(=O)(O)O,[M-H]-,PA 18:0_20:3,"PA 18:0_20:3(11,14,17)",0.6970000000000004,0.9367716666666676,0.0,0.16337716666666682,All,None,0.0,0,substrate,47999.59745051996,0.0,41875.02610148257,82032.65541797652
14512,16.236,725.51218,725.51268,0.6891678310872023,C41H75O8P,CCCCCCCCC=CCC=CCC=CCCCC(=O)OC(COC(=O)CCCCCCCCCCCCCCCCC)COP(=O)(O)O,[M-H]-,PA 18:0_20:3,"PA 18:0_20:3(5,8,11)",0.652000000000001,0.6994033333333505,0.0,0.13514033333333517,All,None,0.0,0,substrate,24882.589734988258,0.0,34881.81248694926,56016.61641111182
14301,16.143,619.36109,619.3010800000001,96.89955651283569,C41H75O8P,CCC=CCC=CCC=CCCCCCCCCCC(=O)OC(COC(=O)CCCCCCCCCCCCCCCCC)COP(=O)(O)O,[M-H]-,PA 18:0_20:3,"PA 18:0_20:3(11,14,17)",0.8140000000000001,0.939489999999978,0.0,0.1753489999999978,All,None,-106.21159999999999,3,aldehyde,0.0,0.0,4680.0,11500.0
14534,16.247,635.32465,635.3004800000001,38.044989356710005,C41H75O8P,CCC=CCC=CCC=CCCCCCCCCCC(=O)OC(COC(=O)CCCCCCCCCCCCCCCCC)COP(=O)(O)O,[M-H]-,PA 18:0_20:3,"PA 18:0_20:3(11,14,17)",0.9780000000000015,0.9753299999999854,0.0,0.1953329999999987,All,None,-90.2122,3,criegee,3540.0,0.0,0.0,0.0
14880,16.401,659.33146,659.36608,52.50497568819142,C41H75O8P,CCC=CCC=CCC=CCCCCCCCCCC(=O)OC(COC(=O)CCCCCCCCCCCCCCCCC)COP(=O)(O)O,[M-H]-,PA 18:0_20:3,"PA 18:0_20:3(11,14,17)",0.6700000000000017,0.9658800000000838,0.0,0.16358800000000856,All,None,-66.1466,6,aldehyde,0.0,0.0,0.0,2690.0
14554,16.253,675.23228,675.36548,197.2265446556458,C41H75O8P,CCC=CCC=CCC=CCCCCCCCCCC(=O)OC(COC(=O)CCCCCCCCCCCCCCCCC)COP(=O)(O)O,[M-H]-,PA 18:0_20:3,"PA 18:0_20:3(11,14,17)",0.9660000000000011,0.8673000000000002,0.0,0.18333000000000016,All,None,-50.147200000000005,6,criegee,0.0,4760.0,0.0,0.0
14990,16.46,699.49702,699.4310800000001,94.27662265159138,C41H75O8P,CCC=CCC=CCC=CCCCCCCCCCC(=O)OC(COC(=O)CCCCCCCCCCCCCCCCC)COP(=O)(O)O,[M-H]-,PA 18:0_20:3,"PA 18:0_20:3(11,14,17)",0.5519999999999996,0.9335599999999431,0.0,0.14855599999999428,All,None,-26.081599999999995,9,aldehyde,0.0,6760.0,0.0,0.0
13692,15.837,715.49091,715.4304800000001,84.46662770068582,C41H75O8P,CCC=CCC=CCC=CCCCCCCCCCC(=O)OC(COC(=O)CCCCCCCCCCCCCCCCC)COP(=O)(O)O,[M-H]-,PA 18:0_20:3,"PA 18:0_20:3(11,14,17)",0.20199999999999818,0.9390700000000152,0.0,0.11410700000000133,All,None,-10.082199999999995,9,criegee,61300.0,0.0,0.0,17300.0
14574,16.258,535.19106,535.1390800000001,97.13362739242298,C41H75O8P,CCCCCCCCC=CCC=CCC=CCCCC(=O)OC(COC(=O)CCCCCCCCCCCCCCCCC)COP(=O)(O)O,[M-H]-,PA 18:0_20:3,"PA 18:0_20:3(5,8,11)",0.9560000000000031,0.9475200000000541,0.0,0.19035200000000574,All,None,-190.37359999999993,9,aldehyde,0.0,0.0,0.0,21800.0
14229,16.094,550.28764,551.1384800000001,1543.7862368094166,C41H75O8P,CCCCCCCCC=CCC=CCC=CCCCC(=O)OC(COC(=O)CCCCCCCCCCCCCCCCC)COP(=O)(O)O,[M-H]-,PA 18:0_20:3,"PA 18:0_20:3(5,8,11)",0.7160000000000011,0.14966000000003987,0.0,0.0865660000000041,All,None,-174.37419999999992,9,criegee,0.0,3220.0,0.0,0.0
15266,16.666,575.2226,575.2040800000001,32.19726814171204,C41H75O8P,CCCCCCCCC=CCC=CCC=CCCCC(=O)OC(COC(=O)CCCCCCCCCCCCCCCCC)COP(=O)(O)O,[M-H]-,PA 18:0_20:3,"PA 18:0_20:3(5,8,11)",0.14000000000000057,0.9809799999999314,0.0,0.11209799999999319,All,None,-150.30859999999996,12,aldehyde,3960.0,0.0,0.0,3210.0
14215,16.088,591.36659,591.2034800000001,275.89485772283825,C41H75O8P,CCCCCCCCC=CCC=CCC=CCCCC(=O)OC(COC(=O)CCCCCCCCCCCCCCCCC)COP(=O)(O)O,[M-H]-,PA 18:0_20:3,"PA 18:0_20:3(5,8,11)",0.7040000000000006,0.8363900000000513,0.0,0.1540390000000052,All,None,-134.30919999999995,12,criegee,12200.0,0.0,0.0,0.0
15066,16.506,615.26708,615.26908,3.2506102859360215,C41H75O8P,CCCCCCCCC=CCC=CCC=CCCCC(=O)OC(COC(=O)CCCCCCCCCCCCCCCCC)COP(=O)(O)O,[M-H]-,PA 18:0_20:3,"PA 18:0_20:3(5,8,11)",0.46000000000000085,0.9985000000000355,0.0,0.14585000000000364,All,None,-110.24359999999999,15,aldehyde,27300.0,39000.0,28900.0,28700.0
14432,16.204,630.55135,631.2684800000001,1136.0142676537737,C41H75O8P,CCCCCCCCC=CCC=CCC=CCCCC(=O)OC(COC(=O)CCCCCCCCCCCCCCCCC)COP(=O)(O)O,[M-H]-,PA 18:0_20:3,"PA 18:0_20:3(5,8,11)",0.9359999999999999,0.2833699999999908,0.0,0.12193699999999909,All,None,-94.24419999999999,15,criegee,12000.0,23900.0,20800.0,20200.0
14456,16.215,577.23888,577.22008,32.569899508592925,C41H75O8P,CCCCCC=CCC=CCC=CCCCCCCC(=O)OC(COC(=O)CCCCCCCCCCCCCCCCC)COP(=O)(O)O,[M-H]-,PA 18:0_20:3,"PA 18:0_20:3(8,11,14)",0.9579999999999984,0.9806999999999562,0.0,0.19386999999999546,All,None,-148.29259999999996,6,aldehyde,3650.0,0.0,0.0,0.0
14407,16.193,593.34598,593.2194800000001,213.24316591890155,C41H75O8P,CCCCCC=CCC=CCC=CCCCCCCC(=O)OC(COC(=O)CCCCCCCCCCCCCCCCC)COP(=O)(O)O,[M-H]-,PA 18:0_20:3,"PA 18:0_20:3(8,11,14)",0.9140000000000015,0.8729999999999336,0.0,0.17869999999999353,All,None,-132.29319999999996,6,criegee,11400.0,0.0,10200.0,11700.0
14927,16.423,617.28434,617.2850800000001,1.198797806783789,C41H75O8P,CCCCCC=CCC=CCC=CCCCCCCC(=O)OC(COC(=O)CCCCCCCCCCCCCCCCC)COP(=O)(O)O,[M-H]-,PA 18:0_20:3,"PA 18:0_20:3(8,11,14)",0.6260000000000048,0.9997600000000375,0.0,0.16257600000000422,All,None,-108.2276,9,aldehyde,13700.0,28000.0,20700.0,22200.0
14592,16.265,633.37603,633.28448,144.56378277260768,C41H75O8P,CCCCCC=CCC=CCC=CCCCCCCC(=O)OC(COC(=O)CCCCCCCCCCCCCCCCC)COP(=O)(O)O,[M-H]-,PA 18:0_20:3,"PA 18:0_20:3(8,11,14)",0.9420000000000002,0.9079499999999143,0.0,0.18499499999999147,All,None,-92.2282,9,criegee,0.0,0.0,7040.0,0.0
14576,16.258,657.53046,657.35008,274.40477378492153,C41H75O8P,CCCCCC=CCC=CCC=CCCCCCCC(=O)OC(COC(=O)CCCCCCCCCCCCCCCCC)COP(=O)(O)O,[M-H]-,PA 18:0_20:3,"PA 18:0_20:3(8,11,14)",0.9560000000000031,0.8191199999999981,0.0,0.17751200000000011,All,None,-68.1626,12,aldehyde,0.0,0.0,0.0,6630.0
14438,16.206,673.48143,673.3494800000001,195.96064735946732,C41H75O8P,CCCCCC=CCC=CCC=CCCCCCCC(=O)OC(COC(=O)CCCCCCCCCCCCCCCCC)COP(=O)(O)O,[M-H]-,PA 18:0_20:3,"PA 18:0_20:3(8,11,14)",0.9399999999999977,0.8675499999999374,0.0,0.18075499999999353,All,None,-52.163199999999996,12,criegee,0.0,0.0,3460.0,9940.0
15027,16.491,744.55535,744.55488,0.6312496399865547,C41H80NO8P,CCCCCCCCC=CCCCCCCCC(=O)OC(COC(=O)CCCCCCCCCCCCCCCCC)COP(=O)(O)OCCN,[M-H]-,PE 18:0_18:1,PE 18:0_18:1(9),0.9570000000000007,0.8934350000000109,0.0,0.18504350000000117,All,None,0.0,0,substrate,14030.668127053668,,0.0,0.0
15027,16.491,744.55535,744.55488,0.6312496399865547,C41H80NO8P,CCCCCCCCCCCC=CCCCCC(=O)OC(COC(=O)CCCCCCCCCCCCCCCCC)COP(=O)(O)OCCN,[M-H]-,PE 18:0_18:1,PE 18:0_18:1(6),0.39199999999999946,0.8484599999999318,0.03904803732819503,0.15528442986254917,All,Some,0.0,0,substrate,20332.968236582692,,82491.16607773851,0.0
15027,16.491,744.55535,744.55488,0.6312496399865547,C41H80NO8P,CCCCCCC=CCCCCCCCCCC(=O)OC(COC(=O)CCCCCCCCCCCCCCCCC)COP(=O)(O)OCCN,[M-H]-,PE 18:0_18:1,PE 18:0_18:1(11),0.38400000000000034,0.0065600000000358705,0.0,0.03905600000000362,All,None,0.0,0,substrate,133636.36363636362,,78508.83392226147,172000.0
14378,16.183,661.37231,662.36528,1499.127490498919,C41H80NO8P,CCCCCCC=CCCCCCCCCCC(=O)OC(COC(=O)CCCCCCCCCCCCCCCCC)COP(=O)(O)OCCN,[M-H]-,PE 18:0_18:1,PE 18:0_18:1(11),0.38400000000000034,0.0065600000000358705,0.0,0.03905600000000362,All,None,-82.1896,7,aldehyde,1.8154761904761907,0.0,0.0,0.0
14533,16.247,592.36958,592.23028,235.2125595470201,C41H80NO8P,CCCCCCCCCCCC=CCCCCC(=O)OC(COC(=O)CCCCCCCCCCCCCCCCC)COP(=O)(O)OCCN,[M-H]-,PE 18:0_18:1,PE 18:0_18:1(6),0.5120000000000005,0.8611699999999018,0.0,0.13731699999999025,All,Some,-152.32459999999998,12,aldehyde,2.630952380952381,0.0,0.0,0.0
15559,16.855,608.3944,608.22968,270.8187472863679,C41H80NO8P,CCCCCCCCCCCC=CCCCCC(=O)OC(COC(=O)CCCCCCCCCCCCCCCCC)COP(=O)(O)OCCN,[M-H]-,PE 18:0_18:1,PE 18:0_18:1(6),0.27199999999999847,0.8357499999999618,0.07809607465639005,0.1732518597251081,All,Some,-136.32519999999997,12,criegee,0.0,0.0,18.012422360248447,0.0
15020,16.485,634.40897,634.31128,154.00955820924895,C41H80NO8P,CCCCCCCCC=CCCCCCCCC(=O)OC(COC(=O)CCCCCCCCCCCCCCCCC)COP(=O)(O)OCCN,[M-H]-,PE 18:0_18:1,PE 18:0_18:1(9),0.9879999999999995,0.902780000000007,0.0,0.18907800000000066,All,None,-110.24359999999999,9,aldehyde,14.642857142857144,0.0,17.142857142857142,15.988372093023257
14980,16.454,650.19524,650.31068,177.51515321882007,C41H80NO8P,CCCCCCCCC=CCCCCCCCC(=O)OC(COC(=O)CCCCCCCCCCCCCCCCC)COP(=O)(O)OCCN,[M-H]-,PE 18:0_18:1,PE 18:0_18:1(9),0.9260000000000019,0.8840900000000147,0.0,0.18100900000000167,All,None,-94.24419999999999,9,criegee,2.6488095238095237,0.0,0.0,0.0
15757,16.984,701.513,701.51268,0.4561571146338873,C39H75O8P,CCCCCCC=CCCCCCCCCCC(=O)OC(COC(=O)CCCCCCCCCCCCCCCCC)COP(=O)(O)O,[M-H]-,PA 18:0_18:1,PA 18:0_18:1(11),0.8820000000000014,0.940825000000018,0.0,0.18228250000000196,All,None,0.0,0,substrate,0.0,0.0,0.0,0.0
15757,16.984,701.513,701.51268,0.4561571146338873,C39H75O8P,CCCCCCCCC=CCCCCCCCC(=O)OC(COC(=O)CCCCCCCCCCCCCCCCC)COP(=O)(O)O,[M-H]-,PA 18:0_18:1,PA 18:0_18:1(9),0.6199999999999974,0.8809200000000601,0.0,0.15009200000000578,All,None,0.0,0,substrate,0.0,0.0,0.0,0.0
15757,16.984,701.513,701.51268,0.4561571146338873,C39H75O8P,CCCCCCCCCCCC=CCCCCC(=O)OC(COC(=O)CCCCCCCCCCCCCCCCC)COP(=O)(O)O,[M-H]-,PA 18:0_18:1,PA 18:0_18:1(6),0.4239999999999995,0.9705099999999902,0.0,0.139450999999999,Some,None,0.0,0,substrate,0.0,11100.0,0.0,0.0
15920,17.059,619.30234,619.32308,33.488175509374145,C39H75O8P,CCCCCCC=CCCCCCCCCCC(=O)OC(COC(=O)CCCCCCCCCCCCCCCCC)COP(=O)(O)O,[M-H]-,PA 18:0_18:1,PA 18:0_18:1(11),0.8500000000000014,0.978939999999966,0.0,0.18289399999999673,All,None,-82.1896,7,aldehyde,0.0,0.0,5860.0,0.0
15829,17.027,635.42009,635.32248,153.63851126426033,C39H75O8P,CCCCCCC=CCCCCCCCCCC(=O)OC(COC(=O)CCCCCCCCCCCCCCCCC)COP(=O)(O)O,[M-H]-,PA 18:0_18:1,PA 18:0_18:1(11),0.9140000000000015,0.9027100000000701,0.0,0.18167100000000716,All,None,-66.1902,7,criegee,4120.0,0.0,0.0,0.0
15303,16.696,565.21729,565.18748,52.743560419982536,C39H75O8P,CCCCCCCCCCCC=CCCCCC(=O)OC(COC(=O)CCCCCCCCCCCCCCCCC)COP(=O)(O)O,[M-H]-,PA 18:0_18:1,PA 18:0_18:1(6),0.4239999999999995,0.9705099999999902,0.0,0.139450999999999,Some,None,-136.32519999999997,12,criegee,0.0,0.0,2840.0,0.0
16365,17.245,591.38682,591.26908,199.1309946393822,C39H75O8P,CCCCCCCCC=CCCCCCCCC(=O)OC(COC(=O)CCCCCCCCCCCCCCCCC)COP(=O)(O)O,[M-H]-,PA 18:0_18:1,PA 18:0_18:1(9),0.47800000000000153,0.8825800000000754,0.0,0.1360580000000077,All,None,-110.24359999999999,9,aldehyde,11800.0,10600.0,9840.0,11300.0
15599,16.865,607.38954,607.2684800000001,199.35169366923685,C39H75O8P,CCCCCCCCC=CCCCCCCCC(=O)OC(COC(=O)CCCCCCCCCCCCCCCCC)COP(=O)(O)O,[M-H]-,PA 18:0_18:1,PA 18:0_18:1(9),0.7619999999999933,0.8792600000000448,0.0,0.16412600000000382,All,None,-94.24419999999999,9,criegee,182000.0,197000.0,199000.0,180000.0
15954,17.069,832.58,832.60731,32.80057678083934,C44H86NO8P,CCCCCCCCC=CCCCCCCCC(=O)OC(COC(=O)CCCCCCCCCCCCCCCCC)COP(=O)([O-])OCC[N+](C)(C)C,[M+HCOO]-,PC 18:0_18:1,PC 18:0_18:1(9),0.9510000000000005,0.8709700000000566,0.0,0.18219700000000572,All,None,0.0,0,substrate,0.0,0.0,8556.792873051225,0.0
15954,17.069,832.58,832.60731,32.80057678083934,C44H86NO8P,CCCCCCC=CCCCCCCCCCC(=O)OC(COC(=O)CCCCCCCCCCCCCCCCC)COP(=O)([O-])OCC[N+](C)(C)C,[M+HCOO]-,PC 18:0_18:1,PC 18:0_18:1(11),0.9899999999999949,0.8096699999999828,0.0,0.17996699999999777,All,None,0.0,0,substrate,0.0,239000.0,0.0,0.0
15954,17.069,832.58,832.60731,32.80057678083934,C44H86NO8P,CCCCCCCCCCCC=CCCCCC(=O)OC(COC(=O)CCCCCCCCCCCCCCCCC)COP(=O)([O-])OCC[N+](C)(C)C,[M+HCOO]-,PC 18:0_18:1,PC 18:0_18:1(6),0.892000000000003,0.8058500000000777,0.0,0.16978500000000807,Some,None,0.0,0,substrate,136000.0,0.0,217443.20712694878,181000.0
15966,17.074,750.58073,750.4177099999999,217.23900945791127,C44H86NO8P,CCCCCCC=CCCCCCCCCCC(=O)OC(COC(=O)CCCCCCCCCCCCCCCCC)COP(=O)([O-])OCC[N+](C)(C)C,[M+HCOO]-,PC 18:0_18:1,PC 18:0_18:1(11),0.9899999999999949,0.8096699999999828,0.0,0.17996699999999777,All,None,-82.1896,7,aldehyde,0.0,0.0,1.8805309734513276,0.0
15812,17.015,696.44895,696.28211,239.61552020915664,C44H86NO8P,CCCCCCCCCCCC=CCCCCC(=O)OC(COC(=O)CCCCCCCCCCCCCCCCC)COP(=O)([O-])OCC[N+](C)(C)C,[M+HCOO]-,PC 18:0_18:1,PC 18:0_18:1(6),0.892000000000003,0.8058500000000777,0.0,0.16978500000000807,Some,None,-136.32519999999997,12,criegee,0.0,2.4309623430962346,0.0,0.0
15866,17.04,722.43626,722.36371,100.43417048176238,C44H86NO8P,CCCCCCCCC=CCCCCCCCC(=O)OC(COC(=O)CCCCCCCCCCCCCCCCC)COP(=O)([O-])OCC[N+](C)(C)C,[M+HCOO]-,PC 18:0_18:1,PC 18:0_18:1(9),0.9420000000000002,0.9001400000000785,0.0,0.18421400000000787,All,None,-110.24359999999999,9,aldehyde,52.13235294117647,0.0,47.78761061946903,41.38121546961326
15890,17.049,738.494,738.36311,177.27050312687228,C44H86NO8P,CCCCCCCCC=CCCCCCCCC(=O)OC(COC(=O)CCCCCCCCCCCCCCCCC)COP(=O)([O-])OCC[N+](C)(C)C,[M+HCOO]-,PC 18:0_18:1,PC 18:0_18:1(9),0.9600000000000009,0.8418000000000347,0.0,0.18018000000000356,All,None,-94.24419999999999,9,criegee,0.0,0.0,0.0,10.276243093922652
16076,17.112,701.51264,701.51268,0.05701963934949336,C39H75O8P,CCCCCCC=CCCCCCCCCCC(=O)OC(COC(=O)CCCCCCCCCCCCCCCCC)COP(=O)(O)O,[M-H]-,PA 18:0_18:1,PA 18:0_18:1(11),0.8420000000000023,0.9849849999999947,0.0,0.1826984999999997,All,None,0.0,0,substrate,94496.35922330098,19231.43631436314,31646.681922196796,0.0
16076,17.112,701.51264,701.51268,0.05701963934949336,C39H75O8P,CCCCCCCCC=CCCCCCCCC(=O)OC(COC(=O)CCCCCCCCCCCCCCCCC)COP(=O)(O)O,[M-H]-,PA 18:0_18:1,PA 18:0_18:1(9),0.7619999999999969,0.8943700000000376,0.0,0.16563700000000348,All,None,0.0,0,substrate,0.0,0.0,15337.299771167049,0.0
16076,17.112,701.51264,701.51268,0.05701963934949336,C39H75O8P,CCCCCCCCCCCC=CCCCCC(=O)OC(COC(=O)CCCCCCCCCCCCCCCCC)COP(=O)(O)O,[M-H]-,PA 18:0_18:1,PA 18:0_18:1(6),0.16800000000000637,0.9701499999999896,0.0,0.1138149999999996,Some,None,0.0,0,substrate,84503.64077669903,25968.56368563686,71016.01830663615,178000.0
15920,17.059,619.30234,619.32308,33.488175509374145,C39H75O8P,CCCCCCC=CCCCCCCCCCC(=O)OC(COC(=O)CCCCCCCCCCCCCCCCC)COP(=O)(O)O,[M-H]-,PA 18:0_18:1,PA 18:0_18:1(11),0.8940000000000055,0.9792999999999665,0.0,0.18732999999999722,All,None,-82.1896,7,aldehyde,0.0,0.0,5860.0,0.0
16307,17.217,635.33177,635.32248,14.622495334911639,C39H75O8P,CCCCCCC=CCCCCCCCCCC(=O)OC(COC(=O)CCCCCCCCCCCCCCCCC)COP(=O)(O)O,[M-H]-,PA 18:0_18:1,PA 18:0_18:1(11),0.7899999999999991,0.9906700000000228,0.0,0.1780670000000022,All,None,-66.1902,7,criegee,17400.0,7850.0,0.0,0.0
15303,16.696,565.21729,565.18748,52.743560419982536,C39H75O8P,CCCCCCCCCCCC=CCCCCC(=O)OC(COC(=O)CCCCCCCCCCCCCCCCC)COP(=O)(O)O,[M-H]-,PA 18:0_18:1,PA 18:0_18:1(6),0.16800000000000637,0.9701499999999896,0.0,0.1138149999999996,Some,None,-136.32519999999997,12,criegee,0.0,0.0,2840.0,0.0
16365,17.245,591.38682,591.26908,199.1309946393822,C39H75O8P,CCCCCCCCC=CCCCCCCCC(=O)OC(COC(=O)CCCCCCCCCCCCCCCCC)COP(=O)(O)O,[M-H]-,PA 18:0_18:1,PA 18:0_18:1(9),0.7339999999999947,0.8822200000000748,0.0,0.16162200000000695,All,None,-110.24359999999999,9,aldehyde,11800.0,10600.0,9840.0,11300.0
16306,17.217,607.36192,607.2684800000001,153.8693396370364,C39H75O8P,CCCCCCCCC=CCCCCCCCC(=O)OC(COC(=O)CCCCCCCCCCCCCCCCC)COP(=O)(O)O,[M-H]-,PA 18:0_18:1,PA 18:0_18:1(9),0.7899999999999991,0.9065200000000004,0.0,0.16965199999999997,All,None,-94.24419999999999,9,criegee,3760.0,0.0,3310.0,0.0
16186,17.149,832.61201,832.60731,5.644918010713549,C44H86NO8P,CCCCCCCCC=CCCCCCCCC(=O)OC(COC(=O)CCCCCCCCCCCCCCCCC)COP(=O)([O-])OCC[N+](C)(C)C,[M+HCOO]-,PC 18:0_18:1,PC 18:0_18:1(9),0.9669999999999987,0.9027150000000574,0.0,0.18697150000000565,All,None,0.0,0,substrate,75600.0,0.0,0.0,0.0
16186,17.149,832.61201,832.60731,5.644918010713549,C44H86NO8P,CCCCCCC=CCCCCCCCCCC(=O)OC(COC(=O)CCCCCCCCCCCCCCCCC)COP(=O)([O-])OCC[N+](C)(C)C,[M+HCOO]-,PC 18:0_18:1,PC 18:0_18:1(11),0.9200000000000017,0.8444250000000011,0.0,0.17644250000000028,All,None,0.0,0,substrate,0.0,0.0,0.0,0.0
16186,17.149,832.61201,832.60731,5.644918010713549,C44H86NO8P,CCCCCCCCCCCC=CCCCCC(=O)OC(COC(=O)CCCCCCCCCCCCCCCCC)COP(=O)([O-])OCC[N+](C)(C)C,[M+HCOO]-,PC 18:0_18:1,PC 18:0_18:1(6),0.7319999999999993,0.8378600000000915,0.0,0.1569860000000091,Some,None,0.0,0,substrate,0.0,0.0,0.0,107000.0
15966,17.074,750.58073,750.4177099999999,217.23900945791127,C44H86NO8P,CCCCCCC=CCCCCCCCCCC(=O)OC(COC(=O)CCCCCCCCCCCCCCCCC)COP(=O)([O-])OCC[N+](C)(C)C,[M+HCOO]-,PC 18:0_18:1,PC 18:0_18:1(11),0.8500000000000014,0.8416799999999967,0.0,0.16916799999999982,All,None,-82.1896,7,aldehyde,0.0,0.0,425000000.0,0.0
16194,17.154,766.57464,766.41711,205.54081836725334,C44H86NO8P,CCCCCCC=CCCCCCCCCCC(=O)OC(COC(=O)CCCCCCCCCCCCCCCCC)COP(=O)([O-])OCC[N+](C)(C)C,[M+HCOO]-,PC 18:0_18:1,PC 18:0_18:1(11),0.990000000000002,0.8471700000000055,0.0,0.18371700000000074,All,None,-66.1902,7,criegee,8.24074074074074,0.0,658000000.0,0.0
15812,17.015,696.44895,696.28211,239.61552020915664,C44H86NO8P,CCCCCCCCCCCC=CCCCCC(=O)OC(COC(=O)CCCCCCCCCCCCCCCCC)COP(=O)([O-])OCC[N+](C)(C)C,[M+HCOO]-,PC 18:0_18:1,PC 18:0_18:1(6),0.7319999999999993,0.8378600000000915,0.0,0.1569860000000091,Some,None,-136.32519999999997,12,criegee,0.0,581000000.0,0.0,0.0
16160,17.139,722.43693,722.36371,101.36168108443886,C44H86NO8P,CCCCCCCCC=CCCCCCCCC(=O)OC(COC(=O)CCCCCCCCCCCCCCCCC)COP(=O)([O-])OCC[N+](C)(C)C,[M+HCOO]-,PC 18:0_18:1,PC 18:0_18:1(9),0.9799999999999969,0.9314800000000787,0.0,0.1911480000000076,All,None,-110.24359999999999,9,aldehyde,0.0,7240000000.0,0.0,0.0
16226,17.172,738.49386,738.36311,177.08089452090118,C44H86NO8P,CCCCCCCCC=CCCCCCCCC(=O)OC(COC(=O)CCCCCCCCCCCCCCCCC)COP(=O)([O-])OCC[N+](C)(C)C,[M+HCOO]-,PC 18:0_18:1,PC 18:0_18:1(9),0.9540000000000006,0.8739500000000362,0.0,0.1827950000000037,All,None,-94.24419999999999,9,criegee,0.0,0.0,1530000000.0,4.97196261682243
16855,17.534,832.58144,832.60731,31.07106998609077,C44H86NO8P,CCCCCCC=CCCCCCCCCCC(=O)OC(COC(=O)CCCCCCCCCCCCCCCCC)COP(=O)([O-])OCC[N+](C)(C)C,[M+HCOO]-,PC 18:0_18:1,PC 18:0_18:1(11),0.370000000000001,0.8521299999999883,0.1483731891684841,0.24091155133478623,All,Some,0.0,0,substrate,2652.5233987887686,0.0,0.0,0.0
16855,17.534,832.58144,832.60731,31.07106998609077,C44H86NO8P,CCCCCCCCCCCC=CCCCCC(=O)OC(COC(=O)CCCCCCCCCCCCCCCCC)COP(=O)([O-])OCC[N+](C)(C)C,[M+HCOO]-,PC 18:0_18:1,PC 18:0_18:1(6),0.39399999999999835,0.4201500000000351,0.14959468775051307,0.2010907502004138,All,Some,0.0,0,substrate,19202.055423013397,0.0,0.0,0.0
16855,17.534,832.58144,832.60731,31.07106998609077,C44H86NO8P,CCCCCCCCC=CCCCCCCCC(=O)OC(COC(=O)CCCCCCCCCCCCCCCCC)COP(=O)([O-])OCC[N+](C)(C)C,[M+HCOO]-,PC 18:0_18:1,PC 18:0_18:1(9),0.46799999999999997,0.8725000000000023,0.0,0.13405000000000022,All,None,0.0,0,substrate,1345.4211781978345,0.0,0.0,0.0
17163,17.784,750.50418,750.4177099999999,115.22915683863145,C44H86NO8P,CCCCCCC=CCCCCCCCCCC(=O)OC(COC(=O)CCCCCCCCCCCCCCCCC)COP(=O)([O-])OCC[N+](C)(C)C,[M+HCOO]-,PC 18:0_18:1,PC 18:0_18:1(11),0.5,0.8876599999999826,0.2967463783369682,0.37616310266957287,All,Some,-82.1896,7,aldehyde,0.0,0.0,11200000000.0,0.0
16194,17.154,766.57464,766.41711,205.54081836725334,C44H86NO8P,CCCCCCC=CCCCCCCCCCC(=O)OC(COC(=O)CCCCCCCCCCCCCCCCC)COP(=O)([O-])OCC[N+](C)(C)C,[M+HCOO]-,PC 18:0_18:1,PC 18:0_18:1(11),0.240000000000002,0.816599999999994,0.0,0.1056599999999996,All,Some,-66.1902,7,criegee,26.853448275862068,0.0,658000000.0,0.0
17344,18.014,679.43886,680.28271,1240.440169352496,C44H86NO8P,CCCCCCCCCCCC=CCCCCC(=O)OC(COC(=O)CCCCCCCCCCCCCCCCC)COP(=O)([O-])OCC[N+](C)(C)C,[M+HCOO]-,PC 18:0_18:1,PC 18:0_18:1(6),0.03999999999999915,0.18201999999996588,0.29918937550102614,0.26155350040081743,All,Some,-152.32459999999998,12,aldehyde,71.98275862068965,2050000000.0,1770000000.0,0.0
17020,17.66,696.59796,696.28211,453.623603800412,C44H86NO8P,CCCCCCCCCCCC=CCCCCC(=O)OC(COC(=O)CCCCCCCCCCCCCCCCC)COP(=O)([O-])OCC[N+](C)(C)C,[M+HCOO]-,PC 18:0_18:1,PC 18:0_18:1(6),0.7479999999999976,0.6582800000001043,0.0,0.1406280000000102,All,Some,-136.32519999999997,12,criegee,122.41379310344827,3690000000.0,3130000000.0,2720000000.0
17072,17.704,722.43622,722.36371,100.37879671457934,C44H86NO8P,CCCCCCCCC=CCCCCCCCC(=O)OC(COC(=O)CCCCCCCCCCCCCCCCC)COP(=O)([O-])OCC[N+](C)(C)C,[M+HCOO]-,PC 18:0_18:1,PC 18:0_18:1(9),0.6599999999999966,0.9016199999999799,0.0,0.15616199999999764,All,None,-110.24359999999999,9,aldehyde,13.620689655172413,0.0,0.0,321000000.0
16226,17.172,738.49386,738.36311,177.08089452090118,C44H86NO8P,CCCCCCCCC=CCCCCCCCC(=O)OC(COC(=O)CCCCCCCCCCCCCCCCC)COP(=O)([O-])OCC[N+](C)(C)C,[M+HCOO]-,PC 18:0_18:1,PC 18:0_18:1(9),0.27600000000000335,0.8433800000000247,0.0,0.1119380000000028,All,None,-94.24419999999999,9,criegee,0.0,0.0,1530000000.0,532000000.0
17003,17.643,701.51287,701.51268,0.2708432867885488,C39H75O8P,CCCCCCC=CCCCCCCCCCC(=O)OC(COC(=O)CCCCCCCCCCCCCCCCC)COP(=O)(O)O,[M-H]-,PA 18:0_18:1,PA 18:0_18:1(11),0.5259999999999998,0.930014999999969,0.0,0.1456014999999969,All,None,0.0,0,substrate,1978.532110091743,0.0,0.0,0.0
17003,17.643,701.51287,701.51268,0.2708432867885488,C39H75O8P,CCCCCCCCC=CCCCCCCCC(=O)OC(COC(=O)CCCCCCCCCCCCCCCCC)COP(=O)(O)O,[M-H]-,PA 18:0_18:1,PA 18:0_18:1(9),0.25099999999999767,0.9528149999999869,0.0,0.12038149999999848,All,None,0.0,0,substrate,10321.467889908257,0.0,4370.0,0.0
17053,17.691,619.45414,619.32308,211.6181428278883,C39H75O8P,CCCCCCC=CCCCCCCCCCC(=O)OC(COC(=O)CCCCCCCCCCCCCCCCC)COP(=O)(O)O,[M-H]-,PA 18:0_18:1,PA 18:0_18:1(11),0.9040000000000035,0.8691299999999273,0.0,0.17731299999999312,All,None,-82.1896,7,aldehyde,3640.0,5400.0,0.0,0.0
16307,17.217,635.33177,635.32248,14.622495334911639,C39H75O8P,CCCCCCC=CCCCCCCCCCC(=O)OC(COC(=O)CCCCCCCCCCCCCCCCC)COP(=O)(O)O,[M-H]-,PA 18:0_18:1,PA 18:0_18:1(11),0.14799999999999613,0.9909000000000106,0.0,0.11389000000000069,All,None,-66.1902,7,criegee,17400.0,7850.0,0.0,0.0
16505,17.32,591.26815,591.26908,1.5728879312265056,C39H75O8P,CCCCCCCCC=CCCCCCCCC(=O)OC(COC(=O)CCCCCCCCCCCCCCCCC)COP(=O)(O)O,[M-H]-,PA 18:0_18:1,PA 18:0_18:1(9),0.3539999999999992,0.9988799999999856,0.0,0.1352879999999985,All,None,-110.24359999999999,9,aldehyde,106000.0,118000.0,119000.0,113000.0
16306,17.217,607.36192,607.2684800000001,153.8693396370364,C39H75O8P,CCCCCCCCC=CCCCCCCCC(=O)OC(COC(=O)CCCCCCCCCCCCCCCCC)COP(=O)(O)O,[M-H]-,PA 18:0_18:1,PA 18:0_18:1(9),0.14799999999999613,0.9067499999999882,0.0,0.10547499999999844,All,None,-94.24419999999999,9,criegee,3760.0,0.0,3310.0,0.0
