feature_id,rt,mz_measured,mz_calculated,mz_error(ppm),mol_formula,smiles,adduct,primary_annotated_name,structure_annotated_name,rt_score,mz_score,spec_score,total_score,fragments_level,fragments_ms2_spectrum_level,datafile:neg_hela_LG1.mzML:area,datafile:neg_hela_LG5.mzML:area,datafile:neg_hela_HG3.mzML:area,datafile:neg_hela_HG6.mzML:area,datafile:neg_hela_LG2.mzML:area,datafile:neg_hela_LG3.mzML:area,datafile:neg_hela_LG6.mzML:area,datafile:neg_hela_S4.mzML:area,datafile:neg_hela_LG4.mzML:area,datafile:neg_hela_HG1.mzML:area,datafile:neg_hela_HG5.mzML:area,datafile:neg_hela_HG2.mzML:area,datafile:neg_hela_S2.mzML:area,datafile:neg_hela_S1.mzML:area,datafile:neg_hela_HG4.mzML:area,datafile:neg_hela_S3.mzML:area,datafile:neg_hela_S6.mzML:area,datafile:neg_hela_S5.mzML:area
1416,2.715,524.27758,524.27826,1.297021166016219,C27H44NO7P,CCC=CCC=CCC=CCC=CCC=CCC=CCCC(=O)OCC(O)COP(=O)(O)OCCN,[M-H]-,LPE 22:6,"LPE 22:6(4,7,10,13,16,19)",0.5536666666666669,0.4270866666666772,0.07974749211586073,0.22840340957093305,Some,Some,0.0,0.0,,0.0,0.0,0.0,0.0,12900.0,0.0,0.0,0.0,3630.0,20600.0,6070.0,0.0,20500.0,0.0,0.0
1517,3.508,478.29347,478.29391,0.9199364465442007,C23H46NO7P,CCCCCCC=CCCCCCCCCCC(=O)OCC(O)COP(=O)(O)OCCN,[M-H]-,LPE 18:1,LPE 18:1(11),0.19200000000000017,0.021939999999972315,0.0,0.15524800000002228,Some,None,,,,0.0,,,,,,,,,,,,,,
1555,3.652,478.29343,478.29391,1.0035670326260862,C23H46NO7P,CCCCCCC=CCCCCCCCCCC(=O)OCC(O)COP(=O)(O)OCCN,[M-H]-,LPE 18:1,LPE 18:1(11),0.4800000000000004,0.02197999999998501,0.0,0.4144160000000124,Some,None,,,,17300.0,,,,,,,,,,,,,,
1595,3.799,478.2933,478.29391,1.2753664373327906,C23H46NO7P,CCCCCCC=CCCCCCCCCCC(=O)OCC(O)COP(=O)(O)OCCN,[M-H]-,LPE 18:1,LPE 18:1(11),0.774,0.022109999999997854,0.0,0.6789120000000017,Some,None,,,,0.0,,,,0.0,,,,,,0.0,,,,
1595,3.799,478.2933,478.29391,1.2753664373327906,C23H46NO7P,CCCCCCCCCCCC=CCCCCC(=O)OCC(O)COP(=O)(O)OCCN,[M-H]-,LPE 18:1,LPE 18:1(6),0.19500000000000028,0.09365999999997143,0.0,0.10057200000002312,All,None,,,,0.0,,,,0.0,,,,,,0.0,,,,
1966,4.351,506.32458,506.32521,1.2442595935545429,C25H50NO7P,CCCCCCCCC=CCCCCCCCCCC(=O)OCC(O)COP(=O)(O)OCCN,[M-H]-,LPE 20:1,LPE 20:1(11),0.7850000000000001,0.010854999999963866,0.0,0.6978160000000291,All,None,,,0.0,,,,,0.0,,0.0,0.0,0.0,1003.6531904529955,0.0,0.0,0.0,0.0,0.0
1966,4.351,506.32458,506.32521,1.2442595935545429,C25H50NO7P,CCCCCCC=CCCCCCCCCCCCC(=O)OCC(O)COP(=O)(O)OCCN,[M-H]-,LPE 20:1,LPE 20:1(13),0.6899999999999995,0.026210000000020273,0.0,0.6000319999999834,All,None,,,0.0,,,,,0.0,,0.0,0.0,0.0,5336.346809547004,0.0,0.0,0.0,0.0,0.0
2172,4.573,464.31421,464.31465,0.9476332482059995,C23H48NO6P,CCCCCCC=CCCCCCCCCCCOCC(O)COP(=O)(O)OCCN,[M-H]-,LPE O-18:1,LPE O-18:1(11),0.9540000000000006,0.026449999999954343,0.0,0.8374400000000372,All,None,,0.0,0.0,0.0,0.0,0.0,0.0,0.0,0.0,,0.0,0.0,347.77453774272647,0.0,0.0,0.0,0.0,313.46778418019903
2172,4.573,464.31421,464.31465,0.9476332482059995,C23H48NO6P,CCCCCCCCC=CCCCCCCCCOCC(O)COP(=O)(O)OCCN,[M-H]-,LPE O-18:1,LPE O-18:1(9),0.7659999999999991,0.06523500000000126,0.1549748872175177,0.7766893984957641,All,Some,,0.0,0.0,0.0,0.0,0.0,0.0,0.0,0.0,,0.0,0.0,1199.8011796673072,0.0,0.0,0.0,1294.7613587501794,949.0309062336302
2172,4.573,464.31421,464.31465,0.9476332482059995,C23H48NO6P,CCCCCCCCCCCC=CCCCCCOCC(O)COP(=O)(O)OCCN,[M-H]-,LPE O-18:1,LPE O-18:1(6),0.7560000000000002,0.09916999999998666,0.0,0.6010640000000109,All,None,,0.0,0.0,0.0,0.0,0.0,0.0,0.0,0.0,,0.0,0.0,4782.424282589966,0.0,0.0,0.0,5735.238641249821,4227.5013095861705
2250,4.686,865.50242,865.50251,0.10398583361721911,C50H75O10P,CCC=CCC=CCC=CCC=CCC=CCC=CCCC(=O)OC(COC(=O)CCC=CCC=CCC=CCC=CCC=CCC=CCC)COP(=O)(O)OCC(O)CO,[M-H]-,PG 22:6_22:6,"PG 22:6(4,7,10,13,16,19)_22:6(4,7,10,13,16,19)",0.9195000000000002,0.8867800000000727,0.0,0.11812599999994194,Some,None,,,,,,,,0.0,,,0.0,0.0,0.0,13500.0,,0.0,,0.0
2344,4.809,865.50239,865.50251,0.13864777820007668,C50H75O10P,CCC=CCC=CCC=CCC=CCC=CCC=CCCC(=O)OC(COC(=O)CCC=CCC=CCC=CCC=CCC=CCC=CCC)COP(=O)(O)OCC(O)CO,[M-H]-,PG 22:6_22:6,"PG 22:6(4,7,10,13,16,19)_22:6(4,7,10,13,16,19)",0.9854999999999996,0.8867200000000253,0.0,0.17757399999997941,Some,None,,,18400.0,26600.0,,,,62700.0,,,33500.0,46800.0,65400.0,52000.0,37400.0,67700.0,48300.0,60400.0
2361,4.872,717.47056,717.47121,0.9059596970646534,C38H71O10P,CCCCCCCCCC=CCCCCC(=O)OC(COC(=O)CCCCC=CCCCCCCCCC)COP(=O)(O)OCC(O)CO,[M-H]-,PG 16:1_16:1,PG 16:1(6)_16:1(6),0.5779999999999994,0.23002000000008138,0.0,0.3361839999999343,Some,None,,0.0,0.0,,,,0.0,,,0.0,,,0.0,,,,,
2361,4.872,717.47056,717.47121,0.9059596970646534,C38H71O10P,CCCCCCC=CCCCCCCCC(=O)OC(COC(=O)CCCCC=CCCCCCCCCC)COP(=O)(O)OCC(O)CO,[M-H]-,PG 16:1_16:1,PG 16:1(6)_16:1(9),0.7119999999999997,0.4112599999999702,0.0,0.3117920000000236,Some,None,,0.0,0.0,,,,0.0,,,0.0,,,0.0,,,,,
2361,4.872,717.47056,717.47121,0.9059596970646534,C38H71O10P,CCCCCCC=CCCCCCCCC(=O)OC(COC(=O)CCCCCCCC=CCCCCCC)COP(=O)(O)OCC(O)CO,[M-H]-,PG 16:1_16:1,PG 16:1(9)_16:1(9),0.7789999999999999,0.5018799999999146,0.0,0.29959600000006825,All,None,,0.0,0.0,,,,0.0,,,0.0,,,0.0,,,,,
2361,4.872,717.47056,717.47121,0.9059596970646534,C38H71O10P,CCCCCCC=CCCCCCCCC(=O)OC(COC(=O)CCCCCC=CCCCCCCCC)COP(=O)(O)OCC(O)CO,[M-H]-,PG 16:1_16:1,PG 16:1(7)_16:1(9),0.5646666666666663,0.38531333333329104,0.0,0.19994933333336687,Some,None,,0.0,0.0,,,,0.0,,,0.0,,,0.0,,,,,
2361,4.872,717.47056,717.47121,0.9059596970646534,C38H71O10P,CCCCCCCCC=CCCCCCC(=O)OC(COC(=O)CCCCC=CCCCCCCCCC)COP(=O)(O)OCC(O)CO,[M-H]-,PG 16:1_16:1,PG 16:1(6)_16:1(7),0.3569999999999993,0.19110000000006266,0.0,0.16841999999994922,Some,None,,0.0,0.0,,,,0.0,,,0.0,,,0.0,,,,,
2361,4.872,717.47056,717.47121,0.9059596970646534,C38H71O10P,CCCCCCCCC=CCCCCCC(=O)OC(COC(=O)CCCCCC=CCCCCCCCC)COP(=O)(O)OCC(O)CO,[M-H]-,PG 16:1_16:1,PG 16:1(7)_16:1(7),0.13599999999999923,0.15218000000004395,0.0,0.0006559999999641575,Some,None,,0.0,0.0,,,,0.0,,,0.0,,,0.0,,,,,
2372,4.9,791.4867,791.48686,0.2021511765048119,C44H73O10P,CCC=CCC=CCC=CCC=CCC=CCC=CCCC(=O)OC(COC(=O)CCCCCC=CCCCCCCCC)COP(=O)(O)OCC(O)CO,[M-H]-,PG 16:1_22:6,"PG 16:1(7)_22:6(4,7,10,13,16,19)",0.5587500000000001,0.26030124999994086,0.02294059905553229,0.3152805391500264,Some,Some,,7700.0,0.0,0.0,6200.0,2732.7780259044216,2664.3435980551053,11200.0,4740.0,0.0,0.0,7660.899653979238,,,0.0,7175.606399449511,5831.803086540341,5731.75
2372,4.9,791.4867,791.48686,0.2021511765048119,C44H73O10P,CCC=CCC=CCC=CCC=CCC=CCC=CCCC(=O)OC(COC(=O)CCCCC=CCCCCCCCCC)COP(=O)(O)OCC(O)CO,[M-H]-,PG 16:1_22:6,"PG 16:1(6)_22:6(4,7,10,13,16,19)",0.45911111111111125,0.33708111111103434,0.02039164360491759,0.16188759035559847,Some,Some,,0.0,0.0,0.0,0.0,1522.2219740955784,1564.9918962722852,0.0,0.0,0.0,0.0,4369.550173010381,,,0.0,5746.361603302941,3836.39382691932,5731.75
2372,4.9,791.4867,791.48686,0.2021511765048119,C44H73O10P,CCC=CCC=CCC=CCC=CCC=CCC=CCCC(=O)OC(COC(=O)CCCCCCCC=CCCCCCC)COP(=O)(O)OCC(O)CO,[M-H]-,PG 16:1_22:6,"PG 16:1(9)_22:6(4,7,10,13,16,19)",0.448888888888889,0.340159999999931,0.02039164360491759,0.15022447924448107,Some,Some,,7700.0,0.0,0.0,6200.0,4255.0,3420.6645056726093,11200.0,4740.0,0.0,0.0,4369.550173010381,,,0.0,11478.03199724755,5831.803086540341,8736.5
2373,4.902,691.45454,691.45556,1.4751490320499336,C36H69O10P,CCCCCCCCC=CCCCCCC(=O)OC(COC(=O)CCCCCCCCCCCCC)COP(=O)(O)OCC(O)CO,[M-H]-,PG 14:0_16:1,PG 14:0_16:1(7),0.4530000000000003,0.49971500000003743,0.0,0.00792799999997032,All,None,,,0.0,,,,,,,,0.0,0.0,,,,,0.0,
2420,4.99,717.47084,717.47121,0.5157001353253203,C38H71O10P,CCCCCCC=CCCCCCCCC(=O)OC(COC(=O)CCCCCCCC=CCCCCCC)COP(=O)(O)OCC(O)CO,[M-H]-,PG 16:1_16:1,PG 16:1(9)_16:1(9),0.5779999999999994,0.07910999999990054,0.0,0.45691200000007903,All,None,,,0.0,,,,,,,0.0,,,0.0,,,,,
2420,4.99,717.47084,717.47121,0.5157001353253203,C38H71O10P,CCCCCCC=CCCCCCCCC(=O)OC(COC(=O)CCCCCC=CCCCCCCCC)COP(=O)(O)OCC(O)CO,[M-H]-,PG 16:1_16:1,PG 16:1(7)_16:1(9),0.47499999999999964,0.11550499999998465,0.0,0.33509600000001194,Some,None,,,0.0,,,,,,,0.0,,,2286.6666666666665,,,,,
2420,4.99,717.47084,717.47121,0.5157001353253203,C38H71O10P,CCCCCCC=CCCCCCCCC(=O)OC(COC(=O)CCCCC=CCCCCCCCCC)COP(=O)(O)OCC(O)CO,[M-H]-,PG 16:1_16:1,PG 16:1(6)_16:1(9),0.4599999999999991,0.15442500000000337,0.0,0.2904599999999965,Some,None,,,0.0,,,,,,,0.0,,,0.0,,,,,
2420,4.99,717.47084,717.47121,0.5157001353253203,C38H71O10P,CCCCCCCCC=CCCCCCC(=O)OC(COC(=O)CCCCCC=CCCCCCCCC)COP(=O)(O)OCC(O)CO,[M-H]-,PG 16:1_16:1,PG 16:1(7)_16:1(7),0.3719999999999999,0.15190000000006876,0.0,0.2132799999999449,Some,None,,,0.0,,,,,,,0.0,,,2286.6666666666665,,,,,
2420,4.99,717.47084,717.47121,0.5157001353253203,C38H71O10P,CCCCCCCCC=CCCCCCC(=O)OC(COC(=O)CCCCC=CCCCCCCCCC)COP(=O)(O)OCC(O)CO,[M-H]-,PG 16:1_16:1,PG 16:1(6)_16:1(7),0.3569999999999993,0.19082000000008748,0.0,0.1686439999999294,Some,None,,,0.0,,,,,,,0.0,,,2286.6666666666665,,,,,
2420,4.99,717.47084,717.47121,0.5157001353253203,C38H71O10P,CCCCCCCCCC=CCCCCC(=O)OC(COC(=O)CCCCC=CCCCCCCCCC)COP(=O)(O)OCC(O)CO,[M-H]-,PG 16:1_16:1,PG 16:1(6)_16:1(6),0.34199999999999875,0.2297400000001062,0.0,0.12400799999991394,Some,None,,,0.0,,,,,,,0.0,,,0.0,,,,,
2441,5.056,743.48637,743.48686,0.6590567047996305,C40H73O10P,CCCCCC=CCC=CCCCCCCCC(=O)OC(COC(=O)CCCCCCCC=CCCCCCC)COP(=O)(O)OCC(O)CO,[M-H]-,PG 16:1_18:2,"PG 16:1(9)_18:2(9,12)",0.5411999999999999,0.09893400000003112,0.0,0.40793279999997506,Some,None,0.0,,0.0,0.0,772.5,,,0.0,0.0,0.0,0.0,0.0,0.0,,,,0.0,
2441,5.056,743.48637,743.48686,0.6590567047996305,C40H73O10P,CCCCCC=CCC=CCCCCCCCC(=O)OC(COC(=O)CCCCC=CCCCCCCCCC)COP(=O)(O)OCC(O)CO,[M-H]-,PG 16:1_18:2,"PG 16:1(6)_18:2(9,12)",0.4939999999999998,0.11067750000000842,0.0,0.3560579999999931,Some,None,0.0,,0.0,0.0,0.0,,,0.0,0.0,0.0,0.0,0.0,0.0,,,,0.0,
2441,5.056,743.48637,743.48686,0.6590567047996305,C40H73O10P,CCCCCC=CCC=CCCCCCCCC(=O)OC(COC(=O)CCCCCC=CCCCCCCCC)COP(=O)(O)OCC(O)CO,[M-H]-,PG 16:1_18:2,"PG 16:1(7)_18:2(9,12)",0.41999999999999993,0.08075499999998215,0.0,0.3133960000000142,Some,None,0.0,,0.0,0.0,772.5,,,0.0,0.0,0.0,0.0,0.0,0.0,,,,0.0,
2441,5.056,743.48637,743.48686,0.6590567047996305,C40H73O10P,CCCCCCCCC=CCC=CCCCCC(=O)OC(COC(=O)CCCCCCCC=CCCCCCC)COP(=O)(O)OCC(O)CO,[M-H]-,PG 16:1_18:2,"PG 16:1(9)_18:2(6,9)",0.34599999999999975,0.2690600000000131,0.0,0.09615199999998927,Some,None,0.0,,0.0,0.0,772.5,,,0.0,0.0,0.0,0.0,0.0,0.0,,,,0.0,
2441,5.056,743.48637,743.48686,0.6590567047996305,C40H73O10P,CCCCCCCCC=CCC=CCCCCC(=O)OC(COC(=O)CCCCCC=CCCCCCCCC)COP(=O)(O)OCC(O)CO,[M-H]-,PG 16:1_18:2,"PG 16:1(7)_18:2(6,9)",0.12899999999999956,0.13081999999997151,0.0,0.011444000000022388,Some,None,0.0,,0.0,0.0,772.5,,,0.0,0.0,0.0,0.0,0.0,0.0,,,,0.0,
2466,5.097,865.50214,865.50251,0.42749731595271107,C50H75O10P,CCC=CCC=CCC=CCC=CCC=CCC=CCCC(=O)OC(COC(=O)CCC=CCC=CCC=CCC=CCC=CCC=CCC)COP(=O)(O)OCC(O)CO,[M-H]-,PG 22:6_22:6,"PG 22:6(4,7,10,13,16,19)_22:6(4,7,10,13,16,19)",0.6415555555555559,0.7312100000000454,0.009025385055769171,0.0005548465501561899,Some,Some,,0.0,,0.0,0.0,0.0,0.0,0.0,0.0,90000.0,0.0,0.0,,0.0,0.0,0.0,,0.0
2566,5.173,743.48668,743.48686,0.2421024629813781,C40H73O10P,CCCCCC=CCC=CCCCCCCCC(=O)OC(COC(=O)CCCCC=CCCCCCCCCC)COP(=O)(O)OCC(O)CO,[M-H]-,PG 16:1_18:2,"PG 16:1(6)_18:2(9,12)",0.5489999999999995,0.11055999999999244,0.0,0.40565200000000556,Some,None,0.0,,0.0,0.0,11550.0,,,,,,0.0,0.0,0.0,0.0,,,0.0,
2566,5.173,743.48668,743.48686,0.2421024629813781,C40H73O10P,CCCCCC=CCC=CCCCCCCCC(=O)OC(COC(=O)CCCCCCCC=CCCCCCC)COP(=O)(O)OCC(O)CO,[M-H]-,PG 16:1_18:2,"PG 16:1(9)_18:2(9,12)",0.5383999999999997,0.09877800000001571,0.0,0.4055375999999872,Some,None,0.0,,0.0,0.0,0.0,,,,,,0.0,0.0,0.0,0.0,,,0.0,
2566,5.173,743.48668,743.48686,0.2421024629813781,C40H73O10P,CCCCCC=CCC=CCCCCCCCC(=O)OC(COC(=O)CCCCCC=CCCCCCCCC)COP(=O)(O)OCC(O)CO,[M-H]-,PG 16:1_18:2,"PG 16:1(7)_18:2(9,12)",0.5393333333333329,0.1044766666666419,0.0,0.40181866666668603,Some,None,0.0,,0.0,0.0,0.0,,,,,,0.0,0.0,0.0,0.0,,,0.0,
2566,5.173,743.48668,743.48686,0.2421024629813781,C40H73O10P,CCCCCCCCC=CCC=CCCCCC(=O)OC(COC(=O)CCCCCCCC=CCCCCCC)COP(=O)(O)OCC(O)CO,[M-H]-,PG 16:1_18:2,"PG 16:1(9)_18:2(6,9)",0.589,0.4880525000000375,0.0,0.13965799999996992,Some,None,0.0,,0.0,0.0,11550.0,,,,,,0.0,0.0,0.0,0.0,,,0.0,
2566,5.173,743.48668,743.48686,0.2421024629813781,C40H73O10P,CCCCCCCCC=CCC=CCCCCC(=O)OC(COC(=O)CCCCC=CCCCCCCCCC)COP(=O)(O)OCC(O)CO,[M-H]-,PG 16:1_18:2,"PG 16:1(6)_18:2(6,9)",0.6199999999999998,0.6335200000000137,0.0,0.05118399999998876,Some,None,0.0,,0.0,0.0,0.0,,,,,,0.0,0.0,0.0,0.0,,,0.0,
2571,5.187,791.48632,791.48686,0.6822602209730596,C44H73O10P,CCC=CCC=CCC=CCC=CCC=CCC=CCCC(=O)OC(COC(=O)CCCCC=CCCCCCCCCC)COP(=O)(O)OCC(O)CO,[M-H]-,PG 16:1_22:6,"PG 16:1(6)_22:6(4,7,10,13,16,19)",0.5783333333333331,0.31079833333330953,0.10522301564843466,0.36656204741694337,Some,Some,,,0.0,0.0,,0.0,0.0,0.0,0.0,5800.000000000001,0.0,0.0,0.0,0.0,0.0,0.0,0.0,0.0
2571,5.187,791.48632,791.48686,0.6822602209730596,C44H73O10P,CCC=CCC=CCC=CCC=CCC=CCC=CCCC(=O)OC(COC(=O)CCCCCC=CCCCCCCCC)COP(=O)(O)OCC(O)CO,[M-H]-,PG 16:1_22:6,"PG 16:1(7)_22:6(4,7,10,13,16,19)",0.42828571428571394,0.16913142857143676,0.09019115627008685,0.33132404064307125,Some,Some,,,0.0,0.0,,0.0,0.0,0.0,0.0,5800.000000000001,0.0,0.0,0.0,0.0,0.0,0.0,0.0,0.0
2571,5.187,791.48632,791.48686,0.6822602209730596,C44H73O10P,CCC=CCC=CCC=CCC=CCC=CCC=CCCC(=O)OC(COC(=O)CCCCCCCC=CCCCCCC)COP(=O)(O)OCC(O)CO,[M-H]-,PG 16:1_22:6,"PG 16:1(9)_22:6(4,7,10,13,16,19)",0.5269999999999998,0.3201566666666433,0.10522301564843466,0.31287538075027643,Some,Some,,,0.0,0.0,,0.0,0.0,0.0,0.0,5800.000000000001,0.0,0.0,0.0,0.0,0.0,0.0,0.0,0.0
2590,5.232,805.48735,805.48725,0.12414845793635834,C41H75O13P,CCCCCCCCC=CCCCCCCCC(=O)OC(COC(=O)CCCC=CCCCCCCCC)COP(=O)(O)OC1C(O)C(O)C(O)C(O)C1O,[M-H]-,PI 14:1_18:1,PI 14:1(5)_18:1(9),0.30299999999999994,0.15902499999998554,0.0,0.1454800000000115,All,None,,,0.0,0.0,8766.666666666666,,,6473.841059602649,,,,4866.666666666666,6100.000000000001,8710.923623445826,10200.0,9060.271782573942,23700.0,7400.000000000001
2590,5.232,805.48735,805.48725,0.12414845793635834,C41H75O13P,CCCCCCC=CCCCCCCCCCC(=O)OC(COC(=O)CCCC=CCCCCCCCC)COP(=O)(O)OC1C(O)C(O)C(O)C(O)C1O,[M-H]-,PI 14:1_18:1,PI 14:1(5)_18:1(11),0.23533333333333317,0.10922999999998713,0.0,0.12441600000001013,Some,None,,,948.0,0.0,8766.666666666666,,,4877.284768211921,,,,4866.666666666666,6100.000000000001,6211.367673179396,0.0,4669.864108713029,0.0,7400.000000000001
2590,5.232,805.48735,805.48725,0.12414845793635834,C41H75O13P,CCCCCCCCCCCC=CCCCCC(=O)OC(COC(=O)CCCC=CCCCCCCCC)COP(=O)(O)OC1C(O)C(O)C(O)C(O)C1O,[M-H]-,PI 14:1_18:1,PI 14:1(5)_18:1(6),0.2629999999999999,0.15227750000002516,0.0,0.11487799999997977,All,None,,,0.0,0.0,8766.666666666666,,,3348.8741721854303,,,,4866.666666666666,6100.000000000001,4577.7087033747775,0.0,4669.864108713029,0.0,7400.000000000001
2592,5.247,717.4704,717.47121,1.1289651608477915,C38H71O10P,CCCCCCCCC=CCCCCCC(=O)OC(COC(=O)CCCCCC=CCCCCCCCC)COP(=O)(O)OCC(O)CO,[M-H]-,PG 16:1_16:1,PG 16:1(7)_16:1(7),0.8859999999999992,0.15233999999998105,0.0,0.6755280000000145,Some,None,,,0.0,2840.0,,,,,,,2450.0,,0.0,0.0,,,0.0,0.0
2592,5.247,717.4704,717.47121,1.1289651608477915,C38H71O10P,CCCCCCC=CCCCCCCCC(=O)OC(COC(=O)CCCCCC=CCCCCCCCC)COP(=O)(O)OCC(O)CO,[M-H]-,PG 16:1_16:1,PG 16:1(7)_16:1(9),0.5586666666666661,0.09816666666665697,0.0,0.42426666666667395,Some,None,,,0.0,2840.0,,,,,,,2450.0,,0.0,0.0,,,0.0,0.0
2592,5.247,717.4704,717.47121,1.1289651608477915,C38H71O10P,CCCCCCC=CCCCCCCCC(=O)OC(COC(=O)CCCCCCCC=CCCCCCC)COP(=O)(O)OCC(O)CO,[M-H]-,PG 16:1_16:1,PG 16:1(9)_16:1(9),0.3949999999999996,0.07107999999999493,0.0,0.2986360000000037,All,None,,,0.0,0.0,,,,,,,0.0,,0.0,0.0,,,0.0,0.0
2592,5.247,717.4704,717.47121,1.1289651608477915,C38H71O10P,CCCCCCCCC=CCCCCCC(=O)OC(COC(=O)CCCCC=CCCCCCCCCC)COP(=O)(O)OCC(O)CO,[M-H]-,PG 16:1_16:1,PG 16:1(6)_16:1(7),0.6059999999999999,0.6335866666666637,0.0,0.03853066666666886,Some,None,,,0.0,0.0,,,,,,,0.0,,0.0,0.0,,,0.0,0.0
2592,5.247,717.4704,717.47121,1.1289651608477915,C38H71O10P,CCCCCCC=CCCCCCCCC(=O)OC(COC(=O)CCCCC=CCCCCCCCCC)COP(=O)(O)OCC(O)CO,[M-H]-,PG 16:1_16:1,PG 16:1(6)_16:1(9),0.4304999999999999,0.472645,0.0,0.00933399999999987,All,None,,,0.0,0.0,,,,,,,0.0,,0.0,0.0,,,0.0,0.0
2601,5.264,855.50336,855.5029,0.5376954304762344,C45H77O13P,CCC=CCC=CCC=CCC=CCCCCCCC(=O)OC(COC(=O)CCCCCC=CCCCCCCCC)COP(=O)(O)OC1C(O)C(O)C(O)C(O)C1O,[M-H]-,PI 16:1_20:4,"PI 16:1(7)_20:4(8,11,14,17)",0.5094285714285716,0.22618571428569925,0.1235077301443772,0.3886940999870944,Some,Some,0.0,1209.4323394495414,7529.72972972973,6138.0,0.0,1969.908524459764,3322.841257233632,9313.204440107344,2835.2427184466014,0.0,5423.423423423423,11427.926475330536,11967.137528282274,14465.882352941177,9478.017789072426,12002.458414872795,15074.542661639438,10748.980510709462
2601,5.264,855.50336,855.5029,0.5376954304762344,C45H77O13P,CCC=CCC=CCC=CCC=CCCCCCCC(=O)OC(COC(=O)CCCCC=CCCCCCCCCC)COP(=O)(O)OC1C(O)C(O)C(O)C(O)C1O,[M-H]-,PI 16:1_20:4,"PI 16:1(6)_20:4(8,11,14,17)",0.417666666666667,0.22704333333331306,0.0597370121799351,0.24802864429529145,Some,Some,0.0,1576.5481651376147,0.0,0.0,1863.4046890927623,329.40739758716694,0.0,1546.4259575506223,0.0,0.0,481.08108108108115,496.77523379554975,2532.1836971809453,0.0,0.0,2384.1487279843436,0.0,3567.980960957098
2601,5.264,855.50336,855.5029,0.5376954304762344,C45H77O13P,CCC=CCC=CCC=CCC=CCCCCCCC(=O)OC(COC(=O)CCCCCCCC=CCCCCCC)COP(=O)(O)OC1C(O)C(O)C(O)C(O)C1O,[M-H]-,PI 16:1_20:4,"PI 16:1(9)_20:4(8,11,14,17)",0.4532500000000004,0.29225749999999096,0.044802759134951325,0.21444148322146375,Some,Some,0.0,2925.7454128440363,4840.540540540542,4224.000000000001,3204.8929663608556,3023.489327853639,6410.734142743674,6523.0727006586985,5113.009708737864,0.0,3790.9909909909907,7160.270880361172,8159.5181312297445,10045.614443797322,6243.964421855145,8565.631115459882,10250.91467672113,6995.844857528784
2601,5.264,855.50336,855.5029,0.5376954304762344,C45H77O13P,CCCCCC=CCC=CCC=CCC=CCCCC(=O)OC(COC(=O)CCCCCC=CCCCCCCCC)COP(=O)(O)OC1C(O)C(O)C(O)C(O)C1O,[M-H]-,PI 16:1_20:4,"PI 16:1(7)_20:4(5,8,11,14)",0.5654285714285712,0.4600228571428358,0.07230457684728997,0.20594154773400639,Some,Some,0.0,4502.293577981651,0.0,0.0,5068.297655453618,2237.8788280524986,4343.583342789062,552.5555013417907,3716.5048543689322,0.0,0.0,496.77523379554975,1041.8394178438207,0.0,0.0,653.7181996086103,0.0,2024.1911622821126
2601,5.264,855.50336,855.5029,0.5376954304762344,C45H77O13P,CCCCCC=CCC=CCC=CCC=CCCCC(=O)OC(COC(=O)CCCCCCCC=CCCCCCC)COP(=O)(O)OC1C(O)C(O)C(O)C(O)C1O,[M-H]-,PI 16:1_20:4,"PI 16:1(9)_20:4(5,8,11,14)",0.4824444444444445,0.45584777777776253,0.0,0.06952177777779003,All,Some,0.0,1209.4323394495414,7529.72972972973,6138.0,0.0,1969.908524459764,3322.841257233632,9865.759941449134,2835.2427184466014,0.0,5423.423423423423,11924.701709126088,11967.137528282274,16177.19277810134,9478.017789072426,12656.176614481406,15074.542661639438,11372.001029137455
2601,5.264,855.50336,855.5029,0.5376954304762344,C45H77O13P,CCCCCC=CCC=CCC=CCC=CCCCC(=O)OC(COC(=O)CCCCC=CCCCCCCCCC)COP(=O)(O)OC1C(O)C(O)C(O)C(O)C1O,[M-H]-,PI 16:1_20:4,"PI 16:1(6)_20:4(5,8,11,14)",0.46028571428571424,0.44668999999997333,0.0,0.05690514285716412,All,Some,0.0,1576.5481651376147,0.0,0.0,1863.4046890927623,329.40739758716694,0.0,2098.981458892413,0.0,0.0,481.08108108108115,993.5504675910995,2532.1836971809453,1711.310425160163,0.0,3037.866927592954,0.0,4191.0014793850905
2625,5.302,691.45514,691.45556,0.607414307237306,C36H69O10P,CCCCCCCCC=CCCCCCC(=O)OC(COC(=O)CCCCCCCCCCCCC)COP(=O)(O)OCC(O)CO,[M-H]-,PG 14:0_16:1,PG 14:0_16:1(7),0.8140000000000001,0.49975000000006276,0.0,0.3327999999999498,All,None,,,,,,,,0.0,,,,,0.0,0.0,,4665.6319290465635,0.0,0.0
2625,5.302,691.45514,691.45556,0.607414307237306,C36H69O10P,CCCCCCCCCC=CCCCCC(=O)OC(COC(=O)CCCCCCCCCCCCC)COP(=O)(O)OCC(O)CO,[M-H]-,PG 14:0_16:1,PG 14:0_16:1(6),0.8179999999999996,0.8902799999999615,0.0,0.023976000000030306,Some,None,,,,,,,,0.0,,,,,13400.0,11300.0,,12034.368070953436,11900.0,17600.0
2636,5.33,769.50191,769.50251,0.7797245522652828,C42H75O10P,CCCCCC=CCC=CCCCCCCCC(=O)OC(COC(=O)CCCCCCCC=CCC=CCCCCC)COP(=O)(O)OCC(O)CO,[M-H]-,PG 18:2_18:2,"PG 18:2(9,12)_18:2(9,12)",0.9800000000000004,0.10970999999995001,0.0,0.7942320000000405,Some,None,,,,,,,,0.0,,,,0.0,1240.0,,,,1905.0,0.0
2636,5.33,769.50191,769.50251,0.7797245522652828,C42H75O10P,CCCCCC=CCC=CCCCCCCCC(=O)OC(COC(=O)CCCCC=CCC=CCCCCCCCC)COP(=O)(O)OCC(O)CO,[M-H]-,PG 18:2_18:2,"PG 18:2(6,9)_18:2(9,12)",0.9506666666666668,0.126169999999964,0.0,0.754664000000029,Some,None,,,,,,,,1750.0,,,,0.0,1240.0,,,,1905.0,0.0
2636,5.33,769.50191,769.50251,0.7797245522652828,C42H75O10P,CCCCCCCCC=CCC=CCCCCC(=O)OC(COC(=O)CCCCC=CCC=CCCCCCCCC)COP(=O)(O)OCC(O)CO,[M-H]-,PG 18:2_18:2,"PG 18:2(6,9)_18:2(6,9)",0.9359999999999999,0.134399999999971,0.0,0.7348800000000232,Some,None,,,,,,,,1750.0,,,,0.0,0.0,,,,0.0,0.0
2650,5.348,492.34547,492.34595,0.9749242378020408,C25H52NO6P,CCCCCCCCC=CCCCCCCCCCCOCC(O)COP(=O)(O)OCCN,[M-H]-,LPE O-20:1,LPE O-20:1(11),0.8759999999999994,0.06948000000002708,0.02283988071623269,0.7533718926445874,All,Some,,0.0,0.0,0.0,0.0,0.0,0.0,0.0,0.0,0.0,0.0,0.0,0.0,0.0,0.0,0.0,0.0,0.0
2650,5.348,492.34547,492.34595,0.9749242378020408,C25H52NO6P,CCCCCCC=CCCCCCCCCCCCCOCC(O)COP(=O)(O)OCCN,[M-H]-,LPE O-20:1,LPE O-20:1(13),0.8149999999999995,0.5142299999999693,0.0,0.32211600000002416,All,None,,2670.0,19200.0,17800.0,0.0,0.0,0.0,26900.0,0.0,0.0,20600.0,26300.0,27400.0,27500.0,21400.0,26500.0,25800.0,22500.0
2697,5.393,793.50242,793.50251,0.1134211913206746,C44H75O10P,CCC=CCC=CCC=CCC=CCC=CCC=CCCC(=O)OC(COC(=O)CCCCCCCCCCCCCCC)COP(=O)(O)OCC(O)CO,[M-H]-,PG 16:0_22:6,"PG 16:0_22:6(4,7,10,13,16,19)",0.6214285714285713,0.44814285714286534,0.0,0.20077142857142197,Some,None,,3190.0,,,0.0,0.0,0.0,28700.0,0.0,,0.0,15800.0,33600.0,29100.0,,31100.0,27200.0,
2698,5.394,855.50302,855.5029,0.14026837318504665,C45H77O13P,CCC=CCC=CCC=CCC=CCCCCCCC(=O)OC(COC(=O)CCCCCC=CCCCCCCCC)COP(=O)(O)OC1C(O)C(O)C(O)C(O)C1O,[M-H]-,PI 16:1_20:4,"PI 16:1(7)_20:4(8,11,14,17)",0.5680000000000004,0.11350857142859436,0.05120315329708723,0.46647598082450337,Some,Some,0.0,2192.5675675675675,5070.671378091873,3195.2409638554223,0.0,5769.824789097988,0.0,7404.904154055359,6098.16733067729,0.0,3625.8234519104085,0.0,6970.73124316095,9776.524139067393,6770.356816102471,8031.353075170843,9878.108329913828,0.0
2698,5.394,855.50302,855.5029,0.14026837318504665,C45H77O13P,CCC=CCC=CCC=CCC=CCCCCCCC(=O)OC(COC(=O)CCCCCCCC=CCCCCCC)COP(=O)(O)OC1C(O)C(O)C(O)C(O)C1O,[M-H]-,PI 16:1_20:4,"PI 16:1(9)_20:4(8,11,14,17)",0.5793333333333336,0.3570477777777923,0.0398246747866234,0.2716039850857275,All,Some,0.0,2858.108108108108,1077.73851590106,1326.9076305220885,2830.783669638667,964.828033744322,0.0,3353.634250120629,0.0,0.0,1506.945228684359,0.0,3434.3403587230605,3627.5622013511293,1898.444647758463,4490.095671981777,3694.9733278621256,0.0
2698,5.394,855.50302,855.5029,0.14026837318504665,C45H77O13P,CCC=CCC=CCC=CCC=CCCCCCCC(=O)OC(COC(=O)CCCCC=CCCCCCCCCC)COP(=O)(O)OC1C(O)C(O)C(O)C(O)C1O,[M-H]-,PI 16:1_20:4,"PI 16:1(6)_20:4(8,11,14,17)",0.49700000000000033,0.2944162500000118,0.044802759134951325,0.25208948322144703,All,Some,0.0,1520.2702702702702,4231.448763250883,2477.289156626506,2353.824495541999,3265.8663205710577,0.0,5951.081282624907,3003.665338645418,0.0,2534.4626388104653,0.0,5967.914743803226,7642.5770308123265,6061.299176578225,7338.21867881549,7673.902338941322,0.0
2698,5.394,855.50302,855.5029,0.14026837318504665,C45H77O13P,CCCCCC=CCC=CCC=CCC=CCCCC(=O)OC(COC(=O)CCCCCC=CCCCCCCCC)COP(=O)(O)OC1C(O)C(O)C(O)C(O)C1O,[M-H]-,PI 16:1_20:4,"PI 16:1(7)_20:4(5,8,11,14)",0.5614285714285716,0.34197142857140406,0.0,0.23170857142859122,Some,Some,0.0,4378.378378378378,971.7314487632508,278.4136546184739,5184.608165180666,964.828033744322,0.0,1482.475764354959,0.0,0.0,0.0,0.0,1821.9420524287548,1626.7095073323449,1601.0978956999086,2044.0227790432803,1881.20640131309,0.0
2698,5.394,855.50302,855.5029,0.14026837318504665,C45H77O13P,CCCCCC=CCC=CCC=CCC=CCCCC(=O)OC(COC(=O)CCCCCCCC=CCCCCCC)COP(=O)(O)OC1C(O)C(O)C(O)C(O)C1O,[M-H]-,PI 16:1_20:4,"PI 16:1(9)_20:4(5,8,11,14)",0.6151111111111113,0.45185666666664775,0.0,0.19211466666668192,All,Some,0.0,2192.5675675675675,5070.671378091873,3195.2409638554223,0.0,5769.824789097988,0.0,7129.587226389436,6098.16733067729,0.0,3625.8234519104085,0.0,6970.73124316095,9687.794529576538,6770.356816102471,8468.78359908884,8827.472302010668,0.0
2698,5.394,855.50302,855.5029,0.14026837318504665,C45H77O13P,CCCCCC=CCC=CCC=CCC=CCCCC(=O)OC(COC(=O)CCCCC=CCCCCCCCCC)COP(=O)(O)OC1C(O)C(O)C(O)C(O)C1O,[M-H]-,PI 16:1_20:4,"PI 16:1(6)_20:4(5,8,11,14)",0.5372500000000002,0.40107624999997427,0.0,0.1626640000000208,All,Some,0.0,2858.108108108108,1077.73851590106,1326.9076305220885,2830.783669638667,964.828033744322,0.0,3078.3173224547086,0.0,0.0,1506.945228684359,0.0,3434.3403587230605,3538.8325918602745,1898.444647758463,4927.526195899773,2644.337299958966,0.0
2708,5.395,719.48229,719.48686,6.351749078425463,C38H73O10P,CCCCCCC=CCCCCCCCCCC(=O)OC(COC(=O)CCCCCCCCCCCCC)COP(=O)(O)OCC(O)CO,[M-H]-,PG 14:0_18:1,PG 14:0_18:1(11),1.0,0.06698000000005777,0.0,0.8464159999999538,Some,None,,0.0,,,,,,,,,,0.0,,0.0,0.0,0.0,0.0,
2708,5.395,719.48229,719.48686,6.351749078425463,C38H73O10P,CCCCCCCCCCCC=CCCCCC(=O)OC(COC(=O)CCCCCCCCCCCCC)COP(=O)(O)OCC(O)CO,[M-H]-,PG 14:0_18:1,PG 14:0_18:1(6),0.9960000000000004,0.8634299999999939,0.0,0.20565600000000528,Some,None,,0.0,,,,,,,,,,0.0,,0.0,0.0,0.0,0.0,
2716,5.402,717.47088,717.47121,0.45994876933992207,C38H71O10P,CCCCCCC=CCCCCCCCC(=O)OC(COC(=O)CCCCCCCC=CCCCCCC)COP(=O)(O)OCC(O)CO,[M-H]-,PG 16:1_16:1,PG 16:1(9)_16:1(9),0.9640000000000004,0.06301000000007662,0.0,0.8171919999999391,Some,None,,,22750.0,21100.0,,,,,,,18300.0,,15087.968441814597,34600.0,,,0.0,42000.0
2716,5.402,717.47088,717.47121,0.45994876933992207,C38H71O10P,CCCCCCC=CCCCCCCCC(=O)OC(COC(=O)CCCCCC=CCCCCCCCC)COP(=O)(O)OCC(O)CO,[M-H]-,PG 16:1_16:1,PG 16:1(7)_16:1(9),0.8840000000000003,0.10743500000006634,0.0,0.7096519999999472,Some,None,,,22750.0,21100.0,,,,,,,18300.0,,7678.698224852071,34600.0,,,23500.0,42000.0
2716,5.402,717.47088,717.47121,0.45994876933992207,C38H71O10P,CCCCCCCCC=CCCCCCC(=O)OC(COC(=O)CCCCCC=CCCCCCCCC)COP(=O)(O)OCC(O)CO,[M-H]-,PG 16:1_16:1,PG 16:1(7)_16:1(7),0.8040000000000003,0.15186000000005606,0.0,0.6021119999999553,Some,None,,,0.0,0.0,,,,,,,0.0,,15087.968441814597,0.0,,,0.0,0.0
2716,5.402,717.47088,717.47121,0.45994876933992207,C38H71O10P,CCCCCCC=CCCCCCCCC(=O)OC(COC(=O)CCCCC=CCCCCCCCCC)COP(=O)(O)OCC(O)CO,[M-H]-,PG 16:1_16:1,PG 16:1(6)_16:1(9),0.7666666666666669,0.6041299999999789,0.0,0.2066960000000171,Some,None,,,0.0,0.0,,,,,,,0.0,,22766.666666666668,0.0,,,23500.0,0.0
2716,5.402,717.47088,717.47121,0.45994876933992207,C38H71O10P,CCCCCCCCC=CCCCCCC(=O)OC(COC(=O)CCCCC=CCCCCCCCCC)COP(=O)(O)OCC(O)CO,[M-H]-,PG 16:1_16:1,PG 16:1(6)_16:1(7),0.7133333333333335,0.6337466666666387,0.0,0.13500266666668917,Some,None,,,0.0,0.0,,,,,,,0.0,,7678.698224852071,0.0,,,23500.0,0.0
2732,5.414,743.48616,743.48686,0.9415095781759647,C40H73O10P,CCCCCC=CCC=CCCCCCCCC(=O)OC(COC(=O)CCCCC=CCCCCCCCCC)COP(=O)(O)OCC(O)CO,[M-H]-,PG 16:1_18:2,"PG 16:1(6)_18:2(9,12)",0.9566666666666676,0.08873666666666698,0.0,0.7900106666666673,Some,None,,0.0,2640.0,0.0,2485.0,,0.0,0.0,,,0.0,,0.0,1711.2076524511758,,0.0,0.0,0.0
2732,5.414,743.48616,743.48686,0.9415095781759647,C40H73O10P,CCCCCC=CCC=CCCCCCCCC(=O)OC(COC(=O)CCCCCCCC=CCCCCCC)COP(=O)(O)OCC(O)CO,[M-H]-,PG 16:1_18:2,"PG 16:1(9)_18:2(9,12)",0.9273333333333339,0.07477999999999459,0.0,0.7747760000000049,Some,None,,0.0,0.0,0.0,0.0,,0.0,0.0,,,0.0,,0.0,489.1948983658828,,0.0,0.0,0.0
2732,5.414,743.48616,743.48686,0.9415095781759647,C40H73O10P,CCCCCC=CCC=CCCCCCCCC(=O)OC(COC(=O)CCCCCC=CCCCCCCCC)COP(=O)(O)OCC(O)CO,[M-H]-,PG 16:1_18:2,"PG 16:1(7)_18:2(9,12)",0.7173333333333337,0.3356466666666999,0.0,0.3770826666666404,Some,None,,0.0,0.0,0.0,0.0,,0.0,0.0,,,0.0,,0.0,489.1948983658828,,0.0,0.0,0.0
2732,5.414,743.48616,743.48686,0.9415095781759647,C40H73O10P,CCCCCCCCC=CCC=CCCCCC(=O)OC(COC(=O)CCCCC=CCCCCCCCCC)COP(=O)(O)OCC(O)CO,[M-H]-,PG 16:1_18:2,"PG 16:1(6)_18:2(6,9)",0.6808000000000003,0.7210260000000517,0.0,0.035899199999958956,Some,None,,0.0,2640.0,0.0,2485.0,,0.0,0.0,,,0.0,,0.0,1711.2076524511758,,0.0,0.0,0.0
2732,5.414,743.48616,743.48686,0.9415095781759647,C40H73O10P,CCCCCCCCC=CCC=CCCCCC(=O)OC(COC(=O)CCCCCCCC=CCCCCCC)COP(=O)(O)OCC(O)CO,[M-H]-,PG 16:1_18:2,"PG 16:1(9)_18:2(6,9)",0.6632000000000001,0.7126520000000482,0.0,0.026758399999961525,Some,None,,0.0,0.0,0.0,0.0,,0.0,0.0,,,0.0,,0.0,489.1948983658828,,0.0,0.0,0.0
2770,5.461,831.50423,831.5029,1.5995133631556522,C43H77O13P,CCCCCCCCC=CCC=CCCCCC(=O)OC(COC(=O)CCCCCC=CCCCCCCCC)COP(=O)(O)OC1C(O)C(O)C(O)C(O)C1O,[M-H]-,PI 16:1_18:2,"PI 16:1(7)_18:2(6,9)",0.729000000000001,0.17265499999996337,0.32768961358748216,0.8128966522287642,Some,Some,,9798.757997741814,0.0,0.0,7593.253012048192,9289.590254706534,11423.840378484008,4894.938264380596,10356.531001233321,,0.0,2386.8037514148655,5420.349515696114,6124.6987682970375,1422.0913483876966,5250.235403644102,6373.784963050771,5176.1467889908245
2770,5.461,831.50423,831.5029,1.5995133631556522,C43H77O13P,CCCCCC=CCC=CCCCCCCCC(=O)OC(COC(=O)CCCCCC=CCCCCCCCC)COP(=O)(O)OC1C(O)C(O)C(O)C(O)C1O,[M-H]-,PI 16:1_18:2,"PI 16:1(7)_18:2(9,12)",0.5385000000000009,0.12027000000000498,0.16384480679374108,0.5358943261143638,Some,Some,,0.0,0.0,0.0,0.0,3000.442967884828,3220.405224724879,2105.3543214933584,2909.289157977352,,0.0,1115.237427909233,1844.8739642898825,2698.0542663334527,603.3523836074716,2327.375980848517,2658.2587202703717,1955.963302752293
2770,5.461,831.50423,831.5029,1.5995133631556522,C43H77O13P,CCCCCCCCC=CCC=CCCCCC(=O)OC(COC(=O)CCCCCCCC=CCCCCCC)COP(=O)(O)OC1C(O)C(O)C(O)C(O)C1O,[M-H]-,PI 16:1_18:2,"PI 16:1(9)_18:2(6,9)",0.6256000000000007,0.3124260000000049,0.20457063930784508,0.49721277537705727,All,Some,,5776.17613850207,0.0,0.0,2806.746987951808,3943.0786267995572,5373.855805821248,1129.5687284217918,4837.919049220764,,0.0,507.3352018541475,1263.2454195355353,1398.9758122099252,283.45413994981885,1188.429312408565,1567.4039698353045,1335.7798165137613
2770,5.461,831.50423,831.5029,1.5995133631556522,C43H77O13P,CCCCCC=CCC=CCCCCCCCC(=O)OC(COC(=O)CCCCCCCC=CCCCCCC)COP(=O)(O)OC1C(O)C(O)C(O)C(O)C1O,[M-H]-,PI 16:1_18:2,"PI 16:1(9)_18:2(9,12)",0.44960000000000055,0.09322800000002189,0.05697420858718727,0.3813343877284516,All,Some,,5776.17613850207,0.0,0.0,2806.746987951808,3943.0786267995572,5373.855805821248,1129.5687284217918,4837.919049220764,,0.0,615.7284536193607,1499.8249504026141,1616.9336843984292,338.2167084843416,1395.241388482511,1746.049080682993,1335.7798165137613
2770,5.461,831.50423,831.5029,1.5995133631556522,C43H77O13P,CCCCCCCCC=CCC=CCCCCC(=O)OC(COC(=O)CCCCC=CCCCCCCCCC)COP(=O)(O)OC1C(O)C(O)C(O)C(O)C1O,[M-H]-,PI 16:1_18:2,"PI 16:1(6)_18:2(6,9)",0.6370000000000005,0.3914316666666385,0.12299702560054815,0.3708519897071829,All,Some,,10923.82386149793,0.0,0.0,7593.253012048192,8256.478405315615,10405.738969453872,3965.07695008485,9402.791792801883,,0.0,1953.230744354013,4423.590850741043,5043.99098536237,1160.8121921754484,4330.7886687059445,5335.01475447048,4508.256880733945
2770,5.461,831.50423,831.5029,1.5995133631556522,C43H77O13P,CCCCCC=CCC=CCCCCCCCC(=O)OC(COC(=O)CCCCC=CCCCCCCCCC)COP(=O)(O)OC1C(O)C(O)C(O)C(O)C1O,[M-H]-,PI 16:1_18:2,"PI 16:1(6)_18:2(9,12)",0.4903333333333337,0.20876666666665264,0.0,0.27428666666667817,All,None,,1125.065863756116,0.0,0.0,0.0,1967.3311184939091,2202.3038156947446,1175.4930071976125,1955.549949545913,,0.0,681.6644208483804,848.1152993348117,1617.3464833987864,342.07322739522357,1407.9292459103606,1619.48851169008,1288.0733944954127
2789,5.48,881.51875,881.51855,0.22688121531849317,C47H79O13P,CCC=CCC=CCC=CCC=CCC=CCC=CCCC(=O)OC(COC(=O)CCCCCCCCCCCCCCC)COP(=O)(O)OC1C(O)C(O)C(O)C(O)C1O,[M-H]-,PI 16:0_22:6,"PI 16:0_22:6(4,7,10,13,16,19)",0.5916000000000008,0.28649999999998954,0.009558511397353142,0.31184266025762686,All,Some,,75900.0,54300.0,41000.0,87200.0,69200.0,79100.0,99900.0,72900.0,,43400.0,106000.0,103000.0,120000.0,69900.0,107000.0,105000.0,106000.0
2793,5.482,791.48697,791.48686,0.13897893398171793,C44H73O10P,CCC=CCC=CCC=CCC=CCC=CCC=CCCC(=O)OC(COC(=O)CCCCCC=CCCCCCCCC)COP(=O)(O)OCC(O)CO,[M-H]-,PG 16:1_22:6,"PG 16:1(7)_22:6(4,7,10,13,16,19)",0.5013333333333335,0.26676333333328256,0.012816056900274852,0.24932378454362147,Some,Some,,0.0,0.0,0.0,0.0,0.0,0.0,0.0,0.0,,0.0,0.0,0.0,0.0,0.0,0.0,0.0,0.0
2793,5.482,791.48697,791.48686,0.13897893398171793,C44H73O10P,CCC=CCC=CCC=CCC=CCC=CCC=CCCC(=O)OC(COC(=O)CCCCC=CCCCCCCCCC)COP(=O)(O)OCC(O)CO,[M-H]-,PG 16:1_22:6,"PG 16:1(6)_22:6(4,7,10,13,16,19)",0.516,0.35979857142852517,0.0,0.17656114285717986,Some,None,,0.0,0.0,0.0,0.0,0.0,0.0,0.0,0.0,,0.0,0.0,0.0,0.0,0.0,0.0,0.0,0.0
2793,5.482,791.48697,791.48686,0.13897893398171793,C44H73O10P,CCC=CCC=CCC=CCC=CCC=CCC=CCCC(=O)OC(COC(=O)CCCCCCCC=CCCCCCC)COP(=O)(O)OCC(O)CO,[M-H]-,PG 16:1_22:6,"PG 16:1(9)_22:6(4,7,10,13,16,19)",0.3200000000000003,0.2586328571428079,0.07247249139620046,0.14631895654233432,Some,Some,,0.0,0.0,0.0,0.0,0.0,0.0,0.0,0.0,,0.0,0.0,0.0,0.0,0.0,0.0,0.0,0.0
2801,5.484,805.48793,805.48725,0.8442095141648333,C41H75O13P,CCCCCCCCC=CCCCCCCCC(=O)OC(COC(=O)CCCC=CCCCCCCCC)COP(=O)(O)OC1C(O)C(O)C(O)C(O)C1O,[M-H]-,PI 14:1_18:1,PI 14:1(5)_18:1(9),0.8069999999999995,0.15844499999997197,0.0,0.599544000000022,All,None,,0.0,0.0,0.0,0.0,0.0,0.0,0.0,200.81582952815828,,0.0,0.0,0.0,0.0,0.0,0.0,0.0,0.0
2801,5.484,805.48793,805.48725,0.8442095141648333,C41H75O13P,CCCCCCC=CCCCCCCCCCC(=O)OC(COC(=O)CCCC=CCCCCCCCC)COP(=O)(O)OC1C(O)C(O)C(O)C(O)C1O,[M-H]-,PI 14:1_18:1,PI 14:1(5)_18:1(11),0.6709999999999994,0.09728749999999309,0.0,0.5260700000000049,All,None,,0.0,0.0,0.0,0.0,0.0,0.0,0.0,0.0,,0.0,0.0,0.0,0.0,0.0,0.0,0.0,0.0
2801,5.484,805.48793,805.48725,0.8442095141648333,C41H75O13P,CCCCCCCCC=CCCCCCCCC(=O)OC(COC(=O)CCCCCCCC=CCCCC)COP(=O)(O)OC1C(O)C(O)C(O)C(O)C1O,[M-H]-,PI 14:1_18:1,PI 14:1(9)_18:1(9),0.4990000000000001,0.09735999999998057,0.0,0.37121200000001564,All,None,,0.0,0.0,0.0,0.0,0.0,0.0,0.0,0.0,,0.0,0.0,0.0,0.0,0.0,0.0,0.0,0.0
2801,5.484,805.48793,805.48725,0.8442095141648333,C41H75O13P,CCCCCCCCC=CCCCCCCCC(=O)OC(COC(=O)CCCCC=CCCCCCCC)COP(=O)(O)OC1C(O)C(O)C(O)C(O)C1O,[M-H]-,PI 14:1_18:1,PI 14:1(6)_18:1(9),0.4614999999999996,0.16110999999997944,0.045013398819443946,0.32697405893751563,All,Some,,0.0,0.0,0.0,0.0,0.0,0.0,0.0,469.6499238964992,,0.0,0.0,0.0,0.0,0.0,0.0,0.0,0.0
2801,5.484,805.48793,805.48725,0.8442095141648333,C41H75O13P,CCCCCCC=CCCCCCCCCCC(=O)OC(COC(=O)CCCCCCCC=CCCCC)COP(=O)(O)OC1C(O)C(O)C(O)C(O)C1O,[M-H]-,PI 14:1_18:1,PI 14:1(9)_18:1(11),0.363,0.03620250000000169,0.0,0.29773799999999867,All,None,,0.0,0.0,0.0,0.0,0.0,0.0,0.0,268.83409436834097,,0.0,0.0,0.0,0.0,0.0,0.0,0.0,0.0
2801,5.484,805.48793,805.48725,0.8442095141648333,C41H75O13P,CCCCCCCCCCCC=CCCCCC(=O)OC(COC(=O)CCCC=CCCCCCCCC)COP(=O)(O)OC1C(O)C(O)C(O)C(O)C1O,[M-H]-,PI 14:1_18:1,PI 14:1(5)_18:1(6),0.6414999999999997,0.3684725000000242,0.0,0.2825719999999804,All,None,,0.0,0.0,0.0,0.0,0.0,0.0,0.0,268.83409436834097,,0.0,0.0,0.0,0.0,0.0,0.0,0.0,0.0
2801,5.484,805.48793,805.48725,0.8442095141648333,C41H75O13P,CCCCCCC=CCCCCCCCCCC(=O)OC(COC(=O)CCCCC=CCCCCCCC)COP(=O)(O)OC1C(O)C(O)C(O)C(O)C1O,[M-H]-,PI 14:1_18:1,PI 14:1(6)_18:1(11),0.32549999999999946,0.09995250000000055,0.045013398819443946,0.25350005893749866,All,Some,,0.0,0.0,0.0,0.0,0.0,0.0,0.0,617.8325722983257,,0.0,0.0,0.0,0.0,0.0,0.0,0.0,0.0
2801,5.484,805.48793,805.48725,0.8442095141648333,C41H75O13P,CCCCCCCCCCCC=CCCCCC(=O)OC(COC(=O)CCCCCCCC=CCCCC)COP(=O)(O)OC1C(O)C(O)C(O)C(O)C1O,[M-H]-,PI 14:1_18:1,PI 14:1(9)_18:1(6),0.33350000000000035,0.3073875000000328,0.0,0.054239999999974045,All,None,,0.0,0.0,0.0,0.0,0.0,0.0,0.0,417.0167427701674,,0.0,0.0,0.0,0.0,0.0,0.0,0.0,0.0
2801,5.484,805.48793,805.48725,0.8442095141648333,C41H75O13P,CCCCCCCCCCCC=CCCCCC(=O)OC(COC(=O)CCCCC=CCCCCCCC)COP(=O)(O)OC1C(O)C(O)C(O)C(O)C1O,[M-H]-,PI 14:1_18:1,PI 14:1(6)_18:1(6),0.2959999999999998,0.37113750000003165,0.045013398819443946,0.010002058937474032,All,Some,,0.0,0.0,0.0,0.0,0.0,0.0,0.0,417.0167427701674,,0.0,0.0,0.0,0.0,0.0,0.0,0.0,0.0
2815,5.489,819.5184,819.51816,0.2928550113839812,C46H77O10P,CCC=CCC=CCC=CCC=CCC=CCC=CCCC(=O)OC(COC(=O)CCCCCCCCCC=CCCCCCC)COP(=O)(O)OCC(O)CO,[M-H]-,PG 18:1_22:6,"PG 18:1(11)_22:6(4,7,10,13,16,19)",0.6415000000000001,0.30295083333337897,0.008953954003376391,0.3430478919363356,All,Some,,35074.129930394425,68418.29671983147,47431.602879878745,56607.00169395822,31135.214091364745,31106.564245810052,110422.23672591853,31953.442879499224,0.0,58347.704246604866,93158.06272035626,113409.97741736809,109002.60952660983,65638.64684777037,124578.40847853421,99989.05827801315,109756.24595961516
2815,5.489,819.5184,819.51816,0.2928550113839812,C46H77O10P,CCC=CCC=CCC=CCC=CCC=CCC=CCCC(=O)OC(COC(=O)CCCCC=CCCCCCCCCCCC)COP(=O)(O)OCC(O)CO,[M-H]-,PG 18:1_22:6,"PG 18:1(6)_22:6(4,7,10,13,16,19)",0.593,0.29646800000002715,0.01074474480405167,0.3061958703236248,Some,Some,,24138.306264501156,34941.46855251279,29736.547934823797,27785.99661208357,22042.846913933838,25458.24022346368,68923.02376473298,24871.6744913928,0.0,34819.46540202629,54817.442939320834,76847.66988298092,68866.4730961482,43011.78882624295,77575.71402910007,65412.88321046135,66134.54006160398
2815,5.489,819.5184,819.51816,0.2928550113839812,C46H77O10P,CCC=CCC=CCC=CCC=CCC=CCC=CCCC(=O)OC(COC(=O)CCCCCCCC=CCCCCCCCC)COP(=O)(O)OCC(O)CO,[M-H]-,PG 18:1_22:6,"PG 18:1(9)_22:6(4,7,10,13,16,19)",0.5542,0.2885600000000295,0.01074474480405167,0.27760227032362284,Some,Some,,33387.5638051044,51640.234727655734,36831.84918529746,56607.00169395822,32621.938994701424,38335.195530726254,83654.73950934848,35174.88262910798,0.0,41832.83035136882,76024.49434032287,88742.35269965099,83130.91737724199,53349.56432598667,93845.87749236572,72598.0585115255,84109.21397878084
2845,5.512,719.48621,719.48686,0.9034216412938013,C38H73O10P,CCCCCCC=CCCCCCCCCCC(=O)OC(COC(=O)CCCCCCCCCCCCC)COP(=O)(O)OCC(O)CO,[M-H]-,PG 14:0_18:1,PG 14:0_18:1(11),0.45899999999999963,0.5125400000000013,0.0,0.0030679999999986274,All,None,,60400.0,27400.0,4350.0,,,,,,,8110.0,26200.0,,20400.0,10400.0,,29500.0,29900.0
2875,5.554,717.47033,717.47121,1.2265300513618524,C38H71O10P,CCCCCCC=CCCCCCCCC(=O)OC(COC(=O)CCCCCCCC=CCCCCCC)COP(=O)(O)OCC(O)CO,[M-H]-,PG 16:1_16:1,PG 16:1(9)_16:1(9),0.934000000000001,0.06368000000009033,0.0,0.7896559999999287,Some,None,,0.0,0.0,0.0,0.0,0.0,0.0,0.0,0.0,,0.0,0.0,0.0,0.0,0.0,0.0,0.0,0.0
2875,5.554,717.47033,717.47121,1.2265300513618524,C38H71O10P,CCCCCCC=CCCCCCCCC(=O)OC(COC(=O)CCCCCC=CCCCCCCCC)COP(=O)(O)OCC(O)CO,[M-H]-,PG 16:1_16:1,PG 16:1(7)_16:1(9),0.9460000000000006,0.10843500000004269,0.0,0.7646519999999664,Some,None,,0.0,0.0,0.0,0.0,0.0,0.0,0.0,0.0,,0.0,0.0,0.0,0.0,0.0,0.0,0.0,0.0
2875,5.554,717.47033,717.47121,1.2265300513618524,C38H71O10P,CCCCCCCCC=CCCCCCC(=O)OC(COC(=O)CCCCCC=CCCCCCCCC)COP(=O)(O)OCC(O)CO,[M-H]-,PG 16:1_16:1,PG 16:1(7)_16:1(7),0.9580000000000002,0.15318999999999505,0.0,0.7396480000000041,Some,None,,0.0,0.0,0.0,0.0,0.0,0.0,0.0,0.0,,0.0,0.0,0.0,0.0,0.0,0.0,0.0,0.0
2875,5.554,717.47033,717.47121,1.2265300513618524,C38H71O10P,CCCCCCC=CCCCCCCCC(=O)OC(COC(=O)CCCCC=CCCCCCCCCC)COP(=O)(O)OCC(O)CO,[M-H]-,PG 16:1_16:1,PG 16:1(6)_16:1(9),0.851333333333334,0.603903333333316,0.0,0.2830773333333478,Some,None,,0.0,0.0,0.0,0.0,0.0,0.0,0.0,0.0,,0.0,0.0,0.0,0.0,0.0,0.0,0.0,0.0
2875,5.554,717.47033,717.47121,1.2265300513618524,C38H71O10P,CCCCCCCCC=CCCCCCC(=O)OC(COC(=O)CCCCC=CCCCCCCCCC)COP(=O)(O)OCC(O)CO,[M-H]-,PG 16:1_16:1,PG 16:1(6)_16:1(7),0.8593333333333337,0.633739999999951,0.0,0.26640800000003956,Some,None,,0.0,0.0,0.0,0.0,0.0,0.0,0.0,0.0,,0.0,0.0,0.0,0.0,0.0,0.0,0.0,0.0
2875,5.554,717.47033,717.47121,1.2265300513618524,C38H71O10P,CCCCCCCCCC=CCCCCC(=O)OC(COC(=O)CCCCC=CCCCCCCCCC)COP(=O)(O)OCC(O)CO,[M-H]-,PG 16:1_16:1,PG 16:1(6)_16:1(6),0.8100000000000005,0.8740149999999289,0.0,0.029788000000057324,All,None,,0.0,0.0,0.0,0.0,0.0,0.0,0.0,0.0,,0.0,0.0,0.0,0.0,0.0,0.0,0.0,0.0
2878,5.555,743.48669,743.48686,0.2286523261830594,C40H73O10P,CCCCCC=CCC=CCCCCCCCC(=O)OC(COC(=O)CCCCCCCC=CCCCCCC)COP(=O)(O)OCC(O)CO,[M-H]-,PG 16:1_18:2,"PG 16:1(9)_18:2(9,12)",0.6425000000000001,0.08232500000002574,0.0,0.5123899999999795,Some,None,,12703.363914373089,8632.522839877423,13261.670428893905,14548.557430593359,8593.227824806772,12696.156430587285,17007.960360653076,16695.081967213115,,13894.545070496908,15332.659251769463,17601.221600111054,15495.207073057238,13593.958915765163,24977.93336552391,17157.45734241004,20693.275975661745
2878,5.555,743.48669,743.48686,0.2286523261830594,C40H73O10P,CCCCCC=CCC=CCCCCCCCC(=O)OC(COC(=O)CCCCCC=CCCCCCCCC)COP(=O)(O)OCC(O)CO,[M-H]-,PG 16:1_18:2,"PG 16:1(7)_18:2(9,12)",0.7566666666666665,0.3356333333333623,0.0,0.41249333333331,Some,None,,0.0,2668.247558495861,4949.164785553047,1745.9989112683722,698.0493191019507,0.0,4221.834132077004,0.0,,3699.1445318688275,1860.7025102211285,1844.6994586090414,3735.137273150302,4605.396863984441,2998.5514244326414,4445.725400053044,5049.122195093593
2878,5.555,743.48669,743.48686,0.2286523261830594,C40H73O10P,CCCCCC=CCC=CCCCCCCCC(=O)OC(COC(=O)CCCCC=CCCCCCCCCC)COP(=O)(O)OCC(O)CO,[M-H]-,PG 16:1_18:2,"PG 16:1(6)_18:2(9,12)",0.6203999999999997,0.27114000000005944,0.0,0.3414479999999521,Some,None,,5262.023908812899,4071.478076581607,5175.711060948081,7783.886771910723,4613.544350386455,5325.4938852304795,7418.365689221024,6809.836065573772,,6209.06162538945,8352.573965797688,8663.458423950766,7087.29641693811,5792.208581499939,12144.133268952197,7627.884360357173,9550.385614075882
2878,5.555,743.48669,743.48686,0.2286523261830594,C40H73O10P,CCCCCCCCC=CCC=CCCCCC(=O)OC(COC(=O)CCCCCCCC=CCCCCCC)COP(=O)(O)OCC(O)CO,[M-H]-,PG 16:1_18:2,"PG 16:1(9)_18:2(6,9)",0.7140000000000004,0.7129439999999931,0.0,0.07224480000000585,Some,None,,2831.2482624409236,894.7504081106623,1359.2776523702032,872.9994556341861,0.0,2582.1932535949472,2110.917066038502,0.0,,1433.9494112055763,1860.7025102211285,1844.6994586090414,1752.0148906468125,1035.5050443661114,0.0,1952.4003182742456,2286.6139596170988
2878,5.555,743.48669,743.48686,0.2286523261830594,C40H73O10P,CCCCCCCCC=CCC=CCCCCC(=O)OC(COC(=O)CCCCCC=CCCCCCCCC)COP(=O)(O)OCC(O)CO,[M-H]-,PG 16:1_18:2,"PG 16:1(7)_18:2(6,9)",0.8100000000000005,0.852374999999995,0.0,0.04710000000000447,Some,None,,12703.363914373089,7548.638199158002,11083.340857787809,13675.55797495917,7895.178505704822,12696.156430587285,15763.524490293234,16695.081967213115,,11629.349949833659,15332.659251769463,17601.221600111054,15495.207073057238,11430.746323082534,21979.381941091262,14664.132260631244,18982.378018059913
2878,5.555,743.48669,743.48686,0.2286523261830594,C40H73O10P,CCCCCCCCC=CCC=CCCCCC(=O)OC(COC(=O)CCCCC=CCCCCCCCCC)COP(=O)(O)OCC(O)CO,[M-H]-,PG 16:1_18:2,"PG 16:1(6)_18:2(6,9)",0.6836666666666668,0.7651866666666933,0.0,0.003150666666645365,All,None,,0.0,1584.3629177764412,2770.8352144469523,872.9994556341861,0.0,0.0,2977.3982617171637,0.0,,1433.9494112055763,1860.7025102211285,1844.6994586090414,3735.137273150302,2442.1842713018113,0.0,1952.4003182742456,3338.224237491764
2886,5.569,857.51972,857.51855,1.3644019712481925,C45H79O13P,CCCCCC=CCC=CCC=CCC=CCCCCCCCCCC(=O)OC(COC(=O)CCCCCCCCC)COP(=O)(O)OC1C(O)C(O)C(O)C(O)C1O,[M-H]-,PI 10:0_26:4,"PI 10:0_26:4(11,14,17,20)",0.58125,0.24473749999998518,0.11617780885819912,0.4318950279723911,All,Some,,0.0,0.0,0.0,11400.0,0.0,0.0,9780.0,0.0,,0.0,12500.0,0.0,16700.0,0.0,0.0,14700.0,0.0
2900,5.586,769.50107,769.50251,1.8713389252002937,C42H75O10P,CCCCCC=CCC=CCCCCCCCC(=O)OC(COC(=O)CCCCC=CCC=CCCCCCCCC)COP(=O)(O)OCC(O)CO,[M-H]-,PG 18:2_18:2,"PG 18:2(6,9)_18:2(9,12)",0.5344000000000001,0.2770479999999452,0.0,0.25932160000004395,Some,None,,,0.0,0.0,0.0,0.0,,1494.296028880866,,,0.0,0.0,0.0,0.0,0.0,0.0,0.0,0.0
2900,5.586,769.50107,769.50251,1.8713389252002937,C42H75O10P,CCCCCC=CCC=CCCCCCCCC(=O)OC(COC(=O)CCCCCCCC=CCC=CCCCCC)COP(=O)(O)OCC(O)CO,[M-H]-,PG 18:2_18:2,"PG 18:2(9,12)_18:2(9,12)",0.3380000000000001,0.06983499999989817,0.0,0.24833200000008154,Some,None,,,0.0,0.0,0.0,0.0,,1136.7509025270758,,,0.0,0.0,0.0,0.0,0.0,0.0,0.0,0.0
2900,5.586,769.50107,769.50251,1.8713389252002937,C42H75O10P,CCCCCCCCC=CCC=CCCCCC(=O)OC(COC(=O)CCCCC=CCC=CCCCCCCCC)COP(=O)(O)OCC(O)CO,[M-H]-,PG 18:2_18:2,"PG 18:2(6,9)_18:2(6,9)",0.556,0.5593849999999918,0.0,0.05289200000000663,All,None,,,0.0,0.0,0.0,0.0,,248.9530685920577,,,0.0,0.0,0.0,0.0,0.0,0.0,0.0,0.0
2917,5.614,745.50255,745.50251,0.0536550842903219,C40H75O10P,CCCCCCCCC=CCCCCCCCC(=O)OC(COC(=O)CCCCCC=CCCCCCCCC)COP(=O)(O)OCC(O)CO,[M-H]-,PG 16:1_18:1,PG 16:1(7)_18:1(9),0.9459999999999997,0.08546000000001186,0.0,0.7830319999999903,Some,None,,38974.51987069785,0.0,0.0,11346.437023402577,7598.484848484847,31169.7799916978,0.0,0.0,,0.0,2937.450514647664,0.0,3588.888888888889,0.0,0.0,0.0,2094.7888258273756
2917,5.614,745.50255,745.50251,0.0536550842903219,C40H75O10P,CCCCCCC=CCCCCCCCCCC(=O)OC(COC(=O)CCCCCC=CCCCCCCCC)COP(=O)(O)OCC(O)CO,[M-H]-,PG 16:1_18:1,PG 16:1(7)_18:1(11),0.9329999999999998,0.07186000000001513,0.0,0.7822119999999877,Some,None,,109666.66666666666,34333.33333333333,9333.333333333332,64413.752300815155,85669.19191919192,120333.33333333334,35000.0,99000.00000000001,,13600.0,36666.666666666664,44000.00000000001,34000.0,19866.666666666664,41333.33333333333,38333.333333333336,35175.35195695438
2917,5.614,745.50255,745.50251,0.0536550842903219,C40H75O10P,CCCCCCCCC=CCCCCCCCC(=O)OC(COC(=O)CCCCCCCC=CCCCCCC)COP(=O)(O)OCC(O)CO,[M-H]-,PG 16:1_18:1,PG 16:1(9)_18:1(9),0.9329999999999998,0.07186000000001513,0.0,0.7822119999999877,Some,None,,38974.51987069785,0.0,0.0,17298.185642913493,0.0,31169.7799916978,0.0,0.0,,0.0,2937.450514647664,0.0,3588.888888888889,0.0,0.0,0.0,0.0
2917,5.614,745.50255,745.50251,0.0536550842903219,C40H75O10P,CCCCCCC=CCCCCCCCCCC(=O)OC(COC(=O)CCCCCCCC=CCCCCCC)COP(=O)(O)OCC(O)CO,[M-H]-,PG 16:1_18:1,PG 16:1(9)_18:1(11),0.9199999999999999,0.05826000000001841,0.0,0.7813919999999852,Some,None,,0.0,0.0,0.0,5951.748619510913,7598.484848484847,0.0,0.0,0.0,,0.0,0.0,0.0,0.0,0.0,0.0,0.0,2094.7888258273756
2917,5.614,745.50255,745.50251,0.0536550842903219,C40H75O10P,CCCCCCCCC=CCCCCCCCC(=O)OC(COC(=O)CCCCC=CCCCCCCCCC)COP(=O)(O)OCC(O)CO,[M-H]-,PG 16:1_18:1,PG 16:1(6)_18:1(9),0.9429999999999996,0.10705999999998994,0.0,0.7630520000000076,Some,None,,70692.14679596882,34333.33333333333,9333.333333333332,59019.0638969235,85669.19191919192,89163.55334163555,35000.0,99000.00000000001,,13600.0,33729.216152019,44000.00000000001,30411.111111111113,19866.666666666664,41333.33333333333,38333.333333333336,35175.35195695438
2917,5.614,745.50255,745.50251,0.0536550842903219,C40H75O10P,CCCCCCC=CCCCCCCCCCC(=O)OC(COC(=O)CCCCC=CCCCCCCCCC)COP(=O)(O)OCC(O)CO,[M-H]-,PG 16:1_18:1,PG 16:1(6)_18:1(11),0.9299999999999997,0.09345999999999322,0.0,0.7622320000000051,Some,None,,0.0,0.0,0.0,5951.748619510913,0.0,0.0,0.0,0.0,,0.0,0.0,0.0,0.0,0.0,0.0,0.0,0.0
2917,5.614,745.50255,745.50251,0.0536550842903219,C40H75O10P,CCCCCCCCCCCC=CCCCCC(=O)OC(COC(=O)CCCCCC=CCCCCCCCC)COP(=O)(O)OCC(O)CO,[M-H]-,PG 16:1_18:1,PG 16:1(7)_18:1(6),0.8553333333333336,0.5966433333333422,0.0,0.29248533333332644,Some,None,,0.0,0.0,0.0,0.0,7598.484848484847,0.0,0.0,0.0,,0.0,0.0,0.0,0.0,0.0,0.0,0.0,2094.7888258273756
2917,5.614,745.50255,745.50251,0.0536550842903219,C40H75O10P,CCCCCCCCCCCC=CCCCCC(=O)OC(COC(=O)CCCCCCCC=CCCCCCC)COP(=O)(O)OCC(O)CO,[M-H]-,PG 16:1_18:1,PG 16:1(9)_18:1(6),0.846666666666667,0.5875766666666777,0.0,0.2919386666666581,Some,None,,70692.14679596882,34333.33333333333,9333.333333333332,53067.31527741258,93267.67676767676,89163.55334163555,35000.0,99000.00000000001,,13600.0,33729.216152019,44000.00000000001,30411.111111111113,19866.666666666664,41333.33333333333,38333.333333333336,37270.140782781746
2917,5.614,745.50255,745.50251,0.0536550842903219,C40H75O10P,CCCCCCCCCCCC=CCCCCC(=O)OC(COC(=O)CCCCC=CCCCCCCCCC)COP(=O)(O)OCC(O)CO,[M-H]-,PG 16:1_18:1,PG 16:1(6)_18:1(6),0.8533333333333335,0.6110433333333276,0.0,0.279165333333338,Some,None,,0.0,0.0,0.0,5951.748619510913,7598.484848484847,0.0,0.0,0.0,,0.0,0.0,0.0,0.0,0.0,0.0,0.0,2094.7888258273756
2919,5.615,746.50578,746.51301,9.685028798157967,C43H74NO7P,CCCCCCC=CCCCCCCCC(=O)OC(COCCCC=CCC=CCC=CCC=CCC=CCC=CCC)COP(=O)(O)OCCN,[M-H]-,PE O-22:6_16:1,"PE O-22:6(4,7,10,13,16,19)_16:1(9)",0.6253333333333334,0.17718166666670263,0.07750533120675608,0.4908094647527185,Some,Some,,29647.41720137404,14464.91706430357,2693.58918128655,24789.25052254404,29902.173913043476,34347.95673076923,12772.29913964262,30142.84786702162,0.0,4497.651321970205,15025.8432304038,18213.457943925237,14353.92457557562,8131.336939721793,17165.319290958985,13824.669152591941,15148.17924231294
2919,5.615,746.50578,746.51301,9.685028798157967,C43H74NO7P,CCCCCCCCC=CCCCCCC(=O)OC(COCCCC=CCC=CCC=CCC=CCC=CCC=CCC)COP(=O)(O)OCCN,[M-H]-,PE O-22:6_16:1,"PE O-22:6(4,7,10,13,16,19)_16:1(7)",0.6156666666666668,0.17507833333335535,0.07750533120675608,0.4837921314193963,Some,Some,,54360.0362952881,15533.525438433413,3122.8216374269005,34436.01074947746,47802.7950310559,56311.29807692307,12772.29913964262,42036.23141354457,0.0,5204.697356059589,17141.187648456056,20439.198931909214,16073.22994513802,8887.055641421948,17165.319290958985,14779.8859398991,16113.516633434774
2919,5.615,746.50578,746.51301,9.685028798157967,C43H74NO7P,CCCCCCCCCC=CCCCCC(=O)OC(COCCCC=CCC=CCC=CCC=CCC=CCC=CCC)COP(=O)(O)OCCN,[M-H]-,PE O-22:6_16:1,"PE O-22:6(4,7,10,13,16,19)_16:1(6)",0.5930000000000003,0.18800166666670748,0.07750533120675608,0.45305346475271474,Some,Some,,64992.546503337864,15701.55749726302,2693.58918128655,38674.738727978496,53295.03105590062,70340.7451923077,13655.401720714759,57820.9207194338,0.0,4497.651321970205,16232.969121140144,20047.343124165556,15372.84547928636,8381.60741885626,18469.361418082026,14895.444907508956,16338.304124252281
2984,5.682,797.53262,797.53381,1.4920997519404018,C44H79O10P,CCCCCC=CCC=CCC=CCCCCCCC(=O)OC(COC(=O)CCCCCCCCCC=CCCCCCC)COP(=O)(O)OCC(O)CO,[M-H]-,PG 18:1_20:3,"PG 18:1(11)_20:3(8,11,14)",0.8547500000000003,0.16695000000002835,0.029456968652131797,0.6622262717868963,All,Some,,0.0,0.0,0.0,0.0,0.0,484.25236191860466,0.0,265.26098739248266,0.0,0.0,860.7420946161764,0.0,0.0,0.0,0.0,0.0,0.0
2984,5.682,797.53262,797.53381,1.4920997519404018,C44H79O10P,CCCCCC=CCC=CCC=CCCCCCCC(=O)OC(COC(=O)CCCCCCCC=CCCCCCCCC)COP(=O)(O)OCC(O)CO,[M-H]-,PG 18:1_20:3,"PG 18:1(9)_20:3(8,11,14)",0.7410000000000005,0.07401000000002493,0.039275958202842395,0.6430403623825387,Some,Some,,0.0,0.0,0.0,0.0,0.0,0.0,0.0,50.46895251561211,0.0,0.0,138.95517620754518,0.0,0.0,0.0,0.0,0.0,0.0
2984,5.682,797.53262,797.53381,1.4920997519404018,C44H79O10P,CCCCCC=CCC=CCC=CCCCCCCC(=O)OC(COC(=O)CCCCC=CCCCCCCCCCCC)COP(=O)(O)OCC(O)CO,[M-H]-,PG 18:1_20:3,"PG 18:1(6)_20:3(8,11,14)",0.7559999999999999,0.10545000000001892,0.039275958202842395,0.631388362382543,Some,Some,,0.0,0.0,0.0,0.0,0.0,602.1666061046512,0.0,461.8746317897962,0.0,0.0,264.3326117045818,0.0,0.0,0.0,0.0,0.0,0.0
2984,5.682,797.53262,797.53381,1.4920997519404018,C44H79O10P,CCC=CCC=CCC=CCCCCCCCCCC(=O)OC(COC(=O)CCCCCCCCCC=CCCCCCC)COP(=O)(O)OCC(O)CO,[M-H]-,PG 18:1_20:3,"PG 18:1(11)_20:3(11,14,17)",0.6975000000000007,0.18380000000000507,0.11463196394816408,0.5838787675533442,All,Some,,0.0,0.0,0.0,0.0,0.0,484.25236191860466,0.0,214.79203487687053,0.0,0.0,860.7420946161764,0.0,0.0,0.0,0.0,0.0,0.0
2984,5.682,797.53262,797.53381,1.4920997519404018,C44H79O10P,CCCCCCCCC=CCC=CCC=CCCCC(=O)OC(COC(=O)CCCCCCCC=CCCCCCCCC)COP(=O)(O)OCC(O)CO,[M-H]-,PG 18:1_20:3,"PG 18:1(9)_20:3(5,8,11)",0.646500000000001,0.10111749999998665,0.0,0.5009560000000115,Some,None,,0.0,0.0,0.0,0.0,0.0,0.0,0.0,0.0,0.0,0.0,138.95517620754518,0.0,0.0,0.0,0.0,0.0,0.0
2984,5.682,797.53262,797.53381,1.4920997519404018,C44H79O10P,CCC=CCC=CCC=CCCCCCCCCCC(=O)OC(COC(=O)CCCCCCCC=CCCCCCCCC)COP(=O)(O)OCC(O)CO,[M-H]-,PG 18:1_20:3,"PG 18:1(9)_20:3(11,14,17)",0.6076666666666674,0.2377999999999929,0.1528426185975521,0.4942183567378032,Some,Some,,0.0,0.0,0.0,0.0,0.0,447.5381540697675,0.0,411.4056792741841,0.0,0.0,264.3326117045818,0.0,0.0,0.0,0.0,0.0,0.0
2984,5.682,797.53262,797.53381,1.4920997519404018,C44H79O10P,CCCCCCCCC=CCC=CCC=CCCCC(=O)OC(COC(=O)CCCCCCCCCC=CCCCCCC)COP(=O)(O)OCC(O)CO,[M-H]-,PG 18:1_20:3,"PG 18:1(11)_20:3(5,8,11)",0.7068571428571436,0.2011200000000112,0.0,0.47527542857142036,Some,None,,0.0,0.0,0.0,0.0,0.0,484.25236191860466,0.0,214.79203487687053,0.0,0.0,999.6972708237215,0.0,0.0,0.0,0.0,0.0,0.0
2984,5.682,797.53262,797.53381,1.4920997519404018,C44H79O10P,CCC=CCC=CCC=CCCCCCCCCCC(=O)OC(COC(=O)CCCCC=CCCCCCCCCCCC)COP(=O)(O)OCC(O)CO,[M-H]-,PG 18:1_20:3,"PG 18:1(6)_20:3(11,14,17)",0.5765714285714291,0.2336599999999862,0.1310079587979018,0.4498934486324088,Some,Some,,0.0,0.0,0.0,0.0,0.0,0.0,0.0,0.0,0.0,0.0,138.95517620754518,0.0,0.0,0.0,0.0,0.0,0.0
2984,5.682,797.53262,797.53381,1.4920997519404018,C44H79O10P,CCCCCCCCC=CCC=CCC=CCCCC(=O)OC(COC(=O)CCCCC=CCCCCCCCCCCC)COP(=O)(O)OCC(O)CO,[M-H]-,PG 18:1_20:3,"PG 18:1(6)_20:3(5,8,11)",0.6176000000000009,0.2792919999999867,0.0,0.3324064000000114,Some,None,,0.0,0.0,0.0,0.0,0.0,447.5381540697675,0.0,411.4056792741841,0.0,0.0,403.28778791212693,0.0,0.0,0.0,0.0,0.0,0.0
3003,5.687,881.51858,881.51855,0.03403218234936079,C47H79O13P,CCC=CCC=CCC=CCC=CCC=CCC=CCCC(=O)OC(COC(=O)CCCCCCCCCCCCCCC)COP(=O)(O)OC1C(O)C(O)C(O)C(O)C1O,[M-H]-,PI 16:0_22:6,"PI 16:0_22:6(4,7,10,13,16,19)",0.7892727272727277,0.2635436363635997,0.00836172962212336,0.5070361021144861,All,Some,,92900.0,245000.0,166000.0,85500.0,89800.0,95800.0,425000.0,98200.0,,166000.0,382000.0,450000.0,511000.0,285000.0,472000.0,468000.0,433000.0
3018,5.699,831.50358,831.5029,0.8177963060647827,C43H77O13P,CCCCCC=CCC=CCC=CCCCCC(=O)OC(COC(=O)CCCCCCCCCCCCCCC)COP(=O)(O)OC1C(O)C(O)C(O)C(O)C1O,[M-H]-,PI 16:0_18:3,"PI 16:0_18:3(6,9,12)",0.8106666666666662,0.0894766666666366,0.0,0.6580186666666903,All,None,,8302.822580645161,10259.57502623295,8720.0,0.0,22401.586582048956,32521.359223300966,12142.688452560757,15530.208921513271,,6014.29234905891,16003.777840428533,14734.721808985421,16457.156037365934,7238.7170241032445,12973.220673492046,19993.404161133247,12774.894387447193
3018,5.699,831.50358,831.5029,0.8177963060647827,C43H77O13P,CCC=CCC=CCC=CCCCCCCCC(=O)OC(COC(=O)CCCCCCCCCCCCCCC)COP(=O)(O)OC1C(O)C(O)C(O)C(O)C1O,[M-H]-,PI 16:0_18:3,"PI 16:0_18:3(9,12,15)",0.5096,0.09049399999989874,0.01822910445019426,0.40265099400525595,All,Some,,26597.177419354837,3240.4249737670516,0.0,21300.0,8698.413417951042,13078.64077669903,6657.3115474392425,20469.791078486727,,3555.70765094109,6196.22215957147,9565.278191014579,8542.843962634068,6461.2829758967555,9126.779326507956,6906.595838866754,12425.105612552805
3022,5.706,743.48727,743.48686,0.5514556101072601,C40H73O10P,CCCCCC=CCC=CCCCCCCCC(=O)OC(COC(=O)CCCCCCCC=CCCCCCC)COP(=O)(O)OCC(O)CO,[M-H]-,PG 16:1_18:2,"PG 16:1(9)_18:2(9,12)",0.5749999999999997,0.08017000000003804,0.0,0.45336399999996935,Some,None,,0.0,0.0,0.0,0.0,1914.481865284974,0.0,0.0,0.0,,0.0,0.0,0.0,0.0,0.0,0.0,0.0,0.0
3022,5.706,743.48727,743.48686,0.5514556101072601,C40H73O10P,CCCCCC=CCC=CCCCCCCCC(=O)OC(COC(=O)CCCCCC=CCCCCCCCC)COP(=O)(O)OCC(O)CO,[M-H]-,PG 16:1_18:2,"PG 16:1(7)_18:2(9,12)",0.7673333333333332,0.33295333333338323,0.0,0.4242373333332932,Some,None,,0.0,0.0,0.0,0.0,155.51813471502592,0.0,0.0,0.0,,0.0,0.0,0.0,0.0,0.0,0.0,0.0,0.0
3022,5.706,743.48727,743.48686,0.5514556101072601,C40H73O10P,CCCCCC=CCC=CCCCCCCCC(=O)OC(COC(=O)CCCCC=CCCCCCCCCC)COP(=O)(O)OCC(O)CO,[M-H]-,PG 16:1_18:2,"PG 16:1(6)_18:2(9,12)",0.6523999999999998,0.2693000000000666,0.0,0.3717199999999465,Some,None,,0.0,0.0,0.0,0.0,0.0,0.0,0.0,0.0,,0.0,0.0,0.0,0.0,0.0,0.0,0.0,0.0
3022,5.706,743.48727,743.48686,0.5514556101072601,C40H73O10P,CCCCCCCCC=CCC=CCCCCC(=O)OC(COC(=O)CCCCC=CCCCCCCCCC)COP(=O)(O)OCC(O)CO,[M-H]-,PG 16:1_18:2,"PG 16:1(6)_18:2(6,9)",0.6876666666666663,0.7653800000000311,0.0,0.0065959999999746595,All,None,,0.0,0.0,0.0,0.0,0.0,0.0,0.0,0.0,,0.0,0.0,0.0,0.0,0.0,0.0,0.0,0.0
3028,5.718,769.50208,769.50251,0.5588025957851948,C42H75O10P,CCCCCC=CCC=CCCCCCCCC(=O)OC(COC(=O)CCCCC=CCC=CCCCCCCCC)COP(=O)(O)OCC(O)CO,[M-H]-,PG 18:2_18:2,"PG 18:2(6,9)_18:2(9,12)",0.5331999999999997,0.27454599999998663,0.0,0.26024320000001044,Some,None,,,0.0,7369.829351535837,6750.0,6910.0,,8574.393624393624,,,7066.24,,,,0.0,15566.3082437276,11198.71589085072,11932.41673121611
3028,5.718,769.50208,769.50251,0.5588025957851948,C42H75O10P,CCCCCC=CCC=CCCCCCCCC(=O)OC(COC(=O)CCCCCCCC=CCC=CCCCCC)COP(=O)(O)OCC(O)CO,[M-H]-,PG 18:2_18:2,"PG 18:2(9,12)_18:2(9,12)",0.3380000000000001,0.06882499999994707,0.0,0.2491400000000424,Some,None,,,0.0,3210.9215017064853,6750.0,0.0,,5121.205821205822,,,2693.76,,,,0.0,5933.691756272403,4001.2841091492774,5795.507358636716
3028,5.718,769.50208,769.50251,0.5588025957851948,C42H75O10P,CCCCCCCCC=CCC=CCCCCC(=O)OC(COC(=O)CCCCC=CCC=CCCCCCCCC)COP(=O)(O)OCC(O)CO,[M-H]-,PG 18:2_18:2,"PG 18:2(6,9)_18:2(6,9)",0.6204999999999994,0.5570150000000069,0.0,0.1128379999999939,All,None,,,0.0,619.2491467576792,0.0,0.0,,2404.4005544005545,,,0.0,,,,0.0,0.0,0.0,3772.075910147173
3046,5.743,492.34533,492.34595,1.2592771404461969,C25H52NO6P,CCCCCCCCC=CCCCCCCCCCCOCC(O)COP(=O)(O)OCCN,[M-H]-,LPE O-20:1,LPE O-20:1(11),0.6219999999999999,0.07170000000002119,0.0,0.502439999999983,All,None,0.0,,,,,0.0,,0.0,0.0,,,0.0,,,,,0.0,0.0
3046,5.743,492.34533,492.34595,1.2592771404461969,C25H52NO6P,CCCCCCC=CCCCCCCCCCCCCOCC(O)COP(=O)(O)OCCN,[M-H]-,LPE O-20:1,LPE O-20:1(13),0.5349999999999993,0.5140949999999691,0.0,0.07022400000002402,All,None,0.0,,,,,0.0,,0.0,0.0,,,0.0,,,,,0.0,0.0
3077,5.759,907.53436,907.5342,0.17630189577108976,C49H81O13P,CCC=CCC=CCC=CCC=CCC=CCC=CCCC(=O)OC(COC(=O)CCCCC=CCCCCCCCCCCC)COP(=O)(O)OC1C(O)C(O)C(O)C(O)C1O,[M-H]-,PI 18:1_22:6,"PI 18:1(6)_22:6(4,7,10,13,16,19)",0.8358333333333338,0.18451166666664184,0.01521058420908978,0.6183301924548678,Some,Some,,61148.21503822768,93189.63068181819,51917.58127976808,67628.01804192094,67216.00411681463,76492.19648431083,163479.9286351472,63958.195605677625,,55967.2308246309,143744.07866325616,172994.80164158685,178549.9067294039,100403.59081134586,166473.85272145146,159096.6806983645,154482.56513026054
3077,5.759,907.53436,907.5342,0.17630189577108976,C49H81O13P,CCC=CCC=CCC=CCC=CCC=CCC=CCCC(=O)OC(COC(=O)CCCCCCCCCC=CCCCCCC)COP(=O)(O)OC1C(O)C(O)C(O)C(O)C1O,[M-H]-,PI 18:1_22:6,"PI 18:1(11)_22:6(4,7,10,13,16,19)",0.8604285714285717,0.22039214285712205,0.020685510731491524,0.6166889596583592,All,Some,,43925.892480886156,46529.829545454544,19791.20936011597,37185.990979039525,31391.997941592694,35753.90175784459,84760.0356824264,36520.902197161195,,24516.38458768455,83522.93791316479,87931.87414500685,102942.84043767575,55042.01795405673,92441.8356456777,93962.28693671932,81824.248496994
3077,5.759,907.53436,907.5342,0.17630189577108976,C49H81O13P,CCC=CCC=CCC=CCC=CCC=CCC=CCCC(=O)OC(COC(=O)CCCCCCCC=CCCCCCCCC)COP(=O)(O)OC1C(O)C(O)C(O)C(O)C1O,[M-H]-,PI 18:1_22:6,"PI 18:1(9)_22:6(4,7,10,13,16,19)",0.8253333333333338,0.18256166666663867,0.01521058420908978,0.6104401924548702,Some,Some,,43925.892480886156,43280.53977272727,19791.20936011597,37185.990979039525,31391.997941592694,35753.90175784459,84760.0356824264,36520.902197161195,,24516.38458768455,71732.98342357903,82073.32421340629,105507.25283292035,46554.3912345974,86084.31163287087,81941.03236491614,78693.18637274549
3118,5.79,717.4706,717.47121,0.8502083310792551,C38H71O10P,CCCCCCC=CCCCCCCCC(=O)OC(COC(=O)CCCCCCCC=CCCCCCC)COP(=O)(O)OCC(O)CO,[M-H]-,PG 16:1_16:1,PG 16:1(9)_16:1(9),0.5939999999999994,0.0634100000000899,0.0,0.4838719999999276,Some,None,,0.0,0.0,0.0,0.0,0.0,0.0,0.0,0.0,,0.0,0.0,0.0,0.0,0.0,0.0,0.0,0.0
3118,5.79,717.4706,717.47121,0.8502083310792551,C38H71O10P,CCCCCCC=CCCCCCCCC(=O)OC(COC(=O)CCCCCC=CCCCCCCCC)COP(=O)(O)OCC(O)CO,[M-H]-,PG 16:1_16:1,PG 16:1(7)_16:1(9),0.54,0.10816500000004226,0.0,0.39946799999996624,Some,None,,0.0,0.0,0.0,0.0,0.0,0.0,0.0,0.0,,0.0,0.0,0.0,0.0,0.0,0.0,0.0,0.0
3118,5.79,717.4706,717.47121,0.8502083310792551,C38H71O10P,CCCCCCCCC=CCCCCCC(=O)OC(COC(=O)CCCCCC=CCCCCCCCC)COP(=O)(O)OCC(O)CO,[M-H]-,PG 16:1_16:1,PG 16:1(7)_16:1(7),0.48600000000000065,0.15291999999999462,0.0,0.3150640000000049,Some,None,,0.0,0.0,0.0,0.0,0.0,0.0,0.0,0.0,,0.0,0.0,0.0,0.0,0.0,0.0,0.0,0.0
3118,5.79,717.4706,717.47121,0.8502083310792551,C38H71O10P,CCCCCCC=CCCCCCCCC(=O)OC(COC(=O)CCCCC=CCCCCCCCCC)COP(=O)(O)OCC(O)CO,[M-H]-,PG 16:1_16:1,PG 16:1(6)_16:1(9),0.591333333333333,0.6039933333333162,0.0,0.049005333333346744,Some,None,,0.0,0.0,0.0,0.0,0.0,0.0,0.0,0.0,,0.0,0.0,0.0,0.0,0.0,0.0,0.0,0.0
3152,5.816,771.5179,771.51816,0.33699790023347903,C42H77O10P,CCCCCCCCC=CCC=CCCCCC(=O)OC(COC(=O)CCCCCCCCCC=CCCCCCC)COP(=O)(O)OCC(O)CO,[M-H]-,PG 18:1_18:2,"PG 18:1(11)_18:2(6,9)",0.7655000000000003,0.09162499999993656,0.0,0.6156500000000511,Some,None,0.0,95000.0,2812.3683951589096,0.0,0.0,62697.64354463989,67000.0,6001.732478344021,,0.0,0.0,7390.078644888084,10916.327868852457,8656.93909893593,4023.247511899611,12000.880568299543,4791.624365482234,12707.932090175345
3152,5.816,771.5179,771.51816,0.33699790023347903,C42H77O10P,CCCCCC=CCC=CCCCCCCCC(=O)OC(COC(=O)CCCCCCCCCC=CCCCCCC)COP(=O)(O)OCC(O)CO,[M-H]-,PG 18:1_18:2,"PG 18:1(11)_18:2(9,12)",0.6659999999999998,0.04691666666663726,0.0,0.56186666666669,All,None,0.0,95000.0,8310.14464233002,7215.462868769075,27719.999999999996,31679.389312977095,0.0,10989.087636404545,,0.0,7337.614678899083,12376.588021778585,19559.803278688523,17768.80235453928,6689.755517092167,11454.721030042921,18857.36040609137,10064.18035068188
3152,5.816,771.5179,771.51816,0.33699790023347903,C42H77O10P,CCCCCC=CCC=CCCCCCCCC(=O)OC(COC(=O)CCCCCCCC=CCCCCCCCC)COP(=O)(O)OCC(O)CO,[M-H]-,PG 18:1_18:2,"PG 18:1(9)_18:2(9,12)",0.6239999999999993,0.019283333333305563,0.0,0.546173333333355,Some,None,0.0,0.0,2812.3683951589096,0.0,28419.999999999996,31018.254231662795,67000.0,6001.732478344021,,0.0,0.0,7390.078644888084,7034.22950819672,3612.633008829523,3511.986153180441,9665.073257362736,0.0,10395.769551906486
3152,5.816,771.5179,771.51816,0.33699790023347903,C42H77O10P,CCCCCCCCC=CCC=CCCCCC(=O)OC(COC(=O)CCCCCCCC=CCCCCCCCC)COP(=O)(O)OCC(O)CO,[M-H]-,PG 18:1_18:2,"PG 18:1(9)_18:2(6,9)",0.6799999999999997,0.13093999999989592,0.0,0.5072480000000831,Some,None,0.0,0.0,14042.605529863231,10369.074262461852,56140.0,9586.45867905742,0.0,17816.62729215885,,0.0,11124.770642201835,12376.588021778585,15677.704918032785,12724.496264432873,9484.53050627434,13995.338167825961,23185.27918781726,13084.33064291678
3152,5.816,771.5179,771.51816,0.33699790023347903,C42H77O10P,CCCCCCCCC=CCC=CCCCCC(=O)OC(COC(=O)CCCCC=CCCCCCCCCCCC)COP(=O)(O)OCC(O)CO,[M-H]-,PG 18:1_18:2,"PG 18:1(6)_18:2(6,9)",0.6339999999999998,0.1378633333332573,0.0,0.460309333333394,Some,None,0.0,0.0,2812.3683951589096,0.0,0.0,31018.254231662795,67000.0,6001.732478344021,,0.0,0.0,7390.078644888084,7034.22950819672,3612.633008829523,3511.986153180441,9665.073257362736,0.0,10395.769551906486
3152,5.816,771.5179,771.51816,0.33699790023347903,C42H77O10P,CCCCCC=CCC=CCCCCCCCC(=O)OC(COC(=O)CCCCC=CCCCCCCCCCCC)COP(=O)(O)OCC(O)CO,[M-H]-,PG 18:1_18:2,"PG 18:1(6)_18:2(9,12)",0.5873333333333326,0.22023166666665853,0.0,0.35241466666667254,All,None,0.0,0.0,8310.14464233002,7215.462868769075,27719.999999999996,0.0,0.0,10989.087636404545,,0.0,7337.614678899083,12376.588021778585,15677.704918032785,12724.496264432873,6178.494158372998,9118.913719106115,14065.736040609137,7752.017812413025
3154,5.819,855.50283,855.5029,0.08182321759161054,C45H77O13P,CCC=CCC=CCC=CCC=CCCCCCCC(=O)OC(COC(=O)CCCCCC=CCCCCCCCC)COP(=O)(O)OC1C(O)C(O)C(O)C(O)C1O,[M-H]-,PI 16:1_20:4,"PI 16:1(7)_20:4(8,11,14,17)",0.7422500000000001,0.12456124999997087,0.13017138869400185,0.6855302498246251,Some,Some,0.0,0.0,0.0,0.0,0.0,0.0,0.0,0.0,0.0,,0.0,0.0,0.0,0.0,0.0,0.0,0.0,0.0
3154,5.819,855.50283,855.5029,0.08182321759161054,C45H77O13P,CCC=CCC=CCC=CCC=CCCCCCCC(=O)OC(COC(=O)CCCCCCCC=CCCCCCC)COP(=O)(O)OC1C(O)C(O)C(O)C(O)C1O,[M-H]-,PI 16:1_20:4,"PI 16:1(9)_20:4(8,11,14,17)",0.6942222222222223,0.19356888888888887,0.21564638622902219,0.6640266364950089,All,Some,0.0,0.0,0.0,0.0,0.0,0.0,0.0,0.0,0.0,,0.0,0.0,0.0,0.0,0.0,0.0,0.0,0.0
3154,5.819,855.50283,855.5029,0.08182321759161054,C45H77O13P,CCCCCC=CCC=CCC=CCC=CCCCC(=O)OC(COC(=O)CCCCCCCC=CCCCCCC)COP(=O)(O)OC1C(O)C(O)C(O)C(O)C1O,[M-H]-,PI 16:1_20:4,"PI 16:1(9)_20:4(5,8,11,14)",0.7580000000000001,0.2688911111111136,0.16641017183451196,0.61685626576217,All,Some,0.0,0.0,0.0,0.0,0.0,0.0,0.0,0.0,0.0,,0.0,0.0,0.0,0.0,0.0,0.0,0.0,0.0
3154,5.819,855.50283,855.5029,0.08182321759161054,C45H77O13P,CCC=CCC=CCC=CCC=CCCCCCCC(=O)OC(COC(=O)CCCCC=CCCCCCCCCC)COP(=O)(O)OC1C(O)C(O)C(O)C(O)C1O,[M-H]-,PI 16:1_20:4,"PI 16:1(6)_20:4(8,11,14,17)",0.6519999999999999,0.2099330000000009,0.202886325197765,0.6014512926779878,All,Some,0.0,0.0,0.0,0.0,0.0,0.0,0.0,0.0,0.0,,0.0,0.0,0.0,0.0,0.0,0.0,0.0,0.0
3154,5.819,855.50283,855.5029,0.08182321759161054,C45H77O13P,CCCCCC=CCC=CCC=CCC=CCCCC(=O)OC(COC(=O)CCCCCC=CCCCCCCCC)COP(=O)(O)OC1C(O)C(O)C(O)C(O)C1O,[M-H]-,PI 16:1_20:4,"PI 16:1(7)_20:4(5,8,11,14)",0.8127500000000001,0.2766099999999767,0.06499324133552263,0.5686809172019891,Some,Some,0.0,0.0,0.0,0.0,0.0,0.0,0.0,0.0,0.0,,0.0,0.0,0.0,0.0,0.0,0.0,0.0,0.0
3154,5.819,855.50283,855.5029,0.08182321759161054,C45H77O13P,CCCCCC=CCC=CCC=CCC=CCCCC(=O)OC(COC(=O)CCCCC=CCCCCCCCCC)COP(=O)(O)OC1C(O)C(O)C(O)C(O)C1O,[M-H]-,PI 16:1_20:4,"PI 16:1(6)_20:4(5,8,11,14)",0.7093999999999999,0.27772300000000316,0.15857373224270582,0.5589979590184326,All,Some,0.0,0.0,0.0,0.0,0.0,0.0,0.0,0.0,0.0,,0.0,0.0,0.0,0.0,0.0,0.0,0.0,0.0
3155,5.822,797.53306,797.53381,0.9403990033213867,C44H79O10P,CCCCCC=CCC=CCC=CCCCCCCC(=O)OC(COC(=O)CCCCCCCC=CCCCCCCCC)COP(=O)(O)OCC(O)CO,[M-H]-,PG 18:1_20:3,"PG 18:1(9)_20:3(8,11,14)",0.8152000000000005,0.07814400000002024,0.0,0.6711647999999842,Some,None,0.0,2876.094478712201,0.0,0.0,4621.676339586988,2597.0055161544524,3826.0920306768917,4545.468247986989,4933.333333333334,0.0,0.0,2676.2351123938047,5933.222725438322,3731.5541643256543,0.0,5059.204937616139,3907.0110076206606,3848.6953432797263
3155,5.822,797.53306,797.53381,0.9403990033213867,C44H79O10P,CCCCCC=CCC=CCC=CCCCCCCC(=O)OC(COC(=O)CCCCC=CCCCCCCCCCCC)COP(=O)(O)OCC(O)CO,[M-H]-,PG 18:1_20:3,"PG 18:1(6)_20:3(8,11,14)",0.7830000000000004,0.10890249999999924,0.0,0.617578000000001,Some,None,0.0,0.0,0.0,0.0,833.7967337022537,971.3475177304964,0.0,1688.294791955892,938.6233844304177,0.0,0.0,390.25893256371694,1013.4792161786469,1267.2552639323649,0.0,964.0695513671355,1056.185436071126,1251.2949686753213
3155,5.822,797.53306,797.53381,0.9403990033213867,C44H79O10P,CCCCCCCCC=CCC=CCC=CCCCC(=O)OC(COC(=O)CCCCCCCC=CCCCCCCCC)COP(=O)(O)OCC(O)CO,[M-H]-,PG 18:1_20:3,"PG 18:1(9)_20:3(5,8,11)",0.6925000000000003,0.10089749999997366,0.0,0.5425320000000213,Some,None,0.0,1934.526854219949,0.0,0.0,1701.2822243217704,1941.0086682427109,1221.7239079693231,0.0,938.6233844304177,0.0,0.0,0.0,0.0,244.23308451721647,0.0,0.0,417.3581710414902,510.55673964993866
3155,5.822,797.53306,797.53381,0.9403990033213867,C44H79O10P,CCC=CCC=CCC=CCCCCCCCCCC(=O)OC(COC(=O)CCCCCCCCCC=CCCCCCC)COP(=O)(O)OCC(O)CO,[M-H]-,PG 18:1_20:3,"PG 18:1(11)_20:3(11,14,17)",0.7111428571428576,0.20279000000000127,0.06377402420624521,0.5351931932141916,All,Some,0.0,2876.094478712201,0.0,0.0,3787.8796058847342,1625.6579984239559,3826.0920306768917,4545.468247986989,3994.7099489029156,0.0,0.0,2676.2351123938047,5933.222725438322,3731.5541643256543,0.0,5059.204937616139,3907.0110076206606,3599.7545695278695
3155,5.822,797.53306,797.53381,0.9403990033213867,C44H79O10P,CCC=CCC=CCC=CCCCCCCCCCC(=O)OC(COC(=O)CCCCC=CCCCCCCCCCCC)COP(=O)(O)OCC(O)CO,[M-H]-,PG 18:1_20:3,"PG 18:1(6)_20:3(11,14,17)",0.7293333333333338,0.23604833333331499,0.07440302824061941,0.5345240587499059,Some,Some,0.0,0.0,0.0,0.0,0.0,0.0,0.0,1688.294791955892,0.0,0.0,0.0,390.25893256371694,857.7911304425811,1267.2552639323649,0.0,964.0695513671355,1056.185436071126,1002.3541949234644
3155,5.822,797.53306,797.53381,0.9403990033213867,C44H79O10P,CCCCCC=CCC=CCC=CCCCCCCC(=O)OC(COC(=O)CCCCCCCCCC=CCCCCCC)COP(=O)(O)OCC(O)CO,[M-H]-,PG 18:1_20:3,"PG 18:1(11)_20:3(8,11,14)",0.782666666666667,0.21790166666668634,0.0,0.5300786666666512,All,None,0.0,818.5948548217242,0.0,0.0,867.4854906195166,969.6611505122144,0.0,0.0,0.0,0.0,0.0,0.0,0.0,244.23308451721647,0.0,0.0,417.3581710414902,261.6159658980818
3155,5.822,797.53306,797.53381,0.9403990033213867,C44H79O10P,CCC=CCC=CCC=CCCCCCCCCCC(=O)OC(COC(=O)CCCCCCCC=CCCCCCCCC)COP(=O)(O)OCC(O)CO,[M-H]-,PG 18:1_20:3,"PG 18:1(9)_20:3(11,14,17)",0.7170000000000005,0.23067833333332524,0.07440302824061941,0.5277200587498977,Some,Some,0.0,2876.094478712201,0.0,0.0,3787.8796058847342,1625.6579984239559,3826.0920306768917,5076.4269564872475,3994.7099489029156,0.0,0.0,3066.4940449575224,6791.013855880903,3825.8875779222512,0.0,5557.286965755243,3907.0110076206606,4054.540463734418
3155,5.822,797.53306,797.53381,0.9403990033213867,C44H79O10P,CCCCCCCCC=CCC=CCC=CCCCC(=O)OC(COC(=O)CCCCC=CCCCCCCCCCCC)COP(=O)(O)OCC(O)CO,[M-H]-,PG 18:1_20:3,"PG 18:1(6)_20:3(5,8,11)",0.7825000000000002,0.29389000000000465,0.0,0.4691379999999965,Some,None,0.0,0.0,0.0,0.0,0.0,0.0,0.0,928.023481813494,0.0,0.0,0.0,390.25893256371694,1013.4792161786469,771.8971560050297,0.0,498.08202813910276,407.2607959356478,454.7858942065491
3155,5.822,797.53306,797.53381,0.9403990033213867,C44H79O10P,CCCCCCCCC=CCC=CCC=CCCCC(=O)OC(COC(=O)CCCCCCCCCC=CCCCCCC)COP(=O)(O)OCC(O)CO,[M-H]-,PG 18:1_20:3,"PG 18:1(11)_20:3(5,8,11)",0.6923333333333336,0.23321000000000444,0.0,0.43653199999999676,Some,None,0.0,818.5948548217242,0.0,0.0,0.0,969.6611505122144,0.0,928.023481813494,0.0,0.0,0.0,390.25893256371694,857.7911304425811,1016.1302405222461,0.0,498.08202813910276,824.6189669771379,716.4018601046309
3164,5.831,831.50242,831.5029,0.5772679805746738,C43H77O13P,CCCCCC=CCC=CCC=CCCCCC(=O)OC(COC(=O)CCCCCCCCCCCCCCC)COP(=O)(O)OC1C(O)C(O)C(O)C(O)C1O,[M-H]-,PI 16:0_18:3,"PI 16:0_18:3(6,9,12)",0.8273333333333331,0.09024999999998802,0.0,0.6724000000000094,All,None,,0.0,0.0,0.0,0.0,0.0,0.0,0.0,780.935960591133,,0.0,0.0,0.0,0.0,0.0,0.0,0.0,0.0
3164,5.831,831.50242,831.5029,0.5772679805746738,C43H77O13P,CCC=CCC=CCC=CCCCCCCCC(=O)OC(COC(=O)CCCCCCCCCCCCCCC)COP(=O)(O)OC1C(O)C(O)C(O)C(O)C1O,[M-H]-,PI 16:0_18:3,"PI 16:0_18:3(9,12,15)",0.5903333333333336,0.08542333333326724,0.05259945203855313,0.5103008401680843,All,Some,,0.0,0.0,0.0,0.0,0.0,0.0,0.0,1709.064039408867,,0.0,0.0,0.0,0.0,0.0,0.0,0.0,0.0
3171,5.84,807.50319,807.5029,0.3591318372523842,C41H77O13P,CCCCCCCCC=CCCCCCC(=O)OC(COC(=O)CCCCCCCCCCCCCCC)COP(=O)(O)OC1C(O)C(O)C(O)C(O)C1O,[M-H]-,PI 16:0_16:1,PI 16:0_16:1(7),0.8840000000000003,0.084699999999998,0.0,0.7278400000000019,All,None,,22831.68124392614,30013.565650280023,14700.0,,15723.51615326822,14192.617449664429,33273.04638529043,16569.44680851064,,19127.615457115928,34434.632034632035,48062.1359223301,37498.023715415016,24410.876132930516,37202.127659574464,57800.0,28688.524590163932
3171,5.84,807.50319,807.5029,0.3591318372523842,C41H77O13P,CCCCCCCCCC=CCCCCC(=O)OC(COC(=O)CCCCCCCCCCCCCCC)COP(=O)(O)OC1C(O)C(O)C(O)C(O)C1O,[M-H]-,PI 16:0_16:1,PI 16:0_16:1(6),0.8500000000000005,0.11147000000005391,0.0,0.6758239999999573,All,None,,0.0,0.0,0.0,,7501.126972201352,9885.738255033555,0.0,0.0,,3272.384542884072,0.0,0.0,0.0,0.0,0.0,0.0,0.0
3171,5.84,807.50319,807.5029,0.3591318372523842,C41H77O13P,CCCCCCC=CCCCCCCCC(=O)OC(COC(=O)CCCCCCCCCCCCCCC)COP(=O)(O)OC1C(O)C(O)C(O)C(O)C1O,[M-H]-,PI 16:0_16:1,PI 16:0_16:1(9),0.5889999999999995,0.08185499999996182,0.0,0.46461600000003017,All,None,,13368.318756073857,4886.434349719974,0.0,,8775.35687453043,15821.644295302012,8326.95361470957,21530.55319148936,,0.0,14365.367965367965,6537.864077669902,20801.97628458498,15589.123867069486,16597.87234042553,0.0,23811.475409836065
3187,5.864,691.45527,691.45556,0.4194051168667172,C36H69O10P,CCCCCCC=CCCCCCCCC(=O)OC(COC(=O)CCCCCCCCCCCCC)COP(=O)(O)OCC(O)CO,[M-H]-,PG 14:0_16:1,PG 14:0_16:1(9),0.47799999999999976,0.5083499999999503,0.0,0.02352000000003951,All,None,,,0.0,0.0,,,0.0,0.0,0.0,,0.0,0.0,0.0,0.0,0.0,0.0,0.0,0.0
3215,5.882,859.52451,859.5342,11.273547928740308,C45H81O13P,CCCCCCCCC=CCC=CCCCCC(=O)OC(COC(=O)CCCCCCCC=CCCCCCCCC)COP(=O)(O)OC1C(O)C(O)C(O)C(O)C1O,[M-H]-,PI 18:1_18:2,"PI 18:1(9)_18:2(6,9)",0.8359999999999994,0.21889999999996235,0.35188166046132374,0.893973494415221,Some,Some,,12735.600340785566,20359.971202303816,19548.242532424374,0.0,0.0,11892.50158027813,30821.074695121948,11403.085310894707,,16950.399514041397,26946.148346065558,34623.461913181534,40406.805281799716,24294.52582883578,35922.723876614364,0.0,31641.893772146264
3215,5.882,859.52451,859.5342,11.273547928740308,C45H81O13P,CCCCCCCCC=CCC=CCCCCC(=O)OC(COC(=O)CCCCC=CCCCCCCCCCCC)COP(=O)(O)OC1C(O)C(O)C(O)C(O)C1O,[M-H]-,PI 18:1_18:2,"PI 18:1(6)_18:2(6,9)",0.885333333333333,0.15763000000000224,0.23458777364088249,0.8818249962767921,Some,Some,,1046.5994888216458,18651.1879049676,21758.417044871916,0.0,0.0,2774.454804045512,27481.58028455284,1230.2480224386247,,17170.249053782532,26613.47984796598,32773.06679175838,39754.28664582005,33927.833461835005,36759.52609670189,0.0,31895.57167504592
3215,5.882,859.52451,859.5342,11.273547928740308,C45H81O13P,CCCCCC=CCC=CCCCCCCCC(=O)OC(COC(=O)CCCCCCCCCC=CCCCCCC)COP(=O)(O)OC1C(O)C(O)C(O)C(O)C1O,[M-H]-,PI 18:1_18:2,"PI 18:1(11)_18:2(9,12)",0.9395999999999993,0.06440400000003592,0.0,0.7941167999999708,All,Some,,12735.600340785566,18014.938804895606,19548.242532424374,0.0,0.0,11323.957016434892,25735.581808943083,11403.085310894709,,16950.399514041397,23696.2330184774,25853.57052646772,28631.311409813716,17914.57208943716,26568.470487778846,0.0,26105.226054208484
3215,5.882,859.52451,859.5342,11.273547928740308,C45H81O13P,CCCCCCCCC=CCC=CCCCCC(=O)OC(COC(=O)CCCCCCCCCC=CCCCCCC)COP(=O)(O)OC1C(O)C(O)C(O)C(O)C1O,[M-H]-,PI 18:1_18:2,"PI 18:1(11)_18:2(6,9)",0.861666666666666,0.11300666666668728,0.11729388682044124,0.7906591648050467,All,Some,,1046.5994888216458,18269.438444924403,22983.66912895691,0.0,0.0,2205.9102402022754,25573.742378048773,1230.2480224386247,,18295.87869725714,24991.08117261882,27758.813553206073,32181.78045852661,29766.075558982262,29389.689401216772,0.0,27706.93653414467
3215,5.882,859.52451,859.5342,11.273547928740308,C45H81O13P,CCCCCC=CCC=CCCCCCCCC(=O)OC(COC(=O)CCCCCCCC=CCCCCCCCC)COP(=O)(O)OC1C(O)C(O)C(O)C(O)C1O,[M-H]-,PI 18:1_18:2,"PI 18:1(9)_18:2(9,12)",0.9335,0.08645500000002926,0.0,0.7709859999999766,Some,None,,11578.894797144449,7689.52483801296,6609.065532367406,0.0,0.0,10495.14064475348,12944.042174796748,10348.416375153634,,6617.47114620812,11566.62778007752,11968.390286147294,11495.843027994724,2725.212027756361,11625.573700501654,0.0,12211.936255867022
3215,5.882,859.52451,859.5342,11.273547928740308,C45H81O13P,CCCCCC=CCC=CCCCCCCCC(=O)OC(COC(=O)CCCCC=CCCCCCCCCCCC)COP(=O)(O)OC1C(O)C(O)C(O)C(O)C1O,[M-H]-,PI 18:1_18:2,"PI 18:1(6)_18:2(9,12)",0.7850000000000001,0.2665875000000142,0.0,0.49322999999998884,All,Some,,1156.7055436411174,18014.938804895606,22552.363228955015,0.0,0.0,1808.0357142857142,24443.978658536584,2284.916958179698,,18115.60207466941,22186.429834794715,27022.69692923898,32529.973176045165,28371.781033153427,27734.016437186463,0.0,29438.435708587647
3234,5.888,857.51843,857.51855,0.13993866376195552,C45H79O13P,CCC=CCC=CCC=CCC=CCCCCCCC(=O)OC(COC(=O)CCCCCCCCCCCCCCC)COP(=O)(O)OC1C(O)C(O)C(O)C(O)C1O,[M-H]-,PI 16:0_20:4,"PI 16:0_20:4(8,11,14,17)",0.8179999999999998,0.07575285714286954,0.0,0.6755977142857043,All,None,,398921.3243905035,607554.7602004295,672964.3363900125,324740.22543149,346837.92620270903,394680.5174441396,912457.5357930929,354258.26193390455,,564713.2944768249,879539.904202928,973718.5676201455,1149042.0517388561,859310.1295458094,962335.7664233577,940278.8446932709,944766.0087320358
3234,5.888,857.51843,857.51855,0.13993866376195552,C45H79O13P,CCCCCC=CCC=CCC=CCC=CCCCC(=O)OC(COC(=O)CCCCCCCCCCCCCCC)COP(=O)(O)OC1C(O)C(O)C(O)C(O)C1O,[M-H]-,PI 16:0_20:4,"PI 16:0_20:4(5,8,11,14)",0.9077499999999998,0.4104412500000194,0.0594195429152079,0.5420995886236715,All,Some,,83078.67560949642,165445.23979957053,184035.6636099875,122259.77456851004,81162.073797291,100319.48255586045,247542.46420690717,123741.73806609547,,156286.70552317516,260460.09579707214,306281.43237985444,330957.9482611438,250689.87045419076,357664.2335766423,369721.15530672914,345233.9912679643
3275,5.912,833.51865,833.51855,0.1199733346965079,C43H79O13P,CCCCCCCCC=CCC=CCCCCC(=O)OC(COC(=O)CCCCCCCCCCCCCCC)COP(=O)(O)OC1C(O)C(O)C(O)C(O)C1O,[M-H]-,PI 16:0_18:2,"PI 16:0_18:2(6,9)",0.8766666666666669,0.12780333333334207,0.0,0.6867573333333267,All,None,,216964.04275996113,191777.22464219044,122000.0,,206019.6270853778,167393.30855018587,189552.3775473722,133077.44680851063,,48779.09738717341,172770.79107505074,346116.27906976745,191858.6088939567,160165.03352243427,221968.08510638296,392000.0,147095.56527170519
3275,5.912,833.51865,833.51855,0.1199733346965079,C43H79O13P,CCCCCC=CCC=CCCCCCCCC(=O)OC(COC(=O)CCCCCCCCCCCCCCC)COP(=O)(O)OC1C(O)C(O)C(O)C(O)C1O,[M-H]-,PI 16:0_18:2,"PI 16:0_18:2(9,12)",0.5905,0.11391249999996944,0.021758307159051006,0.4599024764431704,All,Some,,127035.95724003886,31222.775357809584,0.0,,114980.37291462219,186606.69144981413,87447.62245262781,172922.55319148937,,87220.90261282661,139229.2089249493,93883.72093023254,184141.39110604336,79834.96647756576,99031.91489361702,0.0,166904.43472829481
3314,5.941,771.5199,771.51816,2.2552936408401703,C42H77O10P,CCCCCC=CCC=CCCCCCCCC(=O)OC(COC(=O)CCCCCCCC=CCCCCCCCC)COP(=O)(O)OCC(O)CO,[M-H]-,PG 18:1_18:2,"PG 18:1(9)_18:2(9,12)",0.7746666666666661,0.05133666666669493,0.0,0.6561306666666434,Some,None,0.0,,0.0,0.0,0.0,0.0,0.0,0.0,,0.0,0.0,283.54698430705236,0.0,0.0,0.0,0.0,0.0,0.0
3314,5.941,771.5199,771.51816,2.2552936408401703,C42H77O10P,CCCCCC=CCC=CCCCCCCCC(=O)OC(COC(=O)CCCCCCCCCC=CCCCCCC)COP(=O)(O)OCC(O)CO,[M-H]-,PG 18:1_18:2,"PG 18:1(11)_18:2(9,12)",0.7353333333333328,0.04783833333334542,0.0,0.6235293333333233,All,None,0.0,,0.0,0.0,0.0,0.0,0.0,0.0,,0.0,0.0,323.11968235961433,0.0,0.0,0.0,0.0,0.0,0.0
3314,5.941,771.5199,771.51816,2.2552936408401703,C42H77O10P,CCCCCCCCC=CCC=CCCCCC(=O)OC(COC(=O)CCCCCCCCCC=CCCCCCC)COP(=O)(O)OCC(O)CO,[M-H]-,PG 18:1_18:2,"PG 18:1(11)_18:2(6,9)",0.6783999999999999,0.06983399999996891,0.0,0.5546928000000249,Some,None,0.0,,0.0,0.0,0.0,0.0,0.0,0.0,,0.0,0.0,283.54698430705236,0.0,0.0,0.0,0.0,0.0,0.0
3314,5.941,771.5199,771.51816,2.2552936408401703,C42H77O10P,CCCCCCCCC=CCC=CCCCCC(=O)OC(COC(=O)CCCCC=CCCCCCCCCCCC)COP(=O)(O)OCC(O)CO,[M-H]-,PG 18:1_18:2,"PG 18:1(6)_18:2(6,9)",0.6889999999999996,0.11871999999996774,0.0,0.5251240000000255,Some,None,0.0,,0.0,0.0,0.0,0.0,0.0,0.0,,0.0,0.0,323.11968235961433,0.0,0.0,0.0,0.0,0.0,0.0
3314,5.941,771.5199,771.51816,2.2552936408401703,C42H77O10P,CCCCCC=CCC=CCCCCCCCC(=O)OC(COC(=O)CCCCC=CCCCCCCCCCCC)COP(=O)(O)OCC(O)CO,[M-H]-,PG 18:1_18:2,"PG 18:1(6)_18:2(9,12)",0.7856666666666658,0.2345900000000256,0.0,0.5194279999999788,All,None,0.0,,0.0,0.0,0.0,0.0,0.0,0.0,,0.0,0.0,283.54698430705236,0.0,0.0,0.0,0.0,0.0,0.0
3314,5.941,771.5199,771.51816,2.2552936408401703,C42H77O10P,CCCCCCCCC=CCC=CCCCCC(=O)OC(COC(=O)CCCCCCCC=CCCCCCCCC)COP(=O)(O)OCC(O)CO,[M-H]-,PG 18:1_18:2,"PG 18:1(9)_18:2(6,9)",0.6799999999999997,0.1289399999999432,0.0,0.5088480000000452,Some,None,0.0,,0.0,0.0,0.0,0.0,0.0,0.0,,0.0,0.0,323.11968235961433,0.0,0.0,0.0,0.0,0.0,0.0
3381,5.97,883.53402,883.5342,0.20372725809628084,C47H81O13P,CCC=CCC=CCC=CCC=CCCCCCCC(=O)OC(COC(=O)CCCCCCCC=CCCCCCCCC)COP(=O)(O)OC1C(O)C(O)C(O)C(O)C1O,[M-H]-,PI 18:1_20:4,"PI 18:1(9)_20:4(8,11,14,17)",0.9330000000000002,0.06055333333326492,0.04419750241329918,0.8310350855053574,Some,Some,,253778.67269558663,348188.91244530655,299863.6279108209,259815.34500743504,233827.84848256645,246041.56873965383,535337.8809771833,237470.31089368643,,298939.61077743093,521972.803260282,579613.9602267698,650072.2302478054,435665.49883762805,575604.1340322568,570041.0868011841,532978.0736308191
3381,5.97,883.53402,883.5342,0.20372725809628084,C47H81O13P,CCC=CCC=CCC=CCC=CCCCCCCC(=O)OC(COC(=O)CCCCC=CCCCCCCCCCCC)COP(=O)(O)OC1C(O)C(O)C(O)C(O)C1O,[M-H]-,PI 18:1_20:4,"PI 18:1(6)_20:4(8,11,14,17)",0.9644999999999999,0.09890874999990729,0.02495391632985386,0.8113815246969426,Some,Some,,249920.39941594834,321082.5928097794,283894.1463313842,251332.7562864816,225499.53560760093,278980.1966033803,508560.77153130143,236094.86334148675,,277765.40719622275,504445.4609722627,521507.2647402722,616605.5487646775,391518.61432173144,521317.74465962494,569350.3521725816,521099.5936938452
3381,5.97,883.53402,883.5342,0.20372725809628084,C47H81O13P,CCC=CCC=CCC=CCC=CCCCCCCC(=O)OC(COC(=O)CCCCCCCCCC=CCCCCCC)COP(=O)(O)OC1C(O)C(O)C(O)C(O)C1O,[M-H]-,PI 18:1_20:4,"PI 18:1(11)_20:4(8,11,14,17)",0.942,0.0841044444443671,0.02444517623758718,0.8025171030583348,All,Some,,215943.66727897886,286113.9428932293,256937.41347604184,220705.99462902543,197021.6130732736,208408.98407962234,456423.938976444,202020.631713283,,250076.06405156577,430168.0043248639,494135.98736647924,555330.2218765047,372657.7387773812,493010.5626099361,484809.3674504067,451597.3408634227
3381,5.97,883.53402,883.5342,0.20372725809628084,C47H81O13P,CCCCCC=CCC=CCC=CCC=CCCCC(=O)OC(COC(=O)CCCCCCCC=CCCCCCCCC)COP(=O)(O)OC1C(O)C(O)C(O)C(O)C1O,[M-H]-,PI 18:1_20:4,"PI 18:1(9)_20:4(5,8,11,14)",0.9405714285714281,0.1995385714285151,0.06791452249551619,0.7480064988174376,Some,Some,,190550.84546182465,228232.21615769767,212221.31537078746,193469.3832256919,170073.6752265482,220035.96901759622,383294.4655398367,182494.94842071677,,203071.6354334524,371494.15727533586,391654.05022663006,468533.54076378857,286782.03071281227,393774.4484602392,433670.3358399401,396817.7110534748
3381,5.97,883.53402,883.5342,0.20372725809628084,C47H81O13P,CCCCCC=CCC=CCC=CCC=CCCCC(=O)OC(COC(=O)CCCCC=CCCCCCCCCCCC)COP(=O)(O)OC1C(O)C(O)C(O)C(O)C1O,[M-H]-,PI 18:1_20:4,"PI 18:1(6)_20:4(5,8,11,14)",0.9642499999999996,0.2165912499999223,0.05123099670345613,0.7406598970331724,Some,Some,,210859.12109650983,291055.97906987235,270652.1065355291,217690.9248285505,192316.18846800714,200855.49038441892,467405.49077589967,196603.92073451733,,262497.6053909692,439893.5418139477,506964.2283164156,570378.1901692781,384333.5188762647,515175.8538911887,494060.2776549049,471076.13593109616
3381,5.97,883.53402,883.5342,0.20372725809628084,C47H81O13P,CCCCCC=CCC=CCC=CCC=CCCCC(=O)OC(COC(=O)CCCCCCCCCC=CCCCCCC)COP(=O)(O)OC1C(O)C(O)C(O)C(O)C1O,[M-H]-,PI 18:1_20:4,"PI 18:1(11)_20:4(5,8,11,14)",0.9347499999999995,0.19473124999994695,0.05377790364088785,0.7338901132768411,All,Some,,148947.2940511516,185326.35662411473,176431.3903754365,156985.59602281556,131261.13914200367,165677.79117532854,308977.4521993346,145315.32489630964,,167649.67715035894,302026.03235330817,316124.50912343303,389080.26817794563,239042.59847418225,331117.2563467547,348068.5800809827,326431.14482734207
3420,5.975,797.53336,797.53381,0.5642394019643224,C44H79O10P,CCC=CCC=CCC=CCCCCCCCCCC(=O)OC(COC(=O)CCCCCCCC=CCCCCCCCC)COP(=O)(O)OCC(O)CO,[M-H]-,PG 18:1_20:3,"PG 18:1(9)_20:3(11,14,17)",0.8687999999999996,0.08850600000000668,0.12582863685093887,0.8243609731658392,Some,Some,0.0,1291.5918367346937,0.0,0.0,0.0,0.0,0.0,0.0,0.0,,0.0,0.0,0.0,591.3498368988774,0.0,608.2372261807009,0.0,0.0
3420,5.975,797.53336,797.53381,0.5642394019643224,C44H79O10P,CCC=CCC=CCC=CCCCCCCCCCC(=O)OC(COC(=O)CCCCCCCCCC=CCCCCCC)COP(=O)(O)OCC(O)CO,[M-H]-,PG 18:1_20:3,"PG 18:1(11)_20:3(11,14,17)",0.8671428571428569,0.07659857142855994,0.08987759775067063,0.800039552261327,Some,Some,0.0,2332.04081632653,0.0,0.0,0.0,0.0,0.0,0.0,0.0,,0.0,0.0,0.0,942.1377253897416,0.0,1005.2213069160068,0.0,0.0
3420,5.975,797.53336,797.53381,0.5642394019643224,C44H79O10P,CCC=CCC=CCC=CCCCCCCCCCC(=O)OC(COC(=O)CCCCC=CCCCCCCCCCCC)COP(=O)(O)OCC(O)CO,[M-H]-,PG 18:1_20:3,"PG 18:1(6)_20:3(11,14,17)",0.8256666666666662,0.1030316666666522,0.1048571973757824,0.7550461443048819,Some,Some,0.0,2583.1836734693875,0.0,0.0,0.0,0.0,0.0,0.0,0.0,,0.0,0.0,0.0,960.9197702575597,0.0,1157.722829973777,0.0,0.0
3420,5.975,797.53336,797.53381,0.5642394019643224,C44H79O10P,CCCCCC=CCC=CCC=CCCCCCCC(=O)OC(COC(=O)CCCCCCCC=CCCCCCCCC)COP(=O)(O)OCC(O)CO,[M-H]-,PG 18:1_20:3,"PG 18:1(9)_20:3(8,11,14)",0.807666666666667,0.05866666666670047,0.0,0.67996666666664,Some,None,0.0,0.0,0.0,0.0,0.0,0.0,0.0,0.0,0.0,,0.0,0.0,0.0,171.1252976845644,0.0,67.34325748947104,0.0,0.0
3420,5.975,797.53336,797.53381,0.5642394019643224,C44H79O10P,CCCCCCCCC=CCC=CCC=CCCCC(=O)OC(COC(=O)CCCCCCCC=CCCCCCCCC)COP(=O)(O)OCC(O)CO,[M-H]-,PG 18:1_20:3,"PG 18:1(9)_20:3(5,8,11)",0.9365000000000006,0.28426250000006803,0.0,0.615439999999946,Some,None,0.0,0.0,0.0,0.0,0.0,0.0,0.0,0.0,0.0,,0.0,0.0,0.0,375.83061498128836,0.0,297.54853918893866,0.0,0.0
3420,5.975,797.53336,797.53381,0.5642394019643224,C44H79O10P,CCCCCC=CCC=CCC=CCCCCCCC(=O)OC(COC(=O)CCCCCCCCCC=CCCCCCC)COP(=O)(O)OCC(O)CO,[M-H]-,PG 18:1_20:3,"PG 18:1(11)_20:3(8,11,14)",0.7395,0.07125499999999363,0.0,0.6085460000000051,All,None,0.0,1291.5918367346937,0.0,0.0,0.0,0.0,0.0,0.0,0.0,,0.0,0.0,0.0,540.6952310432468,0.0,532.555028739438,0.0,0.0
3420,5.975,797.53336,797.53381,0.5642394019643224,C44H79O10P,CCCCCCCCC=CCC=CCC=CCCCC(=O)OC(COC(=O)CCCCC=CCCCCCCCCCCC)COP(=O)(O)OCC(O)CO,[M-H]-,PG 18:1_20:3,"PG 18:1(6)_20:3(5,8,11)",0.8860000000000003,0.2560980000000427,0.0,0.5925215999999661,Some,None,0.0,0.0,0.0,0.0,0.0,0.0,0.0,0.0,0.0,,0.0,0.0,0.0,191.89937761412077,0.0,169.30575053638123,0.0,0.0
3420,5.975,797.53336,797.53381,0.5642394019643224,C44H79O10P,CCCCCC=CCC=CCC=CCCCCCCC(=O)OC(COC(=O)CCCCC=CCCCCCCCCCCC)COP(=O)(O)OCC(O)CO,[M-H]-,PG 18:1_20:3,"PG 18:1(6)_20:3(8,11,14)",0.7333333333333334,0.09005833333333157,0.0,0.5879533333333348,Some,None,0.0,0.0,0.0,0.0,0.0,0.0,0.0,0.0,0.0,,0.0,0.0,0.0,375.83061498128836,0.0,297.54853918893866,0.0,0.0
3420,5.975,797.53336,797.53381,0.5642394019643224,C44H79O10P,CCCCCCCCC=CCC=CCC=CCCCC(=O)OC(COC(=O)CCCCCCCCCC=CCCCCCC)COP(=O)(O)OCC(O)CO,[M-H]-,PG 18:1_20:3,"PG 18:1(11)_20:3(5,8,11)",0.7132500000000004,0.2776875000000274,0.0,0.4197749999999784,All,None,0.0,1291.5918367346937,0.0,0.0,0.0,0.0,0.0,0.0,0.0,,0.0,0.0,0.0,590.2115311493127,0.0,634.5175217863481,0.0,0.0
3412,5.975,881.51861,881.51855,0.06806436456975455,C47H79O13P,CCC=CCC=CCC=CCC=CCC=CCC=CCCC(=O)OC(COC(=O)CCCCCCCCCCCCCCC)COP(=O)(O)OC1C(O)C(O)C(O)C(O)C1O,[M-H]-,PI 16:0_22:6,"PI 16:0_22:6(4,7,10,13,16,19)",0.8585454545454548,0.25480181818182823,0.04269805125690311,0.6072777006766595,All,Some,,0.0,0.0,0.0,0.0,0.0,0.0,0.0,0.0,,0.0,0.0,0.0,0.0,0.0,8250.0,0.0,0.0
3474,5.996,909.55055,909.54985,0.7696114732487277,C49H83O13P,CCC=CCC=CCC=CCC=CCC=CCCCCCC(=O)OC(COC(=O)CCCCC=CCCCCCCCCCCC)COP(=O)(O)OC1C(O)C(O)C(O)C(O)C1O,[M-H]-,PI 18:1_22:5,"PI 18:1(6)_22:5(7,10,13,16,19)",0.8632499999999996,0.0926362499999982,0.025223105859214064,0.7255167952732938,Some,Some,,22386.45732103297,24369.088848684867,15556.664218491882,21154.099364617618,17207.95373603439,20938.30063741568,40262.918051199405,19379.85391892241,,17977.991600659185,36680.08981830782,41901.970653635166,47238.84682943015,25556.227352760554,39797.64369515922,40172.55503030712,35171.63462520687
3474,5.996,909.55055,909.54985,0.7696114732487277,C49H83O13P,CCC=CCC=CCC=CCC=CCC=CCCCCCC(=O)OC(COC(=O)CCCCCCCC=CCCCCCCCC)COP(=O)(O)OC1C(O)C(O)C(O)C(O)C1O,[M-H]-,PI 18:1_22:5,"PI 18:1(9)_22:5(7,10,13,16,19)",0.8359999999999997,0.08369199999999637,0.04135503156859927,0.722665928411742,Some,Some,,743.2514588639515,667.3595896538699,123.64341341732118,357.7126234402511,198.89918858742487,699.6658209047589,1498.9667334793892,985.8519527780411,,442.28618651562664,1420.6288456154844,1574.5180616702664,1874.262857390181,601.5174337605056,1485.7085346215783,1815.6576536153132,1122.3568349439192
3474,5.996,909.55055,909.54985,0.7696114732487277,C49H83O13P,CCC=CCC=CCC=CCC=CCC=CCCCCCC(=O)OC(COC(=O)CCCCCCCCCC=CCCCCCC)COP(=O)(O)OC1C(O)C(O)C(O)C(O)C1O,[M-H]-,PI 18:1_22:5,"PI 18:1(11)_22:5(7,10,13,16,19)",0.7969090909090905,0.07530090909089764,0.01834407698851932,0.6734871238351308,All,Some,,19989.08442757725,19956.842084335676,13427.07857758839,18894.281558600633,15441.136475709927,19057.36741134971,33524.99927860018,18130.61062580306,,15531.75366444198,29269.648733675407,34730.73680231237,38808.640483601615,20807.580729015317,32811.3805908837,32948.020259015204,30512.963000796783
3474,5.996,909.55055,909.54985,0.7696114732487277,C49H83O13P,CCCCCC=CCC=CCC=CCC=CCC=CCCC(=O)OC(COC(=O)CCCCCCCC=CCCCCCCCC)COP(=O)(O)OC1C(O)C(O)C(O)C(O)C1O,[M-H]-,PI 18:1_22:5,"PI 18:1(9)_22:5(4,7,10,13,16)",0.874625,0.2037987499999403,0.029853120466621023,0.6509913084200067,Some,Some,,1273.4396949166594,785.6589594226526,457.67591018065764,757.3145525530122,635.3136316316417,1159.5643294758336,1760.1711826295802,1483.338219949466,,771.2813102585043,1457.8834750366577,1549.5084515746753,2075.7394870389135,774.0420031193697,1642.8242794702423,1814.1924288780313,1725.846323574479
3474,5.996,909.55055,909.54985,0.7696114732487277,C49H83O13P,CCCCCC=CCC=CCC=CCC=CCC=CCCC(=O)OC(COC(=O)CCCCC=CCCCCCCCCCCC)COP(=O)(O)OC1C(O)C(O)C(O)C(O)C1O,[M-H]-,PI 18:1_22:5,"PI 18:1(6)_22:5(4,7,10,13,16)",0.8658571428571425,0.2263771428570749,0.003865642131526858,0.6016487922041426,Some,Some,,24665.278807669463,25113.183164675247,15947.22529163055,22082.278190308505,18273.333964265963,22839.903459372486,42674.03604335502,21735.727775238654,,18588.22449147259,37625.02226859746,44103.903716399174,51469.85605205354,25910.78852838297,42092.9869532354,41934.731981011646,37095.67491368215
3474,5.996,909.55055,909.54985,0.7696114732487277,C49H83O13P,CCCCCC=CCC=CCC=CCC=CCC=CCCC(=O)OC(COC(=O)CCCCCCCCCC=CCCCCCC)COP(=O)(O)OC1C(O)C(O)C(O)C(O)C1O,[M-H]-,PI 18:1_22:5,"PI 18:1(11)_22:5(4,7,10,13,16)",0.8442105263157891,0.2167342105262474,0.002848367886388211,0.5889656363609618,All,Some,,2442.4882899397107,2207.8673532276985,1087.712588691197,1554.3137104799814,1343.3630037706528,2105.1983414815263,4278.908710736428,2384.617507308365,,1588.4627466521035,3546.726858767171,4139.362314408348,5532.654290485584,2049.8439529612806,4169.45594662986,4314.842647172692,3371.524301795821
3540,6.047,719.48651,719.48686,0.48645780692343654,C38H73O10P,CCCCCCCCC=CCCCCCCCC(=O)OC(COC(=O)CCCCCCCCCCCCC)COP(=O)(O)OCC(O)CO,[M-H]-,PG 14:0_18:1,PG 14:0_18:1(9),0.4209999999999994,0.0975800000000504,0.0,0.30083599999995914,All,None,,112000.0,52813.25581395349,48515.62500000001,0.0,97300.0,121000.0,128000.0,0.0,,53058.82352941177,128000.0,155000.0,78441.32115249474,104172.48062015504,91976.01918465228,51007.51879699248,110735.17030233447
3540,6.047,719.48651,719.48686,0.48645780692343654,C38H73O10P,CCCCCCC=CCCCCCCCCCC(=O)OC(COC(=O)CCCCCCCCCCCCC)COP(=O)(O)OCC(O)CO,[M-H]-,PG 14:0_18:1,PG 14:0_18:1(11),0.6360000000000001,0.5123450000000389,0.0,0.162523999999969,All,None,,0.0,64186.74418604652,95484.375,141000.0,0.0,0.0,0.0,131000.0,,43411.76470588235,0.0,0.0,55558.67884750527,42827.51937984496,0.0,76992.48120300751,0.0
3540,6.047,719.48651,719.48686,0.48645780692343654,C38H73O10P,CCCCCCCCCCCC=CCCCCC(=O)OC(COC(=O)CCCCCCCCCCCCC)COP(=O)(O)OCC(O)CO,[M-H]-,PG 14:0_18:1,PG 14:0_18:1(6),0.6069999999999993,0.49600999999995565,0.0,0.14949200000003487,All,None,,0.0,0.0,0.0,0.0,0.0,0.0,0.0,0.0,,26529.411764705885,0.0,0.0,0.0,0.0,59023.98081534771,0.0,46264.82969766551
3555,6.056,797.53403,797.53381,0.27585037430950743,C44H79O10P,CCC=CCC=CCC=CCCCCCCCCCC(=O)OC(COC(=O)CCCCCCCC=CCCCCCCCC)COP(=O)(O)OCC(O)CO,[M-H]-,PG 18:1_20:3,"PG 18:1(9)_20:3(11,14,17)",0.8615999999999999,0.08781600000002072,0.14660436541544292,0.837131128873882,Some,Some,0.0,2189.387755102041,626.5994630464515,0.0,2577.092511013216,0.0,3564.068692206077,675.6071132640704,2252.1158129175947,0.0,0.0,432.24860603730053,0.0,594.0996635828427,0.0,563.9300876660969,923.4045282534796,0.0
3555,6.056,797.53403,797.53381,0.27585037430950743,C44H79O10P,CCC=CCC=CCC=CCCCCCCCCCC(=O)OC(COC(=O)CCCCC=CCCCCCCCCCCC)COP(=O)(O)OCC(O)CO,[M-H]-,PG 18:1_20:3,"PG 18:1(6)_20:3(11,14,17)",0.8468,0.0942600000000084,0.14660436541544292,0.8186559288738919,Some,Some,0.0,3953.061224489796,856.9348057342586,0.0,5134.361233480176,0.0,5762.747688243064,1292.4010453183762,4539.420935412027,0.0,0.0,659.173510588623,0.0,820.7434819175778,0.0,789.8770469206594,1577.9154640497723,0.0
3555,6.056,797.53403,797.53381,0.27585037430950743,C44H79O10P,CCC=CCC=CCC=CCCCCCCCCCC(=O)OC(COC(=O)CCCCCCCCCC=CCCCCCC)COP(=O)(O)OCC(O)CO,[M-H]-,PG 18:1_20:3,"PG 18:1(11)_20:3(11,14,17)",0.8620000000000001,0.07591428571428034,0.10471740386817352,0.809314234909932,Some,Some,0.0,4378.775510204082,897.3253634567651,0.0,5447.577092511014,0.0,6345.046235138705,1351.214226528141,4504.231625835189,0.0,0.0,864.4972120746011,0.0,932.9142136248948,0.0,1010.420686993439,1846.8090565069592,0.0
3555,6.056,797.53403,797.53381,0.27585037430950743,C44H79O10P,CCCCCC=CCC=CCC=CCCCCCCC(=O)OC(COC(=O)CCCCCCCCCC=CCCCCCC)COP(=O)(O)OCC(O)CO,[M-H]-,PG 18:1_20:3,"PG 18:1(11)_20:3(8,11,14)",0.72675,0.07077124999996443,0.025555189441058678,0.6204576704969813,All,Some,0.0,0.0,177.936781318069,0.0,0.0,0.0,391.5455746367238,0.0,0.0,0.0,0.0,0.0,0.0,186.1223717409588,0.0,91.85642609031262,0.0,0.0
3555,6.056,797.53403,797.53381,0.27585037430950743,C44H79O10P,CCCCCC=CCC=CCC=CCCCCCCC(=O)OC(COC(=O)CCCCCCCC=CCCCCCCCC)COP(=O)(O)OCC(O)CO,[M-H]-,PG 18:1_20:3,"PG 18:1(9)_20:3(8,11,14)",0.6826666666666664,0.05846833333333734,0.03407358592141157,0.5982915606626004,Some,Some,0.0,0.0,251.07643989666178,0.0,0.0,0.0,0.0,408.3421505513418,0.0,0.0,0.0,116.78571428571426,0.0,270.9411269974769,0.0,172.2445828968407,354.2351356551857,0.0
3555,6.056,797.53403,797.53381,0.27585037430950743,C44H79O10P,CCCCCC=CCC=CCC=CCCCCCCC(=O)OC(COC(=O)CCCCC=CCCCCCCCCCCC)COP(=O)(O)OCC(O)CO,[M-H]-,PG 18:1_20:3,"PG 18:1(6)_20:3(8,11,14)",0.6904,0.07900999999997112,0.040888303105693885,0.5949514727951477,Some,Some,0.0,2189.387755102041,448.66268172838255,0.0,2870.4845814977975,0.0,3172.5231175693525,675.6071132640704,2252.1158129175947,0.0,0.0,432.24860603730053,0.0,524.936921783011,0.0,464.7957214533826,923.4045282534796,0.0
3555,6.056,797.53403,797.53381,0.27585037430950743,C44H79O10P,CCCCCCCCC=CCC=CCC=CCCCC(=O)OC(COC(=O)CCCCC=CCCCCCCCCCCC)COP(=O)(O)OCC(O)CO,[M-H]-,PG 18:1_20:3,"PG 18:1(6)_20:3(5,8,11)",0.8074999999999997,0.2844500000000778,0.0,0.4991899999999375,Some,None,0.0,0.0,213.08748290360165,0.0,0.0,0.0,391.5455746367238,128.42118681879023,0.0,0.0,0.0,108.00601532672286,0.0,206.29100084104292,0.0,180.84578485967913,0.0,0.0
3555,6.056,797.53403,797.53381,0.27585037430950743,C44H79O10P,CCCCCCCCC=CCC=CCC=CCCCC(=O)OC(COC(=O)CCCCCCCC=CCCCCCCCC)COP(=O)(O)OCC(O)CO,[M-H]-,PG 18:1_20:3,"PG 18:1(9)_20:3(5,8,11)",0.8074999999999997,0.2844500000000778,0.0,0.4991899999999375,Some,None,0.0,0.0,251.07643989666178,0.0,0.0,0.0,0.0,408.3421505513418,0.0,0.0,0.0,116.78571428571426,0.0,270.9411269974769,0.0,172.2445828968407,354.2351356551857,0.0
3555,6.056,797.53403,797.53381,0.27585037430950743,C44H79O10P,CCCCCCCCC=CCC=CCC=CCCCC(=O)OC(COC(=O)CCCCCCCCCC=CCCCCCC)COP(=O)(O)OCC(O)CO,[M-H]-,PG 18:1_20:3,"PG 18:1(11)_20:3(5,8,11)",0.7479999999999999,0.2859171428571829,0.0,0.44446628571425356,Some,None,0.0,2189.387755102041,587.300542019148,0.0,2870.4845814977975,0.0,3172.5231175693525,900.065013703869,2252.1158129175947,0.0,0.0,540.2546213640234,0.0,573.0100925147183,0.0,553.7850802227491,1059.9961516259382,0.0
3557,6.058,907.53335,907.5342,0.936603821667554,C49H81O13P,CCC=CCC=CCC=CCC=CCC=CCC=CCCC(=O)OC(COC(=O)CCCCCCCC=CCCCCCCCC)COP(=O)(O)OC1C(O)C(O)C(O)C(O)C1O,[M-H]-,PI 18:1_22:6,"PI 18:1(9)_22:6(4,7,10,13,16,19)",0.7771666666666665,0.127660833333285,0.007117358980493282,0.6037269564158158,Some,Some,,0.0,0.0,0.0,0.0,0.0,0.0,0.0,0.0,,0.0,0.0,0.0,0.0,0.0,0.0,3262.4607886430176,1129.6220565925732
3557,6.058,907.53335,907.5342,0.936603821667554,C49H81O13P,CCC=CCC=CCC=CCC=CCC=CCC=CCCC(=O)OC(COC(=O)CCCCC=CCCCCCCCCCCC)COP(=O)(O)OC1C(O)C(O)C(O)C(O)C1O,[M-H]-,PI 18:1_22:6,"PI 18:1(6)_22:6(4,7,10,13,16,19)",0.7664999999999997,0.11981999999995689,0.007117358980493282,0.6003996230824783,Some,Some,,0.0,0.0,0.0,0.0,0.0,0.0,0.0,0.0,,0.0,0.0,0.0,0.0,0.0,0.0,2151.5260945652,735.1889717037136
3557,6.058,907.53335,907.5342,0.936603821667554,C49H81O13P,CCC=CCC=CCC=CCC=CCC=CCC=CCCC(=O)OC(COC(=O)CCCCCCCCCC=CCCCCCC)COP(=O)(O)OC1C(O)C(O)C(O)C(O)C1O,[M-H]-,PI 18:1_22:6,"PI 18:1(11)_22:6(4,7,10,13,16,19)",0.7445714285714286,0.16494357142853136,0.006100593411851385,0.5436499626421268,All,Some,,0.0,0.0,0.0,0.0,0.0,0.0,0.0,0.0,,0.0,0.0,0.0,0.0,0.0,0.0,2066.0131167917834,735.1889717037136
3587,6.078,717.47062,717.47121,0.8223326480073285,C38H71O10P,CCCCCCC=CCCCCCCCC(=O)OC(COC(=O)CCCCCCCC=CCCCCCC)COP(=O)(O)OCC(O)CO,[M-H]-,PG 16:1_16:1,PG 16:1(9)_16:1(9),0.9459999999999997,0.05538000000001375,0.0,0.8070959999999888,Some,None,,0.0,0.0,0.0,0.0,0.0,0.0,0.0,0.0,,0.0,0.0,0.0,0.0,0.0,0.0,0.0,0.0
3587,6.078,717.47062,717.47121,0.8223326480073285,C38H71O10P,CCCCCCC=CCCCCCCCC(=O)OC(COC(=O)CCCCC=CCCCCCCCCC)COP(=O)(O)OCC(O)CO,[M-H]-,PG 16:1_16:1,PG 16:1(6)_16:1(9),0.7759999999999998,0.08842499999997244,0.0,0.6276600000000219,Some,None,,0.0,0.0,0.0,0.0,0.0,0.0,0.0,0.0,,0.0,0.0,0.0,0.0,0.0,0.0,0.0,0.0
3587,6.078,717.47062,717.47121,0.8223326480073285,C38H71O10P,CCCCCCCCCC=CCCCCC(=O)OC(COC(=O)CCCCC=CCCCCCCCCC)COP(=O)(O)OCC(O)CO,[M-H]-,PG 16:1_16:1,PG 16:1(6)_16:1(6),0.6059999999999999,0.12146999999993113,0.0,0.44822400000005497,All,None,,0.0,0.0,0.0,4030.0,0.0,1640.0,0.0,5050.0,,0.0,0.0,0.0,0.0,0.0,0.0,0.0,0.0
3587,6.078,717.47062,717.47121,0.8223326480073285,C38H71O10P,CCCCCCC=CCCCCCCCC(=O)OC(COC(=O)CCCCCC=CCCCCCCCC)COP(=O)(O)OCC(O)CO,[M-H]-,PG 16:1_16:1,PG 16:1(7)_16:1(9),0.5979999999999999,0.4627450000000408,0.0,0.16800399999996724,Some,None,,0.0,0.0,0.0,0.0,0.0,0.0,0.0,0.0,,0.0,0.0,0.0,0.0,0.0,0.0,0.0,0.0
3586,6.078,855.50288,855.5029,0.023378062131063325,C45H77O13P,CCC=CCC=CCC=CCC=CCC=CCCCC(=O)OC(COC(=O)CCCCCCCCCCCCCCC)COP(=O)(O)OC1C(O)C(O)C(O)C(O)C1O,[M-H]-,PI 16:0_20:5,"PI 16:0_20:5(5,8,11,14,17)",0.8131999999999999,0.20478299999995214,0.04292768262360759,0.606688514361285,All,Some,,0.0,0.0,0.0,0.0,0.0,0.0,0.0,0.0,,0.0,0.0,0.0,0.0,0.0,0.0,0.0,0.0
3591,6.079,807.50399,807.5029,1.3498403536262045,C41H77O13P,CCCCCCCCC=CCCCCCCCCCCCCCCCC(=O)OC(COC(=O)CCCCC)COP(=O)(O)OC1C(O)C(O)C(O)C(O)C1O,[M-H]-,PI 6:0_26:1,PI 6:0_26:1(17),0.8750000000000009,0.14213499999993928,0.0,0.6737920000000495,All,None,,1410.0,0.0,0.0,5790.0,4350.0,0.0,0.0,0.0,,5900.0,0.0,0.0,0.0,0.0,0.0,0.0,0.0
3608,6.094,769.50229,769.50251,0.2858990024775716,C42H75O10P,CCC=CCC=CCC=CCCCCCCCC(=O)OC(COC(=O)CCCCCCCC=CCCCCCCCC)COP(=O)(O)OCC(O)CO,[M-H]-,PG 18:1_18:3,"PG 18:1(9)_18:3(9,12,15)",0.8359999999999997,0.0920016666666849,0.0,0.6787986666666518,Some,None,0.0,0.0,0.0,1155.9358497946412,0.0,0.0,0.0,0.0,0.0,0.0,0.0,0.0,1396.0500793510846,0.0,0.0,0.0,0.0,0.0
3608,6.094,769.50229,769.50251,0.2858990024775716,C42H75O10P,CCCCCC=CCC=CCC=CCCCCC(=O)OC(COC(=O)CCCCCCCCCC=CCCCCCC)COP(=O)(O)OCC(O)CO,[M-H]-,PG 18:1_18:3,"PG 18:1(11)_18:3(6,9,12)",0.7656666666666663,0.0724800000000035,0.0,0.6311159999999969,Some,None,7066.666666666666,0.0,0.0,605.3980050850772,0.0,0.0,0.0,0.0,0.0,0.0,0.0,0.0,548.1502380532535,0.0,0.0,0.0,0.0,0.0
3608,6.094,769.50229,769.50251,0.2858990024775716,C42H75O10P,CCCCCC=CCC=CCC=CCCCCC(=O)OC(COC(=O)CCCCC=CCCCCCCCCCCC)COP(=O)(O)OCC(O)CO,[M-H]-,PG 18:1_18:3,"PG 18:1(6)_18:3(6,9,12)",0.7526666666666664,0.07280999999996614,0.0,0.6191520000000268,Some,None,0.0,0.0,0.0,550.5378447095638,0.0,0.0,0.0,0.0,0.0,0.0,0.0,0.0,847.8998412978311,0.0,0.0,0.0,0.0,0.0
3608,6.094,769.50229,769.50251,0.2858990024775716,C42H75O10P,CCC=CCC=CCC=CCCCCCCCC(=O)OC(COC(=O)CCCCCCCCCC=CCCCCCC)COP(=O)(O)OCC(O)CO,[M-H]-,PG 18:1_18:3,"PG 18:1(11)_18:3(9,12,15)",0.7522499999999994,0.08150625000004652,0.0,0.6118199999999623,All,None,7066.666666666666,0.0,0.0,0.0,0.0,0.0,0.0,0.0,0.0,0.0,0.0,0.0,0.0,0.0,0.0,0.0,0.0,0.0
3608,6.094,769.50229,769.50251,0.2858990024775716,C42H75O10P,CCC=CCC=CCC=CCCCCCCCC(=O)OC(COC(=O)CCCCC=CCCCCCCCCCCC)COP(=O)(O)OCC(O)CO,[M-H]-,PG 18:1_18:3,"PG 18:1(6)_18:3(9,12,15)",0.7851428571428567,0.19511142857147337,0.0,0.5505394285713924,All,None,0.0,0.0,0.0,988.1283004107178,0.0,0.0,0.0,0.0,0.0,0.0,0.0,0.0,847.8998412978311,0.0,0.0,0.0,0.0,0.0
3608,6.094,769.50229,769.50251,0.2858990024775716,C42H75O10P,CCCCCC=CCC=CCC=CCCCCC(=O)OC(COC(=O)CCCCCCCC=CCCCCCCCC)COP(=O)(O)OCC(O)CO,[M-H]-,PG 18:1_18:3,"PG 18:1(9)_18:3(6,9,12)",0.7943999999999999,0.26046799999999165,0.0,0.5065856000000066,Some,None,7066.666666666666,0.0,0.0,0.0,0.0,0.0,0.0,0.0,0.0,0.0,0.0,0.0,0.0,0.0,0.0,0.0,0.0,0.0
3628,6.108,907.53149,907.5342,2.9861133608990214,C49H81O13P,CCC=CCC=CCC=CCC=CCC=CCC=CCCC(=O)OC(COC(=O)CCCCC=CCCCCCCCCCCC)COP(=O)(O)OC1C(O)C(O)C(O)C(O)C1O,[M-H]-,PI 18:1_22:6,"PI 18:1(6)_22:6(4,7,10,13,16,19)",0.7873333333333333,0.14797666666668383,0.024831218753751782,0.6125667635450296,Some,Some,,0.0,0.0,0.0,0.0,0.0,0.0,0.0,0.0,0.0,0.0,0.0,1172.1483087959296,0.0,0.0,0.0,0.0,859.3540524070689
3628,6.108,907.53149,907.5342,2.9861133608990214,C49H81O13P,CCC=CCC=CCC=CCC=CCC=CCC=CCCC(=O)OC(COC(=O)CCCCCCCC=CCCCCCCCC)COP(=O)(O)OC1C(O)C(O)C(O)C(O)C1O,[M-H]-,PI 18:1_22:6,"PI 18:1(9)_22:6(4,7,10,13,16,19)",0.7730000000000001,0.1489875000000135,0.024831218753751782,0.598858096878366,Some,Some,,0.0,0.0,0.0,0.0,0.0,0.0,0.0,0.0,0.0,0.0,0.0,970.5843099637152,0.0,0.0,0.0,0.0,670.3229737964656
3628,6.108,907.53149,907.5342,2.9861133608990214,C49H81O13P,CCC=CCC=CCC=CCC=CCC=CCC=CCCC(=O)OC(COC(=O)CCCCCCCCCC=CCCCCCC)COP(=O)(O)OC1C(O)C(O)C(O)C(O)C1O,[M-H]-,PI 18:1_22:6,"PI 18:1(11)_22:6(4,7,10,13,16,19)",0.7307142857142859,0.183232857142871,0.0212839017889301,0.5302120830385976,All,Some,,0.0,0.0,0.0,0.0,0.0,0.0,0.0,0.0,0.0,0.0,0.0,957.2673812403555,0.0,0.0,0.0,0.0,670.3229737964656
3652,6.124,745.50228,745.50251,0.30851673455497824,C40H75O10P,CCCCCCCCC=CCCCCCCCC(=O)OC(COC(=O)CCCCCC=CCCCCCCCC)COP(=O)(O)OCC(O)CO,[M-H]-,PG 16:1_18:1,PG 16:1(7)_18:1(9),0.854000000000001,0.07771999999999935,0.0,0.7064240000000015,Some,None,,60000.0,,,,,,81333.33333333333,,0.0,,47000.0,,50000.0,29668.545659526488,32601.812025258536,,28272.656855151046
3652,6.124,745.50228,745.50251,0.30851673455497824,C40H75O10P,CCCCCCC=CCCCCCCCCCC(=O)OC(COC(=O)CCCCCC=CCCCCCCCC)COP(=O)(O)OCC(O)CO,[M-H]-,PG 16:1_18:1,PG 16:1(7)_18:1(11),0.8213333333333335,0.06926999999999832,0.0,0.6837840000000015,Some,None,,60000.0,,,,,,81333.33333333333,,0.0,,0.0,,0.0,29668.545659526488,45669.25963210396,,45688.61347792409
3652,6.124,745.50228,745.50251,0.30851673455497824,C40H75O10P,CCCCCCCCC=CCCCCCCCC(=O)OC(COC(=O)CCCCCCCC=CCCCCCC)COP(=O)(O)OCC(O)CO,[M-H]-,PG 16:1_18:1,PG 16:1(9)_18:1(9),0.8213333333333335,0.06926999999999832,0.0,0.6837840000000015,Some,None,,60000.0,,,,,,81333.33333333333,,0.0,,0.0,,0.0,52667.4182638106,63600.256245996155,,59259.48876839659
3652,6.124,745.50228,745.50251,0.30851673455497824,C40H75O10P,CCCCCCC=CCCCCCCCCCC(=O)OC(COC(=O)CCCCCCCC=CCCCCCC)COP(=O)(O)OCC(O)CO,[M-H]-,PG 16:1_18:1,PG 16:1(9)_18:1(11),0.8049999999999997,0.0650449999999978,0.0,0.6724640000000015,All,None,,0.0,,,,,,0.0,,0.0,,47000.0,,50000.0,22998.872604284104,30998.444220737623,,30986.831913245547
3652,6.124,745.50228,745.50251,0.30851673455497824,C40H75O10P,CCCCCCC=CCCCCCCCCCC(=O)OC(COC(=O)CCCCC=CCCCCCCCCC)COP(=O)(O)OCC(O)CO,[M-H]-,PG 16:1_18:1,PG 16:1(6)_18:1(11),0.8965000000000001,0.26926250000002483,0.0,0.5914399999999802,All,None,,0.0,,,,,,0.0,,0.0,,0.0,,0.0,22998.872604284104,44065.89182758305,,48402.78853601858
3652,6.124,745.50228,745.50251,0.30851673455497824,C40H75O10P,CCCCCCCCC=CCCCCCCCC(=O)OC(COC(=O)CCCCC=CCCCCCCCCC)COP(=O)(O)OCC(O)CO,[M-H]-,PG 16:1_18:1,PG 16:1(6)_18:1(9),0.9433333333333339,0.34156000000003434,0.0,0.5757519999999731,Some,None,,0.0,,,,,,0.0,,0.0,,0.0,,0.0,22998.872604284104,30998.444220737623,,30986.831913245547
3652,6.124,745.50228,745.50251,0.30851673455497824,C40H75O10P,CCCCCCCCCCCC=CCCCCC(=O)OC(COC(=O)CCCCCCCC=CCCCCCC)COP(=O)(O)OCC(O)CO,[M-H]-,PG 16:1_18:1,PG 16:1(9)_18:1(6),0.8114999999999997,0.28561999999999443,0.0,0.5018540000000042,All,None,,0.0,,,,,,0.0,,0.0,,47000.0,,50000.0,0.0,0.0,,0.0
3652,6.124,745.50228,745.50251,0.30851673455497824,C40H75O10P,CCCCCCCCCCCC=CCCCCC(=O)OC(COC(=O)CCCCCC=CCCCCCCCC)COP(=O)(O)OCC(O)CO,[M-H]-,PG 16:1_18:1,PG 16:1(7)_18:1(6),0.8300000000000001,0.3633699999999938,0.0,0.456304000000005,Some,None,,0.0,,,,,,0.0,,0.0,,47000.0,,50000.0,0.0,13067.447606845428,,17415.956622773043
3652,6.124,745.50228,745.50251,0.30851673455497824,C40H75O10P,CCCCCCCCCCCC=CCCCCC(=O)OC(COC(=O)CCCCC=CCCCCCCCCC)COP(=O)(O)OCC(O)CO,[M-H]-,PG 16:1_18:1,PG 16:1(6)_18:1(6),0.903,0.48983750000002146,0.0,0.4208299999999829,All,None,,0.0,,,,,,0.0,,0.0,,47000.0,,50000.0,22998.872604284104,30998.444220737623,,30986.831913245547
3657,6.125,746.50481,746.51301,10.984403339451505,C43H74NO7P,CCCCCCCCC=CCCCCCC(=O)OC(COCCCC=CCC=CCC=CCC=CCC=CCC=CCC)COP(=O)(O)OCCN,[M-H]-,PE O-22:6_16:1,"PE O-22:6(4,7,10,13,16,19)_16:1(7)",0.6990000000000001,0.16484625000001074,0.0574299692497663,0.5489099723247811,Some,Some,,22372.839506172837,16751.762114537447,16896.890343698855,22281.931034482757,13052.70621602458,19016.703296703297,27664.132632430246,21704.453839347167,,16647.48201438849,24357.980162308384,29078.879784762135,26840.99232948656,25704.658576142276,25019.945667715187,19202.122954444934,24949.22624376519
3657,6.125,746.50481,746.51301,10.984403339451505,C43H74NO7P,CCCCCCCCCC=CCCCCC(=O)OC(COCCCC=CCC=CCC=CCC=CCC=CCC=CCC)COP(=O)(O)OCCN,[M-H]-,PE O-22:6_16:1,"PE O-22:6(4,7,10,13,16,19)_16:1(6)",0.7075,0.1746674999999982,0.0574299692497663,0.5487029723247911,Some,Some,,26570.370370370372,23469.052863436125,42621.93126022913,28176.993103448276,15096.809264949186,19016.703296703297,33966.11403154064,29580.61154262118,,30662.669864108713,32834.98647430117,37508.62174391586,40401.28532927925,44439.62865611543,32633.971975979413,34057.496682883684,37235.06842307201
3657,6.125,746.50481,746.51301,10.984403339451505,C43H74NO7P,CCCCCCC=CCCCCCCCC(=O)OC(COCCCC=CCC=CCC=CCC=CCC=CCC=CCC)COP(=O)(O)OCCN,[M-H]-,PE O-22:6_16:1,"PE O-22:6(4,7,10,13,16,19)_16:1(9)",0.6733333333333333,0.1554066666666611,0.051048861555347824,0.5276186420664843,Some,Some,,39456.79012345679,35079.18502202643,56481.17839607202,44941.07586206897,23950.484519026235,37866.59340659341,59369.75333602912,45114.934618031664,,41689.8481215028,61807.033363390445,55412.498471322004,51757.72234123419,54855.7127677423,61346.08235630541,54740.38036267139,60815.705333162805
3665,6.132,748.52011,748.52866,11.422408328226387,C43H76NO7P,CCCCCCCCCCCC=CCCCCC(=O)OC(COCCCCC=CCC=CCC=CCC=CCC=CCC)COP(=O)(O)OCCN,[M-H]-,PE O-20:5_18:1,"PE O-20:5(5,8,11,14,17)_18:1(6)",0.7624000000000006,0.06226599999997688,0.08992260873815124,0.7172775478643552,Some,Some,,0.0,3671.2410501193312,0.0,7350.0,0.0,0.0,0.0,0.0,,3015.0,0.0,,,3868.2978380122618,0.0,0.0,
3665,6.132,748.52011,748.52866,11.422408328226387,C43H76NO7P,CCCCCCCCC=CCCCCCCCC(=O)OC(COCCCCC=CCC=CCC=CCC=CCC=CCC)COP(=O)(O)OCCN,[M-H]-,PE O-20:5_18:1,"PE O-20:5(5,8,11,14,17)_18:1(9)",0.7633333333333342,0.05443833333329925,0.0749355072817927,0.7108912898869749,Some,Some,,0.0,6828.758949880668,0.0,0.0,0.0,0.0,0.0,0.0,,0.0,0.0,,,2451.4488544691835,0.0,0.0,
3665,6.132,748.52011,748.52866,11.422408328226387,C43H76NO7P,CCCCCCC=CCCCCCCCCCC(=O)OC(COCCCCC=CCC=CCC=CCC=CCC=CCC)COP(=O)(O)OCCN,[M-H]-,PE O-20:5_18:1,"PE O-20:5(5,8,11,14,17)_18:1(11)",0.7722500000000008,0.1398987499999862,0.05620163046134452,0.6336874674152219,Some,Some,,0.0,0.0,0.0,0.0,0.0,0.0,0.0,0.0,,3015.0,0.0,,,3470.2533075185543,0.0,0.0,
3693,6.155,793.5017,793.50251,1.0207907218860715,C44H75O10P,CCC=CCC=CCC=CCC=CCC=CCC=CCCC(=O)OC(COC(=O)CCCCCCCCCCCCCCC)COP(=O)(O)OCC(O)CO,[M-H]-,PG 16:0_22:6,"PG 16:0_22:6(4,7,10,13,16,19)",0.6694545454545451,0.2831427272727648,0.042760561956850185,0.4144794148520438,Some,Some,,0.0,0.0,0.0,0.0,0.0,0.0,0.0,0.0,,0.0,0.0,0.0,0.0,0.0,0.0,0.0,0.0
3695,6.156,771.51741,771.51816,0.9721093278289412,C42H77O10P,CCCCCC=CCC=CCCCCCCCC(=O)OC(COC(=O)CCCCCCCC=CCCCCCCCC)COP(=O)(O)OCC(O)CO,[M-H]-,PG 18:1_18:2,"PG 18:1(9)_18:2(9,12)",0.8780000000000001,0.07318499999996675,0.0,0.7316520000000267,Some,None,0.0,0.0,,,0.0,0.0,,0.0,,0.0,,0.0,,0.0,0.0,0.0,,0.0
3695,6.156,771.51741,771.51816,0.9721093278289412,C42H77O10P,CCCCCC=CCC=CCCCCCCCC(=O)OC(COC(=O)CCCCCCCCCC=CCCCCCC)COP(=O)(O)OCC(O)CO,[M-H]-,PG 18:1_18:2,"PG 18:1(11)_18:2(9,12)",0.7453333333333335,0.055256666666669695,0.0,0.6265946666666645,All,None,0.0,0.0,,,0.0,0.0,,0.0,,0.0,,0.0,,1763.3333333333333,0.0,0.0,,0.0
3695,6.156,771.51741,771.51816,0.9721093278289412,C42H77O10P,CCCCCC=CCC=CCCCCCCCC(=O)OC(COC(=O)CCCCC=CCCCCCCCCCCC)COP(=O)(O)OCC(O)CO,[M-H]-,PG 18:1_18:2,"PG 18:1(6)_18:2(9,12)",0.7820000000000006,0.23454000000000028,0.0,0.5161680000000003,All,None,0.0,0.0,,,0.0,0.0,,0.0,,0.0,,0.0,,0.0,0.0,0.0,,0.0
3695,6.156,771.51741,771.51816,0.9721093278289412,C42H77O10P,CCCCCCCCC=CCC=CCCCCC(=O)OC(COC(=O)CCCCCCCCCC=CCCCCCC)COP(=O)(O)OCC(O)CO,[M-H]-,PG 18:1_18:2,"PG 18:1(11)_18:2(6,9)",0.7970000000000002,0.25201250000003483,0.0,0.5156899999999722,Some,None,0.0,0.0,,,0.0,0.0,,0.0,,0.0,,0.0,,1763.3333333333333,0.0,0.0,,0.0
3695,6.156,771.51741,771.51816,0.9721093278289412,C42H77O10P,CCCCCCCCC=CCC=CCCCCC(=O)OC(COC(=O)CCCCC=CCCCCCCCCCCC)COP(=O)(O)OCC(O)CO,[M-H]-,PG 18:1_18:2,"PG 18:1(6)_18:2(6,9)",0.8793333333333339,0.3637166666666947,0.0,0.5004266666666447,Some,None,0.0,0.0,,,0.0,0.0,,0.0,,0.0,,0.0,,0.0,0.0,0.0,,0.0
3695,6.156,771.51741,771.51816,0.9721093278289412,C42H77O10P,CCCCCCCCC=CCC=CCCCCC(=O)OC(COC(=O)CCCCCCCC=CCCCCCCCC)COP(=O)(O)OCC(O)CO,[M-H]-,PG 18:1_18:2,"PG 18:1(9)_18:2(6,9)",0.9320000000000004,0.8357700000001387,0.0,0.1701839999998893,Some,None,0.0,0.0,,,0.0,0.0,,0.0,,0.0,,0.0,,1763.3333333333333,0.0,0.0,,0.0
3696,6.157,909.55192,909.54985,2.2758510707283905,C49H83O13P,CCC=CCC=CCC=CCC=CCC=CCCCCCC(=O)OC(COC(=O)CCCCCCCC=CCCCCCCCC)COP(=O)(O)OC1C(O)C(O)C(O)C(O)C1O,[M-H]-,PI 18:1_22:5,"PI 18:1(9)_22:5(7,10,13,16,19)",0.6951111111111111,0.09577222222221987,0.035621139922912,0.5810412481528449,Some,Some,,0.0,2752.0595533498768,0.0,0.0,0.0,4038.950475565759,0.0,0.0,,0.0,5375.458489520754,0.0,0.0,0.0,6461.088502759807,0.0,0.0
3696,6.157,909.55192,909.54985,2.2758510707283905,C49H83O13P,CCCCCC=CCC=CCC=CCC=CCC=CCCC(=O)OC(COC(=O)CCCCCCCC=CCCCCCCCC)COP(=O)(O)OC1C(O)C(O)C(O)C(O)C1O,[M-H]-,PI 18:1_22:5,"PI 18:1(9)_22:5(4,7,10,13,16)",0.7407368421052631,0.1359199999999957,0.015513608123679582,0.5718894052060519,Some,Some,,0.0,460.81885856079407,0.0,0.0,0.0,547.0252541816988,0.0,0.0,,0.0,843.8782925267466,0.0,0.0,0.0,941.3899625728245,0.0,0.0
3696,6.157,909.55192,909.54985,2.2758510707283905,C49H83O13P,CCC=CCC=CCC=CCC=CCC=CCCCCCC(=O)OC(COC(=O)CCCCCCCCCC=CCCCCCC)COP(=O)(O)OC1C(O)C(O)C(O)C(O)C1O,[M-H]-,PI 18:1_22:5,"PI 18:1(11)_22:5(7,10,13,16,19)",0.7038181818181818,0.10396999999999355,0.015746452921022905,0.5644321712652893,All,Some,,0.0,3289.8263027295297,0.0,0.0,0.0,4098.655296818629,0.0,0.0,,0.0,5847.484333292562,0.0,0.0,0.0,7633.372990140262,0.0,0.0
3696,6.157,909.55192,909.54985,2.2758510707283905,C49H83O13P,CCC=CCC=CCC=CCC=CCC=CCCCCCC(=O)OC(COC(=O)CCCCC=CCCCCCCCCCCC)COP(=O)(O)OC1C(O)C(O)C(O)C(O)C1O,[M-H]-,PI 18:1_22:5,"PI 18:1(6)_22:5(7,10,13,16,19)",0.716,0.1438269999999875,0.017321098213125195,0.5449273883918228,Some,Some,,0.0,531.51364764268,0.0,0.0,0.0,577.9534273532306,0.0,0.0,,0.0,1003.935563246012,0.0,0.0,0.0,1153.8129253958446,0.0,0.0
3696,6.157,909.55192,909.54985,2.2758510707283905,C49H83O13P,CCCCCC=CCC=CCC=CCC=CCC=CCCC(=O)OC(COC(=O)CCCCCCCCCC=CCCCCCC)COP(=O)(O)OC1C(O)C(O)C(O)C(O)C1O,[M-H]-,PI 18:1_22:5,"PI 18:1(11)_22:5(4,7,10,13,16)",0.736181818181818,0.16185272727271507,0.0,0.5330814545454641,All,Some,,0.0,6371.215880893301,0.0,0.0,0.0,6067.300754345689,0.0,0.0,,0.0,14389.743073192842,0.0,0.0,0.0,13563.40408584252,0.0,0.0
3696,6.157,909.55192,909.54985,2.2758510707283905,C49H83O13P,CCCCCC=CCC=CCC=CCC=CCC=CCCC(=O)OC(COC(=O)CCCCC=CCCCCCCCCCCC)COP(=O)(O)OC1C(O)C(O)C(O)C(O)C1O,[M-H]-,PI 18:1_22:5,"PI 18:1(6)_22:5(4,7,10,13,16)",0.6841052631578947,0.15850631578946736,0.0,0.4888896842105314,Some,Some,,0.0,1294.5657568238216,0.0,0.0,0.0,1070.114791734995,0.0,0.0,,0.0,3139.500248221082,0.0,0.0,0.0,2546.9315332887404,0.0,0.0
3701,6.16,743.48656,743.48686,0.40350410486702326,C40H73O10P,CCCCCC=CCC=CCCCCCCCC(=O)OC(COC(=O)CCCCCC=CCCCCCCCC)COP(=O)(O)OCC(O)CO,[M-H]-,PG 16:1_18:2,"PG 16:1(7)_18:2(9,12)",0.7746666666666666,0.07704666666658493,0.0,0.635562666666732,Some,None,,0.0,0.0,,,0.0,0.0,,,,,0.0,,,0.0,0.0,,0.0
3701,6.16,743.48656,743.48686,0.40350410486702326,C40H73O10P,CCCCCC=CCC=CCCCCCCCC(=O)OC(COC(=O)CCCCCCCC=CCCCCCC)COP(=O)(O)OCC(O)CO,[M-H]-,PG 16:1_18:2,"PG 16:1(9)_18:2(9,12)",0.754666666666667,0.06581333333326711,0.0,0.6265493333333866,Some,None,,0.0,0.0,,,0.0,0.0,,,,,0.0,,,0.0,0.0,,0.0
3701,6.16,743.48656,743.48686,0.40350410486702326,C40H73O10P,CCCCCCCCC=CCC=CCCCCC(=O)OC(COC(=O)CCCCCC=CCCCCCCCC)COP(=O)(O)OCC(O)CO,[M-H]-,PG 16:1_18:2,"PG 16:1(7)_18:2(6,9)",0.7699999999999996,0.1100899999999001,0.0,0.6049280000000795,Some,None,,0.0,0.0,,,0.0,0.0,,,,,0.0,,,0.0,0.0,,0.0
3701,6.16,743.48656,743.48686,0.40350410486702326,C40H73O10P,CCCCCCCCC=CCC=CCCCCC(=O)OC(COC(=O)CCCCCCCC=CCCCCCC)COP(=O)(O)OCC(O)CO,[M-H]-,PG 16:1_18:2,"PG 16:1(9)_18:2(6,9)",0.7699999999999996,0.12680999999986398,0.0,0.5915520000001084,Some,None,,0.0,0.0,,,0.0,0.0,,,,,0.0,,,0.0,0.0,,0.0
3701,6.16,743.48656,743.48686,0.40350410486702326,C40H73O10P,CCCCCC=CCC=CCCCCCCCC(=O)OC(COC(=O)CCCCC=CCCCCCCCCC)COP(=O)(O)OCC(O)CO,[M-H]-,PG 16:1_18:2,"PG 16:1(6)_18:2(9,12)",0.7616000000000003,0.26054599999995387,0.0,0.47700320000003715,Some,None,,0.0,0.0,,,0.0,0.0,,,,,0.0,,,0.0,0.0,,0.0
3701,6.16,743.48656,743.48686,0.40350410486702326,C40H73O10P,CCCCCCCCC=CCC=CCCCCC(=O)OC(COC(=O)CCCCC=CCCCCCCCCC)COP(=O)(O)OCC(O)CO,[M-H]-,PG 16:1_18:2,"PG 16:1(6)_18:2(6,9)",0.7709999999999999,0.339727499999924,0.0,0.4221180000000607,All,None,,0.0,0.0,,,0.0,0.0,,,,,0.0,,,0.0,0.0,,0.0
3735,6.185,857.51972,857.51855,1.3644019712481925,C45H79O13P,CCCCCC=CCC=CCC=CCC=CCCCCCCCCCC(=O)OC(COC(=O)CCCCCCCCC)COP(=O)(O)OC1C(O)C(O)C(O)C(O)C1O,[M-H]-,PI 10:0_26:4,"PI 10:0_26:4(11,14,17,20)",0.7379999999999998,0.24241499999995142,0.04999612568510693,0.5152645131166349,All,Some,,0.0,0.0,4710.0,0.0,0.0,0.0,0.0,0.0,,0.0,0.0,0.0,0.0,0.0,0.0,0.0,0.0
3759,6.208,859.53467,859.5342,0.5468077942102041,C45H81O13P,CCC=CCC=CCC=CCCCCCCCCCC(=O)OC(COC(=O)CCCCCCCCCCCCCCC)COP(=O)(O)OC1C(O)C(O)C(O)C(O)C1O,[M-H]-,PI 16:0_20:3,"PI 16:0_20:3(11,14,17)",0.8046666666666663,0.07522166666662618,0.040490686013428596,0.7004642840787844,All,Some,,595535.6125356125,282615.70343080815,194359.00182071325,471000.0,587000.0,673656.4871702205,492885.96779493924,593633.4405144694,0.0,215599.43403590948,491615.6732699188,483069.97544721153,575263.2162252022,312644.1395020882,497091.18625277164,543688.4648204173,487940.3698755362
3759,6.208,859.53467,859.5342,0.5468077942102041,C45H81O13P,CCCCCCCCC=CCC=CCC=CCCCC(=O)OC(COC(=O)CCCCCCCCCCCCCCC)COP(=O)(O)OC1C(O)C(O)C(O)C(O)C1O,[M-H]-,PI 16:0_20:3,"PI 16:0_20:3(5,8,11)",0.7536000000000002,0.13162799999995514,0.0,0.572937600000036,All,None,,41677.777777777774,31918.95003453834,56640.998179286704,0.0,0.0,45343.51282977954,0.0,36366.55948553054,0.0,9931.791569086652,30384.32673008116,10950.105226236408,14790.535298681147,64297.228399414205,53908.81374722838,25717.167015747422,30301.666549469093
3759,6.208,859.53467,859.5342,0.5468077942102041,C45H81O13P,CCCCCC=CCC=CCC=CCCCCCCC(=O)OC(COC(=O)CCCCCCCCCCCCCCC)COP(=O)(O)OC1C(O)C(O)C(O)C(O)C1O,[M-H]-,PI 16:0_20:3,"PI 16:0_20:3(8,11,14)",0.7086666666666668,0.13004833333330149,0.012763197881244403,0.5452482114264788,All,Some,,44786.60968660969,46465.34653465346,0.0,0.0,0.0,0.0,21114.032205060794,0.0,0.0,37468.77439500391,0.0,60979.91932655208,24946.248476116587,41058.63209849759,0.0,22594.368163835235,21757.963574994723
3773,6.216,771.51801,771.51816,0.1944218655363173,C42H77O10P,CCCCCC=CCC=CCCCCCCCC(=O)OC(COC(=O)CCCCCCCC=CCCCCCCCC)COP(=O)(O)OCC(O)CO,[M-H]-,PG 18:1_18:2,"PG 18:1(9)_18:2(9,12)",0.8780000000000001,0.07258500000000367,0.0,0.7321319999999971,Some,None,0.0,0.0,0.0,0.0,0.0,0.0,0.0,0.0,,0.0,0.0,0.0,0.0,0.0,0.0,0.0,,0.0
3773,6.216,771.51801,771.51816,0.1944218655363173,C42H77O10P,CCCCCC=CCC=CCCCCCCCC(=O)OC(COC(=O)CCCCCCCCCC=CCCCCCC)COP(=O)(O)OCC(O)CO,[M-H]-,PG 18:1_18:2,"PG 18:1(11)_18:2(9,12)",0.8600000000000001,0.23541599999998652,0.09748679864221908,0.673405318778008,All,Some,0.0,0.0,0.0,0.0,0.0,0.0,3240.0,0.0,,0.0,0.0,0.0,0.0,0.0,0.0,0.0,,0.0
3773,6.216,771.51801,771.51816,0.1944218655363173,C42H77O10P,CCCCCC=CCC=CCCCCCCCC(=O)OC(COC(=O)CCCCC=CCCCCCCCCCCC)COP(=O)(O)OCC(O)CO,[M-H]-,PG 18:1_18:2,"PG 18:1(6)_18:2(9,12)",0.8123333333333335,0.3767083333333214,0.0812389988685159,0.5028484323150073,All,Some,0.0,0.0,0.0,0.0,0.0,0.0,0.0,0.0,,0.0,0.0,0.0,0.0,0.0,0.0,0.0,,0.0
3773,6.216,771.51801,771.51816,0.1944218655363173,C42H77O10P,CCCCCCCCC=CCC=CCCCCC(=O)OC(COC(=O)CCCCCCCCCC=CCCCCCC)COP(=O)(O)OCC(O)CO,[M-H]-,PG 18:1_18:2,"PG 18:1(11)_18:2(6,9)",0.8293333333333331,0.3335633333333969,0.0,0.47954933333328237,Some,None,0.0,0.0,0.0,0.0,0.0,0.0,3240.0,0.0,,0.0,0.0,0.0,0.0,0.0,0.0,0.0,,0.0
3773,6.216,771.51801,771.51816,0.1944218655363173,C42H77O10P,CCCCCCCCC=CCC=CCCCCC(=O)OC(COC(=O)CCCCC=CCCCCCCCCCCC)COP(=O)(O)OCC(O)CO,[M-H]-,PG 18:1_18:2,"PG 18:1(6)_18:2(6,9)",0.8039999999999997,0.36355333333335693,0.0,0.4327573333333142,Some,None,0.0,0.0,0.0,0.0,0.0,0.0,0.0,0.0,,0.0,0.0,0.0,0.0,0.0,0.0,0.0,,0.0
3773,6.216,771.51801,771.51816,0.1944218655363173,C42H77O10P,CCCCCCCCC=CCC=CCCCCC(=O)OC(COC(=O)CCCCCCCC=CCCCCCCCC)COP(=O)(O)OCC(O)CO,[M-H]-,PG 18:1_18:2,"PG 18:1(9)_18:2(6,9)",0.8559999999999999,0.8363700000001018,0.0,0.10130399999991846,Some,None,0.0,0.0,0.0,0.0,0.0,0.0,0.0,0.0,,0.0,0.0,0.0,0.0,0.0,0.0,0.0,,0.0
3873,6.271,881.51831,881.51855,0.2722574584079852,C47H79O13P,CCC=CCC=CCC=CCC=CCCCCCCC(=O)OC(COC(=O)CCCCCCCC=CCC=CCCCCC)COP(=O)(O)OC1C(O)C(O)C(O)C(O)C1O,[M-H]-,PI 18:2_20:4,"PI 18:2(9,12)_20:4(8,11,14,17)",0.8560000000000001,0.07312124999994296,0.01691297424237745,0.7271246768181854,Some,Some,11412.08791208791,0.0,0.0,0.0,,,0.0,0.0,0.0,0.0,0.0,0.0,0.0,0.0,0.0,0.0,0.0,0.0
3873,6.271,881.51831,881.51855,0.2722574584079852,C47H79O13P,CCC=CCC=CCC=CCC=CCCCCCCC(=O)OC(COC(=O)CCCCC=CCC=CCCCCCCCC)COP(=O)(O)OC1C(O)C(O)C(O)C(O)C1O,[M-H]-,PI 18:2_20:4,"PI 18:2(6,9)_20:4(8,11,14,17)",0.8545000000000003,0.09419624999996756,0.012431988132179337,0.7048817893189876,Some,Some,19363.736263736264,0.0,0.0,0.0,,,0.0,0.0,0.0,0.0,0.0,0.0,0.0,0.0,0.0,0.0,0.0,0.0
3873,6.271,881.51831,881.51855,0.2722574584079852,C47H79O13P,CCCCCC=CCC=CCC=CCC=CCCCC(=O)OC(COC(=O)CCCCCCCC=CCC=CCCCCC)COP(=O)(O)OC1C(O)C(O)C(O)C(O)C1O,[M-H]-,PI 18:2_20:4,"PI 18:2(9,12)_20:4(5,8,11,14)",0.8645,0.13543499999991582,0.0338259484847549,0.7001453536363468,Some,Some,11412.08791208791,0.0,0.0,0.0,,,0.0,0.0,0.0,0.0,0.0,0.0,0.0,0.0,0.0,0.0,0.0,0.0
3873,6.271,881.51831,881.51855,0.2722574584079852,C47H79O13P,CCCCCC=CCC=CCC=CCC=CCCCC(=O)OC(COC(=O)CCCCC=CCC=CCCCCCCCC)COP(=O)(O)OC1C(O)C(O)C(O)C(O)C1O,[M-H]-,PI 18:2_20:4,"PI 18:2(6,9)_20:4(5,8,11,14)",0.7951428571428573,0.15259142857134325,0.01932911341985994,0.6109516306493709,Some,Some,11412.08791208791,0.0,0.0,0.0,,,0.0,0.0,0.0,158000.0,0.0,0.0,0.0,0.0,0.0,0.0,0.0,0.0
3887,6.277,747.51815,747.51816,0.013377601387974879,C40H77O10P,CCCCCCC=CCCCCCCCCCC(=O)OC(COC(=O)CCCCCCCCCCCCCCC)COP(=O)(O)OCC(O)CO,[M-H]-,PG 16:0_18:1,PG 16:0_18:1(11),0.8280000000000003,0.5302500000000236,0.0,0.3209999999999814,All,None,,,25535.07565337001,45400.0,100000.0,123000.0,145000.0,133000.0,102000.0,,,67782.66850068777,172000.0,133000.0,,,142000.0,99100.0
3887,6.277,747.51815,747.51816,0.013377601387974879,C40H77O10P,CCCCCCCCCCCC=CCCCCC(=O)OC(COC(=O)CCCCCCCCCCCCCCC)COP(=O)(O)OCC(O)CO,[M-H]-,PG 16:0_18:1,PG 16:0_18:1(6),0.8200000000000003,0.8417899999999463,0.0,0.06456800000004326,All,None,,,76464.92434662998,0.0,0.0,0.0,0.0,0.0,0.0,,,61217.33149931225,0.0,0.0,,,0.0,0.0
3891,6.279,748.52167,748.52866,9.338319791220027,C43H76NO7P,CCCCCCCCCCCCCCCC(=O)OC(COCCCC=CCC=CCC=CCC=CCC=CCC=CCC)COP(=O)(O)OCCN,[M-H]-,PE O-22:6_16:0,"PE O-22:6(4,7,10,13,16,19)_16:0",0.9088571428571426,0.27718285714287766,0.004586614132959711,0.6003530955767901,Some,Some,,,45900.0,18400.0,34500.0,,,55800.0,54600.0,,19800.0,58700.0,66600.0,54300.0,28000.0,57800.0,60400.0,58200.0
3938,6.305,771.51793,771.51816,0.2981135272146284,C42H77O10P,CCCCCC=CCC=CCCCCCCCC(=O)OC(COC(=O)CCCCCCCC=CCCCCCCCC)COP(=O)(O)OCC(O)CO,[M-H]-,PG 18:1_18:2,"PG 18:1(9)_18:2(9,12)",0.8799999999999999,0.05224499999997079,0.0,0.7502040000000233,Some,None,0.0,14233.333333333336,12401.52963671128,0.0,21466.666666666668,0.0,0.0,29750.778816199378,0.0,0.0,,15361.447678992921,20220.313862249346,14346.698906644237,8469.6302366076,18016.198189614104,,16193.487149532708
3938,6.305,771.51793,771.51816,0.2981135272146284,C42H77O10P,CCCCCC=CCC=CCCCCCCCC(=O)OC(COC(=O)CCCCCCCCCC=CCCCCCC)COP(=O)(O)OCC(O)CO,[M-H]-,PG 18:1_18:2,"PG 18:1(11)_18:2(9,12)",0.7832000000000005,0.059632000000010524,0.0,0.6571743999999919,All,None,0.0,0.0,4897.705544933078,0.0,0.0,16341.065830721003,17620.255474452555,0.0,25550.0,0.0,,0.0,13319.529206625983,14992.052144659378,11594.858137867457,15783.515959980945,,18913.454049844233
3938,6.305,771.51793,771.51816,0.2981135272146284,C42H77O10P,CCCCCCCCC=CCC=CCCCCC(=O)OC(COC(=O)CCCCCCCCCC=CCCCCCC)COP(=O)(O)OCC(O)CO,[M-H]-,PG 18:1_18:2,"PG 18:1(11)_18:2(6,9)",0.8566666666666674,0.333590000000072,0.0,0.5041279999999431,Some,None,0.0,14233.333333333336,12401.52963671128,33300.0,21466.666666666668,0.0,0.0,29750.778816199378,0.0,0.0,,29019.27616050354,20220.313862249346,14346.698906644237,17464.50885998156,24021.59758615214,,19452.394859813085
3938,6.305,771.51793,771.51816,0.2981135272146284,C42H77O10P,CCCCCC=CCC=CCCCCCCCC(=O)OC(COC(=O)CCCCC=CCCCCCCCCCCC)COP(=O)(O)OCC(O)CO,[M-H]-,PG 18:1_18:2,"PG 18:1(6)_18:2(9,12)",0.7233333333333336,0.23020833333333712,0.0,0.46683333333333055,All,None,0.0,0.0,4897.705544933078,33300.0,0.0,19816.92789968652,17620.255474452555,0.0,25550.0,0.0,,13657.828481510622,13319.529206625983,14992.052144659378,20589.73676124142,21788.915356518977,,22172.361760124604
3938,6.305,771.51793,771.51816,0.2981135272146284,C42H77O10P,CCCCCCCCC=CCC=CCCCCC(=O)OC(COC(=O)CCCCC=CCCCCCCCCCCC)COP(=O)(O)OCC(O)CO,[M-H]-,PG 18:1_18:2,"PG 18:1(6)_18:2(6,9)",0.8406666666666668,0.36358000000003204,0.0,0.4657359999999744,Some,None,0.0,14233.333333333336,12401.52963671128,0.0,21466.666666666668,0.0,0.0,20498.442367601245,0.0,0.0,,15361.447678992921,20220.313862249346,14346.698906644237,0.0,4715.896458631094,,0.0
3938,6.305,771.51793,771.51816,0.2981135272146284,C42H77O10P,CCCCCCCCC=CCC=CCCCCC(=O)OC(COC(=O)CCCCCCCC=CCCCCCCCC)COP(=O)(O)OCC(O)CO,[M-H]-,PG 18:1_18:2,"PG 18:1(9)_18:2(6,9)",0.9660000000000011,0.8362900000000764,0.0,0.20036799999993982,Some,None,0.0,0.0,0.0,0.0,0.0,7042.006269592476,8059.489051094889,0.0,0.0,0.0,,0.0,0.0,5675.798990748528,5981.266004301956,8473.876449102749,,9768.302180685358
3958,6.314,719.48623,719.48686,0.8756240523989814,C38H73O10P,CCCCCCCCC=CCCCCCCCC(=O)OC(COC(=O)CCCCCCCCCCCCC)COP(=O)(O)OCC(O)CO,[M-H]-,PG 14:0_18:1,PG 14:0_18:1(9),0.8770000000000007,0.0978600000000256,0.0,0.7110119999999801,All,None,,,0.0,0.0,0.0,,,,0.0,,0.0,,,0.0,0.0,0.0,0.0,0.0
3958,6.314,719.48623,719.48686,0.8756240523989814,C38H73O10P,CCCCCCCCCCCC=CCCCCC(=O)OC(COC(=O)CCCCCCCCCCCCC)COP(=O)(O)OCC(O)CO,[M-H]-,PG 14:0_18:1,PG 14:0_18:1(6),0.859,0.49600999999995565,0.0,0.37629200000003543,All,None,,,0.0,0.0,0.0,,,,0.0,,0.0,,,0.0,0.0,0.0,0.0,0.0
3963,6.314,909.55053,909.54985,0.7476225739451967,C49H83O13P,CCC=CCC=CCC=CCC=CCC=CCCCCCC(=O)OC(COC(=O)CCCCCCCCCC=CCCCCCC)COP(=O)(O)OC1C(O)C(O)C(O)C(O)C1O,[M-H]-,PI 18:1_22:5,"PI 18:1(11)_22:5(7,10,13,16,19)",0.8558181818181819,0.1710663636363382,0.007449464544488576,0.6400877908173329,All,Some,0.0,12950.953982498366,8263.431036997006,0.0,8399.783817171094,14324.153666823737,10848.602143941598,7499.794725217618,7268.970852579127,0.0,4208.693836091096,11113.382864666604,7900.052465897165,13443.097315892792,9912.107697390156,7808.33606495373,13578.33734368116,13332.126771621008
3963,6.314,909.55053,909.54985,0.7476225739451967,C49H83O13P,CCC=CCC=CCC=CCC=CCC=CCCCCCC(=O)OC(COC(=O)CCCCC=CCCCCCCCCCCC)COP(=O)(O)OC1C(O)C(O)C(O)C(O)C1O,[M-H]-,PI 18:1_22:5,"PI 18:1(6)_22:5(7,10,13,16,19)",0.8082222222222225,0.11809222222218017,0.0019662919890343785,0.6346958850123872,Some,Some,0.0,2974.595533736073,5027.248084956723,0.0,6274.5753551575035,5181.411671337516,2957.6149799868112,10131.183578017408,3625.907301645088,0.0,1855.4609403924474,12190.520078999341,12575.288562434416,10544.183786515325,7199.364056821936,8455.984770165664,11077.683261598944,11728.84591545804
3963,6.314,909.55053,909.54985,0.7476225739451967,C49H83O13P,CCCCCC=CCC=CCC=CCC=CCC=CCCC(=O)OC(COC(=O)CCCCCCCCCC=CCCCCCC)COP(=O)(O)OC1C(O)C(O)C(O)C(O)C1O,[M-H]-,PI 18:1_22:5,"PI 18:1(11)_22:5(4,7,10,13,16)",0.9058000000000002,0.24058449999999992,0.0032787215660183126,0.6257032494094167,All,Some,0.0,6602.139088576119,8016.761453803067,0.0,8399.783817171094,8094.709952630142,6626.613707117333,8046.262180070157,6302.942046462945,0.0,4481.367774518459,10362.53174080692,8534.71493529206,12177.893529766185,9912.107697390156,7808.33606495373,8628.189921035686,14224.387422007356
3963,6.314,909.55053,909.54985,0.7476225739451967,C49H83O13P,CCCCCC=CCC=CCC=CCC=CCC=CCCC(=O)OC(COC(=O)CCCCCCCC=CCCCCCCCC)COP(=O)(O)OC1C(O)C(O)C(O)C(O)C1O,[M-H]-,PI 18:1_22:5,"PI 18:1(9)_22:5(4,7,10,13,16)",0.8564444444444447,0.18731055555555384,0.0,0.6209515555555571,Some,Some,0.0,739.3531727688604,3004.4219700283925,0.0,4300.9419394688075,2537.727238907765,1373.6746054871408,7014.569312719241,2724.5443582334065,0.0,1197.5640550983017,6608.276121508512,8277.194823364813,6356.7277603933835,4607.094482986455,5509.011825815075,6125.461754837834,7191.859840502458
3963,6.314,909.55053,909.54985,0.7476225739451967,C49H83O13P,CCC=CCC=CCC=CCC=CCC=CCCCCCC(=O)OC(COC(=O)CCCCCCCC=CCCCCCCCC)COP(=O)(O)OC1C(O)C(O)C(O)C(O)C1O,[M-H]-,PI 18:1_22:5,"PI 18:1(9)_22:5(7,10,13,16,19)",0.806888888888889,0.18297333333330495,0.005461877147687912,0.5847370227662753,Some,Some,0.0,6602.139088576119,9781.39770280587,0.0,8399.783817171094,8449.299372535403,6847.068566258224,9144.581005586593,6302.942046462945,0.0,5238.3219890069195,11113.382864666604,7900.052465897165,10590.861207751064,11590.4360753221,7808.33606495373,11285.783034534175,14825.866699723152
3963,6.314,909.55053,909.54985,0.7476225739451967,C49H83O13P,CCCCCC=CCC=CCC=CCC=CCC=CCCC(=O)OC(COC(=O)CCCCC=CCCCCCCCCCCC)COP(=O)(O)OC1C(O)C(O)C(O)C(O)C1O,[M-H]-,PI 18:1_22:5,"PI 18:1(6)_22:5(4,7,10,13,16)",0.818947368421053,0.23593578947365682,0.0,0.5483040000000222,Some,Some,0.0,930.8191338444617,5406.739751408939,0.0,5125.131253860408,3712.698097765432,1546.4259972088887,9963.609198388982,2774.6933946164872,0.0,1718.5914048927748,11311.906329352018,11812.696747114373,10087.23639968125,7078.889990089197,7909.9952091580735,10504.544684312194,10996.913350687988
3993,6.324,819.51825,819.51816,0.10982062923431193,C46H77O10P,CCC=CCC=CCC=CCC=CCC=CCC=CCCC(=O)OC(COC(=O)CCCCCCCCCC=CCCCCCC)COP(=O)(O)OCC(O)CO,[M-H]-,PG 18:1_22:6,"PG 18:1(11)_22:6(4,7,10,13,16,19)",0.8748333333333337,0.2231141666666853,0.04794537744804295,0.6520095063698909,All,Some,27100.0,0.0,0.0,0.0,0.0,0.0,0.0,0.0,0.0,125333.33333333333,0.0,0.0,0.0,0.0,0.0,0.0,0.0,0.0
3993,6.324,819.51825,819.51816,0.10982062923431193,C46H77O10P,CCC=CCC=CCC=CCC=CCC=CCC=CCCC(=O)OC(COC(=O)CCCCCCCC=CCCCCCCCC)COP(=O)(O)OCC(O)CO,[M-H]-,PG 18:1_22:6,"PG 18:1(9)_22:6(4,7,10,13,16,19)",0.883636363636364,0.2417890909091098,0.05230404812513776,0.6489150978580638,Some,Some,27100.0,0.0,0.0,0.0,0.0,0.0,0.0,0.0,0.0,125333.33333333333,0.0,0.0,0.0,0.0,0.0,0.0,0.0,0.0
3993,6.324,819.51825,819.51816,0.10982062923431193,C46H77O10P,CCC=CCC=CCC=CCC=CCC=CCC=CCCC(=O)OC(COC(=O)CCCCC=CCCCCCCCCCCC)COP(=O)(O)OCC(O)CO,[M-H]-,PG 18:1_22:6,"PG 18:1(6)_22:6(4,7,10,13,16,19)",0.8654545454545457,0.3056400000000188,0.05385968622703053,0.5828708085134037,Some,Some,27100.0,0.0,0.0,0.0,0.0,0.0,0.0,0.0,0.0,125333.33333333333,0.0,0.0,0.0,0.0,0.0,0.0,0.0,0.0
4014,6.338,885.55056,885.54985,0.8017617529113824,C47H83O13P,CCCCCCCCC=CCC=CCC=CCCCC(=O)OC(COC(=O)CCCCCCCC=CCCCCCCCC)COP(=O)(O)OC1C(O)C(O)C(O)C(O)C1O,[M-H]-,PI 18:1_20:3,"PI 18:1(9)_20:3(5,8,11)",0.9693333333333337,0.1577466666666396,0.02006543700921677,0.7642615599749837,Some,Some,,0.0,19864.86486486487,10966.775854000936,59289.46650293354,0.0,12871.874429640446,22342.91388536437,19779.969650986342,0.0,17558.888190954774,9556.374913852516,35803.35870765297,35243.575627895385,20849.056603773588,23065.09097730257,27369.504950495055,0.0
4014,6.338,885.55056,885.54985,0.8017617529113824,C47H83O13P,CCC=CCC=CCC=CCCCCCCCCCC(=O)OC(COC(=O)CCCCCCCC=CCCCCCCCC)COP(=O)(O)OC1C(O)C(O)C(O)C(O)C1O,[M-H]-,PI 18:1_20:3,"PI 18:1(9)_20:3(11,14,17)",0.8875999999999997,0.09420000000000073,0.0,0.7234799999999992,Some,None,,162020.42384978588,9932.432432432435,21992.51286850725,69859.97407559013,142484.8101265823,149064.61033035227,29974.89932145418,132565.75619625696,0.0,8779.444095477387,15413.507925568574,33814.283223894476,32239.379271662132,12678.06603773585,29310.07315700619,26960.132013201324,16008.328834734326
4014,6.338,885.55056,885.54985,0.8017617529113824,C47H83O13P,CCCCCCCCC=CCC=CCC=CCCCC(=O)OC(COC(=O)CCCCCCCCCC=CCCCCCC)COP(=O)(O)OC1C(O)C(O)C(O)C(O)C1O,[M-H]-,PI 18:1_20:3,"PI 18:1(11)_20:3(5,8,11)",0.9403333333333336,0.1920749999999316,0.01661509716841117,0.7075935874516249,All,Some,,98422.75172943888,112236.4864864865,60022.46139447823,59028.00518488197,92111.39240506329,103431.7393684979,137220.88597120316,85413.50531107739,0.0,78949.35615577889,167082.42591316337,177510.77924341915,178107.44333880383,121277.12264150943,143123.24141812042,156146.53465346535,164930.67016272075
4014,6.338,885.55056,885.54985,0.8017617529113824,C47H83O13P,CCC=CCC=CCC=CCCCCCCCCCC(=O)OC(COC(=O)CCCCCCCCCC=CCCCCCC)COP(=O)(O)OC1C(O)C(O)C(O)C(O)C1O,[M-H]-,PI 18:1_20:3,"PI 18:1(11)_20:3(11,14,17)",0.8331428571428567,0.09250857142855498,0.008862193226921767,0.6837976881899567,All,Some,,29564.071593279892,24831.08108108108,18248.479176415538,62451.90339746212,26146.202531645573,43183.062602664715,26103.60236111877,40858.62417804755,0.0,16771.19974874372,36096.967608545834,36087.512348189906,38428.23607619919,31043.632075471698,26546.614143687864,31931.089108910895,20496.64533045423
4014,6.338,885.55056,885.54985,0.8017617529113824,C47H83O13P,CCCCCC=CCC=CCC=CCCCCCCC(=O)OC(COC(=O)CCCCCCCC=CCCCCCCCC)COP(=O)(O)OC1C(O)C(O)C(O)C(O)C1O,[M-H]-,PI 18:1_20:3,"PI 18:1(9)_20:3(8,11,14)",0.7984000000000002,0.11973399999999401,0.045938799710717834,0.6641177197396511,Some,Some,,0.0,0.0,4982.218062704727,0.0,0.0,0.0,7831.08070833563,0.0,0.0,0.0,4227.705031013094,0.0,4002.056630035109,8002.358490566039,6027.386981804539,3099.5379537953795,0.0
4014,6.338,885.55056,885.54985,0.8017617529113824,C47H83O13P,CCCCCCCCC=CCC=CCC=CCCCC(=O)OC(COC(=O)CCCCC=CCCCCCCCCCCC)COP(=O)(O)OC1C(O)C(O)C(O)C(O)C1O,[M-H]-,PI 18:1_20:3,"PI 18:1(6)_20:3(5,8,11)",0.8660000000000003,0.16642399999996088,0.012039262205530064,0.6570961359850087,Some,Some,,35570.00109805645,14898.64864864865,12765.091249415069,10271.694637740482,26146.202531645573,43016.97390034678,32474.651072985045,30968.639352554375,0.0,12603.015075376885,32148.17367332874,36854.727177639616,45795.41724660864,27992.924528301886,31660.101294316268,32048.052805280528,25733.014575460784
4014,6.338,885.55056,885.54985,0.8017617529113824,C47H83O13P,CCCCCC=CCC=CCC=CCCCCCCC(=O)OC(COC(=O)CCCCCCCCCC=CCCCCCC)COP(=O)(O)OC1C(O)C(O)C(O)C(O)C1O,[M-H]-,PI 18:1_20:3,"PI 18:1(11)_20:3(8,11,14)",0.7977142857142859,0.12457857142856353,0.032813428364798454,0.6478120855283251,All,Some,,0.0,9932.432432432435,5483.387927000468,52180.20875972165,0.0,0.0,11171.456942682185,9889.984825493171,0.0,8779.444095477387,0.0,17901.679353826486,17621.787813947692,10424.528301886794,11532.545488651285,16784.29042904291,0.0
4014,6.338,885.55056,885.54985,0.8017617529113824,C47H83O13P,CCCCCC=CCC=CCC=CCCCCCCC(=O)OC(COC(=O)CCCCC=CCCCCCCCCCCC)COP(=O)(O)OC1C(O)C(O)C(O)C(O)C1O,[M-H]-,PI 18:1_20:3,"PI 18:1(6)_20:3(8,11,14)",0.7870000000000003,0.13445166666665878,0.038282333092264864,0.6351927664497116,Some,Some,,0.0,0.0,0.0,0.0,0.0,0.0,7831.08070833563,0.0,0.0,0.0,0.0,0.0,4002.056630035109,2253.537735849057,6027.386981804539,3099.5379537953795,0.0
4014,6.338,885.55056,885.54985,0.8017617529113824,C47H83O13P,CCC=CCC=CCC=CCCCCCCCCCC(=O)OC(COC(=O)CCCCC=CCCCCCCCCCCC)COP(=O)(O)OC1C(O)C(O)C(O)C(O)C1O,[M-H]-,PI 18:1_20:3,"PI 18:1(6)_20:3(11,14,17)",0.7639999999999998,0.09383499999998435,0.007754419073556546,0.6195109771662133,All,Some,,98422.75172943888,102304.05405405407,54539.07346747777,51918.74744167008,92111.39240506329,103431.7393684979,126049.42902852097,75523.52048558422,0.0,65558.65263819095,161474.84493452794,151027.6599453774,155560.04736481293,103478.77358490566,128707.55955730633,145561.3201320132,160831.3410966299
4036,6.349,857.51976,857.51855,1.4110481925021776,C45H79O13P,CCC=CCC=CCC=CCC=CCCCCCCC(=O)OC(COC(=O)CCCCCCCCCCCCCCC)COP(=O)(O)OC1C(O)C(O)C(O)C(O)C1O,[M-H]-,PI 16:0_20:4,"PI 16:0_20:4(8,11,14,17)",0.7497500000000001,0.12824874999998315,0.17313140970574475,0.7279942687351839,All,Some,0.0,0.0,0.0,1651.1839575130482,0.0,0.0,0.0,0.0,0.0,0.0,2040.347465731591,0.0,0.0,0.0,0.0,0.0,3522.703583061889,0.0
4036,6.349,857.51976,857.51855,1.4110481925021776,C45H79O13P,CCCCCC=CCC=CCC=CCC=CCCCC(=O)OC(COC(=O)CCCCCCCCCCCCCCC)COP(=O)(O)OC1C(O)C(O)C(O)C(O)C1O,[M-H]-,PI 16:0_20:4,"PI 16:0_20:4(5,8,11,14)",0.8179999999999998,0.25762124999995706,0.13242799900346655,0.649288199103154,All,Some,13100.0,0.0,0.0,3328.8160424869516,0.0,0.0,0.0,0.0,0.0,14600.0,1369.6525342684092,0.0,0.0,0.0,0.0,0.0,4147.29641693811,0.0
4045,6.355,743.48647,743.48686,0.5245553363577122,C40H73O10P,CCCCCC=CCC=CCCCCCCCC(=O)OC(COC(=O)CCCCCC=CCCCCCCCC)COP(=O)(O)OCC(O)CO,[M-H]-,PG 16:1_18:2,"PG 16:1(7)_18:2(9,12)",0.9313333333333329,0.07716666666658512,0.0,0.7764666666667316,Some,None,,,0.0,0.0,,,,,,,,0.0,,,0.0,0.0,0.0,0.0
4045,6.355,743.48647,743.48686,0.5245553363577122,C40H73O10P,CCCCCCCCC=CCC=CCCCCC(=O)OC(COC(=O)CCCCCC=CCCCCCCCC)COP(=O)(O)OCC(O)CO,[M-H]-,PG 16:1_18:2,"PG 16:1(7)_18:2(6,9)",0.8399999999999999,0.11017999999990025,0.0,0.6678560000000797,Some,None,,,0.0,0.0,,,,,,,,0.0,,,0.0,0.0,0.0,0.0
4045,6.355,743.48647,743.48686,0.5245553363577122,C40H73O10P,CCCCCC=CCC=CCCCCCCCC(=O)OC(COC(=O)CCCCCCCC=CCCCCCC)COP(=O)(O)OCC(O)CO,[M-H]-,PG 16:1_18:2,"PG 16:1(9)_18:2(9,12)",0.6686666666666667,0.04353333333328161,0.0,0.5669733333333747,Some,None,,,0.0,0.0,,,,,,,,0.0,,,0.0,0.0,0.0,0.0
4045,6.355,743.48647,743.48686,0.5245553363577122,C40H73O10P,CCCCCC=CCC=CCCCCCCCC(=O)OC(COC(=O)CCCCC=CCCCCCCCCC)COP(=O)(O)OCC(O)CO,[M-H]-,PG 16:1_18:2,"PG 16:1(6)_18:2(9,12)",0.8479999999999999,0.3068424999999593,0.0,0.5177260000000324,Some,None,,,0.0,0.0,,,,,,,,0.0,,,0.0,0.0,0.0,0.0
4045,6.355,743.48647,743.48686,0.5245553363577122,C40H73O10P,CCCCCCCCC=CCC=CCCCCC(=O)OC(COC(=O)CCCCCCCC=CCCCCCC)COP(=O)(O)OCC(O)CO,[M-H]-,PG 16:1_18:2,"PG 16:1(9)_18:2(6,9)",0.5773333333333337,0.08769333333323932,0.0,0.4494453333334089,All,None,,,0.0,0.0,,,,,,,,0.0,,,0.0,0.0,0.0,0.0
4045,6.355,743.48647,743.48686,0.5245553363577122,C40H73O10P,CCCCCCCCC=CCC=CCCCCC(=O)OC(COC(=O)CCCCC=CCCCCCCCCC)COP(=O)(O)OCC(O)CO,[M-H]-,PG 16:1_18:2,"PG 16:1(6)_18:2(6,9)",0.7795000000000001,0.33996249999992756,0.0,0.429580000000058,All,None,,,0.0,0.0,,,,,,,,0.0,,,0.0,0.0,0.0,0.0
4087,6.377,774.5374,774.54431,8.921374685391482,C45H78NO7P,CCCCCCCCC=CCCCCCCCC(=O)OC(COCCCC=CCC=CCC=CCC=CCC=CCC=CCC)COP(=O)(O)OCCN,[M-H]-,PE O-22:6_18:1,"PE O-22:6(4,7,10,13,16,19)_18:1(9)",0.7384444444444446,0.23372000000001159,0.06542089578457226,0.5365028062061058,Some,Some,0.0,128871.79487179487,81664.99660769272,29317.042081368952,73955.1518592109,116540.8163265306,156914.26563598032,77174.60317460317,119733.6698337292,,35410.75917546506,79081.53259487925,98890.93795228536,77626.23316994478,50611.65661785816,85815.97955874406,87509.21658986175,84325.85237347383
4087,6.377,774.5374,774.54431,8.921374685391482,C45H78NO7P,CCCCCCCCCCCC=CCCCCC(=O)OC(COCCCC=CCC=CCC=CCC=CCC=CCC=CCC)COP(=O)(O)OCCN,[M-H]-,PE O-22:6_18:1,"PE O-22:6(4,7,10,13,16,19)_18:1(6)",0.7137500000000001,0.24817875000002232,0.07359850775764379,0.5100706569818616,Some,Some,0.0,82833.33333333333,21346.119722352698,17063.68081019731,2663.638944081749,75535.71428571429,0.0,34703.514739229024,37505.34441805226,,13964.80643539467,50354.457962593064,43958.401419300615,31637.525594093197,25142.34855010049,41755.736818829544,32614.631336405528,39849.43512842596
4087,6.377,774.5374,774.54431,8.921374685391482,C45H78NO7P,CCCCCCC=CCCCCCCCCCC(=O)OC(COCCCC=CCC=CCC=CCC=CCC=CCC=CCC)COP(=O)(O)OCCN,[M-H]-,PE O-22:6_18:1,"PE O-22:6(4,7,10,13,16,19)_18:1(11)",0.6587272727272727,0.19872909090909988,0.053526187460104575,0.48204484144135973,Some,Some,0.0,159294.87179487178,105988.88366995458,33819.27710843373,199381.20919670735,136923.4693877551,226085.73436401965,109121.88208616781,175760.98574821852,,49824.43438914027,96564.00944252769,122150.66062841401,108736.24123596204,70245.99483204135,115428.28362242642,112876.15207373272,111824.71249810018
4089,6.378,773.53418,773.53381,0.4783242764467328,C42H79O10P,CCCCCCCCC=CCCCCCCCC(=O)OC(COC(=O)CCCCCCCC=CCCCCCCCC)COP(=O)(O)OCC(O)CO,[M-H]-,PG 18:1_18:1,PG 18:1(9)_18:1(9),0.6980000000000004,0.02607999999997901,0.0,0.6073360000000172,All,None,0.0,258333.3333333333,151333.33333333334,,,230000.00000000003,268333.3333333333,0.0,,,,160000.0,,0.0,46782.849239280775,99393.93939393939,,89545.01216545013
4089,6.378,773.53418,773.53381,0.4783242764467328,C42H79O10P,CCCCCCCCC=CCCCCCCCC(=O)OC(COC(=O)CCCCC=CCCCCCCCCCCC)COP(=O)(O)OCC(O)CO,[M-H]-,PG 18:1_18:1,PG 18:1(6)_18:1(9),0.5373333333333333,0.0957300000000411,0.0,0.4070159999999672,All,None,0.0,258333.3333333333,151333.33333333334,,,230000.00000000003,268333.3333333333,158333.3333333333,,,,160000.0,,0.0,100666.66666666666,173333.3333333333,,164666.66666666666
4089,6.378,773.53418,773.53381,0.4783242764467328,C42H79O10P,CCCCCCCCCCCC=CCCCCC(=O)OC(COC(=O)CCCCC=CCCCCCCCCCCC)COP(=O)(O)OCC(O)CO,[M-H]-,PG 18:1_18:1,PG 18:1(6)_18:1(6),0.45699999999999985,0.13055500000007214,0.0,0.3068559999999422,All,None,0.0,258333.3333333333,151333.33333333334,,,230000.00000000003,268333.3333333333,0.0,,,,160000.0,,158666.6666666667,46782.849239280775,99393.93939393939,,89545.01216545013
4089,6.378,773.53418,773.53381,0.4783242764467328,C42H79O10P,CCCCCCCCC=CCCCCCCCC(=O)OC(COC(=O)CCCCCCCCCC=CCCCCCC)COP(=O)(O)OCC(O)CO,[M-H]-,PG 18:1_18:1,PG 18:1(11)_18:1(9),0.6233333333333331,0.34555666666669066,0.0,0.28455466666664725,All,None,0.0,0.0,0.0,,,0.0,0.0,158333.3333333333,,,,0.0,,0.0,53883.8174273859,73939.39393939395,,75121.65450121654
4089,6.378,773.53418,773.53381,0.4783242764467328,C42H79O10P,CCCCCCCCCCCC=CCCCCC(=O)OC(COC(=O)CCCCCCCCCC=CCCCCCC)COP(=O)(O)OCC(O)CO,[M-H]-,PG 18:1_18:1,PG 18:1(11)_18:1(6),0.5214999999999996,0.3179250000000593,0.0,0.2150099999999522,All,None,0.0,0.0,0.0,,,0.0,0.0,158333.3333333333,,,,0.0,,158666.6666666667,53883.8174273859,73939.39393939395,,75121.65450121654
4089,6.378,773.53418,773.53381,0.4783242764467328,C42H79O10P,CCCCCCC=CCCCCCCCCCC(=O)OC(COC(=O)CCCCCCCCCC=CCCCCCC)COP(=O)(O)OCC(O)CO,[M-H]-,PG 18:1_18:1,PG 18:1(11)_18:1(11),0.5859999999999994,0.5052950000000465,0.0,0.1231639999999623,All,None,0.0,0.0,0.0,,,0.0,0.0,0.0,,,,0.0,,158666.6666666667,0.0,0.0,,0.0
4106,6.392,775.5402,775.54946,11.939921923131182,C42H81O10P,CCCCCCC=CCCCCCCCCCC(=O)OC(COC(=O)CCCCCCCCCCCCCCCCC)COP(=O)(O)OCC(O)CO,[M-H]-,PG 18:0_18:1,PG 18:0_18:1(11),0.9499999999999993,0.1065349999999512,0.0,0.7697720000000385,All,None,,0.0,0.0,0.0,11203.373493975903,47728.96471500581,30214.68574984443,0.0,0.0,,0.0,0.0,28859.363957597172,0.0,0.0,0.0,0.0,0.0
4106,6.392,775.5402,775.54946,11.939921923131182,C42H81O10P,CCCCCCCCC=CCCCCCCCC(=O)OC(COC(=O)CCCCCCCCCCCCCCCCC)COP(=O)(O)OCC(O)CO,[M-H]-,PG 18:0_18:1,PG 18:0_18:1(9),0.9140000000000006,0.5324200000000019,0.0,0.396663999999999,All,None,,0.0,0.0,0.0,17842.409638554218,33850.32958511051,19988.17672682016,0.0,0.0,,19000.0,0.0,25105.30035335689,0.0,0.0,0.0,38900.862068965514,0.0
4106,6.392,775.5402,775.54946,11.939921923131182,C42H81O10P,CCCCCCCCCCCC=CCCCCC(=O)OC(COC(=O)CCCCCCCCCCCCCCCCC)COP(=O)(O)OCC(O)CO,[M-H]-,PG 18:0_18:1,PG 18:0_18:1(6),0.5989999999999993,0.5097499999999968,0.0,0.13130000000000192,All,None,,0.0,0.0,0.0,28354.216867469877,5720.705699883676,49397.13752333541,0.0,0.0,,0.0,0.0,12435.335689045933,0.0,0.0,0.0,8599.137931034482,0.0
4171,6.443,746.5057,746.51301,9.792193708668643,C43H74NO7P,CCCCCCCCC=CCCCCCC(=O)OC(COCCCC=CCC=CCC=CCC=CCC=CCC=CCC)COP(=O)(O)OCCN,[M-H]-,PE O-22:6_16:1,"PE O-22:6(4,7,10,13,16,19)_16:1(7)",0.7605,0.049136249999989445,0.11666678300515362,0.7501411047046467,Some,Some,0.0,,0.0,0.0,0.0,0.0,,0.0,0.0,11533.333333333334,0.0,0.0,0.0,0.0,0.0,0.0,,0.0
4171,6.443,746.5057,746.51301,9.792193708668643,C43H74NO7P,CCCCCCC=CCCCCCCCC(=O)OC(COCCCC=CCC=CCC=CCC=CCC=CCC=CCC)COP(=O)(O)OCCN,[M-H]-,PE O-22:6_16:1,"PE O-22:6(4,7,10,13,16,19)_16:1(9)",0.7502222222222221,0.052787777777755056,0.1037038071156921,0.7263032041819186,Some,Some,90900.0,,0.0,0.0,0.0,0.0,,0.0,0.0,11533.333333333334,0.0,0.0,0.0,0.0,0.0,0.0,,0.0
4171,6.443,746.5057,746.51301,9.792193708668643,C43H74NO7P,CCCCCCCCCC=CCCCCC(=O)OC(COCCCC=CCC=CCC=CCC=CCC=CCC=CCC)COP(=O)(O)OCCN,[M-H]-,PE O-22:6_16:1,"PE O-22:6(4,7,10,13,16,19)_16:1(6)",0.6424444444444443,0.15259888888887316,0.1037038071156921,0.5494543152930242,Some,Some,0.0,,0.0,0.0,0.0,0.0,,0.0,0.0,11533.333333333334,0.0,0.0,0.0,0.0,0.0,0.0,,0.0
4172,6.444,883.53541,883.5342,1.3694999015328455,C47H81O13P,CCC=CCC=CCC=CCC=CCC=CCCCC(=O)OC(COC(=O)CCCCCCCCCCCCCCCCC)COP(=O)(O)OC1C(O)C(O)C(O)C(O)C1O,[M-H]-,PI 18:0_20:5,"PI 18:0_20:5(5,8,11,14,17)",0.758888888888889,0.14055777777778328,0.1834666781800603,0.7356737881398276,All,Some,,0.0,0.0,0.0,0.0,,0.0,0.0,0.0,,0.0,11800.0,0.0,0.0,0.0,0.0,0.0,0.0
4179,6.452,745.50235,745.50251,0.2146203371612876,C40H75O10P,CCCCCCCCC=CCCCCCCCC(=O)OC(COC(=O)CCCCCC=CCCCCCCCC)COP(=O)(O)OCC(O)CO,[M-H]-,PG 16:1_18:1,PG 16:1(7)_18:1(9),0.7680000000000007,0.07776000000001204,0.0,0.628991999999991,Some,None,69000.0,,,0.0,,,,0.0,,,,0.0,,0.0,0.0,0.0,,0.0
4179,6.452,745.50235,745.50251,0.2146203371612876,C40H75O10P,CCCCCCC=CCCCCCCCCCC(=O)OC(COC(=O)CCCCCC=CCCCCCCCC)COP(=O)(O)OCC(O)CO,[M-H]-,PG 16:1_18:1,PG 16:1(7)_18:1(11),0.6590000000000007,0.0408350000000155,0.0,0.5604319999999883,Some,None,69000.0,,,0.0,,,,0.0,,,,0.0,,0.0,0.0,0.0,,0.0
4179,6.452,745.50235,745.50251,0.2146203371612876,C40H75O10P,CCCCCCCCC=CCCCCCCCC(=O)OC(COC(=O)CCCCCCCC=CCCCCCC)COP(=O)(O)OCC(O)CO,[M-H]-,PG 16:1_18:1,PG 16:1(9)_18:1(9),0.6590000000000007,0.0408350000000155,0.0,0.5604319999999883,Some,None,69000.0,,,0.0,,,,0.0,,,,0.0,,0.0,0.0,0.0,,0.0
4179,6.452,745.50235,745.50251,0.2146203371612876,C40H75O10P,CCCCCCCCCCCC=CCCCCC(=O)OC(COC(=O)CCCCCC=CCCCCCCCC)COP(=O)(O)OCC(O)CO,[M-H]-,PG 16:1_18:1,PG 16:1(7)_18:1(6),0.7070000000000007,0.11074999999999591,0.0,0.547700000000004,Some,None,0.0,,,0.0,,,,0.0,,,,0.0,,0.0,0.0,0.0,,0.0
4179,6.452,745.50235,745.50251,0.2146203371612876,C40H75O10P,CCCCCCC=CCCCCCCCCCC(=O)OC(COC(=O)CCCCCCCC=CCCCCCC)COP(=O)(O)OCC(O)CO,[M-H]-,PG 16:1_18:1,PG 16:1(9)_18:1(11),0.5500000000000007,0.003910000000018954,0.0,0.4918719999999855,All,None,0.0,,,0.0,,,,0.0,,,,0.0,,0.0,0.0,0.0,,0.0
4179,6.452,745.50235,745.50251,0.2146203371612876,C40H75O10P,CCCCCCCCCCCC=CCCCCC(=O)OC(COC(=O)CCCCCCCC=CCCCCCC)COP(=O)(O)OCC(O)CO,[M-H]-,PG 16:1_18:1,PG 16:1(9)_18:1(6),0.5980000000000008,0.07382499999999936,0.0,0.4791400000000012,All,None,0.0,,,0.0,,,,0.0,,,,0.0,,0.0,0.0,0.0,,0.0
4179,6.452,745.50235,745.50251,0.2146203371612876,C40H75O10P,CCCCCCCCC=CCCCCCCCC(=O)OC(COC(=O)CCCCC=CCCCCCCCCC)COP(=O)(O)OCC(O)CO,[M-H]-,PG 16:1_18:1,PG 16:1(6)_18:1(9),0.5606666666666668,0.0981766666667454,0.0,0.4260586666666038,Some,None,0.0,,,0.0,,,,0.0,,,,0.0,,0.0,0.0,0.0,,0.0
4179,6.452,745.50235,745.50251,0.2146203371612876,C40H75O10P,CCCCCCC=CCCCCCCCCCC(=O)OC(COC(=O)CCCCC=CCCCCCCCCC)COP(=O)(O)OCC(O)CO,[M-H]-,PG 16:1_18:1,PG 16:1(6)_18:1(11),0.48800000000000016,0.07356000000008105,0.0,0.38035199999993524,All,None,0.0,,,0.0,,,,0.0,,,,0.0,,0.0,0.0,0.0,,0.0
4179,6.452,745.50235,745.50251,0.2146203371612876,C40H75O10P,CCCCCCCCCCCC=CCCCCC(=O)OC(COC(=O)CCCCC=CCCCCCCCCC)COP(=O)(O)OCC(O)CO,[M-H]-,PG 16:1_18:1,PG 16:1(6)_18:1(6),0.5200000000000001,0.12017000000006799,0.0,0.3718639999999458,All,None,0.0,,,0.0,,,,0.0,,,,0.0,,0.0,0.0,0.0,,0.0
4199,6.466,722.50895,722.51301,5.619275976748572,C41H74NO7P,CCCCCCCCC=CCCCCCC(=O)OC(COCCCCCCCC=CCC=CCC=CCC=CCC)COP(=O)(O)OCCN,[M-H]-,PE O-20:4_16:1,"PE O-20:4(8,11,14,17)_16:1(7)",0.6643999999999999,0.06092600000001767,0.25979118633188414,0.7830312676986815,Some,Some,,,23608.87357312083,17369.397759103646,0.0,,,,,0.0,0.0,23700.0,16833.333333333332,0.0,2627.5192834038317,,13500.0,4202.35294117647
4199,6.466,722.50895,722.51301,5.619275976748572,C41H74NO7P,CCCCCCCCCC=CCCCCC(=O)OC(COCCCCCCCC=CCC=CCC=CCC=CCC)COP(=O)(O)OCCN,[M-H]-,PE O-20:4_16:1,"PE O-20:4(8,11,14,17)_16:1(6)",0.5207999999999998,0.05717200000003686,0.25979118633188414,0.6567944676986661,Some,Some,,,2741.126426879173,3366.2815126050427,0.0,,,,,0.0,0.0,0.0,16833.333333333332,20850.0,2627.5192834038317,,13500.0,4202.35294117647
4199,6.466,722.50895,722.51301,5.619275976748572,C41H74NO7P,CCCCCCC=CCCCCCCCC(=O)OC(COCCCCCCCC=CCC=CCC=CCC=CCC)COP(=O)(O)OCCN,[M-H]-,PE O-20:4_16:1,"PE O-20:4(8,11,14,17)_16:1(9)",0.4843333333333331,0.048703333333359446,0.2164926552765701,0.5917807230822254,Some,Some,,,0.0,0.0,0.0,,,,,0.0,0.0,0.0,16833.333333333332,0.0,8008.459815874595,,13500.0,10517.058823529413
4199,6.466,722.50895,722.51301,5.619275976748572,C41H74NO7P,CCCCCCCCC=CCCCCCC(=O)OC(COCCCCC=CCC=CCC=CCC=CCCCCC)COP(=O)(O)OCCN,[M-H]-,PE O-20:4_16:1,"PE O-20:4(5,8,11,14)_16:1(7)",0.7376666666666661,0.16828666666668823,0.028267655728391225,0.5547115568222011,Some,Some,,,23608.87357312083,19301.038748832867,13400.000000000002,,,,,0.0,0.0,23700.0,0.0,0.0,8451.853694948994,,0.0,7421.176470588235
4199,6.466,722.50895,722.51301,5.619275976748572,C41H74NO7P,CCCCCCCCCC=CCCCCC(=O)OC(COCCCCC=CCC=CCC=CCC=CCCCCC)COP(=O)(O)OCCN,[M-H]-,PE O-20:4_16:1,"PE O-20:4(5,8,11,14)_16:1(6)",0.5603999999999996,0.18593600000006064,0.03392118687406947,0.3861402681866136,Some,Some,,,2741.126426879173,1931.640989729225,13400.000000000002,,,,,0.0,0.0,0.0,0.0,20850.0,8451.853694948994,,0.0,7421.176470588235
4199,6.466,722.50895,722.51301,5.619275976748572,C41H74NO7P,CCCCCCC=CCCCCCCCC(=O)OC(COCCCCC=CCC=CCC=CCC=CCCCCC)COP(=O)(O)OCCN,[M-H]-,PE O-20:4_16:1,"PE O-20:4(5,8,11,14)_16:1(9)",0.5173333333333329,0.1560066666667126,0.028267655728391225,0.3662355568221816,Some,Some,,,0.0,1931.640989729225,13400.000000000002,,,,,0.0,0.0,0.0,0.0,0.0,13832.794227419758,,0.0,13735.882352941177
4252,6.503,799.54986,799.54946,0.5002817461890082,C44H81O10P,CCCCCC=CCC=CCCCCCCCCCC(=O)OC(COC(=O)CCCCCCCCCC=CCCCCCC)COP(=O)(O)OCC(O)CO,[M-H]-,PG 18:1_20:2,"PG 18:1(11)_20:2(11,14)",0.8612000000000002,0.21386399999998956,0.0,0.6039888000000084,All,None,,0.0,0.0,0.0,0.0,0.0,0.0,0.0,0.0,,4074.9292230261094,0.0,0.0,0.0,0.0,0.0,0.0,0.0
4252,6.503,799.54986,799.54946,0.5002817461890082,C44H81O10P,CCCCCC=CCC=CCCCCCCCCCC(=O)OC(COC(=O)CCCCCCCC=CCCCCCCCC)COP(=O)(O)OCC(O)CO,[M-H]-,PG 18:1_20:2,"PG 18:1(9)_20:2(11,14)",0.8705000000000003,0.27716750000001866,0.0,0.5617159999999853,Some,None,,0.0,0.0,0.0,0.0,0.0,0.0,0.0,0.0,,5150.141553947782,0.0,0.0,0.0,0.0,0.0,0.0,0.0
4252,6.503,799.54986,799.54946,0.5002817461890082,C44H81O10P,CCCCCC=CCC=CCCCCCCCCCC(=O)OC(COC(=O)CCCCC=CCCCCCCCCCCC)COP(=O)(O)OCC(O)CO,[M-H]-,PG 18:1_20:2,"PG 18:1(6)_20:2(11,14)",0.8353333333333334,0.3485633333333074,0.0,0.4729493333333541,All,None,,0.0,0.0,0.0,0.0,0.0,0.0,0.0,0.0,,4074.9292230261094,0.0,0.0,0.0,0.0,0.0,0.0,0.0
4291,6.511,909.54989,909.54985,0.04397779848206951,C49H83O13P,CCC=CCC=CCC=CCC=CCC=CCC=CCCC(=O)OC(COC(=O)CCCCCCCCCCCCCCCCC)COP(=O)(O)OC1C(O)C(O)C(O)C(O)C1O,[M-H]-,PI 18:0_22:6,"PI 18:0_22:6(4,7,10,13,16,19)",0.8202000000000002,0.12850999999993745,0.0015164157071438538,0.6367367741364797,All,Some,,167000.0,394000.0,366000.0,184000.0,140000.0,157000.0,637000.0,149000.0,0.0,309000.0,573000.0,667000.0,798000.0,468000.0,664000.0,693000.0,604000.0
4318,6.518,859.53413,859.5342,0.08143945877969795,C45H81O13P,CCCCCCCCC=CCC=CCC=CCCCC(=O)OC(COC(=O)CCCCCCCCCCCCCCC)COP(=O)(O)OC1C(O)C(O)C(O)C(O)C1O,[M-H]-,PI 16:0_20:3,"PI 16:0_20:3(5,8,11)",0.9152000000000005,0.13202999999994064,0.0,0.718056000000048,All,None,,0.0,15611.014124742102,7975.644488092315,0.0,0.0,0.0,19091.349029416564,88716.20844357529,,15601.994105474385,47352.295128132915,12378.07163124364,0.0,30209.485863152255,47805.97383362132,36774.27753189274,64528.55543113103
4318,6.518,859.53413,859.5342,0.08143945877969795,C45H81O13P,CCCCCC=CCC=CCC=CCCCCCCC(=O)OC(COC(=O)CCCCCCCCCCCCCCC)COP(=O)(O)OC1C(O)C(O)C(O)C(O)C1O,[M-H]-,PI 16:0_20:3,"PI 16:0_20:3(8,11,14)",0.8273333333333331,0.10455833333331081,0.015061538914101322,0.6745087183560424,All,Some,,372912.2783267903,249533.72480558636,215978.59071937145,321387.1350984386,306232.3232323232,328133.4496293066,360647.05562503403,330197.4002070631,,195945.31886875277,308290.6223598986,393602.441244178,506466.23170516663,309937.7059229178,382718.39052085904,368013.9720558882,362479.2833146697
4318,6.518,859.53413,859.5342,0.08143945877969795,C45H81O13P,CCC=CCC=CCC=CCCCCCCCCCC(=O)OC(COC(=O)CCCCCCCCCCCCCCC)COP(=O)(O)OC1C(O)C(O)C(O)C(O)C1O,[M-H]-,PI 16:0_20:3,"PI 16:0_20:3(11,14,17)",0.7595999999999996,0.1008640000000014,0.07486395640517003,0.6703263607646516,All,Some,,306087.7216732097,116855.26106967145,92045.76479253621,171612.86490156144,261767.67676767678,341866.5503706934,161261.59534554946,208086.3913493616,,73452.68702577287,152357.08251196847,224019.48712457842,151533.76829483334,105852.80821392997,178475.63564551962,220211.7504122191,160992.16125419934
4327,6.521,911.56175,911.5655,4.113802025287107,C49H85O13P,CCC=CCC=CCC=CCC=CCC=CCCCCCC(=O)OC(COC(=O)CCCCCCCCCCCCCCCCC)COP(=O)(O)OC1C(O)C(O)C(O)C(O)C1O,[M-H]-,PI 18:0_22:5,"PI 18:0_22:5(7,10,13,16,19)",0.9655555555555557,0.09414444444444649,0.02410372470731021,0.8153777966810222,All,Some,,9558.774373259053,69728.81761608424,56286.92895229859,34317.96211626389,35654.94071146245,34963.22241681261,97027.8957740311,28179.7342192691,0.0,62344.6653889155,95324.98639085467,85539.63117069913,113324.0611961057,67080.91068301226,94887.19253604749,89049.42295832967,92423.30558858502
4327,6.521,911.56175,911.5655,4.113802025287107,C49H85O13P,CCCCCC=CCC=CCC=CCC=CCC=CCCC(=O)OC(COC(=O)CCCCCCCCCCCCCCCCC)COP(=O)(O)OC1C(O)C(O)C(O)C(O)C1O,[M-H]-,PI 18:0_22:5,"PI 18:0_22:5(4,7,10,13,16)",0.8425714285714285,0.1419749999999778,0.012537942208448,0.6560184337019066,All,Some,,64041.22562674095,44271.18238391574,35613.0710477014,28082.03788373612,26745.059288537555,36336.777583187395,88972.1042259689,41920.2657807309,0.0,22355.33461108449,63675.013609145346,95460.36882930085,96675.9388038943,59919.08931698773,89112.8074639525,100950.57704167035,75576.69441141498
4381,6.553,748.52437,748.52866,5.731243476995311,C43H76NO7P,CCCCCCCCCC=CCCCCC(=O)OC(COCCCC=CCC=CCC=CCC=CCC=CCCCCC)COP(=O)(O)OCCN,[M-H]-,PE O-22:5_16:1,"PE O-22:5(4,7,10,13,16)_16:1(6)",0.7532499999999998,0.03984124999996652,0.18450782870150467,0.8121090458313808,Some,Some,0.0,0.0,113.69613929397933,35.48165999690463,0.0,0.0,0.0,0.0,0.0,0.0,458.8045611739415,632.9170763684037,0.0,0.0,0.0,0.0,0.0,0.0
4381,6.553,748.52437,748.52866,5.731243476995311,C43H76NO7P,CCCCCCCCC=CCCCCCC(=O)OC(COCCCCCCC=CCC=CCC=CCC=CCC=CCC)COP(=O)(O)OCCN,[M-H]-,PE O-22:5_16:1,"PE O-22:5(7,10,13,16,19)_16:1(7)",0.8065714285714282,0.044377142857164084,0.09372897848363462,0.7747686520638253,Some,Some,0.0,0.0,978.0516475039487,607.8843220057927,0.0,0.0,0.0,0.0,0.0,0.0,1283.881671184223,863.6785753304927,0.0,0.0,594.7692419771973,0.0,0.0,0.0
4381,6.553,748.52437,748.52866,5.731243476995311,C43H76NO7P,CCCCCCCCC=CCCCCCC(=O)OC(COCCCC=CCC=CCC=CCC=CCC=CCCCCC)COP(=O)(O)OCCN,[M-H]-,PE O-22:5_16:1,"PE O-22:5(4,7,10,13,16)_16:1(7)",0.7367999999999997,0.05362199999999575,0.14760626296120374,0.7530680366650865,Some,Some,0.0,0.0,0.0,286.9840146808463,0.0,0.0,0.0,0.0,0.0,0.0,458.8045611739415,810.6839287665246,0.0,0.0,285.87039667795875,0.0,0.0,0.0
4381,6.553,748.52437,748.52866,5.731243476995311,C43H76NO7P,CCCCCCC=CCCCCCCCC(=O)OC(COCCCC=CCC=CCC=CCC=CCC=CCCCCC)COP(=O)(O)OCCN,[M-H]-,PE O-22:5_16:1,"PE O-22:5(4,7,10,13,16)_16:1(9)",0.6868000000000001,0.04933299999999008,0.14760626296120374,0.7114992366650914,Some,Some,0.0,0.0,3011.150497740881,3558.079992924893,0.0,0.0,0.0,0.0,0.0,0.0,1935.8468081129074,2252.8594449907137,0.0,0.0,3238.871890139511,0.0,0.0,0.0
4381,6.553,748.52437,748.52866,5.731243476995311,C43H76NO7P,CCCCCCCCCC=CCCCCC(=O)OC(COCCCCCCC=CCC=CCC=CCC=CCC=CCC)COP(=O)(O)OCCN,[M-H]-,PE O-22:5_16:1,"PE O-22:5(7,10,13,16,19)_16:1(6)",0.8112499999999996,0.1353812500000089,0.0820128561731803,0.6956315705558549,Some,Some,0.0,0.0,3242.7992873672993,3699.48484379491,0.0,0.0,0.0,0.0,0.0,0.0,2176.8155902420785,2368.240194471758,0.0,0.0,3470.1489818963323,0.0,0.0,0.0
4381,6.553,748.52437,748.52866,5.731243476995311,C43H76NO7P,CCCCCCC=CCCCCCCCC(=O)OC(COCCCCCCC=CCC=CCC=CCC=CCC=CCC)COP(=O)(O)OCCN,[M-H]-,PE O-22:5_16:1,"PE O-22:5(7,10,13,16,19)_16:1(9)",0.7346666666666665,0.13210555555557826,0.07290031659838249,0.6211258404940815,Some,Some,0.0,0.0,2954.3024280938907,3612.0851665966525,0.0,0.0,0.0,0.0,0.0,0.0,1935.8468081129074,2281.6207800721077,0.0,0.0,3310.339489309001,0.0,0.0,0.0
4395,6.556,831.50335,831.5029,0.5411887318742095,C43H77O13P,CCC=CCC=CCC=CCCCCCCCC(=O)OC(COC(=O)CCCCCCCCCCCCCCC)COP(=O)(O)OC1C(O)C(O)C(O)C(O)C1O,[M-H]-,PI 16:0_18:3,"PI 16:0_18:3(9,12,15)",0.9523333333333331,0.07753333333334922,0.0713366907074882,0.8592763549700598,All,Some,12400.0,0.0,0.0,0.0,0.0,0.0,0.0,0.0,0.0,16700.0,0.0,0.0,0.0,0.0,0.0,0.0,0.0,0.0
4395,6.556,831.50335,831.5029,0.5411887318742095,C43H77O13P,CCCCCC=CCC=CCC=CCCCCC(=O)OC(COC(=O)CCCCCCCCCCCCCCC)COP(=O)(O)OC1C(O)C(O)C(O)C(O)C1O,[M-H]-,PI 16:0_18:3,"PI 16:0_18:3(6,9,12)",0.8520000000000003,0.13578166666671146,0.14578095406172095,0.78937752532218,All,Some,0.0,0.0,0.0,0.0,0.0,0.0,0.0,0.0,0.0,0.0,0.0,0.0,0.0,0.0,0.0,0.0,0.0,0.0
4396,6.556,881.51835,881.51855,0.22688121531849317,C47H79O13P,CCC=CCC=CCC=CCC=CCC=CCC=CCCC(=O)OC(COC(=O)CCCCCCCCCCCCCCC)COP(=O)(O)OC1C(O)C(O)C(O)C(O)C1O,[M-H]-,PI 16:0_22:6,"PI 16:0_22:6(4,7,10,13,16,19)",0.8686,0.21631199999992531,0.011790146244329374,0.6193015316199562,All,Some,57100.0,0.0,0.0,0.0,0.0,0.0,0.0,0.0,0.0,515000.0,0.0,0.0,0.0,0.0,0.0,0.0,0.0,0.0
4425,6.575,800.55287,800.55996,8.856301032170022,C47H80NO7P,CCCCCC=CCC=CCCCCCCCCCC(=O)OC(COCCCC=CCC=CCC=CCC=CCC=CCC=CCC)COP(=O)(O)OCCN,[M-H]-,PE O-22:6_20:2,"PE O-22:6(4,7,10,13,16,19)_20:2(11,14)",0.8343999999999999,0.1447379999999953,0.2479318776953312,0.8583082899258019,Some,Some,0.0,0.0,0.0,0.0,21100.0,0.0,20200.0,0.0,0.0,0.0,0.0,0.0,19900.0,0.0,0.0,2000.0,15500.0,0.0
4433,6.576,799.54995,799.54946,0.6128451390779804,C44H81O10P,CCCCCC=CCC=CCCCCCCCCCC(=O)OC(COC(=O)CCCCCCCCCC=CCCCCCC)COP(=O)(O)OCC(O)CO,[M-H]-,PG 18:1_20:2,"PG 18:1(11)_20:2(11,14)",0.8332000000000004,0.22251400000002378,0.0,0.5718687999999814,All,None,,17643.11377245509,5808.974120275554,0.0,12800.0,10746.061922868006,14068.266666666666,10166.666666666666,16251.718044374633,,456.5146272412709,8730.218068535827,10996.56357388316,9430.35343035343,0.0,0.0,11033.333333333332,0.0
4433,6.576,799.54995,799.54946,0.6128451390779804,C44H81O10P,CCCCCC=CCC=CCCCCCCCCCC(=O)OC(COC(=O)CCCCC=CCCCCCCCCCCC)COP(=O)(O)OCC(O)CO,[M-H]-,PG 18:1_20:2,"PG 18:1(6)_20:2(11,14)",0.862666666666667,0.34862333333330753,0.0,0.4975013333333543,All,None,,22713.77245508982,7071.457829082108,0.0,12800.0,10746.061922868006,14591.466666666667,10166.666666666666,16251.718044374633,,576.9707455174585,8730.218068535827,10996.56357388316,10830.47223047223,0.0,0.0,11033.333333333332,0.0
4433,6.576,799.54995,799.54946,0.6128451390779804,C44H81O10P,CCCCCC=CCC=CCCCCCCCCCC(=O)OC(COC(=O)CCCCCCCC=CCCCCCCCC)COP(=O)(O)OCC(O)CO,[M-H]-,PG 18:1_20:2,"PG 18:1(9)_20:2(11,14)",0.8266666666666662,0.3441400000000006,0.0,0.4686879999999991,Some,None,,17643.11377245509,7919.56805064234,0.0,12800.0,14807.876154263988,14940.26666666667,10166.666666666666,20896.563911250734,,456.5146272412709,7339.5638629283485,15506.872852233677,12139.17433917434,0.0,0.0,11033.333333333332,0.0
4463,6.596,769.50186,769.50251,0.8447015982627663,C42H75O10P,CCCCCC=CCC=CCCCCCCCC(=O)OC(COC(=O)CCCCCCCC=CCC=CCCCCC)COP(=O)(O)OCC(O)CO,[M-H]-,PG 18:2_18:2,"PG 18:2(9,12)_18:2(9,12)",0.7380000000000001,0.03634333333339631,0.0,0.6351253333332831,All,None,,0.0,0.0,0.0,,,0.0,,,,,0.0,,,0.0,0.0,,0.0
4463,6.596,769.50186,769.50251,0.8447015982627663,C42H75O10P,CCCCCC=CCC=CCCCCCCCC(=O)OC(COC(=O)CCCCC=CCC=CCCCCCCCC)COP(=O)(O)OCC(O)CO,[M-H]-,PG 18:2_18:2,"PG 18:2(6,9)_18:2(9,12)",0.5660000000000001,0.19260200000003352,0.0,0.35531839999997317,Some,None,,0.0,0.0,0.0,,,0.0,,,,,0.0,,,0.0,0.0,,0.0
4463,6.596,769.50186,769.50251,0.8447015982627663,C42H75O10P,CCCCCCCCC=CCC=CCCCCC(=O)OC(COC(=O)CCCCC=CCC=CCCCCCCCC)COP(=O)(O)OCC(O)CO,[M-H]-,PG 18:2_18:2,"PG 18:2(6,9)_18:2(6,9)",0.43800000000000017,0.4755699999999763,0.07836076807312949,0.08426869126583562,All,Some,,0.0,0.0,0.0,,,0.0,,,,,0.0,,,0.0,0.0,,0.0
4501,6.615,885.54956,885.54985,0.3274801525288965,C47H83O13P,CCCCCC=CCC=CCC=CCCCCCCC(=O)OC(COC(=O)CCCCC=CCCCCCCCCCCC)COP(=O)(O)OC1C(O)C(O)C(O)C(O)C1O,[M-H]-,PI 18:1_20:3,"PI 18:1(6)_20:3(8,11,14)",0.9273333333333333,0.08378166666663371,0.0,0.767574666666693,Some,None,,77092.04130546784,68812.99075638605,0.0,82623.42691190707,76950.17123052168,75601.67233498688,102122.9684270255,83758.27871383961,0.0,0.0,95026.98363141697,127295.88518892252,0.0,0.0,0.0,0.0,0.0
4501,6.615,885.54956,885.54985,0.3274801525288965,C47H83O13P,CCCCCC=CCC=CCC=CCCCCCCC(=O)OC(COC(=O)CCCCCCCCCC=CCCCCCC)COP(=O)(O)OC1C(O)C(O)C(O)C(O)C1O,[M-H]-,PI 18:1_20:3,"PI 18:1(11)_20:3(8,11,14)",0.909714285714286,0.08092428571426678,0.012081691893517769,0.7648769512756101,All,Some,,116922.4738480837,54888.30633137858,0.0,81505.3242981607,107097.60827407886,119901.21959144766,63003.282940866535,96347.87184150625,0.0,0.0,74407.92114535478,72739.02156445042,0.0,0.0,0.0,0.0,0.0
4501,6.615,885.54956,885.54985,0.3274801525288965,C47H83O13P,CCCCCC=CCC=CCC=CCCCCCCC(=O)OC(COC(=O)CCCCCCCC=CCCCCCCCC)COP(=O)(O)OC1C(O)C(O)C(O)C(O)C1O,[M-H]-,PI 18:1_20:3,"PI 18:1(9)_20:3(8,11,14)",0.9003333333333332,0.07827333333331883,0.014095307209104064,0.7603671098215385,Some,Some,,228966.91530587108,74994.37183182586,0.0,161355.27589545012,198394.42159842662,226967.48478218485,91035.62598792203,198460.58817473662,0.0,0.0,98621.87235181303,92012.10898082744,0.0,0.0,0.0,0.0,0.0
4501,6.615,885.54956,885.54985,0.3274801525288965,C47H83O13P,CCC=CCC=CCC=CCCCCCCCCCC(=O)OC(COC(=O)CCCCCCCCCC=CCCCCCC)COP(=O)(O)OC1C(O)C(O)C(O)C(O)C1O,[M-H]-,PI 18:1_20:3,"PI 18:1(11)_20:3(11,14,17)",0.8822857142857148,0.049527142857121884,0.0032106630589773155,0.7573250253245255,All,Some,,85468.04650225119,79864.32760163005,0.0,87313.64956437558,84385.83944215985,87299.3522951281,116020.75142868725,103314.80274069753,0.0,0.0,108653.49449177108,136220.72728631762,0.0,0.0,0.0,0.0,0.0
4501,6.615,885.54956,885.54985,0.3274801525288965,C47H83O13P,CCC=CCC=CCC=CCCCCCCCCCC(=O)OC(COC(=O)CCCCCCCC=CCCCCCCCC)COP(=O)(O)OC1C(O)C(O)C(O)C(O)C1O,[M-H]-,PI 18:1_20:3,"PI 18:1(9)_20:3(11,14,17)",0.8870000000000001,0.0709433333333133,0.0015980912014065534,0.7429836154146154,Some,Some,,104802.54463185719,53046.416857171265,0.0,73402.7105517909,95794.19329106438,111696.59684162638,61973.817533336034,103172.62047744873,0.0,0.0,73332.14397216894,65663.56467466457,0.0,0.0,0.0,0.0,0.0
4501,6.615,885.54956,885.54985,0.3274801525288965,C47H83O13P,CCC=CCC=CCC=CCCCCCCCCCC(=O)OC(COC(=O)CCCCC=CCCCCCCCCCCC)COP(=O)(O)OC1C(O)C(O)C(O)C(O)C1O,[M-H]-,PI 18:1_20:3,"PI 18:1(6)_20:3(11,14,17)",0.8585000000000003,0.06712124999997116,0.002809330176605151,0.721481397158968,All,Some,,157955.3345429295,60340.29917503232,0.0,100992.25556631171,131773.2330247975,162440.69926131313,76417.21720098893,139131.80741910025,0.0,0.0,68598.72441015119,71741.6003288859,0.0,0.0,0.0,0.0,0.0
4501,6.615,885.54956,885.54985,0.3274801525288965,C47H83O13P,CCCCCCCCC=CCC=CCC=CCCCC(=O)OC(COC(=O)CCCCCCCC=CCCCCCCCC)COP(=O)(O)OC1C(O)C(O)C(O)C(O)C1O,[M-H]-,PI 18:1_20:3,"PI 18:1(9)_20:3(5,8,11)",0.9053333333333325,0.12627999999991366,0.0031961824028131068,0.7166525641626001,Some,Some,,78909.34749008804,62918.94443892258,0.0,82884.80154888674,72242.91353202492,90954.87728267226,84004.3772544887,87519.64585978519,0.0,0.0,99061.1480308639,98609.63486190527,0.0,0.0,0.0,0.0,0.0
4501,6.615,885.54956,885.54985,0.3274801525288965,C47H83O13P,CCCCCCCCC=CCC=CCC=CCCCC(=O)OC(COC(=O)CCCCC=CCCCCCCCCCCC)COP(=O)(O)OC1C(O)C(O)C(O)C(O)C1O,[M-H]-,PI 18:1_20:3,"PI 18:1(6)_20:3(5,8,11)",0.8775999999999993,0.11560799999992924,0.001917709441687864,0.6990795384975751,Some,Some,,87449.3201621755,41995.080011927246,0.0,61423.03969022266,79453.71274532727,91929.68394601737,48076.0345316743,77553.9617720737,0.0,0.0,59705.6331118148,52364.61486713757,0.0,0.0,0.0,0.0,0.0
4501,6.615,885.54956,885.54985,0.3274801525288965,C47H83O13P,CCCCCCCCC=CCC=CCC=CCCCC(=O)OC(COC(=O)CCCCCCCCCC=CCCCCCC)COP(=O)(O)OC1C(O)C(O)C(O)C(O)C1O,[M-H]-,PI 18:1_20:3,"PI 18:1(11)_20:3(5,8,11)",0.8513333333333328,0.1376666666665566,0.0015980912014065534,0.6575049487480201,All,Some,,282433.97621127614,96139.26299572608,0.0,198499.51597289447,243907.90686159904,283208.41366462316,119345.92469501076,240740.42300081212,0.0,0.0,126592.0788546452,117352.84224688864,0.0,0.0,0.0,0.0,0.0
4553,6.639,857.51887,857.51855,0.37316976989930484,C45H79O13P,CCC=CCC=CCC=CCCCCCCCC(=O)OC(COC(=O)CCCCCCCC=CCCCCCCCC)COP(=O)(O)OC1C(O)C(O)C(O)C(O)C1O,[M-H]-,PI 18:1_18:3,"PI 18:1(9)_18:3(9,12,15)",0.892,0.09176833333333434,0.034311848812908496,0.7602659972649503,Some,Some,0.0,0.0,0.0,0.0,0.0,0.0,0.0,0.0,0.0,0.0,0.0,0.0,0.0,0.0,0.0,853.1871662807728,0.0,0.0
4553,6.639,857.51887,857.51855,0.37316976989930484,C45H79O13P,CCC=CCC=CCC=CCCCCCCCC(=O)OC(COC(=O)CCCCCCCCCC=CCCCCCC)COP(=O)(O)OC1C(O)C(O)C(O)C(O)C1O,[M-H]-,PI 18:1_18:3,"PI 18:1(11)_18:3(9,12,15)",0.8699999999999997,0.08743499999999926,0.051467773219362745,0.7593729958974268,All,Some,0.0,0.0,0.0,0.0,0.0,0.0,0.0,0.0,0.0,0.0,0.0,0.0,0.0,0.0,0.0,2045.5738789396585,0.0,0.0
4553,6.639,857.51887,857.51855,0.37316976989930484,C45H79O13P,CCC=CCC=CCC=CCCCCCCCC(=O)OC(COC(=O)CCCCC=CCCCCCCCCCCC)COP(=O)(O)OC1C(O)C(O)C(O)C(O)C1O,[M-H]-,PI 18:1_18:3,"PI 18:1(6)_18:3(9,12,15)",0.8757499999999998,0.10476249999999254,0.025733886609681372,0.727525497948719,All,Some,0.0,0.0,0.0,0.0,0.0,0.0,0.0,0.0,0.0,0.0,0.0,0.0,0.0,0.0,0.0,0.0,0.0,0.0
4553,6.639,857.51887,857.51855,0.37316976989930484,C45H79O13P,CCCCCC=CCC=CCC=CCCCCC(=O)OC(COC(=O)CCCCC=CCCCCCCCCCCC)COP(=O)(O)OC1C(O)C(O)C(O)C(O)C1O,[M-H]-,PI 18:1_18:3,"PI 18:1(6)_18:3(6,9,12)",0.9440000000000002,0.2082300000000032,0.040376332475470025,0.7193546992279206,Some,Some,0.0,0.0,0.0,0.0,0.0,0.0,0.0,0.0,0.0,0.0,0.0,0.0,0.0,0.0,0.0,1192.3867126588857,0.0,0.0
4553,6.639,857.51887,857.51855,0.37316976989930484,C45H79O13P,CCCCCC=CCC=CCC=CCCCCC(=O)OC(COC(=O)CCCCCCCCCC=CCCCCCC)COP(=O)(O)OC1C(O)C(O)C(O)C(O)C1O,[M-H]-,PI 18:1_18:3,"PI 18:1(11)_18:3(6,9,12)",0.9289999999999999,0.29252333333334946,0.10158232190002396,0.6935054230433421,All,Some,31950.0,0.0,0.0,0.0,0.0,0.0,0.0,0.0,0.0,0.0,0.0,0.0,0.0,0.0,0.0,0.0,0.0,0.0
4553,6.639,857.51887,857.51855,0.37316976989930484,C45H79O13P,CCCCCC=CCC=CCC=CCCCCC(=O)OC(COC(=O)CCCCCCCC=CCCCCCCCC)COP(=O)(O)OC1C(O)C(O)C(O)C(O)C1O,[M-H]-,PI 18:1_18:3,"PI 18:1(9)_18:3(6,9,12)",0.9015999999999998,0.29486200000003465,0.08072456770453855,0.6482025109340569,Some,Some,31950.0,0.0,0.0,0.0,0.0,0.0,0.0,0.0,0.0,0.0,0.0,0.0,0.0,0.0,0.0,788.8522421206821,0.0,0.0
4570,6.654,907.53411,907.5342,0.09916981641038489,C49H81O13P,CCC=CCC=CCC=CCC=CCC=CCC=CCCC(=O)OC(COC(=O)CCCCCCCC=CCCCCCCCC)COP(=O)(O)OC1C(O)C(O)C(O)C(O)C1O,[M-H]-,PI 18:1_22:6,"PI 18:1(9)_22:6(4,7,10,13,16,19)",0.8826666666666667,0.12351833333326567,0.006571897414696554,0.7015000410066144,Some,Some,102000.0,0.0,0.0,0.0,0.0,0.0,0.0,0.0,0.0,235763.1491895468,0.0,0.0,0.0,0.0,0.0,0.0,0.0,0.0
4570,6.654,907.53411,907.5342,0.09916981641038489,C49H81O13P,CCC=CCC=CCC=CCC=CCC=CCC=CCCC(=O)OC(COC(=O)CCCCC=CCCCCCCCCCCC)COP(=O)(O)OC1C(O)C(O)C(O)C(O)C1O,[M-H]-,PI 18:1_22:6,"PI 18:1(6)_22:6(4,7,10,13,16,19)",0.8636666666666667,0.13606833333327017,0.01846945841866913,0.6850678459101861,Some,Some,0.0,0.0,0.0,0.0,0.0,0.0,0.0,0.0,0.0,79518.02844856105,0.0,0.0,0.0,0.0,0.0,0.0,0.0,0.0
4570,6.654,907.53411,907.5342,0.09916981641038489,C49H81O13P,CCC=CCC=CCC=CCC=CCC=CCC=CCCC(=O)OC(COC(=O)CCCCCCCCCC=CCCCCCC)COP(=O)(O)OC1C(O)C(O)C(O)C(O)C1O,[M-H]-,PI 18:1_22:6,"PI 18:1(11)_22:6(4,7,10,13,16,19)",0.8678571428571429,0.18893714285709556,0.022343787296352852,0.6500311228524698,All,Some,0.0,0.0,0.0,0.0,0.0,0.0,0.0,0.0,0.0,113718.82236189218,0.0,0.0,0.0,0.0,0.0,0.0,0.0,0.0
4604,6.671,835.53432,835.5342,0.1436206919171026,C43H81O13P,CCCCCCC=CCCCCCCCCCC(=O)OC(COC(=O)CCCCCCCCCCCCCCC)COP(=O)(O)OC1C(O)C(O)C(O)C(O)C1O,[M-H]-,PI 16:0_18:1,PI 16:0_18:1(11),0.9319999999999986,0.02553000000011707,0.0,0.8183759999999051,All,None,,0.0,,,,,,,338000.0,0.0,0.0,,,,,,,
4604,6.671,835.53432,835.5342,0.1436206919171026,C43H81O13P,CCCCCCCCCCCC=CCCCCC(=O)OC(COC(=O)CCCCCCCCCCCCCCC)COP(=O)(O)OC1C(O)C(O)C(O)C(O)C1O,[M-H]-,PI 16:0_18:1,PI 16:0_18:1(6),0.9429999999999996,0.13407499999999573,0.0,0.7414400000000031,All,None,,316000.0,,,,,,,0.0,0.0,0.0,,,,,,,
4604,6.671,835.53432,835.5342,0.1436206919171026,C43H81O13P,CCCCCCCCC=CCCCCCCCC(=O)OC(COC(=O)CCCCCCCCCCCCCCC)COP(=O)(O)OC1C(O)C(O)C(O)C(O)C1O,[M-H]-,PI 16:0_18:1,PI 16:0_18:1(9),0.9699999999999989,0.22310000000004493,0.0,0.6945199999999631,All,None,,0.0,,,,,,,0.0,0.0,280000.0,,,,,,,
4638,6.695,799.54975,799.54946,0.3627042660545706,C44H81O10P,CCCCCC=CCC=CCCCCCCCCCC(=O)OC(COC(=O)CCCCCCCCCC=CCCCCCC)COP(=O)(O)OCC(O)CO,[M-H]-,PG 18:1_20:2,"PG 18:1(11)_20:2(11,14)",0.8496000000000006,0.22317399999999452,0.08184974235770236,0.659765568121937,All,Some,,0.0,0.0,0.0,4641.491032857703,0.0,7476.5468312981775,0.0,0.0,,0.0,0.0,0.0,0.0,0.0,0.0,0.0,0.0
4638,6.695,799.54975,799.54946,0.3627042660545706,C44H81O10P,CCCCCC=CCC=CCCCCCCCCCC(=O)OC(COC(=O)CCCCC=CCCCCCCCCCCC)COP(=O)(O)OCC(O)CO,[M-H]-,PG 18:1_20:2,"PG 18:1(6)_20:2(11,14)",0.831,0.2864074999999957,0.10231217794712795,0.6108549601524186,All,Some,,0.0,0.0,0.0,2004.254483571148,0.0,4211.72658435091,0.0,0.0,,0.0,0.0,0.0,0.0,0.0,0.0,0.0,0.0
4638,6.695,799.54975,799.54946,0.3627042660545706,C44H81O10P,CCCCCC=CCC=CCCCCCCCCCC(=O)OC(COC(=O)CCCCCCCC=CCCCCCCCC)COP(=O)(O)OCC(O)CO,[M-H]-,PG 18:1_20:2,"PG 18:1(9)_20:2(11,14)",0.8446666666666669,0.36901000000000295,0.13641623726283728,0.5877666135365515,Some,Some,,0.0,0.0,0.0,2004.254483571148,0.0,4211.72658435091,0.0,0.0,,0.0,0.0,0.0,0.0,0.0,0.0,0.0,0.0
4678,6.716,771.5177,771.51816,0.5962270544292568,C42H77O10P,CCCCCCCCC=CCC=CCCCCC(=O)OC(COC(=O)CCCCC=CCCCCCCCCCCC)COP(=O)(O)OCC(O)CO,[M-H]-,PG 18:1_18:2,"PG 18:1(6)_18:2(6,9)",0.8800000000000003,0.4810399999999788,0.018336078148133143,0.4236704703333371,Some,Some,13822.609741431146,0.0,0.0,0.0,0.0,0.0,0.0,0.0,0.0,0.0,0.0,0.0,0.0,0.0,0.0,0.0,0.0,0.0
4678,6.716,771.5177,771.51816,0.5962270544292568,C42H77O10P,CCCCCC=CCC=CCCCCCCCC(=O)OC(COC(=O)CCCCCCCC=CCCCCCCCC)COP(=O)(O)OCC(O)CO,[M-H]-,PG 18:1_18:2,"PG 18:1(9)_18:2(9,12)",0.5146666666666668,0.05425333333331158,0.0,0.41979733333335095,Some,None,0.0,0.0,0.0,0.0,0.0,0.0,0.0,0.0,0.0,0.0,0.0,0.0,0.0,0.0,0.0,0.0,0.0,0.0
4678,6.716,771.5177,771.51816,0.5962270544292568,C42H77O10P,CCCCCCCCC=CCC=CCCCCC(=O)OC(COC(=O)CCCCCCCCCC=CCCCCCC)COP(=O)(O)OCC(O)CO,[M-H]-,PG 18:1_18:2,"PG 18:1(11)_18:2(6,9)",0.6960000000000002,0.27705750000001217,0.0,0.4047539999999904,Some,None,56588.695129284424,0.0,0.0,0.0,0.0,0.0,0.0,0.0,0.0,32150.0,0.0,0.0,0.0,0.0,0.0,0.0,0.0,0.0
4678,6.716,771.5177,771.51816,0.5962270544292568,C42H77O10P,CCCCCC=CCC=CCCCCCCCC(=O)OC(COC(=O)CCCCCCCCCC=CCCCCCC)COP(=O)(O)OCC(O)CO,[M-H]-,PG 18:1_18:2,"PG 18:1(11)_18:2(9,12)",0.399,0.049262499999997544,0.0,0.319690000000002,All,None,42766.08538785328,0.0,0.0,0.0,0.0,0.0,0.0,0.0,0.0,32150.0,0.0,0.0,0.0,0.0,0.0,0.0,0.0,0.0
4678,6.716,771.5177,771.51816,0.5962270544292568,C42H77O10P,CCCCCC=CCC=CCCCCCCCC(=O)OC(COC(=O)CCCCC=CCCCCCCCCCCC)COP(=O)(O)OCC(O)CO,[M-H]-,PG 18:1_18:2,"PG 18:1(6)_18:2(9,12)",0.5376000000000001,0.38301999999996494,0.014668862518506515,0.190625976266684,All,Some,13822.609741431146,0.0,0.0,0.0,0.0,0.0,0.0,0.0,0.0,0.0,0.0,0.0,0.0,0.0,0.0,0.0,0.0,0.0
4678,6.716,771.5177,771.51816,0.5962270544292568,C42H77O10P,CCCCCCCCC=CCC=CCCCCC(=O)OC(COC(=O)CCCCCCCC=CCCCCCCCC)COP(=O)(O)OCC(O)CO,[M-H]-,PG 18:1_18:2,"PG 18:1(9)_18:2(6,9)",0.6189999999999998,0.5266449999999736,0.0,0.1357840000000209,Some,None,0.0,0.0,0.0,0.0,0.0,0.0,0.0,0.0,0.0,0.0,0.0,0.0,0.0,0.0,0.0,0.0,0.0,0.0
4695,6.727,883.53351,883.5342,0.7809544894548585,C47H81O13P,CCCCCC=CCC=CCC=CCC=CCCCCCCCC(=O)OC(COC(=O)CCCC=CCCCCCCCC)COP(=O)(O)OC1C(O)C(O)C(O)C(O)C1O,[M-H]-,PI 14:1_24:4,"PI 14:1(5)_24:4(9,12,15,18)",0.8967499999999999,0.22416125000000875,0.20565514586578426,0.8128356312791988,Some,Some,0.0,0.0,0.0,1085.3767123287669,0.0,0.0,0.0,0.0,0.0,0.0,0.0,0.0,0.0,0.0,0.0,0.0,0.0,0.0
4695,6.727,883.53351,883.5342,0.7809544894548585,C47H81O13P,CCCCCC=CCC=CCC=CCC=CCCCCCCCC(=O)OC(COC(=O)CCCCC=CCCCCCCC)COP(=O)(O)OC1C(O)C(O)C(O)C(O)C1O,[M-H]-,PI 14:1_24:4,"PI 14:1(6)_24:4(9,12,15,18)",0.8408000000000004,0.13962400000000344,0.12758538836052535,0.7598476495244706,All,Some,0.0,0.0,0.0,3984.126712328767,0.0,0.0,0.0,0.0,0.0,0.0,0.0,0.0,0.0,0.0,0.0,0.0,0.0,0.0
4695,6.727,883.53351,883.5342,0.7809544894548585,C47H81O13P,CCCCCC=CCC=CCC=CCC=CCCCCCCCC(=O)OC(COC(=O)CCCCCCCC=CCCCC)COP(=O)(O)OC1C(O)C(O)C(O)C(O)C1O,[M-H]-,PI 14:1_24:4,"PI 14:1(9)_24:4(9,12,15,18)",0.8498000000000004,0.11774299999999585,0.09156848805208455,0.7530372392468798,All,Some,0.0,0.0,0.0,2660.496575342466,0.0,0.0,0.0,0.0,0.0,0.0,0.0,0.0,0.0,0.0,0.0,0.0,0.0,0.0
4773,6.75,863.55552,863.5655,11.556737734475728,C45H85O13P,CCCCCCCCC=CCCCCCCCC(=O)OC(COC(=O)CCCCCCCCCCCCCCCCC)COP(=O)(O)OC1C(O)C(O)C(O)C(O)C1O,[M-H]-,PI 18:0_18:1,PI 18:0_18:1(9),0.7759999999999998,0.20753000000001975,0.4161355373102619,0.9068979835792197,All,Some,,102180.25751072961,,65300.0,48631.57894736843,89739.39393939394,0.0,90585.39529269765,123405.37240537241,,64000.0,,125367.27272727272,156936.1101306036,,91670.38777908342,178382.02247191008,132211.60011658407
4773,6.75,863.55552,863.5655,11.556737734475728,C45H85O13P,CCCCCCC=CCCCCCCCCCC(=O)OC(COC(=O)CCCCCCCCCCCCCCCCC)COP(=O)(O)OC1C(O)C(O)C(O)C(O)C1O,[M-H]-,PI 18:0_18:1,PI 18:0_18:1(11),0.9610000000000003,0.04933499999998503,0.0,0.8254320000000124,All,None,,0.0,,0.0,0.0,0.0,0.0,41508.75075437538,0.0,,0.0,,0.0,0.0,,0.0,0.0,0.0
4773,6.75,863.55552,863.5655,11.556737734475728,C45H85O13P,CCCCCCCCCCCC=CCCCCC(=O)OC(COC(=O)CCCCCCCCCCCCCCCCC)COP(=O)(O)OC1C(O)C(O)C(O)C(O)C1O,[M-H]-,PI 18:0_18:1,PI 18:0_18:1(6),1.0,0.16053999999996904,0.0,0.7715680000000248,All,None,,83819.74248927039,,0.0,105368.42105263159,111260.60606060606,218000.0,57905.85395292698,87594.62759462759,,0.0,,78632.72727272728,71063.8898693964,,125329.61222091656,64617.97752808988,65788.39988341591
4779,6.751,861.54961,861.54985,0.2785677462104978,C45H83O13P,CCCCCC=CCC=CCCCCCCCCCC(=O)OC(COC(=O)CCCCCCCCCCCCCCC)COP(=O)(O)OC1C(O)C(O)C(O)C(O)C1O,[M-H]-,PI 16:0_20:2,"PI 16:0_20:2(11,14)",0.7959999999999999,0.06997666666662401,0.016915887686101375,0.675642965584192,All,Some,0.0,1540000.0,1130000.0,504000.0,1070000.0,1400000.0,1550000.0,1400000.0,1520000.0,0.0,582000.0,1390000.0,1510000.0,1670000.0,1010000.0,1560000.0,1710000.0,1520000.0
4789,6.753,885.54955,885.54985,0.33877257168343566,C47H83O13P,CCC=CCC=CCC=CCC=CCCCCCCC(=O)OC(COC(=O)CCCCCCCCCCCCCCCCC)COP(=O)(O)OC1C(O)C(O)C(O)C(O)C1O,[M-H]-,PI 18:0_20:4,"PI 18:0_20:4(8,11,14,17)",0.9777142857142854,0.07296857142859738,0.0035007442323006593,0.8247186698090496,All,Some,0.0,843195.7989497376,1534662.0099879229,2227364.5814335216,885599.3129371934,733627.0671616604,774322.1789883269,2223969.363257292,735837.1068985978,0.0,1732649.69460734,1963140.067302918,2214107.407584525,3055567.8331148345,2252747.752174127,2612398.8219822557,2630690.9294821704,2378929.9494808866
4789,6.753,885.54955,885.54985,0.33877257168343566,C47H83O13P,CCCCCC=CCC=CCC=CCC=CCCCC(=O)OC(COC(=O)CCCCCCCCCCCCCCCCC)COP(=O)(O)OC1C(O)C(O)C(O)C(O)C1O,[M-H]-,PI 18:0_20:4,"PI 18:0_20:4(5,8,11,14)",0.8782857142857142,0.10054142857144857,0.0,0.710023999999984,All,Some,0.0,1136804.2010502627,2585337.9900120767,4252635.418566478,1584400.6870628064,1036372.9328383396,1075677.8210116732,3856030.6367427073,1184162.8931014023,0.0,3157350.3053926597,3656859.9326970815,3865892.592415475,5254432.166885165,4097252.247825873,4587601.178017744,4559309.07051783,4101070.050519113
4828,6.759,798.53684,798.54431,9.354521604458089,C47H78NO7P,CCC=CCC=CCC=CCCCCCCCCCC(=O)OC(COCCCC=CCC=CCC=CCC=CCC=CCC=CCC)COP(=O)(O)OCCN,[M-H]-,PE O-22:6_20:3,"PE O-22:6(4,7,10,13,16,19)_20:3(11,14,17)",0.7667272727272728,0.12143363636361797,0.0,0.5929076363636512,All,None,0.0,0.0,0.0,0.0,0.0,0.0,0.0,0.0,0.0,2648.6591237361577,0.0,0.0,0.0,0.0,0.0,0.0,0.0,0.0
4828,6.759,798.53684,798.54431,9.354521604458089,C47H78NO7P,CCCCCC=CCC=CCC=CCCCCCCC(=O)OC(COCCCC=CCC=CCC=CCC=CCC=CCC=CCC)COP(=O)(O)OCCN,[M-H]-,PE O-22:6_20:3,"PE O-22:6(4,7,10,13,16,19)_20:3(8,11,14)",0.7354545454545455,0.11296545454543279,0.0006344456282037026,0.572107728338128,Some,Some,0.0,0.0,0.0,0.0,0.0,0.0,0.0,0.0,0.0,3172.681752527684,0.0,0.0,0.0,0.0,0.0,0.0,0.0,0.0
4828,6.759,798.53684,798.54431,9.354521604458089,C47H78NO7P,CCCCCCCCC=CCC=CCC=CCCCC(=O)OC(COCCCC=CCC=CCC=CCC=CCC=CCC=CCC)COP(=O)(O)OCCN,[M-H]-,PE O-22:6_20:3,"PE O-22:6(4,7,10,13,16,19)_20:3(5,8,11)",0.7463333333333336,0.18115166666665536,0.0,0.5267786666666759,Some,None,0.0,0.0,0.0,0.0,0.0,0.0,0.0,0.0,0.0,2648.6591237361577,0.0,0.0,0.0,0.0,0.0,0.0,0.0,0.0
4829,6.759,807.5029,807.5029,0.0,C41H77O13P,CCCCCCC=CCCCCCCCC(=O)OC(COC(=O)CCCCCCCCCCCCCCC)COP(=O)(O)OC1C(O)C(O)C(O)C(O)C1O,[M-H]-,PI 16:0_16:1,PI 16:0_16:1(9),0.9939999999999998,0.06256000000007589,0.0,0.8445519999999391,All,None,,0.0,0.0,0.0,0.0,0.0,0.0,0.0,0.0,38500.0,0.0,0.0,0.0,0.0,0.0,0.0,0.0,0.0
4829,6.759,807.5029,807.5029,0.0,C41H77O13P,CCCCCCCCCC=CCCCCC(=O)OC(COC(=O)CCCCCCCCCCCCCCC)COP(=O)(O)OC1C(O)C(O)C(O)C(O)C1O,[M-H]-,PI 16:0_16:1,PI 16:0_16:1(6),0.9319999999999995,0.11248500000010608,0.0,0.7488119999999148,All,None,,0.0,0.0,0.0,0.0,0.0,0.0,0.0,0.0,0.0,0.0,0.0,0.0,0.0,0.0,0.0,0.0,0.0
4829,6.759,807.5029,807.5029,0.0,C41H77O13P,CCCCCCCCC=CCCCCCC(=O)OC(COC(=O)CCCCCCCCCCCCCCC)COP(=O)(O)OC1C(O)C(O)C(O)C(O)C1O,[M-H]-,PI 16:0_16:1,PI 16:0_16:1(7),0.8409999999999993,0.0834500000000844,0.0,0.6901399999999318,All,None,,0.0,0.0,0.0,0.0,0.0,0.0,0.0,0.0,0.0,0.0,0.0,0.0,0.0,0.0,0.0,0.0,0.0
4838,6.762,833.51826,833.51855,0.34792267064715166,C43H79O13P,CCCCCC=CCC=CCCCCCCCC(=O)OC(COC(=O)CCCCCCCCCCCCCCC)COP(=O)(O)OC1C(O)C(O)C(O)C(O)C1O,[M-H]-,PI 16:0_18:2,"PI 16:0_18:2(9,12)",0.9714999999999998,0.06672999999997842,0.0,0.8209660000000172,All,None,,0.0,0.0,0.0,0.0,0.0,0.0,0.0,0.0,0.0,0.0,0.0,0.0,0.0,0.0,0.0,0.0,0.0
4838,6.762,833.51826,833.51855,0.34792267064715166,C43H79O13P,CCCCCCCCC=CCC=CCCCCC(=O)OC(COC(=O)CCCCCCCCCCCCCCC)COP(=O)(O)OC1C(O)C(O)C(O)C(O)C1O,[M-H]-,PI 16:0_18:2,"PI 16:0_18:2(6,9)",0.9130000000000007,0.11849499999991053,0.0,0.7269040000000722,All,None,,0.0,0.0,0.0,0.0,0.0,0.0,0.0,0.0,0.0,0.0,0.0,0.0,0.0,0.0,0.0,0.0,0.0
4840,6.762,859.53503,859.5342,0.9656392962034721,C45H81O13P,CCC=CCC=CCC=CCCCCCCCCCC(=O)OC(COC(=O)CCCCCCCCCCCCCCC)COP(=O)(O)OC1C(O)C(O)C(O)C(O)C1O,[M-H]-,PI 16:0_20:3,"PI 16:0_20:3(11,14,17)",0.8409999999999999,0.06353333333332027,0.028882726979925288,0.7320677876152765,All,Some,0.0,0.0,0.0,0.0,0.0,0.0,0.0,0.0,0.0,0.0,0.0,0.0,0.0,14581.236897274632,5585.231746031745,0.0,0.0,0.0
4840,6.762,859.53503,859.5342,0.9656392962034721,C45H81O13P,CCCCCC=CCC=CCC=CCCCCCCC(=O)OC(COC(=O)CCCCCCCCCCCCCCC)COP(=O)(O)OC1C(O)C(O)C(O)C(O)C1O,[M-H]-,PI 16:0_20:3,"PI 16:0_20:3(8,11,14)",0.8973333333333331,0.11335333333331239,0.01250774672020929,0.7281743053815383,All,Some,0.0,0.0,0.0,0.0,0.0,0.0,0.0,0.0,0.0,0.0,0.0,0.0,0.0,2618.763102725367,1575.447619047619,0.0,0.0,0.0
4840,6.762,859.53503,859.5342,0.9656392962034721,C45H81O13P,CCCCCCCCC=CCC=CCC=CCCCC(=O)OC(COC(=O)CCCCCCCCCCCCCCC)COP(=O)(O)OC1C(O)C(O)C(O)C(O)C1O,[M-H]-,PI 16:0_20:3,"PI 16:0_20:3(5,8,11)",0.9343333333333336,0.2689933333333367,0.012243633731382661,0.6367246036915754,All,Some,0.0,0.0,0.0,0.0,0.0,0.0,0.0,0.0,0.0,0.0,0.0,0.0,0.0,0.0,569.3206349206349,0.0,0.0,0.0
4877,6.778,719.48676,719.48686,0.1389879447901216,C38H73O10P,CCCCCCC=CCCCCCCCC(=O)OC(COC(=O)CCCCCCCCCCCCCCC)COP(=O)(O)OCC(O)CO,[M-H]-,PG 16:0_16:1,PG 16:0_16:1(9),0.7700000000000005,0.06343500000002678,0.0,0.642251999999979,All,None,0.0,0.0,,,,,,,,,27000.0,,,,,,,
4877,6.778,719.48676,719.48686,0.1389879447901216,C38H73O10P,CCCCCCCCC=CCCCCCC(=O)OC(COC(=O)CCCCCCCCCCCCCCC)COP(=O)(O)OCC(O)CO,[M-H]-,PG 16:0_16:1,PG 16:0_16:1(7),0.2400000000000002,0.11693000000002485,0.0,0.1224559999999803,Some,None,0.0,85400.0,,,,,,,,,0.0,,,,,,,
4896,6.789,797.5335,797.53381,0.38869825470237196,C44H79O10P,CCC=CCC=CCC=CCCCCCCCCCC(=O)OC(COC(=O)CCCCCCCCCC=CCCCCCC)COP(=O)(O)OCC(O)CO,[M-H]-,PG 18:1_20:3,"PG 18:1(11)_20:3(11,14,17)",0.8857142857142861,0.17176428571430538,0.07266793854491738,0.7251325732618389,All,Some,,0.0,0.0,0.0,0.0,0.0,0.0,0.0,0.0,,0.0,0.0,0.0,0.0,0.0,0.0,0.0,0.0
4896,6.789,797.5335,797.53381,0.38869825470237196,C44H79O10P,CCCCCC=CCC=CCC=CCCCCCCC(=O)OC(COC(=O)CCCCCCCC=CCCCCCCCC)COP(=O)(O)OCC(O)CO,[M-H]-,PG 18:1_20:3,"PG 18:1(9)_20:3(8,11,14)",0.8259999999999994,0.05101999999999407,0.0,0.7025840000000043,Some,None,,0.0,0.0,0.0,0.0,0.0,0.0,0.0,0.0,,0.0,0.0,0.0,0.0,0.0,0.0,0.0,0.0
4896,6.789,797.5335,797.53381,0.38869825470237196,C44H79O10P,CCCCCC=CCC=CCC=CCCCCCCC(=O)OC(COC(=O)CCCCCCCCCC=CCCCCCC)COP(=O)(O)OCC(O)CO,[M-H]-,PG 18:1_20:3,"PG 18:1(11)_20:3(8,11,14)",0.8105714285714283,0.04987285714287282,0.0,0.6896159999999872,All,None,,0.0,0.0,0.0,0.0,0.0,0.0,0.0,0.0,,0.0,0.0,0.0,0.0,0.0,0.0,0.0,0.0
4896,6.789,797.5335,797.53381,0.38869825470237196,C44H79O10P,CCC=CCC=CCC=CCCCCCCCCCC(=O)OC(COC(=O)CCCCCCCC=CCCCCCCCC)COP(=O)(O)OCC(O)CO,[M-H]-,PG 18:1_20:3,"PG 18:1(9)_20:3(11,14,17)",0.8563333333333336,0.20219666666666095,0.08477926163573694,0.6852440021388347,Some,Some,,0.0,0.0,0.0,0.0,0.0,0.0,0.0,0.0,,0.0,0.0,0.0,0.0,0.0,0.0,0.0,0.0
4896,6.789,797.5335,797.53381,0.38869825470237196,C44H79O10P,CCCCCCCCC=CCC=CCC=CCCCC(=O)OC(COC(=O)CCCCCCCCCC=CCCCCCC)COP(=O)(O)OCC(O)CO,[M-H]-,PG 18:1_20:3,"PG 18:1(11)_20:3(5,8,11)",0.7934285714285715,0.19454285714285952,0.0,0.5584514285714267,Some,None,,0.0,0.0,0.0,0.0,0.0,0.0,0.0,0.0,,0.0,0.0,0.0,0.0,0.0,0.0,0.0,0.0
4896,6.789,797.5335,797.53381,0.38869825470237196,C44H79O10P,CCCCCCCCC=CCC=CCC=CCCCC(=O)OC(COC(=O)CCCCCCCC=CCCCCCCCC)COP(=O)(O)OCC(O)CO,[M-H]-,PG 18:1_20:3,"PG 18:1(9)_20:3(5,8,11)",0.7704999999999997,0.2991324999999847,0.0,0.454144000000012,Some,None,,0.0,0.0,0.0,0.0,0.0,0.0,0.0,0.0,,0.0,0.0,0.0,0.0,0.0,0.0,0.0,0.0
4896,6.789,797.5335,797.53381,0.38869825470237196,C44H79O10P,CCCCCC=CCC=CCC=CCCCCCCC(=O)OC(COC(=O)CCCCC=CCCCCCCCCCCC)COP(=O)(O)OCC(O)CO,[M-H]-,PG 18:1_20:3,"PG 18:1(6)_20:3(8,11,14)",0.6823999999999995,0.23599799999999505,0.0,0.42536160000000345,Some,None,,0.0,0.0,0.0,0.0,0.0,0.0,0.0,0.0,,0.0,0.0,0.0,0.0,0.0,0.0,0.0,0.0
4896,6.789,797.5335,797.53381,0.38869825470237196,C44H79O10P,CCC=CCC=CCC=CCCCCCCCCCC(=O)OC(COC(=O)CCCCC=CCCCCCCCCCCC)COP(=O)(O)OCC(O)CO,[M-H]-,PG 18:1_20:3,"PG 18:1(6)_20:3(11,14,17)",0.7254285714285716,0.42357571428572427,0.10856393053008735,0.4117326803342136,All,Some,,0.0,0.0,0.0,0.0,0.0,0.0,0.0,0.0,,0.0,0.0,0.0,0.0,0.0,0.0,0.0,0.0
4896,6.789,797.5335,797.53381,0.38869825470237196,C44H79O10P,CCCCCCCCC=CCC=CCC=CCCCC(=O)OC(COC(=O)CCCCC=CCCCCCCCCCCC)COP(=O)(O)OCC(O)CO,[M-H]-,PG 18:1_20:3,"PG 18:1(6)_20:3(5,8,11)",0.6179999999999998,0.4968633333333325,0.041878657316031624,0.19640012491776224,Some,Some,,0.0,0.0,0.0,0.0,0.0,0.0,0.0,0.0,,0.0,0.0,0.0,0.0,0.0,0.0,0.0,0.0
4907,6.794,694.47434,694.48171,10.61223052229436,C39H70NO7P,CCCCCCCCCCCCCC(=O)OC(COCCCCC=CCC=CCC=CCC=CCC=CCC)COP(=O)(O)OCCN,[M-H]-,PE O-20:5_14:0,"PE O-20:5(5,8,11,14,17)_14:0",0.723999999999999,0.32881857142857435,0.06243585201687633,0.4447374096723283,All,Some,8330.0,,0.0,,0.0,,,,,0.0,,0.0,,,0.0,,,
4908,6.794,911.56577,911.5655,0.2961937458146853,C49H85O13P,CCC=CCC=CCC=CCC=CCC=CCCCCCC(=O)OC(COC(=O)CCCCCCCCCCCCCCCCC)COP(=O)(O)OC1C(O)C(O)C(O)C(O)C1O,[M-H]-,PI 18:0_22:5,"PI 18:0_22:5(7,10,13,16,19)",0.8665714285714287,0.09318571428566104,0.0129763222610361,0.7170444043206895,All,Some,0.0,100827.305807973,214252.3098480536,236192.0605853689,115678.77629063098,98146.7365412101,95837.65711625545,331811.3688503696,102736.5125828353,0.0,198203.25678947888,308357.26469220035,320916.02876631427,385484.72768863325,266700.6960556844,296827.0438534214,327915.1183041409,280942.7996550733
4908,6.794,911.56577,911.5655,0.2961937458146853,C49H85O13P,CCCCCC=CCC=CCC=CCC=CCC=CCCC(=O)OC(COC(=O)CCCCCCCCCCCCCCCCC)COP(=O)(O)OC1C(O)C(O)C(O)C(O)C1O,[M-H]-,PI 18:0_22:5,"PI 18:0_22:5(4,7,10,13,16)",0.9080000000000003,0.13840312499989693,0.0020480457288923203,0.7083207411560858,All,Some,0.0,12172.694192026998,13747.690151946405,7807.939414631118,9321.223709369024,10853.263458789903,11162.34288374455,20188.631149630382,12263.487417164695,0.0,4796.743210521105,18642.735307799656,26083.97123368577,27515.27231136677,12299.303944315545,19172.95614657856,23084.881695859083,19057.200344926703
4920,6.804,913.57172,913.58115,10.322016823521468,C49H87O13P,CCCCCC=CCC=CCC=CCC=CCCCCCCCCCC(=O)OC(COC(=O)CCCCCCCCCCCCC)COP(=O)(O)OC1C(O)C(O)C(O)C(O)C1O,[M-H]-,PI 14:0_26:4,"PI 14:0_26:4(11,14,17,20)",0.9317142857142855,0.10263999999996745,0.020927447699709032,0.7752655600726212,All,Some,,15600.0,30700.0,0.0,17100.0,16000.0,15500.0,0.0,15000.0,0.0,30900.0,0.0,0.0,0.0,0.0,48700.0,42400.0,0.0
4923,6.806,857.51818,857.51855,0.43147754643364217,C45H79O13P,CCC=CCC=CCC=CCC=CCCCCCCC(=O)OC(COC(=O)CCCCCCCCCCCCCCC)COP(=O)(O)OC1C(O)C(O)C(O)C(O)C1O,[M-H]-,PI 16:0_20:4,"PI 16:0_20:4(8,11,14,17)",0.8926666666666666,0.08606833333328723,0.0,0.7345453333333701,All,None,,0.0,0.0,0.0,0.0,0.0,,0.0,0.0,0.0,0.0,0.0,0.0,0.0,0.0,0.0,0.0,0.0
4923,6.806,857.51818,857.51855,0.43147754643364217,C45H79O13P,CCCCCC=CCC=CCC=CCC=CCCCC(=O)OC(COC(=O)CCCCCCCCCCCCCCC)COP(=O)(O)OC1C(O)C(O)C(O)C(O)C1O,[M-H]-,PI 16:0_20:4,"PI 16:0_20:4(5,8,11,14)",0.9308,0.2656159999999545,0.0013857930062041199,0.6264744137056202,All,Some,,0.0,0.0,0.0,0.0,0.0,,0.0,0.0,1460000.0,0.0,0.0,0.0,0.0,0.0,0.0,0.0,0.0
4934,6.811,799.55021,799.54946,0.938028274122164,C44H81O10P,CCCCCC=CCC=CCCCCCCCCCC(=O)OC(COC(=O)CCCCCCCCCC=CCCCCCC)COP(=O)(O)OCC(O)CO,[M-H]-,PG 18:1_20:2,"PG 18:1(11)_20:2(11,14)",0.8696666666666667,0.20364000000000715,0.10353141246896073,0.7129662712220589,All,Some,,1282.9566854990583,0.0,0.0,0.0,0.0,0.0,0.0,0.0,0.0,0.0,0.0,0.0,0.0,0.0,0.0,0.0,0.0
4934,6.811,799.55021,799.54946,0.938028274122164,C44H81O10P,CCCCCC=CCC=CCCCCCCCCCC(=O)OC(COC(=O)CCCCCCCC=CCCCCCCCC)COP(=O)(O)OCC(O)CO,[M-H]-,PG 18:1_20:2,"PG 18:1(9)_20:2(11,14)",0.9025000000000003,0.2811800000000062,0.10311767692854233,0.6801119092356834,Some,Some,,1282.9566854990583,0.0,0.0,0.0,0.0,0.0,0.0,0.0,0.0,0.0,0.0,0.0,0.0,0.0,0.0,0.0,0.0
4934,6.811,799.55021,799.54946,0.938028274122164,C44H81O10P,CCCCCC=CCC=CCCCCCCCCCC(=O)OC(COC(=O)CCCCC=CCCCCCCCCCCC)COP(=O)(O)OCC(O)CO,[M-H]-,PG 18:1_20:2,"PG 18:1(6)_20:2(11,14)",0.8516000000000001,0.24756800000000112,0.08249414154283387,0.6426303273885497,All,Some,,704.0866290018831,0.0,0.0,0.0,0.0,0.0,0.0,0.0,0.0,0.0,0.0,0.0,0.0,0.0,0.0,0.0,0.0
4957,6.824,722.5055,722.51301,10.394276498944668,C41H74NO7P,CCCCCCCCCCCCCCCC(=O)OC(COCCCCC=CCC=CCC=CCC=CCC=CCC)COP(=O)(O)OCCN,[M-H]-,PE O-20:5_16:0,"PE O-20:5(5,8,11,14,17)_16:0",0.5907999999999998,0.2195860000000039,0.0013400046056636556,0.357257204145094,Some,Some,,219000.0,303000.0,383000.0,289000.0,235000.0,263000.0,336000.0,293000.0,0.0,331000.0,330000.0,432000.0,369000.0,424000.0,422000.0,335000.0,415000.0
5055,6.865,833.51849,833.51855,0.07198400079062596,C43H79O13P,CCCCCC=CCC=CCCCCCCCC(=O)OC(COC(=O)CCCCCCCCCCCCCCC)COP(=O)(O)OC1C(O)C(O)C(O)C(O)C1O,[M-H]-,PI 16:0_18:2,"PI 16:0_18:2(9,12)",0.8386666666666661,0.08182666666664318,0.0,0.6893386666666849,All,None,,0.0,0.0,0.0,0.0,0.0,0.0,0.0,0.0,301000.0,0.0,0.0,0.0,0.0,0.0,0.0,0.0,0.0
5055,6.865,833.51849,833.51855,0.07198400079062596,C43H79O13P,CCCCCCCCC=CCC=CCCCCC(=O)OC(COC(=O)CCCCCCCCCCCCCCC)COP(=O)(O)OC1C(O)C(O)C(O)C(O)C1O,[M-H]-,PI 16:0_18:2,"PI 16:0_18:2(6,9)",0.762,0.11549749999994674,0.0,0.5934020000000426,All,None,,0.0,0.0,0.0,0.0,0.0,0.0,0.0,0.0,0.0,0.0,0.0,0.0,0.0,0.0,0.0,0.0,0.0
5076,6.88,835.53442,835.5342,0.2633046018933764,C43H81O13P,CCCCCCC=CCCCCCCCCCC(=O)OC(COC(=O)CCCCCCCCCCCCCCC)COP(=O)(O)OC1C(O)C(O)C(O)C(O)C1O,[M-H]-,PI 16:0_18:1,PI 16:0_18:1(11),0.8789999999999996,0.09616000000005442,0.1793262185486202,0.8755655966937143,All,Some,,0.0,0.0,0.0,0.0,0.0,0.0,0.0,0.0,0.0,0.0,0.0,0.0,0.0,0.0,0.0,0.0,0.0
5076,6.88,835.53442,835.5342,0.2633046018933764,C43H81O13P,CCCCCCCCC=CCCCCCCCC(=O)OC(COC(=O)CCCCCCCCCCCCCCC)COP(=O)(O)OC1C(O)C(O)C(O)C(O)C1O,[M-H]-,PI 16:0_18:1,PI 16:0_18:1(9),0.6829999999999998,0.19421000000005506,0.22350499164483686,0.660486492480309,All,Some,,0.0,0.0,13334.035222052064,0.0,0.0,0.0,0.0,0.0,0.0,0.0,0.0,0.0,0.0,0.0,0.0,0.0,0.0
5076,6.88,835.53442,835.5342,0.2633046018933764,C43H81O13P,CCCCCCCCCCCC=CCCCCC(=O)OC(COC(=O)CCCCCCCCCCCCCCC)COP(=O)(O)OC1C(O)C(O)C(O)C(O)C1O,[M-H]-,PI 16:0_18:1,PI 16:0_18:1(6),0.6900000000000004,0.13496500000002243,0.0,0.5130279999999825,All,None,,0.0,0.0,18765.964777947935,0.0,0.0,0.0,0.0,0.0,0.0,0.0,0.0,0.0,0.0,0.0,0.0,0.0,0.0
5090,6.889,719.48627,719.48686,0.8200288744513307,C38H73O10P,CCCCCCC=CCCCCCCCC(=O)OC(COC(=O)CCCCCCCCCCCCCCC)COP(=O)(O)OCC(O)CO,[M-H]-,PG 16:0_16:1,PG 16:0_16:1(9),0.7659999999999991,0.0639250000000402,0.0,0.6382599999999671,All,None,0.0,0.0,0.0,0.0,0.0,,0.0,0.0,0.0,,0.0,0.0,0.0,0.0,0.0,0.0,0.0,0.0
5090,6.889,719.48627,719.48686,0.8200288744513307,C38H73O10P,CCCCCCCCCC=CCCCCC(=O)OC(COC(=O)CCCCCCCCCCCCCCC)COP(=O)(O)OCC(O)CO,[M-H]-,PG 16:0_16:1,PG 16:0_16:1(6),0.984,0.920439999999985,0.0,0.14924800000001193,Some,None,0.0,0.0,0.0,0.0,0.0,,0.0,0.0,0.0,,0.0,0.0,0.0,0.0,0.0,0.0,0.0,0.0
5090,6.889,719.48627,719.48686,0.8200288744513307,C38H73O10P,CCCCCCCCC=CCCCCCC(=O)OC(COC(=O)CCCCCCCCCCCCCCC)COP(=O)(O)OCC(O)CO,[M-H]-,PG 16:0_16:1,PG 16:0_16:1(7),0.08899999999999952,0.0975800000000504,0.0,0.002035999999959244,All,None,73600.0,0.0,0.0,0.0,0.0,,0.0,0.0,0.0,,0.0,0.0,0.0,0.0,0.0,0.0,0.0,0.0
5089,6.889,745.50245,745.50251,0.08048262651173131,C40H75O10P,CCCCCCC=CCCCCCCCCCC(=O)OC(COC(=O)CCCCCCCC=CCCCCCC)COP(=O)(O)OCC(O)CO,[M-H]-,PG 16:1_18:1,PG 16:1(9)_18:1(11),0.604000000000001,0.059825000000103046,0.0,0.49573999999991847,All,None,0.0,0.0,0.0,0.0,0.0,0.0,0.0,0.0,0.0,,1114.319952067106,0.0,0.0,0.0,3798.2284382284383,2789.4736842105267,0.0,2898.1154299175496
5089,6.889,745.50245,745.50251,0.08048262651173131,C40H75O10P,CCCCCCC=CCCCCCCCCCC(=O)OC(COC(=O)CCCCC=CCCCCCCCCC)COP(=O)(O)OCC(O)CO,[M-H]-,PG 16:1_18:1,PG 16:1(6)_18:1(11),0.5813333333333338,0.08269000000010844,0.0,0.45704799999991375,Some,None,0.0,0.0,9250.0,4817.243253033871,13286.38403990025,0.0,12379.93241486873,12700.0,12195.25236229546,,5479.928100659077,7222.6175349428195,10818.64980144139,12850.0,5704.428904428904,5051.2091038406825,8842.71327014218,4542.991755005889
5089,6.889,745.50245,745.50251,0.08048262651173131,C40H75O10P,CCCCCCCCCCCC=CCCCCC(=O)OC(COC(=O)CCCCCCCC=CCCCCCC)COP(=O)(O)OCC(O)CO,[M-H]-,PG 16:1_18:1,PG 16:1(9)_18:1(6),0.4560000000000007,0.08760333333342867,0.0,0.3403173333332577,Some,None,0.0,25433.333333333332,0.0,855.1711646440863,22409.077306733165,30533.333333333332,15946.711723420847,0.0,17469.831758469696,,1289.5146794487716,1651.588310038119,1420.9001323724078,0.0,0.0,816.7377904220009,3404.8578199052126,1007.8131134668237
5089,6.889,745.50245,745.50251,0.08048262651173131,C40H75O10P,CCCCCCCCCCCC=CCCCCC(=O)OC(COC(=O)CCCCC=CCCCCCCCCC)COP(=O)(O)OCC(O)CO,[M-H]-,PG 16:1_18:1,PG 16:1(6)_18:1(6),0.34799999999999986,0.13579000000009955,0.0,0.20456799999992026,Some,None,0.0,25433.333333333332,0.0,855.1711646440863,22409.077306733165,30533.333333333332,15946.711723420847,0.0,17469.831758469696,,2403.834631515878,1651.588310038119,1420.9001323724078,0.0,3798.2284382284383,3606.2114746325274,3404.8578199052126,3905.9285433843734
5089,6.889,745.50245,745.50251,0.08048262651173131,C40H75O10P,CCCCCCC=CCCCCCCCCCC(=O)OC(COC(=O)CCCCCC=CCCCCCCCC)COP(=O)(O)OCC(O)CO,[M-H]-,PG 16:1_18:1,PG 16:1(7)_18:1(11),0.6570000000000009,0.4884400000000255,0.0,0.2005479999999804,All,None,0.0,0.0,0.0,0.0,0.0,0.0,0.0,0.0,0.0,,1114.319952067106,0.0,0.0,0.0,3798.2284382284383,2789.4736842105267,0.0,2898.1154299175496
5089,6.889,745.50245,745.50251,0.08048262651173131,C40H75O10P,CCCCCCCCC=CCCCCCCCC(=O)OC(COC(=O)CCCCCCCC=CCCCCCC)COP(=O)(O)OCC(O)CO,[M-H]-,PG 16:1_18:1,PG 16:1(9)_18:1(9),0.6570000000000009,0.4884400000000255,0.0,0.2005479999999804,All,None,0.0,0.0,9250.0,4817.243253033871,13286.38403990025,0.0,12379.93241486873,12700.0,12195.25236229546,,6594.248052726183,7222.6175349428195,10818.64980144139,12850.0,9502.657342657341,7840.682788051209,8842.71327014218,7441.1071849234395
5089,6.889,745.50245,745.50251,0.08048262651173131,C40H75O10P,CCCCCCCCC=CCCCCCCCC(=O)OC(COC(=O)CCCCC=CCCCCCCCCC)COP(=O)(O)OCC(O)CO,[M-H]-,PG 16:1_18:1,PG 16:1(6)_18:1(9),0.6520000000000005,0.6541766666666717,0.0,0.063458666666663,Some,None,0.0,25433.333333333332,0.0,855.1711646440863,22409.077306733165,30533.333333333332,15946.711723420847,0.0,17469.831758469696,,2403.834631515878,1651.588310038119,1420.9001323724078,0.0,3798.2284382284383,3606.2114746325274,3404.8578199052126,3905.9285433843734
5132,6.904,883.53367,883.5342,0.5998635933120876,C47H81O13P,CCC=CCC=CCC=CCC=CCCCCCCC(=O)OC(COC(=O)CCCCC=CCCCCCCCCCCC)COP(=O)(O)OC1C(O)C(O)C(O)C(O)C1O,[M-H]-,PI 18:1_20:4,"PI 18:1(6)_20:4(8,11,14,17)",0.9323333333333332,0.12295666666661494,0.030047740207825472,0.7677776328537509,Some,Some,138385.1749655086,0.0,0.0,0.0,0.0,0.0,0.0,0.0,0.0,635379.4451493433,0.0,0.0,0.0,0.0,0.0,0.0,0.0,0.0
5132,6.904,883.53367,883.5342,0.5998635933120876,C47H81O13P,CCCCCC=CCC=CCC=CCC=CCCCC(=O)OC(COC(=O)CCCCC=CCCCCCCCCCCC)COP(=O)(O)OC1C(O)C(O)C(O)C(O)C1O,[M-H]-,PI 18:1_20:4,"PI 18:1(6)_20:4(5,8,11,14)",0.9416666666666664,0.1509183333332468,0.04164892736629532,0.7642493679630681,Some,Some,257428.1951586605,0.0,0.0,0.0,0.0,0.0,0.0,0.0,0.0,872584.2735159973,0.0,0.0,0.0,0.0,0.0,0.0,0.0,0.0
5132,6.904,883.53367,883.5342,0.5998635933120876,C47H81O13P,CCCCCC=CCC=CCC=CCC=CCCCC(=O)OC(COC(=O)CCCCCCCC=CCCCCCCCC)COP(=O)(O)OC1C(O)C(O)C(O)C(O)C1O,[M-H]-,PI 18:1_20:4,"PI 18:1(9)_20:4(5,8,11,14)",0.9313333333333332,0.10966333333326854,0.011601187158469847,0.760910401776008,Some,Some,45879.21735858523,0.0,0.0,0.0,0.0,0.0,0.0,0.0,0.0,268632.76293679915,0.0,0.0,0.0,0.0,0.0,0.0,0.0,0.0
5132,6.904,883.53367,883.5342,0.5998635933120876,C47H81O13P,CCCCCC=CCC=CCC=CCC=CCCCC(=O)OC(COC(=O)CCCCCCCCCC=CCCCCCC)COP(=O)(O)OC1C(O)C(O)C(O)C(O)C1O,[M-H]-,PI 18:1_20:4,"PI 18:1(11)_20:4(5,8,11,14)",0.9304999999999999,0.13235249999993925,0.010049504877343025,0.7406125543896572,All,Some,92505.95760692337,0.0,0.0,0.0,0.0,0.0,0.0,0.0,0.0,472258.49593635334,0.0,0.0,0.0,0.0,0.0,0.0,0.0,0.0
5132,6.904,883.53367,883.5342,0.5998635933120876,C47H81O13P,CCC=CCC=CCC=CCC=CCCCCCCC(=O)OC(COC(=O)CCCCCCCC=CCCCCCCCC)COP(=O)(O)OC1C(O)C(O)C(O)C(O)C1O,[M-H]-,PI 18:1_20:4,"PI 18:1(9)_20:4(8,11,14,17)",0.8466666666666667,0.062078333333298964,0.0,0.7123373333333608,Some,None,45879.21735858523,0.0,0.0,0.0,0.0,0.0,0.0,0.0,0.0,310081.9587805631,0.0,0.0,0.0,0.0,0.0,0.0,0.0,0.0
5132,6.904,883.53367,883.5342,0.5998635933120876,C47H81O13P,CCC=CCC=CCC=CCC=CCCCCCCC(=O)OC(COC(=O)CCCCCCCCCC=CCCCCCC)COP(=O)(O)OC1C(O)C(O)C(O)C(O)C1O,[M-H]-,PI 18:1_20:4,"PI 18:1(11)_20:4(8,11,14,17)",0.863,0.08590374999997152,0.0013486145084906402,0.7091907530576643,All,Some,164922.23755173714,0.0,0.0,0.0,0.0,0.0,0.0,0.0,0.0,501063.0636809437,0.0,0.0,0.0,0.0,0.0,0.0,0.0,0.0
5143,6.911,694.47369,694.48171,11.548180296911928,C39H70NO7P,CCCCCC(=O)OC(COCCCCCCCCCC=CCC=CCC=CCC=CCC=CCCCCC)COP(=O)(O)OCCN,[M-H]-,PE O-28:5_6:0,"PE O-28:5(10,13,16,19,22)_6:0",0.6253333333333337,0.1252199999999372,0.16307669030815355,0.6093930212773888,Some,Some,0.0,0.0,0.0,0.0,0.0,,0.0,0.0,,0.0,,0.0,,,0.0,,0.0,0.0
5143,6.911,694.47369,694.48171,11.548180296911928,C39H70NO7P,CCCCCC(=O)OC(COCCCCCCCCCCCCC=CCC=CCC=CCC=CCC=CCC)COP(=O)(O)OCCN,[M-H]-,PE O-28:5_6:0,"PE O-28:5(13,16,19,22,25)_6:0",0.7686666666666667,0.37037666666666763,0.07784593167908374,0.46556000517784124,All,Some,0.0,0.0,0.0,0.0,0.0,,0.0,0.0,,18700.0,,0.0,,,0.0,,0.0,0.0
5210,6.928,747.51783,747.51816,0.44146084686777104,C40H77O10P,CCCCCCC=CCCCCCCCCCC(=O)OC(COC(=O)CCCCCCCCCCCCCCC)COP(=O)(O)OCC(O)CO,[M-H]-,PG 16:0_18:1,PG 16:0_18:1(11),0.8679999999999994,0.04765000000003283,0.0,0.7430799999999733,All,None,,0.0,639007.4441687345,0.0,1390000.0,,0.0,0.0,0.0,,1280000.0,1260000.0,0.0,0.0,0.0,0.0,0.0,0.0
5210,6.928,747.51783,747.51816,0.44146084686777104,C40H77O10P,CCCCCCCCC=CCCCCCCCC(=O)OC(COC(=O)CCCCCCCCCCCCCCC)COP(=O)(O)OCC(O)CO,[M-H]-,PG 16:0_18:1,PG 16:0_18:1(9),0.6849999999999996,0.0823249999999689,0.0,0.5506400000000246,All,None,,650657.8947368423,0.0,0.0,0.0,,0.0,0.0,1120000.0,,0.0,0.0,1540000.0,923051.3176144245,290432.8846853401,241965.81196581197,1320000.0,243514.21188630493
5210,6.928,747.51783,747.51816,0.44146084686777104,C40H77O10P,CCCCCCCCCCCC=CCCCCC(=O)OC(COC(=O)CCCCCCCCCCCCCCC)COP(=O)(O)OCC(O)CO,[M-H]-,PG 16:0_18:1,PG 16:0_18:1(6),0.9060000000000006,0.8980000000000246,0.0,0.09699999999998088,Some,None,,269342.10526315786,520992.5558312655,1510000.0,0.0,,1030000.0,1310000.0,0.0,,0.0,0.0,0.0,486948.6823855756,1309567.1153146597,1248034.188034188,0.0,1276485.788113695
5337,6.958,909.54969,909.54985,0.1759111938032856,C49H83O13P,CCC=CCC=CCC=CCC=CCC=CCCCCCC(=O)OC(COC(=O)CCCCCCCC=CCCCCCCCC)COP(=O)(O)OC1C(O)C(O)C(O)C(O)C1O,[M-H]-,PI 18:1_22:5,"PI 18:1(9)_22:5(7,10,13,16,19)",0.916857142857143,0.087491428571395,0.015587276184507193,0.7692068342803692,Some,Some,18425.282167042893,0.0,0.0,0.0,0.0,0.0,0.0,0.0,0.0,60676.79691268693,0.0,0.0,0.0,0.0,0.0,0.0,0.0,0.0
5337,6.958,909.54969,909.54985,0.1759111938032856,C49H83O13P,CCC=CCC=CCC=CCC=CCC=CCCCCCC(=O)OC(COC(=O)CCCCCCCCCC=CCCCCCC)COP(=O)(O)OC1C(O)C(O)C(O)C(O)C1O,[M-H]-,PI 18:1_22:5,"PI 18:1(11)_22:5(7,10,13,16,19)",0.91625,0.10444749999996361,0.017715516156934064,0.7570109645412698,All,Some,0.0,0.0,0.0,0.0,0.0,0.0,0.0,0.0,0.0,0.0,0.0,0.0,0.0,0.0,0.0,0.0,0.0,0.0
5337,6.958,909.54969,909.54985,0.1759111938032856,C49H83O13P,CCCCCC=CCC=CCC=CCC=CCC=CCCC(=O)OC(COC(=O)CCCCCCCC=CCCCCCCCC)COP(=O)(O)OC1C(O)C(O)C(O)C(O)C1O,[M-H]-,PI 18:1_22:5,"PI 18:1(9)_22:5(4,7,10,13,16)",0.9383333333333331,0.11974166666660342,0.004268009240554218,0.752547874983216,Some,Some,13587.358916478555,0.0,0.0,0.0,0.0,0.0,0.0,0.0,0.0,45161.60154365654,0.0,0.0,0.0,0.0,0.0,0.0,0.0,0.0
5337,6.958,909.54969,909.54985,0.1759111938032856,C49H83O13P,CCC=CCC=CCC=CCC=CCC=CCCCCCC(=O)OC(COC(=O)CCCCC=CCCCCCCCCCCC)COP(=O)(O)OC1C(O)C(O)C(O)C(O)C1O,[M-H]-,PI 18:1_22:5,"PI 18:1(6)_22:5(7,10,13,16,19)",0.9115,0.10269499999994025,0.013638866661443793,0.7504689799953472,Some,Some,0.0,0.0,0.0,0.0,0.0,0.0,0.0,0.0,0.0,0.0,0.0,0.0,0.0,0.0,0.0,0.0,0.0,0.0
5337,6.958,909.54969,909.54985,0.1759111938032856,C49H83O13P,CCCCCC=CCC=CCC=CCC=CCC=CCCC(=O)OC(COC(=O)CCCCCCCCCC=CCCCCCC)COP(=O)(O)OC1C(O)C(O)C(O)C(O)C1O,[M-H]-,PI 18:1_22:5,"PI 18:1(11)_22:5(4,7,10,13,16)",0.9425714285714283,0.14055714285706244,0.008317321629606777,0.7433541608952817,All,Some,13587.358916478555,0.0,0.0,0.0,0.0,0.0,0.0,0.0,0.0,45161.60154365654,0.0,0.0,0.0,0.0,0.0,0.0,0.0,0.0
5337,6.958,909.54969,909.54985,0.1759111938032856,C49H83O13P,CCCCCC=CCC=CCC=CCC=CCC=CCCC(=O)OC(COC(=O)CCCCC=CCCCCCCCCCCC)COP(=O)(O)OC1C(O)C(O)C(O)C(O)C1O,[M-H]-,PI 18:1_22:5,"PI 18:1(6)_22:5(4,7,10,13,16)",0.9443076923076922,0.1392669230768276,0.003939700837434662,0.742009115369152,Some,Some,0.0,0.0,0.0,0.0,0.0,0.0,0.0,0.0,0.0,0.0,0.0,0.0,0.0,0.0,0.0,0.0,0.0,0.0
5341,6.959,805.49221,805.48725,6.15776351516769,C41H75O13P,CCCCCCC=CCCCCCCCCCC(=O)OC(COC(=O)CCCCCCCC=CCCCC)COP(=O)(O)OC1C(O)C(O)C(O)C(O)C1O,[M-H]-,PI 14:1_18:1,PI 14:1(9)_18:1(11),0.8706666666666667,0.37843666666666803,0.6794845104279519,1.0923867260518223,All,All,0.0,0.0,0.0,0.0,0.0,0.0,0.0,0.0,0.0,0.0,5676.147607776183,5190.985606116607,0.0,0.0,0.0,0.0,0.0,0.0
5341,6.959,805.49221,805.48725,6.15776351516769,C41H75O13P,CCCCCCCCC=CCCCCCCCC(=O)OC(COC(=O)CCCCCCCC=CCCCC)COP(=O)(O)OC1C(O)C(O)C(O)C(O)C1O,[M-H]-,PI 14:1_18:1,PI 14:1(9)_18:1(9),0.7404999999999999,0.2028449999999964,0.6291135452878711,1.0703761907590867,All,All,0.0,0.0,0.0,0.0,0.0,0.0,0.0,0.0,0.0,0.0,0.0,0.0,0.0,0.0,0.0,0.0,0.0,0.0
5341,6.959,805.49221,805.48725,6.15776351516769,C41H75O13P,CCCCCCC=CCCCCCCCCCC(=O)OC(COC(=O)CCCCC=CCCCCCCC)COP(=O)(O)OC1C(O)C(O)C(O)C(O)C1O,[M-H]-,PI 14:1_18:1,PI 14:1(6)_18:1(11),0.7273333333333335,0.4116466666666838,0.7821786313270142,1.0292434348609658,All,All,0.0,0.0,0.0,0.0,0.0,0.0,0.0,0.0,0.0,0.0,0.0,0.0,0.0,0.0,0.0,0.0,0.0,0.0
5341,6.959,805.49221,805.48725,6.15776351516769,C41H75O13P,CCCCCCCCC=CCCCCCCCC(=O)OC(COC(=O)CCCCC=CCCCCCCC)COP(=O)(O)OC1C(O)C(O)C(O)C(O)C1O,[M-H]-,PI 14:1_18:1,PI 14:1(6)_18:1(9),0.633,0.22775250000000824,0.7061341359621678,1.0230187223659444,All,All,0.0,0.0,0.0,0.0,0.0,0.0,0.0,0.0,0.0,0.0,5715.773543905941,5203.434783986145,0.0,0.0,0.0,0.0,0.0,0.0
5341,6.959,805.49221,805.48725,6.15776351516769,C41H75O13P,CCCCCCCCC=CCCCCCCCC(=O)OC(COC(=O)CCCC=CCCCCCCCC)COP(=O)(O)OC1C(O)C(O)C(O)C(O)C1O,[M-H]-,PI 14:1_18:1,PI 14:1(5)_18:1(9),0.6669999999999998,0.24516499999998587,0.6464433767232417,0.9859670390509288,All,All,0.0,0.0,0.0,0.0,0.0,0.0,0.0,0.0,0.0,0.0,39.62593612975825,12.44917786953629,0.0,0.0,0.0,0.0,0.0,0.0
5341,6.959,805.49221,805.48725,6.15776351516769,C41H75O13P,CCCCCCC=CCCCCCCCCCC(=O)OC(COC(=O)CCCC=CCCCCCCCC)COP(=O)(O)OC1C(O)C(O)C(O)C(O)C1O,[M-H]-,PI 14:1_18:1,PI 14:1(5)_18:1(11),0.7726666666666665,0.43486333333332067,0.7025909523417794,0.9798411904409449,All,All,0.0,0.0,0.0,0.0,0.0,0.0,0.0,0.0,0.0,0.0,39.62593612975825,12.44917786953629,0.0,0.0,0.0,0.0,0.0,0.0
5341,6.959,805.49221,805.48725,6.15776351516769,C41H75O13P,CCCCCCCCCCCC=CCCCCC(=O)OC(COC(=O)CCCCCCCC=CCCCC)COP(=O)(O)OC1C(O)C(O)C(O)C(O)C1O,[M-H]-,PI 14:1_18:1,PI 14:1(9)_18:1(6),0.7974999999999999,0.1849275000000148,0.3058918569262502,0.8451106712336132,All,Some,0.0,0.0,0.0,0.0,0.0,0.0,0.0,0.0,0.0,0.0,9160.37406387024,8687.550822130463,0.0,0.0,0.0,0.0,0.0,0.0
5341,6.959,805.49221,805.48725,6.15776351516769,C41H75O13P,CCCCCCCCCCCC=CCCCCC(=O)OC(COC(=O)CCCCC=CCCCCCCC)COP(=O)(O)OC1C(O)C(O)C(O)C(O)C1O,[M-H]-,PI 14:1_18:1,PI 14:1(6)_18:1(6),0.69,0.20983500000002664,0.3829124476005469,0.7977532028404708,All,Some,0.0,0.0,0.0,0.0,0.0,0.0,0.0,0.0,0.0,0.0,3484.226456094059,3496.565216013855,0.0,0.0,0.0,0.0,0.0,0.0
5341,6.959,805.49221,805.48725,6.15776351516769,C41H75O13P,CCCCCCCCCCCC=CCCCCC(=O)OC(COC(=O)CCCC=CCCCCCCCC)COP(=O)(O)OC1C(O)C(O)C(O)C(O)C1O,[M-H]-,PI 14:1_18:1,PI 14:1(5)_18:1(6),0.7239999999999998,0.22724750000000427,0.32322168836162085,0.7607015195254552,All,Some,0.0,0.0,0.0,0.0,0.0,0.0,0.0,0.0,0.0,0.0,3484.226456094059,3496.565216013855,0.0,0.0,0.0,0.0,0.0,0.0
5373,6.969,889.5715,889.58115,10.84780179971785,C47H87O13P,CCCCCC=CCC=CCCCCCCCCCC(=O)OC(COC(=O)CCCCCCCCCCCCCCCCC)COP(=O)(O)OC1C(O)C(O)C(O)C(O)C1O,[M-H]-,PI 18:0_20:2,"PI 18:0_20:2(11,14)",0.8173333333333334,0.08051000000000386,0.08909254363584956,0.7513752892722616,All,Some,,95400.0,39900.0,0.0,57400.0,81900.0,88500.0,55200.0,87300.0,,0.0,55100.0,54000.0,58300.0,38100.0,56400.0,67300.0,56700.0
5421,6.988,887.56413,887.5655,1.5435480537102606,C47H85O13P,CCC=CCC=CCC=CCCCCCCCCCC(=O)OC(COC(=O)CCCCCCCCCCCCCCCCC)COP(=O)(O)OC1C(O)C(O)C(O)C(O)C1O,[M-H]-,PI 18:0_20:3,"PI 18:0_20:3(11,14,17)",0.9339999999999998,0.05708333333332879,0.039974906249490454,0.8309107489578783,All,Some,0.0,265157.8320428827,0.0,0.0,0.0,283898.7698816893,301386.6072671586,0.0,293948.7679022747,0.0,0.0,0.0,0.0,0.0,0.0,0.0,0.0,0.0
5421,6.988,887.56413,887.5655,1.5435480537102606,C47H85O13P,CCCCCCCCC=CCC=CCC=CCCCC(=O)OC(COC(=O)CCCCCCCCCCCCCCCCC)COP(=O)(O)OC1C(O)C(O)C(O)C(O)C1O,[M-H]-,PI 18:0_20:3,"PI 18:0_20:3(5,8,11)",0.8871999999999993,0.12437999999997373,0.0,0.6989760000000204,All,None,0.0,0.0,0.0,0.0,0.0,0.0,0.0,0.0,0.0,0.0,0.0,0.0,0.0,0.0,0.0,0.0,0.0,0.0
5421,6.988,887.56413,887.5655,1.5435480537102606,C47H85O13P,CCCCCC=CCC=CCC=CCCCCCCC(=O)OC(COC(=O)CCCCCCCCCCCCCCCCC)COP(=O)(O)OC1C(O)C(O)C(O)C(O)C1O,[M-H]-,PI 18:0_20:3,"PI 18:0_20:3(8,11,14)",0.8163333333333327,0.13066166666667792,0.006572440656430433,0.6360858632574445,All,Some,0.0,406842.1679571174,0.0,0.0,0.0,326101.23011831066,382613.3927328414,0.0,371051.2320977254,0.0,0.0,0.0,0.0,0.0,0.0,0.0,0.0,0.0
5442,6.993,911.56452,911.5655,1.0750735959476836,C49H85O13P,CCCCCC=CCC=CCC=CCC=CCC=CCCC(=O)OC(COC(=O)CCCCCCCCCCCCCCCCC)COP(=O)(O)OC1C(O)C(O)C(O)C(O)C1O,[M-H]-,PI 18:0_22:5,"PI 18:0_22:5(4,7,10,13,16)",0.9050526315789472,0.12819999999996262,0.0,0.7119873684210825,All,None,0.0,0.0,0.0,0.0,0.0,0.0,0.0,0.0,0.0,0.0,1185.713326819955,0.0,0.0,0.0,0.0,0.0,0.0,0.0
5442,6.993,911.56452,911.5655,1.0750735959476836,C49H85O13P,CCC=CCC=CCC=CCC=CCC=CCCCCCC(=O)OC(COC(=O)CCCCCCCCCCCCCCCCC)COP(=O)(O)OC1C(O)C(O)C(O)C(O)C1O,[M-H]-,PI 18:0_22:5,"PI 18:0_22:5(7,10,13,16,19)",0.8483999999999998,0.19698999999995975,0.03161530188245976,0.6344217716942457,All,Some,0.0,0.0,0.0,0.0,0.0,0.0,0.0,0.0,0.0,0.0,2154.2866731800455,0.0,0.0,0.0,0.0,0.0,0.0,0.0
5485,7.015,745.50189,745.50251,0.8316538062712441,C40H75O10P,CCCCCC=CCC=CCCCCCCCC(=O)OC(COC(=O)CCCCCCCCCCCCCCC)COP(=O)(O)OCC(O)CO,[M-H]-,PG 16:0_18:2,"PG 16:0_18:2(9,12)",0.815,0.07318999999998255,0.0,0.674948000000014,All,None,,0.0,0.0,0.0,,,0.0,0.0,0.0,0.0,0.0,0.0,0.0,0.0,0.0,0.0,0.0,0.0
5485,7.015,745.50189,745.50251,0.8316538062712441,C40H75O10P,CCCCCCCCC=CCC=CCCCCC(=O)OC(COC(=O)CCCCCCCCCCCCCCC)COP(=O)(O)OCC(O)CO,[M-H]-,PG 16:0_18:2,"PG 16:0_18:2(6,9)",0.5966666666666663,0.6323033333333493,0.0,0.031157333333320287,Some,None,,0.0,0.0,0.0,,,0.0,0.0,0.0,0.0,0.0,0.0,0.0,0.0,0.0,0.0,0.0,0.0
5486,7.015,747.5137,747.51816,5.966410234093281,C40H77O10P,CCCCCCC=CCCCCCCCCCC(=O)OC(COC(=O)CCCCCCCCCCCCCCC)COP(=O)(O)OCC(O)CO,[M-H]-,PG 16:0_18:1,PG 16:0_18:1(11),0.9679999999999991,0.05148000000008324,0.0,0.8300159999999326,All,None,,0.0,0.0,0.0,0.0,,0.0,0.0,0.0,,0.0,0.0,0.0,0.0,0.0,0.0,0.0,0.0
5486,7.015,747.5137,747.51816,5.966410234093281,C40H77O10P,CCCCCCCCC=CCCCCCCCC(=O)OC(COC(=O)CCCCCCCCCCCCCCC)COP(=O)(O)OCC(O)CO,[M-H]-,PG 16:0_18:1,PG 16:0_18:1(9),0.6849999999999996,0.08645500000000084,0.0,0.547335999999999,All,None,,0.0,0.0,0.0,0.0,,0.0,0.0,0.0,,0.0,0.0,0.0,0.0,0.0,0.0,0.0,0.0
5501,7.022,773.5335,773.53381,0.40075817760717286,C42H79O10P,CCCCCCCCC=CCCCCCCCC(=O)OC(COC(=O)CCCCCCCC=CCCCCCCCC)COP(=O)(O)OCC(O)CO,[M-H]-,PG 18:1_18:1,PG 18:1(9)_18:1(9),0.6799999999999997,0.08277500000002647,0.0,0.5457799999999786,All,None,,,0.0,0.0,,,39502.14592274677,28049.28017718715,,,0.0,,66333.33333333334,43932.67831149927,0.0,0.0,57333.33333333333,11139.23013923014
5501,7.022,773.5335,773.53381,0.40075817760717286,C42H79O10P,CCCCCCCCC=CCCCCCCCC(=O)OC(COC(=O)CCCCC=CCCCCCCCCCCC)COP(=O)(O)OCC(O)CO,[M-H]-,PG 18:1_18:1,PG 18:1(6)_18:1(9),0.6666666666666666,0.10294666666667733,0.0,0.5176426666666581,Some,None,,,48333.33333333333,85333.33333333333,,,58999.999999999985,59666.666666666664,,,0.0,,66333.33333333334,60333.33333333333,34820.20937642239,41285.55917480999,57333.33333333333,47161.616161616155
5501,7.022,773.5335,773.53381,0.40075817760717286,C42H79O10P,CCCCCCCCC=CCCCCCCCC(=O)OC(COC(=O)CCCCCCCCCC=CCCCCCC)COP(=O)(O)OCC(O)CO,[M-H]-,PG 18:1_18:1,PG 18:1(11)_18:1(9),0.7739999999999996,0.2907524999999964,0.0,0.46399800000000246,All,None,,,0.0,0.0,,,39502.14592274677,28049.28017718715,,,59666.66666666667,,66333.33333333334,43932.67831149927,33179.7906235776,23381.10749185668,57333.33333333333,31644.28064428065
5501,7.022,773.5335,773.53381,0.40075817760717286,C42H79O10P,CCCCCCCCCCCC=CCCCCC(=O)OC(COC(=O)CCCCC=CCCCCCCCCCCC)COP(=O)(O)OCC(O)CO,[M-H]-,PG 18:1_18:1,PG 18:1(6)_18:1(6),0.6400000000000006,0.14328999999997905,0.0,0.46136800000001726,Some,None,,,48333.33333333333,85333.33333333333,,,19497.854077253214,31617.38648947951,,,0.0,,0.0,16400.65502183406,34820.20937642239,41285.55917480999,0.0,36022.38602238602
5501,7.022,773.5335,773.53381,0.40075817760717286,C42H79O10P,CCCCCCCCCCCC=CCCCCC(=O)OC(COC(=O)CCCCCCCCCC=CCCCCCC)COP(=O)(O)OCC(O)CO,[M-H]-,PG 18:1_18:1,PG 18:1(11)_18:1(6),0.7919999999999998,0.3802499999999706,0.0,0.4086000000000234,Some,None,,,48333.33333333333,85333.33333333333,,,19497.854077253214,31617.38648947951,,,59666.66666666667,,0.0,16400.65502183406,68000.0,64666.66666666667,0.0,56527.43652743652
5501,7.022,773.5335,773.53381,0.40075817760717286,C42H79O10P,CCCCCCC=CCCCCCCCCCC(=O)OC(COC(=O)CCCCCCCCCC=CCCCCCC)COP(=O)(O)OCC(O)CO,[M-H]-,PG 18:1_18:1,PG 18:1(11)_18:1(11),0.8679999999999994,0.49872999999996637,0.0,0.38221600000002637,All,None,,,0.0,0.0,,,0.0,0.0,,,59666.66666666667,,0.0,0.0,33179.7906235776,23381.10749185668,0.0,20505.05050505051
5523,7.033,719.48646,719.48686,0.5559517793184974,C38H73O10P,CCCCCCC=CCCCCCCCC(=O)OC(COC(=O)CCCCCCCCCCCCCCC)COP(=O)(O)OCC(O)CO,[M-H]-,PG 16:0_16:1,PG 16:0_16:1(9),0.6849999999999996,0.05969500000003336,0.0,0.568743999999973,All,None,,0.0,0.0,0.0,,,0.0,0.0,,,,,,0.0,0.0,0.0,,0.0
5547,7.042,774.53608,774.54431,10.625602555941493,C45H78NO7P,CCCCCCCCC=CCCCCCCCC(=O)OC(COCCCC=CCC=CCC=CCC=CCC=CCC=CCC)COP(=O)(O)OCCN,[M-H]-,PE O-22:6_18:1,"PE O-22:6(4,7,10,13,16,19)_18:1(9)",0.7965,0.26357875000000774,0.14986478899506156,0.6408653100955493,Some,Some,0.0,31575.5831643002,0.0,41094.23030091391,45152.275796330134,0.0,0.0,0.0,30313.786738605708,0.0,27290.262368714782,0.0,33949.14338632505,29852.053593017357,0.0,0.0,25580.944984876973,0.0
5547,7.042,774.53608,774.54431,10.625602555941493,C45H78NO7P,CCCCCCC=CCCCCCCCCCC(=O)OC(COCCCC=CCC=CCC=CCC=CCC=CCC=CCC)COP(=O)(O)OCCN,[M-H]-,PE O-22:6_18:1,"PE O-22:6(4,7,10,13,16,19)_18:1(11)",0.7548,0.21825300000003836,0.11989183119604925,0.6126202480764136,All,Some,0.0,30974.8985801217,0.0,39790.45382908238,43847.80363809675,0.0,0.0,0.0,29447.678546074112,0.0,26504.8183859819,0.0,33370.65047761142,29262.933392754698,0.0,0.0,25190.819913349136,0.0
5547,7.042,774.53608,774.54431,10.625602555941493,C45H78NO7P,CCCCCCCCCCCC=CCCCCC(=O)OC(COCCCC=CCC=CCC=CCC=CCC=CCC=CCC)COP(=O)(O)OCCN,[M-H]-,PE O-22:6_18:1,"PE O-22:6(4,7,10,13,16,19)_18:1(6)",0.76925,0.3566225000000145,0.14986478899506156,0.5419053100955438,Some,Some,0.0,32849.51825557809,0.0,44115.315870003724,48999.92056557312,0.0,0.0,0.0,31738.534715320173,0.0,29404.919245303317,0.0,35680.20613606352,31585.013014227934,0.0,0.0,26828.235101773895,0.0
5562,7.048,805.49215,805.48725,6.083274440434103,C41H75O13P,CCCCCCCCC=CCCCCCCCC(=O)OC(COC(=O)CCCC=CCCCCCCCC)COP(=O)(O)OC1C(O)C(O)C(O)C(O)C1O,[M-H]-,PI 14:1_18:1,PI 14:1(5)_18:1(9),0.8450000000000006,0.24522499999994807,0.7040418649286161,1.1979576784357966,All,All,0.0,1638.60103626943,0.0,0.0,0.0,1519.600938967136,0.0,0.0,0.0,0.0,0.0,0.0,0.0,0.0,129.70168612191958,0.0,0.0,0.0
5562,7.048,805.49215,805.48725,6.083274440434103,C41H75O13P,CCCCCCCCC=CCCCCCCCC(=O)OC(COC(=O)CCCCCCCC=CCCCC)COP(=O)(O)OC1C(O)C(O)C(O)C(O)C1O,[M-H]-,PI 14:1_18:1,PI 14:1(9)_18:1(9),0.8295000000000003,0.2029049999999586,0.6682167104449197,1.1856210394004612,All,All,0.0,220.96286701208982,0.0,0.0,0.0,0.0,0.0,0.0,0.0,0.0,0.0,0.0,0.0,0.0,129.70168612191958,0.0,0.0,0.0
5562,7.048,805.49215,805.48725,6.083274440434103,C41H75O13P,CCCCCCC=CCCCCCCCCCC(=O)OC(COC(=O)CCCC=CCCCCCCCC)COP(=O)(O)OC1C(O)C(O)C(O)C(O)C1O,[M-H]-,PI 14:1_18:1,PI 14:1(5)_18:1(11),0.8726666666666668,0.42045666666664755,0.7487233020389943,1.122885638501777,All,All,0.0,0.0,0.0,0.0,0.0,0.0,0.0,0.0,0.0,0.0,0.0,0.0,0.0,0.0,129.70168612191958,0.0,0.0,0.0
5562,7.048,805.49215,805.48725,6.083274440434103,C41H75O13P,CCCCCCC=CCCCCCCCCCC(=O)OC(COC(=O)CCCCCCCC=CCCCC)COP(=O)(O)OC1C(O)C(O)C(O)C(O)C1O,[M-H]-,PI 14:1_18:1,PI 14:1(9)_18:1(11),0.8519999999999998,0.3640299999999949,0.7009564293940658,1.106436786454663,All,All,0.0,1638.60103626943,0.0,0.0,0.0,1519.600938967136,0.0,0.0,0.0,0.0,0.0,0.0,0.0,0.0,0.0,0.0,0.0,0.0
5562,7.048,805.49215,805.48725,6.083274440434103,C41H75O13P,CCCCCCCCC=CCCCCCCCC(=O)OC(COC(=O)CCCCC=CCCCCCCC)COP(=O)(O)OC1C(O)C(O)C(O)C(O)C1O,[M-H]-,PI 14:1_18:1,PI 14:1(6)_18:1(9),0.6700000000000005,0.235939999999952,0.7460736721132356,1.0857143049019509,All,All,0.0,220.96286701208982,0.0,0.0,0.0,0.0,0.0,0.0,0.0,0.0,0.0,0.0,0.0,0.0,0.0,0.0,0.0,0.0
5562,7.048,805.49215,805.48725,6.083274440434103,C41H75O13P,CCCCCCCCCCCC=CCCCCC(=O)OC(COC(=O)CCCC=CCCCCCCCC)COP(=O)(O)OC1C(O)C(O)C(O)C(O)C1O,[M-H]-,PI 14:1_18:1,PI 14:1(5)_18:1(6),0.7893333333333334,0.2279399999999138,0.4693612432857441,0.9504731189572387,All,Some,0.0,0.0,0.0,0.0,0.0,0.0,0.0,0.0,0.0,0.0,0.0,0.0,0.0,0.0,129.70168612191958,0.0,0.0,0.0
5562,7.048,805.49215,805.48725,6.083274440434103,C41H75O13P,CCCCCCCCCCCC=CCCCCC(=O)OC(COC(=O)CCCCCCCC=CCCCC)COP(=O)(O)OC1C(O)C(O)C(O)C(O)C1O,[M-H]-,PI 14:1_18:1,PI 14:1(9)_18:1(6),0.7686666666666664,0.17151333333326116,0.42159437064081545,0.9340242669101247,All,Some,0.0,3612.3704663212434,12366.666666666666,7733.333333333333,0.0,3566.6666666666665,0.0,8033.333333333333,4033.333333333333,0.0,0.0,0.0,8600.0,8500.0,9783.830523130133,9000.000000000002,8366.666666666666,9066.666666666666
5562,7.048,805.49215,805.48725,6.083274440434103,C41H75O13P,CCCCCCC=CCCCCCCCCCC(=O)OC(COC(=O)CCCCC=CCCCCCCC)COP(=O)(O)OC1C(O)C(O)C(O)C(O)C1O,[M-H]-,PI 14:1_18:1,PI 14:1(6)_18:1(11),0.6239999999999997,0.49414500000000317,0.8341117313711126,0.9169845582339986,All,All,0.0,2194.7322970639034,12366.666666666666,7733.333333333333,0.0,2047.0657276995307,0.0,8033.333333333333,4033.333333333333,0.0,0.0,0.0,8600.0,8500.0,9783.830523130133,9000.000000000002,8366.666666666666,9066.666666666666
5562,7.048,805.49215,805.48725,6.083274440434103,C41H75O13P,CCCCCCCCCCCC=CCCCCC(=O)OC(COC(=O)CCCCC=CCCCCCCC)COP(=O)(O)OC1C(O)C(O)C(O)C(O)C1O,[M-H]-,PI 14:1_18:1,PI 14:1(6)_18:1(6),0.49899999999999967,0.20536999999990257,0.4150686432412372,0.6583657789171912,All,Some,0.0,1973.7694300518135,12366.666666666666,7733.333333333333,0.0,2047.0657276995307,0.0,8033.333333333333,4033.333333333333,0.0,0.0,0.0,8600.0,8500.0,9913.532209252053,9000.000000000002,8366.666666666666,9066.666666666666
5615,7.064,861.54975,861.54985,0.11606989424337773,C45H83O13P,CCCCCC=CCC=CCCCCCCCC(=O)OC(COC(=O)CCCCCCCCCCCCCCCCC)COP(=O)(O)OC1C(O)C(O)C(O)C(O)C1O,[M-H]-,PI 18:0_18:2,"PI 18:0_18:2(9,12)",0.9290000000000003,0.09830999999996948,0.057471229915128645,0.8091761069236405,All,Some,0.0,300000.0,320000.0,189803.86501297954,327000.0,0.0,0.0,377288.4386174017,360000.0,0.0,173000.0,384787.7826259421,345000.0,353425.82106455264,278000.0,371000.0,366781.1426787387,361697.0998925886
5615,7.064,861.54975,861.54985,0.11606989424337773,C45H83O13P,CCCCCCCCC=CCC=CCCCCC(=O)OC(COC(=O)CCCCCCCCCCCCCCCCC)COP(=O)(O)OC1C(O)C(O)C(O)C(O)C1O,[M-H]-,PI 18:0_18:2,"PI 18:0_18:2(6,9)",0.7780000000000005,0.244404999999972,0.13169910936304405,0.6232051984267625,All,Some,0.0,0.0,0.0,15196.13498702048,0.0,0.0,0.0,71711.56138259833,0.0,0.0,0.0,50212.21737405791,0.0,84574.17893544733,0.0,0.0,78218.85732126131,90302.90010741139
5682,7.087,835.53538,835.5342,1.4122701380465863,C43H81O13P,CCCCCCC=CCCCCCCCCCC(=O)OC(COC(=O)CCCCCCCCCCCCCCC)COP(=O)(O)OC1C(O)C(O)C(O)C(O)C1O,[M-H]-,PI 16:0_18:1,PI 16:0_18:1(11),0.9570000000000007,0.11366499999996904,0.178469034539589,0.9309901310856556,All,Some,,0.0,0.0,0.0,0.0,0.0,0.0,0.0,0.0,,0.0,0.0,0.0,0.0,0.0,0.0,0.0,0.0
5682,7.087,835.53538,835.5342,1.4122701380465863,C43H81O13P,CCCCCCCCC=CCCCCCCCC(=O)OC(COC(=O)CCCCCCCCCCCCCCC)COP(=O)(O)OC1C(O)C(O)C(O)C(O)C1O,[M-H]-,PI 16:0_18:1,PI 16:0_18:1(9),0.9880000000000013,0.19978999999989355,0.0,0.7293680000000864,All,Some,,0.0,0.0,0.0,0.0,0.0,0.0,0.0,2106.0607018653177,,0.0,0.0,0.0,0.0,0.0,0.0,0.0,0.0
5682,7.087,835.53538,835.5342,1.4122701380465863,C43H81O13P,CCCCCCCCCCCC=CCCCCC(=O)OC(COC(=O)CCCCCCCCCCCCCCC)COP(=O)(O)OC1C(O)C(O)C(O)C(O)C1O,[M-H]-,PI 16:0_18:1,PI 16:0_18:1(6),0.8810000000000002,0.486220000000003,0.180352001297483,0.5662408011677325,All,Some,,0.0,0.0,0.0,0.0,0.0,0.0,0.0,4883.939298134682,,0.0,0.0,0.0,0.0,0.0,0.0,0.0,0.0
5734,7.103,909.54914,909.54985,0.780605922837997,C49H83O13P,CCC=CCC=CCC=CCC=CCC=CCCCCCC(=O)OC(COC(=O)CCCCCCCC=CCCCCCCCC)COP(=O)(O)OC1C(O)C(O)C(O)C(O)C1O,[M-H]-,PI 18:1_22:5,"PI 18:1(9)_22:5(7,10,13,16,19)",0.938,0.08385200000004715,0.0,0.7771183999999622,Some,Some,3290.0000000000005,0.0,0.0,0.0,0.0,0.0,0.0,0.0,0.0,,0.0,0.0,0.0,0.0,0.0,0.0,0.0,0.0
5734,7.103,909.54914,909.54985,0.780605922837997,C49H83O13P,CCC=CCC=CCC=CCC=CCC=CCCCCCC(=O)OC(COC(=O)CCCCCCCCCC=CCCCCCC)COP(=O)(O)OC1C(O)C(O)C(O)C(O)C1O,[M-H]-,PI 18:1_22:5,"PI 18:1(11)_22:5(7,10,13,16,19)",0.9269999999999996,0.0860900000000413,0.0,0.7654279999999667,All,Some,0.0,0.0,0.0,0.0,0.0,0.0,0.0,0.0,0.0,,0.0,0.0,0.0,0.0,0.0,0.0,0.0,0.0
5734,7.103,909.54914,909.54985,0.780605922837997,C49H83O13P,CCCCCC=CCC=CCC=CCC=CCC=CCCC(=O)OC(COC(=O)CCCCCCCC=CCCCCCCCC)COP(=O)(O)OC1C(O)C(O)C(O)C(O)C1O,[M-H]-,PI 18:1_22:5,"PI 18:1(9)_22:5(4,7,10,13,16)",0.9023333333333335,0.13187500000001742,0.052272074968230324,0.7536448674713935,Some,Some,3290.0000000000005,0.0,0.0,0.0,0.0,0.0,0.0,0.0,0.0,,0.0,0.0,0.0,0.0,0.0,0.0,0.0,0.0
5734,7.103,909.54914,909.54985,0.780605922837997,C49H83O13P,CCC=CCC=CCC=CCC=CCC=CCCCCCC(=O)OC(COC(=O)CCCCC=CCCCCCCCCCCC)COP(=O)(O)OC1C(O)C(O)C(O)C(O)C1O,[M-H]-,PI 18:1_22:5,"PI 18:1(6)_22:5(7,10,13,16,19)",0.935333333333333,0.14189333333339013,0.0,0.7282853333332877,Some,Some,0.0,0.0,0.0,0.0,0.0,0.0,0.0,0.0,0.0,,0.0,0.0,0.0,0.0,0.0,0.0,0.0,0.0
5734,7.103,909.54914,909.54985,0.780605922837997,C49H83O13P,CCCCCC=CCC=CCC=CCC=CCC=CCCC(=O)OC(COC(=O)CCCCC=CCCCCCCCCCCC)COP(=O)(O)OC1C(O)C(O)C(O)C(O)C1O,[M-H]-,PI 18:1_22:5,"PI 18:1(6)_22:5(4,7,10,13,16)",0.9052307692307693,0.16726384615385717,0.0482511461245203,0.7243226468966749,Some,Some,3290.0000000000005,0.0,0.0,0.0,0.0,0.0,0.0,0.0,0.0,,0.0,0.0,0.0,0.0,0.0,0.0,0.0,0.0
5734,7.103,909.54914,909.54985,0.780605922837997,C49H83O13P,CCCCCC=CCC=CCC=CCC=CCC=CCCC(=O)OC(COC(=O)CCCCCCCCCC=CCCCCCC)COP(=O)(O)OC1C(O)C(O)C(O)C(O)C1O,[M-H]-,PI 18:1_22:5,"PI 18:1(11)_22:5(4,7,10,13,16)",0.8921666666666667,0.15712583333332,0.052272074968230324,0.7242942008047514,All,Some,0.0,0.0,0.0,0.0,0.0,0.0,0.0,0.0,0.0,,0.0,0.0,0.0,0.0,0.0,0.0,0.0,0.0
5793,7.124,745.50232,745.50251,0.25486165026465635,C40H75O10P,CCCCCCC=CCCCCCCCCCC(=O)OC(COC(=O)CCCCCCCC=CCCCCCC)COP(=O)(O)OCC(O)CO,[M-H]-,PG 16:1_18:1,PG 16:1(9)_18:1(11),0.8529999999999998,0.0438350000000014,0.0,0.7326319999999986,All,None,,,0.0,0.0,0.0,,0.0,0.0,0.0,,0.0,0.0,0.0,0.0,0.0,0.0,0.0,0.0
5793,7.124,745.50232,745.50251,0.25486165026465635,C40H75O10P,CCCCCCC=CCCCCCCCCCC(=O)OC(COC(=O)CCCCC=CCCCCCCCCC)COP(=O)(O)OCC(O)CO,[M-H]-,PG 16:1_18:1,PG 16:1(6)_18:1(11),0.8499999999999996,0.06937999999998586,0.0,0.7094960000000109,Some,None,,,0.0,0.0,0.0,,0.0,0.0,0.0,,0.0,0.0,0.0,0.0,0.0,0.0,0.0,0.0
5793,7.124,745.50232,745.50251,0.25486165026465635,C40H75O10P,CCCCCCCCCCCC=CCCCCC(=O)OC(COC(=O)CCCCCCCC=CCCCCCC)COP(=O)(O)OCC(O)CO,[M-H]-,PG 16:1_18:1,PG 16:1(9)_18:1(6),0.7786666666666662,0.07698666666666061,0.0,0.639210666666671,Some,None,,,0.0,0.0,0.0,,0.0,0.0,0.0,,0.0,0.0,0.0,0.0,0.0,0.0,0.0,0.0
5793,7.124,745.50232,745.50251,0.25486165026465635,C40H75O10P,CCCCCCCCCCCC=CCCCCC(=O)OC(COC(=O)CCCCC=CCCCCCCCCC)COP(=O)(O)OCC(O)CO,[M-H]-,PG 16:1_18:1,PG 16:1(6)_18:1(6),0.7369999999999992,0.1318799999999669,0.0,0.5577960000000258,Some,None,,,0.0,0.0,0.0,,0.0,0.0,0.0,,0.0,0.0,0.0,0.0,0.0,0.0,0.0,0.0
5793,7.124,745.50232,745.50251,0.25486165026465635,C40H75O10P,CCCCCCC=CCCCCCCCCCC(=O)OC(COC(=O)CCCCCC=CCCCCCCCC)COP(=O)(O)OCC(O)CO,[M-H]-,PG 16:1_18:1,PG 16:1(7)_18:1(11),0.885333333333333,0.3396933333333436,0.0,0.5250453333333248,All,None,,,0.0,0.0,0.0,,0.0,0.0,0.0,,0.0,0.0,0.0,0.0,0.0,0.0,0.0,0.0
5793,7.124,745.50232,745.50251,0.25486165026465635,C40H75O10P,CCCCCCCCC=CCCCCCCCC(=O)OC(COC(=O)CCCCCCCC=CCCCCCC)COP(=O)(O)OCC(O)CO,[M-H]-,PG 16:1_18:1,PG 16:1(9)_18:1(9),0.885333333333333,0.3396933333333436,0.0,0.5250453333333248,All,None,,,0.0,0.0,0.0,,0.0,0.0,0.0,,0.0,0.0,0.0,0.0,0.0,0.0,0.0,0.0
5793,7.124,745.50232,745.50251,0.25486165026465635,C40H75O10P,CCCCCCCCC=CCCCCCCCC(=O)OC(COC(=O)CCCCC=CCCCCCCCCC)COP(=O)(O)OCC(O)CO,[M-H]-,PG 16:1_18:1,PG 16:1(6)_18:1(9),0.8969999999999994,0.5259399999999914,0.0,0.38654800000000633,Some,None,,,0.0,0.0,0.0,,0.0,0.0,0.0,,0.0,0.0,0.0,0.0,0.0,0.0,0.0,0.0
5793,7.124,745.50232,745.50251,0.25486165026465635,C40H75O10P,CCCCCCCCCCCC=CCCCCC(=O)OC(COC(=O)CCCCCC=CCCCCCCCC)COP(=O)(O)OCC(O)CO,[M-H]-,PG 16:1_18:1,PG 16:1(7)_18:1(6),0.7899999999999991,0.5373500000000035,0.0,0.2811199999999965,Some,None,,,0.0,0.0,0.0,,0.0,0.0,0.0,,0.0,0.0,0.0,0.0,0.0,0.0,0.0,0.0
5793,7.124,745.50232,745.50251,0.25486165026465635,C40H75O10P,CCCCCCCCC=CCCCCCCCC(=O)OC(COC(=O)CCCCCC=CCCCCCCCC)COP(=O)(O)OCC(O)CO,[M-H]-,PG 16:1_18:1,PG 16:1(7)_18:1(9),0.9499999999999993,0.931410000000028,0.0,0.10987199999997699,All,None,,,0.0,0.0,0.0,,0.0,0.0,0.0,,0.0,0.0,0.0,0.0,0.0,0.0,0.0,0.0
5831,7.141,913.57908,913.58115,2.2658085710320828,C49H87O13P,CCCCCCCCC=CCC=CCC=CCCCCCC(=O)OC(COC(=O)CCCCCCCC=CCCCCCCCC)COP(=O)(O)OC1C(O)C(O)C(O)C(O)C1O,[M-H]-,PI 18:1_22:3,"PI 18:1(9)_22:3(7,10,13)",0.9506666666666668,0.10683666666663309,0.0,0.7701306666666937,Some,None,,0.0,0.0,3706.436269044965,0.0,0.0,0.0,0.0,0.0,0.0,0.0,5633.333333333334,0.0,0.0,4728.0,13734.565619223658,0.0,0.0
5831,7.141,913.57908,913.58115,2.2658085710320828,C49H87O13P,CCCCCCCCC=CCC=CCC=CCCCCCC(=O)OC(COC(=O)CCCCCCCCCC=CCCCCCC)COP(=O)(O)OC1C(O)C(O)C(O)C(O)C1O,[M-H]-,PI 18:1_22:3,"PI 18:1(11)_22:3(7,10,13)",0.943,0.13575666666664196,0.020981972332849128,0.7589784417662506,All,Some,,0.0,0.0,1876.7818654775178,0.0,0.0,0.0,0.0,0.0,0.0,0.0,5633.333333333334,0.0,0.0,3135.9999999999995,2732.71719038817,0.0,0.0
5831,7.141,913.57908,913.58115,2.2658085710320828,C49H87O13P,CCCCCCCCC=CCC=CCC=CCCCCCC(=O)OC(COC(=O)CCCCC=CCCCCCCCCCCC)COP(=O)(O)OC1C(O)C(O)C(O)C(O)C1O,[M-H]-,PI 18:1_22:3,"PI 18:1(6)_22:3(7,10,13)",0.9390000000000001,0.12223749999995448,0.0,0.7473100000000366,Some,None,,0.0,0.0,1876.7818654775178,0.0,0.0,0.0,0.0,0.0,0.0,0.0,5633.333333333334,0.0,0.0,3135.9999999999995,2732.71719038817,0.0,0.0
5862,7.155,771.5176,771.51816,0.7258416314534684,C42H77O10P,CCCCCC=CCC=CCCCCCCCC(=O)OC(COC(=O)CCCCCCCCCC=CCCCCCC)COP(=O)(O)OCC(O)CO,[M-H]-,PG 18:1_18:2,"PG 18:1(11)_18:2(9,12)",0.941333333333333,0.034166666666673486,0.0,0.8198666666666609,All,None,,0.0,0.0,0.0,0.0,0.0,0.0,0.0,0.0,,0.0,0.0,0.0,0.0,0.0,0.0,0.0,0.0
5862,7.155,771.5176,771.51816,0.7258416314534684,C42H77O10P,CCCCCC=CCC=CCCCCCCCC(=O)OC(COC(=O)CCCCC=CCCCCCCCCCCC)COP(=O)(O)OCC(O)CO,[M-H]-,PG 18:1_18:2,"PG 18:1(6)_18:2(9,12)",0.9194999999999998,0.04694750000001591,0.0,0.789991999999987,All,None,,0.0,0.0,0.0,2570.0,0.0,0.0,0.0,0.0,,0.0,0.0,0.0,0.0,0.0,0.0,0.0,0.0
5862,7.155,771.5176,771.51816,0.7258416314534684,C42H77O10P,CCCCCC=CCC=CCCCCCCCC(=O)OC(COC(=O)CCCCCCCC=CCCCCCCCC)COP(=O)(O)OCC(O)CO,[M-H]-,PG 18:1_18:2,"PG 18:1(9)_18:2(9,12)",0.9144999999999999,0.0634900000000016,0.0,0.7722579999999986,Some,None,,0.0,0.0,0.0,0.0,0.0,0.0,0.0,0.0,,0.0,0.0,0.0,0.0,0.0,0.0,0.0,0.0
5862,7.155,771.5176,771.51816,0.7258416314534684,C42H77O10P,CCCCCCCCC=CCC=CCCCCC(=O)OC(COC(=O)CCCCC=CCCCCCCCCCCC)COP(=O)(O)OCC(O)CO,[M-H]-,PG 18:1_18:2,"PG 18:1(6)_18:2(6,9)",0.8206666666666672,0.10436333333325365,0.0,0.6551093333333976,Some,None,,0.0,0.0,0.0,2570.0,0.0,0.0,0.0,0.0,,0.0,0.0,0.0,0.0,0.0,0.0,0.0,0.0
5862,7.155,771.5176,771.51816,0.7258416314534684,C42H77O10P,CCCCCCCCC=CCC=CCCCCC(=O)OC(COC(=O)CCCCCCCC=CCCCCCCCC)COP(=O)(O)OCC(O)CO,[M-H]-,PG 18:1_18:2,"PG 18:1(9)_18:2(6,9)",0.7780000000000005,0.08494999999993524,0.0,0.6322400000000523,Some,None,,0.0,0.0,0.0,0.0,0.0,0.0,0.0,0.0,,0.0,0.0,0.0,0.0,0.0,0.0,0.0,0.0
5862,7.155,771.5176,771.51816,0.7258416314534684,C42H77O10P,CCCCCCCCC=CCC=CCCCCC(=O)OC(COC(=O)CCCCCCCCCC=CCCCCCC)COP(=O)(O)OCC(O)CO,[M-H]-,PG 18:1_18:2,"PG 18:1(11)_18:2(6,9)",0.7413333333333334,0.06730166666661337,0.0,0.6133586666667094,All,None,,0.0,0.0,0.0,0.0,0.0,0.0,0.0,0.0,,0.0,0.0,0.0,0.0,0.0,0.0,0.0,0.0
5869,7.158,911.56541,911.5655,0.09873124860489511,C49H85O13P,CCC=CCC=CCC=CCC=CCC=CCCCCCC(=O)OC(COC(=O)CCCCCCCCCCCCCCCCC)COP(=O)(O)OC1C(O)C(O)C(O)C(O)C1O,[M-H]-,PI 18:0_22:5,"PI 18:0_22:5(7,10,13,16,19)",0.8633333333333333,0.18642111111105603,0.02300170622679124,0.6485646467152673,All,Some,0.0,0.0,32395.669560128743,27537.802097583215,18811.640082795566,15574.720041189343,0.0,0.0,0.0,0.0,23282.608695652176,48699.61122854736,21972.704714640196,37575.53191489362,44384.20083225323,16052.247667514841,31646.42289348172,31615.767045454544
5869,7.158,911.56541,911.5655,0.09873124860489511,C49H85O13P,CCCCCC=CCC=CCC=CCC=CCC=CCCC(=O)OC(COC(=O)CCCCCCCCCCCCCCCCC)COP(=O)(O)OC1C(O)C(O)C(O)C(O)C1O,[M-H]-,PI 18:0_22:5,"PI 18:0_22:5(4,7,10,13,16)",0.8511999999999993,0.20150599999988117,0.0,0.6048752000000944,All,Some,0.0,30000.0,3304.330439871256,6162.197902416781,18688.35991720443,8625.279958810657,26000.0,62900.0,29700.0,0.0,2817.391304347826,4300.388771452645,38527.295285359796,46024.46808510638,5115.799167746777,41347.75233248516,32153.57710651828,29784.232954545452
5884,7.163,887.56557,887.5655,0.07886741872791792,C47H85O13P,CCCCCC=CCC=CCCCCCCCCCC(=O)OC(COC(=O)CCCCCCCCCC=CCCCCCC)COP(=O)(O)OC1C(O)C(O)C(O)C(O)C1O,[M-H]-,PI 18:1_20:2,"PI 18:1(11)_20:2(11,14)",0.8539999999999998,0.07561666666667104,0.008812912763717063,0.7160382881540084,All,Some,,0.0,19973.852825059865,36007.317005826,11411.109167686966,10566.615813828039,0.0,9280.878316559927,0.0,0.0,14600.96338479432,24840.63324538258,5490.322580645161,24497.74468389776,47460.50632447966,7599.312529487093,15635.996538794345,16735.581612814254
5884,7.163,887.56557,887.5655,0.07886741872791792,C47H85O13P,CCCCCC=CCC=CCCCCCCCCCC(=O)OC(COC(=O)CCCCC=CCCCCCCCCCCC)COP(=O)(O)OC1C(O)C(O)C(O)C(O)C1O,[M-H]-,PI 18:1_20:2,"PI 18:1(6)_20:2(11,14)",0.8159999999999994,0.06135749999998552,0.0,0.6853140000000111,All,Some,,0.0,12957.090155976959,4311.42833475992,5867.91934234527,6163.448328177811,0.0,2956.9990850869167,0.0,0.0,4881.968903957778,17365.963060686012,0.0,12583.947877138971,20332.05806439803,0.0,15635.996538794345,11338.923758972598
5884,7.163,887.56557,887.5655,0.07886741872791792,C47H85O13P,CCCCCC=CCC=CCCCCCCCCCC(=O)OC(COC(=O)CCCCCCCC=CCCCCCCCC)COP(=O)(O)OC1C(O)C(O)C(O)C(O)C1O,[M-H]-,PI 18:1_20:2,"PI 18:1(9)_20:2(11,14)",0.8233333333333329,0.1100699999999885,0.015568166393933389,0.666955349754549,Some,Some,,712000.0,583069.0570189632,672681.2546594141,666720.9714899678,568269.9358579941,641000.0,819762.1225983532,673000.0,0.0,492517.0677112479,809793.4036939314,845509.6774193548,1002918.3074389632,972207.4356111224,815400.6874705129,1358728.0069224113,774925.4946282132
5928,7.176,734.47581,734.47663,1.1164412405825113,C41H70NO8P,CCC=CCC=CCC=CCC=CCC=CCC=CCCC(=O)OC(COC(=O)CCCCCCCCCCCCC)COP(=O)(O)OCCN,[M-H]-,PE 14:0_22:6,"PE 14:0_22:6(4,7,10,13,16,19)",0.7944999999999999,0.32951083333335873,0.09048039301398074,0.5328736870458955,All,Some,0.0,0.0,0.0,0.0,0.0,10300.0,12200.0,61000.0,0.0,0.0,34400.0,50800.0,67000.0,59400.0,0.0,0.0,59200.0,54200.0
5935,7.179,776.5532,776.55996,8.705058653937492,C45H80NO7P,CCCCCCC=CCCCCCCCCCC(=O)OC(COCCCCCCC=CCC=CCC=CCC=CCC=CCC)COP(=O)(O)OCCN,[M-H]-,PE O-22:5_18:1,"PE O-22:5(7,10,13,16,19)_18:1(11)",0.7171666666666668,0.10677499999997053,0.20423240893548356,0.7438391680419589,All,Some,0.0,0.0,2819.3161038644394,1902.6856214036125,0.0,0.0,0.0,4459.717251956427,0.0,0.0,0.0,3524.815226041334,0.0,5260.536862003781,0.0,3906.457338960988,4865.616882108815,1775.7097035602849
5935,7.179,776.5532,776.55996,8.705058653937492,C45H80NO7P,CCCCCCCCC=CCCCCCCCC(=O)OC(COCCCCCCC=CCC=CCC=CCC=CCC=CCC)COP(=O)(O)OCCN,[M-H]-,PE O-22:5_18:1,"PE O-22:5(7,10,13,16,19)_18:1(9)",0.6540000000000002,0.04439299999999093,0.1765691583891518,0.7119978425502441,Some,Some,0.0,0.0,3217.1461660368163,2372.7036142064912,0.0,0.0,0.0,5052.996578709348,0.0,0.0,0.0,3230.9781702255414,0.0,5878.722117202268,0.0,4367.464794288194,5428.681576850232,1990.7379208944146
5935,7.179,776.5532,776.55996,8.705058653937492,C45H80NO7P,CCCCCCCCCCCC=CCCCCC(=O)OC(COCCCCCCC=CCC=CCC=CCC=CCC=CCC)COP(=O)(O)OCCN,[M-H]-,PE O-22:5_18:1,"PE O-22:5(7,10,13,16,19)_18:1(6)",0.626,0.05515899999998055,0.1765691583891518,0.6781850425502521,Some,Some,0.0,0.0,3223.9119834207,1822.6089564174326,0.0,0.0,0.0,4158.8599630343315,0.0,0.0,0.0,3230.9781702255414,0.0,4786.071833648392,0.0,3610.0429963315055,4527.136396096168,1653.1547610382427
5935,7.179,776.5532,776.55996,8.705058653937492,C45H80NO7P,CCCCCCCCC=CCCCCCCCC(=O)OC(COCCCC=CCC=CCC=CCC=CCC=CCCCCC)COP(=O)(O)OCCN,[M-H]-,PE O-22:5_18:1,"PE O-22:5(4,7,10,13,16)_18:1(9)",0.8516249999999999,0.28518312500004583,0.07608232025488197,0.606790088229357,Some,Some,0.0,0.0,570.6966963306108,402.817655546477,0.0,0.0,0.0,277.660348421094,0.0,0.0,0.0,1117.0111174118779,0.0,307.5236294896031,0.0,231.11514338684867,311.20954638129643,135.67389205110663
5935,7.179,776.5532,776.55996,8.705058653937492,C45H80NO7P,CCCCCCC=CCCCCCCCCCC(=O)OC(COCCCC=CCC=CCC=CCC=CCC=CCCCCC)COP(=O)(O)OCCN,[M-H]-,PE O-22:5_18:1,"PE O-22:5(4,7,10,13,16)_18:1(11)",0.7886666666666664,0.35204833333333835,0.14375065393037115,0.5575369218706631,All,Some,0.0,0.0,629.5593075704012,477.9936286355022,0.0,0.0,0.0,223.53415391875416,0.0,0.0,0.0,842.1689675055159,0.0,249.47069943289225,0.0,176.69914401798744,225.38629518851624,110.32730166586602
5935,7.179,776.5532,776.55996,8.705058653937492,C45H80NO7P,CCCCCCCCCCCC=CCCCCC(=O)OC(COCCCC=CCC=CCC=CCC=CCC=CCCCCC)COP(=O)(O)OCCN,[M-H]-,PE O-22:5_18:1,"PE O-22:5(4,7,10,13,16)_18:1(6)",0.7926666666666663,0.32225200000003346,0.08115447493854076,0.5286374274446597,Some,Some,0.0,0.0,639.3697427770329,391.1905237904837,0.0,0.0,0.0,127.23170396004564,0.0,0.0,0.0,954.0483485901901,0.0,117.6748582230624,0.0,108.22058301447674,141.96930337497284,74.39642079008537
5949,7.187,857.51924,857.51855,0.8046473163329471,C45H79O13P,CCC=CCC=CCC=CCC=CCCCCCCC(=O)OC(COC(=O)CCCCCCCCCCCCCCC)COP(=O)(O)OC1C(O)C(O)C(O)C(O)C1O,[M-H]-,PI 16:0_20:4,"PI 16:0_20:4(8,11,14,17)",0.8577499999999998,0.13908625000004804,0.10951505925336681,0.7592695533279915,All,Some,0.0,0.0,0.0,0.0,0.0,0.0,0.0,0.0,0.0,0.0,0.0,0.0,0.0,0.0,0.0,0.0,0.0,0.0
5949,7.187,857.51924,857.51855,0.8046473163329471,C45H79O13P,CCCCCC=CCC=CCC=CCC=CCCCC(=O)OC(COC(=O)CCCCCCCCCCCCCCC)COP(=O)(O)OC1C(O)C(O)C(O)C(O)C1O,[M-H]-,PI 16:0_20:4,"PI 16:0_20:4(5,8,11,14)",0.9122499999999998,0.17006625000000497,0.06450892197738115,0.7430300297796388,All,Some,0.0,0.0,0.0,0.0,0.0,0.0,0.0,0.0,0.0,13700.0,0.0,0.0,0.0,0.0,0.0,0.0,0.0,0.0
5982,7.196,747.51791,747.51816,0.33444003545980056,C40H77O10P,CCCCCCC=CCCCCCCCCCC(=O)OC(COC(=O)CCCCCCCCCCCCCCC)COP(=O)(O)OCC(O)CO,[M-H]-,PG 16:0_18:1,PG 16:0_18:1(11),0.8390000000000004,0.044484999999951924,0.0,0.7195120000000389,All,None,,0.0,0.0,0.0,,,0.0,0.0,,,0.0,0.0,0.0,0.0,0.0,0.0,0.0,0.0
5982,7.196,747.51791,747.51816,0.33444003545980056,C40H77O10P,CCCCCCCCC=CCCCCCCCC(=O)OC(COC(=O)CCCCCCCCCCCCCCC)COP(=O)(O)OCC(O)CO,[M-H]-,PG 16:0_18:1,PG 16:0_18:1(9),0.6849999999999996,0.0822449999999435,0.0,0.5507040000000449,All,None,,0.0,0.0,0.0,,,0.0,0.0,,,0.0,0.0,0.0,0.0,0.0,0.0,0.0,0.0
5982,7.196,747.51791,747.51816,0.33444003545980056,C40H77O10P,CCCCCCCCCCCC=CCCCCC(=O)OC(COC(=O)CCCCCCCCCCCCCCC)COP(=O)(O)OCC(O)CO,[M-H]-,PG 16:0_18:1,PG 16:0_18:1(6),0.9299999999999997,0.8974500000000489,0.0,0.11903999999996051,Some,None,,0.0,0.0,0.0,,,0.0,0.0,,,0.0,0.0,0.0,0.0,0.0,0.0,0.0,0.0
6003,7.202,775.5493,775.54946,0.2063053463245263,C42H81O10P,CCCCCCC=CCCCCCCCCCC(=O)OC(COC(=O)CCCCCCCCCCCCCCCCC)COP(=O)(O)OCC(O)CO,[M-H]-,PG 18:0_18:1,PG 18:0_18:1(11),0.9960000000000004,0.033170000000041,0.0,0.8698639999999677,All,Some,,,0.0,,,,,0.0,,,,0.0,0.0,0.0,0.0,,,
6003,7.202,775.5493,775.54946,0.2063053463245263,C42H81O10P,CCCCCCCCCCCC=CCCCCC(=O)OC(COC(=O)CCCCCCCCCCCCCCCCC)COP(=O)(O)OCC(O)CO,[M-H]-,PG 18:0_18:1,PG 18:0_18:1(6),0.8810000000000002,0.10082499999998618,0.0,0.7122400000000113,All,None,,,26400.0,,,,,0.0,,,,0.0,45600.0,36600.0,0.0,,,
6003,7.202,775.5493,775.54946,0.2063053463245263,C42H81O10P,CCCCCCCCC=CCCCCCCCC(=O)OC(COC(=O)CCCCCCCCCCCCCCCCC)COP(=O)(O)OCC(O)CO,[M-H]-,PG 18:0_18:1,PG 18:0_18:1(9),0.827,0.06709499999993795,0.0,0.6906240000000496,All,None,,,0.0,,,,,33700.0,,,,0.0,0.0,0.0,0.0,,,
6018,7.205,859.53414,859.5342,0.06980525042038843,C45H81O13P,CCC=CCC=CCC=CCCCCCCCCCC(=O)OC(COC(=O)CCCCCCCCCCCCCCC)COP(=O)(O)OC1C(O)C(O)C(O)C(O)C1O,[M-H]-,PI 16:0_20:3,"PI 16:0_20:3(11,14,17)",0.9379999999999997,0.044702499999971224,0.0,0.8084380000000229,All,Some,,0.0,0.0,0.0,0.0,0.0,0.0,0.0,0.0,,0.0,0.0,0.0,0.0,0.0,0.0,0.0,0.0
6018,7.205,859.53414,859.5342,0.06980525042038843,C45H81O13P,CCCCCCCCC=CCC=CCC=CCCCC(=O)OC(COC(=O)CCCCCCCCCCCCCCC)COP(=O)(O)OC1C(O)C(O)C(O)C(O)C1O,[M-H]-,PI 16:0_20:3,"PI 16:0_20:3(5,8,11)",0.9663999999999998,0.17142599999999675,0.0,0.7326192000000025,All,None,,0.0,0.0,0.0,0.0,0.0,0.0,0.0,0.0,,0.0,0.0,0.0,0.0,0.0,0.0,0.0,0.0
6018,7.205,859.53414,859.5342,0.06980525042038843,C45H81O13P,CCCCCC=CCC=CCC=CCCCCCCC(=O)OC(COC(=O)CCCCCCCCCCCCCCC)COP(=O)(O)OC1C(O)C(O)C(O)C(O)C1O,[M-H]-,PI 16:0_20:3,"PI 16:0_20:3(8,11,14)",0.8439999999999999,0.11905249999998091,0.0,0.6643580000000152,All,None,,0.0,0.0,0.0,0.0,0.0,0.0,0.0,0.0,,0.0,0.0,0.0,0.0,0.0,0.0,0.0,0.0
6029,7.208,748.51903,748.52866,12.865238853916274,C43H76NO7P,CCCCCCCCC=CCCCCCCCC(=O)OC(COCCCCC=CCC=CCC=CCC=CCC=CCC)COP(=O)(O)OCCN,[M-H]-,PE O-20:5_18:1,"PE O-20:5(5,8,11,14,17)_18:1(9)",0.7571428571428572,0.08373285714282831,0.1383356531480233,0.7389443735475298,Some,Some,0.0,1026.6666666666665,0.0,0.0,0.0,,0.0,0.0,0.0,,0.0,0.0,0.0,0.0,0.0,0.0,0.0,0.0
6029,7.208,748.51903,748.52866,12.865238853916274,C43H76NO7P,CCCCCCC=CCCCCCCCCCC(=O)OC(COCCCCC=CCC=CCC=CCC=CCC=CCC)COP(=O)(O)OCCN,[M-H]-,PE O-20:5_18:1,"PE O-20:5(5,8,11,14,17)_18:1(11)",0.7617500000000004,0.07924874999997655,0.12104369650452039,0.7311153268540875,Some,Some,0.0,1026.6666666666665,0.0,0.0,0.0,,0.0,0.0,0.0,,0.0,0.0,0.0,0.0,0.0,0.0,0.0,0.0
6029,7.208,748.51903,748.52866,12.865238853916274,C43H76NO7P,CCCCCCCCCCCC=CCCCCC(=O)OC(COCCCCC=CCC=CCC=CCC=CCC=CCC)COP(=O)(O)OCCN,[M-H]-,PE O-20:5_18:1,"PE O-20:5(5,8,11,14,17)_18:1(6)",0.7172499999999999,0.1911887499999807,0.12104369650452039,0.6015133268540838,Some,Some,0.0,1026.6666666666665,0.0,0.0,0.0,,0.0,0.0,0.0,,0.0,0.0,0.0,0.0,0.0,0.0,0.0,0.0
6139,7.237,776.55208,776.55996,10.147316892310684,C45H80NO7P,CCCCCCC=CCCCCCCCCCC(=O)OC(COCCCCCCC=CCC=CCC=CCC=CCC=CCC)COP(=O)(O)OCCN,[M-H]-,PE O-22:5_18:1,"PE O-22:5(7,10,13,16,19)_18:1(11)",0.7355000000000002,0.042683333333305505,0.1281836274172413,0.7431685980088729,All,Some,0.0,2590.842799742051,0.0,0.0,0.0,0.0,0.0,0.0,0.0,0.0,0.0,0.0,11460.829838577418,0.0,0.0,0.0,0.0,2980.002706612254
6139,7.237,776.55208,776.55996,10.147316892310684,C45H80NO7P,CCCCCCCCC=CCCCCCCCC(=O)OC(COCCCCCCC=CCC=CCC=CCC=CCC=CCC)COP(=O)(O)OCCN,[M-H]-,PE O-22:5_18:1,"PE O-22:5(7,10,13,16,19)_18:1(9)",0.6896000000000001,0.04500199999995402,0.15382035290068954,0.7230767176106575,Some,Some,0.0,447.00034723944634,0.0,0.0,0.0,0.0,0.0,0.0,0.0,0.0,0.0,0.0,4231.066232457886,0.0,0.0,0.0,0.0,1143.714253922332
6139,7.237,776.55208,776.55996,10.147316892310684,C45H80NO7P,CCCCCCCCCCCC=CCCCCC(=O)OC(COCCCCCCC=CCC=CCC=CCC=CCC=CCC)COP(=O)(O)OCCN,[M-H]-,PE O-22:5_18:1,"PE O-22:5(7,10,13,16,19)_18:1(6)",0.6536,0.05576799999994364,0.15382035290068954,0.6820639176106656,Some,Some,0.0,403.81963391041216,0.0,0.0,0.0,0.0,0.0,0.0,0.0,0.0,0.0,0.0,3285.230653890307,0.0,0.0,0.0,0.0,893.8374047798773
6139,7.237,776.55208,776.55996,10.147316892310684,C45H80NO7P,CCCCCCCCC=CCCCCCCCC(=O)OC(COCCCC=CCC=CCC=CCC=CCC=CCCCCC)COP(=O)(O)OCCN,[M-H]-,PE O-22:5_18:1,"PE O-22:5(4,7,10,13,16)_18:1(9)",0.775625,0.19023437500003126,0.036629948590262994,0.5788419537312117,Some,Some,0.0,562.1489161168709,0.0,0.0,0.0,0.0,0.0,0.0,0.0,0.0,0.0,0.0,2115.157088302134,0.0,0.0,0.0,0.0,547.2609384726888
6139,7.237,776.55208,776.55996,10.147316892310684,C45H80NO7P,CCCCCCC=CCCCCCCCCCC(=O)OC(COCCCC=CCC=CCC=CCC=CCC=CCCCCC)COP(=O)(O)OCCN,[M-H]-,PE O-22:5_18:1,"PE O-22:5(4,7,10,13,16)_18:1(11)",0.7648888888888887,0.27169166666670386,0.058824806487625864,0.5239889925055001,All,Some,0.0,10.795178332258544,0.0,0.0,0.0,0.0,0.0,0.0,0.0,0.0,0.0,0.0,204.30850689970242,0.0,0.0,0.0,0.0,58.5712696116613
6139,7.237,776.55208,776.55996,10.147316892310684,C45H80NO7P,CCCCCCCCCCCC=CCCCCC(=O)OC(COCCCC=CCC=CCC=CCC=CCC=CCCCCC)COP(=O)(O)OCCN,[M-H]-,PE O-22:5_18:1,"PE O-22:5(4,7,10,13,16)_18:1(6)",0.740285714285714,0.33998428571433287,0.07563189405551897,0.46233841893564337,Some,Some,0.0,15.393124658961257,0.0,0.0,0.0,0.0,0.0,0.0,0.0,0.0,0.0,0.0,103.40767987254878,0.0,0.0,0.0,0.0,36.6134266011867
6211,7.254,885.54921,885.54985,0.7227148194715081,C47H83O13P,CCCCCC=CCC=CCC=CCCCCCCC(=O)OC(COC(=O)CCCCCCCC=CCCCCCCCC)COP(=O)(O)OC1C(O)C(O)C(O)C(O)C1O,[M-H]-,PI 18:1_20:3,"PI 18:1(9)_20:3(8,11,14)",0.963000000000001,0.13146499999993466,0.021229314323221293,0.7806343828909523,Some,Some,,0.0,0.0,0.0,0.0,0.0,0.0,0.0,0.0,0.0,0.0,0.0,0.0,0.0,0.0,0.0,0.0,0.0
6211,7.254,885.54921,885.54985,0.7227148194715081,C47H83O13P,CCCCCC=CCC=CCC=CCCCCCCC(=O)OC(COC(=O)CCCCCCCCCC=CCCCCCC)COP(=O)(O)OC1C(O)C(O)C(O)C(O)C1O,[M-H]-,PI 18:1_20:3,"PI 18:1(11)_20:3(8,11,14)",0.9023333333333335,0.1590499999999603,0.042649561545492765,0.7232446053909755,All,Some,,0.0,0.0,0.0,0.0,0.0,0.0,0.0,0.0,0.0,0.0,0.0,0.0,0.0,0.0,0.0,0.0,0.0
6211,7.254,885.54921,885.54985,0.7227148194715081,C47H83O13P,CCCCCCCCC=CCC=CCC=CCCCC(=O)OC(COC(=O)CCCCC=CCCCCCCCCCCC)COP(=O)(O)OC1C(O)C(O)C(O)C(O)C1O,[M-H]-,PI 18:1_20:3,"PI 18:1(6)_20:3(5,8,11)",0.9533333333333344,0.168526666666556,0.0,0.7231786666667562,Some,None,,0.0,0.0,0.0,0.0,0.0,0.0,0.0,0.0,0.0,0.0,0.0,0.0,0.0,0.0,0.0,0.0,0.0
6211,7.254,885.54921,885.54985,0.7227148194715081,C47H83O13P,CCCCCC=CCC=CCC=CCCCCCCC(=O)OC(COC(=O)CCCCC=CCCCCCCCCCCC)COP(=O)(O)OC1C(O)C(O)C(O)C(O)C1O,[M-H]-,PI 18:1_20:3,"PI 18:1(6)_20:3(8,11,14)",0.9235000000000002,0.16580749999997124,0.020622559320467367,0.7170643033884438,Some,Some,,0.0,0.0,0.0,0.0,0.0,0.0,0.0,0.0,0.0,0.0,0.0,0.0,0.0,0.0,0.0,0.0,0.0
6211,7.254,885.54921,885.54985,0.7227148194715081,C47H83O13P,CCCCCCCCC=CCC=CCC=CCCCC(=O)OC(COC(=O)CCCCCCCC=CCCCCCCCC)COP(=O)(O)OC1C(O)C(O)C(O)C(O)C1O,[M-H]-,PI 18:1_20:3,"PI 18:1(9)_20:3(5,8,11)",0.9680000000000017,0.23286999999982072,0.0,0.6849040000001451,Some,None,,0.0,0.0,0.0,0.0,0.0,0.0,0.0,0.0,0.0,0.0,0.0,0.0,0.0,0.0,0.0,0.0,0.0
6211,7.254,885.54921,885.54985,0.7227148194715081,C47H83O13P,CCC=CCC=CCC=CCCCCCCCCCC(=O)OC(COC(=O)CCCCCCCC=CCCCCCCCC)COP(=O)(O)OC1C(O)C(O)C(O)C(O)C1O,[M-H]-,PI 18:1_20:3,"PI 18:1(9)_20:3(11,14,17)",0.81,0.0617174999999861,0.0,0.6796260000000112,Some,None,,0.0,0.0,0.0,0.0,0.0,0.0,0.0,0.0,0.0,0.0,0.0,0.0,0.0,0.0,0.0,0.0,0.0
6211,7.254,885.54921,885.54985,0.7227148194715081,C47H83O13P,CCC=CCC=CCC=CCCCCCCCCCC(=O)OC(COC(=O)CCCCCCCCCC=CCCCCCC)COP(=O)(O)OC1C(O)C(O)C(O)C(O)C1O,[M-H]-,PI 18:1_20:3,"PI 18:1(11)_20:3(11,14,17)",0.7745714285714291,0.07950428571426268,0.023641162317947224,0.6547879032290286,All,Some,,0.0,0.0,0.0,0.0,0.0,0.0,0.0,0.0,0.0,0.0,0.0,0.0,0.0,0.0,0.0,0.0,0.0
6211,7.254,885.54921,885.54985,0.7227148194715081,C47H83O13P,CCC=CCC=CCC=CCCCCCCCCCC(=O)OC(COC(=O)CCCCC=CCCCCCCCCCCC)COP(=O)(O)OC1C(O)C(O)C(O)C(O)C1O,[M-H]-,PI 18:1_20:3,"PI 18:1(6)_20:3(11,14,17)",0.800857142857143,0.09151714285712842,0.00564776156917096,0.65264069969798,All,Some,,0.0,0.0,0.0,0.0,0.0,0.0,0.0,0.0,0.0,0.0,0.0,0.0,0.0,0.0,0.0,0.0,0.0
6211,7.254,885.54921,885.54985,0.7227148194715081,C47H83O13P,CCCCCCCCC=CCC=CCC=CCCCC(=O)OC(COC(=O)CCCCCCCCCC=CCCCCCC)COP(=O)(O)OC1C(O)C(O)C(O)C(O)C1O,[M-H]-,PI 18:1_20:3,"PI 18:1(11)_20:3(5,8,11)",0.8484000000000009,0.17462799999989329,0.025190761048286776,0.6465292849435442,All,Some,,0.0,0.0,0.0,0.0,0.0,0.0,0.0,0.0,0.0,0.0,0.0,0.0,0.0,0.0,0.0,0.0,0.0
6238,7.266,748.52114,748.52866,10.046375512194187,C43H76NO7P,CCCCCCCCC=CCCCCCCCC(=O)OC(COCCCCC=CCC=CCC=CCC=CCC=CCC)COP(=O)(O)OCCN,[M-H]-,PE O-20:5_18:1,"PE O-20:5(5,8,11,14,17)_18:1(9)",0.8537142857142859,0.07832285714289355,0.07134051331485512,0.769891033411912,Some,Some,11333.333333333334,0.0,0.0,0.0,0.0,,,0.0,0.0,,0.0,0.0,0.0,0.0,0.0,0.0,0.0,0.0
6238,7.266,748.52114,748.52866,10.046375512194187,C43H76NO7P,CCCCCCC=CCCCCCCCCCC(=O)OC(COCCCCC=CCC=CCC=CCC=CCC=CCC)COP(=O)(O)OCCN,[M-H]-,PE O-20:5_18:1,"PE O-20:5(5,8,11,14,17)_18:1(11)",0.8547500000000003,0.07157625000004941,0.06242294915049824,0.7681946542354092,Some,Some,11333.333333333334,0.0,0.0,0.0,0.0,,,0.0,0.0,,0.0,0.0,0.0,0.0,0.0,0.0,0.0,0.0
6238,7.266,748.52114,748.52866,10.046375512194187,C43H76NO7P,CCCCCCCCCCCC=CCCCCC(=O)OC(COCCCCC=CCC=CCC=CCC=CCC=CCC)COP(=O)(O)OCCN,[M-H]-,PE O-20:5_18:1,"PE O-20:5(5,8,11,14,17)_18:1(6)",0.7857142857142857,0.20343000000002576,0.07134051331485512,0.6086053191262062,Some,Some,11333.333333333334,0.0,0.0,0.0,0.0,,,0.0,0.0,,0.0,0.0,0.0,0.0,0.0,0.0,0.0,0.0
6284,7.281,801.56476,801.56511,0.4366457517416516,C44H83O10P,CCCCCCC=CCCCCCCCCCCCC(=O)OC(COC(=O)CCCCCCCCCC=CCCCCCC)COP(=O)(O)OCC(O)CO,[M-H]-,PG 18:1_20:1,PG 18:1(11)_20:1(13),0.6110000000000007,0.0882750000000101,0.4569925395159655,0.8905732855643615,All,Some,0.0,,0.0,0.0,,0.0,0.0,0.0,0.0,0.0,0.0,,4250.0,0.0,0.0,0.0,4900.0,0.0
6284,7.281,801.56476,801.56511,0.4366457517416516,C44H83O10P,CCCCCCC=CCCCCCCCCCCCC(=O)OC(COC(=O)CCCCC=CCCCCCCCCCCC)COP(=O)(O)OCC(O)CO,[M-H]-,PG 18:1_20:1,PG 18:1(6)_20:1(13),0.7719999999999998,0.0876750000000186,0.22849626975798276,0.8303066427821695,All,Some,0.0,,0.0,0.0,,0.0,0.0,0.0,0.0,0.0,0.0,,0.0,0.0,0.0,0.0,0.0,0.0
6284,7.281,801.56476,801.56511,0.4366457517416516,C44H83O10P,CCCCCCCCC=CCCCCCCCCCC(=O)OC(COC(=O)CCCCCCCCCC=CCCCCCC)COP(=O)(O)OCC(O)CO,[M-H]-,PG 18:1_20:1,PG 18:1(11)_20:1(11),0.7895000000000003,0.2882600000000082,0.22849626975798276,0.6855886427821782,All,Some,0.0,,0.0,0.0,,0.0,0.0,0.0,0.0,0.0,0.0,,4250.0,0.0,0.0,0.0,4900.0,0.0
6284,7.281,801.56476,801.56511,0.4366457517416516,C44H83O10P,CCCCCCC=CCCCCCCCCCCCC(=O)OC(COC(=O)CCCCCCCC=CCCCCCCCC)COP(=O)(O)OCC(O)CO,[M-H]-,PG 18:1_20:1,PG 18:1(9)_20:1(13),0.7895000000000003,0.2882600000000082,0.22849626975798276,0.6855886427821782,All,Some,0.0,,0.0,0.0,,0.0,0.0,0.0,0.0,0.0,0.0,,0.0,0.0,0.0,0.0,0.0,0.0
6284,7.281,801.56476,801.56511,0.4366457517416516,C44H83O10P,CCCCCCCCC=CCCCCCCCCCC(=O)OC(COC(=O)CCCCC=CCCCCCCCCCCC)COP(=O)(O)OCC(O)CO,[M-H]-,PG 18:1_20:1,PG 18:1(6)_20:1(11),0.9504999999999995,0.2876600000000167,0.0,0.6253219999999862,All,None,0.0,,0.0,0.0,,0.0,0.0,0.0,0.0,0.0,0.0,,4250.0,0.0,0.0,0.0,4900.0,0.0
6284,7.281,801.56476,801.56511,0.4366457517416516,C44H83O10P,CCCCCCCCC=CCCCCCCCCCC(=O)OC(COC(=O)CCCCCCCC=CCCCCCCCC)COP(=O)(O)OCC(O)CO,[M-H]-,PG 18:1_20:1,PG 18:1(9)_20:1(11),0.968,0.48824500000000626,0.0,0.48060399999999504,All,None,0.0,,0.0,0.0,,0.0,0.0,0.0,0.0,0.0,0.0,,4250.0,0.0,0.0,0.0,4900.0,0.0
6368,7.315,760.48905,760.49228,4.2472489004497005,C43H72NO8P,CCC=CCC=CCC=CCC=CCC=CCC=CCCC(=O)OC(COC(=O)CCCCCC=CCCCCCCCC)COP(=O)(O)OCCN,[M-H]-,PE 16:1_22:6,"PE 16:1(7)_22:6(4,7,10,13,16,19)",0.8091666666666671,0.20165250000000393,0.13243986267673566,0.6861238764090594,Some,Some,,15152.300243541491,22731.390099217806,17751.70344403301,17945.996893397507,15058.396309745805,14404.135222373538,38319.44860653281,13318.874032886433,0.0,21524.475524475525,39030.324955173164,40989.67334035827,35191.01512543631,22681.681567433898,35291.07597889675,36112.11015582621,31149.169249150582
6368,7.315,760.48905,760.49228,4.2472489004497005,C43H72NO8P,CCC=CCC=CCC=CCC=CCC=CCC=CCCC(=O)OC(COC(=O)CCCCCCCC=CCCCCCC)COP(=O)(O)OCCN,[M-H]-,PE 16:1_22:6,"PE 16:1(9)_22:6(4,7,10,13,16,19)",0.8644615384615388,0.23852846153847798,0.09331477083449671,0.6711759091356496,Some,Some,,15395.399512917023,20874.42254186571,15755.71393748041,17485.68469902391,15683.207380508393,14773.894527752487,34438.71741084807,13562.251934227132,0.0,20459.8422853742,36883.27723426342,38678.187565858796,33090.95454676577,21959.444550123644,32698.794099702114,33168.2432583059,29356.32490759064
6368,7.315,760.48905,760.49228,4.2472489004497005,C43H72NO8P,CCC=CCC=CCC=CCC=CCC=CCC=CCCC(=O)OC(COC(=O)CCCCC=CCCCCCCCCC)COP(=O)(O)OCCN,[M-H]-,PE 16:1_22:6,"PE 16:1(6)_22:6(4,7,10,13,16,19)",0.841692307692308,0.25831923076925006,0.09331477083449671,0.6348509860587241,Some,Some,,15152.300243541491,23294.18735891648,16992.582618486573,18268.318407578572,15058.396309745805,14621.970249873972,38241.833982619115,13318.874032886433,0.0,22615.68219015027,39086.397810563394,40332.13909378293,35718.03032779792,23158.873882442458,35010.12992140114,35719.64658586789,31394.50584325878
6379,7.317,773.53342,773.53381,0.5041796428245666,C42H79O10P,CCCCCCCCC=CCCCCCCCC(=O)OC(COC(=O)CCCCCCCC=CCCCCCCCC)COP(=O)(O)OCC(O)CO,[M-H]-,PG 18:1_18:1,PG 18:1(9)_18:1(9),0.9640000000000004,0.04886000000004742,0.0,0.8285119999999624,All,None,,,0.0,,,0.0,0.0,0.0,0.0,,,,0.0,0.0,0.0,0.0,0.0,0.0
6379,7.317,773.53342,773.53381,0.5041796428245666,C42H79O10P,CCCCCCCCC=CCCCCCCCC(=O)OC(COC(=O)CCCCC=CCCCCCCCCCCC)COP(=O)(O)OCC(O)CO,[M-H]-,PG 18:1_18:1,PG 18:1(6)_18:1(9),0.8150000000000004,0.10348749999999995,0.0,0.6507100000000003,All,None,,,0.0,,,0.0,0.0,0.0,0.0,,,,0.0,0.0,0.0,0.0,0.0,0.0
6379,7.317,773.53342,773.53381,0.5041796428245666,C42H79O10P,CCCCCCCCC=CCCCCCCCC(=O)OC(COC(=O)CCCCCCCCCC=CCCCCCC)COP(=O)(O)OCC(O)CO,[M-H]-,PG 18:1_18:1,PG 18:1(11)_18:1(9),0.9569999999999999,0.26855250000002684,0.0,0.6464579999999783,All,None,,,0.0,,,0.0,0.0,0.0,0.0,,,,0.0,0.0,0.0,0.0,0.0,0.0
6379,7.317,773.53342,773.53381,0.5041796428245666,C42H79O10P,CCCCCCCCCCCC=CCCCCC(=O)OC(COC(=O)CCCCC=CCCCCCCCCCCC)COP(=O)(O)OCC(O)CO,[M-H]-,PG 18:1_18:1,PG 18:1(6)_18:1(6),0.6660000000000004,0.1581149999999525,0.0,0.47290800000003835,All,None,,,0.0,,,0.0,0.0,0.0,0.0,,,,0.0,0.0,0.0,0.0,0.0,0.0
6379,7.317,773.53342,773.53381,0.5041796428245666,C42H79O10P,CCCCCCCCCCCC=CCCCCC(=O)OC(COC(=O)CCCCCCCCCC=CCCCCCC)COP(=O)(O)OCC(O)CO,[M-H]-,PG 18:1_18:1,PG 18:1(11)_18:1(6),0.8079999999999998,0.3231799999999794,0.0,0.46865600000001634,All,None,,,0.0,,,0.0,0.0,0.0,0.0,,,,0.0,0.0,0.0,0.0,0.0,0.0
6379,7.317,773.53342,773.53381,0.5041796428245666,C42H79O10P,CCCCCCC=CCCCCCCCCCC(=O)OC(COC(=O)CCCCCCCCCC=CCCCCCC)COP(=O)(O)OCC(O)CO,[M-H]-,PG 18:1_18:1,PG 18:1(11)_18:1(11),0.9499999999999993,0.48824500000000626,0.0,0.4644039999999943,All,None,,,0.0,,,0.0,0.0,0.0,0.0,,,,0.0,0.0,0.0,0.0,0.0,0.0
6390,7.319,909.55031,909.54985,0.5057446823563108,C49H83O13P,CCCCCC=CCC=CCC=CCC=CCC=CCCC(=O)OC(COC(=O)CCCCC=CCCCCCCCCCCC)COP(=O)(O)OC1C(O)C(O)C(O)C(O)C1O,[M-H]-,PI 18:1_22:5,"PI 18:1(6)_22:5(4,7,10,13,16)",0.93475,0.10486750000002587,0.0,0.7573809999999793,Some,Some,5093.833780160859,0.0,0.0,0.0,0.0,0.0,0.0,0.0,0.0,74597.99808946297,0.0,0.0,0.0,0.0,0.0,0.0,0.0,0.0
6390,7.319,909.55031,909.54985,0.5057446823563108,C49H83O13P,CCC=CCC=CCC=CCC=CCC=CCCCCCC(=O)OC(COC(=O)CCCCC=CCCCCCCCCCCC)COP(=O)(O)OC1C(O)C(O)C(O)C(O)C1O,[M-H]-,PI 18:1_22:5,"PI 18:1(6)_22:5(7,10,13,16,19)",0.9072499999999999,0.10951875000004918,0.0015893260945191536,0.7303403934850278,Some,Some,7518.498659517426,0.0,0.0,0.0,0.0,0.0,0.0,0.0,0.0,9553.349669809362,0.0,0.0,0.0,0.0,0.0,0.0,0.0,0.0
6390,7.319,909.55031,909.54985,0.5057446823563108,C49H83O13P,CCCCCC=CCC=CCC=CCC=CCC=CCCC(=O)OC(COC(=O)CCCCCCCC=CCCCCCCCC)COP(=O)(O)OC1C(O)C(O)C(O)C(O)C1O,[M-H]-,PI 18:1_22:5,"PI 18:1(9)_22:5(4,7,10,13,16)",0.8952500000000001,0.11412625000002663,0.0,0.7144239999999787,Some,Some,5093.833780160859,0.0,0.0,0.0,0.0,0.0,0.0,0.0,0.0,14630.394152095361,0.0,0.0,0.0,0.0,0.0,0.0,0.0,0.0
6390,7.319,909.55031,909.54985,0.5057446823563108,C49H83O13P,CCC=CCC=CCC=CCC=CCC=CCCCCCC(=O)OC(COC(=O)CCCCCCCCCC=CCCCCCC)COP(=O)(O)OC1C(O)C(O)C(O)C(O)C1O,[M-H]-,PI 18:1_22:5,"PI 18:1(11)_22:5(7,10,13,16,19)",0.9004999999999996,0.12880000000001246,0.0015893260945191536,0.7088403934850569,All,Some,0.0,0.0,0.0,0.0,0.0,0.0,0.0,0.0,0.0,7293.931968268472,0.0,0.0,0.0,0.0,0.0,0.0,0.0,0.0
6390,7.319,909.55031,909.54985,0.5057446823563108,C49H83O13P,CCCCCC=CCC=CCC=CCC=CCC=CCCC(=O)OC(COC(=O)CCCCCCCCCC=CCCCCCC)COP(=O)(O)OC1C(O)C(O)C(O)C(O)C1O,[M-H]-,PI 18:1_22:5,"PI 18:1(11)_22:5(4,7,10,13,16)",0.9039999999999998,0.1323639999999841,0.0,0.7077088000000126,All,Some,5093.833780160859,0.0,0.0,0.0,0.0,0.0,0.0,0.0,0.0,14630.394152095361,0.0,0.0,0.0,0.0,0.0,0.0,0.0,0.0
6390,7.319,909.55031,909.54985,0.5057446823563108,C49H83O13P,CCC=CCC=CCC=CCC=CCC=CCCCCCC(=O)OC(COC(=O)CCCCCCCC=CCCCCCCCC)COP(=O)(O)OC1C(O)C(O)C(O)C(O)C1O,[M-H]-,PI 18:1_22:5,"PI 18:1(9)_22:5(7,10,13,16,19)",0.86775,0.11877750000004994,0.0015893260945191536,0.6873833934850273,Some,Some,0.0,0.0,0.0,0.0,0.0,0.0,0.0,0.0,0.0,7293.931968268472,0.0,0.0,0.0,0.0,0.0,0.0,0.0,0.0
6406,7.324,771.51796,771.51816,0.25922915404842306,C42H77O10P,CCCCCC=CCC=CCCCCCCCC(=O)OC(COC(=O)CCCCCCCCCC=CCCCCCC)COP(=O)(O)OCC(O)CO,[M-H]-,PG 18:1_18:2,"PG 18:1(11)_18:2(9,12)",0.9710000000000004,0.03799000000001721,0.0,0.8435079999999866,All,None,,0.0,0.0,0.0,0.0,0.0,0.0,0.0,0.0,,0.0,0.0,0.0,0.0,0.0,0.0,0.0,0.0
6406,7.324,771.51796,771.51816,0.25922915404842306,C42H77O10P,CCCCCC=CCC=CCCCCCCCC(=O)OC(COC(=O)CCCCC=CCCCCCCCCCCC)COP(=O)(O)OCC(O)CO,[M-H]-,PG 18:1_18:2,"PG 18:1(6)_18:2(9,12)",0.9600000000000004,0.039517500000016526,0.0,0.8323859999999872,All,None,,0.0,0.0,0.0,0.0,0.0,0.0,0.0,0.0,,0.0,0.0,0.0,0.0,0.0,0.0,0.0,0.0
6406,7.324,771.51796,771.51816,0.25922915404842306,C42H77O10P,CCCCCC=CCC=CCCCCCCCC(=O)OC(COC(=O)CCCCCCCC=CCCCCCCCC)COP(=O)(O)OCC(O)CO,[M-H]-,PG 18:1_18:2,"PG 18:1(9)_18:2(9,12)",0.9554999999999998,0.05841499999999655,0.0,0.8132180000000027,Some,None,,0.0,0.0,0.0,0.0,0.0,0.0,0.0,0.0,,0.0,0.0,0.0,0.0,0.0,0.0,0.0,0.0
6406,7.324,771.51796,771.51816,0.25922915404842306,C42H77O10P,CCCCCCCCC=CCC=CCCCCC(=O)OC(COC(=O)CCCCC=CCCCCCCCCCCC)COP(=O)(O)OCC(O)CO,[M-H]-,PG 18:1_18:2,"PG 18:1(6)_18:2(6,9)",0.9429999999999996,0.06850999999994656,0.0,0.7938920000000425,Some,None,,0.0,0.0,0.0,0.0,0.0,0.0,0.0,0.0,,0.0,0.0,0.0,0.0,0.0,0.0,0.0,0.0
6406,7.324,771.51796,771.51816,0.25922915404842306,C42H77O10P,CCCCCCCCC=CCC=CCCCCC(=O)OC(COC(=O)CCCCCCCC=CCCCCCCCC)COP(=O)(O)OCC(O)CO,[M-H]-,PG 18:1_18:2,"PG 18:1(9)_18:2(6,9)",0.9429999999999996,0.06850999999994656,0.0,0.7938920000000425,Some,None,,0.0,0.0,0.0,0.0,0.0,0.0,0.0,0.0,,0.0,0.0,0.0,0.0,0.0,0.0,0.0,0.0
6406,7.324,771.51796,771.51816,0.25922915404842306,C42H77O10P,CCCCCCCCC=CCC=CCCCCC(=O)OC(COC(=O)CCCCCCCCCC=CCCCCCC)COP(=O)(O)OCC(O)CO,[M-H]-,PG 18:1_18:2,"PG 18:1(11)_18:2(6,9)",0.8451999999999998,0.05600799999997434,0.0,0.7158736000000203,All,None,,0.0,0.0,0.0,0.0,0.0,0.0,0.0,0.0,,0.0,0.0,0.0,0.0,0.0,0.0,0.0,0.0
6445,7.336,913.58048,913.58115,0.73337765343967,C49H87O13P,CCCCCC=CCC=CCC=CCC=CCCCCCC(=O)OC(COC(=O)CCCCCCCCCCCCCCCCC)COP(=O)(O)OC1C(O)C(O)C(O)C(O)C1O,[M-H]-,PI 18:0_22:4,"PI 18:0_22:4(7,10,13,16)",0.8319999999999992,0.13169285714284992,0.0007053459276003484,0.6440805256205596,All,Some,0.0,63500.0,37100.0,25700.0,38700.0,66500.0,,60500.0,62800.0,0.0,26100.0,0.0,71100.0,0.0,0.0,0.0,0.0,0.0
6473,7.342,747.51798,747.51816,0.2407968255918907,C40H77O10P,CCCCCCC=CCCCCCCCCCC(=O)OC(COC(=O)CCCCCCCCCCCCCCC)COP(=O)(O)OCC(O)CO,[M-H]-,PG 16:0_18:1,PG 16:0_18:1(11),0.7809999999999997,0.04761500000000751,0.0,0.6648079999999937,All,None,7990.0,0.0,0.0,0.0,,,,0.0,,,0.0,0.0,0.0,0.0,0.0,0.0,0.0,0.0
6473,7.342,747.51798,747.51816,0.2407968255918907,C40H77O10P,CCCCCCCCC=CCCCCCCCC(=O)OC(COC(=O)CCCCCCCCCCCCCCC)COP(=O)(O)OCC(O)CO,[M-H]-,PG 16:0_18:1,PG 16:0_18:1(9),1.0,0.9320099999999911,0.0,0.15439200000000708,All,None,0.0,0.0,0.0,0.0,,,,0.0,,,0.0,0.0,0.0,0.0,0.0,0.0,0.0,0.0
6486,7.346,750.53881,750.54431,7.328015050815093,C43H78NO7P,CCCCCCCCCCCCCCCC(=O)OC(COCCCC=CCC=CCC=CCC=CCC=CCCCCC)COP(=O)(O)OCCN,[M-H]-,PE O-22:5_16:0,"PE O-22:5(4,7,10,13,16)_16:0",0.8570000000000002,0.30991900000000216,0.2363077846113899,0.7360418061502495,Some,Some,0.0,0.0,0.0,4333.674746785024,0.0,0.0,0.0,0.0,0.0,,0.0,0.0,0.0,0.0,0.0,0.0,0.0,0.0
6486,7.346,750.53881,750.54431,7.328015050815093,C43H78NO7P,CCCCCCCCCCCCCCCC(=O)OC(COCCCCCCC=CCC=CCC=CCC=CCC=CCC)COP(=O)(O)OCCN,[M-H]-,PE O-22:5_16:0,"PE O-22:5(7,10,13,16,19)_16:0",0.7497142857142857,0.3181042857142984,0.2661337984547131,0.6597798471806602,All,Some,0.0,0.0,0.0,4416.325253214976,0.0,0.0,0.0,0.0,0.0,,0.0,0.0,0.0,0.0,0.0,0.0,0.0,0.0
6569,7.368,885.54895,885.54985,1.016317714921927,C47H83O13P,CCC=CCC=CCC=CCCCCCCCCCC(=O)OC(COC(=O)CCCCCCCC=CCCCCCCCC)COP(=O)(O)OC1C(O)C(O)C(O)C(O)C1O,[M-H]-,PI 18:1_20:3,"PI 18:1(9)_20:3(11,14,17)",0.8963333333333333,0.05740833333334194,0.00173627418926811,0.7623359801036678,Some,Some,0.0,0.0,0.0,0.0,0.0,0.0,0.0,0.0,0.0,155528.51405622493,0.0,0.0,0.0,0.0,0.0,0.0,0.0,0.0
6569,7.368,885.54895,885.54985,1.016317714921927,C47H83O13P,CCCCCCCCC=CCC=CCC=CCCCC(=O)OC(COC(=O)CCCCC=CCCCCCCCCCCC)COP(=O)(O)OC1C(O)C(O)C(O)C(O)C1O,[M-H]-,PI 18:1_20:3,"PI 18:1(6)_20:3(5,8,11)",0.9713333333333329,0.15127333333327897,0.0,0.7531813333333764,Some,None,0.0,0.0,0.0,0.0,0.0,0.0,0.0,0.0,0.0,44042.03480589023,0.0,0.0,0.0,0.0,0.0,0.0,0.0,0.0
6569,7.368,885.54895,885.54985,1.016317714921927,C47H83O13P,CCCCCCCCC=CCC=CCC=CCCCC(=O)OC(COC(=O)CCCCCCCC=CCCCCCCCC)COP(=O)(O)OC1C(O)C(O)C(O)C(O)C1O,[M-H]-,PI 18:1_20:3,"PI 18:1(9)_20:3(5,8,11)",0.9734999999999996,0.1577449999999203,0.0,0.7499540000000634,Some,None,0.0,0.0,0.0,0.0,0.0,0.0,0.0,0.0,0.0,44042.03480589023,0.0,0.0,0.0,0.0,0.0,0.0,0.0,0.0
6569,7.368,885.54895,885.54985,1.016317714921927,C47H83O13P,CCC=CCC=CCC=CCCCCCCCCCC(=O)OC(COC(=O)CCCCCCCCCC=CCCCCCC)COP(=O)(O)OC1C(O)C(O)C(O)C(O)C1O,[M-H]-,PI 18:1_20:3,"PI 18:1(11)_20:3(11,14,17)",0.8805000000000003,0.06910000000000593,0.013793597464483765,0.749584237718031,All,Some,0.0,0.0,0.0,0.0,0.0,0.0,0.0,0.0,0.0,181693.70816599735,0.0,0.0,0.0,0.0,0.0,0.0,0.0,0.0
6569,7.368,885.54895,885.54985,1.016317714921927,C47H83O13P,CCCCCCCCC=CCC=CCC=CCCCC(=O)OC(COC(=O)CCCCCCCCCC=CCCCCCC)COP(=O)(O)OC1C(O)C(O)C(O)C(O)C1O,[M-H]-,PI 18:1_20:3,"PI 18:1(11)_20:3(5,8,11)",0.9519999999999997,0.15889374999994743,0.012491391822532684,0.7409272526403212,All,Some,0.0,0.0,0.0,0.0,0.0,0.0,0.0,0.0,0.0,0.0,0.0,0.0,0.0,0.0,0.0,0.0,0.0,0.0
6569,7.368,885.54895,885.54985,1.016317714921927,C47H83O13P,CCCCCC=CCC=CCC=CCCCCCCC(=O)OC(COC(=O)CCCCCCCC=CCCCCCCCC)COP(=O)(O)OC1C(O)C(O)C(O)C(O)C1O,[M-H]-,PI 18:1_20:3,"PI 18:1(9)_20:3(8,11,14)",0.8993333333333332,0.10875166666666776,0.003157308870073166,0.7252402446497315,Some,Some,0.0,0.0,0.0,0.0,0.0,0.0,0.0,0.0,0.0,70207.22891566266,0.0,0.0,0.0,0.0,0.0,0.0,0.0,0.0
6569,7.368,885.54895,885.54985,1.016317714921927,C47H83O13P,CCC=CCC=CCC=CCCCCCCCCCC(=O)OC(COC(=O)CCCCC=CCCCCCCCCCCC)COP(=O)(O)OC1C(O)C(O)C(O)C(O)C1O,[M-H]-,PI 18:1_20:3,"PI 18:1(6)_20:3(11,14,17)",0.8665000000000003,0.09266374999999982,0.01721187116883517,0.7212096840519521,All,Some,0.0,0.0,0.0,0.0,0.0,0.0,0.0,0.0,0.0,111486.4792503347,0.0,0.0,0.0,0.0,0.0,0.0,0.0,0.0
6569,7.368,885.54895,885.54985,1.016317714921927,C47H83O13P,CCCCCC=CCC=CCC=CCCCCCCC(=O)OC(COC(=O)CCCCCCCCCC=CCCCCCC)COP(=O)(O)OC1C(O)C(O)C(O)C(O)C1O,[M-H]-,PI 18:1_20:3,"PI 18:1(11)_20:3(8,11,14)",0.8872499999999999,0.14286500000001467,0.01900326267546103,0.7013359364079031,All,Some,0.0,0.0,0.0,0.0,0.0,0.0,0.0,0.0,0.0,0.0,0.0,0.0,0.0,0.0,0.0,0.0,0.0,0.0
6569,7.368,885.54895,885.54985,1.016317714921927,C47H83O13P,CCCCCC=CCC=CCC=CCCCCCCC(=O)OC(COC(=O)CCCCC=CCCCCCCCCCCC)COP(=O)(O)OC1C(O)C(O)C(O)C(O)C1O,[M-H]-,PI 18:1_20:3,"PI 18:1(6)_20:3(8,11,14)",0.8619999999999998,0.15927833333334243,0.026302705873067725,0.6720497686190868,Some,Some,0.0,0.0,0.0,0.0,0.0,0.0,0.0,0.0,0.0,0.0,0.0,0.0,0.0,0.0,0.0,0.0,0.0,0.0
6752,7.446,773.5338,773.53381,0.012927683115431538,C42H79O10P,CCCCCCCCC=CCCCCCCCC(=O)OC(COC(=O)CCCCCCCC=CCCCCCCCC)COP(=O)(O)OCC(O)CO,[M-H]-,PG 18:1_18:1,PG 18:1(9)_18:1(9),0.899,0.07204999999999018,0.0,0.7514600000000079,All,None,,,0.0,0.0,0.0,0.0,0.0,,,,0.0,,0.0,0.0,0.0,0.0,0.0,0.0
6752,7.446,773.5338,773.53381,0.012927683115431538,C42H79O10P,CCCCCCCCC=CCCCCCCCC(=O)OC(COC(=O)CCCCC=CCCCCCCCCCCC)COP(=O)(O)OCC(O)CO,[M-H]-,PG 18:1_18:1,PG 18:1(6)_18:1(9),0.8114999999999997,0.09017749999998159,0.0,0.6582080000000144,All,None,,,0.0,0.0,0.0,0.0,0.0,,,,0.0,,0.0,0.0,0.0,0.0,0.0,0.0
6752,7.446,773.5338,773.53381,0.012927683115431538,C42H79O10P,CCCCCCCCC=CCCCCCCCC(=O)OC(COC(=O)CCCCCCCCCC=CCCCCCC)COP(=O)(O)OCC(O)CO,[M-H]-,PG 18:1_18:1,PG 18:1(11)_18:1(9),0.8860000000000001,0.28027249999999526,0.0,0.5731820000000039,All,None,,,0.0,0.0,0.0,0.0,0.0,,,,0.0,,0.0,0.0,0.0,0.0,0.0,0.0
6752,7.446,773.5338,773.53381,0.012927683115431538,C42H79O10P,CCCCCCCCCCCC=CCCCCC(=O)OC(COC(=O)CCCCC=CCCCCCCCCCCC)COP(=O)(O)OCC(O)CO,[M-H]-,PG 18:1_18:1,PG 18:1(6)_18:1(6),0.7239999999999993,0.108304999999973,0.0,0.564956000000021,All,None,,,0.0,0.0,0.0,0.0,0.0,,,,0.0,,0.0,0.0,0.0,0.0,0.0,0.0
6752,7.446,773.5338,773.53381,0.012927683115431538,C42H79O10P,CCCCCCCCCCCC=CCCCCC(=O)OC(COC(=O)CCCCCCCCCC=CCCCCCC)COP(=O)(O)OCC(O)CO,[M-H]-,PG 18:1_18:1,PG 18:1(11)_18:1(6),0.7984999999999998,0.2983999999999867,0.0,0.47993000000001046,All,None,,,0.0,0.0,0.0,0.0,0.0,,,,0.0,,0.0,0.0,0.0,0.0,0.0,0.0
6752,7.446,773.5338,773.53381,0.012927683115431538,C42H79O10P,CCCCCCC=CCCCCCCCCCC(=O)OC(COC(=O)CCCCCCCCCC=CCCCCCC)COP(=O)(O)OCC(O)CO,[M-H]-,PG 18:1_18:1,PG 18:1(11)_18:1(11),0.8730000000000002,0.48849500000000035,0.0,0.3949039999999999,All,None,,,0.0,0.0,0.0,0.0,0.0,,,,0.0,,0.0,0.0,0.0,0.0,0.0,0.0
6761,7.45,803.57983,803.58076,1.1573198940693892,C44H85O10P,CCCCCCC=CCCCCCCCCCC(=O)OC(COC(=O)CCCCCCCCCCCCCCCCCCC)COP(=O)(O)OCC(O)CO,[M-H]-,PG 20:0_18:1,PG 20:0_18:1(11),0.8499999999999996,0.102800000000002,0.7872093844783113,1.3912484460304784,All,All,,21500.0,0.0,0.0,18300.0,22200.0,23100.0,0.0,20100.0,,0.0,0.0,0.0,0.0,0.0,0.0,0.0,0.0
6761,7.45,803.57983,803.58076,1.1573198940693892,C44H85O10P,CCCCCCCCC=CCCCCCCCC(=O)OC(COC(=O)CCCCCCCCCCCCCCCCCCC)COP(=O)(O)OCC(O)CO,[M-H]-,PG 20:0_18:1,PG 20:0_18:1(9),0.4660000000000011,0.15744999999992615,0.7751940580452171,0.9911146522407556,All,All,,0.0,0.0,0.0,0.0,0.0,0.0,0.0,0.0,,0.0,0.0,0.0,0.0,0.0,0.0,0.0,0.0
6761,7.45,803.57983,803.58076,1.1573198940693892,C44H85O10P,CCCCCCCCCCCC=CCCCCC(=O)OC(COC(=O)CCCCCCCCCCCCCCCCCCC)COP(=O)(O)OCC(O)CO,[M-H]-,PG 20:0_18:1,PG 20:0_18:1(6),0.43599999999999994,0.10998499999999467,0.0,0.30441200000000423,All,None,,0.0,0.0,0.0,0.0,0.0,0.0,0.0,0.0,,0.0,0.0,0.0,0.0,0.0,0.0,0.0,0.0
6769,7.452,859.53396,859.5342,0.27922100141702244,C45H81O13P,CCCCCC=CCC=CCC=CCCCCCCC(=O)OC(COC(=O)CCCCCCCCCCCCCCC)COP(=O)(O)OC1C(O)C(O)C(O)C(O)C1O,[M-H]-,PI 16:0_20:3,"PI 16:0_20:3(8,11,14)",0.9293333333333331,0.09822333333335109,0.0,0.757821333333319,All,None,0.0,0.0,0.0,0.0,0.0,0.0,0.0,0.0,0.0,0.0,0.0,0.0,0.0,0.0,0.0,0.0,0.0,0.0
6769,7.452,859.53396,859.5342,0.27922100141702244,C45H81O13P,CCC=CCC=CCC=CCCCCCCCCCC(=O)OC(COC(=O)CCCCCCCCCCCCCCC)COP(=O)(O)OC1C(O)C(O)C(O)C(O)C1O,[M-H]-,PI 16:0_20:3,"PI 16:0_20:3(11,14,17)",0.8210000000000001,0.09650166666669217,0.0493043666365753,0.7060725966395641,All,Some,225937.18338399185,0.0,0.0,0.0,0.0,0.0,0.0,0.0,0.0,0.0,0.0,0.0,0.0,0.0,0.0,0.0,0.0,0.0
6769,7.452,859.53396,859.5342,0.27922100141702244,C45H81O13P,CCCCCCCCC=CCC=CCC=CCCCC(=O)OC(COC(=O)CCCCCCCCCCCCCCC)COP(=O)(O)OC1C(O)C(O)C(O)C(O)C1O,[M-H]-,PI 16:0_20:3,"PI 16:0_20:3(5,8,11)",0.8966666666666662,0.1974099999999718,0.018202693124334732,0.6654544238119234,All,Some,174062.8166160081,0.0,0.0,0.0,0.0,0.0,0.0,0.0,0.0,0.0,0.0,0.0,0.0,0.0,0.0,0.0,0.0,0.0
6804,7.466,909.54954,909.54985,0.34082793814229434,C49H83O13P,CCC=CCC=CCC=CCC=CCC=CCC=CCCC(=O)OC(COC(=O)CCCCCCCCCCCCCCCCC)COP(=O)(O)OC1C(O)C(O)C(O)C(O)C1O,[M-H]-,PI 18:0_22:6,"PI 18:0_22:6(4,7,10,13,16,19)",0.9000000000000001,0.11836799999998675,0.016129796269252136,0.7298224166423377,All,Some,,0.0,0.0,0.0,0.0,0.0,0.0,0.0,0.0,0.0,0.0,0.0,0.0,0.0,0.0,0.0,0.0,0.0
6825,7.476,913.58089,913.58115,0.28459431329738377,C49H87O13P,CCCCCCCCC=CCC=CCC=CCCCCCC(=O)OC(COC(=O)CCCCC=CCCCCCCCCCCC)COP(=O)(O)OC1C(O)C(O)C(O)C(O)C1O,[M-H]-,PI 18:1_22:3,"PI 18:1(6)_22:3(7,10,13)",0.9306666666666666,0.0770550000000109,0.0,0.7759559999999913,Some,None,,0.0,41856.60493636952,43589.84984250282,24359.367513176807,25147.75413711584,26521.44236960721,51526.55621215967,25101.500258665288,0.0,39374.44514901712,76803.43888001503,52647.962449327926,99443.62292051756,69592.77362843625,74486.01187302264,80640.59255157138,79874.22680412371
6825,7.476,913.58089,913.58115,0.28459431329738377,C49H87O13P,CCCCCCCCC=CCC=CCC=CCCCCCC(=O)OC(COC(=O)CCCCCCCC=CCCCCCCCC)COP(=O)(O)OC1C(O)C(O)C(O)C(O)C1O,[M-H]-,PI 18:1_22:3,"PI 18:1(9)_22:3(7,10,13)",0.9180000000000001,0.06580500000001166,0.0,0.7735559999999908,Some,None,,0.0,42272.46787662157,40928.02838007278,27045.280306660276,27105.20094562648,28576.561493882804,61103.469528332666,26634.19555095706,0.0,38020.164870006345,78372.07554261017,62348.4104971197,113009.89803828036,70144.60563875963,87755.42995272121,98748.71936868339,82086.59793814435
6825,7.476,913.58089,913.58115,0.28459431329738377,C49H87O13P,CCCCCCCCC=CCC=CCC=CCCCCCC(=O)OC(COC(=O)CCCCCCCCCC=CCCCCCC)COP(=O)(O)OC1C(O)C(O)C(O)C(O)C1O,[M-H]-,PI 18:1_22:3,"PI 18:1(11)_22:3(7,10,13)",0.9245000000000001,0.11377750000001186,0.0,0.7410279999999906,All,None,,0.0,12270.927187008905,9782.121777424383,4095.3521801629136,5247.044917257683,5501.996136509982,14369.974259507668,4164.304190377652,0.0,1705.3899809765378,3824.4855773748,12003.627053552378,24546.479041202074,4262.620732804129,19758.55817425616,22610.688079745265,23039.17525773196
6840,7.486,750.53977,750.54431,6.048943332899256,C43H78NO7P,CCCCCCCCC=CCCCCCC(=O)OC(COCCCCCCC=CCC=CCC=CCC=CCCCCC)COP(=O)(O)OCCN,[M-H]-,PE O-22:4_16:1,"PE O-22:4(7,10,13,16)_16:1(7)",0.9216666666666665,0.0706700000000069,0.0,0.7729639999999943,Some,Some,0.0,7026.184026922761,0.0,98447.57033248083,7110.174300770166,0.0,0.0,1415.3846153846152,0.0,0.0,163998.98233262709,0.0,2064.935064935065,0.0,378500.0,0.0,0.0,0.0
6840,7.486,750.53977,750.54431,6.048943332899256,C43H78NO7P,CCCCCCC=CCCCCCCCC(=O)OC(COCCCCCCC=CCC=CCC=CCC=CCCCCC)COP(=O)(O)OCCN,[M-H]-,PE O-22:4_16:1,"PE O-22:4(7,10,13,16)_16:1(9)",0.7525000000000002,0.0876537500000012,0.1236683507094167,0.7184285156384742,All,Some,0.0,3775.753098579989,0.0,60046.035805626605,4312.930685042562,0.0,0.0,794.1880341880341,0.0,0.0,218404.43102384012,0.0,1143.0890538033395,0.0,0.0,0.0,0.0,0.0
6840,7.486,750.53977,750.54431,6.048943332899256,C43H78NO7P,CCCCCCCCCC=CCCCCC(=O)OC(COCCCCCCC=CCC=CCC=CCC=CCCCCC)COP(=O)(O)OCCN,[M-H]-,PE O-22:4_16:1,"PE O-22:4(7,10,13,16)_16:1(6)",0.7965000000000002,0.0940562500000226,0.0,0.6416049999999821,All,Some,0.0,14198.06287449725,0.0,660506.3938618926,18976.895014187274,0.0,0.0,3310.4273504273506,0.0,0.0,350596.5866435328,0.0,4741.9758812615955,0.0,378500.0,0.0,0.0,0.0
6869,7.493,887.56521,887.5655,0.3267364493816267,C47H85O13P,CCC=CCC=CCC=CCCCCCCCCCC(=O)OC(COC(=O)CCCCCCCCCCCCCCCCC)COP(=O)(O)OC1C(O)C(O)C(O)C(O)C1O,[M-H]-,PI 18:0_20:3,"PI 18:0_20:3(11,14,17)",0.9086666666666666,0.037119999999977914,0.0,0.7881040000000178,All,None,,90571.23125493292,131265.3452302533,129513.93656460251,246668.9513365319,178006.94100148737,243330.50287763,183590.29649595692,233428.8518155054,,168095.04282850376,53872.14389888187,236437.24696356273,391933.5615569925,193158.06594019383,237533.65384615384,315089.07823392714,245313.7840866642
6869,7.493,887.56521,887.5655,0.3267364493816267,C47H85O13P,CCCCCC=CCC=CCC=CCCCCCCC(=O)OC(COC(=O)CCCCCCCCCCCCCCCCC)COP(=O)(O)OC1C(O)C(O)C(O)C(O)C1O,[M-H]-,PI 18:0_20:3,"PI 18:0_20:3(8,11,14)",0.944,0.07878666666666352,0.0014637205475073053,0.7878880151594257,All,Some,,0.0,295586.562069585,459906.63188246597,0.0,0.0,42198.320596282676,101223.7196765499,0.0,,341108.52925095684,218546.42683519688,0.0,0.0,311206.1153837218,124451.92307692306,110255.61580170407,91566.11878968995
6869,7.493,887.56521,887.5655,0.3267364493816267,C47H85O13P,CCCCCCCCC=CCC=CCC=CCCCC(=O)OC(COC(=O)CCCCCCCCCCCCCCCCC)COP(=O)(O)OC1C(O)C(O)C(O)C(O)C1O,[M-H]-,PI 18:0_20:3,"PI 18:0_20:3(5,8,11)",0.8810000000000007,0.16574249999996482,0.0,0.6603060000000287,All,None,,2039428.7687450673,1173148.0927001617,1060579.4315529314,1783331.048663468,1741993.0589985126,1804471.1765260873,1695185.9838274934,1806571.1481844948,,760796.4279205395,1577581.4292659215,1863562.753036437,2148066.4384430074,1305635.8186760843,1788014.423076923,1774655.3059643689,1693120.097123646
6980,7.512,799.54882,799.54946,0.8004507938455379,C44H81O10P,CCCCCC=CCC=CCCCCCCCCCC(=O)OC(COC(=O)CCCCCCCCCC=CCCCCCC)COP(=O)(O)OCC(O)CO,[M-H]-,PG 18:1_20:2,"PG 18:1(11)_20:2(11,14)",0.8513333333333334,0.03565666666664432,0.0,0.7376746666666847,All,None,,0.0,0.0,0.0,0.0,0.0,0.0,0.0,0.0,,0.0,0.0,0.0,0.0,0.0,0.0,0.0,0.0
6980,7.512,799.54882,799.54946,0.8004507938455379,C44H81O10P,CCCCCC=CCC=CCCCCCCCCCC(=O)OC(COC(=O)CCCCCCCC=CCCCCCCCC)COP(=O)(O)OCC(O)CO,[M-H]-,PG 18:1_20:2,"PG 18:1(9)_20:2(11,14)",0.7835000000000005,0.05192749999997659,0.0,0.6636080000000192,Some,None,,0.0,0.0,0.0,0.0,0.0,0.0,0.0,0.0,,0.0,0.0,0.0,0.0,0.0,0.0,0.0,0.0
6980,7.512,799.54882,799.54946,0.8004507938455379,C44H81O10P,CCCCCC=CCC=CCCCCCCCCCC(=O)OC(COC(=O)CCCCC=CCCCCCCCCCCC)COP(=O)(O)OCC(O)CO,[M-H]-,PG 18:1_20:2,"PG 18:1(6)_20:2(11,14)",0.7460000000000001,0.08890333333331076,0.0,0.6002773333333515,All,None,,0.0,0.0,0.0,0.0,0.0,0.0,0.0,0.0,,0.0,0.0,0.0,0.0,0.0,0.0,0.0,0.0
7106,7.545,817.50115,817.50251,1.6636034548406895,C46H75O10P,CCC=CCC=CCC=CCC=CCC=CCC=CCCC(=O)OC(COC(=O)CCCCCCCC=CCC=CCCCCC)COP(=O)(O)OCC(O)CO,[M-H]-,PG 18:2_22:6,"PG 18:2(9,12)_22:6(4,7,10,13,16,19)",0.7263333333333334,0.2819191666666067,0.7579745007883941,1.1103417173762695,Some,Some,0.0,0.0,46981.294516285176,43393.14456035768,0.0,,,0.0,0.0,0.0,0.0,33546.86704024452,0.0,0.0,46900.75575330509,0.0,0.0,0.0
7106,7.545,817.50115,817.50251,1.6636034548406895,C46H75O10P,CCC=CCC=CCC=CCC=CCC=CCC=CCCC(=O)OC(COC(=O)CCCCC=CCC=CCCCCCCCC)COP(=O)(O)OCC(O)CO,[M-H]-,PG 18:2_22:6,"PG 18:2(6,9)_22:6(4,7,10,13,16,19)",0.7653333333333333,0.26645833333327573,0.549139171441138,0.9698585876304037,Some,Some,0.0,0.0,49318.705483714824,43006.85543964232,0.0,,,0.0,0.0,0.0,0.0,40653.13295975548,0.0,0.0,47199.24424669491,0.0,0.0,0.0
7132,7.553,859.53408,859.5342,0.13961050070851122,C45H81O13P,CCCCCC=CCC=CCC=CCCCCCCC(=O)OC(COC(=O)CCCCCCCCCCCCCCC)COP(=O)(O)OC1C(O)C(O)C(O)C(O)C1O,[M-H]-,PI 16:0_20:3,"PI 16:0_20:3(8,11,14)",0.9570000000000007,0.16305999999997312,0.04551222677777901,0.7718130041000233,All,Some,0.0,0.0,0.0,0.0,0.0,0.0,0.0,0.0,0.0,145431.47208121826,0.0,0.0,0.0,,0.0,0.0,0.0,0.0
7132,7.553,859.53408,859.5342,0.13961050070851122,C45H81O13P,CCCCCCCCC=CCC=CCC=CCCCC(=O)OC(COC(=O)CCCCCCCCCCCCCCC)COP(=O)(O)OC1C(O)C(O)C(O)C(O)C1O,[M-H]-,PI 16:0_20:3,"PI 16:0_20:3(5,8,11)",0.9380000000000001,0.14869333333325585,0.0,0.7252453333333954,All,None,0.0,0.0,0.0,0.0,0.0,0.0,0.0,0.0,0.0,427568.52791878174,0.0,0.0,0.0,,0.0,0.0,0.0,0.0
7132,7.553,859.53408,859.5342,0.13961050070851122,C45H81O13P,CCC=CCC=CCC=CCCCCCCCCCC(=O)OC(COC(=O)CCCCCCCCCCCCCCC)COP(=O)(O)OC1C(O)C(O)C(O)C(O)C1O,[M-H]-,PI 16:0_20:3,"PI 16:0_20:3(11,14,17)",0.7959999999999994,0.04786249999997949,0.0,0.6781100000000159,All,Some,0.0,0.0,0.0,0.0,0.0,0.0,0.0,0.0,0.0,0.0,0.0,0.0,0.0,,0.0,0.0,0.0,0.0
7167,7.559,775.54136,775.54946,10.444208161655364,C42H81O10P,CCCCCCCCCCCC=CCCCCC(=O)OC(COC(=O)CCCCCCCCCCCCCCCCC)COP(=O)(O)OCC(O)CO,[M-H]-,PG 18:0_18:1,PG 18:0_18:1(6),0.8789999999999996,0.13546999999994114,0.0,0.6827240000000467,All,None,0.0,,0.0,0.0,,,0.0,0.0,,,,0.0,0.0,0.0,0.0,0.0,0.0,0.0
7167,7.559,775.54136,775.54946,10.444208161655364,C42H81O10P,CCCCCCC=CCCCCCCCCCC(=O)OC(COC(=O)CCCCCCCCCCCCCCCCC)COP(=O)(O)OCC(O)CO,[M-H]-,PG 18:0_18:1,PG 18:0_18:1(11),0.5770000000000008,0.10875999999996111,0.20099785317893432,0.6131900678610728,All,Some,0.0,,0.0,0.0,,,0.0,0.0,,,,0.0,0.0,0.0,0.0,0.0,0.0,0.0
7167,7.559,775.54136,775.54946,10.444208161655364,C42H81O10P,CCCCCCCCC=CCCCCCCCC(=O)OC(COC(=O)CCCCCCCCCCCCCCCCC)COP(=O)(O)OCC(O)CO,[M-H]-,PG 18:0_18:1,PG 18:0_18:1(9),0.7140000000000004,0.10527499999989232,0.0,0.5583800000000865,All,None,2410.0,,0.0,0.0,,,0.0,0.0,,,,0.0,0.0,0.0,0.0,0.0,0.0,0.0
7190,7.569,909.54967,909.54985,0.19790009310681655,C49H83O13P,CCC=CCC=CCC=CCC=CCC=CCC=CCCC(=O)OC(COC(=O)CCCCCCCCCCCCCCCCC)COP(=O)(O)OC1C(O)C(O)C(O)C(O)C1O,[M-H]-,PI 18:0_22:6,"PI 18:0_22:6(4,7,10,13,16,19)",0.8665999999999998,0.12962099999997462,0.0015802704627241354,0.677665443416472,All,Some,,0.0,0.0,0.0,0.0,0.0,0.0,0.0,0.0,820000.0,0.0,0.0,0.0,0.0,0.0,0.0,0.0,0.0
7248,7.587,835.53395,835.5342,0.2992097750767493,C43H81O13P,CCCCCCC=CCCCCCCCCCC(=O)OC(COC(=O)CCCCCCCCCCCCCCC)COP(=O)(O)OC1C(O)C(O)C(O)C(O)C1O,[M-H]-,PI 16:0_18:1,PI 16:0_18:1(11),0.968,0.13666000000000622,0.08490903220183219,0.838290128981644,All,All,0.0,0.0,0.0,0.0,0.0,0.0,0.0,0.0,0.0,0.0,0.0,0.0,0.0,0.0,0.0,0.0,0.0,0.0
7248,7.587,835.53395,835.5342,0.2992097750767493,C43H81O13P,CCCCCCCCCCCC=CCCCCC(=O)OC(COC(=O)CCCCCCCCCCCCCCC)COP(=O)(O)OC1C(O)C(O)C(O)C(O)C1O,[M-H]-,PI 16:0_18:1,PI 16:0_18:1(6),0.8919999999999995,0.15955499999995482,0.0,0.6751560000000356,All,None,158000.0,0.0,0.0,0.0,0.0,0.0,0.0,0.0,0.0,0.0,0.0,0.0,0.0,0.0,0.0,0.0,0.0,0.0
7248,7.587,835.53395,835.5342,0.2992097750767493,C43H81O13P,CCCCCCCCC=CCCCCCCCC(=O)OC(COC(=O)CCCCCCCCCCCCCCC)COP(=O)(O)OC1C(O)C(O)C(O)C(O)C1O,[M-H]-,PI 16:0_18:1,PI 16:0_18:1(9),0.8800000000000008,0.1706399999999917,0.0,0.6554880000000074,All,None,0.0,0.0,0.0,0.0,0.0,0.0,0.0,0.0,0.0,0.0,0.0,0.0,0.0,0.0,0.0,0.0,0.0,0.0
7304,7.603,885.54945,885.54985,0.45169676220178756,C47H83O13P,CCCCCCCCC=CCC=CCC=CCCCC(=O)OC(COC(=O)CCCCCCCC=CCCCCCCCC)COP(=O)(O)OC1C(O)C(O)C(O)C(O)C1O,[M-H]-,PI 18:1_20:3,"PI 18:1(9)_20:3(5,8,11)",0.9869999999999992,0.09000500000001921,0.0,0.8162959999999839,Some,Some,207100.30395136776,0.0,0.0,0.0,0.0,0.0,0.0,0.0,0.0,173451.6415261757,0.0,0.0,0.0,0.0,0.0,0.0,0.0,0.0
7304,7.603,885.54945,885.54985,0.45169676220178756,C47H83O13P,CCC=CCC=CCC=CCCCCCCCCCC(=O)OC(COC(=O)CCCCCCCC=CCCCCCCCC)COP(=O)(O)OC1C(O)C(O)C(O)C(O)C1O,[M-H]-,PI 18:1_20:3,"PI 18:1(9)_20:3(11,14,17)",0.9236000000000001,0.04110799999998562,0.0,0.7983536000000117,Some,Some,0.0,0.0,0.0,0.0,0.0,0.0,0.0,0.0,0.0,0.0,0.0,0.0,0.0,0.0,0.0,0.0,0.0,0.0
7304,7.603,885.54945,885.54985,0.45169676220178756,C47H83O13P,CCCCCC=CCC=CCC=CCCCCCCC(=O)OC(COC(=O)CCCCCCCC=CCCCCCCCC)COP(=O)(O)OC1C(O)C(O)C(O)C(O)C1O,[M-H]-,PI 18:1_20:3,"PI 18:1(9)_20:3(8,11,14)",0.9456666666666663,0.08805833333334097,0.0012774045656626244,0.7818029974424232,Some,Some,133933.13069908816,0.0,0.0,0.0,0.0,0.0,0.0,0.0,0.0,244365.57231588286,0.0,0.0,0.0,0.0,0.0,0.0,0.0,0.0
7304,7.603,885.54945,885.54985,0.45169676220178756,C47H83O13P,CCCCCC=CCC=CCC=CCCCCCCC(=O)OC(COC(=O)CCCCC=CCCCCCCCCCCC)COP(=O)(O)OC1C(O)C(O)C(O)C(O)C1O,[M-H]-,PI 18:1_20:3,"PI 18:1(6)_20:3(8,11,14)",0.9327999999999996,0.08548200000000179,0.0015328854787951493,0.7725139969309138,Some,Some,207100.30395136776,0.0,0.0,0.0,0.0,0.0,0.0,0.0,0.0,173451.6415261757,0.0,0.0,0.0,0.0,0.0,0.0,0.0,0.0
7304,7.603,885.54945,885.54985,0.45169676220178756,C47H83O13P,CCC=CCC=CCC=CCCCCCCCCCC(=O)OC(COC(=O)CCCCCCCCCC=CCCCCCC)COP(=O)(O)OC1C(O)C(O)C(O)C(O)C1O,[M-H]-,PI 18:1_20:3,"PI 18:1(11)_20:3(11,14,17)",0.9177142857142854,0.06897857142855303,0.0007298454564651823,0.7714168609108331,All,Some,0.0,0.0,0.0,0.0,0.0,0.0,0.0,0.0,0.0,0.0,0.0,0.0,0.0,0.0,0.0,0.0,0.0,0.0
7304,7.603,885.54945,885.54985,0.45169676220178756,C47H83O13P,CCCCCC=CCC=CCC=CCCCCCCC(=O)OC(COC(=O)CCCCCCCCCC=CCCCCCC)COP(=O)(O)OC1C(O)C(O)C(O)C(O)C1O,[M-H]-,PI 18:1_20:3,"PI 18:1(11)_20:3(8,11,14)",0.9433333333333328,0.1056383333333315,0.0021288909315386705,0.766405335171719,All,Some,133933.13069908816,0.0,0.0,0.0,0.0,0.0,0.0,0.0,0.0,244365.57231588286,0.0,0.0,0.0,0.0,0.0,0.0,0.0,0.0
7304,7.603,885.54945,885.54985,0.45169676220178756,C47H83O13P,CCCCCCCCC=CCC=CCC=CCCCC(=O)OC(COC(=O)CCCCCCCCCC=CCCCCCC)COP(=O)(O)OC1C(O)C(O)C(O)C(O)C1O,[M-H]-,PI 18:1_20:3,"PI 18:1(11)_20:3(5,8,11)",0.9709999999999992,0.13973500000000172,0.001277229548814069,0.7632615065939307,All,Some,0.0,0.0,0.0,0.0,0.0,0.0,0.0,0.0,0.0,0.0,0.0,0.0,0.0,0.0,0.0,0.0,0.0,0.0
7304,7.603,885.54945,885.54985,0.45169676220178756,C47H83O13P,CCC=CCC=CCC=CCCCCCCCCCC(=O)OC(COC(=O)CCCCC=CCCCCCCCCCCC)COP(=O)(O)OC1C(O)C(O)C(O)C(O)C1O,[M-H]-,PI 18:1_20:3,"PI 18:1(6)_20:3(11,14,17)",0.8994999999999997,0.0730299999999744,0.0,0.7511260000000203,All,None,0.0,0.0,0.0,0.0,0.0,0.0,0.0,0.0,0.0,0.0,0.0,0.0,0.0,0.0,0.0,0.0,0.0,0.0
7304,7.603,885.54945,885.54985,0.45169676220178756,C47H83O13P,CCCCCCCCC=CCC=CCC=CCCCC(=O)OC(COC(=O)CCCCC=CCCCCCCCCCCC)COP(=O)(O)OC1C(O)C(O)C(O)C(O)C1O,[M-H]-,PI 18:1_20:3,"PI 18:1(6)_20:3(5,8,11)",0.9274999999999993,0.1150299999999902,0.0,0.7427260000000073,Some,Some,133933.13069908816,0.0,0.0,0.0,0.0,0.0,0.0,0.0,0.0,244365.57231588286,0.0,0.0,0.0,0.0,0.0,0.0,0.0,0.0
7387,7.619,750.53986,750.54431,5.9290303593399125,C43H78NO7P,CCCCCCCCC=CCCCCCC(=O)OC(COCCCCCCC=CCC=CCC=CCC=CCCCCC)COP(=O)(O)OCCN,[M-H]-,PE O-22:4_16:1,"PE O-22:4(7,10,13,16)_16:1(7)",0.8334285714285716,0.06274000000001122,0.13557346271935122,0.8219098307331215,Some,Some,,61102.70245964297,67071.62220002853,0.0,57593.699724946804,60424.25697576704,52475.49258172616,90014.36781609195,65683.46032580135,,0.0,124201.4523307566,107956.08969356432,107552.86030230035,0.0,92478.84287126047,91816.24816701688,112414.49094316052
7387,7.619,750.53986,750.54431,5.9290303593399125,C43H78NO7P,CCCCCCC=CCCCCCCCC(=O)OC(COCCCCCCC=CCC=CCC=CCC=CCCCCC)COP(=O)(O)OCCN,[M-H]-,PE O-22:4_16:1,"PE O-22:4(7,10,13,16)_16:1(9)",0.6600000000000004,0.07766666666668698,0.21500587305093158,0.7253719524124891,All,Some,,73325.59917262467,204074.04765301754,0.0,92850.1738543775,74978.47673600988,71896.38054980047,189287.3563218391,84056.75249605885,,0.0,227540.74222802254,198224.23391082668,197027.7085182211,0.0,214185.15856616656,169190.2674265673,207992.83780970232
7387,7.619,750.53986,750.54431,5.9290303593399125,C43H78NO7P,CCCCCCCCCC=CCCCCC(=O)OC(COCCCCCCC=CCC=CCC=CCC=CCCCCC)COP(=O)(O)OCCN,[M-H]-,PE O-22:4_16:1,"PE O-22:4(7,10,13,16)_16:1(6)",0.710666666666667,0.08129888888889683,0.10544602655949539,0.6694623127924286,All,Some,,258571.69836773237,563854.3301469539,0.0,276556.1264206757,286597.2662882231,271628.12686847337,436698.275862069,280259.7871781398,,0.0,412257.80544122076,457819.6763956089,425419.4311794784,0.0,482335.99856257293,391993.48440641584,477592.6712471372
7470,7.639,817.50096,817.50251,1.896018643497089,C46H75O10P,CCC=CCC=CCC=CCC=CCC=CCC=CCCC(=O)OC(COC(=O)CCCCCCCC=CCC=CCCCCC)COP(=O)(O)OCC(O)CO,[M-H]-,PG 18:2_22:6,"PG 18:2(9,12)_22:6(4,7,10,13,16,19)",0.7353333333333334,0.24632333333335688,0.790754594218302,1.1764204681297863,Some,Some,0.0,0.0,0.0,0.0,0.0,0.0,0.0,25397.184300341298,0.0,0.0,46770.70465419747,0.0,28695.90395480226,28515.144916654153,0.0,31239.821182943604,24748.796498905907,26449.143708116157
7470,7.639,817.50096,817.50251,1.896018643497089,C46H75O10P,CCC=CCC=CCC=CCC=CCC=CCC=CCCC(=O)OC(COC(=O)CCCCC=CCC=CCCCCCCCC)COP(=O)(O)OCC(O)CO,[M-H]-,PG 18:2_22:6,"PG 18:2(6,9)_22:6(4,7,10,13,16,19)",0.8014999999999999,0.22693500000001166,0.45307630346573147,0.9475706731191489,Some,Some,0.0,0.0,0.0,0.0,0.0,0.0,0.0,33602.815699658706,0.0,0.0,38129.29534580252,0.0,35904.09604519774,37284.85508334584,0.0,35460.178817056396,33551.20350109409,33350.85629188384
7491,7.646,799.54981,799.54946,0.4377465279331558,C44H81O10P,CCCCCC=CCC=CCCCCCCCCCC(=O)OC(COC(=O)CCCCCCCCCC=CCCCCCC)COP(=O)(O)OCC(O)CO,[M-H]-,PG 18:1_20:2,"PG 18:1(11)_20:2(11,14)",0.8480000000000004,0.03409166666667337,0.0,0.7359266666666618,All,None,,0.0,0.0,0.0,0.0,0.0,0.0,0.0,0.0,35700.0,0.0,0.0,0.0,0.0,0.0,0.0,0.0,0.0
7491,7.646,799.54981,799.54946,0.4377465279331558,C44H81O10P,CCCCCC=CCC=CCCCCCCCCCC(=O)OC(COC(=O)CCCCCCCC=CCCCCCCCC)COP(=O)(O)OCC(O)CO,[M-H]-,PG 18:1_20:2,"PG 18:1(9)_20:2(11,14)",0.8134999999999999,0.06567500000002724,0.0,0.6796099999999782,Some,None,,0.0,0.0,0.0,0.0,0.0,0.0,0.0,0.0,0.0,0.0,0.0,0.0,0.0,0.0,0.0,0.0,0.0
7491,7.646,799.54981,799.54946,0.4377465279331558,C44H81O10P,CCCCCC=CCC=CCCCCCCCCCC(=O)OC(COC(=O)CCCCC=CCCCCCCCCCCC)COP(=O)(O)OCC(O)CO,[M-H]-,PG 18:1_20:2,"PG 18:1(6)_20:2(11,14)",0.8093333333333336,0.10053333333333588,0.0,0.6479733333333316,All,None,,0.0,0.0,0.0,0.0,0.0,0.0,0.0,0.0,0.0,0.0,0.0,0.0,0.0,0.0,0.0,0.0,0.0
7585,7.673,779.51891,779.52324,5.554677240901422,C44H77O9P,CCCCCCC=CCCCCCCCC(=O)OC(COCCCCCCC=CCC=CCC=CCC=CCC=CCC)COP(=O)(O)OCC(O)CO,[M-H]-,PG O-22:5_16:1,"PG O-22:5(7,10,13,16,19)_16:1(9)",0.7422000000000001,0.18436199999998734,0.27942967642973704,0.7719771087867735,All,Some,0.0,8819.386888586956,278002.8700031196,217350.25304025982,0.0,0.0,10330.816253146351,0.0,8668.455042225534,0.0,189277.56653992398,201709.29159058738,0.0,0.0,216878.23860045898,0.0,0.0,0.0
7585,7.673,779.51891,779.52324,5.554677240901422,C44H77O9P,CCCCCCCCCC=CCCCCC(=O)OC(COCCCCCCC=CCC=CCC=CCC=CCC=CCC)COP(=O)(O)OCC(O)CO,[M-H]-,PG O-22:5_16:1,"PG O-22:5(7,10,13,16,19)_16:1(6)",0.7678,0.18404099999999063,0.24485316573923802,0.7641550491653218,All,Some,0.0,8237.419327445652,186165.26583181066,151219.88065563864,0.0,0.0,9532.542250988854,0.0,8668.455042225534,0.0,239087.4524714829,238841.1053894918,0.0,0.0,145394.8847573752,0.0,0.0,0.0
7585,7.673,779.51891,779.52324,5.554677240901422,C44H77O9P,CCCCCCCCC=CCCCCCC(=O)OC(COCCCCCCC=CCC=CCC=CCC=CCC=CCC)COP(=O)(O)OCC(O)CO,[M-H]-,PG O-22:5_16:1,"PG O-22:5(7,10,13,16,19)_16:1(7)",0.7802499999999999,0.19453624999998453,0.22708090238917938,0.7509688121502738,Some,Some,0.0,10621.27632472826,262205.73109318595,229737.89561145104,0.0,0.0,9532.542250988854,0.0,8668.455042225534,0.0,189277.56653992398,181333.03243542663,0.0,0.0,183568.6300595337,0.0,0.0,0.0
7585,7.673,779.51891,779.52324,5.554677240901422,C44H77O9P,CCCCCCC=CCCCCCCCC(=O)OC(COCCCC=CCC=CCC=CCC=CCC=CCCCCC)COP(=O)(O)OCC(O)CO,[M-H]-,PG O-22:5_16:1,"PG O-22:5(4,7,10,13,16)_16:1(9)",0.6547000000000003,0.14844349999994505,0.18442340670281704,0.6364562660325795,All,Some,0.0,2335.973590353261,13474.423993939121,11934.436135659793,0.0,0.0,2134.124415677814,0.0,2264.878291107799,0.0,12452.471482889734,53879.5314198962,0.0,0.0,18604.35028436492,0.0,0.0,0.0
7585,7.673,779.51891,779.52324,5.554677240901422,C44H77O9P,CCCCCCCCCC=CCCCCC(=O)OC(COCCCC=CCC=CCC=CCC=CCC=CCCCCC)COP(=O)(O)OCC(O)CO,[M-H]-,PG O-22:5_16:1,"PG O-22:5(4,7,10,13,16)_16:1(6)",0.6650526315789476,0.14912052631573142,0.1577335747498084,0.6212111646432953,All,Some,0.0,2044.9898097826087,5575.854538972323,3795.6038975753454,0.0,0.0,1734.9874145990652,0.0,2264.878291107799,0.0,12452.471482889734,44545.63732228217,0.0,0.0,10276.948149133605,0.0,0.0,0.0
7585,7.673,779.51891,779.52324,5.554677240901422,C44H77O9P,CCCCCCCCC=CCCCCCC(=O)OC(COCCCC=CCC=CCC=CCC=CCC=CCCCCC)COP(=O)(O)OCC(O)CO,[M-H]-,PG O-22:5_16:1,"PG O-22:5(4,7,10,13,16)_16:1(7)",0.6755000000000001,0.13415812499994217,0.0963449829199984,0.587333984628045,Some,Some,0.0,2640.954059103261,5575.854538972323,10961.930659415362,0.0,0.0,1734.9874145990652,0.0,2264.878291107799,0.0,12452.471482889734,43691.40184231582,0.0,0.0,10276.948149133605,0.0,0.0,0.0
7609,7.681,861.54928,861.54985,0.661598397398383,C45H83O13P,CCCCCC=CCC=CCCCCCCCCCC(=O)OC(COC(=O)CCCCCCCCCCCCCCC)COP(=O)(O)OC1C(O)C(O)C(O)C(O)C1O,[M-H]-,PI 16:0_20:2,"PI 16:0_20:2(11,14)",0.855,0.1243700000000274,0.07926961057080972,0.7413466495137069,All,Some,842000.0,,0.0,,,,,0.0,,,,0.0,,,,,,
7626,7.689,841.49811,841.50251,5.228742573842564,C48H75O10P,CCC=CCC=CCC=CCC=CCC=CCCCCCC(=O)OC(COC(=O)CCCC=CCC=CCC=CCC=CCC=CCC)COP(=O)(O)OCC(O)CO,[M-H]-,PG 20:5_22:5,"PG 20:5(5,8,11,14,17)_22:5(7,10,13,16,19)",0.8400000000000002,0.27420399999998607,0.5585525878993998,1.039334129109471,All,Some,0.0,12142.370062370062,27624.81782219446,33186.73826756946,17396.47266313933,10814.141414141413,11375.224416517054,19759.04570461278,13875.47905600753,0.0,26683.09963099631,23399.358745992162,23515.948017327555,22551.547396028473,32261.101865638957,23521.883540046245,21310.068833039863,22594.12926391382
7626,7.689,841.49811,841.50251,5.228742573842564,C48H75O10P,CCCCCC=CCC=CCC=CCC=CCC=CCCC(=O)OC(COC(=O)CCCC=CCC=CCC=CCC=CCC=CCC)COP(=O)(O)OCC(O)CO,[M-H]-,PG 20:5_22:5,"PG 20:5(5,8,11,14,17)_22:5(4,7,10,13,16)",0.8173043478260871,0.1901347826086472,0.49841028827333,1.0320353464025578,Some,Some,0.0,8957.629937629938,13075.18217780554,3713.261732430539,15703.52733686067,9385.858585858587,9424.775583482946,13740.954295387219,8624.520943992466,0.0,14216.90036900369,13500.64125400784,14584.051982672447,15048.452603971527,5238.898134361039,14178.116459953753,13189.931166960141,13605.870736086175
7638,7.693,835.53429,835.5342,0.10771551900585938,C43H81O13P,CCCCCCCCCCCC=CCCCCC(=O)OC(COC(=O)CCCCCCCCCCCCCCC)COP(=O)(O)OC1C(O)C(O)C(O)C(O)C1O,[M-H]-,PI 16:0_18:1,PI 16:0_18:1(6),0.9589999999999996,0.15914999999989732,0.0,0.7357800000000818,All,None,0.0,0.0,0.0,,0.0,0.0,0.0,0.0,0.0,,,0.0,0.0,0.0,,0.0,0.0,0.0
7638,7.693,835.53429,835.5342,0.10771551900585938,C43H81O13P,CCCCCCC=CCCCCCCCCCC(=O)OC(COC(=O)CCCCCCCCCCCCCCC)COP(=O)(O)OC1C(O)C(O)C(O)C(O)C1O,[M-H]-,PI 16:0_18:1,PI 16:0_18:1(11),0.8899999999999988,0.12020999999998594,0.0,0.7048320000000101,All,None,0.0,0.0,0.0,,0.0,0.0,0.0,0.0,0.0,,,0.0,0.0,0.0,,0.0,0.0,0.0
7638,7.693,835.53429,835.5342,0.10771551900585938,C43H81O13P,CCCCCCCCC=CCCCCCCCC(=O)OC(COC(=O)CCCCCCCCCCCCCCC)COP(=O)(O)OC1C(O)C(O)C(O)C(O)C1O,[M-H]-,PI 16:0_18:1,PI 16:0_18:1(9),0.8239999999999998,0.18516999999997097,0.0,0.5934640000000231,All,None,0.0,0.0,0.0,,0.0,0.0,0.0,0.0,0.0,,,0.0,0.0,0.0,,0.0,0.0,0.0
7642,7.693,863.56545,863.5655,0.05789948763289984,C45H85O13P,CCCCCCC=CCCCCCCCCCC(=O)OC(COC(=O)CCCCCCCCCCCCCCCCC)COP(=O)(O)OC1C(O)C(O)C(O)C(O)C1O,[M-H]-,PI 18:0_18:1,PI 18:0_18:1(11),0.9750000000000005,0.1075549999999339,0.08180173841747584,0.8650775645757817,All,Some,0.0,,191572.12317666123,130000.0,139000.0,74790.03558718861,,0.0,,,103000.0,214765.13858282377,,0.0,192000.0,,,
7642,7.693,863.56545,863.5655,0.05789948763289984,C45H85O13P,CCCCCCCCC=CCCCCCCCC(=O)OC(COC(=O)CCCCCCCCCCCCCCCCC)COP(=O)(O)OC1C(O)C(O)C(O)C(O)C1O,[M-H]-,PI 18:0_18:1,PI 18:0_18:1(9),0.8899999999999988,0.1430499999999597,0.0,0.6865600000000311,All,None,0.0,,0.0,0.0,0.0,67209.96441281139,,0.0,,,0.0,0.0,,261000.0,0.0,,,
7642,7.693,863.56545,863.5655,0.05789948763289984,C45H85O13P,CCCCCCCCCCCC=CCCCCC(=O)OC(COC(=O)CCCCCCCCCCCCCCCCC)COP(=O)(O)OC1C(O)C(O)C(O)C(O)C1O,[M-H]-,PI 18:0_18:1,PI 18:0_18:1(6),0.8439999999999994,0.1596899999998982,0.0,0.6318480000000809,All,None,0.0,,5427.8768233387345,0.0,0.0,0.0,,218000.0,,,0.0,7234.8614171762,,0.0,0.0,,,
7682,7.705,776.5541,776.55996,7.546101140854465,C45H80NO7P,CCCCCCC=CCCCCCCCCCC(=O)OC(COCCCCCCC=CCC=CCC=CCC=CCC=CCC)COP(=O)(O)OCCN,[M-H]-,PE O-22:5_18:1,"PE O-22:5(7,10,13,16,19)_18:1(11)",0.7952727272727276,0.05791454545455756,0.20421207306934505,0.8532046839442192,All,Some,0.0,0.0,7988.397686499223,12512.914457365223,0.0,0.0,0.0,0.0,0.0,0.0,4569.453799970713,8259.382798053965,0.0,0.0,8465.003646279209,0.0,0.0,0.0
7682,7.705,776.5541,776.55996,7.546101140854465,C45H80NO7P,CCCCCCCCC=CCCCCCCCC(=O)OC(COCCCCCCC=CCC=CCC=CCC=CCC=CCC)COP(=O)(O)OCCN,[M-H]-,PE O-22:5_18:1,"PE O-22:5(7,10,13,16,19)_18:1(9)",0.8211111111111111,0.05186777777777883,0.16727406258421623,0.8480524341035717,Some,Some,0.0,0.0,6986.764312108392,8732.107502901486,0.0,0.0,0.0,0.0,0.0,0.0,3517.9382047151853,5882.965010861174,0.0,0.0,7598.298931481655,0.0,0.0,0.0
7682,7.705,776.5541,776.55996,7.546101140854465,C45H80NO7P,CCCCCCCCCCCC=CCCCCC(=O)OC(COCCCCCCC=CCC=CCC=CCC=CCC=CCC)COP(=O)(O)OCCN,[M-H]-,PE O-22:5_18:1,"PE O-22:5(7,10,13,16,19)_18:1(6)",0.7573333333333334,0.05953888888892481,0.16727406258421623,0.7845155452146549,Some,Some,0.0,0.0,10580.755636480479,6236.488177866783,0.0,0.0,0.0,0.0,0.0,0.0,12455.82076438717,4430.97858284114,0.0,0.0,11371.841212467105,0.0,0.0,0.0
7682,7.705,776.5541,776.55996,7.546101140854465,C45H80NO7P,CCCCCCCCC=CCCCCCCCC(=O)OC(COCCCC=CCC=CCC=CCC=CCC=CCCCCC)COP(=O)(O)OCCN,[M-H]-,PE O-22:5_18:1,"PE O-22:5(4,7,10,13,16)_18:1(9)",0.8885333333333335,0.31368333333337733,0.11485929887581711,0.6521067023215338,Some,Some,0.0,0.0,2356.6620253842448,6534.487859272237,0.0,0.0,0.0,0.0,0.0,0.0,5769.805242348806,5414.094393479706,0.0,0.0,2456.6013507086464,0.0,0.0,0.0
7682,7.705,776.5541,776.55996,7.546101140854465,C45H80NO7P,CCCCCCC=CCCCCCCCCCC(=O)OC(COCCCC=CCC=CCC=CCC=CCC=CCCCCC)COP(=O)(O)OCCN,[M-H]-,PE O-22:5_18:1,"PE O-22:5(4,7,10,13,16)_18:1(11)",0.8523333333333336,0.3736061111111566,0.15735883391699726,0.6098380616363727,All,Some,0.0,0.0,2141.9201520912547,5492.001001297135,0.0,0.0,0.0,0.0,0.0,0.0,5244.047444721043,4856.289607382009,0.0,0.0,2265.250959129966,0.0,0.0,0.0
7682,7.705,776.5541,776.55996,7.546101140854465,C45H80NO7P,CCCCCCCCCCCC=CCCCCC(=O)OC(COCCCC=CCC=CCC=CCC=CCC=CCCCCC)COP(=O)(O)OCCN,[M-H]-,PE O-22:5_18:1,"PE O-22:5(4,7,10,13,16)_18:1(6)",0.8723750000000001,0.4053018750000419,0.13072454812506884,0.5785480933125285,Some,Some,0.0,0.0,3245.500187436405,5492.001001297135,0.0,0.0,0.0,0.0,0.0,0.0,8042.934543857079,4856.289607382009,0.0,0.0,3343.003899933415,0.0,0.0,0.0
7693,7.708,748.52337,748.52866,7.067197667415159,C43H76NO7P,CCCCCCCCC=CCCCCCC(=O)OC(COCCCCCCC=CCC=CCC=CCC=CCC=CCC)COP(=O)(O)OCCN,[M-H]-,PE O-22:5_16:1,"PE O-22:5(7,10,13,16,19)_16:1(7)",0.7793999999999999,0.14767799999999626,0.08711429486213025,0.6617204653759201,Some,Some,0.0,0.0,0.0,0.0,0.0,0.0,0.0,0.0,0.0,0.0,0.0,0.0,0.0,0.0,0.0,0.0,0.0,0.0
7693,7.708,748.52337,748.52866,7.067197667415159,C43H76NO7P,CCCCCCC=CCCCCCCCC(=O)OC(COCCCCCCC=CCC=CCC=CCC=CCC=CCC)COP(=O)(O)OCCN,[M-H]-,PE O-22:5_16:1,"PE O-22:5(7,10,13,16,19)_16:1(9)",0.7641666666666663,0.12764416666666042,0.07259524571844188,0.6509703878132691,All,Some,0.0,0.0,0.0,0.0,0.0,0.0,0.0,0.0,0.0,2370.0,0.0,0.0,0.0,0.0,0.0,0.0,0.0,0.0
7693,7.708,748.52337,748.52866,7.067197667415159,C43H76NO7P,CCCCCCCCC=CCCCCCC(=O)OC(COCCCC=CCC=CCC=CCC=CCC=CCCCCC)COP(=O)(O)OCCN,[M-H]-,PE O-22:5_16:1,"PE O-22:5(4,7,10,13,16)_16:1(7)",0.8043333333333331,0.14271333333332828,0.03557433181908392,0.6417462319705127,Some,Some,0.0,0.0,0.0,0.0,0.0,0.0,0.0,0.0,0.0,0.0,0.0,0.0,0.0,0.0,0.0,0.0,0.0,0.0
7693,7.708,748.52337,748.52866,7.067197667415159,C43H76NO7P,CCCCCCCCCC=CCCCCC(=O)OC(COCCCCCCC=CCC=CCC=CCC=CCC=CCC)COP(=O)(O)OCCN,[M-H]-,PE O-22:5_16:1,"PE O-22:5(7,10,13,16,19)_16:1(6)",0.7164999999999998,0.1330858333333443,0.07259524571844188,0.6037170544799221,All,Some,0.0,0.0,0.0,0.0,0.0,0.0,0.0,0.0,0.0,0.0,0.0,0.0,0.0,0.0,0.0,0.0,0.0,0.0
7693,7.708,748.52337,748.52866,7.067197667415159,C43H76NO7P,CCCCCCC=CCCCCCCCC(=O)OC(COCCCC=CCC=CCC=CCC=CCC=CCCCCC)COP(=O)(O)OCCN,[M-H]-,PE O-22:5_16:1,"PE O-22:5(4,7,10,13,16)_16:1(9)",0.8078666666666663,0.21828733333333428,0.05309532137826589,0.6002359225737716,Some,Some,0.0,0.0,0.0,0.0,0.0,0.0,0.0,0.0,0.0,0.0,0.0,0.0,0.0,0.0,0.0,0.0,0.0,0.0
7693,7.708,748.52337,748.52866,7.067197667415159,C43H76NO7P,CCCCCCCCCC=CCCCCC(=O)OC(COCCCC=CCC=CCC=CCC=CCC=CCCCCC)COP(=O)(O)OCCN,[M-H]-,PE O-22:5_16:1,"PE O-22:5(4,7,10,13,16)_16:1(6)",0.7574285714285712,0.23759857142859378,0.05688784433385631,0.5428059170433098,Some,Some,0.0,0.0,0.0,0.0,0.0,0.0,0.0,0.0,0.0,0.0,0.0,0.0,0.0,0.0,0.0,0.0,0.0,0.0
7785,7.74,722.50536,722.51301,10.588044636057653,C41H74NO7P,CCCCCCCCCCCCCCCC(=O)OC(COCCCCC=CCC=CCC=CCC=CCC=CCC)COP(=O)(O)OCCN,[M-H]-,PE O-20:5_16:0,"PE O-20:5(5,8,11,14,17)_16:0",0.6552500000000001,0.18445624999998245,0.13051617455227102,0.559624557097058,All,Some,,,0.0,0.0,,,,0.0,,,0.0,0.0,,0.0,0.0,,0.0,0.0
7805,7.747,786.53049,786.52906,1.8181146415970646,C42H78NO10P,CCCCCCCCCCCC=CCCCCC(=O)OC(COC(=O)CCCCC=CCCCCCCCCCCC)COP(=O)(O)OCC(N)C(=O)O,[M-H]-,PS 18:1_18:1,PS 18:1(6)_18:1(6),0.7510000000000003,0.12573500000002014,0.4199646869887505,0.9532802182898596,All,Some,0.0,0.0,0.0,0.0,,0.0,0.0,0.0,0.0,,0.0,0.0,0.0,0.0,0.0,0.0,0.0,0.0
7805,7.747,786.53049,786.52906,1.8181146415970646,C42H78NO10P,CCCCCCCCCCCC=CCCCCC(=O)OC(COC(=O)CCCCCCCCCC=CCCCCCC)COP(=O)(O)OCC(N)C(=O)O,[M-H]-,PS 18:1_18:1,PS 18:1(11)_18:1(6),0.8399999999999999,0.07575250000004985,0.20998234349437525,0.8843821091448978,All,Some,0.0,0.0,0.0,0.0,,0.0,0.0,0.0,0.0,,0.0,8300.000000000002,0.0,0.0,0.0,0.0,0.0,0.0
7805,7.747,786.53049,786.52906,1.8181146415970646,C42H78NO10P,CCCCCCC=CCCCCCCCCCC(=O)OC(COC(=O)CCCCCCCCCC=CCCCCCC)COP(=O)(O)OCC(N)C(=O)O,[M-H]-,PS 18:1_18:1,PS 18:1(11)_18:1(11),0.9289999999999994,0.025770000000079563,0.0,0.8154839999999359,All,None,0.0,0.0,0.0,0.0,,0.0,0.0,0.0,0.0,,0.0,0.0,0.0,0.0,0.0,0.0,0.0,0.0
7805,7.747,786.53049,786.52906,1.8181146415970646,C42H78NO10P,CCCCCCCCC=CCCCCCCCC(=O)OC(COC(=O)CCCCC=CCCCCCCCCCCC)COP(=O)(O)OCC(N)C(=O)O,[M-H]-,PS 18:1_18:1,PS 18:1(6)_18:1(9),0.754,0.11497750000000906,0.20998234349437525,0.7756021091449306,All,Some,0.0,0.0,0.0,0.0,,0.0,0.0,0.0,0.0,,0.0,8300.000000000002,0.0,0.0,0.0,0.0,0.0,0.0
7805,7.747,786.53049,786.52906,1.8181146415970646,C42H78NO10P,CCCCCCCCC=CCCCCCCCC(=O)OC(COC(=O)CCCCCCCCCC=CCCCCCC)COP(=O)(O)OCC(N)C(=O)O,[M-H]-,PS 18:1_18:1,PS 18:1(11)_18:1(9),0.8429999999999995,0.06499500000003877,0.0,0.7067039999999686,All,None,0.0,0.0,0.0,0.0,,0.0,0.0,0.0,0.0,,0.0,8300.000000000002,0.0,0.0,0.0,0.0,0.0,0.0
7805,7.747,786.53049,786.52906,1.8181146415970646,C42H78NO10P,CCCCCCCCC=CCCCCCCCC(=O)OC(COC(=O)CCCCCCCC=CCCCCCCCC)COP(=O)(O)OCC(N)C(=O)O,[M-H]-,PS 18:1_18:1,PS 18:1(9)_18:1(9),0.7569999999999997,0.10421999999999798,0.0,0.5979240000000013,All,None,0.0,0.0,0.0,0.0,,0.0,0.0,0.0,0.0,,0.0,0.0,0.0,0.0,0.0,0.0,0.0,0.0
7863,7.763,885.54935,885.54985,0.5646209527201395,C47H83O13P,CCC=CCC=CCC=CCCCCCCCCCC(=O)OC(COC(=O)CCCCCCCC=CCCCCCCCC)COP(=O)(O)OC1C(O)C(O)C(O)C(O)C1O,[M-H]-,PI 18:1_20:3,"PI 18:1(9)_20:3(11,14,17)",0.9715000000000003,0.07422500000001264,0.001252728971554639,0.8160974560743892,Some,Some,241264.4583055774,,0.0,,0.0,0.0,0.0,0.0,0.0,819717.8062599703,,0.0,0.0,0.0,0.0,0.0,0.0,0.0
7863,7.763,885.54935,885.54985,0.5646209527201395,C47H83O13P,CCC=CCC=CCC=CCCCCCCCCCC(=O)OC(COC(=O)CCCCCCCCCC=CCCCCCC)COP(=O)(O)OC1C(O)C(O)C(O)C(O)C1O,[M-H]-,PI 18:1_20:3,"PI 18:1(11)_20:3(11,14,17)",0.9368000000000002,0.058482000000026346,0.0017118666884106306,0.7978750800195487,All,Some,29746.260522012963,,0.0,,0.0,0.0,0.0,0.0,0.0,0.0,,0.0,0.0,0.0,0.0,0.0,0.0,0.0
7863,7.763,885.54935,885.54985,0.5646209527201395,C47H83O13P,CCCCCC=CCC=CCC=CCCCCCCC(=O)OC(COC(=O)CCCCCCCC=CCCCCCCCC)COP(=O)(O)OC1C(O)C(O)C(O)C(O)C1O,[M-H]-,PI 18:1_20:3,"PI 18:1(9)_20:3(8,11,14)",0.9239999999999995,0.06718749999998863,0.0,0.7778500000000086,Some,None,252407.19433173866,,0.0,,0.0,0.0,0.0,0.0,0.0,1137150.008251279,,0.0,0.0,0.0,0.0,0.0,0.0,0.0
7863,7.763,885.54935,885.54985,0.5646209527201395,C47H83O13P,CCCCCC=CCC=CCC=CCCCCCCC(=O)OC(COC(=O)CCCCCCCCCC=CCCCCCC)COP(=O)(O)OC1C(O)C(O)C(O)C(O)C1O,[M-H]-,PI 18:1_20:3,"PI 18:1(11)_20:3(8,11,14)",0.9231999999999996,0.07567999999998846,0.0017118666884106306,0.7718766800195784,All,Some,241264.4583055774,,0.0,,0.0,0.0,0.0,0.0,0.0,1120119.368502118,,0.0,0.0,0.0,0.0,0.0,0.0,0.0
7863,7.763,885.54935,885.54985,0.5646209527201395,C47H83O13P,CCC=CCC=CCC=CCCCCCCCCCC(=O)OC(COC(=O)CCCCC=CCCCCCCCCCCC)COP(=O)(O)OC1C(O)C(O)C(O)C(O)C1O,[M-H]-,PI 18:1_20:3,"PI 18:1(6)_20:3(11,14,17)",0.945,0.09854500000000144,0.0,0.7716639999999989,All,None,29746.260522012963,,0.0,,0.0,0.0,0.0,0.0,0.0,300401.5622421475,,0.0,0.0,0.0,0.0,0.0,0.0,0.0
7863,7.763,885.54935,885.54985,0.5646209527201395,C47H83O13P,CCCCCC=CCC=CCC=CCCCCCCC(=O)OC(COC(=O)CCCCC=CCCCCCCCCCCC)COP(=O)(O)OC1C(O)C(O)C(O)C(O)C1O,[M-H]-,PI 18:1_20:3,"PI 18:1(6)_20:3(8,11,14)",0.9634999999999994,0.12749249999998824,0.0,0.7651560000000088,Some,None,252407.19433173866,,0.0,,0.0,0.0,0.0,0.0,0.0,1137150.008251279,,0.0,0.0,0.0,0.0,0.0,0.0,0.0
7863,7.763,885.54935,885.54985,0.5646209527201395,C47H83O13P,CCCCCCCCC=CCC=CCC=CCCCC(=O)OC(COC(=O)CCCCC=CCCCCCCCCCCC)COP(=O)(O)OC1C(O)C(O)C(O)C(O)C1O,[M-H]-,PI 18:1_20:3,"PI 18:1(6)_20:3(5,8,11)",0.9515000000000002,0.16242749999992157,0.001252728971554639,0.7275354560744621,Some,Some,271010.71882759035,,0.0,,0.0,0.0,0.0,0.0,0.0,798311.2382419275,,0.0,0.0,0.0,0.0,0.0,0.0,0.0
7863,7.763,885.54935,885.54985,0.5646209527201395,C47H83O13P,CCCCCCCCC=CCC=CCC=CCCCC(=O)OC(COC(=O)CCCCCCCC=CCCCCCCCC)COP(=O)(O)OC1C(O)C(O)C(O)C(O)C1O,[M-H]-,PI 18:1_20:3,"PI 18:1(9)_20:3(5,8,11)",0.9533333333333337,0.1694399999999329,0.0016703052954061854,0.7239512747659195,Some,Some,29746.260522012963,,0.0,,0.0,0.0,0.0,0.0,0.0,0.0,,0.0,0.0,0.0,0.0,0.0,0.0,0.0
7863,7.763,885.54935,885.54985,0.5646209527201395,C47H83O13P,CCCCCCCCC=CCC=CCC=CCCCC(=O)OC(COC(=O)CCCCCCCCCC=CCCCCCC)COP(=O)(O)OC1C(O)C(O)C(O)C(O)C1O,[M-H]-,PI 18:1_20:3,"PI 18:1(11)_20:3(5,8,11)",0.9440000000000002,0.1700999999999567,0.002714049865654342,0.7159626448791236,All,Some,252407.19433173866,,0.0,,0.0,0.0,0.0,0.0,0.0,1137150.008251279,,0.0,0.0,0.0,0.0,0.0,0.0,0.0
7893,7.771,719.48669,719.48686,0.23627950623801333,C38H73O10P,CCCCCCCCC=CCCCCCC(=O)OC(COC(=O)CCCCCCCCCCCCCCC)COP(=O)(O)OCC(O)CO,[M-H]-,PG 16:0_16:1,PG 16:0_16:1(7),0.8780000000000001,0.09315500000008115,0.0,0.7156759999999351,All,None,,0.0,0.0,0.0,0.0,0.0,0.0,0.0,0.0,,0.0,0.0,0.0,0.0,0.0,0.0,0.0,0.0
7893,7.771,719.48669,719.48686,0.23627950623801333,C38H73O10P,CCCCCCC=CCCCCCCCC(=O)OC(COC(=O)CCCCCCCCCCCCCCC)COP(=O)(O)OCC(O)CO,[M-H]-,PG 16:0_16:1,PG 16:0_16:1(9),0.7200000000000006,0.05104500000004464,0.0,0.607163999999965,All,None,,0.0,0.0,0.0,0.0,0.0,0.0,0.0,0.0,,0.0,0.0,0.0,0.0,0.0,0.0,0.0,0.0
7893,7.771,719.48669,719.48686,0.23627950623801333,C38H73O10P,CCCCCCCCCC=CCCCCC(=O)OC(COC(=O)CCCCCCCCCCCCCCC)COP(=O)(O)OCC(O)CO,[M-H]-,PG 16:0_16:1,PG 16:0_16:1(6),0.8090000000000002,0.5184099999999603,0.0,0.3133720000000319,All,None,,0.0,0.0,0.0,0.0,0.0,0.0,0.0,0.0,,0.0,0.0,0.0,0.0,0.0,0.0,0.0,0.0
7937,7.788,913.58118,913.58115,0.03283780541875685,C49H87O13P,CCC=CCC=CCC=CCC=CCCCCCCC(=O)OC(COC(=O)CCCCCCCCCCCCCCCCCCC)COP(=O)(O)OC1C(O)C(O)C(O)C(O)C1O,[M-H]-,PI 20:0_20:4,"PI 20:0_20:4(8,11,14,17)",0.9089999999999998,0.06356374999997172,0.0,0.7672490000000225,All,None,0.0,0.0,9958.08,9137.658227848102,0.0,0.0,0.0,8914.92329149233,0.0,0.0,14000.0,14000.0,11677.027948193592,16531.162298120198,12342.27330779055,11612.251042149146,25800.0,7945.3416149068335
7937,7.788,913.58118,913.58115,0.03283780541875685,C49H87O13P,CCCCCC=CCC=CCC=CCC=CCCCC(=O)OC(COC(=O)CCCCCCCCCCCCCCCCCCC)COP(=O)(O)OC1C(O)C(O)C(O)C(O)C1O,[M-H]-,PI 20:0_20:4,"PI 20:0_20:4(5,8,11,14)",0.9367499999999997,0.1227862499999759,0.0,0.7448460000000191,All,None,0.0,0.0,2341.9199999999996,3362.3417721518986,0.0,0.0,0.0,8085.076708507671,0.0,0.0,0.0,0.0,7722.972051806409,11568.837701879798,2757.7266922094504,7287.748957850857,0.0,7654.6583850931665
7985,7.8,861.54958,861.54985,0.3133887145362936,C45H83O13P,CCCCCC=CCC=CCCCCCCCCCC(=O)OC(COC(=O)CCCCCCCCCCCCCCC)COP(=O)(O)OC1C(O)C(O)C(O)C(O)C1O,[M-H]-,PI 16:0_20:2,"PI 16:0_20:2(11,14)",0.9506666666666668,0.11373333333331932,0.10818257973062112,0.8619776550909036,All,Some,0.0,,0.0,,,,,0.0,,,,0.0,,0.0,,,0.0,0.0
8001,7.801,911.5653,911.5655,0.21940277474683137,C49H85O13P,CCC=CCC=CCC=CCC=CCC=CCCCCCC(=O)OC(COC(=O)CCCCCCCCCCCCCCCCC)COP(=O)(O)OC1C(O)C(O)C(O)C(O)C1O,[M-H]-,PI 18:0_22:5,"PI 18:0_22:5(7,10,13,16,19)",0.9439999999999996,0.0771266666666482,0.02637273337483104,0.8116341267040291,All,Some,0.0,0.0,0.0,0.0,0.0,0.0,0.0,0.0,0.0,366271.7183314198,0.0,0.0,0.0,0.0,0.0,0.0,0.0,0.0
8001,7.801,911.5653,911.5655,0.21940277474683137,C49H85O13P,CCCCCC=CCC=CCC=CCC=CCC=CCCC(=O)OC(COC(=O)CCCCCCCCCCCCCCCCC)COP(=O)(O)OC1C(O)C(O)C(O)C(O)C1O,[M-H]-,PI 18:0_22:5,"PI 18:0_22:5(4,7,10,13,16)",0.9576666666666664,0.14390333333329863,0.00023911532916961388,0.7469925371296137,All,Some,89600.0,0.0,0.0,0.0,0.0,0.0,0.0,0.0,0.0,32728.28166858018,0.0,0.0,0.0,0.0,0.0,0.0,0.0,0.0
8044,7.811,779.51891,779.52324,5.554677240901422,C44H77O9P,CCCCCCCCCCCCCC(=O)OC(COCCCC=CCC=CCC=CCC=CCC=CCC=CCCCC)COP(=O)(O)OCC(O)CO,[M-H]-,PG O-24:6_14:0,"PG O-24:6(4,7,10,13,16,19)_14:0",0.6134000000000002,0.13099399999997557,0.20722116981364785,0.6337638528323029,Some,Some,0.0,348000.0,0.0,0.0,289000.0,361000.0,352000.0,736000.0,314000.0,0.0,0.0,0.0,799000.0,612000.0,0.0,821000.0,698000.0,749000.0
8131,7.831,747.51802,747.51816,0.18728641988790548,C40H77O10P,CCCCCCC=CCCCCCCCCCC(=O)OC(COC(=O)CCCCCCCCCCCCCCC)COP(=O)(O)OCC(O)CO,[M-H]-,PG 16:0_18:1,PG 16:0_18:1(11),0.8689999999999998,0.04478500000004715,0.0,0.7462719999999621,All,None,,0.0,0.0,0.0,0.0,0.0,0.0,0.0,0.0,,0.0,0.0,0.0,0.0,0.0,0.0,0.0,0.0
8131,7.831,747.51802,747.51816,0.18728641988790548,C40H77O10P,CCCCCCCCC=CCCCCCCCC(=O)OC(COC(=O)CCCCCCCCCCCCCCC)COP(=O)(O)OCC(O)CO,[M-H]-,PG 16:0_18:1,PG 16:0_18:1(9),0.6080000000000023,0.08759999999995216,0.0,0.4771200000000404,All,None,,0.0,0.0,0.0,0.0,0.0,0.0,0.0,0.0,,0.0,0.0,0.0,0.0,0.0,0.0,0.0,0.0
8131,7.831,747.51802,747.51816,0.18728641988790548,C40H77O10P,CCCCCCCCCCCC=CCCCCC(=O)OC(COC(=O)CCCCCCCCCCCCCCC)COP(=O)(O)OCC(O)CO,[M-H]-,PG 16:0_18:1,PG 16:0_18:1(6),0.8929999999999998,0.5184500000000298,0.0,0.3889399999999759,All,None,,8250.0,0.0,0.0,13700.0,8980.0,5180.0,1070.0,7900.0,,0.0,0.0,0.0,0.0,0.0,0.0,2810.0,0.0
8141,7.835,745.5022,745.50251,0.41582690313562204,C40H75O10P,CCCCCC=CCC=CCCCCCCCC(=O)OC(COC(=O)CCCCCCCCCCCCCCC)COP(=O)(O)OCC(O)CO,[M-H]-,PG 16:0_18:2,"PG 16:0_18:2(9,12)",0.8633333333333338,0.06709666666661936,0.0,0.7233226666667051,All,None,,0.0,0.0,0.0,0.0,0.0,0.0,0.0,0.0,,0.0,0.0,0.0,0.0,0.0,0.0,0.0,0.0
8141,7.835,745.5022,745.50251,0.41582690313562204,C40H75O10P,CCCCCCCCC=CCC=CCCCCC(=O)OC(COC(=O)CCCCCCCCCCCCCCC)COP(=O)(O)OCC(O)CO,[M-H]-,PG 16:0_18:2,"PG 16:0_18:2(6,9)",0.8679999999999998,0.3821533333333112,0.0,0.4754773333333507,All,None,,0.0,0.0,0.0,0.0,0.0,0.0,0.0,0.0,,0.0,0.0,0.0,0.0,0.0,0.0,0.0,0.0
8169,7.846,722.50554,722.51301,10.338914174032768,C41H74NO7P,CCCCCCCCCCCCCCCC(=O)OC(COCCCCC=CCC=CCC=CCC=CCC=CCC)COP(=O)(O)OCCN,[M-H]-,PE O-20:5_16:0,"PE O-20:5(5,8,11,14,17)_16:0",0.7929999999999998,0.24564000000000305,0.04879905954071415,0.5611071535866401,All,Some,,0.0,0.0,0.0,0.0,0.0,0.0,0.0,0.0,,0.0,0.0,0.0,0.0,0.0,0.0,0.0,0.0
8183,7.851,835.53485,835.5342,0.7779454149818444,C43H81O13P,CCCCCCC=CCCCCCCCCCC(=O)OC(COC(=O)CCCCCCCCCCCCCCC)COP(=O)(O)OC1C(O)C(O)C(O)C(O)C1O,[M-H]-,PI 16:0_18:1,PI 16:0_18:1(11),0.7959999999999994,0.18823500000002014,0.5122139435076004,1.0268045491568238,All,All,,,,0.0,,,0.0,,,0.0,,,,,,,,
8183,7.851,835.53485,835.5342,0.7779454149818444,C43H81O13P,CCCCCCCCC=CCCCCCCCC(=O)OC(COC(=O)CCCCCCCCCCCCCCC)COP(=O)(O)OC1C(O)C(O)C(O)C(O)C1O,[M-H]-,PI 16:0_18:1,PI 16:0_18:1(9),0.9280000000000008,0.08477000000004864,0.0,0.7673839999999618,All,None,,,,0.0,,,0.0,,,0.0,,,,,,,,
8183,7.851,835.53485,835.5342,0.7779454149818444,C43H81O13P,CCCCCCCCCCCC=CCCCCC(=O)OC(COC(=O)CCCCCCCCCCCCCCC)COP(=O)(O)OC1C(O)C(O)C(O)C(O)C1O,[M-H]-,PI 16:0_18:1,PI 16:0_18:1(6),0.8710000000000004,0.15807999999992717,0.0,0.6574360000000585,All,None,,,,0.0,,,0.0,,,0.0,,,,,,,,
8245,7.866,750.5374,750.54431,9.206651636527647,C43H78NO7P,CCCCCCCCC=CCCCCCC(=O)OC(COCCCCCCC=CCC=CCC=CCC=CCCCCC)COP(=O)(O)OCCN,[M-H]-,PE O-22:4_16:1,"PE O-22:4(7,10,13,16)_16:1(7)",0.8319999999999994,0.14902499999998042,0.11589356304542388,0.7338842067408966,Some,Some,0.0,11746.923647146034,19943.6741496953,33333.995522402656,10399.274310595067,10268.502943650125,10755.441323971914,0.0,11125.759700794764,,22453.55609932207,17820.591702366237,0.0,0.0,24885.99705019001,0.0,0.0,0.0
8245,7.866,750.5374,750.54431,9.206651636527647,C43H78NO7P,CCCCCCC=CCCCCCCCC(=O)OC(COCCCCCCC=CCC=CCC=CCC=CCCCCC)COP(=O)(O)OCCN,[M-H]-,PE O-22:4_16:1,"PE O-22:4(7,10,13,16)_16:1(9)",0.8281999999999996,0.1350669999999809,0.0927148504363391,0.7207697653927202,All,Some,0.0,13251.309612058316,10524.829418198864,18910.40308152551,23741.364296081276,20176.303616484445,14320.979605483115,0.0,18961.570827489482,,11576.768021180154,10692.427858121771,0.0,0.0,14803.376427463018,0.0,0.0,0.0
8245,7.866,750.5374,750.54431,9.206651636527647,C43H78NO7P,CCCCCCCCCC=CCCCCC(=O)OC(COCCCCCCC=CCC=CCC=CCC=CCCCCC)COP(=O)(O)OCCN,[M-H]-,PE O-22:4_16:1,"PE O-22:4(7,10,13,16)_16:1(6)",0.7901999999999996,0.14554399999998396,0.0927148504363391,0.6781881653927176,All,Some,0.0,9301.76674079565,10131.49643210584,17355.601396071834,20659.36139332366,6055.193439865434,14023.579070544969,0.0,13712.669471715755,,11769.675879497778,9486.980439511995,0.0,0.0,12910.626522346973,0.0,0.0,0.0
8244,7.866,805.49069,805.48725,4.270706954026937,C41H75O13P,CCCCCCC=CCCCCCCCCCC(=O)OC(COC(=O)CCCCCCCC=CCCCC)COP(=O)(O)OC1C(O)C(O)C(O)C(O)C1O,[M-H]-,PI 14:1_18:1,PI 14:1(9)_18:1(11),0.7844999999999995,0.18329750000003742,0.49932673504987146,1.008806061544854,All,All,83.21783439490444,0.0,0.0,,0.0,0.0,0.0,0.0,0.0,0.0,0.0,0.0,0.0,0.0,0.0,0.0,0.0,0.0
8244,7.866,805.49069,805.48725,4.270706954026937,C41H75O13P,CCCCCCC=CCCCCCCCCCC(=O)OC(COC(=O)CCCCC=CCCCCCCC)COP(=O)(O)OC1C(O)C(O)C(O)C(O)C1O,[M-H]-,PI 14:1_18:1,PI 14:1(6)_18:1(11),0.8660000000000001,0.18276250000008076,0.39998184547717186,0.9931736609293902,All,Some,0.0,0.0,0.0,,0.0,0.0,0.0,0.0,0.0,0.0,0.0,0.0,0.0,0.0,0.0,0.0,0.0,0.0
8244,7.866,805.49069,805.48725,4.270706954026937,C41H75O13P,CCCCCCC=CCCCCCCCCCC(=O)OC(COC(=O)CCCC=CCCCCCCCC)COP(=O)(O)OC1C(O)C(O)C(O)C(O)C1O,[M-H]-,PI 14:1_18:1,PI 14:1(5)_18:1(11),0.8573333333333331,0.17819000000004812,0.35839047415214537,0.9515994267368922,All,Some,0.0,0.0,0.0,,0.0,0.0,0.0,0.0,0.0,0.0,0.0,0.0,0.0,0.0,0.0,0.0,0.0,0.0
8244,7.866,805.49069,805.48725,4.270706954026937,C41H75O13P,CCCCCCCCC=CCCCCCCCC(=O)OC(COC(=O)CCCCCCCC=CCCCC)COP(=O)(O)OC1C(O)C(O)C(O)C(O)C1O,[M-H]-,PI 14:1_18:1,PI 14:1(9)_18:1(9),0.7953333333333331,0.14957333333332676,0.3073785059143499,0.8727819886562532,All,Some,83.21783439490444,0.0,0.0,,0.0,0.0,0.0,0.0,0.0,0.0,0.0,0.0,0.0,0.0,0.0,0.0,0.0,0.0
8244,7.866,805.49069,805.48725,4.270706954026937,C41H75O13P,CCCCCCCCC=CCCCCCCCC(=O)OC(COC(=O)CCCCC=CCCCCCCC)COP(=O)(O)OC1C(O)C(O)C(O)C(O)C1O,[M-H]-,PI 14:1_18:1,PI 14:1(6)_18:1(9),0.9040000000000005,0.1488600000000512,0.17491865315075042,0.8519387878356349,All,Some,0.0,0.0,0.0,,0.0,0.0,0.0,0.0,0.0,0.0,0.0,0.0,0.0,0.0,0.0,0.0,0.0,0.0
8244,7.866,805.49069,805.48725,4.270706954026937,C41H75O13P,CCCCCCCCCCCC=CCCCCC(=O)OC(COC(=O)CCCCCCCC=CCCCC)COP(=O)(O)OC1C(O)C(O)C(O)C(O)C1O,[M-H]-,PI 14:1_18:1,PI 14:1(9)_18:1(6),0.7675000000000001,0.1785650000000203,0.23053387943576242,0.75537849149217,All,Some,0.0,0.0,0.0,,0.0,0.0,0.0,0.0,0.0,0.0,0.0,0.0,0.0,0.0,0.0,0.0,0.0,0.0
8244,7.866,805.49069,805.48725,4.270706954026937,C41H75O13P,CCCCCCCCCCCC=CCCCCC(=O)OC(COC(=O)CCCCC=CCCCCCCC)COP(=O)(O)OC1C(O)C(O)C(O)C(O)C1O,[M-H]-,PI 14:1_18:1,PI 14:1(6)_18:1(6),0.8490000000000006,0.17803000000006364,0.13118898986306282,0.7397460908767062,All,Some,2446.6666666666665,0.0,0.0,,0.0,0.0,0.0,0.0,0.0,0.0,0.0,0.0,0.0,0.0,0.0,0.0,0.0,0.0
8244,7.866,805.49069,805.48725,4.270706954026937,C41H75O13P,CCCCCCCCC=CCCCCCCCC(=O)OC(COC(=O)CCCC=CCCCCCCCC)COP(=O)(O)OC1C(O)C(O)C(O)C(O)C1O,[M-H]-,PI 14:1_18:1,PI 14:1(5)_18:1(9),0.9100000000000001,0.12504999999998745,0.0,0.7189600000000103,All,Some,2363.4488322717625,0.0,0.0,,0.0,0.0,0.0,0.0,0.0,0.0,0.0,0.0,0.0,0.0,0.0,0.0,0.0,0.0
8244,7.866,805.49069,805.48725,4.270706954026937,C41H75O13P,CCCCCCCCCCCC=CCCCCC(=O)OC(COC(=O)CCCC=CCCCCCCCC)COP(=O)(O)OC1C(O)C(O)C(O)C(O)C1O,[M-H]-,PI 14:1_18:1,PI 14:1(5)_18:1(6),0.8346666666666671,0.17188000000002526,0.0,0.6136959999999801,All,Some,2363.4488322717625,0.0,0.0,,0.0,0.0,0.0,0.0,0.0,0.0,0.0,0.0,0.0,0.0,0.0,0.0,0.0,0.0
8311,7.892,889.58118,889.58115,0.03372373620770193,C47H87O13P,CCCCCC=CCC=CCCCCCCCCCC(=O)OC(COC(=O)CCCCCCCCCCCCCCCCC)COP(=O)(O)OC1C(O)C(O)C(O)C(O)C1O,[M-H]-,PI 18:0_20:2,"PI 18:0_20:2(11,14)",0.8725000000000005,0.042592500000012024,0.0,0.7511759999999909,All,None,,,0.0,0.0,,,,,,0.0,78500.0,132000.0,,,142000.0,,,
8329,7.898,748.52107,748.51341,10.23361759141646,C38H74NO8P,CCCCCCC=CCCCCCCCC(=O)OC(COC(=O)CCCCCCCCCCCCC)COP(=O)([O-])OCC[N+](C)(C)C,[M+HCOO]-,PC 14:0_16:1,PC 14:0_16:1(9),0.8949999999999987,0.025525000000016007,0.0,0.785079999999986,All,None,31090.909090909096,0.0,0.0,0.0,6060.0,0.0,0.0,0.0,0.0,0.0,,0.0,0.0,0.0,0.0,0.0,0.0,0.0
8329,7.898,748.52107,748.51341,10.23361759141646,C38H74NO8P,CCCCCCCCC=CCCCCCC(=O)OC(COC(=O)CCCCCCCCCCCCC)COP(=O)([O-])OCC[N+](C)(C)C,[M+HCOO]-,PC 14:0_16:1,PC 14:0_16:1(7),0.9220000000000006,0.07975999999996475,0.0,0.7659920000000286,All,None,310909.0909090909,0.0,0.0,0.0,0.0,0.0,0.0,0.0,0.0,545000.0,,0.0,0.0,0.0,0.0,0.0,0.0,0.0
8329,7.898,748.52107,748.51341,10.23361759141646,C38H74NO8P,CCCCCCCCCC=CCCCCC(=O)OC(COC(=O)CCCCCCCCCCCCC)COP(=O)([O-])OCC[N+](C)(C)C,[M+HCOO]-,PC 14:0_16:1,PC 14:0_16:1(6),0.9629999999999992,0.4876499999999737,0.0,0.4765800000000203,All,None,0.0,0.0,0.0,0.0,0.0,0.0,0.0,0.0,0.0,0.0,,0.0,0.0,0.0,0.0,0.0,0.0,0.0
8383,7.911,891.58723,891.5968,10.733551309351233,C47H89O13P,CCCCCCCCC=CCCCCCCCCCCCCCCCC(=O)OC(COC(=O)CCCCCCCCCCC)COP(=O)(O)OC1C(O)C(O)C(O)C(O)C1O,[M-H]-,PI 12:0_26:1,PI 12:0_26:1(17),0.8330000000000002,0.05527999999998201,0.0,0.7054760000000146,All,None,,,15200.0,0.0,,,,,,0.0,0.0,0.0,,,0.0,,,
8425,7.922,786.52895,786.52906,0.13985497236383151,C42H78NO10P,CCCCCCC=CCCCCCCCCCC(=O)OC(COC(=O)CCCCCCCCCC=CCCCCCC)COP(=O)(O)OCC(N)C(=O)O,[M-H]-,PS 18:1_18:1,PS 18:1(11)_18:1(11),0.9350000000000005,0.04499500000002854,0.0,0.8055039999999776,All,None,0.0,0.0,0.0,0.0,0.0,0.0,0.0,0.0,0.0,0.0,0.0,0.0,0.0,0.0,0.0,0.0,0.0,0.0
8425,7.922,786.52895,786.52906,0.13985497236383151,C42H78NO10P,CCCCCCCCC=CCCCCCCCC(=O)OC(COC(=O)CCCCCCCCCC=CCCCCCC)COP(=O)(O)OCC(N)C(=O)O,[M-H]-,PS 18:1_18:1,PS 18:1(11)_18:1(9),0.9514999999999998,0.07514499999999202,0.0,0.7962340000000062,All,None,0.0,0.0,0.0,0.0,0.0,0.0,0.0,0.0,0.0,0.0,0.0,4400.0,0.0,0.0,0.0,0.0,0.0,0.0
8425,7.922,786.52895,786.52906,0.13985497236383151,C42H78NO10P,CCCCCCCCC=CCCCCCCCC(=O)OC(COC(=O)CCCCCCCC=CCCCCCCCC)COP(=O)(O)OCC(N)C(=O)O,[M-H]-,PS 18:1_18:1,PS 18:1(9)_18:1(9),0.9679999999999991,0.10529499999995551,0.0,0.7869640000000349,All,None,0.0,0.0,0.0,0.0,0.0,0.0,0.0,0.0,0.0,0.0,0.0,0.0,0.0,0.0,0.0,0.0,0.0,0.0
8425,7.922,786.52895,786.52906,0.13985497236383151,C42H78NO10P,CCCCCCCCCCCC=CCCCCC(=O)OC(COC(=O)CCCCCCCCCC=CCCCCCC)COP(=O)(O)OCC(N)C(=O)O,[M-H]-,PS 18:1_18:1,PS 18:1(11)_18:1(6),0.6680000000000006,0.08613500000001295,0.20240270678202377,0.7144544361038115,All,Some,0.0,0.0,0.0,0.0,0.0,0.0,0.0,0.0,0.0,0.0,0.0,4400.0,0.0,0.0,0.0,0.0,0.0,0.0
8425,7.922,786.52895,786.52906,0.13985497236383151,C42H78NO10P,CCCCCCCCC=CCCCCCCCC(=O)OC(COC(=O)CCCCC=CCCCCCCCCCCC)COP(=O)(O)OCC(N)C(=O)O,[M-H]-,PS 18:1_18:1,PS 18:1(6)_18:1(9),0.6844999999999999,0.11628499999997643,0.20240270678202377,0.7051844361038402,All,Some,0.0,0.0,0.0,0.0,0.0,0.0,0.0,0.0,0.0,0.0,0.0,4400.0,0.0,0.0,0.0,0.0,0.0,0.0
8425,7.922,786.52895,786.52906,0.13985497236383151,C42H78NO10P,CCCCCCCCCCCC=CCCCCC(=O)OC(COC(=O)CCCCC=CCCCCCCCCCCC)COP(=O)(O)OCC(N)C(=O)O,[M-H]-,PS 18:1_18:1,PS 18:1(6)_18:1(6),0.4010000000000007,0.12727499999999736,0.40480541356404753,0.6234048722076455,All,Some,0.0,0.0,0.0,0.0,0.0,0.0,0.0,0.0,0.0,0.0,0.0,0.0,0.0,0.0,0.0,0.0,0.0,0.0
8450,7.926,887.56376,887.5655,1.9604186959054952,C47H85O13P,CCCCCC=CCC=CCCCCCCCCCC(=O)OC(COC(=O)CCCCCCCC=CCCCCCCCC)COP(=O)(O)OC1C(O)C(O)C(O)C(O)C1O,[M-H]-,PI 18:1_20:2,"PI 18:1(9)_20:2(11,14)",0.9135,0.12698749999998427,0.03472613837181161,0.751813524534643,Some,Some,119666.66666666666,,0.0,0.0,,0.0,,,,0.0,0.0,0.0,,,0.0,,,
8450,7.926,887.56376,887.5655,1.9604186959054952,C47H85O13P,CCCCCC=CCC=CCCCCCCCCCC(=O)OC(COC(=O)CCCCCCCCCC=CCCCCCC)COP(=O)(O)OC1C(O)C(O)C(O)C(O)C1O,[M-H]-,PI 18:1_20:2,"PI 18:1(11)_20:2(11,14)",0.8472000000000002,0.07211999999999534,0.013815332100809458,0.7172177988907323,All,Some,119666.66666666666,,0.0,0.0,,0.0,,,,0.0,0.0,0.0,,,0.0,,,
8450,7.926,887.56376,887.5655,1.9604186959054952,C47H85O13P,CCCCCC=CCC=CCCCCCCCCCC(=O)OC(COC(=O)CCCCC=CCCCCCCCCCCC)COP(=O)(O)OC1C(O)C(O)C(O)C(O)C1O,[M-H]-,PI 18:1_20:2,"PI 18:1(6)_20:2(11,14)",0.8872,0.11783599999998842,0.013815332100809458,0.7166449988907377,All,Some,119666.66666666666,,0.0,0.0,,0.0,,,,0.0,0.0,0.0,,,0.0,,,
8551,7.959,776.55195,776.55996,10.314721866438944,C45H80NO7P,CCCCCCCCC=CCC=CCCCCC(=O)OC(COCCCCCCC=CCC=CCC=CCC=CCCCCC)COP(=O)(O)OCCN,[M-H]-,PE O-22:4_18:2,"PE O-22:4(7,10,13,16)_18:2(6,9)",0.8574285714285708,0.29207857142856547,0.12187781442614841,0.6477128901263949,Some,Some,,26488.590604026846,42421.20443008768,61033.112582781454,40550.0,,31250.0,92300.0,30450.0,0.0,58081.46642110829,43788.12045499072,,49100.0,70740.60473342879,52500.0,43600.0,101000.0
8551,7.959,776.55195,776.55996,10.314721866438944,C45H80NO7P,CCCCCC=CCC=CCCCCCCCC(=O)OC(COCCCCCCC=CCC=CCC=CCC=CCCCCC)COP(=O)(O)OCCN,[M-H]-,PE O-22:4_18:2,"PE O-22:4(7,10,13,16)_18:2(9,12)",0.8237142857142855,0.27998142857143193,0.12187781442614841,0.627047747269245,All,Some,,33311.409395973154,14578.795569912321,18166.887417218542,40550.0,,31250.0,0.0,30450.0,0.0,6618.533578891705,15311.879545009278,,49100.0,11659.395266571211,52500.0,43600.0,0.0
8559,7.96,775.54774,775.54946,2.2177824738315435,C42H81O10P,CCCCCCCCC=CCCCCCCCC(=O)OC(COC(=O)CCCCCCCCCCCCCCCCC)COP(=O)(O)OCC(O)CO,[M-H]-,PG 18:0_18:1,PG 18:0_18:1(9),0.9340000000000002,0.06900000000001683,0.0,0.7853999999999868,All,None,,12329.05027932961,7168.724279835391,0.0,29812.42626818718,17099.84559958827,10206.581986143186,41195.8041958042,0.0,,100537.46770025839,0.0,32963.60181260049,0.0,32912.28070175439,44405.40540540541,35444.57904300425,45539.85841797476
8559,7.96,775.54774,775.54946,2.2177824738315435,C42H81O10P,CCCCCCC=CCCCCCCCCCC(=O)OC(COC(=O)CCCCCCCCCCCCCCCCC)COP(=O)(O)OCC(O)CO,[M-H]-,PG 18:0_18:1,PG 18:0_18:1(11),0.7219999999999995,0.10238500000008344,0.20021939247652323,0.7480894532288037,All,Some,,0.0,0.0,0.0,0.0,0.0,0.0,0.0,0.0,,41462.5322997416,0.0,4475.661453003947,0.0,28982.45614035088,0.0,0.0,0.0
8559,7.96,775.54774,775.54946,2.2177824738315435,C42H81O10P,CCCCCCCCCCCC=CCCCCC(=O)OC(COC(=O)CCCCCCCCCCCCCCCCC)COP(=O)(O)OCC(O)CO,[M-H]-,PG 18:0_18:1,PG 18:0_18:1(6),0.7889999999999997,0.11009999999998854,0.0,0.6220200000000089,All,None,,63770.94972067039,126831.27572016462,192000.0,81187.57373181281,57900.15440041173,75193.41801385682,95804.19580419581,80600.0,,0.0,131000.0,124560.73673439556,155000.0,122105.26315789473,110594.59459459459,103555.42095699576,115460.14158202524
8608,7.971,863.56564,863.5655,0.1621185653984492,C45H85O13P,CCCCCCCCC=CCCCCCCCC(=O)OC(COC(=O)CCCCCCCCCCCCCCCCC)COP(=O)(O)OC1C(O)C(O)C(O)C(O)C1O,[M-H]-,PI 18:0_18:1,PI 18:0_18:1(9),0.9229999999999992,0.21169499999996333,0.44504669392324125,1.0618860245309456,All,All,0.0,0.0,22571.0843373494,8544.827586206897,14700.0,0.0,0.0,35800.0,0.0,,0.0,33675.0,40121.01701988137,42700.0,27121.76470588235,38000.0,48500.0,39374.32436859173
8608,7.971,863.56564,863.5655,0.1621185653984492,C45H85O13P,CCCCCCC=CCCCCCCCCCC(=O)OC(COC(=O)CCCCCCCCCCCCCCCCC)COP(=O)(O)OC1C(O)C(O)C(O)C(O)C1O,[M-H]-,PI 18:0_18:1,PI 18:0_18:1(11),0.8339999999999996,0.1073949999999968,0.2127922956405549,0.8561970660765017,All,Some,0.0,0.0,4628.915662650603,2294.8965517241377,0.0,0.0,0.0,0.0,0.0,,0.0,9225.0,178.98298011863247,0.0,5578.235294117646,0.0,0.0,825.6756314082616
8608,7.971,863.56564,863.5655,0.1621185653984492,C45H85O13P,CCCCCCCCCCCC=CCCCCC(=O)OC(COC(=O)CCCCCCCCCCCCCCCCC)COP(=O)(O)OC1C(O)C(O)C(O)C(O)C1O,[M-H]-,PI 18:0_18:1,PI 18:0_18:1(6),0.9289999999999994,0.10488999999989801,0.0,0.7521880000000811,All,None,0.0,0.0,0.0,12760.275862068964,0.0,0.0,0.0,0.0,0.0,,0.0,0.0,0.0,0.0,0.0,0.0,0.0,0.0
8610,7.972,747.51788,747.51816,0.37457283977581096,C40H77O10P,CCCCCCC=CCCCCCCCCCC(=O)OC(COC(=O)CCCCCCCCCCCCCCC)COP(=O)(O)OCC(O)CO,[M-H]-,PG 16:0_18:1,PG 16:0_18:1(11),0.9429999999999996,0.06411000000002787,0.0,0.7974119999999774,All,None,0.0,0.0,0.0,0.0,0.0,0.0,0.0,0.0,0.0,,0.0,0.0,0.0,0.0,0.0,0.0,0.0,0.0
8610,7.972,747.51788,747.51816,0.37457283977581096,C40H77O10P,CCCCCCCCC=CCCCCCCCC(=O)OC(COC(=O)CCCCCCCCCCCCCCC)COP(=O)(O)OCC(O)CO,[M-H]-,PG 16:0_18:1,PG 16:0_18:1(9),0.8900000000000023,0.08773999999993976,0.0,0.7308080000000503,All,None,0.0,0.0,0.0,0.0,0.0,0.0,0.0,0.0,0.0,,0.0,0.0,0.0,0.0,0.0,0.0,0.0,0.0
8610,7.972,747.51788,747.51816,0.37457283977581096,C40H77O10P,CCCCCCCCCCCC=CCCCCC(=O)OC(COC(=O)CCCCCCCCCCCCCCC)COP(=O)(O)OCC(O)CO,[M-H]-,PG 16:0_18:1,PG 16:0_18:1(6),0.9089999999999989,0.5186199999999985,0.0,0.40320400000000023,All,None,0.0,0.0,0.0,0.0,0.0,0.0,0.0,0.0,0.0,,0.0,0.0,0.0,0.0,0.0,0.0,0.0,0.0
8752,7.999,915.59679,915.5968,0.010921838056612286,C49H89O13P,CCCCCC=CCC=CCCCCCCCCCCCC(=O)OC(COC(=O)CCCCC=CCCCCCCCCCCC)COP(=O)(O)OC1C(O)C(O)C(O)C(O)C1O,[M-H]-,PI 18:1_22:2,"PI 18:1(6)_22:2(13,16)",0.9191999999999989,0.09303599999993821,0.0,0.7528512000000485,All,None,0.0,54800.0,6679.124087591241,0.0,22167.191011235955,48200.0,55100.0,27552.569169960472,35737.1285056509,0.0,0.0,0.0,22333.05439330544,0.0,3409.271523178808,0.0,42700.0,26806.925498426026
8752,7.999,915.59679,915.5968,0.010921838056612286,C49H89O13P,CCCCCC=CCC=CCCCCCCCCCCCC(=O)OC(COC(=O)CCCCCCCCCC=CCCCCCC)COP(=O)(O)OC1C(O)C(O)C(O)C(O)C1O,[M-H]-,PI 18:1_22:2,"PI 18:1(11)_22:2(13,16)",0.9026666666666655,0.08850333333327853,0.0,0.7415973333333762,All,None,0.0,0.0,21041.751824817515,0.0,0.0,0.0,0.0,19547.430830039524,0.0,0.0,0.0,28400.0,16066.94560669456,48900.0,9681.456953642384,0.0,0.0,16493.074501573974
8752,7.999,915.59679,915.5968,0.010921838056612286,C49H89O13P,CCCCCC=CCC=CCCCCCCCCCCCC(=O)OC(COC(=O)CCCCCCCC=CCCCCCCCC)COP(=O)(O)OC1C(O)C(O)C(O)C(O)C1O,[M-H]-,PI 18:1_22:2,"PI 18:1(9)_22:2(13,16)",0.8395000000000001,0.10046499999990033,0.012433089250661557,0.6863677803256752,Some,Some,0.0,0.0,6679.124087591241,0.0,4932.808988764044,0.0,0.0,0.0,10662.8714943491,0.0,0.0,0.0,0.0,0.0,3409.271523178808,43200.0,0.0,0.0
8778,8.005,773.5333,773.53381,0.6593118405036866,C42H79O10P,CCCCCCC=CCCCCCCCCCC(=O)OC(COC(=O)CCCCCCCCCC=CCCCCCC)COP(=O)(O)OCC(O)CO,[M-H]-,PG 18:1_18:1,PG 18:1(11)_18:1(11),0.9760000000000026,0.02780999999993128,0.0,0.8561520000000573,All,None,,0.0,0.0,0.0,0.0,0.0,0.0,0.0,0.0,,0.0,0.0,0.0,0.0,0.0,0.0,0.0,0.0
8778,8.005,773.5333,773.53381,0.6593118405036866,C42H79O10P,CCCCCCCCC=CCCCCCCCC(=O)OC(COC(=O)CCCCCCCCCC=CCCCCCC)COP(=O)(O)OCC(O)CO,[M-H]-,PG 18:1_18:1,PG 18:1(11)_18:1(9),0.9640000000000022,0.037033333333283736,0.0,0.837973333333375,All,None,,0.0,0.0,0.0,0.0,0.0,0.0,0.0,0.0,,0.0,0.0,0.0,0.0,0.0,0.0,0.0,0.0
8778,8.005,773.5333,773.53381,0.6593118405036866,C42H79O10P,CCCCCCCCC=CCCCCCCCC(=O)OC(COC(=O)CCCCCCCC=CCCCCCCCC)COP(=O)(O)OCC(O)CO,[M-H]-,PG 18:1_18:1,PG 18:1(9)_18:1(9),0.9400000000000013,0.05547999999998865,0.0,0.8016160000000103,All,None,,0.0,0.0,0.0,0.0,0.0,0.0,0.0,0.0,,0.0,0.0,0.0,0.0,0.0,0.0,0.0,0.0
8778,8.005,773.5333,773.53381,0.6593118405036866,C42H79O10P,CCCCCCCCCCCC=CCCCCC(=O)OC(COC(=O)CCCCCCCCCC=CCCCCCC)COP(=O)(O)OCC(O)CO,[M-H]-,PG 18:1_18:1,PG 18:1(11)_18:1(6),0.8595000000000006,0.06404249999991407,0.0,0.7223160000000692,All,None,,0.0,0.0,0.0,0.0,0.0,0.0,0.0,0.0,,0.0,0.0,0.0,0.0,0.0,0.0,0.0,0.0
8778,8.005,773.5333,773.53381,0.6593118405036866,C42H79O10P,CCCCCCCCC=CCCCCCCCC(=O)OC(COC(=O)CCCCC=CCCCCCCCCCCC)COP(=O)(O)OCC(O)CO,[M-H]-,PG 18:1_18:1,PG 18:1(6)_18:1(9),0.8086666666666661,0.08534333333326079,0.0,0.6595253333333909,All,None,,0.0,0.0,0.0,0.0,0.0,0.0,0.0,0.0,,0.0,0.0,0.0,0.0,0.0,0.0,0.0,0.0
8778,8.005,773.5333,773.53381,0.6593118405036866,C42H79O10P,CCCCCCCCCCCC=CCCCCC(=O)OC(COC(=O)CCCCC=CCCCCCCCCCCC)COP(=O)(O)OCC(O)CO,[M-H]-,PG 18:1_18:1,PG 18:1(6)_18:1(6),0.7429999999999986,0.10027499999989686,0.0,0.5884800000000812,All,None,,0.0,0.0,0.0,0.0,0.0,0.0,0.0,0.0,,0.0,0.0,0.0,0.0,0.0,0.0,0.0,0.0
8791,8.005,861.54927,861.54985,0.6732053867963295,C45H83O13P,CCCCCC=CCC=CCCCCCCCC(=O)OC(COC(=O)CCCCCCCCCCCCCCCCC)COP(=O)(O)OC1C(O)C(O)C(O)C(O)C1O,[M-H]-,PI 18:0_18:2,"PI 18:0_18:2(9,12)",0.9569999999999994,0.17932250000001204,0.08357149157140735,0.7930563424142564,All,Some,0.0,0.0,0.0,0.0,,0.0,0.0,0.0,,,0.0,0.0,0.0,0.0,0.0,0.0,0.0,0.0
8791,8.005,861.54927,861.54985,0.6732053867963295,C45H83O13P,CCCCCCCCC=CCC=CCCCCC(=O)OC(COC(=O)CCCCCCCCCCCCCCCCC)COP(=O)(O)OC1C(O)C(O)C(O)C(O)C1O,[M-H]-,PI 18:0_18:2,"PI 18:0_18:2(6,9)",0.8959999999999985,0.08511333333327305,0.0,0.7383093333333802,All,None,193000.0,0.0,0.0,0.0,,0.0,0.0,0.0,,,0.0,0.0,0.0,0.0,0.0,0.0,0.0,0.0
8935,8.05,863.56544,863.5655,0.06947938526479837,C45H85O13P,CCCCCCCCC=CCCCCCCCC(=O)OC(COC(=O)CCCCCCCCCCCCCCCCC)COP(=O)(O)OC1C(O)C(O)C(O)C(O)C1O,[M-H]-,PI 18:0_18:1,PI 18:0_18:1(9),0.9270000000000014,0.211954999999989,0.7076496538912782,1.3016206885021604,All,All,0.0,0.0,2607.522306108442,0.0,0.0,0.0,0.0,0.0,0.0,,0.0,0.0,0.0,0.0,0.0,0.0,0.0,0.0
8935,8.05,863.56544,863.5655,0.06947938526479837,C45H85O13P,CCCCCCC=CCCCCCCCCCC(=O)OC(COC(=O)CCCCCCCCCCCCCCCCC)COP(=O)(O)OC1C(O)C(O)C(O)C(O)C1O,[M-H]-,PI 18:0_18:1,PI 18:0_18:1(11),0.6910000000000007,0.17079000000006772,0.7026003173148434,1.1176082855833056,All,All,0.0,0.0,0.0,0.0,0.0,0.0,0.0,0.0,0.0,,0.0,0.0,0.0,0.0,0.0,0.0,0.0,0.0
8935,8.05,863.56544,863.5655,0.06947938526479837,C45H85O13P,CCCCCCCCCCCC=CCCCCC(=O)OC(COC(=O)CCCCCCCCCCCCCCCCC)COP(=O)(O)OC1C(O)C(O)C(O)C(O)C1O,[M-H]-,PI 18:0_18:1,PI 18:0_18:1(6),0.8179999999999996,0.1050750000000562,0.0,0.6521399999999546,All,None,0.0,0.0,1922.477693891558,0.0,0.0,0.0,0.0,0.0,0.0,,0.0,0.0,0.0,0.0,0.0,0.0,0.0,0.0
8943,8.052,734.47579,734.47663,1.1436715148298915,C41H70NO8P,CCC=CCC=CCC=CCC=CCC=CCC=CCCC(=O)OC(COC(=O)CCCCCCCCCCCCC)COP(=O)(O)OCCN,[M-H]-,PE 14:0_22:6,"PE 14:0_22:6(4,7,10,13,16,19)",0.7520000000000002,0.2953754545454475,0.07837087231352169,0.5110334214458117,Some,Some,12600.0,0.0,0.0,0.0,0.0,,0.0,0.0,0.0,0.0,0.0,0.0,0.0,0.0,0.0,0.0,0.0,0.0
8996,8.062,867.51401,867.51816,4.783761529535528,C50H77O10P,CCC=CCC=CCC=CCC=CCC=CCC=CCCC(=O)OC(COC(=O)CCCCCC=CCC=CCC=CCC=CCC=CCC)COP(=O)(O)OCC(O)CO,[M-H]-,PG 22:5_22:6,"PG 22:5(7,10,13,16,19)_22:6(4,7,10,13,16,19)",0.7675999999999998,0.2616809999999873,0.8504227353820154,1.246875661843824,Some,Some,0.0,0.0,0.0,0.0,0.0,0.0,0.0,0.0,0.0,0.0,0.0,42600.0,0.0,0.0,44306.21669626998,0.0,0.0,0.0
8996,8.062,867.51401,867.51816,4.783761529535528,C50H77O10P,CCC=CCC=CCC=CCC=CCC=CCC=CCCC(=O)OC(COC(=O)CCC=CCC=CCC=CCC=CCC=CCCCCC)COP(=O)(O)OCC(O)CO,[M-H]-,PG 22:5_22:6,"PG 22:5(4,7,10,13,16)_22:6(4,7,10,13,16,19)",0.817166666666667,0.26558416666666557,0.6892713869061744,1.143326914882225,Some,Some,0.0,0.0,0.0,0.0,0.0,0.0,0.0,0.0,0.0,0.0,0.0,0.0,0.0,0.0,8993.783303730019,0.0,0.0,0.0
9086,8.083,774.53658,774.54431,9.980061695938044,C45H78NO7P,CCCCCCC=CCCCCCCCCCC(=O)OC(COCCCC=CCC=CCC=CCC=CCC=CCC=CCC)COP(=O)(O)OCCN,[M-H]-,PE O-22:6_18:1,"PE O-22:6(4,7,10,13,16,19)_18:1(11)",0.8530769230769228,0.2500838461538618,0.06673320871205066,0.6277620416869867,All,Some,,0.0,0.0,0.0,0.0,,0.0,0.0,0.0,28300.0,0.0,0.0,0.0,0.0,0.0,0.0,0.0,0.0
9086,8.083,774.53658,774.54431,9.980061695938044,C45H78NO7P,CCCCCCCCCCCC=CCCCCC(=O)OC(COCCCC=CCC=CCC=CCC=CCC=CCC=CCC)COP(=O)(O)OCCN,[M-H]-,PE O-22:6_18:1,"PE O-22:6(4,7,10,13,16,19)_18:1(6)",0.8263636363636361,0.28817636363636334,0.07886651938696895,0.5841660492664538,Some,Some,,0.0,0.0,0.0,0.0,,0.0,0.0,0.0,28300.0,0.0,0.0,0.0,0.0,0.0,0.0,0.0,0.0
9086,8.083,774.53658,774.54431,9.980061695938044,C45H78NO7P,CCCCCCCCC=CCCCCCCCC(=O)OC(COCCCC=CCC=CCC=CCC=CCC=CCC=CCC)COP(=O)(O)OCCN,[M-H]-,PE O-22:6_18:1,"PE O-22:6(4,7,10,13,16,19)_18:1(9)",0.792727272727272,0.29125181818182516,0.11368532270195666,0.5827698813408456,Some,Some,,0.0,0.0,0.0,0.0,,0.0,0.0,0.0,28300.0,0.0,0.0,0.0,0.0,0.0,0.0,0.0,0.0
9262,8.131,861.54975,861.54985,0.11606989424337773,C45H83O13P,CCCCCC=CCC=CCCCCCCCCCC(=O)OC(COC(=O)CCCCCCCCCCCCCCC)COP(=O)(O)OC1C(O)C(O)C(O)C(O)C1O,[M-H]-,PI 16:0_20:2,"PI 16:0_20:2(11,14)",0.7720000000000002,0.13438499999995202,0.044120450874964065,0.6270004057875063,All,Some,,0.0,0.0,0.0,0.0,0.0,0.0,0.0,0.0,,0.0,0.0,0.0,0.0,0.0,0.0,0.0,0.0
9300,8.141,889.58096,889.58115,0.21358366235058315,C47H87O13P,CCCCCC=CCC=CCCCCCCCCCC(=O)OC(COC(=O)CCCCCCCCCCCCCCCCC)COP(=O)(O)OC1C(O)C(O)C(O)C(O)C1O,[M-H]-,PI 18:0_20:2,"PI 18:0_20:2(11,14)",0.772666666666666,0.11197999999994106,0.08469327195597913,0.6820399447604277,All,Some,,224000.0,0.0,,,179000.0,219000.0,225000.0,183000.0,0.0,,0.0,,296000.0,186000.0,254000.0,,244000.0
9299,8.141,891.58733,891.5968,10.62139298848815,C47H89O13P,CCCCCCCCC=CCCCCCCCCCCCCCCCC(=O)OC(COC(=O)CCCCCCCCCCC)COP(=O)(O)OC1C(O)C(O)C(O)C(O)C1O,[M-H]-,PI 12:0_26:1,PI 12:0_26:1(17),0.9879999999999995,0.11852500000003374,0.0,0.7943799999999727,All,None,,36800.0,,,,32100.0,35100.0,38200.0,29900.0,0.0,,,,51500.0,0.0,35800.0,,40400.0
9408,8.169,887.56475,887.5655,0.8450080586042475,C47H85O13P,CCCCCC=CCC=CCCCCCCCCCC(=O)OC(COC(=O)CCCCC=CCCCCCCCCCCC)COP(=O)(O)OC1C(O)C(O)C(O)C(O)C1O,[M-H]-,PI 18:1_20:2,"PI 18:1(6)_20:2(11,14)",0.9033333333333337,0.11317999999994299,0.014708801250205803,0.735693921125231,All,Some,515000.0,,0.0,,0.0,0.0,0.0,0.0,0.0,0.0,,0.0,0.0,0.0,,0.0,0.0,0.0
9408,8.169,887.56475,887.5655,0.8450080586042475,C47H85O13P,CCCCCC=CCC=CCCCCCCCCCC(=O)OC(COC(=O)CCCCCCCCCC=CCCCCCC)COP(=O)(O)OC1C(O)C(O)C(O)C(O)C1O,[M-H]-,PI 18:1_20:2,"PI 18:1(11)_20:2(11,14)",0.8274999999999997,0.10359249999999065,0.02158676782074724,0.6813040910386797,All,Some,0.0,,0.0,,0.0,0.0,0.0,0.0,0.0,1390000.0,,0.0,0.0,0.0,,0.0,0.0,0.0
9409,8.169,911.56514,911.5655,0.39492499441958046,C49H85O13P,CCCCCC=CCC=CCC=CCC=CCC=CCCC(=O)OC(COC(=O)CCCCCCCCCCCCCCCCC)COP(=O)(O)OC1C(O)C(O)C(O)C(O)C1O,[M-H]-,PI 18:0_22:5,"PI 18:0_22:5(4,7,10,13,16)",0.9041249999999998,0.14124999999992838,0.010061306941136727,0.7097676762470803,All,Some,13674.910277324634,0.0,0.0,0.0,0.0,0.0,0.0,0.0,0.0,36049.80766490953,0.0,0.0,0.0,0.0,0.0,0.0,0.0,0.0
9409,8.169,911.56514,911.5655,0.39492499441958046,C49H85O13P,CCC=CCC=CCC=CCC=CCC=CCCCCCC(=O)OC(COC(=O)CCCCCCCCCCCCCCCCC)COP(=O)(O)OC1C(O)C(O)C(O)C(O)C1O,[M-H]-,PI 18:0_22:5,"PI 18:0_22:5(7,10,13,16,19)",0.8642,0.13240799999994124,0.002440593723428396,0.6740501343511325,All,Some,9925.089722675366,0.0,0.0,0.0,0.0,0.0,0.0,0.0,0.0,37850.19233509047,0.0,0.0,0.0,0.0,0.0,0.0,0.0,0.0
9608,8.242,775.55091,775.54946,1.8696422019180667,C42H81O10P,CCCCCCCCC=CCCCCCCCC(=O)OC(COC(=O)CCCCCCCCCCCCCCCCC)COP(=O)(O)OCC(O)CO,[M-H]-,PG 18:0_18:1,PG 18:0_18:1(9),0.815999999999999,0.09733999999997422,0.0,0.6565280000000198,All,None,0.0,0.0,0.0,0.0,0.0,,0.0,0.0,0.0,0.0,0.0,0.0,0.0,0.0,0.0,0.0,0.0,0.0
9608,8.242,775.55091,775.54946,1.8696422019180667,C42H81O10P,CCCCCCC=CCCCCCCCCCC(=O)OC(COC(=O)CCCCCCCCCCCCCCCCC)COP(=O)(O)OCC(O)CO,[M-H]-,PG 18:0_18:1,PG 18:0_18:1(11),0.6089999999999973,0.47890999999998485,0.29675246956722523,0.43204922261051243,All,Some,0.0,0.0,0.0,0.0,0.0,,0.0,0.0,0.0,32300.0,0.0,0.0,0.0,0.0,0.0,0.0,0.0,0.0
9608,8.242,775.55091,775.54946,1.8696422019180667,C42H81O10P,CCCCCCCCCCCC=CCCCCC(=O)OC(COC(=O)CCCCCCCCCCCCCCCCC)COP(=O)(O)OCC(O)CO,[M-H]-,PG 18:0_18:1,PG 18:0_18:1(6),0.40300000000000225,0.1257349999999633,0.0,0.26211200000003143,All,None,0.0,0.0,0.0,0.0,0.0,,0.0,0.0,0.0,0.0,0.0,0.0,0.0,0.0,0.0,0.0,0.0,0.0
9854,8.302,913.58063,913.58115,0.5691886264703266,C49H87O13P,CCCCCCCCC=CCC=CCC=CCCCCCC(=O)OC(COC(=O)CCCCCCCC=CCCCCCCCC)COP(=O)(O)OC1C(O)C(O)C(O)C(O)C1O,[M-H]-,PI 18:1_22:3,"PI 18:1(9)_22:3(7,10,13)",0.8810000000000002,0.1275274999999283,0.02414775475120602,0.712610979276143,Some,Some,34633.617222616514,0.0,0.0,0.0,0.0,0.0,0.0,0.0,0.0,0.0,0.0,0.0,0.0,0.0,0.0,0.0,0.0,0.0
9854,8.302,913.58063,913.58115,0.5691886264703266,C49H87O13P,CCCCCCCCC=CCC=CCC=CCCCCCC(=O)OC(COC(=O)CCCCC=CCCCCCCCCCCC)COP(=O)(O)OC1C(O)C(O)C(O)C(O)C1O,[M-H]-,PI 18:1_22:3,"PI 18:1(6)_22:3(7,10,13)",0.8956666666666665,0.14213666666660174,0.01899324343718754,0.7094845857601872,Some,Some,1033.1913886917437,0.0,0.0,0.0,0.0,0.0,0.0,0.0,0.0,0.0,0.0,0.0,0.0,0.0,0.0,0.0,0.0,0.0
9854,8.302,913.58063,913.58115,0.5691886264703266,C49H87O13P,CCCCCCCCC=CCC=CCC=CCCCCCC(=O)OC(COC(=O)CCCCCCCCCC=CCCCCCC)COP(=O)(O)OC1C(O)C(O)C(O)C(O)C1O,[M-H]-,PI 18:1_22:3,"PI 18:1(11)_22:3(7,10,13)",0.8964999999999996,0.15156999999992138,0.012998935536225824,0.6972930419826658,All,Some,1033.1913886917437,0.0,0.0,0.0,0.0,0.0,0.0,0.0,0.0,0.0,0.0,0.0,0.0,0.0,0.0,0.0,0.0,0.0
9910,8.314,762.507,762.50793,1.2196594467409663,C43H74NO8P,CCC=CCC=CCC=CCC=CCC=CCC=CCCC(=O)OC(COC(=O)CCCCCCCCCCCCCCC)COP(=O)(O)OCCN,[M-H]-,PE 16:0_22:6,"PE 16:0_22:6(4,7,10,13,16,19)",0.9202000000000001,0.36087100000003147,0.14411360849598648,0.6691854476463628,All,Some,0.0,0.0,0.0,0.0,0.0,0.0,0.0,0.0,0.0,0.0,0.0,0.0,0.0,0.0,308000.0,0.0,0.0,0.0
9956,8.32,801.56722,801.56511,2.6323501031825645,C44H83O10P,CCCCCCC=CCCCCCCCCCCCC(=O)OC(COC(=O)CCCCCCCCCC=CCCCCCC)COP(=O)(O)OCC(O)CO,[M-H]-,PG 18:1_20:1,PG 18:1(11)_20:1(13),0.968,0.041314999999997326,0.0,0.8381480000000021,All,None,,0.0,0.0,0.0,0.0,,,,,2230.825958702065,0.0,0.0,,,0.0,,,
9956,8.32,801.56722,801.56511,2.6323501031825645,C44H83O10P,CCCCCCCCC=CCCCCCCCCCC(=O)OC(COC(=O)CCCCCCCCCC=CCCCCCC)COP(=O)(O)OCC(O)CO,[M-H]-,PG 18:1_20:1,PG 18:1(11)_20:1(11),0.9130000000000003,0.045279999999991105,0.0,0.7854760000000074,All,None,,0.0,0.0,0.0,0.0,,,,,2230.825958702065,0.0,0.0,,,0.0,,,
9956,8.32,801.56722,801.56511,2.6323501031825645,C44H83O10P,CCCCCCC=CCCCCCCCCCCCC(=O)OC(COC(=O)CCCCCCCC=CCCCCCCCC)COP(=O)(O)OCC(O)CO,[M-H]-,PG 18:1_20:1,PG 18:1(9)_20:1(13),0.9130000000000003,0.045279999999991105,0.0,0.7854760000000074,All,None,,0.0,0.0,0.0,0.0,,,,,1788.3480825958704,0.0,0.0,,,0.0,,,
9956,8.32,801.56722,801.56511,2.6323501031825645,C44H83O10P,CCCCCCCCC=CCCCCCCCCCC(=O)OC(COC(=O)CCCCCCCC=CCCCCCCCC)COP(=O)(O)OCC(O)CO,[M-H]-,PG 18:1_20:1,PG 18:1(9)_20:1(11),0.8580000000000005,0.049244999999984884,0.0,0.7328040000000127,All,None,,0.0,0.0,0.0,0.0,,,,,4019.1740412979357,0.0,0.0,,,0.0,,,
9956,8.32,801.56722,801.56511,2.6323501031825645,C44H83O10P,CCCCCCC=CCCCCCCCCCCCC(=O)OC(COC(=O)CCCCC=CCCCCCCCCCCC)COP(=O)(O)OCC(O)CO,[M-H]-,PG 18:1_20:1,PG 18:1(6)_20:1(13),0.8774999999999995,0.08310000000000173,0.0,0.7232699999999982,All,None,,0.0,0.0,0.0,0.0,,,,,0.0,0.0,0.0,,,0.0,,,
9956,8.32,801.56722,801.56511,2.6323501031825645,C44H83O10P,CCCCCCCCC=CCCCCCCCCCC(=O)OC(COC(=O)CCCCC=CCCCCCCCCCCC)COP(=O)(O)OCC(O)CO,[M-H]-,PG 18:1_20:1,PG 18:1(6)_20:1(11),0.8224999999999998,0.08706499999999551,0.0,0.6705980000000035,All,None,,0.0,0.0,0.0,0.0,,,,,2230.825958702065,0.0,0.0,,,0.0,,,
9962,8.321,712.49122,712.49228,1.487735418062693,C39H72NO8P,CCCCCCCCC=CCC=CCCCCC(=O)OC(COC(=O)CCCCCC=CCCCCCCCC)COP(=O)(O)OCCN,[M-H]-,PE 16:1_18:2,"PE 16:1(7)_18:2(6,9)",0.9710000000000001,0.10261999999994487,0.0,0.7918040000000441,Some,None,0.0,4061.6388308977025,0.0,0.0,0.0,0.0,5700.0,0.0,0.0,,0.0,0.0,0.0,0.0,0.0,0.0,0.0,0.0
9962,8.321,712.49122,712.49228,1.487735418062693,C39H72NO8P,CCCCCC=CCC=CCCCCCCCC(=O)OC(COC(=O)CCCCCC=CCCCCCCCC)COP(=O)(O)OCCN,[M-H]-,PE 16:1_18:2,"PE 16:1(7)_18:2(9,12)",0.7154999999999996,0.10680249999998637,0.05886618172164789,0.6114875635494936,Some,Some,0.0,4662.108559498955,0.0,0.0,0.0,0.0,5700.0,0.0,0.0,,0.0,0.0,0.0,0.0,0.0,0.0,0.0,0.0
9962,8.321,712.49122,712.49228,1.487735418062693,C39H72NO8P,CCCCCCCCC=CCC=CCCCCC(=O)OC(COC(=O)CCCCC=CCCCCCCCCC)COP(=O)(O)OCCN,[M-H]-,PE 16:1_18:2,"PE 16:1(6)_18:2(6,9)",0.8549999999999992,0.2605149999999791,0.011038101538677637,0.5710222913848259,All,Some,0.0,0.0,0.0,0.0,0.0,0.0,0.0,0.0,0.0,,0.0,0.0,0.0,0.0,0.0,0.0,0.0,0.0
9962,8.321,712.49122,712.49228,1.487735418062693,C39H72NO8P,CCCCCC=CCC=CCCCCCCCC(=O)OC(COC(=O)CCCCC=CCCCCCCCCC)COP(=O)(O)OCCN,[M-H]-,PE 16:1_18:2,"PE 16:1(6)_18:2(9,12)",0.635666666666666,0.11885499999999638,0.03924412114776526,0.5123357090329911,All,Some,0.0,825.260960334029,0.0,0.0,0.0,0.0,0.0,0.0,0.0,,0.0,0.0,0.0,0.0,0.0,0.0,0.0,0.0
9962,8.321,712.49122,712.49228,1.487735418062693,C39H72NO8P,CCCCCCCCC=CCC=CCCCCC(=O)OC(COC(=O)CCCCCCCC=CCCCCCC)COP(=O)(O)OCCN,[M-H]-,PE 16:1_18:2,"PE 16:1(9)_18:2(6,9)",0.7333333333333331,0.20255166666663627,0.011038101538677637,0.5078929580515007,All,Some,0.0,825.260960334029,0.0,0.0,0.0,0.0,0.0,0.0,0.0,,0.0,0.0,0.0,0.0,0.0,0.0,0.0,0.0
9962,8.321,712.49122,712.49228,1.487735418062693,C39H72NO8P,CCCCCC=CCC=CCCCCCCCC(=O)OC(COC(=O)CCCCCCCC=CCCCCCC)COP(=O)(O)OCCN,[M-H]-,PE 16:1_18:2,"PE 16:1(9)_18:2(9,12)",0.5139999999999999,0.06089166666665354,0.03924412114776526,0.44920637569966587,All,Some,0.0,1425.7306889352815,0.0,0.0,0.0,0.0,0.0,0.0,0.0,,0.0,0.0,0.0,0.0,0.0,0.0,0.0,0.0
9967,8.325,834.52708,834.52906,2.3725956289685124,C46H78NO10P,CCC=CCC=CCC=CCC=CCC=CCC=CCCC(=O)OC(COC(=O)CCCCCCCCCCCCCCCCC)COP(=O)(O)OCC(N)C(=O)O,[M-H]-,PS 18:0_22:6,"PS 18:0_22:6(4,7,10,13,16,19)",0.934000000000001,0.09762624999999048,0.03532289683684203,0.7942896071531664,All,Some,0.0,0.0,0.0,0.0,0.0,0.0,7840.0,0.0,10000.0,152000.0,0.0,0.0,0.0,0.0,0.0,0.0,0.0,0.0
9973,8.328,915.59518,915.5968,1.7693377696411994,C49H89O13P,CCCCCCCCC=CCC=CCC=CCCCCCC(=O)OC(COC(=O)CCCCCCCCCCCCCCCCC)COP(=O)(O)OC1C(O)C(O)C(O)C(O)C1O,[M-H]-,PI 18:0_22:3,"PI 18:0_22:3(7,10,13)",0.8915999999999997,0.18749599999994188,0.0012951730115570174,0.6536088557104476,All,Some,0.0,,0.0,,,,,,,0.0,,0.0,,,,,,
10193,8.386,762.50673,762.50793,1.5737541248126246,C43H74NO8P,CCC=CCC=CCC=CCC=CCC=CCC=CCCC(=O)OC(COC(=O)CCCCCCCCCCCCCCC)COP(=O)(O)OCCN,[M-H]-,PE 16:0_22:6,"PE 16:0_22:6(4,7,10,13,16,19)",0.8706666666666667,0.26321000000005296,0.13428086747583548,0.6938847807282097,All,Some,0.0,126000.0,232000.0,264000.0,144000.0,119000.0,127000.0,399000.0,114000.0,0.0,273000.0,261000.0,393000.0,401000.0,0.0,373000.0,408000.0,360000.0
10231,8.394,803.57967,803.58076,1.3564286931038336,C44H85O10P,CCCCCCC=CCCCCCCCCCC(=O)OC(COC(=O)CCCCCCCCCCCCCCCCCCC)COP(=O)(O)OCC(O)CO,[M-H]-,PG 20:0_18:1,PG 20:0_18:1(11),0.9169999999999998,0.0845200000001114,0.3659977948644094,1.087082015377879,All,Some,0.0,0.0,0.0,0.0,0.0,0.0,0.0,0.0,0.0,0.0,0.0,0.0,0.0,0.0,0.0,0.0,0.0,0.0
10231,8.394,803.57967,803.58076,1.3564286931038336,C44H85O10P,CCCCCCCCCCCC=CCCCCC(=O)OC(COC(=O)CCCCCCCCCCCCCCCCCCC)COP(=O)(O)OCC(O)CO,[M-H]-,PG 20:0_18:1,PG 20:0_18:1(6),0.9350000000000005,0.10962500000005093,0.0,0.7537999999999597,All,None,15600.0,0.0,0.0,0.0,0.0,0.0,0.0,0.0,0.0,0.0,0.0,0.0,0.0,0.0,0.0,0.0,0.0,0.0
10231,8.394,803.57967,803.58076,1.3564286931038336,C44H85O10P,CCCCCCCCC=CCCCCCCCC(=O)OC(COC(=O)CCCCCCCCCCCCCCCCCCC)COP(=O)(O)OCC(O)CO,[M-H]-,PG 20:0_18:1,PG 20:0_18:1(9),0.6150000000000002,0.09617499999995971,0.0,0.47656000000003246,All,None,0.0,0.0,0.0,0.0,0.0,0.0,0.0,0.0,0.0,0.0,0.0,0.0,0.0,0.0,0.0,0.0,0.0,0.0
10325,8.41,750.53953,750.54431,6.368711262340347,C43H78NO7P,CCCCCCCCC=CCCCCCCCC(=O)OC(COCCCCC=CCC=CCC=CCC=CCCCCC)COP(=O)(O)OCCN,[M-H]-,PE O-20:4_18:1,"PE O-20:4(5,8,11,14)_18:1(9)",0.90375,0.15682374999998672,0.12473810509722359,0.8001802945875119,Some,Some,135388.23529411765,0.0,0.0,0.0,0.0,0.0,0.0,0.0,0.0,0.0,0.0,0.0,0.0,0.0,0.0,0.0,0.0,0.0
10325,8.41,750.53953,750.54431,6.368711262340347,C43H78NO7P,CCCCCCCCCCCC=CCCCCC(=O)OC(COCCCCC=CCC=CCC=CCC=CCCCCC)COP(=O)(O)OCCN,[M-H]-,PE O-20:4_18:1,"PE O-20:4(5,8,11,14)_18:1(6)",0.9060000000000006,0.1664249999999754,0.12473810509722359,0.7945242945875215,Some,Some,135388.23529411765,0.0,0.0,0.0,0.0,0.0,0.0,0.0,0.0,0.0,0.0,0.0,0.0,0.0,0.0,0.0,0.0,0.0
10325,8.41,750.53953,750.54431,6.368711262340347,C43H78NO7P,CCCCCCC=CCCCCCCCCCC(=O)OC(COCCCCC=CCC=CCC=CCC=CCCCCC)COP(=O)(O)OCCN,[M-H]-,PE O-20:4_18:1,"PE O-20:4(5,8,11,14)_18:1(11)",0.904666666666667,0.15323555555553664,0.11087831564197653,0.7914020396333499,All,Some,65223.529411764706,0.0,0.0,0.0,0.0,0.0,0.0,0.0,0.0,0.0,0.0,0.0,0.0,0.0,0.0,0.0,0.0,0.0
10325,8.41,750.53953,750.54431,6.368711262340347,C43H78NO7P,CCCCCCC=CCCCCCCCCCC(=O)OC(COCCCCCCCC=CCC=CCC=CCC=CCC)COP(=O)(O)OCCN,[M-H]-,PE O-20:4_18:1,"PE O-20:4(8,11,14,17)_18:1(11)",0.8234285714285713,0.1866071428571396,0.13755743568854692,0.7156016921196947,All,Some,0.0,0.0,0.0,0.0,0.0,0.0,0.0,0.0,0.0,0.0,0.0,0.0,0.0,0.0,0.0,0.0,0.0,0.0
10325,8.41,750.53953,750.54431,6.368711262340347,C43H78NO7P,CCCCCCCCC=CCCCCCCCC(=O)OC(COCCCCCCCC=CCC=CCC=CCC=CCC)COP(=O)(O)OCCN,[M-H]-,PE O-20:4_18:1,"PE O-20:4(8,11,14,17)_18:1(9)",0.7986666666666663,0.05009833333334276,0.0,0.6787213333333254,Some,Some,0.0,0.0,0.0,0.0,0.0,0.0,0.0,0.0,0.0,0.0,0.0,0.0,0.0,0.0,0.0,0.0,0.0,0.0
10325,8.41,750.53953,750.54431,6.368711262340347,C43H78NO7P,CCCCCCCCCCCC=CCCCCC(=O)OC(COCCCCCCCC=CCC=CCC=CCC=CCC)COP(=O)(O)OCCN,[M-H]-,PE O-20:4_18:1,"PE O-20:4(8,11,14,17)_18:1(6)",0.7862857142857145,0.203115714285689,0.13755743568854692,0.668966263548284,Some,Some,0.0,0.0,0.0,0.0,0.0,0.0,0.0,0.0,0.0,0.0,0.0,0.0,0.0,0.0,0.0,0.0,0.0,0.0
10448,8.428,788.52244,788.52358,1.4457398979465323,C45H76NO8P,CCC=CCC=CCC=CCC=CCC=CCC=CCCC(=O)OC(COC(=O)CCCCCCCC=CCCCCCCCC)COP(=O)(O)OCCN,[M-H]-,PE 18:1_22:6,"PE 18:1(9)_22:6(4,7,10,13,16,19)",0.8205000000000006,0.08981916666667189,0.2704647544153928,0.9100129456405166,Some,Some,0.0,0.0,115017.5354558363,88394.41686701144,0.0,0.0,0.0,0.0,0.0,0.0,119622.70930650376,97000.0,0.0,0.0,128242.84063182227,0.0,0.0,0.0
10448,8.428,788.52244,788.52358,1.4457398979465323,C45H76NO8P,CCC=CCC=CCC=CCC=CCC=CCC=CCCC(=O)OC(COC(=O)CCCCC=CCCCCCCCCCCC)COP(=O)(O)OCCN,[M-H]-,PE 18:1_22:6,"PE 18:1(6)_22:6(4,7,10,13,16,19)",0.807666666666667,0.10950416666667213,0.2704647544153928,0.8827149456405161,Some,Some,0.0,0.0,70435.05038235847,79355.81230433956,0.0,0.0,0.0,0.0,0.0,0.0,75188.6453467481,97000.0,0.0,0.0,101378.57968408887,0.0,0.0,0.0
10448,8.428,788.52244,788.52358,1.4457398979465323,C45H76NO8P,CCC=CCC=CCC=CCC=CCC=CCC=CCCC(=O)OC(COC(=O)CCCCCCCCCC=CCCCCCC)COP(=O)(O)OCCN,[M-H]-,PE 18:1_22:6,"PE 18:1(11)_22:6(4,7,10,13,16,19)",0.8595714285714288,0.1494935714285605,0.24158510166319389,0.8714460200683121,All,Some,0.0,0.0,71547.41416180522,77249.77082864901,0.0,0.0,0.0,0.0,0.0,0.0,75188.6453467481,97000.0,0.0,0.0,101378.57968408887,0.0,0.0,0.0
10713,8.48,801.56638,801.56511,1.5844002990309667,C44H83O10P,CCCCCCCCC=CCCCCCCCCCC(=O)OC(COC(=O)CCCCCCCC=CCCCCCCCC)COP(=O)(O)OCC(O)CO,[M-H]-,PG 18:1_20:1,PG 18:1(9)_20:1(11),0.9830000000000005,0.047000000000025466,0.0,0.8470999999999802,All,None,,0.0,,0.0,0.0,0.0,0.0,0.0,0.0,,0.0,0.0,0.0,0.0,0.0,0.0,0.0,0.0
10713,8.48,801.56638,801.56511,1.5844002990309667,C44H83O10P,CCCCCCCCC=CCCCCCCCCCC(=O)OC(COC(=O)CCCCCCCCCC=CCCCCCC)COP(=O)(O)OCC(O)CO,[M-H]-,PG 18:1_20:1,PG 18:1(11)_20:1(11),0.9546666666666669,0.0378766666666858,0.0,0.8288986666666517,All,None,,0.0,,0.0,0.0,0.0,0.0,0.0,0.0,,0.0,0.0,0.0,0.0,0.0,0.0,0.0,0.0
10713,8.48,801.56638,801.56511,1.5844002990309667,C44H83O10P,CCCCCCC=CCCCCCCCCCCCC(=O)OC(COC(=O)CCCCCCCC=CCCCCCCCC)COP(=O)(O)OCC(O)CO,[M-H]-,PG 18:1_20:1,PG 18:1(9)_20:1(13),0.9546666666666669,0.0378766666666858,0.0,0.8288986666666517,All,None,,0.0,,0.0,0.0,0.0,0.0,0.0,0.0,,0.0,0.0,0.0,0.0,0.0,0.0,0.0,0.0
10713,8.48,801.56638,801.56511,1.5844002990309667,C44H83O10P,CCCCCCC=CCCCCCCCCCCCC(=O)OC(COC(=O)CCCCCCCCCC=CCCCCCC)COP(=O)(O)OCC(O)CO,[M-H]-,PG 18:1_20:1,PG 18:1(11)_20:1(13),0.8979999999999997,0.019630000000006476,0.0,0.7924959999999945,All,None,,0.0,,0.0,0.0,0.0,0.0,0.0,0.0,,0.0,0.0,0.0,0.0,0.0,0.0,0.0,0.0
10713,8.48,801.56638,801.56511,1.5844002990309667,C44H83O10P,CCCCCCCCC=CCCCCCCCCCC(=O)OC(COC(=O)CCCCC=CCCCCCCCCCCC)COP(=O)(O)OCC(O)CO,[M-H]-,PG 18:1_20:1,PG 18:1(6)_20:1(11),0.8573333333333343,0.07878666666670142,0.0,0.7085706666666397,All,None,,0.0,,0.0,0.0,0.0,0.0,0.0,0.0,,0.0,0.0,0.0,0.0,0.0,0.0,0.0,0.0
10713,8.48,801.56638,801.56511,1.5844002990309667,C44H83O10P,CCCCCCC=CCCCCCCCCCCCC(=O)OC(COC(=O)CCCCC=CCCCCCCCCCCC)COP(=O)(O)OCC(O)CO,[M-H]-,PG 18:1_20:1,PG 18:1(6)_20:1(13),0.7520000000000007,0.0809950000000299,0.0,0.6120039999999767,All,None,,0.0,,0.0,0.0,0.0,0.0,0.0,0.0,,0.0,0.0,0.0,0.0,0.0,0.0,0.0,0.0
10743,8.485,887.56504,887.5655,0.5182716093507092,C47H85O13P,CCC=CCC=CCC=CCCCCCCCCCC(=O)OC(COC(=O)CCCCCCCCCCCCCCCCC)COP(=O)(O)OC1C(O)C(O)C(O)C(O)C1O,[M-H]-,PI 18:0_20:3,"PI 18:0_20:3(11,14,17)",0.9155999999999992,0.02402799999997569,0.00419987616505307,0.8085974885485665,All,Some,79887.3768183951,0.0,0.0,0.0,0.0,0.0,0.0,0.0,0.0,0.0,0.0,0.0,0.0,0.0,0.0,0.0,0.0,0.0
10743,8.485,887.56504,887.5655,0.5182716093507092,C47H85O13P,CCCCCCCCC=CCC=CCC=CCCCC(=O)OC(COC(=O)CCCCCCCCCCCCCCCCC)COP(=O)(O)OC1C(O)C(O)C(O)C(O)C1O,[M-H]-,PI 18:0_20:3,"PI 18:0_20:3(5,8,11)",0.947000000000001,0.12421750000001452,0.0,0.7529259999999892,All,None,359493.1956827781,0.0,0.0,0.0,0.0,0.0,0.0,0.0,0.0,499377.01396348013,0.0,0.0,0.0,0.0,0.0,0.0,0.0,0.0
10743,8.485,887.56504,887.5655,0.5182716093507092,C47H85O13P,CCCCCC=CCC=CCC=CCCCCCCC(=O)OC(COC(=O)CCCCCCCCCCCCCCCCC)COP(=O)(O)OC1C(O)C(O)C(O)C(O)C1O,[M-H]-,PI 18:0_20:3,"PI 18:0_20:3(8,11,14)",0.9216666666666669,0.11007666666669517,0.0019768500340326947,0.7432178316972734,All,Some,1080619.4274988268,0.0,0.0,0.0,0.0,0.0,0.0,0.0,0.0,1470622.9860365198,0.0,0.0,0.0,0.0,0.0,0.0,0.0,0.0
10813,8.501,913.5805,913.58115,0.7114857831190184,C49H87O13P,CCCCCCCCC=CCC=CCC=CCCCCCC(=O)OC(COC(=O)CCCCC=CCCCCCCCCCCC)COP(=O)(O)OC1C(O)C(O)C(O)C(O)C1O,[M-H]-,PI 18:1_22:3,"PI 18:1(6)_22:3(7,10,13)",0.9710000000000001,0.12905666666659954,0.0005119991300177902,0.7711154658837365,Some,Some,14546.023794614905,0.0,0.0,0.0,0.0,0.0,0.0,0.0,0.0,70161.75289663876,0.0,0.0,0.0,0.0,0.0,0.0,0.0,0.0
10813,8.501,913.5805,913.58115,0.7114857831190184,C49H87O13P,CCCCCCCCC=CCC=CCC=CCCCCCC(=O)OC(COC(=O)CCCCCCCC=CCCCCCCCC)COP(=O)(O)OC1C(O)C(O)C(O)C(O)C1O,[M-H]-,PI 18:1_22:3,"PI 18:1(9)_22:3(7,10,13)",0.9704999999999995,0.12897999999992749,0.0007679986950266853,0.7709571988255816,Some,Some,16907.952410770195,0.0,0.0,0.0,0.0,0.0,0.0,0.0,0.0,79676.49420672249,0.0,0.0,0.0,0.0,0.0,0.0,0.0,0.0
10813,8.501,913.5805,913.58115,0.7114857831190184,C49H87O13P,CCCCCCCCC=CCC=CCC=CCCCCCC(=O)OC(COC(=O)CCCCCCCCCC=CCCCCCC)COP(=O)(O)OC1C(O)C(O)C(O)C(O)C1O,[M-H]-,PI 18:1_22:3,"PI 18:1(11)_22:3(7,10,13)",0.95675,0.14201874999993436,0.00038399934751334264,0.7478055994128145,All,Some,14546.023794614905,0.0,0.0,0.0,0.0,0.0,0.0,0.0,0.0,70161.75289663876,0.0,0.0,0.0,0.0,0.0,0.0,0.0,0.0
10937,8.527,750.53994,750.54431,5.822441049475724,C43H78NO7P,CCCCCCC=CCCCCCCCCCC(=O)OC(COCCCCC=CCC=CCC=CCC=CCCCCC)COP(=O)(O)OCCN,[M-H]-,PE O-20:4_18:1,"PE O-20:4(5,8,11,14)_18:1(11)",0.8342857142857137,0.2070657142856557,0.2598709950192147,0.8190884669459111,All,Some,0.0,0.0,0.0,0.0,0.0,0.0,0.0,0.0,0.0,129010.86956521739,0.0,0.0,0.0,0.0,0.0,0.0,0.0,0.0
10937,8.527,750.53994,750.54431,5.822441049475724,C43H78NO7P,CCCCCCCCC=CCCCCCCCC(=O)OC(COCCCCC=CCC=CCC=CCC=CCCCCC)COP(=O)(O)OCCN,[M-H]-,PE O-20:4_18:1,"PE O-20:4(5,8,11,14)_18:1(9)",0.8177142857142857,0.19114428571422845,0.2598709950192147,0.8169113240887677,Some,Some,0.0,0.0,0.0,0.0,0.0,0.0,0.0,0.0,0.0,129010.86956521739,0.0,0.0,0.0,0.0,0.0,0.0,0.0,0.0
10937,8.527,750.53994,750.54431,5.822441049475724,C43H78NO7P,CCCCCCCCCCCC=CCCCCC(=O)OC(COCCCCC=CCC=CCC=CCC=CCCCCC)COP(=O)(O)OCCN,[M-H]-,PE O-20:4_18:1,"PE O-20:4(5,8,11,14)_18:1(6)",0.8071428571428569,0.2063371428570885,0.2598709950192147,0.7952427526601936,Some,Some,0.0,0.0,0.0,0.0,0.0,0.0,0.0,0.0,0.0,129010.86956521739,0.0,0.0,0.0,0.0,0.0,0.0,0.0,0.0
10937,8.527,750.53994,750.54431,5.822441049475724,C43H78NO7P,CCCCCCC=CCCCCCCCCCC(=O)OC(COCCCCCCCC=CCC=CCC=CCC=CCC)COP(=O)(O)OCCN,[M-H]-,PE O-20:4_18:1,"PE O-20:4(8,11,14,17)_18:1(11)",0.8725714285714287,0.18619285714282796,0.14122649758411085,0.7634638478257232,All,Some,0.0,0.0,0.0,0.0,0.0,0.0,0.0,0.0,0.0,138483.69565217392,0.0,0.0,0.0,0.0,0.0,0.0,0.0,0.0
10937,8.527,750.53994,750.54431,5.822441049475724,C43H78NO7P,CCCCCCCCCCCC=CCCCCC(=O)OC(COCCCCCCCC=CCC=CCC=CCC=CCC)COP(=O)(O)OCCN,[M-H]-,PE O-20:4_18:1,"PE O-20:4(8,11,14,17)_18:1(6)",0.8528571428571426,0.19759714285711588,0.14122649758411085,0.7365975621114355,Some,Some,0.0,0.0,0.0,0.0,0.0,0.0,0.0,0.0,0.0,0.0,0.0,0.0,0.0,0.0,0.0,0.0,0.0,0.0
10937,8.527,750.53994,750.54431,5.822441049475724,C43H78NO7P,CCCCCCCCC=CCCCCCCCC(=O)OC(COCCCCCCCC=CCC=CCC=CCC=CCC)COP(=O)(O)OCCN,[M-H]-,PE O-20:4_18:1,"PE O-20:4(8,11,14,17)_18:1(9)",0.8322857142857149,0.04461714285712658,0.0,0.7133634285714422,Some,Some,0.0,0.0,0.0,0.0,0.0,0.0,0.0,0.0,0.0,138483.69565217392,0.0,0.0,0.0,0.0,0.0,0.0,0.0,0.0
10951,8.53,788.52222,788.52358,1.7247423343898252,C45H76NO8P,CCC=CCC=CCC=CCC=CCC=CCC=CCCC(=O)OC(COC(=O)CCCCC=CCCCCCCCCCCC)COP(=O)(O)OCCN,[M-H]-,PE 18:1_22:6,"PE 18:1(6)_22:6(4,7,10,13,16,19)",0.841333333333333,0.0902741666666979,0.21821305648007452,0.8813724174987084,Some,Some,0.0,125358.95414531599,0.0,0.0,161697.13898764178,124313.57552581262,203690.68541300527,248911.5770282589,118079.8580301686,0.0,0.0,0.0,264339.01464713714,257484.49197860964,0.0,246011.7586473264,243848.87363866926,230771.358629131
10951,8.53,788.52222,788.52358,1.7247423343898252,C45H76NO8P,CCC=CCC=CCC=CCC=CCC=CCC=CCCC(=O)OC(COC(=O)CCCCCCCC=CCCCCCCCC)COP(=O)(O)OCCN,[M-H]-,PE 18:1_22:6,"PE 18:1(9)_22:6(4,7,10,13,16,19)",0.8166666666666664,0.07438583333335676,0.21821305648007452,0.8718830841653814,Some,Some,0.0,52820.522927342005,0.0,0.0,63651.4305061791,45843.21223709369,12154.657293497363,82544.21148587055,43960.07098491571,0.0,0.0,0.0,83330.49267643142,87757.7540106952,0.0,76494.1206763368,87575.56318066537,80114.32068543453
10951,8.53,788.52222,788.52358,1.7247423343898252,C45H76NO8P,CCC=CCC=CCC=CCC=CCC=CCC=CCCC(=O)OC(COC(=O)CCCCCCCCCC=CCCCCCC)COP(=O)(O)OCCN,[M-H]-,PE 18:1_22:6,"PE 18:1(11)_22:6(4,7,10,13,16,19)",0.8659999999999999,0.1407528571428754,0.19984410040180914,0.8466574046473279,All,Some,0.0,52820.522927342005,0.0,0.0,63651.4305061791,45843.21223709369,12154.657293497363,82544.21148587055,43960.07098491571,0.0,0.0,0.0,83330.49267643142,87757.7540106952,0.0,76494.1206763368,87575.56318066537,80114.32068543453
10978,8.537,736.49124,736.49228,1.4120989837160771,C41H72NO8P,CCC=CCC=CCC=CCC=CCC=CCCCC(=O)OC(COC(=O)CCCCCCCCCCCCCCC)COP(=O)(O)OCCN,[M-H]-,PE 16:0_20:5,"PE 16:0_20:5(5,8,11,14,17)",0.7948888888888904,0.14694111111111852,0.020885799515752874,0.6166443306752841,All,Some,60200.0,0.0,0.0,0.0,0.0,0.0,0.0,0.0,0.0,0.0,0.0,0.0,0.0,0.0,0.0,0.0,0.0,0.0
11103,8.559,817.50167,817.50251,1.027519780996457,C46H75O10P,CCC=CCC=CCC=CCC=CCC=CCC=CCCC(=O)OC(COC(=O)CCCCCCCC=CCC=CCCCCC)COP(=O)(O)OCC(O)CO,[M-H]-,PG 18:2_22:6,"PG 18:2(9,12)_22:6(4,7,10,13,16,19)",0.8158333333333333,0.12905833333334726,0.4117910352657255,1.001615265072475,Some,Some,0.0,0.0,0.0,0.0,0.0,0.0,0.0,0.0,0.0,21366.095819177703,0.0,0.0,0.0,0.0,0.0,0.0,0.0,0.0
11103,8.559,817.50167,817.50251,1.027519780996457,C46H75O10P,CCC=CCC=CCC=CCC=CCC=CCC=CCCC(=O)OC(COC(=O)CCCCC=CCC=CCCCCCCCC)COP(=O)(O)OCC(O)CO,[M-H]-,PG 18:2_22:6,"PG 18:2(6,9)_22:6(4,7,10,13,16,19)",0.7815,0.12035083333334266,0.38797030218585404,0.9562426053005946,Some,Some,0.0,0.0,0.0,0.0,0.0,0.0,0.0,0.0,0.0,21033.904180822297,0.0,0.0,0.0,0.0,0.0,0.0,0.0,0.0
11463,8.655,778.571,778.57561,5.921069117432187,C45H82NO7P,CCCCCCCCCCCCCCCCCC(=O)OC(COCCCCCCC=CCC=CCC=CCC=CCC=CCC)COP(=O)(O)OCCN,[M-H]-,PE O-22:5_18:0,"PE O-22:5(7,10,13,16,19)_18:0",0.8372000000000004,0.05280499999995527,0.29250292888554597,0.9744886359970275,All,Some,0.0,6212.573167102087,33788.72500226224,0.0,6244.603937346814,6393.116799311679,6312.16549629911,2221.475027139193,6658.086404956392,0.0,0.0,0.0,2502.5999535656774,2599.373606072499,0.0,2734.8446949194295,2156.6441072120692,2132.204113093739
11463,8.655,778.571,778.57561,5.921069117432187,C45H82NO7P,CCCCCCCCCCCCCCCCCC(=O)OC(COCCCC=CCC=CCC=CCC=CCC=CCCCCC)COP(=O)(O)OCCN,[M-H]-,PE O-22:5_18:0,"PE O-22:5(4,7,10,13,16)_18:0",0.8813333333333335,0.1521073333333258,0.02284633543326976,0.6920758352232823,All,Some,0.0,33287.42683289791,1611.2749977377614,0.0,34655.396062653184,32006.88320068832,33887.83450370089,16578.524972860807,36741.91359504361,0.0,0.0,0.0,17997.400046434323,18100.6263939275,0.0,19865.15530508057,15843.35589278793,16367.795886906262
11510,8.671,786.50504,786.50793,3.674470262466914,C45H74NO8P,CCC=CCC=CCC=CCC=CCC=CCC=CCCC(=O)OC(COC(=O)CCCCCCCC=CCC=CCCCCC)COP(=O)(O)OCCN,[M-H]-,PE 18:2_22:6,"PE 18:2(9,12)_22:6(4,7,10,13,16,19)",0.8424999999999994,0.06545499999994793,0.18096989227565632,0.8687589030481319,Some,Some,0.0,0.0,0.0,0.0,,,,0.0,0.0,7500.0,0.0,0.0,0.0,0.0,0.0,0.0,0.0,0.0
11510,8.671,786.50504,786.50793,3.674470262466914,C45H74NO8P,CCC=CCC=CCC=CCC=CCC=CCC=CCCC(=O)OC(COC(=O)CCCCC=CCC=CCCCCCCCC)COP(=O)(O)OCCN,[M-H]-,PE 18:2_22:6,"PE 18:2(6,9)_22:6(4,7,10,13,16,19)",0.8443333333333326,0.08203916666661826,0.18096989227565632,0.8571415697147954,Some,Some,0.0,0.0,0.0,0.0,,,,0.0,0.0,7500.0,0.0,0.0,0.0,0.0,0.0,0.0,0.0,0.0
11520,8.676,779.5189,779.52324,5.567505594774172,C44H77O9P,CCCCCCCCCC=CCCCCC(=O)OC(COCCCC=CCC=CCC=CCC=CCC=CCCCCC)COP(=O)(O)OCC(O)CO,[M-H]-,PG O-22:5_16:1,"PG O-22:5(4,7,10,13,16)_16:1(6)",0.9346666666666671,0.1410819999999224,0.23728078745670889,0.9418871087111005,All,Some,103834.10138248847,0.0,0.0,0.0,0.0,0.0,0.0,0.0,0.0,0.0,0.0,0.0,0.0,0.0,0.0,0.0,0.0,0.0
11520,8.676,779.5189,779.52324,5.567505594774172,C44H77O9P,CCCCCCCCCC=CCCCCC(=O)OC(COCCCCCCC=CCC=CCC=CCC=CCC=CCC)COP(=O)(O)OCC(O)CO,[M-H]-,PG O-22:5_16:1,"PG O-22:5(7,10,13,16,19)_16:1(6)",0.8423636363636369,0.2516054545454319,0.40971819640179025,0.9255892858525389,All,Some,33063.85780118499,0.0,0.0,0.0,0.0,0.0,0.0,0.0,0.0,0.0,0.0,0.0,0.0,0.0,0.0,0.0,0.0,0.0
11520,8.676,779.5189,779.52324,5.567505594774172,C44H77O9P,CCCCCCCCC=CCCCCCC(=O)OC(COCCCCCCC=CCC=CCC=CCC=CCC=CCC)COP(=O)(O)OCC(O)CO,[M-H]-,PG O-22:5_16:1,"PG O-22:5(7,10,13,16,19)_16:1(7)",0.8624000000000003,0.25397999999997867,0.3823279719274013,0.9170711747346785,Some,Some,103834.10138248847,0.0,0.0,0.0,0.0,0.0,0.0,0.0,0.0,0.0,0.0,0.0,0.0,0.0,0.0,0.0,0.0,0.0
11520,8.676,779.5189,779.52324,5.567505594774172,C44H77O9P,CCCCCCCCC=CCCCCCC(=O)OC(COCCCC=CCC=CCC=CCC=CCC=CCCCCC)COP(=O)(O)OCC(O)CO,[M-H]-,PG O-22:5_16:1,"PG O-22:5(4,7,10,13,16)_16:1(7)",0.9531666666666668,0.13982499999990713,0.18266424412993953,0.9103878197170201,Some,Some,8633.969716919022,0.0,0.0,0.0,0.0,0.0,0.0,0.0,0.0,395500.0,0.0,0.0,0.0,0.0,0.0,0.0,0.0,0.0
11520,8.676,779.5189,779.52324,5.567505594774172,C44H77O9P,CCCCCCC=CCCCCCCCC(=O)OC(COCCCCCCC=CCC=CCC=CCC=CCC=CCC)COP(=O)(O)OCC(O)CO,[M-H]-,PG O-22:5_16:1,"PG O-22:5(7,10,13,16,19)_16:1(9)",0.8416666666666671,0.3021399999999801,0.40174560697029005,0.8773590462732774,All,Some,0.0,0.0,0.0,0.0,0.0,0.0,0.0,0.0,0.0,0.0,0.0,0.0,0.0,0.0,0.0,0.0,0.0,0.0
11520,8.676,779.5189,779.52324,5.567505594774172,C44H77O9P,CCCCCCC=CCCCCCCCC(=O)OC(COCCCC=CCC=CCC=CCC=CCC=CCCCCC)COP(=O)(O)OCC(O)CO,[M-H]-,PG O-22:5_16:1,"PG O-22:5(4,7,10,13,16)_16:1(9)",0.922823529411765,0.22542764705875631,0.2463121210763653,0.8718799677923122,All,Some,8633.969716919022,0.0,0.0,0.0,0.0,0.0,0.0,0.0,0.0,395500.0,0.0,0.0,0.0,0.0,0.0,0.0,0.0,0.0
11573,8.684,863.56536,863.5655,0.1621185653984492,C45H85O13P,CCCCCCC=CCCCCCCCCCC(=O)OC(COC(=O)CCCCCCCCCCCCCCCCC)COP(=O)(O)OC1C(O)C(O)C(O)C(O)C1O,[M-H]-,PI 18:0_18:1,PI 18:0_18:1(11),0.9440000000000008,0.17219499999998789,0.2949520385017496,0.9773008346515851,All,All,,0.0,,,0.0,0.0,0.0,0.0,0.0,183000.0,,,0.0,0.0,,0.0,0.0,0.0
11573,8.684,863.56536,863.5655,0.1621185653984492,C45H85O13P,CCCCCCCCC=CCCCCCCCC(=O)OC(COC(=O)CCCCCCCCCCCCCCCCC)COP(=O)(O)OC1C(O)C(O)C(O)C(O)C1O,[M-H]-,PI 18:0_18:1,PI 18:0_18:1(9),0.8940000000000001,0.18514999999990778,0.28229927356544404,0.9105493462089735,All,All,,0.0,,,0.0,0.0,0.0,0.0,0.0,0.0,,,0.0,0.0,,0.0,0.0,0.0
11573,8.684,863.56536,863.5655,0.1621185653984492,C45H85O13P,CCCCCCCCCCCC=CCCCCC(=O)OC(COC(=O)CCCCCCCCCCCCCCCCC)COP(=O)(O)OC1C(O)C(O)C(O)C(O)C1O,[M-H]-,PI 18:0_18:1,PI 18:0_18:1(6),0.7699999999999996,0.14682999999990898,0.0,0.5755360000000724,All,None,,0.0,,,0.0,0.0,0.0,0.0,0.0,0.0,,,0.0,0.0,,0.0,0.0,0.0
11618,8.69,740.51685,740.52358,9.088164349960886,C41H76NO8P,CCC=CCC=CCC=CCCCCCCCCCC(=O)OC(COC(=O)CCCCCCCCCCCCCCC)COP(=O)(O)OCCN,[M-H]-,PE 16:0_20:3,"PE 16:0_20:3(11,14,17)",0.8786666666666658,0.05158499999998867,0.1579316085017567,0.8916704476515894,All,Some,0.0,0.0,0.0,0.0,0.0,0.0,0.0,0.0,0.0,0.0,3328.427496492795,0.0,0.0,0.0,2722.626830190718,0.0,0.0,0.0
11618,8.69,740.51685,740.52358,9.088164349960886,C41H76NO8P,CCCCCC=CCC=CCC=CCCCCCCC(=O)OC(COC(=O)CCCCCCCCCCCCCCC)COP(=O)(O)OCCN,[M-H]-,PE 16:0_20:3,"PE 16:0_20:3(8,11,14)",0.9536000000000001,0.06906599999999799,0.0,0.8029872000000017,All,None,0.0,0.0,0.0,0.0,0.0,0.0,0.0,0.0,0.0,0.0,165.05165157505422,0.0,0.0,0.0,1792.5587552001725,0.0,0.0,0.0
11618,8.69,740.51685,740.52358,9.088164349960886,C41H76NO8P,CCCCCCCCC=CCC=CCC=CCCCC(=O)OC(COC(=O)CCCCCCCCCCCCCCC)COP(=O)(O)OCCN,[M-H]-,PE 16:0_20:3,"PE 16:0_20:3(5,8,11)",0.8009999999999996,0.19450333333331096,0.03220242752314647,0.5942795181041826,All,Some,0.0,0.0,0.0,0.0,0.0,0.0,0.0,0.0,0.0,0.0,1876.5208519321516,0.0,0.0,0.0,2714.814414609109,0.0,0.0,0.0
11812,8.729,712.49097,712.49228,1.8386164129429907,C39H72NO8P,CCCCCCCCC=CCC=CCCCCC(=O)OC(COC(=O)CCCCCC=CCCCCCCCC)COP(=O)(O)OCCN,[M-H]-,PE 16:1_18:2,"PE 16:1(7)_18:2(6,9)",0.9530000000000012,0.11490500000002157,0.0,0.7657759999999838,Some,None,56500.0,0.0,0.0,0.0,0.0,0.0,0.0,0.0,0.0,,0.0,0.0,0.0,0.0,0.0,0.0,0.0,0.0
11812,8.729,712.49097,712.49228,1.8386164129429907,C39H72NO8P,CCCCCCCCC=CCC=CCCCCC(=O)OC(COC(=O)CCCCCCCC=CCCCCCC)COP(=O)(O)OCCN,[M-H]-,PE 16:1_18:2,"PE 16:1(9)_18:2(6,9)",0.9023333333333335,0.0931333333333555,0.0,0.7375933333333159,All,None,56500.0,0.0,0.0,0.0,0.0,0.0,0.0,0.0,0.0,,0.0,0.0,0.0,0.0,0.0,0.0,0.0,0.0
11812,8.729,712.49097,712.49228,1.8386164129429907,C39H72NO8P,CCCCCC=CCC=CCCCCCCCC(=O)OC(COC(=O)CCCCCCCC=CCCCCCC)COP(=O)(O)OCCN,[M-H]-,PE 16:1_18:2,"PE 16:1(9)_18:2(9,12)",0.8603999999999999,0.05973800000003848,0.0,0.7265695999999691,All,None,0.0,0.0,0.0,0.0,0.0,0.0,0.0,0.0,0.0,,0.0,0.0,0.0,0.0,0.0,0.0,0.0,0.0
11812,8.729,712.49097,712.49228,1.8386164129429907,C39H72NO8P,CCCCCCCCC=CCC=CCCCCC(=O)OC(COC(=O)CCCCC=CCCCCCCCCC)COP(=O)(O)OCCN,[M-H]-,PE 16:1_18:2,"PE 16:1(6)_18:2(6,9)",0.902333333333333,0.24650333333335084,0.07243673913756218,0.6800903985571249,All,Some,0.0,0.0,0.0,0.0,0.0,0.0,0.0,0.0,0.0,,0.0,0.0,0.0,0.0,0.0,0.0,0.0,0.0
11812,8.729,712.49097,712.49228,1.8386164129429907,C39H72NO8P,CCCCCC=CCC=CCCCCCCCC(=O)OC(COC(=O)CCCCCC=CCCCCCCCC)COP(=O)(O)OCCN,[M-H]-,PE 16:1_18:2,"PE 16:1(7)_18:2(9,12)",0.8140000000000001,0.07146250000005239,0.0,0.6754299999999581,Some,None,0.0,0.0,0.0,0.0,0.0,0.0,0.0,0.0,0.0,,0.0,0.0,0.0,0.0,0.0,0.0,0.0,0.0
11812,8.729,712.49097,712.49228,1.8386164129429907,C39H72NO8P,CCCCCC=CCC=CCCCCCCCC(=O)OC(COC(=O)CCCCC=CCCCCCCCCC)COP(=O)(O)OCCN,[M-H]-,PE 16:1_18:2,"PE 16:1(6)_18:2(9,12)",0.8603999999999992,0.2437820000000329,0.08692408696507462,0.6575660782685401,All,Some,0.0,0.0,0.0,0.0,0.0,0.0,0.0,0.0,0.0,,0.0,0.0,0.0,0.0,0.0,0.0,0.0,0.0
11845,8.735,776.55412,776.55996,7.520346529371288,C45H80NO7P,CCCCCCCCC=CCC=CCCCCC(=O)OC(COCCCCCCC=CCC=CCC=CCC=CCCCCC)COP(=O)(O)OCCN,[M-H]-,PE O-22:4_18:2,"PE O-22:4(7,10,13,16)_18:2(6,9)",0.9231999999999999,0.05658199999998033,0.0,0.7856144000000157,Some,None,0.0,,0.0,0.0,0.0,0.0,0.0,0.0,0.0,15950.0,0.0,0.0,0.0,0.0,0.0,0.0,0.0,0.0
11845,8.735,776.55412,776.55996,7.520346529371288,C45H80NO7P,CCCCCC=CCC=CCCCCCCCC(=O)OC(COCCCCCCC=CCC=CCC=CCC=CCCCCC)COP(=O)(O)OCCN,[M-H]-,PE O-22:4_18:2,"PE O-22:4(7,10,13,16)_18:2(9,12)",0.8706666666666661,0.06438333333329638,0.0,0.7320933333333625,All,None,0.0,,0.0,0.0,0.0,0.0,0.0,0.0,0.0,15950.0,0.0,0.0,0.0,0.0,0.0,0.0,0.0,0.0
12489,8.826,778.56944,778.57561,7.924728081319353,C45H82NO7P,CCCCCCCCCCCCCCCC(=O)OC(COCCCCCCCCC=CCC=CCC=CCC=CCC=CCC)COP(=O)(O)OCCN,[M-H]-,PE O-24:5_16:0,"PE O-24:5(9,12,15,18,21)_16:0",0.8453999999999997,0.0552679999999782,0.2161143689358079,0.9111485320422442,All,Some,0.0,0.0,64431.351920042085,0.0,0.0,0.0,0.0,0.0,0.0,0.0,0.0,89978.4264697331,0.0,0.0,0.0,0.0,0.0,0.0
12489,8.826,778.56944,778.57561,7.924728081319353,C45H82NO7P,CCCCCCCCCCCCCCCC(=O)OC(COCCCCCC=CCC=CCC=CCC=CCC=CCCCCC)COP(=O)(O)OCCN,[M-H]-,PE O-24:5_16:0,"PE O-24:5(6,9,12,15,18)_16:0",0.8682222222222218,0.13863444444440473,0.012365930329771542,0.6816217817412702,All,Some,0.0,0.0,108568.6480799579,0.0,0.0,0.0,0.0,0.0,0.0,0.0,0.0,73021.5735302669,0.0,0.0,0.0,0.0,0.0,0.0
12501,8.827,750.53696,750.54431,9.792892840629207,C43H78NO7P,CCCCCCCCCCCCCCCC(=O)OC(COCCCC=CCC=CCC=CCC=CCC=CCCCCC)COP(=O)(O)OCCN,[M-H]-,PE O-22:5_16:0,"PE O-22:5(4,7,10,13,16)_16:0",0.928105263157895,0.11939578947366451,0.09080999244992922,0.8215070984681102,All,Some,,0.0,0.0,0.0,0.0,0.0,0.0,0.0,0.0,37272.17741935484,0.0,0.0,0.0,0.0,0.0,0.0,0.0,0.0
12501,8.827,750.53696,750.54431,9.792892840629207,C43H78NO7P,CCCCCCCCCCCCCCCC(=O)OC(COCCCCCCC=CCC=CCC=CCC=CCC=CCC)COP(=O)(O)OCCN,[M-H]-,PE O-22:5_16:0,"PE O-22:5(7,10,13,16,19)_16:0",0.8638000000000001,0.14875700000000053,0.03934423458342208,0.6938242111250796,All,Some,,0.0,0.0,0.0,0.0,0.0,0.0,0.0,0.0,2627.822580645162,0.0,0.0,0.0,0.0,0.0,0.0,0.0,0.0
12521,8.83,845.53262,845.53381,1.4073949332257731,C48H79O10P,CCC=CCC=CCC=CCC=CCC=CCCCCCC(=O)OC(COC(=O)CCCCCCCCCC=CCC=CCC=CCC)COP(=O)(O)OCC(O)CO,[M-H]-,PG 20:3_22:5,"PG 20:3(11,14,17)_22:5(7,10,13,16,19)",0.8383333333333335,0.2660366666666884,0.8266416814936705,1.285648180010953,Some,Some,0.0,0.0,68717.96838902596,88972.34551041311,0.0,0.0,0.0,0.0,0.0,0.0,81966.26662869696,48487.634721166316,0.0,0.0,64081.26680609502,0.0,0.0,0.0
12521,8.83,845.53262,845.53381,1.4073949332257731,C48H79O10P,CCC=CCC=CCC=CCC=CCC=CCCCCCC(=O)OC(COC(=O)CCCCCCC=CCC=CCC=CCCCCC)COP(=O)(O)OCC(O)CO,[M-H]-,PG 20:3_22:5,"PG 20:3(8,11,14)_22:5(7,10,13,16,19)",0.8070000000000004,0.2834780000000137,0.8657396695910368,1.2786833026319224,Some,Some,0.0,0.0,13222.976801764498,13540.457494025264,0.0,0.0,0.0,0.0,0.0,0.0,17135.51116716163,9294.754259648495,0.0,0.0,9459.515984463698,0.0,0.0,0.0
12521,8.83,845.53262,845.53381,1.4073949332257731,C48H79O10P,CCCCCC=CCC=CCC=CCC=CCC=CCCC(=O)OC(COC(=O)CCCCCCCCCC=CCC=CCC=CCC)COP(=O)(O)OCC(O)CO,[M-H]-,PG 20:3_22:5,"PG 20:3(11,14,17)_22:5(4,7,10,13,16)",0.8370000000000003,0.2807516666666648,0.7355807571405603,1.1907213480931726,Some,Some,0.0,0.0,20729.545712118706,41392.96688289518,0.0,0.0,0.0,0.0,0.0,0.0,18756.340262804602,13945.229640892625,0.0,0.0,35755.00448162533,0.0,0.0,0.0
12521,8.83,845.53262,845.53381,1.4073949332257731,C48H79O10P,CCCCCC=CCC=CCC=CCC=CCC=CCCC(=O)OC(COC(=O)CCCCCCC=CCC=CCC=CCCCCC)COP(=O)(O)OCC(O)CO,[M-H]-,PG 20:3_22:5,"PG 20:3(8,11,14)_22:5(4,7,10,13,16)",0.8596666666666669,0.3865683333333436,0.7813489186525109,1.1676593601205851,Some,Some,0.0,0.0,8106.532295326355,955.9576647319905,0.0,0.0,0.0,0.0,0.0,0.0,12288.678247426873,5577.627118644067,0.0,0.0,376.45652823423956,0.0,0.0,0.0
12521,8.83,845.53262,845.53381,1.4073949332257731,C48H79O10P,CCCCCC=CCC=CCC=CCC=CCC=CCCC(=O)OC(COC(=O)CCCC=CCC=CCC=CCCCCCCCC)COP(=O)(O)OCC(O)CO,[M-H]-,PG 20:3_22:5,"PG 20:3(5,8,11)_22:5(4,7,10,13,16)",0.8902000000000001,0.37400400000000217,0.6613977584983453,1.0972347826485092,Some,Some,0.0,0.0,0.0,1597.814953909184,0.0,0.0,0.0,0.0,0.0,0.0,717.6925267483014,0.0,0.0,0.0,0.0,0.0,0.0,0.0
12521,8.83,845.53262,845.53381,1.4073949332257731,C48H79O10P,CCC=CCC=CCC=CCC=CCC=CCCCCCC(=O)OC(COC(=O)CCCC=CCC=CCC=CCCCCCCCC)COP(=O)(O)OCC(O)CO,[M-H]-,PG 20:3_22:5,"PG 20:3(5,8,11)_22:5(7,10,13,16,19)",0.8789999999999999,0.2154840000000263,0.5297210025790566,1.09546170232113,Some,Some,0.0,0.0,13222.976801764498,13540.457494025264,0.0,0.0,0.0,0.0,0.0,0.0,17135.51116716163,9294.754259648495,0.0,0.0,9327.756199581714,0.0,0.0,0.0
12514,8.83,913.58104,913.58115,0.12040528632804036,C49H87O13P,CCCCCC=CCC=CCC=CCC=CCCCC(=O)OC(COC(=O)CCCCCCCCCCCCCCCCCCC)COP(=O)(O)OC1C(O)C(O)C(O)C(O)C1O,[M-H]-,PI 20:0_20:4,"PI 20:0_20:4(5,8,11,14)",0.9222857142857143,0.14920285714280063,0.05148339026735206,0.7570299083835191,All,Some,0.0,,0.0,0.0,0.0,,0.0,0.0,0.0,798.8210075026798,0.0,0.0,,,0.0,0.0,0.0,0.0
12514,8.83,913.58104,913.58115,0.12040528632804036,C49H87O13P,CCC=CCC=CCC=CCC=CCCCCCCC(=O)OC(COC(=O)CCCCCCCCCCCCCCCCCCC)COP(=O)(O)OC1C(O)C(O)C(O)C(O)C1O,[M-H]-,PI 20:0_20:4,"PI 20:0_20:4(8,11,14,17)",0.854571428571429,0.11857857142852676,0.0025350697983038766,0.6765329913899382,All,Some,0.0,,0.0,0.0,0.0,,0.0,0.0,0.0,24901.17899249732,0.0,0.0,,,0.0,0.0,0.0,0.0
12768,8.881,819.51587,819.51816,2.7943248994217953,C46H77O10P,CCC=CCC=CCC=CCC=CCC=CCC=CCCC(=O)OC(COC(=O)CCCCCCCC=CCCCCCCCC)COP(=O)(O)OCC(O)CO,[M-H]-,PG 18:1_22:6,"PG 18:1(9)_22:6(4,7,10,13,16,19)",0.8801818181818187,0.22894181818185189,0.4398210461806471,1.0048491233807377,Some,Some,0.0,11860.35373297856,0.0,0.0,0.0,9332.321907782385,12106.190208216096,0.0,8394.482090997095,0.0,0.0,0.0,0.0,7965.103940577824,0.0,8395.609344216156,8442.846602723188,0.0
12768,8.881,819.51587,819.51816,2.7943248994217953,C46H77O10P,CCC=CCC=CCC=CCC=CCC=CCC=CCCC(=O)OC(COC(=O)CCCCCCCCCC=CCCCCCC)COP(=O)(O)OCC(O)CO,[M-H]-,PG 18:1_22:6,"PG 18:1(11)_22:6(4,7,10,13,16,19)",0.8643076923076929,0.26975769230769997,0.45258150513835205,0.9693941238552805,All,Some,0.0,8518.625763030208,0.0,0.0,0.0,7449.682849475481,9037.141249296566,0.0,6980.43511489275,0.0,0.0,0.0,0.0,5959.222817087091,0.0,6365.099915564312,7325.937353276545,0.0
12768,8.881,819.51587,819.51816,2.7943248994217953,C46H77O10P,CCC=CCC=CCC=CCC=CCC=CCC=CCCC(=O)OC(COC(=O)CCCCC=CCCCCCCCCCCC)COP(=O)(O)OCC(O)CO,[M-H]-,PG 18:1_22:6,"PG 18:1(6)_22:6(4,7,10,13,16,19)",0.8929090909090914,0.22182272727275176,0.36179224039560504,0.9517730163560253,Some,Some,0.0,11921.020503991234,0.0,0.0,0.0,8717.995242742132,10656.66854248734,0.0,8125.082794110153,0.0,0.0,0.0,0.0,6375.673242335087,0.0,6839.290740219533,7231.216044000268,0.0
12836,8.894,889.58094,889.58115,0.236066153070519,C47H87O13P,CCCCCC=CCC=CCCCCCCCCCC(=O)OC(COC(=O)CCCCCCCCCCCCCCCCC)COP(=O)(O)OC1C(O)C(O)C(O)C(O)C1O,[M-H]-,PI 18:0_20:2,"PI 18:0_20:2(11,14)",0.9515000000000002,0.08521999999999252,0.043582292702249746,0.827398063432031,All,Some,,0.0,0.0,0.0,0.0,0.0,0.0,0.0,0.0,,0.0,0.0,0.0,0.0,0.0,0.0,0.0,0.0
12937,8.907,775.54761,775.54946,2.385405567802677,C42H81O10P,CCCCCCC=CCCCCCCCCCC(=O)OC(COC(=O)CCCCCCCCCCCCCCCCC)COP(=O)(O)OCC(O)CO,[M-H]-,PG 18:0_18:1,PG 18:0_18:1(11),0.9039999999999999,0.07162500000004002,0.0,0.756299999999968,All,None,0.0,0.0,0.0,0.0,0.0,0.0,0.0,0.0,0.0,0.0,0.0,0.0,0.0,0.0,0.0,0.0,0.0,0.0
12937,8.907,775.54761,775.54946,2.385405567802677,C42H81O10P,CCCCCCCCCCCC=CCCCCC(=O)OC(COC(=O)CCCCCCCCCCCCCCCCC)COP(=O)(O)OCC(O)CO,[M-H]-,PG 18:0_18:1,PG 18:0_18:1(6),0.9190000000000005,0.10058499999996684,0.0,0.746632000000027,All,None,0.0,0.0,0.0,0.0,0.0,0.0,0.0,0.0,0.0,0.0,0.0,0.0,0.0,0.0,0.0,0.0,0.0,0.0
12937,8.907,775.54761,775.54946,2.385405567802677,C42H81O10P,CCCCCCCCC=CCCCCCCCC(=O)OC(COC(=O)CCCCCCCCCCCCCCCCC)COP(=O)(O)OCC(O)CO,[M-H]-,PG 18:0_18:1,PG 18:0_18:1(9),0.8680000000000003,0.06827500000002829,0.0,0.7265799999999778,All,None,68100.0,0.0,0.0,0.0,0.0,0.0,0.0,0.0,0.0,144000.0,0.0,0.0,0.0,0.0,0.0,0.0,0.0,0.0
13018,8.923,776.5517,776.55996,10.636654509027073,C45H80NO7P,CCCCCCCCC=CCC=CCCCCC(=O)OC(COCCCCCCC=CCC=CCC=CCC=CCCCCC)COP(=O)(O)OCCN,[M-H]-,PE O-22:4_18:2,"PE O-22:4(7,10,13,16)_18:2(6,9)",0.8970000000000002,0.16397999999999513,0.02658488197041456,0.7000423937733773,Some,Some,40200.0,0.0,0.0,0.0,0.0,0.0,0.0,0.0,0.0,,0.0,0.0,0.0,0.0,0.0,0.0,0.0,0.0
13018,8.923,776.5517,776.55996,10.636654509027073,C45H80NO7P,CCCCCC=CCC=CCCCCCCCC(=O)OC(COCCCCCCC=CCC=CCC=CCC=CCCCCC)COP(=O)(O)OCCN,[M-H]-,PE O-22:4_18:2,"PE O-22:4(7,10,13,16)_18:2(9,12)",0.9097142857142855,0.1971857142857029,0.030382722251902354,0.6883387357410068,All,Some,0.0,0.0,0.0,0.0,0.0,0.0,0.0,0.0,0.0,,0.0,0.0,0.0,0.0,0.0,0.0,0.0,0.0
13044,8.927,778.56923,778.57561,8.194451403423207,C45H82NO7P,CCCCCCCCCCCCCCCC(=O)OC(COCCCCCCCCC=CCC=CCC=CCC=CCC=CCC)COP(=O)(O)OCCN,[M-H]-,PE O-24:5_16:0,"PE O-24:5(9,12,15,18,21)_16:0",0.8249999999999996,0.070670999999993,0.22824351256281278,0.8913823613065368,All,Some,0.0,105883.1506849315,0.0,97317.66882516189,116583.4884114363,110486.48648648648,102022.92462660646,117191.45454545454,123720.58823529411,0.0,99897.44977554205,0.0,124925.30545408743,108769.32389644253,59500.49123532757,121986.46262507356,106075.92592592593,122109.8610191926
13044,8.927,778.56923,778.57561,8.194451403423207,C45H82NO7P,CCCCCCCCCCCCCCCC(=O)OC(COCCCCCC=CCC=CCC=CCC=CCC=CCCCCC)COP(=O)(O)OCCN,[M-H]-,PE O-24:5_16:0,"PE O-24:5(6,9,12,15,18)_16:0",0.8740000000000003,0.2273111111110969,0.05610269419593304,0.6552435358874625,All,Some,0.0,20116.84931506849,0.0,134682.33117483812,32416.51158856369,17513.513513513513,20977.075373393534,71808.54545454546,17279.41176470588,0.0,71102.55022445795,0.0,73074.69454591259,82230.67610355747,112499.50876467241,83013.53737492643,60924.07407407407,70890.1389808074
13159,8.956,845.53261,845.53381,1.419221781373634,C48H79O10P,CCC=CCC=CCC=CCC=CCC=CCCCCCC(=O)OC(COC(=O)CCCCCCC=CCC=CCC=CCCCCC)COP(=O)(O)OCC(O)CO,[M-H]-,PG 20:3_22:5,"PG 20:3(8,11,14)_22:5(7,10,13,16,19)",0.8547999999999994,0.22274699999996983,0.7937807073992953,1.3055250366593896,Some,Some,0.0,0.0,0.0,0.0,0.0,0.0,0.0,44514.99819077233,0.0,0.0,0.0,0.0,47051.41004193858,42244.763711499654,0.0,47314.49976786634,36370.56694813027,41386.025945855756
13159,8.956,845.53261,845.53381,1.419221781373634,C48H79O10P,CCC=CCC=CCC=CCC=CCC=CCCCCCC(=O)OC(COC(=O)CCCCCCCCCC=CCC=CCC=CCC)COP(=O)(O)OCC(O)CO,[M-H]-,PG 20:3_22:5,"PG 20:3(11,14,17)_22:5(7,10,13,16,19)",0.8189999999999996,0.2695183333333186,0.8275761517813874,1.2663038699365934,Some,Some,0.0,0.0,0.0,0.0,0.0,0.0,0.0,9801.18611739741,0.0,0.0,0.0,0.0,9877.390112216683,9362.336422624729,0.0,10882.076101680903,8368.688087144055,9144.255342816221
13159,8.956,845.53261,845.53381,1.419221781373634,C48H79O10P,CCCCCC=CCC=CCC=CCC=CCC=CCCC(=O)OC(COC(=O)CCCCCCC=CCC=CCC=CCCCCC)COP(=O)(O)OCC(O)CO,[M-H]-,PG 20:3_22:5,"PG 20:3(8,11,14)_22:5(4,7,10,13,16)",0.9180000000000005,0.29893499999997175,0.6971731054097251,1.2145077948687757,Some,Some,0.0,0.0,0.0,0.0,0.0,0.0,0.0,15939.523958467491,0.0,0.0,0.0,0.0,14199.02474707369,15091.22149856813,0.0,14483.550309405546,13056.378014158468,15027.332415634251
13159,8.956,845.53261,845.53381,1.419221781373634,C48H79O10P,CCCCCC=CCC=CCC=CCC=CCC=CCCC(=O)OC(COC(=O)CCCCCCCCCC=CCC=CCC=CCC)COP(=O)(O)OCC(O)CO,[M-H]-,PG 20:3_22:5,"PG 20:3(11,14,17)_22:5(4,7,10,13,16)",0.852,0.23213499999996165,0.6910988898849055,1.2030810008964459,Some,Some,0.0,0.0,0.0,0.0,0.0,0.0,0.0,9907.982680478126,0.0,0.0,0.0,0.0,9935.225703670885,9487.345183001244,0.0,11011.498565859181,8459.632513311642,9258.601760313684
13159,8.956,845.53261,845.53381,1.419221781373634,C48H79O10P,CCCCCC=CCC=CCC=CCC=CCC=CCCC(=O)OC(COC(=O)CCCC=CCC=CCC=CCCCCCCCC)COP(=O)(O)OCC(O)CO,[M-H]-,PG 20:3_22:5,"PG 20:3(5,8,11)_22:5(4,7,10,13,16)",0.9064,0.3082789999999818,0.600576251019567,1.109655425917625,Some,Some,0.0,0.0,0.0,0.0,0.0,0.0,0.0,7908.422414797643,0.0,0.0,0.0,0.0,8625.575780932617,7254.6067497190625,0.0,7435.9088509701905,6605.626835301141,7146.651093591399
13159,8.956,845.53261,845.53381,1.419221781373634,C48H79O10P,CCC=CCC=CCC=CCC=CCC=CCCCCCC(=O)OC(COC(=O)CCCC=CCC=CCC=CCCCCCCCC)COP(=O)(O)OCC(O)CO,[M-H]-,PG 20:3_22:5,"PG 20:3(5,8,11)_22:5(7,10,13,16,19)",0.8732,0.21830300000000308,0.4965119364357828,1.0580983427922022,Some,Some,0.0,0.0,0.0,0.0,0.0,0.0,0.0,1227.8866380870022,0.0,0.0,0.0,0.0,411.37361416755556,1359.7264345871747,0.0,1372.4664042178367,1039.1076019544053,937.1334417886789
13214,8.971,915.59626,915.5968,0.5897792565470665,C49H89O13P,CCCCCC=CCC=CCCCCCCCCCCCC(=O)OC(COC(=O)CCCCCCCC=CCCCCCCCC)COP(=O)(O)OC1C(O)C(O)C(O)C(O)C1O,[M-H]-,PI 18:1_22:2,"PI 18:1(9)_22:2(13,16)",0.7139999999999986,0.1145349999999894,0.23014257094337004,0.7581003138490403,Some,Some,20800.0,,,,,,0.0,0.0,,32400.0,0.0,0.0,,0.0,0.0,0.0,0.0,0.0
13214,8.971,915.59626,915.5968,0.5897792565470665,C49H89O13P,CCCCCC=CCC=CCCCCCCCCCCCC(=O)OC(COC(=O)CCCCC=CCCCCCCCCCCC)COP(=O)(O)OC1C(O)C(O)C(O)C(O)C1O,[M-H]-,PI 18:1_22:2,"PI 18:1(6)_22:2(13,16)",0.8310000000000013,0.13129999999995334,0.02821667802886312,0.6682550102260153,All,Some,0.0,,,,,,0.0,0.0,,0.0,0.0,0.0,,0.0,0.0,0.0,0.0,0.0
13214,8.971,915.59626,915.5968,0.5897792565470665,C49H89O13P,CCCCCC=CCC=CCCCCCCCCCCCC(=O)OC(COC(=O)CCCCCCCCCC=CCCCCCC)COP(=O)(O)OC1C(O)C(O)C(O)C(O)C1O,[M-H]-,PI 18:1_22:2,"PI 18:1(11)_22:2(13,16)",0.8160000000000007,0.11433749999997644,0.01410833901443156,0.6556275051130079,All,Some,0.0,,,,,,0.0,0.0,,0.0,0.0,0.0,,0.0,0.0,0.0,0.0,0.0
13277,8.99,863.56577,863.5655,0.3126572332966481,C45H85O13P,CCCCCCCCC=CCCCCCCCCCCCCCCCC(=O)OC(COC(=O)CCCCCCCCC)COP(=O)(O)OC1C(O)C(O)C(O)C(O)C1O,[M-H]-,PI 10:0_26:1,PI 10:0_26:1(17),0.8489999999999984,0.21683999999993375,0.33622741705860304,0.8932326753527944,All,All,0.0,,,,,,,,,27700.0,,,,,,,,
13874,9.116,889.58088,889.58115,0.30351362548592287,C47H87O13P,CCCCCC=CCC=CCCCCCCCCCC(=O)OC(COC(=O)CCCCCCCCCCCCCCCCC)COP(=O)(O)OC1C(O)C(O)C(O)C(O)C1O,[M-H]-,PI 18:0_20:2,"PI 18:0_20:2(11,14)",0.9160000000000004,0.11873500000001513,0.0880935466449662,0.8086961919804578,All,Some,,,,0.0,,,,,,,0.0,0.0,,,,,,
13917,9.127,712.49087,712.49228,1.978968810831285,C39H72NO8P,CCCCCC=CCC=CCCCCCCCC(=O)OC(COC(=O)CCCCCCCC=CCCCCCC)COP(=O)(O)OCCN,[M-H]-,PE 16:1_18:2,"PE 16:1(9)_18:2(9,12)",0.7124999999999995,0.08994750000002227,0.0,0.5692919999999817,All,None,1499.665452136469,0.0,0.0,0.0,0.0,0.0,0.0,0.0,0.0,0.0,0.0,0.0,0.0,0.0,0.0,0.0,0.0,0.0
13917,9.127,712.49087,712.49228,1.978968810831285,C39H72NO8P,CCCCCC=CCC=CCCCCCCCC(=O)OC(COC(=O)CCCCCC=CCCCCCCCC)COP(=O)(O)OCCN,[M-H]-,PE 16:1_18:2,"PE 16:1(7)_18:2(9,12)",0.6946666666666665,0.12254333333335883,0.0,0.5271653333333127,Some,None,1669.4932096720765,0.0,0.0,0.0,0.0,0.0,0.0,0.0,0.0,0.0,0.0,0.0,0.0,0.0,0.0,0.0,0.0,0.0
13917,9.127,712.49087,712.49228,1.978968810831285,C39H72NO8P,CCCCCC=CCC=CCCCCCCCC(=O)OC(COC(=O)CCCCC=CCCCCCCCCC)COP(=O)(O)OCCN,[M-H]-,PE 16:1_18:2,"PE 16:1(6)_18:2(9,12)",0.6396000000000001,0.27058400000003074,0.08813664550827148,0.4384957809574198,All,Some,1175.841338191454,0.0,0.0,0.0,0.0,0.0,0.0,0.0,0.0,0.0,0.0,0.0,0.0,0.0,0.0,0.0,0.0,0.0
13917,9.127,712.49087,712.49228,1.978968810831285,C39H72NO8P,CCCCCCCCC=CCC=CCCCCC(=O)OC(COC(=O)CCCCCCCC=CCCCCCC)COP(=O)(O)OCCN,[M-H]-,PE 16:1_18:2,"PE 16:1(9)_18:2(6,9)",0.7007999999999995,0.2852839999999787,0.0,0.40249280000001664,All,None,1175.841338191454,0.0,0.0,0.0,0.0,0.0,0.0,0.0,0.0,0.0,0.0,0.0,0.0,0.0,0.0,0.0,0.0,0.0
13917,9.127,712.49087,712.49228,1.978968810831285,C39H72NO8P,CCCCCCCCC=CCC=CCCCCC(=O)OC(COC(=O)CCCCCC=CCCCCCCCC)COP(=O)(O)OCCN,[M-H]-,PE 16:1_18:2,"PE 16:1(7)_18:2(6,9)",0.5559999999999992,0.17422500000003538,0.0,0.3610199999999709,Some,None,1499.665452136469,0.0,0.0,0.0,0.0,0.0,0.0,0.0,0.0,0.0,0.0,0.0,0.0,0.0,0.0,0.0,0.0,0.0
13917,9.127,712.49087,712.49228,1.978968810831285,C39H72NO8P,CCCCCCCCC=CCC=CCCCCC(=O)OC(COC(=O)CCCCC=CCCCCCCCCC)COP(=O)(O)OCCN,[M-H]-,PE 16:1_18:2,"PE 16:1(6)_18:2(6,9)",0.642,0.4032583333333264,0.07344720459022623,0.32129581746454255,All,Some,1669.4932096720765,0.0,0.0,0.0,0.0,0.0,0.0,0.0,0.0,0.0,0.0,0.0,0.0,0.0,0.0,0.0,0.0,0.0
14022,9.155,778.57036,778.57561,6.743083051282197,C45H82NO7P,CCCCCCCCCCCCCCCC(=O)OC(COCCCCCCCCC=CCC=CCC=CCC=CCC=CCC)COP(=O)(O)OCCN,[M-H]-,PE O-24:5_16:0,"PE O-24:5(9,12,15,18,21)_16:0",0.7644000000000005,0.05730899999995245,0.17207722104550308,0.7969822989409913,All,Some,0.0,0.0,0.0,0.0,0.0,0.0,0.0,0.0,0.0,0.0,0.0,0.0,0.0,0.0,0.0,0.0,0.0,1199.6119888475837
14022,9.155,778.57036,778.57561,6.743083051282197,C45H82NO7P,CCCCCCCCCCCCCCCC(=O)OC(COCCCCCC=CCC=CCC=CCC=CCC=CCCCCC)COP(=O)(O)OCCN,[M-H]-,PE O-24:5_16:0,"PE O-24:5(6,9,12,15,18)_16:0",0.7838000000000005,0.2222719999999981,0.08301119395069745,0.6023124745556296,All,Some,0.0,0.0,0.0,0.0,0.0,0.0,0.0,0.0,0.0,0.0,0.0,0.0,0.0,0.0,0.0,0.0,0.0,1370.3880111524163
14418,9.266,790.53856,790.53923,0.8475227725431351,C45H78NO8P,CCCCC=CCC=CCC=CCC=CCC=CCC=CCCC(=O)OC(COC(=O)CCCCCCCCCCCCCCC)COP(=O)(O)OCCN,[M-H]-,PE 16:0_24:6,"PE 16:0_24:6(4,7,10,13,16,19)",0.8563333333333333,0.2586483333333547,0.23655708248287532,0.776682707567904,All,Some,0.0,28300.0,0.0,0.0,21300.0,26700.0,35600.0,41800.0,24500.0,0.0,12300.0,28300.0,48000.0,39000.0,20100.0,38300.0,45800.0,32300.0
14588,9.312,762.50668,762.50793,1.6393272133278467,C43H74NO8P,CCC=CCC=CCC=CCC=CCC=CCC=CCCC(=O)OC(COC(=O)CCCCCCCCCCCCCCC)COP(=O)(O)OCCN,[M-H]-,PE 16:0_22:6,"PE 16:0_22:6(4,7,10,13,16,19)",0.8888333333333328,0.2563899999999914,0.21554162220355796,0.7888254599832085,All,Some,140000.0,,0.0,0.0,0.0,0.0,0.0,0.0,0.0,544000.0,0.0,0.0,0.0,0.0,0.0,0.0,,0.0
14727,9.35,788.52217,788.52358,1.7881519790163676,C45H76NO8P,CCC=CCC=CCC=CCC=CCC=CCC=CCCC(=O)OC(COC(=O)CCCCCCCC=CCCCCCCCC)COP(=O)(O)OCCN,[M-H]-,PE 18:1_22:6,"PE 18:1(9)_22:6(4,7,10,13,16,19)",0.8123333333333331,0.09062666666667951,0.13781006737384446,0.7826277273031162,Some,Some,111755.80826607974,0.0,0.0,0.0,0.0,0.0,0.0,0.0,0.0,0.0,0.0,0.0,0.0,0.0,0.0,0.0,0.0,0.0
14727,9.35,788.52217,788.52358,1.7881519790163676,C45H76NO8P,CCC=CCC=CCC=CCC=CCC=CCC=CCCC(=O)OC(COC(=O)CCCCC=CCCCCCCCCCCC)COP(=O)(O)OCCN,[M-H]-,PE 18:1_22:6,"PE 18:1(6)_22:6(4,7,10,13,16,19)",0.7743333333333334,0.088412500000004,0.13781006737384446,0.750199060636457,Some,Some,58622.09586696014,0.0,0.0,0.0,0.0,0.0,0.0,0.0,0.0,0.0,0.0,0.0,0.0,0.0,0.0,0.0,0.0,0.0
14727,9.35,788.52217,788.52358,1.7881519790163676,C45H76NO8P,CCC=CCC=CCC=CCC=CCC=CCC=CCCC(=O)OC(COC(=O)CCCCCCCCCC=CCCCCCC)COP(=O)(O)OCCN,[M-H]-,PE 18:1_22:6,"PE 18:1(11)_22:6(4,7,10,13,16,19)",0.796307692307692,0.10129923076922645,0.12720929296047181,0.7501259021259663,All,Some,58622.09586696014,0.0,0.0,0.0,0.0,0.0,0.0,0.0,0.0,0.0,0.0,0.0,0.0,0.0,0.0,0.0,0.0,0.0
14944,9.402,802.55929,802.56036,1.3332330541634363,C42H80NO8P,CCCCCCCCCCCC=CCCCCC(=O)OC(COC(=O)CCCCCCCC=CCCCCCC)COP(=O)([O-])OCC[N+](C)(C)C,[M+HCOO]-,PC 16:1_18:1,PC 16:1(9)_18:1(6),0.8064999999999998,0.06501249999996617,0.24268593055131013,0.8922573374962061,All,Some,0.0,0.0,0.0,0.0,0.0,0.0,0.0,0.0,0.0,622.1898928024501,0.0,0.0,,,0.0,0.0,0.0,0.0
14944,9.402,802.55929,802.56036,1.3332330541634363,C42H80NO8P,CCCCCCCCCCCC=CCCCCC(=O)OC(COC(=O)CCCCC=CCCCCCCCCC)COP(=O)([O-])OCC[N+](C)(C)C,[M+HCOO]-,PC 16:1_18:1,PC 16:1(6)_18:1(6),0.75,0.11086999999997715,0.32358124073508016,0.8775271166615904,All,Some,0.0,0.0,0.0,0.0,0.0,0.0,0.0,0.0,0.0,2076.3501786625834,0.0,0.0,,,0.0,0.0,0.0,0.0
14944,9.402,802.55929,802.56036,1.3332330541634363,C42H80NO8P,CCCCCCC=CCCCCCCCCCC(=O)OC(COC(=O)CCCCCCCC=CCCCCCC)COP(=O)([O-])OCC[N+](C)(C)C,[M+HCOO]-,PC 16:1_18:1,PC 16:1(9)_18:1(11),0.9420000000000002,0.008504999999956908,0.0,0.8409960000000347,All,None,0.0,0.0,0.0,0.0,0.0,0.0,0.0,0.0,0.0,0.0,0.0,0.0,,,0.0,0.0,0.0,0.0
14944,9.402,802.55929,802.56036,1.3332330541634363,C42H80NO8P,CCCCCCC=CCCCCCCCCCC(=O)OC(COC(=O)CCCCC=CCCCCCCCCC)COP(=O)([O-])OCC[N+](C)(C)C,[M+HCOO]-,PC 16:1_18:1,PC 16:1(6)_18:1(11),0.9306666666666672,0.03552666666663148,0.0,0.8091786666666954,All,None,0.0,0.0,0.0,0.0,0.0,0.0,0.0,0.0,0.0,622.1898928024501,0.0,0.0,,,0.0,0.0,0.0,0.0
14944,9.402,802.55929,802.56036,1.3332330541634363,C42H80NO8P,CCCCCCCCCCCC=CCCCCC(=O)OC(COC(=O)CCCCCC=CCCCCCCCC)COP(=O)([O-])OCC[N+](C)(C)C,[M+HCOO]-,PC 16:1_18:1,PC 16:1(7)_18:1(6),0.7064999999999992,0.10015999999995984,0.24268593055131013,0.7741393374962107,All,Some,0.0,0.0,0.0,0.0,0.0,0.0,0.0,0.0,0.0,2076.3501786625834,0.0,0.0,,,0.0,0.0,0.0,0.0
14944,9.402,802.55929,802.56036,1.3332330541634363,C42H80NO8P,CCCCCCC=CCCCCCCCCCC(=O)OC(COC(=O)CCCCCC=CCCCCCCCC)COP(=O)([O-])OCC[N+](C)(C)C,[M+HCOO]-,PC 16:1_18:1,PC 16:1(7)_18:1(11),0.8419999999999996,0.04365249999995058,0.0,0.7228780000000392,All,None,0.0,0.0,0.0,0.0,0.0,0.0,0.0,0.0,0.0,0.0,0.0,0.0,,,0.0,0.0,0.0,0.0
14944,9.402,802.55929,802.56036,1.3332330541634363,C42H80NO8P,CCCCCCCCC=CCCCCCCCC(=O)OC(COC(=O)CCCCCCCC=CCCCCCC)COP(=O)([O-])OCC[N+](C)(C)C,[M+HCOO]-,PC 16:1_18:1,PC 16:1(9)_18:1(9),0.8419999999999996,0.04365249999995058,0.0,0.7228780000000392,All,None,0.0,0.0,0.0,0.0,0.0,0.0,0.0,0.0,0.0,622.1898928024501,0.0,0.0,,,0.0,0.0,0.0,0.0
14944,9.402,802.55929,802.56036,1.3332330541634363,C42H80NO8P,CCCCCCCCC=CCCCCCCCC(=O)OC(COC(=O)CCCCC=CCCCCCCCCC)COP(=O)([O-])OCC[N+](C)(C)C,[M+HCOO]-,PC 16:1_18:1,PC 16:1(6)_18:1(9),0.7973333333333331,0.08238999999995637,0.0,0.6516880000000348,All,None,0.0,0.0,0.0,0.0,0.0,0.0,0.0,0.0,0.0,2698.5400714650336,0.0,0.0,,,0.0,0.0,0.0,0.0
14944,9.402,802.55929,802.56036,1.3332330541634363,C42H80NO8P,CCCCCCCCC=CCCCCCCCC(=O)OC(COC(=O)CCCCCC=CCCCCCCCC)COP(=O)([O-])OCC[N+](C)(C)C,[M+HCOO]-,PC 16:1_18:1,PC 16:1(7)_18:1(9),0.7419999999999991,0.07879999999994425,0.0,0.6047600000000438,All,None,0.0,0.0,0.0,0.0,0.0,0.0,0.0,0.0,0.0,622.1898928024501,0.0,0.0,,,0.0,0.0,0.0,0.0
15137,9.44,790.53801,790.53923,1.5432504216006342,C45H78NO8P,CCC=CCC=CCC=CCC=CCC=CCCCCCC(=O)OC(COC(=O)CCCCCCCC=CCCCCCCCC)COP(=O)(O)OCCN,[M-H]-,PE 18:1_22:5,"PE 18:1(9)_22:5(7,10,13,16,19)",0.7913999999999998,0.09042599999999083,0.359899898990752,0.963829109091684,Some,Some,0.0,3072.6196880043035,0.0,0.0,4404.198673924471,2494.434495109519,4273.492906370546,5193.663414634146,5495.245062179955,0.0,0.0,0.0,5192.40779534057,5310.8056129353945,0.0,5410.934436941842,4390.739330974877,5317.441286092775
15137,9.44,790.53801,790.53923,1.5432504216006342,C45H78NO8P,CCC=CCC=CCC=CCC=CCC=CCCCCCC(=O)OC(COC(=O)CCCCC=CCCCCCCCCCCC)COP(=O)(O)OCCN,[M-H]-,PE 18:1_22:5,"PE 18:1(6)_22:5(7,10,13,16,19)",0.8120000000000005,0.10407599999997501,0.2692564725401566,0.8898700252861614,Some,Some,0.0,935.9870898332437,0.0,0.0,739.0157874209357,128.01350048216005,624.6832480591378,741.3731707317073,747.037307973665,0.0,0.0,0.0,709.8711356567003,737.1465204074366,0.0,508.8216074929209,832.1302225605659,655.0832996542276
15137,9.44,790.53801,790.53923,1.5432504216006342,C45H78NO8P,CCC=CCC=CCC=CCC=CCC=CCCCCCC(=O)OC(COC(=O)CCCCCCCCCC=CCCCCCC)COP(=O)(O)OCCN,[M-H]-,PE 18:1_22:5,"PE 18:1(11)_22:5(7,10,13,16,19)",0.811636363636364,0.09829999999999472,0.2447786114001424,0.87213347753286,All,Some,0.0,3072.6196880043035,0.0,0.0,4404.198673924471,2494.434495109519,4273.492906370546,5843.331707317074,6353.767373811264,0.0,0.0,0.0,5192.40779534057,5310.8056129353945,0.0,5180.919189719014,4390.739330974877,5957.8562126723255
15137,9.44,790.53801,790.53923,1.5432504216006342,C45H78NO8P,CCCCCC=CCC=CCC=CCC=CCC=CCCC(=O)OC(COC(=O)CCCCCCCC=CCCCCCCCC)COP(=O)(O)OCCN,[M-H]-,PE 18:1_22:5,"PE 18:1(9)_22:5(4,7,10,13,16)",0.7977777777777766,0.1635755555555281,0.3017971329494753,0.8587569752101042,Some,Some,0.0,935.9870898332437,0.0,0.0,739.0157874209357,0.0,624.6832480591378,903.7902439024389,961.6678858814921,0.0,0.0,0.0,709.8711356567003,737.1465204074366,0.0,508.8216074929209,832.1302225605659,815.1870312991151
15137,9.44,790.53801,790.53923,1.5432504216006342,C45H78NO8P,CCCCCC=CCC=CCC=CCC=CCC=CCCC(=O)OC(COC(=O)CCCCC=CCCCCCCCCCCC)COP(=O)(O)OCCN,[M-H]-,PE 18:1_22:5,"PE 18:1(6)_22:5(4,7,10,13,16)",0.8173333333333327,0.17515777777773817,0.20108221467103599,0.7764477709817413,Some,Some,0.0,12651.963421194192,0.0,0.0,9260.483966695494,10565.380906460947,10677.870135739304,14459.907317073172,5495.245062179955,0.0,0.0,0.0,13906.93836094712,14315.720492912598,0.0,14381.529078632106,15615.852402489812,12582.967353720416
15137,9.44,790.53801,790.53923,1.5432504216006342,C45H78NO8P,CCCCCC=CCC=CCC=CCC=CCC=CCCC(=O)OC(COC(=O)CCCCCCCCCC=CCCCCCC)COP(=O)(O)OCCN,[M-H]-,PE 18:1_22:5,"PE 18:1(11)_22:5(4,7,10,13,16)",0.786399999999999,0.1743229999999471,0.1809739932039324,0.7311781938835806,All,Some,0.0,3330.8230231307152,0.0,0.0,1953.0871106136913,2017.7366028378563,2225.777555401327,3057.934146341463,747.037307973665,0.0,0.0,0.0,2888.5037770583376,2988.375240401738,0.0,2808.9740797211934,3638.4084904392994,2471.464816561138
15152,9.448,802.55963,802.56036,0.9095889061551914,C42H80NO8P,CCCCCCCCCCCC=CCCCCC(=O)OC(COC(=O)CCCCCCCC=CCCCCCC)COP(=O)([O-])OCC[N+](C)(C)C,[M+HCOO]-,PC 16:1_18:1,PC 16:1(9)_18:1(6),0.8329999999999993,0.05361249999995721,0.24268593055131013,0.9252273374962128,All,Some,0.0,,0.0,0.0,0.0,0.0,0.0,0.0,0.0,531.971032745592,0.0,0.0,,,0.0,0.0,0.0,0.0
15152,9.448,802.55963,802.56036,0.9095889061551914,C42H80NO8P,CCCCCCCCCCCC=CCCCCC(=O)OC(COC(=O)CCCCC=CCCCCCCCCC)COP(=O)([O-])OCC[N+](C)(C)C,[M+HCOO]-,PC 16:1_18:1,PC 16:1(6)_18:1(6),0.738666666666667,0.09555666666665275,0.32358124073508016,0.8795777833282502,All,Some,0.0,,0.0,0.0,0.0,0.0,0.0,0.0,0.0,2350.0482787573465,0.0,0.0,,,0.0,0.0,0.0,0.0
15152,9.448,802.55963,802.56036,0.9095889061551914,C42H80NO8P,CCCCCCC=CCCCCCCCCCC(=O)OC(COC(=O)CCCCCCCC=CCCCCCC)COP(=O)([O-])OCC[N+](C)(C)C,[M+HCOO]-,PC 16:1_18:1,PC 16:1(9)_18:1(11),0.9659999999999975,0.008504999999956908,0.0,0.8625960000000323,All,None,0.0,,0.0,0.0,0.0,0.0,0.0,0.0,0.0,0.0,0.0,0.0,,,0.0,0.0,0.0,0.0
15152,9.448,802.55963,802.56036,0.9095889061551914,C42H80NO8P,CCCCCCCCCCCC=CCCCCC(=O)OC(COC(=O)CCCCCC=CCCCCCCCC)COP(=O)([O-])OCC[N+](C)(C)C,[M+HCOO]-,PC 16:1_18:1,PC 16:1(7)_18:1(6),0.7240000000000002,0.08858999999998218,0.24268593055131013,0.7991453374961935,All,Some,0.0,,0.0,0.0,0.0,0.0,0.0,0.0,0.0,531.971032745592,0.0,0.0,,,0.0,0.0,0.0,0.0
15152,9.448,802.55963,802.56036,0.9095889061551914,C42H80NO8P,CCCCCCC=CCCCCCCCCCC(=O)OC(COC(=O)CCCCC=CCCCCCCCCC)COP(=O)([O-])OCC[N+](C)(C)C,[M+HCOO]-,PC 16:1_18:1,PC 16:1(6)_18:1(11),0.915999999999998,0.03541333333331901,0.0,0.796069333333343,All,None,0.0,,0.0,0.0,0.0,0.0,0.0,0.0,0.0,2350.0482787573465,0.0,0.0,,,0.0,0.0,0.0,0.0
15152,9.448,802.55963,802.56036,0.9095889061551914,C42H80NO8P,CCCCCCC=CCCCCCCCCCC(=O)OC(COC(=O)CCCCCC=CCCCCCCCC)COP(=O)([O-])OCC[N+](C)(C)C,[M+HCOO]-,PC 16:1_18:1,PC 16:1(7)_18:1(11),0.8569999999999984,0.04348249999998188,0.0,0.7365140000000131,All,None,0.0,,0.0,0.0,0.0,0.0,0.0,0.0,0.0,0.0,0.0,0.0,,,0.0,0.0,0.0,0.0
15152,9.448,802.55963,802.56036,0.9095889061551914,C42H80NO8P,CCCCCCCCC=CCCCCCCCC(=O)OC(COC(=O)CCCCCCCC=CCCCCCC)COP(=O)([O-])OCC[N+](C)(C)C,[M+HCOO]-,PC 16:1_18:1,PC 16:1(9)_18:1(9),0.8569999999999984,0.04348249999998188,0.0,0.7365140000000131,All,None,0.0,,0.0,0.0,0.0,0.0,0.0,0.0,0.0,531.971032745592,0.0,0.0,,,0.0,0.0,0.0,0.0
15152,9.448,802.55963,802.56036,0.9095889061551914,C42H80NO8P,CCCCCCCCC=CCCCCCCCC(=O)OC(COC(=O)CCCCC=CCCCCCCCCC)COP(=O)([O-])OCC[N+](C)(C)C,[M+HCOO]-,PC 16:1_18:1,PC 16:1(6)_18:1(9),0.7706666666666658,0.08205000000001898,0.0,0.6279599999999842,All,None,0.0,,0.0,0.0,0.0,0.0,0.0,0.0,0.0,2882.0193115029388,0.0,0.0,,,0.0,0.0,0.0,0.0
15152,9.448,802.55963,802.56036,0.9095889061551914,C42H80NO8P,CCCCCCCCC=CCCCCCCCC(=O)OC(COC(=O)CCCCCC=CCCCCCCCC)COP(=O)([O-])OCC[N+](C)(C)C,[M+HCOO]-,PC 16:1_18:1,PC 16:1(7)_18:1(9),0.7479999999999993,0.07846000000000686,0.0,0.6104319999999939,All,None,0.0,,0.0,0.0,0.0,0.0,0.0,0.0,0.0,531.971032745592,0.0,0.0,,,0.0,0.0,0.0,0.0
15625,9.565,739.45114,739.45556,5.977370702279773,C40H69O10P,CCCCCC=CCC=CCC=CCC=CCC=CCCC(=O)OC(COC(=O)CCCCCCCCCCC)COP(=O)(O)OCC(O)CO,[M-H]-,PG 12:0_22:5,"PG 12:0_22:5(4,7,10,13,16)",0.7411999999999994,0.2710686666666409,0.25210847341718245,0.677122692742151,All,Some,0.0,0.0,53238.22955087873,0.0,0.0,0.0,0.0,0.0,0.0,0.0,0.0,41292.7054478301,0.0,0.0,49422.392554065154,0.0,0.0,0.0
15625,9.565,739.45114,739.45556,5.977370702279773,C40H69O10P,CCC=CCC=CCC=CCC=CCC=CCCCCCC(=O)OC(COC(=O)CCCCCCCCCCC)COP(=O)(O)OCC(O)CO,[M-H]-,PG 12:0_22:5,"PG 12:0_22:5(7,10,13,16,19)",0.8071111111111114,0.21569222222219903,0.12649788067088452,0.6676943148260371,All,Some,0.0,0.0,1246761.7704491212,0.0,0.0,0.0,0.0,0.0,0.0,0.0,1180000.0,1248707.29455217,0.0,0.0,1130577.6074459348,0.0,0.0,0.0
15677,9.578,699.48879,699.49703,11.779892760946662,C39H73O8P,CCCCCCC=CCCCCCCCCCC(=O)OC(COC(=O)CCCCCCCCCC=CCCCCCC)COP(=O)(O)O,[M-H]-,PA 18:1_18:1,PA 18:1(11)_18:1(11),0.7330000000000005,0.0780350000000567,0.4265862180004892,0.9811995962003954,All,Some,0.0,,0.0,,,,0.0,,,0.0,0.0,0.0,,,0.0,0.0,0.0,
15677,9.578,699.48879,699.49703,11.779892760946662,C39H73O8P,CCCCCCCCCCCC=CCCCCC(=O)OC(COC(=O)CCCCCCCCCC=CCCCCCC)COP(=O)(O)O,[M-H]-,PA 18:1_18:1,PA 18:1(11)_18:1(6),0.7046666666666669,0.10236000000005181,0.35618002495853135,0.872874022462637,Some,Some,0.0,,0.0,,,,0.0,,,0.0,0.0,0.0,,,0.0,0.0,0.0,
15677,9.578,699.48879,699.49703,11.779892760946662,C39H73O8P,CCCCCCCCC=CCCCCCCCC(=O)OC(COC(=O)CCCCCCCCCC=CCCCCCC)COP(=O)(O)O,[M-H]-,PA 18:1_18:1,PA 18:1(11)_18:1(9),0.6334999999999997,0.09869000000000483,0.2709902100981042,0.7350891890882897,All,Some,0.0,,5233.333333333334,,,,0.0,,,0.0,0.0,8400.000000000002,,,7466.666666666668,0.0,0.0,
15677,9.578,699.48879,699.49703,11.779892760946662,C39H73O8P,CCCCCCCCCCCC=CCCCCC(=O)OC(COC(=O)CCCCC=CCCCCCCCCCCC)COP(=O)(O)O,[M-H]-,PA 18:1_18:1,PA 18:1(6)_18:1(6),0.6479999999999997,0.15101000000004206,0.2153676388746156,0.6562228749871201,Some,Some,0.0,,0.0,,,,0.0,,,0.0,0.0,0.0,,,0.0,0.0,0.0,
15677,9.578,699.48879,699.49703,11.779892760946662,C39H73O8P,CCCCCCCCC=CCCCCCCCC(=O)OC(COC(=O)CCCCC=CCCCCCCCCCCC)COP(=O)(O)O,[M-H]-,PA 18:1_18:1,PA 18:1(6)_18:1(9),0.5719999999999992,0.12989999999998267,0.1487186810886847,0.5447268129798294,Some,Some,0.0,,5233.333333333334,,,,0.0,,,0.0,0.0,8400.000000000002,,,7466.666666666668,0.0,0.0,
15677,9.578,699.48879,699.49703,11.779892760946662,C39H73O8P,CCCCCCCCC=CCCCCCCCC(=O)OC(COC(=O)CCCCCCCC=CCCCCCCCC)COP(=O)(O)O,[M-H]-,PA 18:1_18:1,PA 18:1(9)_18:1(9),0.5339999999999989,0.11934499999995296,0.11539420219571925,0.488978781976184,All,Some,0.0,,5233.333333333334,,,,0.0,,,0.0,0.0,8400.000000000002,,,7466.666666666668,0.0,0.0,
15717,9.591,802.55951,802.56036,1.05911037009144,C42H80NO8P,CCCCCCCCCCCC=CCCCCC(=O)OC(COC(=O)CCCCCC=CCCCCCCCC)COP(=O)([O-])OCC[N+](C)(C)C,[M+HCOO]-,PC 16:1_18:1,PC 16:1(7)_18:1(6),0.797333333333332,0.0905366666665562,0.32358124073508016,0.9363937833283259,All,Some,0.0,0.0,,,0.0,,0.0,,0.0,0.0,0.0,0.0,0.0,0.0,0.0,0.0,0.0,
15717,9.591,802.55951,802.56036,1.05911037009144,C42H80NO8P,CCCCCCCCCCCC=CCCCCC(=O)OC(COC(=O)CCCCCCCC=CCCCCCC)COP(=O)([O-])OCC[N+](C)(C)C,[M+HCOO]-,PC 16:1_18:1,PC 16:1(9)_18:1(6),0.8224999999999998,0.058042499999942265,0.24268593055131013,0.912233337496225,All,Some,0.0,0.0,,,0.0,,0.0,,0.0,2136.666666666667,0.0,0.0,0.0,0.0,0.0,0.0,0.0,
15717,9.591,802.55951,802.56036,1.05911037009144,C42H80NO8P,CCCCCCCCCCCC=CCCCCC(=O)OC(COC(=O)CCCCC=CCCCCCCCCC)COP(=O)([O-])OCC[N+](C)(C)C,[M+HCOO]-,PC 16:1_18:1,PC 16:1(6)_18:1(6),0.8010000000000002,0.10393249999992804,0.24268593055131013,0.8561713374962368,All,Some,0.0,0.0,,,0.0,,0.0,,0.0,0.0,0.0,0.0,0.0,0.0,0.0,0.0,0.0,
15717,9.591,802.55951,802.56036,1.05911037009144,C42H80NO8P,CCCCCCC=CCCCCCCCCCC(=O)OC(COC(=O)CCCCCCCC=CCCCCCC)COP(=O)([O-])OCC[N+](C)(C)C,[M+HCOO]-,PC 16:1_18:1,PC 16:1(9)_18:1(11),0.8830000000000009,0.01724500000000262,0.0,0.7809039999999987,All,None,0.0,0.0,,,0.0,,0.0,,0.0,0.0,0.0,0.0,0.0,0.0,0.0,0.0,0.0,
15717,9.591,802.55951,802.56036,1.05911037009144,C42H80NO8P,CCCCCCC=CCCCCCCCCCC(=O)OC(COC(=O)CCCCCC=CCCCCCCCC)COP(=O)([O-])OCC[N+](C)(C)C,[M+HCOO]-,PC 16:1_18:1,PC 16:1(7)_18:1(11),0.8780000000000001,0.03613999999997001,0.0,0.7612880000000241,All,None,0.0,0.0,,,0.0,,0.0,,0.0,2136.666666666667,0.0,0.0,0.0,0.0,0.0,0.0,0.0,
15717,9.591,802.55951,802.56036,1.05911037009144,C42H80NO8P,CCCCCCCCC=CCCCCCCCC(=O)OC(COC(=O)CCCCCCCC=CCCCCCC)COP(=O)([O-])OCC[N+](C)(C)C,[M+HCOO]-,PC 16:1_18:1,PC 16:1(9)_18:1(9),0.8780000000000001,0.03613999999997001,0.0,0.7612880000000241,All,None,0.0,0.0,,,0.0,,0.0,,0.0,0.0,0.0,0.0,0.0,0.0,0.0,0.0,0.0,
15717,9.591,802.55951,802.56036,1.05911037009144,C42H80NO8P,CCCCCCC=CCCCCCCCCCC(=O)OC(COC(=O)CCCCC=CCCCCCCCCC)COP(=O)([O-])OCC[N+](C)(C)C,[M+HCOO]-,PC 16:1_18:1,PC 16:1(6)_18:1(11),0.8615000000000013,0.0631349999999884,0.0,0.7248420000000104,All,None,0.0,0.0,,,0.0,,0.0,,0.0,0.0,0.0,0.0,0.0,0.0,0.0,0.0,0.0,
15717,9.591,802.55951,802.56036,1.05911037009144,C42H80NO8P,CCCCCCCCC=CCCCCCCCC(=O)OC(COC(=O)CCCCCC=CCCCCCCCC)COP(=O)([O-])OCC[N+](C)(C)C,[M+HCOO]-,PC 16:1_18:1,PC 16:1(7)_18:1(9),0.8679999999999986,0.0739299999999048,0.0,0.7220560000000749,All,None,0.0,0.0,,,0.0,,0.0,,0.0,2136.666666666667,0.0,0.0,0.0,0.0,0.0,0.0,0.0,
15717,9.591,802.55951,802.56036,1.05911037009144,C42H80NO8P,CCCCCCCCC=CCCCCCCCC(=O)OC(COC(=O)CCCCC=CCCCCCCCCC)COP(=O)([O-])OCC[N+](C)(C)C,[M+HCOO]-,PC 16:1_18:1,PC 16:1(6)_18:1(9),0.8493333333333339,0.09732666666661771,0.0,0.6865386666667064,All,None,0.0,0.0,,,0.0,,0.0,,0.0,0.0,0.0,0.0,0.0,0.0,0.0,0.0,0.0,
16164,9.696,804.57567,804.57601,0.42258282104518285,C42H82NO8P,CCCCCCC=CCCCCCCCCCC(=O)OC(COC(=O)CCCCCCCCCCCCCCC)COP(=O)([O-])OCC[N+](C)(C)C,[M+HCOO]-,PC 16:0_18:1,PC 16:0_18:1(11),0.9039999999999999,0.025674999999978354,0.0,0.7930600000000172,All,None,0.0,,0.0,0.0,,,,0.0,,0.0,0.0,0.0,0.0,0.0,0.0,0.0,0.0,
16164,9.696,804.57567,804.57601,0.42258282104518285,C42H82NO8P,CCCCCCCCCCCC=CCCCCC(=O)OC(COC(=O)CCCCCCCCCCCCCCC)COP(=O)([O-])OCC[N+](C)(C)C,[M+HCOO]-,PC 16:0_18:1,PC 16:0_18:1(6),0.9349999999999987,0.11230000000000473,0.0,0.7516599999999951,All,None,0.0,,0.0,0.0,,,,0.0,,0.0,0.0,0.0,0.0,0.0,0.0,0.0,0.0,
16164,9.696,804.57567,804.57601,0.42258282104518285,C42H82NO8P,CCCCCCCCC=CCCCCCCCC(=O)OC(COC(=O)CCCCCCCCCCCCCCC)COP(=O)([O-])OCC[N+](C)(C)C,[M+HCOO]-,PC 16:0_18:1,PC 16:0_18:1(9),0.7540000000000013,0.4506999999999266,0.4461404215255258,0.7195663793730331,All,Some,0.0,,0.0,0.0,,,,0.0,,0.0,0.0,0.0,0.0,0.0,0.0,0.0,0.0,
16231,9.707,699.48822,699.49703,12.594763983543302,C39H73O8P,CCCCCCC=CCCCCCCCCCC(=O)OC(COC(=O)CCCCCCCCCC=CCCCCCC)COP(=O)(O)O,[M-H]-,PA 18:1_18:1,PA 18:1(11)_18:1(11),0.9130000000000003,0.07790000000005648,0.2851394099831059,1.0160054689847504,All,Some,0.0,,0.0,,,,,,,0.0,0.0,0.0,,,0.0,0.0,0.0,
16231,9.707,699.48822,699.49703,12.594763983543302,C39H73O8P,CCCCCCCCCCCC=CCCCCC(=O)OC(COC(=O)CCCCCCCCCC=CCCCCCC)COP(=O)(O)O,[M-H]-,PA 18:1_18:1,PA 18:1(11)_18:1(6),0.7386666666666658,0.10246000000006461,0.26188215294694245,0.8185259376521957,Some,Some,0.0,,0.0,,,,,,,0.0,0.0,0.0,,,0.0,0.0,17133.333333333332,
16231,9.707,699.48822,699.49703,12.594763983543302,C39H73O8P,CCCCCCCCC=CCCCCCCCC(=O)OC(COC(=O)CCCCCCCCCC=CCCCCCC)COP(=O)(O)O,[M-H]-,PA 18:1_18:1,PA 18:1(11)_18:1(9),0.7925000000000004,0.09890750000002413,0.20026680608941258,0.8143641254804524,All,Some,0.0,,12333.333333333332,,,,,,,0.0,17200.0,0.0,,,11566.666666666666,0.0,0.0,
16231,9.707,699.48822,699.49703,12.594763983543302,C39H73O8P,CCCCCCCCC=CCCCCCCCC(=O)OC(COC(=O)CCCCCCCC=CCCCCCCCC)COP(=O)(O)O,[M-H]-,PA 18:1_18:1,PA 18:1(9)_18:1(9),0.6720000000000006,0.11991499999999178,0.11539420219571925,0.6127227819761545,All,Some,0.0,,0.0,,,,,,,0.0,0.0,0.0,,,0.0,0.0,17133.333333333332,
16231,9.707,699.48822,699.49703,12.594763983543302,C39H73O8P,CCCCCCCCC=CCCCCCCCC(=O)OC(COC(=O)CCCCC=CCCCCCCCCCCC)COP(=O)(O)O,[M-H]-,PA 18:1_18:1,PA 18:1(6)_18:1(9),0.5779999999999994,0.13047000000002149,0.1487186810886847,0.5496708129797986,Some,Some,0.0,,12333.333333333332,,,,,,,0.0,17200.0,0.0,,,11566.666666666666,0.0,17133.333333333332,
16231,9.707,699.48822,699.49703,12.594763983543302,C39H73O8P,CCCCCCCCCCCC=CCCCCC(=O)OC(COC(=O)CCCCC=CCCCCCCCCCCC)COP(=O)(O)O,[M-H]-,PA 18:1_18:1,PA 18:1(6)_18:1(6),0.389999999999997,0.15158000000008087,0.2153676388746156,0.4235668749870867,Some,Some,0.0,,12333.333333333332,,,,,,,0.0,17200.0,0.0,,,11566.666666666666,0.0,0.0,
16409,9.74,804.57523,804.57601,0.9694547069124836,C42H82NO8P,CCCCCCCCCCCC=CCCCCC(=O)OC(COC(=O)CCCCCCCCCCCCCCC)COP(=O)([O-])OCC[N+](C)(C)C,[M+HCOO]-,PC 16:0_18:1,PC 16:0_18:1(6),0.9710000000000001,0.09099499999996397,0.0,0.8011040000000289,All,None,0.0,,0.0,0.0,0.0,,,0.0,,0.0,0.0,0.0,0.0,0.0,0.0,,0.0,0.0
16409,9.74,804.57523,804.57601,0.9694547069124836,C42H82NO8P,CCCCCCCCC=CCCCCCCCC(=O)OC(COC(=O)CCCCCCCCCCCCCCC)COP(=O)([O-])OCC[N+](C)(C)C,[M+HCOO]-,PC 16:0_18:1,PC 16:0_18:1(9),0.7540000000000013,0.8697100000000546,0.8894121935264893,0.7833029741737979,All,Some,0.0,,0.0,0.0,0.0,,,0.0,,0.0,0.0,0.0,11528.680203045686,0.0,0.0,,0.0,6520.0
16409,9.74,804.57523,804.57601,0.9694547069124836,C42H82NO8P,CCCCCCC=CCCCCCCCCCC(=O)OC(COC(=O)CCCCCCCCCCCCCCC)COP(=O)([O-])OCC[N+](C)(C)C,[M+HCOO]-,PC 16:0_18:1,PC 16:0_18:1(11),0.9000000000000021,0.05076999999994314,0.0,0.7693840000000475,All,None,0.0,,0.0,0.0,0.0,,,0.0,,0.0,0.0,0.0,3171.319796954315,0.0,0.0,,0.0,0.0
16516,9.764,819.51572,819.51816,2.97735928143274,C46H77O10P,CCC=CCC=CCC=CCC=CCC=CCC=CCCC(=O)OC(COC(=O)CCCCCCCC=CCCCCCCCC)COP(=O)(O)OCC(O)CO,[M-H]-,PG 18:1_22:6,"PG 18:1(9)_22:6(4,7,10,13,16,19)",0.8702499999999991,0.22974374999998304,0.3714886396363807,0.9337697756727553,Some,Some,0.0,0.0,,,0.0,0.0,0.0,0.0,0.0,12369.175627240144,0.0,0.0,0.0,0.0,,0.0,0.0,0.0
16516,9.764,819.51572,819.51816,2.97735928143274,C46H77O10P,CCC=CCC=CCC=CCC=CCC=CCC=CCCC(=O)OC(COC(=O)CCCCC=CCCCCCCCCCCC)COP(=O)(O)OCC(O)CO,[M-H]-,PG 18:1_22:6,"PG 18:1(6)_22:6(4,7,10,13,16,19)",0.8597499999999991,0.22861125000000015,0.3714886396363807,0.9252257756727417,Some,Some,0.0,0.0,,,0.0,0.0,0.0,0.0,0.0,11875.939711423584,0.0,0.0,0.0,0.0,,0.0,0.0,0.0
16516,9.764,819.51572,819.51816,2.97735928143274,C46H77O10P,CCC=CCC=CCC=CCC=CCC=CCC=CCCC(=O)OC(COC(=O)CCCCCCCCCC=CCCCCCC)COP(=O)(O)OCC(O)CO,[M-H]-,PG 18:1_22:6,"PG 18:1(11)_22:6(4,7,10,13,16,19)",0.8489999999999995,0.20797999999997502,0.29719091170910455,0.8651878205382136,All,Some,0.0,0.0,,,0.0,0.0,0.0,0.0,0.0,11454.884661336275,0.0,0.0,0.0,0.0,,0.0,0.0,0.0
17155,9.946,809.56618,809.57019,4.953245622833336,C46H83O9P,CCCCCCCCCCCCCCCCCC(=O)OC(COCCCCCCC=CCC=CCC=CCC=CCC=CCC)COP(=O)(O)OCC(O)CO,[M-H]-,PG O-22:5_18:0,"PG O-22:5(7,10,13,16,19)_18:0",0.8768888888888893,0.05227999999999611,0.2118993597942821,0.9380854238148574,All,Some,0.0,0.0,241164.52662769798,245375.12801104234,0.0,0.0,0.0,0.0,0.0,0.0,248370.61548643286,0.0,0.0,0.0,236030.6406685237,0.0,0.0,0.0
17155,9.946,809.56618,809.57019,4.953245622833336,C46H83O9P,CCCCCCCCCCCCCCCCCC(=O)OC(COCCCC=CCC=CCC=CCC=CCC=CCCCCC)COP(=O)(O)OCC(O)CO,[M-H]-,PG O-22:5_18:0,"PG O-22:5(4,7,10,13,16)_18:0",0.8318823529411759,0.10324705882345932,0.2301859629499312,0.8732638372432289,All,Some,0.0,0.0,14835.473372302013,21624.87198895765,0.0,0.0,0.0,0.0,0.0,0.0,17629.384513567173,0.0,0.0,0.0,32969.35933147632,0.0,0.0,0.0
17265,9.972,821.53017,821.53381,4.4307366972742335,C46H79O10P,CCC=CCC=CCC=CCC=CCC=CCCCCCC(=O)OC(COC(=O)CCCCCCCC=CCCCCCCCC)COP(=O)(O)OCC(O)CO,[M-H]-,PG 18:1_22:5,"PG 18:1(9)_22:5(7,10,13,16,19)",0.9268571428571423,0.11599714285711928,0.2956583637541045,1.0074662416644267,Some,Some,0.0,0.0,0.0,0.0,0.0,0.0,0.0,0.0,,0.0,3590.4673696209757,0.0,0.0,0.0,0.0,0.0,0.0,0.0
17265,9.972,821.53017,821.53381,4.4307366972742335,C46H79O10P,CCC=CCC=CCC=CCC=CCC=CCCCCCC(=O)OC(COC(=O)CCCCCCCCCC=CCCCCCC)COP(=O)(O)OCC(O)CO,[M-H]-,PG 18:1_22:5,"PG 18:1(11)_22:5(7,10,13,16,19)",0.9082499999999993,0.21393124999997326,0.29097049591845975,0.9081534463266345,All,Some,0.0,0.0,9773.142433966921,0.0,0.0,0.0,0.0,0.0,,0.0,8442.91464804788,0.0,0.0,0.0,0.0,0.0,0.0,0.0
17265,9.972,821.53017,821.53381,4.4307366972742335,C46H79O10P,CCC=CCC=CCC=CCC=CCC=CCCCCCC(=O)OC(COC(=O)CCCCC=CCCCCCCCCCCC)COP(=O)(O)OCC(O)CO,[M-H]-,PG 18:1_22:5,"PG 18:1(6)_22:5(7,10,13,16,19)",0.8219999999999997,0.15708571428568316,0.30070197340824956,0.8847632046388778,Some,Some,0.0,0.0,16611.912402581373,0.0,0.0,0.0,0.0,0.0,,0.0,7159.539754915932,0.0,0.0,0.0,0.0,0.0,0.0,0.0
17265,9.972,821.53017,821.53381,4.4307366972742335,C46H79O10P,CCCCCC=CCC=CCC=CCC=CCC=CCCC(=O)OC(COC(=O)CCCCCCCC=CCCCCCCCC)COP(=O)(O)OCC(O)CO,[M-H]-,PG 18:1_22:5,"PG 18:1(9)_22:5(4,7,10,13,16)",0.9498666666666665,0.2642713333332798,0.21687326203613927,0.8386488691659013,Some,Some,0.0,0.0,16841.802729484778,0.0,0.0,0.0,0.0,0.0,,0.0,9752.547021943576,0.0,0.0,0.0,0.0,0.0,0.0,0.0
17265,9.972,821.53017,821.53381,4.4307366972742335,C46H79O10P,CCCCCC=CCC=CCC=CCC=CCC=CCCC(=O)OC(COC(=O)CCCCC=CCCCCCCCCCCC)COP(=O)(O)OCC(O)CO,[M-H]-,PG 18:1_22:5,"PG 18:1(6)_22:5(4,7,10,13,16)",0.8899999999999997,0.26342437499994276,0.25405304292947234,0.8189082386365706,Some,Some,0.0,0.0,0.0,0.0,0.0,0.0,0.0,0.0,,0.0,455.7779994300371,0.0,0.0,0.0,0.0,0.0,0.0,0.0
17265,9.972,821.53017,821.53381,4.4307366972742335,C46H79O10P,CCCCCC=CCC=CCC=CCC=CCC=CCCC(=O)OC(COC(=O)CCCCCCCCCC=CCCCCCC)COP(=O)(O)OCC(O)CO,[M-H]-,PG 18:1_22:5,"PG 18:1(11)_22:5(4,7,10,13,16)",0.910941176470588,0.313738235294061,0.23148881920638872,0.7771964078740303,All,Some,0.0,0.0,9773.142433966921,0.0,0.0,0.0,0.0,0.0,,0.0,6998.753206041608,0.0,0.0,0.0,0.0,0.0,0.0,0.0
17713,10.082,809.56642,809.57019,4.656792019517615,C46H83O9P,CCCCCCCCCCCCCCCC(=O)OC(COCCCCCCCCC=CCC=CCC=CCC=CCC=CCC)COP(=O)(O)OCC(O)CO,[M-H]-,PG O-24:5_16:0,"PG O-24:5(9,12,15,18,21)_16:0",0.9412500000000006,0.06310000000000571,0.24234382889092712,1.0147544460018303,All,Some,0.0,16422.145328719722,0.0,0.0,0.0,0.0,0.0,24968.490547164147,0.0,0.0,0.0,106748.3183366821,20906.654952778386,73303.26295585412,0.0,17260.88933345458,0.0,0.0
17713,10.082,809.56642,809.57019,4.656792019517615,C46H83O9P,CCCCCCCCCCCCCCCC(=O)OC(COCCCCCC=CCC=CCC=CCC=CCC=CCCCCC)COP(=O)(O)OCC(O)CO,[M-H]-,PG O-24:5_16:0,"PG O-24:5(6,9,12,15,18)_16:0",0.9113333333333331,0.12039777777772542,0.10608217872975498,0.819355738634599,All,Some,0.0,96577.85467128028,0.0,0.0,117000.0,126000.0,116000.0,193031.50945283583,114000.0,0.0,0.0,145251.68166331787,191093.34504722158,137696.73704414588,0.0,196739.11066654543,193000.0,219000.0
17734,10.087,790.53854,790.53923,0.8728219597188366,C45H78NO8P,CCC=CCC=CCC=CCC=CCC=CCCCCCC(=O)OC(COC(=O)CCCCCCCC=CCCCCCCCC)COP(=O)(O)OCCN,[M-H]-,PE 18:1_22:5,"PE 18:1(9)_22:5(7,10,13,16,19)",0.8719999999999999,0.08614142857139281,0.2972198808349528,0.9833847498943432,Some,Some,3176.080581410174,0.0,0.0,0.0,0.0,0.0,0.0,0.0,0.0,11670.123995944787,0.0,0.0,0.0,0.0,0.0,0.0,0.0,0.0
17734,10.087,790.53854,790.53923,0.8728219597188366,C45H78NO8P,CCC=CCC=CCC=CCC=CCC=CCCCCCC(=O)OC(COC(=O)CCCCCCCCCC=CCCCCCC)COP(=O)(O)OCCN,[M-H]-,PE 18:1_22:5,"PE 18:1(11)_22:5(7,10,13,16,19)",0.8779999999999997,0.1734388888888437,0.27056314831831896,0.8949557223754119,All,Some,5478.175868077691,0.0,0.0,0.0,0.0,0.0,0.0,0.0,0.0,10649.847929501677,0.0,0.0,0.0,0.0,0.0,0.0,0.0,0.0
17734,10.087,790.53854,790.53923,0.8728219597188366,C45H78NO8P,CCCCCC=CCC=CCC=CCC=CCC=CCCC(=O)OC(COC(=O)CCCCCCCC=CCCCCCCCC)COP(=O)(O)OCCN,[M-H]-,PE 18:1_22:5,"PE 18:1(9)_22:5(4,7,10,13,16)",0.9283999999999997,0.18211333333332125,0.22423512948564722,0.8916809498704251,Some,Some,4820.434357601258,0.0,0.0,0.0,0.0,0.0,0.0,0.0,0.0,10350.152070498323,0.0,0.0,0.0,0.0,0.0,0.0,0.0,0.0
17734,10.087,790.53854,790.53923,0.8728219597188366,C45H78NO8P,CCC=CCC=CCC=CCC=CCC=CCCCCCC(=O)OC(COC(=O)CCCCC=CCCCCCCCCCCC)COP(=O)(O)OCCN,[M-H]-,PE 18:1_22:5,"PE 18:1(6)_22:5(7,10,13,16,19)",0.8762500000000002,0.18485749999996415,0.26006739573058374,0.8747996561575543,Some,Some,5130.158527774236,0.0,0.0,0.0,0.0,0.0,0.0,0.0,0.0,9989.861966778446,0.0,0.0,0.0,0.0,0.0,0.0,0.0,0.0
17734,10.087,790.53854,790.53923,0.8728219597188366,C45H78NO8P,CCCCCC=CCC=CCC=CCC=CCC=CCCC(=O)OC(COC(=O)CCCCCCCCCC=CCCCCCC)COP(=O)(O)OCCN,[M-H]-,PE 18:1_22:5,"PE 18:1(11)_22:5(4,7,10,13,16)",0.9087499999999997,0.1879449999999565,0.21022043389279427,0.8567173905035494,Some,Some,3176.080581410174,0.0,0.0,0.0,0.0,0.0,0.0,0.0,0.0,10350.152070498323,0.0,0.0,0.0,0.0,0.0,0.0,0.0,0.0
17734,10.087,790.53854,790.53923,0.8728219597188366,C45H78NO8P,CCCCCC=CCC=CCC=CCC=CCC=CCCC(=O)OC(COC(=O)CCCCC=CCCCCCCCCCCC)COP(=O)(O)OCCN,[M-H]-,PE 18:1_22:5,"PE 18:1(6)_22:5(4,7,10,13,16)",0.9257647058823529,0.2637317647058674,0.19785452601674755,0.8002718969444965,Some,Some,4719.070083726465,0.0,0.0,0.0,0.0,0.0,0.0,0.0,0.0,9989.861966778446,0.0,0.0,0.0,0.0,0.0,0.0,0.0,0.0
17761,10.093,821.53045,821.53381,4.0899107975158415,C46H79O10P,CCC=CCC=CCC=CCC=CCC=CCCCCCC(=O)OC(COC(=O)CCCCCCCC=CCCCCCCCC)COP(=O)(O)OCC(O)CO,[M-H]-,PG 18:1_22:5,"PG 18:1(9)_22:5(7,10,13,16,19)",0.7717500000000004,0.14198125000000061,0.4833849470882241,1.0160364523794017,Some,Some,0.0,12359.016691617813,0.0,0.0,11556.314109675546,0.0,11497.222078526718,16462.822179247374,0.0,0.0,0.0,0.0,13813.747127243381,16067.687490655153,0.0,14600.681846387453,13557.264412251157,11318.674840839425
17761,10.093,821.53045,821.53381,4.0899107975158415,C46H79O10P,CCC=CCC=CCC=CCC=CCC=CCCCCCC(=O)OC(COC(=O)CCCCC=CCCCCCCCCCCC)COP(=O)(O)OCC(O)CO,[M-H]-,PG 18:1_22:5,"PG 18:1(6)_22:5(7,10,13,16,19)",0.8112500000000002,0.15119624999998393,0.4048780394627983,0.9735582355165315,Some,Some,0.0,1973.4165349152827,0.0,0.0,2572.777389018791,0.0,3499.56029175935,5440.668294074755,0.0,0.0,0.0,0.0,5869.6259714741855,6147.107714227917,0.0,4959.227922120585,5839.244365621824,5467.460504597971
17761,10.093,821.53045,821.53381,4.0899107975158415,C46H79O10P,CCC=CCC=CCC=CCC=CCC=CCCCCCC(=O)OC(COC(=O)CCCCCCCCCC=CCCCCCC)COP(=O)(O)OCC(O)CO,[M-H]-,PG 18:1_22:5,"PG 18:1(11)_22:5(7,10,13,16,19)",0.7698000000000004,0.22343399999999747,0.4595201373401922,0.9276409236061752,All,Some,0.0,12625.59567948736,0.0,0.0,11556.314109675546,0.0,11497.222078526718,16462.822179247374,0.0,0.0,0.0,0.0,13813.747127243381,16916.110080123835,0.0,15357.522576123694,13557.264412251157,12003.654798396605
17761,10.093,821.53045,821.53381,4.0899107975158415,C46H79O10P,CCCCCC=CCC=CCC=CCC=CCC=CCCC(=O)OC(COC(=O)CCCCCCCC=CCCCCCCCC)COP(=O)(O)OCC(O)CO,[M-H]-,PG 18:1_22:5,"PG 18:1(9)_22:5(4,7,10,13,16)",0.8189090909090911,0.176497272727209,0.24742145947508043,0.8184996771639873,Some,Some,0.0,2309.537867446448,0.0,0.0,2985.502892935775,0.0,3201.864362940355,7030.196874108361,0.0,0.0,0.0,0.0,7276.601287696708,8185.391252341709,0.0,6722.657886860221,7713.245521391707,6924.074510728601
17761,10.093,821.53045,821.53381,4.0899107975158415,C46H79O10P,CCCCCC=CCC=CCC=CCC=CCC=CCCC(=O)OC(COC(=O)CCCCC=CCCCCCCCCCCC)COP(=O)(O)OCC(O)CO,[M-H]-,PG 18:1_22:5,"PG 18:1(6)_22:5(4,7,10,13,16)",0.8241818181818185,0.1856927272726497,0.21862512729489555,0.7899720691109228,Some,Some,0.0,12359.016691617813,0.0,0.0,11556.314109675546,0.0,11768.787957167244,16462.822179247374,0.0,0.0,0.0,0.0,13813.747127243381,15736.59574842347,0.0,14600.681846387453,13557.264412251157,11318.674840839425
17761,10.093,821.53045,821.53381,4.0899107975158415,C46H79O10P,CCCCCC=CCC=CCC=CCC=CCC=CCCC(=O)OC(COC(=O)CCCCCCCCCC=CCCCCCC)COP(=O)(O)OCC(O)CO,[M-H]-,PG 18:1_22:5,"PG 18:1(11)_22:5(4,7,10,13,16)",0.7452000000000005,0.22484933333328172,0.28969533205563747,0.7515263321834488,All,Some,0.0,1973.4165349152827,0.0,0.0,2572.777389018791,0.0,3635.343231079613,5440.668294074755,0.0,0.0,0.0,0.0,5712.531359098964,6147.107714227917,0.0,4959.227922120585,5675.716876232988,5467.460504597971
17927,10.14,827.51771,827.52324,6.682591778354857,C48H77O9P,CCCCCC=CCC=CCC=CCC=CCCCC(=O)OC(COCCCC=CCC=CCC=CCC=CCC=CCC=CCC)COP(=O)(O)OCC(O)CO,[M-H]-,PG O-22:6_20:4,"PG O-22:6(4,7,10,13,16,19)_20:4(5,8,11,14)",0.8943999999999992,0.12882899999999609,0.07840047444333502,0.772457226999004,Some,Some,171551.5370705244,0.0,36014.705882352944,23758.714634998254,0.0,0.0,0.0,0.0,0.0,304500.0,39236.71497584541,48238.004855440304,0.0,0.0,46025.64102564102,0.0,0.0,0.0
17927,10.14,827.51771,827.52324,6.682591778354857,C48H77O9P,CCC=CCC=CCC=CCC=CCCCCCCC(=O)OC(COCCCC=CCC=CCC=CCC=CCC=CCC=CCC)COP(=O)(O)OCC(O)CO,[M-H]-,PG O-22:6_20:4,"PG O-22:6(4,7,10,13,16,19)_20:4(8,11,14,17)",0.8690909090909087,0.13274727272726689,0.07127315858485002,0.7401298427263693,All,Some,124448.46292947559,0.0,41485.294117647056,27041.285365001742,0.0,0.0,0.0,0.0,0.0,304500.0,13163.28502415459,44061.995144559696,0.0,0.0,25774.358974358973,0.0,0.0,0.0
18291,10.24,809.5665,809.57019,4.5579741516988985,C46H83O9P,CCCCCCCCCCCCCCCC(=O)OC(COCCCCCCCCC=CCC=CCC=CCC=CCC=CCC)COP(=O)(O)OCC(O)CO,[M-H]-,PG O-24:5_16:0,"PG O-24:5(9,12,15,18,21)_16:0",0.8714000000000002,0.08157299999999168,0.22078811062876116,0.9177108995658919,All,Some,0.0,0.0,57337.88395904436,186422.61353104725,0.0,0.0,0.0,0.0,0.0,0.0,130262.77975059874,165193.74068554398,0.0,0.0,217554.10511851602,0.0,0.0,0.0
18291,10.24,809.5665,809.57019,4.5579741516988985,C46H83O9P,CCCCCCCCCCCCCCCC(=O)OC(COCCCCCC=CCC=CCC=CCC=CCC=CCCCCC)COP(=O)(O)OCC(O)CO,[M-H]-,PG O-24:5_16:0,"PG O-24:5(6,9,12,15,18)_16:0",0.8047999999999998,0.11451399999991736,0.19539874785612443,0.808567673070578,All,Some,0.0,0.0,182662.11604095562,263577.3864689527,0.0,0.0,0.0,0.0,0.0,0.0,197737.2202494013,79806.25931445604,0.0,0.0,82445.89488148404,0.0,0.0,0.0
18386,10.265,806.59916,806.60691,9.608149773955281,C47H86NO7P,CCCCCCCCC=CCCCCCC(=O)OC(COCCCCCCCCCCC=CCC=CCC=CCC=CCCCCC)COP(=O)(O)OCCN,[M-H]-,PE O-26:4_16:1,"PE O-26:4(11,14,17,20)_16:1(7)",0.9194285714285719,0.06273714285712881,0.19989558350415568,0.9572020251537519,Some,Some,0.0,0.0,26949.794758446482,23800.75471698113,0.0,0.0,0.0,0.0,0.0,0.0,40333.33333333333,27809.063034467883,0.0,0.0,20830.188679245282,0.0,0.0,0.0
18386,10.265,806.59916,806.60691,9.608149773955281,C47H86NO7P,CCCCCCC=CCCCCCCCC(=O)OC(COCCCCCCCCCCC=CCC=CCC=CCC=CCCCCC)COP(=O)(O)OCCN,[M-H]-,PE O-26:4_16:1,"PE O-26:4(11,14,17,20)_16:1(9)",0.900888888888889,0.05565333333330121,0.1554602758241209,0.906191581575068,All,Some,0.0,0.0,59914.74581622987,23800.75471698113,0.0,0.0,0.0,0.0,0.0,0.0,40333.33333333333,52271.70613703949,0.0,0.0,14811.32075471698,0.0,0.0,0.0
18386,10.265,806.59916,806.60691,9.608149773955281,C47H86NO7P,CCCCCCCCCC=CCCCCC(=O)OC(COCCCCCCCCCCC=CCC=CCC=CCC=CCCCCC)COP(=O)(O)OCCN,[M-H]-,PE O-26:4_16:1,"PE O-26:4(11,14,17,20)_16:1(6)",0.8850000000000002,0.06151124999998103,0.08701930157997309,0.8256083714219912,All,Some,0.0,0.0,33135.45942532365,96398.49056603776,0.0,0.0,0.0,0.0,0.0,0.0,40333.33333333333,32919.230828492626,0.0,0.0,80358.49056603774,0.0,0.0,0.0
18401,10.269,790.53829,790.53923,1.1890618002779592,C45H78NO8P,CCC=CCC=CCC=CCC=CCC=CCCCCCC(=O)OC(COC(=O)CCCCCCCC=CCCCCCCCC)COP(=O)(O)OCCN,[M-H]-,PE 18:1_22:5,"PE 18:1(9)_22:5(7,10,13,16,19)",0.8597777777777773,0.08159222222224748,0.3909769371848729,1.0604054656885873,Some,Some,5818.802041364492,0.0,0.0,0.0,0.0,0.0,0.0,0.0,0.0,7584.36226958655,0.0,0.0,0.0,0.0,0.0,0.0,0.0,0.0
18401,10.269,790.53829,790.53923,1.1890618002779592,C45H78NO8P,CCCCCC=CCC=CCC=CCC=CCC=CCCC(=O)OC(COC(=O)CCCCCCCC=CCCCCCCCC)COP(=O)(O)OCCN,[M-H]-,PE 18:1_22:5,"PE 18:1(9)_22:5(4,7,10,13,16)",0.8912500000000003,0.1700456250000144,0.32554406721103457,0.9590781604899199,Some,Some,0.0,0.0,0.0,0.0,0.0,0.0,0.0,0.0,0.0,550.1249127861178,0.0,0.0,0.0,0.0,0.0,0.0,0.0,0.0
18401,10.269,790.53829,790.53923,1.1890618002779592,C45H78NO8P,CCC=CCC=CCC=CCC=CCC=CCCCCCC(=O)OC(COC(=O)CCCCC=CCCCCCCCCCCC)COP(=O)(O)OCCN,[M-H]-,PE 18:1_22:5,"PE 18:1(6)_22:5(7,10,13,16,19)",0.8086666666666661,0.08329222222223759,0.2902754948144238,0.9224141675551909,Some,Some,5818.802041364492,0.0,0.0,0.0,0.0,0.0,0.0,0.0,0.0,7584.36226958655,0.0,0.0,0.0,0.0,0.0,0.0,0.0,0.0
18401,10.269,790.53829,790.53923,1.1890618002779592,C45H78NO8P,CCC=CCC=CCC=CCC=CCC=CCCCCCC(=O)OC(COC(=O)CCCCCCCCCC=CCCCCCC)COP(=O)(O)OCCN,[M-H]-,PE 18:1_22:5,"PE 18:1(11)_22:5(7,10,13,16,19)",0.8143999999999998,0.14911700000001246,0.33531795760176375,0.9154525618415773,All,Some,0.0,0.0,0.0,0.0,0.0,0.0,0.0,0.0,0.0,550.1249127861178,0.0,0.0,0.0,0.0,0.0,0.0,0.0,0.0
18401,10.269,790.53829,790.53923,1.1890618002779592,C45H78NO8P,CCCCCC=CCC=CCC=CCC=CCC=CCCC(=O)OC(COC(=O)CCCCCCCCCC=CCCCCCC)COP(=O)(O)OCCN,[M-H]-,PE 18:1_22:5,"PE 18:1(11)_22:5(4,7,10,13,16)",0.8688750000000003,0.20857625000002855,0.2360762069208813,0.8275950862287706,Some,Some,10173.677142089713,0.0,0.0,0.0,0.0,0.0,0.0,0.0,0.0,23421.59303189215,0.0,0.0,0.0,0.0,0.0,0.0,0.0,0.0
18401,10.269,790.53829,790.53923,1.1890618002779592,C45H78NO8P,CCCCCC=CCC=CCC=CCC=CCC=CCCC(=O)OC(COC(=O)CCCCC=CCCCCCCCCCCC)COP(=O)(O)OCCN,[M-H]-,PE 18:1_22:5,"PE 18:1(6)_22:5(4,7,10,13,16)",0.8351764705882355,0.1677076470588324,0.19976935957108635,0.7972851294963238,Some,Some,1088.7187751813055,0.0,0.0,0.0,0.0,0.0,0.0,0.0,0.0,4509.4326033625175,0.0,0.0,0.0,0.0,0.0,0.0,0.0,0.0
18823,10.42,806.59918,806.60691,9.583354548653787,C47H86NO7P,CCCCCCCCC=CCCCCCC(=O)OC(COCCCCCCCCCCC=CCC=CCC=CCC=CCCCCC)COP(=O)(O)OCCN,[M-H]-,PE O-26:4_16:1,"PE O-26:4(11,14,17,20)_16:1(7)",0.8663333333333328,0.0443083333332576,0.22472099578942276,0.9465022295438739,Some,Some,0.0,1756.5410199556538,0.0,0.0,0.0,0.0,0.0,3737.7049180327863,1172.7154893065458,0.0,0.0,0.0,4936.36089014198,0.0,0.0,0.0,0.0,6983.078827899299
18823,10.42,806.59918,806.60691,9.583354548653787,C47H86NO7P,CCCCCCC=CCCCCCCCC(=O)OC(COCCCCCCCCCCC=CCC=CCC=CCC=CCCCCC)COP(=O)(O)OCCN,[M-H]-,PE O-26:4_16:1,"PE O-26:4(11,14,17,20)_16:1(9)",0.8239999999999998,0.0599374999999327,0.16850927939060073,0.8453083514515943,All,Some,0.0,43086.91796008869,0.0,0.0,54800.0,46100.0,42600.0,106524.59016393442,42093.00064808814,0.0,0.0,0.0,103899.20451112677,107887.99607003755,0.0,116151.18894601543,89900.0,106033.8423442014
18823,10.42,806.59918,806.60691,9.583354548653787,C47H86NO7P,CCCCCCCCCC=CCCCCC(=O)OC(COCCCCCCCCCCC=CCC=CCC=CCC=CCCCCC)COP(=O)(O)OCCN,[M-H]-,PE O-26:4_16:1,"PE O-26:4(11,14,17,20)_16:1(6)",0.8614285714285711,0.06724142857136226,0.09618309957634183,0.8080573610473317,All,Some,0.0,1756.5410199556538,0.0,0.0,0.0,0.0,0.0,3737.7049180327863,2934.283862605314,0.0,0.0,0.0,8164.434598731245,3112.003929962455,0.0,2848.811053984576,0.0,6983.078827899299
19030,10.493,673.4807,673.48138,1.009678990662619,C37H71O8P,CCCCCCCCC=CCCCCCCCC(=O)OC(COC(=O)CCCCCCCCCCCCCCC)COP(=O)(O)O,[M-H]-,PA 16:0_18:1,PA 16:0_18:1(9),0.9259999999999984,0.058029999999973825,0.0,0.7869760000000194,All,None,,0.0,0.0,0.0,,,,,0.0,12801.655629139072,0.0,0.0,,,0.0,,,
19030,10.493,673.4807,673.48138,1.009678990662619,C37H71O8P,CCCCCCC=CCCCCCCCCCC(=O)OC(COC(=O)CCCCCCCCCCCCCCC)COP(=O)(O)O,[M-H]-,PA 16:0_18:1,PA 16:0_18:1(11),0.6780000000000008,0.07177000000007183,0.14983410516013226,0.6876346946440623,All,Some,,0.0,0.0,0.0,,,,,0.0,6798.3443708609275,0.0,0.0,,,0.0,,,
19030,10.493,673.4807,673.48138,1.009678990662619,C37H71O8P,CCCCCCCCCCCC=CCCCCC(=O)OC(COC(=O)CCCCCCCCCCCCCCC)COP(=O)(O)O,[M-H]-,PA 16:0_18:1,PA 16:0_18:1(6),0.5210000000000008,0.19485500000007505,0.0,0.3130159999999407,All,None,,0.0,0.0,0.0,,,,,0.0,0.0,0.0,0.0,,,0.0,,,
19077,10.509,804.57553,804.57601,0.5965875120222286,C42H82NO8P,CCCCCCC=CCCCCCCCCCC(=O)OC(COC(=O)CCCCCCCCCCCCCCC)COP(=O)([O-])OCC[N+](C)(C)C,[M+HCOO]-,PC 16:0_18:1,PC 16:0_18:1(11),0.43200000000000216,0.12331000000006043,0.7017833793693106,0.9217570414323331,All,Some,,0.0,0.0,0.0,0.0,0.0,0.0,0.0,0.0,0.0,0.0,0.0,0.0,0.0,0.0,0.0,0.0,0.0
19077,10.509,804.57553,804.57601,0.5965875120222286,C42H82NO8P,CCCCCCCCCCCC=CCCCCC(=O)OC(COC(=O)CCCCCCCCCCCCCCC)COP(=O)([O-])OCC[N+](C)(C)C,[M+HCOO]-,PC 16:0_18:1,PC 16:0_18:1(6),0.673,0.11341000000010126,0.0,0.514971999999919,All,None,,0.0,0.0,0.0,0.0,0.0,0.0,0.0,0.0,31365.000000000004,0.0,0.0,0.0,0.0,0.0,0.0,0.0,0.0
19077,10.509,804.57553,804.57601,0.5965875120222286,C42H82NO8P,CCCCCCCCC=CCCCCCCCC(=O)OC(COC(=O)CCCCCCCCCCCCCCC)COP(=O)([O-])OCC[N+](C)(C)C,[M+HCOO]-,PC 16:0_18:1,PC 16:0_18:1(9),0.5749999999999993,0.47829500000005964,0.335507241032089,0.4368205169288317,All,Some,,0.0,0.0,0.0,0.0,0.0,0.0,0.0,0.0,29835.0,0.0,0.0,0.0,0.0,0.0,0.0,0.0,0.0
19436,10.633,792.55379,792.55488,1.3752990833600047,C45H80NO8P,CCC=CCC=CCC=CCC=CCC=CCCCCCC(=O)OC(COC(=O)CCCCCCCCCCCCCCCCC)COP(=O)(O)OCCN,[M-H]-,PE 18:0_22:5,"PE 18:0_22:5(7,10,13,16,19)",0.8219999999999992,0.18797249999994392,0.21441660075722374,0.7823969406815455,All,Some,0.0,,3505.005088352299,1282.6405867970661,0.0,,,0.0,,0.0,2947.7326968973744,0.0,0.0,0.0,4199.629204555487,0.0,0.0,0.0
19436,10.633,792.55379,792.55488,1.3752990833600047,C45H80NO8P,CCCCCC=CCC=CCC=CCC=CCC=CCCC(=O)OC(COC(=O)CCCCCCCCCCCCCCCCC)COP(=O)(O)OCCN,[M-H]-,PE 18:0_22:5,"PE 18:0_22:5(4,7,10,13,16)",0.7279999999999995,0.3824744444443695,0.1885991884230062,0.5189597140252096,All,Some,0.0,,14894.9949116477,11617.359413202934,0.0,,,0.0,,0.0,14952.267303102626,20800.0,0.0,0.0,15400.37079544451,0.0,0.0,0.0
20022,10.872,821.52979,821.53381,4.893286132640852,C46H79O10P,CCC=CCC=CCC=CCC=CCC=CCCCCCC(=O)OC(COC(=O)CCCCCCCCCC=CCCCCCC)COP(=O)(O)OCC(O)CO,[M-H]-,PG 18:1_22:5,"PG 18:1(11)_22:5(7,10,13,16,19)",0.8222857142857143,0.24471714285706575,0.5016682253577267,0.9957848313934443,All,Some,8459.087547128966,,0.0,0.0,,0.0,0.0,0.0,,21458.00099288433,0.0,0.0,0.0,0.0,0.0,,0.0,0.0
20022,10.872,821.52979,821.53381,4.893286132640852,C46H79O10P,CCC=CCC=CCC=CCC=CCC=CCCCCCC(=O)OC(COC(=O)CCCCCCCC=CCCCCCCCC)COP(=O)(O)OCC(O)CO,[M-H]-,PG 18:1_22:5,"PG 18:1(9)_22:5(7,10,13,16,19)",0.701428571428572,0.15311428571419583,0.4548043756951845,0.9181182238400242,Some,Some,2675.854635325528,,0.0,0.0,,0.0,0.0,0.0,,3019.19576369353,0.0,0.0,0.0,0.0,0.0,,0.0,0.0
20022,10.872,821.52979,821.53381,4.893286132640852,C46H79O10P,CCC=CCC=CCC=CCC=CCC=CCCCCCC(=O)OC(COC(=O)CCCCC=CCCCCCCCCCCC)COP(=O)(O)OCC(O)CO,[M-H]-,PG 18:1_22:5,"PG 18:1(6)_22:5(7,10,13,16,19)",0.8000000000000002,0.14834833333323635,0.3257709736108272,0.8945152095831554,Some,Some,11492.334890769036,,0.0,0.0,,0.0,0.0,0.0,,23739.698825086874,0.0,0.0,0.0,0.0,0.0,,0.0,0.0
20022,10.872,821.52979,821.53381,4.893286132640852,C46H79O10P,CCCCCC=CCC=CCC=CCC=CCC=CCCC(=O)OC(COC(=O)CCCCC=CCCCCCCCCCCC)COP(=O)(O)OCC(O)CO,[M-H]-,PG 18:1_22:5,"PG 18:1(6)_22:5(4,7,10,13,16)",0.6375714285714287,0.15091071428563346,0.20480730110899684,0.6374122852838762,Some,Some,3937.7807443219745,,0.0,0.0,,0.0,0.0,0.0,,3982.624524242926,0.0,0.0,0.0,0.0,0.0,,0.0,0.0
20022,10.872,821.52979,821.53381,4.893286132640852,C46H79O10P,CCCCCC=CCC=CCC=CCC=CCC=CCCC(=O)OC(COC(=O)CCCCCCCC=CCCCCCCCC)COP(=O)(O)OCC(O)CO,[M-H]-,PG 18:1_22:5,"PG 18:1(9)_22:5(4,7,10,13,16)",0.5818571428571432,0.1484557142856358,0.25076202186282776,0.6305926768194652,Some,Some,8459.087547128966,,0.0,0.0,,0.0,0.0,0.0,,22152.076783054774,0.0,0.0,0.0,0.0,0.0,,0.0,0.0
20022,10.872,821.52979,821.53381,4.893286132640852,C46H79O10P,CCCCCC=CCC=CCC=CCC=CCC=CCCC(=O)OC(COC(=O)CCCCCCCCCC=CCCCCCC)COP(=O)(O)OCC(O)CO,[M-H]-,PG 18:1_22:5,"PG 18:1(11)_22:5(4,7,10,13,16)",0.647529411764706,0.19984647058814678,0.22580677963043433,0.6261253957851088,All,Some,2675.854635325528,,0.0,0.0,,0.0,0.0,0.0,,3548.4031110375645,0.0,0.0,0.0,0.0,0.0,,0.0,0.0
20227,10.956,824.585,824.58109,4.741801682620388,C44H80NO7P,CCCCCCCCCCCCCCCC(=O)OC(COCCCCC=CCC=CCC=CCC=CCC=CCC)COP(=O)([O-])OCC[N+](C)(C)C,[M+CH3COO]-,PC O-20:5_16:0,"PC O-20:5(5,8,11,14,17)_16:0",0.7434000000000001,0.24402099999998655,0.3551603655435017,0.7934875289891624,All,Some,0.0,0.0,1650000.0,2200000.0,0.0,0.0,0.0,0.0,0.0,0.0,1780000.0,1510000.0,0.0,0.0,1760000.0,0.0,0.0,0.0
20562,11.094,850.60041,850.59674,4.314617994017309,C46H82NO7P,CCCCCCC=CCCCCCCCCCC(=O)OC(COCCCCC=CCC=CCC=CCC=CCC=CCC)COP(=O)([O-])OCC[N+](C)(C)C,[M+CH3COO]-,PC O-20:5_18:1,"PC O-20:5(5,8,11,14,17)_18:1(11)",0.6059999999999992,0.19853099999996857,0.6722211320980984,0.991574218888313,All,Some,0.0,0.0,258118.6248583302,224891.40995990307,0.0,0.0,0.0,0.0,0.0,0.0,231099.91275309125,219153.5150645624,0.0,0.0,221111.88860121754,0.0,0.0,0.0
20562,11.094,850.60041,850.59674,4.314617994017309,C46H82NO7P,CCCCCCCCC=CCCCCCCCC(=O)OC(COCCCCC=CCC=CCC=CCC=CCC=CCC)COP(=O)([O-])OCC[N+](C)(C)C,[M+CH3COO]-,PC O-20:5_18:1,"PC O-20:5(5,8,11,14,17)_18:1(9)",0.665999999999999,0.213827499999951,0.6174531111580925,0.9840458000423216,Some,Some,0.0,0.0,239168.87041934268,196417.28134878818,0.0,0.0,0.0,0.0,0.0,0.0,203447.75715274227,219153.5150645624,0.0,0.0,221111.88860121754,0.0,0.0,0.0
20562,11.094,850.60041,850.59674,4.314617994017309,C46H82NO7P,CCCCCCCCCCCC=CCCCCC(=O)OC(COCCCCC=CCC=CCC=CCC=CCC=CCC)COP(=O)([O-])OCC[N+](C)(C)C,[M+CH3COO]-,PC O-20:5_18:1,"PC O-20:5(5,8,11,14,17)_18:1(6)",0.7034999999999996,0.23440374999994162,0.5752079516063986,0.9633141564458051,Some,Some,0.0,0.0,1782712.5047223272,1908691.3086913088,0.0,0.0,0.0,0.0,0.0,0.0,1705452.3300941666,1911692.9698708751,0.0,0.0,1787776.222797565,0.0,0.0,0.0
20752,11.151,824.5847,824.58109,4.377980581607289,C44H80NO7P,CCCCCCCCCCCCCCCC(=O)OC(COCCCCC=CCC=CCC=CCC=CCC=CCC)COP(=O)([O-])OCC[N+](C)(C)C,[M+CH3COO]-,PC O-20:5_16:0,"PC O-20:5(5,8,11,14,17)_16:0",0.8117777777777775,0.1464522222222134,0.328556624046388,0.9091391838639784,All,Some,0.0,746000.0,0.0,0.0,,724000.0,741000.0,1410000.0,728000.0,0.0,0.0,0.0,1440000.0,1460000.0,0.0,1530000.0,1290000.0,
20754,11.152,876.61576,876.61239,3.8443444770591033,C48H84NO7P,CCCCCCCCC=CCCCCCCCC(=O)OC(COCCCC=CCC=CCC=CCC=CCC=CCC=CCC)COP(=O)([O-])OCC[N+](C)(C)C,[M+CH3COO]-,PC O-22:6_18:1,"PC O-22:6(4,7,10,13,16,19)_18:1(9)",0.7437142857142851,0.33902142857139744,0.517541331007404,0.8639129121924023,Some,Some,939.2942425046433,0.0,75449.69808617338,18034.478322398045,0.0,0.0,0.0,0.0,0.0,0.0,26574.87725040917,87246.09172792215,0.0,0.0,31748.255234297107,0.0,0.0,0.0
20754,11.152,876.61576,876.61239,3.8443444770591033,C48H84NO7P,CCCCCCC=CCCCCCCCCCC(=O)OC(COCCCC=CCC=CCC=CCC=CCC=CCC=CCC)COP(=O)([O-])OCC[N+](C)(C)C,[M+CH3COO]-,PC O-22:6_18:1,"PC O-22:6(4,7,10,13,16,19)_18:1(11)",0.7936666666666667,0.3586249999999609,0.43787543301039306,0.8214878897093851,All,Some,3120.880870257363,0.0,265974.72111349914,201801.3636948411,0.0,0.0,0.0,0.0,0.0,0.0,227090.42553191487,278477.0680194637,0.0,0.0,298263.7088733798,0.0,0.0,0.0
20754,11.152,876.61576,876.61239,3.8443444770591033,C48H84NO7P,CCCCCCCCCCCC=CCCCCC(=O)OC(COCCCC=CCC=CCC=CCC=CCC=CCC=CCC)COP(=O)([O-])OCC[N+](C)(C)C,[M+CH3COO]-,PC O-22:6_18:1,"PC O-22:6(4,7,10,13,16,19)_18:1(6)",0.7674285714285715,0.3384157142856696,0.3753093728065853,0.7577315783831055,Some,Some,1649.8248872379943,0.0,95575.58080032749,46164.15798276083,0.0,0.0,0.0,0.0,0.0,0.0,67334.69721767594,104276.84025261414,0.0,0.0,95988.03589232302,0.0,0.0,0.0
20772,11.157,806.59932,806.60691,9.409787972107107,C47H86NO7P,CCCCCCCCCCCCCCCCCC(=O)OC(COCCCCCCCCC=CCC=CCC=CCC=CCC=CCC)COP(=O)(O)OCCN,[M-H]-,PE O-24:5_18:0,"PE O-24:5(9,12,15,18,21)_18:0",0.9340000000000004,0.035180999999965934,0.11091358271560851,0.9122774244440752,All,Some,29569.400630914824,0.0,0.0,0.0,0.0,0.0,0.0,0.0,0.0,49479.30413917216,0.0,0.0,0.0,0.0,0.0,0.0,0.0,0.0
20772,11.157,806.59932,806.60691,9.409787972107107,C47H86NO7P,CCCCCCCCCCCCCCCCCC(=O)OC(COCCCCCC=CCC=CCC=CCC=CCC=CCCCCC)COP(=O)(O)OCCN,[M-H]-,PE O-24:5_18:0,"PE O-24:5(6,9,12,15,18)_18:0",0.8197777777777778,0.2374166666666421,0.21172999553689084,0.7384236626498881,All,Some,10930.599369085174,0.0,0.0,0.0,0.0,0.0,0.0,0.0,0.0,43720.69586082783,0.0,0.0,0.0,0.0,0.0,0.0,0.0,0.0
21124,11.284,810.56546,810.56544,0.02467413372964889,C44H80NO7P,CCC=CCC=CCC=CCCCCCCCCCC(=O)OC(COCCCCCC=CCC=CCCCCCC)COP(=O)([O-])OCC[N+](C)(C)C,[M+HCOO]-,PC O-16:2_20:3,"PC O-16:2(6,9)_20:3(11,14,17)",0.7961999999999996,0.13877899999999954,0.06208018269366071,0.6614289644242947,All,Some,0.0,1706.7435989902633,0.0,0.0,1275.7340241796203,0.0,0.0,1423.751114507706,0.0,0.0,0.0,0.0,0.0,2436.486557623614,0.0,0.0,0.0,1188.127548523895
21124,11.284,810.56546,810.56544,0.02467413372964889,C44H80NO7P,CCCCCC=CCC=CCC=CCCCCCCC(=O)OC(COCCCCCC=CCC=CCCCCCC)COP(=O)([O-])OCC[N+](C)(C)C,[M+HCOO]-,PC O-16:2_20:3,"PC O-16:2(6,9)_20:3(8,11,14)",0.8103999999999992,0.13844299999998383,0.0,0.6186056000000122,All,None,0.0,1096.631806707537,0.0,0.0,826.1571675302247,0.0,0.0,623.9714686027258,0.0,0.0,0.0,0.0,0.0,1066.4147396127094,0.0,0.0,0.0,715.6532376447564
21124,11.284,810.56546,810.56544,0.02467413372964889,C44H80NO7P,CCCCCCCCC=CCC=CCC=CCCCC(=O)OC(COCCCCCC=CCC=CCCCCCC)COP(=O)([O-])OCC[N+](C)(C)C,[M+HCOO]-,PC O-16:2_20:3,"PC O-16:2(6,9)_20:3(5,8,11)",0.7939999999999994,0.18164899999995895,0.0,0.5692808000000323,All,None,0.0,2636.6245943022,0.0,0.0,3428.1088082901556,0.0,0.0,4572.277416889568,0.0,0.0,0.0,0.0,0.0,5237.0987027636775,0.0,0.0,0.0,4746.219213831349
21269,11.336,876.6159,876.61239,4.004050182322515,C48H84NO7P,CCCCCCCCC=CCCCCCCCC(=O)OC(COCCCC=CCC=CCC=CCC=CCC=CCC=CCC)COP(=O)([O-])OCC[N+](C)(C)C,[M+CH3COO]-,PC O-22:6_18:1,"PC O-22:6(4,7,10,13,16,19)_18:1(9)",0.6918333333333336,0.3107391666666312,0.6982386131828493,1.0024734185312598,Some,Some,0.0,234959.46455505278,0.0,0.0,158953.29613556524,168602.05728116175,193532.33830845772,319216.22720802546,150822.05615027266,0.0,0.0,0.0,319334.80738158,297775.2266866317,0.0,268959.9057777483,295383.11129215924,295716.9674435477
21269,11.336,876.6159,876.61239,4.004050182322515,C48H84NO7P,CCCCCCC=CCCCCCCCCCC(=O)OC(COCCCC=CCC=CCC=CCC=CCC=CCC=CCC)COP(=O)([O-])OCC[N+](C)(C)C,[M+CH3COO]-,PC O-22:6_18:1,"PC O-22:6(4,7,10,13,16,19)_18:1(11)",0.6365714285714285,0.28006499999996287,0.6364018054786937,0.9216239106451398,All,Some,0.0,101654.41176470587,0.0,0.0,76777.22669973136,77120.81484469544,87810.94527363183,213497.89873246118,71682.48838618462,0.0,0.0,0.0,224882.89820562975,217281.92330089014,0.0,187755.42026773715,198861.3963134067,231516.36891266893
21269,11.336,876.6159,876.61239,4.004050182322515,C48H84NO7P,CCCCCCCCCCCC=CCCCCC(=O)OC(COCCCC=CCC=CCC=CCC=CCC=CCC=CCC)COP(=O)([O-])OCC[N+](C)(C)C,[M+CH3COO]-,PC O-22:6_18:1,"PC O-22:6(4,7,10,13,16,19)_18:1(6)",0.6493333333333338,0.31280083333329384,0.5322159203735451,0.8131536616695559,Some,Some,0.0,58386.123680241326,0.0,0.0,39269.47716470345,47277.12787414281,43656.71641791046,94285.87405951333,37495.45546354272,0.0,0.0,0.0,97782.29441279019,85942.85001247816,0.0,78284.67395451454,81755.492394434,93766.66364378344
21309,11.357,794.56798,794.57053,3.2092808676510214,C45H82NO8P,CCC=CCC=CCC=CCCCCCCCCCC(=O)OC(COC(=O)CCCCCCCCCC=CCCCCCCCC)COP(=O)(O)OCCN,[M-H]-,PE 20:1_20:3,"PE 20:1(11)_20:3(11,14,17)",0.5470000000000012,0.06580499999991692,0.27857324733314376,0.6903719225998969,Some,Some,0.0,0.0,0.0,0.0,0.0,338.346957311535,0.0,0.0,0.0,0.0,0.0,0.0,0.0,0.0,0.0,0.0,0.0,0.0
21309,11.357,794.56798,794.57053,3.2092808676510214,C45H82NO8P,CCCCCCCCC=CCC=CCC=CCCCC(=O)OC(COC(=O)CCCCCCCCCC=CCCCCCCCC)COP(=O)(O)OCCN,[M-H]-,PE 20:1_20:3,"PE 20:1(11)_20:3(5,8,11)",0.7350000000000003,0.3257124999999519,0.23868591807381043,0.6157473262664681,Some,Some,0.0,0.0,0.0,0.0,0.0,351.8135028761732,0.0,0.0,0.0,0.0,0.0,0.0,0.0,0.0,0.0,0.0,0.0,0.0
21309,11.357,794.56798,794.57053,3.2092808676510214,C45H82NO8P,CCCCCCCCC=CCC=CCC=CCCCC(=O)OC(COC(=O)CCCCCCCCCCCC=CCCCCCC)COP(=O)(O)OCCN,[M-H]-,PE 20:1_20:3,"PE 20:1(13)_20:3(5,8,11)",0.6155000000000004,0.2930312499999843,0.2388318153588767,0.534473633823002,All,Some,0.0,0.0,0.0,0.0,0.0,441.0293672419013,0.0,0.0,0.0,0.0,0.0,0.0,0.0,0.0,0.0,0.0,0.0,0.0
21309,11.357,794.56798,794.57053,3.2092808676510214,C45H82NO8P,CCCCCC=CCC=CCC=CCCCCCCC(=O)OC(COC(=O)CCCCCCCCCCCC=CCCCCCC)COP(=O)(O)OCCN,[M-H]-,PE 20:1_20:3,"PE 20:1(13)_20:3(8,11,14)",0.6234999999999995,0.0719649999999632,0.0,0.503578000000029,All,None,0.0,0.0,0.0,0.0,0.0,338.346957311535,0.0,0.0,0.0,0.0,0.0,0.0,0.0,0.0,0.0,0.0,0.0,0.0
21309,11.357,794.56798,794.57053,3.2092808676510214,C45H82NO8P,CCCCCC=CCC=CCC=CCCCCCCC(=O)OC(COC(=O)CCCCCCCCCC=CCCCCCCCC)COP(=O)(O)OCCN,[M-H]-,PE 20:1_20:3,"PE 20:1(11)_20:3(8,11,14)",0.7566666666666665,0.22206333333328607,0.0,0.5033493333333711,Some,None,0.0,0.0,0.0,0.0,0.0,512.5703905540418,0.0,0.0,0.0,0.0,0.0,0.0,0.0,0.0,0.0,0.0,0.0,0.0
21309,11.357,794.56798,794.57053,3.2092808676510214,C45H82NO8P,CCC=CCC=CCC=CCCCCCCCCCC(=O)OC(COC(=O)CCCCCCCCCCCC=CCCCCCC)COP(=O)(O)OCCN,[M-H]-,PE 20:1_20:3,"PE 20:1(13)_20:3(11,14,17)",0.4772500000000002,0.15825874999995904,0.20892993549985783,0.49095494194990497,All,Some,0.0,0.0,0.0,0.0,0.0,797.8928247048137,0.0,0.0,0.0,0.0,0.0,0.0,0.0,0.0,0.0,0.0,0.0,0.0
21563,11.466,786.56501,786.56544,0.5466805151489187,C42H80NO7P,CCCCCCCCC=CCCCCCCCC(=O)OC(COCCCCCC=CCC=CCCCCCC)COP(=O)([O-])OCC[N+](C)(C)C,[M+HCOO]-,PC O-16:2_18:1,"PC O-16:2(6,9)_18:1(9)",0.8072000000000003,0.08348599999997078,0.07482821537407644,0.7270365938366925,All,Some,0.0,0.0,0.0,0.0,0.0,0.0,0.0,0.0,0.0,0.0,0.0,,0.0,0.0,0.0,0.0,0.0,0.0
21563,11.466,786.56501,786.56544,0.5466805151489187,C42H80NO7P,CCCCCCC=CCCCCCCCCCC(=O)OC(COCCCCCC=CCC=CCCCCCC)COP(=O)([O-])OCC[N+](C)(C)C,[M+HCOO]-,PC O-16:2_18:1,"PC O-16:2(6,9)_18:1(11)",0.7366666666666669,0.09839999999996962,0.1247136922901274,0.6965223230611391,All,Some,0.0,0.0,8950.631313131313,26100.0,0.0,0.0,0.0,0.0,0.0,0.0,24400.0,,0.0,0.0,22408.074981975486,0.0,0.0,0.0
21563,11.466,786.56501,786.56544,0.5466805151489187,C42H80NO7P,CCCCCCCCCCCC=CCCCCC(=O)OC(COCCCCCC=CCC=CCCCCCC)COP(=O)([O-])OCC[N+](C)(C)C,[M+HCOO]-,PC O-16:2_18:1,"PC O-16:2(6,9)_18:1(6)",0.7731999999999999,0.09171599999995124,0.07482821537407644,0.6898525938367077,All,Some,0.0,0.0,19749.36868686869,0.0,0.0,0.0,0.0,0.0,0.0,0.0,0.0,,0.0,0.0,7191.9250180245135,0.0,0.0,0.0
21767,11.557,810.56638,810.56544,1.1596842816468362,C44H80NO7P,CCCCCC=CCC=CCC=CCCCCCCC(=O)OC(COCCCCCC=CCC=CCCCCCC)COP(=O)([O-])OCC[N+](C)(C)C,[M+HCOO]-,PC O-16:2_20:3,"PC O-16:2(6,9)_20:3(8,11,14)",0.8617500000000002,0.27881999999998186,0.13267293964177368,0.6719246456776111,All,Some,0.0,0.0,0.0,0.0,0.0,0.0,0.0,0.0,0.0,0.0,0.0,0.0,0.0,0.0,0.0,0.0,0.0,0.0
21767,11.557,810.56638,810.56544,1.1596842816468362,C44H80NO7P,CCC=CCC=CCC=CCCCCCCCCCC(=O)OC(COCCCCCC=CCC=CCCCCCC)COP(=O)([O-])OCC[N+](C)(C)C,[M+HCOO]-,PC O-16:2_20:3,"PC O-16:2(6,9)_20:3(11,14,17)",0.8157142857142868,0.39637285714284837,0.2672279177709224,0.6575496974224097,All,Some,0.0,0.0,0.0,0.0,0.0,0.0,0.0,0.0,0.0,5165.625,0.0,0.0,0.0,0.0,0.0,0.0,0.0,0.0
21767,11.557,810.56638,810.56544,1.1596842816468362,C44H80NO7P,CCCCCCCCC=CCC=CCC=CCCCC(=O)OC(COCCCCCC=CCC=CCCCCCC)COP(=O)([O-])OCC[N+](C)(C)C,[M+HCOO]-,PC O-16:2_20:3,"PC O-16:2(6,9)_20:3(5,8,11)",0.7813333333333338,0.37303499999994,0.10816324297509217,0.5021189186776313,All,Some,0.0,0.0,0.0,0.0,0.0,0.0,0.0,0.0,0.0,6434.375000000001,0.0,0.0,0.0,0.0,0.0,0.0,0.0,0.0
21880,11.604,786.56501,786.56544,0.5466805151489187,C42H80NO7P,CCCCCCCCCCCC=CCCCCC(=O)OC(COCCCCCC=CCC=CCCCCCC)COP(=O)([O-])OCC[N+](C)(C)C,[M+HCOO]-,PC O-16:2_18:1,"PC O-16:2(6,9)_18:1(6)",0.9091999999999999,0.05234999999993306,0.0,0.7764000000000535,All,None,,0.0,0.0,0.0,0.0,0.0,0.0,2973.526297211436,0.0,,0.0,3849.9594484995937,2854.547310401143,2413.4285417172177,0.0,5553.159851301116,2558.8213491475167,2005.7991513437062
21880,11.604,786.56501,786.56544,0.5466805151489187,C42H80NO7P,CCCCCCC=CCCCCCCCCCC(=O)OC(COCCCCCC=CCC=CCCCCCC)COP(=O)([O-])OCC[N+](C)(C)C,[M+HCOO]-,PC O-16:2_18:1,"PC O-16:2(6,9)_18:1(11)",0.8566666666666668,0.03300999999995232,0.0,0.7445920000000382,All,None,,7472.084805653712,0.0,0.0,5291.197691197692,5713.131313131314,7879.569892473118,21939.286974938226,6433.333333333333,,0.0,21003.24412003244,20776.76839848933,23265.45114215398,0.0,22717.472118959107,21017.494440326165,19642.99858557284
21880,11.604,786.56501,786.56544,0.5466805151489187,C42H80NO7P,CCCCCCCCC=CCCCCCCCC(=O)OC(COCCCCCC=CCC=CCCCCCC)COP(=O)([O-])OCC[N+](C)(C)C,[M+HCOO]-,PC O-16:2_18:1,"PC O-16:2(6,9)_18:1(9)",0.8631999999999997,0.04421599999996033,0.0,0.7415072000000316,All,None,,14327.91519434629,0.0,0.0,12508.80230880231,11086.86868686869,15020.430107526883,29087.186727850334,12866.666666666666,,0.0,22146.796431467963,29468.684291109523,30021.12031612881,0.0,29929.368029739777,29123.684210526317,27251.202263083454
21963,11.621,841.53233,841.52364,10.326507286237876,C45H79O12P,CCCCCCCCCCCC=CCCCCC(=O)OC(COCCCCCC=CCC=CCC=CCC=CCC)COP(=O)(O)OC1C(O)C(O)C(O)C(O)C1O,[M-H]-,PI O-18:4_18:1,"PI O-18:4(6,9,12,15)_18:1(6)",0.8736666666666668,0.31924333333330424,0.5910105146959618,1.0628147965597223,Some,Some,0.0,0.0,0.0,0.0,0.0,0.0,0.0,0.0,0.0,0.0,0.0,0.0,0.0,0.0,0.0,0.0,0.0,0.0
21963,11.621,841.53233,841.52364,10.326507286237876,C45H79O12P,CCCCCCC=CCCCCCCCCCC(=O)OC(COCCCCCC=CCC=CCC=CCC=CCC)COP(=O)(O)OC1C(O)C(O)C(O)C(O)C1O,[M-H]-,PI O-18:4_18:1,"PI O-18:4(6,9,12,15)_18:1(11)",0.7477500000000004,0.3144125000000031,0.3426659096398037,0.7298443186758212,Some,Some,0.0,0.0,0.0,0.0,0.0,0.0,0.0,0.0,0.0,0.0,0.0,0.0,0.0,0.0,0.0,0.0,0.0,0.0
21963,11.621,841.53233,841.52364,10.326507286237876,C45H79O12P,CCCCCCCCC=CCCCCCCCC(=O)OC(COCCCCCC=CCC=CCC=CCC=CCC)COP(=O)(O)OC1C(O)C(O)C(O)C(O)C1O,[M-H]-,PI O-18:4_18:1,"PI O-18:4(6,9,12,15)_18:1(9)",0.8090000000000005,0.4746283333333281,0.3169619244366524,0.633663065326325,Some,Some,0.0,0.0,0.0,0.0,0.0,0.0,0.0,0.0,0.0,20400.0,0.0,0.0,0.0,0.0,0.0,0.0,0.0,0.0
22016,11.634,812.58031,812.58109,0.9599041985623435,C44H82NO7P,CCCCCCCCC=CCCCCCCCC(=O)OC(COCCCCCC=CCC=CCC=CCCCCC)COP(=O)([O-])OCC[N+](C)(C)C,[M+HCOO]-,PC O-18:3_18:1,"PC O-18:3(6,9,12)_18:1(9)",0.9190000000000005,0.06604999999990468,0.10154462837224905,0.8656501655351009,Some,Some,,0.0,0.0,0.0,945.4469794575906,0.0,0.0,1405.693328676214,1016.8929326132895,0.0,0.0,0.0,2035.306027615507,2077.2702538331037,0.0,0.0,920.643295432804,2168.1139986803737
22016,11.634,812.58031,812.58109,0.9599041985623435,C44H82NO7P,CCCCCCC=CCCCCCCCCCC(=O)OC(COCCCCCC=CCC=CCC=CCCCCC)COP(=O)([O-])OCC[N+](C)(C)C,[M+HCOO]-,PC O-18:3_18:1,"PC O-18:3(6,9,12)_18:1(11)",0.8665000000000007,0.06535249999991777,0.13093757402951503,0.84541181662663,All,Some,,0.0,0.0,0.0,221.36186490184932,0.0,0.0,358.8892769821866,217.09321436957032,0.0,0.0,0.0,551.4471587891662,530.0726609263467,0.0,0.0,254.16131412796898,778.4092118425813
22016,11.634,812.58031,812.58109,0.9599041985623435,C44H82NO7P,CCCCCCC=CCCCCCCCCCC(=O)OC(COCCCCCCCCC=CCC=CCC=CCC)COP(=O)([O-])OCC[N+](C)(C)C,[M+HCOO]-,PC O-18:3_18:1,"PC O-18:3(9,12,15)_18:1(11)",0.843500000000001,0.28179499999997404,0.26492129081167165,0.7721431617305262,All,Some,,0.0,0.0,0.0,95.90832339689983,0.0,0.0,204.33112120153686,106.65884010331062,0.0,0.0,0.0,132.42498672331385,297.6857334912454,0.0,0.0,142.96573919698253,500.90458250856693
22016,11.634,812.58031,812.58109,0.9599041985623435,C44H82NO7P,CCCCCCCCC=CCCCCCCCC(=O)OC(COCCCCCCCCC=CCC=CCC=CCC)COP(=O)([O-])OCC[N+](C)(C)C,[M+HCOO]-,PC O-18:3_18:1,"PC O-18:3(9,12,15)_18:1(9)",0.9450000000000008,0.20816833333329518,0.07303880366710432,0.7497002566337585,Some,Some,,0.0,0.0,0.0,2028.4837669352835,0.0,0.0,2862.4694376528123,2135.111763324724,0.0,0.0,0.0,4116.824880509824,4129.573317115329,0.0,0.0,1878.7940730314047,3906.7066811399864
22016,11.634,812.58031,812.58109,0.9599041985623435,C44H82NO7P,CCCCCCCCCCCC=CCCCCC(=O)OC(COCCCCCC=CCC=CCC=CCCCCC)COP(=O)([O-])OCC[N+](C)(C)C,[M+HCOO]-,PC O-18:3_18:1,"PC O-18:3(6,9,12)_18:1(6)",0.7956666666666674,0.07837999999988672,0.10154462837224905,0.7447861655351155,Some,Some,,0.0,0.0,0.0,1304.3986523795422,0.0,0.0,1856.531610199092,1365.8466776238552,0.0,0.0,0.0,2749.8572756240037,2696.8406901187536,0.0,0.0,1236.793806543308,2636.992103526807
22016,11.634,812.58031,812.58109,0.9599041985623435,C44H82NO7P,CCCCCCCCCCCC=CCCCCC(=O)OC(COCCCCCCCCC=CCC=CCC=CCC)COP(=O)([O-])OCC[N+](C)(C)C,[M+HCOO]-,PC O-18:3_18:1,"PC O-18:3(9,12,15)_18:1(6)",0.7800000000000007,0.28163374999995483,0.21014218806134344,0.6658209692552459,All,Some,,0.0,0.0,0.0,1084.4004129288337,0.0,0.0,1562.0852252881596,1188.3965719652501,0.0,0.0,0.0,2114.139670738183,2268.5573445152195,0.0,0.0,1036.641771667532,2308.873422301683
22494,11.812,824.58467,824.58109,4.341598471464619,C44H80NO7P,CCCCCCCCCCCCCCCC(=O)OC(COCCCCC=CCC=CCC=CCC=CCC=CCC)COP(=O)([O-])OCC[N+](C)(C)C,[M+CH3COO]-,PC O-20:5_16:0,"PC O-20:5(5,8,11,14,17)_16:0",0.7517777777777783,0.17232444444444658,0.3993541558284087,0.8981591846900111,All,Some,679000.0,0.0,0.0,0.0,0.0,0.0,0.0,0.0,0.0,1300000.0,,0.0,0.0,0.0,0.0,0.0,0.0,0.0
22707,11.908,796.58685,796.58618,0.841089158757079,C45H84NO8P,CCCCCC=CCC=CCCCCCCCCCCCC(=O)OC(COC(=O)CCCCCCCC=CCCCCCCCC)COP(=O)(O)OCCN,[M-H]-,PE 18:1_22:2,"PE 18:1(9)_22:2(13,16)",0.7089999999999996,0.027549999999962438,0.0,0.6160600000000297,Some,None,0.0,0.0,0.0,,0.0,0.0,0.0,6510.38961038961,0.0,0.0,0.0,0.0,14400.0,0.0,0.0,0.0,7753.846153846152,3229.0909090909086
22707,11.908,796.58685,796.58618,0.841089158757079,C45H84NO8P,CCCCCC=CCC=CCCCCCCCCCCCC(=O)OC(COC(=O)CCCCC=CCCCCCCCCCCC)COP(=O)(O)OCCN,[M-H]-,PE 18:1_22:2,"PE 18:1(6)_22:2(13,16)",0.7575000000000003,0.3321399999999528,0.20611519372176937,0.6015416743496305,All,Some,0.0,0.0,0.0,,0.0,0.0,0.0,0.0,0.0,0.0,0.0,0.0,0.0,0.0,0.0,0.0,0.0,0.0
22707,11.908,796.58685,796.58618,0.841089158757079,C45H84NO8P,CCCCCC=CCC=CCCCCCCCCCCCC(=O)OC(COC(=O)CCCCCCCCCC=CCCCCCC)COP(=O)(O)OCCN,[M-H]-,PE 18:1_22:2,"PE 18:1(11)_22:2(13,16)",0.5893333333333336,0.3054766666666258,0.0,0.2860186666666995,All,None,0.0,0.0,0.0,,0.0,0.0,0.0,5189.61038961039,0.0,0.0,0.0,0.0,0.0,0.0,0.0,0.0,7446.153846153847,3490.9090909090905
22801,11.954,810.56613,810.56544,0.8512576110781467,C44H80NO7P,CCCCCC=CCC=CCC=CCCCCCCC(=O)OC(COCCCCCC=CCC=CCCCCCC)COP(=O)([O-])OCC[N+](C)(C)C,[M+HCOO]-,PC O-16:2_20:3,"PC O-16:2(6,9)_20:3(8,11,14)",0.7487499999999998,0.16386874999996337,0.07202133982146096,0.607599205839344,All,Some,0.0,0.0,0.0,,0.0,0.0,0.0,0.0,0.0,282.19895287958116,0.0,0.0,0.0,0.0,0.0,0.0,0.0,0.0
22801,11.954,810.56613,810.56544,0.8512576110781467,C44H80NO7P,CCC=CCC=CCC=CCCCCCCCCCC(=O)OC(COCCCCCC=CCC=CCCCCCC)COP(=O)([O-])OCC[N+](C)(C)C,[M+HCOO]-,PC O-16:2_20:3,"PC O-16:2(6,9)_20:3(11,14,17)",0.7215000000000003,0.2589400000000097,0.15219579488105572,0.5791742153929427,All,Some,0.0,0.0,0.0,,0.0,0.0,0.0,0.0,0.0,7129.842931937172,0.0,0.0,0.0,0.0,0.0,0.0,0.0,0.0
22801,11.954,810.56613,810.56544,0.8512576110781467,C44H80NO7P,CCCCCCCCC=CCC=CCC=CCCCC(=O)OC(COCCCCCC=CCC=CCCCCCC)COP(=O)([O-])OCC[N+](C)(C)C,[M+HCOO]-,PC O-16:2_20:3,"PC O-16:2(6,9)_20:3(5,8,11)",0.8129999999999997,0.2263274999999254,0.0,0.5506380000000595,All,None,0.0,0.0,0.0,,0.0,0.0,0.0,0.0,0.0,3587.958115183246,0.0,0.0,0.0,0.0,0.0,0.0,0.0,0.0
22941,11.99,876.61576,876.61239,3.8443444770591033,C48H84NO7P,CCCCCCCCC=CCCCCCCCC(=O)OC(COCCCC=CCC=CCC=CCC=CCC=CCC=CCC)COP(=O)([O-])OCC[N+](C)(C)C,[M+CH3COO]-,PC O-22:6_18:1,"PC O-22:6(4,7,10,13,16,19)_18:1(9)",0.7848000000000003,0.34667199999996684,0.7326734320440631,1.0883884888396835,Some,Some,73596.36599610643,0.0,0.0,0.0,0.0,0.0,1473.3333333333335,0.0,0.0,92852.8438800555,0.0,0.0,0.0,0.0,0.0,0.0,0.0,0.0
22941,11.99,876.61576,876.61239,3.8443444770591033,C48H84NO7P,CCCCCCCCCCCC=CCCCCC(=O)OC(COCCCC=CCC=CCC=CCC=CCC=CCC=CCC)COP(=O)([O-])OCC[N+](C)(C)C,[M+CH3COO]-,PC O-22:6_18:1,"PC O-22:6(4,7,10,13,16,19)_18:1(6)",0.8207499999999999,0.3343749999999517,0.6668968361684461,1.07138215255164,Some,Some,88983.77676833226,0.0,0.0,0.0,0.0,0.0,1473.3333333333335,0.0,0.0,151542.41809838865,0.0,0.0,0.0,0.0,0.0,0.0,0.0,0.0
22941,11.99,876.61576,876.61239,3.8443444770591033,C48H84NO7P,CCCCCCC=CCCCCCCCCCC(=O)OC(COCCCC=CCC=CCC=CCC=CCC=CCC=CCC)COP(=O)([O-])OCC[N+](C)(C)C,[M+CH3COO]-,PC O-22:6_18:1,"PC O-22:6(4,7,10,13,16,19)_18:1(11)",0.7994545454545455,0.3319672727272353,0.6662643899088553,1.0535732236452726,All,Some,71419.85723556133,0.0,0.0,0.0,0.0,0.0,1473.3333333333335,0.0,0.0,183604.73802155588,0.0,0.0,0.0,0.0,0.0,0.0,0.0,0.0
22948,11.996,796.58631,796.58618,0.16319640395072138,C45H84NO8P,CCCCCC=CCC=CCCCCCCCCCCCC(=O)OC(COC(=O)CCCCCCCC=CCCCCCCCC)COP(=O)(O)OCCN,[M-H]-,PE 18:1_22:2,"PE 18:1(9)_22:2(13,16)",0.7514999999999992,0.02429499999999507,0.0,0.6569140000000032,Some,None,0.0,0.0,0.0,,0.0,0.0,0.0,0.0,0.0,0.0,0.0,0.0,,0.0,0.0,0.0,0.0,0.0
22948,11.996,796.58631,796.58618,0.16319640395072138,C45H84NO8P,CCCCCC=CCC=CCCCCCCCCCCCC(=O)OC(COC(=O)CCCCC=CCCCCCCCCCCC)COP(=O)(O)OCCN,[M-H]-,PE 18:1_22:2,"PE 18:1(6)_22:2(13,16)",0.7676666666666669,0.22854499999997793,0.1159600760717932,0.6124280684646318,All,Some,0.0,0.0,0.0,,0.0,0.0,0.0,0.0,0.0,0.0,0.0,0.0,,0.0,0.0,0.0,0.0,0.0
22948,11.996,796.58631,796.58618,0.16319640395072138,C45H84NO8P,CCCCCC=CCC=CCCCCCCCCCCCC(=O)OC(COC(=O)CCCCCCCCCC=CCCCCCC)COP(=O)(O)OCCN,[M-H]-,PE 18:1_22:2,"PE 18:1(11)_22:2(13,16)",0.7400000000000002,0.19233999999998255,0.0,0.5121280000000141,All,None,0.0,24600.0,0.0,,11600.0,0.0,22400.0,6830.0,21200.0,0.0,0.0,0.0,,13900.0,0.0,16600.0,0.0,7980.0
23052,12.035,834.63407,834.63821,4.9602330092300635,C49H90NO7P,CCCCCCCCCCCCCCCCCC(=O)OC(COCCCCCCCC=CCC=CCC=CCC=CCC=CCCCCC)COP(=O)(O)OCCN,[M-H]-,PE O-26:5_18:0,"PE O-26:5(8,11,14,17,20)_18:0",0.7170000000000001,0.24372499999999775,0.4907416305099074,0.8919874674589185,All,Some,0.0,0.0,0.0,0.0,8682.151589242054,0.0,0.0,41482.82097649186,0.0,0.0,0.0,0.0,51967.95128595465,23923.44827586207,0.0,38078.31325301204,28064.40229378033,24805.697589481373
23052,12.035,834.63407,834.63821,4.9602330092300635,C49H90NO7P,CCCCCCCCCCCCCCCCCC(=O)OC(COCCCCCCCCCCC=CCC=CCC=CCC=CCC=CCC)COP(=O)(O)OCCN,[M-H]-,PE O-26:5_18:0,"PE O-26:5(11,14,17,20,23)_18:0",0.7246666666666671,0.34572833333335967,0.3143452534377669,0.6585280614273028,All,Some,0.0,150000.0,0.0,0.0,150317.84841075793,147000.0,139000.0,330517.17902350816,143000.0,0.0,0.0,0.0,335032.0487140453,349076.5517241379,0.0,348921.686746988,283935.5977062197,352194.30241051863
23185,12.087,796.58738,796.58618,1.5064283440617006,C45H84NO8P,CCCCCC=CCC=CCCCCCCCCCCCC(=O)OC(COC(=O)CCCCCCCC=CCCCCCCCC)COP(=O)(O)OCCN,[M-H]-,PE 18:1_22:2,"PE 18:1(9)_22:2(13,16)",0.7564999999999991,0.02339999999998099,0.0,0.6621300000000144,Some,None,0.0,,0.0,,,,,0.0,,0.0,,,0.0,0.0,,,,0.0
23185,12.087,796.58738,796.58618,1.5064283440617006,C45H84NO8P,CCCCCC=CCC=CCCCCCCCCCCCC(=O)OC(COC(=O)CCCCC=CCCCCCCCCCCC)COP(=O)(O)OCCN,[M-H]-,PE 18:1_22:2,"PE 18:1(6)_22:2(13,16)",0.735,0.2146249999999744,0.11621387662688298,0.5943924889642153,All,Some,0.0,,0.0,,,,,0.0,,0.0,,,0.0,0.0,,,,0.0
23185,12.087,796.58738,796.58618,1.5064283440617006,C45H84NO8P,CCCCCC=CCC=CCCCCCCCCCCCC(=O)OC(COC(=O)CCCCCCCCCC=CCCCCCC)COP(=O)(O)OCCN,[M-H]-,PE 18:1_22:2,"PE 18:1(11)_22:2(13,16)",0.7979999999999995,0.16289499999997284,0.0,0.5878840000000213,All,None,0.0,,0.0,,,,,0.0,,0.0,,,0.0,0.0,,,,0.0
23297,12.173,786.56588,786.56544,0.5593940156155033,C42H80NO7P,CCCCCCCCCCCC=CCCCCC(=O)OC(COCCCCCC=CCC=CCCCCCC)COP(=O)([O-])OCC[N+](C)(C)C,[M+HCOO]-,PC O-16:2_18:1,"PC O-16:2(6,9)_18:1(6)",0.8610000000000001,0.059514999999995176,0.0,0.7272880000000038,All,None,783.6406067677947,0.0,,0.0,0.0,,0.0,0.0,0.0,0.0,,0.0,0.0,0.0,0.0,0.0,0.0,0.0
23297,12.173,786.56588,786.56544,0.5593940156155033,C42H80NO7P,CCCCCCC=CCCCCCCCCCC(=O)OC(COCCCCCC=CCC=CCCCCCC)COP(=O)([O-])OCC[N+](C)(C)C,[M+HCOO]-,PC O-16:2_18:1,"PC O-16:2(6,9)_18:1(11)",0.8179999999999996,0.05219249999998965,0.0,0.6944460000000079,All,None,783.6406067677947,0.0,,0.0,0.0,,0.0,0.0,0.0,0.0,,0.0,0.0,0.0,0.0,0.0,0.0,0.0
23297,12.173,786.56588,786.56544,0.5593940156155033,C42H80NO7P,CCCCCCCCC=CCCCCCCCC(=O)OC(COCCCCCC=CCC=CCCCCCC)COP(=O)([O-])OCC[N+](C)(C)C,[M+HCOO]-,PC O-16:2_18:1,"PC O-16:2(6,9)_18:1(9)",0.7448,0.0514660000000049,0.0,0.6291471999999961,All,Some,2122.718786464411,0.0,,0.0,0.0,,0.0,0.0,0.0,0.0,,0.0,0.0,0.0,0.0,0.0,0.0,0.0
23401,12.266,786.56482,786.56544,0.7882370218459883,C42H80NO7P,CCCCCCCCCCCC=CCCCCC(=O)OC(COCCCCCC=CCC=CCCCCCC)COP(=O)([O-])OCC[N+](C)(C)C,[M+HCOO]-,PC O-16:2_18:1,"PC O-16:2(6,9)_18:1(6)",0.8343999999999994,0.07064599999996517,0.0,0.6944432000000273,All,None,0.0,0.0,,0.0,0.0,,0.0,0.0,0.0,11980.66121578386,,0.0,0.0,0.0,0.0,0.0,0.0,
23401,12.266,786.56482,786.56544,0.7882370218459883,C42H80NO7P,CCCCCCC=CCCCCCCCCCC(=O)OC(COCCCCCC=CCC=CCCCCCC)COP(=O)([O-])OCC[N+](C)(C)C,[M+HCOO]-,PC O-16:2_18:1,"PC O-16:2(6,9)_18:1(11)",0.7959999999999994,0.05407999999999902,0.0,0.6731360000000003,All,None,5111.597374179431,0.0,,0.0,0.0,,0.0,0.0,0.0,30903.661571276218,,0.0,0.0,0.0,0.0,0.0,0.0,
23401,12.266,786.56482,786.56544,0.7882370218459883,C42H80NO7P,CCCCCCCCC=CCCCCCCCC(=O)OC(COCCCCCC=CCC=CCCCCCC)COP(=O)([O-])OCC[N+](C)(C)C,[M+HCOO]-,PC O-16:2_18:1,"PC O-16:2(6,9)_18:1(9)",0.7752000000000002,0.05861999999999625,0.0,0.6507840000000032,All,None,10888.40262582057,0.0,,0.0,0.0,,0.0,0.0,0.0,39515.677212939925,,0.0,0.0,0.0,0.0,0.0,0.0,
23469,12.29,812.58056,812.58109,0.6522425965218077,C44H82NO7P,CCCCCCCCC=CCCCCCCCC(=O)OC(COCCCCCC=CCC=CCC=CCCCCC)COP(=O)([O-])OCC[N+](C)(C)C,[M+HCOO]-,PC O-18:3_18:1,"PC O-18:3(6,9,12)_18:1(9)",0.8603333333333326,0.09153833333332766,0.0,0.7010693333333372,Some,None,833.2489683159312,0.0,,0.0,,,0.0,0.0,0.0,3923.7444271364884,0.0,0.0,0.0,0.0,0.0,0.0,0.0,0.0
23469,12.29,812.58056,812.58109,0.6522425965218077,C44H82NO7P,CCCCCCCCCCCC=CCCCCC(=O)OC(COCCCCCC=CCC=CCC=CCCCCC)COP(=O)([O-])OCC[N+](C)(C)C,[M+HCOO]-,PC O-18:3_18:1,"PC O-18:3(6,9,12)_18:1(6)",0.8450000000000001,0.09757166666670021,0.0,0.68244266666664,Some,None,131.5433650488602,0.0,,0.0,,,0.0,0.0,0.0,771.705967663963,0.0,0.0,0.0,0.0,0.0,0.0,0.0,0.0
23469,12.29,812.58056,812.58109,0.6522425965218077,C44H82NO7P,CCCCCCC=CCCCCCCCCCC(=O)OC(COCCCCCC=CCC=CCC=CCCCCC)COP(=O)([O-])OCC[N+](C)(C)C,[M+HCOO]-,PC O-18:3_18:1,"PC O-18:3(6,9,12)_18:1(11)",0.8270000000000004,0.08462375000001998,0.0,0.6766009999999845,All,None,53.29409645066362,0.0,,0.0,,,0.0,0.0,0.0,334.08175323628944,0.0,0.0,0.0,0.0,0.0,0.0,0.0,0.0
23469,12.29,812.58056,812.58109,0.6522425965218077,C44H82NO7P,CCCCCCCCC=CCCCCCCCC(=O)OC(COCCCCCCCCC=CCC=CCC=CCC)COP(=O)([O-])OCC[N+](C)(C)C,[M+HCOO]-,PC O-18:3_18:1,"PC O-18:3(9,12,15)_18:1(9)",0.8613333333333321,0.20640666666666144,0.0,0.6100746666666698,Some,None,1853.8309153461396,0.0,,0.0,,,0.0,0.0,0.0,7747.378739861417,0.0,0.0,0.0,0.0,0.0,0.0,0.0,0.0
23469,12.29,812.58056,812.58109,0.6522425965218077,C44H82NO7P,CCCCCCC=CCCCCCCCCCC(=O)OC(COCCCCCCCCC=CCC=CCC=CCC)COP(=O)([O-])OCC[N+](C)(C)C,[M+HCOO]-,PC O-18:3_18:1,"PC O-18:3(9,12,15)_18:1(11)",0.8409999999999997,0.30517625000000237,0.058773291346816546,0.5656549622121329,All,Some,1152.1253120790686,0.0,,0.0,,,0.0,0.0,0.0,4595.340280388892,0.0,0.0,0.0,0.0,0.0,0.0,0.0,0.0
23469,12.29,812.58056,812.58109,0.6522425965218077,C44H82NO7P,CCCCCCCCCCCC=CCCCCC(=O)OC(COCCCCCCCCC=CCC=CCC=CCC)COP(=O)([O-])OCC[N+](C)(C)C,[M+HCOO]-,PC O-18:3_18:1,"PC O-18:3(9,12,15)_18:1(6)",0.8039999999999998,0.3048187500000097,0.058773291346816546,0.532640962212127,All,Some,905.9573427593366,0.0,,0.0,,,0.0,0.0,0.0,3927.7488317129505,0.0,0.0,0.0,0.0,0.0,0.0,0.0,0.0
24093,12.628,834.6341,834.63821,4.924289291726471,C49H90NO7P,CCCCCCCCCCCCCCCCCC(=O)OC(COCCCCCCCCCCC=CCC=CCC=CCC=CCC=CCC)COP(=O)(O)OCCN,[M-H]-,PE O-26:5_18:0,"PE O-26:5(11,14,17,20,23)_18:0",0.8046666666666672,0.24286999999998848,0.3295213747053073,0.8264732372347862,All,Some,27790.530108080293,0.0,0.0,0.0,0.0,0.0,0.0,0.0,0.0,19646.93406524858,0.0,0.0,0.0,0.0,0.0,0.0,0.0,0.0
24093,12.628,834.6341,834.63821,4.924289291726471,C49H90NO7P,CCCCCCCCCCCCCCCCCC(=O)OC(COCCCCCCCC=CCC=CCC=CCC=CCC=CCCCCC)COP(=O)(O)OCCN,[M-H]-,PE O-26:5_18:0,"PE O-26:5(8,11,14,17,20)_18:0",0.6031111111111112,0.24340666666666444,0.32905379641119076,0.6442230834367402,All,Some,95209.46989191971,0.0,0.0,0.0,0.0,0.0,0.0,0.0,0.0,290353.0659347514,0.0,0.0,0.0,0.0,0.0,0.0,0.0,0.0
24795,13.065,778.57493,778.57561,0.8733898047338878,C45H82NO7P,CCCCCC=CCC=CCC=CCC=CCCCC(=O)OC(COCCCCCCCCCCCCC=CCCCCCC)COP(=O)(O)OCCN,[M-H]-,PE O-20:1_20:4,"PE O-20:1(13)_20:4(5,8,11,14)",0.8544444444444446,0.16462222222223014,0.2790903888780719,0.8884835722124808,All,Some,0.0,0.0,0.0,0.0,0.0,0.0,,0.0,0.0,1486.886176554073,,0.0,0.0,0.0,0.0,0.0,0.0,0.0
24795,13.065,778.57493,778.57561,0.8733898047338878,C45H82NO7P,CCCCCC=CCC=CCC=CCC=CCCCC(=O)OC(COCCCCCCCCCCC=CCCCCCCCC)COP(=O)(O)OCCN,[M-H]-,PE O-20:1_20:4,"PE O-20:1(11)_20:4(5,8,11,14)",0.8192499999999998,0.18074375000000487,0.21025963422866067,0.7819636708057905,Some,Some,0.0,0.0,0.0,0.0,0.0,0.0,,0.0,0.0,223.11382344592676,,0.0,0.0,0.0,0.0,0.0,0.0,0.0
24795,13.065,778.57493,778.57561,0.8733898047338878,C45H82NO7P,CCC=CCC=CCC=CCC=CCCCCCCC(=O)OC(COCCCCCCCCCCCCC=CCCCCCC)COP(=O)(O)OCCN,[M-H]-,PE O-20:1_20:4,"PE O-20:1(13)_20:4(8,11,14,17)",0.7315555555555547,0.28639888888887477,0.36771149435162953,0.760221233805366,Some,Some,0.0,0.0,0.0,0.0,0.0,0.0,,0.0,0.0,1486.886176554073,,0.0,0.0,0.0,0.0,0.0,0.0,0.0
24795,13.065,778.57493,778.57561,0.8733898047338878,C45H82NO7P,CCC=CCC=CCC=CCC=CCCCCCCC(=O)OC(COCCCCCCCCCCC=CCCCCCCCC)COP(=O)(O)OCCN,[M-H]-,PE O-20:1_20:4,"PE O-20:1(11)_20:4(8,11,14,17)",0.7862857142857129,0.37182714285713053,0.3542381461559005,0.7290097601117477,Some,Some,0.0,0.0,0.0,0.0,0.0,0.0,,0.0,0.0,223.11382344592676,,0.0,0.0,0.0,0.0,0.0,0.0,0.0
24870,13.104,862.66559,862.66951,4.544034481981061,C51H94NO7P,CCCCCCCCC=CCCCCCCCC(=O)OC(COCCCCCCCCCCCCC=CCC=CCC=CCC=CCCCCC)COP(=O)(O)OCCN,[M-H]-,PE O-28:4_18:1,"PE O-28:4(13,16,19,22)_18:1(9)",0.7853333333333339,0.2302016666666115,0.4529815645805573,0.9303220747892129,Some,Some,27100.0,0.0,5474.199623352167,10527.621195039459,0.0,0.0,0.0,0.0,0.0,41113.49446122859,4663.112899170228,4690.719531611115,0.0,0.0,7703.676190476188,0.0,0.0,0.0
24870,13.104,862.66559,862.66951,4.544034481981061,C51H94NO7P,CCCCCCC=CCCCCCCCCCC(=O)OC(COCCCCCCCCCCCCC=CCC=CCC=CCC=CCCCCC)COP(=O)(O)OCCN,[M-H]-,PE O-28:4_18:1,"PE O-28:4(13,16,19,22)_18:1(11)",0.82525,0.23299874999996462,0.2158181123435201,0.7505623011091964,All,Some,0.0,0.0,5474.199623352167,8905.97519729425,0.0,0.0,0.0,0.0,0.0,10993.2527693857,4663.112899170228,4690.719531611115,0.0,0.0,7703.676190476188,0.0,0.0,0.0
24870,13.104,862.66559,862.66951,4.544034481981061,C51H94NO7P,CCCCCCCCCCCC=CCCCCC(=O)OC(COCCCCCCCCCCCCC=CCC=CCC=CCC=CCCCCC)COP(=O)(O)OCCN,[M-H]-,PE O-28:4_18:1,"PE O-28:4(13,16,19,22)_18:1(6)",0.7545714285714286,0.22550571428567828,0.24664927124973726,0.7206940584105066,Some,Some,0.0,0.0,57851.60075329568,50166.40360766629,0.0,0.0,0.0,0.0,0.0,10993.2527693857,55973.774201659544,59618.560936777765,0.0,0.0,53492.64761904762,0.0,0.0,0.0
26066,13.77,862.66517,862.66951,5.030895319293816,C51H94NO7P,CCCCCCCCC=CCCCCCCCC(=O)OC(COCCCCCCCCCCCCC=CCC=CCC=CCC=CCCCCC)COP(=O)(O)OCCN,[M-H]-,PE O-28:4_18:1,"PE O-28:4(13,16,19,22)_18:1(9)",0.8416000000000011,0.24252999999998792,0.29761732458340334,0.8312715921250737,Some,Some,0.0,0.0,0.0,0.0,0.0,0.0,0.0,0.0,0.0,5916.897322821925,0.0,0.0,0.0,0.0,0.0,0.0,0.0,0.0
26066,13.77,862.66517,862.66951,5.030895319293816,C51H94NO7P,CCCCCCCCCCCC=CCCCCC(=O)OC(COCCCCCCCCCCCCC=CCC=CCC=CCC=CCCCCC)COP(=O)(O)OCCN,[M-H]-,PE O-28:4_18:1,"PE O-28:4(13,16,19,22)_18:1(6)",0.7046666666666669,0.3847816666666783,0.41051566303036213,0.6958387633939834,Some,Some,0.0,0.0,0.0,0.0,0.0,0.0,0.0,0.0,0.0,5916.897322821925,0.0,0.0,0.0,0.0,0.0,0.0,0.0,0.0
26066,13.77,862.66517,862.66951,5.030895319293816,C51H94NO7P,CCCCCCC=CCCCCCCCCCC(=O)OC(COCCCCCCCCCCCCC=CCC=CCC=CCC=CCCCCC)COP(=O)(O)OCCN,[M-H]-,PE O-28:4_18:1,"PE O-28:4(13,16,19,22)_18:1(11)",0.6737499999999996,0.22282249999999237,0.17640824792709697,0.586884423134393,Some,Some,0.0,0.0,0.0,0.0,0.0,0.0,0.0,0.0,0.0,56466.20535435615,0.0,0.0,0.0,0.0,0.0,0.0,0.0,0.0
34957,26.851,1403.99361,1403.99625,1.8803469025850157,C77H146O17P2,CCCCCCC=CCCCCCCCCCC(=O)OCC(COP(=O)(O)OCC(O)COP(=O)(O)OCC(COC(=O)CCCCCCCCCCCCCCC)OC(=O)CCCCCCCCCC=CCCCCCC)OC(=O)CCCCCCCCCCCCCCC,[M-H]-,CL 16:0_18:1_16:0_18:1,CL 16:0_18:1(11)_16:0_18:1(11),0.5119999999999969,0.4921750000000884,0.0,0.06705999999992651,All,None,,,,307000.0,0.0,,,,,,0.0,0.0,,0.0,0.0,,,
34957,26.851,1403.99361,1403.99625,1.8803469025850157,C77H146O17P2,CCCCCCCCC=CCCCCCCCC(=O)OCC(COP(=O)(O)OCC(O)COP(=O)(O)OCC(COC(=O)CCCCCCCCCCCCCCC)OC(=O)CCCCCCCC=CCCCCCCCC)OC(=O)CCCCCCCCCCCCCCC,[M-H]-,CL 16:0_18:1_16:0_18:1,CL 16:0_18:1(9)_16:0_18:1(9),0.8629999999999995,0.9062699999999495,0.0,0.05168400000003992,All,None,,,,0.0,0.0,,,,,,41200.0,204000.0,,259000.0,0.0,,,
35342,26.998,1403.99388,1403.99625,1.6880386966333,C77H146O17P2,CCCCCCC=CCCCCCCCCCC(=O)OCC(COP(=O)(O)OCC(O)COP(=O)(O)OCC(COC(=O)CCCCCCCCCCCCCCC)OC(=O)CCCCCCCCCC=CCCCCCC)OC(=O)CCCCCCCCCCCCCCC,[M-H]-,CL 16:0_18:1_16:0_18:1,CL 16:0_18:1(11)_16:0_18:1(11),0.7459999999999987,0.4921750000000884,0.0,0.2776599999999281,All,None,,,0.0,0.0,0.0,,,,0.0,,0.0,0.0,0.0,,0.0,,,
35342,26.998,1403.99388,1403.99625,1.6880386966333,C77H146O17P2,CCCCCCCCC=CCCCCCCCC(=O)OCC(COP(=O)(O)OCC(O)COP(=O)(O)OCC(COC(=O)CCCCCCCCCCCCCCC)OC(=O)CCCCCCCC=CCCCCCCCC)OC(=O)CCCCCCCCCCCCCCC,[M-H]-,CL 16:0_18:1_16:0_18:1,CL 16:0_18:1(9)_16:0_18:1(9),0.9759999999999991,0.9062749999999369,0.0,0.1533800000000497,All,None,,,237000.0,0.0,188000.0,,,,209000.0,,0.0,0.0,0.0,,261000.0,,,
35351,26.999,522.28375,522.28374,0.019146680860559175,C24H46NO9P,CCCCCCCCCCCC=CCCCCC(=O)OCC(O)COP(=O)(O)OCC(N)C(=O)O,[M-H]-,LPS 18:1,LPS 18:1(6),0.9589999999999996,0.07322500000006471,0.0,0.8045199999999479,All,None,0.0,0.0,5090.0,0.0,0.0,0.0,0.0,0.0,0.0,0.0,,0.0,0.0,0.0,9090.0,0.0,0.0,0.0
35351,26.999,522.28375,522.28374,0.019146680860559175,C24H46NO9P,CCCCCCC=CCCCCCCCCCC(=O)OCC(O)COP(=O)(O)OCC(N)C(=O)O,[M-H]-,LPS 18:1,LPS 18:1(11),0.9919999999999973,0.23763500000006843,0.0,0.7026919999999428,All,None,0.0,0.0,0.0,0.0,0.0,0.0,0.0,0.0,0.0,0.0,,0.0,0.0,0.0,0.0,0.0,0.0,0.0
35351,26.999,522.28375,522.28374,0.019146680860559175,C24H46NO9P,CCCCCCCCC=CCCCCCCCC(=O)OCC(O)COP(=O)(O)OCC(N)C(=O)O,[M-H]-,LPS 18:1,LPS 18:1(9),0.6039999999999992,0.18552000000008206,0.0,0.3951839999999336,All,None,0.0,0.0,0.0,0.0,0.0,0.0,0.0,0.0,0.0,0.0,,0.0,0.0,0.0,0.0,0.0,0.0,0.0
35807,27.101,834.52922,834.52906,0.19172489937113296,C46H78NO10P,CCC=CCC=CCC=CCC=CCC=CCC=CCCC(=O)OC(COC(=O)CCCCCCCCCCCCCCCCC)COP(=O)(O)OCC(N)C(=O)O,[M-H]-,PS 18:0_22:6,"PS 18:0_22:6(4,7,10,13,16,19)",0.5969999999999995,0.5378100000000359,0.09165899312062618,0.18954509380853446,Some,Some,0.0,0.0,0.0,0.0,0.0,0.0,0.0,,0.0,,0.0,0.0,,0.0,14900.0,,0.0,0.0
35848,27.116,758.49699,758.49776,1.0151645009322283,C40H74NO10P,CCCCCCCCC=CCCCCCCCC(=O)OC(COC(=O)CCCCCC=CCCCCCCCC)COP(=O)(O)OCC(N)C(=O)O,[M-H]-,PS 16:1_18:1,PS 16:1(7)_18:1(9),0.759999999999998,0.4350200000000086,0.0,0.33598399999999135,Some,None,0.0,11119.999999999998,0.0,0.0,2408.9366124004155,0.0,0.0,2326.7561521252796,0.0,0.0,3708.9929548280143,2419.0139458572603,,,2476.666666666667,4133.333333333333,,0.0
35848,27.116,758.49699,758.49776,1.0151645009322283,C40H74NO10P,CCCCCCCCCCCC=CCCCCC(=O)OC(COC(=O)CCCCCC=CCCCCCCCC)COP(=O)(O)OCC(N)C(=O)O,[M-H]-,PS 16:1_18:1,PS 16:1(7)_18:1(6),0.8369999999999997,0.6386850000000095,0.0,0.24235199999999216,Some,None,0.0,0.0,0.0,0.0,0.0,0.0,0.0,986.8903803131992,0.0,0.0,1972.4823870700372,2132.5348646431503,,,2476.666666666667,4133.333333333333,,0.0
35848,27.116,758.49699,758.49776,1.0151645009322283,C40H74NO10P,CCCCCCCCC=CCCCCCCCC(=O)OC(COC(=O)CCCCC=CCCCCCCCCC)COP(=O)(O)OCC(N)C(=O)O,[M-H]-,PS 16:1_18:1,PS 16:1(6)_18:1(9),0.6280000000000001,0.4234199999999646,0.0,0.22646400000002845,Some,None,0.0,0.0,0.0,0.0,1051.0633875995845,0.0,0.0,986.8903803131992,10680.0,0.0,1972.4823870700372,2132.5348646431503,,,2476.666666666667,4133.333333333333,,0.0
35848,27.116,758.49699,758.49776,1.0151645009322283,C40H74NO10P,CCCCCCC=CCCCCCCCCCC(=O)OC(COC(=O)CCCCCC=CCCCCCCCC)COP(=O)(O)OCC(N)C(=O)O,[M-H]-,PS 16:1_18:1,PS 16:1(7)_18:1(11),0.7366666666666669,0.5881199999999657,0.0,0.19250400000002776,Some,None,0.0,11119.999999999998,0.0,0.0,3460.0,0.0,0.0,1339.8657718120803,10680.0,0.0,1736.5105677579777,286.47908121410995,,,0.0,0.0,,0.0
35848,27.116,758.49699,758.49776,1.0151645009322283,C40H74NO10P,CCCCCCCCC=CCCCCCCCC(=O)OC(COC(=O)CCCCCCCC=CCCCCCC)COP(=O)(O)OCC(N)C(=O)O,[M-H]-,PS 16:1_18:1,PS 16:1(9)_18:1(9),0.7366666666666669,0.5881199999999657,0.0,0.19250400000002776,Some,None,0.0,0.0,0.0,0.0,1051.0633875995845,0.0,0.0,0.0,10680.0,0.0,0.0,0.0,,,0.0,0.0,,0.0
35848,27.116,758.49699,758.49776,1.0151645009322283,C40H74NO10P,CCCCCCCCCCCC=CCCCCC(=O)OC(COC(=O)CCCCC=CCCCCCCCCC)COP(=O)(O)OCC(N)C(=O)O,[M-H]-,PS 16:1_18:1,PS 16:1(6)_18:1(6),0.7050000000000018,0.6270849999999655,0.0,0.13283200000002926,Some,None,0.0,0.0,0.0,0.0,1051.0633875995845,0.0,0.0,0.0,10680.0,0.0,0.0,0.0,,,0.0,0.0,,0.0
35848,27.116,758.49699,758.49776,1.0151645009322283,C40H74NO10P,CCCCCCCCCCCC=CCCCCC(=O)OC(COC(=O)CCCCCCCC=CCCCCCC)COP(=O)(O)OCC(N)C(=O)O,[M-H]-,PS 16:1_18:1,PS 16:1(9)_18:1(6),0.7880000000000015,0.7238966666666329,0.0,0.13008266666669496,Some,None,0.0,11119.999999999998,0.0,0.0,2408.9366124004155,0.0,0.0,1339.8657718120803,0.0,0.0,1736.5105677579777,286.47908121410995,,,0.0,0.0,,0.0
35848,27.116,758.49699,758.49776,1.0151645009322283,C40H74NO10P,CCCCCCC=CCCCCCCCCCC(=O)OC(COC(=O)CCCCCCCC=CCCCCCC)COP(=O)(O)OCC(N)C(=O)O,[M-H]-,PS 16:1_18:1,PS 16:1(9)_18:1(11),0.7250000000000014,0.6646699999999441,0.0,0.12076400000004595,All,None,0.0,11119.999999999998,0.0,0.0,2408.9366124004155,0.0,0.0,1339.8657718120803,0.0,0.0,1736.5105677579777,286.47908121410995,,,0.0,0.0,,0.0
35848,27.116,758.49699,758.49776,1.0151645009322283,C40H74NO10P,CCCCCCC=CCCCCCCCCCC(=O)OC(COC(=O)CCCCC=CCCCCCCCCC)COP(=O)(O)OCC(N)C(=O)O,[M-H]-,PS 16:1_18:1,PS 16:1(6)_18:1(11),0.6486666666666684,0.580386666666603,0.0,0.11949066666671915,Some,None,0.0,11119.999999999998,0.0,0.0,3460.0,0.0,0.0,1339.8657718120803,10680.0,0.0,1736.5105677579777,286.47908121410995,,,0.0,0.0,,0.0
35850,27.117,788.54433,788.54471,0.48190038591949186,C42H80NO10P,CCCCCCC=CCCCCCCCCCC(=O)OC(COC(=O)CCCCCCCCCCCCCCCCC)COP(=O)(O)OCC(N)C(=O)O,[M-H]-,PS 18:0_18:1,PS 18:0_18:1(11),0.7820000000000036,0.04827999999986332,0.0,0.6651760000001126,Some,None,,,0.0,0.0,106000.0,,0.0,0.0,,0.0,0.0,,,,0.0,,,
35850,27.117,788.54433,788.54471,0.48190038591949186,C42H80NO10P,CCCCCCCCCCCC=CCCCCC(=O)OC(COC(=O)CCCCCCCCCCCCCCCCC)COP(=O)(O)OCC(N)C(=O)O,[M-H]-,PS 18:0_18:1,PS 18:0_18:1(6),0.4519999999999982,0.24365000000000236,0.0,0.2118799999999965,Some,None,,,0.0,0.0,0.0,,0.0,0.0,,0.0,148000.0,,,,137068.63679694946,,,
35850,27.117,788.54433,788.54471,0.48190038591949186,C42H80NO10P,CCCCCCCCC=CCCCCCCCC(=O)OC(COC(=O)CCCCCCCCCCCCCCCCC)COP(=O)(O)OCC(N)C(=O)O,[M-H]-,PS 18:0_18:1,PS 18:0_18:1(9),0.6859999999999999,0.7503749999999627,0.0,0.017100000000029786,All,None,,,167000.0,0.0,0.0,,0.0,0.0,,0.0,0.0,,,,55931.363203050525,,,
35855,27.119,760.51302,760.51341,0.5128114703967235,C40H76NO10P,CCCCCCCCC=CCCCCCCCC(=O)OC(COC(=O)CCCCCCCCCCCCCCC)COP(=O)(O)OCC(N)C(=O)O,[M-H]-,PS 16:0_18:1,PS 16:0_18:1(9),0.490000000000002,0.45544999999992797,0.0,0.07664000000005938,Some,None,,,42500.94161958568,0.0,,,,0.0,,0.0,0.0,0.0,,,0.0,0.0,,0.0
35855,27.119,760.51302,760.51341,0.5128114703967235,C40H76NO10P,CCCCCCC=CCCCCCCCCCC(=O)OC(COC(=O)CCCCCCCCCCCCCCC)COP(=O)(O)OCC(N)C(=O)O,[M-H]-,PS 16:0_18:1,PS 16:0_18:1(11),0.6820000000000022,0.7503749999999627,0.0,0.013500000000031709,All,None,,,81499.05838041431,0.0,,,,0.0,,135000.0,106000.0,169000.0,,,0.0,152000.0,,0.0
35922,27.138,522.28342,522.28374,0.6126937820960797,C24H46NO9P,CCCCCCCCCCCC=CCCCCC(=O)OCC(O)COP(=O)(O)OCC(N)C(=O)O,[M-H]-,LPS 18:1,LPS 18:1(6),0.9349999999999952,0.07180999999999926,0.0,0.7840519999999962,All,None,0.0,986.6751430387795,13200.0,2311.9904076738612,,5099.895941727367,1770.6318252730107,12800.0,0.0,0.0,,,6821.263989466754,7742.536534446764,2253.3185840707965,0.0,4219.53488372093,6105.492662473795
35922,27.138,522.28342,522.28374,0.6126937820960797,C24H46NO9P,CCCCCCC=CCCCCCCCCCC(=O)OCC(O)COP(=O)(O)OCC(N)C(=O)O,[M-H]-,LPS 18:1,LPS 18:1(11),0.8499999999999979,0.255094999999983,0.0,0.5609240000000117,All,None,0.0,1463.6363636363637,0.0,798.0095923261391,,0.0,2319.368174726989,0.0,0.0,0.0,,,2188.7360105332455,0.0,1626.6814159292035,0.0,3880.46511627907,3474.5073375262054
35922,27.138,522.28342,522.28374,0.6126937820960797,C24H46NO9P,CCCCCCCCC=CCCCCCCCC(=O)OCC(O)COP(=O)(O)OCC(N)C(=O)O,[M-H]-,LPS 18:1,LPS 18:1(9),0.6039999999999992,0.18519000000000574,0.0,0.3954479999999947,All,None,0.0,769.688493324857,0.0,0.0,,3350.1040582726328,0.0,0.0,0.0,0.0,,,0.0,8157.463465553236,0.0,0.0,0.0,0.0
35933,27.141,786.5287,786.52906,0.457707182491874,C42H78NO10P,CCCCCCCCC=CCCCCCCCC(=O)OC(COC(=O)CCCCCCCCCC=CCCCCCC)COP(=O)(O)OCC(N)C(=O)O,[M-H]-,PS 18:1_18:1,PS 18:1(11)_18:1(9),0.7050000000000054,0.642379999999946,0.0,0.12059600000004803,Some,None,0.0,0.0,15520.965692503176,17166.666666666664,0.0,,0.0,10999.587203302372,,17733.333333333332,14731.158238172919,31148.875907240224,,,28466.666666666664,36333.333333333336,,30400.0
35933,27.141,786.5287,786.52906,0.457707182491874,C42H78NO10P,CCCCCCCCC=CCCCCCCCC(=O)OC(COC(=O)CCCCCCCC=CCCCCCCCC)COP(=O)(O)OCC(N)C(=O)O,[M-H]-,PS 18:1_18:1,PS 18:1(9)_18:1(9),0.7050000000000054,0.642379999999946,0.0,0.12059600000004803,All,None,14200.0,25900.0,19479.034307496822,0.0,22800.000000000004,,32800.0,14933.746130030962,,0.0,12968.84176182708,4184.457426093114,,,0.0,0.0,,0.0
35933,27.141,786.5287,786.52906,0.457707182491874,C42H78NO10P,CCCCCCCCC=CCCCCCCCC(=O)OC(COC(=O)CCCCC=CCCCCCCCCCCC)COP(=O)(O)OCC(N)C(=O)O,[M-H]-,PS 18:1_18:1,PS 18:1(6)_18:1(9),0.6186666666666719,0.5580966666666048,0.0,0.1103226666667209,Some,None,0.0,0.0,15520.965692503176,17166.666666666664,0.0,,0.0,10999.587203302372,,17733.333333333332,14731.158238172919,31148.875907240224,,,28466.666666666664,36333.333333333336,,30400.0
35933,27.141,786.5287,786.52906,0.457707182491874,C42H78NO10P,CCCCCCCCCCCC=CCCCCC(=O)OC(COC(=O)CCCCCCCCCC=CCCCCCC)COP(=O)(O)OCC(N)C(=O)O,[M-H]-,PS 18:1_18:1,PS 18:1(11)_18:1(6),0.44600000000000506,0.38952999999992244,0.0,0.08977600000006664,Some,None,14200.0,25900.0,35000.0,17166.666666666664,22800.000000000004,,32800.0,25933.333333333332,,17733.333333333332,27700.0,35333.33333333333,,,28466.666666666664,36333.333333333336,,30400.0
35933,27.141,786.5287,786.52906,0.457707182491874,C42H78NO10P,CCCCCCCCCCCC=CCCCCC(=O)OC(COC(=O)CCCCC=CCCCCCCCCCCC)COP(=O)(O)OCC(N)C(=O)O,[M-H]-,PS 18:1_18:1,PS 18:1(6)_18:1(6),0.44600000000000506,0.38952999999992244,0.0,0.08977600000006664,Some,None,14200.0,25900.0,19479.034307496822,0.0,22800.000000000004,,32800.0,14933.746130030962,,0.0,12968.84176182708,4184.457426093114,,,0.0,0.0,,0.0
36048,27.184,760.51297,760.51341,0.5785565306809977,C40H76NO10P,CCCCCCCCC=CCCCCCCCC(=O)OC(COC(=O)CCCCCCCCCCCCCCC)COP(=O)(O)OCC(N)C(=O)O,[M-H]-,PS 16:0_18:1,PS 16:0_18:1(9),0.35999999999999943,0.4553999999999405,0.0,-0.04031999999995295,Some,None,,,0.0,91600.0,,,,108000.0,,0.0,0.0,0.0,,,157000.0,0.0,,102000.0
36072,27.195,788.5442,788.54471,0.6467610441048156,C42H80NO10P,CCCCCCC=CCCCCCCCCCC(=O)OC(COC(=O)CCCCCCCCCCCCCCCCC)COP(=O)(O)OCC(N)C(=O)O,[M-H]-,PS 18:0_18:1,PS 18:0_18:1(11),0.9380000000000024,0.048149999999964166,0.0,0.8056800000000308,Some,None,,,,,0.0,,0.0,0.0,,0.0,0.0,,,,0.0,,,
36072,27.195,788.5442,788.54471,0.6467610441048156,C42H80NO10P,CCCCCCCCCCCC=CCCCCC(=O)OC(COC(=O)CCCCCCCCCCCCCCCCC)COP(=O)(O)OCC(N)C(=O)O,[M-H]-,PS 18:0_18:1,PS 18:0_18:1(6),0.2959999999999994,0.2435200000001032,0.0,0.07158399999991688,Some,None,,,,,0.0,,76900.0,199000.0,,232000.0,0.0,,,,0.0,,,
36096,27.204,732.48182,732.48211,0.3959141064395801,C38H72NO10P,CCCCCCCCC=CCCCCCC(=O)OC(COC(=O)CCCCCCCCCCCCCCC)COP(=O)(O)OCC(N)C(=O)O,[M-H]-,PS 16:0_16:1,PS 16:0_16:1(7),0.9099999999999966,0.9087799999999788,0.0,0.09197600000001382,All,None,0.0,,,,,,,,,,,,,,,,,
36104,27.207,758.49714,758.49776,0.8174051826155244,C40H74NO10P,CCCCCCCCC=CCCCCCCCC(=O)OC(COC(=O)CCCCCC=CCCCCCCCC)COP(=O)(O)OCC(N)C(=O)O,[M-H]-,PS 16:1_18:1,PS 16:1(7)_18:1(9),0.9420000000000002,0.43516999999997097,0.0,0.4996640000000234,Some,None,0.0,0.0,795.0231696014828,756.6666666666666,2715.27537235885,0.0,6212.345679012345,3179.4183445190156,0.0,0.0,0.0,0.0,,,0.0,3966.6666666666665,0.0,0.0
36104,27.207,758.49714,758.49776,0.8174051826155244,C40H74NO10P,CCCCCCCCCCCC=CCCCCC(=O)OC(COC(=O)CCCCCC=CCCCCCCCC)COP(=O)(O)OCC(N)C(=O)O,[M-H]-,PS 16:1_18:1,PS 16:1(7)_18:1(6),0.9229999999999983,0.6388349999999718,0.0,0.319632000000021,Some,None,0.0,0.0,352.55792400370706,756.6666666666666,0.0,0.0,0.0,1348.5458612975392,0.0,0.0,0.0,0.0,,,0.0,3966.6666666666665,0.0,0.0
36104,27.207,758.49714,758.49776,0.8174051826155244,C40H74NO10P,CCCCCCCCC=CCCCCCCCC(=O)OC(COC(=O)CCCCC=CCCCCCCCCC)COP(=O)(O)OCC(N)C(=O)O,[M-H]-,PS 16:1_18:1,PS 16:1(6)_18:1(9),0.6280000000000001,0.42356999999992695,0.0,0.22634400000005855,Some,None,0.0,0.0,352.55792400370706,756.6666666666666,1184.7246276411502,9020.0,1947.6543209876543,1348.5458612975392,0.0,0.0,0.0,0.0,,,0.0,3966.6666666666665,0.0,0.0
36104,27.207,758.49714,758.49776,0.8174051826155244,C40H74NO10P,CCCCCCC=CCCCCCCCCCC(=O)OC(COC(=O)CCCCCC=CCCCCCCCC)COP(=O)(O)OCC(N)C(=O)O,[M-H]-,PS 16:1_18:1,PS 16:1(7)_18:1(11),0.7299999999999992,0.5883766666665906,0.0,0.18629866666672687,Some,None,0.0,0.0,442.4652455977757,0.0,3900.0,9020.0,8159.999999999999,1830.8724832214766,0.0,0.0,0.0,0.0,,,0.0,0.0,0.0,0.0
36104,27.207,758.49714,758.49776,0.8174051826155244,C40H74NO10P,CCCCCCCCC=CCCCCCCCC(=O)OC(COC(=O)CCCCCCCC=CCCCCCC)COP(=O)(O)OCC(N)C(=O)O,[M-H]-,PS 16:1_18:1,PS 16:1(9)_18:1(9),0.7299999999999992,0.5883766666665906,0.0,0.18629866666672687,Some,None,0.0,0.0,0.0,0.0,1184.7246276411502,9020.0,1947.6543209876543,0.0,0.0,0.0,0.0,0.0,,,0.0,0.0,0.0,0.0
36104,27.207,758.49714,758.49776,0.8174051826155244,C40H74NO10P,CCCCCCCCCCCC=CCCCCC(=O)OC(COC(=O)CCCCCCCC=CCCCCCC)COP(=O)(O)OCC(N)C(=O)O,[M-H]-,PS 16:1_18:1,PS 16:1(9)_18:1(6),0.7173333333333313,0.7241533333332578,0.0,0.0662773333333919,Some,None,0.0,0.0,0.0,0.0,1184.7246276411502,9020.0,1947.6543209876543,0.0,0.0,0.0,0.0,0.0,,,0.0,0.0,0.0,0.0
36104,27.207,758.49714,758.49776,0.8174051826155244,C40H74NO10P,CCCCCCCCCCCC=CCCCCC(=O)OC(COC(=O)CCCCC=CCCCCCCCCC)COP(=O)(O)OCC(N)C(=O)O,[M-H]-,PS 16:1_18:1,PS 16:1(6)_18:1(6),0.6089999999999982,0.6272349999999278,0.0,0.04631200000005614,Some,None,0.0,0.0,442.4652455977757,0.0,2715.27537235885,0.0,6212.345679012345,1830.8724832214766,0.0,0.0,0.0,0.0,,,0.0,0.0,0.0,0.0
36104,27.207,758.49714,758.49776,0.8174051826155244,C40H74NO10P,CCCCCCC=CCCCCCCCCCC(=O)OC(COC(=O)CCCCCCCC=CCCCCCC)COP(=O)(O)OCC(N)C(=O)O,[M-H]-,PS 16:1_18:1,PS 16:1(9)_18:1(11),0.6239999999999988,0.6649799999999004,0.0,0.02961600000007855,All,None,0.0,0.0,442.4652455977757,0.0,2715.27537235885,0.0,6212.345679012345,1830.8724832214766,0.0,0.0,0.0,0.0,,,0.0,0.0,0.0,0.0
36104,27.207,758.49714,758.49776,0.8174051826155244,C40H74NO10P,CCCCCCC=CCCCCCCCCCC(=O)OC(COC(=O)CCCCC=CCCCCCCCCC)COP(=O)(O)OCC(N)C(=O)O,[M-H]-,PS 16:1_18:1,PS 16:1(6)_18:1(11),0.5206666666666658,0.5806433333332279,0.0,0.0040853333334169295,Some,None,0.0,0.0,442.4652455977757,0.0,3900.0,9020.0,8159.999999999999,1830.8724832214766,0.0,0.0,0.0,0.0,,,0.0,0.0,0.0,0.0
36340,27.276,522.28328,522.28374,0.88074731174951,C24H46NO9P,CCCCCCCCCCCC=CCCCCC(=O)OCC(O)COP(=O)(O)OCC(N)C(=O)O,[M-H]-,LPS 18:1,LPS 18:1(6),0.9310000000000009,0.07171500000001174,0.0,0.7805279999999915,All,None,0.0,555.7788267026299,0.0,2224.380574826561,0.0,0.0,0.0,0.0,0.0,0.0,0.0,0.0,0.0,0.0,0.0,0.0,0.0,0.0
36340,27.276,522.28328,522.28374,0.88074731174951,C24H46NO9P,CCCCCCC=CCCCCCCCCCC(=O)OCC(O)COP(=O)(O)OCC(N)C(=O)O,[M-H]-,LPS 18:1,LPS 18:1(11),0.7029999999999994,0.23659000000000674,0.0,0.4434279999999941,All,None,0.0,720.6675657451112,0.0,1395.6194251734391,0.0,0.0,0.0,0.0,0.0,0.0,0.0,0.0,0.0,0.0,0.0,0.0,0.0,0.0
36340,27.276,522.28328,522.28374,0.88074731174951,C24H46NO9P,CCCCCCCCC=CCCCCCCCC(=O)OCC(O)COP(=O)(O)OCC(N)C(=O)O,[M-H]-,LPS 18:1,LPS 18:1(9),0.578000000000003,0.18505000000001814,0.0,0.3721599999999881,All,None,0.0,433.55360755225894,0.0,0.0,0.0,0.0,0.0,0.0,0.0,0.0,0.0,0.0,0.0,0.0,0.0,0.0,0.0,0.0
36477,27.333,522.28323,522.28374,0.9764807151816156,C24H46NO9P,CCCCCCCCCCCC=CCCCCC(=O)OCC(O)COP(=O)(O)OCC(N)C(=O)O,[M-H]-,LPS 18:1,LPS 18:1(6),0.9860000000000007,0.07173000000000229,0.0,0.8300159999999988,All,None,0.0,2556.0606060606065,0.0,2181.4814814814818,,0.0,0.0,0.0,0.0,441.4665329656556,0.0,,0.0,0.0,0.0,3344.282982791587,0.0,0.0
36477,27.333,522.28323,522.28374,0.9764807151816156,C24H46NO9P,CCCCCCC=CCCCCCCCCCC(=O)OCC(O)COP(=O)(O)OCC(N)C(=O)O,[M-H]-,LPS 18:1,LPS 18:1(11),0.6310000000000038,0.2365400000000193,0.0,0.378667999999988,All,None,0.0,0.0,0.0,288.51851851851853,,0.0,0.0,0.0,0.0,585.5602907996991,0.0,,0.0,0.0,0.0,1296.9292543021036,0.0,0.0
36477,27.333,522.28323,522.28374,0.9764807151816156,C24H46NO9P,CCCCCCCCC=CCCCCCCCC(=O)OCC(O)COP(=O)(O)OCC(N)C(=O)O,[M-H]-,LPS 18:1,LPS 18:1(9),0.46400000000000574,0.1850000000000307,0.0,0.2695999999999806,All,None,0.0,1993.9393939393938,0.0,0.0,,0.0,0.0,0.0,0.0,1262.9731762346453,0.0,,0.0,0.0,0.0,2468.78776290631,0.0,0.0
36752,27.443,522.28346,522.28374,0.5361070593068606,C24H46NO9P,CCCCCCCCCCCC=CCCCCC(=O)OCC(O)COP(=O)(O)OCC(N)C(=O)O,[M-H]-,LPS 18:1,LPS 18:1(6),0.8460000000000001,0.07173499999998967,0.0,0.7040120000000083,All,None,0.0,0.0,1600.0,0.0,,0.0,0.0,0.0,,3100.0,,,3390.0,2530.0,0.0,2623.1811697574894,1120.9402546523017,0.0
36752,27.443,522.28346,522.28374,0.5361070593068606,C24H46NO9P,CCCCCCCCC=CCCCCCCCC(=O)OCC(O)COP(=O)(O)OCC(N)C(=O)O,[M-H]-,LPS 18:1,LPS 18:1(9),0.6400000000000006,0.23355000000003656,0.0,0.38915999999997125,Some,None,0.0,0.0,0.0,0.0,,0.0,0.0,0.0,,0.0,,,0.0,0.0,0.0,366.8188302425106,719.0597453476983,0.0
36752,27.443,522.28346,522.28374,0.5361070593068606,C24H46NO9P,CCCCCCC=CCCCCCCCCCC(=O)OCC(O)COP(=O)(O)OCC(N)C(=O)O,[M-H]-,LPS 18:1,LPS 18:1(11),0.4109999999999978,0.23677000000000703,0.0,0.18048399999999237,All,None,0.0,0.0,0.0,0.0,,0.0,0.0,0.0,,0.0,,,0.0,0.0,0.0,0.0,0.0,0.0
