work_dir,rt_weight,precursor_mz_weight,spec_weight,spec_sim_type,feature_id,top1_score,top2_avg_score,top3_avg_score,top1_gap,top1_margin,top2_margin,top3_margin,H_norm
example/hyperparams_opt/Hela/unequal_param_set_3,0.2,0.6,0.2,None,N10193,0.749088014923024,,,,,,,
example/hyperparams_opt/Hela/unequal_param_set_3,0.2,0.6,0.2,None,N10231,0.7709020000000202,0.7561630000000064,0.7493853333333186,0.02947800000002765,0.03507200000007704,,,0.999808989333642
example/hyperparams_opt/Hela/unequal_param_set_3,0.2,0.6,0.2,None,N10325,0.7822977406299694,0.7802666241378166,0.7794574186404336,0.004062232984305636,0.020265678094731676,0.02350354330605542,0.03054045989500087,0.9999047568169397
example/hyperparams_opt/Hela/unequal_param_set_3,0.2,0.6,0.2,None,N10448,0.778905514260034,0.7764848244639475,0.7748515255764518,0.004841379592173012,0.007320586458573586,,0.03054045989500087,0.9999929977590573
example/hyperparams_opt/Hela/unequal_param_set_3,0.2,0.6,0.2,None,N10713,0.7767950000000301,0.7755597500000253,0.7751480000000237,0.002470500000009479,0.011541426387444154,0.013329818516584213,0.01773010277486775,0.9999687304990796
example/hyperparams_opt/Hela/unequal_param_set_3,0.2,0.6,0.2,None,N10743,0.7400244999999823,0.735884249999995,0.7332580238912277,0.0082804999999746,0.012018928326289147,,0.01773010277486775,0.9999786708519632
example/hyperparams_opt/Hela/unequal_param_set_3,0.2,0.6,0.2,None,N10813,0.7199880000000429,0.7175597500000429,0.7163206666667074,0.004856500000000041,0.006145500000006687,,0.01773010277486775,0.999993794218201
example/hyperparams_opt/Hela/unequal_param_set_3,0.2,0.6,0.2,None,N10937,0.7863066139521917,0.7849510242881809,0.7829694928200418,0.0027111793280216734,0.018549649484047026,0.020943881625242522,0.023609368767513517,0.9999274637391561
example/hyperparams_opt/Hela/unequal_param_set_3,0.2,0.6,0.2,None,N10951,0.7696731834590911,0.7681466834590887,0.7666918448556338,0.0030530000000047464,0.005891015810366773,,0.023609368767513517,0.9999955199121878
example/hyperparams_opt/Hela/unequal_param_set_3,0.2,0.6,0.2,None,N10978,0.7254323337295241,0.7681466834590887,0.7666918448556338,0.0030530000000047464,0.005891015810366773,,0.023609368767513517,0.9999955199121878
example/hyperparams_opt/Hela/unequal_param_set_3,0.2,0.6,0.2,None,N11103,0.782497284156515,0.7760263693941014,0.7666918448556338,0.012941829524827031,,,0.023609368767513517,0.999949843412954
example/hyperparams_opt/Hela/unequal_param_set_3,0.2,0.6,0.2,None,N11463,0.7844176528174466,0.7748289277138514,0.7666918448556338,0.019177450207190527,,,0.023609368767513517,0.9998895245669998
example/hyperparams_opt/Hela/unequal_param_set_3,0.2,0.6,0.2,None,N11510,0.7505285728592193,0.7475354895258872,0.7666918448556338,0.005986166666664183,,,0.023609368767513517,0.9999884356909516
example/hyperparams_opt/Hela/unequal_param_set_3,0.2,0.6,0.2,None,N11520,0.8153582041160661,0.8135559168094779,0.8063799456830031,0.0036045746131763146,0.06057416564991591,0.07118653333129543,0.0707295046573424,0.9994565325972418
example/hyperparams_opt/Hela/unequal_param_set_3,0.2,0.6,0.2,None,N11573,0.7642620000000406,0.7546432260527347,0.7357911507018425,0.01923754789461185,0.06617499999998244,,0.0707295046573424,0.9993466005153666
example/hyperparams_opt/Hela/unequal_param_set_3,0.2,0.6,0.2,None,N11618,0.7598856409402786,0.743697737176051,0.7314583247840319,0.032375807528455036,0.052906140940284896,,0.0707295046573424,0.9995975127948761
example/hyperparams_opt/Hela/unequal_param_set_3,0.2,0.6,0.2,None,N11812,0.7770640289883161,0.7720932753647806,0.7704255169098447,0.009941507247070991,0.028873480357708314,0.030202543857294706,0.0392914370416092,0.9998374646263901
example/hyperparams_opt/Hela/unequal_param_set_3,0.2,0.6,0.2,None,N11845,0.7412539024854136,0.7362450068997206,0.7704255169098447,0.010017791171385793,,0.030202543857294706,0.0392914370416092,0.9999666122520915
example/hyperparams_opt/Hela/unequal_param_set_3,0.2,0.6,0.2,None,N12489,0.7823667684788961,0.7644188797337701,0.7704255169098447,0.03589577749025197,,0.030202543857294706,0.0392914370416092,0.9996023066029054
example/hyperparams_opt/Hela/unequal_param_set_3,0.2,0.6,0.2,None,N12501,0.7865059479568491,0.775774309791218,0.7704255169098447,0.021463276331262326,,0.030202543857294706,0.0392914370416092,0.9998619553274248
example/hyperparams_opt/Hela/unequal_param_set_3,0.2,0.6,0.2,None,N12514,0.7493421276046721,0.7235453798635849,0.7704255169098447,0.0515934954821744,,0.030202543857294706,0.0392914370416092,0.999082861438676
example/hyperparams_opt/Hela/unequal_param_set_3,0.2,0.6,0.2,None,N12521,0.8635326344037318,0.8632946960199795,0.854222982686419,0.0004758767675046016,0.039414542403627295,0.04316375869293965,0.03839134968968072,0.9998444936997907
example/hyperparams_opt/Hela/unequal_param_set_3,0.2,0.6,0.2,None,N12768,0.7993889902826719,0.7950191156875626,0.7929804693846275,0.008739749190218471,0.010485813503914643,,0.03839134968968072,0.9999847883354568
example/hyperparams_opt/Hela/unequal_param_set_3,0.2,0.6,0.2,None,N12836,0.7289480000000235,0.7950191156875626,0.7929804693846275,0.008739749190218471,0.010485813503914643,,0.03839134968968072,0.9999847883354568
example/hyperparams_opt/Hela/unequal_param_set_3,0.2,0.6,0.2,None,N12937,0.766386000000027,0.7611829999999951,0.7530753333333166,0.010406000000063753,0.029526000000067443,,0.03839134968968072,0.9998797817561806
example/hyperparams_opt/Hela/unequal_param_set_3,0.2,0.6,0.2,None,N13018,0.7433893886139085,0.7413725108147299,0.7530753333333166,0.004033755598357169,,,0.03839134968968072,0.9999946613519346
example/hyperparams_opt/Hela/unequal_param_set_3,0.2,0.6,0.2,None,N13044,0.7793012890679757,0.7661095858144259,0.7530753333333166,0.026383406507099583,,,0.03839134968968072,0.9997861122261817
example/hyperparams_opt/Hela/unequal_param_set_3,0.2,0.6,0.2,None,N13159,0.8561979163050267,0.8515225355701648,0.838582836590155,0.0093507614697238,0.05281449675052363,0.0512457890408724,0.04368472184850336,0.9997411639131889
example/hyperparams_opt/Hela/unequal_param_set_3,0.2,0.6,0.2,None,N13214,0.7475090978620837,0.7353159981430755,0.7307478537922986,0.024386199438016565,0.025897532771338994,,0.04368472184850336,0.9998803999473519
example/hyperparams_opt/Hela/unequal_param_set_3,0.2,0.6,0.2,None,N13277,0.7187420000000265,0.7353159981430755,0.7307478537922986,0.024386199438016565,0.025897532771338994,,0.04368472184850336,0.9998803999473519
example/hyperparams_opt/Hela/unequal_param_set_3,0.2,0.6,0.2,None,N13874,0.7176792221723903,0.7353159981430755,0.7307478537922986,0.024386199438016565,0.025897532771338994,,0.04368472184850336,0.9998803999473519
example/hyperparams_opt/Hela/unequal_param_set_3,0.2,0.6,0.2,None,N13917,0.7667311935109322,0.7667240617998619,0.7563589426466275,1.4263422140614601e-05,0.053203376227836774,0.06056320686912087,0.06121266025050709,0.9994878276893971
example/hyperparams_opt/Hela/unequal_param_set_3,0.2,0.6,0.2,None,N14022,0.7762831312408902,0.7526605040074712,0.7563589426466275,0.04724525446683803,,0.06056320686912087,0.06121266025050709,0.9992893201442221
example/hyperparams_opt/Hela/unequal_param_set_3,0.2,0.6,0.2,None,N1416,0.46441942301261835,0.7526605040074712,0.7563589426466275,0.04724525446683803,,0.06056320686912087,0.06121266025050709,0.9992893201442221
example/hyperparams_opt/Hela/unequal_param_set_3,0.2,0.6,0.2,None,N14418,0.7540110962705936,0.7526605040074712,0.7563589426466275,0.04724525446683803,,0.06056320686912087,0.06121266025050709,0.9992893201442221
example/hyperparams_opt/Hela/unequal_param_set_3,0.2,0.6,0.2,None,N14588,0.7721202377703354,0.7526605040074712,0.7563589426466275,0.04724525446683803,,0.06056320686912087,0.06121266025050709,0.9992893201442221
example/hyperparams_opt/Hela/unequal_param_set_3,0.2,0.6,0.2,None,N14727,0.7430206076733215,0.7420315132608455,0.7409464569441235,0.001978188824952043,0.00424426336264172,,0.06121266025050709,0.9999975071308316
example/hyperparams_opt/Hela/unequal_param_set_3,0.2,0.6,0.2,None,N14944,0.7107664999999976,0.7096442500000018,0.7084575000000003,0.002244499999991656,0.009411571428563525,0.009077499999994854,0.008545299999993095,0.9999896630208495
example/hyperparams_opt/Hela/unequal_param_set_3,0.2,0.6,0.2,None,N15137,0.7669778068631085,0.766169536202818,0.7644681869953716,0.0016165413205807555,0.023068898525411163,0.027979487946047876,0.02911848684877838,0.999908657482437
example/hyperparams_opt/Hela/unequal_param_set_3,0.2,0.6,0.2,None,N15152,0.7180684999999772,0.7172109999999922,0.714078333333315,0.001714999999970157,0.01669792857141339,0.016914166666661123,0.014941733333315943,0.9999648537056082
example/hyperparams_opt/Hela/unequal_param_set_3,0.2,0.6,0.2,None,N1517,0.6747180000000419,0.6311120000000237,0.714078333333315,0.08721200000003637,,0.016914166666661123,0.014941733333315943,0.9965535637996699
example/hyperparams_opt/Hela/unequal_param_set_3,0.2,0.6,0.2,None,N1555,0.7322940000000344,0.6886880000000162,0.6399013333333542,0.0872120000000366,0.1899660000000044,,0.014941733333315943,0.9932478829024727
example/hyperparams_opt/Hela/unequal_param_set_3,0.2,0.6,0.2,None,N15625,0.7181494838571301,0.6753967419285763,0.6399013333333542,0.08550548385710743,,,0.014941733333315943,0.997107689154829
example/hyperparams_opt/Hela/unequal_param_set_3,0.2,0.6,0.2,None,N15677,0.7369980000000023,0.734325000000005,0.7316520000000076,0.005345999999994522,0.045274166666655846,0.05412855555554763,0.06352866666665835,0.9993729234983799
example/hyperparams_opt/Hela/unequal_param_set_3,0.2,0.6,0.2,None,N15717,0.7480859999999863,0.7471209999999857,0.7455682222222134,0.0019300000000010975,0.01853142857140011,0.019717777777746637,0.02066222222219327,0.9999365506459414
example/hyperparams_opt/Hela/unequal_param_set_3,0.2,0.6,0.2,None,N1595,0.7233510288642486,0.6810815144321298,0.5722993429547568,0.0845390288642377,0.3686160288642378,,0.02066222222219327,0.9628875068819063
example/hyperparams_opt/Hela/unequal_param_set_3,0.2,0.6,0.2,None,N16164,0.7899290843051254,0.760181042152535,0.7349900281016849,0.05949608430518083,0.10532108430514064,,0.02066222222219327,0.9984371835790442
example/hyperparams_opt/Hela/unequal_param_set_3,0.2,0.6,0.2,None,N16231,0.7338679999999478,0.7327852499999498,0.7317024999999516,0.0021654999999960456,0.06296208333331088,0.08142302777775257,0.09713016666663743,0.9984054471964833
example/hyperparams_opt/Hela/unequal_param_set_3,0.2,0.6,0.2,None,N16409,0.772042219352669,0.7575611096763575,0.7445940731175688,0.02896221935262311,0.05338221935267773,,0.09713016666663743,0.9996094937643536
example/hyperparams_opt/Hela/unequal_param_set_3,0.2,0.6,0.2,None,N16516,0.782375506083767,0.7779920307795777,0.7716987343001428,0.008766950608378732,0.023263364742493797,,0.09713016666663743,0.999929586337189
example/hyperparams_opt/Hela/unequal_param_set_3,0.2,0.6,0.2,None,N17155,0.7899309698835719,0.7453189158774745,0.7716987343001428,0.08922410801219482,,,0.09713016666663743,0.997414025013778
example/hyperparams_opt/Hela/unequal_param_set_3,0.2,0.6,0.2,None,N17265,0.7817746865353999,0.7751085619846986,0.7706707426900193,0.013332249101402738,0.028846541655288993,0.025136070178104264,0.024726823902611383,0.9999190810378553
example/hyperparams_opt/Hela/unequal_param_set_3,0.2,0.6,0.2,None,N17713,0.7793758059236232,0.7627562733130719,0.7706707426900193,0.03323906522110254,,0.025136070178104264,0.024726823902611383,0.999657512324676
example/hyperparams_opt/Hela/unequal_param_set_3,0.2,0.6,0.2,None,N17734,0.7782630847043553,0.7733301909216538,0.7695039471916744,0.009865787565403128,0.025833734762413463,0.024041544242969892,0.022294316021807203,0.999936447202004
example/hyperparams_opt/Hela/unequal_param_set_3,0.2,0.6,0.2,None,N17761,0.7816499817331386,0.7740931627842853,0.7692980749865188,0.0151136378977067,0.0456935742929534,0.04605391932770042,0.045338426565587175,0.9997564654514073
example/hyperparams_opt/Hela/unequal_param_set_3,0.2,0.6,0.2,None,N17927,0.7232883477514025,0.7197695858651254,0.7692980749865188,0.007037523772554288,,0.04605391932770042,0.045338426565587175,0.9999827599290485
example/hyperparams_opt/Hela/unequal_param_set_3,0.2,0.6,0.2,None,N18291,0.7441659093475009,0.7278943991182102,0.7692980749865188,0.032543020458581484,,0.04605391932770042,0.045338426565587175,0.9996395046301176
example/hyperparams_opt/Hela/unequal_param_set_3,0.2,0.6,0.2,None,N18386,0.7716262496178805,0.7683706053306313,0.7649855827768873,0.006511288574498453,0.013410711948481313,,0.045338426565587175,0.9999766796540899
example/hyperparams_opt/Hela/unequal_param_set_3,0.2,0.6,0.2,None,N18401,0.787788688177296,0.7808371710702666,0.7742157499378851,0.013903034214058585,0.047595087941683545,0.04757000664715749,0.0425809097134896,0.9997605182891297
example/hyperparams_opt/Hela/unequal_param_set_3,0.2,0.6,0.2,None,N18823,0.7541590842452537,0.7483612921226371,0.7461105280817648,0.011595584245233104,0.012550084245233406,,0.0425809097134896,0.9999734419714977
example/hyperparams_opt/Hela/unequal_param_set_3,0.2,0.6,0.2,None,N19030,0.7577250000000297,0.586883999999999,0.4649603333333477,0.34168200000006155,0.5366119999999845,,0.0425809097134896,0.8959486902954756
example/hyperparams_opt/Hela/unequal_param_set_3,0.2,0.6,0.2,None,N19077,0.7850554482063914,0.745047724103191,0.7269058160687728,0.08001544820640094,0.09443344820645494,,0.0425809097134896,0.9985309679457135
example/hyperparams_opt/Hela/unequal_param_set_3,0.2,0.6,0.2,None,N19436,0.7535746315149101,0.7302297234868422,0.7269058160687728,0.04668981605613565,,,0.0425809097134896,0.9992626327139489
example/hyperparams_opt/Hela/unequal_param_set_3,0.2,0.6,0.2,None,N1966,0.5252536298381028,0.31109581491904503,0.7269058160687728,0.42831562983811544,,,0.0425809097134896,0.6241685964240407
example/hyperparams_opt/Hela/unequal_param_set_3,0.2,0.6,0.2,None,N20022,0.7368153016537504,0.7362410764306571,0.7328568470889977,0.0011484504461867218,0.03425845824598106,0.041528081355524216,0.03949372257221939,0.9997906403258623
example/hyperparams_opt/Hela/unequal_param_set_3,0.2,0.6,0.2,None,N20227,0.7207310452400786,0.7362410764306571,0.7328568470889977,0.0011484504461867218,0.03425845824598106,0.041528081355524216,0.03949372257221939,0.9997906403258623
example/hyperparams_opt/Hela/unequal_param_set_3,0.2,0.6,0.2,None,N20562,0.7132083872492829,0.7130774063737808,0.704703779322621,0.000261961751004236,0.025251862028981886,,0.03949372257221939,0.9998709517525355
example/hyperparams_opt/Hela/unequal_param_set_3,0.2,0.6,0.2,None,N20752,0.7204950302337727,0.7130774063737808,0.704703779322621,0.000261961751004236,0.025251862028981886,,0.03949372257221939,0.9998709517525355
example/hyperparams_opt/Hela/unequal_param_set_3,0.2,0.6,0.2,None,N20754,0.7655943265679572,0.7472597396779226,0.7382292583336247,0.0366691737800694,0.04542603092292807,,0.03949372257221939,0.999678320058596
example/hyperparams_opt/Hela/unequal_param_set_3,0.2,0.6,0.2,None,N20772,0.7675407917583501,0.7632019423492955,0.7382292583336247,0.008677698818109314,,,0.03949372257221939,0.9999766859833163
example/hyperparams_opt/Hela/unequal_param_set_3,0.2,0.6,0.2,None,N21124,0.7173394662784423,0.7028655331392317,0.6902810887594972,0.028947866278421164,0.05222726627841412,,0.03949372257221939,0.9995645573537673
example/hyperparams_opt/Hela/unequal_param_set_3,0.2,0.6,0.2,None,N21269,0.7618556310919917,0.7442599877823011,0.7383890419406073,0.03519128661938131,0.035208480834771794,,0.03949372257221939,0.9997713491246657
example/hyperparams_opt/Hela/unequal_param_set_3,0.2,0.6,0.2,None,N21309,0.7372218040047911,0.734964203504189,0.7291204690028025,0.004515201001204172,0.02757364193633416,0.027910987412923083,0.024898269865911926,0.9999096011204466
example/hyperparams_opt/Hela/unequal_param_set_3,0.2,0.6,0.2,None,N21563,0.7330558505586638,0.7306841752793201,0.7283208946306527,0.004743350558687687,0.009461517225345828,,0.024898269865911926,0.9999871987638947
example/hyperparams_opt/Hela/unequal_param_set_3,0.2,0.6,0.2,None,N2172,0.7444060000000202,0.622504362474684,0.48389290831644693,0.24380327505067234,0.5377360000000475,,0.024898269865911926,0.8985439732907972
example/hyperparams_opt/Hela/unequal_param_set_3,0.2,0.6,0.2,None,N21767,0.7394490456201256,0.7360470160331897,0.7243903770432439,0.006804059173871835,0.03837194655677312,,0.024898269865911926,0.9997564199967756
example/hyperparams_opt/Hela/unequal_param_set_3,0.2,0.6,0.2,None,N21880,0.7491022867093651,0.7398951433546725,0.7301294289031169,0.018414286709385053,0.038504286709359015,,0.024898269865911926,0.9997888052013912
example/hyperparams_opt/Hela/unequal_param_set_3,0.2,0.6,0.2,None,N21963,0.7013878165727971,0.6879464017596923,0.6816721790675463,0.02688282962620947,0.03226408288954308,,0.024898269865911926,0.9998057457685784
example/hyperparams_opt/Hela/unequal_param_set_3,0.2,0.6,0.2,None,N22016,0.7281343510413887,0.7235168510414018,0.6838211786379697,0.009234999999973681,0.16977979697985945,0.18052072356973126,0.16593845224289672,0.993933679302403
example/hyperparams_opt/Hela/unequal_param_set_3,0.2,0.6,0.2,None,N22494,0.6706392008795683,0.7235168510414018,0.6838211786379697,0.009234999999973681,0.16977979697985945,0.18052072356973126,0.16593845224289672,0.993933679302403
example/hyperparams_opt/Hela/unequal_param_set_3,0.2,0.6,0.2,None,N2250,0.7122456666667133,0.7235168510414018,0.6838211786379697,0.009234999999973681,0.16977979697985945,0.18052072356973126,0.16593845224289672,0.993933679302403
example/hyperparams_opt/Hela/unequal_param_set_3,0.2,0.6,0.2,None,N22707,0.7397940773978886,0.7354100387562297,0.7143922925270617,0.008768077283317743,0.06743727732916271,,0.16593845224289672,0.9991929525947081
example/hyperparams_opt/Hela/unequal_param_set_3,0.2,0.6,0.2,None,N22801,0.625485234083259,0.6233390612134516,0.622157276328128,0.004292345739614678,0.005691527525778173,,0.16593845224289672,0.9999931100675353
example/hyperparams_opt/Hela/unequal_param_set_3,0.2,0.6,0.2,None,N22941,0.7107274691255074,0.6697061025280364,0.6531119212686963,0.08204273319494204,0.09080391037549129,,0.16593845224289672,0.9982391833180403
example/hyperparams_opt/Hela/unequal_param_set_3,0.2,0.6,0.2,None,N22948,0.7080915604885627,0.6658408929059301,0.6371894976014042,0.08450133516526515,0.12820485349621036,,0.16593845224289672,0.9968525950860753
example/hyperparams_opt/Hela/unequal_param_set_3,0.2,0.6,0.2,None,N23052,0.8170302274785904,0.7994104875607848,0.6371894976014042,0.035239479835611265,,,0.16593845224289672,0.9996495395483436
example/hyperparams_opt/Hela/unequal_param_set_3,0.2,0.6,0.2,None,N23185,0.7062940000000395,0.6706835000000249,0.6522231111111306,0.0712210000000294,0.09099166666669756,,0.16593845224289672,0.9983836262670698
example/hyperparams_opt/Hela/unequal_param_set_3,0.2,0.6,0.2,None,N23297,0.7214430281792513,0.7184113996568444,0.7158745234827067,0.006063257044813697,0.010642257044820025,,0.16593845224289672,0.9999831333055987
example/hyperparams_opt/Hela/unequal_param_set_3,0.2,0.6,0.2,None,N23401,0.6849420000000158,0.6786596666666851,0.6726184444444591,0.01256466666666145,0.0244060000000087,,0.16593845224289672,0.9999001143454098
example/hyperparams_opt/Hela/unequal_param_set_3,0.2,0.6,0.2,None,N2344,0.7292436666666728,0.6786596666666851,0.6726184444444591,0.01256466666666145,0.0244060000000087,,0.16593845224289672,0.9999001143454098
example/hyperparams_opt/Hela/unequal_param_set_3,0.2,0.6,0.2,None,N23469,0.7061844554238078,0.7005397887571404,0.6630556396940436,0.011289333333334817,0.16468205064071262,0.17456569623563023,0.15319260642468502,0.9947707404179458
example/hyperparams_opt/Hela/unequal_param_set_3,0.2,0.6,0.2,None,N2361,0.5440439999999622,0.515005333333291,0.4956462222221769,0.05807733333334236,0.2313356666666429,0.2503702222221816,0.2707542222221667,0.9558351767526306
example/hyperparams_opt/Hela/unequal_param_set_3,0.2,0.6,0.2,None,N2372,0.5518894824393625,0.5200665111927234,0.5093931504068082,0.06364594249327837,0.0638430536043848,,0.2707542222221667,0.9984369150762878
example/hyperparams_opt/Hela/unequal_param_set_3,0.2,0.6,0.2,None,N2373,0.537407999999931,0.4639184999999768,0.5093931504068082,0.14697899999990854,,,0.2707542222221667,0.9818221416846258
example/hyperparams_opt/Hela/unequal_param_set_3,0.2,0.6,0.2,None,N24093,0.697085390106787,0.6405279891731143,0.5093931504068082,0.11311480186734557,,,0.2707542222221667,0.9943686445792568
example/hyperparams_opt/Hela/unequal_param_set_3,0.2,0.6,0.2,None,N2420,0.5914119999999475,0.5884189999999523,0.5854259999999569,0.00598599999999061,0.21866249999999665,0.28456633333333986,0.3182665000000102,0.960122331033504
example/hyperparams_opt/Hela/unequal_param_set_3,0.2,0.6,0.2,None,N2441,0.6312824999999913,0.6196242499999962,0.5903039999999802,0.023316499999990192,0.12384462500001725,0.12026158333334674,0.10632180000000979,0.9966196466376834
example/hyperparams_opt/Hela/unequal_param_set_3,0.2,0.6,0.2,None,N2466,0.6827046666667176,0.6196242499999962,0.5903039999999802,0.023316499999990192,0.12384462500001725,0.12026158333334674,0.10632180000000979,0.9966196466376834
example/hyperparams_opt/Hela/unequal_param_set_3,0.2,0.6,0.2,None,N24795,0.8141806816090223,0.7686202041798915,0.70280233394655,0.09112095485826177,0.24720118703752914,0.20582780851677185,,0.9910095283898855
example/hyperparams_opt/Hela/unequal_param_set_3,0.2,0.6,0.2,None,N24870,0.6091539357445119,0.5934581651062418,0.587028746751603,0.0313915412765402,0.034984025702186505,,,0.9996758197384975
example/hyperparams_opt/Hela/unequal_param_set_3,0.2,0.6,0.2,None,N2566,0.6681339999999739,0.6676526666666484,0.6242522777777669,0.0009626666666511241,0.17111966666665046,0.18411738888888513,0.1591266111111126,0.9934439298715982
example/hyperparams_opt/Hela/unequal_param_set_3,0.2,0.6,0.2,None,N2571,0.5046794219502686,0.4948208125803713,0.4902055618380246,0.019717218739794595,0.023704361596937285,,0.1591266111111126,0.9997974770736485
example/hyperparams_opt/Hela/unequal_param_set_3,0.2,0.6,0.2,None,N2590,0.5984710792095812,0.5929835792095961,0.5836111056127896,0.010974999999970092,0.2000070377188301,0.22225322387358276,0.22619414587624476,0.9855637123991089
example/hyperparams_opt/Hela/unequal_param_set_3,0.2,0.6,0.2,None,N2592,0.6819760000000187,0.6605593333333468,0.6462815555555655,0.042833333333343715,0.17389004166668587,0.18902005555557072,0.19476138888890066,0.9916752322326582
example/hyperparams_opt/Hela/unequal_param_set_3,0.2,0.6,0.2,None,N2601,0.5435516116957098,0.5419726692834679,0.5318487735358269,0.0031578848244838698,0.06501120553087436,0.07445245507720238,0.07732011889309182,0.9985309611970679
example/hyperparams_opt/Hela/unequal_param_set_3,0.2,0.6,0.2,None,N26066,0.7004825231786647,0.6773158629481788,0.6398250938173082,0.04633332046097183,0.13563896762309746,,0.07732011889309182,0.996432190206068
example/hyperparams_opt/Hela/unequal_param_set_3,0.2,0.6,0.2,None,N2625,0.6977679999999769,0.6505379999999819,0.5879086666666672,0.09445999999998989,0.23511799999993915,,0.07732011889309182,0.9874661932353502
example/hyperparams_opt/Hela/unequal_param_set_3,0.2,0.6,0.2,None,N2636,0.6789100000000345,0.6714006666666905,0.666394444444461,0.015018666666688163,0.0225280000000323,,0.07732011889309182,0.9999102581587823
example/hyperparams_opt/Hela/unequal_param_set_3,0.2,0.6,0.2,None,N2650,0.7413109999999833,0.6087219999999833,0.666394444444461,0.2651779999999999,,,0.07732011889309182,0.965500845155812
example/hyperparams_opt/Hela/unequal_param_set_3,0.2,0.6,0.2,None,N2697,0.6562766617939283,0.6087219999999833,0.666394444444461,0.2651779999999999,,,0.07732011889309182,0.965500845155812
example/hyperparams_opt/Hela/unequal_param_set_3,0.2,0.6,0.2,None,N2698,0.6375698127504849,0.6354765105021098,0.6211134992918108,0.004186604496749902,0.07528755813592114,0.08322932997309584,0.08712199929182307,0.9984740559493112
example/hyperparams_opt/Hela/unequal_param_set_3,0.2,0.6,0.2,None,N2708,0.7172579999999964,0.711317999999979,0.6823446666666548,0.011880000000034752,0.09285999999998995,,0.08712199929182307,0.9983120311814562
example/hyperparams_opt/Hela/unequal_param_set_3,0.2,0.6,0.2,None,N2716,0.7531679999999579,0.7495419999999617,0.7459159999999656,0.007251999999992265,0.06010783333332803,0.07168311111111303,0.07412700000000494,0.9992968947173794
example/hyperparams_opt/Hela/unequal_param_set_3,0.2,0.6,0.2,None,N2732,0.717986666666678,0.7159793333333413,0.7021475555555646,0.004014666666673494,0.05662726666665108,0.05899479999997581,0.045980755555530384,0.9995776777309956
example/hyperparams_opt/Hela/unequal_param_set_3,0.2,0.6,0.2,None,N2770,0.6563171463214315,0.6463513963214202,0.6400595975476149,0.019931500000022417,0.048730212988096655,0.04870899632142012,0.05630559754760078,0.9995206795424443
example/hyperparams_opt/Hela/unequal_param_set_3,0.2,0.6,0.2,None,N2789,0.6781548989226224,0.6463513963214202,0.6400595975476149,0.019931500000022417,0.048730212988096655,0.04870899632142012,0.05630559754760078,0.9995206795424443
example/hyperparams_opt/Hela/unequal_param_set_3,0.2,0.6,0.2,None,N2793,0.6795616023754797,0.6509153074548939,0.6214832091480311,0.05729258984117158,0.11694258984117412,,0.05630559754760078,0.9973082322860365
example/hyperparams_opt/Hela/unequal_param_set_3,0.2,0.6,0.2,None,N2801,0.6713262800289135,0.6692667100216811,0.6672048533526076,0.004119140014464673,0.03149336287985771,0.03330849668352609,0.032531425349718535,0.9998743144898817
example/hyperparams_opt/Hela/unequal_param_set_3,0.2,0.6,0.2,None,N2815,0.6960639508120249,0.6946781348660293,0.6799495401813593,0.0027716318919912553,0.04557160000000526,,0.032531425349718535,0.9995684848058335
example/hyperparams_opt/Hela/unequal_param_set_3,0.2,0.6,0.2,None,N2845,0.6810709999999603,0.6769405000000106,0.6644726666666666,0.008260999999899488,0.04153399999998175,,0.032531425349718535,0.9996659627703669
example/hyperparams_opt/Hela/unequal_param_set_3,0.2,0.6,0.2,None,N2875,0.7493659999999351,0.7314079999999483,0.7234035555555045,0.035915999999973636,0.0606689166666361,0.04894344444442189,0.04291122222219346,0.9996657267240872
example/hyperparams_opt/Hela/unequal_param_set_3,0.2,0.6,0.2,None,N2878,0.7056339999999802,0.6968093999999792,0.6925975999999817,0.01764920000000214,0.07284402499999765,0.0811474333333313,0.10413315000000634,0.9985018520684071
example/hyperparams_opt/Hela/unequal_param_set_3,0.2,0.6,0.2,None,N2886,0.6535379461150087,0.6968093999999792,0.6925975999999817,0.01764920000000214,0.07284402499999765,0.0811474333333313,0.10413315000000634,0.9985018520684071
example/hyperparams_opt/Hela/unequal_param_set_3,0.2,0.6,0.2,None,N2900,0.6779672000000281,0.6714783500000256,0.5778105666666838,0.012977700000004866,0.28749220000002773,,0.10413315000000634,0.9743733696303385
example/hyperparams_opt/Hela/unequal_param_set_3,0.2,0.6,0.2,None,N2917,0.7539259999999957,0.7472539999999996,0.7450300000000011,0.013343999999992029,0.046730190476185984,0.0456225555555555,0.04851986666667052,0.999724633818562
example/hyperparams_opt/Hela/unequal_param_set_3,0.2,0.6,0.2,None,N2919,0.5878686316866892,0.585085381686689,0.5771317983533556,0.005566500000000474,0.026644000000000445,,0.04851986666667052,0.9998193540109215
example/hyperparams_opt/Hela/unequal_param_set_3,0.2,0.6,0.2,None,N2984,0.7328176666666814,0.7288587083333462,0.7265615833333445,0.0079179166666703,0.0329492518111234,0.03267344655741877,0.03467214530731355,0.9998698504638146
example/hyperparams_opt/Hela/unequal_param_set_3,0.2,0.6,0.2,None,N3003,0.7489819501376251,0.7288587083333462,0.7265615833333445,0.0079179166666703,0.0329492518111234,0.03267344655741877,0.03467214530731355,0.9998698504638146
example/hyperparams_opt/Hela/unequal_param_set_3,0.2,0.6,0.2,None,N3018,0.6082015156219241,0.5948809244776527,0.7265615833333445,0.026641182288542842,,0.03267344655741877,0.03467214530731355,0.9996382839723776
example/hyperparams_opt/Hela/unequal_param_set_3,0.2,0.6,0.2,None,N3022,0.7171613333332959,0.708794999999969,0.7054293333333094,0.01673266666665385,0.035359949999968276,0.032625822222195455,0.031312166666643715,0.9998525185941426
example/hyperparams_opt/Hela/unequal_param_set_3,0.2,0.6,0.2,None,N3028,0.6859792000000196,0.6811033500000178,0.5921109000000144,0.009751700000003583,0.2718532000000117,,0.031312166666643715,0.9781135711277865
example/hyperparams_opt/Hela/unequal_param_set_3,0.2,0.6,0.2,None,N3046,0.6612269999999907,0.5288459999999839,0.5921109000000144,0.26476200000001354,,,0.031312166666643715,0.954315821758459
example/hyperparams_opt/Hela/unequal_param_set_3,0.2,0.6,0.2,None,N3077,0.7200767060460275,0.7156038455362379,0.7131294920329728,0.008945721019579134,0.01189592101958481,,0.031312166666643715,0.9999771339199865
example/hyperparams_opt/Hela/unequal_param_set_3,0.2,0.6,0.2,None,N3118,0.7518999999999799,0.7154569999999725,0.6995039999999765,0.07288600000001488,0.12283058333333885,0.09923044444444573,0.0964496666666651,0.9982530463653778
example/hyperparams_opt/Hela/unequal_param_set_3,0.2,0.6,0.2,None,N3152,0.6674850000000818,0.6342785000000584,0.6048723333333875,0.06641300000004702,0.13834925635397355,0.11078417513859617,0.08789425953090813,0.9974970249061429
example/hyperparams_opt/Hela/unequal_param_set_3,0.2,0.6,0.2,None,N3154,0.7422558006249635,0.7402772308944141,0.7380028314821679,0.003957139461098991,0.04955079159510212,0.061155229740491035,0.06169717304177047,0.9995100358938496
example/hyperparams_opt/Hela/unequal_param_set_3,0.2,0.6,0.2,None,N3155,0.7568311498472742,0.7518068606379307,0.7472663861949882,0.010048578418686893,0.034340906307670616,0.031932482726577005,0.03102337270136757,0.9998727044890825
example/hyperparams_opt/Hela/unequal_param_set_3,0.2,0.6,0.2,None,N3164,0.7013143368615201,0.6578893350974426,0.7472663861949882,0.08685000352815497,,0.031932482726577005,0.03102337270136757,0.9968549008822689
example/hyperparams_opt/Hela/unequal_param_set_3,0.2,0.6,0.2,None,N3171,0.7587342456945004,0.7337231228472507,0.7124007485648377,0.05002224569449931,0.08897824569448898,,0.03102337270136757,0.9988128892859033
example/hyperparams_opt/Hela/unequal_param_set_3,0.2,0.6,0.2,None,N3187,0.7135679999999753,0.646108499999996,0.6092103333333277,0.1349189999999586,0.17815399999998383,,0.03102337270136757,0.9930726397070805
example/hyperparams_opt/Hela/unequal_param_set_3,0.2,0.6,0.2,None,N3215,0.7567749999999924,0.7513701666666514,0.7468194012437831,0.01080966666668215,0.037032392605180764,0.03761931360625159,0.044734016044758795,0.9996956054086784
example/hyperparams_opt/Hela/unequal_param_set_3,0.2,0.6,0.2,None,N3234,0.747230404367278,0.7462048513552835,0.7468194012437831,0.0020511060239889467,,0.03761931360625159,0.044734016044758795,0.999998637474081
example/hyperparams_opt/Hela/unequal_param_set_3,0.2,0.6,0.2,None,N3275,0.7331715000000177,0.692337750000011,0.7468194012437831,0.08166750000001344,,0.03761931360625159,0.044734016044758795,0.9974892751801823
example/hyperparams_opt/Hela/unequal_param_set_3,0.2,0.6,0.2,None,N3314,0.6846850000000535,0.6842282933675815,0.6636134600342384,0.0009134132649439852,0.07560656164959956,0.07958497335616022,0.06763871003421806,0.9990169388171546
example/hyperparams_opt/Hela/unequal_param_set_3,0.2,0.6,0.2,None,N3381,0.7574595481517427,0.755635965830205,0.7499686483003384,0.0036471646430754623,0.03864240463309576,0.04342444555221092,0.043241391157454734,0.9997729347758695
example/hyperparams_opt/Hela/unequal_param_set_3,0.2,0.6,0.2,None,N3412,0.6765309195125618,0.755635965830205,0.7499686483003384,0.0036471646430754623,0.03864240463309576,0.04342444555221092,0.043241391157454734,0.9997729347758695
example/hyperparams_opt/Hela/unequal_param_set_3,0.2,0.6,0.2,None,N3420,0.7592797931660703,0.7537639186959182,0.7515636448024775,0.01103174894030412,0.04587353489614043,0.04598380021693271,0.05087501718003473,0.9994370789801784
example/hyperparams_opt/Hela/unequal_param_set_3,0.2,0.6,0.2,None,N3474,0.7228498812811937,0.7142751714098432,0.7107253427535412,0.0171494197427009,0.02330002242334428,0.01608392141302306,0.014936020618876222,0.9999498796904652
example/hyperparams_opt/Hela/unequal_param_set_3,0.2,0.6,0.2,None,N34957,0.7163619999999695,0.557033500000011,0.7107253427535412,0.3186569999999171,,0.01608392141302306,0.014936020618876222,0.9401518594995155
example/hyperparams_opt/Hela/unequal_param_set_3,0.2,0.6,0.2,None,N35342,0.7389649999999619,0.5917350000000073,0.7107253427535412,0.29445999999990913,,0.01608392141302306,0.014936020618876222,0.954871151156744
example/hyperparams_opt/Hela/unequal_param_set_3,0.2,0.6,0.2,None,N35351,0.6491839999999683,0.4406480000000087,0.36821066666669067,0.4170719999999193,0.42584799999991385,,0.014936020618876222,0.8769249945459909
example/hyperparams_opt/Hela/unequal_param_set_3,0.2,0.6,0.2,None,N3540,0.7617439999999999,0.7527664999999952,0.6415129999999879,0.01795500000000938,0.34273800000002663,,0.014936020618876222,0.9704835835875744
example/hyperparams_opt/Hela/unequal_param_set_3,0.2,0.6,0.2,None,N3555,0.737124059430045,0.7355961421264215,0.7348951157700169,0.003055834607246899,0.026905394839309538,0.02925654394676469,0.02996817459422907,0.9999018350408794
example/hyperparams_opt/Hela/unequal_param_set_3,0.2,0.6,0.2,None,N3557,0.6919090909091123,0.6872300454545681,0.6839133932818079,0.009358090909088346,0.014629001972824907,,0.02996817459422907,0.999964424797814
example/hyperparams_opt/Hela/unequal_param_set_3,0.2,0.6,0.2,None,N35807,0.5565907986241592,0.6872300454545681,0.6839133932818079,0.009358090909088346,0.014629001972824907,,0.02996817459422907,0.999964424797814
example/hyperparams_opt/Hela/unequal_param_set_3,0.2,0.6,0.2,None,N35848,0.59193799999998,0.5861504999999889,0.5720343333333149,0.011574999999982238,0.09750680952381563,0.09994777777779174,0.09259906666667306,0.9975317902433781
example/hyperparams_opt/Hela/unequal_param_set_3,0.2,0.6,0.2,None,N35850,0.5874249999999777,0.41200749999998937,0.33646099999996587,0.3508349999999766,0.40205700000005895,,0.09259906666667306,0.8795846716382244
example/hyperparams_opt/Hela/unequal_param_set_3,0.2,0.6,0.2,None,N35855,0.6832380000000007,0.6349314999999893,0.5470443333333119,0.0966130000000226,0.3119680000000435,,0.09259906666667306,0.9728404368308393
example/hyperparams_opt/Hela/unequal_param_set_3,0.2,0.6,0.2,None,N3586,0.7085539502674731,0.6349314999999893,0.5470443333333119,0.0966130000000226,0.3119680000000435,,0.09259906666667306,0.9728404368308393
example/hyperparams_opt/Hela/unequal_param_set_3,0.2,0.6,0.2,None,N3587,0.7467159999999944,0.7467159999999944,0.7176076666666688,0.0,0.14554166666662793,0.17464999999995368,0.14554166666662804,0.9956282682104021
example/hyperparams_opt/Hela/unequal_param_set_3,0.2,0.6,0.2,None,N3591,0.6250544150560118,0.7467159999999944,0.7176076666666688,0.0,0.14554166666662793,0.17464999999995368,0.14554166666662804,0.9956282682104021
example/hyperparams_opt/Hela/unequal_param_set_3,0.2,0.6,0.2,None,N35922,0.23191400000000328,0.2270519999999941,0.7176076666666688,0.009724000000018412,,0.17464999999995368,0.14554166666662804,0.9996692064872085
example/hyperparams_opt/Hela/unequal_param_set_3,0.2,0.6,0.2,None,N35933,0.5264279999999687,0.5264279999999687,0.5038157777777449,0.0,0.15828555555556661,0.20351000000001424,0.18089777777779043,0.9855154345194604
example/hyperparams_opt/Hela/unequal_param_set_3,0.2,0.6,0.2,None,N36048,0.6572380000000344,0.6112465000000021,0.5225776666666562,0.09198300000006454,0.3119980000000702,,0.18089777777779043,0.9698388840497247
example/hyperparams_opt/Hela/unequal_param_set_3,0.2,0.6,0.2,None,N36072,0.56525499999997,0.3908724999999745,0.32901900000000356,0.348764999999991,0.3599429999999082,,0.18089777777779043,0.8907630769275542
example/hyperparams_opt/Hela/unequal_param_set_3,0.2,0.6,0.2,None,N3608,0.674360109730521,0.6695806548652745,0.6588802643890834,0.009558909730492782,0.06822424642837122,0.07389266494130853,0.08370859265005715,0.9985807475012061
example/hyperparams_opt/Hela/unequal_param_set_3,0.2,0.6,0.2,None,N36096,0.7272679999999867,0.6882529999999936,0.5758186666666402,0.07802999999998628,0.3763180000000532,,0.08370859265005715,0.9610291824862756
example/hyperparams_opt/Hela/unequal_param_set_3,0.2,0.6,0.2,None,N36104,0.577958666666621,0.5729298333333019,0.5565492222221813,0.01005766666663821,0.10628090476190477,0.10993711111112298,0.10076315555555743,0.9968062881643979
example/hyperparams_opt/Hela/unequal_param_set_3,0.2,0.6,0.2,None,N3628,0.6843256666666594,0.6810282499999933,0.6771324846619268,0.006594833333332106,0.014984712680865875,,0.10076315555555743,0.9999626581515006
example/hyperparams_opt/Hela/unequal_param_set_3,0.2,0.6,0.2,None,N36340,0.6465299999999885,0.5662884999999939,0.4530689999999997,0.16048299999998922,0.41989999999997707,,0.10076315555555743,0.9283118738017034
example/hyperparams_opt/Hela/unequal_param_set_3,0.2,0.6,0.2,None,N36477,0.6509240000000034,0.5678990000000013,0.446532666666674,0.1660500000000042,0.44712399999998387,,0.10076315555555743,0.9147873397476297
example/hyperparams_opt/Hela/unequal_param_set_3,0.2,0.6,0.2,None,N3652,0.7268659999999958,0.7223365000000067,0.7169510000000102,0.009058999999978168,0.08145330952377994,0.08705169444442451,0.09584523333331496,0.9976440604254458
example/hyperparams_opt/Hela/unequal_param_set_3,0.2,0.6,0.2,None,N3657,0.559458758269099,0.5532523832691036,0.5414439616665426,0.012412749999990536,0.04163163980767848,,0.09584523333331496,0.9995247868557723
example/hyperparams_opt/Hela/unequal_param_set_3,0.2,0.6,0.2,None,N3665,0.606205130169834,0.5945210793789617,0.5855831735597806,0.023368101581744627,0.03849776824841544,,0.09584523333331496,0.9996678550513839
example/hyperparams_opt/Hela/unequal_param_set_3,0.2,0.6,0.2,None,N36752,0.5552840000000003,0.5077615000000005,0.4278843333333411,0.0950449999999996,0.28715399999997826,,0.09584523333331496,0.9624522467300148
example/hyperparams_opt/Hela/unequal_param_set_3,0.2,0.6,0.2,None,N3693,0.6745911964080985,0.5077615000000005,0.4278843333333411,0.0950449999999996,0.28715399999997826,,0.09584523333331496,0.9624522467300148
example/hyperparams_opt/Hela/unequal_param_set_3,0.2,0.6,0.2,None,N3695,0.7154256862200614,0.6911528431100542,0.6744870653322691,0.04854568622001443,0.09807038133170543,0.08173093985114599,0.07723346533225206,0.9988739571756824
example/hyperparams_opt/Hela/unequal_param_set_3,0.2,0.6,0.2,None,N3696,0.6950329473684377,0.6922983403571487,0.6908780046825512,0.0054692140225780506,0.013676577365456022,0.01316895813095842,0.012928181343271894,0.9999745646104211
example/hyperparams_opt/Hela/unequal_param_set_3,0.2,0.6,0.2,None,N3701,0.6850115000000168,0.6797150833333636,0.6690556111111409,0.010592833333306184,0.09481527777778298,0.11828908333336052,0.1412596111111346,0.9972575339923221
example/hyperparams_opt/Hela/unequal_param_set_3,0.2,0.6,0.2,None,N3735,0.6842570911222514,0.6797150833333636,0.6690556111111409,0.010592833333306184,0.09481527777778298,0.11828908333336052,0.1412596111111346,0.9972575339923221
example/hyperparams_opt/Hela/unequal_param_set_3,0.2,0.6,0.2,None,N3759,0.7326228637171287,0.7236395985252368,0.7143619990168384,0.017966530383783708,0.036816063717087455,,0.1412596111111346,0.9997984266441631
example/hyperparams_opt/Hela/unequal_param_set_3,0.2,0.6,0.2,None,N3773,0.7321655995474189,0.7019027997737219,0.6806414664403876,0.060525599547394004,0.12043898299388711,0.09897357762691905,0.09528186644036984,0.9982529574793356
example/hyperparams_opt/Hela/unequal_param_set_3,0.2,0.6,0.2,None,N3873,0.720803621921578,0.6977784956595257,0.6867448901965361,0.04605025252410455,0.06012130025675144,0.04109153160042944,,0.9995228384281346
example/hyperparams_opt/Hela/unequal_param_set_3,0.2,0.6,0.2,None,N3887,0.7603160000000009,0.7342659999999958,0.7125353333333196,0.05210000000001025,0.09124200000003313,,,0.9987507429021262
example/hyperparams_opt/Hela/unequal_param_set_3,0.2,0.6,0.2,None,N3891,0.6044536633781107,0.7342659999999958,0.7125353333333196,0.05210000000001025,0.09124200000003313,,,0.9987507429021262
example/hyperparams_opt/Hela/unequal_param_set_3,0.2,0.6,0.2,None,N3938,0.7003920000000097,0.699864500000008,0.6655995333333398,0.0010550000000033588,0.11592914999999926,0.11960389999999521,0.09367223333332153,0.9977867584192287
example/hyperparams_opt/Hela/unequal_param_set_3,0.2,0.6,0.2,None,N3958,0.7126159999999906,0.6793054999999829,0.6093389999999798,0.06662100000001536,0.24321000000001725,,0.09367223333332153,0.9866359689040703
example/hyperparams_opt/Hela/unequal_param_set_3,0.2,0.6,0.2,None,N3963,0.7203659066749887,0.7202514533375055,0.718354563956483,0.0002289066749664448,0.0097394317476307,0.010936415165840874,0.009269006698992666,0.9999868006478912
example/hyperparams_opt/Hela/unequal_param_set_3,0.2,0.6,0.2,None,N3993,0.7369573561177495,0.7339504578055296,0.7217513240158305,0.006013796624439793,0.039604299681316846,,0.009269006698992666,0.9997332795442709
example/hyperparams_opt/Hela/unequal_param_set_3,0.2,0.6,0.2,None,N4014,0.7452853500027464,0.7425690083347081,0.7406325388898068,0.005432683336076605,0.02664091173244376,0.02694376368602247,0.028137609312042344,0.9998550389015006
example/hyperparams_opt/Hela/unequal_param_set_3,0.2,0.6,0.2,None,N4036,0.7018352128627483,0.6968241064313903,0.7406325388898068,0.010022212862716096,,0.02694376368602247,0.028137609312042344,0.9999626948142076
example/hyperparams_opt/Hela/unequal_param_set_3,0.2,0.6,0.2,None,N4045,0.7179780000000416,0.7124175000000414,0.7064421666667076,0.011121000000000492,0.03232882500000189,0.02971576666666842,0.025769566666663746,0.9998880145763754
example/hyperparams_opt/Hela/unequal_param_set_3,0.2,0.6,0.2,None,N4087,0.6843332500000286,0.6646629583333579,0.6541810388889133,0.03934058333334167,0.05111605000000452,,0.025769566666663746,0.9994949958652005
example/hyperparams_opt/Hela/unequal_param_set_3,0.2,0.6,0.2,None,N4089,0.7286870000000029,0.7190974999999971,0.7095079999999913,0.019179000000011492,0.17208374999999454,0.20706949999997926,0.22695974999997298,0.990314598106793
example/hyperparams_opt/Hela/unequal_param_set_3,0.2,0.6,0.2,None,N4106,0.7402450000000279,0.7328760000000145,0.6304673333333423,0.014738000000026785,0.31459500000002993,,0.22695974999997298,0.9742636567416898
example/hyperparams_opt/Hela/unequal_param_set_3,0.2,0.6,0.2,None,N4171,0.6311497142857235,0.5951038571428617,0.5759869880952398,0.0720917142857237,0.09339646428572757,,0.22695974999997298,0.9978348375606507
example/hyperparams_opt/Hela/unequal_param_set_3,0.2,0.6,0.2,None,N4172,0.7202116263359741,0.5951038571428617,0.5759869880952398,0.0720917142857237,0.09339646428572757,,0.22695974999997298,0.9978348375606507
example/hyperparams_opt/Hela/unequal_param_set_3,0.2,0.6,0.2,None,N4179,0.7468279999999825,0.7468279999999825,0.7461419999999858,0.0,0.10858609523807106,0.1263407777777511,0.15051133333330646,0.9915445399234223
example/hyperparams_opt/Hela/unequal_param_set_3,0.2,0.6,0.2,None,N4199,0.7241152000000064,0.7232018635678208,0.7126914646007698,0.001826672864371215,0.08638784857625392,0.10345561722504015,0.1273852010329568,0.9977848197170507
example/hyperparams_opt/Hela/unequal_param_set_3,0.2,0.6,0.2,None,N4252,0.7273407965784794,0.7215953169206224,0.6644003430930784,0.011490959315714089,0.17733040114048926,,0.1273852010329568,0.9930126330499819
example/hyperparams_opt/Hela/unequal_param_set_3,0.2,0.6,0.2,None,N4291,0.7411445852786941,0.7215953169206224,0.6644003430930784,0.011490959315714089,0.17733040114048926,,0.1273852010329568,0.9930126330499819
example/hyperparams_opt/Hela/unequal_param_set_3,0.2,0.6,0.2,None,N4318,0.7335794000224837,0.7324783000112566,0.7285350888964014,0.0022022000224541927,0.012930733355792423,,0.1273852010329568,0.9999725963403076
example/hyperparams_opt/Hela/unequal_param_set_3,0.2,0.6,0.2,None,N4327,0.7193311914027083,0.7066308457013467,0.7285350888964014,0.025400691402723163,,,0.1273852010329568,0.999766968929557
example/hyperparams_opt/Hela/unequal_param_set_3,0.2,0.6,0.2,None,N4381,0.6393878181134782,0.6349364090567313,0.6315687305941634,0.008902818113493804,0.029472968874038052,0.02999440129382025,0.029533918949787963,0.9998494448777047
example/hyperparams_opt/Hela/unequal_param_set_3,0.2,0.6,0.2,None,N4395,0.738731343259477,0.7320429216297277,0.6315687305941634,0.013376843259498505,,0.02999440129382025,0.029533918949787963,0.9999397822145669
example/hyperparams_opt/Hela/unequal_param_set_3,0.2,0.6,0.2,None,N4396,0.6924661916452785,0.7320429216297277,0.6315687305941634,0.013376843259498505,,0.02999440129382025,0.029533918949787963,0.9999397822145669
example/hyperparams_opt/Hela/unequal_param_set_3,0.2,0.6,0.2,None,N4425,0.7299465075486246,0.7320429216297277,0.6315687305941634,0.013376843259498505,,0.02999440129382025,0.029533918949787963,0.9999397822145669
example/hyperparams_opt/Hela/unequal_param_set_3,0.2,0.6,0.2,None,N4433,0.7307518137835227,0.7273264959682216,0.6875820863886198,0.006850635630602175,0.12265854655410635,,0.029533918949787963,0.9968875862955456
example/hyperparams_opt/Hela/unequal_param_set_3,0.2,0.6,0.2,None,N4463,0.7129649999999847,0.69142699999998,0.6787273333333167,0.04307600000000933,0.05963699999999483,,0.029533918949787963,0.9993793123480669
example/hyperparams_opt/Hela/unequal_param_set_3,0.2,0.6,0.2,None,N4501,0.7387934720722622,0.7341778332047966,0.7320995145432406,0.009231277734931376,0.019556268324469772,0.016391575035726746,0.01589548313007816,0.9999562210559777
example/hyperparams_opt/Hela/unequal_param_set_3,0.2,0.6,0.2,None,N4553,0.747740666666667,0.7404535333333332,0.7345021650793644,0.014574266666667723,0.05061315952380907,0.051816666666664735,0.05740546507936006,0.9994193281358428
example/hyperparams_opt/Hela/unequal_param_set_3,0.2,0.6,0.2,None,N4570,0.6682010909091303,0.6679884118603845,0.6665492745736045,0.0004253580974915572,0.004530090909085738,,0.05740546507936006,0.999995722893417
example/hyperparams_opt/Hela/unequal_param_set_3,0.2,0.6,0.2,None,N4604,0.7563699999999727,0.7386399999999695,0.7220992918963517,0.03546000000000615,0.06735212431085658,,0.05740546507936006,0.99933977921883
example/hyperparams_opt/Hela/unequal_param_set_3,0.2,0.6,0.2,None,N4638,0.7439236067317726,0.7375623717154914,0.7268777378211748,0.012722470032562327,0.038415136699231134,,0.05740546507936006,0.9997794370061603
example/hyperparams_opt/Hela/unequal_param_set_3,0.2,0.6,0.2,None,N4678,0.7186134999999994,0.7179787499999992,0.7156819666666564,0.0012695000000003676,0.02873415000000945,0.03516908333333624,0.042134133333315504,0.9997880378754128
example/hyperparams_opt/Hela/unequal_param_set_3,0.2,0.6,0.2,None,N4695,0.7388586683491234,0.7310693986204321,0.7266362290064868,0.015578539457382634,0.021088778570526934,,0.042134133333315504,0.9999313953818169
example/hyperparams_opt/Hela/unequal_param_set_3,0.2,0.6,0.2,None,N4773,0.754726999999986,0.7513084999999937,0.7271046666666607,0.006836999999984661,0.07602999999999138,,0.042134133333315504,0.998973113613486
example/hyperparams_opt/Hela/unequal_param_set_3,0.2,0.6,0.2,None,N4779,0.7550540000000332,0.7513084999999937,0.7271046666666607,0.006836999999984661,0.07602999999999138,,0.042134133333315504,0.998973113613486
example/hyperparams_opt/Hela/unequal_param_set_3,0.2,0.6,0.2,None,N4789,0.7472567217559982,0.7388364107456437,0.7271046666666607,0.01684062202070913,,,0.042134133333315504,0.999906305600748
example/hyperparams_opt/Hela/unequal_param_set_3,0.2,0.6,0.2,None,N4828,0.7322128789981576,0.7169389809074147,0.7099914997256557,0.03054779618148573,0.036116341636020066,,0.042134133333315504,0.9997734847499311
example/hyperparams_opt/Hela/unequal_param_set_3,0.2,0.6,0.2,None,N4829,0.7475959999999675,0.7467195429558346,0.7395506056212838,0.0017529140882656113,0.022383269047785093,,0.042134133333315504,0.999913765376413
example/hyperparams_opt/Hela/unequal_param_set_3,0.2,0.6,0.2,None,N4838,0.7383705000000559,0.7304703555873393,0.7395506056212838,0.01580028882543305,,,0.042134133333315504,0.999915624204836
example/hyperparams_opt/Hela/unequal_param_set_3,0.2,0.6,0.2,None,N4840,0.7502759513117973,0.7365169467609888,0.7255069645073369,0.027518009101616947,0.046788951311764304,,0.042134133333315504,0.9996817886671662
example/hyperparams_opt/Hela/unequal_param_set_3,0.2,0.6,0.2,None,N4877,0.7365279999999756,0.7308879999999727,0.7243779999999814,0.011280000000006063,0.025169999999976822,,0.042134133333315504,0.9999080301488994
example/hyperparams_opt/Hela/unequal_param_set_3,0.2,0.6,0.2,None,N4896,0.7634938100439543,0.7571710550533577,0.7543061700355769,0.012645509981193404,0.052232464608285345,0.0521288853784132,0.05441376642564688,0.9996705644100327
example/hyperparams_opt/Hela/unequal_param_set_3,0.2,0.6,0.2,None,N4907,0.5571613058173922,0.7571710550533577,0.7543061700355769,0.012645509981193404,0.052232464608285345,0.0521288853784132,0.05441376642564688,0.9996705644100327
example/hyperparams_opt/Hela/unequal_param_set_3,0.2,0.6,0.2,None,N4908,0.7296257500000138,0.7212352609461048,0.7543061700355769,0.01678097810781809,,0.0521288853784132,0.05441376642564688,0.9999023718661326
example/hyperparams_opt/Hela/unequal_param_set_3,0.2,0.6,0.2,None,N4920,0.7258076666666874,0.7212352609461048,0.7543061700355769,0.01678097810781809,,0.0521288853784132,0.05441376642564688,0.9999023718661326
example/hyperparams_opt/Hela/unequal_param_set_3,0.2,0.6,0.2,None,N4923,0.7403475556056776,0.7349662778028556,0.7543061700355769,0.010762555605643986,,0.0521288853784132,0.05441376642564688,0.9999613290872358
example/hyperparams_opt/Hela/unequal_param_set_3,0.2,0.6,0.2,None,N4934,0.7473733798085078,0.7337543177893616,0.7261512350971696,0.0272381240382924,0.036428310095722116,,0.05441376642564688,0.999794230397042
example/hyperparams_opt/Hela/unequal_param_set_3,0.2,0.6,0.2,None,N4957,0.5814373333333416,0.7337543177893616,0.7261512350971696,0.0272381240382924,0.036428310095722116,,0.05441376642564688,0.999794230397042
example/hyperparams_opt/Hela/unequal_param_set_3,0.2,0.6,0.2,None,N5055,0.7355680000000225,0.7012030000000586,0.7261512350971696,0.0687299999999278,,,0.05441376642564688,0.9982667400875554
example/hyperparams_opt/Hela/unequal_param_set_3,0.2,0.6,0.2,None,N5076,0.7499239999999315,0.7410184999999581,0.7239099999999805,0.01781099999994684,0.06023099999990589,,0.05441376642564688,0.9994425850775825
example/hyperparams_opt/Hela/unequal_param_set_3,0.2,0.6,0.2,None,N5089,0.749216999999949,0.7408088333332807,0.7341142222221735,0.01681633333333654,0.13836123809521317,0.14826461111108213,0.16720615555552698,0.991912454502757
example/hyperparams_opt/Hela/unequal_param_set_3,0.2,0.6,0.2,None,N5090,0.7498519999999563,0.7494579999999736,0.6262696666666516,0.000787999999965372,0.3699589999999488,,0.16720615555552698,0.9616032156872732
example/hyperparams_opt/Hela/unequal_param_set_3,0.2,0.6,0.2,None,N5132,0.7498012000000063,0.7470728500000021,0.7458336244385563,0.005456700000008308,0.01321330273653265,0.012740711420592299,0.014086024891734161,0.9999763652038741
example/hyperparams_opt/Hela/unequal_param_set_3,0.2,0.6,0.2,None,N5143,0.5658472001999404,0.5556866024641192,0.7458336244385563,0.020321195471642572,,0.012740711420592299,0.014086024891734161,0.999758816602407
example/hyperparams_opt/Hela/unequal_param_set_3,0.2,0.6,0.2,None,N5210,0.7474029999999707,0.7466554999999774,0.7377703333333233,0.0014949999999867014,0.02740299999995588,,0.014086024891734161,0.999867131157833
example/hyperparams_opt/Hela/unequal_param_set_3,0.2,0.6,0.2,None,N5337,0.7113090235406951,0.7035361338723263,0.7008124485110275,0.015545779336737842,0.02450979782625362,0.01959219218254782,0.018500358078337498,0.9999400043751827
example/hyperparams_opt/Hela/unequal_param_set_3,0.2,0.6,0.2,None,N5341,0.8102119751790261,0.7938717675895681,0.7869899017264096,0.032680415178915956,0.0748839589374155,0.06486011030770433,0.06468887402395984,0.9995323228625499
example/hyperparams_opt/Hela/unequal_param_set_3,0.2,0.6,0.2,None,N5373,0.740197170605406,0.7938717675895681,0.7869899017264096,0.032680415178915956,0.0748839589374155,0.06486011030770433,0.06468887402395984,0.9995323228625499
example/hyperparams_opt/Hela/unequal_param_set_3,0.2,0.6,0.2,None,N5421,0.7259176799926137,0.7214665066629689,0.7198583377753205,0.008902346659289573,0.009275679992589936,,0.06468887402395984,0.9999838787443488
example/hyperparams_opt/Hela/unequal_param_set_3,0.2,0.6,0.2,None,N5442,0.7066241331815295,0.7002535665907802,0.7198583377753205,0.01274113318149861,,,0.06468887402395984,0.999940297021974
example/hyperparams_opt/Hela/unequal_param_set_3,0.2,0.6,0.2,None,N5485,0.7270669999999955,0.7123718333333406,0.7198583377753205,0.02939033333330965,,,0.06468887402395984,0.9996930194202907
example/hyperparams_opt/Hela/unequal_param_set_3,0.2,0.6,0.2,None,N5486,0.723781999999962,0.7206059999999634,0.7079779999999741,0.006351999999996916,0.041059999999966235,,0.06468887402395984,0.9997026412307529
example/hyperparams_opt/Hela/unequal_param_set_3,0.2,0.6,0.2,None,N5501,0.7455849999999682,0.7435469999999854,0.7415090000000027,0.004075999999965552,0.03680791666663086,0.04432188888888133,0.05209933333333361,0.9995955644723151
example/hyperparams_opt/Hela/unequal_param_set_3,0.2,0.6,0.2,None,N5523,0.7262859999999453,0.7135429999999605,0.6022883333333146,0.02548599999996959,0.3465069999999228,,0.05209933333333361,0.966250649631994
example/hyperparams_opt/Hela/unequal_param_set_3,0.2,0.6,0.2,None,N5547,0.7360855747329211,0.7300752890186374,0.7183489019761945,0.012020571428567495,0.04118944684161241,,0.05209933333333361,0.9997351916431184
example/hyperparams_opt/Hela/unequal_param_set_3,0.2,0.6,0.2,None,N5562,0.798445075328303,0.7876901711363009,0.7802244541723667,0.021509808384004292,0.07373012533885737,0.06973823285603065,0.06969149061721847,0.9994313562237342
example/hyperparams_opt/Hela/unequal_param_set_3,0.2,0.6,0.2,None,N5615,0.7378261091330796,0.7205614285912207,0.7802244541723667,0.034529361083717736,,0.06973823285603065,0.06969149061721847,0.9995858466521429
example/hyperparams_opt/Hela/unequal_param_set_3,0.2,0.6,0.2,None,N5682,0.7372620000000035,0.7257942001297724,0.7191574667531887,0.022935599740462442,0.03137799999998225,,0.06969149061721847,0.9998457881726922
example/hyperparams_opt/Hela/unequal_param_set_3,0.2,0.6,0.2,None,N5734,0.7044232499999967,0.7028863749999843,0.7017499999999867,0.003073750000024744,0.013031729166678607,0.014190097222223863,0.018081249999999716,0.9999572776347765
example/hyperparams_opt/Hela/unequal_param_set_3,0.2,0.6,0.2,None,N5793,0.745237000000014,0.7389798333333446,0.7342185555555703,0.012514333333338845,0.11290942857142783,0.12204699999999757,0.13883835555555823,0.9945597959031934
example/hyperparams_opt/Hela/unequal_param_set_3,0.2,0.6,0.2,None,N5831,0.7240835000000093,0.7208021250000093,0.7194666166666778,0.006562750000000062,0.007287899999994907,,0.13883835555555823,0.9999905619689976
example/hyperparams_opt/Hela/unequal_param_set_3,0.2,0.6,0.2,None,N5862,0.7493960000000165,0.74874240000001,0.744325266666675,0.0013072000000130535,0.05914630000000798,0.0735731333333337,0.09348976666666597,0.9985142656241834
example/hyperparams_opt/Hela/unequal_param_set_3,0.2,0.6,0.2,None,N5869,0.7153665000000209,0.7068299819960531,0.744325266666675,0.017073036007935527,,0.0735731333333337,0.09348976666666597,0.9998947828105647
example/hyperparams_opt/Hela/unequal_param_set_3,0.2,0.6,0.2,None,N5884,0.7489685000000168,0.7483362500000145,0.7442889666666787,0.0012645000000046647,0.012774100000010002,,0.09348976666666597,0.9999728177321309
example/hyperparams_opt/Hela/unequal_param_set_3,0.2,0.6,0.2,None,N5928,0.6724291226023408,0.7483362500000145,0.7442889666666787,0.0012645000000046647,0.012774100000010002,,0.09348976666666597,0.9999728177321309
example/hyperparams_opt/Hela/unequal_param_set_3,0.2,0.6,0.2,None,N5935,0.7386541405974625,0.7238022111198201,0.718735742456151,0.0297038589552846,0.10700785590202067,0.1178080999021689,0.1374955183177924,0.9973433667148355
example/hyperparams_opt/Hela/unequal_param_set_3,0.2,0.6,0.2,None,N5949,0.7297302979146256,0.7142113789063436,0.718735742456151,0.031037838016564012,,0.1178080999021689,0.1374955183177924,0.9996593972690424
example/hyperparams_opt/Hela/unequal_param_set_3,0.2,0.6,0.2,None,N5982,0.7498060000000037,0.7478339999999968,0.7402339999999993,0.003944000000014047,0.02477199999999935,,0.1374955183177924,0.9999015851379086
example/hyperparams_opt/Hela/unequal_param_set_3,0.2,0.6,0.2,None,N6003,0.7403040000000058,0.736300000000002,0.7134603333333288,0.008008000000007787,0.07252300000002365,,0.1374955183177924,0.9990474775382002
example/hyperparams_opt/Hela/unequal_param_set_3,0.2,0.6,0.2,None,N6018,0.7477657833282831,0.7295365986483677,0.7071823990989193,0.03645836935983071,0.08529178332826037,,0.1374955183177924,0.9988849801080995
example/hyperparams_opt/Hela/unequal_param_set_3,0.2,0.6,0.2,None,N6029,0.7202569432146517,0.7169339488931891,0.715625780333677,0.006645988642925316,0.007247499999998741,,0.1374955183177924,0.9999904262274121
example/hyperparams_opt/Hela/unequal_param_set_3,0.2,0.6,0.2,None,N6139,0.7244662842388556,0.7152926552895212,0.7095185533692917,0.018347257898668756,0.09607132166278054,0.11008948836436538,0.12566144382160116,0.9977463977651381
example/hyperparams_opt/Hela/unequal_param_set_3,0.2,0.6,0.2,None,N6211,0.7374123867342228,0.7351793038626057,0.7337683996271197,0.004466165743234329,0.018808378397367043,0.018632392662298436,0.017866106186763875,0.9999680505281829
example/hyperparams_opt/Hela/unequal_param_set_3,0.2,0.6,0.2,None,N6238,0.7376309432145912,0.7361739488931296,0.7332744470002845,0.0029139886429233597,0.010155499999996875,,0.017866106186763875,0.9999845558485742
example/hyperparams_opt/Hela/unequal_param_set_3,0.2,0.6,0.2,None,N6284,0.7966452579611074,0.789988943470826,0.7877701719740656,0.013312628980562846,0.026081560876174192,0.02368155701776331,0.023862789379413774,0.9999292609644488
example/hyperparams_opt/Hela/unequal_param_set_3,0.2,0.6,0.2,None,N6368,0.7112284571674141,0.7074014785837202,0.7020288817013619,0.007653957167388037,0.019944769230768822,,0.023862789379413774,0.999937603734971
example/hyperparams_opt/Hela/unequal_param_set_3,0.2,0.6,0.2,None,N6379,0.7702720000000276,0.7544047500000234,0.7385375000000192,0.031734500000008437,0.18464787500003954,0.2091735833333761,0.22540325000004557,0.9914642928641977
example/hyperparams_opt/Hela/unequal_param_set_3,0.2,0.6,0.2,None,N6390,0.7090904999999671,0.7051991071428194,0.7037034788359482,0.00778278571429547,0.01754019444442867,0.01670277380950347,0.01738647883596267,0.9999551923385582
example/hyperparams_opt/Hela/unequal_param_set_3,0.2,0.6,0.2,None,N6406,0.7642120000000283,0.7621896666666821,0.7603374444444588,0.004044666666692565,0.04649208333334742,0.05744077777777834,0.06591961111111821,0.999382726768833
example/hyperparams_opt/Hela/unequal_param_set_3,0.2,0.6,0.2,None,N6445,0.6232090457867977,0.7621896666666821,0.7603374444444588,0.004044666666692565,0.04649208333334742,0.05744077777777834,0.06591961111111821,0.999382726768833
example/hyperparams_opt/Hela/unequal_param_set_3,0.2,0.6,0.2,None,N6473,0.7729699999999556,0.7697514999999593,0.7269019999999564,0.0064369999999926986,0.13176700000000485,,0.06591961111111821,0.9967634106110206
example/hyperparams_opt/Hela/unequal_param_set_3,0.2,0.6,0.2,None,N6486,0.7450264356933552,0.7140477279852169,0.7269019999999564,0.06195741541627675,,,0.06591961111111821,0.9986418336208198
example/hyperparams_opt/Hela/unequal_param_set_3,0.2,0.6,0.2,None,N6569,0.7187586931095474,0.7173239576680601,0.7158847283894273,0.002869470882974512,0.01310249967979904,0.01289277697204716,0.012784244887542262,0.9999787246723789
example/hyperparams_opt/Hela/unequal_param_set_3,0.2,0.6,0.2,None,N6752,0.7524560000000274,0.747399750000025,0.7423435000000226,0.010112500000004854,0.07408137500000922,0.08697725000000656,0.09468925000000594,0.9987690612945345
example/hyperparams_opt/Hela/unequal_param_set_3,0.2,0.6,0.2,None,N6761,0.8198166553004126,0.7901743276502111,0.7546602184334738,0.05928465530040283,0.13618465530041357,,0.09468925000000594,0.9975030166554897
example/hyperparams_opt/Hela/unequal_param_set_3,0.2,0.6,0.2,None,N6769,0.7511543632382948,0.7282254098481735,0.719363606565454,0.045857906780242375,0.049514363238279735,,0.09468925000000594,0.9995567362975257
example/hyperparams_opt/Hela/unequal_param_set_3,0.2,0.6,0.2,None,N6804,0.6536679592538663,0.7282254098481735,0.719363606565454,0.045857906780242375,0.049514363238279735,,0.09468925000000594,0.9995567362975257
example/hyperparams_opt/Hela/unequal_param_set_3,0.2,0.6,0.2,None,N6825,0.7197010000000011,0.7190100000000028,0.7150874881394206,0.0013819999999965527,0.0124585355817447,,0.09468925000000594,0.9999722793957649
example/hyperparams_opt/Hela/unequal_param_set_3,0.2,0.6,0.2,None,N6840,0.7327212082590558,0.6908873779178247,0.6723139533217198,0.08366766068246223,0.09755410412954546,,0.09468925000000594,0.9981547653802478
example/hyperparams_opt/Hela/unequal_param_set_3,0.2,0.6,0.2,None,N6869,0.7316550000000146,0.7269597925284756,0.7020228257736633,0.009390414943078018,0.0795061077359761,,0.09468925000000594,0.998824017975617
example/hyperparams_opt/Hela/unequal_param_set_3,0.2,0.6,0.2,None,N6980,0.7809335694180009,0.7697112847089954,0.7606730786948886,0.022444569418010873,0.03833690275132551,,0.09468925000000594,0.9998057097988113
example/hyperparams_opt/Hela/unequal_param_set_3,0.2,0.6,0.2,None,N7106,0.7854712590994092,0.7794949883009615,0.7606730786948886,0.011952541596895294,,,0.09468925000000594,0.9999575983575293
example/hyperparams_opt/Hela/unequal_param_set_3,0.2,0.6,0.2,None,N7132,0.7699461685580612,0.7322270842790399,0.7181008895193783,0.07543816855804242,0.08009766855800604,,0.09468925000000594,0.9988240540088615
example/hyperparams_opt/Hela/unequal_param_set_3,0.2,0.6,0.2,None,N7167,0.7498500000000173,0.7247690000000266,0.712716333333352,0.05016199999998139,0.06123900000001414,,0.09468925000000594,0.9993686182252319
example/hyperparams_opt/Hela/unequal_param_set_3,0.2,0.6,0.2,None,N7190,0.6965468571428822,0.7247690000000266,0.712716333333352,0.05016199999998139,0.06123900000001414,,0.09468925000000594,0.9993686182252319
example/hyperparams_opt/Hela/unequal_param_set_3,0.2,0.6,0.2,None,N7248,0.7716849999999763,0.7429675000000058,0.7267193333333447,0.05743499999994095,0.07746199999995351,,0.09468925000000594,0.9990779193038061
example/hyperparams_opt/Hela/unequal_param_set_3,0.2,0.6,0.2,None,N7304,0.7554369069971676,0.7464185799274938,0.7422188208400216,0.01803665413934763,0.028214699854665404,0.020515791889506585,0.01817033579253946,0.9999302396431902
example/hyperparams_opt/Hela/unequal_param_set_3,0.2,0.6,0.2,None,N7387,0.7159864745462124,0.6894340621218389,0.6701985172396379,0.05310482484874712,0.08425904707097642,,0.01817033579253946,0.9987796100072781
example/hyperparams_opt/Hela/unequal_param_set_3,0.2,0.6,0.2,None,N7470,0.7961319152860452,0.7890391917477615,0.6701985172396379,0.014185447076567548,,,0.01817033579253946,0.9999417119795871
example/hyperparams_opt/Hela/unequal_param_set_3,0.2,0.6,0.2,None,N7491,0.7725380000000065,0.7633135000000032,0.7521152222222279,0.0184490000000066,0.042819333333329324,,0.01817033579253946,0.9997522185476054
example/hyperparams_opt/Hela/unequal_param_set_3,0.2,0.6,0.2,None,N7585,0.7082361749882369,0.7036855242456921,0.7011576828304652,0.009101301485089475,0.0299079236738915,0.03128185582656873,0.0313422978488459,0.9998559701934713
example/hyperparams_opt/Hela/unequal_param_set_3,0.2,0.6,0.2,None,N7609,0.7563464999999824,0.7036855242456921,0.7011576828304652,0.009101301485089475,0.0299079236738915,0.03128185582656873,0.0313422978488459,0.9998559701934713
example/hyperparams_opt/Hela/unequal_param_set_3,0.2,0.6,0.2,None,N7626,0.7956454600783402,0.7938569447693327,0.7011576828304652,0.0035770306180152867,,0.03128185582656873,0.0313422978488459,0.9999963386121362
example/hyperparams_opt/Hela/unequal_param_set_3,0.2,0.6,0.2,None,N7638,0.7617620000000302,0.7477780000000258,0.7270610000000352,0.027968000000008986,0.07613499999997653,,0.0313422978488459,0.9991444935090724
example/hyperparams_opt/Hela/unequal_param_set_3,0.2,0.6,0.2,None,N7642,0.7571430000000404,0.7526005000000432,0.7364136666667238,0.009084999999994459,0.05310299999995538,,0.0313422978488459,0.9995455925373475
example/hyperparams_opt/Hela/unequal_param_set_3,0.2,0.6,0.2,None,N7682,0.7552377234943267,0.7546056977634572,0.7536659116365918,0.0012640514617391352,0.005978004869250597,0.006188186057642708,0.0062520849807337076,0.999995520636447
example/hyperparams_opt/Hela/unequal_param_set_3,0.2,0.6,0.2,None,N7693,0.7030466314472869,0.7012563363154689,0.6990411153915694,0.0035805902636359965,0.02577412505795451,0.029763218977616135,0.030309515220243166,0.9998776189095743
example/hyperparams_opt/Hela/unequal_param_set_3,0.2,0.6,0.2,None,N7785,0.6581894399952977,0.7012563363154689,0.6990411153915694,0.0035805902636359965,0.02577412505795451,0.029763218977616135,0.030309515220243166,0.9998776189095743
example/hyperparams_opt/Hela/unequal_param_set_3,0.2,0.6,0.2,None,N7805,0.7919170000000285,0.7805120000000154,0.7691070000000023,0.022810000000026087,0.11284700000003978,0.12385100000002247,0.13220425000001723,0.9976711452744805
example/hyperparams_opt/Hela/unequal_param_set_3,0.2,0.6,0.2,None,N7863,0.7556136433204512,0.7538826789884057,0.7517589952295548,0.0034619286640911184,0.02773317602620151,0.029274071763756404,0.03127714129653636,0.9998447465844772
example/hyperparams_opt/Hela/unequal_param_set_3,0.2,0.6,0.2,None,N7893,0.7430589999999453,0.7417254999999368,0.6613766666666363,0.0026670000000169614,0.2423799999999099,,0.03127714129653636,0.9859067389461752
example/hyperparams_opt/Hela/unequal_param_set_3,0.2,0.6,0.2,None,N7937,0.7431927180232022,0.7187745481837691,0.6613766666666363,0.048836339678866136,,,0.03127714129653636,0.9991673376086039
example/hyperparams_opt/Hela/unequal_param_set_3,0.2,0.6,0.2,None,N7985,0.7465054999999841,0.7187745481837691,0.6613766666666363,0.048836339678866136,,,0.03127714129653636,0.9991673376086039
example/hyperparams_opt/Hela/unequal_param_set_3,0.2,0.6,0.2,None,N8001,0.6860961957125444,0.6860238551202993,0.6613766666666363,0.0001446811844904028,,,0.03127714129653636,0.9999999919789685
example/hyperparams_opt/Hela/unequal_param_set_3,0.2,0.6,0.2,None,N8044,0.6596567351274254,0.6860238551202993,0.6613766666666363,0.0001446811844904028,,,0.03127714129653636,0.9999999919789685
example/hyperparams_opt/Hela/unequal_param_set_3,0.2,0.6,0.2,None,N8131,0.7462569999999764,0.7417929999999782,0.7376089999999857,0.008927999999996494,0.017015999999975273,,0.03127714129653636,0.9999596060088607
example/hyperparams_opt/Hela/unequal_param_set_3,0.2,0.6,0.2,None,N8141,0.753248000000006,0.7455716666666905,0.7376089999999857,0.015352666666631043,,,0.03127714129653636,0.9999235317633435
example/hyperparams_opt/Hela/unequal_param_set_3,0.2,0.6,0.2,None,N8169,0.7240500781928124,0.7455716666666905,0.7376089999999857,0.015352666666631043,,,0.03127714129653636,0.9999235317633435
example/hyperparams_opt/Hela/unequal_param_set_3,0.2,0.6,0.2,None,N8183,0.7425219999999715,0.7332329999999834,0.721110999999998,0.018577999999976225,0.04565499999994416,,0.03127714129653636,0.999691789292386
example/hyperparams_opt/Hela/unequal_param_set_3,0.2,0.6,0.2,None,N8244,0.7636584462212896,0.7526071066837073,0.7458900711224669,0.02210267907516461,0.050620367529088384,0.04280534820947035,0.04052255019764173,0.9997928474470807
example/hyperparams_opt/Hela/unequal_param_set_3,0.2,0.6,0.2,None,N8245,0.7230248076546847,0.7114335268892151,0.7050479666340607,0.023182561530939005,0.030747961530933177,,0.04052255019764173,0.9998438304465214
example/hyperparams_opt/Hela/unequal_param_set_3,0.2,0.6,0.2,None,N8311,0.7456495000000012,0.7114335268892151,0.7050479666340607,0.023182561530939005,0.030747961530933177,,0.04052255019764173,0.9998438304465214
example/hyperparams_opt/Hela/unequal_param_set_3,0.2,0.6,0.2,None,N8329,0.7423400000000135,0.7417779999999963,0.7406276666666601,0.0011240000000346528,0.0040130000000256905,,0.04052255019764173,0.9999976285735659
example/hyperparams_opt/Hela/unequal_param_set_3,0.2,0.6,0.2,None,N8383,0.7235439999999778,0.7417779999999963,0.7406276666666601,0.0011240000000346528,0.0040130000000256905,,0.04052255019764173,0.9999976285735659
example/hyperparams_opt/Hela/unequal_param_set_3,0.2,0.6,0.2,None,N8425,0.7803249941666368,0.7741557456249811,0.7679864970833256,0.012338497083311362,0.07847386989580507,0.09023691326387695,0.09766074708332695,0.9987806684933281
example/hyperparams_opt/Hela/unequal_param_set_3,0.2,0.6,0.2,None,N8450,0.7308385000000226,0.7288182281178388,0.722940251032913,0.004040543764367577,0.0196542031369612,,0.09766074708332695,0.9999373108872941
example/hyperparams_opt/Hela/unequal_param_set_3,0.2,0.6,0.2,None,N8551,0.7498025063781323,0.7392128813781351,0.722940251032913,0.02117924999999432,,,0.09766074708332695,0.9998519591709599
example/hyperparams_opt/Hela/unequal_param_set_3,0.2,0.6,0.2,None,N8559,0.7935061505902412,0.768708575295106,0.665890050196735,0.04959515059027053,0.33325315059024796,,0.09766074708332695,0.9765066081232854
example/hyperparams_opt/Hela/unequal_param_set_3,0.2,0.6,0.2,None,N8608,0.7694920171413007,0.7495455085706686,0.7191643390471224,0.03989301714126414,0.11109001714127098,,0.09766074708332695,0.9981271812967316
example/hyperparams_opt/Hela/unequal_param_set_3,0.2,0.6,0.2,None,N8610,0.7607949999999638,0.7478139999999833,0.7353323333333167,0.025961999999961072,0.05042599999998032,,0.09766074708332695,0.9996432356717008
example/hyperparams_opt/Hela/unequal_param_set_3,0.2,0.6,0.2,None,N8752,0.7305708937941456,0.7301295055184072,0.7269137016103181,0.0008827765514770602,0.01008880000000556,,0.09766074708332695,0.9999820478709304
example/hyperparams_opt/Hela/unequal_param_set_3,0.2,0.6,0.2,None,N8778,0.7529290000000032,0.7508930000000078,0.7488570000000125,0.004071999999990639,0.024993499999973134,0.028573999999974897,0.03087324999997476,0.999882484208839
example/hyperparams_opt/Hela/unequal_param_set_3,0.2,0.6,0.2,None,N8791,0.746649676389792,0.7059968381948987,0.7488570000000125,0.0813056763897867,,0.028573999999974897,0.03087324999997476,0.9976068990159142
example/hyperparams_opt/Hela/unequal_param_set_3,0.2,0.6,0.2,None,N8935,0.8143213916361995,0.7729642830676768,0.7281391887117764,0.0827142171370453,0.17583239163622422,,0.03087324999997476,0.9955501268664371
example/hyperparams_opt/Hela/unequal_param_set_3,0.2,0.6,0.2,None,N8943,0.6538669017354214,0.7729642830676768,0.7281391887117764,0.0827142171370453,0.17583239163622422,,0.03087324999997476,0.9955501268664371
example/hyperparams_opt/Hela/unequal_param_set_3,0.2,0.6,0.2,None,N8996,0.8261148685734175,0.8256064193099517,0.7281391887117764,0.0010168985269316533,,,0.03087324999997476,0.999999726414111
example/hyperparams_opt/Hela/unequal_param_set_3,0.2,0.6,0.2,None,N9086,0.7395022952895166,0.7282926803644769,0.7237188853394895,0.02241922985007927,0.024931000000002257,,0.03087324999997476,0.9998912308507553
example/hyperparams_opt/Hela/unequal_param_set_3,0.2,0.6,0.2,None,N9262,0.714906000000008,0.7282926803644769,0.7237188853394895,0.02241922985007927,0.024931000000002257,,0.03087324999997476,0.9998912308507553
example/hyperparams_opt/Hela/unequal_param_set_3,0.2,0.6,0.2,None,N9299,0.7258519999999667,0.7282926803644769,0.7237188853394895,0.02241922985007927,0.024931000000002257,,0.03087324999997476,0.9998912308507553
example/hyperparams_opt/Hela/unequal_param_set_3,0.2,0.6,0.2,None,N9300,0.7436243471096162,0.7282926803644769,0.7237188853394895,0.02241922985007927,0.024931000000002257,,0.03087324999997476,0.9998912308507553
example/hyperparams_opt/Hela/unequal_param_set_3,0.2,0.6,0.2,None,N9408,0.7328227833350862,0.7283777250008858,0.7249752448324752,0.008890116668400894,0.014652498839432315,,0.03087324999997476,0.9999685660202263
example/hyperparams_opt/Hela/unequal_param_set_3,0.2,0.6,0.2,None,N9409,0.7274801109420657,0.7069627374620966,0.7249752448324752,0.04103474695993814,,,0.03087324999997476,0.9993923464971453
example/hyperparams_opt/Hela/unequal_param_set_3,0.2,0.6,0.2,None,N9608,0.7672870000000245,0.7345350000000156,0.6329646666666846,0.06550400000001777,0.3374630000000018,,0.03087324999997476,0.9742425939146818
example/hyperparams_opt/Hela/unequal_param_set_3,0.2,0.6,0.2,None,N9854,0.7077345000000541,0.7018669166667166,0.6997851383636219,0.011735166666675068,0.012112918242621507,,0.03087324999997476,0.9999706678532426
example/hyperparams_opt/Hela/unequal_param_set_3,0.2,0.6,0.2,None,N9910,0.7450442635959674,0.7018669166667166,0.6997851383636219,0.011735166666675068,0.012112918242621507,,0.03087324999997476,0.9999706678532426
example/hyperparams_opt/Hela/unequal_param_set_3,0.2,0.6,0.2,None,N9956,0.7826379999999936,0.7724003333333339,0.7689877777777806,0.020475333333319412,0.06308791666665259,0.06705444444443731,0.0869314444444429,0.9991631562210429
example/hyperparams_opt/Hela/unequal_param_set_3,0.2,0.6,0.2,None,N9962,0.7304202384932952,0.7302846192466483,0.724828182556256,0.00027123849329369065,0.02608395406485986,0.029141343067224934,0.026661578440985934,0.9998988228509416
example/hyperparams_opt/Hela/unequal_param_set_3,0.2,0.6,0.2,None,N9967,0.7088227231317088,0.7302846192466483,0.724828182556256,0.00027123849329369065,0.02608395406485986,0.029141343067224934,0.026661578440985934,0.9998988228509416
example/hyperparams_opt/Hela/unequal_param_set_3,0.2,0.6,0.2,None,N9973,0.6934592105515336,0.7302846192466483,0.724828182556256,0.00027123849329369065,0.02608395406485986,0.029141343067224934,0.026661578440985934,0.9998988228509416
example/hyperparams_opt/Hela/unequal_param_set_3,0.2,0.6,0.2,None,P10123,0.7492678165969481,0.7478748349372609,0.7451435566248352,0.002785963319374307,0.034563953277559345,0.04149668384473726,0.04641072998605,0.9997076310453563
example/hyperparams_opt/Hela/unequal_param_set_3,0.2,0.6,0.2,None,P10241,0.7071860233438767,0.6877769601715198,0.7451435566248352,0.03881812634471393,,0.04149668384473726,0.04641072998605,0.9994254655147861
example/hyperparams_opt/Hela/unequal_param_set_3,0.2,0.6,0.2,None,P10256,0.7389277500000021,0.7361180416666696,0.7270459166666705,0.005619416666664989,0.061666277777777445,0.06940330092592739,0.06780425000000112,0.9993453994063715
example/hyperparams_opt/Hela/unequal_param_set_3,0.2,0.6,0.2,None,P10406,0.641867021180902,0.6406668020350696,0.6401095231662619,0.002400438291664586,0.0028720557522555756,,0.06780425000000112,0.9999982441061736
example/hyperparams_opt/Hela/unequal_param_set_3,0.2,0.6,0.2,None,P10419,0.7229025000000094,0.7178444166666718,0.7114018777777814,0.010116166666675253,0.04233530000000474,0.04326041666666569,0.04254137777777778,0.999736395944893
example/hyperparams_opt/Hela/unequal_param_set_3,0.2,0.6,0.2,None,P10464,0.8468520994462752,0.8122566371714826,0.7919869856860143,0.06919092454958531,0.17120469849079112,0.16187599680252973,0.16064426105672613,0.9965502608128981
example/hyperparams_opt/Hela/unequal_param_set_3,0.2,0.6,0.2,None,P10680,0.6783475522275673,0.6690427417820513,0.6619606716335461,0.01860962089103191,0.05633604039137741,0.05562623644597686,0.05322695277405676,0.999517313289701
example/hyperparams_opt/Hela/unequal_param_set_3,0.2,0.6,0.2,None,P10964,0.8625958919744741,0.7961939459872153,0.7497966306581416,0.13280389197451758,0.20559389197447986,,0.05322695277405676,0.9941920052851173
example/hyperparams_opt/Hela/unequal_param_set_3,0.2,0.6,0.2,None,P11060,0.6758328803919614,0.673540443665074,0.6686727714121107,0.004584873453774674,0.03401438343755614,0.03742825669459504,0.03760038912372654,0.9997916743302397
example/hyperparams_opt/Hela/unequal_param_set_3,0.2,0.6,0.2,None,P11225,0.7826797514778961,0.673540443665074,0.6686727714121107,0.004584873453774674,0.03401438343755614,0.03742825669459504,0.03760038912372654,0.9997916743302397
example/hyperparams_opt/Hela/unequal_param_set_3,0.2,0.6,0.2,None,P11231,0.8375028530916386,0.8342158805949095,0.8309289080981803,0.006573944993458314,0.08276614294940765,0.10268525477350876,0.12146925372995498,0.9980736399847652
example/hyperparams_opt/Hela/unequal_param_set_3,0.2,0.6,0.2,None,P11549,0.7450183906920245,0.741755695345996,0.7191491302306553,0.006525390692057043,0.07108239069205058,,0.12146925372995498,0.9990845908024185
example/hyperparams_opt/Hela/unequal_param_set_3,0.2,0.6,0.2,None,P11833,0.645083799999993,0.6344226763044234,0.7191491302306553,0.021322247391139304,,,0.12146925372995498,0.9997962894345023
example/hyperparams_opt/Hela/unequal_param_set_3,0.2,0.6,0.2,None,P11853,0.7531389999999789,0.7487835732701362,0.7444281465402934,0.008710853459685364,0.07805114009473624,0.09390552442334865,0.10292157327011553,0.9985301571010236
example/hyperparams_opt/Hela/unequal_param_set_3,0.2,0.6,0.2,None,P12126,0.6839110242961395,0.7487835732701362,0.7444281465402934,0.008710853459685364,0.07805114009473624,0.09390552442334865,0.10292157327011553,0.9985301571010236
example/hyperparams_opt/Hela/unequal_param_set_3,0.2,0.6,0.2,None,P12279,0.5588661912847782,0.5575658734201769,0.555507334075294,0.0026006357292024385,0.023179232449383025,0.027113346768159352,0.032811690031846696,0.9997755541104301
example/hyperparams_opt/Hela/unequal_param_set_3,0.2,0.6,0.2,None,P12508,0.7798129574137477,0.5575658734201769,0.555507334075294,0.0026006357292024385,0.023179232449383025,0.027113346768159352,0.032811690031846696,0.9997755541104301
example/hyperparams_opt/Hela/unequal_param_set_3,0.2,0.6,0.2,None,P12698,0.6885511111111181,0.5575658734201769,0.555507334075294,0.0026006357292024385,0.023179232449383025,0.027113346768159352,0.032811690031846696,0.9997755541104301
example/hyperparams_opt/Hela/unequal_param_set_3,0.2,0.6,0.2,None,P12725,0.767599604579237,0.7166113022896153,0.6924941104048656,0.1019766045792434,0.1233398779438708,,0.032811690031846696,0.9972915704111632
example/hyperparams_opt/Hela/unequal_param_set_3,0.2,0.6,0.2,None,P12851,0.5270080000000006,0.5183533999999993,0.5109146666666716,0.017309200000002578,0.030970799999984477,,0.032811690031846696,0.9997202702944045
example/hyperparams_opt/Hela/unequal_param_set_3,0.2,0.6,0.2,None,P12916,0.5495202222222754,0.5183533999999993,0.5109146666666716,0.017309200000002578,0.030970799999984477,,0.032811690031846696,0.9997202702944045
example/hyperparams_opt/Hela/unequal_param_set_3,0.2,0.6,0.2,None,P13126,0.7389670000000059,0.70392750000002,0.5786143333333401,0.0700789999999718,0.41097900000002563,,0.032811690031846696,0.9519908825033899
example/hyperparams_opt/Hela/unequal_param_set_3,0.2,0.6,0.2,None,P13158,0.6180039999999654,0.5744472499999768,0.5366003888888682,0.0871134999999772,0.2646838333332973,0.2569892499999697,0.2908667222221831,0.9599495941494985
example/hyperparams_opt/Hela/unequal_param_set_3,0.2,0.6,0.2,None,P13187,0.7414279999999962,0.6641595851932787,0.5366003888888682,0.15453682961343507,,0.2569892499999697,0.2908667222221831,0.9902143971860735
example/hyperparams_opt/Hela/unequal_param_set_3,0.2,0.6,0.2,None,P13301,0.7147090138531844,0.7108297281389109,0.6893003644664567,0.007758571428546968,0.1675185261077301,0.19665629018548791,0.2145017064838024,0.9923486618179057
example/hyperparams_opt/Hela/unequal_param_set_3,0.2,0.6,0.2,None,P13311,0.7287470758366565,0.726098563197213,0.7186398733417425,0.005297025278887202,0.11610593781810985,0.12863765111404202,0.13970356703192988,0.996917846261991
example/hyperparams_opt/Hela/unequal_param_set_3,0.2,0.6,0.2,None,P13340,0.7331096834421206,0.7320684028684419,0.7212343387924806,0.002082561147357387,0.1264653136952434,0.1409110066038447,0.14910596165349999,0.9964684537054102
example/hyperparams_opt/Hela/unequal_param_set_3,0.2,0.6,0.2,None,P13433,0.7503932252773138,0.7494723543977669,0.7262065748801443,0.0018417417590936846,0.16640319928634328,0.18142982671578456,0.1754076491834321,0.9948929446279657
example/hyperparams_opt/Hela/unequal_param_set_3,0.2,0.6,0.2,None,P13444,0.5436943333333328,0.532647416666663,0.7262065748801443,0.022093833333339585,,0.18142982671578456,0.1754076491834321,0.9996897025638128
example/hyperparams_opt/Hela/unequal_param_set_3,0.2,0.6,0.2,None,P13453,0.6827179749447895,0.6661414686809832,0.6602667549571878,0.03315301252761238,0.1224841041257776,0.12062150731040222,0.13042569668064719,0.9968859574060062
example/hyperparams_opt/Hela/unequal_param_set_3,0.2,0.6,0.2,None,P13658,0.6926001036606073,0.5762490691070684,0.49868171273804246,0.2327020691070778,0.3490531036606167,,0.13042569668064719,0.9621234101092222
example/hyperparams_opt/Hela/unequal_param_set_3,0.2,0.6,0.2,None,P13696,0.6451174382567668,0.5762490691070684,0.49868171273804246,0.2327020691070778,0.3490531036606167,,0.13042569668064719,0.9621234101092222
example/hyperparams_opt/Hela/unequal_param_set_3,0.2,0.6,0.2,None,P13716,0.6516449162466951,0.5488996108311294,0.48040274055408555,0.2054906108311314,0.3082359162466971,,0.13042569668064719,0.9681750271078642
example/hyperparams_opt/Hela/unequal_param_set_3,0.2,0.6,0.2,None,P13777,0.6838902427881028,0.570450495192068,0.49482399679471145,0.22687949519206968,0.34031924278810455,,0.13042569668064719,0.9634328163963178
example/hyperparams_opt/Hela/unequal_param_set_3,0.2,0.6,0.2,None,P13892,0.7039338108762675,0.6147809716662964,0.49482399679471145,0.17830567841994216,,,0.13042569668064719,0.9847767816052352
example/hyperparams_opt/Hela/unequal_param_set_3,0.2,0.6,0.2,None,P13928,0.6345515508204032,0.5978117754101959,0.49482399679471145,0.07347955082041446,,,0.13042569668064719,0.9972737710764017
example/hyperparams_opt/Hela/unequal_param_set_3,0.2,0.6,0.2,None,P14007,0.693286712028508,0.6896116032412253,0.6834864219290875,0.007350217574565443,0.11284831159001651,0.13943908909150715,0.15617957871163313,0.9960455982971577
example/hyperparams_opt/Hela/unequal_param_set_3,0.2,0.6,0.2,None,P14100,0.6271035851913536,0.6198981258927327,0.607889027061698,0.01441091859724164,0.13129315224256743,0.1534411584275608,0.16780972216177426,0.9939241118076189
example/hyperparams_opt/Hela/unequal_param_set_3,0.2,0.6,0.2,None,P14382,0.8658416422943079,0.8066358211471365,0.607889027061698,0.11841164229434276,,0.1534411584275608,0.16780972216177426,0.9961103639408919
example/hyperparams_opt/Hela/unequal_param_set_3,0.2,0.6,0.2,None,P15281,0.4940419999999463,0.4940419999999463,0.4434329999999624,0.0,0.25304499999991964,0.3036539999999036,0.2530449999999197,0.949333667342439
example/hyperparams_opt/Hela/unequal_param_set_3,0.2,0.6,0.2,None,P15315,0.6640623258724058,0.6150254606979162,0.5933605552667056,0.09807373034897904,0.17968253663055156,0.1400243793364091,0.1264112595988544,0.9963668375218909
example/hyperparams_opt/Hela/unequal_param_set_3,0.2,0.6,0.2,None,P15331,0.656599512832303,0.5927568102658416,0.5663520957327818,0.12768540513292292,0.19840269616180173,0.14246654359479188,0.12600689038726148,0.9956974402409916
example/hyperparams_opt/Hela/unequal_param_set_3,0.2,0.6,0.2,None,P15364,0.6437952614089891,0.5913134091271904,0.5719927547703731,0.10496370456359738,0.1631694764510635,0.11821986146909524,0.10808917139148483,0.9971586346505139
example/hyperparams_opt/Hela/unequal_param_set_3,0.2,0.6,0.2,None,P15501,0.645278962326412,0.6390073974718149,0.6346820107401522,0.012543129709194356,0.07534895184386792,0.08777779592069834,0.09228046606177198,0.9983861167649479
example/hyperparams_opt/Hela/unequal_param_set_3,0.2,0.6,0.2,None,P15544,0.6473319999999645,0.5916523333333105,0.5674107732955033,0.11135933333330805,0.1669681567587974,0.12414309341838387,0.1062934134231146,0.9958224850463786
example/hyperparams_opt/Hela/unequal_param_set_3,0.2,0.6,0.2,None,P15660,0.7406039999999876,0.7175320490649135,0.674678699376616,0.04614390187014805,0.15163199999996657,,0.1062934134231146,0.9959083968569167
example/hyperparams_opt/Hela/unequal_param_set_3,0.2,0.6,0.2,None,P15688,0.7022981016336489,0.6955939049824684,0.674678699376616,0.013408393302361099,,,0.1062934134231146,0.9999329909870157
example/hyperparams_opt/Hela/unequal_param_set_3,0.2,0.6,0.2,None,P15696,0.6749280000000084,0.6326100000000565,0.5621973333333704,0.08463599999990379,0.25355600000001033,,0.1062934134231146,0.9834674436983053
example/hyperparams_opt/Hela/unequal_param_set_3,0.2,0.6,0.2,None,P15698,0.7184080000000194,0.6927093333333497,0.6755768888889033,0.05139733333333929,0.13914808558202585,0.13413344744269518,0.12907885354091742,0.9967533111274532
example/hyperparams_opt/Hela/unequal_param_set_3,0.2,0.6,0.2,None,P15707,0.6856397665074327,0.6740563943262258,0.6755768888889033,0.02316674436241395,,0.13413344744269518,0.12907885354091742,0.9997869686712906
example/hyperparams_opt/Hela/unequal_param_set_3,0.2,0.6,0.2,None,P15757,0.5361875052838674,0.4344004564046119,0.6755768888889033,0.20357409775851099,,0.13413344744269518,0.12907885354091742,0.9600244754961046
example/hyperparams_opt/Hela/unequal_param_set_3,0.2,0.6,0.2,None,P15766,0.6901860096472705,0.6679958096472727,0.6598675063008755,0.044380399999995546,0.1376249826910304,0.14578474024164623,0.1457737461442451,0.9959790475485516
example/hyperparams_opt/Hela/unequal_param_set_3,0.2,0.6,0.2,None,P15787,0.5430744250568478,0.5367269230626288,0.5315619200060242,0.012695003988438036,0.021842511164032796,,0.1457737461442451,0.999870929601158
example/hyperparams_opt/Hela/unequal_param_set_3,0.2,0.6,0.2,None,P15797,0.6543103053084239,0.6459226769736119,0.6218794781012519,0.016775256669623873,0.09526366291859134,0.09179151390601248,0.07410877294779361,0.9985470731970909
example/hyperparams_opt/Hela/unequal_param_set_3,0.2,0.6,0.2,None,P15819,0.6609949572527782,0.6517444483521628,0.6481942059167415,0.018501017801230812,0.03918992211475203,0.03315419419878218,0.03338883302960627,0.9998191169912345
example/hyperparams_opt/Hela/unequal_param_set_3,0.2,0.6,0.2,None,P15888,0.6635597188669509,0.6306277518279098,0.6065198705481953,0.06586393407808211,0.10525561087818447,,0.03338883302960627,0.997680986144972
example/hyperparams_opt/Hela/unequal_param_set_3,0.2,0.6,0.2,None,P15901,0.6664356916949455,0.6571761935174938,0.6065198705481953,0.018518996354903505,,,0.03338883302960627,0.9998567910469539
example/hyperparams_opt/Hela/unequal_param_set_3,0.2,0.6,0.2,None,P15904,0.6395242486388412,0.6280865227650656,0.6218877262420653,0.022875451747551012,0.050840287994717515,0.04633795297158905,0.04694078854349304,0.9995605915485942
example/hyperparams_opt/Hela/unequal_param_set_3,0.2,0.6,0.2,None,P15950,0.6821836361379107,0.6768783634106376,0.6736818718114285,0.010610545454546205,0.014894747524900498,,0.04694078854349304,0.9999607470684924
example/hyperparams_opt/Hela/unequal_param_set_3,0.2,0.6,0.2,None,P15968,0.7214007713218762,0.7141452710584273,0.7090143276240729,0.0145110005268978,0.03554736915201562,0.030134588686495767,0.027140789951461186,0.9999112046116715
example/hyperparams_opt/Hela/unequal_param_set_3,0.2,0.6,0.2,None,P15984,0.6669524223214989,0.6439598103480244,0.5465862068986823,0.04598522394694882,0.31511342232150064,,0.027140789951461186,0.9683719451473309
example/hyperparams_opt/Hela/unequal_param_set_3,0.2,0.6,0.2,None,P15988,0.6662828964949316,0.6429098780950321,0.5464195853966877,0.04674603679979894,0.31284389649493277,,0.027140789951461186,0.9689259231985504
example/hyperparams_opt/Hela/unequal_param_set_3,0.2,0.6,0.2,None,P15998,0.7907451261141176,0.7769667920986985,0.770023309916425,0.02755666803083834,0.06732858036709377,0.05900354631915039,0.05605483718030435,0.9996624183895253
example/hyperparams_opt/Hela/unequal_param_set_3,0.2,0.6,0.2,None,P16084,0.6932217934794073,0.6836434347835199,0.6729025199287043,0.019156717391774714,0.06768753434699049,0.06673798601332204,0.06938087799171544,0.999239589631198
example/hyperparams_opt/Hela/unequal_param_set_3,0.2,0.6,0.2,None,P16094,0.6773187837778668,0.6697339332624885,0.6671769257623822,0.015169701030756544,0.029981379809915,0.024500173122282254,0.024665717838202927,0.9998351650877636
example/hyperparams_opt/Hela/unequal_param_set_3,0.2,0.6,0.2,None,P16104,0.7288140498040041,0.7160768536636154,0.7075853895700229,0.025474392280777414,0.07285022417811393,0.07165923995670798,0.06935314559155514,0.9992270721806817
example/hyperparams_opt/Hela/unequal_param_set_3,0.2,0.6,0.2,None,P16132,0.6980074865510003,0.6778257432755495,0.6688921343724153,0.04036348655090172,0.04698256998485317,,0.06935314559155514,0.9995642857314484
example/hyperparams_opt/Hela/unequal_param_set_3,0.2,0.6,0.2,None,P16158,0.6878313689065465,0.6878313689065465,0.6878010971234714,0.0,0.007467334794735492,0.008521123286951426,0.009881275815146862,0.9999760408583414
example/hyperparams_opt/Hela/unequal_param_set_3,0.2,0.6,0.2,None,P16161,0.6694821322301362,0.6654719656596801,0.6637240640381362,0.008020333140911995,0.03913795804768472,0.04508915368142763,0.0477827080986698,0.9996495479065486
example/hyperparams_opt/Hela/unequal_param_set_3,0.2,0.6,0.2,None,P16168,0.6882873184035417,0.6802859850702057,0.6741529850702029,0.01600266666667205,0.08245626206608792,0.08379758352154243,0.08720586321180623,0.9987997093744986
example/hyperparams_opt/Hela/unequal_param_set_3,0.2,0.6,0.2,None,P16172,0.7641696455312093,0.7472576473365551,0.7359829818734522,0.03382399638930844,0.07821997047227691,0.07046929757372744,0.06645821999279033,0.9993181333614536
example/hyperparams_opt/Hela/unequal_param_set_3,0.2,0.6,0.2,None,P16219,0.6779801718921019,0.6767842369602048,0.6762120781176826,0.0023918698637942493,0.03184771818394028,0.03478539849839701,0.039709544235496996,0.9994561084741896
example/hyperparams_opt/Hela/unequal_param_set_3,0.2,0.6,0.2,None,P16229,0.693184232809994,0.690601336804227,0.6895845596330804,0.005165792011533887,0.045094128488358476,0.05566486613897548,0.05874511069111077,0.9995004247650282
example/hyperparams_opt/Hela/unequal_param_set_3,0.2,0.6,0.2,None,P16251,0.6782669812753002,0.6433297945518808,0.6895845596330804,0.06987437344683878,,0.05566486613897548,0.05874511069111077,0.997871533856026
example/hyperparams_opt/Hela/unequal_param_set_3,0.2,0.6,0.2,None,P16265,0.6848857737375895,0.6433297945518808,0.6895845596330804,0.06987437344683878,,0.05566486613897548,0.05874511069111077,0.997871533856026
example/hyperparams_opt/Hela/unequal_param_set_3,0.2,0.6,0.2,None,P16366,0.6970372799284287,0.6151768789453305,0.5729975859635533,0.16372080196619632,0.20839827992842952,,0.05874511069111077,0.9891470235993555
example/hyperparams_opt/Hela/unequal_param_set_3,0.2,0.6,0.2,None,P16419,0.7521499999999491,0.7476574999999575,0.7461599999999602,0.008984999999983478,0.03155099999998123,0.03081949999998923,0.03279039999999489,0.9998694432094191
example/hyperparams_opt/Hela/unequal_param_set_3,0.2,0.6,0.2,None,P16430,0.8417837117481282,0.8129905702310398,0.7965992177755895,0.057586283034176566,0.09574063329951887,0.07287196992112366,0.06412346090914689,0.9993378903805258
example/hyperparams_opt/Hela/unequal_param_set_3,0.2,0.6,0.2,None,P16515,0.677869059392336,0.6448143574656351,0.7965992177755895,0.0661094038534018,,0.07287196992112366,0.06412346090914689,0.9981035910206963
example/hyperparams_opt/Hela/unequal_param_set_3,0.2,0.6,0.2,None,P16526,0.6687950165235933,0.6448143574656351,0.7965992177755895,0.0661094038534018,,0.07287196992112366,0.06412346090914689,0.9981035910206963
example/hyperparams_opt/Hela/unequal_param_set_3,0.2,0.6,0.2,None,P16528,0.7452796144073015,0.7451170236905902,0.7425286085982266,0.00032518143342263883,0.009549146360605443,0.0096181714105803,0.007338577340464947,0.9999933636666241
example/hyperparams_opt/Hela/unequal_param_set_3,0.2,0.6,0.2,None,P16593,0.727517600000009,0.7259228000000086,0.7243885333333434,0.0031896000000005698,0.0474358329898561,0.05271407182149901,0.05983125951913093,0.9995071581249796
example/hyperparams_opt/Hela/unequal_param_set_3,0.2,0.6,0.2,None,P16621,0.682577660787222,0.682513073904267,0.6823933506963263,0.00012917376591015106,0.015588579900569832,0.017690396359585137,0.02032551397124327,0.9999064465037643
example/hyperparams_opt/Hela/unequal_param_set_3,0.2,0.6,0.2,None,P16703,0.7095298546680036,0.7074296770171193,0.6963367494718621,0.0042003553017685435,0.03537896028665588,,0.02032551397124327,0.9997650283022891
example/hyperparams_opt/Hela/unequal_param_set_3,0.2,0.6,0.2,None,P16708,0.6874898510134376,0.6873402104988027,0.687253707674823,0.0002992810292699044,0.00411280405082326,0.00449225711679524,0.005111212400291665,0.9999951138442522
example/hyperparams_opt/Hela/unequal_param_set_3,0.2,0.6,0.2,None,P16728,0.46423754752385965,0.4551532737619153,0.4517618491746147,0.0181685475238888,0.019258547523846148,,0.005111212400291665,0.9998267920348665
example/hyperparams_opt/Hela/unequal_param_set_3,0.2,0.6,0.2,None,P16743,0.689558853535546,0.6559185267678072,0.4517618491746147,0.06728065353547774,,,0.005111212400291665,0.9981017399329234
example/hyperparams_opt/Hela/unequal_param_set_3,0.2,0.6,0.2,None,P16795,0.7244248743999152,0.7203868604443453,0.7106440409776761,0.008076027911139927,0.03326647235557767,,0.005111212400291665,0.9998184494674159
example/hyperparams_opt/Hela/unequal_param_set_3,0.2,0.6,0.2,None,P16808,0.624687600678315,0.6189048260555228,0.7106440409776761,0.011565549245584394,,,0.005111212400291665,0.9999370239152099
example/hyperparams_opt/Hela/unequal_param_set_3,0.2,0.6,0.2,None,P16865,0.7390324854524066,0.7387508733714683,0.7332794737223808,0.0005632241618767075,0.03709179231685045,0.04360884066546211,0.042402329423601004,0.9997709809403794
example/hyperparams_opt/Hela/unequal_param_set_3,0.2,0.6,0.2,None,P16866,0.6715059999999837,0.5570959999999964,0.5125877305847091,0.22881999999997477,0.24793480824584913,,0.042402329423601004,0.9789027059180477
example/hyperparams_opt/Hela/unequal_param_set_3,0.2,0.6,0.2,None,P16871,0.7812656271728152,0.7730013190312877,0.7679692574193164,0.016528616283055242,0.03437770531540607,0.02978580128653341,0.027073299427675224,0.9998972525697323
example/hyperparams_opt/Hela/unequal_param_set_3,0.2,0.6,0.2,None,P16936,0.703156000000025,0.6993466033436577,0.6972549779866903,0.0076187933127344065,0.01937781368539704,0.01689606573733371,0.01631846189042596,0.9999607708404383
example/hyperparams_opt/Hela/unequal_param_set_3,0.2,0.6,0.2,None,P16944,0.7228336000000553,0.7168035500000447,0.7128555333333777,0.012060100000021112,0.027300202219907477,0.024412186293195526,0.022026571669529593,0.9999223011874718
example/hyperparams_opt/Hela/unequal_param_set_3,0.2,0.6,0.2,None,P16958,0.7120184802352194,0.7089501804559786,0.7058818806767378,0.00613659955848167,0.03421010443989314,0.038454106434962276,0.04134318237730705,0.9997589069701837
example/hyperparams_opt/Hela/unequal_param_set_3,0.2,0.6,0.2,None,P16966,0.6890935544120967,0.6868890441429018,0.6834257806928239,0.004409020538389985,0.030550927515749726,0.04630304414287578,,0.9997067207825605
example/hyperparams_opt/Hela/unequal_param_set_3,0.2,0.6,0.2,None,P16971,0.7071820611857897,0.7034063759514515,0.6996306907171133,0.007551370468676488,0.033959788725086204,0.03646978608665885,0.03866870607602979,0.9997852117588537
example/hyperparams_opt/Hela/unequal_param_set_3,0.2,0.6,0.2,None,P16994,0.6862668888889156,0.6646559444444649,0.6996306907171133,0.04322188888890166,,0.03646978608665885,0.03866870607602979,0.9992372630282387
example/hyperparams_opt/Hela/unequal_param_set_3,0.2,0.6,0.2,None,P17008,0.7548921867361029,0.7432308945599164,0.7393437971678543,0.023322584352373,0.056016624240911805,0.04902590919165939,0.048699052688151334,0.9997557200251006
example/hyperparams_opt/Hela/unequal_param_set_3,0.2,0.6,0.2,None,P17021,0.66365699999999,0.5668985211730204,0.5309465754757223,0.19351695765393906,0.2046143159188637,,0.048699052688151334,0.9862381824761717
example/hyperparams_opt/Hela/unequal_param_set_3,0.2,0.6,0.2,None,P17027,0.7529376492482776,0.7460635056091678,0.7437721243961312,0.01374828727821964,0.036551919920143394,0.032935438087022706,0.03285084972431973,0.9998861409193988
example/hyperparams_opt/Hela/unequal_param_set_3,0.2,0.6,0.2,None,P17037,0.6788499283218079,0.674914031110257,0.6730064921077261,0.007871794423101819,0.012018746743158282,0.008869593706279155,0.008266655654353139,0.9999845434522
example/hyperparams_opt/Hela/unequal_param_set_3,0.2,0.6,0.2,None,P17078,0.7570299003107348,0.7442260793878575,0.739220869643698,0.025607641845754703,0.0470251815396715,0.040623271078232825,0.03672396548887391,0.9997874821156394
example/hyperparams_opt/Hela/unequal_param_set_3,0.2,0.6,0.2,None,P17182,0.7486532320257214,0.7457481329093893,0.7446984332039532,0.005810198232664154,0.015940510474743097,0.014447741678711434,0.014399026963710093,0.9999770966216827
example/hyperparams_opt/Hela/unequal_param_set_3,0.2,0.6,0.2,None,P17194,0.6575269491808986,0.7457481329093893,0.7446984332039532,0.005810198232664154,0.015940510474743097,0.014447741678711434,0.014399026963710093,0.9999770966216827
example/hyperparams_opt/Hela/unequal_param_set_3,0.2,0.6,0.2,None,P17204,0.7736448725246405,0.7705910287837423,0.7677027443878132,0.006107687481796575,0.030974012388087946,0.030670927998532882,0.029977601739503812,0.9999047809142259
example/hyperparams_opt/Hela/unequal_param_set_3,0.2,0.6,0.2,None,P17205,0.6699723266542155,0.6642468051802619,0.7677027443878132,0.011451042947906998,,0.030670927998532882,0.029977601739503812,0.9999464053957479
example/hyperparams_opt/Hela/unequal_param_set_3,0.2,0.6,0.2,None,P17221,0.7245455312680332,0.7207708079430435,0.7194511887288771,0.007549446649979585,0.013856336069311692,0.010956292044582372,0.010743598693585543,0.9999821835247236
example/hyperparams_opt/Hela/unequal_param_set_3,0.2,0.6,0.2,None,P17293,0.7514679999999501,0.6190494999999636,0.501108916901068,0.2648369999999729,0.4862402492966733,,0.010743598693585543,0.9264429172287291
example/hyperparams_opt/Hela/unequal_param_set_3,0.2,0.6,0.2,None,P17316,0.5368859665517702,0.5365159416963177,0.49934129446420644,0.0007400497109050219,0.1118939665517863,,0.010743598693585543,0.994814583138307
example/hyperparams_opt/Hela/unequal_param_set_3,0.2,0.6,0.2,None,P17403,0.7803349600206579,0.7774016153441563,0.7754460522264885,0.005866689353003163,0.05823106278839174,0.07177472769818583,0.07962039994018055,0.9992737409608683
example/hyperparams_opt/Hela/unequal_param_set_3,0.2,0.6,0.2,None,P17416,0.6934289999999954,0.6795429601335565,0.67450116906697,0.027772079732877875,0.0458391295592947,0.03475770910837184,0.03130111098406951,0.9998446814462192
example/hyperparams_opt/Hela/unequal_param_set_3,0.2,0.6,0.2,None,P17509,0.8076592706375569,0.8076592706375569,0.8076592706375569,0.0,0.056649260510048816,0.06474201201148433,0.06654116652762909,0.9996360505277146
example/hyperparams_opt/Hela/unequal_param_set_3,0.2,0.6,0.2,None,P17537,0.7244479728127005,0.7230760637982293,0.7217484108795124,0.002743818028942302,0.007528804456857663,0.006467457826134337,0.0055367093495672925,0.9999959939854735
example/hyperparams_opt/Hela/unequal_param_set_3,0.2,0.6,0.2,None,P17563,0.7012557088337681,0.6620194850291863,0.6485454995192387,0.0784724476091635,0.12477521784972545,0.10057800655024385,0.09643049872787046,0.9979559495402225
example/hyperparams_opt/Hela/unequal_param_set_3,0.2,0.6,0.2,None,P17577,0.6851092391188429,0.6841658239797999,0.6835056008453649,0.0018868302780861157,0.007734487841008719,0.008394540468185996,0.008332586330517144,0.9999900727614923
example/hyperparams_opt/Hela/unequal_param_set_3,0.2,0.6,0.2,None,P17594,0.6951899706247269,0.6850320978054445,0.6835056008453649,0.020315745638564864,,0.008394540468185996,0.008332586330517144,0.9998413850351651
example/hyperparams_opt/Hela/unequal_param_set_3,0.2,0.6,0.2,None,P17654,0.7340799842585269,0.7311643809103611,0.7277476428642128,0.005831206696331748,0.022747750536645017,0.021200994767055392,0.019110423582307412,0.9999635265647712
example/hyperparams_opt/Hela/unequal_param_set_3,0.2,0.6,0.2,None,P17657,0.7654483826534547,0.765423193169031,0.7644392295746397,5.037896884763082e-05,0.016528124436446356,0.018438798404715295,0.019523013046365723,0.9999511222002789
example/hyperparams_opt/Hela/unequal_param_set_3,0.2,0.6,0.2,None,P17662,0.7337883980767419,0.7333783731903922,0.7308748226250706,0.0008200497726992273,0.028497020934451278,0.03494577749881367,0.038017478847306774,0.9998234183357058
example/hyperparams_opt/Hela/unequal_param_set_3,0.2,0.6,0.2,None,P17757,0.7331560855071356,0.7331464045892775,0.7308117819966456,1.9361835716269482e-05,0.0070135486957535464,,0.038017478847306774,0.9999907008179909
example/hyperparams_opt/Hela/unequal_param_set_3,0.2,0.6,0.2,None,P17771,0.7069515372306667,0.7042256675644094,0.6994892231843828,0.005451739332514638,0.01693520280633698,,0.038017478847306774,0.9999535933310845
example/hyperparams_opt/Hela/unequal_param_set_3,0.2,0.6,0.2,None,P17809,0.6698302756591827,0.6661200029319118,0.6646726999016094,0.00742054545454196,0.014119133919716198,0.0124311785596245,0.012045231084877206,0.9999740484501191
example/hyperparams_opt/Hela/unequal_param_set_3,0.2,0.6,0.2,None,P17810,0.70944336889502,0.7006787061507205,0.6973753803459551,0.01752932548859909,0.026856645368314336,0.019260840511117427,0.01698780778985698,0.9999604552211947
example/hyperparams_opt/Hela/unequal_param_set_3,0.2,0.6,0.2,None,P17828,0.6480060000000151,0.5797956894490053,0.5215451262993319,0.13642062110201958,0.24296200000002982,,0.01698780778985698,0.9834631824543701
example/hyperparams_opt/Hela/unequal_param_set_3,0.2,0.6,0.2,None,P17862,0.7620381130638797,0.7581520847978978,0.7542660565319158,0.007772056531964,0.04593135364189427,0.05217440556856767,0.05303288986524057,0.9996575358712634
example/hyperparams_opt/Hela/unequal_param_set_3,0.2,0.6,0.2,None,P17905,0.7580402098430766,0.7526306573822921,0.7472211049215076,0.010819104921569012,0.04473854393591947,0.0470291028393951,0.046395559559249344,0.9997292540028055
example/hyperparams_opt/Hela/unequal_param_set_3,0.2,0.6,0.2,None,P17915,0.7533265116514372,0.7533265116514372,0.7533265116514372,0.0,0.04482843361439803,0.051232495559312086,0.0549668688482422,0.9996816400882645
example/hyperparams_opt/Hela/unequal_param_set_3,0.2,0.6,0.2,None,P17930,0.7324611649178363,0.7317329888543269,0.7304553864408677,0.0014563521270186675,0.012642289272356555,0.013068585490057183,0.01290815540941126,0.9999772745956076
example/hyperparams_opt/Hela/unequal_param_set_3,0.2,0.6,0.2,None,P1795,0.6685306401964801,0.6331243200982283,0.6163168955599411,0.07081264019650368,0.08582859371311347,,0.01290815540941126,0.9983413680839206
example/hyperparams_opt/Hela/unequal_param_set_3,0.2,0.6,0.2,None,P17960,0.6722362279945858,0.6488515034042583,0.6163168955599411,0.046769449180655065,,,0.01290815540941126,0.9990628427107124
example/hyperparams_opt/Hela/unequal_param_set_3,0.2,0.6,0.2,None,P17978,0.7777725959502992,0.7738042247722632,0.7724609754349211,0.007936742356072002,0.11380843492723092,0.1451101689949178,0.15446526888068723,0.9969674822347038
example/hyperparams_opt/Hela/unequal_param_set_3,0.2,0.6,0.2,None,P17993,0.6171259999999663,0.555141743025908,0.5258824953506053,0.12396851394811648,0.14976199999996648,,0.15446526888068723,0.9931239671126455
example/hyperparams_opt/Hela/unequal_param_set_3,0.2,0.6,0.2,None,P18000,0.6809470781685304,0.6567468587207996,0.5258824953506053,0.04840043889546164,,,0.15446526888068723,0.9990203172347388
example/hyperparams_opt/Hela/unequal_param_set_3,0.2,0.6,0.2,None,P18061,0.7063209999999949,0.7060909653881693,0.7060142871842273,0.00046006922365127156,0.009805788783822544,0.011133374098692195,0.013145349947393248,0.9999718945795883
example/hyperparams_opt/Hela/unequal_param_set_3,0.2,0.6,0.2,None,P18063,0.7281375892764731,0.7271689702515374,0.7197777567312844,0.001937238049871448,0.030552122389700398,0.03064205519390817,0.0246622441125135,0.9999178919856655
example/hyperparams_opt/Hela/unequal_param_set_3,0.2,0.6,0.2,None,P18091,0.7390405336555845,0.7385530542202389,0.7363389940245831,0.0009749588706913226,0.09411560245166073,0.12262343715943103,0.12852881010758577,0.9977333676475917
example/hyperparams_opt/Hela/unequal_param_set_3,0.2,0.6,0.2,None,P18099,0.7231962859145038,0.7211152055410404,0.7176949915910985,0.0041621607469267685,0.04603216948846589,0.048764010152884896,0.050532296521585085,0.9995943113023202
example/hyperparams_opt/Hela/unequal_param_set_3,0.2,0.6,0.2,None,P18124,0.6615759999999937,0.7211152055410404,0.7176949915910985,0.0041621607469267685,0.04603216948846589,0.048764010152884896,0.050532296521585085,0.9995943113023202
example/hyperparams_opt/Hela/unequal_param_set_3,0.2,0.6,0.2,None,P18138,0.6631908888888874,0.6622886444444467,0.6612387629629679,0.001804488888881406,0.009585262103170789,0.010527475396827968,0.010819209391544016,0.9999813677550127
example/hyperparams_opt/Hela/unequal_param_set_3,0.2,0.6,0.2,None,P18165,0.7270900000000176,0.6622886444444467,0.6612387629629679,0.001804488888881406,0.009585262103170789,0.010527475396827968,0.010819209391544016,0.9999813677550127
example/hyperparams_opt/Hela/unequal_param_set_3,0.2,0.6,0.2,None,P18199,0.5944780000000393,0.5593584731127164,0.5385869820751393,0.07023905377464568,0.09743400000005381,,0.010819209391544016,0.9973846699549257
example/hyperparams_opt/Hela/unequal_param_set_3,0.2,0.6,0.2,None,P18243,0.7043676711334564,0.7036641702640035,0.7023861344170808,0.0014070017389058442,0.03589567609726363,0.039671899183102544,0.04091315811138707,0.9998074810299898
example/hyperparams_opt/Hela/unequal_param_set_3,0.2,0.6,0.2,None,P18286,0.7605585559348269,0.7578697966123562,0.7533885310749051,0.005377518644941293,0.06783621810595708,0.0823820128405306,0.09160904132564984,0.9989967693164544
example/hyperparams_opt/Hela/unequal_param_set_3,0.2,0.6,0.2,None,P18325,0.7627317366531038,0.7515926049796167,0.7409309822040916,0.022278263346974136,0.04312400000006211,,0.09160904132564984,0.999742997124793
example/hyperparams_opt/Hela/unequal_param_set_3,0.2,0.6,0.2,None,P18338,0.7511917739851989,0.7478651020001008,0.744805094437527,0.006653343970196235,0.10313369476420886,0.1300160228095738,0.12995985046323366,0.9975610465240904
example/hyperparams_opt/Hela/unequal_param_set_3,0.2,0.6,0.2,None,P18384,0.7168940000000248,0.7085914763936283,0.7030564606560304,0.0166050472127931,0.039363839057204086,0.03588007153014583,0.033960353360814266,0.999813714144855
example/hyperparams_opt/Hela/unequal_param_set_3,0.2,0.6,0.2,None,P18386,0.7665834219637335,0.7665834219637335,0.7665834219637335,0.0,0.025215154839777765,0.028817319816888842,0.032441905232827306,0.9998730935112937
example/hyperparams_opt/Hela/unequal_param_set_3,0.2,0.6,0.2,None,P18429,0.6490668038343107,0.6470156650778285,0.6460041572872053,0.004102277512964436,0.012641804156439895,0.013109379409320443,0.015395221610690069,0.9999658793234744
example/hyperparams_opt/Hela/unequal_param_set_3,0.2,0.6,0.2,None,P18482,0.7250110098175554,0.7241889587820302,0.7226638406068865,0.0016441020710504795,0.010558537792362821,0.011456864167306513,0.013130366689622863,0.9999790969794154
example/hyperparams_opt/Hela/unequal_param_set_3,0.2,0.6,0.2,None,P18484,0.7090580000000783,0.7090580000000783,0.7064640000000436,0.0,0.014614000000089167,0.015590000000087145,0.0142973333333829,0.9999706125136311
example/hyperparams_opt/Hela/unequal_param_set_3,0.2,0.6,0.2,None,P1852,0.5769259999999934,0.47061022763547056,0.7064640000000436,0.21263154472904566,,0.015590000000087145,0.0142973333333829,0.9628659300396755
example/hyperparams_opt/Hela/unequal_param_set_3,0.2,0.6,0.2,None,P18591,0.6839187395410862,0.6839187395410862,0.6785308907369387,0.0,0.039949087843384135,0.04787760165369803,0.04960098476295616,0.9996430650339178
example/hyperparams_opt/Hela/unequal_param_set_3,0.2,0.6,0.2,None,P18609,0.694168848635679,0.6934628941279197,0.6918681569330515,0.0014119090155185754,0.005490166092363746,,0.04960098476295616,0.9999948450950475
example/hyperparams_opt/Hela/unequal_param_set_3,0.2,0.6,0.2,None,P18615,0.5693709522385031,0.6934628941279197,0.6918681569330515,0.0014119090155185754,0.005490166092363746,,0.04960098476295616,0.9999948450950475
example/hyperparams_opt/Hela/unequal_param_set_3,0.2,0.6,0.2,None,P18684,0.6978491734863587,0.6951979795708276,0.692007899846585,0.005302387831061961,0.012221433088259182,,0.04960098476295616,0.9999761934939397
example/hyperparams_opt/Hela/unequal_param_set_3,0.2,0.6,0.2,None,P18700,0.6771390000000317,0.6699865000000134,0.5972720000000074,0.014305000000036538,0.22529600000003647,,0.04960098476295616,0.9858076586733695
example/hyperparams_opt/Hela/unequal_param_set_3,0.2,0.6,0.2,None,P18716,0.7238939999999999,0.713417500000006,0.7065576450350761,0.020952999999987676,0.04677081489477464,0.041532564894777746,0.03972424237724592,0.9997551003886838
example/hyperparams_opt/Hela/unequal_param_set_3,0.2,0.6,0.2,None,P18732,0.7345260000000408,0.7345260000000408,0.7311796666667109,0.0,0.022006250000011662,0.023715857142871943,0.022649000000022568,0.9999355300169066
example/hyperparams_opt/Hela/unequal_param_set_3,0.2,0.6,0.2,None,P18749,0.6877590650342643,0.6834169872681559,0.6760186850508921,0.008684155532216797,0.07034231709655903,0.08060201689000379,0.07712022948366049,0.9990331019609678
example/hyperparams_opt/Hela/unequal_param_set_3,0.2,0.6,0.2,None,P18750,0.7152760000000122,0.7124516666666749,0.708840444444451,0.005648666666674629,0.07753470000001028,0.09600260000000682,0.12543004444444195,0.9978925610498532
example/hyperparams_opt/Hela/unequal_param_set_3,0.2,0.6,0.2,None,P18755,0.7158000000000072,0.7050517234520732,0.6943034469041391,0.021496553095867954,0.0771511334445879,0.07778886598093804,0.08761422501822735,0.9986521665855892
example/hyperparams_opt/Hela/unequal_param_set_3,0.2,0.6,0.2,None,P18773,0.7318726449692781,0.7244578224846385,0.7219862149897587,0.014829644969279077,0.0438854603684915,0.040621468655167914,0.04357943926948238,0.9994972024232476
example/hyperparams_opt/Hela/unequal_param_set_3,0.2,0.6,0.2,None,P18800,0.6968399999999463,0.6870719515476769,0.6773039030954074,0.019536096904538947,0.0672815527668752,0.06691662396720488,0.07509032291943563,0.9989726277931588
example/hyperparams_opt/Hela/unequal_param_set_3,0.2,0.6,0.2,None,P18805,0.7059853333333129,0.7009874166666503,0.6987374444444328,0.009995833333325321,0.061719808333315584,0.07337921666665281,0.09718294444443099,0.9987333932380643
example/hyperparams_opt/Hela/unequal_param_set_3,0.2,0.6,0.2,None,P18807,0.6648051321392128,0.6454161264922813,0.6987374444444328,0.038778011293862935,,0.07337921666665281,0.09718294444443099,0.999348909537182
example/hyperparams_opt/Hela/unequal_param_set_3,0.2,0.6,0.2,None,P18811,0.6885601340596359,0.6879398435464376,0.6866258775793991,0.001240581026396681,0.007579908199714991,0.007965524281650316,0.008462101339761774,0.9999902852054496
example/hyperparams_opt/Hela/unequal_param_set_3,0.2,0.6,0.2,None,P18812,0.4809450000000105,0.446585685590844,0.3290657903938603,0.06871862881833307,0.3869190000001176,,0.008462101339761774,0.8546748308751009
example/hyperparams_opt/Hela/unequal_param_set_3,0.2,0.6,0.2,None,P18869,0.6928696666667338,0.6919556333334054,0.691416955555626,0.0018280666666569134,0.008377344047611812,0.00941240317459846,0.009112181746027126,0.999987982970109
example/hyperparams_opt/Hela/unequal_param_set_3,0.2,0.6,0.2,None,P18910,0.755936684333987,0.7447254919847455,0.691416955555626,0.022422384698483122,,0.00941240317459846,0.009112181746027126,0.9998365171817665
example/hyperparams_opt/Hela/unequal_param_set_3,0.2,0.6,0.2,None,P18942,0.7503639999999819,0.6651164999999994,0.6105923333333348,0.17049499999996487,0.2488199999999764,,0.009112181746027126,0.9870494890690276
example/hyperparams_opt/Hela/unequal_param_set_3,0.2,0.6,0.2,None,P18950,0.7496619999999808,0.7430066666666584,0.7385697777777768,0.013310666666644932,0.07941626828323489,0.09257769104433489,0.09956780590586833,0.9986739605901579
example/hyperparams_opt/Hela/unequal_param_set_3,0.2,0.6,0.2,None,P18980,0.7464379999999721,0.7451324697551236,0.7446972930068408,0.002611060489697059,0.014874172061140944,0.01765634567344032,0.02409104639460513,0.99993661101876
example/hyperparams_opt/Hela/unequal_param_set_3,0.2,0.6,0.2,None,P19010,0.7494600000000261,0.7494600000000261,0.7494600000000261,0.0,0.020584916666671393,0.023525619047624513,0.027446555555561858,0.9998291295216165
example/hyperparams_opt/Hela/unequal_param_set_3,0.2,0.6,0.2,None,P19030,0.5039440000000056,0.3353230000000188,0.7494600000000261,0.33724199999997356,,0.023525619047624513,0.027446555555561858,0.8090026176391109
example/hyperparams_opt/Hela/unequal_param_set_3,0.2,0.6,0.2,None,P19084,0.7249490000000023,0.3353230000000188,0.7494600000000261,0.33724199999997356,,0.023525619047624513,0.027446555555561858,0.8090026176391109
example/hyperparams_opt/Hela/unequal_param_set_3,0.2,0.6,0.2,None,P19134,0.7387259999999954,0.7006519999999845,0.6814786281975195,0.07614800000002186,0.09559411540740592,,0.027446555555561858,0.9983508084787365
example/hyperparams_opt/Hela/unequal_param_set_3,0.2,0.6,0.2,None,P19144,0.6854539999999978,0.6823342500000003,0.6379154999999995,0.0062394999999951795,0.13637599999999983,,0.027446555555561858,0.9954659693083734
example/hyperparams_opt/Hela/unequal_param_set_3,0.2,0.6,0.2,None,P19162,0.6791500000000057,0.6748405000000102,0.6721412222222337,0.00861899999999105,0.0334968333333201,0.03621716666665642,0.0373392222222062,0.999790057600548
example/hyperparams_opt/Hela/unequal_param_set_3,0.2,0.6,0.2,None,P19182,0.668096857142843,0.6360433035714177,0.6201174061070697,0.0641071071428505,0.1134987135878911,0.09266764922427306,0.08880467458635233,0.9981541985140318
example/hyperparams_opt/Hela/unequal_param_set_3,0.2,0.6,0.2,None,P19326,0.7487079999999735,0.746073499999968,0.7434389999999623,0.00526900000001107,0.017286083333351465,0.016900944444455668,0.018765166666669386,0.9999545656417231
example/hyperparams_opt/Hela/unequal_param_set_3,0.2,0.6,0.2,None,P19386,0.5110295366354488,0.5047247683177138,0.4751171788784756,0.012609536635470042,0.0951275366354497,,0.018765166666669386,0.9963341842197556
example/hyperparams_opt/Hela/unequal_param_set_3,0.2,0.6,0.2,None,P19389,0.6527879999999882,0.5047247683177138,0.4751171788784756,0.012609536635470042,0.0951275366354497,,0.018765166666669386,0.9963341842197556
example/hyperparams_opt/Hela/unequal_param_set_3,0.2,0.6,0.2,None,P19417,0.6958659999999426,0.6900469999999426,0.6842279999999427,0.011637999999999926,0.04745933333332397,0.04970144444443203,0.060004666666648165,0.9994726397793706
example/hyperparams_opt/Hela/unequal_param_set_3,0.2,0.6,0.2,None,P19445,0.4993470000000073,0.6900469999999426,0.6842279999999427,0.011637999999999926,0.04745933333332397,0.04970144444443203,0.060004666666648165,0.9994726397793706
example/hyperparams_opt/Hela/unequal_param_set_3,0.2,0.6,0.2,None,P19452,0.7333760000000211,0.6900469999999426,0.6842279999999427,0.011637999999999926,0.04745933333332397,0.04970144444443203,0.060004666666648165,0.9994726397793706
example/hyperparams_opt/Hela/unequal_param_set_3,0.2,0.6,0.2,None,P19466,0.7539299999999827,0.7463359999999817,0.6842279999999427,0.015188000000001978,,0.04970144444443203,0.060004666666648165,0.9999253165379902
example/hyperparams_opt/Hela/unequal_param_set_3,0.2,0.6,0.2,None,P19480,0.7503739999999425,0.7469549999999425,0.7435359999999426,0.006837999999999789,0.07762754166664254,0.09552572222219036,0.13474108333328572,0.9975902374609371
example/hyperparams_opt/Hela/unequal_param_set_3,0.2,0.6,0.2,None,P19540,0.5062019999999952,0.4731745000000013,0.45822949999999824,0.0660549999999877,0.07786250000000311,,0.13474108333328572,0.9974930175567565
example/hyperparams_opt/Hela/unequal_param_set_3,0.2,0.6,0.2,None,P19565,0.5622729312993824,0.5254564656496814,0.4909269770997748,0.0736329312994019,0.1404049312994209,,0.13474108333328572,0.9937838265980247
example/hyperparams_opt/Hela/unequal_param_set_3,0.2,0.6,0.2,None,P19567,0.6606299999999763,0.5254564656496814,0.4909269770997748,0.0736329312994019,0.1404049312994209,,0.13474108333328572,0.9937838265980247
example/hyperparams_opt/Hela/unequal_param_set_3,0.2,0.6,0.2,None,P19581,0.6799359999999964,0.5254564656496814,0.4909269770997748,0.0736329312994019,0.1404049312994209,,0.13474108333328572,0.9937838265980247
example/hyperparams_opt/Hela/unequal_param_set_3,0.2,0.6,0.2,None,P19616,0.6769629999999929,0.6707271666666501,0.6302812222222124,0.012471666666685421,0.12757366666665582,,0.13474108333328572,0.9961353274478615
example/hyperparams_opt/Hela/unequal_param_set_3,0.2,0.6,0.2,None,P19617,0.7345620000000267,0.7260905000000182,0.7048214916529826,0.016943000000016917,0.11010141148404151,0.11423754029834154,0.11818378957992326,0.997883865813898
example/hyperparams_opt/Hela/unequal_param_set_3,0.2,0.6,0.2,None,P19730,0.09122400000004377,0.7260905000000182,0.7048214916529826,0.016943000000016917,0.11010141148404151,0.11423754029834154,0.11818378957992326,0.997883865813898
example/hyperparams_opt/Hela/unequal_param_set_3,0.2,0.6,0.2,None,P2247,0.6667047407549423,0.6524103703774833,0.5957939135850007,0.02858874075491824,0.1841437407549068,,0.11818378957992326,0.9913193633568291
example/hyperparams_opt/Hela/unequal_param_set_3,0.2,0.6,0.2,None,P3047,0.6526799999999813,0.6410764999999794,0.5957939135850007,0.02320700000000364,,,0.11818378957992326,0.999763665808318
example/hyperparams_opt/Hela/unequal_param_set_3,0.2,0.6,0.2,None,P3363,0.6404969999999968,0.637038000000005,0.6347032744756489,0.006917999999983548,0.010463176573059951,,0.11818378957992326,0.9999786899071599
example/hyperparams_opt/Hela/unequal_param_set_3,0.2,0.6,0.2,None,P3487,0.6468488846702948,0.6219738327624624,0.6059405913816368,0.04975010381566469,0.07297477605030911,,0.11818378957992326,0.9988585754772369
example/hyperparams_opt/Hela/unequal_param_set_3,0.2,0.6,0.2,None,P4284,0.6355040423426206,0.5050495211713337,0.6059405913816368,0.26090904234257384,,,0.11818378957992326,0.9513223366033411
example/hyperparams_opt/Hela/unequal_param_set_3,0.2,0.6,0.2,None,P4477,0.5562825714285784,0.5559862857142888,0.5300014404761971,0.0005925714285791583,0.07825082142856477,,0.11818378957992326,0.9977734121088168
example/hyperparams_opt/Hela/unequal_param_set_3,0.2,0.6,0.2,None,P4576,0.36208699999999255,0.35707349999999166,0.35205999999999077,0.010027000000001784,0.12788483333330408,0.14443749999996328,0.15374837499995914,0.9800341703814149
example/hyperparams_opt/Hela/unequal_param_set_3,0.2,0.6,0.2,None,P4599,0.6198159999999945,0.5388396666666605,0.4848554444444379,0.16195266666666802,0.3777919722221923,0.3237882333332964,0.2949008194444054,0.9457304173109611
example/hyperparams_opt/Hela/unequal_param_set_3,0.2,0.6,0.2,None,P4753,0.5789080000000333,0.5789080000000333,0.5586455555555792,0.0,0.11133987500001563,0.12819072222223332,0.1360493055555596,0.9953991893267122
example/hyperparams_opt/Hela/unequal_param_set_3,0.2,0.6,0.2,None,P5152,0.6002290000000345,0.5542145000000152,0.5586455555555792,0.09202900000003877,,0.12819072222223332,0.1360493055555596,0.9950217323326422
example/hyperparams_opt/Hela/unequal_param_set_3,0.2,0.6,0.2,None,P5415,0.38757000000000374,0.3284299999999883,0.23323199999997543,0.11828000000003092,0.34473400000005405,,0.1360493055555596,0.7880146555689634
example/hyperparams_opt/Hela/unequal_param_set_3,0.2,0.6,0.2,None,P5545,0.682763999999968,0.682763999999968,0.6207366666666397,0.0,0.43419133333329785,0.5582459999999543,0.4962186666666261,0.87264597364822
example/hyperparams_opt/Hela/unequal_param_set_3,0.2,0.6,0.2,None,P5763,0.7500458285675043,0.7322297357110903,0.7078566238073827,0.03563218571282811,0.090935428567537,,0.4962186666666261,0.9987219611554302
example/hyperparams_opt/Hela/unequal_param_set_3,0.2,0.6,0.2,None,P5905,0.5093797499999927,0.7322297357110903,0.7078566238073827,0.03563218571282811,0.090935428567537,,0.4962186666666261,0.9987219611554302
example/hyperparams_opt/Hela/unequal_param_set_3,0.2,0.6,0.2,None,P6145,0.622632545454561,0.7322297357110903,0.7078566238073827,0.03563218571282811,0.090935428567537,,0.4962186666666261,0.9987219611554302
example/hyperparams_opt/Hela/unequal_param_set_3,0.2,0.6,0.2,None,P6171,0.7963114621982297,0.7880866636378479,0.7582059090918877,0.01644959712076377,0.09786706219826224,,0.4962186666666261,0.9985322112896947
example/hyperparams_opt/Hela/unequal_param_set_3,0.2,0.6,0.2,None,P6248,0.7405600000000181,0.6932465884591745,0.6727870589727877,0.09462682308168713,0.10869200000000379,,0.4962186666666261,0.9976919115760132
example/hyperparams_opt/Hela/unequal_param_set_3,0.2,0.6,0.2,None,P6289,0.6174766666666721,0.6932465884591745,0.6727870589727877,0.09462682308168713,0.10869200000000379,,0.4962186666666261,0.9976919115760132
example/hyperparams_opt/Hela/unequal_param_set_3,0.2,0.6,0.2,None,P6361,0.5968875428970457,0.6932465884591745,0.6727870589727877,0.09462682308168713,0.10869200000000379,,0.4962186666666261,0.9976919115760132
example/hyperparams_opt/Hela/unequal_param_set_3,0.2,0.6,0.2,None,P6395,0.7045796217542475,0.6967785245021063,0.6727870589727877,0.015602194504282352,,,0.4962186666666261,0.9999095777129756
example/hyperparams_opt/Hela/unequal_param_set_3,0.2,0.6,0.2,None,P6524,0.8540375377495485,0.7819062688747775,0.7449711792498498,0.14426253774954179,0.1829365377495541,,0.4962186666666261,0.9950086985380407
example/hyperparams_opt/Hela/unequal_param_set_3,0.2,0.6,0.2,None,P6704,0.7945630745168462,0.7818258809424703,0.769094018141029,0.02547438714875183,0.050932781978700103,,0.4962186666666261,0.9996672729355489
example/hyperparams_opt/Hela/unequal_param_set_3,0.2,0.6,0.2,None,P6737,0.7909862288822616,0.7818258809424703,0.769094018141029,0.02547438714875183,0.050932781978700103,,0.4962186666666261,0.9996672729355489
example/hyperparams_opt/Hela/unequal_param_set_3,0.2,0.6,0.2,None,P6747,0.8405404117487159,0.796289902863855,0.7778602032146488,0.08850101776972163,0.13065775385935807,0.09677996031679015,0.08248973194111797,0.9987263144000749
example/hyperparams_opt/Hela/unequal_param_set_3,0.2,0.6,0.2,None,P6819,0.48346866666669425,0.796289902863855,0.7778602032146488,0.08850101776972163,0.13065775385935807,0.09677996031679015,0.08248973194111797,0.9987263144000749
example/hyperparams_opt/Hela/unequal_param_set_3,0.2,0.6,0.2,None,P6847,0.766917082992614,0.7527761672263649,0.7778602032146488,0.02828183153249808,,0.09677996031679015,0.08248973194111797,0.9997454380805728
example/hyperparams_opt/Hela/unequal_param_set_3,0.2,0.6,0.2,None,P6851,0.8281180039129081,0.8268901754324482,0.8154080034781462,0.002455656960919761,0.03567434434336614,,0.08248973194111797,0.9998179660239024
example/hyperparams_opt/Hela/unequal_param_set_3,0.2,0.6,0.2,None,P7022,0.5230997777778214,0.8268901754324482,0.8154080034781462,0.002455656960919761,0.03567434434336614,,0.08248973194111797,0.9998179660239024
example/hyperparams_opt/Hela/unequal_param_set_3,0.2,0.6,0.2,None,P7035,0.6689560000000461,0.8268901754324482,0.8154080034781462,0.002455656960919761,0.03567434434336614,,0.08248973194111797,0.9998179660239024
example/hyperparams_opt/Hela/unequal_param_set_3,0.2,0.6,0.2,None,P7047,0.8185307468092997,0.796870310106964,0.7877966645395231,0.0433208734046715,0.08137202845816205,0.07054181010699434,0.06424841453954688,0.9994237168907534
example/hyperparams_opt/Hela/unequal_param_set_3,0.2,0.6,0.2,None,P7205,0.7100420120319644,0.7049139664996835,0.6863786443331213,0.010256091064561823,0.06073401203196749,,0.06424841453954688,0.9993134989545637
example/hyperparams_opt/Hela/unequal_param_set_3,0.2,0.6,0.2,None,P7250,0.7414189999999904,0.7049139664996835,0.6863786443331213,0.010256091064561823,0.06073401203196749,,0.06424841453954688,0.9993134989545637
example/hyperparams_opt/Hela/unequal_param_set_3,0.2,0.6,0.2,None,P7261,0.8013607063491903,0.7049139664996835,0.6863786443331213,0.010256091064561823,0.06073401203196749,,0.06424841453954688,0.9993134989545637
example/hyperparams_opt/Hela/unequal_param_set_3,0.2,0.6,0.2,None,P7268,0.8437789442195271,0.8313152676711965,0.7987923750984729,0.024927353096661387,0.11003235426650126,,0.06424841453954688,0.9983983159571971
example/hyperparams_opt/Hela/unequal_param_set_3,0.2,0.6,0.2,None,P7316,0.7580570000000225,0.7450495000000206,0.7343970000000187,0.026015000000004007,0.06447625000001056,0.05797250000000964,0.05679500000000959,0.9995315976333441
example/hyperparams_opt/Hela/unequal_param_set_3,0.2,0.6,0.2,None,P7378,0.6957008571428299,0.6950957624066673,0.6935138141612761,0.0012101894723253181,0.010282714622914524,0.011321544936944594,0.013012112956680921,0.9999776213335352
example/hyperparams_opt/Hela/unequal_param_set_3,0.2,0.6,0.2,None,P7522,0.7321284975106019,0.7185504595652712,0.6963643063768418,0.02715607589066138,0.08013649751061902,,0.013012112956680921,0.9989539575294708
example/hyperparams_opt/Hela/unequal_param_set_3,0.2,0.6,0.2,None,P7674,0.705158666666657,0.6925113333333206,0.687512722222212,0.025294666666673016,0.03864387499998301,0.02966344444442004,0.031182722222202197,0.9998053838434267
example/hyperparams_opt/Hela/unequal_param_set_3,0.2,0.6,0.2,None,P7684,0.8032795452828413,0.8017725737159047,0.7880714544023709,0.0030139431338732647,0.04261032950753785,,0.031182722222202197,0.9997221436904471
example/hyperparams_opt/Hela/unequal_param_set_3,0.2,0.6,0.2,None,P7718,0.7445832924318928,0.7385986126009172,0.735247390472602,0.011969359661951118,0.057543554828265564,0.06539394453473812,0.06798122975829723,0.9994241864566966
example/hyperparams_opt/Hela/unequal_param_set_3,0.2,0.6,0.2,None,P7777,0.7388611380609403,0.7274893271879859,0.7032889959030991,0.022743621745908937,0.08397280472761492,,0.06798122975829723,0.9988325034383392
example/hyperparams_opt/Hela/unequal_param_set_3,0.2,0.6,0.2,None,P7855,0.8201310941070952,0.7867743205803046,0.7743932294047164,0.06671354705358112,0.12053520734374079,0.10385682058034551,0.0933689794047442,0.9986402763419503
example/hyperparams_opt/Hela/unequal_param_set_3,0.2,0.6,0.2,None,P7884,0.7493417142857396,0.7456955238095546,0.7408964098124425,0.007292380952370059,0.018043532467521217,,0.0933689794047442,0.9999544243619858
example/hyperparams_opt/Hela/unequal_param_set_3,0.2,0.6,0.2,None,P7988,0.819548677621719,0.7456955238095546,0.7408964098124425,0.007292380952370059,0.018043532467521217,,0.0933689794047442,0.9999544243619858
example/hyperparams_opt/Hela/unequal_param_set_3,0.2,0.6,0.2,None,P8076,0.6826252826435655,0.6789709681552637,0.6675926454368425,0.0073086289766035595,0.037789282643565514,,0.0933689794047442,0.9997251030263509
example/hyperparams_opt/Hela/unequal_param_set_3,0.2,0.6,0.2,None,P8170,0.6580884947743684,0.6557485958194977,0.6522325638796743,0.004679797909741379,0.012887994774340661,,0.0933689794047442,0.9999696161291081
example/hyperparams_opt/Hela/unequal_param_set_3,0.2,0.6,0.2,None,P8283,0.7691580849490246,0.7655091540167365,0.7307422882936953,0.0072978618645763715,0.10794952810141212,,0.0933689794047442,0.9978972187979167
example/hyperparams_opt/Hela/unequal_param_set_3,0.2,0.6,0.2,None,P8387,0.8183578928229643,0.8024857812200984,0.775852246505259,0.03174422320573189,0.14910078022070816,0.15100469010895035,0.12612560983855137,0.9974737877497889
example/hyperparams_opt/Hela/unequal_param_set_3,0.2,0.6,0.2,None,P8461,0.8982530368830923,0.8665053154253065,0.8081005436168631,0.06349544291557163,0.20696203688311576,,0.12612560983855137,0.9946805129219362
example/hyperparams_opt/Hela/unequal_param_set_3,0.2,0.6,0.2,None,P8516,0.7243860000000321,0.7230499090909399,0.7178961818182111,0.002672181818184294,0.08678214846411247,0.10877434946729825,0.10904167443179003,0.9982632126862956
example/hyperparams_opt/Hela/unequal_param_set_3,0.2,0.6,0.2,None,P8577,0.8565242036604768,0.8541107664342797,0.7999367144449204,0.004826874452394048,0.16493559319427475,,0.10904167443179003,0.9957181632900387
example/hyperparams_opt/Hela/unequal_param_set_3,0.2,0.6,0.2,None,P8767,0.6435620132174882,0.6373171041265824,0.6345951553618888,0.012489818181811607,0.014410755384986595,,0.10904167443179003,0.9999539717179924
example/hyperparams_opt/Hela/unequal_param_set_3,0.2,0.6,0.2,None,P8790,0.7931295272019107,0.7853635484856335,0.6345951553618888,0.01553195743255431,,,0.10904167443179003,0.9999294653472651
example/hyperparams_opt/Hela/unequal_param_set_3,0.2,0.6,0.2,None,P8895,0.813451967339148,0.7853635484856335,0.6345951553618888,0.01553195743255431,,,0.10904167443179003,0.9999294653472651
example/hyperparams_opt/Hela/unequal_param_set_3,0.2,0.6,0.2,None,P8900,0.8035421728199313,0.7936502762174447,0.7903319368241379,0.019783793204973255,0.06268095954285258,0.06706707786051458,0.07892108056147829,0.9993430491480992
example/hyperparams_opt/Hela/unequal_param_set_3,0.2,0.6,0.2,None,P8937,0.7143043761888495,0.7030391468240438,0.6939470978827078,0.022530458729611236,0.0385413761888137,,0.07892108056147829,0.9997641244618627
example/hyperparams_opt/Hela/unequal_param_set_3,0.2,0.6,0.2,None,P9089,0.7478830000000005,0.7466534999999963,0.7451916666666659,0.0024590000000084267,0.005614999999995596,,0.07892108056147829,0.999995670566829
example/hyperparams_opt/Hela/unequal_param_set_3,0.2,0.6,0.2,None,P9306,0.7569825578052275,0.7042549648376895,0.6575176432251345,0.10545518593507619,0.19293955780520278,,0.07892108056147829,0.993456049546649
example/hyperparams_opt/Hela/unequal_param_set_3,0.2,0.6,0.2,None,P9327,0.7616869999999885,0.7588564715327959,0.7562827334724201,0.0056610569343851225,0.04032300643449627,0.04741623256269578,0.0599781084724057,0.999526721604344
example/hyperparams_opt/Hela/unequal_param_set_3,0.2,0.6,0.2,None,P9344,0.8618223379195801,0.8420037227524112,0.8333463815748496,0.03963723033433775,0.05335811021872572,0.036061985557847676,0.03063017533184831,0.9998210564956648
example/hyperparams_opt/Hela/unequal_param_set_3,0.2,0.6,0.2,None,P9543,0.8226489863118827,0.8420037227524112,0.8333463815748496,0.03963723033433775,0.05335811021872572,0.036061985557847676,0.03063017533184831,0.9998210564956648
example/hyperparams_opt/Hela/unequal_param_set_3,0.2,0.6,0.2,None,P9549,0.7759829618233887,0.7665652213675317,0.7634259745489128,0.018835480911713942,0.03743430424642391,0.031116367679685286,0.03149374630582935,0.999873449476194
example/hyperparams_opt/Hela/unequal_param_set_3,0.2,0.6,0.2,None,P9609,0.7501778533354753,0.7443615489745041,0.7408385554578616,0.011632608721942272,0.043586846364896736,0.04683772915525808,0.05077021842021323,0.9996413272708643
example/hyperparams_opt/Hela/unequal_param_set_3,0.2,0.6,0.2,None,P9678,0.741512571428579,0.7366597857142976,0.7348960238095406,0.009705571428562876,0.02303277976189,0.022476230158721133,0.02423519047618239,0.9999113607308346
example/hyperparams_opt/Hela/unequal_param_set_3,0.2,0.6,0.2,None,P9715,0.72565422711664,0.717476100482116,0.7091237338429061,0.016356253269048104,0.03323522655215361,,0.02423519047618239,0.9998333303704389
example/hyperparams_opt/Hela/unequal_param_set_3,0.2,0.6,0.2,None,P9738,0.7070794285714268,0.6892559365079396,0.667692485199812,0.035646984126974424,0.09832215833774105,0.08576810372421073,0.07313959204750209,0.9987727883787179
example/hyperparams_opt/Hela/unequal_param_set_3,0.2,0.6,0.2,None,P9747,0.7310329999999976,0.7234839999999991,0.7173420000000071,0.015097999999996947,0.025974999999974546,,0.07313959204750209,0.9998997598504332
example/hyperparams_opt/Hela/unequal_param_set_3,0.2,0.6,0.2,None,P9834,0.7859042756631109,0.7834663774846309,0.7620679803262379,0.004875796356960227,0.066633089653659,,0.07313959204750209,0.9992722915327938
example/hyperparams_opt/Hela/unequal_param_set_3,0.2,0.6,0.2,None,P9845,0.7324459999999964,0.7834663774846309,0.7620679803262379,0.004875796356960227,0.066633089653659,,0.07313959204750209,0.9992722915327938
example/hyperparams_opt/Hela/unequal_param_set_3,0.2,0.6,0.2,None,P9957,0.7774617106921153,0.7651662348011105,0.755721251112624,0.024590951782009762,0.08198024613903532,0.08346804330888757,0.0832976074934535,0.9991334120829382
