feature_id,rt,mz_measured,mz_calculated,mz_error(ppm),mol_formula,smiles,adduct,primary_annotated_name,structure_annotated_name,rt_score,mz_score,spec_score,total_score,fragments_level,fragments_ms2_spectrum_level,datafile:pos_hela_LG5.mzML:area,datafile:pos_hela_LG2.mzML:area,datafile:pos_hela_LG3.mzML:area,datafile:pos_hela_LG1.mzML:area,datafile:pos_hela_LG6.mzML:area,datafile:pos_hela_S2.mzML:area,datafile:pos_hela_HG2.mzML:area,datafile:pos_hela_LG4.mzML:area,datafile:pos_hela_HG1.mzML:area,datafile:pos_hela_HG4.mzML:area,datafile:pos_hela_HG5.mzML:area,datafile:pos_hela_HG3.mzML:area,datafile:pos_hela_S1.mzML:area,datafile:pos_hela_S3.mzML:area,datafile:pos_hela_HG6.mzML:area,datafile:pos_hela_S4.mzML:area,datafile:pos_hela_S6.mzML:area,datafile:pos_hela_S5.mzML:area
1795,2.637,398.32633,398.32649,0.40168054099023837,C23H44NO4,CCCCCCC=CCCCCCCCC(=O)OC(CC(=O)[O-])C[N+](C)(C)C,[M]+,CAR 16:1,CAR 16:1(9),0.05500000000000016,0.8181349999999838,0.8168280092712127,0.8168280092712127,All,All,0.0,0.0,0.0,0.0,0.0,12998.034020001709,25509.9495515695,0.0,23748.249686786054,23438.49565814956,13216.189145408005,23544.33289547757,9913.907644407436,10753.66701479276,17807.162238812834,11915.366725282205,0.0,16198.239453712846
1795,2.637,398.32633,398.32649,0.40168054099023837,C23H44NO4,CCCCCCCCCC=CCCCCC(=O)OC(CC(=O)[O-])C[N+](C)(C)C,[M]+,CAR 16:1,CAR 16:1(6),0.36999999999999966,0.509600000000006,0.7634076661396902,0.7634076661396902,All,All,0.0,0.0,0.0,0.0,0.0,891.3992648944351,1952.8237107623315,0.0,1770.572628786204,1624.289373399138,531.4372627335567,1844.6331394257836,743.24167767862,760.5567939145482,1385.3781177660933,800.9302853253163,0.0,1388.7198821987413
1795,2.637,398.32633,398.32649,0.40168054099023837,C23H44NO4,CCCCCCCCC=CCCCCCC(=O)OC(CC(=O)[O-])C[N+](C)(C)C,[M]+,CAR 16:1,CAR 16:1(7),0.565,0.7881849999999986,0.7355017580533194,0.7355017580533194,All,All,0.0,0.0,0.0,0.0,0.0,510.5667151038549,1137.2267376681614,0.0,981.1776844277398,937.2149684513028,352.3735918584377,1311.0339650966412,442.8506779139439,485.77619129269095,907.459643421073,483.70298939247834,0.0,913.0406640884158
1852,2.775,448.34207,448.34214,0.15613076208673413,C27H46NO4,CCC=CCC=CCC=CCC=CCCCCCCC(=O)OC(CC(=O)[O-])C[N+](C)(C)C,[M]+,CAR 20:4,"CAR 20:4(8,11,14,17)",0.5703333333333332,0.47175000000000483,0.36881174478189327,0.36881174478189327,Some,Some,0.0,0.0,0.0,0.0,0.0,3021.592694036288,0.0,0.0,0.0,5271.133903530122,0.0,3150.3358838023605,0.0,2903.9147987797082,0.0,2232.7586627871488,0.0,7886.909082394812
1852,2.775,448.34207,448.34214,0.15613076208673413,C27H46NO4,CCCCCC=CCC=CCC=CCC=CCCCC(=O)OC(CC(=O)[O-])C[N+](C)(C)C,[M]+,CAR 20:4,"CAR 20:4(5,8,11,14)",0.29733333333333345,0.2936866666666731,0.2780338425331823,0.2780338425331823,Some,Some,0.0,0.0,0.0,0.0,0.0,2008.4073059637121,0.0,0.0,0.0,3538.8660964698784,0.0,769.6641161976398,0.0,1496.085201220292,0.0,1537.2413372128512,0.0,3113.090917605188
2247,3.434,426.35727,426.35779,1.219632928471941,C25H48NO4,CCCCCCCCC=CCCCCCCCC(=O)OC(CC(=O)[O-])C[N+](C)(C)C,[M]+,CAR 18:1,CAR 18:1(9),0.1640000000000006,0.7929800000000569,0.985080433964872,0.985080433964872,All,All,113.95610579628587,0.0,0.0,139.6809786519549,0.0,753.4556813744631,1012.7431136143622,0.0,1050.1875781575657,913.2535561074733,816.8935148118495,959.5126674197192,668.1818181818182,886.897488119484,901.7005196032122,659.3924616478714,645.0302506482282,907.7834721332479
2247,3.434,426.35727,426.35779,1.219632928471941,C25H48NO4,CCCCCCC=CCCCCCCCCCC(=O)OC(CC(=O)[O-])C[N+](C)(C)C,[M]+,CAR 18:1,CAR 18:1(11),0.8239999999999998,0.8201000000000249,0.9272503626098089,0.9272503626098089,All,Some,7986.0438942037135,0.0,0.0,9730.319021348047,0.0,52846.544318625536,69587.25688638563,0.0,63549.81242184244,62286.74644389252,52883.10648518815,60340.48733258028,43431.81818181818,55913.10251188051,55798.29948039679,48140.607538352124,43254.96974935177,59392.21652786675
3047,4.187,454.3887,454.38909,0.8582952553691952,C27H52NO4,CCCCCCC=CCCCCCCCCCCCC(=O)OC(CC(=O)[O-])C[N+](C)(C)C,[M]+,CAR 20:1,CAR 20:1(13),0.6920000000000002,0.55111500000001,0.2766824700152709,0.2766824700152709,All,Some,0.0,0.0,0.0,0.0,0.0,5530.0,9340.0,0.0,11200.0,0.0,0.0,0.0,0.0,6600.0,14500.0,4650.0,4450.0,6570.0
3363,4.414,508.37611,508.37615,0.07868189727762906,C26H54NO6P,CCCCCCCCC=CCCCCCCCCOCC(O)COP(=O)([O-])OCC[N+](C)(C)C,[M+H]+,LPC O-18:1,LPC O-18:1(9),0.4499999999999993,0.7741300000000138,0.989063545320113,0.989063545320113,All,Some,0.0,0.0,0.0,0.0,0.0,17390.16393442623,19800.0,0.0,22400.0,17800.0,14500.0,0.0,16600.0,18600.0,0.0,15156.677524429968,0.0,19129.245747415633
3363,4.414,508.37611,508.37615,0.07868189727762906,C26H54NO6P,CCCCCCCCCCCC=CCCCCCOCC(O)COP(=O)([O-])OCC[N+](C)(C)C,[M+H]+,LPC O-18:1,LPC O-18:1(6),0.5249999999999995,0.44836499999999546,0.4443949619189782,0.4443949619189782,All,Some,0.0,0.0,0.0,0.0,0.0,609.8360655737705,0.0,0.0,0.0,0.0,0.0,0.0,0.0,0.0,0.0,643.3224755700326,0.0,970.7542525843681
3487,4.509,466.32895,466.3292,0.5361019640075901,C23H48NO6P,CCCCCCCCCCCC=CCCCCCOCC(O)COP(=O)(O)OCCN,[M+H]+,LPE O-18:1,LPE O-18:1(6),0.6739999999999995,0.6833500000000754,0.6022105705097104,0.6022105705097104,All,All,0.0,0.0,0.0,0.0,0.0,0.0,0.0,0.0,0.0,0.0,38.26438537913514,0.0,0.0,0.0,0.0,0.0,0.0,0.0
3487,4.509,466.32895,466.3292,0.5361019640075901,C23H48NO6P,CCCCCCCCC=CCCCCCCCCOCC(O)COP(=O)(O)OCCN,[M+H]+,LPE O-18:1,LPE O-18:1(9),0.4839999999999991,0.7625450000000455,0.3569866813926097,0.3569866813926097,All,Some,0.0,0.0,0.0,0.0,0.0,12957.802547770701,0.0,0.0,0.0,0.0,12248.401275207032,0.0,12720.108695652174,15013.081395348838,0.0,0.0,0.0,0.0
3487,4.509,466.32895,466.3292,0.5361019640075901,C23H48NO6P,CCCCCCC=CCCCCCCCCCCOCC(O)COP(=O)(O)OCCN,[M+H]+,LPE O-18:1,LPE O-18:1(11),0.2859999999999996,0.5238549999999975,0.011231606858517788,0.011231606858517788,All,Some,0.0,0.0,0.0,0.0,0.0,2542.1974522293,0.0,0.0,0.0,0.0,2813.3343394138315,0.0,2379.891304347826,1486.9186046511627,0.0,0.0,0.0,0.0
4284,5.3,494.36047,494.3605,0.06068445998638786,C25H52NO6P,CCCCCCC=CCCCCCCCCCCCCOCC(O)COP(=O)(O)OCCN,[M+H]+,LPE O-20:1,LPE O-20:1(13),0.43600000000000083,0.5465599999999711,0.3747264792864855,0.3747264792864855,All,Some,,,0.0,,0.0,,63100.0,,,57200.0,,55100.0,,52900.0,,,48700.0,48500.0
4477,5.503,838.55893,838.55926,0.39353211598025634,C46H77O10P,CCC=CCC=CCC=CCC=CCC=CCC=CCCC(=O)OC(CO)COP(=O)(O)OCC(CO)OC(=O)CCCCCCCC=CCCCCCCCC,[M+NH4]+,BMP 18:1_22:6,"BMP 18:1(9)_22:6(4,7,10,13,16,19)",0.44485714285714273,0.6660414285714589,0.1070890351274786,0.1070890351274786,Some,Some,6598.449612403101,0.0,0.0,8390.782122905028,5993.087557603687,12585.536159600997,15640.939597315437,2831.1158798283263,30387.4653840548,0.0,0.0,5510.122120105753,18296.622568093382,11978.32418238243,0.0,14509.083805430748,5844.460856720827,8817.238412732553
4477,5.503,838.55893,838.55926,0.39353211598025634,C46H77O10P,CCC=CCC=CCC=CCC=CCC=CCC=CCCC(=O)OC(CO)COP(=O)(O)OCC(CO)OC(=O)CCCCC=CCCCCCCCCCCC,[M+NH4]+,BMP 18:1_22:6,"BMP 18:1(6)_22:6(4,7,10,13,16,19)",0.45099999999999985,0.7849650000000139,0.09370290573654377,0.09370290573654377,Some,Some,14803.100775193798,41500.0,22300.0,15518.435754189944,19513.824884792626,56228.927680798,57218.12080536913,18037.768240343346,45601.57411456056,79100.0,58700.0,69879.75575978849,50118.94163424125,55943.35163523515,56600.0,41381.8323891385,66755.53914327918,52865.5231745349
4477,5.503,838.55893,838.55926,0.39353211598025634,C46H77O10P,CCC=CCC=CCC=CCC=CCC=CCC=CCCC(=O)OC(CO)COP(=O)(O)OCC(CO)OC(=O)CCCCCCCCCC=CCCCCCC,[M+NH4]+,BMP 18:1_22:6,"BMP 18:1(11)_22:6(4,7,10,13,16,19)",0.4404444444444443,0.6071088888889133,0.0832914717658167,0.0832914717658167,Some,Some,6598.449612403101,0.0,0.0,8390.782122905028,5993.087557603687,12585.536159600997,15640.939597315437,2831.1158798283263,17210.960501384634,0.0,0.0,5510.122120105753,9384.435797665368,11978.32418238243,0.0,14509.083805430748,0.0,8817.238412732553
4576,5.615,764.54226,764.54361,1.7657593134399436,C40H75O10P,CCCCCCC=CCCCCCCCCCC(=O)OC(CO)COP(=O)(O)OCC(CO)OC(=O)CCCCC=CCCCCCCCCC,[M+NH4]+,BMP 16:1_18:1,BMP 16:1(6)_18:1(11),0.5644999999999998,0.22662500000001273,0.0,0.0,All,None,,21400.0,0.0,30500.0,,18300.0,19600.0,0.0,0.0,9580.0,6070.0,0.0,,,0.0,13600.0,0.0,14900.0
4599,5.652,764.54271,764.54361,1.1771728755770627,C40H75O10P,CCCCCCC=CCCCCCCCCCC(=O)OC(CO)COP(=O)(O)OCC(CO)OC(=O)CCCCC=CCCCCCCCCC,[M+NH4]+,BMP 16:1_18:1,BMP 16:1(6)_18:1(11),0.7200000000000001,0.26121666666669324,0.0,0.0,Some,None,,0.0,40300.0,0.0,,0.0,0.0,44400.0,0.0,0.0,0.0,0.0,,,0.0,0.0,0.0,2230.0
4753,5.831,790.55853,790.55926,0.92339693798023,C42H77O10P,CCCCCCCCC=CCC=CCCCCC(=O)OC(CO)COP(=O)(O)OCC(CO)OC(=O)CCCCCCCCCC=CCCCCCC,[M+NH4]+,BMP 18:1_18:2,"BMP 18:1(11)_18:2(6,9)",0.4253333333333327,0.6793500000000373,0.0,0.0,Some,None,,,,,,,,,0.0,,,,,0.0,,0.0,0.0,
5152,6.105,676.49094,676.49118,0.35477180938632846,C36H70NO8P,CCCCCCCCC=CCCCCCCCCCC(=O)OC(COC(=O)CCCCCCC)COP(=O)([O-])OCC[N+](C)(C)C,[M+H]+,PC 8:0_20:1,PC 8:0_20:1(11),0.9739999999999984,0.6603000000000065,0.0,0.0,All,None,30700.0,,,,,,36800.0,22900.0,,27800.0,,,32000.0,,12700.0,36200.0,0.0,
5415,6.316,766.55804,766.55926,1.5915273138691728,C40H77O10P,CCCCCCC=CCCCCCCCCCC(=O)OC(CO)COP(=O)(O)OCC(CO)OC(=O)CCCCCCCCCCCCCCC,[M+NH4]+,BMP 16:0_18:1,BMP 16:0_18:1(11),0.28300000000000036,0.054385000000024775,0.0,0.0,All,None,,,,,,,,,,,,,,,,,0.0,0.0
5545,6.392,792.56984,792.57491,6.396871685032387,C42H79O10P,CCCCCCC=CCCCCCCCCCC(=O)OC(CO)COP(=O)(O)OCC(CO)OC(=O)CCCCCCCCCC=CCCCCCC,[M+NH4]+,BMP 18:1_18:1,BMP 18:1(11)_18:1(11),0.5139999999999993,0.45436999999998307,0.0,0.0,All,None,71700.0,40600.0,66100.0,0.0,,47700.0,47100.0,67100.0,34200.0,0.0,,,,38900.0,0.0,42700.0,41800.0,0.0
5763,6.565,778.53735,778.53813,1.0018777115991127,C44H76NO8P,CCC=CCC=CCC=CCCCCCCCC(=O)OC(COC(=O)CCCCCCCC=CCC=CCC=CCC)COP(=O)([O-])OCC[N+](C)(C)C,[M+H]+,PC 18:3_18:3,"PC 18:3(9,12,15)_18:3(9,12,15)",0.41999999999999993,0.6946399999999642,0.4917304465247436,0.4917304465247436,All,Some,50607.78105324454,58765.28117359413,54551.1083096964,46840.25874355882,51669.415972434246,61922.9277124014,75460.80069939062,46731.01551998045,84457.76151265629,69861.01344364013,62500.0,70000.0,65155.958596131204,65781.21961383526,56042.36343366778,55734.249601975505,51364.58301430276,52899.22156627136
5763,6.565,778.53735,778.53813,1.0018777115991127,C44H76NO8P,CCC=CCC=CCC=CCCCCCCCC(=O)OC(COC(=O)CCCCC=CCC=CCC=CCCCCC)COP(=O)([O-])OCC[N+](C)(C)C,[M+H]+,PC 18:3_18:3,"PC 18:3(6,9,12)_18:3(9,12,15)",0.47628571428571426,0.5627257142856804,0.2809888265855678,0.2809888265855678,Some,Some,45292.21894675546,56234.718826405864,49448.89169030361,43159.74125644118,44430.58402756576,60077.0722875986,70539.1993006094,38568.98448001956,78542.2384873437,68138.98655635987,62500.0,70000.0,63844.04140386878,63218.78038616475,53957.63656633222,53265.750398024495,49635.41698569722,51100.77843372864
5905,6.701,710.47532,710.47553,0.2955766823358929,C39H68NO8P,CCC=CCC=CCC=CCC=CCC=CCCCC(=O)OC(COC(=O)CCCCCCCCCCCCC)COP(=O)(O)OCCN,[M+H]+,PE 14:0_20:5,"PE 14:0_20:5(5,8,11,14,17)",0.38028571428571467,0.5809971428571187,0.0,0.0,Some,Some,5740.0,5970.0,8350.0,7170.0,8050.0,18500.0,18100.0,7920.0,21100.0,14500.0,11400.0,17000.0,18000.0,15800.0,10200.0,17600.0,13200.0,15400.0
6145,6.837,736.49076,736.49118,0.5702715950553319,C41H70NO8P,CCC=CCC=CCC=CCC=CCC=CCC=CCCC(=O)OC(COC(=O)CCCCCCCCCCCCC)COP(=O)(O)OCCN,[M+H]+,PE 14:0_22:6,"PE 14:0_22:6(4,7,10,13,16,19)",0.39283333333333365,0.5923374999999756,0.0,0.0,All,None,80400.0,63600.0,80900.0,70100.0,81800.0,81200.0,86900.0,73000.0,100000.0,80400.0,59200.0,93900.0,83800.0,78100.0,43500.0,71900.0,73000.0,76000.0
6171,6.848,778.53734,778.53813,1.0147222976115566,C44H76NO8P,CCC=CCC=CCC=CCCCCCCCC(=O)OC(COC(=O)CCCCCCCC=CCC=CCC=CCC)COP(=O)([O-])OCC[N+](C)(C)C,[M+H]+,PC 18:3_18:3,"PC 18:3(9,12,15)_18:3(9,12,15)",0.4551999999999996,0.74236599999997,0.5921153642016127,0.5921153642016127,All,Some,22574.065534518686,10156.720290607162,20154.563630445904,15511.041009463723,19317.552978808475,61097.46835443038,99774.71716674867,20473.87810537038,82994.2731277533,68569.209527097,57195.54030874785,49810.0,82518.93374198492,67133.52158128278,52939.015429831,73331.85644661055,57254.80994838105,56115.4163231657
6171,6.848,778.53734,778.53813,1.0147222976115566,C44H76NO8P,CCC=CCC=CCC=CCCCCCCCC(=O)OC(COC(=O)CCCCC=CCC=CCC=CCCCCC)COP(=O)([O-])OCC[N+](C)(C)C,[M+H]+,PC 18:3_18:3,"PC 18:3(6,9,12)_18:3(9,12,15)",0.4214285714285713,0.6807099999999602,0.3326112874095727,0.3326112874095727,Some,Some,37725.93446548131,59743.27970939284,38445.4363695541,44088.95899053628,45882.447021191525,217902.53164556963,254225.28283325137,48426.12189462962,280005.7268722467,254430.790472903,202804.45969125215,243190.00000000003,223481.06625801505,225866.47841871722,209060.98457016898,196668.14355338947,187745.19005161896,215884.5836768343
6248,6.94,766.5589,766.55926,0.46963101065478235,C40H77O10P,CCCCCCCCC=CCCCCCCCC(=O)OC(COC(=O)CCCCCCCCCCCCCCC)COP(=O)(O)OCC(O)CO,[M+NH4]+,PG 16:0_18:1,PG 16:0_18:1(9),0.649,0.8964349999999968,0.04149864521822436,0.04149864521822436,All,Some,191000.0,324000.0,152642.02978488695,193000.0,235000.0,264654.93538630736,200602.40963855424,233000.0,206353.56200527702,205706.05187319883,131395.60683381406,182491.52542372883,173955.77395577397,181666.6666666667,147368.4210526316,170160.62176165805,191050.29585798818,170298.5074626866
6248,6.94,766.5589,766.55926,0.46963101065478235,C40H77O10P,CCCCCCC=CCCCCCCCCCC(=O)OC(COC(=O)CCCCCCCCCCCCCCC)COP(=O)(O)OCC(O)CO,[M+NH4]+,PG 16:0_18:1,PG 16:0_18:1(11),0.07200000000000095,0.9121999999999844,0.0024471582286747077,0.0024471582286747077,All,Some,0.0,0.0,49357.97021511306,0.0,0.0,80345.06461369261,132397.5903614458,0.0,169646.43799472298,209293.94812680114,197604.39316618594,108508.47457627118,126044.22604422606,145333.3333333333,252631.5789473684,96839.37823834197,95949.70414201185,155701.49253731343
6289,6.964,736.49131,736.49118,0.1765126365978233,C41H70NO8P,CCC=CCC=CCC=CCC=CCC=CCC=CCCC(=O)OC(COC(=O)CCCCCCCCCCCCC)COP(=O)(O)OCCN,[M+H]+,PE 14:0_22:6,"PE 14:0_22:6(4,7,10,13,16,19)",0.5019999999999998,0.5256824999999784,0.0,0.0,All,None,7060.0,,0.0,0.0,0.0,0.0,4490.0,4400.0,0.0,0.0,3110.0,0.0,0.0,0.0,0.0,0.0,0.0,0.0
6361,6.979,826.53452,826.53813,4.367614595082955,C48H76NO8P,CCC=CCC=CCC=CCC=CCC=CCCCC(=O)OC(COC(=O)CCCC=CCC=CCC=CCC=CCC=CCC)COP(=O)([O-])OCC[N+](C)(C)C,[M+H]+,PC 20:5_20:5,"PC 20:5(5,8,11,14,17)_20:5(5,8,11,14,17)",0.5050000000000001,0.7438925000000012,0.06529102419822351,0.06529102419822351,Some,Some,10500.0,9710.0,8890.0,0.0,9390.0,28200.0,32400.0,8140.0,31900.0,27900.0,31700.0,29700.0,27400.0,28300.0,27200.0,28100.0,25600.0,25900.0
6395,7.009,780.55088,780.55378,3.71531094238524,C44H78NO8P,CCCCCC=CCC=CCC=CCC=CCC=CCCCCCCCCC(=O)OC(COC(=O)CCCCCCC)COP(=O)([O-])OCC[N+](C)(C)C,[M+H]+,PC 8:0_28:5,"PC 8:0_28:5(10,13,16,19,22)",0.49711111111111056,0.6881244444444595,0.2873065958367001,0.2873065958367001,All,Some,6527.537251109841,17426.34635691658,8211.72433993054,4969.5325542570945,0.0,0.0,0.0,7260.2558811390845,0.0,0.0,0.0,0.0,0.0,0.0,0.0,0.0,0.0,0.0
6395,7.009,780.55088,780.55378,3.71531094238524,C44H78NO8P,CCC=CCC=CCC=CCC=CCC=CCCCCCCCCCCCC(=O)OC(COC(=O)CCCCCCC)COP(=O)([O-])OCC[N+](C)(C)C,[M+H]+,PC 8:0_28:5,"PC 8:0_28:5(13,16,19,22,25)",0.4287499999999993,0.531388750000005,0.028596463160743085,0.028596463160743085,All,Some,20572.462748890157,17873.653643083417,24388.275660069463,19330.467445742906,0.0,0.0,0.0,14839.74411886092,0.0,0.0,0.0,0.0,0.0,0.0,0.0,0.0,0.0,0.0
6524,7.117,704.52187,704.52248,0.8658346855558491,C38H74NO8P,CCCCCCC=CCCCCCCCC(=O)OC(COC(=O)CCCCCCCCCCCCC)COP(=O)([O-])OCC[N+](C)(C)C,[M+H]+,PC 14:0_16:1,PC 14:0_16:1(9),0.984,0.4978950000000282,0.2816627153098846,0.2816627153098846,All,Some,2900000.0,1710000.0,2980000.0,1980000.0,3340000.0,5140000.0,5910000.0,2600000.0,5450000.0,2870000.0,2440000.0,5140000.0,3760000.0,4240000.0,2400000.0,3420000.0,4320000.0,4420000.0
6704,7.248,830.56923,830.56943,0.24079865311619128,C48H80NO8P,CCC=CCC=CCC=CCC=CCCCCCCC(=O)OC(COC(=O)CCCC=CCC=CCC=CCC=CCCCCC)COP(=O)([O-])OCC[N+](C)(C)C,[M+H]+,PC 20:4_20:4,"PC 20:4(5,8,11,14)_20:4(8,11,14,17)",0.4773999999999997,0.7121799999999666,0.3156270018624554,0.3156270018624554,Some,Some,26426.706185164963,27888.77259088689,26345.04727065419,28104.33464686269,27150.60953084596,44074.01029445159,66524.80585981213,24967.603034652453,62381.24847598147,50423.23606566244,60734.252854745624,45546.026211138764,46782.40528008689,40107.17488789238,51465.57834819031,42646.46084895178,37291.28291694801,41505.882352941175
6704,7.248,830.56923,830.56943,0.24079865311619128,C48H80NO8P,CCC=CCC=CCC=CCC=CCCCCCCC(=O)OC(COC(=O)CCCCCCC=CCC=CCC=CCC=CCC)COP(=O)([O-])OCC[N+](C)(C)C,[M+H]+,PC 20:4_20:4,"PC 20:4(8,11,14,17)_20:4(8,11,14,17)",0.4232499999999999,0.6072474999999855,0.28976784808998257,0.28976784808998257,All,Some,16476.78028234927,14043.744330472402,15834.623972635281,13970.96089724159,17269.449575175473,38040.34516690637,48808.45399979654,14088.374000410087,53203.24311143623,40279.09240879465,35406.212908770925,38148.17717005897,41877.60558085133,34783.408071748876,43699.85322020549,37183.111711978665,32703.207292370018,35877.168236056576
6704,7.248,830.56923,830.56943,0.24079865311619128,C48H80NO8P,CCCCCC=CCC=CCC=CCC=CCCCC(=O)OC(COC(=O)CCCC=CCC=CCC=CCC=CCCCCC)COP(=O)([O-])OCC[N+](C)(C)C,[M+H]+,PC 20:4_20:4,"PC 20:4(5,8,11,14)_20:4(5,8,11,14)",0.6082499999999997,0.6487699999999847,0.21940075092574984,0.21940075092574984,All,Some,4696.513532485766,7167.48307864071,3920.328756710533,3524.704455895727,4479.940893978574,12385.64453864204,9666.740140391332,5344.022964937461,17415.508412582298,19297.671525542904,11859.534236483441,14905.796618802282,15339.989139061781,11909.417040358745,20834.568431604195,12070.427439069563,10705.509790681972,10816.949411002248
6737,7.257,732.54398,732.55378,13.377857390794466,C40H78NO8P,CCCCCCCCC=CCCCCCCCCCCCCCC(=O)OC(COC(=O)CCCCCCC)COP(=O)([O-])OCC[N+](C)(C)C,[M+H]+,PC 8:0_24:1,PC 8:0_24:1(15),0.7060000000000013,0.4978950000000282,0.24625137698144242,0.24625137698144242,All,Some,412000.0,258000.0,373000.0,268000.0,448000.0,329000.0,434000.0,358000.0,367000.0,210000.0,314000.0,378000.0,441000.0,291000.0,103000.0,298000.0,322000.0,262000.0
6747,7.258,730.53746,730.53813,0.9171321420467337,C40H76NO8P,CCCCCCC=CCCCCCCCC(=O)OC(COC(=O)CCCCCCCC=CCCCCCC)COP(=O)([O-])OCC[N+](C)(C)C,[M+H]+,PC 16:1_16:1,PC 16:1(9)_16:1(9),0.4249999999999998,0.46545000000003256,0.10544278115219266,0.10544278115219266,All,Some,1030134.938590821,388827.392120075,555815.7405494732,584733.6628226249,883179.8245614036,786544.5886955044,995983.7256611449,914181.9711201459,821704.8908538269,913292.2272047832,304019.3704600484,629486.2385321102,798076.5066762901,610843.6708016541,478775.458176359,581101.3159900411,886493.5194416748,422793.5303514377
6747,7.258,730.53746,730.53813,0.9171321420467337,C40H76NO8P,CCCCCCC=CCCCCCCCC(=O)OC(COC(=O)CCCCCC=CCCCCCCCC)COP(=O)([O-])OCC[N+](C)(C)C,[M+H]+,PC 16:1_16:1,PC 16:1(7)_16:1(9),0.5669999999999997,0.48461250000002565,0.06377121557166732,0.06377121557166732,All,Some,442764.22107304464,491941.83864915575,722919.2315637266,221933.00384404173,712943.410355156,199189.8633709394,167349.60767218834,386950.7920930885,393340.7018513402,290041.10612855,182647.29620661825,582352.2935779816,138590.15999037653,342549.6865412832,433927.42826388695,285989.2790000508,661325.0249252244,519484.27969793783
6747,7.258,730.53746,730.53813,0.9171321420467337,C40H76NO8P,CCCCCCC=CCCCCCCCC(=O)OC(COC(=O)CCCCC=CCCCCCCCCC)COP(=O)([O-])OCC[N+](C)(C)C,[M+H]+,PC 16:1_16:1,PC 16:1(6)_16:1(9),0.4910000000000001,0.3121475000000373,0.05272139057609633,0.05272139057609633,All,Some,847960.5688429218,300750.46904315194,431764.51146457344,584733.6628226249,663587.3983739837,729743.7496456717,995983.7256611449,703332.3987102201,722920.6963249516,913292.2272047832,304019.3704600484,565607.3394495414,798076.5066762901,563298.6527944512,411748.2933461745,533283.3697474721,803129.6111665005,378585.17281440605
6747,7.258,730.53746,730.53813,0.9171321420467337,C40H76NO8P,CCCCCCCCC=CCCCCCC(=O)OC(COC(=O)CCCCCC=CCCCCCCCC)COP(=O)([O-])OCC[N+](C)(C)C,[M+H]+,PC 16:1_16:1,PC 16:1(7)_16:1(7),0.7089999999999996,0.5037750000000187,0.022099649991141973,0.022099649991141973,All,Some,1108550.4201680669,704615.3846153846,1030632.5139434001,806666.6666666665,1156938.3825417203,872132.7739667783,1163333.3333333335,879433.618393383,1017477.2036474164,1203333.3333333333,486666.6666666666,1084080.7339449544,936666.6666666666,858303.3213285314,778648.556779877,771454.702504954,1381090.7278165503,853861.0949753122
6747,7.258,730.53746,730.53813,0.9171321420467337,C40H76NO8P,CCCCCCCCC=CCCCCCC(=O)OC(COC(=O)CCCCC=CCCCCCCCCC)COP(=O)([O-])OCC[N+](C)(C)C,[M+H]+,PC 16:1_16:1,PC 16:1(6)_16:1(7),0.633,0.3313100000000304,0.011049824995570987,0.011049824995570987,All,Some,260589.85132514543,403864.9155722327,598868.0024788267,221933.00384404173,493350.9841677364,142389.02432110667,167349.60767218834,176101.21968316278,294556.5073224648,290041.10612855,182647.29620661825,518473.3944954128,138590.15999037653,295004.6685340803,366900.2634337026,238171.33275748178,577961.1166500498,475275.9221609062
6819,7.282,784.48773,784.49118,4.397754988054534,C45H70NO8P,CCC=CCC=CCC=CCC=CCC=CCCCC(=O)OC(COC(=O)CCCC=CCC=CCC=CCC=CCC=CCC)COP(=O)(O)OCCN,[M+H]+,PE 20:5_20:5,"PE 20:5(5,8,11,14,17)_20:5(5,8,11,14,17)",0.5499999999999997,0.44965777777777777,0.06850146745497736,0.06850146745497736,Some,Some,18500.0,20900.0,17200.0,20600.0,18200.0,41200.0,51100.0,17500.0,60300.0,57700.0,43700.0,46400.0,42400.0,34600.0,34500.0,40200.0,38300.0,35100.0
6847,7.293,780.55263,780.55378,1.4733129598561423,C44H78NO8P,CCC=CCC=CCC=CCC=CCC=CCCCCCCCCCCCC(=O)OC(COC(=O)CCCCCCC)COP(=O)([O-])OCC[N+](C)(C)C,[M+H]+,PC 8:0_28:5,"PC 8:0_28:5(13,16,19,22,25)",0.375,0.5958924999999908,0.261321297876728,0.261321297876728,All,Some,70095.98840894684,149661.9158104077,100115.66199482924,79643.96284829722,109655.80965580964,158391.084991961,206030.7438923964,88200.66889632108,240856.29335976214,219232.05052299192,337351.32330046705,243588.02999925747,168551.92690428803,176040.70305272893,363893.69070923055,171404.97558707275,168988.34220671927,227612.85286847924
6847,7.293,780.55263,780.55378,1.4733129598561423,C44H78NO8P,CCCCCC=CCC=CCC=CCC=CCC=CCCCCCCCCC(=O)OC(COC(=O)CCCCCCC)COP(=O)([O-])OCC[N+](C)(C)C,[M+H]+,PC 8:0_28:5,"PC 8:0_28:5(10,13,16,19,22)",0.3644999999999996,0.6759387500000145,0.24823513521121363,0.24823513521121363,All,Some,156904.01159105316,111338.08418959232,117884.33800517076,130356.0371517028,172344.19034419037,375608.91500803904,428969.2561076036,139799.33110367897,423143.7066402379,394767.9494770081,316648.67669953295,312411.9700007426,402448.073095712,342959.29694727104,314106.3092907695,320595.0244129273,257011.65779328073,254387.14713152076
6851,7.294,782.55959,782.56943,12.573964204113883,C44H80NO8P,CCCCCC=CCC=CCCCCCCCC(=O)OC(COC(=O)CCCCC=CCC=CCCCCCCCC)COP(=O)([O-])OCC[N+](C)(C)C,[M+H]+,PC 18:2_18:2,"PC 18:2(6,9)_18:2(9,12)",0.5315000000000003,0.893814999999961,0.6445757206463814,0.6445757206463814,Some,Some,0.0,0.0,0.0,0.0,0.0,7334.013050570962,13662.111801242236,0.0,17812.026658588307,9156.521739130436,26704.80446927374,21136.743951612898,11485.272091862205,0.0,28969.712931261518,10632.495164410058,17064.150012336544,22157.74421117302
6851,7.294,782.55959,782.56943,12.573964204113883,C44H80NO8P,CCCCCC=CCC=CCCCCCCCC(=O)OC(COC(=O)CCCCCCCC=CCC=CCCCCC)COP(=O)([O-])OCC[N+](C)(C)C,[M+H]+,PC 18:2_18:2,"PC 18:2(9,12)_18:2(9,12)",0.38866666666666677,0.6286166666666683,0.5432425805891338,0.5432425805891338,All,Some,0.0,0.0,0.0,0.0,0.0,24500.0,35100.0,0.0,34218.41866101181,23126.08695652174,30932.7374301676,23646.19455645161,26379.988840269005,0.0,33330.1027126679,22297.421018697612,21982.35874660745,21718.195877380676
6851,7.294,782.55959,782.56943,12.573964204113883,C44H80NO8P,CCCCCCCCC=CCC=CCCCCC(=O)OC(COC(=O)CCCCC=CCC=CCCCCCCCC)COP(=O)([O-])OCC[N+](C)(C)C,[M+H]+,PC 18:2_18:2,"PC 18:2(6,9)_18:2(6,9)",0.3786666666666676,0.6375366666666196,0.3161917136060414,0.3161917136060414,All,Some,0.0,0.0,0.0,0.0,0.0,17165.986949429036,21437.888198757762,0.0,20469.55468039988,19017.391304347824,12762.45810055866,12117.061491935483,15634.739067868783,0.0,13300.184356070584,14870.083816892327,9453.491241056006,9324.059911446308
7022,7.399,784.48719,784.49118,5.0860992470694955,C45H70NO8P,CCC=CCC=CCC=CCC=CCC=CCCCC(=O)OC(COC(=O)CCCC=CCC=CCC=CCC=CCC=CCC)COP(=O)(O)OCCN,[M+H]+,PE 20:5_20:5,"PE 20:5(5,8,11,14,17)_20:5(5,8,11,14,17)",0.4413333333333331,0.41042222222222335,0.06856748996780432,0.06856748996780432,Some,Some,0.0,0.0,0.0,0.0,0.0,0.0,0.0,0.0,0.0,0.0,0.0,5290.0,0.0,0.0,0.0,0.0,0.0,0.0
7035,7.403,662.47517,662.47553,0.5434162979583291,C35H68NO8P,CCCCCCCCC=CCCCCCCCCCCCC(=O)OC(COC(=O)CCCCCCC)COP(=O)(O)OCCN,[M+H]+,PE 8:0_22:1,PE 8:0_22:1(13),0.6059999999999999,0.5272299999999746,0.0,0.0,All,None,126000.0,,122000.0,,127000.0,,,,,,,,,,110000.0,,,195000.0
7047,7.408,730.53752,730.53813,0.8350009054989556,C40H76NO8P,CCCCCCC=CCCCCCCCC(=O)OC(COC(=O)CCCCCCCC=CCCCCCC)COP(=O)([O-])OCC[N+](C)(C)C,[M+H]+,PC 16:1_16:1,PC 16:1(9)_16:1(9),0.5409999999999995,0.46549000000004526,0.10660667479592222,0.10660667479592222,All,Some,563922.1073044603,0.0,410123.63636363635,0.0,0.0,0.0,0.0,182782.18499577173,0.0,0.0,0.0,0.0,0.0,0.0,0.0,0.0,0.0,0.0
7047,7.408,730.53752,730.53813,0.8350009054989556,C40H76NO8P,CCCCCCC=CCCCCCCCC(=O)OC(COC(=O)CCCCCC=CCCCCCCCC)COP(=O)([O-])OCC[N+](C)(C)C,[M+H]+,PC 16:1_16:1,PC 16:1(7)_16:1(9),0.4749999999999992,0.484632500000032,0.06455438862955085,0.06455438862955085,All,Some,242380.4137039431,0.0,318589.0909090909,0.0,0.0,0.0,0.0,583427.6970160673,0.0,0.0,0.0,0.0,0.0,0.0,0.0,0.0,0.0,0.0
7047,7.408,730.53752,730.53813,0.8350009054989556,C40H76NO8P,CCCCCCC=CCCCCCCCC(=O)OC(COC(=O)CCCCC=CCCCCCCCCC)COP(=O)([O-])OCC[N+](C)(C)C,[M+H]+,PC 16:1_16:1,PC 16:1(6)_16:1(9),0.3989999999999996,0.3121375000000626,0.05330333739796111,0.05330333739796111,All,Some,464195.2165481577,0.0,318589.09090909094,0.0,0.0,0.0,0.0,140624.77348689246,0.0,0.0,0.0,0.0,0.0,0.0,0.0,0.0,0.0,0.0
7047,7.408,730.53752,730.53813,0.8350009054989556,C40H76NO8P,CCCCCCCCC=CCCCCCC(=O)OC(COC(=O)CCCCCC=CCCCCCCCC)COP(=O)([O-])OCC[N+](C)(C)C,[M+H]+,PC 16:1_16:1,PC 16:1(7)_16:1(7),0.4089999999999989,0.5037750000000187,0.022502102463179487,0.022502102463179487,All,Some,606848.7394957982,0.0,545643.6363636362,0.0,0.0,0.0,0.0,681895.0589940805,0.0,0.0,0.0,0.0,0.0,0.0,0.0,0.0,0.0,0.0
7047,7.408,730.53752,730.53813,0.8350009054989556,C40H76NO8P,CCCCCCCCC=CCCCCCC(=O)OC(COC(=O)CCCCC=CCCCCCCCCC)COP(=O)([O-])OCC[N+](C)(C)C,[M+H]+,PC 16:1_16:1,PC 16:1(6)_16:1(7),0.3329999999999993,0.3312800000000493,0.011251051231589744,0.011251051231589744,All,Some,142653.52294764062,0.0,227054.54545454544,0.0,0.0,0.0,0.0,541270.2855071881,0.0,0.0,0.0,0.0,0.0,0.0,0.0,0.0,0.0,0.0
7205,7.515,778.53522,778.53813,3.7377745391129404,C44H76NO8P,CCC=CCC=CCC=CCCCCCCCC(=O)OC(COC(=O)CCCCCCCC=CCC=CCC=CCC)COP(=O)([O-])OCC[N+](C)(C)C,[M+H]+,PC 18:3_18:3,"PC 18:3(9,12,15)_18:3(9,12,15)",0.3096,0.7480379999999741,0.14682197519672963,0.14682197519672963,All,Some,30746.422628951746,36174.282147315855,47251.366355381506,26815.062454077884,42540.61965665824,0.0,5193.442622950821,46999.4214876033,26966.759195003466,23617.719626168222,23685.39325842697,31163.758389261744,24877.94105965525,24002.64583595817,21435.457953936795,18068.08045474421,0.0,19823.96226415094
7205,7.515,778.53522,778.53813,3.7377745391129404,C44H76NO8P,CCC=CCC=CCC=CCCCCCCCC(=O)OC(COC(=O)CCCCC=CCC=CCC=CCCCCC)COP(=O)([O-])OCC[N+](C)(C)C,[M+H]+,PC 18:3_18:3,"PC 18:3(6,9,12)_18:3(9,12,15)",0.2560000000000005,0.8869814285714028,0.10162123766237843,0.10162123766237843,Some,Some,63053.577371048246,31525.717852684145,55748.633644618494,44884.93754592211,55859.38034334177,0.0,52406.55737704918,35300.5785123967,33233.24080499653,37482.280373831774,23914.606741573036,32736.24161073826,30222.058940344745,26597.354164041826,24564.5420460632,26031.919545255794,0.0,17876.037735849055
7250,7.528,704.52194,704.52248,0.7664766069648667,C38H74NO8P,CCCCCCCCC=CCCCCCCCCCCCC(=O)OC(COC(=O)CCCCCCC)COP(=O)([O-])OCC[N+](C)(C)C,[M+H]+,PC 8:0_22:1,PC 8:0_22:1(13),0.3730000000000011,0.9043199999999842,0.0,0.0,All,None,114000.0,,88200.0,74700.0,103000.0,209000.0,176000.0,,189000.0,,161000.0,191000.0,214000.0,187000.0,,202000.0,170000.0,161000.0
7261,7.53,780.55273,780.55378,1.3451987894591992,C44H78NO8P,CCC=CCC=CCC=CCC=CCC=CCCCC(=O)OC(COC(=O)CCCCCCCCCCCCCCC)COP(=O)([O-])OCC[N+](C)(C)C,[M+H]+,PC 16:0_20:5,"PC 16:0_20:5(5,8,11,14,17)",0.5497499999999995,0.5924025000000199,0.24080454790370837,0.24080454790370837,All,Some,451000.0,529000.0,441000.0,436000.0,438000.0,1480000.0,1670000.0,425000.0,1850000.0,1610000.0,1460000.0,1560000.0,1520000.0,1540000.0,1420000.0,1450000.0,1230000.0,1330000.0
7268,7.531,782.55973,782.56943,12.395066339438037,C44H80NO8P,CCCCCC=CCC=CCCCCCCCC(=O)OC(COC(=O)CCCCC=CCC=CCCCCCCCC)COP(=O)([O-])OCC[N+](C)(C)C,[M+H]+,PC 18:2_18:2,"PC 18:2(6,9)_18:2(9,12)",0.8360000000000003,0.9061899999999241,0.8444757272950759,0.8444757272950759,Some,Some,0.0,0.0,0.0,0.0,0.0,9946.594005449591,16185.714285714288,0.0,0.0,16700.507614213195,49597.96201945346,0.0,14670.24128686327,0.0,43704.78068013799,10009.049773755656,0.0,32904.122278832794
7268,7.531,782.55973,782.56943,12.395066339438037,C44H80NO8P,CCCCCC=CCC=CCCCCCCCC(=O)OC(COC(=O)CCCCCCCC=CCC=CCCCCC)COP(=O)([O-])OCC[N+](C)(C)C,[M+H]+,PC 18:2_18:2,"PC 18:2(9,12)_18:2(9,12)",0.7493333333333337,0.6409766666666504,0.5282898166609327,0.5282898166609327,All,Some,0.0,0.0,0.0,0.0,0.0,73026.7029972752,103000.0,0.0,0.0,94000.0,63704.49282075036,0.0,96000.0,0.0,75022.17841301134,79000.0,0.0,68698.47151459008
7268,7.531,782.55973,782.56943,12.395066339438037,C44H80NO8P,CCCCCCCCC=CCC=CCCCCC(=O)OC(COC(=O)CCCCC=CCC=CCCCCCCCC)COP(=O)([O-])OCC[N+](C)(C)C,[M+H]+,PC 18:2_18:2,"PC 18:2(6,9)_18:2(6,9)",0.2940000000000005,0.5277249999999185,0.4742788659512149,0.4742788659512149,All,Some,0.0,0.0,0.0,0.0,0.0,73026.7029972752,86814.28571428571,0.0,0.0,77299.4923857868,48697.54515979622,0.0,81329.75871313673,0.0,58273.04090685066,68990.95022624434,0.0,58397.40620657712
7316,7.556,688.49067,688.49118,0.7407502300362496,C37H70NO8P,CCCCCCCCCC=CCCCCC(=O)OC(COC(=O)CCCCC=CCCCCCCCCC)COP(=O)(O)OCCN,[M+H]+,PE 16:1_16:1,PE 16:1(6)_16:1(6),0.5180000000000007,0.5220300000000293,0.0,0.0,All,None,479000.0,306000.0,417000.0,333000.0,509000.0,454000.0,508000.0,425000.0,458000.0,331000.0,298000.0,473000.0,435000.0,428000.0,176000.0,397000.0,407000.0,390000.0
7378,7.607,738.50627,738.50683,0.7582868259513115,C41H72NO8P,CCC=CCC=CCC=CCC=CCCCCCCC(=O)OC(COC(=O)CCCCCCCC=CCCCCCC)COP(=O)(O)OCCN,[M+H]+,PE 16:1_20:4,"PE 16:1(9)_20:4(8,11,14,17)",0.3292499999999996,0.7028999999999854,0.4820900638538575,0.4820900638538575,All,Some,57329.701563240174,50256.75167679007,50150.18428382523,48768.953934740886,57994.260302694805,108532.07284537757,141725.83361401144,43959.91758756321,136936.1483007209,115953.17957052456,90916.0874363492,109842.11949175454,106518.77191239303,90940.6827234088,86818.1446669391,99040.42884427111,83496.32704713108,86407.0787193382
7378,7.607,738.50627,738.50683,0.7582868259513115,C41H72NO8P,CCC=CCC=CCC=CCC=CCCCCCCC(=O)OC(COC(=O)CCCCCC=CCCCCCCCC)COP(=O)(O)OCCN,[M+H]+,PE 16:1_20:4,"PE 16:1(7)_20:4(8,11,14,17)",0.2339999999999995,0.6478999999999847,0.4167297192701806,0.4167297192701806,Some,Some,58347.702510658455,50256.75167679007,51861.23849984526,52093.09021113245,61993.21503454333,108602.01832734022,147256.9888851465,47639.82019104701,137811.53450051494,107502.85279573982,86534.58924664563,111228.71046228711,108536.06052433609,94224.65182175412,74146.71025745812,97340.26674370456,85051.00466063767,90017.97167465115
7378,7.607,738.50627,738.50683,0.7582868259513115,C41H72NO8P,CCC=CCC=CCC=CCC=CCCCCCCC(=O)OC(COC(=O)CCCCC=CCCCCCCCCC)COP(=O)(O)OCCN,[M+H]+,PE 16:1_20:4,"PE 16:1(6)_20:4(8,11,14,17)",0.2769999999999997,0.703393749999961,0.36463850436140804,0.36463850436140804,All,Some,16234.95973472288,26229.74496962982,26208.15631769969,18382.677543186186,25018.26436006704,66797.93527433013,27134.72549680027,41440.34463382656,70494.33573635427,73025.51955461806,96633.23588065595,108636.38821303054,81237.39904330671,89465.42275922906,59217.00040866367,67126.4705410307,104321.12102225378,75501.72779392131
7378,7.607,738.50627,738.50683,0.7582868259513115,C41H72NO8P,CCCCCC=CCC=CCC=CCC=CCCCC(=O)OC(COC(=O)CCCCCCCC=CCCCCCC)COP(=O)(O)OCCN,[M+H]+,PE 16:1_20:4,"PE 16:1(9)_20:4(5,8,11,14)",0.1407999999999996,0.873786999999993,0.09396124759395955,0.09396124759395955,All,Some,57087.63619137849,50256.75167679007,52780.420898629825,50755.278310940506,57994.260302694805,118067.97355295208,159882.45200404176,43959.91758756321,149757.9814624099,128518.44807911752,90916.0874363492,116292.78183292784,121707.76851996426,103369.242695608,86818.1446669391,109492.83387099364,92131.54726997747,95073.22181208931
7522,7.689,778.53527,778.53813,3.673551608904694,C44H76NO8P,CCC=CCC=CCC=CCCCCCCCC(=O)OC(COC(=O)CCCCCCCC=CCC=CCC=CCC)COP(=O)([O-])OCC[N+](C)(C)C,[M+H]+,PC 18:3_18:3,"PC 18:3(9,12,15)_18:3(9,12,15)",0.3259999999999998,0.8089879999999766,0.13273925557629884,0.13273925557629884,All,Some,45050.6885438031,0.0,32587.358036021564,0.0,0.0,0.0,33680.3365648436,38430.19445051344,40462.68637490741,22397.54816112084,0.0,28144.500600943014,25949.304769898907,32445.613471044486,0.0,26309.13862665988,25814.411069861628,0.0
7522,7.689,778.53527,778.53813,3.673551608904694,C44H76NO8P,CCC=CCC=CCC=CCCCCCCCC(=O)OC(COC(=O)CCCCC=CCC=CCC=CCCCCC)COP(=O)([O-])OCC[N+](C)(C)C,[M+H]+,PC 18:3_18:3,"PC 18:3(6,9,12)_18:3(9,12,15)",0.33285714285714285,0.6221585714285344,0.09157603188603045,0.09157603188603045,Some,Some,20949.311456196894,0.0,20212.641963978433,0.0,0.0,0.0,27519.66343515639,25069.805549486566,34137.31362509258,21102.45183887916,0.0,23955.49939905698,19950.69523010109,22954.386528955514,0.0,20790.861373340125,18385.588930138376,0.0
7674,7.813,714.50635,714.50683,0.6717920387670355,C39H72NO8P,CCCCCC=CCC=CCCCCCCCC(=O)OC(COC(=O)CCCCCC=CCCCCCCCC)COP(=O)(O)OCCN,[M+H]+,PE 16:1_18:2,"PE 16:1(7)_18:2(9,12)",0.17250000000000076,0.6898375000000101,0.2494738870521603,0.2494738870521603,Some,Some,187171.79877575117,124496.01699415826,165902.1471312918,138698.2680036463,203672.26018510514,142503.14993700126,140959.45945945947,172551.2259194396,128457.73732119637,73477.07049965776,69779.03225806452,132131.73381620643,165530.92182030337,119692.49542403905,64803.560635199734,150859.98013902683,78170.58096415328,106031.59557661928
7674,7.813,714.50635,714.50683,0.6717920387670355,C39H72NO8P,CCCCCC=CCC=CCCCCCCCC(=O)OC(COC(=O)CCCCC=CCCCCCCCCC)COP(=O)(O)OCCN,[M+H]+,PE 16:1_18:2,"PE 16:1(6)_18:2(9,12)",0.2553333333333339,0.7544116666666696,0.16631592470144022,0.16631592470144022,All,Some,56863.406146101974,34172.59691980881,49807.8141499472,44061.98723792161,65532.82588011419,31350.69298614028,44270.270270270266,31987.302977232925,39698.30949284786,45323.75085557837,41294.354838709674,34949.29832503395,40575.26254375729,24861.50091519219,26050.0027474037,37391.26117179742,52449.93819530284,22913.112164297003
7674,7.813,714.50635,714.50683,0.6717920387670355,C39H72NO8P,CCCCCC=CCC=CCCCCCCCC(=O)OC(COC(=O)CCCCCCCC=CCCCCCC)COP(=O)(O)OCCN,[M+H]+,PE 16:1_18:2,"PE 16:1(9)_18:2(9,12)",0.23100000000000076,0.8614533333333156,0.16631592470144022,0.16631592470144022,All,Some,150964.79507814685,108331.38608603293,136290.03871876103,121239.7447584321,165794.91393478075,87146.15707685846,129770.27027027027,138461.4711033275,119843.95318595578,107199.17864476386,97926.6129032258,119918.96785875963,139893.81563593933,99446.00366076878,65146.43661739655,137748.75868917577,107379.48084054388,93055.29225908371
7684,7.818,782.56887,782.56943,0.7155914588486606,C44H80NO8P,CCCCCC=CCC=CCCCCCCCC(=O)OC(COC(=O)CCCCC=CCC=CCCCCCCCC)COP(=O)([O-])OCC[N+](C)(C)C,[M+H]+,PC 18:2_18:2,"PC 18:2(6,9)_18:2(9,12)",0.26840000000000047,0.7235559999999623,0.4199870976916963,0.4199870976916963,Some,Some,146163.17746037958,149311.08719052744,145563.66822429906,128847.82077890367,133355.3513781972,91247.13548137719,140388.01422041643,143801.9017432647,147567.1347622567,132587.64607679466,125842.69662921347,106467.29522687096,80165.46138270177,93845.61752988047,105929.99396499697,107780.53316800993,94960.10332950632,98518.01278326556
7684,7.818,782.56887,782.56943,0.7155914588486606,C44H80NO8P,CCCCCC=CCC=CCCCCCCCC(=O)OC(COC(=O)CCCCCCCC=CCC=CCCCCC)COP(=O)([O-])OCC[N+](C)(C)C,[M+H]+,PC 18:2_18:2,"PC 18:2(9,12)_18:2(9,12)",0.3160000000000007,0.5054374999999993,0.38724149810765757,0.38724149810765757,All,Some,176765.40794365093,173975.24219590955,184227.21962616825,151004.45611036505,179046.43655326546,187726.33148347554,197628.2376841036,169832.01267828842,218366.59275683665,191205.34223706176,171235.95505617978,167659.1043017089,149179.05698582585,166807.76892430277,144777.3083886542,174178.54928704278,147066.87715269806,153619.6978500872
7684,7.818,782.56887,782.56943,0.7155914588486606,C44H80NO8P,CCCCCCCCC=CCC=CCCCCC(=O)OC(COC(=O)CCCCC=CCC=CCCCCCCCC)COP(=O)([O-])OCC[N+](C)(C)C,[M+H]+,PC 18:2_18:2,"PC 18:2(6,9)_18:2(6,9)",0.050666666666667005,0.8232299999999668,0.18365649867595044,0.18365649867595044,All,Some,69071.41459596949,50713.67061356297,64209.11214953272,47147.72311073129,81598.21206853738,100026.53303514731,97983.74809547992,51366.08557844692,109066.27248090661,94207.01168614358,72921.34831460674,90873.60047142017,86655.48163147237,87346.61354581673,63292.697646348824,93040.9175449473,70973.01951779563,74862.2893666473
7718,7.84,738.50638,738.50683,0.6093376279278657,C41H72NO8P,CCC=CCC=CCC=CCC=CCCCCCCC(=O)OC(COC(=O)CCCCCCCC=CCCCCCC)COP(=O)(O)OCCN,[M+H]+,PE 16:1_20:4,"PE 16:1(9)_20:4(8,11,14,17)",0.4104444444444447,0.8124133333333753,0.31193794155472176,0.31193794155472176,All,Some,96655.03550858358,80115.06351218812,94452.89370333606,90857.54951962996,99879.18010337059,180354.63304052138,209160.94307224939,88849.07938424389,222999.76314542873,190641.66551771684,159343.95805305458,190981.48375984252,190173.04804287624,175657.7109896782,114515.67556282404,170682.87711124052,157180.07985873596,161778.20577649542
7718,7.84,738.50638,738.50683,0.6093376279278657,C41H72NO8P,CCC=CCC=CCC=CCC=CCCCCCCC(=O)OC(COC(=O)CCCCCC=CCCCCCCCC)COP(=O)(O)OCCN,[M+H]+,PE 16:1_20:4,"PE 16:1(7)_20:4(8,11,14,17)",0.3680000000000003,0.8932142857143422,0.2675961670715064,0.2675961670715064,Some,Some,59698.33547689612,52380.45116379208,58608.95084372708,59473.37207923141,69003.18063347616,125713.79994332673,157354.37854972924,53434.95321460912,169149.69208905732,142327.31283606787,115157.8184828728,141211.86023622047,125562.47502789987,120268.67030965391,80504.88882702946,123346.82585905647,115336.12255611588,112916.46092983133
7718,7.84,738.50638,738.50683,0.6093376279278657,C41H72NO8P,CCC=CCC=CCC=CCC=CCCCCCCC(=O)OC(COC(=O)CCCCC=CCCCCCCCCC)COP(=O)(O)OCCN,[M+H]+,PE 16:1_20:4,"PE 16:1(6)_20:4(8,11,14,17)",0.39400000000000013,0.7829633333333782,0.2081303521667272,0.2081303521667272,All,Some,101461.257432571,84124.03416022773,92414.44046437356,78972.83833471712,117687.45858550159,119491.92405780675,117886.80491348564,90230.90854210686,118895.07342491712,74471.80477043983,51540.23940115216,96804.25688976377,113582.27359777354,111187.15846994534,63535.19607502,94444.52533488642,81912.12357423521,82702.92096731014
7718,7.84,738.50638,738.50683,0.6093376279278657,C41H72NO8P,CCCCCC=CCC=CCC=CCC=CCCCC(=O)OC(COC(=O)CCCCCCCC=CCCCCCC)COP(=O)(O)OCCN,[M+H]+,PE 16:1_20:4,"PE 16:1(9)_20:4(5,8,11,14)",0.2536000000000003,0.6496620000000007,0.09342683044919511,0.09342683044919511,All,Some,73185.37158194935,52380.45116379208,71523.71498856328,70696.24006642154,66430.18067765163,137439.64295834515,166597.87346453575,61485.058859040146,178955.47134059688,150559.21687577557,119957.9840629204,156002.39911417323,135682.2033314504,131886.46023072253,83444.23953512647,132525.77169481653,118571.67401091299,125602.41232636308
7777,7.874,778.53419,778.53813,5.060766901753286,C44H76NO8P,CCC=CCC=CCC=CCCCCCCCC(=O)OC(COC(=O)CCCCCCCC=CCC=CCC=CCC)COP(=O)([O-])OCC[N+](C)(C)C,[M+H]+,PC 18:3_18:3,"PC 18:3(9,12,15)_18:3(9,12,15)",0.5640000000000001,0.9026849999999627,0.25322970885507323,0.25322970885507323,All,Some,0.0,6003.950251519921,5766.834993088272,5227.77129521587,5413.277761238463,0.0,6081.298024149286,5990.737919337684,5072.573044297833,0.0,0.0,5454.009077155824,6574.468085106383,0.0,3433.968705547653,0.0,0.0,4699.7066373304
7777,7.874,778.53419,778.53813,5.060766901753286,C44H76NO8P,CCC=CCC=CCC=CCCCCCCCC(=O)OC(COC(=O)CCCCC=CCC=CCC=CCCCCC)COP(=O)([O-])OCC[N+](C)(C)C,[M+H]+,PC 18:3_18:3,"PC 18:3(6,9,12)_18:3(9,12,15)",0.14333333333333384,0.7428799999999759,0.17213317733194175,0.17213317733194175,Some,Some,0.0,9226.923433015461,8448.951956442013,10295.915985997666,8336.940557705666,0.0,12485.832875960485,8683.82729180441,12051.649387370406,0.0,0.0,11087.972768532527,10744.370243826683,0.0,8386.002844950213,0.0,0.0,8824.71387489626
7777,7.874,778.53419,778.53813,5.060766901753286,C44H76NO8P,CCCCCC=CCC=CCC=CCCCCC(=O)OC(COC(=O)CCCCC=CCC=CCC=CCCCCC)COP(=O)([O-])OCC[N+](C)(C)C,[M+H]+,PC 18:3_18:3,"PC 18:3(6,9,12)_18:3(6,9,12)",0.16166666666666737,0.7082466666666392,0.005848729657935182,0.005848729657935182,All,Some,0.0,6769.126315464617,5884.213050469715,7276.312718786464,5349.781681055869,0.0,8432.869099890231,5625.434788857906,8875.777568331763,0.0,0.0,7858.018154311649,6681.161671066936,0.0,6580.028449502134,0.0,0.0,5575.579487773339
7855,7.949,730.53757,730.53813,0.7665582083498704,C40H76NO8P,CCCCCCCCC=CCCCCCC(=O)OC(COC(=O)CCCCCC=CCCCCCCCC)COP(=O)([O-])OCC[N+](C)(C)C,[M+H]+,PC 16:1_16:1,PC 16:1(7)_16:1(7),0.6320000000000006,0.9042199999999525,0.13763579691963126,0.13763579691963126,All,Some,0.0,9866.547350400748,0.0,0.0,0.0,64087.72831501542,73909.76744186047,0.0,73200.81135902638,71523.96988906499,55970.97242380261,64075.2252446437,59522.69666481819,78297.79189960986,44828.20651196259,51886.01764384418,46542.918970906474,55323.488993180705
7855,7.949,730.53757,730.53813,0.7665582083498704,C40H76NO8P,CCCCCCCCC=CCCCCCC(=O)OC(COC(=O)CCCCC=CCCCCCCCCC)COP(=O)([O-])OCC[N+](C)(C)C,[M+H]+,PC 16:1_16:1,PC 16:1(6)_16:1(7),0.3845000000000005,0.7160374999999704,0.06881789845981563,0.06881789845981563,All,Some,0.0,9866.547350400748,0.0,0.0,0.0,60898.632086660866,73909.76744186047,0.0,73200.81135902638,69251.18858954041,55970.97242380261,61176.876320213814,59522.69666481819,75018.70248964326,44828.20651196259,49415.25489889921,46542.918970906474,52693.75372727979
7855,7.949,730.53757,730.53813,0.7665582083498704,C40H76NO8P,CCCCCCC=CCCCCCCCC(=O)OC(COC(=O)CCCCCC=CCCCCCCCC)COP(=O)([O-])OCC[N+](C)(C)C,[M+H]+,PC 16:1_16:1,PC 16:1(7)_16:1(9),0.4790000000000001,0.7254449999999792,0.06881789845981563,0.06881789845981563,All,Some,0.0,19766.905299198508,0.0,0.0,0.0,96013.6395983237,85180.46511627907,0.0,113598.37728194725,90224.84152139463,74058.05515239477,93747.89843514247,89954.60667036363,83683.5056107469,70343.58697607483,82698.72745725662,77914.16205818705,82982.7572795395
7884,7.962,764.52191,764.52248,0.7455634266308695,C43H74NO8P,CCC=CCC=CCC=CCC=CCC=CCCCC(=O)OC(COC(=O)CCCCCCCCCC=CCCCCCC)COP(=O)(O)OCCN,[M+H]+,PE 18:1_20:5,"PE 18:1(11)_20:5(5,8,11,14,17)",0.22000000000000064,0.532236363636395,0.0,0.0,All,None,747000.0,666000.0,668000.0,674000.0,771000.0,900000.0,1070000.0,650000.0,1170000.0,946000.0,751000.0,961000.0,923000.0,830000.0,589000.0,837000.0,809000.0,780000.0
7988,8.001,806.56857,806.56943,1.0662442289546712,C46H80NO8P,CCC=CCC=CCC=CCC=CCC=CCC=CCCC(=O)OC(COC(=O)CCCCCCCCCCCCCCC)COP(=O)([O-])OCC[N+](C)(C)C,[M+H]+,PC 16:0_22:6,"PC 16:0_22:6(4,7,10,13,16,19)",0.4322000000000005,0.6916520000000219,0.5108447734646815,0.5108447734646815,All,Some,583000.0,763000.0,578000.0,578000.0,638000.0,3520000.0,4310000.0,620000.0,4620000.0,3890000.0,3480000.0,3660000.0,3840000.0,3820000.0,3400000.0,3390000.0,3150000.0,3410000.0
8076,8.051,778.53505,778.53813,3.9561325019085953,C44H76NO8P,CCC=CCC=CCC=CCCCCCCCC(=O)OC(COC(=O)CCCCCCCC=CCC=CCC=CCC)COP(=O)([O-])OCC[N+](C)(C)C,[M+H]+,PC 18:3_18:3,"PC 18:3(9,12,15)_18:3(9,12,15)",0.47400000000000053,0.727368000000024,0.19815468261722946,0.19815468261722946,All,Some,7391.908175973609,7426.063930395309,7451.386204598467,7991.545821048199,10390.631509260307,0.0,9137.678112590516,7848.688481445743,0.0,6243.948921350489,6959.495733459113,0.0,0.0,5690.3242233916135,0.0,5909.812218989686,7059.225373589509,0.0
8076,8.051,778.53505,778.53813,3.9561325019085953,C44H76NO8P,CCC=CCC=CCC=CCCCCCCCC(=O)OC(COC(=O)CCCCC=CCC=CCC=CCCCCC)COP(=O)([O-])OCC[N+](C)(C)C,[M+H]+,PC 18:3_18:3,"PC 18:3(6,9,12)_18:3(9,12,15)",0.5305714285714289,0.5477185714286017,0.1414107789096571,0.1414107789096571,Some,Some,8528.004981655391,8314.734253830151,8465.178273908698,9105.842710151031,11757.891847378536,0.0,8970.05372576501,8906.991841389598,0.0,6293.37331914482,6934.951331418036,0.0,0.0,5566.474282804276,0.0,6008.4898175085955,7209.677747280676,0.0
8076,8.051,778.53505,778.53813,3.9561325019085953,C44H76NO8P,CCCCCC=CCC=CCC=CCCCCC(=O)OC(COC(=O)CCCCC=CCC=CCC=CCCCCC)COP(=O)([O-])OCC[N+](C)(C)C,[M+H]+,PC 18:3_18:3,"PC 18:3(6,9,12)_18:3(6,9,12)",0.47299999999999986,0.6299283333333392,0.00020163450105526457,0.00020163450105526457,All,Some,1380.0868423709985,1059.2018157745413,1483.435521492836,1402.6114688007704,2051.4766433611603,0.0,292.26816164447564,1244.3196771646635,0.0,562.677759504692,505.55293512285067,0.0,0.0,143.20149380410794,0.0,381.69796350171913,531.096879129816,0.0
8170,8.124,740.52116,740.52248,1.7825252245741936,C41H74NO8P,CCCCCC=CCC=CCCCCCCCC(=O)OC(COC(=O)CCCCCCCC=CCC=CCCCCC)COP(=O)(O)OCCN,[M+H]+,PE 18:2_18:2,"PE 18:2(9,12)_18:2(9,12)",0.377333333333332,0.6847933333333837,0.3254333907382089,0.3254333907382089,All,Some,100992.46704331451,145024.53740949318,102251.27966496044,137856.5348022033,92000.0,78768.30543933055,94162.109375,155000.0,101712.95215869311,90174.47199265381,105000.0,94626.03878116344,88861.19467125055,77499.41012441013,69950.60264769809,74901.64074761022,81435.58269923908,90573.61702127659
8170,8.124,740.52116,740.52248,1.7825252245741936,C41H74NO8P,CCCCCC=CCC=CCCCCCCCC(=O)OC(COC(=O)CCCCC=CCC=CCCCCCCCC)COP(=O)(O)OCCN,[M+H]+,PE 18:2_18:2,"PE 18:2(6,9)_18:2(9,12)",0.5264999999999991,0.7309875000000545,0.2440750430536567,0.2440750430536567,Some,Some,62007.53295668551,16975.462590506835,56748.72033503955,19143.465197796693,92000.0,26231.694560669457,16837.890625,0.0,26287.04784130688,9825.528007346187,0.0,10373.961218836565,16138.805328749462,23500.589875589878,7549.397352301918,13898.359252389786,15464.417300760917,15426.382978723403
8283,8.161,782.56863,782.56943,1.0222735125579303,C44H80NO8P,CCCCCC=CCC=CCCCCCCCC(=O)OC(COC(=O)CCCCC=CCC=CCCCCCCCC)COP(=O)([O-])OCC[N+](C)(C)C,[M+H]+,PC 18:2_18:2,"PC 18:2(6,9)_18:2(9,12)",0.5714999999999995,0.9044324999999844,0.25977392305656466,0.25977392305656466,Some,Some,374706.8491056413,288866.91514022084,425210.2432778489,395500.0,505000.0,158529.09700709183,153352.02761000866,312307.4433656958,162659.15180633837,90901.37404580152,77534.65886200442,87959.93836671802,119892.48299944862,173972.29774413988,74278.99159663865,138799.66887417217,120302.87561681127,127050.6463608996
8283,8.161,782.56863,782.56943,1.0222735125579303,C44H80NO8P,CCCCCCCCC=CCC=CCCCCC(=O)OC(COC(=O)CCCCC=CCC=CCCCCCCCC)COP(=O)([O-])OCC[N+](C)(C)C,[M+H]+,PC 18:2_18:2,"PC 18:2(6,9)_18:2(6,9)",0.41799999999999987,0.6749466666666422,0.19623083523670024,0.19623083523670024,All,Some,441616.3430668093,384919.549111404,410008.1946222791,395500.0,505000.0,360668.2198725005,404201.0353753236,424500.0,429846.8077242909,322730.3816793893,297796.383629168,377143.2973805855,368862.9541138271,363101.06057266024,279155.46218487393,334963.33964049193,275936.70239918324,334543.1202408358
8283,8.161,782.56863,782.56943,1.0222735125579303,C44H80NO8P,CCCCCC=CCC=CCCCCCCCC(=O)OC(COC(=O)CCCCCCCC=CCC=CCCCCC)COP(=O)([O-])OCC[N+](C)(C)C,[M+H]+,PC 18:2_18:2,"PC 18:2(9,12)_18:2(9,12)",0.497333333333333,0.9263533333333195,0.15013439550538596,0.15013439550538596,All,Some,78676.80782754932,147213.53574837508,37781.56209987196,0.0,0.0,212802.68312040757,309446.93701466784,112192.55663430423,295494.0404693708,252368.24427480917,231668.95750882768,316896.7642526965,296244.5628867243,225926.6416831998,226565.54621848738,216236.99148533584,183760.42198400543,243406.2333982646
8387,8.284,834.59789,834.60073,3.4028247255330824,C48H84NO8P,CCCCCC=CCC=CCC=CCCCCCCC(=O)OC(COC(=O)CCCCCCC=CCC=CCC=CCCCCC)COP(=O)([O-])OCC[N+](C)(C)C,[M+H]+,PC 20:3_20:3,"PC 20:3(8,11,14)_20:3(8,11,14)",0.5433333333333333,0.6378083333333772,0.4092497899055889,0.4092497899055889,All,Some,0.0,0.0,0.0,0.0,0.0,3835.4520331622575,3715.3590911647266,0.0,8741.444988557225,2030.1938389769166,7333.521807101468,1554.140127388535,3719.285002136448,0.0,4845.582127399117,3840.161050455221,0.0,3710.992907801419
8387,8.284,834.59789,834.60073,3.4028247255330824,C48H84NO8P,CCCCCC=CCC=CCC=CCCCCCCC(=O)OC(COC(=O)CCCCCCCCCC=CCC=CCC=CCC)COP(=O)([O-])OCC[N+](C)(C)C,[M+H]+,PC 20:3_20:3,"PC 20:3(11,14,17)_20:3(8,11,14)",0.4109999999999989,0.6879275000000433,0.37193723681023094,0.37193723681023094,Some,Some,0.0,0.0,0.0,0.0,0.0,4960.7843137254895,8571.711377312862,0.0,8741.444988557225,3492.5762084774396,7823.663443265964,3113.3757961783435,14975.2741774676,0.0,6637.03274603244,5025.76807283543,0.0,4930.52869116699
8387,8.284,834.59789,834.60073,3.4028247255330824,C48H84NO8P,CCCCCC=CCC=CCC=CCCCCCCC(=O)OC(COC(=O)CCCC=CCC=CCC=CCCCCCCCC)COP(=O)([O-])OCC[N+](C)(C)C,[M+H]+,PC 20:3_20:3,"PC 20:3(5,8,11)_20:3(8,11,14)",0.5399999999999998,0.6156125000000259,0.3069373424291917,0.3069373424291917,Some,Some,0.0,0.0,0.0,0.0,0.0,8749.624950651401,8778.516393903605,0.0,16146.875999704702,8260.049867288666,13051.840895687257,9335.031847133758,8612.908892370508,0.0,10787.609845669565,9639.587942979431,0.0,9869.439071566732
8387,8.284,834.59789,834.60073,3.4028247255330824,C48H84NO8P,CCC=CCC=CCC=CCCCCCCCCCC(=O)OC(COC(=O)CCCCCCCCCC=CCC=CCC=CCC)COP(=O)([O-])OCC[N+](C)(C)C,[M+H]+,PC 20:3_20:3,"PC 20:3(11,14,17)_20:3(11,14,17)",0.39033333333333164,0.7616383333333564,0.2535794425230196,0.2535794425230196,All,Some,0.0,0.0,0.0,0.0,0.0,16750.138176075798,23194.252291772114,0.0,28885.11701159042,26751.4196091048,29267.764432753247,27735.031847133756,26142.94260076912,0.0,29680.07476063481,18708.476912474154,0.0,20258.542875564155
8387,8.284,834.59789,834.60073,3.4028247255330824,C48H84NO8P,CCCCCCCCC=CCC=CCC=CCCCC(=O)OC(COC(=O)CCCCCCCCCC=CCC=CCC=CCC)COP(=O)([O-])OCC[N+](C)(C)C,[M+H]+,PC 20:3_20:3,"PC 20:3(11,14,17)_20:3(5,8,11)",0.33739999999999865,0.5208879999999908,0.1521476655138118,0.1521476655138118,Some,Some,0.0,0.0,0.0,0.0,0.0,16304.000526385049,19140.16084584669,0.0,28885.11701159042,26065.760476152172,28923.209421192063,27062.420382165605,15449.589327256328,0.0,28949.700520264065,18186.006021255755,0.0,19730.49645390071
8461,8.314,732.55282,732.55378,1.3104839892624083,C40H78NO8P,CCCCCCC=CCCCCCCCC(=O)OC(COC(=O)CCCCCCCCCCCCCCC)COP(=O)([O-])OCC[N+](C)(C)C,[M+H]+,PC 16:0_16:1,PC 16:0_16:1(9),0.48499999999999943,0.9135749999999803,0.815235039373714,0.815235039373714,All,All,25900000.0,19400000.0,25300000.0,21200000.0,10134033.613445377,28679104.47761194,27445941.686367217,23600000.0,40089666.666666664,26362555.066079296,13695652.173913045,41700000.0,34170798.668885194,28472422.680412374,28700000.0,28557777.777777776,33000000.0,28690968.44396083
8461,8.314,732.55282,732.55378,1.3104839892624083,C40H78NO8P,CCCCCCCCC=CCCCCCC(=O)OC(COC(=O)CCCCCCCCCCCCCCC)COP(=O)([O-])OCC[N+](C)(C)C,[M+H]+,PC 16:0_16:1,PC 16:0_16:1(7),0.661999999999999,0.9088449999999852,0.24444563932954216,0.24444563932954216,All,Some,0.0,0.0,0.0,0.0,16565966.386554623,7020895.52238806,16254058.31363278,0.0,10710333.333333334,6837444.933920705,16304347.826086959,0.0,8129201.331114808,7827577.319587628,0.0,6942222.222222222,0.0,8709031.556039173
8516,8.335,764.52124,764.52248,1.6219274545580995,C43H74NO8P,CCCCCC=CCC=CCC=CCC=CCC=CCCC(=O)OC(COC(=O)CCCCCC=CCCCCCCCC)COP(=O)(O)OCCN,[M+H]+,PE 16:1_22:5,"PE 16:1(7)_22:5(4,7,10,13,16)",0.17164705882352843,0.6804617647059104,0.22644404563166112,0.22644404563166112,Some,Some,159076.05344295994,138877.72832090952,171176.55085546343,163326.9809428285,145879.03793901578,534814.1513658756,603233.9707536558,149596.17560121158,710938.6684795803,495482.6854588163,574762.8995195321,566653.1298137516,554656.8993870534,423588.95294275373,558415.6794234863,544948.2349376294,519959.92050900956,456505.0150939722
8516,8.335,764.52124,764.52248,1.6219274545580995,C43H74NO8P,CCCCCC=CCC=CCC=CCC=CCC=CCCC(=O)OC(COC(=O)CCCCC=CCCCCCCCCC)COP(=O)(O)OCCN,[M+H]+,PE 16:1_22:5,"PE 16:1(6)_22:5(4,7,10,13,16)",0.2409523809523796,0.5373280952381189,0.18331184646372567,0.18331184646372567,All,Some,118942.44604316546,167712.3934144903,130916.23806024982,156646.94082246738,128772.44138069841,421459.9193909538,553008.9988751407,119295.8435207824,562382.8485407664,593392.4376752292,526895.7593482349,502695.7008822294,522394.9768276275,420089.82437324035,163700.38761805973,499253.573051866,504194.9867236685,434383.4193527444
8516,8.335,764.52124,764.52248,1.6219274545580995,C43H74NO8P,CCCCCC=CCC=CCC=CCC=CCC=CCCC(=O)OC(COC(=O)CCCCCCCC=CCCCCCC)COP(=O)(O)OCCN,[M+H]+,PE 16:1_22:5,"PE 16:1(9)_22:5(4,7,10,13,16)",0.1818181818181806,0.6582013636363875,0.17497948980628358,0.17497948980628358,All,Some,172981.50051387466,210409.8782646002,143907.21108428674,198026.0782347042,178348.52068028584,603725.9292431705,743757.0303712037,159107.98087800608,756678.4829796533,821124.8768659544,608341.3411322332,660651.169304019,582948.1237853192,606321.2226840059,777883.9329584539,515798.1920105044,515845.09276732185,559111.5655532832
8577,8.365,782.5683,782.56943,1.443961336426335,C44H80NO8P,CCCCCCCCC=CCC=CCCCCC(=O)OC(COC(=O)CCCCC=CCC=CCCCCCCCC)COP(=O)([O-])OCC[N+](C)(C)C,[M+H]+,PC 18:2_18:2,"PC 18:2(6,9)_18:2(6,9)",0.46999999999999975,0.6047399999999357,0.29832198547155836,0.29832198547155836,All,Some,311482.8629032258,397222.37531000277,374500.0,417000.0,404000.0,659623.1969384751,764450.9561998765,302346.12189803756,817297.1667739858,785841.2098298677,774574.9202975559,529424.9201277955,684158.7203937251,755448.8868950822,780663.4657354867,682308.1607795373,736600.4248612348,721022.1496005809
8577,8.365,782.5683,782.56943,1.443961336426335,C44H80NO8P,CCCCCC=CCC=CCCCCCCCC(=O)OC(COC(=O)CCCCC=CCC=CCCCCCCCC)COP(=O)([O-])OCC[N+](C)(C)C,[M+H]+,PC 18:2_18:2,"PC 18:2(6,9)_18:2(9,12)",0.532,0.7635849999999493,0.2635088119628062,0.2635088119628062,Some,Some,405500.0,555000.0,374500.0,417000.0,404000.0,1990000.0,2425000.0,405500.0,2715000.0,2790000.0,2975000.0,2270000.0,2200000.0,1980000.0000000005,3500000.0,1925000.0,1770000.0,2045000.0
8577,8.365,782.5683,782.56943,1.443961336426335,C44H80NO8P,CCCCCC=CCC=CCCCCCCCC(=O)OC(COC(=O)CCCCCCCC=CCC=CCCCCC)COP(=O)([O-])OCC[N+](C)(C)C,[M+H]+,PC 18:2_18:2,"PC 18:2(9,12)_18:2(9,12)",0.5940000000000003,0.922429999999963,0.2286956384540539,0.2286956384540539,All,Some,94017.1370967742,157777.6246899972,0.0,0.0,0.0,1330376.803061525,1660549.0438001233,103153.87810196241,1897702.8332260142,2004158.7901701326,2200425.079702444,1740575.0798722047,1515841.279606275,1224551.113104918,2719336.5342645133,1242691.839220463,1033399.575138765,1323977.850399419
8767,8.452,790.53704,790.53813,1.3788076230763195,C45H76NO8P,CCCCC=CCC=CCC=CCC=CCC=CCC=CCCC(=O)OC(COC(=O)CCCCC=CCCCCCCCCC)COP(=O)(O)OCCN,[M+H]+,PE 16:1_24:6,"PE 16:1(6)_24:6(4,7,10,13,16,19)",0.360461538461539,0.622874615384612,0.12050471166150106,0.12050471166150106,All,Some,299195.646084277,383541.28810821724,260350.16490025938,368135.593220339,316403.0851293881,764213.7214460832,875788.6948801421,277507.36209801474,1052996.314693158,859396.6172902106,808633.9444115909,698863.3727673393,859887.5432525951,708875.9939823769,677127.9069767442,704675.549403011,611262.6262626263,668328.4764253157
8767,8.452,790.53704,790.53813,1.3788076230763195,C45H76NO8P,CCCCC=CCC=CCC=CCC=CCC=CCC=CCCC(=O)OC(COC(=O)CCCCCCCC=CCCCCCC)COP(=O)(O)OCCN,[M+H]+,PE 16:1_24:6,"PE 16:1(9)_24:6(4,7,10,13,16,19)",0.31900000000000067,0.5551649999999881,0.06606929230142439,0.06606929230142439,All,Some,450222.09772299806,498703.8158691701,427299.67019948125,515593.2203389831,455821.3796583291,838930.614468615,975327.0198283517,401407.5159328987,1045180.2595737863,910680.5258773677,851259.6096984033,882802.1340756206,896911.7647058822,823210.8317214701,852069.7674418605,883585.3953971276,1002272.7272727275,713012.0301875514
8767,8.452,790.53704,790.53813,1.3788076230763195,C45H76NO8P,CCCCC=CCC=CCC=CCC=CCC=CCC=CCCC(=O)OC(COC(=O)CCCCCC=CCCCCCCCC)COP(=O)(O)OCCN,[M+H]+,PE 16:1_24:6,"PE 16:1(7)_24:6(4,7,10,13,16,19)",0.3486153846153853,0.5766907692307611,0.06098703904746867,0.06098703904746867,All,Some,270582.2561927248,357754.89602261264,260350.16490025938,286271.1864406779,237775.53521228288,396855.66408530175,658884.2852915064,263085.1219690865,611823.4257330556,629922.8568324219,460106.44589000585,658334.4931570401,383200.6920415225,367913.174296153,240802.32558139536,331739.0551998616,346464.6464646465,458659.493387133
8790,8.458,808.58423,808.58508,1.051219000850621,C46H82NO8P,CCCCCC=CCC=CCC=CCC=CCC=CCCCCCCC(=O)OC(COC(=O)CCCCCCCCCCC)COP(=O)([O-])OCC[N+](C)(C)C,[M+H]+,PC 12:0_26:5,"PC 12:0_26:5(8,11,14,17,20)",0.2727999999999998,0.5478950000000509,0.3547209511419268,0.3547209511419268,All,Some,865117.4737834334,1132668.9325421972,792128.9241535657,909054.3215306796,843574.4852463424,1856078.944498964,2345665.646233107,882103.9623078706,2729021.0329258894,2556174.944403262,2263484.376801568,2171737.8117277017,1997952.2149302706,1886337.694447306,2444304.274694043,1735299.8324958126,1862144.6384039898,1754343.7426625967
8790,8.458,808.58423,808.58508,1.051219000850621,C46H82NO8P,CCC=CCC=CCC=CCC=CCC=CCCCCCCCCCC(=O)OC(COC(=O)CCCCCCCCCCC)COP(=O)([O-])OCC[N+](C)(C)C,[M+H]+,PC 12:0_26:5,"PC 12:0_26:5(11,14,17,20,23)",0.30219999999999986,0.6411060000000134,0.3131380123479147,0.3131380123479147,All,Some,164882.5262165665,317331.0674578029,119871.07584643437,150945.67846932044,176425.5147536576,1373921.0555010356,1804334.3537668933,137896.03769212947,1910978.9670741109,2053825.0555967386,2366515.6231984315,1538262.1882722983,1672047.7850697294,1533662.305552694,2605695.725305957,1354700.1675041874,1177855.36159601,1495656.2573374033
8895,8.503,732.55299,732.55378,1.078419116120209,C40H78NO8P,CCCCCCCCC=CCCCCCCCCCCCCCC(=O)OC(COC(=O)CCCCCCC)COP(=O)([O-])OCC[N+](C)(C)C,[M+H]+,PC 8:0_24:1,PC 8:0_24:1(15),0.5859999999999985,0.9068200000000388,0.4584497713912445,0.4584497713912445,All,Some,0.0,0.0,0.0,0.0,0.0,0.0,0.0,4030000.0,0.0,0.0,,0.0,0.0,0.0,0.0,0.0,0.0,0.0
8900,8.509,834.5996,834.60073,1.3539408238825712,C48H84NO8P,CCCCCC=CCC=CCC=CCCCCCCC(=O)OC(COC(=O)CCCCCCC=CCC=CCC=CCCCCC)COP(=O)([O-])OCC[N+](C)(C)C,[M+H]+,PC 20:3_20:3,"PC 20:3(8,11,14)_20:3(8,11,14)",0.5206666666666665,0.634031666666715,0.4389863030110018,0.4389863030110018,All,Some,0.0,24379.194630872487,12166.403037013602,0.0,10067.703834544873,65127.464788732395,82120.67602003457,15767.728237791931,101003.33673185653,91461.84929878773,105208.6193281905,76671.40127388536,74903.2398858486,75934.89683009153,112585.16567309025,64564.85925076999,62916.08942701726,71552.51240807159
8900,8.509,834.5996,834.60073,1.3539408238825712,C48H84NO8P,CCCCCC=CCC=CCC=CCCCCCCC(=O)OC(COC(=O)CCCC=CCC=CCC=CCCCCCCCC)COP(=O)([O-])OCC[N+](C)(C)C,[M+H]+,PC 20:3_20:3,"PC 20:3(5,8,11)_20:3(8,11,14)",0.4885714285714283,0.7652614285715019,0.37627397400943013,0.37627397400943013,Some,Some,18312.150677589772,35620.80536912752,21958.873774122112,14407.197436529454,22175.199200287276,72724.64788732394,102669.60545971121,22083.864118895966,110859.48651404209,100003.32778702163,113862.08467472516,84440.57324840764,82690.51536008058,83368.14085389193,120141.13406349646,71826.94649380415,71097.02475731687,78739.41238271203
8900,8.509,834.5996,834.60073,1.3539408238825712,C48H84NO8P,CCCCCC=CCC=CCC=CCCCCCCC(=O)OC(COC(=O)CCCCCCCCCC=CCC=CCC=CCC)COP(=O)([O-])OCC[N+](C)(C)C,[M+H]+,PC 20:3_20:3,"PC 20:3(11,14,17)_20:3(8,11,14)",0.4077499999999996,0.47108875000002115,0.29441579847154953,0.29441579847154953,Some,Some,16265.599877497896,37063.75838926175,23598.01750500896,19863.815627310818,23708.72599163407,83201.40845070423,95428.07767786534,27646.284501061567,115092.00729137703,107385.78559543616,115733.46291684386,92812.10191082803,90625.65049521573,92875.1522321584,123010.17607098295,79953.01196189383,79105.70153813824,87772.48849762708
8900,8.509,834.5996,834.60073,1.3539408238825712,C48H84NO8P,CCC=CCC=CCC=CCCCCCCCCCC(=O)OC(COC(=O)CCCCCCCCCC=CCC=CCC=CCC)COP(=O)([O-])OCC[N+](C)(C)C,[M+H]+,PC 20:3_20:3,"PC 20:3(11,14,17)_20:3(11,14,17)",0.30319999999999964,0.2159639999999854,0.1793765748471301,0.1793765748471301,All,Some,56593.67582880331,37768.456375838934,40964.46272276706,54859.5020951442,43679.396721566045,63473.239436619704,79644.29864385928,41409.12951167728,76022.58473136219,62574.518659377216,51097.916540120284,66037.9617834395,59390.29712942758,67410.90504192907,44024.95494246499,54827.591146765975,59940.592138763845,62967.79335579466
8900,8.509,834.5996,834.60073,1.3539408238825712,C48H84NO8P,CCCCCCCCC=CCC=CCC=CCCCC(=O)OC(COC(=O)CCCCCCCCCC=CCC=CCC=CCC)COP(=O)([O-])OCC[N+](C)(C)C,[M+H]+,PC 20:3_20:3,"PC 20:3(11,14,17)_20:3(5,8,11)",0.4654999999999996,0.5377200000000357,0.11211035927945631,0.11211035927945631,Some,Some,43828.573616109024,35167.78523489934,35312.24296108827,50869.48484101553,38368.974251967746,63473.23943661972,67137.34219852962,35092.99363057325,76022.58473136219,62574.51865937723,51097.916540120284,66037.9617834395,59390.29712942758,67410.90504192909,46238.56924996534,54827.591146765975,59940.592138763845,62967.79335579466
8937,8.528,740.5217,740.52248,1.0533103599547249,C41H74NO8P,CCCCCC=CCC=CCCCCCCCC(=O)OC(COC(=O)CCCCCCCC=CCC=CCCCCC)COP(=O)(O)OCCN,[M+H]+,PE 18:2_18:2,"PE 18:2(9,12)_18:2(9,12)",0.40266666666666734,0.43104333333330186,0.25709057025834847,0.25709057025834847,All,Some,190619.31818181818,126000.0,156053.33184257604,180000.0,221000.0,130000.0,137578.19905213272,176000.0,133472.34739860715,139000.0,89200.0,148000.0,128000.0,129710.88734500043,75658.94287239722,123000.0,114000.0,110981.91533086724
8937,8.528,740.5217,740.52248,1.0533103599547249,C41H74NO8P,CCCCCC=CCC=CCCCCCCCC(=O)OC(COC(=O)CCCCC=CCC=CCCCCCCCC)COP(=O)(O)OCCN,[M+H]+,PE 18:2_18:2,"PE 18:2(6,9)_18:2(9,12)",0.47040000000000004,0.7640840000000025,0.15425434215500908,0.15425434215500908,Some,Some,20380.68181818182,0.0,26946.668157423974,0.0,0.0,0.0,18421.800947867298,0.0,22527.652601392867,0.0,0.0,0.0,0.0,5289.1126549995615,5041.057127602776,0.0,0.0,5018.084669132758
9089,8.638,690.50616,690.50683,0.9703017709668639,C37H72NO8P,CCCCCCCCCC=CCCCCC(=O)OC(COC(=O)CCCCCCCCCCCCCCC)COP(=O)(O)OCCN,[M+H]+,PE 16:0_16:1,PE 16:0_16:1(6),0.6230000000000011,0.5143750000000296,0.0,0.0,All,None,774000.0,667000.0,751000.0,647000.0,842000.0,1060000.0,1240000.0,769000.0,1130000.0,818000.0,765000.0,1030000.0,1040000.0,1050000.0,,1050000.0,998000.0,945000.0
9306,8.712,740.52175,740.52248,0.98579046509961,C41H74NO8P,CCCCCC=CCC=CCCCCCCCC(=O)OC(COC(=O)CCCCCCCC=CCC=CCCCCC)COP(=O)(O)OCCN,[M+H]+,PE 18:2_18:2,"PE 18:2(9,12)_18:2(9,12)",0.7215000000000007,0.9040849999999807,0.19428706121231912,0.19428706121231912,All,Some,176224.66317686436,172954.24301600852,180848.91835310534,180424.45359518527,187468.96551724136,576099.5537678336,701338.1415032485,166751.37699732778,734098.7220447285,626224.3137254902,558279.7961000082,576616.1837411603,620531.6051469898,564323.447007566,428170.4489995119,565427.4446895261,544668.5878962536,515893.58388182695
9306,8.712,740.52175,740.52248,0.98579046509961,C41H74NO8P,CCCCCC=CCC=CCCCCCCCC(=O)OC(COC(=O)CCCCC=CCC=CCCCCCCCC)COP(=O)(O)OCCN,[M+H]+,PE 18:2_18:2,"PE 18:2(6,9)_18:2(9,12)",0.6316666666666672,0.6472683333333104,0.1295247074748794,0.1295247074748794,Some,Some,170775.3368231357,174045.75698399148,176151.08164689463,175575.5464048147,181531.03448275864,583900.4462321665,688661.8584967515,165248.6230026722,755901.2779552715,613775.6862745098,571720.2038999918,593383.8162588397,579468.3948530103,535676.552992434,416829.551000488,554572.5553104739,565331.4121037464,504106.4161181731
9327,8.715,834.60074,834.60073,0.011981777172364115,C48H84NO8P,CCCCCC=CCC=CCC=CCCCCCCC(=O)OC(COC(=O)CCCCCCCCCC=CCC=CCC=CCC)COP(=O)([O-])OCC[N+](C)(C)C,[M+H]+,PC 20:3_20:3,"PC 20:3(11,14,17)_20:3(8,11,14)",0.3825000000000003,0.59731124999999,0.2743142382370101,0.2743142382370101,Some,Some,0.0,0.0,0.0,0.0,0.0,0.0,0.0,0.0,0.0,0.0,109970.86671522215,0.0,0.0,0.0,0.0,0.0,0.0,0.0
9327,8.715,834.60074,834.60073,0.011981777172364115,C48H84NO8P,CCCCCC=CCC=CCC=CCCCCCCC(=O)OC(COC(=O)CCCCCCC=CCC=CCC=CCCCCC)COP(=O)([O-])OCC[N+](C)(C)C,[M+H]+,PC 20:3_20:3,"PC 20:3(8,11,14)_20:3(8,11,14)",0.34040000000000037,0.73128999999999,0.2681464146834668,0.2681464146834668,All,Some,0.0,0.0,0.0,0.0,0.0,0.0,0.0,0.0,0.0,0.0,132179.16970138383,0.0,0.0,0.0,0.0,0.0,0.0,0.0
9327,8.715,834.60074,834.60073,0.011981777172364115,C48H84NO8P,CCC=CCC=CCC=CCCCCCCCCCC(=O)OC(COC(=O)CCCCCCCCCC=CCC=CCC=CCC)COP(=O)([O-])OCC[N+](C)(C)C,[M+H]+,PC 20:3_20:3,"PC 20:3(11,14,17)_20:3(11,14,17)",0.36840000000000045,0.4217360000000099,0.18458396121458967,0.18458396121458967,All,Some,0.0,0.0,0.0,0.0,0.0,0.0,0.0,0.0,0.0,0.0,128997.81500364168,0.0,0.0,0.0,0.0,0.0,0.0,0.0
9327,8.715,834.60074,834.60073,0.011981777172364115,C48H84NO8P,CCCCCC=CCC=CCC=CCCCCCCC(=O)OC(COC(=O)CCCC=CCC=CCC=CCCCCCCCC)COP(=O)([O-])OCC[N+](C)(C)C,[M+H]+,PC 20:3_20:3,"PC 20:3(5,8,11)_20:3(8,11,14)",0.36250000000000027,0.6933849999999921,0.16759150917716675,0.16759150917716675,Some,Some,0.0,0.0,0.0,0.0,0.0,0.0,0.0,0.0,0.0,0.0,61011.65331391114,0.0,0.0,0.0,0.0,0.0,0.0,0.0
9327,8.715,834.60074,834.60073,0.011981777172364115,C48H84NO8P,CCCCCCCCC=CCC=CCC=CCCCC(=O)OC(COC(=O)CCCCCCCCCC=CCC=CCC=CCC)COP(=O)([O-])OCC[N+](C)(C)C,[M+H]+,PC 20:3_20:3,"PC 20:3(11,14,17)_20:3(5,8,11)",0.39177777777777817,0.5497255555555588,0.10254664511921648,0.10254664511921648,Some,Some,0.0,0.0,0.0,0.0,0.0,0.0,0.0,0.0,0.0,0.0,50840.495265841215,0.0,0.0,0.0,0.0,0.0,0.0,0.0
9344,8.717,784.58405,784.58508,1.3127958027198408,C44H82NO8P,CCCCCCCCC=CCC=CCCCCC(=O)OC(COC(=O)CCCCCCCC=CCCCCCCCC)COP(=O)([O-])OCC[N+](C)(C)C,[M+H]+,PC 18:1_18:2,"PC 18:1(9)_18:2(6,9)",0.5509999999999984,0.888550000000123,0.49443164298734954,0.49443164298734954,Some,Some,824140.798226164,689396.3273059876,775130.315500686,651169.7497279652,957878.659087287,873907.8374455735,1073134.2677229333,816775.6791029834,1214897.317168004,908052.1844660195,743270.3685848272,888695.7635179629,877804.5968175876,919845.5196856459,735313.7174492516,780469.2260816575,850943.4501142422,753866.4490011295
9344,8.717,784.58405,784.58508,1.3127958027198408,C44H82NO8P,CCCCCC=CCC=CCCCCCCCC(=O)OC(COC(=O)CCCCCCCC=CCCCCCCCC)COP(=O)([O-])OCC[N+](C)(C)C,[M+H]+,PC 18:1_18:2,"PC 18:1(9)_18:2(9,12)",0.34333333333333255,0.6424933333333532,0.471189697467083,0.471189697467083,Some,Some,725401.8847006651,774176.458172096,775130.315500686,660034.6844396082,786604.1544918452,701777.9390420901,957789.9654682105,781161.3161583128,1079372.945459687,814830.0970873786,622921.0676250164,802185.5564498429,777700.0538089015,750913.0133292242,588452.4297724011,652273.0042656917,668016.9459253618,600229.2084065069
9344,8.717,784.58405,784.58508,1.3127958027198408,C44H82NO8P,CCCCCC=CCC=CCCCCCCCC(=O)OC(COC(=O)CCCCCCCCCC=CCCCCCC)COP(=O)([O-])OCC[N+](C)(C)C,[M+H]+,PC 18:1_18:2,"PC 18:1(11)_18:2(9,12)",0.39639999999999914,0.5980800000000045,0.3894001101444053,0.3894001101444053,All,Some,1548226.1640798226,1419270.3862660944,1559869.6844993143,1254791.2132752992,1680186.4739945813,2013211.175616836,2197229.3317083083,1387782.8205299338,2246049.980559189,1785523.5783633841,1614236.3150282686,1928943.8062486285,2023165.5008071333,2022147.3148932892,1101963.2971088786,1874897.4202721913,1712421.9345011422,1836272.6425750493
9344,8.717,784.58405,784.58508,1.3127958027198408,C44H82NO8P,CCCCCCCCC=CCC=CCCCCC(=O)OC(COC(=O)CCCCC=CCCCCCCCCCCC)COP(=O)([O-])OCC[N+](C)(C)C,[M+H]+,PC 18:1_18:2,"PC 18:1(6)_18:2(6,9)",0.6649999999999991,0.8708925000000534,0.358341014225279,0.358341014225279,Some,Some,1520579.2682926827,1504050.5171322026,1559869.6844993143,1323830.2502720347,1508911.9693991395,1841081.277213353,2081885.0294535852,1352168.4575852633,2158745.890919374,1729541.0020804438,1493887.0140684578,1842433.599180508,1923060.957798447,1888284.9217967486,978873.7953660036,1783233.8005281333,1562058.2635186596,1699934.865237
9344,8.717,784.58405,784.58508,1.3127958027198408,C44H82NO8P,CCCCCCCCC=CCC=CCCCCC(=O)OC(COC(=O)CCCCCCCCCC=CCCCCCC)COP(=O)([O-])OCC[N+](C)(C)C,[M+H]+,PC 18:1_18:2,"PC 18:1(11)_18:2(6,9)",0.4689999999999994,0.7598166666667225,0.31327422894541074,0.31327422894541074,All,Some,0.0,0.0,0.0,0.0,216418.74302714763,0.0,53690.838919358124,0.0,48220.282068502354,0.0,0.0,0.0,0.0,35070.11325988134,23771.785933975807,36532.60207190737,32562.833206397558,17299.46325657325
9344,8.717,784.58405,784.58508,1.3127958027198408,C44H82NO8P,CCCCCC=CCC=CCCCCCCCC(=O)OC(COC(=O)CCCCC=CCCCCCCCCCCC)COP(=O)([O-])OCC[N+](C)(C)C,[M+H]+,PC 18:1_18:2,"PC 18:1(6)_18:2(9,12)",0.45519999999999855,0.580636000000004,0.3001438467901356,0.3001438467901356,All,Some,131651.88470066516,143106.31112361923,0.0,60174.10228509249,0.0,240021.77068214802,356270.5667276052,72111.72662350665,432713.58382524486,452053.138002774,455685.23469343036,347741.27460305847,358268.89076792984,333739.1170352108,501624.9743694894,322593.9467804184,203996.5727341965,292397.37152374117
9543,8.801,732.55313,732.55378,0.8873068676958072,C40H78NO8P,CCCCCCCCC=CCCCCCCCCCCCCCC(=O)OC(COC(=O)CCCCCCC)COP(=O)([O-])OCC[N+](C)(C)C,[M+H]+,PC 8:0_24:1,PC 8:0_24:1(15),0.1379999999999999,0.4976249999999709,0.23408764114559458,0.23408764114559458,All,Some,,0.0,,,,883000.0,1080000.0,0.0,0.0,701000.0,797000.0,,0.0,0.0,675000.0,793000.0,615000.0,751000.0
9549,8.803,716.52172,716.52248,1.0606785149488411,C39H74NO8P,CCCCCCC=CCCCCCCCCCC(=O)OC(COC(=O)CCCCCCCC=CCCCCCC)COP(=O)(O)OCCN,[M+H]+,PE 16:1_18:1,PE 16:1(9)_18:1(11),0.3789999999999978,0.9452199999999493,0.07656803279650165,0.07656803279650165,All,Some,1128742.393509128,591006.4239828694,0.0,677704.9180327869,549111.8124436429,1025611.7566643882,938762.3762376237,1354364.6408839782,1068728.8851351351,941062.0155038759,670943.9318665721,1270917.6470588234,812941.8472063853,851947.8008699855,402489.2966360856,754341.1644535239,817323.5987665517,822394.8136142627
9549,8.803,716.52172,716.52248,1.0606785149488411,C39H74NO8P,CCCCCCC=CCCCCCCCCCC(=O)OC(COC(=O)CCCCC=CCCCCCCCCC)COP(=O)(O)OCCN,[M+H]+,PE 16:1_18:1,PE 16:1(6)_18:1(11),0.46949999999999825,0.9191449999999293,0.038284016398250825,0.038284016398250825,All,Some,0.0,0.0,0.0,0.0,452917.04238052305,0.0,245346.53465346532,0.0,212626.6891891892,0.0,0.0,0.0,105957.81071835804,164166.26389560173,85883.79204892967,192895.81205311543,130128.78650462542,100449.91896272286
9549,8.803,716.52172,716.52248,1.0606785149488411,C39H74NO8P,CCCCCCC=CCCCCCCCCCC(=O)OC(COC(=O)CCCCCC=CCCCCCCCC)COP(=O)(O)OCCN,[M+H]+,PE 16:1_18:1,PE 16:1(7)_18:1(11),0.2539999999999978,0.5240724999999884,0.038284016398250825,0.038284016398250825,All,Some,0.0,0.0,0.0,0.0,452917.04238052305,0.0,245346.53465346532,0.0,212626.6891891892,0.0,0.0,0.0,0.0,164166.26389560173,85883.79204892967,148174.1573033708,130128.78650462542,100449.91896272286
9549,8.803,716.52172,716.52248,1.0606785149488411,C39H74NO8P,CCCCCCCCCCCC=CCCCCC(=O)OC(COC(=O)CCCCCCCC=CCCCCCC)COP(=O)(O)OCCN,[M+H]+,PE 16:1_18:1,PE 16:1(9)_18:1(6),0.28149999999999853,0.7274324999999919,0.038284016398250825,0.038284016398250825,All,Some,1301257.606490872,1248993.5760171306,2190000.0,1402295.0819672132,632137.0604147881,1244388.2433356117,1055198.0198019801,1025635.3591160221,943391.0472972973,988937.9844961241,889056.0681334279,1119082.3529411766,1075142.5313568984,875553.4074432091,529859.3272171253,821693.0541368744,902290.0417195719,796255.4294975689
9549,8.803,716.52172,716.52248,1.0606785149488411,C39H74NO8P,CCCCCCCCC=CCCCCCCCC(=O)OC(COC(=O)CCCCCCCC=CCCCCCC)COP(=O)(O)OCCN,[M+H]+,PE 16:1_18:1,PE 16:1(9)_18:1(9),0.2539999999999978,0.5240724999999884,0.038284016398250825,0.038284016398250825,All,Some,0.0,0.0,0.0,0.0,452917.04238052305,0.0,245346.53465346532,0.0,212626.6891891892,0.0,0.0,0.0,105957.81071835804,164166.26389560173,85883.79204892967,192895.81205311543,130128.78650462542,100449.91896272286
9609,8.819,834.60083,834.60073,0.11981777199607524,C48H84NO8P,CCCCCC=CCC=CCC=CCCCCCCC(=O)OC(COC(=O)CCCCCCCCCC=CCC=CCC=CCC)COP(=O)([O-])OCC[N+](C)(C)C,[M+H]+,PC 20:3_20:3,"PC 20:3(11,14,17)_20:3(8,11,14)",0.2282499999999983,0.6921787499999823,0.3068492153486364,0.3068492153486364,Some,Some,11280.0,26516.777611737536,24727.485197880967,0.0,22057.290802270392,115353.65662995938,132962.96418442053,30310.312382386146,148551.48342059337,123336.32540330171,0.0,128198.87248720421,115952.0643549809,121267.71589697435,94268.68697939502,115830.97315249775,109358.89280532597,103504.30696945968
9609,8.819,834.60083,834.60073,0.11981777199607524,C48H84NO8P,CCC=CCC=CCC=CCCCCCCCCCC(=O)OC(COC(=O)CCCCCCCCCC=CCC=CCC=CCC)COP(=O)([O-])OCC[N+](C)(C)C,[M+H]+,PC 20:3_20:3,"PC 20:3(11,14,17)_20:3(11,14,17)",0.23999999999999844,0.5793779999999742,0.23772249743101243,0.23772249743101243,All,Some,32692.63519313305,37852.193995381065,35079.61981925834,11858.599364867125,23801.241411358587,136467.82334005478,174988.09445287252,26104.441098983814,174145.57026999284,147424.6437762852,0.0,138646.46539574215,138984.60916838088,137381.14466648016,106837.84524331432,135328.3892780967,136190.23863156108,115622.55285826155
9609,8.819,834.60083,834.60073,0.11981777199607524,C48H84NO8P,CCCCCC=CCC=CCC=CCCCCCCC(=O)OC(COC(=O)CCCCCCC=CCC=CCC=CCCCCC)COP(=O)([O-])OCC[N+](C)(C)C,[M+H]+,PC 20:3_20:3,"PC 20:3(8,11,14)_20:3(8,11,14)",0.14599999999999844,0.6136900000000006,0.22221330493841665,0.22221330493841665,All,Some,25706.781115879825,36354.29968754246,33197.413524462456,25319.906401470835,36028.54582268397,140806.35074623875,158436.05303080272,39310.87692886714,174881.42901139514,140790.8794174879,0.0,153540.76107113712,139915.62591830737,146083.75598503184,109019.70078912759,131821.50108356026,129716.86193179592,124373.53171495693
9609,8.819,834.60083,834.60073,0.11981777199607524,C48H84NO8P,CCCCCC=CCC=CCC=CCCCCCCC(=O)OC(COC(=O)CCCC=CCC=CCC=CCCCCCCCC)COP(=O)([O-])OCC[N+](C)(C)C,[M+H]+,PC 20:3_20:3,"PC 20:3(5,8,11)_20:3(8,11,14)",0.1544999999999983,0.6934299999999922,0.1666599787038125,0.1666599787038125,Some,Some,42810.74678111588,25848.797717701404,32962.13773761296,44042.119338124685,33056.460981843535,86815.04584066612,115142.73464811027,26637.18479488144,90142.69582178422,75056.30531667816,0.0,82544.61835175432,84439.17131942401,82629.48142562344,37853.627794826825,71527.28562818712,82140.9743069141,69381.36256851997
9609,8.819,834.60083,834.60073,0.11981777199607524,C48H84NO8P,CCCCCCCCC=CCC=CCC=CCCCC(=O)OC(COC(=O)CCCCCCCCCC=CCC=CCC=CCC)COP(=O)([O-])OCC[N+](C)(C)C,[M+H]+,PC 20:3_20:3,"PC 20:3(11,14,17)_20:3(5,8,11)",0.22799999999999837,0.6373244444444279,0.13206805412834022,0.13206805412834022,Some,Some,28509.836909871243,22427.930987637556,25033.34372078529,47779.37489553736,33056.460981843535,75557.12344308101,81470.15368379395,26637.18479488144,84278.82147623449,62391.84608624694,0.0,79069.28269416215,71708.52923890686,71637.90202589019,33020.13919333626,61491.85085765823,67593.032324403,62118.245888801895
9678,8.846,766.53737,766.53813,0.9914705743520688,C43H76NO8P,CCC=CCC=CCC=CCC=CCCCCCCC(=O)OC(COC(=O)CCCCCCCC=CCCCCCCCC)COP(=O)(O)OCCN,[M+H]+,PE 18:1_20:4,"PE 18:1(9)_20:4(8,11,14,17)",0.2749999999999999,0.7900550000000237,0.1005135544757086,0.1005135544757086,Some,Some,290191.8347270044,249459.03443937722,348085.638380997,206775.1400373433,126717.50335380924,404711.9471116008,500714.1884531591,0.0,679829.0422245107,559925.4390809677,460450.13016280066,589995.0141266413,479103.3946618296,417736.7305329391,317670.8101157308,370446.735395189,563766.4387164649,338484.32764937356
9678,8.846,766.53737,766.53813,0.9914705743520688,C43H76NO8P,CCCCCC=CCC=CCC=CCC=CCCCC(=O)OC(COC(=O)CCCCCCCC=CCCCCCCCC)COP(=O)(O)OCCN,[M+H]+,PE 18:1_20:4,"PE 18:1(9)_20:4(5,8,11,14)",0.19274999999999975,0.8113350000000281,0.09082785160568355,0.09082785160568355,Some,Some,260791.93310378748,138347.2244063532,239131.11423659942,133859.6959189117,80932.71199604604,178404.69069730834,291783.08823529416,47469.98284734133,495457.26055612764,319624.9861924224,291865.0192330108,388610.0493047477,251376.00414615183,257422.93514805366,252910.41577368195,223150.05727376865,362509.2056812204,207521.82369170926
9678,8.846,766.53737,766.53813,0.9914705743520688,C43H76NO8P,CCC=CCC=CCC=CCC=CCCCCCCC(=O)OC(COC(=O)CCCCC=CCCCCCCCCCCC)COP(=O)(O)OCCN,[M+H]+,PE 18:1_20:4,"PE 18:1(6)_20:4(8,11,14,17)",0.1912499999999997,0.704297500000024,0.00968570287002506,0.00968570287002506,Some,Some,391293.6546974914,717235.4143733291,408601.34395999374,710290.7441984529,877588.0816211255,2387360.302219424,2793137.254901961,957487.1355060034,2471140.576725025,2584922.1252623443,2298649.8037844347,2092515.6501024875,2303550.14252397,2091425.3115674916,2142457.779682812,2196440.435280642,1791415.0447133088,2061222.5790402098
9678,8.846,766.53737,766.53813,0.9914705743520688,C43H76NO8P,CCC=CCC=CCC=CCC=CCCCCCCC(=O)OC(COC(=O)CCCCCCCCCC=CCCCCCC)COP(=O)(O)OCCN,[M+H]+,PE 18:1_20:4,"PE 18:1(11)_20:4(8,11,14,17)",0.14379999999999954,0.7407170000000292,0.0077485622960200475,0.0077485622960200475,All,Some,347722.5774717166,274958.3267809404,264181.9034224097,309074.41984529205,224761.7030290193,319523.0599716669,484365.4684095861,225042.88164665518,693573.1204943355,365527.44946426596,319035.04681975365,478879.2864661239,345970.4586680487,333415.0227515157,266960.9944277754,289962.77205040096,402309.3108890057,302771.2696187073
9715,8.856,788.51861,788.52248,4.907913341933203,C45H74NO8P,CCC=CCC=CCC=CCC=CCCCCCCC(=O)OC(COC(=O)CCCC=CCC=CCC=CCC=CCCCCC)COP(=O)(O)OCCN,[M+H]+,PE 20:4_20:4,"PE 20:4(5,8,11,14)_20:4(8,11,14,17)",0.31625000000000014,0.6272887499999769,0.36156717772413194,0.36156717772413194,Some,Some,62258.44122873825,59081.764887380436,61142.26618705036,57781.57430133919,53340.25974025974,58558.43578729077,79368.52080521495,99562.66116554926,122274.26986457827,103102.9411764706,67225.75164364334,92496.99327909444,66033.07607497243,69437.19806763285,81996.35147461234,58969.685267426146,64659.50590762621,59668.71467190956
9715,8.856,788.51861,788.52248,4.907913341933203,C45H74NO8P,CCC=CCC=CCC=CCC=CCCCCCCC(=O)OC(COC(=O)CCCCCCC=CCC=CCC=CCC=CCC)COP(=O)(O)OCCN,[M+H]+,PE 20:4_20:4,"PE 20:4(8,11,14,17)_20:4(8,11,14,17)",0.3630000000000007,0.739816666666646,0.2900261059111655,0.2900261059111655,All,Some,53316.07006854532,65013.26751002777,57312.94964028777,58561.8352495371,48651.711924439194,106527.6255369575,137031.88984291992,30241.70534639849,147673.68249306577,157468.48739495798,148406.47854029696,126902.01627166606,118068.3572216097,114647.34299516906,140463.51474612343,102986.67696466499,111358.0379520229,108549.52076677317
9715,8.856,788.51861,788.52248,4.907913341933203,C45H74NO8P,CCCCCC=CCC=CCC=CCC=CCCCC(=O)OC(COC(=O)CCCC=CCC=CCC=CCC=CCCCCC)COP(=O)(O)OCCN,[M+H]+,PE 20:4_20:4,"PE 20:4(5,8,11,14)_20:4(5,8,11,14)",0.23800000000000013,0.5437866666666386,0.19855177591367837,0.19855177591367837,All,Some,32425.488702716422,37904.96760259179,22544.78417266187,34656.590449123716,34008.02833530106,90913.93867575173,114599.58935186513,6195.633488052261,83052.04764235602,81428.57142857143,105367.76981605969,83600.99044923947,91898.56670341786,70915.45893719807,79540.13377926422,80043.63776790888,77982.45614035089,79781.76456131728
9738,8.864,792.55309,792.55378,0.8706033803323985,C45H78NO8P,CCC=CCC=CCC=CCC=CCC=CCCCCCCCC(=O)OC(COC(=O)CCCCCC=CCCCCCCCC)COP(=O)(O)OCCN,[M+H]+,PE 16:1_24:5,"PE 16:1(7)_24:5(9,12,15,18,21)",0.1669999999999984,0.4876280000000065,0.13057501163604415,0.13057501163604415,Some,Some,67432.32493322494,73012.60530117352,62945.73826394479,64328.27080311646,63485.59543089258,111367.84516238264,138179.64649057554,61408.28199720174,148133.17217924775,133009.39641790828,114426.34243064663,124064.6831776324,108506.91518065569,102701.95948662958,99296.17435479806,105071.16553043391,109778.79498570638,94617.86528954354
9738,8.864,792.55309,792.55378,0.8706033803323985,C45H78NO8P,CCC=CCC=CCC=CCC=CCC=CCCCCCCCC(=O)OC(COC(=O)CCCCCCCC=CCCCCCC)COP(=O)(O)OCCN,[M+H]+,PE 16:1_24:5,"PE 16:1(9)_24:5(9,12,15,18,21)",0.2063333333333318,0.5553091666666793,0.11146882275207792,0.11146882275207792,All,Some,2127.7145511554986,2260.033436673213,1473.7543152685687,2119.5497310965366,1975.2188644931764,3524.481740547519,4242.1130936789505,1501.26756739825,4039.0837556681777,4050.7817142610165,3682.57481902541,3150.443395737177,4646.342523257765,4265.778935728168,3667.5935082310516,3466.5071165530435,3391.9842661526486,3334.1346765371804
9738,8.864,792.55309,792.55378,0.8706033803323985,C45H78NO8P,CCC=CCC=CCC=CCC=CCC=CCCCCCCCC(=O)OC(COC(=O)CCCCC=CCCCCCCCCC)COP(=O)(O)OCCN,[M+H]+,PE 16:1_24:5,"PE 16:1(6)_24:5(9,12,15,18,21)",0.18016666666666512,0.5562433333333464,0.10881250969670346,0.10881250969670346,All,Some,67374.84032052026,73267.11357106916,63170.726566879806,64482.34478686674,63709.66604497424,111189.00729108244,137237.93258803684,61226.119823751746,147790.34409175778,132847.88895731815,114497.6095260652,123607.67441343593,108911.94285956818,102423.55572682795,99416.42332228103,104727.34627149923,109541.90833815592,94229.43431105684
9738,8.864,792.55309,792.55378,0.8706033803323985,C45H78NO8P,CCCCCC=CCC=CCC=CCC=CCC=CCCCCC(=O)OC(COC(=O)CCCCCCCC=CCCCCCC)COP(=O)(O)OCCN,[M+H]+,PE 16:1_24:5,"PE 16:1(9)_24:5(6,9,12,15,18)",0.21249999999999888,0.7951725000000446,0.008879005416757018,0.008879005416757018,All,Some,1586.8366043432818,1569.225275527926,979.2656350768633,1592.203724858489,1439.7143644135292,1024.8785701435993,1744.0776170070096,1319.105393948253,961.1162976793809,1312.4299950658901,1349.835877908954,604.2517094998555,2118.969806843836,1958.062462301454,1586.8148061970412,1630.107780596122,1316.6828385322622,1363.7970948128927
9738,8.864,792.55309,792.55378,0.8706033803323985,C45H78NO8P,CCCCCC=CCC=CCC=CCC=CCC=CCCCCC(=O)OC(COC(=O)CCCCCC=CCCCCCCCC)COP(=O)(O)OCCN,[M+H]+,PE 16:1_24:5,"PE 16:1(7)_24:5(6,9,12,15,18)",0.17659999999999912,0.7755900000000452,0.007467230833659075,0.007467230833659075,Some,Some,66891.44698641273,72321.79714002824,62451.24958375309,63843.176013040866,62950.090930812934,109368.57532883946,136266.88180379913,61226.119823751746,146085.18604961323,130869.05880954696,112893.70247898751,122243.59354279487,106838.20114353624,101043.4119697071,97830.78742752991,103354.76585739928,108178.72014550329,93369.24962052796
9738,8.864,792.55309,792.55378,0.8706033803323985,C45H78NO8P,CCCCCC=CCC=CCC=CCC=CCC=CCCCCC(=O)OC(COC(=O)CCCCC=CCCCCCCCCC)COP(=O)(O)OCCN,[M+H]+,PE 16:1_24:5,"PE 16:1(6)_24:5(6,9,12,15,18)",0.1863333333333322,0.7961066666667117,0.006222692361382562,0.006222692361382562,All,Some,1586.8366043432818,1569.225275527926,979.2656350768633,1634.4549410209352,1439.7143644135292,1525.2119070043066,2329.3484069025494,1319.105393948253,1991.0976260336083,1910.4441058996824,2149.9348673662735,1329.353760899682,2977.628486138313,2607.2314188057094,2202.206580962907,1750.107443518417,1791.909425949535,2085.519007521603
9747,8.867,690.50638,690.50683,0.6516952192938158,C37H72NO8P,CCCCCCC=CCCCCCCCC(=O)OC(COC(=O)CCCCCCCCCCCCCCC)COP(=O)(O)OCCN,[M+H]+,PE 16:0_16:1,PE 16:0_16:1(9),0.07599999999999874,0.8470000000000368,0.234893501674729,0.234893501674729,All,Some,17117.052541036483,11839.073772399348,15245.30086298617,13425.682922932972,16411.563819190815,20474.239297412703,22768.370752888895,15860.974338179925,20638.346727898966,15716.66979577362,15720.664046407537,21969.74789915966,17963.514963634192,18328.91708652112,12351.049934693057,17569.63428149243,0.0,15672.566810451683
9747,8.867,690.50638,690.50683,0.6516952192938158,C37H72NO8P,CCCCCCCCC=CCCCCCC(=O)OC(COC(=O)CCCCCCCCCCCCCCC)COP(=O)(O)OCCN,[M+H]+,PE 16:0_16:1,PE 16:0_16:1(7),0.0400000000000027,0.7581700000000069,0.09459763172862726,0.09459763172862726,All,All,222234.96523546698,159160.92622760066,192754.6991370138,170966.36162395307,215781.6724375089,257525.76070258731,288653.40326884255,201469.7329548746,267361.6532721011,212222.8132757578,195675.0581764333,281426.1402674277,225036.4850363658,232671.0829134789,157871.99839244448,221430.36571850756,0.0,201527.591848877
9747,8.867,690.50638,690.50683,0.6516952192938158,C37H72NO8P,CCCCCCCCCC=CCCCCC(=O)OC(COC(=O)CCCCCCCCCCCCCCC)COP(=O)(O)OCCN,[M+H]+,PE 16:0_16:1,PE 16:0_16:1(6),0.08399999999999963,0.41614500000002863,0.08209439675092076,0.08209439675092076,All,Some,647.9822234965235,0.0,0.0,607.9554531139459,806.7637433002893,0.0,1578.225978268589,669.2927069454904,0.0,1060.516928468615,604.2777771592087,604.1118334126102,0.0,0.0,776.9516728624535,0.0,0.0,799.8413406713272
9834,8.939,784.58424,784.58508,1.0706295866925828,C44H82NO8P,CCCCCC=CCC=CCC=CCCCCCCC(=O)OC(COC(=O)CCCCCCCCCCCCCCC)COP(=O)([O-])OCC[N+](C)(C)C,[M+H]+,PC 16:0_20:3,"PC 16:0_20:3(8,11,14)",0.1323999999999998,0.853516000000036,0.5451193386137805,0.5451193386137805,All,All,0.0,0.0,0.0,0.0,0.0,319817.3484744834,547560.2800648026,0.0,358948.1384715872,197641.47787745178,216444.27884480188,348687.1358320592,250991.3043478261,383833.20083833206,136721.26102714898,325565.7398778809,271850.9713606478,308737.11873968964
9834,8.939,784.58424,784.58508,1.0706295866925828,C44H82NO8P,CCCCCCCCC=CCC=CCC=CCCCC(=O)OC(COC(=O)CCCCCCCCCCCCCCC)COP(=O)([O-])OCC[N+](C)(C)C,[M+H]+,PC 16:0_20:3,"PC 16:0_20:3(5,8,11)",0.409666666666667,0.6094533333333629,0.33103232856121395,0.33103232856121395,All,Some,0.0,0.0,0.0,0.0,0.0,2740503.8308934188,3225886.7494077836,0.0,2959079.294578707,2627031.169226091,2445629.3411321393,2399751.229389644,2375045.9627329195,2411049.360410494,2455915.3388497573,2347257.8828045675,2013981.650013001,2366426.5973476926
9834,8.939,784.58424,784.58508,1.0706295866925828,C44H82NO8P,CCC=CCC=CCC=CCCCCCCCCCC(=O)OC(COC(=O)CCCCCCCCCCCCCCC)COP(=O)([O-])OCC[N+](C)(C)C,[M+H]+,PC 16:0_20:3,"PC 16:0_20:3(11,14,17)",0.25400000000000017,0.7903200000000083,0.133807021651403,0.133807021651403,All,Some,0.0,0.0,0.0,0.0,0.0,229678.8206320974,216552.9705274134,0.0,221972.56694970612,235327.3528964574,197926.38002305894,271561.63477829663,243962.7329192547,275117.4387511744,257363.40012309368,207176.3773175515,174167.37862635116,254836.28391261812
9845,8.941,718.52829,718.53813,13.694471579474571,C39H76NO8P,CCCCCCCCC=CCCCCCCCCCCCCCCCC(=O)OC(COC(=O)CCCCCCC)COP(=O)(O)OCCN,[M+H]+,PE 8:0_26:1,PE 8:0_26:1(17),0.16199999999999903,0.7805549999999926,0.2431414956565033,0.2431414956565033,All,Some,0.0,0.0,,0.0,0.0,,0.0,0.0,,128000.0,0.0,0.0,0.0,,0.0,0.0,,0.0
9957,8.991,834.6006,834.60073,0.15576310364938462,C48H84NO8P,CCCCCCCCC=CCC=CCC=CCCCC(=O)OC(COC(=O)CCCCCCCCCC=CCC=CCC=CCC)COP(=O)([O-])OCC[N+](C)(C)C,[M+H]+,PC 20:3_20:3,"PC 20:3(11,14,17)_20:3(5,8,11)",0.4248571428571429,0.8886785714285809,0.2538635645171463,0.2538635645171463,Some,Some,0.0,0.0,0.0,0.0,662.1803499327053,0.0,0.0,0.0,0.0,0.0,0.0,0.0,0.0,0.0,0.0,0.0,0.0,0.0
9957,8.991,834.6006,834.60073,0.15576310364938462,C48H84NO8P,CCC=CCC=CCC=CCCCCCCCCCC(=O)OC(COC(=O)CCCCCCCCCC=CCC=CCC=CCC)COP(=O)([O-])OCC[N+](C)(C)C,[M+H]+,PC 20:3_20:3,"PC 20:3(11,14,17)_20:3(11,14,17)",0.3816000000000003,0.9365119999999933,0.25297842981695,0.25297842981695,All,Some,0.0,0.0,0.0,0.0,2131.897711978466,0.0,0.0,0.0,0.0,0.0,0.0,0.0,0.0,0.0,0.0,0.0,0.0,0.0
9957,8.991,834.6006,834.60073,0.15576310364938462,C48H84NO8P,CCCCCC=CCC=CCC=CCCCCCCC(=O)OC(COC(=O)CCCCCCCCCC=CCC=CCC=CCC)COP(=O)([O-])OCC[N+](C)(C)C,[M+H]+,PC 20:3_20:3,"PC 20:3(11,14,17)_20:3(8,11,14)",0.36600000000000016,0.5877442857142958,0.2207867296200656,0.2207867296200656,Some,Some,0.0,0.0,0.0,0.0,5490.7133243607,0.0,0.0,0.0,0.0,0.0,0.0,0.0,0.0,0.0,0.0,0.0,0.0,0.0
9957,8.991,834.6006,834.60073,0.15576310364938462,C48H84NO8P,CCCCCCCCC=CCC=CCC=CCCCC(=O)OC(COC(=O)CCCC=CCC=CCC=CCCCCCCCC)COP(=O)([O-])OCC[N+](C)(C)C,[M+H]+,PC 20:3_20:3,"PC 20:3(5,8,11)_20:3(5,8,11)",0.4300000000000006,0.6481075000000089,0.12803820063381854,0.12803820063381854,Some,Some,0.0,0.0,0.0,0.0,8360.699865410497,0.0,0.0,0.0,0.0,0.0,0.0,0.0,0.0,0.0,0.0,0.0,0.0,0.0
9957,8.991,834.6006,834.60073,0.15576310364938462,C48H84NO8P,CCCCCC=CCC=CCC=CCCCCCCC(=O)OC(COC(=O)CCCC=CCC=CCC=CCCCCCCCC)COP(=O)([O-])OCC[N+](C)(C)C,[M+H]+,PC 20:3_20:3,"PC 20:3(5,8,11)_20:3(8,11,14)",0.39914285714285774,0.5345957142857287,0.11325253725585475,0.11325253725585475,Some,Some,0.0,0.0,0.0,0.0,8467.833109017498,0.0,0.0,0.0,0.0,0.0,0.0,0.0,0.0,0.0,0.0,0.0,0.0,0.0
9957,8.991,834.6006,834.60073,0.15576310364938462,C48H84NO8P,CCCCCC=CCC=CCC=CCCCCCCC(=O)OC(COC(=O)CCCCCCC=CCC=CCC=CCCCCC)COP(=O)([O-])OCC[N+](C)(C)C,[M+H]+,PC 20:3_20:3,"PC 20:3(8,11,14)_20:3(8,11,14)",0.24566666666666728,0.24167833333333041,0.046769159709284865,0.046769159709284865,All,Some,0.0,0.0,0.0,0.0,6486.675639300135,0.0,0.0,0.0,0.0,0.0,0.0,0.0,0.0,0.0,0.0,0.0,0.0,0.0
10123,9.077,742.53756,742.53813,0.7676373468374172,C41H76NO8P,CCCCCC=CCC=CCCCCCCCC(=O)OC(COC(=O)CCCCCCCC=CCCCCCCCC)COP(=O)(O)OCCN,[M+H]+,PE 18:1_18:2,"PE 18:1(9)_18:2(9,12)",0.3799999999999999,0.9153724999999895,0.2527598101230852,0.2527598101230852,Some,Some,1942056.3770794824,1763211.6788321168,1729102.7916733907,1627278.7846481875,1728401.0389610387,1612917.9364388331,1858502.827566376,1795870.238746127,1906107.8717201164,1546397.2017100658,1309116.7664670658,1580257.4558656218,1507343.3484878433,1557397.129186603,1130113.848064583,1435439.572425829,1553125.7059867678,1438917.4288936225
10123,9.077,742.53756,742.53813,0.7676373468374172,C41H76NO8P,CCCCCC=CCC=CCCCCCCCC(=O)OC(COC(=O)CCCCCCCCCC=CCCCCCC)COP(=O)(O)OCCN,[M+H]+,PE 18:1_18:2,"PE 18:1(11)_18:2(9,12)",0.3695999999999998,0.7463140000000067,0.20220784809846815,0.20220784809846815,All,Some,178451.94085027726,66788.32116788322,154502.1784734549,147090.55170575695,295854.54545454547,141935.13278188944,229145.9791047637,112017.49589939858,170247.8134110787,185308.97784687133,131381.7365269461,191299.6791389162,217078.47400672067,167141.94577352476,129886.15193541713,152846.85863874346,126874.29401323221,170905.9015161007
10123,9.077,742.53756,742.53813,0.7676373468374172,C41H76NO8P,CCCCCC=CCC=CCCCCCCCC(=O)OC(COC(=O)CCCCC=CCCCCCCCCCCC)COP(=O)(O)OCCN,[M+H]+,PE 18:1_18:2,"PE 18:1(6)_18:2(9,12)",0.382,0.7420460000000049,0.20220784809846815,0.20220784809846815,Some,Some,69491.6820702403,0.0,66395.02985315475,95630.66364605543,235744.41558441555,135146.93077927732,272351.19332886033,62112.265354474206,213644.31486880462,188293.82044306258,129501.497005988,218442.86499546195,175578.17750543583,105460.92503987241,0.0,141713.56893542758,0.0,150176.6695902769
10241,9.13,774.54314,774.54322,0.10328668298896618,C45H76NO7P,CCC=CCC=CCC=CCC=CCC=CCC=CCCC(=O)OC(COCCCCCCCCC=CCC=CCCCCC)COP(=O)(O)OCCN,[M+H]+,PE O-18:2_22:6,"PE O-18:2(9,12)_22:6(4,7,10,13,16,19)",0.29490909090909023,0.8091000000000267,0.3398594769671537,0.3398594769671537,Some,Some,0.0,0.0,0.0,0.0,0.0,17043.19933268244,16297.412050141527,0.0,7894.855495117636,5473.142183817752,13090.049906425455,8725.540162228124,15502.8362305581,13621.304390531383,6579.904556829424,14913.062945412483,18408.576709796675,6944.63382376017
10241,9.13,774.54314,774.54322,0.10328668298896618,C45H76NO7P,CCC=CCC=CCC=CCC=CCC=CCC=CCCC(=O)OC(COCCCCCC=CCC=CCCCCCCCC)COP(=O)(O)OCCN,[M+H]+,PE O-18:2_22:6,"PE O-18:2(6,9)_22:6(4,7,10,13,16,19)",0.3494545454545446,0.8339400000000358,0.2683957870548603,0.2683957870548603,Some,Some,0.0,0.0,0.0,0.0,0.0,19656.800667317555,32202.587949858473,0.0,40505.144504882366,35826.85781618225,22309.95009357455,32974.45983777188,21697.163769441904,17378.69560946862,30920.095443170576,20086.937054587514,20791.423290203325,25655.366176239826
10256,9.139,766.5376,766.53813,0.6914202689775142,C43H76NO8P,CCC=CCC=CCC=CCC=CCCCCCCC(=O)OC(COC(=O)CCCCCCCC=CCCCCCCCC)COP(=O)(O)OCCN,[M+H]+,PE 18:1_20:4,"PE 18:1(9)_20:4(8,11,14,17)",0.25200000000000033,0.7133499999999685,0.3353385801521273,0.3353385801521273,Some,Some,95053.84623680267,102568.59997563054,90808.1724510917,87048.61316190001,81291.53627481425,158480.48266337137,192844.99773079887,88533.05365114796,205223.74641366716,198252.87833603864,156664.42807625653,169653.85660974224,159472.99958485467,149644.3858209333,137730.32546351876,149244.76756994933,142942.0003738676,141601.40671452394
10256,9.139,766.5376,766.53813,0.6914202689775142,C43H76NO8P,CCC=CCC=CCC=CCC=CCCCCCCC(=O)OC(COC(=O)CCCCC=CCCCCCCCCCCC)COP(=O)(O)OCCN,[M+H]+,PE 18:1_20:4,"PE 18:1(6)_20:4(8,11,14,17)",0.2297142857142858,0.7595599999999811,0.13790080272079192,0.13790080272079192,Some,Some,33791.36605303741,24095.58913122944,25277.629565654275,23553.37225415143,43210.92424930125,59538.85294759032,76003.56739527373,19597.36726721939,63152.18277256129,48687.62976105093,41757.58232235703,71856.263747127,57700.392791373495,62176.59807129137,27411.264505802323,54440.77256370712,52990.801489999045,48764.23029512002
10256,9.139,766.5376,766.53813,0.6914202689775142,C43H76NO8P,CCC=CCC=CCC=CCC=CCCCCCCC(=O)OC(COC(=O)CCCCCCCCCC=CCCCCCC)COP(=O)(O)OCCN,[M+H]+,PE 18:1_20:4,"PE 18:1(11)_20:4(8,11,14,17)",0.2615000000000003,0.740154999999973,0.12066320238069292,0.12066320238069292,All,Some,93900.30951071426,101638.19503675724,90078.29060325908,86182.16305854023,80325.79847590835,154996.29279639458,188246.85742028774,87786.0331632653,201663.61828377674,194819.5991091314,153826.90641247836,165652.17606208142,154756.60773021937,144270.83768792587,135528.94491129788,145708.01204376883,139724.20427759213,138397.32434196214
10256,9.139,766.5376,766.53813,0.6914202689775142,C43H76NO8P,CCCCCC=CCC=CCC=CCC=CCCCC(=O)OC(COC(=O)CCCCCCCC=CCCCCCCCC)COP(=O)(O)OCCN,[M+H]+,PE 18:1_20:4,"PE 18:1(9)_20:4(5,8,11,14)",0.2322500000000005,0.6478437500000211,0.10117734395547882,0.10117734395547882,Some,Some,27313.813668079412,19291.66158969985,20418.33881083819,18465.754980577454,35288.83089271637,50490.659300719635,63014.66009477874,14908.621651785716,53049.116458007295,39928.277528217135,34740.46793760832,58981.29155030522,49631.798005173354,52834.301794715524,22285.580899026278,45971.50620547844,43642.01040446088,40649.33652381989
10256,9.139,766.5376,766.53813,0.6914202689775142,C43H76NO8P,CCCCCC=CCC=CCC=CCC=CCCCC(=O)OC(COC(=O)CCCCC=CCCCCCCCCCCC)COP(=O)(O)OCCN,[M+H]+,PE 18:1_20:4,"PE 18:1(6)_20:4(5,8,11,14)",0.2125000000000008,0.667823750000025,0.009816929865304849,0.009816929865304849,Some,Some,94719.07858552526,102439.48255554201,90575.23143582599,87122.66872628972,80981.76106638636,159717.67100385262,195865.67384719307,88555.3053252551,207000.60315597284,199938.4319202748,158958.73050259968,172350.6413266441,162105.40434093014,150600.30670999625,138181.4725890356,151063.67041198502,144618.5866894027,142051.88166195343
10256,9.139,766.5376,766.53813,0.6914202689775142,C43H76NO8P,CCCCCC=CCC=CCC=CCC=CCCCC(=O)OC(COC(=O)CCCCCCCCCC=CCCCCCC)COP(=O)(O)OCCN,[M+H]+,PE 18:1_20:4,"PE 18:1(11)_20:4(5,8,11,14)",0.22666666666666735,0.6681555555555734,0.008726159880270977,0.008726159880270977,All,Some,29221.58594584102,23966.4717111409,22842.337133330704,23627.427818541153,42901.14904087336,60776.04128807152,79024.24351166793,19619.61894132653,56910.7329160146,50373.183345287085,44051.88474870018,65505.77070410003,60332.79754744899,62473.56991513771,27862.411631319195,55571.27120511126,47082.39676467772,48535.82046262055
10406,9.278,818.56907,818.56943,0.43979164968398843,C47H80NO8P,CCCCC=CCC=CCC=CCC=CCC=CCC=CCCC(=O)OC(COC(=O)CCCCCCCCCC=CCCCCCC)COP(=O)(O)OCCN,[M+H]+,PE 18:1_24:6,"PE 18:1(11)_24:6(4,7,10,13,16,19)",0.347333333333333,0.5972108333333495,0.08621548955882351,0.08621548955882351,All,Some,30655.60300502443,21643.414798215363,28140.330804626294,28295.84314450347,32484.940134980425,38904.80934697944,47317.932929947165,29956.431617294063,48226.940189315894,35454.27473333944,35450.08752515867,40891.12182498054,39226.19072861229,36212.04488477344,19500.111792325166,36528.06349032995,37800.4959435617,35509.67500170335
10406,9.278,818.56907,818.56943,0.43979164968398843,C47H80NO8P,CCCCC=CCC=CCC=CCC=CCC=CCC=CCCC(=O)OC(COC(=O)CCCCC=CCCCCCCCCCCC)COP(=O)(O)OCCN,[M+H]+,PE 18:1_24:6,"PE 18:1(6)_24:6(4,7,10,13,16,19)",0.3375000000000001,0.6539383333333527,0.08573230129460035,0.08573230129460035,All,Some,30497.13844098126,21608.436498320316,28161.673092069814,28227.774384608583,32438.292948037084,38503.18235337708,46825.76274075337,29863.895399734545,47843.76959598675,35260.66523493051,35246.5510460606,40541.06096549103,38851.63833929733,35865.06234605327,19442.384589133784,36152.66194035773,37532.34717264016,35289.39837841521
10406,9.278,818.56907,818.56943,0.43979164968398843,C47H80NO8P,CCCCC=CCC=CCC=CCC=CCC=CCC=CCCC(=O)OC(COC(=O)CCCCCCCC=CCCCCCCCC)COP(=O)(O)OCCN,[M+H]+,PE 18:1_24:6,"PE 18:1(9)_24:6(4,7,10,13,16,19)",0.3540000000000001,0.6547750000000102,0.08478252579040141,0.08478252579040141,All,Some,30447.258553994307,21648.148703464314,28097.996103303904,28176.382470887944,32376.766916982488,38592.00829964348,46856.30432929948,29779.672982971395,47929.290214697365,35285.060031730034,35303.361428780736,40567.817209528446,38922.1709320904,35922.8927691733,19457.50361854105,36319.27456931233,37667.15688379815,35200.92661988145
10419,9.286,742.53774,742.53813,0.5252255531154019,C41H76NO8P,CCCCCC=CCC=CCCCCCCCC(=O)OC(COC(=O)CCCCCCCC=CCCCCCCCC)COP(=O)(O)OCCN,[M+H]+,PE 18:1_18:2,"PE 18:1(9)_18:2(9,12)",0.572000000000001,0.8627974999999992,0.25210301119153855,0.25210301119153855,Some,Some,0.0,0.0,0.0,0.0,0.0,196732.99992535642,0.0,0.0,242921.27884180364,0.0,175333.5127135746,0.0,0.0,178592.73084101357,141810.38338658144,193833.3687648571,177406.36277046753,166225.40287501554
10419,9.286,742.53774,742.53813,0.5252255531154019,C41H76NO8P,CCCCCC=CCC=CCCCCCCCC(=O)OC(COC(=O)CCCCC=CCCCCCCCCCCC)COP(=O)(O)OCCN,[M+H]+,PE 18:1_18:2,"PE 18:1(6)_18:2(9,12)",0.33160000000000095,0.7496800000000121,0.20168240895323084,0.20168240895323084,Some,Some,0.0,0.0,0.0,0.0,0.0,191992.83421661565,0.0,0.0,237579.39978887048,0.0,171710.74936095788,0.0,0.0,175744.13637850422,144325.65894568688,186942.00181667085,175990.59550069828,165662.62065537096
10419,9.286,742.53774,742.53813,0.5252255531154019,C41H76NO8P,CCCCCC=CCC=CCCCCCCCC(=O)OC(COC(=O)CCCCCCCCCC=CCCCCCC)COP(=O)(O)OCCN,[M+H]+,PE 18:1_18:2,"PE 18:1(11)_18:2(9,12)",0.3136666666666675,0.618473333333346,0.16806867412769236,0.16806867412769236,All,Some,0.0,0.0,0.0,0.0,0.0,187274.1658580279,0.0,0.0,231499.3213693259,0.0,162955.73792546752,0.0,0.0,170663.13278048215,140863.95766773162,185224.62941847206,168603.04172883416,162111.9764696135
10464,9.315,834.59996,834.60073,0.9225968445877266,C48H84NO8P,CCC=CCC=CCC=CCCCCCCCCCC(=O)OC(COC(=O)CCCCCCCCCC=CCC=CCC=CCC)COP(=O)([O-])OCC[N+](C)(C)C,[M+H]+,PC 20:3_20:3,"PC 20:3(11,14,17)_20:3(11,14,17)",0.41960000000000053,0.7696680000000242,0.39769929804859183,0.39769929804859183,All,Some,5015.734688937303,4771.0882163554425,2747.2527472527468,3281.060606060606,6149.705845537615,38508.21716801174,45003.87180038717,5587.827658933414,46093.53446357851,47155.45070772287,45717.72305207913,17950.193544233505,28020.537625882163,27811.32075471698,84779.27461139896,27788.19119025304,24754.21957884585,32682.371119964853
10464,9.315,834.59996,834.60073,0.9225968445877266,C48H84NO8P,CCCCCC=CCC=CCC=CCCCCCCC(=O)OC(COC(=O)CCCCCCCCCC=CCC=CCC=CCC)COP(=O)([O-])OCC[N+](C)(C)C,[M+H]+,PC 20:3_20:3,"PC 20:3(11,14,17)_20:3(8,11,14)",0.4788571428571434,0.7614114285714452,0.3336338582171776,0.3336338582171776,Some,Some,42759.13822319052,59126.63661729985,39450.54945054945,35013.383838383845,46920.76605332332,176001.9809244314,226007.09830070983,52020.48809882494,235439.86116673343,216955.55003724855,220499.1522002422,174270.4468819662,188419.7922448656,183839.3997920071,258709.49913644214,168509.8406747891,166487.2207040669,173549.34783596674
10464,9.315,834.59996,834.60073,0.9225968445877266,C48H84NO8P,CCCCCCCCC=CCC=CCC=CCCCC(=O)OC(COC(=O)CCCCCCCCCC=CCC=CCC=CCC)COP(=O)([O-])OCC[N+](C)(C)C,[M+H]+,PC 20:3_20:3,"PC 20:3(11,14,17)_20:3(5,8,11)",0.4682222222222221,0.6377788888889123,0.28297666879863725,0.28297666879863725,Some,Some,11589.929799080126,13311.118265722262,8296.703296703296,8934.343434343436,15895.60645888096,86381.95157740281,105996.77349967735,19567.339560108463,112653.67329684511,95592.66617001906,71824.62656439241,66096.76406917696,73293.15676790105,85842.81681770911,127403.10880829017,73758.20056232426,61281.787493972035,82702.21629728378
10464,9.315,834.59996,834.60073,0.9225968445877266,C48H84NO8P,CCCCCC=CCC=CCC=CCCCCCCC(=O)OC(COC(=O)CCCC=CCC=CCC=CCCCCCCCC)COP(=O)([O-])OCC[N+](C)(C)C,[M+H]+,PC 20:3_20:3,"PC 20:3(5,8,11)_20:3(8,11,14)",0.4317500000000001,0.6472837500000281,0.11315425577775762,0.11315425577775762,Some,Some,37743.40353425321,54355.54840094442,36703.2967032967,31732.323232323233,40771.060207785704,137493.76375641965,181003.22650032263,46432.66043989153,189346.3267031549,169800.09932952572,174781.4291481631,161557.3671546181,160399.25461898342,156028.07903729012,173930.22452504316,140721.64948453606,141733.00112522102,140866.97671600187
10464,9.315,834.59996,834.60073,0.9225968445877266,C48H84NO8P,CCCCCCCCC=CCC=CCC=CCCCC(=O)OC(COC(=O)CCCC=CCC=CCC=CCCCCCCCC)COP(=O)([O-])OCC[N+](C)(C)C,[M+H]+,PC 20:3_20:3,"PC 20:3(5,8,11)_20:3(5,8,11)",0.43159999999999954,0.558840000000032,0.11165870578895531,0.11165870578895531,All,Some,44317.59864439603,62895.57845031123,42252.74725274725,37385.606060606064,50516.96082112906,185367.49816581074,241996.1281996128,60412.17234106659,255906.46553642149,218237.31479182187,200888.3326604764,214941.051496447,205671.8737610023,214059.57510028227,216554.0587219344,186691.6588566073,178260.56904034724,190886.8218933208
10464,9.315,834.59996,834.60073,0.9225968445877266,C48H84NO8P,CCCCCC=CCC=CCC=CCCCCCCC(=O)OC(COC(=O)CCCCCCC=CCC=CCC=CCCCCC)COP(=O)([O-])OCC[N+](C)(C)C,[M+H]+,PC 20:3_20:3,"PC 20:3(8,11,14)_20:3(8,11,14)",0.4220000000000006,0.6660840000000008,0.06938810345545687,0.06938810345545687,All,Some,6574.195110142823,8540.030049366818,5549.450549450547,5653.282828282829,9745.900613343347,55246.58840792369,60992.901699290174,13979.511901175052,66560.13883326658,67258.91896366196,45288.73637464675,64184.17685355823,55195.384981365474,69418.80849799435,42623.83419689119,52530.459231490146,53483.20205754702,57312.26613746194
10680,9.422,724.52905,724.52757,2.042710396810745,C41H74NO7P,CCCCCC=CCC=CCC=CCC=CCCCC(=O)OC(COCCCCCCC=CCCCCCCCC)COP(=O)(O)OCCN,[M+H]+,PE O-16:1_20:4,"PE O-16:1(7)_20:4(5,8,11,14)",0.34199999999999925,0.6431985714286189,0.15142720619422959,0.15142720619422959,Some,Some,0.0,0.0,0.0,0.0,0.0,450.7704284728037,0.0,0.0,0.0,0.0,0.0,0.0,490.33322038638613,0.0,0.0,377.8666240204703,0.0,0.0
10680,9.422,724.52905,724.52757,2.042710396810745,C41H74NO7P,CCC=CCC=CCC=CCC=CCCCCCCC(=O)OC(COCCCCCCC=CCCCCCCCC)COP(=O)(O)OCCN,[M+H]+,PE O-16:1_20:4,"PE O-16:1(7)_20:4(8,11,14,17)",0.36857142857142833,0.7948342857142734,0.12162671076837558,0.12162671076837558,Some,Some,0.0,0.0,0.0,0.0,0.0,7037.941215352753,0.0,0.0,0.0,0.0,0.0,0.0,6165.759460651435,0.0,0.0,5535.710858787782,0.0,0.0
10680,9.422,724.52905,724.52757,2.042710396810745,C41H74NO7P,CCCCCC=CCC=CCC=CCC=CCCCC(=O)OC(COCCCCCC=CCCCCCCCCC)COP(=O)(O)OCCN,[M+H]+,PE O-16:1_20:4,"PE O-16:1(6)_20:4(5,8,11,14)",0.31179999999999913,0.636313000000041,0.1059990443359607,0.1059990443359607,All,Some,0.0,0.0,0.0,0.0,0.0,450.7704284728037,0.0,0.0,0.0,0.0,0.0,0.0,450.5736091390215,0.0,0.0,377.8666240204703,0.0,0.0
10680,9.422,724.52905,724.52757,2.042710396810745,C41H74NO7P,CCCCCC=CCC=CCC=CCC=CCCCC(=O)OC(COCCCCCCCCC=CCCCCCC)COP(=O)(O)OCCN,[M+H]+,PE O-16:1_20:4,"PE O-16:1(9)_20:4(5,8,11,14)",0.2959999999999997,0.7316420000000221,0.1059990443359607,0.1059990443359607,All,Some,0.0,0.0,0.0,0.0,0.0,6836.605067107866,0.0,0.0,0.0,0.0,0.0,0.0,5891.892291639774,0.0,0.0,5309.1316168239255,0.0,0.0
10680,9.422,724.52905,724.52757,2.042710396810745,C41H74NO7P,CCC=CCC=CCC=CCC=CCCCCCCC(=O)OC(COCCCCCC=CCCCCCCCCC)COP(=O)(O)OCCN,[M+H]+,PE O-16:1_20:4,"PE O-16:1(6)_20:4(8,11,14,17)",0.3283999999999999,0.8201639999999883,0.0851386975378629,0.0851386975378629,All,Some,0.0,0.0,0.0,0.0,0.0,518.3710368569135,0.0,0.0,0.0,0.0,0.0,0.0,513.007588959167,0.0,0.0,420.7900207900209,0.0,0.0
10680,9.422,724.52905,724.52757,2.042710396810745,C41H74NO7P,CCC=CCC=CCC=CCC=CCCCCCCC(=O)OC(COCCCCCCCCC=CCCCCCC)COP(=O)(O)OCCN,[M+H]+,PE O-16:1_20:4,"PE O-16:1(9)_20:4(8,11,14,17)",0.3126000000000005,0.9154929999999695,0.0851386975378629,0.0851386975378629,All,Some,0.0,0.0,0.0,0.0,0.0,7105.541823736863,0.0,0.0,0.0,0.0,0.0,0.0,6188.4338292242155,0.0,0.0,5578.634255557332,0.0,0.0
10964,9.616,760.58404,760.58508,1.3673683948534063,C42H82NO8P,CCCCCCC=CCCCCCCCCCC(=O)OC(COC(=O)CCCCCCCCCCCCCCC)COP(=O)([O-])OCC[N+](C)(C)C,[M+H]+,PC 16:0_18:1,PC 16:0_18:1(11),0.4939999999999998,0.9446849999999358,0.6995591720438878,0.6995591720438878,All,All,10524307.766232207,6723069.42442994,6549393.051485978,5890752.006759613,7665887.830322885,15301559.446416466,21406253.034799036,9096241.857357608,17339376.78207739,13064214.463840397,15918954.111099442,15331480.658070253,14329881.447140422,15212700.85115217,10150719.817967007,14099810.238677574,12011895.91078067,13004036.697247706
10964,9.616,760.58404,760.58508,1.3673683948534063,C42H82NO8P,CCCCCCCCCCCC=CCCCCC(=O)OC(COC(=O)CCCCCCCCCCCCCCC)COP(=O)([O-])OCC[N+](C)(C)C,[M+H]+,PC 16:0_18:1,PC 16:0_18:1(6),0.3630000000000013,0.7349500000000262,0.3859747404980411,0.3859747404980411,All,Some,423520.93218811945,0.0,0.0,344334.6007604563,400293.1413544854,0.0,949786.8896681953,447051.945882746,0.0,913466.3341645884,0.0,412644.00339544856,140086.22857430243,0.0,342782.1292609286,0.0,0.0,651743.1192660551
10964,9.616,760.58404,760.58508,1.3673683948534063,C42H82NO8P,CCCCCCCCC=CCCCCCCCC(=O)OC(COC(=O)CCCCCCCCCCCCCCC)COP(=O)([O-])OCC[N+](C)(C)C,[M+H]+,PC 16:0_18:1,PC 16:0_18:1(9),0.5129999999999999,0.8304799999999659,0.2706631028931288,0.2706631028931288,All,All,20252171.301579673,22376930.57557006,23950606.948514022,22064913.39247993,23733819.02832263,34298440.55358354,35743960.07553278,20756706.19675965,39960623.2179226,35522319.20199501,27481045.88890056,38555875.3385343,33330032.32428528,36487299.14884783,27906498.052772064,33000189.761322424,32788104.08921933,34344220.183486246
11060,9.686,792.55274,792.55378,1.3122137907020641,C45H78NO8P,CCC=CCC=CCC=CCC=CCC=CCCCCCCCC(=O)OC(COC(=O)CCCCCCCC=CCCCCCC)COP(=O)(O)OCCN,[M+H]+,PE 16:1_24:5,"PE 16:1(9)_24:5(9,12,15,18,21)",0.45581818181818146,0.6276118181817971,0.13547483553940218,0.13547483553940218,All,Some,93199.93364007045,116515.89567584361,86128.65652447232,94253.55832776142,82365.85651961784,292086.90419058996,358817.96705504216,94601.19577056804,368098.64844012377,376106.7127011529,329091.118576559,314124.3252932858,312101.6107813061,270602.8627809474,322913.9838561652,277300.39177956164,280953.78091693687,263717.0932753032
11060,9.686,792.55274,792.55378,1.3122137907020641,C45H78NO8P,CCCCCC=CCC=CCC=CCC=CCC=CCCCCC(=O)OC(COC(=O)CCCCCCCC=CCCCCCC)COP(=O)(O)OCCN,[M+H]+,PE 16:1_24:5,"PE 16:1(9)_24:5(6,9,12,15,18)",0.4308333333333332,0.6672691666666802,0.13105386400022923,0.13105386400022923,All,Some,7408.530599385408,8521.088213973995,6662.162893526639,7007.986612634511,6353.974412712503,24916.049773468225,28022.691844114102,7621.839112842294,26170.096246070432,28811.23876421216,25860.130621285563,26153.32523353316,25384.149365517285,24711.618248665392,24399.0143155491,23982.057959168982,24229.316966269278,22804.691823621702
11060,9.686,792.55274,792.55378,1.3122137907020641,C45H78NO8P,CCC=CCC=CCC=CCC=CCC=CCCCCCCCC(=O)OC(COC(=O)CCCCCC=CCCCCCCCC)COP(=O)(O)OCCN,[M+H]+,PE 16:1_24:5,"PE 16:1(7)_24:5(9,12,15,18,21)",0.4529999999999994,0.6237887499999601,0.1236605517145232,0.1236605517145232,Some,Some,91662.3162355047,116361.95023447786,85876.14245396593,93540.55921064784,81768.62803991933,287274.9529183292,356845.64081960625,93392.97246054253,364360.5733010194,371092.756843992,327357.61085806024,312309.4389228593,309190.66703095345,267463.19015285315,321865.57403111696,275861.6273961501,278415.3337868887,262449.7958839073
11060,9.686,792.55274,792.55378,1.3122137907020641,C45H78NO8P,CCC=CCC=CCC=CCC=CCC=CCCCCCCCC(=O)OC(COC(=O)CCCCC=CCCCCCCCCC)COP(=O)(O)OCCN,[M+H]+,PE 16:1_24:5,"PE 16:1(6)_24:5(9,12,15,18,21)",0.4410909090909085,0.6787127272726924,0.12263647993431731,0.12263647993431731,All,Some,6974.641679210622,8172.977351065878,6409.6488230202585,6710.250717576089,6006.667667862873,22737.026700236715,26050.365608678185,7011.422422545847,24317.124902044437,26982.52541487258,23578.51766557572,24338.438863106727,23528.254006907595,22426.70818987224,22734.334915920535,21917.292726244177,22475.796302441682,21209.32927308646
11060,9.686,792.55274,792.55378,1.3122137907020641,C45H78NO8P,CCCCCC=CCC=CCC=CCC=CCC=CCCCCC(=O)OC(COC(=O)CCCCC=CCCCCCCCCC)COP(=O)(O)OCCN,[M+H]+,PE 16:1_24:5,"PE 16:1(6)_24:5(6,9,12,15,18)",0.41733333333333295,0.7141116666666676,0.11928537136223476,0.11928537136223476,All,Some,93272.99044325695,116711.44799325414,86194.94146798024,94366.60842325352,82758.3777333964,294077.9604172488,360529.30494174367,94675.96344561351,369491.0546523977,377151.1201063556,328671.8051168965,315522.7358734837,313256.39011555223,271843.4325799719,323301.0312109321,278628.4819796339,281825.1179890656,265365.74559788144
11060,9.686,792.55274,792.55378,1.3122137907020641,C45H78NO8P,CCCCCC=CCC=CCC=CCC=CCC=CCCCCC(=O)OC(COC(=O)CCCCCC=CCCCCCCCC)COP(=O)(O)OCCN,[M+H]+,PE 16:1_24:5,"PE 16:1(7)_24:5(6,9,12,15,18)",0.36022222222222233,0.6722066666666883,0.11907862119839027,0.11907862119839027,Some,Some,7481.587402571904,8716.64053138453,6728.447837034562,7121.0367081266195,6746.495626491054,26907.106000127038,29734.029730815586,7696.606787887747,27562.502458344297,29855.646169414853,25440.817161623072,27551.735813731142,26538.928699763317,25952.188047689917,24786.061670316005,25310.148159241216,25100.65403839804,24453.34414619987
11225,9.769,838.62283,838.63203,10.970246390379756,C48H88NO8P,CCCCCC=CCC=CCCCCCCCCCC(=O)OC(COC(=O)CCCCCCCCCC=CCC=CCCCCC)COP(=O)([O-])OCC[N+](C)(C)C,[M+H]+,PC 20:2_20:2,"PC 20:2(11,14)_20:2(11,14)",0.4853333333333332,0.6178433333333638,0.05437980350395676,0.05437980350395676,All,Some,0.0,0.0,0.0,0.0,0.0,68300.0,78000.0,0.0,85400.0,88000.0,93500.0,61900.0,61400.0,68100.0,117000.0,,73700.0,80200.0
11231,9.772,786.59966,786.60073,1.360283507526104,C44H84NO8P,CCCCCCC=CCCCCCCCCCC(=O)OC(COC(=O)CCCCCCCCCC=CCCCCCC)COP(=O)([O-])OCC[N+](C)(C)C,[M+H]+,PC 18:1_18:1,PC 18:1(11)_18:1(11),0.4919999999999991,0.9445499999999356,0.30414343337954775,0.30414343337954775,All,Some,2850325.2126390333,2424624.6246246244,2796323.89468455,2533150.684931507,2858480.3745048614,3242955.914058434,3457130.730050934,2758959.5375722544,2967302.85545199,2483629.539684292,2057003.116002051,2921420.1310559674,2497830.1665493776,3038915.8274275768,1813961.900168797,2880278.191753601,2416943.5215946846,2531046.8293602187
11231,9.772,786.59966,786.60073,1.360283507526104,C44H84NO8P,CCCCCCCCCCCC=CCCCCC(=O)OC(COC(=O)CCCCCCCCCC=CCCCCCC)COP(=O)([O-])OCC[N+](C)(C)C,[M+H]+,PC 18:1_18:1,PC 18:1(11)_18:1(6),0.3329999999999993,0.9074899999999388,0.2792699092835932,0.2792699092835932,All,Some,3185548.2430820153,2424624.6246246244,2984898.1619473426,2533150.684931507,3105437.5225063018,3613238.173122196,4193123.9388794573,2758959.5375722544,3413078.8578192038,2835346.064687052,2338602.926675344,3320700.3974648193,2840581.7499413555,3416824.567947284,2014920.4244031834,3244685.8577143303,2767026.57807309,2853180.062187883
11231,9.772,786.59966,786.60073,1.360283507526104,C44H84NO8P,CCCCCCCCCCCC=CCCCCC(=O)OC(COC(=O)CCCCC=CCCCCCCCCCCC)COP(=O)([O-])OCC[N+](C)(C)C,[M+H]+,PC 18:1_18:1,PC 18:1(6)_18:1(6),0.1739999999999995,0.8704299999999421,0.25439638518763863,0.25439638518763863,All,Some,5031443.636223684,4400000.0,5011425.732737209,4600000.0,5153042.851998559,7663051.074269571,8264006.791171477,4933333.333333333,7220890.664299452,5581616.808330573,4585066.855993373,6867386.400257817,6023915.0832746895,7688757.926146959,3732374.809098947,7068925.667372605,5649916.943521595,6277866.767172336
11231,9.772,786.59966,786.60073,1.360283507526104,C44H84NO8P,CCCCCCCCC=CCCCCCCCC(=O)OC(COC(=O)CCCCCCCCCC=CCCCCCC)COP(=O)([O-])OCC[N+](C)(C)C,[M+H]+,PC 18:1_18:1,PC 18:1(11)_18:1(9),0.5339999999999998,0.7203349999999773,0.21734914110736409,0.21734914110736409,All,Some,335223.0304429819,0.0,188574.26726279187,0.0,246957.14800144042,370282.2590637622,735993.2088285229,0.0,445776.0023672141,351716.52500275965,281599.810673293,399280.2664088518,342751.5833919774,377908.7405197066,200958.5242343863,364407.6659607289,350083.05647840525,322133.2328276642
11231,9.772,786.59966,786.60073,1.360283507526104,C44H84NO8P,CCCCCCCCC=CCCCCCCCC(=O)OC(COC(=O)CCCCC=CCCCCCCCCCCC)COP(=O)([O-])OCC[N+](C)(C)C,[M+H]+,PC 18:1_18:1,PC 18:1(6)_18:1(9),0.375,0.6832749999999805,0.19247561701140953,0.19247561701140953,All,Some,2516341.4540276327,1975375.3753753752,2403676.10531545,2066849.315068493,2541519.625495139,4790377.419274898,5542869.269949066,2174373.795761079,4699363.811214676,3449703.7936490416,2809663.550664615,4345246.535610699,3868836.5001172884,5027750.83923909,2119371.433164537,4553055.141579731,3583056.4784053154,4068953.1706397813
11231,9.772,786.59966,786.60073,1.360283507526104,C44H84NO8P,CCCCCCCCC=CCCCCCCCC(=O)OC(COC(=O)CCCCCCCC=CCCCCCCCC)COP(=O)([O-])OCC[N+](C)(C)C,[M+H]+,PC 18:1_18:1,PC 18:1(9)_18:1(9),0.5760000000000005,0.496120000000019,0.13055484883518043,0.13055484883518043,All,Some,2181118.423584651,1975375.3753753752,2215101.838052658,2066849.315068493,2294562.4774936982,4420095.160211137,4806876.061120544,2174373.795761079,4253587.808847463,3097987.268646281,2528063.739991322,3945966.2692018477,3526084.9167253105,4649842.098719384,1918412.9089301506,4188647.4756190022,3232973.42192691,3746819.937812117
11549,10.01,718.53753,718.53813,0.8350287549482744,C39H76NO8P,CCCCCCC=CCCCCCCCCCC(=O)OC(COC(=O)CCCCCCCCCCCCCCC)COP(=O)(O)OCCN,[M+H]+,PE 16:0_18:1,PE 16:0_18:1(11),0.5499999999999989,0.9317149999999401,0.5247698896259242,0.5247698896259242,All,All,2480000.0,2320000.0,2320000.0,2190000.0,2490000.0,4050000.0,4620000.0,2330000.0,4410000.0,3630000.0,3240000.0,4180000.0,4070000.0,4100000.0,2720000.0,4030000.0,3720000.0,3600000.0
11833,10.136,794.56895,794.56943,0.6041007644085573,C45H80NO8P,CCC=CCC=CCC=CCC=CCC=CCCCCCCCC(=O)OC(COC(=O)CCCCCCCCCCCCCCC)COP(=O)(O)OCCN,[M+H]+,PE 16:0_24:5,"PE 16:0_24:5(9,12,15,18,21)",0.17740000000000117,0.6000880000000279,0.11104972496245635,0.11104972496245635,All,Some,20599.38744257274,29651.34944848627,19108.506468051746,19752.023420010337,20781.445138269406,97438.4775237887,110140.92830840571,19474.286098120047,103544.26908780694,120744.57980590542,95800.04679092256,101852.76290237157,101863.96844125044,98688.20083682009,101144.28543422859,99604.59126539754,95004.61855211174,96839.3085787452
11833,10.136,794.56895,794.56943,0.6041007644085573,C45H80NO8P,CCCCCC=CCC=CCC=CCC=CCC=CCCCCC(=O)OC(COC(=O)CCCCCCCCCCCCCCC)COP(=O)(O)OCCN,[M+H]+,PE 16:0_24:5,"PE 16:0_24:5(6,9,12,15,18)",0.1791111111111121,0.8624311111111133,0.07171001890381201,0.07171001890381201,Some,Some,138400.61255742726,148348.65055151374,133891.49353194825,135247.97657998966,147218.5548617306,382561.52247621125,470859.0716915943,132525.71390187994,485455.7309121931,446255.42019409453,415199.9532090774,426147.2370976284,406136.03155874956,360311.79916317994,356855.71456577146,349395.40873460245,352995.3814478882,344160.6914212548
11853,10.15,744.55304,744.55378,0.993883880289573,C41H78NO8P,CCCCCCCCC=CCCCCCCCC(=O)OC(COC(=O)CCCCCCCC=CCCCCCCCC)COP(=O)(O)OCCN,[M+H]+,PE 18:1_18:1,PE 18:1(9)_18:1(9),0.9540000000000006,0.9071900000000142,0.009697181370644134,0.009697181370644134,All,Some,542524.9772933697,1150768.2687153833,498186.8898186889,712102.4649589173,549384.8439821695,452378.5166240409,540670.3334479203,1206666.6666666665,536672.2408026756,425463.4562113787,326460.60887752735,201965.75776791375,382392.03838635155,195232.3030907278,460875.70621468907,406273.8214643932,339007.37284958555,367108.75331564987
11853,10.15,744.55304,744.55378,0.993883880289573,C41H78NO8P,CCCCCCCCC=CCCCCCCCC(=O)OC(COC(=O)CCCCCCCCCC=CCCCCCC)COP(=O)(O)OCCN,[M+H]+,PE 18:1_18:1,PE 18:1(11)_18:1(9),0.6286666666666664,0.9325133333333042,0.0068298530802667805,0.0068298530802667805,All,Some,1061407.8110808355,1259615.8656423083,1056680.6136680613,1453948.7675205413,1075676.0772659732,1603887.4680306907,1709113.0972842905,1206666.6666666665,1645869.5652173916,1386388.23780098,1174692.075296305,1448383.0057070386,1546991.291985072,1453836.4905284147,460875.70621468907,1502963.8916750252,1397474.9031532467,1392042.4403183023
11853,10.15,744.55304,744.55378,0.993883880289573,C41H78NO8P,CCCCCCC=CCCCCCCCCCC(=O)OC(COC(=O)CCCCCCCCCC=CCCCCCC)COP(=O)(O)OCCN,[M+H]+,PE 18:1_18:1,PE 18:1(11)_18:1(11),0.4659999999999993,0.9451749999999493,0.005396188935078103,0.005396188935078103,All,Some,1024078.1108083561,1150768.2687153833,881004.1841004184,712102.4649589173,1012472.5111441308,1018994.032395567,1281038.1574424203,1206666.6666666665,1270535.1170568564,982716.812273599,787845.6890541483,989055.1680405835,943600.497600853,817597.2083748755,1083333.3333333333,925539.953192912,904354.979797559,916710.8753315648
11853,10.15,744.55304,744.55378,0.993883880289573,C41H78NO8P,CCCCCCCCC=CCCCCCCCC(=O)OC(COC(=O)CCCCC=CCCCCCCCCCCC)COP(=O)(O)OCCN,[M+H]+,PE 18:1_18:1,PE 18:1(6)_18:1(9),0.624,0.8702400000000429,0.0032323937902147114,0.0032323937902147114,All,Some,1000435.9673024524,108847.59692692514,941311.0181311016,741846.3025616241,989378.9004457652,1718124.467178176,1908810.58783087,0.0,1843060.2006688963,1518178.1376518218,1309616.5465953986,2033506.6582117947,1725807.712813222,1880969.0927218345,622457.627118644,1615956.2019391507,1623815.1372516348,1574535.8090185677
11853,10.15,744.55304,744.55378,0.993883880289573,C41H78NO8P,CCCCCCCCCCCC=CCCCCC(=O)OC(COC(=O)CCCCCCCCCC=CCCCCCC)COP(=O)(O)OCCN,[M+H]+,PE 18:1_18:1,PE 18:1(11)_18:1(6),0.46249999999999947,0.8984700000000032,0.0026980944675390516,0.0026980944675390516,All,Some,481553.13351498643,0.0,382817.2942817294,0.0,463087.6671619614,566615.5157715259,740367.8239945,0.0,733862.8762541808,557253.3560622203,461385.080176621,787089.4102726696,561208.4592145015,622364.9052841476,622457.627118644,519266.13172851887,565347.6069479735,549602.1220159151
12126,10.405,838.63083,838.63203,1.4309017031460578,C48H88NO8P,CCCCCC=CCC=CCCCCCCCCCC(=O)OC(COC(=O)CCCCCCCCCC=CCC=CCCCCC)COP(=O)([O-])OCC[N+](C)(C)C,[M+H]+,PC 20:2_20:2,"PC 20:2(11,14)_20:2(11,14)",0.45000000000000046,0.8598666666666,0.04089031404062594,0.04089031404062594,Some,Some,58300.0,49800.0,52300.0,65100.0,77100.0,121000.0,105000.0,0.0,0.0,141000.0,121000.0,149000.0,147000.0,153000.0,0.0,140000.0,131000.0,109000.0
12279,10.57,820.58486,820.58508,0.2681013891933068,C47H82NO8P,CCC=CCC=CCC=CCC=CCC=CCCCCCCCC(=O)OC(COC(=O)CCCCCCCC=CCCCCCCCC)COP(=O)(O)OCCN,[M+H]+,PE 18:1_24:5,"PE 18:1(9)_24:5(9,12,15,18,21)",0.3008888888888887,0.6153655555555891,0.12508250110315544,0.12508250110315544,Some,Some,7343.673939018453,6269.304626127437,6443.744615679143,7620.210483294167,6310.48241117941,9475.880155540643,12437.41183013222,7836.914955373342,14692.886782030038,10982.886830935451,8562.002458985855,11599.557867070562,9599.427333274336,10311.486823903522,7556.3439673907,8507.811375521758,9282.43984739554,9316.117376916323
12279,10.57,820.58486,820.58508,0.2681013891933068,C47H82NO8P,CCC=CCC=CCC=CCC=CCC=CCCCCCCCC(=O)OC(COC(=O)CCCCC=CCCCCCCCCCCC)COP(=O)(O)OCCN,[M+H]+,PE 18:1_24:5,"PE 18:1(6)_24:5(9,12,15,18,21)",0.27066666666666667,0.6005722222222276,0.1208449568842968,0.1208449568842968,Some,Some,11019.76811081117,8709.55567563074,9166.94744902843,8112.189639317462,9063.062524055775,27550.295816092737,31703.932918196217,9366.079203250854,31305.89278143909,24975.75657350752,19170.651134486652,27623.424135780475,27789.986040178017,26381.469661399293,17795.673566401463,25248.14026291801,23256.585247222265,24860.707773350445
12279,10.57,820.58486,820.58508,0.2681013891933068,C47H82NO8P,CCC=CCC=CCC=CCC=CCC=CCCCCCCCC(=O)OC(COC(=O)CCCCCCCCCC=CCCCCCC)COP(=O)(O)OCCN,[M+H]+,PE 18:1_24:5,"PE 18:1(11)_24:5(9,12,15,18,21)",0.3252727272727272,0.5938836363636607,0.10575806601728231,0.10575806601728231,Some,Some,7124.428021418771,6993.673885032627,6019.096391308511,8101.25676918361,7479.393013250206,9964.068752814434,15008.668389460177,7884.584754371962,13790.919952210275,12908.511107436196,8884.346940549673,12743.200953314326,10464.42243734495,11268.766251284318,7370.256972236927,10692.81653312863,11698.83418704686,8423.802931046124
12279,10.57,820.58486,820.58508,0.2681013891933068,C47H82NO8P,CCCCCC=CCC=CCC=CCC=CCC=CCCCCC(=O)OC(COC(=O)CCCCCCCCCC=CCCCCCC)COP(=O)(O)OCCN,[M+H]+,PE 18:1_24:5,"PE 18:1(11)_24:5(6,9,12,15,18)",0.48720000000000036,0.5951990000000251,0.005483952951971876,0.005483952951971876,Some,Some,6617.820949683587,6940.587721850451,5354.853067866374,5357.106365587003,7140.49068064982,17535.455449161833,21165.793790290285,6590.867861548511,18788.42769234722,18707.234992558293,13229.219706660375,17949.81735566643,18095.120913754567,17940.08334433494,12874.594142321377,16927.77491244063,16719.73370217811,14696.596204497871
12279,10.57,820.58486,820.58508,0.2681013891933068,C47H82NO8P,CCCCCC=CCC=CCC=CCC=CCC=CCCCCC(=O)OC(COC(=O)CCCCCCCC=CCCCCCCCC)COP(=O)(O)OCCN,[M+H]+,PE 18:1_24:5,"PE 18:1(9)_24:5(6,9,12,15,18)",0.446,0.6174428571428702,0.002463330465430346,0.002463330465430346,Some,Some,5193.786785856529,4144.145641963505,4973.059251459749,5497.047103300297,4383.006047764766,6839.661730262171,8980.260153724883,5289.689608881795,9846.72601842217,7612.3615015710275,5608.058767278103,8477.926764076978,7298.540356446499,7418.559325438964,5080.149718444912,6373.164851508901,6601.860436837866,6234.382386708988
12279,10.57,820.58486,820.58508,0.2681013891933068,C47H82NO8P,CCCCCC=CCC=CCC=CCC=CCC=CCCCCC(=O)OC(COC(=O)CCCCC=CCCCCCCCCCCC)COP(=O)(O)OCCN,[M+H]+,PE 18:1_24:5,"PE 18:1(6)_24:5(6,9,12,15,18)",0.4942500000000001,0.6030662500000261,0.0021554141572515525,0.0021554141572515525,Some,Some,10800.522193211486,8142.732449395236,8742.299224657798,8112.189639317462,8523.565323100021,27134.638096128198,31703.932918196217,8731.863616573544,30575.14677355122,23913.248993991503,18545.720992039343,26606.072924091237,27752.50291900163,25979.63459363897,17522.981633204618,25550.292064482084,23440.54657931936,23968.393327480248
12508,10.832,838.6308,838.63203,1.4666742456332047,C48H88NO8P,CCCCCC=CCC=CCCCCCCCCCC(=O)OC(COC(=O)CCCCCCCCCC=CCC=CCCCCC)COP(=O)([O-])OCC[N+](C)(C)C,[M+H]+,PC 20:2_20:2,"PC 20:2(11,14)_20:2(11,14)",0.7260000000000003,0.8362300000000383,0.5341372937553789,0.5341372937553789,Some,Some,34900.0,29200.0,30100.0,29100.0,35200.0,44000.0,0.0,0.0,0.0,43200.0,0.0,48500.0,48000.0,51000.0,0.0,51700.0,44300.0,46000.0
12698,11.079,658.54,658.5405,0.7592547458936492,C41H68O5,CCC=CCC=CCC=CCC=CCC=CCC=CCCC(=O)OC(CO)COC(=O)CCCCCCCCCCCCCCC,[M+NH4]+,DG 16:0_22:6,"DG 16:0_22:6(4,7,10,13,16,19)",0.32942857142857057,0.8073371428571444,0.0,0.0,Some,Some,12200.0,18200.0,11500.0,9920.0,11700.0,96100.0,117000.0,15600.0,127000.0,121000.0,111000.0,103000.0,114000.0,129000.0,117000.0,109000.0,96400.0,99900.0
12725,11.094,788.6155,788.61638,1.115878419938412,C44H86NO8P,CCCCCCCCC=CCCCC(=O)OC(COC(=O)CCCCCCCCCCCCCCCCCCCCC)COP(=O)([O-])OCC[N+](C)(C)C,[M+H]+,PC 22:0_14:1,PC 22:0_14:1(5),0.7439999999999998,0.8678600000000074,0.030588065550391424,0.030588065550391424,All,Some,0.0,0.0,0.0,0.0,0.0,1542806.4992614475,1268544.6985446983,0.0,1112848.8931665062,903663.5944700461,750368.5329553508,1010321.5077605323,1646458.9665653494,1846705.5393586005,978687.7278250305,1496857.638888889,889347.2090823083,1128883.9941262847
12725,11.094,788.6155,788.61638,1.115878419938412,C44H86NO8P,CCCCCCCC=CCCCCC(=O)OC(COC(=O)CCCCCCCCCCCCCCCCCCCCC)COP(=O)([O-])OCC[N+](C)(C)C,[M+H]+,PC 22:0_14:1,PC 22:0_14:1(6),0.49299999999999855,0.9046399999999721,0.006054116464752798,0.006054116464752798,All,Some,2160000.0,1990000.0,2150000.0,1820000.0,2260000.0,6617193.500738553,8191455.301455301,2220000.0,8137151.106833493,6786336.405529954,6419631.467044649,7199678.492239468,6623541.033434651,7333294.460641399,6841312.272174969,6133142.361111111,5730652.790917692,6541116.005873715
12851,11.2,684.55619,684.55615,0.058432021993661945,C43H70O5,CCC=CCC=CCC=CCC=CCC=CCC=CCCC(=O)OC(CO)COC(=O)CCCCCCCC=CCCCCCCCC,[M+NH4]+,DG 18:1_22:6,"DG 18:1(9)_22:6(4,7,10,13,16,19)",0.24766666666666767,0.5379058333333168,0.009211021163620858,0.009211021163620858,Some,Some,0.0,13212.826736370425,0.0,5133.601202520668,4220.880320116406,29279.732957324974,32141.11261872456,0.0,26755.221843003415,24746.676598670638,30325.279360615692,21223.71339209554,31047.74643939973,36273.11349382965,30445.77349113423,30537.583892617455,28905.841121495327,28832.04777307788
12851,11.2,684.55619,684.55615,0.058432021993661945,C43H70O5,CCC=CCC=CCC=CCC=CCC=CCC=CCCC(=O)OC(CO)COC(=O)CCCCC=CCCCCCCCCCCC,[M+NH4]+,DG 18:1_22:6,"DG 18:1(6)_22:6(4,7,10,13,16,19)",0.2558333333333345,0.6003050000000106,0.008062844288407906,0.008062844288407906,Some,Some,0.0,15642.541075429424,0.0,5757.49551945424,5449.254274281558,32712.727691289463,35765.94301221166,0.0,39120.95563139932,35257.964703185884,34879.59742470214,26732.158089280634,34152.2586562715,41167.307303257134,33485.19563660869,31269.882550335566,31890.683411214948,33274.5820986677
12851,11.2,684.55619,684.55615,0.058432021993661945,C43H70O5,CCC=CCC=CCC=CCC=CCC=CCC=CCCC(=O)OC(CO)COC(=O)CCCCCCCCCC=CCCCCCC,[M+NH4]+,DG 18:1_22:6,"DG 18:1(11)_22:6(4,7,10,13,16,19)",0.24153846153846295,0.6163753846153756,0.007442625496991913,0.007442625496991913,Some,Some,0.0,18944.63218820015,0.0,8208.903278025091,7129.865405602037,38007.539351385574,43092.94436906377,0.0,43123.82252559727,42995.35869814348,37795.12321468215,33444.12851862383,37799.99490432878,48559.579202913206,38069.030872257084,36792.53355704698,37003.47546728971,36093.37012825443
12916,11.324,696.50142,696.49627,7.394153022630669,C39H70NO7P,CCCCCCCCCCCCCC(=O)OC(COCCCCC=CCC=CCC=CCC=CCC=CCC)COP(=O)(O)OCCN,[M+H]+,PE O-20:5_14:0,"PE O-20:5(5,8,11,14,17)_14:0",0.41711111111111165,0.6046133333333741,0.0,0.0,Some,None,1590000.0,0.0,0.0,977000.0,2300000.0,1090000.0,0.0,990000.0,1800000.0,0.0,1680000.0,0.0,1900000.0,0.0,1190000.0,587000.0,1190000.0,1020000.0
13126,11.467,746.56853,746.56943,1.2055141341662694,C41H80NO8P,CCCCCCC=CCCCCCCCCCC(=O)OC(COC(=O)CCCCCCCCCCCCCCCCC)COP(=O)(O)OCCN,[M+H]+,PE 18:0_18:1,PE 18:0_18:1(11),0.536999999999999,0.08468499999997903,0.0002879819402391542,0.0002879819402391542,All,Some,783000.0,787000.0,760000.0,682000.0,793000.0,2050000.0,2480000.0,732000.0,2520000.0,2160000.0,1960000.0,2270000.0,2200000.0,2140000.0,1780000.0,2080000.0,1990000.0,1890000.0
13158,11.519,772.5839,772.58508,1.527339875598742,C43H82NO8P,CCCCCCCCC=CCCCCCCCCCC(=O)OC(COC(=O)CCCCCCCCCC=CCCCCCC)COP(=O)(O)OCCN,[M+H]+,PE 18:1_20:1,PE 18:1(11)_20:1(11),0.29666666666666686,0.3577266666666598,0.0,0.0,All,None,314000.0,251000.0,276000.0,267000.0,312000.0,476000.0,646000.0,278000.0,609000.0,480000.0,397000.0,584000.0,595000.0,469000.0,275000.0,446000.0,475000.0,430000.0
13187,11.574,584.52471,584.52485,0.2395107752691686,C35H66O5,CCCCCCC=CCCCCCCCC(=O)OC(CO)COC(=O)CCCCCCCCCCCCCCC,[M+NH4]+,DG 16:0_16:1,DG 16:0_16:1(9),0.5090000000000003,0.7463049999999782,0.47861564504395826,0.47861564504395826,All,Some,26600.0,23400.0,29500.0,0.0,31000.0,53700.0,83000.0,41500.0,71300.0,77100.0,53200.0,68200.0,66900.0,73800.0,44400.0,57000.0,53000.0,66900.0
13301,11.702,660.55629,660.55615,0.21194261833395162,C41H70O5,CCC=CCC=CCC=CCC=CCCCCCCC(=O)OC(CO)COC(=O)CCCCCCCC=CCCCCCCCC,[M+NH4]+,DG 18:1_20:4,"DG 18:1(9)_20:4(8,11,14,17)",0.7679999999999991,0.4269071428571384,0.13432351882672097,0.13432351882672097,Some,Some,4298.964069967733,3739.0632807886245,3162.6764531649587,2180.5896568390526,0.0,13264.502528336403,19238.202592611568,0.0,18195.901722907533,17473.920491464352,17610.60112980474,10612.228282992755,12103.26887866744,16701.44927536232,18378.482884112364,14839.638179919119,12565.261838807544,10070.427027491198
13301,11.702,660.55629,660.55615,0.21194261833395162,C41H70O5,CCC=CCC=CCC=CCC=CCCCCCCC(=O)OC(CO)COC(=O)CCCCC=CCCCCCCCCCCC,[M+NH4]+,DG 18:1_20:4,"DG 18:1(6)_20:4(8,11,14,17)",0.8242499999999993,0.3820862500000146,0.11753307897338085,0.11753307897338085,Some,Some,338.7782333389942,120.49243628764819,155.7281357009724,202.00773320444662,0.0,4888.743911329455,8126.043961674438,0.0,5131.389540218166,5621.832358674465,1848.9039665970777,3044.744769193194,6123.431429464566,6915.942028985508,3072.102809052655,5912.524438254908,3171.6682056017225,3954.55344692927
13301,11.702,660.55629,660.55615,0.21194261833395162,C41H70O5,CCC=CCC=CCC=CCC=CCCCCCCC(=O)OC(CO)COC(=O)CCCCCCCCCC=CCCCCCC,[M+NH4]+,DG 18:1_20:4,"DG 18:1(11)_20:4(8,11,14,17)",0.8471111111111101,0.38292555555556695,0.10447384797633853,0.10447384797633853,Some,Some,10418.132414663141,12824.331077090812,9115.949776769588,4649.269212179797,0.0,37819.872863451266,34461.03397038479,0.0,50129.51371189725,34132.55360623782,42006.094191329976,37602.01905072051,39162.21587103112,44127.53623188406,43794.38189468896,29016.189506949835,35432.374796640725,36641.6943704994
13301,11.702,660.55629,660.55615,0.21194261833395162,C41H70O5,CCCCCC=CCC=CCC=CCC=CCCCC(=O)OC(CO)COC(=O)CCCCC=CCCCCCCCCCCC,[M+NH4]+,DG 18:1_20:4,"DG 18:1(6)_20:4(5,8,11,14)",0.8027500000000005,0.7500850000000128,0.04484931173143353,0.04484931173143353,Some,Some,7226.62121837017,9856.557488756644,6602.96918119952,3043.670372160464,0.0,31062.806755231955,26169.800686580933,0.0,40215.90376185136,24482.958237344203,27783.755986737076,30829.48791011968,34452.82007770285,35611.59420289855,32304.446718981006,21630.138728942926,27299.38882293452,31640.394028239505
13301,11.702,660.55629,660.55615,0.21194261833395162,C41H70O5,CCCCCC=CCC=CCC=CCC=CCCCC(=O)OC(CO)COC(=O)CCCCCCCC=CCCCCCCCC,[M+NH4]+,DG 18:1_20:4,"DG 18:1(9)_20:4(5,8,11,14)",0.7137500000000001,0.6792437500000048,0.04484931173143353,0.04484931173143353,Some,Some,4298.964069967733,3739.0632807886245,3162.6764531649587,2180.5896568390526,0.0,13368.839937035369,24257.4166111595,0.0,18195.901722907533,16719.475456317567,17496.822424167996,10612.228282992755,11633.546197472424,15727.53623188406,18378.482884112364,14839.638179919119,12462.449984610648,10404.402353701273
13301,11.702,660.55629,660.55615,0.21194261833395162,C41H70O5,CCCCCC=CCC=CCC=CCC=CCCCC(=O)OC(CO)COC(=O)CCCCCCCCCC=CCCCCCC,[M+NH4]+,DG 18:1_20:4,"DG 18:1(11)_20:4(5,8,11,14)",0.8255555555555559,0.7202588888889004,0.039866054872385356,0.039866054872385356,Some,Some,118.53999369222933,120.49243628764819,0.0,43.873368777187046,0.0,4595.23400461555,11747.502177588769,0.0,5131.389540218166,4569.259849961604,2253.8223013631346,2099.291703981112,5524.717545661591,6915.942028985508,3072.102809052655,5461.870966014087,3068.856351404828,4288.528773139345
13311,11.709,610.54054,610.5405,0.0655157192892143,C37H68O5,CCCCCCCCC=CCCCCCCCC(=O)OC(CO)COC(=O)CCCCCC=CCCCCCCCC,[M+NH4]+,DG 16:1_18:1,DG 16:1(7)_18:1(9),0.7669999999999995,0.8867449999999621,0.27538414059921057,0.27538414059921057,All,All,12039.498315237739,11302.543659832954,10724.867256637168,7761.049329911606,13064.591874767051,14321.238853197814,24568.46065761492,12061.587301587302,19697.431355181576,6522.706096819931,11625.550660792951,14938.588046530285,8039.88666771604,16705.44229440221,9514.193779048981,9814.398595259,10757.34249171009,12484.619837900425
13311,11.709,610.54054,610.5405,0.0655157192892143,C37H68O5,CCCCCCCCC=CCCCCCCCC(=O)OC(CO)COC(=O)CCCCC=CCCCCCCCCC,[M+NH4]+,DG 16:1_18:1,DG 16:1(6)_18:1(9),0.7629999999999999,0.8810599999999482,0.27008801666599647,0.27008801666599647,All,Some,3947.9595657057284,4288.990129081245,4490.70796460177,2917.023096663815,5328.736489004846,9022.207306549046,16555.210207753968,5039.746031746032,11882.373782108061,4712.740530686652,7616.740088105727,10118.852787805856,5324.161813316543,8346.924671734623,4676.010010725778,5691.044776119403,7512.695405021317,8410.922423774606
13311,11.709,610.54054,610.5405,0.0655157192892143,C37H68O5,CCCCCCCCCCCC=CCCCCC(=O)OC(CO)COC(=O)CCCCCC=CCCCCCCCC,[M+NH4]+,DG 16:1_18:1,DG 16:1(7)_18:1(6),0.7546666666666665,0.8700333333332916,0.18358942706614037,0.18358942706614037,Some,Some,6224.260576563085,6767.463933181473,6015.787610619469,4460.393498716852,7349.981364144614,11030.990507239429,16670.86536888598,7482.793650793651,13291.408325952169,4809.499696171764,8356.8281938326,11790.212595266747,7396.159294821345,11743.659295093297,6527.493743296389,8973.397717295873,8338.394126006631,9563.855654187573
13311,11.709,610.54054,610.5405,0.0655157192892143,C37H68O5,CCCCCCCCCCCC=CCCCCC(=O)OC(CO)COC(=O)CCCCC=CCCCCCCCCC,[M+NH4]+,DG 16:1_18:1,DG 16:1(6)_18:1(6),0.7493333333333337,0.862453333333273,0.1765279284885216,0.1765279284885216,Some,Some,10367.839760389366,9492.027334851935,7759.238938053098,6387.396635300827,9757.100260901976,9362.776872183334,15762.146245705873,9464.888888888889,13756.244464127547,4206.177840794005,8726.872246696035,9756.077015643803,7107.823075712262,11755.25224602626,6689.667500893815,10247.146619841966,7698.768356229276,9135.623311462756
13311,11.709,610.54054,610.5405,0.0655157192892143,C37H68O5,CCCCCCC=CCCCCCCCCCC(=O)OC(CO)COC(=O)CCCCCC=CCCCCCCCC,[M+NH4]+,DG 16:1_18:1,DG 16:1(7)_18:1(11),0.8090000000000002,0.696232499999951,0.13769207029960528,0.13769207029960528,All,Some,2276.301010857357,2478.473804100228,1525.0796460176991,1543.3704020530367,2021.2448751397687,4063.745325534567,7748.895795844921,2443.047619047619,5941.186891054031,2396.212274660725,4718.061674008811,4936.341756919374,4392.098221312765,3396.7346233586727,1851.4837325706112,6123.79280070237,4454.121269540502,5061.925897336935
13311,11.709,610.54054,610.5405,0.0655157192892143,C37H68O5,CCCCCCCCC=CCCCCCCCC(=O)OC(CO)COC(=O)CCCCCCCC=CCCCCCC,[M+NH4]+,DG 16:1_18:1,DG 16:1(9)_18:1(9),0.8090000000000002,0.696232499999951,0.13769207029960528,0.13769207029960528,All,Some,2276.301010857357,2478.473804100228,1525.0796460176991,1543.3704020530367,2021.2448751397687,3036.2642631124745,3932.2754784884673,2443.047619047619,3675.11071744907,1246.4857200729189,2729.0748898678416,3303.8507821901326,3232.0478514087836,3396.7346233586727,1851.4837325706112,4703.072870939421,2639.9099952629085,3107.429563874952
13311,11.709,610.54054,610.5405,0.0655157192892143,C37H68O5,CCCCCCC=CCCCCCCCCCC(=O)OC(CO)COC(=O)CCCCC=CCCCCCCCCC,[M+NH4]+,DG 16:1_18:1,DG 16:1(6)_18:1(11),0.8050000000000006,0.690547499999937,0.1323959463663912,0.1323959463663912,All,Some,10367.839760389366,9492.027334851935,7759.238938053098,6387.396635300827,9757.100260901976,9362.776872183334,15762.146245705873,9464.888888888889,13756.244464127547,4206.177840794005,8726.872246696035,9756.077015643803,7107.823075712262,11755.25224602626,6689.667500893815,10247.146619841966,7698.768356229276,9135.623311462756
13340,11.744,610.54055,610.5405,0.08189464925117304,C37H68O5,CCCCCCCCC=CCCCCCCCC(=O)OC(CO)COC(=O)CCCCCC=CCCCCCCCC,[M+NH4]+,DG 16:1_18:1,DG 16:1(7)_18:1(9),0.7590000000000003,0.8867550000000506,0.2466493263330475,0.2466493263330475,All,All,0.0,0.0,0.0,0.0,0.0,0.0,0.0,0.0,0.0,8031.517115657282,0.0,0.0,4416.275775224303,0.0,0.0,0.0,0.0,0.0
13340,11.744,610.54055,610.5405,0.08189464925117304,C37H68O5,CCCCCCCCC=CCCCCCCCC(=O)OC(CO)COC(=O)CCCCC=CCCCCCCCCC,[M+NH4]+,DG 16:1_18:1,DG 16:1(6)_18:1(9),0.7240000000000002,0.8810700000000367,0.22094892023014806,0.22094892023014806,All,Some,0.0,0.0,0.0,0.0,0.0,0.0,0.0,0.0,0.0,5802.876240631963,0.0,0.0,2924.539587596411,0.0,0.0,0.0,0.0,0.0
13340,11.744,610.54055,610.5405,0.08189464925117304,C37H68O5,CCCCCCCCCCCC=CCCCCC(=O)OC(CO)COC(=O)CCCCCC=CCCCCCCCC,[M+NH4]+,DG 16:1_18:1,DG 16:1(7)_18:1(6),0.7260000000000003,0.87004333333338,0.16443288422203167,0.16443288422203167,Some,Some,0.0,0.0,0.0,0.0,0.0,0.0,0.0,0.0,0.0,5922.017419485518,0.0,0.0,4062.6790492680625,0.0,0.0,0.0,0.0,0.0
13340,11.744,610.54055,610.5405,0.08189464925117304,C37H68O5,CCCCCCCCCCCC=CCCCCC(=O)OC(CO)COC(=O)CCCCC=CCCCCCCCCC,[M+NH4]+,DG 16:1_18:1,DG 16:1(6)_18:1(6),0.6793333333333335,0.8624633333333614,0.1301656760848324,0.1301656760848324,Some,Some,0.0,0.0,0.0,0.0,0.0,0.0,0.0,0.0,0.0,5179.137127810412,0.0,0.0,3904.297182433496,0.0,0.0,0.0,0.0,0.0
13340,11.744,610.54055,610.5405,0.08189464925117304,C37H68O5,CCCCCCC=CCCCCCCCCCC(=O)OC(CO)COC(=O)CCCCCC=CCCCCCCCC,[M+NH4]+,DG 16:1_18:1,DG 16:1(7)_18:1(11),0.7700000000000005,0.6962374999999952,0.12332466316652375,0.12332466316652375,All,Some,0.0,0.0,0.0,0.0,0.0,0.0,0.0,0.0,0.0,2950.496252785092,0.0,0.0,2412.5609948056035,0.0,0.0,0.0,0.0,0.0
13340,11.744,610.54055,610.5405,0.08189464925117304,C37H68O5,CCCCCCCCC=CCCCCCCCC(=O)OC(CO)COC(=O)CCCCCCCC=CCCCCCC,[M+NH4]+,DG 16:1_18:1,DG 16:1(9)_18:1(9),0.7700000000000005,0.6962374999999952,0.12332466316652375,0.12332466316652375,All,Some,0.0,0.0,0.0,0.0,0.0,0.0,0.0,0.0,0.0,1534.8187158193236,0.0,0.0,1775.3502282386276,0.0,0.0,0.0,0.0,0.0
13340,11.744,610.54055,610.5405,0.08189464925117304,C37H68O5,CCCCCCC=CCCCCCCCCCC(=O)OC(CO)COC(=O)CCCCC=CCCCCCCCCC,[M+NH4]+,DG 16:1_18:1,DG 16:1(6)_18:1(11),0.7350000000000003,0.6905524999999813,0.0976242570636243,0.0976242570636243,All,Some,0.0,0.0,0.0,0.0,0.0,0.0,0.0,0.0,0.0,5179.137127810412,0.0,0.0,3904.297182433496,0.0,0.0,0.0,0.0,0.0
13433,11.887,610.54055,610.5405,0.08189464925117304,C37H68O5,CCCCCCCCC=CCCCCCCCC(=O)OC(CO)COC(=O)CCCCCC=CCCCCCCCC,[M+NH4]+,DG 16:1_18:1,DG 16:1(7)_18:1(9),0.472999999999999,0.8867550000000506,0.2427738785749211,0.2427738785749211,All,All,2220.3369524522655,2758.5041761579346,0.0,3429.8830909609355,5114.535967200894,0.0,0.0,0.0,8119.185119574845,6290.581324691108,4605.932452276064,6336.181307661453,0.0,8439.858327574291,4933.285663210582,3904.653204565408,0.0,6099.691238903898
13433,11.887,610.54055,610.5405,0.08189464925117304,C37H68O5,CCCCCCCCCCCC=CCCCCC(=O)OC(CO)COC(=O)CCCCCC=CCCCCCCCC,[M+NH4]+,DG 16:1_18:1,DG 16:1(7)_18:1(6),0.4399999999999989,0.87004333333338,0.16184925238328074,0.16184925238328074,Some,Some,728.0868588543617,1046.7729688686409,0.0,1289.1360136869118,2086.0976518822213,0.0,0.0,0.0,4897.856510186006,4545.0273445412195,3017.679882525698,4291.897312474929,0.0,4217.000691085003,2424.597783339292,2264.179104477612,0.0,4109.378618294095
13433,11.887,610.54055,610.5405,0.08189464925117304,C37H68O5,CCCCCCCCC=CCCCCCCCC(=O)OC(CO)COC(=O)CCCCC=CCCCCCCCCC,[M+NH4]+,DG 16:1_18:1,DG 16:1(6)_18:1(9),0.43799999999999883,0.8810700000000367,0.12294329840339357,0.12294329840339357,All,Some,1147.8846873830028,1651.67046317388,0.0,1971.2061591103507,2877.3760715616845,0.0,0.0,0.0,5478.653675819309,4638.343123354264,3310.8957415565346,5000.8022462896115,0.0,5933.085694540428,3384.6263854129425,3570.0614574187885,0.0,4672.674642994983
13433,11.887,610.54055,610.5405,0.08189464925117304,C37H68O5,CCCCCCC=CCCCCCCCCCC(=O)OC(CO)COC(=O)CCCCCC=CCCCCCCCC,[M+NH4]+,DG 16:1_18:1,DG 16:1(7)_18:1(11),0.4839999999999991,0.6962374999999952,0.12138693928746055,0.12138693928746055,All,Some,1912.0479221265443,2316.6287015945327,0.0,2822.8172226974625,3819.7167349981364,0.0,0.0,0.0,5670.256864481843,4056.4917966376343,3457.503671071953,4138.026474127557,0.0,5938.942639944713,3468.7164819449413,4076.8217734855134,0.0,4463.450405248938
13433,11.887,610.54055,610.5405,0.08189464925117304,C37H68O5,CCCCCCCCC=CCCCCCCCC(=O)OC(CO)COC(=O)CCCCCCCC=CCCCCCC,[M+NH4]+,DG 16:1_18:1,DG 16:1(9)_18:1(9),0.4839999999999991,0.6962374999999952,0.12138693928746055,0.12138693928746055,All,Some,419.797828528641,604.8974943052392,0.0,682.0701454234388,791.2784196794632,0.0,0.0,0.0,2448.928255093003,2310.9378164877457,1869.251101321586,2093.7424789410347,0.0,1716.0850034554248,960.0286020736503,2436.3476733977172,0.0,2473.137784639135
13433,11.887,610.54055,610.5405,0.08189464925117304,C37H68O5,CCCCCCCCCCCC=CCCCCC(=O)OC(CO)COC(=O)CCCCC=CCCCCCCCCC,[M+NH4]+,DG 16:1_18:1,DG 16:1(6)_18:1(6),0.39333333333333204,0.8624633333333614,0.002075145487910704,0.002075145487910704,Some,Some,419.797828528641,604.8974943052392,0.0,682.0701454234388,791.2784196794632,0.0,0.0,0.0,1514.8627103631532,1202.126797650395,1081.2334801762115,1401.3237063778581,0.0,1716.0850034554248,960.0286020736503,1871.115013169447,0.0,1518.2169046700114
13433,11.887,610.54055,610.5405,0.08189464925117304,C37H68O5,CCCCCCC=CCCCCCCCCCC(=O)OC(CO)COC(=O)CCCCC=CCCCCCCCCC,[M+NH4]+,DG 16:1_18:1,DG 16:1(6)_18:1(11),0.44899999999999896,0.6905524999999813,0.001556359115933028,0.001556359115933028,All,Some,1912.0479221265443,2316.6287015945327,0.0,2822.8172226974625,3819.7167349981364,0.0,0.0,0.0,5670.256864481843,4056.4917966376343,3457.503671071953,4138.026474127557,0.0,5938.942639944713,3468.7164819449413,4076.8217734855134,0.0,4463.450405248938
13444,11.906,804.59002,804.59017,0.18643031639616842,C47H82NO7P,CCC=CCC=CCC=CCC=CCC=CCC=CCCC(=O)OC(COCCCCCCCCCCCCC=CCCCCCC)COP(=O)(O)OCCN,[M+H]+,PE O-20:1_22:6,"PE O-20:1(13)_22:6(4,7,10,13,16,19)",0.28449999999999864,0.6852300000000042,0.0013600004600561992,0.0013600004600561992,Some,Some,0.0,0.0,0.0,0.0,0.0,0.0,7419.392523364486,0.0,8212.00850159405,7313.7774902975425,0.0,6235.489920300047,9212.624779800353,7250.372920252438,0.0,7637.979797979797,7556.777871621621,5871.691341408703
13444,11.906,804.59002,804.59017,0.18643031639616842,C47H82NO7P,CCC=CCC=CCC=CCC=CCC=CCC=CCCC(=O)OC(COCCCCCCCCCCC=CCCCCCCCC)COP(=O)(O)OCCN,[M+H]+,PE O-20:1_22:6,"PE O-20:1(11)_22:6(4,7,10,13,16,19)",0.31333333333333196,0.6020183333333383,0.0009066669733707994,0.0009066669733707994,Some,Some,0.0,0.0,0.0,0.0,0.0,0.0,14480.607476635516,0.0,19887.991498405954,12986.222509702457,0.0,10664.510079699954,14887.375220199647,10649.627079747563,0.0,12762.020202020201,12743.222128378378,10128.308658591295
13453,11.944,610.54047,610.5405,0.04913678932725558,C37H68O5,CCCCCCCCC=CCCCCCCCC(=O)OC(CO)COC(=O)CCCCC=CCCCCCCCCC,[M+NH4]+,DG 16:1_18:1,DG 16:1(6)_18:1(9),0.32399999999999807,0.8809900000000113,0.23547289723281187,0.23547289723281187,All,Some,1660.1834518906778,0.0,0.0,0.0,0.0,0.0,2070.075249468346,4635.238095238095,0.0,0.0,0.0,0.0,0.0,0.0,0.0,0.0,0.0,0.0
13453,11.944,610.54047,610.5405,0.04913678932725558,C37H68O5,CCCCCCCCC=CCCCCCCCC(=O)OC(CO)COC(=O)CCCCCC=CCCCCCCCC,[M+NH4]+,DG 16:1_18:1,DG 16:1(7)_18:1(9),0.3589999999999982,0.8866750000000252,0.1913183137784521,0.1913183137784521,All,All,544.4028453762636,0.0,0.0,0.0,0.0,0.0,1394.8993947325373,1936.7619047619046,0.0,0.0,0.0,0.0,0.0,0.0,0.0,0.0,0.0,0.0
13453,11.944,610.54047,610.5405,0.04913678932725558,C37H68O5,CCCCCCCCCCCC=CCCCCC(=O)OC(CO)COC(=O)CCCCC=CCCCCCCCCC,[M+NH4]+,DG 16:1_18:1,DG 16:1(6)_18:1(6),0.27933333333333127,0.862383333333336,0.18641832045811443,0.18641832045811443,Some,Some,858.292774241857,0.0,0.0,0.0,0.0,0.0,1404.6442008833633,2875.6190476190477,0.0,0.0,0.0,0.0,0.0,0.0,0.0,0.0,0.0,0.0
13453,11.944,610.54047,610.5405,0.04913678932725558,C37H68O5,CCCCCCC=CCCCCCCCCCC(=O)OC(CO)COC(=O)CCCCC=CCCCCCCCCC,[M+NH4]+,DG 16:1_18:1,DG 16:1(6)_18:1(11),0.3349999999999982,0.6905124999999686,0.13981374034358582,0.13981374034358582,All,Some,1429.6705353800073,0.0,0.0,0.0,0.0,0.0,1328.0778668411583,3637.3333333333335,0.0,0.0,0.0,0.0,0.0,0.0,0.0,0.0,0.0,0.0
13453,11.944,610.54047,610.5405,0.04913678932725558,C37H68O5,CCCCCCCCCCCC=CCCCCC(=O)OC(CO)COC(=O)CCCCCC=CCCCCCCCC,[M+NH4]+,DG 16:1_18:1,DG 16:1(7)_18:1(6),0.3259999999999981,0.8699633333333546,0.12754554251896807,0.12754554251896807,Some,Some,313.88992886559345,0.0,0.0,0.0,0.0,0.0,652.9020121053493,938.8571428571428,0.0,0.0,0.0,0.0,0.0,0.0,0.0,0.0,0.0,0.0
13453,11.944,610.54047,610.5405,0.04913678932725558,C37H68O5,CCCCCCC=CCCCCCCCCCC(=O)OC(CO)COC(=O)CCCCCC=CCCCCCCCC,[M+NH4]+,DG 16:1_18:1,DG 16:1(7)_18:1(11),0.36999999999999833,0.6961974999999825,0.09565915688922605,0.09565915688922605,All,Some,313.88992886559345,0.0,0.0,0.0,0.0,0.0,331.3234091280877,938.8571428571428,0.0,0.0,0.0,0.0,0.0,0.0,0.0,0.0,0.0,0.0
13453,11.944,610.54047,610.5405,0.04913678932725558,C37H68O5,CCCCCCCCC=CCCCCCCCC(=O)OC(CO)COC(=O)CCCCCCCC=CCCCCCC,[M+NH4]+,DG 16:1_18:1,DG 16:1(9)_18:1(9),0.36999999999999833,0.6961974999999825,0.09565915688922605,0.09565915688922605,All,Some,1429.6705353800073,0.0,0.0,0.0,0.0,0.0,1328.0778668411583,3637.3333333333335,0.0,0.0,0.0,0.0,0.0,0.0,0.0,0.0,0.0,0.0
13658,12.565,842.66311,842.66333,0.26107698315647315,C48H92NO8P,CCCCCCCCC=CCCCCCCCCCC(=O)OC(COC(=O)CCCCCCCCCC=CCCCCCCCC)COP(=O)([O-])OCC[N+](C)(C)C,[M+H]+,PC 20:1_20:1,PC 20:1(11)_20:1(11),0.0779999999999994,0.7986300000000028,0.6132947010961096,0.6132947010961096,Some,Some,,0.0,0.0,,,0.0,0.0,0.0,0.0,0.0,0.0,0.0,0.0,0.0,8085.150214592274,0.0,0.0,0.0
13658,12.565,842.66311,842.66333,0.26107698315647315,C48H92NO8P,CCCCCCC=CCCCCCCCCCCCC(=O)OC(COC(=O)CCCCCCCCCC=CCCCCCCCC)COP(=O)([O-])OCC[N+](C)(C)C,[M+H]+,PC 20:1_20:1,PC 20:1(11)_20:1(13),0.33266666666666583,0.3388866666666672,0.20443156703203655,0.20443156703203655,Some,Some,,0.0,0.0,,,0.0,0.0,0.0,0.0,0.0,0.0,0.0,0.0,0.0,12214.849785407725,0.0,0.0,0.0
13696,12.629,686.57126,686.5718,0.7865164284359961,C43H72O5,CCC=CCC=CCC=CCC=CCC=CCC=CCCC(=O)OC(CO)COC(=O)CCCCCCCCCCCCCCCCC,[M+NH4]+,DG 18:0_22:6,"DG 18:0_22:6(4,7,10,13,16,19)",0.5682222222222211,0.7846455555556039,0.009832495781790962,0.009832495781790962,Some,Some,0.0,0.0,0.0,0.0,7380.0,60400.0,71700.0,10100.0,70000.0,57800.0,52600.0,46700.0,58700.0,72300.0,65900.0,56900.0,59800.0,58000.0
13716,12.666,842.66288,842.66333,0.5340211018803056,C48H92NO8P,CCCCCCCCC=CCCCCCCCCCC(=O)OC(COC(=O)CCCCCCCCCC=CCCCCCCCC)COP(=O)([O-])OCC[N+](C)(C)C,[M+H]+,PC 20:1_20:1,PC 20:1(11)_20:1(11),0.7379999999999995,0.834259999999972,0.0018449183496215675,0.0018449183496215675,Some,Some,,,,,,59500.0,77000.0,,58500.0,,40850.0,0.0,57500.0,66500.0,10097.186982901268,0.0,54000.0,34932.35294117647
13716,12.666,842.66288,842.66333,0.5340211018803056,C48H92NO8P,CCCCCCC=CCCCCCCCCCCCC(=O)OC(COC(=O)CCCCCCCCCC=CCCCCCCCC)COP(=O)([O-])OCC[N+](C)(C)C,[M+H]+,PC 20:1_20:1,PC 20:1(11)_20:1(13),0.5526666666666659,0.3507633333333236,0.0006149727832071892,0.0006149727832071892,Some,Some,,,,,,59500.0,77000.0,,58500.0,,40850.0,117000.0,57500.0,66500.0,48202.81301709873,109000.0,54000.0,76067.64705882352
13777,12.845,842.66315,842.66333,0.21360844075212226,C48H92NO8P,CCCCCCCCC=CCCCCCCCCCC(=O)OC(COC(=O)CCCCCCCCCC=CCCCCCCCC)COP(=O)([O-])OCC[N+](C)(C)C,[M+H]+,PC 20:1_20:1,PC 20:1(11)_20:1(11),0.9039999999999999,0.8345299999999725,0.0016977401028300603,0.0016977401028300603,Some,Some,,,,,,8850.0,0.0,,0.0,,0.0,0.0,0.0,0.0,2130.2813017098733,0.0,0.0,0.0
13777,12.845,842.66315,842.66333,0.21360844075212226,C48H92NO8P,CCCCCCC=CCCCCCCCCCCCC(=O)OC(COC(=O)CCCCCCCCCC=CCCCCCCCC)COP(=O)([O-])OCC[N+](C)(C)C,[M+H]+,PC 20:1_20:1,PC 20:1(11)_20:1(13),0.6079999999999993,0.35085333333332375,0.0005659133676100201,0.0005659133676100201,Some,Some,,,,,,8850.0,0.0,,0.0,,0.0,0.0,0.0,0.0,10169.718698290128,0.0,0.0,0.0
13892,13.096,612.55556,612.55615,0.9631770083253953,C37H70O5,CCCCCCC=CCCCCCCCCCC(=O)OC(CO)COC(=O)CCCCCCCCCCCCCCC,[M+NH4]+,DG 16:0_18:1,DG 16:0_18:1(11),0.47199999999999953,0.9009550000000104,0.2926853607335003,0.2926853607335003,All,Some,47644.937586685155,45347.63948497854,52300.3663003663,42426.018584703364,45262.42127361791,75291.11772205695,116735.29411764705,51961.01364522418,107714.28571428572,106975.60975609756,82882.09606986899,91207.62711864407,89635.98326359832,90774.59016393442,71146.43043251694,79305.16431924883,75902.14067278289,80559.27937475163
13892,13.096,612.55556,612.55615,0.9631770083253953,C37H70O5,CCCCCCCCC=CCCCCCCCC(=O)OC(CO)COC(=O)CCCCCCCCCCCCCCC,[M+NH4]+,DG 16:0_18:1,DG 16:0_18:1(9),0.9570000000000007,0.509949999999975,0.2582235518420976,0.2582235518420976,All,Some,13155.06241331484,13352.360515021457,12599.6336996337,7873.981415296641,13537.578726382086,96708.88227794308,99264.70588235295,15238.98635477583,95285.71428571429,97024.39024390244,63117.903930131004,83792.37288135594,103364.01673640167,116225.40983606558,51853.569567483064,84694.83568075117,70097.85932721713,77440.72062524836
13928,13.138,662.57179,662.5718,0.015092704048737455,C41H72O5,CCCCCC=CCC=CCC=CCC=CCCCC(=O)OC(CO)COC(=O)CCCCCCCCCCCCCCCCC,[M+NH4]+,DG 18:0_20:4,"DG 18:0_20:4(5,8,11,14)",0.8693333333333323,0.7394749999999893,0.08246809196073594,0.08246809196073594,Some,Some,3032.507220095372,4458.4158415841575,0.0,0.0,0.0,46314.32015735043,39275.503573749185,0.0,27974.82242882716,38827.316224445414,27569.94603569946,33022.08006603384,49093.099345627605,45851.50449394296,45708.108108108114,39096.75887451028,33586.95198329853,37703.6554214745
13928,13.138,662.57179,662.5718,0.015092704048737455,C41H72O5,CCC=CCC=CCC=CCC=CCCCCCCC(=O)OC(CO)COC(=O)CCCCCCCCCCCCCCCCC,[M+NH4]+,DG 18:0_20:4,"DG 18:0_20:4(8,11,14,17)",0.6197142857142853,0.6642171428571179,0.0038582511886680925,0.0038582511886680925,Some,Some,13267.492779904627,19241.584158415844,0.0,0.0,0.0,63685.67984264957,70724.49642625081,0.0,82025.17757117284,73172.68377555459,84430.05396430053,59477.91993396617,58906.900654372395,73148.49550605705,94291.8918918919,59303.24112548974,59813.04801670146,59096.344578525495
14007,13.224,638.57117,638.5718,0.9865766073619576,C39H72O5,CCCCCCCCCCCC=CCCCCC(=O)OC(CO)COC(=O)CCCCC=CCCCCCCCCCCC,[M+NH4]+,DG 18:1_18:1,DG 18:1(6)_18:1(6),0.8299999999999983,0.8359100000000694,0.5964354508181662,0.5964354508181662,Some,Some,22512.676056338027,17921.01167315175,19698.910675381263,23133.333333333336,11744.069740766232,32590.03854492893,45552.19872440417,12729.407566024267,36870.48143945534,33461.53846153846,26232.035928143712,37516.54122177489,37957.500792895655,42651.59178815828,23290.43183742591,31429.101958136398,26080.421885299937,36252.262443438914
14007,13.224,638.57117,638.5718,0.9865766073619576,C39H72O5,CCCCCCCCC=CCCCCCCCC(=O)OC(CO)COC(=O)CCCCC=CCCCCCCCCCCC,[M+NH4]+,DG 18:1_18:1,DG 18:1(6)_18:1(9),0.7439999999999986,0.6336866666666955,0.20951128469675062,0.20951128469675062,Some,Some,15425.352112676057,11045.654993514914,8734.422657952071,0.0,14189.2635925671,25028.6075644423,25045.98858677408,4303.925767309064,26448.20878586481,14871.79487179487,13101.29740518962,23573.078942762117,22683.15889628925,25364.772389169884,10709.568162574089,22739.027683997294,15919.578114700067,20011.689291101055
14007,13.224,638.57117,638.5718,0.9865766073619576,C39H72O5,CCCCCCCCCCCC=CCCCCC(=O)OC(CO)COC(=O)CCCCCCCCCC=CCCCCCC,[M+NH4]+,DG 18:1_18:1,DG 18:1(11)_18:1(6),0.7933333333333318,0.6153500000000159,0.19881181693938874,0.19881181693938874,Some,Some,16259.154929577466,17921.01167315175,19698.910675381263,23133.333333333336,11744.069740766232,26876.053962900503,38603.55824102048,12729.407566024267,31131.463770465234,33461.53846153846,26232.035928143712,31449.32609837213,32477.006026006977,36889.31865516215,23290.43183742591,26553.004726536128,26080.421885299937,30554.298642533933
14007,13.224,638.57117,638.5718,0.9865766073619576,C39H72O5,CCCCCCCCC=CCCCCCCCC(=O)OC(CO)COC(=O)CCCCCCCC=CCCCCCCCC,[M+NH4]+,DG 18:1_18:1,DG 18:1(9)_18:1(9),0.7009999999999987,0.5325750000000085,0.016049201636042863,0.016049201636042863,All,Some,25430.985915492955,28966.666666666664,28433.333333333336,23133.333333333336,25933.333333333332,46190.67694531438,56700.906344410876,17033.33333333333,51840.65488733994,48333.33333333333,39333.33333333333,48955.189917731484,49679.67015540755,56491.81791133591,34000.0,44415.935178933156,42000.00000000001,44868.02413273001
14007,13.224,638.57117,638.5718,0.9865766073619576,C39H72O5,CCCCCCCCC=CCCCCCCCC(=O)OC(CO)COC(=O)CCCCCCCCCC=CCCCCCC,[M+NH4]+,DG 18:1_18:1,DG 18:1(11)_18:1(9),0.7379999999999987,0.5188224999999989,0.008024600818021432,0.008024600818021432,All,Some,9171.830985915492,11045.654993514914,8734.422657952071,0.0,14189.2635925671,19314.622982413875,18097.3481033904,4303.925767309064,20709.191116874696,14871.79487179487,13101.29740518962,17505.863819359354,17202.66412940057,19602.499256173756,10709.568162574089,17862.930452397028,15919.578114700067,14313.725490196077
14100,13.445,638.57027,638.5718,2.3959717607361832,C39H72O5,CCCCCCCCCCCC=CCCCCC(=O)OC(CO)COC(=O)CCCCC=CCCCCCCCCCCC,[M+NH4]+,DG 18:1_18:1,DG 18:1(6)_18:1(6),0.3879999999999981,0.835010000000068,0.5454593223595414,0.5454593223595414,Some,Some,0.0,0.0,1066.9281045751634,0.0,0.0,0.0,0.0,3064.025695931477,0.0,5353.846153846153,0.0,4223.5603010677405,0.0,0.0,0.0,0.0,0.0,0.0
14100,13.445,638.57027,638.5718,2.3959717607361832,C39H72O5,CCCCCCCCC=CCCCCCCCC(=O)OC(CO)COC(=O)CCCCC=CCCCCCCCCCCC,[M+NH4]+,DG 18:1_18:1,DG 18:1(6)_18:1(9),0.30199999999999844,0.633386666666695,0.19359585224421708,0.19359585224421708,Some,Some,0.0,0.0,473.0718954248366,0.0,0.0,0.0,0.0,1035.9743040685223,0.0,2379.487179487179,0.0,2653.824610537371,0.0,0.0,0.0,0.0,0.0,0.0
14100,13.445,638.57027,638.5718,2.3959717607361832,C39H72O5,CCCCCCCCCCCC=CCCCCC(=O)OC(CO)COC(=O)CCCCCCCCCC=CCCCCCC,[M+NH4]+,DG 18:1_18:1,DG 18:1(11)_18:1(6),0.35133333333333167,0.6150500000000155,0.18181977411984715,0.18181977411984715,Some,Some,0.0,0.0,1066.9281045751634,0.0,0.0,0.0,0.0,3064.025695931477,0.0,5353.846153846153,0.0,3540.521617363907,0.0,0.0,0.0,0.0,0.0,0.0
14100,13.445,638.57027,638.5718,2.3959717607361832,C39H72O5,CCCCCCCCC=CCCCCCCCC(=O)OC(CO)COC(=O)CCCCCCCC=CCCCCCCCC,[M+NH4]+,DG 18:1_18:1,DG 18:1(9)_18:1(9),0.25899999999999856,0.5325750000000085,0.01766411718655493,0.01766411718655493,All,Some,0.0,0.0,1540.0,0.0,0.0,0.0,0.0,4099.999999999999,0.0,7733.333333333333,0.0,5511.307544197445,0.0,0.0,0.0,0.0,0.0,0.0
14100,13.445,638.57027,638.5718,2.3959717607361832,C39H72O5,CCCCCCCCC=CCCCCCCCC(=O)OC(CO)COC(=O)CCCCCCCCCC=CCCCCCC,[M+NH4]+,DG 18:1_18:1,DG 18:1(11)_18:1(9),0.2959999999999985,0.5188224999999989,0.008832058593277466,0.008832058593277466,All,Some,0.0,0.0,473.0718954248366,0.0,0.0,0.0,0.0,1035.9743040685223,0.0,2379.487179487179,0.0,1970.7859268335376,0.0,0.0,0.0,0.0,0.0,0.0
14382,14.572,640.5871,640.58745,0.5463734889371149,C39H74O5,CCCCCCCCC=CCCCCCCCC(=O)OC(CO)COC(=O)CCCCCCCCCCCCCCCCC,[M+NH4]+,DG 18:0_18:1,DG 18:0_18:1(9),0.8539999999999992,0.9019899999999552,0.3619489550793091,0.3619489550793091,Some,Some,,,,,,14800.0,21900.0,,23500.0,,0.0,,16300.0,41800.0,6710.0,,26200.0,33200.0
15281,17.548,764.67171,764.67627,5.96330784540125,C47H86O6,CCCCCCCCCC=CCCCCC(=O)OC(COC(=O)CCCCC=CCCCCCCCCC)COC(=O)CCCCCCCCCCC,[M+NH4]+,TG 12:0_16:1_16:1,TG 12:0_16:1(6)_16:1(6),0.045999999999999375,0.3019800000000714,0.0,0.0,Some,None,,61900.0,,,,67800.0,57300.0,,,,,,,,,42800.0,69300.0,
15315,17.637,790.69084,790.69192,1.3658922934254167,C49H88O6,CCCCCCC=CCCCCCCCC(=O)OC(COC(=O)CCCCCCCC=CCCCCCC)COC(=O)CCCCCCCC=CCCCC,[M+NH4]+,TG 14:1_16:1_16:1,TG 14:1(9)_16:1(9)_16:1(9),0.733333333333332,0.8593499999999873,0.0012310612972305263,0.0012310612972305263,Some,Some,9088.419405320816,2999.424905994249,5629.286150091519,0.0,0.0,2249.29718875502,0.0,0.0,0.0,0.0,0.0,0.0,0.0,480.17191977077374,0.0,5058.649789029536,1990.4761904761906,0.0
15315,17.637,790.69084,790.69192,1.3658922934254167,C49H88O6,CCCCCCCCCC=CCCCCC(=O)OC(COC(=O)CCCCC=CCCCCCCCCC)COC(=O)CCCCCCCC=CCCCC,[M+NH4]+,TG 14:1_16:1_16:1,TG 14:1(9)_16:1(6)_16:1(6),0.3814999999999973,0.5932500000000118,0.0009232959729228948,0.0009232959729228948,All,Some,15582.290036515391,5132.249502322495,9765.466748017083,0.0,0.0,4006.425702811245,0.0,0.0,0.0,0.0,0.0,0.0,0.0,1104.4317096466095,0.0,8986.91983122363,3226.4150943396226,0.0
15315,17.637,790.69084,790.69192,1.3658922934254167,C49H88O6,CCCCCCCCC=CCCCCCC(=O)OC(COC(=O)CCCCCC=CCCCCCCCC)COC(=O)CCCCCCCC=CCCCC,[M+NH4]+,TG 14:1_16:1_16:1,TG 14:1(9)_16:1(7)_16:1(7),0.410499999999999,0.6887424999999894,0.0009232959729228948,0.0009232959729228948,All,Some,12672.796035472093,4633.842070338421,11063.819402074436,0.0,0.0,3976.2048192771085,0.0,0.0,0.0,0.0,0.0,0.0,0.0,1037.8923909582936,0.0,6838.396624472573,3830.727762803235,0.0
15315,17.637,790.69084,790.69192,1.3658922934254167,C49H88O6,CCCCCCCCCC=CCCCCC(=O)OC(COC(=O)CCCCCCCC=CCCCCCC)COC(=O)CCCCCCCC=CCCCC,[M+NH4]+,TG 14:1_16:1_16:1,TG 14:1(9)_16:1(6)_16:1(9),0.44559999999999744,0.637740000000008,0.0007386367783383159,0.0007386367783383159,Some,Some,6493.870631194574,2132.824596328246,4136.180597925564,0.0,0.0,1757.1285140562252,0.0,0.0,0.0,0.0,0.0,0.0,0.0,735.44094237504,0.0,3928.270042194093,1235.9389038634324,0.0
15315,17.637,790.69084,790.69192,1.3658922934254167,C49H88O6,CCCCCCCCC=CCCCCCC(=O)OC(COC(=O)CCCCCCCC=CCCCCCC)COC(=O)CCCCCCCC=CCCCC,[M+NH4]+,TG 14:1_16:1_16:1,TG 14:1(9)_16:1(7)_16:1(9),0.46879999999999883,0.71413399999999,0.0007386367783383159,0.0007386367783383159,Some,Some,10078.247261345854,3767.241760672418,9570.713849908481,0.0,0.0,3484.036144578314,0.0,0.0,0.0,0.0,0.0,0.0,0.0,1293.1614135625598,0.0,5708.016877637132,3076.1904761904766,0.0
15315,17.637,790.69084,790.69192,1.3658922934254167,C49H88O6,CCCCCCCCCC=CCCCCC(=O)OC(COC(=O)CCCCCC=CCCCCCCCC)COC(=O)CCCCCCCC=CCCCC,[M+NH4]+,TG 14:1_16:1_16:1,TG 14:1(9)_16:1(6)_16:1(7),0.27833333333333127,0.5609366666666725,0.0006155306486152632,0.0006155306486152632,All,Some,3584.3766301512783,1634.4171643441719,5434.533251982916,0.0,0.0,1726.9076305220885,0.0,0.0,0.0,0.0,0.0,0.0,0.0,668.901623686724,0.0,1779.7468354430384,1840.251572327044,0.0
15331,17.7,790.69102,790.69192,1.1382435778545141,C49H88O6,CCCCCCC=CCCCCCCCC(=O)OC(COC(=O)CCCCCCCC=CCCCCCC)COC(=O)CCCCCCCC=CCCCC,[M+NH4]+,TG 14:1_16:1_16:1,TG 14:1(9)_16:1(9)_16:1(9),0.6913333333333327,0.8595299999999876,0.0016564519737521152,0.0016564519737521152,Some,Some,0.0,0.0,0.0,0.0,0.0,0.0,2458.781079839927,0.0,0.0,0.0,0.0,1272.8050385410788,0.0,612.2444291293361,837.0967741935485,0.0,0.0,0.0
15331,17.7,790.69102,790.69192,1.1382435778545141,C49H88O6,CCCCCCCCCC=CCCCCC(=O)OC(COC(=O)CCCCC=CCCCCCCCCC)COC(=O)CCCCCCCC=CCCCC,[M+NH4]+,TG 14:1_16:1_16:1,TG 14:1(9)_16:1(6)_16:1(6),0.47899999999999743,0.5999875000000259,0.0012423389803140864,0.0012423389803140864,All,Some,0.0,4661.303138657132,0.0,14633.333333333332,14634.560906515582,0.0,9305.727219051369,0.0,0.0,0.0,6814.095013741658,5525.578116187253,4785.111111111112,4049.873650356076,3169.3548387096776,0.0,0.0,0.0
15331,17.7,790.69102,790.69192,1.1382435778545141,C49H88O6,CCCCCCCCC=CCCCCCC(=O)OC(COC(=O)CCCCCC=CCCCCCCCC)COC(=O)CCCCCCCC=CCCCC,[M+NH4]+,TG 14:1_16:1_16:1,TG 14:1(9)_16:1(7)_16:1(7),0.4734999999999978,0.6888324999999895,0.0012423389803140864,0.0012423389803140864,All,Some,0.0,3572.0301946762015,0.0,0.0,13365.439093484421,0.0,4358.1447221675535,0.0,0.0,0.0,4419.238319591676,5207.75521714608,5381.555555555555,3683.4596829772577,4630.645161290324,0.0,0.0,0.0
15331,17.7,790.69102,790.69192,1.1382435778545141,C49H88O6,CCCCCCCCCC=CCCCCC(=O)OC(COC(=O)CCCCCCCC=CCCCCCC)COC(=O)CCCCCCCC=CCCCC,[M+NH4]+,TG 14:1_16:1_16:1,TG 14:1(9)_16:1(6)_16:1(9),0.49839999999999807,0.6431660000000192,0.000993871184251269,0.000993871184251269,Some,Some,0.0,4661.303138657132,0.0,14633.333333333332,14634.560906515582,0.0,7375.188611165781,0.0,0.0,0.0,6814.095013741658,5525.578116187253,4785.111111111112,4049.873650356076,3169.3548387096776,0.0,0.0,0.0
15331,17.7,790.69102,790.69192,1.1382435778545141,C49H88O6,CCCCCCCCC=CCCCCCC(=O)OC(COC(=O)CCCCCCCC=CCCCCCC)COC(=O)CCCCCCCC=CCCCC,[M+NH4]+,TG 14:1_16:1_16:1,TG 14:1(9)_16:1(7)_16:1(9),0.49399999999999833,0.7142419999999902,0.000993871184251269,0.000993871184251269,Some,Some,0.0,8233.333333333334,0.0,14633.333333333332,28000.000000000004,0.0,9274.552253493406,0.0,0.0,0.0,11233.333333333332,9460.528294792251,10166.666666666668,7121.088904203997,6962.903225806452,0.0,0.0,0.0
15331,17.7,790.69102,790.69192,1.1382435778545141,C49H88O6,CCCCCCCCCC=CCCCCC(=O)OC(COC(=O)CCCCCC=CCCCCCCCC)COC(=O)CCCCCCCC=CCCCC,[M+NH4]+,TG 14:1_16:1_16:1,TG 14:1(9)_16:1(6)_16:1(7),0.3853333333333306,0.5654283333333486,0.0008282259868760576,0.0008282259868760576,All,Some,0.0,3572.0301946762015,0.0,0.0,13365.439093484421,0.0,2427.606114281966,0.0,0.0,0.0,4419.238319591676,5207.75521714608,5381.555555555555,3683.4596829772577,4630.645161290324,0.0,0.0,0.0
15364,17.81,790.69106,790.69192,1.0876549743783377,C49H88O6,CCCCCCC=CCCCCCCCC(=O)OC(COC(=O)CCCCCCCC=CCCCCCC)COC(=O)CCCCCCCC=CCCCC,[M+NH4]+,TG 14:1_16:1_16:1,TG 14:1(9)_16:1(9)_16:1(9),0.5500000000000019,0.8595700000000003,0.0012310612972305263,0.0012310612972305263,Some,Some,0.0,0.0,0.0,0.0,0.0,0.0,2612.454897329922,0.0,2082.716049382716,0.0,0.0,2114.753713103967,0.0,509.324029405008,1913.8751033912322,1305.2631578947369,0.0,0.0
15364,17.81,790.69106,790.69192,1.0876549743783377,C49H88O6,CCCCCCCCCC=CCCCCC(=O)OC(COC(=O)CCCCC=CCCCCCCCCC)COC(=O)CCCCCCCC=CCCCC,[M+NH4]+,TG 14:1_16:1_16:1,TG 14:1(9)_16:1(6)_16:1(6),0.5379999999999985,0.5999875000000259,0.0009232959729228948,0.0009232959729228948,All,Some,0.0,0.0,5200.45219638243,0.0,0.0,0.0,9887.335170242077,8594.76678043231,11478.427550357375,18549.88112220637,4792.108362779741,9180.696559503667,2965.2,3369.0759246496664,7246.1745244003305,6463.1578947368425,0.0,9743.651591289781
15364,17.81,790.69106,790.69192,1.0876549743783377,C49H88O6,CCCCCCCCC=CCCCCCC(=O)OC(COC(=O)CCCCCC=CCCCCCCCC)COC(=O)CCCCCCCC=CCCCC,[M+NH4]+,TG 14:1_16:1_16:1,TG 14:1(9)_16:1(7)_16:1(7),0.5324999999999989,0.6888524999999959,0.0009232959729228948,0.0009232959729228948,All,Some,0.0,0.0,6832.881136950905,0.0,0.0,0.0,4630.528767303024,11605.23321956769,12621.572449642623,8316.785544460294,3107.89163722026,8652.63677382967,3334.8,3064.2574086836667,10587.158808933002,3642.105263157895,0.0,6523.015075376885
15364,17.81,790.69106,790.69192,1.0876549743783377,C49H88O6,CCCCCCCCCC=CCCCCC(=O)OC(COC(=O)CCCCCCCC=CCCCCCC)COC(=O)CCCCCCCC=CCCCC,[M+NH4]+,TG 14:1_16:1_16:1,TG 14:1(9)_16:1(6)_16:1(9),0.5015999999999992,0.6431740000000218,0.0007386367783383159,0.0007386367783383159,Some,Some,0.0,0.0,5200.45219638243,0.0,0.0,0.0,7836.137899363643,8594.76678043231,11478.427550357375,18549.88112220637,4792.108362779741,9180.696559503667,2965.2,3369.0759246496664,7246.1745244003305,5157.894736842105,0.0,9743.651591289781
15364,17.81,790.69106,790.69192,1.0876549743783377,C49H88O6,CCCCCCCCC=CCCCCCC(=O)OC(COC(=O)CCCCCCCC=CCCCCCC)COC(=O)CCCCCCCC=CCCCC,[M+NH4]+,TG 14:1_16:1_16:1,TG 14:1(9)_16:1(7)_16:1(9),0.4971999999999994,0.7142659999999978,0.0007386367783383159,0.0007386367783383159,Some,Some,0.0,0.0,12033.333333333332,0.0,0.0,0.0,9854.211769336744,20200.000000000004,22017.283950617286,26866.666666666664,7900.000000000001,15718.579620229368,6300.000000000001,5924.009303928324,15919.458229942102,7494.736842105263,0.0,16266.666666666666
15364,17.81,790.69106,790.69192,1.0876549743783377,C49H88O6,CCCCCCCCCC=CCCCCC(=O)OC(COC(=O)CCCCCC=CCCCCCCCC)COC(=O)CCCCCCCC=CCCCC,[M+NH4]+,TG 14:1_16:1_16:1,TG 14:1(9)_16:1(6)_16:1(7),0.49799999999999756,0.5654283333333486,0.0006155306486152632,0.0006155306486152632,All,Some,0.0,0.0,6832.881136950905,0.0,0.0,0.0,2579.3314964245887,11605.23321956769,12621.572449642623,8316.785544460294,3107.89163722026,8652.63677382967,3334.8,3064.2574086836667,10587.158808933002,2336.8421052631584,0.0,6523.015075376885
15501,18.119,868.73736,868.73887,1.738151764813941,C55H94O6,CCCCCCCCC=CCCCCCC(=O)OC(COC(=O)CCCCCC=CCC=CCC=CCC=CCC=CCC)COC(=O)CCCCCCCCCCCCC,[M+NH4]+,TG 14:0_16:1_22:5,"TG 14:0_16:1(7)_22:5(7,10,13,16,19)",0.7343333333333332,0.7975283333332754,0.12629677444918852,0.12629677444918852,Some,Some,0.0,0.0,0.0,0.0,0.0,0.0,0.0,0.0,0.0,0.0,2360.3902856793293,0.0,0.0,0.0,0.0,0.0,0.0,0.0
15501,18.119,868.73736,868.73887,1.738151764813941,C55H94O6,CCCCCCCCCC=CCCCCC(=O)OC(COC(=O)CCCCCC=CCC=CCC=CCC=CCC=CCC)COC(=O)CCCCCCCCCCCCC,[M+NH4]+,TG 14:0_16:1_22:5,"TG 14:0_16:1(6)_22:5(7,10,13,16,19)",0.7305714285714282,0.811707142857082,0.10825437809930445,0.10825437809930445,Some,Some,0.0,0.0,0.0,0.0,0.0,0.0,0.0,0.0,0.0,0.0,592.9430476540037,0.0,0.0,0.0,0.0,0.0,0.0,0.0
15501,18.119,868.73736,868.73887,1.738151764813941,C55H94O6,CCCCCCC=CCCCCCCCC(=O)OC(COC(=O)CCCCCC=CCC=CCC=CCC=CCC=CCC)COC(=O)CCCCCCCCCCCCC,[M+NH4]+,TG 14:0_16:1_22:5,"TG 14:0_16:1(9)_22:5(7,10,13,16,19)",0.730999999999999,0.8349987499999401,0.09472258083689139,0.09472258083689139,Some,Some,0.0,0.0,0.0,0.0,0.0,0.0,0.0,0.0,0.0,0.0,2360.3902856793293,0.0,0.0,0.0,0.0,0.0,0.0,0.0
15501,18.119,868.73736,868.73887,1.738151764813941,C55H94O6,CCCCCCCCC=CCCCCCC(=O)OC(COC(=O)CCC=CCC=CCC=CCC=CCC=CCCCCC)COC(=O)CCCCCCCCCCCCC,[M+NH4]+,TG 14:0_16:1_22:5,"TG 14:0_16:1(7)_22:5(4,7,10,13,16)",0.5859999999999996,0.6324838461538058,0.0641053194496142,0.0641053194496142,Some,Some,0.0,0.0,0.0,0.0,0.0,0.0,0.0,0.0,0.0,0.0,592.9430476540037,0.0,0.0,0.0,0.0,0.0,0.0,0.0
15501,18.119,868.73736,868.73887,1.738151764813941,C55H94O6,CCCCCCCCCC=CCCCCC(=O)OC(COC(=O)CCC=CCC=CCC=CCC=CCC=CCCCCC)COC(=O)CCCCCCCCCCCCC,[M+NH4]+,TG 14:0_16:1_22:5,"TG 14:0_16:1(6)_22:5(4,7,10,13,16)",0.6075999999999998,0.7041573333332887,0.05555794352299897,0.05555794352299897,Some,Some,0.0,0.0,0.0,0.0,0.0,0.0,0.0,0.0,0.0,0.0,2360.3902856793293,0.0,0.0,0.0,0.0,0.0,0.0,0.0
15501,18.119,868.73736,868.73887,1.738151764813941,C55H94O6,CCCCCCC=CCCCCCCCC(=O)OC(COC(=O)CCC=CCC=CCC=CCC=CCC=CCCCCC)COC(=O)CCCCCCCCCCCCC,[M+NH4]+,TG 14:0_16:1_22:5,"TG 14:0_16:1(9)_22:5(4,7,10,13,16)",0.609333333333333,0.710907999999957,0.05555794352299897,0.05555794352299897,Some,Some,0.0,0.0,0.0,0.0,0.0,0.0,0.0,0.0,0.0,0.0,592.9430476540037,0.0,0.0,0.0,0.0,0.0,0.0,0.0
15544,18.205,792.70629,792.70757,1.614719031969417,C49H90O6,CCCCCCC=CCCCCCCCC(=O)OC(COC(=O)CCCCCCCC=CCCCCCC)COC(=O)CCCCCCCCCCCCC,[M+NH4]+,TG 14:0_16:1_16:1,TG 14:0_16:1(9)_16:1(9),0.5879999999999974,0.505944999999997,0.1546166355070511,0.1546166355070511,All,Some,0.0,0.0,0.0,0.0,0.0,0.0,0.0,0.0,0.0,3633.333333333333,0.0,0.0,0.0,0.0,0.0,1787.3049645390072,0.0,0.0
15544,18.205,792.70629,792.70757,1.614719031969417,C49H90O6,CCCCCCCCC=CCCCCCC(=O)OC(COC(=O)CCCCCCCC=CCCCCCC)COC(=O)CCCCCCCCCCCCC,[M+NH4]+,TG 14:0_16:1_16:1,TG 14:0_16:1(7)_16:1(9),0.6513333333333335,0.4330233333333429,0.10307775700470073,0.10307775700470073,Some,Some,0.0,0.0,0.0,0.0,0.0,0.0,0.0,0.0,0.0,3633.333333333333,0.0,0.0,0.0,0.0,0.0,1402.695035460993,0.0,0.0
15544,18.205,792.70629,792.70757,1.614719031969417,C49H90O6,CCCCCCCCCC=CCCCCC(=O)OC(COC(=O)CCCCCCCC=CCCCCCC)COC(=O)CCCCCCCCCCCCC,[M+NH4]+,TG 14:0_16:1_16:1,TG 14:0_16:1(6)_16:1(9),0.593,0.5225775000000112,0.07730831775352555,0.07730831775352555,All,Some,0.0,0.0,0.0,0.0,0.0,0.0,0.0,0.0,0.0,3633.333333333333,0.0,0.0,0.0,0.0,0.0,0.0,0.0,0.0
15660,18.33,766.69104,766.69192,1.1477882797281385,C47H88O6,CCCCCCCCCCCCCCCC(=O)OC(COC(=O)CCCCCCCC=CCCCCCC)COC(=O)CCCCCCCCCCC,[M+NH4]+,TG 12:0_16:0_16:1,TG 12:0_16:0_16:1(9),0.4350000000000023,0.8737350000000106,0.0014667567202471996,0.0014667567202471996,All,Some,,251000.0,,,,483000.0,642000.0,316000.0,607000.0,649000.0,475000.0,587000.0,467000.0,521000.0,674000.0,,408000.0,497000.0
15688,18.374,918.7543,918.75452,0.23945460427556597,C59H96O6,CCCCCC=CCC=CCC=CCC=CCCCC(=O)OC(COC(=O)CCCC=CCC=CCC=CCC=CCC=CCC)COC(=O)CCCCCCCCCCCCCCC,[M+NH4]+,TG 16:0_20:4_20:5,"TG 16:0_20:4(5,8,11,14)_20:5(5,8,11,14,17)",0.3646666666666671,0.8572550000000092,0.3204119082625361,0.3204119082625361,Some,Some,0.0,0.0,0.0,0.0,0.0,0.0,0.0,,0.0,0.0,6582.942930153321,0.0,0.0,0.0,27189.1341204735,0.0,0.0,0.0
15688,18.374,918.7543,918.75452,0.23945460427556597,C59H96O6,CCC=CCC=CCC=CCC=CCCCCCCC(=O)OC(COC(=O)CCCC=CCC=CCC=CCC=CCC=CCC)COC(=O)CCCCCCCCCCCCCCC,[M+NH4]+,TG 16:0_20:4_20:5,"TG 16:0_20:4(8,11,14,17)_20:5(5,8,11,14,17)",0.3693333333333335,0.7745766666666706,0.15520554922960153,0.15520554922960153,Some,Some,0.0,0.0,0.0,0.0,0.0,0.0,0.0,,0.0,0.0,4517.057069846678,0.0,0.0,0.0,20710.8658795265,0.0,0.0,0.0
15696,18.381,794.71324,794.72322,12.557831140164389,C49H92O6,CCCCCCCCCCCCCC(=O)OC(COC(=O)CCCCCCCCCC=CCCCCCC)COC(=O)CCCCCCCCCCCCC,[M+NH4]+,TG 14:0_14:0_18:1,TG 14:0_14:0_18:1(11),0.6950000000000003,0.4706199999999967,0.0,0.0,All,None,,,112000.0,,84300.0,72500.0,108000.0,85100.0,,,,,90400.0,0.0,128000.0,71900.0,0.0,0.0
15698,18.382,792.70675,792.70757,1.0344293797724955,C49H90O6,CCCCCCC=CCCCCCCCC(=O)OC(COC(=O)CCCCCCCC=CCCCCCC)COC(=O)CCCCCCCCCCCCC,[M+NH4]+,TG 14:0_16:1_16:1,TG 14:0_16:1(9)_16:1(9),0.9399999999999977,0.5059349999999654,0.19949295773076586,0.19949295773076586,All,Some,312737.2013651877,260365.68848758467,324056.49717514124,239257.4257425743,306219.5121951219,315558.39416058396,225795.3488372093,306645.8658346334,384073.17073170724,269333.3333333333,267328.89258950873,332758.48303393216,290335.0471293916,319040.3422982885,357700.3841229193,277125.8278145695,256125.60386473426,278298.9323843416
15698,18.382,792.70675,792.70757,1.0344293797724955,C49H90O6,CCCCCCCCC=CCCCCCC(=O)OC(COC(=O)CCCCCCCC=CCCCCCC)COC(=O)CCCCCCCCCCCCC,[M+NH4]+,TG 14:0_16:1_16:1,TG 14:0_16:1(7)_16:1(9),0.7679999999999984,0.43286333333329213,0.13299530515384392,0.13299530515384392,Some,Some,211631.39931740615,155317.15575620768,194971.75141242935,150371.2871287129,234390.24390243902,211720.80291970805,385409.3023255814,210677.06708268332,228463.41463414635,269333.3333333333,189335.55370524563,197620.75848303395,194332.47643530418,197979.8288508557,243149.80793854033,251381.8984547461,142437.19806763282,181350.53380782917
15698,18.382,792.70675,792.70757,1.0344293797724955,C49H90O6,CCCCCCCCCC=CCCCCC(=O)OC(COC(=O)CCCCCCCC=CCCCCCC)COC(=O)CCCCCCCCCCCCC,[M+NH4]+,TG 14:0_16:1_16:1,TG 14:0_16:1(6)_16:1(9),0.591999999999997,0.5225724999999954,0.09974647886538293,0.09974647886538293,All,Some,211631.39931740615,155317.15575620768,194971.75141242935,150371.2871287129,234390.24390243902,211720.80291970805,225795.3488372093,210677.06708268332,228463.41463414635,269333.3333333333,189335.55370524563,197620.75848303395,194332.47643530418,197979.8288508557,243149.80793854033,157492.2737306843,142437.19806763282,181350.53380782917
15707,18.386,944.76925,944.77017,0.9737818034104104,C61H98O6,CCCCCC=CCC=CCC=CCC=CCCCC(=O)OC(COC(=O)CCC=CCC=CCC=CCC=CCC=CCC=CCC)COC(=O)CCCCCCCCCCCCCCC,[M+NH4]+,TG 16:0_20:4_22:6,"TG 16:0_20:4(5,8,11,14)_22:6(4,7,10,13,16,19)",0.5948888888888904,0.6687466666666827,0.16834509003225792,0.16834509003225792,Some,Some,,0.0,0.0,0.0,0.0,0.0,0.0,0.0,0.0,6366.879419131869,22800.0,0.0,0.0,0.0,98516.8970814132,0.0,0.0,0.0
15707,18.386,944.76925,944.77017,0.9737818034104104,C61H98O6,CCC=CCC=CCC=CCC=CCCCCCCC(=O)OC(COC(=O)CCC=CCC=CCC=CCC=CCC=CCC=CCC)COC(=O)CCCCCCCCCCCCCCC,[M+NH4]+,TG 16:0_20:4_22:6,"TG 16:0_20:4(8,11,14,17)_22:6(4,7,10,13,16,19)",0.5490000000000018,0.7821333333333769,0.1453036704134768,0.1453036704134768,Some,Some,,0.0,0.0,0.0,0.0,0.0,0.0,0.0,0.0,3223.1205808681316,22800.0,0.0,0.0,0.0,58483.102918586796,0.0,0.0,0.0
15757,18.449,818.72238,818.72322,1.0259877567971836,C51H92O6,CCCCCCCCCCCCCCCC(=O)OC(COC(=O)CCCCC=CCC=CCC=CCCCCC)COC(=O)CCCCCCCCCCCCC,[M+NH4]+,TG 14:0_16:0_18:3,"TG 14:0_16:0_18:3(6,9,12)",0.7004999999999999,0.30242999999995845,0.19253164737222075,0.19253164737222075,Some,Some,111044.83837330552,86430.58531634147,98602.41969128078,74279.25381571511,103622.02136400988,43691.46796897443,39311.72545281221,132882.62692128553,36527.31893265566,95910.93042783703,68802.60432080495,36050.68423720223,73995.00901984367,75906.2732457228,169494.24726592674,57720.85163906726,15490.9065325219,38277.83964365256
15757,18.449,818.72238,818.72322,1.0259877567971836,C51H92O6,CCCCCCCCCCCCCCCC(=O)OC(COC(=O)CCCCCCCC=CCC=CCC=CCC)COC(=O)CCCCCCCCCCCCC,[M+NH4]+,TG 14:0_16:0_18:3,"TG 14:0_16:0_18:3(9,12,15)",0.5129999999999981,0.48869499999996907,0.00579112612098356,0.00579112612098356,All,Some,678955.1616266945,549569.4146836585,716397.5803087192,509720.7461842849,574377.9786359902,291308.53203102556,434688.2745471878,636117.3730787145,408472.6810673444,643089.0695721629,292197.395679195,486949.3157627978,388004.99098015635,430093.7267542772,668505.7527340732,458279.14836093277,186509.09346747812,283722.16035634745
15766,18.465,868.73852,868.73887,0.40288285940955954,C55H94O6,CCCCCCCCC=CCCCCCC(=O)OC(COC(=O)CCCCCC=CCC=CCC=CCC=CCC=CCC)COC(=O)CCCCCCCCCCCCC,[M+NH4]+,TG 14:0_16:1_22:5,"TG 14:0_16:1(7)_22:5(7,10,13,16,19)",0.4851111111111119,0.758568888888855,0.1419261311348135,0.1419261311348135,Some,Some,0.0,8659.92238542025,0.0,0.0,5607.596751075012,15341.053156087057,12635.729347324292,6294.432828018819,15311.31152884929,29997.1062763959,40073.698756333484,10201.434058898845,16133.656067774233,11577.49429962408,82284.90441245945,21584.143916532157,12742.166939679228,14153.908464965572
15766,18.465,868.73852,868.73887,0.40288285940955954,C55H94O6,CCCCCCCCCC=CCCCCC(=O)OC(COC(=O)CCCCCC=CCC=CCC=CCC=CCC=CCC)COC(=O)CCCCCCCCCCCCC,[M+NH4]+,TG 14:0_16:1_22:5,"TG 14:0_16:1(6)_22:5(7,10,13,16,19)",0.4964000000000013,0.7737049999999727,0.12773351802133215,0.12773351802133215,Some,Some,0.0,2334.248661394115,0.0,0.0,3800.4862145527104,2408.280390796006,5442.904912223788,3205.567171981181,11094.425730739977,1252.2389053944232,21739.981575310914,5680.627400768246,6658.334250192541,5089.307943550872,62328.068407294275,5614.171754743023,3723.6656886216774,4934.437019036047
15766,18.465,868.73852,868.73887,0.40288285940955954,C55H94O6,CCCCCCC=CCCCCCCCC(=O)OC(COC(=O)CCCCCC=CCC=CCC=CCC=CCC=CCC)COC(=O)CCCCCCCCCCCCC,[M+NH4]+,TG 14:0_16:1_22:5,"TG 14:0_16:1(9)_22:5(7,10,13,16,19)",0.5118000000000016,0.8425389999999652,0.12773351802133215,0.12773351802133215,Some,Some,0.0,9781.109200766321,0.0,0.0,3962.367555717939,18222.216290285265,16771.65458470061,6294.432828018819,20917.09225252635,36926.24735208303,52406.72501151543,15514.16133162612,12059.500495103974,17440.56202625254,104268.023054392,21641.502327648723,8630.720213129805,14072.093965168084
15766,18.465,868.73852,868.73887,0.40288285940955954,C55H94O6,CCCCCCCCC=CCCCCCC(=O)OC(COC(=O)CCC=CCC=CCC=CCC=CCC=CCCCCC)COC(=O)CCCCCCCCCCCCC,[M+NH4]+,TG 14:0_16:1_22:5,"TG 14:0_16:1(7)_22:5(4,7,10,13,16)",0.5038666666666676,0.5882153333333008,0.09782195850363365,0.09782195850363365,Some,Some,0.0,2301.5473792798552,0.0,0.0,3180.7312891711863,2444.2510632996987,5804.627746515777,3205.567171981181,11178.09409975008,3436.256811308438,21843.62045140488,6210.653008962869,4166.309091575898,5791.224502372588,67823.8480677774,5362.142372564157,2336.363472719745,4407.756176589713
15766,18.465,868.73852,868.73887,0.40288285940955954,C55H94O6,CCCCCCC=CCCCCCCCC(=O)OC(COC(=O)CCC=CCC=CCC=CCC=CCC=CCCCCC)COC(=O)CCCCCCCCCCCCC,[M+NH4]+,TG 14:0_16:1_22:5,"TG 14:0_16:1(9)_22:5(4,7,10,13,16)",0.5205333333333347,0.711430666666638,0.09782195850363365,0.09782195850363365,Some,Some,0.0,6937.031979171784,0.0,0.0,4368.086900311964,10396.401687042868,9946.695447115924,6294.432828018819,10040.20428121265,24988.150654818215,28155.2280055274,7008.809218950062,9715.891003777462,9600.566956307388,79600.86296494599,16178.54820221302,8630.720213129805,9633.657351154312
15766,18.465,868.73852,868.73887,0.40288285940955954,C55H94O6,CCCCCCCCCC=CCCCCC(=O)OC(COC(=O)CCC=CCC=CCC=CCC=CCC=CCCCCC)COC(=O)CCCCCCCCCCCCC,[M+NH4]+,TG 14:0_16:1_22:5,"TG 14:0_16:1(6)_22:5(4,7,10,13,16)",0.5158750000000012,0.6800662499999746,0.09170808609715654,0.09170808609715654,Some,Some,0.0,1686.1403939676773,0.0,0.0,3180.7312891711863,487.79741248910005,4098.387962119606,3205.567171981181,8458.872106921655,0.0,15780.746199907875,4084.314980793855,4166.309091575898,4100.8442718925235,62694.29309313093,3919.491426298921,2336.363472719745,3298.14702308627
15787,18.496,894.75407,894.75452,0.502931239733472,C57H96O6,CCCCCCC=CCCCCCCCC(=O)OC(COC(=O)CCC=CCC=CCC=CCC=CCC=CCC=CCCCC)COC(=O)CCCCCCCCCCCCC,[M+NH4]+,TG 14:0_16:1_24:6,"TG 14:0_16:1(9)_24:6(4,7,10,13,16,19)",0.517333333333335,0.7095716666666476,0.07961093766774734,0.07961093766774734,Some,Some,10942.200198216056,11739.822592040193,13800.000000000002,12090.480762129828,12733.333333333332,21766.666666666664,28533.333333333332,14200.0,30733.333333333332,33587.59345322287,43666.666666666664,17533.333333333336,9633.333333333332,20504.93753718025,112833.95153909149,22800.0,19733.333333333332,17800.0
15787,18.496,894.75407,894.75452,0.502931239733472,C57H96O6,CCCCCCCCC=CCCCCCC(=O)OC(COC(=O)CCC=CCC=CCC=CCC=CCC=CCC=CCCCC)COC(=O)CCCCCCCCCCCCC,[M+NH4]+,TG 14:0_16:1_24:6,"TG 14:0_16:1(7)_24:6(4,7,10,13,16,19)",0.5181818181818204,0.6928299999999787,0.008409981286733993,0.008409981286733993,Some,Some,9578.89990089197,10930.088703979905,13800.000000000002,10154.759618935086,12733.333333333332,21766.666666666664,28533.333333333332,14200.0,30733.333333333332,33587.59345322287,43666.666666666664,17533.333333333336,9633.333333333332,20504.93753718025,105202.37005636109,22800.0,19733.333333333332,17800.0
15787,18.496,894.75407,894.75452,0.502931239733472,C57H96O6,CCCCCCCCCC=CCCCCC(=O)OC(COC(=O)CCC=CCC=CCC=CCC=CCC=CCC=CCCCC)COC(=O)CCCCCCCCCCCCC,[M+NH4]+,TG 14:0_16:1_24:6,"TG 14:0_16:1(6)_24:6(4,7,10,13,16,19)",0.5180000000000025,0.7083999999999738,0.0077091495128394924,0.0077091495128394924,Some,Some,9578.89990089197,10930.088703979904,13800.000000000002,10154.759618935086,12733.333333333332,21766.666666666664,28533.333333333332,14200.0,30733.333333333332,41824.81309355425,43666.666666666664,17533.333333333336,9633.333333333332,25790.124925639502,149963.67840454742,22800.0,19733.333333333332,17800.0
15797,18.521,970.786,970.78582,0.18541679976360909,C63H100O6,CCCCCC=CCC=CCC=CCC=CCCCC(=O)OC(COC(=O)CCC=CCC=CCC=CCC=CCC=CCC=CCC)COC(=O)CCCCCCCC=CCCCCCCCC,[M+NH4]+,TG 18:1_20:4_22:6,"TG 18:1(9)_20:4(5,8,11,14)_22:6(4,7,10,13,16,19)",0.58575,0.6741449999999674,0.2394607943737197,0.2394607943737197,Some,Some,0.0,0.0,0.0,0.0,0.0,0.0,0.0,0.0,0.0,0.0,0.0,0.0,0.0,0.0,12970.213881316837,0.0,0.0,0.0
15797,18.521,970.786,970.78582,0.18541679976360909,C63H100O6,CCCCCC=CCC=CCC=CCC=CCCCC(=O)OC(COC(=O)CCC=CCC=CCC=CCC=CCC=CCC=CCC)COC(=O)CCCCC=CCCCCCCCCCCC,[M+NH4]+,TG 18:1_20:4_22:6,"TG 18:1(6)_20:4(5,8,11,14)_22:6(4,7,10,13,16,19)",0.5494,0.7130489999999554,0.19164517745963933,0.19164517745963933,Some,Some,0.0,0.0,0.0,0.0,0.0,0.0,0.0,0.0,0.0,0.0,0.0,0.0,0.0,0.0,3579.146571608304,0.0,0.0,0.0
15797,18.521,970.786,970.78582,0.18541679976360909,C63H100O6,CCC=CCC=CCC=CCC=CCCCCCCC(=O)OC(COC(=O)CCC=CCC=CCC=CCC=CCC=CCC=CCC)COC(=O)CCCCCCCC=CCCCCCCCC,[M+NH4]+,TG 18:1_20:4_22:6,"TG 18:1(9)_20:4(8,11,14,17)_22:6(4,7,10,13,16,19)",0.6560000000000002,0.7037819999999784,0.1804077987811483,0.1804077987811483,Some,Some,0.0,0.0,0.0,0.0,0.0,0.0,0.0,0.0,0.0,0.0,0.0,0.0,0.0,0.0,8473.179462600727,0.0,0.0,0.0
15797,18.521,970.786,970.78582,0.18541679976360909,C63H100O6,CCCCCC=CCC=CCC=CCC=CCCCC(=O)OC(COC(=O)CCC=CCC=CCC=CCC=CCC=CCC=CCC)COC(=O)CCCCCCCCCC=CCCCCCC,[M+NH4]+,TG 18:1_20:4_22:6,"TG 18:1(11)_20:4(5,8,11,14)_22:6(4,7,10,13,16,19)",0.5385000000000003,0.6426091666666404,0.1596405295824798,0.1596405295824798,Some,Some,0.0,0.0,0.0,0.0,0.0,0.0,0.0,0.0,0.0,0.0,0.0,0.0,0.0,0.0,9110.430458616662,0.0,0.0,0.0
15797,18.521,970.786,970.78582,0.18541679976360909,C63H100O6,CCC=CCC=CCC=CCC=CCCCCCCC(=O)OC(COC(=O)CCC=CCC=CCC=CCC=CCC=CCC=CCC)COC(=O)CCCCC=CCCCCCCCCCCC,[M+NH4]+,TG 18:1_20:4_22:6,"TG 18:1(6)_20:4(8,11,14,17)_22:6(4,7,10,13,16,19)",0.6305714285714298,0.6529814285713818,0.13469020361377884,0.13469020361377884,Some,Some,0.0,0.0,0.0,0.0,0.0,0.0,0.0,0.0,0.0,0.0,0.0,0.0,0.0,0.0,7987.883054249169,0.0,0.0,0.0
15797,18.521,970.786,970.78582,0.18541679976360909,C63H100O6,CCC=CCC=CCC=CCC=CCCCCCCC(=O)OC(COC(=O)CCC=CCC=CCC=CCC=CCC=CCC=CCC)COC(=O)CCCCCCCCCC=CCCCCCC,[M+NH4]+,TG 18:1_20:4_22:6,"TG 18:1(11)_20:4(8,11,14,17)_22:6(4,7,10,13,16,19)",0.67225,0.616047499999965,0.11275487423821769,0.11275487423821769,Some,Some,0.0,0.0,0.0,0.0,0.0,0.0,0.0,0.0,0.0,0.0,0.0,0.0,0.0,0.0,3579.146571608304,0.0,0.0,0.0
15819,18.541,920.76961,920.77017,0.6081865141917715,C59H98O6,CCCCCCCCC=CCCCCCCCC(=O)OC(COC(=O)CCC=CCC=CCC=CCC=CCC=CCC=CCC)COC(=O)CCCCCC=CCCCCCCCC,[M+NH4]+,TG 16:1_18:1_22:6,"TG 16:1(7)_18:1(9)_22:6(4,7,10,13,16,19)",0.4105714285714299,0.6352871428571396,0.07507159191673876,0.07507159191673876,Some,Some,277.44493392070495,0.0,0.0,0.0,286.90822443692207,1009.1179463097751,1584.1409241766657,845.255010073163,1819.0251307134424,1521.4786647133994,0.0,56.522911775774624,1497.0921143143019,1112.5202101859338,0.0,259.6753660089115,1073.2600294808972,811.6093484736045
15819,18.541,920.76961,920.77017,0.6081865141917715,C59H98O6,CCCCCCC=CCCCCCCCCCC(=O)OC(COC(=O)CCC=CCC=CCC=CCC=CCC=CCC=CCC)COC(=O)CCCCCCCC=CCCCCCC,[M+NH4]+,TG 16:1_18:1_22:6,"TG 16:1(9)_18:1(11)_22:6(4,7,10,13,16,19)",0.5382222222222239,0.6224877777777666,0.059340108154666914,0.059340108154666914,Some,Some,3911.7767988252576,0.0,0.0,0.0,1815.8365324609013,6837.481411912027,6382.915496553485,4363.291273459866,11361.949738573114,4837.627403921079,0.0,2754.6361176323003,5763.016696892002,4531.512732417138,0.0,6373.657967324421,5313.473566790168,2661.5010826581547
15819,18.541,920.76961,920.77017,0.6081865141917715,C59H98O6,CCCCCCCCCCCC=CCCCCC(=O)OC(COC(=O)CCC=CCC=CCC=CCC=CCC=CCC=CCC)COC(=O)CCCCCC=CCCCCCCCC,[M+NH4]+,TG 16:1_18:1_22:6,"TG 16:1(7)_18:1(6)_22:6(4,7,10,13,16,19)",0.46020000000000183,0.5209180000000174,0.05244957850457434,0.05244957850457434,Some,Some,277.44493392070495,0.0,0.0,0.0,593.1261937631197,1009.1179463097751,1201.0569313249937,1370.1622309405157,1819.0251307134424,2264.5263846897105,0.0,0.0,1186.6424863985992,1664.1926030719483,0.0,259.6753660089115,793.2791522250109,972.351045552969
15819,18.541,920.76961,920.77017,0.6081865141917715,C59H98O6,CCCCCCC=CCCCCCCCCCC(=O)OC(COC(=O)CCC=CCC=CCC=CCC=CCC=CCC=CCC)COC(=O)CCCCCC=CCCCCCCCC,[M+NH4]+,TG 16:1_18:1_22:6,"TG 16:1(7)_18:1(11)_22:6(4,7,10,13,16,19)",0.4556363636363656,0.5970645454545486,0.04955284120316357,0.04955284120316357,Some,Some,277.44493392070495,0.0,0.0,0.0,464.1543902116153,729.960084526884,1322.389583865203,1026.656770225851,1819.0251307134424,2434.8595829567053,0.0,56.522911775774624,1497.0921143143019,1913.0759902991103,0.0,259.6753660089115,1073.2600294808972,1104.758612977666
15819,18.541,920.76961,920.77017,0.6081865141917715,C59H98O6,CCCCCCCCC=CCCCCCCCC(=O)OC(COC(=O)CCC=CCC=CCC=CCC=CCC=CCC=CCC)COC(=O)CCCCCCCC=CCCCCCC,[M+NH4]+,TG 16:1_18:1_22:6,"TG 16:1(9)_18:1(9)_22:6(4,7,10,13,16,19)",0.4556363636363656,0.5970645454545486,0.04955284120316357,0.04955284120316357,Some,Some,3911.7767988252576,0.0,0.0,0.0,1686.8647289093967,6558.3235501291365,6121.164156242023,4019.7858127452014,11361.949738573114,4837.627403921079,0.0,2754.6361176323003,5763.016696892002,4531.512732417138,0.0,6373.657967324421,5313.473566790168,2593.6626376195754
15819,18.541,920.76961,920.77017,0.6081865141917715,C59H98O6,CCCCCCCCCCCC=CCCCCC(=O)OC(COC(=O)CCC=CCC=CCC=CCC=CCC=CCC=CCC)COC(=O)CCCCCCCC=CCCCCCC,[M+NH4]+,TG 16:1_18:1_22:6,"TG 16:1(9)_18:1(6)_22:6(4,7,10,13,16,19)",0.492363636363638,0.6160409090909049,0.04855099758109111,0.04855099758109111,Some,Some,277.44493392070495,0.0,0.0,0.0,464.1543902116153,465.8918368944195,939.3055910135308,1026.656770225851,1819.0251307134424,1979.8148552192747,0.0,0.0,932.9247701832281,1489.8595392077605,0.0,0.0,793.2791522250109,830.2717319480731
15819,18.541,920.76961,920.77017,0.6081865141917715,C59H98O6,CCCCCCCCC=CCCCCCCCC(=O)OC(COC(=O)CCC=CCC=CCC=CCC=CCC=CCC=CCC)COC(=O)CCCCC=CCCCCCCCCC,[M+NH4]+,TG 16:1_18:1_22:6,"TG 16:1(6)_18:1(9)_22:6(4,7,10,13,16,19)",0.5181818181818197,0.5920327272727325,0.048228054922986895,0.048228054922986895,Some,Some,277.44493392070495,0.0,0.0,0.0,157.93642088541768,465.8918368944195,1322.389583865203,501.7495493584986,1819.0251307134424,1236.7671352429631,0.0,56.522911775774624,1243.3743980989307,938.1871463217461,0.0,0.0,1073.2600294808972,669.5300348687086
15819,18.541,920.76961,920.77017,0.6081865141917715,C59H98O6,CCCCCCCCCCCC=CCCCCC(=O)OC(COC(=O)CCC=CCC=CCC=CCC=CCC=CCC=CCC)COC(=O)CCCCC=CCCCCCCCCC,[M+NH4]+,TG 16:1_18:1_22:6,"TG 16:1(6)_18:1(6)_22:6(4,7,10,13,16,19)",0.4816363636363651,0.4932954545454839,0.04768143500415849,0.04768143500415849,Some,Some,3911.7767988252576,0.0,0.0,0.0,1686.8647289093967,6294.255302496673,6504.248149093694,4019.7858127452014,11361.949738573114,4852.438986379079,0.0,2754.6361176323003,5819.748608592333,4606.063055780113,0.0,6113.98260131551,5593.454444046054,2651.5568929235837
15819,18.541,920.76961,920.77017,0.6081865141917715,C59H98O6,CCCCCCC=CCCCCCCCCCC(=O)OC(COC(=O)CCC=CCC=CCC=CCC=CCC=CCC=CCC)COC(=O)CCCCC=CCCCCCCCCC,[M+NH4]+,TG 16:1_18:1_22:6,"TG 16:1(6)_18:1(11)_22:6(4,7,10,13,16,19)",0.5566666666666684,0.569531666666677,0.04492236951064057,0.04492236951064057,All,Some,277.44493392070495,0.0,0.0,0.0,464.1543902116153,729.960084526884,1322.389583865203,1026.656770225851,1819.0251307134424,2434.8595829567053,0.0,56.522911775774624,1497.0921143143019,1913.0759902991103,0.0,259.6753660089115,1073.2600294808972,1104.758612977666
15888,18.638,844.7379,844.73887,1.1482838478263653,C53H94O6,CCCCCCCCC=CCC=CCCCCC(=O)OC(COC(=O)CCCCCCCC=CCC=CCCCCC)COC(=O)CCCCCCCCCCCCC,[M+NH4]+,TG 14:0_18:2_18:2,"TG 14:0_18:2(6,9)_18:2(9,12)",0.5226666666666707,0.7485999999999725,0.2142899805670824,0.2142899805670824,Some,Some,0.0,0.0,,0.0,0.0,16830.01531393568,0.0,0.0,0.0,80481.67970358171,80083.93039918116,0.0,21185.759192923455,32547.46136865342,165902.05187766164,19814.26056338028,6424.154025670946,21160.037878787884
15888,18.638,844.7379,844.73887,1.1482838478263653,C53H94O6,CCCCCC=CCC=CCCCCCCCC(=O)OC(COC(=O)CCCCCCCC=CCC=CCCCCC)COC(=O)CCCCCCCCCCCCC,[M+NH4]+,TG 14:0_18:2_18:2,"TG 14:0_18:2(9,12)_18:2(9,12)",0.4675000000000029,0.8942449999999553,0.17293644127809216,0.17293644127809216,All,Some,179500.0,0.0,,136500.0,194000.0,78500.0,127000.0,177000.0,132000.0,169500.0,142000.0,111000.0,86980.04240076029,97000.0,305000.0,91500.0,60500.0,102500.0
15888,18.638,844.7379,844.73887,1.1482838478263653,C53H94O6,CCCCCCCCC=CCC=CCCCCC(=O)OC(COC(=O)CCCCC=CCC=CCCCCCCCC)COC(=O)CCCCCCCCCCCCC,[M+NH4]+,TG 14:0_18:2_18:2,"TG 14:0_18:2(6,9)_18:2(6,9)",0.714000000000004,0.6800550000000101,0.14849852957253143,0.14849852957253143,All,Some,179500.0,338000.0,,136500.0,194000.0,61669.984686064316,127000.0,177000.0,132000.0,89018.32029641827,61916.06960081883,111000.0,71834.19840631627,64452.538631346586,139097.9481223384,71685.73943661973,54075.84597432906,81339.96212121213
15901,18.647,944.7703,944.77017,0.1375996026767463,C61H98O6,CCC=CCC=CCC=CCC=CCCCCCCC(=O)OC(COC(=O)CCC=CCC=CCC=CCC=CCC=CCC=CCC)COC(=O)CCCCCCCCCCCCCCC,[M+NH4]+,TG 16:0_20:4_22:6,"TG 16:0_20:4(8,11,14,17)_22:6(4,7,10,13,16,19)",0.22666666666667012,0.6572683333333392,0.23949087823713933,0.23949087823713933,Some,Some,,0.0,,0.0,0.0,0.0,0.0,0.0,0.0,13184.78829064297,21096.486887679366,0.0,0.0,0.0,64599.85785358921,0.0,0.0,0.0
15901,18.647,944.7703,944.77017,0.1375996026767463,C61H98O6,CCCCCC=CCC=CCC=CCC=CCCCC(=O)OC(COC(=O)CCC=CCC=CCC=CCC=CCC=CCC=CCC)COC(=O)CCCCCCCCCCCCCCC,[M+NH4]+,TG 16:0_20:4_22:6,"TG 16:0_20:4(5,8,11,14)_22:6(4,7,10,13,16,19)",0.3340000000000022,0.669752857142888,0.2100760085539775,0.2100760085539775,Some,Some,,0.0,,0.0,0.0,0.0,0.0,0.0,0.0,9315.21170935703,16303.513112320632,0.0,0.0,0.0,59400.142146410806,0.0,0.0,0.0
15904,18.652,970.78566,970.78582,0.16481493305814804,C63H100O6,CCCCCC=CCC=CCC=CCC=CCCCC(=O)OC(COC(=O)CCC=CCC=CCC=CCC=CCC=CCC=CCC)COC(=O)CCCCCCCC=CCCCCCCCC,[M+NH4]+,TG 18:1_20:4_22:6,"TG 18:1(9)_20:4(5,8,11,14)_22:6(4,7,10,13,16,19)",0.3428888888888903,0.7077288888889117,0.21674710231806493,0.21674710231806493,Some,Some,0.0,0.0,0.0,0.0,0.0,4450.3322238192495,3131.441675415815,0.0,7042.39744697826,10075.168340876477,18553.029815184498,0.0,4362.748001184485,4033.2075859940323,38010.06799364775,4208.463482640204,2676.3070142133147,3634.525090009726
15904,18.652,970.78566,970.78582,0.16481493305814804,C63H100O6,CCCCCC=CCC=CCC=CCC=CCCCC(=O)OC(COC(=O)CCC=CCC=CCC=CCC=CCC=CCC=CCC)COC(=O)CCCCC=CCCCCCCCCCCC,[M+NH4]+,TG 18:1_20:4_22:6,"TG 18:1(6)_20:4(5,8,11,14)_22:6(4,7,10,13,16,19)",0.36640000000000156,0.7684060000000272,0.1954769449038594,0.1954769449038594,Some,Some,0.0,0.0,0.0,0.0,0.0,4051.077363391078,3269.7021605791015,0.0,7042.39744697826,8022.8446848438025,14854.530233756197,0.0,4420.195439739414,3731.4516958743443,26434.958910868187,3825.147640545727,2451.436188652459,3560.488467805824
15904,18.652,970.78566,970.78582,0.16481493305814804,C63H100O6,CCC=CCC=CCC=CCC=CCCCCCCC(=O)OC(COC(=O)CCC=CCC=CCC=CCC=CCC=CCC=CCC)COC(=O)CCCCCCCC=CCCCCCCCC,[M+NH4]+,TG 18:1_20:4_22:6,"TG 18:1(9)_20:4(8,11,14,17)_22:6(4,7,10,13,16,19)",0.35400000000000204,0.8240760000000364,0.18741531195571365,0.18741531195571365,Some,Some,0.0,0.0,0.0,0.0,0.0,3352.88221499357,3056.506603304415,0.0,5206.149857057377,9629.42929683188,16833.923626762833,0.0,3347.9419603198107,2916.4957646009807,36862.27046362108,3225.807753690237,2035.3104313518336,2814.8601387341314
15904,18.652,970.78566,970.78582,0.16481493305814804,C63H100O6,CCCCCC=CCC=CCC=CCC=CCCCC(=O)OC(COC(=O)CCC=CCC=CCC=CCC=CCC=CCC=CCC)COC(=O)CCCCCCCCCC=CCCCCCC,[M+NH4]+,TG 18:1_20:4_22:6,"TG 18:1(11)_20:4(5,8,11,14)_22:6(4,7,10,13,16,19)",0.3305454545454561,0.776112727272758,0.17896210738553844,0.17896210738553844,Some,Some,0.0,0.0,0.0,0.0,0.0,3666.2758151146077,4023.2745758965575,0.0,7381.1980586397185,9514.902307097913,16452.57260609183,0.0,4158.276576843354,3727.151136870263,39517.26051897192,3656.921252165706,2401.299172953431,3334.9521128937718
15904,18.652,970.78566,970.78582,0.16481493305814804,C63H100O6,CCC=CCC=CCC=CCC=CCCCCCCC(=O)OC(COC(=O)CCC=CCC=CCC=CCC=CCC=CCC=CCC)COC(=O)CCCCC=CCCCCCCCCCCC,[M+NH4]+,TG 18:1_20:4_22:6,"TG 18:1(6)_20:4(8,11,14,17)_22:6(4,7,10,13,16,19)",0.40857142857143053,0.7973857142857567,0.13969557016703985,0.13969557016703985,Some,Some,0.0,0.0,0.0,0.0,0.0,4225.805028116096,3083.9476156268993,0.0,7021.70733328901,13280.549729550725,17051.838495717693,0.0,3942.404501036424,3644.723755958709,43888.28073204952,3741.167959362367,2525.207587037985,3152.3692363182
15904,18.652,970.78566,970.78582,0.16481493305814804,C63H100O6,CCC=CCC=CCC=CCC=CCCCCCCC(=O)OC(COC(=O)CCC=CCC=CCC=CCC=CCC=CCC=CCC)COC(=O)CCCCCCCCCC=CCCCCCC,[M+NH4]+,TG 18:1_20:4_22:6,"TG 18:1(11)_20:4(8,11,14,17)_22:6(4,7,10,13,16,19)",0.38088888888889094,0.7653733333333498,0.10610398001743408,0.10610398001743408,Some,Some,0.0,0.0,0.0,0.0,0.0,2953.6273545653985,2535.1273691772117,0.0,5206.149857057377,7577.105640799206,10254.10522248696,0.0,3268.4335208765187,2846.9700607016703,25287.161380841513,2842.4919115957605,1810.439605790977,2502.804954238347
15950,18.695,868.73831,868.73887,0.6446125750814682,C55H94O6,CCCCCCCCC=CCCCCCC(=O)OC(COC(=O)CCCC=CCC=CCC=CCC=CCC=CCC)COC(=O)CCCCCCCCCCCCCCC,[M+NH4]+,TG 16:0_16:1_20:5,"TG 16:0_16:1(7)_20:5(5,8,11,14,17)",0.4980000000000015,0.672825555555543,0.14130963286073292,0.14130963286073292,Some,Some,0.0,8623.989070371681,6108.1620314389365,4907.879399432837,7263.582045745193,48773.14382415225,51339.82314037304,0.0,69719.71775774205,83127.67425810904,107338.09059480541,45997.187060478194,54134.59218262252,47585.043232616285,169067.68148653614,48304.87131337678,34977.28889277113,46842.421851888364
15950,18.695,868.73831,868.73887,0.6446125750814682,C55H94O6,CCCCCCCCCC=CCCCCC(=O)OC(COC(=O)CCCC=CCC=CCC=CCC=CCC=CCC)COC(=O)CCCCCCCCCCCCCCC,[M+NH4]+,TG 16:0_16:1_20:5,"TG 16:0_16:1(6)_20:5(5,8,11,14,17)",0.4745454545454564,0.7746936363636223,0.11548859581053682,0.11548859581053682,All,Some,0.0,8591.71251174081,6722.914147521161,5466.083265192505,6671.837984024821,56510.324674724194,62004.9045106636,0.0,80135.9270874167,104430.64182194618,122324.26203350765,57760.498292143864,58740.49639006454,58566.31864251493,187444.9635189754,58664.31017342318,37675.1063803237,51764.42165466917
15950,18.695,868.73831,868.73887,0.6446125750814682,C55H94O6,CCCCCCC=CCCCCCCCC(=O)OC(COC(=O)CCCC=CCC=CCC=CCC=CCC=CCC)COC(=O)CCCCCCCCCCCCCCC,[M+NH4]+,TG 16:0_16:1_20:5,"TG 16:0_16:1(9)_20:5(5,8,11,14,17)",0.4049090909090929,0.8372318181817904,0.11548859581053682,0.11548859581053682,All,Some,0.0,7984.298417887508,5768.9238210399035,5126.037335374659,6864.579970229983,45716.53150112355,46655.272348963364,0.0,63144.35515484123,80441.68391994479,97337.6473716869,42242.31464737794,50124.911427312945,45848.638124868776,169487.35499448847,45030.81851320004,32347.604726905174,42393.15649344246
15968,18.711,870.75166,870.75452,3.2845077852038767,C55H96O6,CCCCCCC=CCCCCCCCC(=O)OC(COC(=O)CCCCCCCCCC=CCC=CCC=CCC)COC(=O)CCCCCCCC=CCCCCCC,[M+NH4]+,TG 16:1_16:1_20:3,"TG 16:1(9)_16:1(9)_20:3(11,14,17)",0.47850000000000215,0.8877224999999953,0.550314844840122,0.550314844840122,Some,Some,14350.606957053958,23221.511803146223,18789.835084218557,26522.157996146434,23169.917958811977,8890.571484489676,9606.832027850305,24679.414189799365,11363.36405529954,10026.174349137846,15470.974183426046,8262.409486829678,7262.281114251261,7906.055259639844,48661.80815652667,7085.756818544314,5553.468626378927,9232.322715684115
15968,18.711,870.75166,870.75452,3.2845077852038767,C55H96O6,CCCCCCC=CCCCCCCCC(=O)OC(COC(=O)CCCCCCC=CCC=CCC=CCCCCC)COC(=O)CCCCCCCC=CCCCCCC,[M+NH4]+,TG 16:1_16:1_20:3,"TG 16:1(9)_16:1(9)_20:3(8,11,14)",0.45360000000000156,0.8939960000000156,0.44976738077225387,0.44976738077225387,Some,Some,14350.606957053958,23221.511803146223,18789.835084218557,27514.450867052023,23169.917958811977,9759.076230550934,11041.296779808528,24679.414189799365,13039.861751152073,13906.771364063221,18609.114249037226,10285.444432784132,7773.941829118963,8894.58425355902,62306.225055165814,8340.900632675848,6243.286270221594,10336.792987315475
15968,18.711,870.75166,870.75452,3.2845077852038767,C55H96O6,CCCCCCC=CCCCCCCCC(=O)OC(COC(=O)CCCCCCCCCC=CCC=CCC=CCC)COC(=O)CCCCC=CCCCCCCCCC,[M+NH4]+,TG 16:1_16:1_20:3,"TG 16:1(6)_16:1(9)_20:3(11,14,17)",0.41742857142857304,0.8761228571428481,0.40474111966892146,0.40474111966892146,All,Some,8641.458963809264,28685.396933298274,26142.37924760842,18526.01156069364,17410.66739628467,10481.725217731675,12875.19582245431,14756.763123797558,11312.442396313363,11127.495054846253,21426.1161032663,10334.505194668905,10423.023917385617,10613.548795359964,68587.43448224275,8034.026264022543,7413.356704081304,9887.794686978692
15968,18.711,870.75166,870.75452,3.2845077852038767,C55H96O6,CCCCCCCCCC=CCCCCC(=O)OC(COC(=O)CCCCCCCCCC=CCC=CCC=CCC)COC(=O)CCCCC=CCCCCCCCCC,[M+NH4]+,TG 16:1_16:1_20:3,"TG 16:1(6)_16:1(6)_20:3(11,14,17)",0.4220000000000006,0.8772050000000036,0.4030930082970956,0.4030930082970956,Some,Some,14655.046641050923,24157.202131684764,18789.835084218557,26522.157996146434,21679.45540005799,9099.078921616596,9606.832027850305,24679.414189799365,11363.36405529954,10278.906671461968,15470.974183426046,8262.409486829678,7506.2277389527,7906.055259639844,49658.08947281246,7406.454356956777,5834.925867558614,9632.160618173808
15968,18.711,870.75166,870.75452,3.2845077852038767,C55H96O6,CCCCCCC=CCCCCCCCC(=O)OC(COC(=O)CCCCCCCCCC=CCC=CCC=CCC)COC(=O)CCCCCC=CCCCCCCCC,[M+NH4]+,TG 16:1_16:1_20:3,"TG 16:1(7)_16:1(9)_20:3(11,14,17)",0.4692500000000015,0.8869087500000035,0.3541484797103063,0.3541484797103063,Some,Some,14655.046641050923,24609.338626204848,18789.835084218557,27514.450867052023,23169.917958811977,9967.583667677854,11041.296779808528,24679.414189799365,13039.861751152073,14159.503686387341,18609.114249037226,10285.444432784132,8017.888453820403,8762.738926908587,63302.50637145162,8661.59817108831,6524.74351140128,10736.630889805168
15968,18.711,870.75166,870.75452,3.2845077852038767,C55H96O6,CCCCCCCCC=CCCCCCC(=O)OC(COC(=O)CCCCCCCCCC=CCC=CCC=CCC)COC(=O)CCCCCC=CCCCCCCCC,[M+NH4]+,TG 16:1_16:1_20:3,"TG 16:1(7)_16:1(7)_20:3(11,14,17)",0.24150000000000205,0.9035775000000115,0.3443192696665972,0.3443192696665972,Some,Some,3963.8625364117556,14479.295594902938,11079.87557955279,9418.111753371868,7767.826296467207,5436.441921910167,6166.449086161881,7034.905178844869,7011.520737327189,7979.380207396752,10856.725146198833,5872.861790324275,4241.832378096759,4106.173439667419,40469.5372482809,5188.3885374023075,3405.4288746663237,5264.750873438042
15968,18.711,870.75166,870.75452,3.2845077852038767,C55H96O6,CCCCCCC=CCCCCCCCC(=O)OC(COC(=O)CCCCCCC=CCC=CCC=CCCCCC)COC(=O)CCCCCC=CCCCCCCCC,[M+NH4]+,TG 16:1_16:1_20:3,"TG 16:1(7)_16:1(9)_20:3(8,11,14)",0.4948571428571447,0.8817942857142985,0.32126241483732415,0.32126241483732415,Some,Some,8945.898647806227,30073.223756356903,26142.37924760842,18526.01156069364,17410.66739628467,10690.232654858595,12875.19582245431,14756.763123797558,11312.442396313363,11380.227377170375,21426.1161032663,10334.505194668905,10460.655737704918,10278.649227429498,69583.71579852854,8183.316497421449,7694.81394526099,10287.632589468385
15968,18.711,870.75166,870.75452,3.2845077852038767,C55H96O6,CCCCCCC=CCCCCCCCC(=O)OC(COC(=O)CCCC=CCC=CCC=CCCCCCCCC)COC(=O)CCCCCC=CCCCCCCCC,[M+NH4]+,TG 16:1_16:1_20:3,"TG 16:1(7)_16:1(9)_20:3(5,8,11)",0.3416666666666662,0.6904033333333549,0.2992048322740896,0.2992048322740896,Some,Some,3503.587337209698,0.0,0.0,6512.52408477842,0.0,1737.0094921225168,2294.5604873803304,6487.887235462719,2385.483870967742,6815.720593818058,3848.0245328769083,3445.797040612866,511.66071486770244,1144.3179294188644,16215.91874462367,2065.181562018183,1004.1649245810954,3290.4692958987753
15968,18.711,870.75166,870.75452,3.2845077852038767,C55H96O6,CCCCCCC=CCCCCCCCC(=O)OC(COC(=O)CCCC=CCC=CCC=CCCCCCCCC)COC(=O)CCCCCCCC=CCCCCCC,[M+NH4]+,TG 16:1_16:1_20:3,"TG 16:1(9)_16:1(9)_20:3(5,8,11)",0.4706666666666675,0.8419883333333663,0.2871175584422191,0.2871175584422191,Some,Some,3992.426354744012,15867.12241796156,9333.646340747695,9418.111753371868,7381.338386210221,4756.5551913103045,5417.145343777198,5489.261455102281,6459.216589861751,7198.325640871946,10856.725146198833,5082.117745828524,4485.7790027982,4106.173439667419,38627.33018812478,4600.350895847732,3212.4545717685655,4743.650656258853
15968,18.711,870.75166,870.75452,3.2845077852038767,C55H96O6,CCCCCCC=CCCCCCCCC(=O)OC(COC(=O)CCCCCCC=CCC=CCC=CCCCCC)COC(=O)CCCCC=CCCCCCCCCC,[M+NH4]+,TG 16:1_16:1_20:3,"TG 16:1(6)_16:1(9)_20:3(8,11,14)",0.4615000000000027,0.8836025000000092,0.28110461298265865,0.28110461298265865,All,Some,8641.458963809264,28685.396933298274,26142.37924760842,18526.01156069364,16840.29124825933,10481.725217731675,12875.19582245431,14756.763123797558,11312.442396313363,11127.495054846253,21426.1161032663,10334.505194668905,10216.709113003477,10481.703468709531,68587.43448224275,8034.026264022543,7413.356704081304,9887.794686978692
15984,18.729,794.7216,794.72322,2.0384455357962477,C49H92O6,CCCCCCCCCCCCCCCC(=O)OC(COC(=O)CCCCCCCC=CCCCCCC)COC(=O)CCCCCCCCCCCCC,[M+NH4]+,TG 14:0_16:0_16:1,TG 14:0_16:0_16:1(9),0.620000000000001,0.9006499999999278,0.178723560008164,0.178723560008164,All,Some,0.0,0.0,0.0,0.0,0.0,0.0,0.0,0.0,10850.942670257791,16555.99398722285,11307.971339005822,8145.508982035928,5268.84567645842,5606.572769953052,11034.117296814527,9199.145299145299,0.0,10944.715447154473
15984,18.729,794.7216,794.72322,2.0384455357962477,C49H92O6,CCCCCCCCCCCCCCCC(=O)OC(COC(=O)CCCCCC=CCCCCCCCC)COC(=O)CCCCCCCCCCCCC,[M+NH4]+,TG 14:0_16:0_16:1,TG 14:0_16:0_16:1(7),0.4659999999999975,0.8760799999999449,0.13463903258823584,0.13463903258823584,All,All,0.0,0.0,0.0,0.0,0.0,0.0,0.0,0.0,11549.05732974221,18944.00601277715,10592.028660994178,10154.491017964074,7131.154323541581,9793.42723004695,13365.882703185473,13700.854700854701,0.0,14455.284552845527
15988,18.733,794.72101,794.72322,2.780842366718493,C49H92O6,CCCCCCCCCCCCCCCC(=O)OC(COC(=O)CCCCCCCC=CCCCCCC)COC(=O)CCCCCCCCCCCCC,[M+NH4]+,TG 14:0_16:0_16:1,TG 14:0_16:0_16:1(9),0.5139999999999993,0.9002449999999271,0.2277862408584544,0.2277862408584544,All,Some,0.0,0.0,0.0,0.0,0.0,0.0,0.0,0.0,9250.0,0.0,0.0,0.0,12900.0,15500.0,11400.0,0.0,0.0,0.0
15988,18.733,794.72101,794.72322,2.780842366718493,C49H92O6,CCCCCCCCCCCCCCCC(=O)OC(COC(=O)CCCCCC=CCCCCCCCC)COC(=O)CCCCCCCCCCCCC,[M+NH4]+,TG 14:0_16:0_16:1,TG 14:0_16:0_16:1(7),0.4659999999999975,0.8754899999999566,0.12760829058651085,0.12760829058651085,All,All,0.0,0.0,0.0,0.0,0.0,0.0,0.0,0.0,0.0,0.0,0.0,0.0,0.0,0.0,0.0,0.0,0.0,0.0
15998,18.739,894.75388,894.75452,0.7152799853704802,C57H96O6,CCCCCCC=CCCCCCCCCCC(=O)OC(COC(=O)CCCC=CCC=CCC=CCC=CCC=CCC)COC(=O)CCCCCCCC=CCCCCCC,[M+NH4]+,TG 16:1_18:1_20:5,"TG 16:1(9)_18:1(11)_20:5(5,8,11,14,17)",0.6537500000000005,0.7831325000000078,0.49187300991905836,0.49187300991905836,Some,Some,11530.741376672391,16941.300069546178,12033.460076045627,10893.4870174134,11785.298644742274,43216.292134831456,51343.1239404696,13667.376389874613,66306.86243401506,83835.26780061623,95332.70884782424,43178.30317830318,51284.14337278604,45638.30262231457,174408.04559299743,44381.81120491175,32014.03266620657,44277.62698720435
15998,18.739,894.75388,894.75452,0.7152799853704802,C57H96O6,CCCCCCCCCCCC=CCCCCC(=O)OC(COC(=O)CCCC=CCC=CCC=CCC=CCC=CCC)COC(=O)CCCCCCCC=CCCCCCC,[M+NH4]+,TG 16:1_18:1_20:5,"TG 16:1(9)_18:1(6)_20:5(5,8,11,14,17)",0.7404000000000004,0.8181190000000129,0.4856360779821034,0.4856360779821034,Some,Some,12287.588188293694,19432.384841893432,13406.844106463877,11847.398694136009,11437.429139918157,46348.31460674156,58117.87441423385,13667.376389874613,71425.56321573831,80161.27126155405,99009.45243975135,47972.76797276797,51284.14337278603,47351.067300922194,153645.43524070125,45825.78664620108,30458.937198067633,47699.36667959158
15998,18.739,894.75388,894.75452,0.7152799853704802,C57H96O6,CCCCCCC=CCCCCCCCCCC(=O)OC(COC(=O)CCCC=CCC=CCC=CCC=CCC=CCC)COC(=O)CCCCCC=CCCCCCCCC,[M+NH4]+,TG 16:1_18:1_20:5,"TG 16:1(7)_18:1(11)_20:5(5,8,11,14,17)",0.6654000000000003,0.7349450000000161,0.4855840944304678,0.4855840944304678,Some,Some,1500.7191064719584,1850.5201166008198,1249.1254752851712,1492.6183192775497,1615.8050831550097,17794.94382022472,19515.346214725243,1065.673054175538,34523.668041653444,52428.523192504115,49198.33092054841,18587.33858733858,22428.35557794007,19696.793803987563,103412.62999040096,18717.191097467385,11483.781918564528,17313.687475765804
15998,18.739,894.75388,894.75452,0.7152799853704802,C57H96O6,CCCCCCCCC=CCCCCCCCC(=O)OC(COC(=O)CCCC=CCC=CCC=CCC=CCC=CCC)COC(=O)CCCCCCCC=CCCCCCC,[M+NH4]+,TG 16:1_18:1_20:5,"TG 16:1(9)_18:1(9)_20:5(5,8,11,14,17)",0.6694000000000002,0.7312880000000177,0.45987196105964934,0.45987196105964934,Some,Some,11594.17234755113,17610.718989064975,13282.585551330796,11165.835713521157,12539.55775800578,48483.14606741573,57359.10236117225,14733.049444050153,70023.8266939741,95642.42603300553,101548.15634846292,51909.5719095719,54768.488206161346,48376.225721694624,172477.97028371767,46752.11051419801,38398.895790200135,48803.153677135844
15998,18.739,894.75388,894.75452,0.7152799853704802,C57H96O6,CCCCCCCCCCCC=CCCCCC(=O)OC(COC(=O)CCCC=CCC=CCC=CCC=CCC=CCC)COC(=O)CCCCCC=CCCCCCCCC,[M+NH4]+,TG 16:1_18:1_20:5,"TG 16:1(7)_18:1(6)_20:5(5,8,11,14,17)",0.7342222222222227,0.7445977777777872,0.4505656027724105,0.4505656027724105,Some,Some,12351.019159172434,20101.803761412233,14655.969581749048,12119.747390243767,12191.688253181663,51615.16853932584,64133.85283493648,14733.049444050153,75142.52747569734,91968.42949394337,105224.89994039001,56704.03670403669,54768.488206161346,50088.99040030224,151715.35993142147,48196.085955487346,36843.800322061186,52224.89336952307
15998,18.739,894.75388,894.75452,0.7152799853704802,C57H96O6,CCCCCCC=CCCCCCCCCCC(=O)OC(COC(=O)CCCC=CCC=CCC=CCC=CCC=CCC)COC(=O)CCCCC=CCCCCCCCCC,[M+NH4]+,TG 16:1_18:1_20:5,"TG 16:1(6)_18:1(11)_20:5(5,8,11,14,17)",0.5896363636363641,0.801381818181829,0.441487343620094,0.441487343620094,All,Some,11594.17234755113,17610.718989064975,13282.585551330796,11165.835713521157,12191.688253181663,48483.14606741573,57359.10236117225,14733.049444050153,66842.3572850261,80620.52082893682,89839.47883845695,51909.5719095719,51554.772097708395,42750.35633940684,120465.51271750625,45090.17651573293,36843.800322061186,48803.153677135844
15998,18.739,894.75388,894.75452,0.7152799853704802,C57H96O6,CCCCCCCCCCCC=CCCCCC(=O)OC(COC(=O)CCCC=CCC=CCC=CCC=CCC=CCC)COC(=O)CCCCC=CCCCCCCCCC,[M+NH4]+,TG 16:1_18:1_20:5,"TG 16:1(6)_18:1(6)_20:5(5,8,11,14,17)",0.6440000000000005,0.8167130000000042,0.40556102604680494,0.40556102604680494,Some,Some,10812.09730887578,16350.749471005165,12033.460076045627,10520.678057766738,11785.298644742274,39915.73033707865,48538.37724433122,13667.376389874613,55785.96359650388,79213.14312244122,82639.18930426637,43178.30317830318,43199.11021573071,39724.88880493208,149067.06779464896,41493.86032233309,32014.03266620657,41865.06397828616
15998,18.739,894.75388,894.75452,0.7152799853704802,C57H96O6,CCCCCCCCC=CCCCCCCCC(=O)OC(COC(=O)CCCC=CCC=CCC=CCC=CCC=CCC)COC(=O)CCCCCC=CCCCCCCCC,[M+NH4]+,TG 16:1_18:1_20:5,"TG 16:1(7)_18:1(9)_20:5(5,8,11,14,17)",0.608666666666668,0.7550650000000019,0.3889138401077498,0.3889138401077498,Some,Some,11958.179623616612,18841.834243352423,13406.844106463877,11474.589734489347,11437.429139918157,46348.31460674156,58117.87441423385,13667.376389874613,71425.56321573831,82931.58316802431,99009.45243975135,47972.76797276797,51284.14337278603,49013.82425168725,162520.39184945315,45825.78664620108,30458.937198067633,47699.36667959158
15998,18.739,894.75388,894.75452,0.7152799853704802,C57H96O6,CCCCCCCCC=CCCCCCCCC(=O)OC(COC(=O)CCCC=CCC=CCC=CCC=CCC=CCC)COC(=O)CCCCC=CCCCCCCCCC,[M+NH4]+,TG 16:1_18:1_20:5,"TG 16:1(6)_18:1(9)_20:5(5,8,11,14,17)",0.5730000000000004,0.7298820000000091,0.3797969091243509,0.3797969091243509,Some,Some,1171.3105417948764,1259.9695180598096,1249.1254752851712,1119.809359630888,1615.8050831550097,17794.94382022472,19515.346214725243,1065.673054175538,34523.668041653444,55198.835098974385,49198.33092054842,18587.33858733858,22428.35557794007,21359.550754752618,112287.58659915287,18717.191097467385,11483.781918564528,17313.687475765804
16084,18.784,920.76977,920.77017,0.4344189386731312,C59H98O6,CCCCCC=CCC=CCCCCCCCC(=O)OC(COC(=O)CCCCCCC=CCC=CCC=CCC=CCC)COC(=O)CCCCCCCC=CCC=CCCCCC,[M+NH4]+,TG 18:2_18:2_20:4,"TG 18:2(9,12)_18:2(9,12)_20:4(8,11,14,17)",0.04399999999999693,0.8591900000000123,0.37438314703575537,0.37438314703575537,Some,Some,0.0,,0.0,0.0,6323.068031704095,0.0,0.0,5700.276789244761,0.0,102959.39269791542,0.0,0.0,13417.362270450752,38032.908519553064,121783.86162147157,0.0,0.0,44607.31644921975
16084,18.784,920.76977,920.77017,0.4344189386731312,C59H98O6,CCCCCC=CCC=CCCCCCCCC(=O)OC(COC(=O)CCCC=CCC=CCC=CCC=CCCCCC)COC(=O)CCCCCCCC=CCC=CCCCCC,[M+NH4]+,TG 18:2_18:2_20:4,"TG 18:2(9,12)_18:2(9,12)_20:4(5,8,11,14)",0.902000000000001,0.8030300000001489,0.252993554801319,0.252993554801319,Some,Some,33254.31098010317,,33105.49553781118,32435.622188905552,29472.93593130779,150596.53624118026,179822.58802011888,36926.0577303282,224261.22448979592,187365.70671165202,220460.3252833908,124466.00518660502,137233.7228714524,90954.2597765363,647504.2939676262,121819.68341362699,106808.94015861572,101485.03453568688
16084,18.784,920.76977,920.77017,0.4344189386731312,C59H98O6,CCCCCC=CCC=CCCCCCCCC(=O)OC(COC(=O)CCCCCCC=CCC=CCC=CCC=CCC)COC(=O)CCCCC=CCC=CCCCCCCCC,[M+NH4]+,TG 18:2_18:2_20:4,"TG 18:2(6,9)_18:2(9,12)_20:4(8,11,14,17)",0.5012000000000001,0.6990059999999858,0.15105810577521303,0.15105810577521303,Some,Some,0.0,,0.0,2900.059970014993,6323.068031704095,0.0,29545.496113397352,5700.276789244761,40729.795918367345,114988.31184480057,152517.4963035978,33067.98962678994,31660.26711185309,40062.41270949721,190031.05536182103,30360.633172746042,18322.278298485937,44607.31644921975
16084,18.784,920.76977,920.77017,0.4344189386731312,C59H98O6,CCCCCCCCC=CCC=CCCCCC(=O)OC(COC(=O)CCCCCCC=CCC=CCC=CCC=CCC)COC(=O)CCCCC=CCC=CCCCCCCCC,[M+NH4]+,TG 18:2_18:2_20:4,"TG 18:2(6,9)_18:2(6,9)_20:4(8,11,14,17)",0.41199999999999903,0.629256666666663,0.12591610783078983,0.12591610783078983,Some,Some,30022.844509948412,,33105.49553781118,29282.158920539736,27151.998018494058,109403.46375881977,118631.91586648376,34201.66073546856,105699.5918367347,137483.0702494276,220460.3252833908,113989.17578080957,77326.3772954925,80043.64525139664,268865.00459758146,121819.68341362699,71868.78154289834,74300.33256587363
16084,18.784,920.76977,920.77017,0.4344189386731312,C59H98O6,CCCCCC=CCC=CCCCCCCCC(=O)OC(COC(=O)CCCC=CCC=CCC=CCC=CCCCCC)COC(=O)CCCCC=CCC=CCCCCCCCC,[M+NH4]+,TG 18:2_18:2_20:4,"TG 18:2(6,9)_18:2(9,12)_20:4(5,8,11,14)",0.7600000000000003,0.6075833333333094,0.05190632843597138,0.05190632843597138,Some,Some,0.0,,0.0,0.0,0.0,0.0,0.0,0.0,33309.38775510204,21203.51849620436,124561.85312962049,0.0,22362.270450751254,7468.575418994414,161815.78445149987,0.0,0.0,0.0
16084,18.784,920.76977,920.77017,0.4344189386731312,C59H98O6,CCCCCCCCC=CCC=CCCCCC(=O)OC(COC(=O)CCCC=CCC=CCC=CCC=CCCCCC)COC(=O)CCCCC=CCC=CCCCCCCCC,[M+NH4]+,TG 18:2_18:2_20:4,"TG 18:2(6,9)_18:2(6,9)_20:4(5,8,11,14)",0.7553333333333351,0.6190299999999903,0.0018377365835520563,0.0018377365835520563,Some,Some,30022.844509948412,,26589.008924377642,29282.158920539736,20828.92998678996,0.0,0.0,23471.72795571372,0.0,0.0,0.0,10476.829405795466,0.0,22438.198324022345,0.0,0.0,0.0,0.0
16094,18.798,972.80144,972.80147,0.030838769227953696,C63H102O6,CCCCCC=CCC=CCC=CCC=CCCCC(=O)OC(COC(=O)CCC=CCC=CCC=CCC=CCC=CCCCCC)COC(=O)CCCCCCCC=CCCCCCCCC,[M+NH4]+,TG 18:1_20:4_22:5,"TG 18:1(9)_20:4(5,8,11,14)_22:5(4,7,10,13,16)",0.45171428571428657,0.6179400000000085,0.010909142211803433,0.010909142211803433,Some,Some,0.0,0.0,0.0,0.0,0.0,0.0,0.0,0.0,0.0,0.0,0.0,0.0,0.0,0.0,1841.0024476027381,0.0,0.0,0.0
16094,18.798,972.80144,972.80147,0.030838769227953696,C63H102O6,CCCCCC=CCC=CCC=CCC=CCCCC(=O)OC(COC(=O)CCC=CCC=CCC=CCC=CCC=CCCCCC)COC(=O)CCCCC=CCCCCCCCCCCC,[M+NH4]+,TG 18:1_20:4_22:5,"TG 18:1(6)_20:4(5,8,11,14)_22:5(4,7,10,13,16)",0.500923076923078,0.6901976923077288,0.010485364012042168,0.010485364012042168,Some,Some,0.0,0.0,0.0,0.0,0.0,0.0,0.0,0.0,0.0,0.0,0.0,0.0,0.0,0.0,937.8215475094318,0.0,0.0,0.0
16094,18.798,972.80144,972.80147,0.030838769227953696,C63H102O6,CCCCCC=CCC=CCC=CCC=CCCCC(=O)OC(COC(=O)CCCCCC=CCC=CCC=CCC=CCC=CCC)COC(=O)CCCCC=CCCCCCCCCCCC,[M+NH4]+,TG 18:1_20:4_22:5,"TG 18:1(6)_20:4(5,8,11,14)_22:5(7,10,13,16,19)",0.4150000000000006,0.7037039999999933,0.010391882961234526,0.010391882961234526,Some,Some,0.0,0.0,0.0,0.0,0.0,0.0,0.0,0.0,0.0,0.0,0.0,0.0,0.0,0.0,5403.7088987754605,0.0,0.0,0.0
16094,18.798,972.80144,972.80147,0.030838769227953696,C63H102O6,CCCCCC=CCC=CCC=CCC=CCCCC(=O)OC(COC(=O)CCC=CCC=CCC=CCC=CCC=CCCCCC)COC(=O)CCCCCCCCCC=CCCCCCC,[M+NH4]+,TG 18:1_20:4_22:5,"TG 18:1(11)_20:4(5,8,11,14)_22:5(4,7,10,13,16)",0.5316470588235293,0.6444141176470553,0.008387118033121628,0.008387118033121628,Some,Some,0.0,0.0,0.0,0.0,0.0,0.0,0.0,0.0,0.0,0.0,0.0,0.0,0.0,0.0,701.4005795077501,0.0,0.0,0.0
16094,18.798,972.80144,972.80147,0.030838769227953696,C63H102O6,CCCCCC=CCC=CCC=CCC=CCCCC(=O)OC(COC(=O)CCCCCC=CCC=CCC=CCC=CCC=CCC)COC(=O)CCCCCCCCCC=CCCCCCC,[M+NH4]+,TG 18:1_20:4_22:5,"TG 18:1(11)_20:4(5,8,11,14)_22:5(7,10,13,16,19)",0.505400000000001,0.6431530000000066,0.008337155861383045,0.008337155861383045,Some,Some,0.0,0.0,0.0,0.0,0.0,0.0,0.0,0.0,0.0,0.0,0.0,0.0,0.0,0.0,1051.6946975163773,0.0,0.0,0.0
16094,18.798,972.80144,972.80147,0.030838769227953696,C63H102O6,CCCCCC=CCC=CCC=CCC=CCCCC(=O)OC(COC(=O)CCCCCC=CCC=CCC=CCC=CCC=CCC)COC(=O)CCCCCCCC=CCCCCCCCC,[M+NH4]+,TG 18:1_20:4_22:5,"TG 18:1(9)_20:4(5,8,11,14)_22:5(7,10,13,16,19)",0.4258000000000024,0.6270199999999931,0.008140385012617355,0.008140385012617355,Some,Some,0.0,0.0,0.0,0.0,0.0,0.0,0.0,0.0,0.0,0.0,0.0,0.0,0.0,0.0,4023.421259353689,0.0,0.0,0.0
16094,18.798,972.80144,972.80147,0.030838769227953696,C63H102O6,CCC=CCC=CCC=CCC=CCCCCCCC(=O)OC(COC(=O)CCC=CCC=CCC=CCC=CCC=CCCCCC)COC(=O)CCCCC=CCCCCCCCCCCC,[M+NH4]+,TG 18:1_20:4_22:5,"TG 18:1(6)_20:4(8,11,14,17)_22:5(4,7,10,13,16)",0.4186666666666661,0.666091904761878,0.007909477939206513,0.007909477939206513,Some,Some,0.0,0.0,0.0,0.0,0.0,0.0,0.0,0.0,0.0,0.0,0.0,0.0,0.0,0.0,546.8812427085163,0.0,0.0,0.0
16094,18.798,972.80144,972.80147,0.030838769227953696,C63H102O6,CCC=CCC=CCC=CCC=CCCCCCCC(=O)OC(COC(=O)CCCCCC=CCC=CCC=CCC=CCC=CCC)COC(=O)CCCCC=CCCCCCCCCCCC,[M+NH4]+,TG 18:1_20:4_22:5,"TG 18:1(6)_20:4(8,11,14,17)_22:5(7,10,13,16,19)",0.40250000000000075,0.7577674999999999,0.006828099386645542,0.006828099386645542,Some,Some,0.0,0.0,0.0,0.0,0.0,0.0,0.0,0.0,0.0,0.0,0.0,0.0,0.0,0.0,2006.9526178039432,0.0,0.0,0.0
16094,18.798,972.80144,972.80147,0.030838769227953696,C63H102O6,CCC=CCC=CCC=CCC=CCCCCCCC(=O)OC(COC(=O)CCC=CCC=CCC=CCC=CCC=CCCCCC)COC(=O)CCCCCCCCCC=CCCCCCC,[M+NH4]+,TG 18:1_20:4_22:5,"TG 18:1(11)_20:4(8,11,14,17)_22:5(4,7,10,13,16)",0.514296296296295,0.6849896296296138,0.006757067625652723,0.006757067625652723,Some,Some,0.0,0.0,0.0,0.0,0.0,0.0,0.0,0.0,0.0,0.0,0.0,0.0,0.0,0.0,1322.9593988068086,0.0,0.0,0.0
16094,18.798,972.80144,972.80147,0.030838769227953696,C63H102O6,CCC=CCC=CCC=CCC=CCCCCCCC(=O)OC(COC(=O)CCC=CCC=CCC=CCC=CCC=CCCCCC)COC(=O)CCCCCCCC=CCCCCCCCC,[M+NH4]+,TG 18:1_20:4_22:5,"TG 18:1(9)_20:4(8,11,14,17)_22:5(4,7,10,13,16)",0.45365217391304274,0.6093521739130121,0.00641119069388851,0.00641119069388851,Some,Some,0.0,0.0,0.0,0.0,0.0,0.0,0.0,0.0,0.0,0.0,0.0,0.0,0.0,0.0,5764.157310415281,0.0,0.0,0.0
16104,18.815,820.73666,820.73887,2.6926956682226364,C51H94O6,CCCCCCCCC=CCCCCCC(=O)OC(COC(=O)CCCCCC=CCCCCCCCC)COC(=O)CCCCCCCCCCCCCCC,[M+NH4]+,TG 16:0_16:1_16:1,TG 16:0_16:1(7)_16:1(7),0.20700000000000074,0.5060949999999593,0.47029187989738175,0.47029187989738175,All,Some,0.0,1362.2437971952534,0.0,0.0,0.0,0.0,4514.129443938013,0.0,2536.5547517467385,0.0,1988.1160433414893,3802.421307506054,1484.1577274533172,3624.7185511502694,0.0,0.0,0.0,1384.4331917673967
16104,18.815,820.73666,820.73887,2.6926956682226364,C51H94O6,CCCCCCCCC=CCCCCCC(=O)OC(COC(=O)CCCCCCCC=CCCCCCC)COC(=O)CCCCCCCCCCCCCCC,[M+NH4]+,TG 16:0_16:1_16:1,TG 16:0_16:1(7)_16:1(9),0.3395000000000028,0.5063624999999945,0.4515163598042587,0.4515163598042587,All,Some,0.0,3923.6245954692554,0.0,0.0,0.0,0.0,8622.3032512914,0.0,5020.014839547394,0.0,4491.669579401142,6887.318401937047,3032.379817242749,7470.812530592267,0.0,0.0,0.0,2462.5122508984
16104,18.815,820.73666,820.73887,2.6926956682226364,C51H94O6,CCCCCCC=CCCCCCCCC(=O)OC(COC(=O)CCCCCCCC=CCCCCCC)COC(=O)CCCCCCCCCCCCCCC,[M+NH4]+,TG 16:0_16:1_16:1,TG 16:0_16:1(9)_16:1(9),0.47200000000000486,0.5066300000000297,0.43274083971113564,0.43274083971113564,All,Some,0.0,7705.285868392664,0.0,0.0,0.0,0.0,14558.49285931328,0.0,6749.873245532679,0.0,8029.779797273682,12015.102905569009,5618.444576877233,12720.572687224669,0.0,0.0,0.0,4421.920940868998
16104,18.815,820.73666,820.73887,2.6926956682226364,C51H94O6,CCCCCCCCCC=CCCCCC(=O)OC(COC(=O)CCCCCC=CCCCCCCCC)COC(=O)CCCCCCCCCCCCCCC,[M+NH4]+,TG 16:0_16:1_16:1,TG 16:0_16:1(6)_16:1(7),0.28100000000000236,0.6894499999999653,0.42699077007250935,0.42699077007250935,All,Some,0.0,2561.380798274002,0.0,0.0,0.0,0.0,4108.173807353388,0.0,2483.460087800655,0.0,2503.5535360596527,3084.8970944309935,1548.222089789432,3846.0939794419974,0.0,0.0,0.0,1078.079059131003
16104,18.815,820.73666,820.73887,2.6926956682226364,C51H94O6,CCCCCCCCCC=CCCCCC(=O)OC(COC(=O)CCCCCCCC=CCCCCCC)COC(=O)CCCCCCCCCCCCCCC,[M+NH4]+,TG 16:0_16:1_16:1,TG 16:0_16:1(6)_16:1(9),0.4135000000000044,0.6897175000000004,0.4082152499793863,0.4082152499793863,All,Some,0.0,8904.422869471413,0.0,0.0,0.0,0.0,14152.537222728653,0.0,6696.778581586595,0.0,8545.217289991846,11297.578692493948,5682.508939213348,12941.948115516398,0.0,0.0,0.0,4115.566808232605
16104,18.815,820.73666,820.73887,2.6926956682226364,C51H94O6,CCCCCCCCCC=CCCCCC(=O)OC(COC(=O)CCCCC=CCCCCCCCCC)COC(=O)CCCCCCCCCCCCCCC,[M+NH4]+,TG 16:0_16:1_16:1,TG 16:0_16:1(6)_16:1(6),0.355000000000004,0.8728049999999712,0.38368966024763695,0.38368966024763695,All,All,0.0,6343.042071197411,0.0,0.0,0.0,0.0,10044.363415375266,0.0,4213.31849378594,0.0,6041.663753932193,8212.681598062956,4134.2868494239165,9095.8541360744,0.0,0.0,0.0,3037.4877491016014
16132,18.848,794.72216,794.72322,1.333797696182269,C49H92O6,CCCCCCCCCCCCCC(=O)OC(COC(=O)CCCCCCCCCC=CCCCCCC)COC(=O)CCCCCCCCCCCCC,[M+NH4]+,TG 14:0_14:0_18:1,TG 14:0_14:0_18:1(11),0.620000000000001,0.9012099999999919,0.47785291211284914,0.47785291211284914,All,Some,7060.186046511629,0.0,0.0,0.0,0.0,0.0,0.0,0.0,0.0,0.0,0.0,0.0,0.0,0.0,0.0,0.0,0.0,0.0
16132,18.848,794.72216,794.72322,1.333797696182269,C49H92O6,CCCCCCCCCCCCCC(=O)OC(COC(=O)CCCCCCCC=CCCCCCCCC)COC(=O)CCCCCCCCCCCCC,[M+NH4]+,TG 14:0_14:0_18:1,TG 14:0_14:0_18:1(9),0.4659999999999975,0.876640000000009,0.4153287789530184,0.4153287789530184,All,All,2309.813953488372,0.0,0.0,0.0,0.0,0.0,0.0,0.0,0.0,0.0,0.0,0.0,0.0,0.0,0.0,0.0,0.0,0.0
16158,18.887,846.75,846.75452,5.3380287830725495,C53H96O6,CCCCCCCCC=CCCCCCC(=O)OC(COC(=O)CCCCC=CCCCCCCCCCCC)COC(=O)CCCCCC=CCCCCCCCC,[M+NH4]+,TG 16:1_16:1_18:1,TG 16:1(7)_16:1(7)_18:1(6),0.14099999999999824,0.8653250000000412,0.7911867839605348,0.7911867839605348,Some,Some,0.0,0.0,7440.897325280416,2352.1429379169963,4968.53055916775,7155.31360080516,10090.714231034217,0.0,9485.532407407407,0.0,3204.6321767681247,0.0,5969.193391642371,0.0,0.0,8193.666075500381,0.0,7275.810831582722
16158,18.887,846.75,846.75452,5.3380287830725495,C53H96O6,CCCCCCCCCC=CCCCCC(=O)OC(COC(=O)CCCCCCCC=CCCCCCCCC)COC(=O)CCCCC=CCCCCCCCCC,[M+NH4]+,TG 16:1_16:1_18:1,TG 16:1(6)_16:1(6)_18:1(9),0.3200000000000003,0.8766800000000217,0.7139452092750498,0.7139452092750498,Some,Some,0.0,0.0,4625.194132873167,1070.2250367522336,2253.3159947984395,3900.4529026945415,5382.760468498812,0.0,4504.712301587301,0.0,1646.9074452036562,0.0,3414.2857142857147,0.0,0.0,4202.33088421586,0.0,4037.095865143209
16158,18.887,846.75,846.75452,5.3380287830725495,C53H96O6,CCCCCCC=CCCCCCCCC(=O)OC(COC(=O)CCCCC=CCCCCCCCCCCC)COC(=O)CCCCCCCC=CCCCCCC,[M+NH4]+,TG 16:1_16:1_18:1,TG 16:1(9)_16:1(9)_18:1(6),0.3520000000000003,0.8771600000000035,0.6675082109444948,0.6675082109444948,Some,Some,0.0,0.0,295.9447799827438,0.0,273.39401820546163,0.0,0.0,0.0,0.0,0.0,0.0,0.0,0.0,0.0,0.0,0.0,0.0,0.0
16158,18.887,846.75,846.75452,5.3380287830725495,C53H96O6,CCCCCCCCC=CCCCCCC(=O)OC(COC(=O)CCCCCCCCCC=CCCCCCC)COC(=O)CCCCCC=CCCCCCCCC,[M+NH4]+,TG 16:1_16:1_18:1,TG 16:1(7)_16:1(7)_18:1(11),0.44299999999999784,0.8760350000000017,0.5935959343212202,0.5935959343212202,Some,Some,0.0,0.0,295.9447799827438,0.0,81.14434330299089,0.0,0.0,0.0,0.0,0.0,0.0,0.0,0.0,0.0,0.0,0.0,0.0,0.0
16158,18.887,846.75,846.75452,5.3380287830725495,C53H96O6,CCCCCCC=CCCCCCCCC(=O)OC(COC(=O)CCCCCCCC=CCCCCCCCC)COC(=O)CCCCCCCC=CCCCCCC,[M+NH4]+,TG 16:1_16:1_18:1,TG 16:1(9)_16:1(9)_18:1(9),0.44299999999999784,0.8760350000000017,0.5935959343212202,0.5935959343212202,Some,Some,0.0,0.0,3407.592752372736,1471.2654076670813,3455.0845253576076,3944.8373667596866,5370.2059251320525,0.0,6782.705026455025,0.0,1811.0036382997605,0.0,3135.5685131195337,0.0,0.0,4773.777552571574,0.0,3869.8877901316796
16158,18.887,846.75,846.75452,5.3380287830725495,C53H96O6,CCCCCCCCCC=CCCCCC(=O)OC(COC(=O)CCCCCCCCCC=CCCCCCC)COC(=O)CCCCC=CCCCCCCCCC,[M+NH4]+,TG 16:1_16:1_18:1,TG 16:1(6)_16:1(6)_18:1(11),0.5310000000000024,0.888514999999984,0.5902666362590098,0.5902666362590098,Some,Some,0.0,0.0,3407.592752372736,1471.2654076670813,3455.0845253576076,3944.8373667596866,5370.2059251320525,0.0,6782.705026455025,0.0,1811.0036382997605,0.0,3135.5685131195337,0.0,0.0,4773.777552571574,0.0,3869.8877901316796
16158,18.887,846.75,846.75452,5.3380287830725495,C53H96O6,CCCCCCC=CCCCCCCCC(=O)OC(COC(=O)CCCCCCCCCC=CCCCCCC)COC(=O)CCCCCCCC=CCCCCCC,[M+NH4]+,TG 16:1_16:1_18:1,TG 16:1(9)_16:1(9)_18:1(11),0.6539999999999999,0.887869999999964,0.46991736130518014,0.46991736130518014,All,All,0.0,0.0,3407.592752372736,1471.2654076670813,3455.0845253576076,3944.8373667596866,5370.2059251320525,0.0,6782.705026455025,0.0,1811.0036382997605,0.0,3135.5685131195337,0.0,0.0,4773.777552571574,0.0,3869.8877901316796
16158,18.887,846.75,846.75452,5.3380287830725495,C53H96O6,CCCCCCC=CCCCCCCCC(=O)OC(COC(=O)CCCCCCCCCC=CCCCCCC)COC(=O)CCCCCC=CCCCCCCCC,[M+NH4]+,TG 16:1_16:1_18:1,TG 16:1(7)_16:1(9)_18:1(11),0.4819999999999993,0.8849799999999846,0.45122663051900974,0.45122663051900974,All,All,0.0,0.0,3111.6479723899915,1281.9179011647632,2988.6085825747723,3254.860698110618,4707.953762535405,0.0,4980.820105820106,0.0,1557.7247315644688,0.0,2554.907677356657,0.0,0.0,3991.33519128452,0.0,3238.7149664395142
16158,18.887,846.75,846.75452,5.3380287830725495,C53H96O6,CCCCCCC=CCCCCCCCC(=O)OC(COC(=O)CCCCCCCC=CCCCCCCCC)COC(=O)CCCCCC=CCCCCCCCC,[M+NH4]+,TG 16:1_16:1_18:1,TG 16:1(7)_16:1(9)_18:1(9),0.4819999999999993,0.8849799999999846,0.45122663051900974,0.45122663051900974,All,All,0.0,0.0,3111.6479723899915,1281.9179011647632,2796.3589076723015,3254.860698110618,4707.953762535405,0.0,4980.820105820106,0.0,1557.7247315644688,0.0,2554.907677356657,0.0,0.0,3991.33519128452,0.0,3238.7149664395142
16158,18.887,846.75,846.75452,5.3380287830725495,C53H96O6,CCCCCCC=CCCCCCCCC(=O)OC(COC(=O)CCCCC=CCCCCCCCCCCC)COC(=O)CCCCCC=CCCCCCCCC,[M+NH4]+,TG 16:1_16:1_18:1,TG 16:1(7)_16:1(9)_18:1(6),0.5046666666666653,0.8729033333333405,0.43417684796312983,0.43417684796312983,All,All,0.0,0.0,295.9447799827438,0.0,273.39401820546163,0.0,0.0,0.0,0.0,0.0,0.0,0.0,0.0,0.0,0.0,0.0,0.0,0.0
16161,18.888,844.73803,844.73887,0.99439013625507,C53H94O6,CCCCCCCCCC=CCCCCC(=O)OC(COC(=O)CCCCCCCC=CCC=CCC=CCC)COC(=O)CCCCCCCCCCCCCCC,[M+NH4]+,TG 16:0_16:1_18:3,"TG 16:0_16:1(6)_18:3(9,12,15)",0.3779999999999991,0.5654885714285618,0.2468213859397403,0.2468213859397403,Some,Some,0.0,0.0,0.0,0.0,0.0,0.0,0.0,0.0,6065.8713526941865,0.0,0.0,0.0,0.0,0.0,0.0,0.0,0.0,0.0
16161,18.888,844.73803,844.73887,0.99439013625507,C53H94O6,CCCCCCCCC=CCCCCCC(=O)OC(COC(=O)CCCCCCCC=CCC=CCC=CCC)COC(=O)CCCCCCCCCCCCCCC,[M+NH4]+,TG 16:0_16:1_18:3,"TG 16:0_16:1(7)_18:3(9,12,15)",0.5426666666666655,0.5221733333333228,0.21359846616528919,0.21359846616528919,Some,Some,0.0,0.0,0.0,0.0,0.0,0.0,0.0,0.0,18028.378306293675,0.0,0.0,0.0,0.0,0.0,0.0,0.0,0.0,0.0
16161,18.888,844.73803,844.73887,0.99439013625507,C53H94O6,CCCCCCC=CCCCCCCCC(=O)OC(COC(=O)CCCCCCCC=CCC=CCC=CCC)COC(=O)CCCCCCCCCCCCCCC,[M+NH4]+,TG 16:0_16:1_18:3,"TG 16:0_16:1(9)_18:3(9,12,15)",0.39674999999999816,0.6076949999999783,0.15905741990074013,0.15905741990074013,All,Some,0.0,0.0,0.0,0.0,0.0,0.0,0.0,0.0,5357.79298467541,0.0,0.0,0.0,0.0,0.0,0.0,0.0,0.0,0.0
16161,18.888,844.73803,844.73887,0.99439013625507,C53H94O6,CCCCCCCCCC=CCCCCC(=O)OC(COC(=O)CCCCC=CCC=CCC=CCCCCC)COC(=O)CCCCCCCCCCCCCCC,[M+NH4]+,TG 16:0_16:1_18:3,"TG 16:0_16:1(6)_18:3(6,9,12)",0.2900000000000032,0.7651071428571186,0.13686901166409837,0.13686901166409837,Some,Some,0.0,0.0,0.0,0.0,0.0,0.0,0.0,0.0,12353.707697348867,0.0,0.0,0.0,0.0,0.0,0.0,0.0,0.0,0.0
16161,18.888,844.73803,844.73887,0.99439013625507,C53H94O6,CCCCCCCCC=CCCCCCC(=O)OC(COC(=O)CCCCC=CCC=CCC=CCCCCC)COC(=O)CCCCCCCCCCCCCCC,[M+NH4]+,TG 16:0_16:1_18:3,"TG 16:0_16:1(7)_18:3(6,9,12)",0.44033333333333385,0.63449666666664,0.08344257361215952,0.08344257361215952,Some,Some,0.0,0.0,0.0,0.0,0.0,0.0,0.0,0.0,6065.8713526941865,0.0,0.0,0.0,0.0,0.0,0.0,0.0,0.0,0.0
16161,18.888,844.73803,844.73887,0.99439013625507,C53H94O6,CCCCCCC=CCCCCCCCC(=O)OC(COC(=O)CCCCC=CCC=CCC=CCCCCC)COC(=O)CCCCCCCCCCCCCCC,[M+NH4]+,TG 16:0_16:1_18:3,"TG 16:0_16:1(9)_18:3(6,9,12)",0.31975000000000176,0.7823612499999655,0.06284909240955348,0.06284909240955348,All,Some,0.0,0.0,0.0,0.0,0.0,0.0,0.0,0.0,18028.378306293675,0.0,0.0,0.0,0.0,0.0,0.0,0.0,0.0,0.0
16168,18.899,946.78477,946.78582,1.1090153419955129,C61H100O6,CCCCCC=CCC=CCC=CCC=CCCCC(=O)OC(COC(=O)CCCCCCC=CCC=CCC=CCC=CCC)COC(=O)CCCCCCCC=CCCCCCCCC,[M+NH4]+,TG 18:1_20:4_20:4,"TG 18:1(9)_20:4(5,8,11,14)_20:4(8,11,14,17)",0.49439999999999884,0.5617439999999988,0.2549424704581954,0.2549424704581954,Some,Some,4905.346426623023,7405.716318785579,4342.514345331247,4734.2016806722695,3726.703755215577,8763.531689423271,13219.325153374233,4382.011284434118,14351.037851037852,15232.55961440893,12299.844738137615,9173.145876580487,10495.358090185677,8710.123547851743,46281.54721467391,6836.184024837707,4178.161628624305,8054.292199752373
16168,18.899,946.78477,946.78582,1.1090153419955129,C61H100O6,CCC=CCC=CCC=CCC=CCCCCCCC(=O)OC(COC(=O)CCCCCCC=CCC=CCC=CCC=CCC)COC(=O)CCCCCCCC=CCCCCCCCC,[M+NH4]+,TG 18:1_20:4_20:4,"TG 18:1(9)_20:4(8,11,14,17)_20:4(8,11,14,17)",0.49439999999999884,0.5617439999999988,0.2549424704581954,0.2549424704581954,Some,Some,6302.100381887616,12196.892789373813,5542.566510172144,6559.0756302521,4828.511821974965,14659.46606888119,22957.82208588957,5878.5263856621295,23484.126984126986,33024.92389649924,43459.745522020676,15393.942253255333,19131.01237842617,14300.202839756592,95921.66270380437,14864.267569856056,10389.080814312152,13085.802723895997
16168,18.899,946.78477,946.78582,1.1090153419955129,C61H100O6,CCCCCC=CCC=CCC=CCC=CCCCC(=O)OC(COC(=O)CCCCCCC=CCC=CCC=CCC=CCC)COC(=O)CCCCCCCCCC=CCCCCCC,[M+NH4]+,TG 18:1_20:4_20:4,"TG 18:1(11)_20:4(5,8,11,14)_20:4(8,11,14,17)",0.46942857142857164,0.5695971428571218,0.18371001786152677,0.18371001786152677,Some,Some,4898.663393344245,8861.100569259963,4370.422535211268,5010.924369747899,4828.511821974965,13225.66741389851,19046.779141104296,5878.5263856621295,16318.681318681318,29960.045662100456,40362.72579240353,13238.15814304586,19131.01237842617,12545.177945786463,115572.86005434782,13741.320914479254,10389.080814312152,11684.213784564588
16168,18.899,946.78477,946.78582,1.1090153419955129,C61H100O6,CCCCCC=CCC=CCC=CCC=CCCCC(=O)OC(COC(=O)CCCCCCC=CCC=CCC=CCC=CCC)COC(=O)CCCCC=CCCCCCCCCCCC,[M+NH4]+,TG 18:1_20:4_20:4,"TG 18:1(6)_20:4(5,8,11,14)_20:4(8,11,14,17)",0.48057142857142715,0.5447957142857182,0.18220057982377552,0.18220057982377552,Some,Some,1403.4369885433716,3335.792220113852,1172.1439749608762,1548.1512605042017,2754.5201668984696,1433.7986549826776,3911.0429447852753,2437.4377696647853,7165.445665445666,15806.506849315068,3097.0197296171473,2155.7841102094735,0.0,6292.0892494929,7122.0703125,1122.9466553767993,0.0,4824.8245976062735
16168,18.899,946.78477,946.78582,1.1090153419955129,C61H100O6,CCC=CCC=CCC=CCC=CCCCCCCC(=O)OC(COC(=O)CCCCCCC=CCC=CCC=CCC=CCC)COC(=O)CCCCC=CCCCCCCCCCCC,[M+NH4]+,TG 18:1_20:4_20:4,"TG 18:1(6)_20:4(8,11,14,17)_20:4(8,11,14,17)",0.6044999999999989,0.46480250000000467,0.1597973880402429,0.1597973880402429,Some,Some,1396.7539552645937,4791.176470588236,1200.0521648408974,1824.873949579832,1101.808066759388,5895.934379457917,9738.496932515338,1496.5151012280116,14115.995115995114,17792.36428209031,33577.51732495172,6220.796376674844,8635.654288240496,5590.079291904849,73007.17561141304,8028.083545018346,6210.919185687846,5031.510524143624
16168,18.899,946.78477,946.78582,1.1090153419955129,C61H100O6,CCC=CCC=CCC=CCC=CCCCCCCC(=O)OC(COC(=O)CCCCCCC=CCC=CCC=CCC=CCC)COC(=O)CCCCCCCCCC=CCCCCCC,[M+NH4]+,TG 18:1_20:4_20:4,"TG 18:1(11)_20:4(8,11,14,17)_20:4(8,11,14,17)",0.6151111111111105,0.43137111111111104,0.14280871317280397,0.14280871317280397,All,Some,1396.7539552645937,4791.176470588236,1200.0521648408974,1824.873949579832,3856.3282336578577,5895.934379457917,9738.496932515338,3933.952870892797,9133.089133089132,30533.9928970066,32368.709054417388,6220.796376674844,8635.654288240496,10127.143647427622,82868.50373641304,8028.083545018346,6210.919185687846,8454.74618241849
16168,18.899,946.78477,946.78582,1.1090153419955129,C61H100O6,CCCCCC=CCC=CCC=CCC=CCCCC(=O)OC(COC(=O)CCCC=CCC=CCC=CCC=CCCCCC)COC(=O)CCCCCCCCCC=CCCCCCC,[M+NH4]+,TG 18:1_20:4_20:4,"TG 18:1(11)_20:4(5,8,11,14)_20:4(5,8,11,14)",0.6072000000000003,0.4505419999999731,0.0022515545479421094,0.0022515545479421094,All,Some,1403.4369885433716,3335.792220113852,1172.1439749608762,1548.1512605042017,0.0,1433.7986549826776,3911.0429447852753,0.0,7165.445665445666,3064.8782343987828,3097.0197296171473,2155.7841102094735,0.0,1755.0248939701273,7122.0703125,1122.9466553767993,0.0,1401.5889393314073
16168,18.899,946.78477,946.78582,1.1090153419955129,C61H100O6,CCCCCC=CCC=CCC=CCC=CCCCC(=O)OC(COC(=O)CCCC=CCC=CCC=CCC=CCCCCC)COC(=O)CCCCC=CCCCCCCCCCCC,[M+NH4]+,TG 18:1_20:4_20:4,"TG 18:1(6)_20:4(5,8,11,14)_20:4(5,8,11,14)",0.5293333333333337,0.3955466666666325,0.0014528195021394187,0.0014528195021394187,Some,Some,1396.7539552645937,4791.176470588236,1200.0521648408974,1824.873949579832,1101.808066759388,5895.934379457917,9738.496932515338,1496.5151012280116,9133.089133089132,17792.36428209031,32368.709054417388,6220.796376674844,8635.654288240496,5590.079291904849,66552.05502717392,8028.083545018346,6210.919185687846,5031.510524143624
16168,18.899,946.78477,946.78582,1.1090153419955129,C61H100O6,CCCCCC=CCC=CCC=CCC=CCCCC(=O)OC(COC(=O)CCCC=CCC=CCC=CCC=CCCCCC)COC(=O)CCCCCCCC=CCCCCCCCC,[M+NH4]+,TG 18:1_20:4_20:4,"TG 18:1(9)_20:4(5,8,11,14)_20:4(5,8,11,14)",0.4269999999999996,0.23465999999996257,0.00034585323772587476,0.00034585323772587476,Some,Some,1396.7539552645937,4791.176470588236,1200.0521648408974,1824.873949579832,1101.808066759388,5895.934379457917,9738.496932515338,1496.5151012280116,9133.089133089132,17792.36428209031,32368.709054417388,6220.796376674844,8635.654288240496,5590.079291904849,66552.05502717392,8028.083545018346,6210.919185687846,5031.510524143624
16172,18.9,820.73745,820.73887,1.7301483479792097,C51H94O6,CCCCCCCCC=CCCCCCC(=O)OC(COC(=O)CCCCCC=CCCCCCCCC)COC(=O)CCCCCCCCCCCCCCC,[M+NH4]+,TG 16:0_16:1_16:1,TG 16:0_16:1(7)_16:1(7),0.727999999999998,0.8855749999999603,0.45551135123093195,0.45551135123093195,All,Some,0.0,0.0,0.0,0.0,0.0,0.0,0.0,0.0,0.0,0.0,0.0,0.0,0.0,0.0,0.0,0.0,0.0,1520.0860642171463
16172,18.9,820.73745,820.73887,1.7301483479792097,C51H94O6,CCCCCCCCCC=CCCCCC(=O)OC(COC(=O)CCCCCC=CCCCCCCCC)COC(=O)CCCCCCCCCCCCCCC,[M+NH4]+,TG 16:0_16:1_16:1,TG 16:0_16:1(6)_16:1(7),0.6264999999999983,0.8795849999999348,0.44668363404283307,0.44668363404283307,All,Some,0.0,0.0,0.0,0.0,0.0,0.0,0.0,0.0,0.0,0.0,0.0,0.0,0.0,0.0,0.0,0.0,0.0,1631.5524660708375
16172,18.9,820.73745,820.73887,1.7301483479792097,C51H94O6,CCCCCCCCCC=CCCCCC(=O)OC(COC(=O)CCCCC=CCCCCCCCCC)COC(=O)CCCCCCCCCCCCCCC,[M+NH4]+,TG 16:0_16:1_16:1,TG 16:0_16:1(6)_16:1(6),0.5249999999999986,0.8735949999999093,0.43785591685473424,0.43785591685473424,All,All,0.0,0.0,0.0,0.0,0.0,0.0,0.0,0.0,0.0,0.0,0.0,0.0,0.0,0.0,0.0,0.0,0.0,4855.200264812976
16172,18.9,820.73745,820.73887,1.7301483479792097,C51H94O6,CCCCCCCCC=CCCCCCC(=O)OC(COC(=O)CCCCCCCC=CCCCCCC)COC(=O)CCCCCCCCCCCCCCC,[M+NH4]+,TG 16:0_16:1_16:1,TG 16:0_16:1(7)_16:1(9),0.6849999999999987,0.696102499999995,0.43753445667798463,0.43753445667798463,All,Some,0.0,0.0,0.0,0.0,0.0,0.0,0.0,0.0,0.0,0.0,0.0,0.0,0.0,0.0,0.0,0.0,0.0,111.46640185369083
16172,18.9,820.73745,820.73887,1.7301483479792097,C51H94O6,CCCCCCCCCC=CCCCCC(=O)OC(COC(=O)CCCCCCCC=CCCCCCC)COC(=O)CCCCCCCCCCCCCCC,[M+NH4]+,TG 16:0_16:1_16:1,TG 16:0_16:1(6)_16:1(9),0.583499999999999,0.6901124999999695,0.4287067394898858,0.4287067394898858,All,Some,0.0,0.0,0.0,0.0,0.0,0.0,0.0,0.0,0.0,0.0,0.0,0.0,0.0,0.0,0.0,0.0,0.0,3446.5806024495196
16172,18.9,820.73745,820.73887,1.7301483479792097,C51H94O6,CCCCCCC=CCCCCCCCC(=O)OC(COC(=O)CCCCCCCC=CCCCCCC)COC(=O)CCCCCCCCCCCCCCC,[M+NH4]+,TG 16:0_16:1_16:1,TG 16:0_16:1(9)_16:1(9),0.6419999999999995,0.5066300000000297,0.41955756212503736,0.41955756212503736,All,Some,0.0,0.0,0.0,0.0,0.0,0.0,0.0,0.0,0.0,0.0,0.0,0.0,0.0,0.0,0.0,0.0,0.0,3335.1142005958295
16219,18.968,972.80071,972.80147,0.7812488194676153,C63H102O6,CCCCCC=CCC=CCC=CCC=CCCCC(=O)OC(COC(=O)CCC=CCC=CCC=CCC=CCC=CCCCCC)COC(=O)CCCCC=CCCCCCCCCCCC,[M+NH4]+,TG 18:1_20:4_22:5,"TG 18:1(6)_20:4(5,8,11,14)_22:5(4,7,10,13,16)",0.5252000000000017,0.6895940000000109,0.14637952273006158,0.14637952273006158,Some,Some,0.0,0.0,0.0,0.0,0.0,2135.9264722568932,1574.2984006552572,0.0,0.0,7477.63077460484,13550.209113879931,0.0,0.0,3130.6000411567475,36683.27564814211,0.0,2828.5352421340244,0.0
16219,18.968,972.80071,972.80147,0.7812488194676153,C63H102O6,CCCCCC=CCC=CCC=CCC=CCCCC(=O)OC(COC(=O)CCC=CCC=CCC=CCC=CCC=CCCCCC)COC(=O)CCCCCCCC=CCCCCCCCC,[M+NH4]+,TG 18:1_20:4_22:5,"TG 18:1(9)_20:4(5,8,11,14)_22:5(4,7,10,13,16)",0.5532727272727278,0.6283318181818293,0.13340173049244242,0.13340173049244242,Some,Some,0.0,0.0,0.0,0.0,0.0,410.4652218313854,296.4219511143682,0.0,0.0,2160.596236136582,4032.7720658708713,0.0,0.0,627.8824853833025,13149.937961209433,0.0,615.4459165231746,0.0
16219,18.968,972.80071,972.80147,0.7812488194676153,C63H102O6,CCCCCC=CCC=CCC=CCC=CCCCC(=O)OC(COC(=O)CCC=CCC=CCC=CCC=CCC=CCCCCC)COC(=O)CCCCCCCCCC=CCCCCCC,[M+NH4]+,TG 18:1_20:4_22:5,"TG 18:1(11)_20:4(5,8,11,14)_22:5(4,7,10,13,16)",0.6831428571428582,0.6493500000000105,0.10790224212840147,0.10790224212840147,Some,Some,0.0,0.0,0.0,0.0,0.0,2321.8291160785207,1747.7346208561457,0.0,0.0,10557.859575582923,21252.483227324214,0.0,0.0,3579.150476328818,63099.71919284269,0.0,3301.7318666306155,0.0
16219,18.968,972.80071,972.80147,0.7812488194676153,C63H102O6,CCCCCC=CCC=CCC=CCC=CCCCC(=O)OC(COC(=O)CCCCCC=CCC=CCC=CCC=CCC=CCC)COC(=O)CCCCC=CCCCCCCCCCCC,[M+NH4]+,TG 18:1_20:4_22:5,"TG 18:1(6)_20:4(5,8,11,14)_22:5(7,10,13,16,19)",0.520857142857144,0.8368357142857447,0.10720681260246459,0.10720681260246459,Some,Some,0.0,0.0,0.0,0.0,0.0,248.847157608079,187.21386386170624,0.0,0.0,1707.3203213693128,2932.277598675612,0.0,0.0,454.93941484790173,12308.98582903416,0.0,446.1015212534332,0.0
16219,18.968,972.80071,972.80147,0.7812488194676153,C63H102O6,CCCCCC=CCC=CCC=CCC=CCCCC(=O)OC(COC(=O)CCCCCC=CCC=CCC=CCC=CCC=CCC)COC(=O)CCCCCCCC=CCCCCCCCC,[M+NH4]+,TG 18:1_20:4_22:5,"TG 18:1(9)_20:4(5,8,11,14)_22:5(7,10,13,16,19)",0.4920000000000004,0.7322757142857361,0.1067926045240248,0.1067926045240248,Some,Some,0.0,0.0,0.0,0.0,0.0,985.8981050720525,735.0778117860066,0.0,0.0,2411.405117456991,7092.075455258344,0.0,0.0,1405.1349093946326,18556.4552994188,0.0,1186.3784491468746,0.0
16219,18.968,972.80071,972.80147,0.7812488194676153,C63H102O6,CCC=CCC=CCC=CCC=CCCCCCCC(=O)OC(COC(=O)CCC=CCC=CCC=CCC=CCC=CCCCCC)COC(=O)CCCCCCCC=CCCCCCCCC,[M+NH4]+,TG 18:1_20:4_22:5,"TG 18:1(9)_20:4(8,11,14,17)_22:5(4,7,10,13,16)",0.5997500000000002,0.6875950000000159,0.0940324490344222,0.0940324490344222,Some,Some,0.0,0.0,0.0,0.0,0.0,282.0639963690003,207.17118592921491,0.0,0.0,1372.9084796087677,3493.802823037379,0.0,0.0,443.04269407221807,10049.794292431272,0.0,402.31389904797146,0.0
16219,18.968,972.80071,972.80147,0.7812488194676153,C63H102O6,CCC=CCC=CCC=CCC=CCCCCCCC(=O)OC(COC(=O)CCC=CCC=CCC=CCC=CCC=CCCCCC)COC(=O)CCCCC=CCCCCCCCCCCC,[M+NH4]+,TG 18:1_20:4_22:5,"TG 18:1(6)_20:4(8,11,14,17)_22:5(4,7,10,13,16)",0.6700000000000008,0.7626900000000347,0.09380596102715652,0.09380596102715652,Some,Some,0.0,0.0,0.0,0.0,0.0,1468.7983660501534,1092.4860973401733,0.0,0.0,7304.737577504152,16406.508669512936,0.0,0.0,2083.2479936085997,46114.151374648995,0.0,2022.455920650055,0.0
16219,18.968,972.80071,972.80147,0.7812488194676153,C63H102O6,CCCCCC=CCC=CCC=CCC=CCCCC(=O)OC(COC(=O)CCCCCC=CCC=CCC=CCC=CCC=CCC)COC(=O)CCCCCCCCCC=CCCCCCC,[M+NH4]+,TG 18:1_20:4_22:5,"TG 18:1(11)_20:4(5,8,11,14)_22:5(7,10,13,16,19)",0.6160000000000004,0.6297955555555619,0.08338392108409304,0.08338392108409304,Some,Some,0.0,0.0,0.0,0.0,0.0,2695.3092023147615,2259.93878518774,0.0,0.0,10737.57750414811,21278.60067962011,0.0,0.0,3949.711297526964,53415.72520080977,0.0,3845.5692960111573,0.0
16219,18.968,972.80071,972.80147,0.7812488194676153,C63H102O6,CCC=CCC=CCC=CCC=CCCCCCCC(=O)OC(COC(=O)CCC=CCC=CCC=CCC=CCC=CCCCCC)COC(=O)CCCCCCCCCC=CCCCCCC,[M+NH4]+,TG 18:1_20:4_22:5,"TG 18:1(11)_20:4(8,11,14,17)_22:5(4,7,10,13,16)",0.6086666666666671,0.7527185714285884,0.07370150185388138,0.07370150185388138,Some,Some,0.0,0.0,0.0,0.0,0.0,282.0639963690003,207.17118592921491,0.0,0.0,1065.226836084185,2554.7616973076583,0.0,0.0,443.04269407221796,7604.649644093256,0.0,329.01196795264053,0.0
16219,18.968,972.80071,972.80147,0.7812488194676153,C63H102O6,CCC=CCC=CCC=CCC=CCCCCCCC(=O)OC(COC(=O)CCCCCC=CCC=CCC=CCC=CCC=CCC)COC(=O)CCCCCCCCCC=CCCCCCC,[M+NH4]+,TG 18:1_20:4_22:5,"TG 18:1(11)_20:4(8,11,14,17)_22:5(7,10,13,16,19)",0.5697777777777778,0.7555200000000215,0.00466312842393851,0.00466312842393851,Some,Some,0.0,0.0,0.0,0.0,0.0,1468.7983660501534,1092.4860973401733,0.0,0.0,7304.73757750415,16406.508669512936,0.0,0.0,2083.2479936086,45017.30555736956,0.0,2022.4559206500544,0.0
16229,18.984,844.73829,844.73887,0.6866027131124789,C53H94O6,CCCCCCCCCC=CCCCCC(=O)OC(COC(=O)CCCCCCCC=CCC=CCC=CCC)COC(=O)CCCCCCCCCCCCCCC,[M+NH4]+,TG 16:0_16:1_18:3,"TG 16:0_16:1(6)_18:3(9,12,15)",0.4846666666666681,0.6280066666666926,0.3105225780667356,0.3105225780667356,Some,Some,0.0,0.0,0.0,0.0,2227.9367493741483,11342.902208201893,0.0,0.0,11797.737699731057,0.0,12778.351334180432,6484.807538447862,6510.74599618289,11860.284368856584,45481.52486126217,6028.324468085105,0.0,9583.569316944142
16229,18.984,844.73829,844.73887,0.6866027131124789,C53H94O6,CCCCCCCCC=CCCCCCC(=O)OC(COC(=O)CCCCCCCC=CCC=CCC=CCC)COC(=O)CCCCCCCCCCCCCCC,[M+NH4]+,TG 16:0_16:1_18:3,"TG 16:0_16:1(7)_18:3(9,12,15)",0.5992000000000004,0.42128000000000154,0.2850382347942507,0.2850382347942507,Some,Some,0.0,0.0,0.0,0.0,3578.5638685553126,16755.739953367167,0.0,0.0,11149.02705268154,0.0,18719.98094027954,8790.470264023468,11498.373578956103,18562.977186485623,56640.006692880444,7824.948854337151,0.0,15243.690679943986
16229,18.984,844.73829,844.73887,0.6866027131124789,C53H94O6,CCCCCCC=CCCCCCCCC(=O)OC(COC(=O)CCCCCCCC=CCC=CCC=CCC)COC(=O)CCCCCCCCCCCCCCC,[M+NH4]+,TG 16:0_16:1_18:3,"TG 16:0_16:1(9)_18:3(9,12,15)",0.4491428571428579,0.550131428571441,0.24196714426435664,0.24196714426435664,All,Some,0.0,0.0,0.0,0.0,1634.7022847545709,9286.02386503909,0.0,0.0,8191.346305964247,0.0,12101.969504447268,5358.200728953685,5224.54568085636,10550.212590865453,41029.309238963724,5031.444353518819,0.0,7914.610238058193
16229,18.984,844.73829,844.73887,0.6866027131124789,C53H94O6,CCCCCCCCCC=CCCCCC(=O)OC(COC(=O)CCCCC=CCC=CCC=CCCCCC)COC(=O)CCCCCCCCCCCCCCC,[M+NH4]+,TG 16:0_16:1_18:3,"TG 16:0_16:1(6)_18:3(6,9,12)",0.46457142857143197,0.7651971428571512,0.23914227490298584,0.23914227490298584,Some,Some,0.0,0.0,0.0,0.0,3475.3696485724245,17317.071275088005,0.0,0.0,11149.02705268154,0.0,19902.636594663276,8790.470264023468,11768.73288523774,19224.541672381474,61716.2776429906,8100.490998363338,0.0,15677.859032207873
16229,18.984,844.73829,844.73887,0.6866027131124789,C53H94O6,CCCCCCCCC=CCCCCCC(=O)OC(COC(=O)CCCCC=CCC=CCC=CCCCCC)COC(=O)CCCCCCCCCCCCCCC,[M+NH4]+,TG 16:0_16:1_18:3,"TG 16:0_16:1(7)_18:3(6,9,12)",0.4710000000000025,0.7548950000000142,0.21177300778857888,0.21177300778857888,Some,Some,0.0,0.0,0.0,0.0,2216.4001647811897,13792.712476569286,0.0,0.0,13930.786267995572,0.0,16277.716010165183,7735.194239487955,7904.987137996847,14149.64568189092,58987.1998661424,7509.083469721766,0.0,11360.074684922982
16229,18.984,844.73829,844.73887,0.6866027131124789,C53H94O6,CCCCCCC=CCCCCCCCC(=O)OC(COC(=O)CCCCC=CCC=CCC=CCCCCC)COC(=O)CCCCCCCCCCCCCCC,[M+NH4]+,TG 16:0_16:1_18:3,"TG 16:0_16:1(9)_18:3(6,9,12)",0.4360000000000026,0.6799074999999988,0.18807880822137293,0.18807880822137293,All,All,0.0,0.0,0.0,0.0,3567.027283962354,19205.550221734557,0.0,0.0,13282.075620946054,0.0,22219.345616264294,10040.856965063562,12892.614720770061,20852.338499519956,70145.68169776066,9305.707855973811,0.0,17020.196047922826
16251,19.007,870.75419,870.75452,0.37898166748837314,C55H96O6,CCCCCCCCCCCCCC(=O)OC(COC(=O)CCCCC=CCC=CCC=CCC=CCC=CCCCCC)COC(=O)CCCCCCCCCCCCC,[M+NH4]+,TG 14:0_14:0_24:5,"TG 14:0_14:0_24:5(6,9,12,15,18)",0.49733333333333163,0.7050811111111367,0.1426506485690571,0.1426506485690571,Some,Some,0.0,0.0,0.0,0.0,0.0,97561.65335185829,119642.46242263484,0.0,118502.28509249183,242400.86696253484,240165.43932210226,110846.64536741214,106935.9802087733,79942.35646760433,466626.3825195576,93484.06322881575,74986.30136986301,90530.09475510476
16251,19.007,870.75419,870.75452,0.37898166748837314,C55H96O6,CCCCCCCCCCCCCC(=O)OC(COC(=O)CCCCCCCC=CCC=CCC=CCC=CCC=CCC)COC(=O)CCCCCCCCCCCCC,[M+NH4]+,TG 14:0_14:0_24:5,"TG 14:0_14:0_24:5(9,12,15,18,21)",0.4915555555555539,0.7782622222222118,0.09761397090184681,0.09761397090184681,All,Some,0.0,0.0,0.0,0.0,0.0,142438.3466481417,165357.53757736518,0.0,239497.7149075081,315599.13303746516,289834.5606778977,146153.35463258787,143064.0197912267,115057.64353239567,485373.61748044234,136515.93677118426,105013.69863013698,126469.90524489523
16265,19.016,896.76956,896.77017,0.680218879327257,C57H98O6,CCCCCCCCCCCCCCCC(=O)OC(COC(=O)CCC=CCC=CCC=CCC=CCC=CCC=CCCCC)COC(=O)CCCCCCCCCCCCC,[M+NH4]+,TG 14:0_16:0_24:6,"TG 14:0_16:0_24:6(4,7,10,13,16,19)",0.472666666666668,0.6019811111111468,0.18659339466401487,0.18659339466401487,Some,Some,240000.0,0.0,0.0,0.0,248000.0,273000.0,700000.0,266000.0,414000.0,555000.0,637000.0,279000.0,296000.0,0.0,0.0,276000.0,197000.0,232000.0
16366,19.071,794.72227,794.72322,1.1953847277658556,C49H92O6,CCCCCCCCCCCCCCCC(=O)OC(COC(=O)CCCCCCCC=CCCCCCC)COC(=O)CCCCCCCCCCCCC,[M+NH4]+,TG 14:0_16:0_16:1,TG 14:0_16:0_16:1(9),0.6099999999999959,0.9013199999999415,0.488286768208976,0.488286768208976,All,Some,404279.0697674419,0.0,408137.2549019608,447506.4267352185,525752.508361204,1373034.1880341882,1635728.155339806,387110.7110711071,1792212.7659574465,1649666.6666666667,1630378.0718336485,1513996.4788732394,1302988.5057471266,1288783.6107554417,1829453.376205788,1329658.1196581193,1082473.655019412,1305970.1492537314
16366,19.071,794.72227,794.72322,1.1953847277658556,C49H92O6,CCCCCCCCCCCCCCCC(=O)OC(COC(=O)CCCCCC=CCCCCCCCC)COC(=O)CCCCCCCCCCCCC,[M+NH4]+,TG 14:0_16:0_16:1,TG 14:0_16:0_16:1(7),0.9770000000000039,0.5090599999999768,0.43155617621569625,0.43155617621569625,All,Some,1235720.9302325582,1350000.0,1401862.7450980393,832493.5732647814,1274247.491638796,2236965.811965812,2684271.8446601946,1292889.288928893,2377787.2340425528,2390333.333333334,1699621.9281663515,2386003.52112676,2077011.4942528736,2251216.3892445583,2650546.6237942125,1980341.8803418803,1817526.344980588,2194029.850746269
16419,19.106,825.69323,825.69426,1.2474350978463835,C51H94O6,CCCCCCC=CCCCCCCCC(=O)OC(COC(=O)CCCCCCCCCC=CCCCCCC)COC(=O)CCCCCCCCCCCCC,[M+Na]+,TG 14:0_16:1_18:1,TG 14:0_16:1(9)_18:1(11),0.9879999999999995,0.9242499999999154,0.8407296723327737,0.8407296723327737,Some,Some,71000.0,61400.0,71600.0,57800.0,65816.45307978503,94614.21319796954,97000.0,67400.0,91600.0,97982.34552332913,74957.80445969125,118125.63667232597,88482.01892744479,90548.35164835164,71449.72720187061,91067.04659738518,83632.4607329843,76023.08221716344
16419,19.106,825.69323,825.69426,1.2474350978463835,C51H94O6,CCCCCCCCCC=CCCCCC(=O)OC(COC(=O)CCCCCCCCCC=CCCCCCC)COC(=O)CCCCCCCCCCCCC,[M+Na]+,TG 14:0_16:1_18:1,TG 14:0_16:1(6)_18:1(11),0.9469999999999992,0.8917649999999071,0.42036483616638687,0.42036483616638687,Some,Some,71000.0,61400.0,71600.0,57800.0,84275.32038032245,89406.09137055838,97000.0,67400.0,91600.0,105926.86002522068,85881.30360205831,81968.59083191851,81346.37223974764,86373.62637362638,115325.40919719408,83020.44921220248,63341.884816753925,76023.08221716344
16419,19.106,825.69323,825.69426,1.2474350978463835,C51H94O6,CCCCCCCCC=CCCCCCC(=O)OC(COC(=O)CCCCCCCCCC=CCCCCCC)COC(=O)CCCCCCCCCCCCC,[M+Na]+,TG 14:0_16:1_18:1,TG 14:0_16:1(7)_18:1(11),0.9760000000000026,0.9132749999999419,0.42036483616638687,0.42036483616638687,Some,Some,71000.0,61400.0,71600.0,57800.0,65816.45307978503,62786.802030456856,97000.0,67400.0,91600.0,55081.96721311476,59639.79416809606,81968.59083191851,62912.61829652997,56862.63736263737,71449.72720187061,61946.027489104934,63341.884816753925,76023.08221716344
16419,19.106,825.69323,825.69426,1.2474350978463835,C51H94O6,CCCCCCC=CCCCCCCCC(=O)OC(COC(=O)CCCCC=CCCCCCCCCCCC)COC(=O)CCCCCCCCCCCCC,[M+Na]+,TG 14:0_16:1_18:1,TG 14:0_16:1(9)_18:1(6),0.9659999999999975,0.8799949999999512,0.42036483616638687,0.42036483616638687,Some,Some,71000.0,61400.0,71600.0,57800.0,65816.45307978503,62786.802030456856,97000.0,67400.0,91600.0,55081.96721311476,59639.79416809606,81968.59083191851,62912.61829652997,72841.75824175825,71449.72720187061,61946.027489104934,63341.884816753925,95907.67113134629
16419,19.106,825.69323,825.69426,1.2474350978463835,C51H94O6,CCCCCCC=CCCCCCCCC(=O)OC(COC(=O)CCCCCCCC=CCCCCCCCC)COC(=O)CCCCCCCCCCCCC,[M+Na]+,TG 14:0_16:1_18:1,TG 14:0_16:1(9)_18:1(9),0.9760000000000026,0.9132749999999419,0.42036483616638687,0.42036483616638687,Some,Some,71000.0,61400.0,71600.0,57800.0,84275.32038032245,89406.09137055838,97000.0,67400.0,91600.0,105926.86002522068,85881.30360205831,81968.59083191851,81346.37223974764,86373.62637362638,115325.40919719408,83020.44921220248,63341.884816753925,76023.08221716344
16430,19.108,820.73791,820.73887,1.169677756292518,C51H94O6,CCCCCCCCCC=CCCCCC(=O)OC(COC(=O)CCCCC=CCCCCCCCCC)COC(=O)CCCCCCCCCCCCCCC,[M+NH4]+,TG 16:0_16:1_16:1,TG 16:0_16:1(6)_16:1(6),0.8350000000000009,0.8742399999999861,0.47706566802313766,0.47706566802313766,All,All,1306666.6666666665,,441910.11235955055,0.0,0.0,469572.64957264956,553840.8063955511,1280000.0,520038.0228136882,589518.7969924811,525123.2506361323,454618.83408071747,0.0,0.0,472719.39328277356,398158.16857440164,256860.18957345973,421713.8508371385
16430,19.108,820.73791,820.73887,1.169677756292518,C51H94O6,CCCCCCCCCC=CCCCCC(=O)OC(COC(=O)CCCCCC=CCCCCCCCC)COC(=O)CCCCCCCCCCCCCCC,[M+NH4]+,TG 16:0_16:1_16:1,TG 16:0_16:1(6)_16:1(7),0.8454999999999995,0.8801375000000178,0.46147098874578896,0.46147098874578896,All,Some,1306666.6666666665,,441910.11235955055,0.0,0.0,469572.64957264956,553840.8063955511,1280000.0,1552737.6425855514,952413.5338345864,637175.5725190841,665336.3228699551,270838.481906443,0.0,472719.39328277356,606031.9112036072,428625.5924170616,591299.8477929984
16430,19.108,820.73791,820.73887,1.169677756292518,C51H94O6,CCCCCCCCCC=CCCCCC(=O)OC(COC(=O)CCCCCCCC=CCCCCCC)COC(=O)CCCCCCCCCCCCCCC,[M+NH4]+,TG 16:0_16:1_16:1,TG 16:0_16:1(6)_16:1(9),0.6684999999999999,0.6906874999999957,0.4572917323625761,0.4572917323625761,All,Some,1306666.6666666665,,1380000.0000000002,996666.6666666666,1396666.6666666667,1640000.0,2066666.666666667,1280000.0,907300.3802281369,1607105.2631578944,1524614.344783715,1639282.5112107624,1255828.1847602234,1646666.6666666667,2160000.0000000005,1328792.924037461,1158234.5971563982,1473747.3363774733
16430,19.108,820.73791,820.73887,1.169677756292518,C51H94O6,CCCCCCCCC=CCCCCCC(=O)OC(COC(=O)CCCCCC=CCCCCCCCC)COC(=O)CCCCCCCCCCCCCCC,[M+NH4]+,TG 16:0_16:1_16:1,TG 16:0_16:1(7)_16:1(7),0.8559999999999981,0.8860350000000494,0.44587630946844026,0.44587630946844026,All,Some,0.0,,0.0,0.0,0.0,0.0,0.0,0.0,1032699.6197718632,362894.7368421052,112052.32188295166,210717.48878923763,270838.481906443,0.0,0.0,207873.7426292057,171765.4028436019,169585.99695585994
16430,19.108,820.73791,820.73887,1.169677756292518,C51H94O6,CCCCCCCCC=CCCCCCC(=O)OC(COC(=O)CCCCCCCC=CCCCCCC)COC(=O)CCCCCCCCCCCCCCC,[M+NH4]+,TG 16:0_16:1_16:1,TG 16:0_16:1(7)_16:1(9),0.6789999999999985,0.6965850000000273,0.4416970530852274,0.4416970530852274,All,Some,0.0,,938089.8876404496,996666.6666666666,1396666.6666666667,1170427.3504273505,1512825.8602711158,0.0,1419961.9771863115,1380481.2030075188,1111543.4160305343,1395381.1659192825,1526666.6666666665,1646666.6666666667,1687280.6067172266,1138508.498092265,1073139.8104265402,1221619.4824961948
16430,19.108,820.73791,820.73887,1.169677756292518,C51H94O6,CCCCCCC=CCCCCCCCC(=O)OC(COC(=O)CCCCCCCC=CCCCCCC)COC(=O)CCCCCCCCCCCCCCC,[M+NH4]+,TG 16:0_16:1_16:1,TG 16:0_16:1(9)_16:1(9),0.5019999999999989,0.5071350000000052,0.4375177967020145,0.4375177967020145,All,Some,0.0,,938089.8876404496,996666.6666666666,1396666.6666666667,1170427.3504273505,1512825.8602711158,0.0,387262.3574144487,1017586.4661654135,999491.0941475827,1184663.677130045,1255828.1847602234,1646666.6666666667,1687280.6067172266,930634.7554630593,901374.4075829384,1052033.4855403348
16515,19.148,870.75531,870.75452,0.9072591435434695,C55H96O6,CCCCCCCCCCCCCCCC(=O)OC(COC(=O)CCC=CCC=CCC=CCC=CCC=CCCCCC)COC(=O)CCCCCCCCCCCCC,[M+NH4]+,TG 14:0_16:0_22:5,"TG 14:0_16:0_22:5(4,7,10,13,16)",0.22381818181818147,0.7255545454545943,0.1499721021740168,0.1499721021740168,Some,Some,0.0,0.0,0.0,0.0,0.0,0.0,0.0,0.0,0.0,0.0,0.0,0.0,0.0,5752.594187298169,0.0,9865.381835702241,7490.280413240565,0.0
16515,19.148,870.75531,870.75452,0.9072591435434695,C55H96O6,CCCCCCCCCCCCCCCC(=O)OC(COC(=O)CCCCCC=CCC=CCC=CCC=CCC=CCC)COC(=O)CCCCCCCCCCCCC,[M+NH4]+,TG 14:0_16:0_22:5,"TG 14:0_16:0_22:5(7,10,13,16,19)",0.6258000000000002,0.6397220000000061,0.05381157230164182,0.05381157230164182,All,Some,13400.0,0.0,13500.0,0.0,0.0,0.0,0.0,0.0,0.0,0.0,0.0,0.0,0.0,45047.40581270183,0.0,35434.61816429776,34109.719586759435,0.0
16526,19.154,896.77019,896.77017,0.0223022582804074,C57H98O6,CCCCCCCCCCCCCCCC(=O)OC(COC(=O)CCC=CCC=CCC=CCC=CCC=CCC=CCCCC)COC(=O)CCCCCCCCCCCCC,[M+NH4]+,TG 14:0_16:0_24:6,"TG 14:0_16:0_24:6(4,7,10,13,16,19)",0.25859999999999983,0.6301910000000248,0.177214435504863,0.177214435504863,Some,Some,0.0,380000.0,,239000.0,0.0,268000.0,0.0,,0.0,0.0,0.0,304000.0,259000.0,566000.0,2460000.0,260000.0,241000.0,296000.0
16528,19.155,846.7535,846.75452,1.204599415573073,C53H96O6,CCCCCCCCCC=CCCCCC(=O)OC(COC(=O)CCCCCCCC=CCCCCCCCC)COC(=O)CCCCC=CCCCCCCCCC,[M+NH4]+,TG 16:1_16:1_18:1,TG 16:1(6)_16:1(6)_18:1(9),0.402000000000001,0.8806850000000281,0.8106505880339328,0.8106505880339328,Some,Some,985000.0,887500.0,877336.5041617124,770000.0,919285.5709412002,872500.0,1037500.0,962500.0,1003844.4830582101,1034387.3163740595,916740.1366541767,947500.0,768623.0876216968,837500.0,1319080.3578029126,777500.0,687500.0,842500.0
16528,19.155,846.7535,846.75452,1.204599415573073,C53H96O6,CCCCCCCCC=CCCCCCC(=O)OC(COC(=O)CCCCC=CCCCCCCCCCCC)COC(=O)CCCCCC=CCCCCCCCC,[M+NH4]+,TG 16:1_16:1_18:1,TG 16:1(7)_16:1(7)_18:1(6),0.6549999999999976,0.8690150000000472,0.7055969060690522,0.7055969060690522,Some,Some,0.0,0.0,0.0,0.0,0.0,0.0,0.0,0.0,37311.0338835795,0.0,0.0,0.0,0.0,0.0,163678.56878834922,0.0,0.0,0.0
16528,19.155,846.7535,846.75452,1.204599415573073,C53H96O6,CCCCCCCCCC=CCCCCC(=O)OC(COC(=O)CCCCCCCCCC=CCCCCCC)COC(=O)CCCCC=CCCCCCCCCC,[M+NH4]+,TG 16:1_16:1_18:1,TG 16:1(6)_16:1(6)_18:1(11),0.5869999999999997,0.8925199999999904,0.6833223774576405,0.6833223774576405,Some,Some,0.0,0.0,83442.33055885849,0.0,26675.69737106161,0.0,0.0,0.0,37311.0338835795,0.0,0.0,0.0,0.0,0.0,0.0,0.0,0.0,0.0
16528,19.155,846.7535,846.75452,1.204599415573073,C53H96O6,CCCCCCC=CCCCCCCCC(=O)OC(COC(=O)CCCCC=CCCCCCCCCCCC)COC(=O)CCCCCCCC=CCCCCCC,[M+NH4]+,TG 16:1_16:1_18:1,TG 16:1(9)_16:1(9)_18:1(6),0.8399999999999963,0.8808500000000095,0.5782686954927599,0.5782686954927599,Some,Some,985000.0,887500.0,960778.8347205708,770000.0,1009162.1513144694,872500.0,1037500.0,962500.0,1003844.4830582101,1034387.3163740595,968175.5565351554,947500.0,790458.9707927677,837500.0,1319080.3578029126,777500.0,687500.0,842500.0
16528,19.155,846.7535,846.75452,1.204599415573073,C53H96O6,CCCCCCCCC=CCCCCCC(=O)OC(COC(=O)CCCCCCCCCC=CCCCCCC)COC(=O)CCCCCC=CCCCCCCCC,[M+NH4]+,TG 16:1_16:1_18:1,TG 16:1(7)_16:1(7)_18:1(11),0.44299999999999784,0.8795350000000326,0.512320790794649,0.512320790794649,Some,Some,0.0,0.0,83442.33055885849,0.0,26675.69737106161,0.0,0.0,0.0,37311.0338835795,0.0,51435.419880978625,0.0,21835.88317107093,0.0,0.0,0.0,0.0,0.0
16528,19.155,846.7535,846.75452,1.204599415573073,C53H96O6,CCCCCCC=CCCCCCCCC(=O)OC(COC(=O)CCCCCCCC=CCCCCCCCC)COC(=O)CCCCCCCC=CCCCCCC,[M+NH4]+,TG 16:1_16:1_18:1,TG 16:1(9)_16:1(9)_18:1(9),0.44299999999999784,0.8795350000000326,0.512320790794649,0.512320790794649,Some,Some,985000.0,887500.0,877336.5041617124,770000.0,982486.4539434077,872500.0,1037500.0,962500.0,1003844.4830582101,1034387.3163740595,916740.1366541767,947500.0,790458.9707927677,837500.0,1319080.3578029126,777500.0,687500.0,842500.0
16528,19.155,846.7535,846.75452,1.204599415573073,C53H96O6,CCCCCCCCCC=CCCCCC(=O)OC(COC(=O)CCCCC=CCCCCCCCCCCC)COC(=O)CCCCC=CCCCCCCCCC,[M+NH4]+,TG 16:1_16:1_18:1,TG 16:1(6)_16:1(6)_18:1(6),0.2749999999999986,0.8641100000000392,0.4726094206963196,0.4726094206963196,Some,Some,0.0,0.0,83442.33055885849,0.0,89876.58037326913,0.0,0.0,0.0,0.0,0.0,0.0,0.0,0.0,0.0,0.0,0.0,0.0,0.0
16528,19.155,846.7535,846.75452,1.204599415573073,C53H96O6,CCCCCCC=CCCCCCCCC(=O)OC(COC(=O)CCCCCCCCCC=CCCCCCC)COC(=O)CCCCC=CCCCCCCCCC,[M+NH4]+,TG 16:1_16:1_18:1,TG 16:1(6)_16:1(9)_18:1(11),0.38099999999999845,0.8831050000000005,0.40927077646018856,0.40927077646018856,All,Some,0.0,0.0,83442.33055885849,0.0,26675.69737106161,0.0,0.0,0.0,0.0,46225.367251881056,20084.306810667844,0.0,0.0,0.0,0.0,0.0,0.0,0.0
16528,19.155,846.7535,846.75452,1.204599415573073,C53H96O6,CCCCCCCCC=CCCCCCC(=O)OC(COC(=O)CCCCCCCC=CCCCCCCCC)COC(=O)CCCCC=CCCCCCCCCC,[M+NH4]+,TG 16:1_16:1_18:1,TG 16:1(6)_16:1(7)_18:1(9),0.23099999999999987,0.8808700000000442,0.4064786185734275,0.4064786185734275,All,Some,985000.0,887500.0,877336.5041617124,770000.0,919285.5709412002,872500.0,1037500.0,962500.0,966533.4491746307,1080612.6836259405,936824.4434648446,947500.0,768623.0876216968,837500.0,1319080.3578029126,777500.0,687500.0,842500.0
16528,19.155,846.7535,846.75452,1.204599415573073,C53H96O6,CCCCCCCCC=CCCCCCC(=O)OC(COC(=O)CCCCCCCCCC=CCCCCCC)COC(=O)CCCCC=CCCCCCCCCC,[M+NH4]+,TG 16:1_16:1_18:1,TG 16:1(6)_16:1(7)_18:1(11),0.3633333333333321,0.8843700000000277,0.3993166057884039,0.3993166057884039,All,Some,0.0,0.0,83442.33055885849,0.0,89876.58037326913,0.0,0.0,0.0,0.0,0.0,0.0,0.0,0.0,0.0,0.0,0.0,0.0,0.0
16593,19.18,922.78529,922.78582,0.574347793849318,C59H100O6,CCCCCCCCC=CCC=CCCCCC(=O)OC(COC(=O)CCCC=CCC=CCC=CCCCCCCCC)COC(=O)CCCCC=CCC=CCCCCCCCC,[M+NH4]+,TG 18:2_18:2_20:3,"TG 18:2(6,9)_18:2(6,9)_20:3(5,8,11)",0.12399999999999878,0.8195800000000872,0.6380876142606096,0.6380876142606096,Some,Some,,2912.954896726149,0.0,16632.464255677038,0.0,10491.219084690592,21385.598239972922,0.0,13373.90626353634,46055.21977039448,110175.28695571357,10097.284625903496,16773.13616300076,22975.46259050684,191197.13084343314,30748.01061007958,35411.808637760325,15043.795620437953
16593,19.18,922.78529,922.78582,0.574347793849318,C59H100O6,CCCCCC=CCC=CCCCCCCCC(=O)OC(COC(=O)CCCC=CCC=CCC=CCCCCCCCC)COC(=O)CCCCCCCC=CCC=CCCCCC,[M+NH4]+,TG 18:2_18:2_20:3,"TG 18:2(9,12)_18:2(9,12)_20:3(5,8,11)",0.12399999999999996,0.8367033333334272,0.5850955146567114,0.5850955146567114,Some,Some,,0.0,0.0,16632.464255677038,0.0,0.0,9684.972076493483,0.0,24311.270900112624,30825.077786917493,31692.597239648683,10097.284625903496,15260.369135641517,17789.018503620275,97435.07296561959,5978.779840848806,5271.317002389893,0.0
16593,19.18,922.78529,922.78582,0.574347793849318,C59H100O6,CCCCCC=CCC=CCCCCCCCC(=O)OC(COC(=O)CCCC=CCC=CCC=CCCCCCCCC)COC(=O)CCCCC=CCC=CCCCCCCCC,[M+NH4]+,TG 18:2_18:2_20:3,"TG 18:2(6,9)_18:2(9,12)_20:3(5,8,11)",0.23049999999999926,0.661582500000037,0.43930310602252964,0.43930310602252964,Some,Some,,56640.789658564005,0.0,16632.464255677038,22000.0,93833.21382638486,111598.40920629547,24614.373356704644,123884.60538854715,131918.56514430814,117460.94149356382,93496.97206485641,87094.68645819752,71446.90265486726,252970.5664110809,69480.10610079576,57494.131956299076,85733.45891217329
16593,19.18,922.78529,922.78582,0.574347793849318,C59H100O6,CCCCCCCCC=CCC=CCCCCC(=O)OC(COC(=O)CCCCCCC=CCC=CCC=CCCCCC)COC(=O)CCCCC=CCC=CCCCCCCCC,[M+NH4]+,TG 18:2_18:2_20:3,"TG 18:2(6,9)_18:2(6,9)_20:3(8,11,14)",0.4326666666666649,0.6032699999999901,0.3907134038438704,0.3907134038438704,Some,Some,,15288.253477588873,0.0,16632.464255677038,22000.0,27499.7894401384,38346.58994753765,13774.466841951506,45915.27332582517,58823.003469117706,98437.2879780659,39612.42430162142,30839.215540200763,41879.324215607405,86349.24560969578,48201.59151193634,46485.660635029024,30195.432069696253
16593,19.18,922.78529,922.78582,0.574347793849318,C59H100O6,CCCCCC=CCC=CCCCCCCCC(=O)OC(COC(=O)CCCCCCC=CCC=CCC=CCCCCC)COC(=O)CCCCC=CCC=CCCCCCCCC,[M+NH4]+,TG 18:2_18:2_20:3,"TG 18:2(6,9)_18:2(9,12)_20:3(8,11,14)",0.42039999999999933,0.5700019999999995,0.3304773973471334,0.3304773973471334,Some,Some,,12375.298580862725,0.0,16632.464255677038,22000.0,23614.34538646271,38346.58994753765,13774.466841951506,56852.637962401444,73049.96244769501,46304.38217389284,39612.42430162142,36226.78933939247,50798.06918744972,131160.02968093,23432.360742705576,22842.37367702287,30195.432069696253
16593,19.18,922.78529,922.78582,0.574347793849318,C59H100O6,CCCCCCCCC=CCC=CCCCCC(=O)OC(COC(=O)CCCCCCCCCC=CCC=CCC=CCC)COC(=O)CCCCC=CCC=CCCCCCCCC,[M+NH4]+,TG 18:2_18:2_20:3,"TG 18:2(6,9)_18:2(6,9)_20:3(11,14,17)",0.2603999999999999,0.8942540000000918,0.2753086381903162,0.2753086381903162,Some,Some,,56640.789658564005,36286.40776699028,16632.464255677038,22000.0,127954.38249052479,150485.78439668304,38987.7300613497,158591.78723035604,173550.65984764494,142677.4013662345,128303.47724164874,116155.73724694093,110466.4119066774,322423.94261686865,93469.49602122015,78170.77074086718,116252.41346833056
16593,19.18,922.78529,922.78582,0.574347793849318,C59H100O6,CCCCCC=CCC=CCCCCCCCC(=O)OC(COC(=O)CCCCCCCCCC=CCC=CCC=CCC)COC(=O)CCCCC=CCC=CCCCCCCCC,[M+NH4]+,TG 18:2_18:2_20:3,"TG 18:2(6,9)_18:2(9,12)_20:3(11,14,17)",0.24239999999999923,0.7380440000000362,0.2692162113502431,0.2692162113502431,Some,Some,,70501.12406913027,127427.18446601942,75572.75021026072,22000.0,39879.11587621357,60666.27178879675,74861.23283669297,32541.36706228883,58813.88362361862,156965.37943212976,47476.65559679625,48090.06760657813,47259.65406275142,138038.58520900324,55220.15915119363,59153.16660976443,64327.054391335056
16593,19.18,922.78529,922.78582,0.574347793849318,C59H100O6,CCCCCC=CCC=CCCCCCCCC(=O)OC(COC(=O)CCCCCCC=CCC=CCC=CCCCCC)COC(=O)CCCCCCCC=CCC=CCCCCC,[M+NH4]+,TG 18:2_18:2_20:3,"TG 18:2(9,12)_18:2(9,12)_20:3(8,11,14)",0.4859999999999989,0.3134024999999383,0.1492640263904553,0.1492640263904553,Some,Some,,0.0,0.0,16632.464255677038,0.0,0.0,9684.972076493483,0.0,24311.270900112624,39352.13332856479,31692.597239648683,10097.284625903496,15260.369135641517,24235.72003218021,131160.02968093,5978.779840848806,5271.317002389893,0.0
16593,19.18,922.78529,922.78582,0.574347793849318,C59H100O6,CCCCCC=CCC=CCCCCCCCC(=O)OC(COC(=O)CCCCCCCCCC=CCC=CCC=CCC)COC(=O)CCCCCCCC=CCC=CCCCCC,[M+NH4]+,TG 18:2_18:2_20:3,"TG 18:2(9,12)_18:2(9,12)_20:3(11,14,17)",0.2949999999999993,0.5216016666666784,0.0619978490381178,0.0619978490381178,Some,Some,,56640.789658564005,36286.40776699028,0.0,22000.0,133727.9338955851,140800.81232018952,38987.7300613497,145217.8809668197,152611.49458173884,135594.12612110228,118206.19261574527,109299.62937440633,95149.43684633952,269265.3969824388,87490.71618037135,72899.4537384773,116252.41346833056
16621,19.206,948.80054,948.80147,0.9801839788880169,C61H102O6,CCCCCC=CCC=CCCCCCCCC(=O)OC(COC(=O)CCCCC=CCC=CCC=CCC=CCC=CCCCCC)COC(=O)CCCCCCCC=CCCCCCC,[M+NH4]+,TG 16:1_18:2_24:5,"TG 16:1(9)_18:2(9,12)_24:5(6,9,12,15,18)",0.2649999999999988,0.8190275000000327,0.2739059216138956,0.2739059216138956,Some,Some,0.0,18915.97633136095,4543.028821672267,0.0,5754.355241795728,16755.23975312549,23492.535211267605,11311.475409836063,22630.576320231492,29462.465827096312,24202.10374176971,19829.665618748215,16548.56860199097,16950.154000880004,0.0,18711.056453501995,16576.720660733725,18868.531078695527
16621,19.206,948.80054,948.80147,0.9801839788880169,C61H102O6,CCCCCC=CCC=CCCCCCCCC(=O)OC(COC(=O)CCCCC=CCC=CCC=CCC=CCC=CCCCCC)COC(=O)CCCCC=CCCCCCCCCC,[M+NH4]+,TG 16:1_18:2_24:5,"TG 16:1(6)_18:2(9,12)_24:5(6,9,12,15,18)",0.3052000000000007,0.6724900000000389,0.21651543414700014,0.21651543414700014,Some,Some,0.0,10482.927898312515,4543.028821672267,0.0,2208.0665462704537,10806.323785409082,12899.999999999998,0.0,13717.74776947191,18731.681082776857,21506.34334350409,11315.232923692483,10686.947381438198,10267.647243698537,0.0,13811.782618880301,11813.93174979192,9451.082411966923
16621,19.206,948.80054,948.80147,0.9801839788880169,C61H102O6,CCCCCC=CCC=CCCCCCCCC(=O)OC(COC(=O)CCCCC=CCC=CCC=CCC=CCC=CCCCCC)COC(=O)CCCCCC=CCCCCCCCC,[M+NH4]+,TG 16:1_18:2_24:5,"TG 16:1(7)_18:2(9,12)_24:5(6,9,12,15,18)",0.29900000000000126,0.6313300000000481,0.20371695000363652,0.20371695000363652,Some,Some,0.0,18471.619548542625,10911.09074243813,0.0,13417.349823966144,22406.70992245608,16806.33802816901,0.0,20361.5866891729,33354.008873750725,31863.738557893048,14886.253215204346,17844.5557410499,16120.937833930479,0.0,17679.081752166785,14443.434278763048,14243.891108427013
16621,19.206,948.80054,948.80147,0.9801839788880169,C61H102O6,CCCCCCCCC=CCC=CCCCCC(=O)OC(COC(=O)CCCCCCCC=CCC=CCC=CCC=CCC=CCC)COC(=O)CCCCCC=CCCCCCCCC,[M+NH4]+,TG 16:1_18:2_24:5,"TG 16:1(7)_18:2(6,9)_24:5(9,12,15,18,21)",0.3980000000000004,0.592795999999953,0.2034751905939068,0.2034751905939068,Some,Some,33161.825726141076,18915.97633136095,36350.74854873205,31815.530303030304,13750.232583593279,28456.521601519224,44750.281690140844,35557.37704918032,38943.57366771161,46161.251288486535,30818.29131202826,35234.066876250356,28853.02664935386,30242.001382865048,0.0,18711.056453501995,25880.773416992124,34928.64442999163
16621,19.206,948.80054,948.80147,0.9801839788880169,C61H102O6,CCCCCC=CCC=CCCCCCCCC(=O)OC(COC(=O)CCCCCCCC=CCC=CCC=CCC=CCC=CCC)COC(=O)CCCCCCCC=CCCCCCC,[M+NH4]+,TG 16:1_18:2_24:5,"TG 16:1(9)_18:2(9,12)_24:5(9,12,15,18,21)",0.33950000000000014,0.4904437499999972,0.19885537990646712,0.19885537990646712,Some,Some,20838.174273858924,6373.438527284682,4393.1153885324375,17884.469696969696,13342.074828070557,19943.282164899505,25309.436619718308,0.0,17751.507113576077,20691.97328911397,19393.04641079171,19927.6936267505,17065.47950287516,16425.796718838395,0.0,9892.363551182947,8661.630065945323,14344.792344141964
16621,19.206,948.80054,948.80147,0.9801839788880169,C61H102O6,CCCCCC=CCC=CCCCCCCCC(=O)OC(COC(=O)CCCCCCCC=CCC=CCC=CCC=CCC=CCC)COC(=O)CCCCCC=CCCCCCCCC,[M+NH4]+,TG 16:1_18:2_24:5,"TG 16:1(7)_18:2(9,12)_24:5(9,12,15,18,21)",0.29571428571428676,0.5555657142857301,0.19396629698598736,0.19396629698598736,Some,Some,0.0,8497.918036379575,4543.028821672267,0.0,2208.0665462704537,9827.504351954422,12899.999999999998,0.0,13717.74776947191,18731.681082776857,21506.34334350409,11315.232923692483,9843.566437890311,10267.647243698537,0.0,13811.782618880301,11386.388373135283,9451.082411966923
16621,19.206,948.80054,948.80147,0.9801839788880169,C61H102O6,CCCCCCCCC=CCC=CCCCCC(=O)OC(COC(=O)CCCCC=CCC=CCC=CCC=CCC=CCCCCC)COC(=O)CCCCC=CCCCCCCCCC,[M+NH4]+,TG 16:1_18:2_24:5,"TG 16:1(6)_18:2(6,9)_24:5(6,9,12,15,18)",0.3546666666666667,0.5941700000000196,0.18076218717503065,0.18076218717503065,Some,Some,0.0,18471.619548542625,10911.09074243813,0.0,10489.988872471222,19668.112043044785,16806.33802816901,0.0,20361.5866891729,33354.008873750725,31863.738557893048,14886.253215204346,17844.5557410499,16120.937833930479,0.0,17679.081752166785,14443.434278763048,14243.891108427013
16621,19.206,948.80054,948.80147,0.9801839788880169,C61H102O6,CCCCCC=CCC=CCCCCCCCC(=O)OC(COC(=O)CCCCCCCC=CCC=CCC=CCC=CCC=CCC)COC(=O)CCCCC=CCCCCCCCCC,[M+NH4]+,TG 16:1_18:2_24:5,"TG 16:1(6)_18:2(9,12)_24:5(9,12,15,18,21)",0.35625000000000107,0.5836137499999978,0.16972050986273893,0.16972050986273893,Some,Some,33161.825726141076,18915.97633136095,36350.74854873205,31815.530303030304,13750.232583593279,32859.2435511948,52108.7323943662,43081.967213114745,44401.01278032313,51635.54878322054,33319.89722177613,35234.066876250356,34887.77592283435,35278.27016154378,0.0,23057.858983368475,30455.266022152508,34928.64442999163
16621,19.206,948.80054,948.80147,0.9801839788880169,C61H102O6,CCCCCCCCC=CCC=CCCCCC(=O)OC(COC(=O)CCCCC=CCC=CCC=CCC=CCC=CCCCCC)COC(=O)CCCCCC=CCCCCCCCC,[M+NH4]+,TG 16:1_18:2_24:5,"TG 16:1(7)_18:2(6,9)_24:5(6,9,12,15,18)",0.4077142857142856,0.543597142857152,0.15493901757859768,0.15493901757859768,Some,Some,0.0,10482.927898312515,4543.028821672267,0.0,2208.0665462704537,15209.045735084661,20258.45070422535,7524.590163934425,19175.186882083435,24205.978577510872,24007.949253251965,11315.232923692483,16721.696654918687,15303.916022377276,0.0,18158.58514874678,16388.4243549523,9451.082411966923
16621,19.206,948.80054,948.80147,0.9801839788880169,C61H102O6,CCCCCCCCC=CCC=CCCCCC(=O)OC(COC(=O)CCCCC=CCC=CCC=CCC=CCC=CCCCCC)COC(=O)CCCCCCCC=CCCCCCC,[M+NH4]+,TG 16:1_18:2_24:5,"TG 16:1(9)_18:2(6,9)_24:5(6,9,12,15,18)",0.3637499999999996,0.574768750000004,0.1372024548463457,0.1372024548463457,Some,Some,20838.174273858924,18471.619548542625,10911.09074243813,17884.469696969696,14571.566427698424,31068.017091311907,32667.88732394366,7524.590163934425,34939.47431878467,47671.40232151661,40518.54825758792,22056.301800514437,29703.82736659865,27022.691558237475,0.0,26487.35066760366,22949.99679877073,21088.358264424412
16703,19.279,872.76914,872.77017,1.1801503252732586,C55H98O6,CCCCCCCCC=CCC=CCCCCC(=O)OC(COC(=O)CCCCCCCC=CCC=CCCCCC)COC(=O)CCCCCCCCCCCCCCC,[M+NH4]+,TG 16:0_18:2_18:2,"TG 16:0_18:2(6,9)_18:2(9,12)",0.40719999999999884,0.710886000000005,0.3547842936320821,0.3547842936320821,Some,Some,428821.5459104271,582806.2678062677,532551.724137931,397147.76632302406,425797.9907205994,444052.3968784838,526365.2539631187,437470.05988023954,601271.2775488264,640141.3247062829,743060.2035535622,517489.0670553937,476311.84407796094,427192.86744460475,1171136.7102573256,435025.71183696785,378106.4038202523,437614.3036912751
16703,19.279,872.76914,872.77017,1.1801503252732586,C55H98O6,CCCCCCCCC=CCC=CCCCCC(=O)OC(COC(=O)CCCCC=CCC=CCCCCCCCC)COC(=O)CCCCCCCCCCCCCCC,[M+NH4]+,TG 16:0_18:2_18:2,"TG 16:0_18:2(6,9)_18:2(6,9)",0.42533333333333206,0.6054700000000443,0.34510509570070363,0.34510509570070363,All,Some,759532.2496973888,815000.0,780000.0,635000.0,782500.4086456854,574450.0185804534,695000.0,765000.0,795000.0,837697.9397241614,960000.0000000002,660000.0000000001,599999.9999999999,544976.1811109654,1497891.423564915,554999.9999999999,485000.0000000001,565000.0
16703,19.279,872.76914,872.77017,1.1801503252732586,C55H98O6,CCCCCC=CCC=CCCCCCCCC(=O)OC(COC(=O)CCCCCCCC=CCC=CCCCCC)COC(=O)CCCCCCCCCCCCCCC,[M+NH4]+,TG 16:0_18:2_18:2,"TG 16:0_18:2(9,12)_18:2(9,12)",0.3520000000000003,0.4768674999999689,0.18465154526457483,0.18465154526457483,All,Some,341646.20439218404,232193.7321937322,247448.275862069,237852.23367697594,371701.60063371516,141497.5845410628,168634.7460368813,327529.94011976046,193728.72245117364,222160.73556955557,216939.7964464378,142510.93294460644,123688.15592203895,127830.95144442988,400971.866177759,119974.28816303208,106893.59617974778,127385.69630872483
16708,19.282,874.77668,874.78582,10.44827178370182,C55H100O6,CCCCCCC=CCCCCCCCCCC(=O)OC(COC(=O)CCCCC=CCCCCCCCCCCC)COC(=O)CCCCCCCC=CCCCCCC,[M+NH4]+,TG 16:1_18:1_18:1,TG 16:1(9)_18:1(11)_18:1(6),0.7109999999999985,0.4494799999999941,0.4166664692082791,0.4166664692082791,Some,Some,35359.564334243885,0.0,47582.23954060705,36662.02313758456,39450.92949133965,37734.37500000001,0.0,0.0,39862.861580275676,51630.21834061136,48073.51639754261,39407.123308792354,34992.98963627963,0.0,80891.80757753867,28668.200053490233,0.0,35458.59872611465
16708,19.282,874.77668,874.78582,10.44827178370182,C55H100O6,CCCCCCC=CCCCCCCCCCC(=O)OC(COC(=O)CCCCCCCC=CCCCCCCCC)COC(=O)CCCCCCCC=CCCCCCC,[M+NH4]+,TG 16:1_18:1_18:1,TG 16:1(9)_18:1(11)_18:1(9),0.49799999999999756,0.44832999999999856,0.3134122471053847,0.3134122471053847,Some,Some,49175.49205015059,0.0,57770.91878589006,47308.514470997965,54159.015849666146,45231.68103448277,0.0,0.0,48804.55574969261,63771.703056768565,58087.239800433505,46624.09898623906,41034.312495874314,0.0,100429.74048286464,33889.382187750736,0.0,42305.732484076434
16708,19.282,874.77668,874.78582,10.44827178370182,C55H100O6,CCCCCCCCC=CCCCCCCCC(=O)OC(COC(=O)CCCCCCCC=CCCCCCCCC)COC(=O)CCCCC=CCCCCCCCCC,[M+NH4]+,TG 16:1_18:1_18:1,TG 16:1(6)_18:1(9)_18:1(9),0.4059999999999988,0.8629475000000468,0.2951686651037898,0.2951686651037898,All,All,32052.952300903547,0.0,39702.62510254306,29204.59549257436,30350.019469562587,34078.66379310345,0.0,0.0,40208.03727431566,51630.21834061136,41809.20622298605,33852.792660833366,31780.10429731335,0.0,83548.48991771408,26000.106980476063,0.0,32082.802547770705
16708,19.282,874.77668,874.78582,10.44827178370182,C55H100O6,CCCCCCC=CCCCCCCCCCC(=O)OC(COC(=O)CCCCCCCCCC=CCCCCCC)COC(=O)CCCCC=CCCCCCCCCC,[M+NH4]+,TG 16:1_18:1_18:1,TG 16:1(6)_18:1(11)_18:1(11),0.48499999999999766,0.6755525000000091,0.27616813147734537,0.27616813147734537,All,All,45868.880016810246,0.0,49891.30434782608,39851.08682598775,45058.10582788907,41575.96982758621,0.0,0.0,49149.73144373261,63771.703056768565,51822.929625876954,41069.76833828007,37821.427156908045,0.0,103086.42282304008,31221.289114736563,0.0,38929.93630573249
16708,19.282,874.77668,874.78582,10.44827178370182,C55H100O6,CCCCCCC=CCCCCCCCCCC(=O)OC(COC(=O)CCCCCCCC=CCCCCCCCC)COC(=O)CCCCC=CCCCCCCCCC,[M+NH4]+,TG 16:1_18:1_18:1,TG 16:1(6)_18:1(11)_18:1(9),0.447999999999998,0.7372183333333547,0.2735403004126254,0.2735403004126254,All,All,45868.880016810246,0.0,49891.30434782608,39851.08682598775,45058.10582788907,41575.96982758621,0.0,0.0,48804.55574969261,63771.703056768565,51822.929625876954,41069.76833828007,37821.427156908045,0.0,100429.74048286464,31221.289114736563,0.0,38929.93630573249
16708,19.282,874.77668,874.78582,10.44827178370182,C55H100O6,CCCCCCCCC=CCCCCCCCC(=O)OC(COC(=O)CCCCCCCC=CCCCCCCCC)COC(=O)CCCCCC=CCCCCCCCC,[M+NH4]+,TG 16:1_18:1_18:1,TG 16:1(7)_18:1(9)_18:1(9),0.3739999999999988,0.8605500000000461,0.26828463828318555,0.26828463828318555,All,All,17122.539749247044,0.0,18068.293683347005,18103.918978423604,23808.996380103545,11153.01724137931,0.0,0.0,8941.694169416942,12141.484716157207,16278.033577447446,12771.306325405696,9254.208198560962,0.0,19537.932905325983,7889.275207274671,0.0,10222.929936305733
16708,19.282,874.77668,874.78582,10.44827178370182,C55H100O6,CCCCCCCCCCCC=CCCCCC(=O)OC(COC(=O)CCCCCCCC=CCCCCCCCC)COC(=O)CCCCC=CCCCCCCCCC,[M+NH4]+,TG 16:1_18:1_18:1,TG 16:1(6)_18:1(6)_18:1(9),0.4283333333333322,0.8565183333333835,0.26004189551408385,0.26004189551408385,All,Some,17122.539749247044,0.0,18068.293683347005,18103.918978423604,23808.996380103545,11153.01724137931,0.0,0.0,8941.694169416942,12141.484716157207,16278.033577447446,12771.306325405696,9254.208198560962,0.0,19537.932905325983,7889.275207274671,0.0,10222.929936305733
16708,19.282,874.77668,874.78582,10.44827178370182,C55H100O6,CCCCCCCCCCCC=CCCCCC(=O)OC(COC(=O)CCCCC=CCCCCCCCCCCC)COC(=O)CCCCC=CCCCCCCCCC,[M+NH4]+,TG 16:1_18:1_18:1,TG 16:1(6)_18:1(6)_18:1(6),0.4554999999999989,0.8545025000000521,0.255920524129533,0.255920524129533,All,Some,13815.927715906704,0.0,10188.679245283018,10646.491333413394,14708.086358326482,7497.306034482759,0.0,0.0,8941.694169416942,12141.484716157207,10013.723402890892,7216.975677446709,6041.322859594694,0.0,19537.932905325983,5221.182134260497,0.0,6847.133757961783
16708,19.282,874.77668,874.78582,10.44827178370182,C55H100O6,CCCCCCC=CCCCCCCCCCC(=O)OC(COC(=O)CCCCCCCCCC=CCCCCCC)COC(=O)CCCCCC=CCCCCCCCC,[M+NH4]+,TG 16:1_18:1_18:1,TG 16:1(7)_18:1(11)_18:1(11),0.4529999999999976,0.6731550000000084,0.24928410465674114,0.24928410465674114,All,All,3306.6120333403383,0.0,2918.170631665299,2134.1819783035107,3325.8051024675865,0.0,0.0,0.0,345.17569403999227,0.0,1907.1938847490671,1108.4300196584818,0.0,0.0,0.0,0.0,0.0,0.0
16708,19.282,874.77668,874.78582,10.44827178370182,C55H100O6,CCCCCCC=CCCCCCCCCCC(=O)OC(COC(=O)CCCCCCCC=CCCCCCCCC)COC(=O)CCCCCC=CCCCCCCCC,[M+NH4]+,TG 16:1_18:1_18:1,TG 16:1(7)_18:1(11)_18:1(9),0.4529999999999976,0.6731550000000084,0.24928410465674114,0.24928410465674114,All,All,3306.6120333403383,0.0,2918.170631665299,2134.1819783035107,4271.939312652331,0.0,0.0,0.0,0.0,0.0,1907.1938847490671,1108.4300196584818,0.0,0.0,0.0,0.0,0.0,0.0
16728,19.302,794.72274,794.72322,0.6039838623627795,C49H92O6,CCCCCCCCCCCCCCCC(=O)OC(COC(=O)CCCCCCCC=CCCCCCC)COC(=O)CCCCCCCCCCCCC,[M+NH4]+,TG 14:0_16:0_16:1,TG 14:0_16:0_16:1(9),0.6270000000000024,0.5098949999999718,0.46746398095504443,0.46746398095504443,All,Some,0.0,,0.0,0.0,0.0,0.0,0.0,15200.0,0.0,0.0,0.0,0.0,0.0,0.0,0.0,0.0,0.0,0.0
16728,19.302,794.72274,794.72322,0.6039838623627795,C49H92O6,CCCCCCCCCCCCCCCC(=O)OC(COC(=O)CCCCCC=CCCCCCCCC)COC(=O)CCCCCCCCCCCCC,[M+NH4]+,TG 14:0_16:0_16:1,TG 14:0_16:0_16:1(7),0.5609999999999999,0.5090599999999768,0.38338202832717094,0.38338202832717094,All,Some,0.0,,0.0,0.0,0.0,0.0,0.0,0.0,0.0,0.0,0.0,0.0,0.0,0.0,0.0,0.0,0.0,0.0
16743,19.316,974.81605,974.81712,1.0976417812881596,C63H104O6,CCCCCC=CCC=CCC=CCC=CCCCCCC(=O)OC(COC(=O)CCCCCC=CCC=CCC=CCC=CCC=CCC)COC(=O)CCCCCCCCCCCCCCC,[M+NH4]+,TG 16:0_22:4_22:5,"TG 16:0_22:4(7,10,13,16)_22:5(7,10,13,16,19)",0.29657142857142765,0.7453685714286199,0.10600310697238202,0.10600310697238202,Some,Some,0.0,0.0,9973.955431754875,0.0,0.0,20782.562799335352,33240.0202976996,11491.675845790716,31569.066666666666,47370.65529706182,53705.68202186772,27291.66666666666,29354.40212577502,26327.09942481512,69932.72055339714,30983.101604278076,18674.991740997688,18962.14590122838
16743,19.316,974.81605,974.81712,1.0976417812881596,C63H104O6,CCCCCC=CCC=CCC=CCC=CCCCCCC(=O)OC(COC(=O)CCC=CCC=CCC=CCC=CCC=CCCCCC)COC(=O)CCCCCCCCCCCCCCC,[M+NH4]+,TG 16:0_22:4_22:5,"TG 16:0_22:4(7,10,13,16)_22:5(4,7,10,13,16)",0.19899999999999807,0.802011666666734,0.08094334147553027,0.08094334147553027,Some,Some,0.0,0.0,4626.044568245125,0.0,0.0,9317.437200664646,16259.979702300405,4708.324154209286,13730.93333333333,24129.344702938175,33394.31797813228,12008.333333333332,12745.597874224977,13072.90057518488,53067.27944660286,11916.898395721926,8625.008259002312,11537.854098771622
16795,19.383,896.76998,896.77017,0.21187145417096495,C57H98O6,CCCCCCCCC=CCCCCCCCC(=O)OC(COC(=O)CCCC=CCC=CCC=CCC=CCC=CCC)COC(=O)CCCCCCCCCCCCCCC,[M+NH4]+,TG 16:0_18:1_20:5,"TG 16:0_18:1(9)_20:5(5,8,11,14,17)",0.5495555555555538,0.716024444444492,0.32057107410698704,0.32057107410698704,Some,Some,16132.15859030837,21029.71242374872,17642.94217983082,12441.491737382761,14622.429916469851,126730.16736401676,130041.3335017959,16536.27807413951,162942.12705787295,194875.49444339803,207851.41680794375,124621.3006904699,135677.38023044268,120665.59790548106,327714.0288555785,115323.67572067853,94985.85407899406,119766.13631688622
16795,19.383,896.76998,896.77017,0.21187145417096495,C57H98O6,CCCCCCC=CCCCCCCCCCC(=O)OC(COC(=O)CCCC=CCC=CCC=CCC=CCC=CCC)COC(=O)CCCCCCCCCCCCCCC,[M+NH4]+,TG 16:0_18:1_20:5,"TG 16:0_18:1(11)_20:5(5,8,11,14,17)",0.5245999999999988,0.7235140000000456,0.2911645884362303,0.2911645884362303,All,Some,16022.907488986784,22015.291933467208,17546.82006474745,13017.01652523448,14643.894934015076,123513.15899581592,127557.85787773225,16658.064625734773,163210.7867892132,185929.93030702582,203997.49737628156,126948.69340285557,138280.97837072972,115287.02878066365,309844.1099533641,113689.99895930898,96548.19246564923,115681.45922209405
16795,19.383,896.76998,896.77017,0.21187145417096495,C57H98O6,CCCCCCCCCCCC=CCCCCC(=O)OC(COC(=O)CCCC=CCC=CCC=CCC=CCC=CCC)COC(=O)CCCCCCCCCCCCCCC,[M+NH4]+,TG 16:0_18:1_20:5,"TG 16:0_18:1(6)_20:5(5,8,11,14,17)",0.5035999999999987,0.7182340000000522,0.28860952424864955,0.28860952424864955,Some,Some,15444.933920704845,20554.99564278407,16910.237755421727,12441.491737382761,14033.675149515073,116756.67364016737,120400.8086204718,15905.657300125718,148847.08615291383,177194.5752495762,202151.08581577457,119430.00590667456,130041.64139882759,111047.37331385532,312441.8611910574,104986.32532001249,92465.95345535668,110552.40446101975
16808,19.388,898.78401,898.78582,2.0138279439896625,C57H100O6,CCCCCCCCCCCCCCCC(=O)OC(COC(=O)CCC=CCC=CCC=CCC=CCC=CCCCCC)COC(=O)CCCCCCCCCCCCCCC,[M+NH4]+,TG 16:0_16:0_22:5,"TG 16:0_16:0_22:5(4,7,10,13,16)",0.41476923076922884,0.6299776923076741,0.20676690969955536,0.20676690969955536,All,Some,306663.69649405393,364269.76744186046,306245.36442380527,196410.46021778876,299160.6514139265,224257.68300331512,222749.8037847737,224327.23112128148,281978.868063212,378013.9411374197,354771.6233381515,250948.15409688925,205297.4100896035,0.0,0.0,165228.54757109875,189718.74625865,218903.20283759016
16808,19.388,898.78401,898.78582,2.0138279439896625,C57H100O6,CCCCCCCCCCCCCCCC(=O)OC(COC(=O)CCCCCC=CCC=CCC=CCC=CCC=CCC)COC(=O)CCCCCCCCCCCCCCC,[M+NH4]+,TG 16:0_16:0_22:5,"TG 16:0_16:0_22:5(7,10,13,16,19)",0.37600000000000006,0.44805888888890877,0.16247002587372456,0.16247002587372456,All,Some,234336.303505946,322730.23255813954,229754.63557619473,155589.53978221124,221839.34858607347,142742.31699668485,139250.19621522631,144672.76887871855,176021.13193678795,216986.05886258028,205228.37666184854,153051.84590311078,105702.58991039646,0.0,0.0,98771.45242890122,108281.25374135001,126096.79716240986
16866,19.408,822.75226,822.75452,2.7468703544507913,C51H96O6,CCCCCCCCCCCCCCCC(=O)OC(COC(=O)CCCCCCCC=CCCCCCC)COC(=O)CCCCCCCCCCCCCCC,[M+NH4]+,TG 16:0_16:0_16:1,TG 16:0_16:0_16:1(9),0.23900000000000432,0.5104599999999664,0.48753385229298596,0.48753385229298596,All,Some,0.0,29500.0,0.0,0.0,29400.0,71800.0,158000.0,16700.0,87800.0,121698.88141259161,54602.9945553539,50800.0,69646.735395189,58500.0,112000.0,90900.0,60500.0,54506.11845325501
16866,19.408,822.75226,822.75452,2.7468703544507913,C51H96O6,CCCCCCCCCCCCCCCC(=O)OC(COC(=O)CCCCCC=CCCCCCCCC)COC(=O)CCCCCCCCCCCCCCC,[M+NH4]+,TG 16:0_16:0_16:1,TG 16:0_16:0_16:1(7),0.32700000000000173,0.5098150000000032,0.4510431116775122,0.4510431116775122,All,Some,0.0,0.0,0.0,0.0,0.0,0.0,0.0,0.0,0.0,2301.1185874083917,1897.0054446460977,0.0,2053.2646048109964,0.0,0.0,0.0,0.0,2893.881546744982
16865,19.408,924.79264,924.80147,9.547995203758719,C59H102O6,CCCCCCC=CCCCCCCCCCC(=O)OC(COC(=O)CCC=CCC=CCC=CCC=CCC=CCCCCC)COC(=O)CCCCCCCCCCCCCCC,[M+NH4]+,TG 16:0_18:1_22:5,"TG 16:0_18:1(11)_22:5(4,7,10,13,16)",0.4536250000000015,0.6098693750000166,0.3719132376248125,0.3719132376248125,All,Some,0.0,0.0,0.0,0.0,0.0,56426.39872758746,78102.77519585712,0.0,89541.50657115031,113700.4323015736,144725.58604075405,76679.59039310137,81276.27844628067,73252.75556025945,217863.0206538887,61560.45407177009,54335.697187696,66186.45223890635
16865,19.408,924.79264,924.80147,9.547995203758719,C59H102O6,CCCCCCCCC=CCCCCCCCC(=O)OC(COC(=O)CCC=CCC=CCC=CCC=CCC=CCCCCC)COC(=O)CCCCCCCCCCCCCCC,[M+NH4]+,TG 16:0_18:1_22:5,"TG 16:0_18:1(9)_22:5(4,7,10,13,16)",0.435666666666668,0.5324191666666612,0.31231381068747927,0.31231381068747927,Some,Some,0.0,0.0,0.0,0.0,0.0,27437.257669926483,35322.79909706546,0.0,47111.63784318314,65803.87342209925,70758.29468687832,36938.76107387072,34538.62829495115,35530.38298129698,104502.67466951963,31065.652668506922,25530.405823444824,30117.522168102907
16865,19.408,924.79264,924.80147,9.547995203758719,C59H102O6,CCCCCCCCCCCC=CCCCCC(=O)OC(COC(=O)CCC=CCC=CCC=CCC=CCC=CCCCCC)COC(=O)CCCCCCCCCCCCCCC,[M+NH4]+,TG 16:0_18:1_22:5,"TG 16:0_18:1(6)_22:5(4,7,10,13,16)",0.4576923076923079,0.43980384615386253,0.2739965490648161,0.2739965490648161,Some,Some,0.0,0.0,0.0,0.0,0.0,39397.660856067916,56177.40007967069,0.0,65715.79114234597,78792.18398754974,81036.57518938254,42410.51638764442,57846.911097845776,48848.87887630597,147865.81319020074,41265.95973175719,39499.52424230787,43877.85687523417
16865,19.408,924.79264,924.80147,9.547995203758719,C59H102O6,CCCCCCC=CCCCCCCCCCC(=O)OC(COC(=O)CCCCCC=CCC=CCC=CCC=CCC=CCC)COC(=O)CCCCCCCCCCCCCCC,[M+NH4]+,TG 16:0_18:1_22:5,"TG 16:0_18:1(11)_22:5(7,10,13,16,19)",0.37516666666666687,0.5079808333333441,0.27052641884365225,0.27052641884365225,All,Some,0.0,0.0,0.0,0.0,0.0,26997.15112453929,34685.43354136237,0.0,46368.75438768655,63393.152343074544,63987.65536525577,33020.27823626503,33898.750615267,34936.11938493174,94865.37798973652,29664.139626273798,26469.749917862457,30200.180611195974
16865,19.408,924.79264,924.80147,9.547995203758719,C59H102O6,CCCCCCCCC=CCCCCCCCC(=O)OC(COC(=O)CCCCCC=CCC=CCC=CCC=CCC=CCC)COC(=O)CCCCCCCCCCCCCCC,[M+NH4]+,TG 16:0_18:1_22:5,"TG 16:0_18:1(9)_22:5(7,10,13,16,19)",0.36660000000000037,0.5002020000000129,0.26355748882945434,0.26355748882945434,Some,Some,0.0,0.0,0.0,0.0,0.0,36398.16547750603,51431.15124153499,0.0,59724.62313075118,72208.3347743386,81036.57518938254,41201.43497153635,45836.899263774125,47121.6075235489,122109.99691733005,38078.706834146076,29231.883872454266,41503.72270417231
16865,19.408,924.79264,924.80147,9.547995203758719,C59H102O6,CCCCCCCCCCCC=CCCCCC(=O)OC(COC(=O)CCCCCC=CCC=CCC=CCC=CCC=CCC)COC(=O)CCCCCCCCCCCCCCC,[M+NH4]+,TG 16:0_18:1_22:5,"TG 16:0_18:1(6)_22:5(7,10,13,16,19)",0.3653999999999996,0.4212610000000268,0.19166694981681529,0.19166694981681529,Some,Some,0.0,0.0,0.0,0.0,0.0,25343.366144372838,32280.440844509365,0.0,45537.686924882815,61102.02317136435,61455.3135283468,31749.41893758211,28602.53228188131,32310.255673657,89793.11657932434,28365.08706754596,21932.738956234556,27114.265402388297
16871,19.409,922.78533,922.78582,0.5310007905190148,C59H100O6,CCCCCCCCC=CCCCCCCCC(=O)OC(COC(=O)CCCC=CCC=CCC=CCC=CCC=CCC)COC(=O)CCCCC=CCCCCCCCCCCC,[M+NH4]+,TG 18:1_18:1_20:5,"TG 18:1(6)_18:1(9)_20:5(5,8,11,14,17)",0.548,0.8713325000001078,0.4432933636576184,0.4432933636576184,Some,Some,38325.429041611154,56222.87682274492,39439.28586434137,34322.84368898587,34628.37388645127,181564.3078631925,215798.73732542564,39918.96320572024,261626.3251615041,320408.9610584875,358015.1319979227,184846.22587150673,208100.63406721796,196768.59121383203,555523.0893473312,188723.49291601073,141461.88003075332,179905.5926115957
16871,19.409,922.78533,922.78582,0.5310007905190148,C59H100O6,CCCCCCCCC=CCCCCCCCC(=O)OC(COC(=O)CCCC=CCC=CCC=CCC=CCC=CCC)COC(=O)CCCCCCCC=CCCCCCCCC,[M+NH4]+,TG 18:1_18:1_20:5,"TG 18:1(9)_18:1(9)_20:5(5,8,11,14,17)",0.4746666666666665,0.8913850000000897,0.4263625780085525,0.4263625780085525,Some,Some,38325.429041611154,57474.609804352585,39693.83889932096,34322.84368898587,36313.07893453885,190762.71578655066,225307.05949875643,39918.96320572024,276278.15968196123,344976.69523379946,383585.4530109361,195418.58734274463,219115.93561779018,207445.85832745236,591773.7317377578,197101.58347995186,147786.5156198516,187402.77065161624
16871,19.409,922.78533,922.78582,0.5310007905190148,C59H100O6,CCCCCCCCCCCC=CCCCCC(=O)OC(COC(=O)CCCC=CCC=CCC=CCC=CCC=CCC)COC(=O)CCCCC=CCCCCCCCCCCC,[M+NH4]+,TG 18:1_18:1_20:5,"TG 18:1(6)_18:1(6)_20:5(5,8,11,14,17)",0.5092500000000006,0.6617562500000531,0.38354139581973723,0.38354139581973723,Some,Some,38325.429041611154,57474.60980435259,39693.83889932096,34322.84368898587,36313.07893453885,190762.71578655066,225307.05949875643,39918.96320572024,276278.15968196123,344976.69523379946,383342.3930060996,195418.58734274463,219115.9356177902,207445.85832745236,591773.7317377578,197101.58347995186,147786.5156198516,187402.77065161624
16871,19.409,922.78533,922.78582,0.5310007905190148,C59H100O6,CCCCCCCCCCCC=CCCCCC(=O)OC(COC(=O)CCCC=CCC=CCC=CCC=CCC=CCC)COC(=O)CCCCCCCCCC=CCCCCCC,[M+NH4]+,TG 18:1_18:1_20:5,"TG 18:1(11)_18:1(6)_20:5(5,8,11,14,17)",0.4670000000000002,0.7928850000000807,0.3577991296584132,0.3577991296584132,Some,Some,28886.51359611315,44336.19110427198,29687.01944675171,25385.781555070633,25804.01542348092,131929.6987087518,152481.34685287927,29767.515765430253,196603.85953288054,243487.19490803388,280562.73381807876,134051.78622875252,154407.95816744363,144193.82939308396,429486.0876587622,139549.95832947493,99716.69307893871,127118.52231913804
16871,19.409,922.78533,922.78582,0.5310007905190148,C59H100O6,CCCCCCCCC=CCCCCCCCC(=O)OC(COC(=O)CCCC=CCC=CCC=CCC=CCC=CCC)COC(=O)CCCCCCCCCC=CCCCCCC,[M+NH4]+,TG 18:1_18:1_20:5,"TG 18:1(11)_18:1(9)_20:5(5,8,11,14,17)",0.4602000000000011,0.7112960000000725,0.3577991296584132,0.3577991296584132,Some,Some,36811.7702374422,54268.83564153293,38046.73102592361,34322.84368898587,36313.07893453885,183416.25399176194,225307.05949875643,38556.63141168876,257587.1707801888,325741.49250739237,358053.93989785464,195418.58734274463,211158.90246254014,197377.27152434722,556963.512223772,188799.88887859986,147786.5156198516,178264.75115443819
16871,19.409,922.78533,922.78582,0.5310007905190148,C59H100O6,CCCCCCC=CCCCCCCCCCC(=O)OC(COC(=O)CCCC=CCC=CCC=CCC=CCC=CCC)COC(=O)CCCCCCCCCC=CCCCCCC,[M+NH4]+,TG 18:1_18:1_20:5,"TG 18:1(11)_18:1(11)_20:5(5,8,11,14,17)",0.3882222222222238,0.6178044444444848,0.2842417186723683,0.2842417186723683,Some,Some,38325.429041611154,56222.87682274492,39439.28586434137,34322.84368898587,34628.37388645127,181564.3078631925,215798.73732542564,39918.96320572024,261626.3251615041,320408.9610584875,356440.34826910787,184846.22587150673,208100.63406721796,196768.59121383203,544479.8472946185,188723.49291601073,141461.88003075332,179905.5926115957
16936,19.438,950.80786,950.81712,9.738991658080614,C61H104O6,CCCCCCCCC=CCCCCCCCC(=O)OC(COC(=O)CCC=CCC=CCC=CCC=CCC=CCCCCC)COC(=O)CCCCCCCC=CCCCCCCCC,[M+NH4]+,TG 18:1_18:1_22:5,"TG 18:1(9)_18:1(9)_22:5(4,7,10,13,16)",0.34733333333333527,0.4690513333333229,0.2105439900518193,0.2105439900518193,Some,Some,4312.778749884881,6674.885955842102,0.0,4650.018653236336,0.0,15207.026527274025,15938.220894787082,0.0,22951.355812025045,29975.59192803105,27438.567733012318,14946.378269617708,0.0,15419.950461607745,42232.67355558839,12934.3694604029,12918.354215165702,12873.03702085836
16936,19.438,950.80786,950.81712,9.738991658080614,C61H104O6,CCCCCCCCC=CCCCCCCCC(=O)OC(COC(=O)CCC=CCC=CCC=CCC=CCC=CCCCCC)COC(=O)CCCCC=CCCCCCCCCCCC,[M+NH4]+,TG 18:1_18:1_22:5,"TG 18:1(6)_18:1(9)_22:5(4,7,10,13,16)",0.3445263157894751,0.4702278947368385,0.19688565592817406,0.19688565592817406,Some,Some,5363.57536607507,8925.314761875798,0.0,5783.868947690996,0.0,19062.58445345281,21738.65812729008,0.0,26515.685276950997,34730.90423512335,31154.778065210146,15560.46277665996,0.0,19369.164948989313,45041.18571870087,15930.012761245542,15212.166392020436,17159.855847985145
16936,19.438,950.80786,950.81712,9.738991658080614,C61H104O6,CCCCCCCCCCCC=CCCCCC(=O)OC(COC(=O)CCC=CCC=CCC=CCC=CCC=CCCCCC)COC(=O)CCCCC=CCCCCCCCCCCC,[M+NH4]+,TG 18:1_18:1_22:5,"TG 18:1(6)_18:1(6)_22:5(4,7,10,13,16)",0.30546666666666766,0.5639793333333348,0.19572325797706028,0.19572325797706028,Some,Some,4783.38091541791,7429.219633842221,0.0,4650.018653236336,0.0,16802.930090320748,18335.97930843366,0.0,23597.723020963113,31848.73710827627,30891.683528417387,16577.540241448693,0.0,17182.54724334436,43440.071307954524,14068.012969795078,14245.455258821376,14933.100360380038
16936,19.438,950.80786,950.81712,9.738991658080614,C61H104O6,CCCCCCCCC=CCCCCCCCC(=O)OC(COC(=O)CCCCCC=CCC=CCC=CCC=CCC=CCC)COC(=O)CCCCCCCC=CCCCCCCCC,[M+NH4]+,TG 18:1_18:1_22:5,"TG 18:1(9)_18:1(9)_22:5(7,10,13,16,19)",0.3677142857142885,0.41541285714283405,0.1901449085912736,0.1901449085912736,Some,Some,2046.7970898183103,5862.043063074022,0.0,2250.7852679404164,0.0,6593.378849299483,6590.781168211351,0.0,8741.917004835179,6305.069905234693,14138.590784519634,7755.558350100603,0.0,6821.748393466476,18574.239553519037,5063.188523816855,4066.3737106885337,7499.574096319755
16936,19.438,950.80786,950.81712,9.738991658080614,C61H104O6,CCCCCCCCC=CCCCCCCCC(=O)OC(COC(=O)CCC=CCC=CCC=CCC=CCC=CCCCCC)COC(=O)CCCCCCCCCC=CCCCCCC,[M+NH4]+,TG 18:1_18:1_22:5,"TG 18:1(11)_18:1(9)_22:5(4,7,10,13,16)",0.3130000000000017,0.5936136363636344,0.18154164063355235,0.18154164063355235,Some,Some,4634.188056677498,7464.035034365307,0.0,5062.888053934501,0.0,15712.395988905486,16280.32145826277,0.0,22299.66870836321,29717.408766759567,23771.68762646313,11618.259557344065,0.0,15564.062148164829,32662.733979225733,13491.518488909636,11863.479026618885,13316.501037457683
16936,19.438,950.80786,950.81712,9.738991658080614,C61H104O6,CCCCCCCCC=CCCCCCCCC(=O)OC(COC(=O)CCCCCC=CCC=CCC=CCC=CCC=CCC)COC(=O)CCCCC=CCCCCCCCCCCC,[M+NH4]+,TG 18:1_18:1_22:5,"TG 18:1(6)_18:1(9)_22:5(7,10,13,16,19)",0.348666666666668,0.43716222222221607,0.1802609073408804,0.1802609073408804,Some,Some,1936.283861121709,4930.731099081565,0.0,2250.7852679404164,0.0,5991.892468529978,6525.87369523047,0.0,7779.681046673264,5752.347178349395,13275.311835668366,6849.509557344063,0.0,7073.943844941369,16273.621879717097,4402.057688774574,3418.2905669918823,6773.047941465546
16936,19.438,950.80786,950.81712,9.738991658080614,C61H104O6,CCCCCCC=CCCCCCCCCCC(=O)OC(COC(=O)CCC=CCC=CCC=CCC=CCC=CCCCCC)COC(=O)CCCCCCCCCC=CCCCCCC,[M+NH4]+,TG 18:1_18:1_22:5,"TG 18:1(11)_18:1(11)_22:5(4,7,10,13,16)",0.3343333333333349,0.6154922222222328,0.16129517352000877,0.16129517352000877,Some,Some,4487.758028654501,6614.926099385681,0.0,4438.037946012205,0.0,15141.7395633312,15281.509991686422,0.0,21389.96671059853,29480.3017819184,24725.405322336912,10540.87022132797,0.0,14170.058718583827,33345.17618708484,12667.402217576757,10762.201703678515,12756.667030686907
16936,19.438,950.80786,950.81712,9.738991658080614,C61H104O6,CCCCCCCCCCCC=CCCCCC(=O)OC(COC(=O)CCCCCC=CCC=CCC=CCC=CCC=CCC)COC(=O)CCCCC=CCCCCCCCCCCC,[M+NH4]+,TG 18:1_18:1_22:5,"TG 18:1(6)_18:1(6)_22:5(7,10,13,16,19)",0.3337142857142875,0.53574285714285,0.15634434403217287,0.15634434403217287,Some,Some,2291.077372416424,5883.802688400948,0.0,2592.789025235164,0.0,7428.205675272032,7927.111494288265,0.0,8433.363110856511,6671.795375122364,15604.79471352099,8055.746981891347,0.0,7960.092148338041,17861.61240185078,5162.817603567191,4432.950572397617,8006.727094026426
16936,19.438,950.80786,950.81712,9.738991658080614,C61H104O6,CCCCCCCCCCCC=CCCCCC(=O)OC(COC(=O)CCC=CCC=CCC=CCC=CCC=CCCCCC)COC(=O)CCCCCCCCCC=CCCCCCC,[M+NH4]+,TG 18:1_18:1_22:5,"TG 18:1(11)_18:1(6)_22:5(4,7,10,13,16)",0.30438095238095353,0.61554190476191,0.1541201086003007,0.1541201086003007,Some,Some,3180.0181557447145,4467.976400462259,0.0,3070.022916833213,0.0,10733.660479340022,9019.84789235459,0.0,16963.81430042183,24195.450542014172,18860.589606331483,9340.11569416499,0.0,9616.68369909757,26993.2140985501,9347.722589390787,8030.662725711248,7891.143387572349
16936,19.438,950.80786,950.81712,9.738991658080614,C61H104O6,CCCCCCCCC=CCCCCCCCC(=O)OC(COC(=O)CCCCCC=CCC=CCC=CCC=CCC=CCC)COC(=O)CCCCCCCCCC=CCCCCCC,[M+NH4]+,TG 18:1_18:1_22:5,"TG 18:1(11)_18:1(9)_22:5(7,10,13,16,19)",0.2934545454545475,0.5061936363636257,0.12754567719771623,0.12754567719771623,Some,Some,1964.1424041889773,5347.065263670093,0.0,2250.7852679404164,0.0,6326.185904274236,6361.695969455307,0.0,7326.825008312338,5322.393179170746,14138.590784519634,7755.558350100603,0.0,6821.748393466476,16575.471317808624,4332.8976965207,3750.0658279058002,6790.346183247789
16944,19.44,948.801,948.80147,0.49536179570867706,C61H102O6,CCC=CCC=CCC=CCCCCCCCCCC(=O)OC(COC(=O)CCCCCC=CCC=CCC=CCC=CCC=CCC)COC(=O)CCCCCCCCCCCCCCC,[M+NH4]+,TG 16:0_20:3_22:5,"TG 16:0_20:3(11,14,17)_22:5(7,10,13,16,19)",0.4976000000000013,0.588742000000002,0.21995907949980653,0.21995907949980653,Some,Some,55765.095189226544,87202.61346072784,49925.93714146795,66281.66160081055,60087.376507748995,174129.14020515035,172733.98899972028,70375.07778156929,283968.1860026975,366852.18132242677,323695.93356028583,158465.71448873729,193145.09091826188,163714.3199865653,707619.6096868091,171287.8118518345,122234.86260180376,158994.61100357876
16944,19.44,948.801,948.80147,0.49536179570867706,C61H102O6,CCCCCC=CCC=CCC=CCCCCCCC(=O)OC(COC(=O)CCCCCC=CCC=CCC=CCC=CCC=CCC)COC(=O)CCCCCCCCCCCCCCC,[M+NH4]+,TG 16:0_20:3_22:5,"TG 16:0_20:3(8,11,14)_22:5(7,10,13,16,19)",0.3780000000000019,0.5987862499999892,0.14819615032479322,0.14819615032479322,Some,Some,9159.612122227572,16804.13095405367,9472.701449695687,10977.710233029384,9760.813112959167,20076.442474293304,25821.87470867904,7866.035046869668,33806.43987240146,27646.003749147923,55565.14907784969,31531.585305194338,27462.429138679418,29153.143967564716,151481.9297596303,24197.39386198249,22474.139157531663,21782.810911673372
16944,19.44,948.801,948.80147,0.49536179570867706,C61H102O6,CCCCCC=CCC=CCC=CCCCCCCC(=O)OC(COC(=O)CCC=CCC=CCC=CCC=CCC=CCCCCC)COC(=O)CCCCCCCCCCCCCCC,[M+NH4]+,TG 16:0_20:3_22:5,"TG 16:0_20:3(8,11,14)_22:5(4,7,10,13,16)",0.5120000000000005,0.6527342857143107,0.11906192262708164,0.11906192262708164,Some,Some,61959.74616206253,103107.6998735422,73072.1393140922,70516.71732522798,59320.94118833492,184456.0106955419,253662.72023865013,68641.28143880848,248071.463743604,248887.04839809134,367636.77627723117,196403.89398138277,208905.47807397315,216035.65002519015,663190.3251943064,184210.97530965466,154594.433282323,211498.53090666037
16944,19.44,948.801,948.80147,0.49536179570867706,C61H102O6,CCCCCCCCC=CCC=CCC=CCCCC(=O)OC(COC(=O)CCCCCC=CCC=CCC=CCC=CCC=CCC)COC(=O)CCCCCCCCCCCCCCC,[M+NH4]+,TG 16:0_20:3_22:5,"TG 16:0_20:3(5,8,11)_22:5(7,10,13,16,19)",0.3942000000000007,0.4202299999999696,0.11413443173585344,0.11413443173585344,Some,Some,13858.546086665128,25529.80539553182,15980.048024635014,16600.81053698075,12989.349862596302,37336.27026143006,46054.057518411486,13969.850860113613,57900.083495686056,55504.41376959781,90450.1265696507,41016.13017835571,41068.57330206048,47954.945661300764,240279.5810785128,41379.83524145445,36980.65772077577,40414.562822887216
16944,19.44,948.801,948.80147,0.49536179570867706,C61H102O6,CCC=CCC=CCC=CCCCCCCCCCC(=O)OC(COC(=O)CCC=CCC=CCC=CCC=CCC=CCCCCC)COC(=O)CCCCCCCCCCCCCCC,[M+NH4]+,TG 16:0_20:3_22:5,"TG 16:0_20:3(11,14,17)_22:5(4,7,10,13,16)",0.33505882352941163,0.613362352941194,0.05536122122031763,0.05536122122031763,Some,Some,6763.8176220495525,13702.191934803992,8013.089485334572,0.0,6604.021624425084,27643.67559753564,35789.82940244243,5997.229972500451,26457.213813183756,41074.06271301977,60292.045440375114,27826.902579407375,35692.81985321932,31066.573903030003,86259.41523041682,25779.251672779676,18914.958515079277,31551.780318326757
16944,19.44,948.801,948.80147,0.49536179570867706,C61H102O6,CCCCCCCCC=CCC=CCC=CCCCC(=O)OC(COC(=O)CCC=CCC=CCC=CCC=CCC=CCCCCC)COC(=O)CCCCCCCCCCCCCCC,[M+NH4]+,TG 16:0_20:3_22:5,"TG 16:0_20:3(5,8,11)_22:5(4,7,10,13,16)",0.3173333333333337,0.5715786666666569,0.02374373012573187,0.02374373012573187,Some,Some,10493.182817768651,21653.55838134045,12536.084584774568,10623.100303951369,11237.497703935545,26358.460766048745,30937.52913209658,10150.524900138502,39796.61307242716,39036.29004771643,69359.96907460752,34755.773466922474,34725.60871380573,35075.36645634911,181169.1390503246,30144.73206229419,27800.948722486533,28757.704036873543
16958,19.449,848.76768,848.77017,2.9336563512430347,C53H98O6,CCCCCCCCCCCC=CCCCCC(=O)OC(COC(=O)CCCCC=CCCCCCCCCCCC)COC(=O)CCCCCCCCCCCCC,[M+NH4]+,TG 14:0_18:1_18:1,TG 14:0_18:1(6)_18:1(6),0.4770000000000003,0.8499300000000289,0.5198344841535839,0.5198344841535839,All,All,0.0,5422.402597402597,0.0,0.0,0.0,19036.938583374867,31226.99153668071,0.0,37266.95004419006,0.0,19549.650590975758,13325.09881422925,25654.952953117714,0.0,0.0,20488.175034779306,20605.577689243022,19172.847518388033
16958,19.449,848.76768,848.77017,2.9336563512430347,C53H98O6,CCCCCCCCCCCC=CCCCCC(=O)OC(COC(=O)CCCCCCCC=CCCCCCCCC)COC(=O)CCCCCCCCCCCCC,[M+NH4]+,TG 14:0_18:1_18:1,TG 14:0_18:1(6)_18:1(9),0.3829999999999991,0.6784050000000263,0.4772830990333729,0.4772830990333729,All,Some,0.0,6468.831168831169,0.0,0.0,0.0,27305.892451680793,43658.43106000227,0.0,51528.84979588401,0.0,27635.234233456995,19202.94795783926,35367.18514251228,0.0,0.0,29269.634501074994,29433.466135458162,27338.478892391366
16958,19.449,848.76768,848.77017,2.9336563512430347,C53H98O6,CCCCCCC=CCCCCCCCCCC(=O)OC(COC(=O)CCCCC=CCCCCCCCCCCC)COC(=O)CCCCCCCCCCCCC,[M+NH4]+,TG 14:0_18:1_18:1,TG 14:0_18:1(11)_18:1(6),0.4015000000000004,0.6769925000000114,0.4666562480984209,0.4666562480984209,All,Some,0.0,8720.238095238095,0.0,0.0,0.0,33397.71279836075,55568.56047667843,0.0,62738.10024830606,0.0,35914.41635751876,24088.817523056652,45954.4344772721,0.0,0.0,36218.540533704305,36172.11155378485,34167.70195932999
16958,19.449,848.76768,848.77017,2.9336563512430347,C53H98O6,CCCCCCCCC=CCCCCCCCC(=O)OC(COC(=O)CCCCCCCC=CCCCCCCCC)COC(=O)CCCCCCCCCCCCC,[M+NH4]+,TG 14:0_18:1_18:1,TG 14:0_18:1(9)_18:1(9),0.2889999999999979,0.5068800000000238,0.4347317139131619,0.4347317139131619,All,Some,0.0,1046.4285714285716,0.0,0.0,0.0,8268.95386830592,12431.439523321567,0.0,14261.89975169395,0.0,8085.583642481236,5877.849143610014,9712.232189394565,0.0,0.0,8781.459466295686,8827.888446215138,8165.6313740033365
16958,19.449,848.76768,848.77017,2.9336563512430347,C53H98O6,CCCCCCC=CCCCCCCCCCC(=O)OC(COC(=O)CCCCCCCC=CCCCCCCCC)COC(=O)CCCCCCCCCCCCC,[M+NH4]+,TG 14:0_18:1_18:1,TG 14:0_18:1(11)_18:1(9),0.3074999999999992,0.5054675000000088,0.4241048629782099,0.4241048629782099,All,Some,0.0,4344.26406926407,0.0,0.0,0.0,22629.728083291797,36773.00846331929,0.0,39733.04995580995,0.0,24450.349409024242,16641.56785243742,30011.713713548957,0.0,0.0,24511.824965220687,24394.42231075697,23160.4858149453
16958,19.449,848.76768,848.77017,2.9336563512430347,C53H98O6,CCCCCCC=CCCCCCCCCCC(=O)OC(COC(=O)CCCCCCCCCC=CCCCCCC)COC(=O)CCCCCCCCCCCCC,[M+NH4]+,TG 14:0_18:1_18:1,TG 14:0_18:1(11)_18:1(11),0.3260000000000005,0.5040549999999939,0.41347801204325785,0.41347801204325785,All,Some,0.0,3297.835497835498,0.0,0.0,0.0,14360.774214985875,24341.568939997724,0.0,25471.15020411599,0.0,16364.765766543009,10763.718708827404,20299.481524154395,0.0,0.0,15730.365498924999,15566.533864541834,14994.854440941961
16966,19.452,1000.83223,1000.83277,0.5395506783824365,C65H106O6,CCC=CCC=CCC=CCC=CCC=CCCCCCC(=O)OC(COC(=O)CCCCCCCC=CCC=CCC=CCC=CCC=CCC)COC(=O)CCCCCCCCCCCCCCC,[M+NH4]+,TG 16:0_22:5_24:5,"TG 16:0_22:5(7,10,13,16,19)_24:5(9,12,15,18,21)",0.3357142857142839,0.6549757142856996,0.24682928541592825,0.24682928541592825,All,Some,0.0,0.0,0.0,0.0,0.0,4116.988528730793,0.0,0.0,0.0,6544.783295156011,18326.48506727929,0.0,5082.075858260141,5476.431334211756,45560.66407854464,0.0,3462.560936232546,0.0
16966,19.452,1000.83223,1000.83277,0.5395506783824365,C65H106O6,CCCCCC=CCC=CCC=CCC=CCC=CCCC(=O)OC(COC(=O)CCCCCCCC=CCC=CCC=CCC=CCC=CCC)COC(=O)CCCCCCCCCCCCCCC,[M+NH4]+,TG 16:0_22:5_24:5,"TG 16:0_22:5(4,7,10,13,16)_24:5(9,12,15,18,21)",0.3807499999999999,0.7496900000000153,0.21832760927873568,0.21832760927873568,Some,Some,0.0,0.0,0.0,0.0,0.0,6865.173121448115,0.0,0.0,0.0,11558.430717863104,23897.254129745106,0.0,7683.312251696924,7750.550431419219,82280.2856650723,0.0,4567.19563385495,0.0
16966,19.452,1000.83223,1000.83277,0.5395506783824365,C65H106O6,CCC=CCC=CCC=CCC=CCC=CCCCCCC(=O)OC(COC(=O)CCCCC=CCC=CCC=CCC=CCC=CCCCCC)COC(=O)CCCCCCCCCCCCCCC,[M+NH4]+,TG 16:0_22:5_24:5,"TG 16:0_22:5(7,10,13,16,19)_24:5(6,9,12,15,18)",0.3803999999999995,0.7647130000000175,0.17531966392063114,0.17531966392063114,Some,Some,0.0,0.0,0.0,0.0,0.0,1716.2932803620288,0.0,0.0,0.0,3104.4279225065034,7678.9410348977135,0.0,2002.5654273039852,2137.7821226675737,23936.838339538648,0.0,1226.9907148538714,0.0
16966,19.452,1000.83223,1000.83277,0.5395506783824365,C65H106O6,CCCCCC=CCC=CCC=CCC=CCC=CCCC(=O)OC(COC(=O)CCCCC=CCC=CCC=CCC=CCC=CCCCCC)COC(=O)CCCCCCCCCCCCCCC,[M+NH4]+,TG 16:0_22:5_24:5,"TG 16:0_22:5(4,7,10,13,16)_24:5(6,9,12,15,18)",0.4344444444444441,0.527748888888886,0.002906216788897352,0.002906216788897352,All,Some,0.0,0.0,0.0,0.0,0.0,701.5450694590612,0.0,0.0,0.0,1492.3580644743824,3097.3197680778912,0.0,732.0464627389499,835.2361117014493,13222.211916844433,0.0,423.25271505863276,0.0
16971,19.453,848.76474,848.77017,6.397491561286461,C53H98O6,CCCCCCCCCCCC=CCCCCC(=O)OC(COC(=O)CCCCC=CCCCCCCCCCCC)COC(=O)CCCCCCCCCCCCC,[M+NH4]+,TG 14:0_18:1_18:1,TG 14:0_18:1(6)_18:1(6),0.4770000000000003,0.8469899999999484,0.5206329876777812,0.5206329876777812,All,All,0.0,0.0,0.0,0.0,0.0,0.0,0.0,0.0,0.0,0.0,0.0,23567.193675889328,0.0,0.0,0.0,0.0,0.0,0.0
16971,19.453,848.76474,848.77017,6.397491561286461,C53H98O6,CCCCCCCCCCCC=CCCCCC(=O)OC(COC(=O)CCCCCCCC=CCCCCCCCC)COC(=O)CCCCCCCCCCCCC,[M+NH4]+,TG 14:0_18:1_18:1,TG 14:0_18:1(6)_18:1(9),0.3829999999999991,0.6769349999999861,0.4762712618649899,0.4762712618649899,All,Some,0.0,0.0,0.0,0.0,0.0,0.0,0.0,0.0,0.0,0.0,0.0,33962.944664031624,0.0,0.0,0.0,0.0,0.0,0.0
16971,19.453,848.76474,848.77017,6.397491561286461,C53H98O6,CCCCCCC=CCCCCCCCCCC(=O)OC(COC(=O)CCCCC=CCCCCCCCCCCC)COC(=O)CCCCCCCCCCCCC,[M+NH4]+,TG 14:0_18:1_18:1,TG 14:0_18:1(11)_18:1(6),0.4015000000000004,0.6755224999999712,0.4667712381652144,0.4667712381652144,All,Some,0.0,0.0,0.0,0.0,0.0,0.0,0.0,0.0,0.0,0.0,0.0,42604.24901185771,0.0,0.0,0.0,0.0,0.0,0.0
16971,19.453,848.76474,848.77017,6.397491561286461,C53H98O6,CCCCCCCCC=CCCCCCCCC(=O)OC(COC(=O)CCCCCCCC=CCCCCCCCC)COC(=O)CCCCCCCCCCCCC,[M+NH4]+,TG 14:0_18:1_18:1,TG 14:0_18:1(9)_18:1(9),0.2889999999999979,0.5068800000000238,0.4319095360521986,0.4319095360521986,All,Some,0.0,0.0,0.0,0.0,0.0,0.0,0.0,0.0,0.0,0.0,0.0,10395.750988142294,0.0,0.0,0.0,0.0,0.0,0.0
16971,19.453,848.76474,848.77017,6.397491561286461,C53H98O6,CCCCCCC=CCCCCCCCCCC(=O)OC(COC(=O)CCCCCCCC=CCCCCCCCC)COC(=O)CCCCCCCCCCCCC,[M+NH4]+,TG 14:0_18:1_18:1,TG 14:0_18:1(11)_18:1(9),0.3074999999999992,0.5054675000000088,0.4224095123524231,0.4224095123524231,All,Some,0.0,0.0,0.0,0.0,0.0,0.0,0.0,0.0,0.0,0.0,0.0,29432.806324110676,0.0,0.0,0.0,0.0,0.0,0.0
16971,19.453,848.76474,848.77017,6.397491561286461,C53H98O6,CCCCCCC=CCCCCCCCCCC(=O)OC(COC(=O)CCCCCCCCCC=CCCCCCC)COC(=O)CCCCCCCCCCCCC,[M+NH4]+,TG 14:0_18:1_18:1,TG 14:0_18:1(11)_18:1(11),0.3260000000000005,0.5040549999999939,0.4129094886526476,0.4129094886526476,All,Some,0.0,0.0,0.0,0.0,0.0,0.0,0.0,0.0,0.0,0.0,0.0,19037.05533596838,0.0,0.0,0.0,0.0,0.0,0.0
16994,19.493,974.81669,974.81712,0.4411083794375941,C63H104O6,CCCCCC=CCC=CCC=CCC=CCCCCCC(=O)OC(COC(=O)CCCCCC=CCC=CCC=CCC=CCC=CCC)COC(=O)CCCCCCCCCCCCCCC,[M+NH4]+,TG 16:0_22:4_22:5,"TG 16:0_22:4(7,10,13,16)_22:5(7,10,13,16,19)",0.36200000000000043,0.5773670000000152,0.07453978139869356,0.07453978139869356,Some,Some,0.0,0.0,0.0,0.0,0.0,20979.60372017792,22527.57475083056,0.0,0.0,44367.43362831859,55250.424281984335,18264.895635673623,25371.50586113616,23424.011821204287,118949.34333958726,17506.13521533403,6079.974172124342,11297.24866617847
16994,19.493,974.81669,974.81712,0.4411083794375941,C63H104O6,CCCCCC=CCC=CCC=CCC=CCCCCCC(=O)OC(COC(=O)CCC=CCC=CCC=CCC=CCC=CCCCCC)COC(=O)CCCCCCCCCCCCCCC,[M+NH4]+,TG 16:0_22:4_22:5,"TG 16:0_22:4(7,10,13,16)_22:5(4,7,10,13,16)",0.43549999999999994,0.6081824999999981,0.04081512634053863,0.04081512634053863,Some,Some,0.0,0.0,0.0,0.0,0.0,8220.39627982208,8672.425249169435,0.0,0.0,16532.566371681412,26649.575718015665,7335.104364326375,8528.494138863842,10075.988178795717,56050.65666041276,6693.864784665971,2570.0258278756573,5502.751333821529
17008,19.505,874.7816,874.78582,4.824037956992033,C55H100O6,CCCCCCC=CCCCCCCCCCC(=O)OC(COC(=O)CCCCC=CCCCCCCCCCCC)COC(=O)CCCCCCCC=CCCCCCC,[M+NH4]+,TG 16:1_18:1_18:1,TG 16:1(9)_18:1(11)_18:1(6),0.7109999999999985,0.4494799999999941,0.7012038991715949,0.7012038991715949,Some,Some,0.0,13341.406872866286,0.0,0.0,0.0,0.0,44221.791206243724,0.0,36464.60343315374,23464.055500928658,0.0,28645.741101469805,0.0,26006.929970821177,0.0,25712.222795255286,19463.189983223536,23327.685468590586
17008,19.505,874.7816,874.78582,4.824037956992033,C55H100O6,CCCCCCC=CCCCCCCCCCC(=O)OC(COC(=O)CCCCCCCCCC=CCCCCCC)COC(=O)CCCCCCCC=CCCCCCC,[M+NH4]+,TG 16:1_18:1_18:1,TG 16:1(9)_18:1(11)_18:1(11),0.5319999999999965,0.48575999999997066,0.40845988716657716,0.40845988716657716,All,All,0.0,21137.79667600221,0.0,0.0,0.0,0.0,65222.33212271076,0.0,55289.312116276145,36278.4333005572,0.0,41373.73826810696,0.0,38805.49187161317,0.0,37677.15317173801,28162.482098285534,33887.37064567847
17008,19.505,874.7816,874.78582,4.824037956992033,C55H100O6,CCCCCCC=CCCCCCCCCCC(=O)OC(COC(=O)CCCCCCCC=CCCCCCCCC)COC(=O)CCCCCCCC=CCCCCCC,[M+NH4]+,TG 16:1_18:1_18:1,TG 16:1(9)_18:1(11)_18:1(9),0.5319999999999965,0.48575999999997066,0.40845988716657716,0.40845988716657716,Some,Some,0.0,9839.638571457777,0.0,0.0,0.0,0.0,23508.21420292095,0.0,18824.708683122415,12814.377799628537,0.0,16765.53922436692,0.0,13422.728220091703,0.0,14357.916451779267,10667.457751953845,12780.571345284945
17008,19.505,874.7816,874.78582,4.824037956992033,C55H100O6,CCCCCCCCC=CCCCCCCCC(=O)OC(COC(=O)CCCCCCCC=CCCCCCCCC)COC(=O)CCCCCCCC=CCCCCCC,[M+NH4]+,TG 16:1_18:1_18:1,TG 16:1(9)_18:1(9)_18:1(9),0.4964999999999975,0.6852499999999964,0.3651837200756104,0.3651837200756104,All,All,0.0,9839.638571457777,0.0,0.0,0.0,0.0,23508.21420292095,0.0,19140.458589149228,12814.377799628537,0.0,16765.53922436692,0.0,13422.728220091703,0.0,14357.916451779267,10667.457751953845,12780.571345284945
17008,19.505,874.7816,874.78582,4.824037956992033,C55H100O6,CCCCCCC=CCCCCCCCCCC(=O)OC(COC(=O)CCCCCCCCCC=CCCCCCC)COC(=O)CCCCCC=CCCCCCCCC,[M+NH4]+,TG 16:1_18:1_18:1,TG 16:1(7)_18:1(11)_18:1(11),0.4964999999999975,0.6852499999999964,0.36518372007561034,0.36518372007561034,All,All,0.0,9839.638571457777,0.0,0.0,0.0,0.0,23508.21420292095,0.0,18824.708683122415,12814.377799628537,0.0,16765.53922436692,0.0,13422.728220091703,0.0,14357.916451779267,10667.457751953845,12780.571345284945
17008,19.505,874.7816,874.78582,4.824037956992033,C55H100O6,CCCCCCC=CCCCCCCCCCC(=O)OC(COC(=O)CCCCCCCC=CCCCCCCCC)COC(=O)CCCCCC=CCCCCCCCC,[M+NH4]+,TG 16:1_18:1_18:1,TG 16:1(7)_18:1(11)_18:1(9),0.4964999999999975,0.6852499999999964,0.36518372007561034,0.36518372007561034,All,All,0.0,2043.2487683218515,0.0,0.0,0.0,0.0,2507.6732864539063,0.0,0.0,0.0,0.0,4037.5420577297677,0.0,624.1663192997082,0.0,2392.9860752965446,1968.1656368918532,2220.886168197056
17008,19.505,874.7816,874.78582,4.824037956992033,C55H100O6,CCCCCCC=CCCCCCCCCCC(=O)OC(COC(=O)CCCCCCCCCC=CCCCCCC)COC(=O)CCCCC=CCCCCCCCCC,[M+NH4]+,TG 16:1_18:1_18:1,TG 16:1(6)_18:1(11)_18:1(11),0.5909999999999993,0.6780124999999941,0.3553409441133335,0.3553409441133335,All,All,0.0,832.495860334853,0.0,0.0,0.0,0.0,0.0,0.0,315.7499060268137,0.0,0.0,805.7375597662474,0.0,624.1663192997082,0.0,0.0,0.0,0.0
17008,19.505,874.7816,874.78582,4.824037956992033,C55H100O6,CCCCCCCCCCCC=CCCCCC(=O)OC(COC(=O)CCCCC=CCCCCCCCCCCC)COC(=O)CCCCCCCC=CCCCCCC,[M+NH4]+,TG 16:1_18:1_18:1,TG 16:1(9)_18:1(6)_18:1(6),0.5024999999999977,0.6671700000000271,0.3528328756103846,0.3528328756103846,All,Some,0.0,2043.2487683218515,0.0,0.0,0.0,0.0,2507.6732864539063,0.0,0.0,0.0,0.0,4037.5420577297677,0.0,624.1663192997082,0.0,2392.9860752965446,1968.1656368918532,2220.886168197056
17008,19.505,874.7816,874.78582,4.824037956992033,C55H100O6,CCCCCCC=CCCCCCCCCCC(=O)OC(COC(=O)CCCCCCCC=CCCCCCCCC)COC(=O)CCCCC=CCCCCCCCCC,[M+NH4]+,TG 16:1_18:1_18:1,TG 16:1(6)_18:1(11)_18:1(9),0.5476666666666657,0.7469216666666701,0.3441964804037702,0.3441964804037702,All,All,0.0,2043.2487683218515,0.0,0.0,0.0,0.0,2507.6732864539063,0.0,315.7499060268137,0.0,0.0,4037.5420577297677,0.0,624.1663192997082,0.0,2392.9860752965446,1968.1656368918532,2220.886168197056
17008,19.505,874.7816,874.78582,4.824037956992033,C55H100O6,CCCCCCC=CCCCCCCCCCC(=O)OC(COC(=O)CCCCC=CCCCCCCCCCCC)COC(=O)CCCCCC=CCCCCCCCC,[M+NH4]+,TG 16:1_18:1_18:1,TG 16:1(7)_18:1(11)_18:1(6),0.48866666666666464,0.7396933333333587,0.34252443473513755,0.34252443473513755,All,Some,0.0,9839.638571457777,0.0,0.0,0.0,0.0,23508.21420292095,0.0,18824.708683122415,12814.377799628537,0.0,16765.53922436692,0.0,13422.728220091703,0.0,14357.916451779267,10667.457751953845,12780.571345284945
17021,19.514,822.7537,822.75452,0.9966520754891292,C51H96O6,CCCCCCCCCCCCCCCC(=O)OC(COC(=O)CCCCCCCC=CCCCCCC)COC(=O)CCCCCCCCCCCCCCC,[M+NH4]+,TG 16:0_16:0_16:1,TG 16:0_16:0_16:1(9),0.4510000000000005,0.5104599999999664,0.4844889876408398,0.4844889876408398,All,Some,0.0,0.0,0.0,0.0,0.0,0.0,0.0,0.0,0.0,0.0,0.0,55000.0,0.0,0.0,0.0,0.0,0.0,0.0
17021,19.514,822.7537,822.75452,0.9966520754891292,C51H96O6,CCCCCCCCCCCCCCCC(=O)OC(COC(=O)CCCCCC=CCCCCCCCC)COC(=O)CCCCCCCCCCCCCCC,[M+NH4]+,TG 16:0_16:0_16:1,TG 16:0_16:0_16:1(7),0.32700000000000173,0.5098150000000032,0.45877304390566886,0.45877304390566886,All,Some,0.0,0.0,0.0,0.0,0.0,0.0,0.0,0.0,0.0,0.0,0.0,0.0,0.0,0.0,0.0,0.0,0.0,0.0
17027,19.518,846.75382,846.75452,0.8266858734193382,C53H96O6,CCCCCCCCCC=CCCCCC(=O)OC(COC(=O)CCCCCCCC=CCCCCCCCC)COC(=O)CCCCC=CCCCCCCCCC,[M+NH4]+,TG 16:1_16:1_18:1,TG 16:1(6)_16:1(6)_18:1(9),0.3470000000000013,0.8806250000000091,0.7509004940346589,0.7509004940346589,Some,Some,0.0,0.0,0.0,0.0,14554.621848739496,0.0,0.0,0.0,0.0,43059.05408936504,0.0,0.0,0.0,0.0,0.0,0.0,0.0,0.0
17027,19.518,846.75382,846.75452,0.8266858734193382,C53H96O6,CCCCCCCCCC=CCCCCC(=O)OC(COC(=O)CCCCCCCCCC=CCCCCCC)COC(=O)CCCCC=CCCCCCCCCC,[M+NH4]+,TG 16:1_16:1_18:1,TG 16:1(6)_16:1(6)_18:1(11),0.23700000000000188,0.8927349999999592,0.7378658514698264,0.7378658514698264,Some,Some,0.0,0.0,0.0,0.0,4100.8403361344535,0.0,0.0,0.0,0.0,11369.741311732429,0.0,0.0,0.0,0.0,0.0,0.0,0.0,0.0
17027,19.518,846.75382,846.75452,0.8266858734193382,C53H96O6,CCCCCCCCC=CCCCCCC(=O)OC(COC(=O)CCCCC=CCCCCCCCCCCC)COC(=O)CCCCCC=CCCCCCCCC,[M+NH4]+,TG 16:1_16:1_18:1,TG 16:1(7)_16:1(7)_18:1(6),0.5689999999999991,0.8693150000000287,0.5924056515606608,0.5924056515606608,Some,Some,0.0,0.0,0.0,0.0,327.7310924369748,0.0,0.0,0.0,0.0,2471.1262085184226,0.0,0.0,0.0,0.0,0.0,0.0,0.0,0.0
17027,19.518,846.75382,846.75452,0.8266858734193382,C53H96O6,CCCCCCC=CCCCCCCCC(=O)OC(COC(=O)CCCCC=CCCCCCCCCCCC)COC(=O)CCCCCCCC=CCCCCCC,[M+NH4]+,TG 16:1_16:1_18:1,TG 16:1(9)_16:1(9)_18:1(6),0.45899999999999963,0.8814249999999788,0.5793710089958284,0.5793710089958284,Some,Some,0.0,0.0,0.0,0.0,20082.35294117647,0.0,0.0,0.0,0.0,47041.02430101908,0.0,0.0,0.0,0.0,0.0,0.0,0.0,0.0
17027,19.518,846.75382,846.75452,0.8266858734193382,C53H96O6,CCCCCCCCC=CCCCCCC(=O)OC(COC(=O)CCCCCCCCCC=CCCCCCC)COC(=O)CCCCCC=CCCCCCCCC,[M+NH4]+,TG 16:1_16:1_18:1,TG 16:1(7)_16:1(7)_18:1(11),0.6070000000000029,0.8866500000000315,0.4476770400595297,0.4476770400595297,Some,Some,0.0,0.0,0.0,0.0,1763.0252100840337,0.0,0.0,0.0,0.0,2471.1262085184226,0.0,0.0,0.0,0.0,0.0,0.0,0.0,0.0
17027,19.518,846.75382,846.75452,0.8266858734193382,C53H96O6,CCCCCCCCC=CCCCCCC(=O)OC(COC(=O)CCCCCCCC=CCCCCCCCC)COC(=O)CCCCCC=CCCCCCCCC,[M+NH4]+,TG 16:1_16:1_18:1,TG 16:1(7)_16:1(7)_18:1(9),0.6070000000000029,0.8866500000000315,0.4476770400595297,0.4476770400595297,All,All,0.0,0.0,0.0,0.0,1763.0252100840337,0.0,0.0,0.0,0.0,0.0,0.0,0.0,0.0,0.0,0.0,0.0,0.0,0.0
17027,19.518,846.75382,846.75452,0.8266858734193382,C53H96O6,CCCCCCC=CCCCCCCCC(=O)OC(COC(=O)CCCCCCCC=CCCCCCCCC)COC(=O)CCCCCCCC=CCCCCCC,[M+NH4]+,TG 16:1_16:1_18:1,TG 16:1(9)_16:1(9)_18:1(9),0.6070000000000029,0.8866500000000315,0.4476770400595297,0.4476770400595297,Some,Some,0.0,0.0,0.0,0.0,327.7310924369748,0.0,0.0,0.0,0.0,0.0,0.0,0.0,0.0,0.0,0.0,0.0,0.0,0.0
17027,19.518,846.75382,846.75452,0.8266858734193382,C53H96O6,CCCCCCCCC=CCCCCCC(=O)OC(COC(=O)CCCCCCCC=CCCCCCCCC)COC(=O)CCCCC=CCCCCCCCCC,[M+NH4]+,TG 16:1_16:1_18:1,TG 16:1(6)_16:1(7)_18:1(9),0.31450000000000067,0.880535000000009,0.44190855212668045,0.44190855212668045,All,Some,0.0,0.0,0.0,0.0,1763.0252100840337,0.0,0.0,0.0,0.0,0.0,0.0,0.0,0.0,0.0,0.0,0.0,0.0,0.0
17027,19.518,846.75382,846.75452,0.8266858734193382,C53H96O6,CCCCCCCCCC=CCCCCC(=O)OC(COC(=O)CCCCC=CCCCCCCCCCCC)COC(=O)CCCCC=CCCCCCCCCC,[M+NH4]+,TG 16:1_16:1_18:1,TG 16:1(6)_16:1(6)_18:1(6),0.4150000000000027,0.5943249999999694,0.4361400641938312,0.4361400641938312,Some,Some,0.0,0.0,0.0,0.0,14554.621848739496,0.0,0.0,0.0,0.0,40587.92788084662,0.0,0.0,0.0,0.0,0.0,0.0,0.0,0.0
17027,19.518,846.75382,846.75452,0.8266858734193382,C53H96O6,CCCCCCCCC=CCCCCCC(=O)OC(COC(=O)CCCCCCCCCC=CCCCCCC)COC(=O)CCCCC=CCCCCCCCCC,[M+NH4]+,TG 16:1_16:1_18:1,TG 16:1(6)_16:1(7)_18:1(11),0.3760000000000012,0.8904483333333246,0.39970909646628705,0.39970909646628705,All,Some,0.0,0.0,0.0,0.0,1763.0252100840337,0.0,0.0,0.0,0.0,0.0,0.0,0.0,0.0,0.0,0.0,0.0,0.0,0.0
17037,19.521,976.8249,976.83277,8.05665026985669,C63H106O6,CCCCCCCCCCCC=CCCCCC(=O)OC(COC(=O)CCC=CCC=CCC=CCC=CCC=CCC=CCCCC)COC(=O)CCCCC=CCCCCCCCCCCC,[M+NH4]+,TG 18:1_18:1_24:6,"TG 18:1(6)_18:1(6)_24:6(4,7,10,13,16,19)",0.39166666666666633,0.579748333333337,0.19271467785345595,0.19271467785345595,Some,Some,0.0,0.0,0.0,0.0,0.0,0.0,0.0,0.0,0.0,0.0,506.5731574864235,0.0,193.1825958893726,0.0,0.0,0.0,0.0,150.34750744946444
17037,19.521,976.8249,976.83277,8.05665026985669,C63H106O6,CCCCCCCCCCCC=CCCCCC(=O)OC(COC(=O)CCC=CCC=CCC=CCC=CCC=CCC=CCCCC)COC(=O)CCCCCCCCCC=CCCCCCC,[M+NH4]+,TG 18:1_18:1_24:6,"TG 18:1(11)_18:1(6)_24:6(4,7,10,13,16,19)",0.37412499999999893,0.6073437499999912,0.1625024775977803,0.1625024775977803,All,Some,0.0,0.0,0.0,0.0,0.0,0.0,0.0,0.0,0.0,0.0,2303.903180760279,0.0,1054.0127347150933,0.0,0.0,0.0,0.0,769.6561166143191
17037,19.521,976.8249,976.83277,8.05665026985669,C63H106O6,CCCCCCCCC=CCCCCCCCC(=O)OC(COC(=O)CCC=CCC=CCC=CCC=CCC=CCC=CCCCC)COC(=O)CCCCC=CCCCCCCCCCCC,[M+NH4]+,TG 18:1_18:1_24:6,"TG 18:1(6)_18:1(9)_24:6(4,7,10,13,16,19)",0.39274999999999904,0.5982781250000002,0.16036541064123308,0.16036541064123308,All,Some,0.0,0.0,0.0,0.0,0.0,0.0,0.0,0.0,0.0,0.0,612.2414274631496,0.0,240.90669872003122,0.0,0.0,0.0,0.0,166.6904244181364
17037,19.521,976.8249,976.83277,8.05665026985669,C63H106O6,CCCCCCC=CCCCCCCCCCC(=O)OC(COC(=O)CCC=CCC=CCC=CCC=CCC=CCC=CCCCC)COC(=O)CCCCCCCCCC=CCCCCCC,[M+NH4]+,TG 18:1_18:1_24:6,"TG 18:1(11)_18:1(11)_24:6(4,7,10,13,16,19)",0.34683333333333205,0.5963841666666762,0.13911648626197762,0.13911648626197762,Some,Some,0.0,0.0,0.0,0.0,0.0,0.0,0.0,0.0,0.0,0.0,2227.7585725368504,0.0,1015.7599679466354,0.0,0.0,0.0,0.0,743.3095755818636
17037,19.521,976.8249,976.83277,8.05665026985669,C63H106O6,CCCCCCCCC=CCCCCCCCC(=O)OC(COC(=O)CCC=CCC=CCC=CCC=CCC=CCC=CCCCC)COC(=O)CCCCCCCC=CCCCCCCCC,[M+NH4]+,TG 18:1_18:1_24:6,"TG 18:1(9)_18:1(9)_24:6(4,7,10,13,16,19)",0.37166666666666553,0.5842966666666882,0.136267063653248,0.136267063653248,Some,Some,0.0,0.0,0.0,0.0,0.0,0.0,0.0,0.0,0.0,0.0,2333.4268425135765,0.0,1063.484070777294,0.0,0.0,0.0,0.0,759.6524925505356
17037,19.521,976.8249,976.83277,8.05665026985669,C63H106O6,CCCCCCCCC=CCCCCCCCC(=O)OC(COC(=O)CCC=CCC=CCC=CCC=CCC=CCC=CCCCC)COC(=O)CCCCCCCCCC=CCCCCCC,[M+NH4]+,TG 18:1_18:1_24:6,"TG 18:1(11)_18:1(9)_24:6(4,7,10,13,16,19)",0.35912499999999836,0.6107550000000046,0.12016676694762435,0.12016676694762435,All,Some,0.0,0.0,0.0,0.0,0.0,0.0,0.0,0.0,0.0,0.0,536.0968192397206,0.0,202.65393195157347,0.0,0.0,0.0,0.0,140.3438833856809
17078,19.554,820.73783,820.73887,1.267150902684857,C51H94O6,CCCCCCCCCC=CCCCCC(=O)OC(COC(=O)CCCCC=CCCCCCCCCC)COC(=O)CCCCCCCCCCCCCCC,[M+NH4]+,TG 16:0_16:1_16:1,TG 16:0_16:1(6)_16:1(6),0.4770000000000003,0.8740799999999922,0.5395493026390229,0.5395493026390229,All,All,0.0,0.0,0.0,0.0,459.87901305134795,0.0,0.0,1025.8885686839578,0.0,0.0,0.0,0.0,0.0,0.0,0.0,2871.4950350670088,0.0,0.0
17078,19.554,820.73783,820.73887,1.267150902684857,C51H94O6,CCCCCCCCCC=CCCCCC(=O)OC(COC(=O)CCCCCCCC=CCCCCCC)COC(=O)CCCCCCCCCCCCCCC,[M+NH4]+,TG 16:0_16:1_16:1,TG 16:0_16:1(6)_16:1(9),0.3829999999999991,0.690480000000008,0.46392554556417265,0.46392554556417265,All,Some,0.0,0.0,0.0,0.0,776.177479279794,0.0,0.0,1514.7934678194044,0.0,0.0,0.0,0.0,0.0,0.0,0.0,3789.5794273545807,0.0,0.0
17078,19.554,820.73783,820.73887,1.267150902684857,C51H94O6,CCCCCCCCCC=CCCCCC(=O)OC(COC(=O)CCCCCC=CCCCCCCCC)COC(=O)CCCCCCCCCCCCCCC,[M+NH4]+,TG 16:0_16:1_16:1,TG 16:0_16:1(6)_16:1(7),0.277000000000001,0.8799975000000018,0.4435907099266283,0.4435907099266283,All,Some,0.0,0.0,0.0,0.0,2140.3682004382204,0.0,0.0,3411.095100864553,0.0,0.0,0.0,0.0,0.0,0.0,0.0,8015.248941045761,0.0,0.0
17078,19.554,820.73783,820.73887,1.267150902684857,C51H94O6,CCCCCCC=CCCCCCCCC(=O)OC(COC(=O)CCCCCCCC=CCCCCCC)COC(=O)CCCCCCCCCCCCCCC,[M+NH4]+,TG 16:0_16:1_16:1,TG 16:0_16:1(9)_16:1(9),0.2889999999999979,0.5068800000000238,0.38830178848932234,0.38830178848932234,All,Some,0.0,0.0,0.0,0.0,316.2984662284462,0.0,0.0,488.90489913544684,0.0,0.0,0.0,0.0,0.0,0.0,0.0,918.0843922875724,0.0,0.0
17078,19.554,820.73783,820.73887,1.267150902684857,C51H94O6,CCCCCCCCC=CCCCCCC(=O)OC(COC(=O)CCCCCCCC=CCCCCCC)COC(=O)CCCCCCCCCCCCCCC,[M+NH4]+,TG 16:0_16:1_16:1,TG 16:0_16:1(7)_16:1(9),0.18299999999999983,0.6963975000000175,0.367966952851778,0.367966952851778,All,Some,0.0,0.0,0.0,0.0,1996.7876536153187,0.0,0.0,2874.1114313160424,0.0,0.0,0.0,0.0,0.0,0.0,0.0,6061.838298266324,0.0,0.0
17078,19.554,820.73783,820.73887,1.267150902684857,C51H94O6,CCCCCCCCC=CCCCCCC(=O)OC(COC(=O)CCCCCC=CCCCCCCCC)COC(=O)CCCCCCCCCCCCCCC,[M+NH4]+,TG 16:0_16:1_16:1,TG 16:0_16:1(7)_16:1(7),0.07700000000000173,0.8859150000000113,0.34763211721423365,0.34763211721423365,All,Some,0.0,0.0,0.0,0.0,1680.4891873868723,0.0,0.0,2385.206532180596,0.0,0.0,0.0,0.0,0.0,0.0,0.0,5143.753905978752,0.0,0.0
17182,19.652,872.76978,872.77017,0.44685303582101826,C55H98O6,CCCCCCC=CCCCCCCCCCC(=O)OC(COC(=O)CCCCC=CCC=CCCCCCCCC)COC(=O)CCCCCC=CCCCCCCCC,[M+NH4]+,TG 16:1_18:1_18:2,"TG 16:1(7)_18:1(11)_18:2(6,9)",0.3719999999999981,0.694162499999976,0.4434029219512036,0.4434029219512036,Some,Some,0.0,0.0,0.0,0.0,0.0,0.0,30654.68707297076,0.0,31008.868487900534,0.0,0.0,0.0,0.0,26475.06374298827,181654.9978911851,0.0,21268.66753670919,0.0
17182,19.652,872.76978,872.77017,0.44685303582101826,C55H98O6,CCCCCCCCC=CCCCCCCCC(=O)OC(COC(=O)CCCCC=CCC=CCCCCCCCC)COC(=O)CCCCCCCC=CCCCCCC,[M+NH4]+,TG 16:1_18:1_18:2,"TG 16:1(9)_18:1(9)_18:2(6,9)",0.34249999999999936,0.6855049999999778,0.4434029219512036,0.4434029219512036,Some,Some,0.0,0.0,0.0,0.0,0.0,0.0,2085.9524460235034,0.0,4251.526360354739,0.0,0.0,0.0,0.0,3152.6772055073943,29061.15563053563,0.0,1725.3407856347324,0.0
17182,19.652,872.76978,872.77017,0.44685303582101826,C55H98O6,CCCCCCCCCCCC=CCCCCC(=O)OC(COC(=O)CCCCC=CCC=CCCCCCCCC)COC(=O)CCCCCC=CCCCCCCCC,[M+NH4]+,TG 16:1_18:1_18:2,"TG 16:1(7)_18:1(6)_18:2(6,9)",0.38649999999999807,0.6720550000000003,0.4329876258120007,0.4329876258120007,Some,Some,0.0,0.0,0.0,0.0,0.0,0.0,20783.137469253896,0.0,23237.399171086057,0.0,0.0,0.0,0.0,18893.217746047936,113522.98608182202,0.0,15232.45372489802,0.0
17182,19.652,872.76978,872.77017,0.44685303582101826,C55H98O6,CCCCCCCCC=CCCCCCCCC(=O)OC(COC(=O)CCCCC=CCC=CCCCCCCCC)COC(=O)CCCCC=CCCCCCCCCC,[M+NH4]+,TG 16:1_18:1_18:2,"TG 16:1(6)_18:1(9)_18:2(6,9)",0.41050000000000075,0.6694724999999835,0.40675041290646435,0.40675041290646435,Some,Some,0.0,0.0,0.0,0.0,0.0,0.0,42935.36485378519,0.0,45730.38014171754,0.0,0.0,0.0,0.0,39622.64150943397,234163.22226908474,0.0,30896.862380682323,0.0
17182,19.652,872.76978,872.77017,0.44685303582101826,C55H98O6,CCCCCCCCC=CCCCCCCCC(=O)OC(COC(=O)CCCCC=CCC=CCCCCCCCC)COC(=O)CCCCCC=CCCCCCCCC,[M+NH4]+,TG 16:1_18:1_18:2,"TG 16:1(7)_18:1(9)_18:2(6,9)",0.21300000000000097,0.8524550000000204,0.392845222153152,0.392845222153152,Some,Some,0.0,0.0,0.0,0.0,0.0,0.0,6240.229570921017,0.0,7771.469316814474,0.0,0.0,0.0,0.0,4372.055073941867,58110.92366090257,0.0,3950.807294691602,0.0
17182,19.652,872.76978,872.77017,0.44685303582101826,C55H98O6,CCCCCCC=CCCCCCCCCCC(=O)OC(COC(=O)CCCCC=CCC=CCCCCCCCC)COC(=O)CCCCCCCC=CCCCCCC,[M+NH4]+,TG 16:1_18:1_18:2,"TG 16:1(9)_18:1(11)_18:2(6,9)",0.22149999999999892,0.6792174999999929,0.36389797753743847,0.36389797753743847,Some,Some,0.0,0.0,0.0,0.0,0.0,0.0,3948.619841486745,0.0,6118.989259770934,0.0,0.0,0.0,0.0,4654.767975522693,43762.54744833403,0.0,2835.2852350139733,0.0
17182,19.652,872.76978,872.77017,0.44685303582101826,C55H98O6,CCCCCCCCCCCC=CCCCCC(=O)OC(COC(=O)CCCCC=CCC=CCCCCCCCC)COC(=O)CCCCCCCC=CCCCCCC,[M+NH4]+,TG 16:1_18:1_18:2,"TG 16:1(9)_18:1(6)_18:2(6,9)",0.3243999999999986,0.7289419999999837,0.3547223375609629,0.3547223375609629,Some,Some,0.0,0.0,0.0,0.0,0.0,0.0,0.0,0.0,1283.479655956148,0.0,0.0,0.0,0.0,0.0,1810.6284268241245,0.0,213.18866029394687,0.0
17182,19.652,872.76978,872.77017,0.44685303582101826,C55H98O6,CCCCCCCCCCCC=CCCCCC(=O)OC(COC(=O)CCCCC=CCC=CCCCCCCCC)COC(=O)CCCCC=CCCCCCCCCC,[M+NH4]+,TG 16:1_18:1_18:2,"TG 16:1(6)_18:1(6)_18:2(6,9)",0.29549999999999876,0.861060000000009,0.34773372772664324,0.34773372772664324,Some,Some,0.0,0.0,0.0,0.0,0.0,0.0,9871.549603716863,0.0,9054.948972770622,0.0,0.0,0.0,0.0,6833.656297807242,62506.537326022764,0.0,6249.402472105117,0.0
17182,19.652,872.76978,872.77017,0.44685303582101826,C55H98O6,CCCCCCCCC=CCCCCCCCC(=O)OC(COC(=O)CCCCCCCC=CCC=CCCCCC)COC(=O)CCCCC=CCCCCCCCCC,[M+NH4]+,TG 16:1_18:1_18:2,"TG 16:1(6)_18:1(9)_18:2(9,12)",0.48239999999999983,0.7304479999999558,0.3320209972713767,0.3320209972713767,Some,Some,0.0,0.0,0.0,0.0,0.0,0.0,6240.229570921017,0.0,7771.469316814474,0.0,0.0,0.0,0.0,4372.055073941867,59921.5520877267,0.0,4163.995954985549,0.0
17182,19.652,872.76978,872.77017,0.44685303582101826,C55H98O6,CCCCCCC=CCCCCCCCCCC(=O)OC(COC(=O)CCCCC=CCC=CCCCCCCCC)COC(=O)CCCCC=CCCCCCCCCC,[M+NH4]+,TG 16:1_18:1_18:2,"TG 16:1(6)_18:1(11)_18:2(6,9)",0.33628571428571313,0.6560771428571245,0.3281290167813296,0.3281290167813296,Some,Some,0.0,0.0,0.0,0.0,0.0,0.0,6240.229570921017,0.0,7771.469316814474,0.0,0.0,0.0,0.0,3623.8653748087713,52485.4491775622,0.0,4163.995954985549,0.0
17194,19.658,924.801,924.80147,0.5082171851978484,C59H102O6,CCCCCCCCCCCCCCCC(=O)OC(COC(=O)CCC=CCC=CCC=CCC=CCC=CCC=CCCCC)COC(=O)CCCCCCCCCCCCCCC,[M+NH4]+,TG 16:0_16:0_24:6,"TG 16:0_16:0_24:6(4,7,10,13,16,19)",0.4063636363636356,0.7253200000000622,0.29400937952023404,0.29400937952023404,All,Some,319000.0,608000.0,431000.0,413000.0,401000.0,1320000.0,1230000.0,432000.0,1820000.0,2070000.0,2520000.0,1400000.0,1420000.0,1330000.0,4120000.0,992000.0,840000.0,995000.0
17204,19.667,900.79264,900.80147,9.802381872210992,C57H102O6,CCCCCCCCC=CCCCCCCCC(=O)OC(COC(=O)CCCCC=CCC=CCCCCCCCC)COC(=O)CCCCCCCC=CCCCCCCCC,[M+NH4]+,TG 18:1_18:1_18:2,"TG 18:1(9)_18:1(9)_18:2(6,9)",0.5190000000000019,0.8614400000000728,0.7247932028907758,0.7247932028907758,Some,Some,0.0,0.0,0.0,0.0,0.0,0.0,0.0,0.0,0.0,0.0,55407.28265707514,0.0,0.0,32732.037387464876,122051.17996595964,0.0,0.0,22385.33035521291
17204,19.667,900.79264,900.80147,9.802381872210992,C57H102O6,CCCCCCC=CCCCCCCCCCC(=O)OC(COC(=O)CCCCC=CCC=CCCCCCCCC)COC(=O)CCCCCCCCCC=CCCCCCC,[M+NH4]+,TG 18:1_18:1_18:2,"TG 18:1(11)_18:1(11)_18:2(6,9)",0.5580000000000016,0.6836500000000285,0.7183761788983055,0.7183761788983055,Some,Some,0.0,0.0,0.0,0.0,0.0,0.0,0.0,0.0,0.0,0.0,7061.025634856668,0.0,0.0,3801.0207007282534,30629.11942987388,0.0,0.0,927.9486994740257
17204,19.667,900.79264,900.80147,9.802381872210992,C57H102O6,CCCCCCCCCCCC=CCCCCC(=O)OC(COC(=O)CCCCC=CCC=CCCCCCCCC)COC(=O)CCCCC=CCCCCCCCCCCC,[M+NH4]+,TG 18:1_18:1_18:2,"TG 18:1(6)_18:1(6)_18:2(6,9)",0.6940000000000008,0.6686750000000359,0.5348423943091366,0.5348423943091366,Some,Some,0.0,0.0,0.0,0.0,0.0,0.0,0.0,0.0,0.0,0.0,48941.76520829073,0.0,0.0,20294.971041917543,96996.6855447949,0.0,0.0,15156.495424742418
17204,19.667,900.79264,900.80147,9.802381872210992,C57H102O6,CCCCCCCCC=CCCCCCCCC(=O)OC(COC(=O)CCCCCCCC=CCC=CCCCCC)COC(=O)CCCCCCCCCC=CCCCCCC,[M+NH4]+,TG 18:1_18:1_18:2,"TG 18:1(11)_18:1(9)_18:2(9,12)",0.43533333333333246,0.4881799999999809,0.5261548179548171,0.5261548179548171,Some,Some,0.0,0.0,0.0,0.0,0.0,0.0,0.0,0.0,0.0,0.0,54741.714684406164,0.0,0.0,33096.04908538334,121514.29794264898,0.0,0.0,23081.864687657613
17204,19.667,900.79264,900.80147,9.802381872210992,C57H102O6,CCCCCCCCC=CCCCCCCCC(=O)OC(COC(=O)CCCCC=CCC=CCCCCCCCC)COC(=O)CCCCCCCCCC=CCCCCCC,[M+NH4]+,TG 18:1_18:1_18:2,"TG 18:1(11)_18:1(9)_18:2(6,9)",0.4250000000000025,0.6690300000000491,0.5129238353278378,0.5129238353278378,Some,Some,0.0,0.0,0.0,0.0,0.0,0.0,0.0,0.0,0.0,0.0,12065.296106052041,0.0,0.0,3777.280807385745,11990.365187271693,0.0,0.0,2428.705238129548
17204,19.667,900.79264,900.80147,9.802381872210992,C57H102O6,CCCCCCCCC=CCCCCCCCC(=O)OC(COC(=O)CCCCC=CCC=CCCCCCCCC)COC(=O)CCCCC=CCCCCCCCCCCC,[M+NH4]+,TG 18:1_18:1_18:2,"TG 18:1(6)_18:1(9)_18:2(6,9)",0.4933333333333347,0.8601566666667395,0.48415589260520103,0.48415589260520103,Some,Some,0.0,0.0,0.0,0.0,0.0,0.0,0.0,0.0,0.0,0.0,83921.61580194636,0.0,0.0,48305.40742015024,192051.64777194956,0.0,0.0,34164.550760141225
17204,19.667,900.79264,900.80147,9.802381872210992,C57H102O6,CCCCCCCCC=CCCCCCCCC(=O)OC(COC(=O)CCCCCCCC=CCC=CCCCCC)COC(=O)CCCCC=CCCCCCCCCCCC,[M+NH4]+,TG 18:1_18:1_18:2,"TG 18:1(6)_18:1(9)_18:2(9,12)",0.5963999999999985,0.5634399999999914,0.48166193245599,0.48166193245599,Some,Some,0.0,0.0,0.0,0.0,0.0,0.0,0.0,0.0,0.0,0.0,54741.714684406164,0.0,0.0,33096.04908538333,121514.29794264898,0.0,0.0,23081.864687657613
17204,19.667,900.79264,900.80147,9.802381872210992,C57H102O6,CCCCCCCCCCCC=CCCCCC(=O)OC(COC(=O)CCCCC=CCC=CCCCCCCCC)COC(=O)CCCCCCCCCC=CCCCCCC,[M+NH4]+,TG 18:1_18:1_18:2,"TG 18:1(11)_18:1(6)_18:2(6,9)",0.5611999999999995,0.5770380000000159,0.4741954184470969,0.4741954184470969,Some,Some,0.0,0.0,0.0,0.0,0.0,0.0,0.0,0.0,0.0,0.0,40579.62925092326,0.0,0.0,18490.73914788692,81990.83299326159,0.0,0.0,14207.925643057859
17204,19.667,900.79264,900.80147,9.802381872210992,C57H102O6,CCCCCCCCC=CCCCCCCCC(=O)OC(COC(=O)CCCCCCCC=CCC=CCCCCC)COC(=O)CCCCCCCC=CCCCCCCCC,[M+NH4]+,TG 18:1_18:1_18:2,"TG 18:1(9)_18:1(9)_18:2(9,12)",0.16049999999999898,0.2811399999999935,0.43157275431218955,0.43157275431218955,Some,Some,0.0,0.0,0.0,0.0,0.0,0.0,0.0,0.0,0.0,0.0,51543.98585331232,0.0,0.0,31835.196972303456,110060.81477868794,0.0,0.0,22385.33035521291
17204,19.667,900.79264,900.80147,9.802381872210992,C57H102O6,CCCCCCCCCCCC=CCCCCC(=O)OC(COC(=O)CCCCCCCC=CCC=CCCCCC)COC(=O)CCCCCCCCCC=CCCCCCC,[M+NH4]+,TG 18:1_18:1_18:2,"TG 18:1(11)_18:1(6)_18:2(9,12)",0.4671428571428576,0.42160714285712075,0.414817750972899,0.414817750972899,Some,Some,0.0,0.0,0.0,0.0,0.0,0.0,0.0,0.0,0.0,0.0,6995.970118731128,0.0,0.0,4571.248351396296,10200.758442902785,0.0,0.0,1179.9841487138845
17205,19.668,898.78552,898.78582,0.3337836370456911,C57H100O6,CCCCCCCCCCCCCCCC(=O)OC(COC(=O)CCC=CCC=CCC=CCC=CCC=CCCCCC)COC(=O)CCCCCCCCCCCCCCC,[M+NH4]+,TG 16:0_16:0_22:5,"TG 16:0_16:0_22:5(4,7,10,13,16)",0.5325454545454549,0.6604281818182058,0.3466788554652464,0.3466788554652464,All,Some,66723.49763673193,0.0,0.0,0.0,0.0,333810.2572161978,468605.4333764554,85925.03390290208,559404.1087150695,568630.3648361238,867269.7615922408,395679.3002915452,441023.5418553541,541645.5305450032,2160900.20838157,350095.36983110075,224307.0907832037,362155.33209843875
17205,19.668,898.78552,898.78582,0.3337836370456911,C57H100O6,CCCCCCCCCCCCCCCC(=O)OC(COC(=O)CCCCCC=CCC=CCC=CCC=CCC=CCC)COC(=O)CCCCCCCCCCCCCCC,[M+NH4]+,TG 16:0_16:0_22:5,"TG 16:0_16:0_22:5(7,10,13,16,19)",0.5723999999999982,0.5599190000000135,0.12772779768885764,0.12772779768885764,All,Some,74276.50236326807,0.0,0.0,0.0,0.0,402189.74278380227,467394.56662354455,128074.96609709789,540595.8912849305,731369.6351638762,842730.2384077591,400320.6997084548,452976.4581446459,548354.4694549968,2159099.79161843,434904.6301688993,359692.9092167963,402844.6679015613
17221,19.675,950.8162,950.81712,0.9675888041063532,C61H104O6,CCCCCCCCC=CCCCCCCCC(=O)OC(COC(=O)CCC=CCC=CCC=CCC=CCC=CCCCCC)COC(=O)CCCCCCCC=CCCCCCCCC,[M+NH4]+,TG 18:1_18:1_22:5,"TG 18:1(9)_18:1(9)_22:5(4,7,10,13,16)",0.5222666666666664,0.6497633333333321,0.24713455994177533,0.24713455994177533,Some,Some,17235.111851414043,27962.840071151873,0.0,0.0,0.0,0.0,0.0,0.0,88492.6313329048,0.0,114704.57483300235,0.0,75418.60236328062,0.0,210530.68352313258,0.0,0.0,0.0
17221,19.675,950.8162,950.81712,0.9675888041063532,C61H104O6,CCCCCCCCCCCC=CCCCCC(=O)OC(COC(=O)CCC=CCC=CCC=CCC=CCC=CCCCCC)COC(=O)CCCCC=CCCCCCCCCCCC,[M+NH4]+,TG 18:1_18:1_22:5,"TG 18:1(6)_18:1(6)_22:5(4,7,10,13,16)",0.6805000000000012,0.5711237499999982,0.23212728936083782,0.23212728936083782,Some,Some,24203.75047015206,35194.272082469746,0.0,0.0,0.0,0.0,0.0,0.0,103739.23917489628,0.0,126882.36865860265,0.0,79626.59729130003,0.0,227315.98494724155,0.0,0.0,0.0
17221,19.675,950.8162,950.81712,0.9675888041063532,C61H104O6,CCCCCCCCC=CCCCCCCCC(=O)OC(COC(=O)CCC=CCC=CCC=CCC=CCC=CCCCCC)COC(=O)CCCCC=CCCCCCCCCCCC,[M+NH4]+,TG 18:1_18:1_22:5,"TG 18:1(6)_18:1(9)_22:5(4,7,10,13,16)",0.5824210526315795,0.6128952631578864,0.22452851627906759,0.22452851627906759,Some,Some,15085.630361972313,25451.383278032015,0.0,0.0,0.0,0.0,0.0,0.0,82390.3231461462,0.0,112223.49160498283,0.0,67390.88136593686,0.0,199779.76732174045,0.0,0.0,0.0
17221,19.675,950.8162,950.81712,0.9675888041063532,C61H104O6,CCCCCCC=CCCCCCCCCCC(=O)OC(COC(=O)CCC=CCC=CCC=CCC=CCC=CCCCCC)COC(=O)CCCCCCCCCC=CCCCCCC,[M+NH4]+,TG 18:1_18:1_22:5,"TG 18:1(11)_18:1(11)_22:5(4,7,10,13,16)",0.4841111111111118,0.5971972222222411,0.20647183492577856,0.20647183492577856,Some,Some,8251.947772822527,11762.152184535007,0.0,0.0,0.0,0.0,0.0,0.0,31409.478174487234,0.0,45658.19100920744,0.0,28988.992490408058,0.0,75953.48894409325,0.0,0.0,0.0
17221,19.675,950.8162,950.81712,0.9675888041063532,C61H104O6,CCCCCCCCC=CCCCCCCCC(=O)OC(COC(=O)CCC=CCC=CCC=CCC=CCC=CCCCCC)COC(=O)CCCCCCCCCC=CCCCCCC,[M+NH4]+,TG 18:1_18:1_22:5,"TG 18:1(11)_18:1(9)_22:5(4,7,10,13,16)",0.4288571428571429,0.6031871428571419,0.19796768370617354,0.19796768370617354,Some,Some,20238.496946250427,27883.359467063514,0.0,0.0,0.0,0.0,0.0,0.0,77158.46432536667,0.0,100768.39862791119,0.0,61157.592120940506,0.0,191116.60968590897,0.0,0.0,0.0
17221,19.675,950.8162,950.81712,0.9675888041063532,C61H104O6,CCCCCCCCCCCC=CCCCCC(=O)OC(COC(=O)CCC=CCC=CCC=CCC=CCC=CCCCCC)COC(=O)CCCCCCCCCC=CCCCCCC,[M+NH4]+,TG 18:1_18:1_22:5,"TG 18:1(11)_18:1(6)_22:5(4,7,10,13,16)",0.5430000000000011,0.5749140909091001,0.194341656310894,0.194341656310894,Some,Some,5627.666433829457,8380.969108972864,0.0,0.0,0.0,0.0,0.0,0.0,20407.45631975691,0.0,22924.412348799426,0.0,18101.723817539874,0.0,38498.684113436786,0.0,0.0,0.0
17221,19.675,950.8162,950.81712,0.9675888041063532,C61H104O6,CCCCCCCCCCCC=CCCCCC(=O)OC(COC(=O)CCCCCC=CCC=CCC=CCC=CCC=CCC)COC(=O)CCCCC=CCCCCCCCCCCC,[M+NH4]+,TG 18:1_18:1_22:5,"TG 18:1(6)_18:1(6)_22:5(7,10,13,16,19)",0.42966666666666714,0.5984066666666573,0.1814871171490576,0.1814871171490576,Some,Some,18089.0154568087,25325.647568285676,0.0,0.0,0.0,0.0,0.0,0.0,70222.35727224917,0.0,95811.9227297346,0.0,50286.06407747888,0.0,170308.38477998867,0.0,0.0,0.0
17221,19.675,950.8162,950.81712,0.9675888041063532,C61H104O6,CCCCCCCCC=CCCCCCCCC(=O)OC(COC(=O)CCCCCC=CCC=CCC=CCC=CCC=CCC)COC(=O)CCCCC=CCCCCCCCCCCC,[M+NH4]+,TG 18:1_18:1_22:5,"TG 18:1(6)_18:1(9)_22:5(7,10,13,16,19)",0.5220000000000011,0.571546249999983,0.15917889700798782,0.15917889700798782,Some,Some,9617.457417656227,12876.509342675477,0.0,0.0,0.0,0.0,0.0,0.0,31507.976392216446,0.0,45052.14659685864,0.0,27260.146693921277,0.0,73054.20960720169,0.0,0.0,0.0
17221,19.675,950.8162,950.81712,0.9675888041063532,C61H104O6,CCCCCCCCC=CCCCCCCCC(=O)OC(COC(=O)CCCCCC=CCC=CCC=CCC=CCC=CCC)COC(=O)CCCCCCCC=CCCCCCCCC,[M+NH4]+,TG 18:1_18:1_22:5,"TG 18:1(9)_18:1(9)_22:5(7,10,13,16,19)",0.3637142857142856,0.5397342857142705,0.1395737268546428,0.1395737268546428,Some,Some,11120.376838070677,18094.215556967807,0.0,0.0,0.0,0.0,0.0,0.0,54975.74943025772,0.0,83634.12890413431,0.0,46078.06914945946,0.0,153523.08335587964,0.0,0.0,0.0
17221,19.675,950.8162,950.81712,0.9675888041063532,C61H104O6,CCCCCCCCC=CCCCCCCCC(=O)OC(COC(=O)CCCCCC=CCC=CCC=CCC=CCC=CCC)COC(=O)CCCCCCCCCC=CCCCCCC,[M+NH4]+,TG 18:1_18:1_22:5,"TG 18:1(11)_18:1(9)_22:5(7,10,13,16,19)",0.3037999999999997,0.6350439999999935,0.13624187141718794,0.13624187141718794,Some,Some,7530.546451023591,11068.65133984601,0.0,0.0,0.0,0.0,0.0,0.0,27696.324431718574,0.0,40340.36468676657,0.0,25691.33062973449,0.0,69919.10372137638,0.0,0.0,0.0
17293,19.716,827.70903,827.70991,1.0631744158432876,C51H96O6,CCCCCCCCCCCCCCCC(=O)OC(COC(=O)CCCCC=CCCCCCCCCCCC)COC(=O)CCCCCCCCCCCCC,[M+Na]+,TG 14:0_16:0_18:1,TG 14:0_16:0_18:1(6),0.5820000000000007,0.23422000000005028,0.002255021936178336,0.002255021936178336,Some,Some,,,,,,603000.0,,,669000.0,0.0,551000.0,,606000.0,,,,0.0,316084.5070422535
17293,19.716,827.70903,827.70991,1.0631744158432876,C51H96O6,CCCCCCCCCCCCCCCC(=O)OC(COC(=O)CCCCCCCCCC=CCCCCCC)COC(=O)CCCCCCCCCCCCC,[M+Na]+,TG 14:0_16:0_18:1,TG 14:0_16:0_18:1(11),0.02400000000000091,0.14538000000004558,9.217023664252676e-05,9.217023664252676e-05,Some,Some,,,,,,0.0,,,0.0,647000.0,0.0,,0.0,,,,527000.0,271915.4929577465
17316,19.723,822.75345,822.75452,1.300509415509874,C51H96O6,CCCCCCCCCCCCCCCC(=O)OC(COC(=O)CCCCCCCCCC=CCCCCCC)COC(=O)CCCCCCCCCCCCC,[M+NH4]+,TG 14:0_16:0_18:1,TG 14:0_16:0_18:1(11),0.8290000000000006,0.5104599999999664,0.4958323399117423,0.4958323399117423,All,Some,0.0,0.0,0.0,161462.3208136462,0.0,0.0,0.0,0.0,0.0,243102.04431491878,389473.68421052635,0.0,349369.98854524625,0.0,0.0,0.0,0.0,594909.4468918258
17316,19.723,822.75345,822.75452,1.300509415509874,C51H96O6,CCCCCCCCCCCCCCCC(=O)OC(COC(=O)CCCCCCCC=CCCCCCCCC)COC(=O)CCCCCCCCCCCCC,[M+NH4]+,TG 14:0_16:0_18:1,TG 14:0_16:0_18:1(9),0.9870000000000019,0.509490000000028,0.45521964887612804,0.45521964887612804,All,Some,4760000.0,4200000.0,5150000.0,3978537.6791863535,5090000.0,12300000.0,13800000.0,4870000.0,14200000.0,12856897.955685081,11210526.315789474,13100000.0,11850630.011454754,12700000.0,13000000.0,11500000.0,10200000.0,11205090.553108174
17403,19.753,848.76886,848.77017,1.5434095663252234,C53H98O6,CCCCCCC=CCCCCCCCCCC(=O)OC(COC(=O)CCCCCCCCCC=CCCCCCC)COC(=O)CCCCCCCCCCCCC,[M+NH4]+,TG 14:0_18:1_18:1,TG 14:0_18:1(11)_18:1(11),0.402000000000001,0.925610000000006,0.9177276929043139,0.9177276929043139,All,Some,555359.2461719669,711687.1800457465,481415.92920353985,376469.71935007384,712823.7523689198,1191125.901275652,1465510.8424791899,629645.0525480865,1374979.6913078798,1371832.7010444477,963056.5203662774,1302938.358351964,1229118.5658019828,1124527.6819451288,1660890.493381468,1142166.1772326827,934100.2044989774,1186394.047395736
17403,19.753,848.76886,848.77017,1.5434095663252234,C53H98O6,CCCCCCC=CCCCCCCCCCC(=O)OC(COC(=O)CCCCC=CCCCCCCCCCCC)COC(=O)CCCCCCCCCCCCC,[M+NH4]+,TG 14:0_18:1_18:1,TG 14:0_18:1(11)_18:1(6),0.5559999999999997,0.8757233333333639,0.6562535424070942,0.6562535424070942,All,Some,3833333.333333333,3418059.0349635114,3966666.666666667,3310000.0,4133333.333333333,6066666.666666667,7033333.333333334,3766666.6666666665,6763254.806390469,6368142.007400123,5686848.752762868,6429947.833493025,5962249.309611119,6166666.666666667,6866666.666666666,5454828.122300915,5033333.333333333,5839073.344588257
17403,19.753,848.76886,848.77017,1.5434095663252234,C53H98O6,CCCCCCC=CCCCCCCCCCC(=O)OC(COC(=O)CCCCCCCC=CCCCCCCCC)COC(=O)CCCCCCCCCCCCC,[M+NH4]+,TG 14:0_18:1_18:1,TG 14:0_18:1(11)_18:1(9),0.40733333333333377,0.6468199999999721,0.6074870897428836,0.6074870897428836,All,Some,555359.2461719669,893628.1450822351,481415.92920353985,376469.71935007384,712823.7523689198,1191125.901275652,1465510.8424791899,629645.0525480865,1845058.2182507447,1737024.0269776597,1376207.7676034104,1506323.8581922706,1300202.5895241976,1124527.6819451288,1660890.493381468,1387338.054931767,934100.2044989774,1313987.3694741454
17403,19.753,848.76886,848.77017,1.5434095663252234,C53H98O6,CCCCCCCCCCCC=CCCCCC(=O)OC(COC(=O)CCCCC=CCCCCCCCCCCC)COC(=O)CCCCCCCCCCCCC,[M+NH4]+,TG 14:0_18:1_18:1,TG 14:0_18:1(6)_18:1(6),0.6329999999999991,0.850780000000043,0.5255164671584844,0.5255164671584844,All,All,3277974.087161366,2706371.8549177647,3485250.737463127,2933530.280649926,3420509.5809644135,4875540.765391015,5567822.490854145,3137021.6141185807,5388275.115082589,4996309.306355675,4723792.23239659,5127009.4751410615,4733130.743809136,5042138.984721539,5205776.173285198,4312661.945068233,4099233.1288343556,4652679.297192522
17403,19.753,848.76886,848.77017,1.5434095663252234,C53H98O6,CCCCCCCCCCCC=CCCCCC(=O)OC(COC(=O)CCCCCCCC=CCCCCCCCC)COC(=O)CCCCCCCCCCCCC,[M+NH4]+,TG 14:0_18:1_18:1,TG 14:0_18:1(6)_18:1(9),0.5214999999999996,0.679102499999999,0.4889416276603264,0.4889416276603264,All,Some,3277974.087161366,2888312.8199542537,3485250.737463127,2933530.280649926,3420509.5809644135,4875540.765391015,5567822.490854145,3137021.6141185807,5858353.642025454,5361500.632288886,5136943.479633723,5330394.9749813685,4804214.767531351,5042138.984721539,5205776.173285198,4557833.822767318,4099233.1288343556,4780272.619270932
17403,19.753,848.76886,848.77017,1.5434095663252234,C53H98O6,CCCCCCCCC=CCCCCCCCC(=O)OC(COC(=O)CCCCCCCC=CCCCCCCCC)COC(=O)CCCCCCCCCCCCC,[M+NH4]+,TG 14:0_18:1_18:1,TG 14:0_18:1(9)_18:1(9),0.41000000000000014,0.5074249999999552,0.4523667881621684,0.4523667881621684,All,Some,0.0,181940.9650364884,0.0,0.0,0.0,0.0,0.0,0.0,470078.52694286493,365191.3259332116,413151.247237133,203385.49984030658,71084.02372221468,0.0,0.0,245171.8776990845,0.0,127593.32207840931
17416,19.757,853.72433,853.72556,1.440744025473588,C53H98O6,CCCCCCC=CCCCCCCCC(=O)OC(COC(=O)CCCCCCCCCC=CCCCCCC)COC(=O)CCCCCCCCCCCCCCC,[M+Na]+,TG 16:0_16:1_18:1,TG 16:0_16:1(9)_18:1(11),0.5730000000000004,0.8909799999999564,0.4928582244953024,0.4928582244953024,All,Some,0.0,0.0,0.0,0.0,0.0,53641.681901279706,0.0,26528.545780969474,56525.6903180706,22245.131729667813,110529.44645715732,101757.61381475667,42399.57604663487,0.0,0.0,13952.936782145856,9991.54239928778,82518.44694307802
17416,19.757,853.72433,853.72556,1.440744025473588,C53H98O6,CCCCCCCCC=CCCCCCC(=O)OC(COC(=O)CCCCCCCCCC=CCCCCCC)COC(=O)CCCCCCCCCCCCCCC,[M+Na]+,TG 16:0_16:1_18:1,TG 16:0_16:1(7)_18:1(11),0.5555000000000021,0.8812199999999848,0.4734380006060313,0.4734380006060313,All,Some,0.0,0.0,0.0,0.0,0.0,53641.681901279706,62210.46077210462,0.0,98874.5193988116,53017.56395570829,52503.32799730391,20946.400538237274,84644.40911499737,61535.002957996454,66455.71118563818,44158.74498085722,44961.94079679502,34800.597329585384
17416,19.757,853.72433,853.72556,1.440744025473588,C53H98O6,CCCCCCC=CCCCCCCCC(=O)OC(COC(=O)CCCCCCCC=CCCCCCCCC)COC(=O)CCCCCCCCCCCCCCC,[M+Na]+,TG 16:0_16:1_18:1,TG 16:0_16:1(9)_18:1(9),0.5555000000000021,0.8812199999999848,0.4734380006060313,0.4734380006060313,All,Some,139600.0,132600.0,146800.0,137800.0,143200.0,194056.67276051186,168673.72353673726,112871.45421903052,205200.97867878363,140144.3298969072,81516.3872272306,72474.54586230098,166812.93057763646,135478.99822520214,145726.5732886171,123751.8162293398,117831.2931226352,139202.38931834153
17416,19.757,853.72433,853.72556,1.440744025473588,C53H98O6,CCCCCCCCC=CCCCCCC(=O)OC(COC(=O)CCCCCCCC=CCCCCCCCC)COC(=O)CCCCCCCCCCCCCCC,[M+Na]+,TG 16:0_16:1_18:1,TG 16:0_16:1(7)_18:1(9),0.5380000000000038,0.8714600000000132,0.4540177767167602,0.4540177767167602,All,Some,139600.0,132600.0,146800.0,137800.0,143200.0,140414.99085923217,168673.72353673726,139400.0,148675.28836071305,162389.46162657504,143298.00320161768,174232.15967705764,124413.3545310016,135478.99822520214,145726.5732886171,137704.75301148568,127822.83552192299,152119.64160224877
17416,19.757,853.72433,853.72556,1.440744025473588,C53H98O6,CCCCCCCCCC=CCCCCC(=O)OC(COC(=O)CCCCCCCCCC=CCCCCCC)COC(=O)CCCCCCCCCCCCCCC,[M+Na]+,TG 16:0_16:1_18:1,TG 16:0_16:1(6)_18:1(11),0.41733333333333417,0.664546666666638,0.3286067600947918,0.3286067600947918,Some,Some,139600.0,132600.0,146800.0,137800.0,143200.0,140414.99085923217,230884.18430884185,112871.45421903052,191024.11744145406,193161.8938526155,85271.88474176425,93420.94640053825,166658.1875993641,197014.0011831986,212182.28447425528,167910.56121019705,162793.23391943023,104401.79198875616
17416,19.757,853.72433,853.72556,1.440744025473588,C53H98O6,CCCCCCC=CCCCCCCCC(=O)OC(COC(=O)CCCCC=CCCCCCCCCCCC)COC(=O)CCCCCCCCCCCCCCC,[M+Na]+,TG 16:0_16:1_18:1,TG 16:0_16:1(9)_18:1(6),0.6986666666666655,0.872636666666646,0.32857214966353493,0.32857214966353493,Some,Some,139600.0,132600.0,146800.0,137800.0,143200.0,140414.99085923217,168673.72353673726,112871.45421903052,148675.28836071305,140144.3298969072,57142.47198584549,72474.54586230098,124413.3545310016,135478.99822520214,145726.5732886171,123751.8162293398,117831.2931226352,104401.79198875616
17416,19.757,853.72433,853.72556,1.440744025473588,C53H98O6,CCCCCCCCCC=CCCCCC(=O)OC(COC(=O)CCCCCCCC=CCCCCCCCC)COC(=O)CCCCCCCCCCCCCCC,[M+Na]+,TG 16:0_16:1_18:1,TG 16:0_16:1(6)_18:1(9),0.39400000000000307,0.6515333333333425,0.3027131282424303,0.3027131282424303,Some,Some,0.0,0.0,0.0,0.0,0.0,0.0,0.0,26528.545780969474,0.0,22245.131729667813,86155.5312157722,101757.61381475667,0.0,0.0,0.0,13952.936782145856,9991.54239928778,47717.849613492624
17416,19.757,853.72433,853.72556,1.440744025473588,C53H98O6,CCCCCCCCC=CCCCCCC(=O)OC(COC(=O)CCCCC=CCCCCCCCCCCC)COC(=O)CCCCCCCCCCCCCCC,[M+Na]+,TG 16:0_16:1_18:1,TG 16:0_16:1(7)_18:1(6),0.6753333333333345,0.8596233333333506,0.30267851781117344,0.30267851781117344,Some,Some,0.0,0.0,0.0,0.0,0.0,0.0,62210.46077210462,26528.545780969474,42348.829080740994,75262.6956853761,114284.94397169098,122704.01435299395,42244.83306836248,61535.002957996454,66455.71118563818,58111.681763003064,54953.483196082794,47717.849613492624
17416,19.757,853.72433,853.72556,1.440744025473588,C53H98O6,CCCCCCCCCC=CCCCCC(=O)OC(COC(=O)CCCCC=CCCCCCCCCCCC)COC(=O)CCCCCCCCCCCCCCC,[M+Na]+,TG 16:0_16:1_18:1,TG 16:0_16:1(6)_18:1(6),0.5279999999999987,0.5238150000000132,5.1915646885246135e-05,5.1915646885246135e-05,Some,Some,139600.0,132600.0,146800.0,137800.0,143200.0,140414.99085923217,168673.72353673726,139400.0,148675.28836071305,162389.46162657504,143298.00320161768,174232.1596770576,124413.3545310016,135478.99822520214,145726.5732886171,137704.75301148568,127822.83552192299,152119.64160224877
17509,19.79,874.7845,874.78582,1.5089407827440995,C55H100O6,CCCCCCC=CCCCCCCCCCC(=O)OC(COC(=O)CCCCCCCCCC=CCCCCCC)COC(=O)CCCCCCCC=CCCCCCC,[M+NH4]+,TG 16:1_18:1_18:1,TG 16:1(9)_18:1(11)_18:1(11),0.1980000000000004,0.06181000000003678,0.7534183982363851,0.7534183982363851,All,All,1736710.6197383103,1511124.8093323167,1799065.9340659336,1468222.982491447,1791011.5586187092,1922665.314695444,2353420.57141375,1756314.643440392,2433715.1096359976,2215296.93272505,2118657.3102799677,2301340.6568406005,2001618.198192964,2104900.583930815,2364485.0531333797,1872899.6336996339,1731011.2050324355,2011716.1550075489
17509,19.79,874.7845,874.78582,1.5089407827440995,C55H100O6,CCCCCCC=CCCCCCCCCCC(=O)OC(COC(=O)CCCCC=CCCCCCCCCCCC)COC(=O)CCCCCCCC=CCCCCCC,[M+NH4]+,TG 16:1_18:1_18:1,TG 16:1(9)_18:1(11)_18:1(6),0.3829999999999991,0.44868999999999915,0.7310095567919095,0.7310095567919095,Some,Some,2734803.2254792578,2567314.792345559,2797710.6227106224,2396051.519420407,2871661.042908082,2976878.3950170195,3592743.849455951,2740876.4289602614,3698721.366777299,3433194.409750069,3366331.4765246324,3441305.230999237,3014358.966909736,3209257.1513046045,3813040.023835534,2852448.3516483516,2584411.8340868885,3047166.5827881224
17509,19.79,874.7845,874.78582,1.5089407827440995,C55H100O6,CCCCCCC=CCCCCCCCCCC(=O)OC(COC(=O)CCCCCCCCCC=CCCCCCC)COC(=O)CCCCCC=CCCCCCCCC,[M+NH4]+,TG 16:1_18:1_18:1,TG 16:1(7)_18:1(11)_18:1(11),0.5366666666666665,0.3593966666666499,0.6304671439067814,0.6304671439067814,All,All,1024629.7798965414,1110501.022672121,998644.6886446886,927828.5369289595,1080649.4842893726,1192276.3815455928,1386282.6980689173,984561.7855198694,1422498.5037270798,1403248.7082736224,1356271.431671851,1237307.6360563564,1148342.5815635803,1173789.6370759108,1722564.306286622,1096808.791208791,954091.9992136819,1154383.4927025666
17509,19.79,874.7845,874.78582,1.5089407827440995,C55H100O6,CCCCCCC=CCCCCCCCCCC(=O)OC(COC(=O)CCCCCCCC=CCCCCCCCC)COC(=O)CCCCCC=CCCCCCCCC,[M+NH4]+,TG 16:1_18:1_18:1,TG 16:1(7)_18:1(11)_18:1(9),0.5366666666666665,0.3593966666666499,0.6304671439067814,0.6304671439067814,All,All,1024629.7798965414,1130265.9814185675,998644.6886446886,927828.5369289595,1080649.4842893726,1192276.3815455928,1386282.6980689173,984561.7855198694,1497584.199357963,1491028.2536385267,1435100.9187585905,1275372.5400978273,1148342.5815635803,1173789.6370759108,1722564.306286622,1135481.3186813185,954091.9992136819,1175802.7176648213
17509,19.79,874.7845,874.78582,1.5089407827440995,C55H100O6,CCCCCCCCC=CCCCCCCCC(=O)OC(COC(=O)CCCCCCCC=CCCCCCCCC)COC(=O)CCCCCCCC=CCCCCCC,[M+NH4]+,TG 16:1_18:1_18:1,TG 16:1(9)_18:1(9)_18:1(9),0.5366666666666665,0.3593966666666499,0.6304671439067814,0.6304671439067814,All,All,1024629.7798965414,1110501.022672121,998644.6886446886,927828.5369289595,1080649.4842893726,1192276.3815455928,1386282.6980689173,984561.7855198694,1422498.5037270798,1403248.7082736224,1356271.431671851,1237307.6360563564,1148342.5815635803,1173789.6370759108,1722564.306286622,1096808.791208791,954091.9992136819,1154383.4927025666
17509,19.79,874.7845,874.78582,1.5089407827440995,C55H100O6,CCCCCCC=CCCCCCCCCCC(=O)OC(COC(=O)CCCCCCCC=CCCCCCCCC)COC(=O)CCCCCCCC=CCCCCCC,[M+NH4]+,TG 16:1_18:1_18:1,TG 16:1(9)_18:1(11)_18:1(9),0.30799999999999983,0.08746500000000879,0.6146295406839367,0.6146295406839367,Some,Some,998092.6057409475,1056189.9830132427,998644.6886446886,927828.5369289595,1080649.4842893726,1054213.080321576,1239323.278042201,984561.7855198694,1265006.2571413026,1217897.4770250192,1247674.1662446645,1139964.5741586364,1012740.7687167719,1104356.5673737896,1448554.970702155,979548.7179487179,853400.6290544526,1035450.4277805735
17509,19.79,874.7845,874.78582,1.5089407827440995,C55H100O6,CCCCCCCCC=CCCCCCCCC(=O)OC(COC(=O)CCCCCCCC=CCCCCCCCC)COC(=O)CCCCCC=CCCCCCCCC,[M+NH4]+,TG 16:1_18:1_18:1,TG 16:1(7)_18:1(9)_18:1(9),0.7059999999999995,0.5081899999999564,0.5689915167419795,0.5689915167419795,All,All,26537.174155593875,54311.03965887818,0.0,0.0,0.0,138063.30122401676,146959.42002671614,0.0,157492.24658577723,185351.2312486031,108597.26542718658,97343.0618977201,135601.81284680864,69433.06970212137,274009.33558446716,117260.07326007326,100691.37015922941,118933.06492199293
17509,19.79,874.7845,874.78582,1.5089407827440995,C55H100O6,CCCCCCC=CCCCCCCCCCC(=O)OC(COC(=O)CCCCCCCC=CCCCCCCCC)COC(=O)CCCCC=CCCCCCCCCC,[M+NH4]+,TG 16:1_18:1_18:1,TG 16:1(6)_18:1(11)_18:1(9),0.5404000000000011,0.5649039999999786,0.5587235341935195,0.5587235341935195,All,All,26537.174155593875,74075.99840532485,0.0,0.0,0.0,138063.30122401676,146959.42002671614,0.0,232577.94221666033,252847.05696743404,187426.75251392607,135407.96593919108,135601.81284680864,69433.06970212137,274009.33558446716,155932.60073260072,100691.37015922941,140352.28988424758
17509,19.79,874.7845,874.78582,1.5089407827440995,C55H100O6,CCCCCCC=CCCCCCCCCCC(=O)OC(COC(=O)CCCCCCCCCC=CCCCCCC)COC(=O)CCCCC=CCCCCCCCCC,[M+NH4]+,TG 16:1_18:1_18:1,TG 16:1(6)_18:1(11)_18:1(11),0.4300000000000021,0.6027133333333268,0.5518782124945463,0.5518782124945463,All,All,68800.08114413227,105214.32780974833,0.0,36582.81344334876,34079.97702634791,201011.0813355544,275462.6687589972,0.0,247407.3671037597,294638.5138244303,167397.8152354771,97343.0618977201,206708.1142325906,147461.00968290342,435644.0560135067,196002.93040293042,143425.59465303714,207428.28384499243
17509,19.79,874.7845,874.78582,1.5089407827440995,C55H100O6,CCCCCCC=CCCCCCCCCCC(=O)OC(COC(=O)CCCCC=CCCCCCCCCCCC)COC(=O)CCCCCC=CCCCCCCCC,[M+NH4]+,TG 16:1_18:1_18:1,TG 16:1(7)_18:1(11)_18:1(6),0.4480000000000004,0.5563359999999875,0.5200004294135556,0.5200004294135556,All,Some,1024629.7798965414,1110501.022672121,998644.6886446886,927828.5369289595,1080649.4842893726,1192276.3815455928,1386282.6980689173,984561.7855198694,1422498.5037270798,1403248.7082736224,1356271.431671851,1237307.6360563564,1148342.5815635803,1173789.6370759108,1722564.306286622,1096808.791208791,954091.9992136819,1154383.4927025666
17537,19.798,950.81638,950.81712,0.7782779511420197,C61H104O6,CCCCCCCCC=CCCCCCCCC(=O)OC(COC(=O)CCC=CCC=CCC=CCC=CCC=CCCCCC)COC(=O)CCCCCCCC=CCCCCCCCC,[M+NH4]+,TG 18:1_18:1_22:5,"TG 18:1(9)_18:1(9)_22:5(4,7,10,13,16)",0.49706666666666927,0.6500140000000025,0.2476381763418331,0.2476381763418331,Some,Some,23191.33598969722,29283.832449188172,43007.746352008646,41404.265653978626,39116.462601389605,128800.91863457498,157622.06545999576,40399.66527196652,106534.01591404682,195234.5013477089,114679.22574376414,169818.48207654658,90236.41096309904,145531.66125515662,109520.86637718091,136775.62410311974,131553.39761037045,133972.2808554702
17537,19.798,950.81638,950.81712,0.7782779511420197,C61H104O6,CCCCCCCCCCCC=CCCCCC(=O)OC(COC(=O)CCC=CCC=CCC=CCC=CCC=CCCCCC)COC(=O)CCCCC=CCCCCCCCCCCC,[M+NH4]+,TG 18:1_18:1_22:5,"TG 18:1(6)_18:1(6)_22:5(4,7,10,13,16)",0.624500000000002,0.5711687499999982,0.2316320627129484,0.2316320627129484,Some,Some,32568.24291036069,37011.35575144161,59760.76382633758,57138.170096264235,54758.914893651585,163882.95578844176,200705.43001906126,58704.60251046026,125830.04317876587,238490.5660377359,126854.3283429433,179193.38693532246,95271.16827438372,173622.41776857563,118298.7857198575,167215.53992712,151248.4891820824,166626.30929148907
17537,19.798,950.81638,950.81712,0.7782779511420197,C61H104O6,CCCCCCCCC=CCCCCCCCC(=O)OC(COC(=O)CCC=CCC=CCC=CCC=CCC=CCCCCC)COC(=O)CCCCC=CCCCCCCCCCCC,[M+NH4]+,TG 18:1_18:1_22:5,"TG 18:1(6)_18:1(9)_22:5(4,7,10,13,16)",0.5915789473684234,0.6130931578947315,0.22365113388614374,0.22365113388614374,Some,Some,20299.022446563,26600.084491513666,37779.53194346637,31524.507639318203,34470.220332016936,125500.55145306748,155436.37281895048,33563.17991631798,103727.74271809611,200991.91374663071,119947.51780303512,156826.31940696458,85841.98438217728,139188.58720373941,111443.30325801502,132048.21293348336,125408.43982100843,133486.79756262695
17537,19.798,950.81638,950.81712,0.7782779511420197,C61H104O6,CCCCCCC=CCCCCCCCCCC(=O)OC(COC(=O)CCC=CCC=CCC=CCC=CCC=CCCCCC)COC(=O)CCCCCCCCCC=CCCCCCC,[M+NH4]+,TG 18:1_18:1_22:5,"TG 18:1(11)_18:1(11)_22:5(4,7,10,13,16)",0.529222222222224,0.514245000000023,0.20736380120643125,0.20736380120643125,Some,Some,13842.493755239982,17212.884112451917,25123.843369745005,24306.04742559393,22737.864519283725,89956.65533502476,111249.65380166502,23652.13389121339,63251.31052608777,140021.56334231808,75101.60834601175,94942.31558747687,59444.03613535447,82041.08041974496,69352.81728594088,81616.5808311334,76700.4486321908,89719.42331434943
17537,19.798,950.81638,950.81712,0.7782779511420197,C61H104O6,CCCCCCCCC=CCCCCCCCC(=O)OC(COC(=O)CCC=CCC=CCC=CCC=CCC=CCCCCC)COC(=O)CCCCCCCCCC=CCCCCCC,[M+NH4]+,TG 18:1_18:1_22:5,"TG 18:1(11)_18:1(9)_22:5(4,7,10,13,16)",0.49504761904762146,0.5322128571428623,0.19906969445549322,0.19906969445549322,Some,Some,27232.650803391614,29796.215976256502,48736.05083441149,47130.83988342313,45067.62014454872,132515.0344714901,158672.8792297291,49638.82845188285,97651.34951694659,184129.38005390836,100746.12935806792,133902.75067694424,73173.48032460573,137923.391840384,99944.95436698821,134318.78940520366,118683.55861050884,127217.73069417341
17537,19.798,950.81638,950.81712,0.7782779511420197,C61H104O6,CCCCCCCCCCCC=CCCCCC(=O)OC(COC(=O)CCC=CCC=CCC=CCC=CCC=CCCCCC)COC(=O)CCCCCCCCCC=CCCCCCC,[M+NH4]+,TG 18:1_18:1_22:5,"TG 18:1(11)_18:1(6)_22:5(4,7,10,13,16)",0.6050000000000018,0.5070440909091034,0.19397033274659076,0.19397033274659076,Some,Some,8214.698738947425,8806.591871487026,14940.190956584394,14660.171774264772,14376.798127267206,44477.98045632174,51989.01125755526,13725.606694560669,27572.793767239018,52242.58760107817,24776.902719357684,40742.309129405905,25892.589190016846,42691.79489592646,22053.61553862555,39566.56890759467,34594.6625455552,38369.01111155363
17537,19.798,950.81638,950.81712,0.7782779511420197,C61H104O6,CCCCCCCCCCCC=CCCCCC(=O)OC(COC(=O)CCCCCC=CCC=CCC=CCC=CCC=CCC)COC(=O)CCCCC=CCCCCCCCCCCC,[M+NH4]+,TG 18:1_18:1_22:5,"TG 18:1(6)_18:1(6)_22:5(7,10,13,16,19)",0.6071428571428571,0.5231700000000014,0.15548852947228609,0.15548852947228609,Some,Some,24340.337260257398,27063.0397163784,43507.83642586921,37251.081868762696,39974.00787236565,123335.58755849263,149825.02728857467,42802.343096234305,93789.82482995653,185250.67385444744,103539.57579554318,116587.00174829207,65376.51201959884,127083.74507866293,96607.89412101198,127178.89073436445,107776.53734372839,123228.32450515754
17537,19.798,950.81638,950.81712,0.7782779511420197,C61H104O6,CCCCCCCCC=CCCCCCCCC(=O)OC(COC(=O)CCCCCC=CCC=CCC=CCC=CCC=CCC)COC(=O)CCCCCCCC=CCCCCCCCC,[M+NH4]+,TG 18:1_18:1_22:5,"TG 18:1(9)_18:1(9)_22:5(7,10,13,16,19)",0.47914285714285904,0.5308142857142651,0.13545304891013557,0.13545304891013557,Some,Some,14346.0072430573,16992.371229029504,25788.73585430962,25000.60717124437,23538.584501219197,84789.60817330604,102795.85702416056,25296.23430962343,56696.57530290121,128716.98113207548,67048.4037996855,81222.42057725931,49829.65855152351,73684.80698947501,60339.12738240725,75141.89011099351,68319.43995940399,81234.01967422038
17537,19.798,950.81638,950.81712,0.7782779511420197,C61H104O6,CCCCCCCCC=CCCCCCCCC(=O)OC(COC(=O)CCCCCC=CCC=CCC=CCC=CCC=CCC)COC(=O)CCCCC=CCCCCCCCCCCC,[M+NH4]+,TG 18:1_18:1_22:5,"TG 18:1(6)_18:1(9)_22:5(7,10,13,16,19)",0.5173333333333355,0.4372066666666367,0.13506342130284066,0.13506342130284066,Some,Some,14963.43033959394,19335.516414124955,26754.818951540256,21517.177426477083,24331.55558010367,88253.55040462584,106741.66272950912,24497.405857740585,74493.79756523749,141994.60916442052,91364.47319636396,107212.09688951622,60341.75470831419,98992.98856524398,87829.97477833538,96738.97491036428,88081.44577201642,90574.29606913857
17537,19.798,950.81638,950.81712,0.7782779511420197,C61H104O6,CCCCCCCCC=CCCCCCCCC(=O)OC(COC(=O)CCCCCC=CCC=CCC=CCC=CCC=CCC)COC(=O)CCCCCCCCCC=CCCCCCC,[M+NH4]+,TG 18:1_18:1_22:5,"TG 18:1(11)_18:1(9)_22:5(7,10,13,16,19)",0.4972727272727285,0.4402672727272726,0.12148049382923777,0.12148049382923777,Some,Some,12001.780512891433,14898.107988128251,21600.48148572738,21067.13106067297,19627.971428153698,78487.15772465472,94962.0403707988,20720.0,53452.546680722626,122927.22371967658,65941.8348952274,79552.9169722718,50592.40545092635,69239.52598309098,61608.66117163734,69398.92813662284,64633.580523135126,75571.80692182085
17563,19.807,879.73999,879.74121,1.386771457471386,C55H100O6,CCCCCCC=CCCCCCCCCCC(=O)OC(COC(=O)CCCCCCCC=CCC=CCCCCC)COC(=O)CCCCCCCCCCCCCCC,[M+Na]+,TG 16:0_18:1_18:2,"TG 16:0_18:1(11)_18:2(9,12)",0.4816000000000031,0.7371600000000171,0.587364124620632,0.587364124620632,All,Some,199837.29838709682,216257.99011532127,192080.42226487526,187631.75675675677,198839.8088189947,184578.10920121332,224777.77777777778,186490.9895150721,220031.1958405546,171259.5579450418,155795.31025141795,114457.78199430766,139647.09268854346,168358.4100606333,171757.70367243563,177400.51303858758,163811.575562701,147449.58962407536
17563,19.807,879.73999,879.74121,1.386771457471386,C55H100O6,CCCCCCC=CCCCCCCCCCC(=O)OC(COC(=O)CCCCC=CCC=CCCCCCCCC)COC(=O)CCCCCCCCCCCCCCC,[M+Na]+,TG 16:0_18:1_18:2,"TG 16:0_18:1(11)_18:2(6,9)",0.48880000000000196,0.6300739999999678,0.5854205948147493,0.5854205948147493,Some,Some,129372.98387096777,148285.00823723228,129180.42226487525,123750.0,147493.83287079862,108991.91102123355,152098.20788530464,155155.63564875492,126282.49566724437,218843.38908801274,159851.5195124016,153732.51111000148,112983.99539435809,102303.50325623176,178818.4888138455,131019.08119452941,122993.24758842446,150124.83534299323
17563,19.807,879.73999,879.74121,1.386771457471386,C55H100O6,CCCCCCCCC=CCCCCCCCC(=O)OC(COC(=O)CCCCCCCC=CCC=CCCCCC)COC(=O)CCCCCCCCCCCCCCC,[M+Na]+,TG 16:0_18:1_18:2,"TG 16:0_18:1(9)_18:2(9,12)",0.5410000000000039,0.7182574999999929,0.49268166610633535,0.49268166610633535,Some,Some,111662.70161290324,112242.00988467876,122419.57773512478,109368.24324324325,115276.74992291087,130390.04044489382,139984.94623655913,97352.55570117956,163781.97573656845,93619.07606531262,109517.65004655889,102148.29979527635,128672.30857800806,134514.93375252638,137767.4124102997,116461.40550624837,107383.60128617367,98486.37146620732
17563,19.807,879.73999,879.74121,1.386771457471386,C55H100O6,CCCCCCCCC=CCCCCCCCC(=O)OC(COC(=O)CCCCC=CCC=CCCCCCCCC)COC(=O)CCCCCCCCCCCCCCC,[M+Na]+,TG 16:0_18:1_18:2,"TG 16:0_18:1(9)_18:2(6,9)",0.5910000000000011,0.5681599999999207,0.49263949825489234,0.49263949825489234,Some,Some,41198.387096774204,44269.02800658979,59519.577735124774,45486.48648648649,63930.77397471475,54803.842264914056,67305.37634408602,66017.2018348624,70033.27556325824,148734.6674631621,113573.85930754255,141423.02891097017,102009.21128382269,74713.33932180553,144828.19755170957,76250.05829983951,66565.27331189712,101161.61718512513
17563,19.807,879.73999,879.74121,1.386771457471386,C55H100O6,CCCCCCCCCCCC=CCCCCC(=O)OC(COC(=O)CCCCC=CCC=CCCCCCCCC)COC(=O)CCCCCCCCCCCCCCC,[M+Na]+,TG 16:0_18:1_18:2,"TG 16:0_18:1(6)_18:2(6,9)",0.5565000000000015,0.5514199999999505,0.4732919261112903,0.4732919261112903,Some,Some,70464.31451612903,67972.98187808896,62900.000000000015,63881.756756756746,63729.41720629046,75586.19817997978,57154.121863799286,51617.136304062915,93748.70017331022,25692.453205894064,67849.31854736307,43321.21635791681,68873.80541162925,66054.90680440153,72414.09877585479,54083.45793495109,46021.543408360136,55744.65498024116
17563,19.807,879.73999,879.74121,1.386771457471386,C55H100O6,CCCCCCCCCCCC=CCCCCC(=O)OC(COC(=O)CCCCCCCC=CCC=CCCCCC)COC(=O)CCCCCCCCCCCCCCC,[M+Na]+,TG 16:0_18:1_18:2,"TG 16:0_18:1(6)_18:2(9,12)",0.4788000000000025,0.5894419999999855,0.3805770706949149,0.3805770706949149,All,Some,70464.31451612903,67972.98187808896,62900.000000000015,63881.756756756746,63729.41720629046,54649.89888776543,72679.56989247311,62366.48099606816,67122.35701906413,48850.85623257666,119412.34233471598,125917.16183152742,58813.58664363847,66054.90680440153,72414.09877585479,61785.48402584397,51224.75884244374,61032.93140135778
17577,19.818,976.8317,976.83277,1.0953768473870853,C63H106O6,CCCCCCCCCCCC=CCCCCC(=O)OC(COC(=O)CCC=CCC=CCC=CCC=CCC=CCC=CCCCC)COC(=O)CCCCC=CCCCCCCCCCCC,[M+NH4]+,TG 18:1_18:1_24:6,"TG 18:1(6)_18:1(6)_24:6(4,7,10,13,16,19)",0.4361818181818158,0.5461509090909079,0.18110443925003636,0.18110443925003636,Some,Some,10573.347832982172,15979.781263491153,11593.021460552727,11965.334001057232,10153.29489849478,23128.05774170066,25403.338282269317,10786.69910786699,31300.791355957997,32845.66094454552,35176.03585187515,23892.529999721577,23879.067194048122,24347.896262059356,57173.48889328324,23226.808038322233,21822.98579890102,22285.726417955717
17577,19.818,976.8317,976.83277,1.0953768473870853,C63H106O6,CCCCCCCCC=CCCCCCCCC(=O)OC(COC(=O)CCC=CCC=CCC=CCC=CCC=CCC=CCCCC)COC(=O)CCCCC=CCCCCCCCCCCC,[M+NH4]+,TG 18:1_18:1_24:6,"TG 18:1(6)_18:1(9)_24:6(4,7,10,13,16,19)",0.3764285714285691,0.5093950000000079,0.16182617932446533,0.16182617932446533,All,Some,35344.93305240264,46571.8808461649,41232.66944573105,38631.16601285368,35629.70488139381,100268.8055897294,111853.15157241194,35805.099351175995,119386.69913255212,129755.87374416579,116481.58922347144,100967.5084221956,97104.6875735744,93631.19474707458,153070.7929602531,90123.60283522218,90911.49884630939,88515.91143463754
17577,19.818,976.8317,976.83277,1.0953768473870853,C63H106O6,CCCCCCCCCCCC=CCCCCC(=O)OC(COC(=O)CCC=CCC=CCC=CCC=CCC=CCC=CCCCC)COC(=O)CCCCCCCCCC=CCCCCCC,[M+NH4]+,TG 18:1_18:1_24:6,"TG 18:1(11)_18:1(6)_24:6(4,7,10,13,16,19)",0.40093333333333114,0.5408053333333404,0.15103776736950097,0.15103776736950097,All,Some,10573.347832982172,16444.28454933564,11593.021460552727,11965.334001057232,11120.489832546016,26389.92031770886,27685.247671750574,10786.69910786699,33470.78070308934,38308.75721857447,40730.35091857327,25916.975248489565,26174.530300889957,26007.263123142955,67296.2098741019,26103.33177551895,23493.850947929306,24033.472854109797
17577,19.818,976.8317,976.83277,1.0953768473870853,C63H106O6,CCCCCCCCC=CCCCCCCCC(=O)OC(COC(=O)CCC=CCC=CCC=CCC=CCC=CCC=CCCCC)COC(=O)CCCCCCCC=CCCCCCCCC,[M+NH4]+,TG 18:1_18:1_24:6,"TG 18:1(9)_18:1(9)_24:6(4,7,10,13,16,19)",0.3185999999999979,0.4556290000000104,0.14043052130464903,0.14043052130464903,Some,Some,33759.98550035117,43889.0487839977,39073.64520611394,36367.9993322761,33212.84350078733,93943.4130156245,105648.08566158277,33546.63422546634,113529.21929691067,120691.24278142549,107269.64908142673,96083.02475151041,91825.46969911002,88659.40354352372,140037.12345923143,83563.33489114771,86172.81571873736,83633.19381255687
17577,19.818,976.8317,976.83277,1.0953768473870853,C63H106O6,CCCCCCC=CCCCCCCCCCC(=O)OC(COC(=O)CCC=CCC=CCC=CCC=CCC=CCC=CCCCC)COC(=O)CCCCCCCCCC=CCCCCCC,[M+NH4]+,TG 18:1_18:1_24:6,"TG 18:1(11)_18:1(11)_24:6(4,7,10,13,16,19)",0.3572727272727253,0.5033490909090997,0.12766411027695368,0.12766411027695368,Some,Some,33759.98550035117,44353.55206984219,39073.64520611394,36367.9993322761,34180.03843483856,97205.27559163269,107929.99505106402,33546.63422546634,115699.20864404201,126154.33905545445,112823.96414812484,98107.47000027841,94120.93280595187,90318.7704046073,150159.8444400501,86439.85862834443,87843.68086776565,85380.94024871095
17577,19.818,976.8317,976.83277,1.0953768473870853,C63H106O6,CCCCCCCCC=CCCCCCCCC(=O)OC(COC(=O)CCC=CCC=CCC=CCC=CCC=CCC=CCCCC)COC(=O)CCCCCCCCCC=CCCCCCC,[M+NH4]+,TG 18:1_18:1_24:6,"TG 18:1(11)_18:1(9)_24:6(4,7,10,13,16,19)",0.31442857142856945,0.47576500000001587,0.1198373494170432,0.1198373494170432,All,Some,8988.400280930697,13761.45248716842,9433.997220935618,9702.16732047965,8703.628451939525,20064.527743603932,21480.181760921405,8528.233982157339,27613.30086744788,29244.126255834184,31518.410776528563,21032.491577804376,20895.31242642558,21035.47191959209,54262.54037308023,19543.063831444484,18755.16782035729,19150.755232029118
17594,19.827,898.78696,898.78582,1.268377821178392,C57H100O6,CCCCCCCCCCCCCCCC(=O)OC(COC(=O)CCC=CCC=CCC=CCC=CCC=CCCCCC)COC(=O)CCCCCCCCCCCCCCC,[M+NH4]+,TG 16:0_16:0_22:5,"TG 16:0_16:0_22:5(4,7,10,13,16)",0.5499999999999977,0.6522084615384773,0.4008863616474104,0.4008863616474104,All,Some,0.0,0.0,0.0,0.0,0.0,0.0,20641.81415292526,0.0,28300.12939799125,12269.304556354917,0.0,11624.95107328135,0.0,20874.922273349082,0.0,0.0,12219.502563055046,0.0
17594,19.827,898.78696,898.78582,1.268377821178392,C57H100O6,CCCCCCCCCCCCCCCC(=O)OC(COC(=O)CCCCCC=CCC=CCC=CCC=CCC=CCC)COC(=O)CCCCCCCCCCCCCCC,[M+NH4]+,TG 16:0_16:0_22:5,"TG 16:0_16:0_22:5(7,10,13,16,19)",0.6050000000000004,0.5601860000000102,0.12748922129890386,0.12748922129890386,All,Some,0.0,0.0,0.0,0.0,0.0,0.0,17658.185847074736,0.0,22499.87060200875,12930.695443645083,0.0,10175.048926718648,0.0,18625.077726650914,0.0,0.0,15480.497436944956,0.0
17654,19.877,924.80171,924.80147,0.25951515838582356,C59H102O6,CCCCCCCCCCCC=CCCCCC(=O)OC(COC(=O)CCCC=CCC=CCC=CCC=CCCCCC)COC(=O)CCCCC=CCCCCCCCCCCC,[M+NH4]+,TG 18:1_18:1_20:4,"TG 18:1(6)_18:1(6)_20:4(5,8,11,14)",0.4230000000000018,0.8560266666666507,0.5157340428979429,0.5157340428979429,Some,Some,0.0,0.0,1002.7343765088513,0.0,0.0,0.0,0.0,0.0,0.0,0.0,0.0,0.0,0.0,0.0,0.0,0.0,0.0,0.0
17654,19.877,924.80171,924.80147,0.25951515838582356,C59H102O6,CCCCCCCCCCCC=CCCCCC(=O)OC(COC(=O)CCCC=CCC=CCC=CCC=CCCCCC)COC(=O)CCCCCCCCCC=CCCCCCC,[M+NH4]+,TG 18:1_18:1_20:4,"TG 18:1(11)_18:1(6)_20:4(5,8,11,14)",0.38740000000000163,0.7818689999999833,0.4410832825505214,0.4410832825505214,Some,Some,0.0,0.0,1074.7786309962955,0.0,0.0,0.0,0.0,0.0,0.0,0.0,0.0,0.0,0.0,0.0,0.0,0.0,0.0,0.0
17654,19.877,924.80171,924.80147,0.25951515838582356,C59H102O6,CCCCCCCCC=CCCCCCCCC(=O)OC(COC(=O)CCCC=CCC=CCC=CCC=CCCCCC)COC(=O)CCCCCCCCCC=CCCCCCC,[M+NH4]+,TG 18:1_18:1_20:4,"TG 18:1(11)_18:1(9)_20:4(5,8,11,14)",0.2988000000000014,0.7952389999999809,0.42959626278128615,0.42959626278128615,Some,Some,0.0,0.0,472.22284453955166,0.0,0.0,0.0,0.0,0.0,0.0,0.0,0.0,0.0,0.0,0.0,0.0,0.0,0.0,0.0
17654,19.877,924.80171,924.80147,0.25951515838582356,C59H102O6,CCCCCCCCC=CCCCCCCCC(=O)OC(COC(=O)CCCC=CCC=CCC=CCC=CCCCCC)COC(=O)CCCCC=CCCCCCCCCCCC,[M+NH4]+,TG 18:1_18:1_20:4,"TG 18:1(6)_18:1(9)_20:4(5,8,11,14)",0.25150000000000183,0.7623124999999931,0.4146438284960725,0.4146438284960725,Some,Some,0.0,0.0,1068.1613162397784,0.0,0.0,0.0,0.0,0.0,0.0,0.0,0.0,0.0,0.0,0.0,0.0,0.0,0.0,0.0
17654,19.877,924.80171,924.80147,0.25951515838582356,C59H102O6,CCCCCCCCC=CCCCCCCCC(=O)OC(COC(=O)CCCCCCC=CCC=CCC=CCC=CCC)COC(=O)CCCCCCCC=CCCCCCCCC,[M+NH4]+,TG 18:1_18:1_20:4,"TG 18:1(9)_18:1(9)_20:4(8,11,14,17)",0.5613333333333349,0.5020616666666532,0.3998233867029259,0.3998233867029259,Some,Some,0.0,0.0,396.19412180509795,0.0,0.0,0.0,0.0,0.0,0.0,0.0,0.0,0.0,0.0,0.0,0.0,0.0,0.0,0.0
17654,19.877,924.80171,924.80147,0.25951515838582356,C59H102O6,CCCCCCCCC=CCCCCCCCC(=O)OC(COC(=O)CCCC=CCC=CCC=CCC=CCCCCC)COC(=O)CCCCCCCC=CCCCCCCCC,[M+NH4]+,TG 18:1_18:1_20:4,"TG 18:1(9)_18:1(9)_20:4(5,8,11,14)",0.2706666666666682,0.7520166666666341,0.3927925021748621,0.3927925021748621,Some,Some,0.0,0.0,874.4288671979109,0.0,0.0,0.0,0.0,0.0,0.0,0.0,0.0,0.0,0.0,0.0,0.0,0.0,0.0,0.0
17654,19.877,924.80171,924.80147,0.25951515838582356,C59H102O6,CCCCCCC=CCCCCCCCCCC(=O)OC(COC(=O)CCCC=CCC=CCC=CCC=CCCCCC)COC(=O)CCCCCCCCCC=CCCCCCC,[M+NH4]+,TG 18:1_18:1_20:4,"TG 18:1(11)_18:1(11)_20:4(5,8,11,14)",0.3917500000000018,0.7874712499999674,0.34945255597692354,0.34945255597692354,Some,Some,0.0,0.0,930.0424699388541,0.0,0.0,0.0,0.0,0.0,0.0,0.0,0.0,0.0,0.0,0.0,0.0,0.0,0.0,0.0
17654,19.877,924.80171,924.80147,0.25951515838582356,C59H102O6,CCCCCCCCC=CCCCCCCCC(=O)OC(COC(=O)CCCCCCC=CCC=CCC=CCC=CCC)COC(=O)CCCCC=CCCCCCCCCCCC,[M+NH4]+,TG 18:1_18:1_20:4,"TG 18:1(6)_18:1(9)_20:4(8,11,14,17)",0.4712500000000013,0.5114699999999601,0.33823051518635794,0.33823051518635794,Some,Some,0.0,0.0,390.984746358478,0.0,0.0,0.0,0.0,0.0,0.0,0.0,0.0,0.0,0.0,0.0,0.0,0.0,0.0,0.0
17654,19.877,924.80171,924.80147,0.25951515838582356,C59H102O6,CCCCCCCCC=CCCCCCCCC(=O)OC(COC(=O)CCCCCCC=CCC=CCC=CCC=CCC)COC(=O)CCCCCCCCCC=CCCCCCC,[M+NH4]+,TG 18:1_18:1_20:4,"TG 18:1(11)_18:1(9)_20:4(8,11,14,17)",0.48840000000000217,0.5838509999999701,0.3166551576851385,0.3166551576851385,Some,Some,0.0,0.0,857.9982154514097,0.0,0.0,0.0,0.0,0.0,0.0,0.0,0.0,0.0,0.0,0.0,0.0,0.0,0.0,0.0
17654,19.877,924.80171,924.80147,0.25951515838582356,C59H102O6,CCCCCCCCCCCC=CCCCCC(=O)OC(COC(=O)CCCCCCC=CCC=CCC=CCC=CCC)COC(=O)CCCCCCCCCC=CCCCCCC,[M+NH4]+,TG 18:1_18:1_20:4,"TG 18:1(11)_18:1(6)_20:4(8,11,14,17)",0.5496000000000016,0.5797489999999698,0.30977328901881623,0.30977328901881623,Some,Some,0.0,0.0,222.45441096377212,0.0,0.0,0.0,0.0,0.0,0.0,0.0,0.0,0.0,0.0,0.0,0.0,0.0,0.0,0.0
17657,19.878,900.80037,900.80147,1.221134774515023,C57H102O6,CCCCCCCCC=CCCCCCCCC(=O)OC(COC(=O)CCCCC=CCC=CCCCCCCCC)COC(=O)CCCCCCCC=CCCCCCCCC,[M+NH4]+,TG 18:1_18:1_18:2,"TG 18:1(9)_18:1(9)_18:2(6,9)",0.10899999999999821,0.8696550000000798,0.8041076966211554,0.8041076966211554,Some,Some,234505.40958268935,257333.08858236743,230598.7560340662,205080.61709778447,232889.94457640534,303816.11112893396,357253.63194342126,243184.53955612486,393878.5581884084,399513.15201698785,396964.375719486,339047.41731287574,312139.4509683919,300102.03700708033,543090.3707419748,280210.91970205033,257276.22826467498,302770.5537640001
17657,19.878,900.80037,900.80147,1.221134774515023,C57H102O6,CCCCCCC=CCCCCCCCCCC(=O)OC(COC(=O)CCCCC=CCC=CCCCCCCCC)COC(=O)CCCCCCCCCC=CCCCCCC,[M+NH4]+,TG 18:1_18:1_18:2,"TG 18:1(11)_18:1(11)_18:2(6,9)",0.35299999999999976,0.687757500000032,0.7388701554490097,0.7388701554490097,Some,Some,4959.428129829986,10906.97715074911,0.0,3136.527085024939,0.0,20660.10073465722,16422.926182407544,0.0,6010.932832737104,18166.09802994892,36704.70738309324,18008.75528786232,13285.838146603935,16052.349962047214,67886.29634274683,8988.788491565772,6542.65375189637,9393.182842678318
17657,19.878,900.80037,900.80147,1.221134774515023,C57H102O6,CCCCCCCCC=CCCCCCCCC(=O)OC(COC(=O)CCCCCCCC=CCC=CCCCCC)COC(=O)CCCCCCCCCC=CCCCCCC,[M+NH4]+,TG 18:1_18:1_18:2,"TG 18:1(11)_18:1(9)_18:2(9,12)",0.47120000000000034,0.7503820000000132,0.6001102570223908,0.6001102570223908,Some,Some,234505.40958268935,257333.08858236743,232049.58196717055,205080.61709778447,232889.94457640534,300521.25372942805,376682.5401502873,243184.53955612486,400579.9360086896,425340.5022562038,411000.46669363114,340950.49517108424,318583.68715653656,310443.6121100506,600109.3849685641,288144.9816981084,261859.4935231649,310157.4257082423
17657,19.878,900.80037,900.80147,1.221134774515023,C57H102O6,CCCCCCCCC=CCCCCCCCC(=O)OC(COC(=O)CCCCCCCC=CCC=CCCCCC)COC(=O)CCCCC=CCCCCCCCCCCC,[M+NH4]+,TG 18:1_18:1_18:2,"TG 18:1(6)_18:1(9)_18:2(9,12)",0.39399999999999835,0.6891750000000059,0.5738263500902117,0.5738263500902117,Some,Some,330803.70942812983,388714.70778482885,298451.4079054711,284217.608166106,304220.11084718915,285576.72195309744,313538.58847797255,337752.4992342179,362199.31758344255,399113.6388649709,407046.63825021003,285673.13182663795,286690.76489563816,281366.1137588194,600574.7345805911,258061.6632963883,213045.16279612554,271034.3631887375
17657,19.878,900.80037,900.80147,1.221134774515023,C57H102O6,CCCCCCCCC=CCCCCCCCC(=O)OC(COC(=O)CCCCC=CCC=CCCCCCCCC)COC(=O)CCCCC=CCCCCCCCCCCC,[M+NH4]+,TG 18:1_18:1_18:2,"TG 18:1(6)_18:1(9)_18:2(6,9)",0.07933333333333319,0.8682100000000901,0.5679502276148832,0.5679502276148832,Some,Some,234505.40958268935,254547.99741263263,230598.7560340662,205080.61709778447,232889.94457640534,297478.5537839659,364603.624576396,243184.53955612486,406590.8688414267,418525.2778982669,394042.93581406923,339082.6594954351,312243.11160412605,302360.1657479188,541447.9603465857,288144.9816981084,261859.4935231649,308315.2675196782
17657,19.878,900.80037,900.80147,1.221134774515023,C57H102O6,CCCCCCCCCCCC=CCCCCC(=O)OC(COC(=O)CCCCC=CCC=CCCCCCCCC)COC(=O)CCCCC=CCCCCCCCCCCC,[M+NH4]+,TG 18:1_18:1_18:2,"TG 18:1(6)_18:1(6)_18:2(6,9)",0.40399999999999814,0.6727825000000394,0.5649731276476273,0.5649731276476273,Some,Some,198081.53013910353,233714.27072953267,181087.84665028137,171604.2222479991,172228.82026920028,171836.89968239705,184409.66553705608,206227.33981231376,235076.2110532592,231952.63590633357,245181.294919262,179400.33031871458,178849.15018679315,171225.06626183697,340526.4219773269,157768.19310415443,131193.838254172,169715.66281771212
17657,19.878,900.80037,900.80147,1.221134774515023,C57H102O6,CCCCCCCCC=CCCCCCCCC(=O)OC(COC(=O)CCCCC=CCC=CCCCCCCCC)COC(=O)CCCCCCCCCC=CCCCCCC,[M+NH4]+,TG 18:1_18:1_18:2,"TG 18:1(11)_18:1(9)_18:2(6,9)",0.22000000000000064,0.6731375000000526,0.5637324910629126,0.5637324910629126,Some,Some,362268.1607418856,401426.54848691454,349413.1432223602,314557.4759308665,364881.23515439423,396895.8326649771,476704.75909827603,374709.69897802896,514990.7318858546,555323.2813036131,522125.0116673408,431135.2403406336,406695.22753063287,396710.6753107773,757233.3127941153,371515.6014027184,332584.8990547321,396538.2294809113
17657,19.878,900.80037,900.80147,1.221134774515023,C57H102O6,CCCCCCCCCCCC=CCCCCC(=O)OC(COC(=O)CCCCC=CCC=CCCCCCCCC)COC(=O)CCCCCCCCCC=CCCCCCC,[M+NH4]+,TG 18:1_18:1_18:2,"TG 18:1(11)_18:1(6)_18:2(6,9)",0.2715999999999994,0.7285440000000563,0.5016357916795773,0.5016357916795773,Some,Some,234505.40958268935,254547.99741263263,230598.7560340662,205080.61709778447,232889.94457640534,294183.6963844599,364603.624576396,243184.53955612486,400579.9360086896,418525.2778982669,394042.93581406923,335399.85141797597,312243.11160412605,302360.1657479188,541447.9603465857,288144.9816981084,261859.4935231649,308315.2675196782
17657,19.878,900.80037,900.80147,1.221134774515023,C57H102O6,CCCCCCCCCCCC=CCCCCC(=O)OC(COC(=O)CCCCCCCC=CCC=CCCCCC)COC(=O)CCCCCCCCCC=CCCCCCC,[M+NH4]+,TG 18:1_18:1_18:2,"TG 18:1(11)_18:1(6)_18:2(9,12)",0.5913333333333336,0.6275749999999979,0.4638458599747521,0.4638458599747521,Some,Some,311360.12364760437,356927.32644534187,286602.99611845217,281081.08108108107,304220.11084718915,254847.13355362354,303860.792691911,325387.76419481495,332225.88224182103,364026.98380842013,342884.7888989141,271488.1533464724,263470.7824911704,254841.28267984028,521273.68598989036,238808.9692067474,206502.50904422917,250989.4933943618
17657,19.878,900.80037,900.80147,1.221134774515023,C57H102O6,CCCCCCC=CCCCCCCCCCC(=O)OC(COC(=O)CCCCCCCC=CCC=CCCCCC)COC(=O)CCCCCCCCCC=CCCCCCC,[M+NH4]+,TG 18:1_18:1_18:2,"TG 18:1(11)_18:1(11)_18:2(9,12)",0.5686666666666677,0.36340666666664373,0.44958103323629933,0.44958103323629933,Some,Some,234505.40958268935,254547.99741263263,230598.7560340662,205080.61709778447,232889.94457640534,294183.6963844599,351919.84676587593,243184.53955612486,387867.6253556713,399513.15201698785,380006.8448399241,329813.96548230835,305798.8754159814,294538.5314137103,506409.8719116197,280210.91970205033,257276.22826467498,302770.5537640001
17662,19.883,902.80852,902.81712,9.525738723254685,C57H104O6,CCCCCCCCC=CCCCCCCCC(=O)OC(COC(=O)CCCCC=CCC=CCCCCCCCC)COC(=O)CCCCCCCCCCCCCCCCC,[M+NH4]+,TG 18:0_18:1_18:2,"TG 18:0_18:1(9)_18:2(6,9)",0.9780000000000015,0.09284999999999854,0.8716241281021397,0.8716241281021397,Some,Some,4348.652998983396,0.0,3690.888821323604,2753.813211310571,7068.473662349808,2528.476118271418,9749.88391501324,7339.64020782653,0.0,4198.683431437427,17647.814109474188,0.0,9148.474329629684,1383.0066431559087,0.0,6803.658427234958,2301.9883525207706,3412.236860768787
17662,19.883,902.80852,902.81712,9.525738723254685,C57H104O6,CCCCCCCCC=CCCCCCCCC(=O)OC(COC(=O)CCCCCCCC=CCC=CCCCCC)COC(=O)CCCCCCCCCCCCCCCCC,[M+NH4]+,TG 18:0_18:1_18:2,"TG 18:0_18:1(9)_18:2(9,12)",0.5860000000000009,0.5992166666666966,0.5809728824057081,0.5809728824057081,Some,Some,140304.1341917994,149595.24483441832,143691.09151717846,108670.65587234544,149463.5968632094,138457.07354056102,169340.76277248596,144855.00195212782,168267.61036274995,194417.77715858028,234137.74104683194,5083.7113761817145,174986.06963665853,88095.62863938326,261374.99660058197,119695.13106375348,140144.1983131858,168359.04581522054
17662,19.883,902.80852,902.81712,9.525738723254685,C57H104O6,CCCCCCCCCCCC=CCCCCC(=O)OC(COC(=O)CCCCC=CCC=CCCCCCCCC)COC(=O)CCCCCCCCCCCCCCCCC,[M+NH4]+,TG 18:0_18:1_18:2,"TG 18:0_18:1(6)_18:2(6,9)",0.6204999999999998,0.6552175000000489,0.4276864516084302,0.4276864516084302,Some,Some,59695.14571331752,67607.13274837247,58772.473902908685,44740.20298017131,62173.71731577076,79215.36012130402,85018.13435739117,68217.49707180826,87344.04168737157,97870.0985684929,143783.15965983953,369252.69124209543,101742.79607706415,58218.89608791929,133325.17473008618,74901.81426906178,82765.00715590882,103136.06060858897
17662,19.883,902.80852,902.81712,9.525738723254685,C57H104O6,CCCCCCCCCCCC=CCCCCC(=O)OC(COC(=O)CCCCCCCC=CCC=CCCCCC)COC(=O)CCCCCCCCCCCCCCCCC,[M+NH4]+,TG 18:0_18:1_18:2,"TG 18:0_18:1(6)_18:2(9,12)",0.26566666666666805,0.5883583333333414,0.3321858915695923,0.3321858915695923,All,Some,195650.62690613355,217202.37758279082,198772.67659876353,150657.04564120615,204568.84051663033,215143.95754359363,247561.71328890725,205732.85881610957,258474.34158395894,292546.84963951097,365355.0844412505,380663.5973817228,269649.75519546465,146440.82670384645,403924.8320687498,189732.79134411333,222040.63116015735,269909.13717866346
17662,19.883,902.80852,902.81712,9.525738723254685,C57H104O6,CCCCCCC=CCCCCCCCCCC(=O)OC(COC(=O)CCCCCCCC=CCC=CCCCCC)COC(=O)CCCCCCCCCCCCCCCCC,[M+NH4]+,TG 18:0_18:1_18:2,"TG 18:0_18:1(11)_18:2(9,12)",0.283333333333335,0.4609599999999811,0.2582066485945097,0.2582066485945097,All,Some,4348.652998983396,0.0,3690.888821323604,2753.813211310571,3988.6387094688203,2528.476118271418,3093.508025551247,0.0,0.0,4198.683431437427,6195.424601748713,0.0,3545.1031513846983,1383.0066431559087,0.0,2285.8445168425146,2301.9883525207706,3412.236860768787
17662,19.883,902.80852,902.81712,9.525738723254685,C57H104O6,CCCCCCC=CCCCCCCCCCC(=O)OC(COC(=O)CCCCC=CCC=CCCCCCCCC)COC(=O)CCCCCCCCCCCCCCCCC,[M+NH4]+,TG 18:0_18:1_18:2,"TG 18:0_18:1(11)_18:2(6,9)",0.5196000000000012,0.5427900000000363,0.2537821763749516,0.2537821763749516,All,Some,144652.78719078278,149595.24483441832,147381.98033850206,111424.46908365599,152736.7329325709,140126.65655799847,165235.99764065107,144855.00195212782,166914.0063659195,197767.90777054089,228880.7761408552,0.0,172927.80160979825,89478.63528253915,261374.99660058197,121580.76037899392,142446.18666570657,171771.28267598935
17757,19.987,926.81636,926.81712,0.8200107481979408,C59H104O6,CCCCCC=CCC=CCCCCCCCCCC(=O)OC(COC(=O)CCCCCCCCCC=CCC=CCCCCC)COC(=O)CCCCC=CCCCCCCCCC,[M+NH4]+,TG 16:1_20:2_20:2,"TG 16:1(6)_20:2(11,14)_20:2(11,14)",0.682500000000001,0.7016925000000356,0.6362388829382721,0.6362388829382721,All,Some,0.0,212719.62150210407,250078.29977628635,0.0,225595.3791469194,0.0,0.0,186897.19977447847,0.0,0.0,0.0,0.0,0.0,0.0,0.0,0.0,0.0,0.0
17757,19.987,926.81636,926.81712,0.8200107481979408,C59H104O6,CCCCCC=CCC=CCCCCCCCCCC(=O)OC(COC(=O)CCCCCCCCCC=CCC=CCCCCC)COC(=O)CCCCCC=CCCCCCCCC,[M+NH4]+,TG 16:1_20:2_20:2,"TG 16:1(7)_20:2(11,14)_20:2(11,14)",0.6240000000000023,0.695995000000039,0.49649189027251983,0.49649189027251983,Some,Some,0.0,146920.56774684388,160730.7046979866,0.0,112797.6895734597,0.0,0.0,120654.20033828226,0.0,0.0,0.0,0.0,0.0,0.0,0.0,0.0,0.0,0.0
17757,19.987,926.81636,926.81712,0.8200107481979408,C59H104O6,CCCCCC=CCC=CCCCCCCCCCC(=O)OC(COC(=O)CCCCCCCCCC=CCC=CCCCCC)COC(=O)CCCCCCCC=CCCCCCC,[M+NH4]+,TG 16:1_20:2_20:2,"TG 16:1(9)_20:2(11,14)_20:2(11,14)",0.5359999999999999,0.588944000000015,0.3832255628832465,0.3832255628832465,All,Some,0.0,106359.81075105203,155190.99552572708,0.0,140606.93127962083,0.0,0.0,93448.59988723924,0.0,0.0,0.0,0.0,0.0,0.0,0.0,0.0,0.0,0.0
17771,19.995,924.80138,924.80147,0.09731818441005022,C59H102O6,CCCCCCCCC=CCCCCCCCC(=O)OC(COC(=O)CCCC=CCC=CCC=CCC=CCC=CCC)COC(=O)CCCCCCCCCCCCCCCCC,[M+NH4]+,TG 18:0_18:1_20:5,"TG 18:0_18:1(9)_20:5(5,8,11,14,17)",0.5695555555555553,0.6264988888889067,0.10054732217661279,0.10054732217661279,Some,Some,9008.33241848721,8410.590498549023,6506.070492592396,5616.814369832868,0.0,78558.57621321171,81780.92166192955,7599.514139098155,103686.09113483182,156867.17517096267,137187.42289239203,71112.43029321819,93525.11407505242,75397.67689484751,241086.96271398864,71333.14236608421,58896.80656934307,70359.33075933077
17771,19.995,924.80138,924.80147,0.09731818441005022,C59H102O6,CCCCCCC=CCCCCCCCCCC(=O)OC(COC(=O)CCCC=CCC=CCC=CCC=CCC=CCC)COC(=O)CCCCCCCCCCCCCCCCC,[M+NH4]+,TG 18:0_18:1_20:5,"TG 18:0_18:1(11)_20:5(5,8,11,14,17)",0.4841818181818182,0.6122409090909183,0.09975836798053068,0.09975836798053068,All,Some,8634.460423756726,8285.132652950319,6240.455688078302,5376.827454945578,0.0,69748.98453644979,74202.59955928849,7529.539251009936,91651.9075107227,134618.884797475,122032.35092529129,64098.93865803203,83816.3523382312,68542.77553808446,192799.3847380864,62629.61902033801,55703.64963503651,66988.6743886744
17771,19.995,924.80138,924.80147,0.09731818441005022,C59H102O6,CCCCCCCCCCCC=CCCCCC(=O)OC(COC(=O)CCCC=CCC=CCC=CCC=CCC=CCC)COC(=O)CCCCCCCCCCCCCCCCC,[M+NH4]+,TG 18:0_18:1_20:5,"TG 18:0_18:1(6)_20:5(5,8,11,14,17)",0.5158000000000001,0.4946240000000103,0.07178340748631064,0.07178340748631064,Some,Some,8157.207157756066,7104.276848500657,5853.473819329305,4706.358175221555,0.0,66692.43925033849,70016.47877878198,6970.94660989191,85662.0013544455,132513.94003156235,101780.22618231665,54788.63104874977,71658.53358671635,63059.54756706803,182113.6525479249,58037.23861357777,43399.54379562044,56651.994851994845
17810,20.012,950.81713,950.81712,0.01051726958255908,C61H104O6,CCCCCCCCC=CCCCCCCCC(=O)OC(COC(=O)CCC=CCC=CCC=CCC=CCC=CCCCCC)COC(=O)CCCCCCCC=CCCCCCCCC,[M+NH4]+,TG 18:1_18:1_22:5,"TG 18:1(9)_18:1(9)_22:5(4,7,10,13,16)",0.5283636363636361,0.5924800000000232,0.29189270978247805,0.29189270978247805,Some,Some,6184.785696454243,10596.13253372459,6999.587533616012,6588.454545454545,6486.4004529512595,32791.235459984186,36573.70517928286,6438.513227415821,48134.903991684754,53148.93972209164,58007.187256257756,35981.445520946676,40291.50383155084,35530.53359298567,102593.46786383951,29156.937756420095,26735.723188396438,33393.299805752904
17810,20.012,950.81713,950.81712,0.01051726958255908,C61H104O6,CCCCCCCCCCCC=CCCCCC(=O)OC(COC(=O)CCC=CCC=CCC=CCC=CCC=CCCCCC)COC(=O)CCCCC=CCCCCCCCCCCC,[M+NH4]+,TG 18:1_18:1_22:5,"TG 18:1(6)_18:1(6)_22:5(4,7,10,13,16)",0.45999999999999985,0.54634714285716,0.2376034921711351,0.2376034921711351,Some,Some,3664.061222205963,6452.112505519865,3884.1035455610368,3606.2954545454545,3735.3254800811537,14794.4082791683,16997.238319449476,3478.027946022571,22356.944874997724,24832.380759920743,27889.616759418324,15433.671902250588,17715.53342697801,16877.813648084444,50590.22988031024,14081.153711008066,11613.76566848995,14807.695377983555
17810,20.012,950.81713,950.81712,0.01051726958255908,C61H104O6,CCCCCCCCC=CCCCCCCCC(=O)OC(COC(=O)CCC=CCC=CCC=CCC=CCC=CCCCCC)COC(=O)CCCCCCCCCC=CCCCCCC,[M+NH4]+,TG 18:1_18:1_22:5,"TG 18:1(11)_18:1(9)_22:5(4,7,10,13,16)",0.5142222222222226,0.535125000000019,0.2332674489362193,0.2332674489362193,Some,Some,8776.22732789863,13960.080340735887,9810.866014419826,8909.363636363638,9096.129468568644,41530.77087570803,46597.2473741398,9420.688893389053,58148.215685916955,66720.32122444855,66199.31955536628,38115.77286902016,42522.28696994562,43247.31328515286,116326.31770235334,36358.56498780071,30841.400331936275,41165.14196003299
17810,20.012,950.81713,950.81712,0.01051726958255908,C61H104O6,CCCCCCC=CCCCCCCCCCC(=O)OC(COC(=O)CCC=CCC=CCC=CCC=CCC=CCCCCC)COC(=O)CCCCCCCCCC=CCCCCCC,[M+NH4]+,TG 18:1_18:1_22:5,"TG 18:1(11)_18:1(11)_22:5(4,7,10,13,16)",0.5075000000000007,0.49194062500002644,0.2317919788583577,0.2317919788583577,Some,Some,7117.339691995148,11778.060141593425,7993.261949151146,6588.454545454545,7360.332164257743,35955.30203945635,40411.98840999638,7289.986929067179,49597.1844854939,57959.13525956709,62830.59225479829,38880.81714675427,42761.49812942437,38517.67411898587,102593.46786383951,31616.23470140204,28730.440622800277,36683.89877863813
17810,20.012,950.81713,950.81712,0.01051726958255908,C61H104O6,CCCCCCCCC=CCCCCCCCC(=O)OC(COC(=O)CCC=CCC=CCC=CCC=CCC=CCCCCC)COC(=O)CCCCC=CCCCCCCCCCCC,[M+NH4]+,TG 18:1_18:1_22:5,"TG 18:1(6)_18:1(9)_22:5(4,7,10,13,16)",0.5255999999999991,0.561056000000023,0.23119320817901043,0.23119320817901043,Some,Some,3897.199721091188,6806.539258700019,4026.1932652488827,3606.2954545454545,3870.207445386345,15585.424924036342,17956.80912712785,3690.89637143541,23103.129159904445,26376.582069947144,29095.468009053453,16343.684761275072,18333.03200144639,17274.690023001134,50590.22988031024,14838.6675310921,12257.747870506106,15630.345121204866
17810,20.012,950.81713,950.81712,0.01051726958255908,C61H104O6,CCCCCCCCCCCC=CCCCCC(=O)OC(COC(=O)CCC=CCC=CCC=CCC=CCC=CCCCCC)COC(=O)CCCCCCCCCC=CCCCCCC,[M+NH4]+,TG 18:1_18:1_22:5,"TG 18:1(11)_18:1(6)_22:5(4,7,10,13,16)",0.5096,0.4884805000000256,0.19828749884058108,0.19828749884058108,Some,Some,7301.660540428867,10819.183487414708,7960.838791638482,7433.181818181817,7479.2696160923515,33716.4852324662,36818.181818181816,7943.725031756844,43525.410747825445,50057.15440475511,48632.17230274523,27804.730246820385,32041.500354644453,33440.47457715221,85245.81416287387,28575.68753990131,24052.85148757822,31785.678933503637
17810,20.012,950.81713,950.81712,0.01051726958255908,C61H104O6,CCCCCCCCC=CCCCCCCCC(=O)OC(COC(=O)CCCCCC=CCC=CCC=CCC=CCC=CCC)COC(=O)CCCCCCCC=CCCCCCCCC,[M+NH4]+,TG 18:1_18:1_22:5,"TG 18:1(9)_18:1(9)_22:5(7,10,13,16,19)",0.6185714285714273,0.6374414285714758,0.14182088601140527,0.14182088601140527,Some,Some,2270.2488658569137,3892.6331177618554,2507.072973552655,2162.5227272727275,2398.5719453312995,11080.225578492464,12095.481709525535,2236.127321931553,14688.998705300972,16732.51211401007,16671.372038606383,9460.722708412508,11472.40031709386,11727.814297834107,34502.36653643144,9958.893601437192,7356.973567798306,9680.891940076104
17810,20.012,950.81713,950.81712,0.01051726958255908,C61H104O6,CCCCCCCCCCCC=CCCCCC(=O)OC(COC(=O)CCCCCC=CCC=CCC=CCC=CCC=CCC)COC(=O)CCCCC=CCCCCCCCCCCC,[M+NH4]+,TG 18:1_18:1_22:5,"TG 18:1(6)_18:1(6)_22:5(7,10,13,16,19)",0.4004999999999983,0.5675537500000445,0.1363986377280526,0.1363986377280526,Some,Some,6425.68027064485,9080.840728764548,6932.833974031116,5394.545454545455,6758.749980340657,25326.91475659305,28530.423759507426,6981.277269463724,30545.414759568925,40274.39386018476,36876.07964360397,20207.88929785561,20603.86910142831,24638.74290148496,57439.63060555247,21149.534051598283,16050.733295016435,23908.336659482185
17810,20.012,950.81713,950.81712,0.01051726958255908,C61H104O6,CCCCCCCCC=CCCCCCCCC(=O)OC(COC(=O)CCCCCC=CCC=CCC=CCC=CCC=CCC)COC(=O)CCCCCCCCCC=CCCCCCC,[M+NH4]+,TG 18:1_18:1_22:5,"TG 18:1(11)_18:1(9)_22:5(7,10,13,16,19)",0.5216363636363629,0.5145400000000315,0.12804692447088858,0.12804692447088858,Some,Some,3834.2386392004623,5716.892921753252,4121.555493227303,3073.636363636364,4149.020964723276,16587.379340869193,18506.881564650488,3999.1016034904915,20532.103065336716,26703.01235782786,28683.94734449543,18073.561949782124,18373.085963033536,16921.963209317786,43706.78076703864,13947.906820217655,11945.0561514766,16136.494505202098
17810,20.012,950.81713,950.81712,0.01051726958255908,C61H104O6,CCCCCCC=CCCCCCCCCCC(=O)OC(COC(=O)CCCCCC=CCC=CCC=CCC=CCC=CCC)COC(=O)CCCCCCCCCC=CCCCCCC,[M+NH4]+,TG 18:1_18:1_22:5,"TG 18:1(11)_18:1(11)_22:5(7,10,13,16,19)",0.553799999999999,0.4743300000000431,0.11634449596206624,0.11634449596206624,Some,Some,3528.5580242237475,5997.524964031852,3563.6864595535462,3237.25,3465.992482267273,13631.85351322588,15512.042738138354,3321.655406027357,19367.694523970167,22195.568227246957,25114.244835654914,13697.703596882597,15885.289904454612,14822.980346000977,43411.694737450736,12316.419299122546,10415.307816001394,12808.216918123519
17809,20.012,976.83301,976.83277,0.24569200310764802,C63H106O6,CCCCCCCCCCCC=CCCCCC(=O)OC(COC(=O)CCC=CCC=CCC=CCC=CCC=CCC=CCCCC)COC(=O)CCCCC=CCCCCCCCCCCC,[M+NH4]+,TG 18:1_18:1_24:6,"TG 18:1(6)_18:1(6)_24:6(4,7,10,13,16,19)",0.3715555555555549,0.660441111111115,0.18684027879268147,0.18684027879268147,Some,Some,1875.120086953473,3127.709497206704,0.0,0.0,0.0,3279.716895239738,4582.324899156582,1352.1329059302186,6017.131393945132,7675.146175267052,9167.468018766209,3531.292048176955,4782.721866935936,4449.3181145813305,13892.037668736699,4468.694617733564,3210.9000550339374,5370.86363484031
17809,20.012,976.83301,976.83277,0.24569200310764802,C63H106O6,CCCCCCCCC=CCCCCCCCC(=O)OC(COC(=O)CCC=CCC=CCC=CCC=CCC=CCC=CCCCC)COC(=O)CCCCC=CCCCCCCCCCCC,[M+NH4]+,TG 18:1_18:1_24:6,"TG 18:1(6)_18:1(9)_24:6(4,7,10,13,16,19)",0.342307692307692,0.6593138461538501,0.13030612570358677,0.13030612570358677,All,Some,4656.672276568142,7017.728119180633,0.0,0.0,0.0,12879.065198432096,18457.205720572056,3319.4982123042787,21827.828011456433,28406.04937276708,31931.69566104263,13359.981621869974,17290.833613822506,15822.360135578225,42450.887780984864,15592.647857771783,11907.70197177148,17116.950970206777
17809,20.012,976.83301,976.83277,0.24569200310764802,C63H106O6,CCCCCCCCCCCC=CCCCCC(=O)OC(COC(=O)CCC=CCC=CCC=CCC=CCC=CCC=CCCCC)COC(=O)CCCCCCCCCC=CCCCCCC,[M+NH4]+,TG 18:1_18:1_24:6,"TG 18:1(11)_18:1(6)_24:6(4,7,10,13,16,19)",0.33384615384615357,0.605542307692321,0.12936348265317077,0.12936348265317077,All,Some,2257.4524034921637,3688.2309124767226,0.0,0.0,0.0,3422.9636870705267,4736.633663366337,1352.1329059302186,7605.149478069448,8095.1280880364575,9167.468018766209,4989.104394342162,5151.441714349826,4704.869280787555,19082.27645120849,4678.395061728394,3441.1275842324985,5370.86363484031
17809,20.012,976.83301,976.83277,0.24569200310764802,C63H106O6,CCCCCCCCC=CCCCCCCCC(=O)OC(COC(=O)CCC=CCC=CCC=CCC=CCC=CCC=CCCCC)COC(=O)CCCCCCCC=CCCCCCCCC,[M+NH4]+,TG 18:1_18:1_24:6,"TG 18:1(9)_18:1(9)_24:6(4,7,10,13,16,19)",0.34866666666666646,0.6010122222222536,0.1280833733246973,0.1280833733246973,Some,Some,4175.880929841169,6345.102420856611,0.0,0.0,0.0,12343.702979596139,17663.366336633662,2947.867094069782,20894.85052193055,26571.538578630203,30832.53198123379,12877.562272324505,15915.224952316838,15061.797385879112,38251.05688212484,14754.938271604939,11292.205749100833,15929.13636515969
17809,20.012,976.83301,976.83277,0.24569200310764802,C63H106O6,CCCCCCC=CCCCCCCCCCC(=O)OC(COC(=O)CCC=CCC=CCC=CCC=CCC=CCC=CCCCC)COC(=O)CCCCCCCCCC=CCCCCCC,[M+NH4]+,TG 18:1_18:1_24:6,"TG 18:1(11)_18:1(11)_24:6(4,7,10,13,16,19)",0.3364444444444443,0.523342222222267,0.12672177780742977,0.12672177780742977,Some,Some,4558.21324637986,6905.62383612663,0.0,0.0,0.0,12486.94977142693,17817.67510084342,2947.867094069782,22482.868606054868,26991.52049139961,30832.53198123379,14335.374618489708,16283.94479973073,15317.348552085337,43441.29566459663,14964.638715599769,11522.433278299397,15929.13636515969
17809,20.012,976.83301,976.83277,0.24569200310764802,C63H106O6,CCCCCCCCC=CCCCCCCCC(=O)OC(COC(=O)CCC=CCC=CCC=CCC=CCC=CCC=CCCCC)COC(=O)CCCCCCCCCC=CCCCCCC,[M+NH4]+,TG 18:1_18:1_24:6,"TG 18:1(11)_18:1(9)_24:6(4,7,10,13,16,19)",0.318,0.564399230769263,0.08868562502148943,0.08868562502148943,All,Some,1776.6610567651903,3015.6052141527002,0.0,0.0,0.0,2887.6014682345726,3942.7942794279434,980.501787695722,6672.171988543565,6260.617293899586,8068.3043389573695,4506.685044796692,3775.83305284416,3944.306531088445,14882.445552348467,3840.685475561549,2825.631361561852,4183.049029793224
17828,20.024,850.78406,850.78582,2.068675756714203,C53H100O6,CCCCCCCCCCCCCCCC(=O)OC(COC(=O)CCCCCCCC=CCCCCCCCC)COC(=O)CCCCCCCCCCCCCCC,[M+NH4]+,TG 16:0_16:0_18:1,TG 16:0_16:0_18:1(9),0.6020000000000003,0.5097299999999905,0.4876159039841178,0.4876159039841178,All,Some,0.0,0.0,0.0,0.0,46800.0,48641.33563615429,0.0,0.0,90098.67629362213,43586.90844758956,85202.17018846374,74097.56097560975,46392.01349831271,62001.740139211135,70550.99648300117,61235.843186060985,31250.58139534884,46569.81981981983
17828,20.024,850.78406,850.78582,2.068675756714203,C53H100O6,CCCCCCCCCCCCCCCC(=O)OC(COC(=O)CCCCC=CCCCCCCCCCCC)COC(=O)CCCCCCCCCCCCCCC,[M+NH4]+,TG 16:0_16:0_18:1,TG 16:0_16:0_18:1(6),0.3829999999999991,0.460679999999968,0.004237481846774401,0.004237481846774401,All,Some,0.0,0.0,0.0,0.0,0.0,70358.6643638457,0.0,0.0,100901.32370637787,108071.64971251658,91484.86579097659,49902.43902439024,62382.452193475816,76998.25986078886,82516.99882766705,92764.15681393901,56348.51421188631,63047.2972972973
17828,20.024,850.78406,850.78582,2.068675756714203,C53H100O6,CCCCCCCCCCCCCCCC(=O)OC(COC(=O)CCCCCCCCCC=CCCCCCC)COC(=O)CCCCCCCCCCCCCCC,[M+NH4]+,TG 16:0_16:0_18:1,TG 16:0_16:0_18:1(11),0.38700000000000045,0.008734999999944648,0.00032239028001385415,0.00032239028001385415,All,Some,0.0,0.0,0.0,0.0,0.0,0.0,0.0,0.0,0.0,10341.44183989385,16312.964020559682,0.0,8225.534308211474,0.0,23932.00468933177,0.0,6700.904392764857,14382.882882882885
17862,20.045,876.79908,876.80147,2.7258165979024103,C55H102O6,CCCCCCCCC=CCCCCCCCC(=O)OC(COC(=O)CCCCCCCC=CCCCCCCCC)COC(=O)CCCCCCCCCCCCCCC,[M+NH4]+,TG 16:0_18:1_18:1,TG 16:0_18:1(9)_18:1(9),0.402000000000001,0.9011299999999665,0.8159761520397998,0.8159761520397998,All,Some,0.0,0.0,0.0,6633.056708160443,0.0,18975.09282178218,17587.48943364328,9552.493827160495,29119.949639464354,23726.38436482085,33579.1773297547,19308.208877440105,21062.906391853758,22706.19378515778,0.0,25713.583396860467,16054.136309139536,18478.826275425145
17862,20.045,876.79908,876.80147,2.7258165979024103,C55H102O6,CCCCCCCCCCCC=CCCCCC(=O)OC(COC(=O)CCCCCCCC=CCCCCCCCC)COC(=O)CCCCCCCCCCCCCCC,[M+NH4]+,TG 16:0_18:1_18:1,TG 16:0_18:1(6)_18:1(9),0.5413333333333341,0.8669999999999997,0.45407281125691473,0.45407281125691473,All,Some,0.0,0.0,0.0,17068.188105117566,0.0,75250.77351485149,69325.44378698224,24275.094650205763,119835.18370149938,84977.19869706841,131153.79813994133,82371.68510549591,84199.02465955098,89847.486688927,0.0,112468.22347029265,72233.88361154663,81339.11303767923
17862,20.045,876.79908,876.80147,2.7258165979024103,C55H102O6,CCCCCCC=CCCCCCCCCCC(=O)OC(COC(=O)CCCCCCCC=CCCCCCCCC)COC(=O)CCCCCCCCCCCCCCC,[M+NH4]+,TG 16:0_18:1_18:1,TG 16:0_18:1(11)_18:1(9),0.4289999999999985,0.48255499999999074,0.4079880760198999,0.4079880760198999,All,Some,0.0,0.0,0.0,757.1230982019363,0.0,3555.6930693069307,2902.7895181741337,1031.8024691358025,4653.599633741559,5198.69706840391,5279.445727482679,3048.2883902380922,3366.458103300208,3790.9334295942003,0.0,4077.2282464956365,2588.121368624919,4115.371790596866
17862,20.045,876.79908,876.80147,2.7258165979024103,C55H102O6,CCCCCCCCCCCC=CCCCCC(=O)OC(COC(=O)CCCCC=CCCCCCCCCCCC)COC(=O)CCCCCCCCCCCCCCC,[M+NH4]+,TG 16:0_18:1_18:1,TG 16:0_18:1(6)_18:1(6),0.6110000000000007,0.8499350000000163,0.2731211408654721,0.2731211408654721,All,All,0.0,0.0,0.0,11949.377593360998,0.0,63387.06683168317,57543.53338968723,16786.205761316873,100022.43332951816,71648.20846905539,108133.51226515198,69160.05300853199,69869.03447429763,74723.15976295763,0.0,94909.09656642347,61355.99003965692,71091.03034344783
17862,20.045,876.79908,876.80147,2.7258165979024103,C55H102O6,CCCCCCC=CCCCCCCCCCC(=O)OC(COC(=O)CCCCC=CCCCCCCCCCCC)COC(=O)CCCCCCCCCCCCCCC,[M+NH4]+,TG 16:0_18:1_18:1,TG 16:0_18:1(11)_18:1(6),0.5593333333333325,0.5879500000000158,0.18208076057698142,0.18208076057698142,All,Some,0.0,0.0,0.0,11192.25449515906,0.0,59831.37376237625,54640.7438715131,15754.403292181069,95368.8336957766,66449.51140065148,102854.0665376693,66111.7646182939,66502.57637099743,70932.22633336343,0.0,90831.86831992782,58767.868671031996,66975.65855285096
17905,20.072,876.80026,876.80147,1.3800159345245946,C55H102O6,CCCCCCCCC=CCCCCCCCC(=O)OC(COC(=O)CCCCCCCC=CCCCCCCCC)COC(=O)CCCCCCCCCCCCCCC,[M+NH4]+,TG 16:0_18:1_18:1,TG 16:0_18:1(9)_18:1(9),0.45599999999999596,0.9023099999999431,0.790191276624202,0.790191276624202,All,Some,0.0,0.0,0.0,0.0,0.0,0.0,33465.52003894208,0.0,0.0,0.0,0.0,0.0,0.0,0.0,0.0,0.0,0.0,0.0
17905,20.072,876.80026,876.80147,1.3800159345245946,C55H102O6,CCCCCCCCCCCC=CCCCCC(=O)OC(COC(=O)CCCCCCCC=CCCCCCCCC)COC(=O)CCCCCCCCCCCCCCC,[M+NH4]+,TG 16:0_18:1_18:1,TG 16:0_18:1(6)_18:1(9),0.4846666666666645,0.8682433333333393,0.4414938933475183,0.4414938933475183,All,Some,0.0,0.0,0.0,0.0,0.0,0.0,61133.863378224894,0.0,0.0,0.0,0.0,0.0,0.0,0.0,0.0,0.0,0.0,0.0
17905,20.072,876.80026,876.80147,1.3800159345245946,C55H102O6,CCCCCCC=CCCCCCCCCCC(=O)OC(COC(=O)CCCCCCCC=CCCCCCCCC)COC(=O)CCCCCCCCCCCCCCC,[M+NH4]+,TG 16:0_18:1_18:1,TG 16:0_18:1(11)_18:1(9),0.4289999999999985,0.48255499999999074,0.395095638312101,0.395095638312101,All,Some,0.0,0.0,0.0,0.0,0.0,0.0,20515.98247606685,0.0,0.0,0.0,0.0,0.0,0.0,0.0,0.0,0.0,0.0,0.0
17905,20.072,876.80026,876.80147,1.3800159345245946,C55H102O6,CCCCCCCCCCCC=CCCCCC(=O)OC(COC(=O)CCCCC=CCCCCCCCCCCC)COC(=O)CCCCCCCCCCCCCCC,[M+NH4]+,TG 16:0_18:1_18:1,TG 16:0_18:1(6)_18:1(6),0.4989999999999988,0.8512100000000373,0.26714520170917655,0.26714520170917655,All,All,0.0,0.0,0.0,0.0,0.0,0.0,68700.30829141651,0.0,0.0,0.0,0.0,0.0,0.0,0.0,0.0,0.0,0.0,0.0
17905,20.072,876.80026,876.80147,1.3800159345245946,C55H102O6,CCCCCCC=CCCCCCCCCCC(=O)OC(COC(=O)CCCCC=CCCCCCCCCCCC)COC(=O)CCCCCCCCCCCCCCC,[M+NH4]+,TG 16:0_18:1_18:1,TG 16:0_18:1(11)_18:1(6),0.4666666666666662,0.5884066666667044,0.17809680113945103,0.17809680113945103,All,Some,0.0,0.0,0.0,0.0,0.0,0.0,48184.32581534967,0.0,0.0,0.0,0.0,0.0,0.0,0.0,0.0,0.0,0.0,0.0
17915,20.076,902.81362,902.81712,3.876754131590817,C57H104O6,CCCCCCCCCCCC=CCCCCC(=O)OC(COC(=O)CCCCCCCC=CCCCCCCCC)COC(=O)CCCCC=CCCCCCCCCCCC,[M+NH4]+,TG 18:1_18:1_18:1,TG 18:1(6)_18:1(6)_18:1(9),0.44399999999999906,0.8668549999999868,0.6363006578307192,0.6363006578307192,Some,Some,0.0,0.0,0.0,0.0,0.0,0.0,548.3718604134252,0.0,0.0,397.0731707317074,0.0,0.0,0.0,0.0,0.0,0.0,0.0,0.0
17915,20.076,902.81362,902.81712,3.876754131590817,C57H104O6,CCCCCCC=CCCCCCCCCCC(=O)OC(COC(=O)CCCCCCCC=CCCCCCCCC)COC(=O)CCCCCCCCCC=CCCCCCC,[M+NH4]+,TG 18:1_18:1_18:1,TG 18:1(11)_18:1(11)_18:1(9),0.370000000000001,0.891824999999983,0.33560323937285663,0.33560323937285663,Some,Some,0.0,0.0,0.0,4094.04154745615,0.0,0.0,23486.80262280507,0.0,0.0,20668.07588075881,0.0,0.0,0.0,0.0,0.0,0.0,0.0,0.0
17915,20.076,902.81362,902.81712,3.876754131590817,C57H104O6,CCCCCCCCC=CCCCCCCCC(=O)OC(COC(=O)CCCCCCCC=CCCCCCCCC)COC(=O)CCCCCCCC=CCCCCCCCC,[M+NH4]+,TG 18:1_18:1_18:1,TG 18:1(9)_18:1(9)_18:1(9),0.370000000000001,0.891824999999983,0.33560323937285663,0.33560323937285663,All,All,0.0,0.0,0.0,4082.0002487871616,0.0,0.0,12591.048010669037,0.0,0.0,10564.769647696477,0.0,0.0,0.0,0.0,0.0,0.0,0.0,0.0
17915,20.076,902.81362,902.81712,3.876754131590817,C57H104O6,CCCCCCCCC=CCCCCCCCC(=O)OC(COC(=O)CCCCCCCC=CCCCCCCCC)COC(=O)CCCCC=CCCCCCCCCCCC,[M+NH4]+,TG 18:1_18:1_18:1,TG 18:1(6)_18:1(9)_18:1(9),0.34450000000000003,0.8624274999999955,0.32113332597837996,0.32113332597837996,All,All,0.0,0.0,0.0,4094.04154745615,0.0,0.0,23486.80262280507,0.0,0.0,20668.07588075881,0.0,0.0,0.0,0.0,0.0,0.0,0.0,0.0
17915,20.076,902.81362,902.81712,3.876754131590817,C57H104O6,CCCCCCC=CCCCCCCCCCC(=O)OC(COC(=O)CCCCC=CCCCCCCCCCCC)COC(=O)CCCCCCCCCC=CCCCCCC,[M+NH4]+,TG 18:1_18:1_18:1,TG 18:1(11)_18:1(11)_18:1(6),0.29299999999999926,0.44799000000000433,0.3086613810623815,0.3086613810623815,Some,Some,0.0,0.0,0.0,8176.041796243311,0.0,0.0,36077.85063347411,0.0,0.0,31232.845528455284,0.0,0.0,0.0,0.0,0.0,0.0,0.0,0.0
17915,20.076,902.81362,902.81712,3.876754131590817,C57H104O6,CCCCCCCCCCCC=CCCCCC(=O)OC(COC(=O)CCCCC=CCCCCCCCCCCC)COC(=O)CCCCC=CCCCCCCCCCCC,[M+NH4]+,TG 18:1_18:1_18:1,TG 18:1(6)_18:1(6)_18:1(6),0.31899999999999906,0.8330300000000079,0.3066634125839033,0.3066634125839033,All,All,0.0,0.0,0.0,4082.0002487871616,0.0,0.0,13139.419871082464,0.0,0.0,10961.842818428184,0.0,0.0,0.0,0.0,0.0,0.0,0.0,0.0
17915,20.076,902.81362,902.81712,3.876754131590817,C57H104O6,CCCCCCCCCCCC=CCCCCC(=O)OC(COC(=O)CCCCCCCC=CCCCCCCCC)COC(=O)CCCCCCCCCC=CCCCCCC,[M+NH4]+,TG 18:1_18:1_18:1,TG 18:1(11)_18:1(6)_18:1(9),0.2863333333333327,0.6072966666666654,0.21535061450308166,0.21535061450308166,All,Some,0.0,0.0,0.0,4094.04154745615,0.0,0.0,22938.430762391643,0.0,0.0,20271.0027100271,0.0,0.0,0.0,0.0,0.0,0.0,0.0,0.0
17915,20.076,902.81362,902.81712,3.876754131590817,C57H104O6,CCCCCCCCC=CCCCCCCCC(=O)OC(COC(=O)CCCCCCCC=CCCCCCCCC)COC(=O)CCCCCCCCCC=CCCCCCC,[M+NH4]+,TG 18:1_18:1_18:1,TG 18:1(11)_18:1(9)_18:1(9),0.2699999999999996,0.49442999999999415,0.16969421546267086,0.16969421546267086,All,Some,0.0,0.0,0.0,7519.791018783429,0.0,0.0,34610.746832629484,0.0,0.0,30835.77235772358,0.0,0.0,0.0,0.0,0.0,0.0,0.0,0.0
17915,20.076,902.81362,902.81712,3.876754131590817,C57H104O6,CCCCCCCCCCCC=CCCCCC(=O)OC(COC(=O)CCCCC=CCCCCCCCCCCC)COC(=O)CCCCCCCCCC=CCCCCCC,[M+NH4]+,TG 18:1_18:1_18:1,TG 18:1(11)_18:1(6)_18:1(6),0.2444999999999986,0.4650325000000066,0.15522430206819418,0.15522430206819418,All,Some,0.0,0.0,0.0,8176.041796243312,0.0,0.0,35529.478773060684,0.0,0.0,30835.77235772358,0.0,0.0,0.0,0.0,0.0,0.0,0.0,0.0
17915,20.076,902.81362,902.81712,3.876754131590817,C57H104O6,CCCCCCC=CCCCCCCCCCC(=O)OC(COC(=O)CCCCCCCCCC=CCCCCCC)COC(=O)CCCCCCCCCC=CCCCCCC,[M+NH4]+,TG 18:1_18:1_18:1,TG 18:1(11)_18:1(11)_18:1(11),0.16999999999999815,0.09703500000000531,0.0037851915524850796,0.0037851915524850796,All,Some,0.0,0.0,0.0,4082.0002487871616,0.0,0.0,12591.048010669037,0.0,0.0,10564.769647696477,0.0,0.0,0.0,0.0,0.0,0.0,0.0,0.0
17930,20.092,926.81612,926.81712,1.078961510864236,C59H104O6,CCCCCCCCCCCC=CCCCCC(=O)OC(COC(=O)CCCC=CCC=CCC=CCCCCCCCC)COC(=O)CCCCC=CCCCCCCCCCCC,[M+NH4]+,TG 18:1_18:1_20:3,"TG 18:1(6)_18:1(6)_20:3(5,8,11)",0.575999999999997,0.8392699999999707,0.5578077024032346,0.5578077024032346,Some,Some,19314.93827473447,0.0,0.0,24015.91699581442,0.0,40001.999588320046,23336.58093011172,0.0,63260.79526033952,66159.54797652506,75355.52323094037,57921.74656789551,48030.07703781157,47867.92478011932,159506.29738971606,42860.06602460917,43903.302500737555,31874.692698332943
17930,20.092,926.81612,926.81712,1.078961510864236,C59H104O6,CCCCCCCCC=CCCCCCCCC(=O)OC(COC(=O)CCCC=CCC=CCC=CCCCCCCCC)COC(=O)CCCCC=CCCCCCCCCCCC,[M+NH4]+,TG 18:1_18:1_20:3,"TG 18:1(6)_18:1(9)_20:3(5,8,11)",0.575999999999997,0.8392699999999707,0.5578077024032346,0.5578077024032346,Some,Some,70170.60001520952,0.0,0.0,91090.1373577787,0.0,185934.1900197018,115713.73516930806,0.0,234269.1124530022,279694.33077516785,315314.45195516385,218687.7545990925,248152.16889886672,170324.98298343722,415225.2405326763,168162.2241017106,184048.17520781633,202819.7103737865
17930,20.092,926.81612,926.81712,1.078961510864236,C59H104O6,CCCCCCCCC=CCCCCCCCC(=O)OC(COC(=O)CCCC=CCC=CCC=CCCCCCCCC)COC(=O)CCCCCCCC=CCCCCCCCC,[M+NH4]+,TG 18:1_18:1_20:3,"TG 18:1(9)_18:1(9)_20:3(5,8,11)",0.49199999999999733,0.8422749999999724,0.5090219408849405,0.5090219408849405,Some,Some,57163.80643362316,0.0,0.0,78314.09538407122,0.0,106750.81600846883,69805.70711007187,0.0,148693.17534465084,171240.15203366877,194890.61920652576,140674.678534669,150309.5351590731,107951.25922564628,317176.4755856679,102061.22281941448,110985.47455009284,93930.67992176146
17930,20.092,926.81612,926.81712,1.078961510864236,C59H104O6,CCCCCCCCC=CCCCCCCCC(=O)OC(COC(=O)CCCCCCC=CCC=CCC=CCCCCC)COC(=O)CCCCC=CCCCCCCCCCCC,[M+NH4]+,TG 18:1_18:1_20:3,"TG 18:1(6)_18:1(9)_20:3(8,11,14)",0.5229999999999997,0.7560249999999845,0.4154239655344791,0.4154239655344791,Some,Some,65754.89873000584,0.0,0.0,91090.1373577787,0.0,174918.34034169436,113775.39620680697,0.0,212528.19870115077,253892.7318003757,277870.5684378654,218687.7545990925,233640.45945904386,160702.92417953475,366410.70025274524,157014.43265217033,184048.17520781633,189096.12934484184
17930,20.092,926.81612,926.81712,1.078961510864236,C59H104O6,CCCCCCCCCCCC=CCCCCC(=O)OC(COC(=O)CCCCCCC=CCC=CCC=CCCCCC)COC(=O)CCCCC=CCCCCCCCCCCC,[M+NH4]+,TG 18:1_18:1_20:3,"TG 18:1(6)_18:1(6)_20:3(8,11,14)",0.5204000000000008,0.7310379999999895,0.41021252797151986,0.41021252797151986,Some,Some,61859.86970518898,0.0,0.0,86542.47479808996,0.0,156461.2285705884,100538.58144972721,0.0,194535.71835479094,226091.97745707666,260353.0988848008,200860.23687682117,210875.09418295327,138659.44185674054,329189.9411677251,143362.07131749106,165380.62926262082,175037.39659411059
17930,20.092,926.81612,926.81712,1.078961510864236,C59H104O6,CCCCCCC=CCCCCCCCCCC(=O)OC(COC(=O)CCCCCCC=CCC=CCC=CCCCCC)COC(=O)CCCCCCCCCC=CCCCCCC,[M+NH4]+,TG 18:1_18:1_20:3,"TG 18:1(11)_18:1(11)_20:3(8,11,14)",0.46599999999999964,0.5888959999999998,0.36834395097019995,0.36834395097019995,Some,Some,15419.909249917619,0.0,0.0,19468.254436125688,0.0,25940.100567530208,14716.073438988482,0.0,51552.92241084653,47750.658958190754,57838.0536778757,44604.16636465114,37354.573831746966,32332.056535027423,166352.39895503686,33922.1891796033,32512.642521215483,20691.208929244352
17930,20.092,926.81612,926.81712,1.078961510864236,C59H104O6,CCCCCCCCC=CCCCCCCCC(=O)OC(COC(=O)CCCCCCC=CCC=CCC=CCCCCC)COC(=O)CCCCCCCC=CCCCCCCCC,[M+NH4]+,TG 18:1_18:1_20:3,"TG 18:1(9)_18:1(9)_20:3(8,11,14)",0.5435000000000016,0.7044475000000148,0.35280107506502034,0.35280107506502034,Some,Some,61859.86970518898,0.0,0.0,86542.47479808996,0.0,156461.2285705884,100538.58144972721,0.0,194535.71835479094,226091.97745707666,260353.0988848008,200860.23687682117,210875.09418295327,138659.44185674054,329189.9411677251,143362.07131749106,165380.62926262082,175037.39659411059
17930,20.092,926.81612,926.81712,1.078961510864236,C59H104O6,CCCCCCCCC=CCCCCCCCC(=O)OC(COC(=O)CCCC=CCC=CCC=CCCCCCCCC)COC(=O)CCCCCCCCCC=CCCCCCC,[M+NH4]+,TG 18:1_18:1_20:3,"TG 18:1(11)_18:1(9)_20:3(5,8,11)",0.37533333333333135,0.6466933333333031,0.33698132076772325,0.33698132076772325,Some,Some,17732.89563740526,0.0,0.0,19468.254436125688,0.0,44438.93904196195,24492.783118270254,0.0,68939.27310014812,67638.08996781663,80781.49510852514,63705.078209941865,62541.786477634436,48934.34943344856,196254.91153919676,50005.456579270445,52217.27435225517,42035.08173775728
17930,20.092,926.81612,926.81712,1.078961510864236,C59H104O6,CCCCCCCCCCCC=CCCCCC(=O)OC(COC(=O)CCCC=CCC=CCC=CCCCCCCCC)COC(=O)CCCCCCCCCC=CCCCCCC,[M+NH4]+,TG 18:1_18:1_20:3,"TG 18:1(11)_18:1(6)_20:3(5,8,11)",0.45899999999999874,0.6982012499999684,0.33507934427760566,0.33507934427760566,Some,Some,5887.601713604908,0.0,0.0,0.0,0.0,27901.255623842146,15540.717646719208,0.0,30513.842998746728,36817.77803666866,38379.395909985455,33904.11852539105,25187.212645887474,25594.19167990177,53221.226344965275,25180.74918833383,32287.940579282582,21343.87280851293
17930,20.092,926.81612,926.81712,1.078961510864236,C59H104O6,CCCCCCCCCCCC=CCCCCC(=O)OC(COC(=O)CCCCCCC=CCC=CCC=CCCCCC)COC(=O)CCCCCCCCCC=CCCCCCC,[M+NH4]+,TG 18:1_18:1_20:3,"TG 18:1(11)_18:1(6)_20:3(8,11,14)",0.4920000000000009,0.6009437499999706,0.3113777924321265,0.3113777924321265,Some,Some,19835.610535121297,0.0,0.0,19468.254436125688,0.0,27191.901667303784,10541.843480269044,0.0,61171.24302153356,54622.75553743319,78863.69470351674,40094.22884562416,33033.99812402934,36973.42746940355,137472.8670645456,34069.5168199056,25235.75655554206,31133.830997541587
17960,20.119,926.817,926.81712,0.1294753813331476,C59H104O6,CCCCCCCCCCCCCCCC(=O)OC(COC(=O)CCCCC=CCC=CCC=CCC=CCC=CCCCCC)COC(=O)CCCCCCCCCCCCCCC,[M+NH4]+,TG 16:0_16:0_24:5,"TG 16:0_16:0_24:5(6,9,12,15,18)",0.3986666666666668,0.6147266666666964,0.22234864013061476,0.22234864013061476,All,Some,0.0,0.0,0.0,0.0,0.0,0.0,395563.8120333773,0.0,0.0,0.0,0.0,0.0,0.0,0.0,0.0,0.0,0.0,0.0
17960,20.119,926.817,926.81712,0.1294753813331476,C59H104O6,CCCCCCCCCCCCCCCC(=O)OC(COC(=O)CCCCCCCC=CCC=CCC=CCC=CCC=CCC)COC(=O)CCCCCCCCCCCCCCC,[M+NH4]+,TG 16:0_16:0_24:5,"TG 16:0_16:0_24:5(9,12,15,18,21)",0.4097999999999999,0.4138630000000035,0.12209496898074883,0.12209496898074883,All,Some,0.0,0.0,0.0,0.0,0.0,0.0,193436.18796662276,0.0,0.0,0.0,0.0,0.0,0.0,0.0,0.0,0.0,0.0,0.0
17978,20.133,952.83173,952.83277,1.0914821915592279,C61H106O6,CCCCCCC=CCCCCCCCCCC(=O)OC(COC(=O)CCCCCCCC=CCC=CCC=CCC=CCC=CCC)COC(=O)CCCCCCCCCCCCCCC,[M+NH4]+,TG 16:0_18:1_24:5,"TG 16:0_18:1(11)_24:5(9,12,15,18,21)",0.5038000000000004,0.6632470000000013,0.36913406790398595,0.36913406790398595,All,Some,29741.30171030488,38907.81954991122,24122.104284496785,28553.561542720057,23748.142562895395,153924.1710670282,185412.3320507215,30060.0760935825,158080.55413477126,250735.62728733805,282350.1191632495,147122.4591857242,170160.5315770904,156121.14456260842,526394.3778809056,145723.16242449972,130503.42399476872,141301.92480816224
17978,20.133,952.83173,952.83277,1.0914821915592279,C61H106O6,CCCCCCCCC=CCCCCCCCC(=O)OC(COC(=O)CCCCCCCC=CCC=CCC=CCC=CCC=CCC)COC(=O)CCCCCCCCCCCCCCC,[M+NH4]+,TG 16:0_18:1_24:5,"TG 16:0_18:1(9)_24:5(9,12,15,18,21)",0.42350000000000065,0.6045125000000127,0.348680675463777,0.348680675463777,Some,Some,48690.69703729796,67737.70616401915,37945.610908809176,43341.16073076213,35474.58437545976,254880.833452262,307673.57160529844,51493.24196498014,279352.0645681442,384655.2291694906,460655.92031917395,275195.5299429324,276247.3775858995,249851.22124434775,696472.2454825053,244761.4866559889,232134.00759445282,248451.36537060054
17978,20.133,952.83173,952.83277,1.0914821915592279,C61H106O6,CCCCCCCCC=CCCCCCCCC(=O)OC(COC(=O)CCCCC=CCC=CCC=CCC=CCC=CCCCCC)COC(=O)CCCCCCCCCCCCCCC,[M+NH4]+,TG 16:0_18:1_24:5,"TG 16:0_18:1(9)_24:5(6,9,12,15,18)",0.4397777777777784,0.582896666666708,0.271225422370168,0.271225422370168,Some,Some,28452.58502602638,37434.13461206271,22785.77516076547,28135.403210924527,22921.41753714874,138989.10613196326,163286.258909038,29192.020684001433,141872.63222685544,229128.34266018632,249201.3836202549,130136.522759246,151511.99007560895,138330.26186858927,433716.74975152797,127350.01254317748,115974.43513402081,126365.3706005916
17978,20.133,952.83173,952.83277,1.0914821915592279,C61H106O6,CCCCCCCCCCCC=CCCCCC(=O)OC(COC(=O)CCCCCCCC=CCC=CCC=CCC=CCC=CCC)COC(=O)CCCCCCCCCCCCCCC,[M+NH4]+,TG 16:0_18:1_24:5,"TG 16:0_18:1(6)_24:5(9,12,15,18,21)",0.4068888888888888,0.538721111111133,0.27060237255760616,0.27060237255760616,Some,Some,48414.543462095426,67912.13802538572,37464.9415046099,42923.00239896659,35278.78107988819,252036.0591789163,302191.00480912905,50625.186555399065,275406.71515634883,385619.05776194256,452019.1060984508,273193.2584584753,274231.95987753844,247391.65220830822,644638.2482528702,239692.306207908,231079.58308641546,250927.03733870623
17978,20.133,952.83173,952.83277,1.0914821915592279,C61H106O6,CCCCCCC=CCCCCCCCCCC(=O)OC(COC(=O)CCCCC=CCC=CCC=CCC=CCC=CCCCCC)COC(=O)CCCCCCCCCCCCCCC,[M+NH4]+,TG 16:0_18:1_24:5,"TG 16:0_18:1(11)_24:5(6,9,12,15,18)",0.46566666666666734,0.5989725000000116,0.22331827095316303,0.22331827095316303,All,Some,24875.73871864115,32402.039702336126,19929.03075850314,24129.636464292304,19925.316316021774,124010.27543884686,146303.76350045713,24598.154415319616,124139.88608681326,212532.96671378505,219983.626978596,115742.4155320929,131654.19794911094,125099.83009556001,404357.14229815075,115381.69853920228,103591.07753962805,109849.1018990869
17978,20.133,952.83173,952.83277,1.0914821915592279,C61H106O6,CCCCCCCCCCCC=CCCCCC(=O)OC(COC(=O)CCCCC=CCC=CCC=CCC=CCC=CCCCCC)COC(=O)CCCCCCCCCCCCCCC,[M+NH4]+,TG 16:0_18:1_24:5,"TG 16:0_18:1(6)_24:5(6,9,12,15,18)",0.4582000000000008,0.5377570000000332,0.17798592806877767,0.17798592806877767,Some,Some,43825.13404563423,61606.16194628508,33752.53738281553,38917.235652334384,31651.758128586138,226159.5547309833,275133.0691253557,46031.32028671726,251148.14782706695,347328.77640725754,415789.84382027475,248609.81412152905,246193.94293475169,223205.89002058626,614421.2363340403,217091.33362922366,206717.47265071407,223105.19998285247
17993,20.136,822.75326,822.75452,1.5314409940914542,C51H96O6,CCCCCCCCCCCCCCCC(=O)OC(COC(=O)CCCCCCCC=CCCCCCC)COC(=O)CCCCCCCCCCCCCCC,[M+NH4]+,TG 16:0_16:0_16:1,TG 16:0_16:0_16:1(9),0.3049999999999997,0.5104599999999664,0.4830922948877695,0.4830922948877695,All,Some,10000.0,0.0,0.0,0.0,0.0,13900.0,0.0,0.0,0.0,0.0,0.0,9100.0,0.0,0.0,10100.0,0.0,0.0,0.0
17993,20.136,822.75326,822.75452,1.5314409940914542,C51H96O6,CCCCCCCCCCCCCCCC(=O)OC(COC(=O)CCCCCC=CCCCCCCCC)COC(=O)CCCCCCCCCCCCCCC,[M+NH4]+,TG 16:0_16:0_16:1,TG 16:0_16:0_16:1(7),0.17900000000000205,0.509490000000028,0.4082075958968143,0.4082075958968143,All,Some,0.0,0.0,0.0,0.0,0.0,0.0,0.0,0.0,0.0,0.0,0.0,0.0,0.0,0.0,0.0,0.0,0.0,0.0
18000,20.138,954.83856,954.84842,10.326246337615881,C61H108O6,CCCCCCCCCCCCCCCCCC(=O)OC(COC(=O)CCCCCCCC=CCC=CCC=CCC=CCC=CCC)COC(=O)CCCCCCCCCCCCCCC,[M+NH4]+,TG 16:0_18:0_24:5,"TG 16:0_18:0_24:5(9,12,15,18,21)",0.4625999999999976,0.6311880000000201,0.25872222713883497,0.25872222713883497,All,Some,17553.940018224323,0.0,0.0,0.0,0.0,0.0,115238.9822736219,0.0,132189.35616553345,232573.76846783815,183608.0458164548,103397.93744140459,119210.54542813568,102273.57432334634,371083.2952873738,87328.68565991473,111301.99243746363,91660.6549404231
18000,20.138,954.83856,954.84842,10.326246337615881,C61H108O6,CCCCCCCCCCCCCCCCCC(=O)OC(COC(=O)CCCCC=CCC=CCC=CCC=CCC=CCCCCC)COC(=O)CCCCCCCCCCCCCCC,[M+NH4]+,TG 16:0_18:0_24:5,"TG 16:0_18:0_24:5(6,9,12,15,18)",0.4124444444444432,0.5243400000000141,0.1882545649913249,0.1882545649913249,All,Some,21446.059981775685,0.0,0.0,0.0,0.0,0.0,155761.0177263781,0.0,168810.64383446655,277426.23153216176,197391.95418354517,140602.0625585954,145789.4545718643,126726.42567665364,473916.7047126261,112671.31434008526,125698.00756253634,107339.3450595769
18061,20.183,848.77005,848.77017,0.14138102902236732,C53H98O6,CCCCCCC=CCCCCCCCC(=O)OC(COC(=O)CCCCCCCCCC=CCCCCCC)COC(=O)CCCCCCCCCCCCCCC,[M+NH4]+,TG 16:0_16:1_18:1,TG 16:0_16:1(9)_18:1(11),0.7379999999999995,0.9267999999999574,0.8428202992882441,0.8428202992882441,All,Some,2457.955961778147,2310.210964883275,0.0,0.0,0.0,0.0,0.0,0.0,0.0,0.0,0.0,0.0,0.0,0.0,0.0,0.0,0.0,0.0
18061,20.183,848.77005,848.77017,0.14138102902236732,C53H98O6,CCCCCCCCCC=CCCCCC(=O)OC(COC(=O)CCCCCCCCCC=CCCCCCC)COC(=O)CCCCCCCCCCCCCCC,[M+NH4]+,TG 16:0_16:1_18:1,TG 16:0_16:1(6)_18:1(11),0.5786666666666657,0.8922666666666146,0.5692320899308015,0.5692320899308015,All,Some,3384.8774407976734,3076.013491171219,0.0,0.0,0.0,0.0,0.0,0.0,0.0,0.0,0.0,0.0,0.0,0.0,0.0,0.0,0.0,0.0
18061,20.183,848.77005,848.77017,0.14138102902236732,C53H98O6,CCCCCCC=CCCCCCCCC(=O)OC(COC(=O)CCCCC=CCCCCCCCCCCC)COC(=O)CCCCCCCCCCCCCCC,[M+NH4]+,TG 16:0_16:1_18:1,TG 16:0_16:1(9)_18:1(6),0.41799999999999926,0.8818949999999859,0.545473272443576,0.545473272443576,Some,Some,2268.882426256751,2303.6492295483104,0.0,0.0,0.0,0.0,0.0,0.0,0.0,0.0,0.0,0.0,0.0,0.0,0.0,0.0,0.0,0.0
18061,20.183,848.77005,848.77017,0.14138102902236732,C53H98O6,CCCCCCCCC=CCCCCCC(=O)OC(COC(=O)CCCCCCCCCC=CCCCCCC)COC(=O)CCCCCCCCCCCCCCC,[M+NH4]+,TG 16:0_16:1_18:1,TG 16:0_16:1(7)_18:1(11),0.49133333333333457,0.9004866666666279,0.5221413728170815,0.5221413728170815,All,Some,189.07353552139594,574.3919052972687,0.0,0.0,0.0,0.0,0.0,0.0,0.0,0.0,0.0,0.0,0.0,0.0,0.0,0.0,0.0,0.0
18061,20.183,848.77005,848.77017,0.14138102902236732,C53H98O6,CCCCCCC=CCCCCCCCC(=O)OC(COC(=O)CCCCCCCC=CCCCCCCCC)COC(=O)CCCCCCCCCCCCCCC,[M+NH4]+,TG 16:0_16:1_18:1,TG 16:0_16:1(9)_18:1(9),0.49133333333333457,0.9004866666666279,0.5221413728170815,0.5221413728170815,All,Some,1115.9950145409223,1340.1944315852127,0.0,0.0,0.0,0.0,0.0,0.0,0.0,0.0,0.0,0.0,0.0,0.0,0.0,0.0,0.0,0.0
18061,20.183,848.77005,848.77017,0.14138102902236732,C53H98O6,CCCCCCCCCC=CCCCCC(=O)OC(COC(=O)CCCCCCCC=CCCCCCCCC)COC(=O)CCCCCCCCCCCCCCC,[M+NH4]+,TG 16:0_16:1_18:1,TG 16:0_16:1(6)_18:1(9),0.43350000000000044,0.8811649999999531,0.39711994741679035,0.39711994741679035,All,Some,0.0,283.91508498115206,0.0,0.0,0.0,0.0,0.0,0.0,0.0,0.0,0.0,0.0,0.0,0.0,0.0,0.0,0.0,0.0
18061,20.183,848.77005,848.77017,0.14138102902236732,C53H98O6,CCCCCCCCCC=CCCCCC(=O)OC(COC(=O)CCCCC=CCCCCCCCCCCC)COC(=O)CCCCCCCCCCCCCCC,[M+NH4]+,TG 16:0_16:1_18:1,TG 16:0_16:1(6)_18:1(6),0.3653333333333322,0.8623299999999668,0.37100073870102285,0.37100073870102285,Some,Some,189.07353552139594,290.4768203161167,0.0,0.0,0.0,0.0,0.0,0.0,0.0,0.0,0.0,0.0,0.0,0.0,0.0,0.0,0.0,0.0
18061,20.183,848.77005,848.77017,0.14138102902236732,C53H98O6,CCCCCCCCC=CCCCCCC(=O)OC(COC(=O)CCCCCCCC=CCCCCCCCC)COC(=O)CCCCCCCCCCCCCCC,[M+NH4]+,TG 16:0_16:1_18:1,TG 16:0_16:1(7)_18:1(9),0.3680000000000021,0.8873299999999631,0.36180190958150027,0.36180190958150027,All,Some,1305.0685500623183,1346.7561669201773,0.0,0.0,0.0,0.0,0.0,0.0,0.0,0.0,0.0,0.0,0.0,0.0,0.0,0.0,0.0,0.0
18061,20.183,848.77005,848.77017,0.14138102902236732,C53H98O6,CCCCCCCCC=CCCCCCC(=O)OC(COC(=O)CCCCC=CCCCCCCCCCCC)COC(=O)CCCCCCCCCCCCCCC,[M+NH4]+,TG 16:0_16:1_18:1,TG 16:0_16:1(7)_18:1(6),0.2780000000000011,0.8705499999999802,0.3239100215873028,0.3239100215873028,Some,Some,189.07353552139594,574.3919052972687,0.0,0.0,0.0,0.0,0.0,0.0,0.0,0.0,0.0,0.0,0.0,0.0,0.0,0.0,0.0,0.0
18063,20.19,978.84732,978.84842,1.1237695005575408,C63H108O6,CCCCCCCCCCCC=CCCCCC(=O)OC(COC(=O)CCCCC=CCC=CCC=CCC=CCC=CCCCCC)COC(=O)CCCCC=CCCCCCCCCCCC,[M+NH4]+,TG 18:1_18:1_24:5,"TG 18:1(6)_18:1(6)_24:5(6,9,12,15,18)",0.6375000000000011,0.646307500000006,0.48435012389246024,0.48435012389246024,Some,Some,15925.995006167082,21718.60665563668,0.0,7096.397105815759,16377.312915869108,87547.78392385278,90081.20808885164,16602.83057568713,112605.6056056056,117961.48451129235,111521.01547211781,91702.44173140955,80616.22773633736,84751.3812154696,148606.5857340546,80658.3660359796,78666.67836315713,75092.04200894744
18063,20.19,978.84732,978.84842,1.1237695005575408,C63H108O6,CCCCCCC=CCCCCCCCCCC(=O)OC(COC(=O)CCCCC=CCC=CCC=CCC=CCC=CCCCCC)COC(=O)CCCCCCCCCC=CCCCCCC,[M+NH4]+,TG 18:1_18:1_24:5,"TG 18:1(11)_18:1(11)_24:5(6,9,12,15,18)",0.5419999999999998,0.7705212499999874,0.37860548712887176,0.37860548712887176,Some,Some,17047.98291266809,19248.838384338742,0.0,6360.748196841049,13948.500592471062,50710.68947951171,56248.11399832355,14074.866675782854,66306.30630630629,66913.39172049602,65409.04675423407,53493.895671476144,45935.172499337496,48968.27860202372,83161.40395018242,46535.44239067356,46210.404568109334,42284.60883188677
18063,20.19,978.84732,978.84842,1.1237695005575408,C63H108O6,CCCCCCCCC=CCCCCCCCC(=O)OC(COC(=O)CCCCC=CCC=CCC=CCC=CCC=CCCCCC)COC(=O)CCCCCCCC=CCCCCCCCC,[M+NH4]+,TG 18:1_18:1_24:5,"TG 18:1(9)_18:1(9)_24:5(6,9,12,15,18)",0.4803333333333318,0.5900250000000256,0.3672455180554233,0.3672455180554233,Some,Some,15925.995006167082,21718.60665563668,0.0,7096.397105815759,16377.312915869108,88707.53703152332,90081.20808885164,16602.83057568713,112605.6056056056,117083.89716629733,111521.01547211781,92656.44839067703,80616.22773633736,85938.0470544416,148606.5857340546,81737.86937710794,79837.02020208833,76125.8540886048
18063,20.19,978.84732,978.84842,1.1237695005575408,C63H108O6,CCCCCCCCCCCC=CCCCCC(=O)OC(COC(=O)CCCCC=CCC=CCC=CCC=CCC=CCCCCC)COC(=O)CCCCCCCCCC=CCCCCCC,[M+NH4]+,TG 18:1_18:1_24:5,"TG 18:1(11)_18:1(6)_24:5(6,9,12,15,18)",0.5732500000000007,0.7622137500000008,0.32818602420548787,0.32818602420548787,Some,Some,15994.264111589102,18445.555148260795,0.0,5892.1642472382,12634.194695105278,47437.005122073766,52604.43734283319,12869.49040521446,58984.98498498498,63387.18232825685,62535.19590038152,49083.06326304108,42205.51073222712,45822.14910919362,80969.82848995681,43530.52981159827,41963.39088456508,39115.381636871614
18063,20.19,978.84732,978.84842,1.1237695005575408,C63H108O6,CCCCCCCCC=CCCCCCCCC(=O)OC(COC(=O)CCCCC=CCC=CCC=CCC=CCC=CCCCCC)COC(=O)CCCCCCCCCC=CCCCCCC,[M+NH4]+,TG 18:1_18:1_24:5,"TG 18:1(11)_18:1(9)_24:5(6,9,12,15,18)",0.4803999999999995,0.7063700000000039,0.30348470949478906,0.30348470949478906,Some,Some,15925.995006167082,21718.60665563668,0.0,7096.397105815759,16680.13398960897,88707.53703152332,90081.20808885164,16602.83057568713,112605.6056056056,117961.48451129235,111521.01547211781,92656.44839067703,80616.22773633736,87029.48662238501,148606.5857340546,81737.86937710794,79837.02020208834,76125.8540886048
18063,20.19,978.84732,978.84842,1.1237695005575408,C63H108O6,CCCCCCCCC=CCCCCCCCC(=O)OC(COC(=O)CCCCC=CCC=CCC=CCC=CCC=CCCCCC)COC(=O)CCCCC=CCCCCCCCCCCC,[M+NH4]+,TG 18:1_18:1_24:5,"TG 18:1(6)_18:1(9)_24:5(6,9,12,15,18)",0.5219999999999997,0.5789483333333768,0.3000195674909115,0.3000195674909115,Some,Some,13572.194980094864,18778.85215530479,0.0,6046.267004473661,13845.478990064716,77187.5814135249,79135.53017602682,14179.406536305209,98860.86086086083,104623.21420151822,97579.56737199253,81003.66259711434,71206.37336986857,74715.99726860759,128657.32586908208,71424.18827531127,68559.91189843486,66940.17954476408
18063,20.19,978.84732,978.84842,1.1237695005575408,C63H108O6,CCCCCCCCCCCC=CCCCCC(=O)OC(COC(=O)CCCCCCCC=CCC=CCC=CCC=CCC=CCC)COC(=O)CCCCCCCCCC=CCCCCCC,[M+NH4]+,TG 18:1_18:1_24:5,"TG 18:1(11)_18:1(6)_24:5(9,12,15,18,21)",0.5148571428571438,0.7820785714285583,0.22901001308278626,0.22901001308278626,Some,Some,14918.283645698584,16797.794663998335,0.0,5383.137040080344,11416.666666666668,43767.685925229816,48429.77263202011,11651.442636400932,53827.82782782782,58539.305247772165,57924.955301206515,44718.57935627082,38743.23280503825,42013.09826804891,74217.40680169413,40210.61461822653,38303.55901711691,35878.363485813345
18063,20.19,978.84732,978.84842,1.1237695005575408,C63H108O6,CCCCCCC=CCCCCCCCCCC(=O)OC(COC(=O)CCCCCCCC=CCC=CCC=CCC=CCC=CCC)COC(=O)CCCCCCCCCC=CCCCCCC,[M+NH4]+,TG 18:1_18:1_24:5,"TG 18:1(11)_18:1(11)_24:5(9,12,15,18,21)",0.3962857142857154,0.9021342857142665,0.2287876166916564,0.2287876166916564,Some,Some,11924.831784041797,16606.80424423155,0.0,5397.082990961381,12228.352018959074,69911.00338680264,71221.97715842412,12405.396781986416,89214.2142142142,93362.60549766608,89496.54728217257,72726.59267480578,64196.11756679804,68936.49512694767,118457.61521365371,64968.404359842105,62704.180910517796,60686.46384978764
18063,20.19,978.84732,978.84842,1.1237695005575408,C63H108O6,CCCCCCCCC=CCCCCCCCC(=O)OC(COC(=O)CCCCCCCC=CCC=CCC=CCC=CCC=CCC)COC(=O)CCCCC=CCCCCCCCCCCC,[M+NH4]+,TG 18:1_18:1_24:5,"TG 18:1(6)_18:1(9)_24:5(9,12,15,18,21)",0.5956666666666663,0.6227983333333403,0.20747383125633478,0.20747383125633478,Some,Some,14839.62576336452,17359.531192724175,0.0,5334.326211996715,11263.695196426945,44271.9264068257,49894.56726739312,11605.50845526232,56774.774774774756,62927.24197274741,60995.09369148682,46186.281908990015,39668.792250920415,43075.237444906576,80259.04725961336,41307.814735438944,38383.99488233555,37098.60069458923
18063,20.19,978.84732,978.84842,1.1237695005575408,C63H108O6,CCCCCCCCCCCC=CCCCCC(=O)OC(COC(=O)CCCCCCCC=CCC=CCC=CCC=CCC=CCC)COC(=O)CCCCC=CCCCCCCCCCCC,[M+NH4]+,TG 18:1_18:1_24:5,"TG 18:1(6)_18:1(6)_24:5(9,12,15,18,21)",0.4810000000000005,0.7643233333333418,0.20723555422586062,0.20723555422586062,Some,Some,11924.831784041797,16606.80424423155,0.0,5397.082990961381,12228.352018959074,68751.25027913209,71221.97715842412,12405.396781986416,89214.2142142142,94240.19284266113,89496.54728217257,71772.58601553831,64196.11756679804,67749.82928797566,118457.61521365371,63888.90101871376,61533.83907158657,59652.65177013028
18091,20.233,952.83251,952.83277,0.2728705479196356,C61H106O6,CCCCCCCCC=CCCCCCCCC(=O)OC(COC(=O)CCCCCCCC=CCC=CCC=CCC=CCC=CCC)COC(=O)CCCCCCCCCCCCCCC,[M+NH4]+,TG 16:0_18:1_24:5,"TG 16:0_18:1(9)_24:5(9,12,15,18,21)",0.5198,0.5003439999999841,0.29148079959714435,0.29148079959714435,Some,Some,0.0,0.0,0.0,0.0,4108.336832585032,0.0,0.0,0.0,0.0,0.0,0.0,0.0,0.0,0.0,0.0,0.0,0.0,0.0
18091,20.233,952.83251,952.83277,0.2728705479196356,C61H106O6,CCCCCCC=CCCCCCCCCCC(=O)OC(COC(=O)CCCCCCCC=CCC=CCC=CCC=CCC=CCC)COC(=O)CCCCCCCCCCCCCCC,[M+NH4]+,TG 16:0_18:1_24:5,"TG 16:0_18:1(11)_24:5(9,12,15,18,21)",0.5319999999999995,0.5084191666666413,0.2862932576015742,0.2862932576015742,All,Some,0.0,0.0,0.0,0.0,14702.645434284052,0.0,0.0,0.0,0.0,0.0,0.0,0.0,0.0,0.0,0.0,0.0,0.0,0.0
18091,20.233,952.83251,952.83277,0.2728705479196356,C61H106O6,CCCCCCCCCCCC=CCCCCC(=O)OC(COC(=O)CCCCCCCC=CCC=CCC=CCC=CCC=CCC)COC(=O)CCCCCCCCCCCCCCC,[M+NH4]+,TG 16:0_18:1_24:5,"TG 16:0_18:1(6)_24:5(9,12,15,18,21)",0.5317999999999998,0.41961799999997995,0.20534546448617713,0.20534546448617713,Some,Some,0.0,0.0,0.0,0.0,3970.0054911334346,0.0,0.0,0.0,0.0,0.0,0.0,0.0,0.0,0.0,0.0,0.0,0.0,0.0
18091,20.233,952.83251,952.83277,0.2728705479196356,C61H106O6,CCCCCCC=CCCCCCCCCCC(=O)OC(COC(=O)CCCCC=CCC=CCC=CCC=CCC=CCCCCC)COC(=O)CCCCCCCCCCCCCCC,[M+NH4]+,TG 16:0_18:1_24:5,"TG 16:0_18:1(11)_24:5(6,9,12,15,18)",0.48716666666666636,0.7291741666666761,0.1916652863857968,0.1916652863857968,All,Some,0.0,0.0,0.0,0.0,7025.255983720404,0.0,0.0,0.0,0.0,0.0,0.0,0.0,0.0,0.0,0.0,0.0,0.0,0.0
18091,20.233,952.83251,952.83277,0.2728705479196356,C61H106O6,CCCCCCCCC=CCCCCCCCC(=O)OC(COC(=O)CCCCC=CCC=CCC=CCC=CCC=CCCCCC)COC(=O)CCCCCCCCCCCCCCC,[M+NH4]+,TG 16:0_18:1_24:5,"TG 16:0_18:1(9)_24:5(6,9,12,15,18)",0.5015999999999998,0.6295610000000238,0.17792723413821143,0.17792723413821143,Some,Some,0.0,0.0,0.0,0.0,3949.7238282890276,0.0,0.0,0.0,0.0,0.0,0.0,0.0,0.0,0.0,0.0,0.0,0.0,0.0
18091,20.233,952.83251,952.83277,0.2728705479196356,C61H106O6,CCCCCCCCCCCC=CCCCCC(=O)OC(COC(=O)CCCCC=CCC=CCC=CCC=CCC=CCCCCC)COC(=O)CCCCCCCCCCCCCCC,[M+NH4]+,TG 16:0_18:1_24:5,"TG 16:0_18:1(6)_24:5(6,9,12,15,18)",0.5016000000000005,0.6246320000000196,0.14333970801848642,0.14333970801848642,Some,Some,0.0,0.0,0.0,0.0,14544.032429988049,0.0,0.0,0.0,0.0,0.0,0.0,0.0,0.0,0.0,0.0,0.0,0.0,0.0
18099,20.253,978.84755,978.84842,0.8887995141037239,C63H108O6,CCCCCCCCC=CCCCCCCCC(=O)OC(COC(=O)CCCCC=CCC=CCC=CCC=CCC=CCCCCC)COC(=O)CCCCCCCC=CCCCCCCCC,[M+NH4]+,TG 18:1_18:1_24:5,"TG 18:1(9)_18:1(9)_24:5(6,9,12,15,18)",0.4554999999999998,0.669766249999995,0.35090544335822227,0.35090544335822227,Some,Some,0.0,0.0,0.0,7130.787623399065,0.0,0.0,0.0,0.0,0.0,0.0,0.0,0.0,0.0,0.0,0.0,0.0,0.0,0.0
18099,20.253,978.84755,978.84842,0.8887995141037239,C63H108O6,CCCCCCC=CCCCCCCCCCC(=O)OC(COC(=O)CCCCC=CCC=CCC=CCC=CCC=CCCCCC)COC(=O)CCCCCCCCCC=CCCCCCC,[M+NH4]+,TG 18:1_18:1_24:5,"TG 18:1(11)_18:1(11)_24:5(6,9,12,15,18)",0.5744,0.713069999999982,0.31545041200285145,0.31545041200285145,Some,Some,0.0,0.0,0.0,7167.870078833359,0.0,0.0,0.0,0.0,0.0,0.0,0.0,0.0,0.0,0.0,0.0,0.0,0.0,0.0
18099,20.253,978.84755,978.84842,0.8887995141037239,C63H108O6,CCCCCCCCCCCC=CCCCCC(=O)OC(COC(=O)CCCCC=CCC=CCC=CCC=CCC=CCCCCC)COC(=O)CCCCC=CCCCCCCCCCCC,[M+NH4]+,TG 18:1_18:1_24:5,"TG 18:1(6)_18:1(6)_24:5(6,9,12,15,18)",0.47274999999999956,0.6601325000000173,0.3141184212358821,0.3141184212358821,Some,Some,0.0,0.0,0.0,8429.516346677396,0.0,0.0,0.0,0.0,0.0,0.0,0.0,0.0,0.0,0.0,0.0,0.0,0.0,0.0
18099,20.253,978.84755,978.84842,0.8887995141037239,C63H108O6,CCCCCCCCC=CCCCCCCCC(=O)OC(COC(=O)CCCCC=CCC=CCC=CCC=CCC=CCCCCC)COC(=O)CCCCC=CCCCCCCCCCCC,[M+NH4]+,TG 18:1_18:1_24:5,"TG 18:1(6)_18:1(9)_24:5(6,9,12,15,18)",0.43999999999999917,0.6341650000000072,0.28079217144360824,0.28079217144360824,Some,Some,0.0,0.0,0.0,7130.787623399065,0.0,0.0,0.0,0.0,0.0,0.0,0.0,0.0,0.0,0.0,0.0,0.0,0.0,0.0
18099,20.253,978.84755,978.84842,0.8887995141037239,C63H108O6,CCCCCCCCC=CCCCCCCCC(=O)OC(COC(=O)CCCCC=CCC=CCC=CCC=CCC=CCCCCC)COC(=O)CCCCCCCCCC=CCCCCCC,[M+NH4]+,TG 18:1_18:1_24:5,"TG 18:1(11)_18:1(9)_24:5(6,9,12,15,18)",0.49066666666666653,0.7331783333333229,0.26287534333570955,0.26287534333570955,Some,Some,0.0,0.0,0.0,6552.638431855305,0.0,0.0,0.0,0.0,0.0,0.0,0.0,0.0,0.0,0.0,0.0,0.0,0.0,0.0
18099,20.253,978.84755,978.84842,0.8887995141037239,C63H108O6,CCCCCCCCCCCC=CCCCCC(=O)OC(COC(=O)CCCCC=CCC=CCC=CCC=CCC=CCCCCC)COC(=O)CCCCCCCCCC=CCCCCCC,[M+NH4]+,TG 18:1_18:1_24:5,"TG 18:1(11)_18:1(6)_24:5(6,9,12,15,18)",0.49066666666666653,0.7258333333333363,0.26030467921857514,0.26030467921857514,Some,Some,0.0,0.0,0.0,7068.421675623208,0.0,0.0,0.0,0.0,0.0,0.0,0.0,0.0,0.0,0.0,0.0,0.0,0.0,0.0
18099,20.253,978.84755,978.84842,0.8887995141037239,C63H108O6,CCCCCCCCCCCC=CCCCCC(=O)OC(COC(=O)CCCCCCCC=CCC=CCC=CCC=CCC=CCC)COC(=O)CCCCC=CCCCCCCCCCCC,[M+NH4]+,TG 18:1_18:1_24:5,"TG 18:1(6)_18:1(6)_24:5(9,12,15,18,21)",0.41800000000000015,0.5623612499999524,0.1854383557633854,0.1854383557633854,Some,Some,0.0,0.0,0.0,6325.929783859284,0.0,0.0,0.0,0.0,0.0,0.0,0.0,0.0,0.0,0.0,0.0,0.0,0.0,0.0
18099,20.253,978.84755,978.84842,0.8887995141037239,C63H108O6,CCCCCCCCC=CCCCCCCCC(=O)OC(COC(=O)CCCCCCCC=CCC=CCC=CCC=CCC=CCC)COC(=O)CCCCC=CCCCCCCCCCCC,[M+NH4]+,TG 18:1_18:1_24:5,"TG 18:1(6)_18:1(9)_24:5(9,12,15,18,21)",0.3479999999999997,0.5445119999999861,0.14841850136773876,0.14841850136773876,Some,Some,0.0,0.0,0.0,8242.418503349825,0.0,0.0,0.0,0.0,0.0,0.0,0.0,0.0,0.0,0.0,0.0,0.0,0.0,0.0
18099,20.253,978.84755,978.84842,0.8887995141037239,C63H108O6,CCCCCCCCC=CCCCCCCCC(=O)OC(COC(=O)CCCCCCCC=CCC=CCC=CCC=CCC=CCC)COC(=O)CCCCCCCC=CCCCCCCCC,[M+NH4]+,TG 18:1_18:1_24:5,"TG 18:1(9)_18:1(9)_24:5(9,12,15,18,21)",0.33199999999999896,0.48946124999997664,0.14621329915583636,0.14621329915583636,Some,Some,0.0,0.0,0.0,5730.92493075448,0.0,0.0,0.0,0.0,0.0,0.0,0.0,0.0,0.0,0.0,0.0,0.0,0.0,0.0
18099,20.253,978.84755,978.84842,0.8887995141037239,C63H108O6,CCCCCCCCCCCC=CCCCCC(=O)OC(COC(=O)CCCCCCCC=CCC=CCC=CCC=CCC=CCC)COC(=O)CCCCCCCCCC=CCCCCCC,[M+NH4]+,TG 18:1_18:1_24:5,"TG 18:1(11)_18:1(6)_24:5(9,12,15,18,21)",0.4078333333333332,0.6024024999999634,0.12378673578612585,0.12378673578612585,Some,Some,0.0,0.0,0.0,7420.7050022489975,0.0,0.0,0.0,0.0,0.0,0.0,0.0,0.0,0.0,0.0,0.0,0.0,0.0,0.0
18124,20.276,794.58145,794.59056,11.465024200594836,C42H81O10P,CCCCCCCCC=CCCCCCCCCCCCCCCCC(=O)OC(COC(=O)CCCCCCCCC)COP(=O)(O)OCC(O)CO,[M+NH4]+,PG 10:0_26:1,PG 10:0_26:1(17),0.5240000000000009,0.7974400000000514,0.0,0.0,Some,None,,,,,,,,,,,,,,0.0,,,,
18138,20.282,1004.8624,1004.86407,1.6619163226624953,C65H110O6,CCCCCCCCC=CCCCCCCCC(=O)OC(COC(=O)CCCCCCC=CCC=CCC=CCC=CCC=CCC=CCC)COC(=O)CCCCCCCC=CCCCCCCCC,[M+NH4]+,TG 18:1_18:1_26:6,"TG 18:1(9)_18:1(9)_26:6(8,11,14,17,20,23)",0.4013999999999996,0.42539000000000443,0.2263072455033134,0.2263072455033134,Some,Some,6148.358514142904,7162.479670303642,0.0,0.0,6557.506329639315,19009.950700987047,16587.483492964588,7085.023641156535,27550.68267581475,22857.670308386045,23381.543305299878,22266.215629073304,20551.10035137271,16198.10229900694,21386.00385819673,18718.09281504621,14644.713685056391,19490.1631843831
18138,20.282,1004.8624,1004.86407,1.6619163226624953,C65H110O6,CCCCCCCCCCCC=CCCCCC(=O)OC(COC(=O)CCCCCCC=CCC=CCC=CCC=CCC=CCC=CCC)COC(=O)CCCCC=CCCCCCCCCCCC,[M+NH4]+,TG 18:1_18:1_26:6,"TG 18:1(6)_18:1(6)_26:6(8,11,14,17,20,23)",0.38859999999999956,0.42863000000000967,0.2260667160158088,0.2260667160158088,Some,Some,8400.318073384073,9133.468601474791,0.0,0.0,8758.540579496874,23597.64626621467,20248.630105796812,9958.74973848278,34201.74271012007,29230.50267832824,29067.12427848137,27474.08602817951,25195.00344647871,20640.048972928853,25781.43994106071,22843.09684068146,17279.090152848436,24730.841085862437
18138,20.282,1004.8624,1004.86407,1.6619163226624953,C65H110O6,CCCCCCCCC=CCCCCCCCC(=O)OC(COC(=O)CCCCCCC=CCC=CCC=CCC=CCC=CCC=CCC)COC(=O)CCCCC=CCCCCCCCCCCC,[M+NH4]+,TG 18:1_18:1_26:6,"TG 18:1(6)_18:1(9)_26:6(8,11,14,17,20,23)",0.4321666666666661,0.3649416666666904,0.18869139396001067,0.18869139396001067,Some,Some,7239.350221515392,7912.336770302061,0.0,0.0,7735.279579508194,21545.695158858314,17445.090390249086,9014.593916063433,30170.511149228132,25415.700753563542,23551.04877253194,24109.95593073056,22875.203846606477,18331.48551217521,22432.719059297964,19018.324691636342,15069.43333088112,21513.744852829037
18138,20.282,1004.8624,1004.86407,1.6619163226624953,C65H110O6,CCCCCCC=CCCCCCCCCCC(=O)OC(COC(=O)CCCCCCC=CCC=CCC=CCC=CCC=CCC=CCC)COC(=O)CCCCCCCCCC=CCCCCCC,[M+NH4]+,TG 18:1_18:1_26:6,"TG 18:1(11)_18:1(11)_26:6(8,11,14,17,20,23)",0.3680000000000003,0.3130425000000135,0.18863439169259355,0.18863439169259355,Some,Some,7309.326366011586,8383.611501476367,0.0,0.0,7580.767329627995,20277.82292992268,17971.797635130006,8520.948993681743,29870.765008576338,26672.472233150744,26242.713902795305,24345.50927937434,21984.297506766867,18506.665759760577,22812.761131091444,20403.030498212614,15413.503781126621,21478.57251791978
18138,20.282,1004.8624,1004.86407,1.6619163226624953,C65H110O6,CCCCCCCCCCCC=CCCCCC(=O)OC(COC(=O)CCCCCCC=CCC=CCC=CCC=CCC=CCC=CCC)COC(=O)CCCCCCCCCC=CCCCCCC,[M+NH4]+,TG 18:1_18:1_26:6,"TG 18:1(11)_18:1(6)_26:6(8,11,14,17,20,23)",0.3879999999999996,0.4325000000000208,0.16172957051221698,0.16172957051221698,Some,Some,7062.819493354538,7919.058596895673,0.0,0.0,5776.2447032899045,14422.25513575943,12575.70467964967,7733.284237834218,23887.643224699834,21200.511454771055,20704.17381685127,18499.503444851347,17609.387871757368,12921.711331791594,19707.164807041696,14598.547550803514,11254.988653790651,17323.547353972855
18138,20.282,1004.8624,1004.86407,1.6619163226624953,C65H110O6,CCCCCCCCC=CCCCCCCCC(=O)OC(COC(=O)CCCCCCC=CCC=CCC=CCC=CCC=CCC=CCC)COC(=O)CCCCCCCCCC=CCCCCCC,[M+NH4]+,TG 18:1_18:1_26:6,"TG 18:1(11)_18:1(9)_26:6(8,11,14,17,20,23)",0.35714285714285715,0.4328464285714517,0.16168662145079446,0.16168662145079446,Some,Some,5839.827331591503,6789.044859547456,0.0,0.0,6291.661478437721,18146.62980825785,15171.29369620983,7487.399472781288,26318.655231560897,21623.14257180038,21053.395924040222,21304.72968779095,19785.00697701787,15401.986124336827,19879.91120331146,17418.907603619846,13238.270396296777,18463.13100503279
18165,20.293,855.74019,855.74121,1.1919491408384375,C53H100O6,CCCCCCCCCCCCCCCC(=O)OC(COC(=O)CCCCCCCCCCCCCCCC=CCCCCCCCC)COC(=O)CCCCCCC,[M+Na]+,TG 8:0_16:0_26:1,TG 8:0_16:0_26:1(17),0.870000000000001,0.5341400000000363,5.330136946838781e-05,5.330136946838781e-05,All,Some,,,,,,670000.0,,,743000.0,718000.0,648000.0,,668000.0,647000.0,,627000.0,,679000.0
18199,20.304,850.78459,850.78582,1.4457222617604195,C53H100O6,CCCCCCCCCCCCCCCC(=O)OC(COC(=O)CCCCCCCC=CCCCCCCCC)COC(=O)CCCCCCCCCCCCCCC,[M+NH4]+,TG 16:0_16:0_18:1,TG 16:0_16:0_18:1(9),0.6040000000000028,0.5094699999999648,0.48752678273888245,0.48752678273888245,All,Some,,,,5450000.0,,18400000.0,17398130.841121495,6300000.0,20200000.0,18400000.0,16800000.0,,18000000.0,15156818.181818182,17500000.0,14908245.30979032,15900000.0,15010359.116022097
18199,20.304,850.78459,850.78582,1.4457222617604195,C53H100O6,CCCCCCCCCCCCCCCC(=O)OC(COC(=O)CCCCC=CCCCCCCCCCCC)COC(=O)CCCCCCCCCCCCCCC,[M+NH4]+,TG 16:0_16:0_18:1,TG 16:0_16:0_18:1(6),0.9099999999999966,0.07640999999989617,0.013114153835604445,0.013114153835604445,Some,Some,,,,0.0,,0.0,3401869.1588785043,0.0,0.0,0.0,0.0,,0.0,3043181.818181818,0.0,2191754.69020968,0.0,2989640.8839779007
18243,20.317,978.84797,978.84842,0.459723886565325,C63H108O6,CCCCCCCCCCCC=CCCCCC(=O)OC(COC(=O)CCCCC=CCC=CCC=CCC=CCC=CCCCCC)COC(=O)CCCCC=CCCCCCCCCCCC,[M+NH4]+,TG 18:1_18:1_24:5,"TG 18:1(6)_18:1(6)_24:5(6,9,12,15,18)",0.7099999999999999,0.6237528571429201,0.3069026210735008,0.3069026210735008,Some,Some,0.0,0.0,16927.22058950864,0.0,0.0,0.0,0.0,0.0,0.0,0.0,0.0,0.0,0.0,0.0,12576.339926883404,0.0,0.0,0.0
18243,20.317,978.84797,978.84842,0.459723886565325,C63H108O6,CCCCCCC=CCCCCCCCCCC(=O)OC(COC(=O)CCCCC=CCC=CCC=CCC=CCC=CCCCCC)COC(=O)CCCCCCCCCC=CCCCCCC,[M+NH4]+,TG 18:1_18:1_24:5,"TG 18:1(11)_18:1(11)_24:5(6,9,12,15,18)",0.7140000000000002,0.6855088888889264,0.299015419897686,0.299015419897686,Some,Some,0.0,0.0,14654.59194328004,0.0,0.0,0.0,0.0,0.0,0.0,0.0,0.0,0.0,0.0,0.0,8361.486486486487,0.0,0.0,0.0
18243,20.317,978.84797,978.84842,0.459723886565325,C63H108O6,CCCCCCCCC=CCCCCCCCC(=O)OC(COC(=O)CCCCC=CCC=CCC=CCC=CCC=CCCCCC)COC(=O)CCCCCCCC=CCCCCCCCC,[M+NH4]+,TG 18:1_18:1_24:5,"TG 18:1(9)_18:1(9)_24:5(6,9,12,15,18)",0.6888571428571423,0.5187228571428965,0.2580195666185831,0.2580195666185831,Some,Some,0.0,0.0,18772.524231789866,0.0,0.0,0.0,0.0,0.0,0.0,0.0,0.0,0.0,0.0,0.0,13777.826739783262,0.0,0.0,0.0
18243,20.317,978.84797,978.84842,0.459723886565325,C63H108O6,CCCCCCCCCCCC=CCCCCC(=O)OC(COC(=O)CCCCC=CCC=CCC=CCC=CCC=CCCCCC)COC(=O)CCCCCCCCCC=CCCCCCC,[M+NH4]+,TG 18:1_18:1_24:5,"TG 18:1(11)_18:1(6)_24:5(6,9,12,15,18)",0.6861818181818183,0.7059963636364212,0.24971109005068196,0.24971109005068196,Some,Some,0.0,0.0,16499.895585561266,0.0,0.0,0.0,0.0,0.0,0.0,0.0,0.0,0.0,0.0,0.0,10074.626256691476,0.0,0.0,0.0
18243,20.317,978.84797,978.84842,0.459723886565325,C63H108O6,CCCCCCCCC=CCCCCCCCC(=O)OC(COC(=O)CCCCC=CCC=CCC=CCC=CCC=CCCCCC)COC(=O)CCCCCCCCCC=CCCCCCC,[M+NH4]+,TG 18:1_18:1_24:5,"TG 18:1(11)_18:1(9)_24:5(6,9,12,15,18)",0.7045454545454546,0.6401654545454986,0.24520370192227528,0.24520370192227528,Some,Some,0.0,0.0,16927.22058950864,0.0,0.0,0.0,0.0,0.0,0.0,0.0,0.0,0.0,0.0,0.0,12686.300430865645,0.0,0.0,0.0
18243,20.317,978.84797,978.84842,0.459723886565325,C63H108O6,CCCCCCCCCCCC=CCCCCC(=O)OC(COC(=O)CCCCCCCC=CCC=CCC=CCC=CCC=CCC)COC(=O)CCCCC=CCCCCCCCCCCC,[M+NH4]+,TG 18:1_18:1_24:5,"TG 18:1(6)_18:1(6)_24:5(9,12,15,18,21)",0.5717500000000006,0.5773337500000082,0.2174004177227973,0.2174004177227973,Some,Some,0.0,0.0,17583.096066377024,0.0,0.0,0.0,0.0,0.0,0.0,0.0,0.0,0.0,0.0,0.0,12943.922183052618,0.0,0.0,0.0
18243,20.317,978.84797,978.84842,0.459723886565325,C63H108O6,CCCCCCCCC=CCCCCCCCC(=O)OC(COC(=O)CCCCC=CCC=CCC=CCC=CCC=CCCCCC)COC(=O)CCCCC=CCCCCCCCCCCC,[M+NH4]+,TG 18:1_18:1_24:5,"TG 18:1(6)_18:1(9)_24:5(6,9,12,15,18)",0.660444444444444,0.58082666666673,0.20686890864537888,0.20686890864537888,Some,Some,0.0,0.0,12272.516591708983,0.0,0.0,0.0,0.0,0.0,0.0,0.0,0.0,0.0,0.0,0.0,6350.780127954042,0.0,0.0,0.0
18243,20.317,978.84797,978.84842,0.459723886565325,C63H108O6,CCCCCCCCCCCC=CCCCCC(=O)OC(COC(=O)CCCCCCCC=CCC=CCC=CCC=CCC=CCC)COC(=O)CCCCCCCCCC=CCCCCCC,[M+NH4]+,TG 18:1_18:1_24:5,"TG 18:1(11)_18:1(6)_24:5(9,12,15,18,21)",0.5751666666666667,0.60024500000002,0.18292588116414907,0.18292588116414907,Some,Some,0.0,0.0,15603.398307976753,0.0,0.0,0.0,0.0,0.0,0.0,0.0,0.0,0.0,0.0,0.0,12281.01743047395,0.0,0.0,0.0
18243,20.317,978.84797,978.84842,0.459723886565325,C63H108O6,CCCCCCCCC=CCCCCCCCC(=O)OC(COC(=O)CCCCCCCC=CCC=CCC=CCC=CCC=CCC)COC(=O)CCCCC=CCCCCCCCCCCC,[M+NH4]+,TG 18:1_18:1_24:5,"TG 18:1(6)_18:1(9)_24:5(9,12,15,18,21)",0.4607999999999997,0.5512900000000286,0.1744176647155271,0.1744176647155271,Some,Some,0.0,0.0,15001.441428593256,0.0,0.0,0.0,0.0,0.0,0.0,0.0,0.0,0.0,0.0,0.0,9868.169800235017,0.0,0.0,0.0
18243,20.317,978.84797,978.84842,0.459723886565325,C63H108O6,CCCCCCC=CCCCCCCCCCC(=O)OC(COC(=O)CCCCCCCC=CCC=CCC=CCC=CCC=CCC)COC(=O)CCCCCCCCCC=CCCCCCC,[M+NH4]+,TG 18:1_18:1_24:5,"TG 18:1(11)_18:1(11)_24:5(9,12,15,18,21)",0.5632000000000005,0.6294530000000009,0.17299422605451734,0.17299422605451734,Some,Some,0.0,0.0,13758.094665695528,0.0,0.0,0.0,0.0,0.0,0.0,0.0,0.0,0.0,0.0,0.0,11079.530617574095,0.0,0.0,0.0
18286,20.33,876.8001,876.80147,1.5624973803382056,C55H102O6,CCCCCCCCC=CCCCCCCCC(=O)OC(COC(=O)CCCCCCCC=CCCCCCCCC)COC(=O)CCCCCCCCCCCCCCC,[M+NH4]+,TG 16:0_18:1_18:1,TG 16:0_18:1(9)_18:1(9),0.5479999999999983,0.5089049999999702,0.42364707117085637,0.42364707117085637,All,Some,0.0,0.0,0.0,0.0,0.0,0.0,61098.161098161094,0.0,0.0,0.0,0.0,0.0,74268.41574167508,0.0,226402.18518265113,0.0,27420.38237476931,0.0
18286,20.33,876.8001,876.80147,1.5624973803382056,C55H102O6,CCCCCCCCCCCC=CCCCCC(=O)OC(COC(=O)CCCCCCCC=CCCCCCCCC)COC(=O)CCCCCCCCCCCCCCC,[M+NH4]+,TG 16:0_18:1_18:1,TG 16:0_18:1(6)_18:1(9),0.5350000000000001,0.6796774999999968,0.32448678577757056,0.32448678577757056,All,Some,5133333.333333333,5033333.333333333,5300000.0,4500000.000000001,5100000.0,9600000.000000002,11172235.172235172,5000000.000000001,11433333.333333332,10300000.000000002,9800000.0,10266666.666666666,9525731.584258325,9433333.333333332,10240264.481484015,9266666.666666666,8342473.46079159,9833333.333333332
18286,20.33,876.8001,876.80147,1.5624973803382056,C55H102O6,CCCCCCC=CCCCCCCCCCC(=O)OC(COC(=O)CCCCCCCC=CCCCCCCCC)COC(=O)CCCCCCCCCCCCCCC,[M+NH4]+,TG 16:0_18:1_18:1,TG 16:0_18:1(11)_18:1(9),0.4919999999999997,0.6487733333333002,0.2824313807805709,0.2824313807805709,All,Some,0.0,0.0,0.0,0.0,0.0,0.0,61098.161098161094,0.0,0.0,0.0,0.0,0.0,74268.41574167508,0.0,226402.18518265113,0.0,0.0,0.0
18286,20.33,876.8001,876.80147,1.5624973803382056,C55H102O6,CCCCCCCCCCCC=CCCCCC(=O)OC(COC(=O)CCCCC=CCCCCCCCCCCC)COC(=O)CCCCCCCCCCCCCCC,[M+NH4]+,TG 16:0_18:1_18:1,TG 16:0_18:1(6)_18:1(6),0.522000000000002,0.8504500000000235,0.22532650038428473,0.22532650038428473,All,Some,5133333.333333333,5033333.333333333,5300000.0,4500000.000000001,5100000.0,9600000.000000002,11233333.333333332,5000000.000000001,11433333.333333332,10300000.000000002,9800000.0,10266666.666666666,9600000.000000002,9433333.333333332,10466666.666666666,9266666.666666666,8315053.078416822,9833333.333333332
18286,20.33,876.8001,876.80147,1.5624973803382056,C55H102O6,CCCCCCC=CCCCCCCCCCC(=O)OC(COC(=O)CCCCC=CCCCCCCCCCCC)COC(=O)CCCCCCCCCCCCCCC,[M+NH4]+,TG 16:0_18:1_18:1,TG 16:0_18:1(11)_18:1(6),0.47466666666666885,0.8764700000000024,0.15021766692285649,0.15021766692285649,All,Some,5133333.333333333,5033333.333333333,5300000.0,4500000.000000001,5100000.0,9600000.000000002,11172235.172235172,5000000.000000001,11433333.333333332,10300000.000000002,9800000.0,10266666.666666666,9525731.584258325,9433333.333333332,10240264.481484015,9266666.666666666,8315053.078416822,9833333.333333332
18325,20.337,881.75565,881.75686,1.372260375739621,C55H102O6,CCCCCCCCC=CCCCCCCCC(=O)OC(COC(=O)CCCCCCCCCCCCCCCC=CCCCCCCCC)COC(=O)CCCCCCC,[M+Na]+,TG 8:0_18:1_26:1,TG 8:0_18:1(9)_26:1(17),0.9879999999999995,0.9027499999999691,0.9933456301027147,0.9933456301027147,Some,Some,436076.4097430765,414332.15930642106,429930.9916070874,398974.30764097435,416579.0976584809,526581.3253012048,616500.0,408057.4314574315,626257.3187209128,589595.3757225433,572477.6960400689,565239.7868561279,520855.0573514077,538181.8181818181,524623.6559139785,494614.06518010295,509366.2684753999,538773.2547430466
18325,20.337,881.75565,881.75686,1.372260375739621,C55H102O6,CCCCCCC=CCCCCCCCCCC(=O)OC(COC(=O)CCCCCCCCCCCCCCCC=CCCCCCCCC)COC(=O)CCCCCCC,[M+Na]+,TG 8:0_18:1_26:1,TG 8:0_18:1(11)_26:1(17),0.7506666666666651,0.8947233333332557,0.6610200749105152,0.6610200749105152,Some,Some,205461.7951284618,202833.9203467895,209034.50419645634,183512.84617951285,194710.45117075957,320128.01204819273,321750.00000000006,192471.2842712843,393386.87884702,305202.31213872833,355363.9067146658,322380.10657193605,321001.04275286756,290909.0909090909,352688.1720430107,292692.9674099485,265316.8657623001,340289.18769570824
18325,20.337,881.75565,881.75686,1.372260375739621,C55H102O6,CCCCCCCCCCCC=CCCCCC(=O)OC(COC(=O)CCCCCCCCCCCCCCCC=CCCCCCCCC)COC(=O)CCCCCCC,[M+Na]+,TG 8:0_18:1_26:1,TG 8:0_18:1(6)_26:1(17),0.8610000000000007,0.5685550000000035,0.49672315215218843,0.49672315215218843,Some,Some,205461.7951284618,202833.9203467895,209034.50419645634,183512.84617951285,194710.45117075957,263290.6626506024,321750.00000000006,192471.2842712843,330355.8024320672,305202.31213872833,292158.3972452653,322380.10657193605,268143.89989572467,290909.0909090909,352688.1720430107,292692.9674099485,265316.8657623001,290937.55756124516
18338,20.34,952.83364,952.83277,0.9130668332949035,C61H106O6,CCCCCCCCC=CCCCCCCCC(=O)OC(COC(=O)CCCCCCCC=CCC=CCC=CCC=CCC=CCC)COC(=O)CCCCCCCCCCCCCCC,[M+NH4]+,TG 16:0_18:1_24:5,"TG 16:0_18:1(9)_24:5(9,12,15,18,21)",0.46600000000000036,0.5778209999999945,0.26270394384857787,0.26270394384857787,Some,Some,0.0,0.0,0.0,0.0,0.0,3648.4940723070877,0.0,0.0,0.0,0.0,0.0,0.0,0.0,0.0,0.0,0.0,0.0,2865.0464372122065
18338,20.34,952.83364,952.83277,0.9130668332949035,C61H106O6,CCCCCCC=CCCCCCCCCCC(=O)OC(COC(=O)CCCCCCCC=CCC=CCC=CCC=CCC=CCC)COC(=O)CCCCCCCCCCCCCCC,[M+NH4]+,TG 16:0_18:1_24:5,"TG 16:0_18:1(11)_24:5(9,12,15,18,21)",0.440166666666667,0.5729833333333166,0.2500029689051025,0.2500029689051025,All,Some,0.0,0.0,0.0,0.0,0.0,18083.568788263412,0.0,0.0,0.0,0.0,0.0,0.0,0.0,0.0,0.0,0.0,0.0,18445.60056192929
18338,20.34,952.83364,952.83277,0.9130668332949035,C61H106O6,CCCCCCCCC=CCCCCCCCC(=O)OC(COC(=O)CCCCC=CCC=CCC=CCC=CCC=CCCCCC)COC(=O)CCCCCCCCCCCCCCC,[M+NH4]+,TG 16:0_18:1_24:5,"TG 16:0_18:1(9)_24:5(6,9,12,15,18)",0.5256000000000001,0.5900450000000319,0.1955395466745124,0.1955395466745124,Some,Some,0.0,0.0,0.0,0.0,0.0,3164.6255852804843,0.0,0.0,0.0,0.0,0.0,0.0,0.0,0.0,0.0,0.0,0.0,2694.863029735425
18338,20.34,952.83364,952.83277,0.9130668332949035,C61H106O6,CCCCCCCCCCCC=CCCCCC(=O)OC(COC(=O)CCCCCCCC=CCC=CCC=CCC=CCC=CCC)COC(=O)CCCCCCCCCCCCCCC,[M+NH4]+,TG 16:0_18:1_24:5,"TG 16:0_18:1(6)_24:5(9,12,15,18,21)",0.5012000000000001,0.4968690000000038,0.1948251254763415,0.1948251254763415,Some,Some,0.0,0.0,0.0,0.0,0.0,11146.025805440426,0.0,0.0,0.0,0.0,0.0,0.0,0.0,0.0,0.0,0.0,0.0,11037.35893233435
18338,20.34,952.83364,952.83277,0.9130668332949035,C61H106O6,CCCCCCC=CCCCCCCCCCC(=O)OC(COC(=O)CCCCC=CCC=CCC=CCC=CCC=CCCCCC)COC(=O)CCCCCCCCCCCCCCC,[M+NH4]+,TG 16:0_18:1_24:5,"TG 16:0_18:1(11)_24:5(6,9,12,15,18)",0.47233333333333327,0.5803808333333507,0.19403263792671457,0.19403263792671457,All,Some,0.0,0.0,0.0,0.0,0.0,3163.7877177704813,0.0,0.0,0.0,0.0,0.0,0.0,0.0,0.0,0.0,0.0,0.0,2654.5102630141264
18338,20.34,952.83364,952.83277,0.9130668332949035,C61H106O6,CCCCCCCCCCCC=CCCCCC(=O)OC(COC(=O)CCCCC=CCC=CCC=CCC=CCC=CCCCCC)COC(=O)CCCCCCCCCCCCCCC,[M+NH4]+,TG 16:0_18:1_24:5,"TG 16:0_18:1(6)_24:5(6,9,12,15,18)",0.5717999999999996,0.5163650000000303,0.17231029248390792,0.17231029248390792,Some,Some,0.0,0.0,0.0,0.0,0.0,17993.498030938114,0.0,0.0,0.0,0.0,0.0,0.0,0.0,0.0,0.0,0.0,0.0,18502.620775774605
18384,20.352,904.82288,904.83277,10.930196526732301,C57H106O6,CCCCCCCCCCCC=CCCCCC(=O)OC(COC(=O)CCCCC=CCCCCCCCCCCC)COC(=O)CCCCCCCCCCCCCCCCC,[M+NH4]+,TG 18:0_18:1_18:1,TG 18:0_18:1(6)_18:1(6),0.6820000000000022,0.5094449999999711,0.17951149896258678,0.17951149896258678,All,Some,0.0,0.0,0.0,,881395.3488372094,0.0,1031642.2660725655,600000.0000000001,0.0,0.0,901585.5903234289,0.0,803333.3333333334,0.0,930000.0000000001,766666.6666666667,0.0,0.0
18384,20.352,904.82288,904.83277,10.930196526732301,C57H106O6,CCCCCCCCCCCC=CCCCCC(=O)OC(COC(=O)CCCCCCCC=CCCCCCCCC)COC(=O)CCCCCCCCCCCCCCCCC,[M+NH4]+,TG 18:0_18:1_18:1,TG 18:0_18:1(6)_18:1(9),0.5666666666666677,0.6387266666666468,0.11967433264172452,0.11967433264172452,All,Some,0.0,0.0,0.0,,509302.32558139536,0.0,849178.8669637174,600000.0000000001,0.0,0.0,794207.2048382855,0.0,803333.3333333334,0.0,930000.0000000001,766666.6666666667,0.0,0.0
18384,20.352,904.82288,904.83277,10.930196526732301,C57H106O6,CCCCCCC=CCCCCCCCCCC(=O)OC(COC(=O)CCCCC=CCCCCCCCCCCC)COC(=O)CCCCCCCCCCCCCCCCC,[M+NH4]+,TG 18:0_18:1_18:1,TG 18:0_18:1(11)_18:1(6),0.3490000000000002,0.4859349999999836,0.08975574948129339,0.08975574948129339,All,Some,0.0,0.0,0.0,,509302.32558139536,0.0,849178.8669637174,600000.0000000001,0.0,0.0,794207.2048382855,0.0,803333.3333333334,0.0,930000.0000000001,766666.6666666667,0.0,0.0
18386,20.353,902.81565,902.81712,1.628236735298365,C57H104O6,CCCCCCCCCCCC=CCCCCC(=O)OC(COC(=O)CCCCCCCC=CCCCCCCCC)COC(=O)CCCCC=CCCCCCCCCCCC,[M+NH4]+,TG 18:1_18:1_18:1,TG 18:1(6)_18:1(6)_18:1(9),0.9800000000000004,0.8688849999999775,0.718098046536275,0.718098046536275,Some,Some,785274.6425884124,816499.4064961692,761873.4121285763,671044.4560860613,786618.7222821527,1225236.5142700495,1335622.610724822,766615.0105202153,1410450.457999675,1259407.3377234242,1211372.4219346773,1271999.6690203,1129017.6908226742,1145524.874830456,1305096.7953625727,1116083.1871599017,1017680.9754291305,1189222.5421637185
18386,20.353,902.81565,902.81712,1.628236735298365,C57H104O6,CCCCCCC=CCCCCCCCCCC(=O)OC(COC(=O)CCCCC=CCCCCCCCCCCC)COC(=O)CCCCCCCCCC=CCCCCCC,[M+NH4]+,TG 18:1_18:1_18:1,TG 18:1(11)_18:1(11)_18:1(6),0.8550000000000004,0.8350600000000554,0.3762264163274986,0.3762264163274986,Some,Some,614801.8560321042,673761.7351893816,689777.9741522146,661176.1552612663,581727.1964521155,622978.2827205994,861198.3292069425,611132.5295132983,946700.2550552794,831208.8428974601,801046.2720770352,776892.1006178287,762246.407080845,729550.0594450677,865596.6313026358,720013.8981512097,659895.792007194,790704.6065613839
18386,20.353,902.81565,902.81712,1.628236735298365,C57H104O6,CCCCCCCCCCCC=CCCCCC(=O)OC(COC(=O)CCCCC=CCCCCCCCCCCC)COC(=O)CCCCC=CCCCCCCCCCCC,[M+NH4]+,TG 18:1_18:1_18:1,TG 18:1(6)_18:1(6)_18:1(6),0.8550000000000004,0.8350600000000554,0.3762264163274986,0.3762264163274986,All,All,908454.9786807123,919310.4564584008,843711.4768585,739826.5128348826,913260.2181469495,1302334.3790929304,1402501.1304097616,867786.5971198548,1463102.3520600817,1336453.4336782692,1273551.5381588389,1325262.5772285967,1167161.9043318245,1184221.660331441,1319911.407634256,1164289.597121738,1052527.1760691898,1231290.2783491018
18386,20.353,902.81565,902.81712,1.628236735298365,C57H104O6,CCCCCCCCC=CCCCCCCCC(=O)OC(COC(=O)CCCCCCCC=CCCCCCCCC)COC(=O)CCCCC=CCCCCCCCCCCC,[M+NH4]+,TG 18:1_18:1_18:1,TG 18:1(6)_18:1(9)_18:1(9),0.9199999999999999,0.8648200000000372,0.36130711302656915,0.36130711302656915,All,All,1523256.8347128166,1593072.1916477827,1533489.4510107148,1401002.668096149,1494987.4145990652,1925312.66181353,2263699.4596167044,1478919.1266331533,2409802.607115361,2167662.276575729,2074597.8102358738,2102154.6778464257,1929408.3114126695,1913771.719776509,2185508.0389368916,1884303.4952729477,1712422.9680763837,2021994.884910486
18386,20.353,902.81565,902.81712,1.628236735298365,C57H104O6,CCCCCCC=CCCCCCCCCCC(=O)OC(COC(=O)CCCCCCCC=CCCCCCCCC)COC(=O)CCCCCCCCCC=CCCCCCC,[M+NH4]+,TG 18:1_18:1_18:1,TG 18:1(11)_18:1(11)_18:1(9),0.9849999999999994,0.894580000000019,0.34638780972563976,0.34638780972563976,Some,Some,737982.1921244044,776572.7851516132,771616.0388821384,729958.2120100876,708368.6923169125,700076.1475434803,928076.8488918822,712304.116112938,999352.1491156861,908254.9388523048,863225.3883011967,830155.0088261253,800390.6205899952,768246.8449460529,880411.243574319,768220.3081130459,694741.9926472532,832772.3427467673
18386,20.353,902.81565,902.81712,1.628236735298365,C57H104O6,CCCCCCCCC=CCCCCCCCC(=O)OC(COC(=O)CCCCCCCC=CCCCCCCCC)COC(=O)CCCCCCCC=CCCCCCCCC,[M+NH4]+,TG 18:1_18:1_18:1,TG 18:1(9)_18:1(9)_18:1(9),0.9849999999999994,0.894580000000019,0.34638780972563976,0.34638780972563976,All,All,785274.6425884124,816499.4064961692,761873.4121285763,671044.4560860613,786618.7222821527,1225236.5142700495,1335622.610724822,766615.0105202153,1410450.457999675,1259407.3377234242,1211372.4219346773,1271999.6690203,1129017.6908226742,1145524.874830456,1305096.7953625727,1116083.1871599017,1017680.9754291305,1189222.5421637185
18386,20.353,902.81565,902.81712,1.628236735298365,C57H104O6,CCCCCCCCCCCC=CCCCCC(=O)OC(COC(=O)CCCCCCCC=CCCCCCCCC)COC(=O)CCCCCCCCCC=CCCCCCC,[M+NH4]+,TG 18:1_18:1_18:1,TG 18:1(11)_18:1(6)_18:1(9),0.6283333333333326,0.6016116666667131,0.24087140868437948,0.24087140868437948,All,Some,1400076.4986205166,1490261.141685551,1316228.874406274,1232550.7730168982,1368345.9187342685,1827632.4205781121,2015259.7412863586,1377747.5400335134,2156290.752544006,1915780.8090310441,1851369.181268952,1895752.4271844658,1729246.8699549546,1708534.9721194257,2002089.0298589084,1674895.3435589354,1507577.5608981987,1774161.0478183369
18386,20.353,902.81565,902.81712,1.628236735298365,C57H104O6,CCCCCCCCCCCC=CCCCCC(=O)OC(COC(=O)CCCCC=CCCCCCCCCCCC)COC(=O)CCCCCCCCCC=CCCCCCC,[M+NH4]+,TG 18:1_18:1_18:1,TG 18:1(11)_18:1(6)_18:1(6),0.4499999999999993,0.4551275000000601,0.1881132081637493,0.1881132081637493,All,Some,1400076.4986205166,1490261.141685551,1451651.386280791,1332220.6113473275,1368345.9187342685,1848214.796990649,2196820.9399317643,1377747.5400335134,2357150.713054954,2090616.1806208845,2012418.6940117127,2048891.7696381288,1891264.0979035192,1875074.9342755238,2170693.4266652083,1836097.0853111115,1677576.7674363246,1979927.1487251024
18386,20.353,902.81565,902.81712,1.628236735298365,C57H104O6,CCCCCCCCC=CCCCCCCCC(=O)OC(COC(=O)CCCCCCCC=CCCCCCCCC)COC(=O)CCCCCCCCCC=CCCCCCC,[M+NH4]+,TG 18:1_18:1_18:1,TG 18:1(11)_18:1(9)_18:1(9),0.5149999999999988,0.4848875000000419,0.17319390486281988,0.17319390486281988,All,Some,614801.8560321042,673761.7351893816,689777.9741522146,661176.1552612663,581727.1964521155,622978.2827205994,861198.3292069425,611132.5295132983,946700.2550552794,831208.8428974601,801046.2720770352,776892.1006178287,762246.407080845,729550.0594450677,865596.6313026358,720013.8981512097,659895.792007194,790704.6065613839
18429,20.378,1004.8627,1004.86407,1.3633684802280648,C65H110O6,CCCCCCCCC=CCCCCCCCC(=O)OC(COC(=O)CCCCCCC=CCC=CCC=CCC=CCC=CCC=CCC)COC(=O)CCCCCCCC=CCCCCCCCC,[M+NH4]+,TG 18:1_18:1_26:6,"TG 18:1(9)_18:1(9)_26:6(8,11,14,17,20,23)",0.35619999999999974,0.48369100000001025,0.1373734117402018,0.1373734117402018,Some,Some,0.0,0.0,0.0,0.0,1875.907435686597,2742.3245750899746,0.0,0.0,0.0,0.0,897.1961189470848,0.0,0.0,0.0,0.0,0.0,0.0,0.0
18429,20.378,1004.8627,1004.86407,1.3633684802280648,C65H110O6,CCCCCCCCCCCC=CCCCCC(=O)OC(COC(=O)CCCCCCC=CCC=CCC=CCC=CCC=CCC=CCC)COC(=O)CCCCC=CCCCCCCCCCCC,[M+NH4]+,TG 18:1_18:1_26:6,"TG 18:1(6)_18:1(6)_26:6(8,11,14,17,20,23)",0.38079999999999925,0.49828500000000986,0.1314157462404954,0.1314157462404954,Some,Some,0.0,0.0,0.0,0.0,2948.6363416504864,2981.7054650606415,0.0,0.0,0.0,0.0,1108.3142574791123,0.0,0.0,0.0,0.0,0.0,0.0,0.0
18429,20.378,1004.8627,1004.86407,1.3633684802280648,C65H110O6,CCCCCCC=CCCCCCCCCCC(=O)OC(COC(=O)CCCCCCC=CCC=CCC=CCC=CCC=CCC=CCC)COC(=O)CCCCCCCCCC=CCCCCCC,[M+NH4]+,TG 18:1_18:1_26:6,"TG 18:1(11)_18:1(11)_26:6(8,11,14,17,20,23)",0.35299999999999976,0.4262925000000071,0.1110050841633398,0.1110050841633398,Some,Some,0.0,0.0,0.0,0.0,2883.8606698405897,3787.155963302753,0.0,0.0,0.0,0.0,1255.4029287575238,0.0,0.0,0.0,0.0,0.0,0.0,0.0
18429,20.378,1004.8627,1004.86407,1.3633684802280648,C65H110O6,CCCCCCCCC=CCCCCCCCC(=O)OC(COC(=O)CCCCCCC=CCC=CCC=CCC=CCC=CCC=CCC)COC(=O)CCCCC=CCCCCCCCCCCC,[M+NH4]+,TG 18:1_18:1_26:6,"TG 18:1(6)_18:1(9)_26:6(8,11,14,17,20,23)",0.2989999999999995,0.4751083333333573,0.11095586612987092,0.11095586612987092,Some,Some,0.0,0.0,0.0,0.0,2250.1337055437702,2444.6191932430465,0.0,0.0,0.0,0.0,963.9121372742788,0.0,0.0,0.0,0.0,0.0,0.0,0.0
18429,20.378,1004.8627,1004.86407,1.3633684802280648,C65H110O6,CCCCCCCCC=CCCCCCCCC(=O)OC(COC(=O)CCCCCCC=CCC=CCC=CCC=CCC=CCC=CCC)COC(=O)CCCCCCCCCC=CCCCCCC,[M+NH4]+,TG 18:1_18:1_26:6,"TG 18:1(11)_18:1(9)_26:6(8,11,14,17,20,23)",0.32042857142857123,0.5230171428571647,0.09826953825468801,0.09826953825468801,Some,Some,0.0,0.0,0.0,0.0,1834.216181480227,1800.9028687927769,0.0,0.0,0.0,0.0,813.9130356661575,0.0,0.0,0.0,0.0,0.0,0.0,0.0
18429,20.378,1004.8627,1004.86407,1.3633684802280648,C65H110O6,CCCCCCCCCCCC=CCCCCC(=O)OC(COC(=O)CCCCCCC=CCC=CCC=CCC=CCC=CCC=CCC)COC(=O)CCCCCCCCCC=CCCCCCC,[M+NH4]+,TG 18:1_18:1_26:6,"TG 18:1(11)_18:1(6)_26:6(8,11,14,17,20,23)",0.3347142857142852,0.48115000000002184,0.09510502811131794,0.09510502811131794,Some,Some,0.0,0.0,0.0,0.0,2607.245665798329,3443.2919345108076,0.0,0.0,0.0,0.0,1191.261521875842,0.0,0.0,0.0,0.0,0.0,0.0,0.0
18482,20.446,928.8317,928.83277,1.1519834727913334,C59H106O6,CCCCCCCCC=CCCCCCCCC(=O)OC(COC(=O)CCCCCCCCCC=CCC=CCCCCC)COC(=O)CCCCC=CCCCCCCCCCCC,[M+NH4]+,TG 18:1_18:1_20:2,"TG 18:1(6)_18:1(9)_20:2(11,14)",0.6019999999999996,0.709815999999978,0.5498115290294209,0.5498115290294209,Some,Some,39653.679653679654,45667.01865540304,24469.514219320572,19925.217488289098,37229.42097026604,49156.94069009383,68779.2699724518,25801.82421227197,51732.2280441073,42583.55861391004,47146.06612141459,36365.761553677396,49999.684492822205,36570.880592573,76696.13873227405,32062.518089725032,31840.90551800031,48119.40298507462
18482,20.446,928.8317,928.83277,1.1519834727913334,C59H106O6,CCCCCCC=CCCCCCCCCCC(=O)OC(COC(=O)CCCCCCCCCC=CCC=CCCCCC)COC(=O)CCCCCCCCCC=CCCCCCC,[M+NH4]+,TG 18:1_18:1_20:2,"TG 18:1(11)_18:1(11)_20:2(11,14)",0.4513333333333354,0.6263533333333271,0.48339169791143394,0.48339169791143394,Some,Some,313313.02442413545,342063.53396691306,301823.1714064402,282975.07249609637,304845.48774126236,413546.827794562,442956.26721763087,288933.94140409067,494369.28130132175,507900.58982551,573781.8223706946,421359.46772163274,400332.5445653888,409881.9483482689,692968.9902614043,406749.0593342981,357280.30183933344,420280.3374432188
18482,20.446,928.8317,928.83277,1.1519834727913334,C59H106O6,CCCCCCCCC=CCCCCCCCC(=O)OC(COC(=O)CCCCCCCCCC=CCC=CCCCCC)COC(=O)CCCCCCCCCC=CCCCCCC,[M+NH4]+,TG 18:1_18:1_20:2,"TG 18:1(11)_18:1(9)_20:2(11,14)",0.3903333333333319,0.4889066666666319,0.4396892936981976,0.4396892936981976,Some,Some,15714.606381273046,17476.416754663853,0.0,0.0,7673.23943661972,20912.06869136588,42422.52066115703,0.0,75545.47587393447,48881.789137380176,79164.26678954039,24394.89300485524,18949.99211232055,5641.678515922093,194308.9014180762,31815.340086830678,0.0,27278.390655418556
18482,20.446,928.8317,928.83277,1.1519834727913334,C59H106O6,CCCCCCCCC=CCCCCCCCC(=O)OC(COC(=O)CCCCCCCCCC=CCC=CCCCCC)COC(=O)CCCCCCCC=CCCCCCCCC,[M+NH4]+,TG 18:1_18:1_20:2,"TG 18:1(9)_18:1(9)_20:2(11,14)",0.2959999999999994,0.4746749999999622,0.36623713396450774,0.36623713396450774,Some,Some,273659.3447704559,296396.51531151007,277353.65718711965,263049.8550078073,275289.3062076161,364389.8871044681,361664.94490358134,263132.1171918187,424141.70642058353,465317.0312115999,473272.0884690703,384993.70616795536,350332.86007256666,373311.06775569584,529753.1180591148,374686.541244573,325439.39632133313,372160.93445814407
18482,20.446,928.8317,928.83277,1.1519834727913334,C59H106O6,CCCCCCCCCCCC=CCCCCC(=O)OC(COC(=O)CCCCCCCCCC=CCC=CCCCCC)COC(=O)CCCCC=CCCCCCCCCCCC,[M+NH4]+,TG 18:1_18:1_20:2,"TG 18:1(6)_18:1(6)_20:2(11,14)",0.5109999999999992,0.6454075000000046,0.3604208092618071,0.3604208092618071,Some,Some,273659.3447704559,296396.51531151007,277353.65718711965,263049.8550078073,275289.3062076161,371994.2757195102,361664.94490358134,263132.1171918187,406506.60827402835,416435.2420742197,447471.48945973965,376383.7439309477,355358.8894147342,378952.746271618,454949.5984964975,342871.2011577424,325439.39632133313,358401.0382868268
18482,20.446,928.8317,928.83277,1.1519834727913334,C59H106O6,CCCCCCCCCCCC=CCCCCC(=O)OC(COC(=O)CCCCCCCCCC=CCC=CCCCCC)COC(=O)CCCCCCCCCC=CCCCCCC,[M+NH4]+,TG 18:1_18:1_20:2,"TG 18:1(11)_18:1(6)_20:2(11,14)",0.45914285714285696,0.525115714285708,0.3178487888131653,0.3178487888131653,All,Some,0.0,0.0,0.0,0.0,7673.23943661972,0.0,12512.052341597799,0.0,47704.70008602487,48881.789137380176,79164.26678954039,16502.427620931485,5026.029342167534,5641.678515922093,161323.25303263278,31815.340086830678,0.0,13759.896171317327
18484,20.449,930.8404,930.84842,8.615795899387898,C59H108O6,CCCCCCC=CCCCCCCCCCC(=O)OC(COC(=O)CCCCCCCCCC=CCCCCCCCC)COC(=O)CCCCCCCCCC=CCCCCCC,[M+NH4]+,TG 18:1_18:1_20:1,TG 18:1(11)_18:1(11)_20:1(11),0.06799999999999784,0.0908999999999196,0.0,0.0,Some,None,,,,,,,284000.0,,376000.0,,352000.0,,,,491000.0,,,
18591,20.52,954.84737,954.84842,1.0996509792386617,C61H108O6,CCCCCCCCC=CCCCCCCCC(=O)OC(COC(=O)CCCCCC=CCC=CCC=CCCCCCCCC)COC(=O)CCCCC=CCCCCCCCCCCC,[M+NH4]+,TG 18:1_18:1_22:3,"TG 18:1(6)_18:1(9)_22:3(7,10,13)",0.5346666666666664,0.6330033333332873,0.4422819768739086,0.4422819768739086,Some,Some,24333.333333333332,28833.33333333333,33629.702970297025,22833.333333333332,0.0,0.0,0.0,,0.0,0.0,0.0,0.0,0.0,0.0,0.0,0.0,0.0,0.0
18591,20.52,954.84737,954.84842,1.0996509792386617,C61H108O6,CCCCCCCCCCCC=CCCCCC(=O)OC(COC(=O)CCCCCC=CCC=CCC=CCCCCCCCC)COC(=O)CCCCC=CCCCCCCCCCCC,[M+NH4]+,TG 18:1_18:1_22:3,"TG 18:1(6)_18:1(6)_22:3(7,10,13)",0.43650000000000055,0.5110549999999705,0.33171148265543143,0.33171148265543143,Some,Some,24333.333333333332,28833.33333333333,33629.702970297025,22833.333333333332,0.0,0.0,0.0,,0.0,0.0,0.0,0.0,0.0,0.0,0.0,0.0,0.0,0.0
18591,20.52,954.84737,954.84842,1.0996509792386617,C61H108O6,CCCCCCCCC=CCCCCCCCC(=O)OC(COC(=O)CCCCCC=CCC=CCC=CCCCCCCCC)COC(=O)CCCCCCCC=CCCCCCCCC,[M+NH4]+,TG 18:1_18:1_22:3,"TG 18:1(9)_18:1(9)_22:3(7,10,13)",0.3290000000000006,0.531599999999969,0.2418605804880271,0.2418605804880271,Some,Some,24333.333333333332,28833.33333333333,33629.702970297025,22833.333333333332,0.0,0.0,0.0,,0.0,0.0,0.0,0.0,0.0,0.0,0.0,0.0,0.0,0.0
18591,20.52,954.84737,954.84842,1.0996509792386617,C61H108O6,CCCCCCCCCCCC=CCCCCC(=O)OC(COC(=O)CCCCCC=CCC=CCC=CCCCCCCCC)COC(=O)CCCCCCCCCC=CCCCCCC,[M+NH4]+,TG 18:1_18:1_22:3,"TG 18:1(11)_18:1(6)_22:3(7,10,13)",0.39257142857142824,0.525029999999999,0.1908090086490671,0.1908090086490671,Some,Some,24333.333333333332,28833.33333333333,20370.297029702964,22833.333333333332,0.0,0.0,0.0,,0.0,0.0,0.0,0.0,0.0,0.0,0.0,0.0,0.0,0.0
18591,20.52,954.84737,954.84842,1.0996509792386617,C61H108O6,CCCCCCC=CCCCCCCCCCC(=O)OC(COC(=O)CCCCCC=CCC=CCC=CCCCCCCCC)COC(=O)CCCCCCCCCC=CCCCCCC,[M+NH4]+,TG 18:1_18:1_22:3,"TG 18:1(11)_18:1(11)_22:3(7,10,13)",0.304666666666666,0.46750833333334185,0.08208971514963305,0.08208971514963305,Some,Some,24333.333333333332,28833.33333333333,20370.297029702964,22833.333333333332,0.0,0.0,0.0,,0.0,0.0,0.0,0.0,0.0,0.0,0.0,0.0,0.0,0.0
18591,20.52,954.84737,954.84842,1.0996509792386617,C61H108O6,CCCCCCCCC=CCCCCCCCC(=O)OC(COC(=O)CCCCCC=CCC=CCC=CCCCCCCCC)COC(=O)CCCCCCCCCC=CCCCCCC,[M+NH4]+,TG 18:1_18:1_22:3,"TG 18:1(11)_18:1(9)_22:3(7,10,13)",0.3003333333333333,0.4732333333333448,0.08208971514963305,0.08208971514963305,Some,Some,24333.333333333332,28833.33333333333,20370.297029702964,22833.333333333332,0.0,0.0,0.0,,0.0,0.0,0.0,0.0,0.0,0.0,0.0,0.0,0.0,0.0
18609,20.539,978.84715,978.84842,1.2974429687252187,C63H108O6,CCC=CCC=CCC=CCC=CCC=CCCCC(=O)OC(COC(=O)CCCCCCCCCCCC=CCCCCCCCC)COC(=O)CCCCCCCC=CCCCCCCCC,[M+NH4]+,TG 18:1_20:5_22:1,"TG 18:1(9)_20:5(5,8,11,14,17)_22:1(13)",0.29288888888888603,0.4469788888889197,0.08256303609541894,0.08256303609541894,Some,Some,0.0,0.0,0.0,0.0,0.0,8072.930385801742,8918.635384052372,0.0,12247.50200987711,16321.545927360563,15117.518516369826,8865.977323538806,10424.583583433374,10114.76407238814,29768.483818386994,11325.075492689131,7945.162014517699,11799.65681955201
18609,20.539,978.84715,978.84842,1.2974429687252187,C63H108O6,CCC=CCC=CCC=CCC=CCC=CCCCC(=O)OC(COC(=O)CCCCCCCCCCCC=CCCCCCCCC)COC(=O)CCCCC=CCCCCCCCCCCC,[M+NH4]+,TG 18:1_20:5_22:1,"TG 18:1(6)_20:5(5,8,11,14,17)_22:1(13)",0.3349999999999973,0.5044730000000073,0.07475538726747895,0.07475538726747895,Some,Some,0.0,0.0,0.0,0.0,0.0,8532.134414991055,8461.65575570284,0.0,11617.334711534782,14897.74334646269,14826.176248767186,8585.016767805813,9543.393607442978,9246.852448095926,27879.045403251654,10536.157024793389,7536.541195839257,10437.378843389139
18609,20.539,978.84715,978.84842,1.2974429687252187,C63H108O6,CCC=CCC=CCC=CCC=CCC=CCCCC(=O)OC(COC(=O)CCCCCCCCCCCC=CCCCCCCCC)COC(=O)CCCCCCCCCC=CCCCCCC,[M+NH4]+,TG 18:1_20:5_22:1,"TG 18:1(11)_20:5(5,8,11,14,17)_22:1(13)",0.3867272727272706,0.5303763636363886,0.06775076934739815,0.06775076934739815,Some,Some,0.0,0.0,0.0,0.0,0.0,7394.935199207204,7319.708860244784,0.0,9935.163278588108,12780.710726176745,12856.305234862988,7549.005908655383,8332.02280912365,7838.383479515932,25352.47077836136,9138.76748251748,6418.296789643045,8962.964337058853
18615,20.543,952.8317,952.83277,1.1229672548174365,C61H106O6,CCCCCCCCCCCCCCCCCC(=O)OC(COC(=O)CCC=CCC=CCC=CCC=CCC=CCC=CCCCC)COC(=O)CCCCCCCCCCCCCCC,[M+NH4]+,TG 16:0_18:0_24:6,"TG 16:0_18:0_24:6(4,7,10,13,16,19)",0.2326000000000022,0.48882700000003754,0.0059282829085223546,0.0059282829085223546,Some,Some,0.0,0.0,0.0,0.0,0.0,32500.0,26800.0,0.0,36300.0,38700.0,43400.0,24000.0,36400.0,25600.0,60000.0,27800.0,18400.0,25800.0
18684,20.587,954.84732,954.84842,1.152015311566351,C61H108O6,CCCCCCCCC=CCCCCCCCC(=O)OC(COC(=O)CCCCCCCC=CCC=CCC=CCC=CCCCCC)COC(=O)CCCCCCCCCCCCCCC,[M+NH4]+,TG 16:0_18:1_24:4,"TG 16:0_18:1(9)_24:4(9,12,15,18)",0.24914285714285814,0.6577285714285738,0.27219119505851547,0.27219119505851547,Some,Some,0.0,0.0,0.0,0.0,51666.666666666664,155728.2138576714,0.0,0.0,190653.24436263234,153285.16067892982,197064.54624472847,0.0,170947.85900302432,149645.4117834649,340454.4274214489,133121.41320763348,124089.01823944412,0.0
18684,20.587,954.84732,954.84842,1.152015311566351,C61H108O6,CCCCCCCCCCCC=CCCCCC(=O)OC(COC(=O)CCCCCCCC=CCC=CCC=CCC=CCCCCC)COC(=O)CCCCCCCCCCCCCCC,[M+NH4]+,TG 16:0_18:1_24:4,"TG 16:0_18:1(6)_24:4(9,12,15,18)",0.31685714285714334,0.6515128571428802,0.26076262120788113,0.26076262120788113,Some,Some,0.0,0.0,0.0,0.0,51666.666666666664,146092.63344392143,0.0,0.0,180730.3842613898,148282.74076455756,189302.41766732125,0.0,163752.32836179828,143381.15283425018,318802.90833549725,126267.35618507162,119748.88384354001,0.0
18684,20.587,954.84732,954.84842,1.152015311566351,C61H108O6,CCCCCCC=CCCCCCCCCCC(=O)OC(COC(=O)CCCCCCCC=CCC=CCC=CCC=CCCCCC)COC(=O)CCCCCCCCCCCCCCC,[M+NH4]+,TG 16:0_18:1_24:4,"TG 16:0_18:1(11)_24:4(9,12,15,18)",0.29955555555555613,0.6993188888888981,0.2523291008327686,0.2523291008327686,All,Some,0.0,0.0,0.0,0.0,51666.666666666664,149179.15269840718,0.0,0.0,184616.37137597793,150432.0985565126,194633.03608795028,0.0,163299.8126351774,143973.43538228492,330742.66424305376,128611.23060729486,120162.09791701587,0.0
18700,20.592,878.81537,878.81712,1.991313050450657,C55H104O6,CCCCCCCCCCCCCCCCCC(=O)OC(COC(=O)CCCCC=CCCCCCCCCCCC)COC(=O)CCCCCCCCCCCCCCC,[M+NH4]+,TG 16:0_18:0_18:1,TG 16:0_18:0_18:1(6),0.4580000000000055,0.4597149999999601,0.18294086240703838,0.18294086240703838,All,All,,0.0,0.0,,0.0,0.0,0.0,0.0,0.0,0.0,0.0,0.0,0.0,0.0,0.0,0.0,0.0,43561.391304347824
18700,20.592,878.81537,878.81712,1.991313050450657,C55H104O6,CCCCCCCCCCCCCCCCCC(=O)OC(COC(=O)CCCCCCCCCC=CCCCCCC)COC(=O)CCCCCCCCCCCCCCC,[M+NH4]+,TG 16:0_18:0_18:1,TG 16:0_18:0_18:1(11),0.44600000000000506,0.0767399999999725,0.002000650891061998,0.002000650891061998,Some,Some,,0.0,0.0,,0.0,0.0,192000.0,0.0,0.0,181000.0,88400.0,122000.0,0.0,0.0,117000.0,135000.0,0.0,46538.60869565217
18716,20.599,904.831,904.83277,1.9561625735161718,C57H106O6,CCCCCCCCCCCC=CCCCCC(=O)OC(COC(=O)CCCCC=CCCCCCCCCCCC)COC(=O)CCCCCCCCCCCCCCCCC,[M+NH4]+,TG 18:0_18:1_18:1,TG 18:0_18:1(6)_18:1(6),0.4609999999999985,0.8530650000000151,0.36555037341726715,0.36555037341726715,All,Some,0.0,12766.666666666668,0.0,0.0,0.0,30833.333333333332,118315.53100061388,17400.000000000004,0.0,64496.68614284469,0.0,56247.15466634719,0.0,0.0,72747.72718328152,70539.56834532373,0.0,46520.183029039996
18716,20.599,904.831,904.83277,1.9561625735161718,C57H106O6,CCCCCCC=CCCCCCCCCCC(=O)OC(COC(=O)CCCCC=CCCCCCCCCCCC)COC(=O)CCCCCCCCCCCCCCCCC,[M+NH4]+,TG 18:0_18:1_18:1,TG 18:0_18:1(11)_18:1(6),0.43599999999999994,0.6801000000000101,0.18277518670863357,0.18277518670863357,All,Some,0.0,12766.666666666668,0.0,0.0,0.0,30833.333333333332,99342.23449969308,17400.000000000004,0.0,64496.68614284469,0.0,49376.42266682641,0.0,0.0,72747.72718328152,57230.21582733812,0.0,39565.532551080505
18716,20.599,904.831,904.83277,1.9561625735161718,C57H106O6,CCCCCCCCCCCC=CCCCCC(=O)OC(COC(=O)CCCCCCCC=CCCCCCCCC)COC(=O)CCCCCCCCCCCCCCCCC,[M+NH4]+,TG 18:0_18:1_18:1,TG 18:0_18:1(6)_18:1(9),0.3359999999999985,0.8734950000000197,0.18277518670863357,0.18277518670863357,All,Some,0.0,12766.666666666668,0.0,0.0,0.0,30833.333333333332,99342.23449969308,17400.000000000004,0.0,70006.62771431063,0.0,49376.42266682641,0.0,0.0,77504.54563343698,57230.21582733812,0.0,42914.28441987949
18732,20.619,930.84603,930.84842,2.5675501495627313,C59H108O6,CCCCCCC=CCCCCCCCCCC(=O)OC(COC(=O)CCCCCCCCCC=CCCCCCCCC)COC(=O)CCCCCCCCCC=CCCCCCC,[M+NH4]+,TG 18:1_18:1_20:1,TG 18:1(11)_18:1(11)_20:1(11),0.18400000000000105,0.47242500000004384,0.0004413597974948614,0.0004413597974948614,Some,Some,0.0,0.0,0.0,0.0,0.0,0.0,15840.87411511234,0.0,0.0,0.0,0.0,0.0,0.0,0.0,0.0,0.0,0.0,0.0
18732,20.619,930.84603,930.84842,2.5675501495627313,C59H108O6,CCCCCCC=CCCCCCCCCCC(=O)OC(COC(=O)CCCCCCCCCCCC=CCCCCCC)COC(=O)CCCCCCCCCC=CCCCCCC,[M+NH4]+,TG 18:1_18:1_20:1,TG 18:1(11)_18:1(11)_20:1(13),0.16199999999999903,0.4767100000000255,0.0004413597974948614,0.0004413597974948614,All,Some,0.0,0.0,0.0,0.0,0.0,0.0,3984.918436441982,0.0,0.0,0.0,0.0,0.0,0.0,0.0,0.0,0.0,0.0,0.0
18732,20.619,930.84603,930.84842,2.5675501495627313,C59H108O6,CCCCCCCCCCCC=CCCCCC(=O)OC(COC(=O)CCCCCCCCCCCC=CCCCCCC)COC(=O)CCCCC=CCCCCCCCCCCC,[M+NH4]+,TG 18:1_18:1_20:1,TG 18:1(6)_18:1(6)_20:1(13),0.010999999999999233,0.4495550000000321,0.0004413597974948614,0.0004413597974948614,Some,Some,0.0,0.0,0.0,0.0,0.0,0.0,15840.87411511234,0.0,0.0,0.0,0.0,0.0,0.0,0.0,0.0,0.0,0.0,0.0
18732,20.619,930.84603,930.84842,2.5675501495627313,C59H108O6,CCCCCCCCC=CCCCCCCCC(=O)OC(COC(=O)CCCCCCCCCCCC=CCCCCCC)COC(=O)CCCCCCCC=CCCCCCCCC,[M+NH4]+,TG 18:1_18:1_20:1,TG 18:1(9)_18:1(9)_20:1(13),0.18400000000000105,0.47242500000004384,0.0004413597974948614,0.0004413597974948614,Some,Some,0.0,0.0,0.0,0.0,0.0,0.0,3984.918436441982,0.0,0.0,0.0,0.0,0.0,0.0,0.0,0.0,0.0,0.0,0.0
18732,20.619,930.84603,930.84842,2.5675501495627313,C59H108O6,CCCCCCCCCCCC=CCCCCC(=O)OC(COC(=O)CCCCCCCCCCCC=CCCCCCC)COC(=O)CCCCCCCCCC=CCCCCCC,[M+NH4]+,TG 18:1_18:1_20:1,TG 18:1(11)_18:1(6)_20:1(13),0.15999999999999837,0.6645225000000323,0.0002206798987474307,0.0002206798987474307,All,Some,0.0,0.0,0.0,0.0,0.0,0.0,15840.87411511234,0.0,0.0,0.0,0.0,0.0,0.0,0.0,0.0,0.0,0.0,0.0
18732,20.619,930.84603,930.84842,2.5675501495627313,C59H108O6,CCCCCCCCC=CCCCCCCCC(=O)OC(COC(=O)CCCCCCCCCC=CCCCCCCCC)COC(=O)CCCCCCCCCC=CCCCCCC,[M+NH4]+,TG 18:1_18:1_20:1,TG 18:1(11)_18:1(9)_20:1(11),0.17249999999999943,0.6854550000000188,0.0002206798987474307,0.0002206798987474307,All,Some,0.0,0.0,0.0,0.0,0.0,0.0,15840.87411511234,0.0,0.0,0.0,0.0,0.0,0.0,0.0,0.0,0.0,0.0,0.0
18732,20.619,930.84603,930.84842,2.5675501495627313,C59H108O6,CCCCCCCCC=CCCCCCCCC(=O)OC(COC(=O)CCCCCCCCCCCC=CCCCCCC)COC(=O)CCCCCCCCCC=CCCCCCC,[M+NH4]+,TG 18:1_18:1_20:1,TG 18:1(11)_18:1(9)_20:1(13),0.17249999999999943,0.6854550000000188,0.0002206798987474307,0.0002206798987474307,All,Some,0.0,0.0,0.0,0.0,0.0,0.0,3984.918436441982,0.0,0.0,0.0,0.0,0.0,0.0,0.0,0.0,0.0,0.0,0.0
18732,20.619,930.84603,930.84842,2.5675501495627313,C59H108O6,CCCCCCCCCCCC=CCCCCC(=O)OC(COC(=O)CCCCCCCCCC=CCCCCCCCC)COC(=O)CCCCCCCCCC=CCCCCCC,[M+NH4]+,TG 18:1_18:1_20:1,TG 18:1(11)_18:1(6)_20:1(11),0.16766666666666552,0.7410816666666923,0.00014711993249828714,0.00014711993249828714,All,Some,0.0,0.0,0.0,0.0,0.0,0.0,15840.87411511234,0.0,0.0,0.0,0.0,0.0,0.0,0.0,0.0,0.0,0.0,0.0
18732,20.619,930.84603,930.84842,2.5675501495627313,C59H108O6,CCCCCCCCC=CCCCCCCCC(=O)OC(COC(=O)CCCCCCCCCCCC=CCCCCCC)COC(=O)CCCCC=CCCCCCCCCCCC,[M+NH4]+,TG 18:1_18:1_20:1,TG 18:1(6)_18:1(9)_20:1(13),0.16766666666666552,0.7410816666666923,0.00014711993249828714,0.00014711993249828714,All,Some,0.0,0.0,0.0,0.0,0.0,0.0,15840.87411511234,0.0,0.0,0.0,0.0,0.0,0.0,0.0,0.0,0.0,0.0,0.0
18749,20.643,980.86358,980.86407,0.4995595363314961,C63H110O6,CCCCCCCCC=CCCCCCCCC(=O)OC(COC(=O)CCCCCCC=CCC=CCC=CCC=CCC=CCCCCC)COC(=O)CCCCCCCCCCCCCCC,[M+NH4]+,TG 16:0_18:1_26:5,"TG 16:0_18:1(9)_26:5(8,11,14,17,20)",0.4825714285714276,0.7255942857143184,0.19816857905124083,0.19816857905124083,Some,Some,8177.2930866601755,10287.219130802281,10233.530967485434,7690.6608828782855,8290.385047569105,41927.278992019215,46312.85299823179,9126.083036029324,55106.40537553289,55715.48815236953,60607.89182962409,40526.0755657389,42217.342862577796,41191.10361547381,89697.55916973067,36710.08336005131,34819.60951227231,37174.37550206633
18749,20.643,980.86358,980.86407,0.4995595363314961,C63H110O6,CCCCCCCCCCCC=CCCCCC(=O)OC(COC(=O)CCCCCCC=CCC=CCC=CCC=CCC=CCCCCC)COC(=O)CCCCCCCCCCCCCCC,[M+NH4]+,TG 16:0_18:1_26:5,"TG 16:0_18:1(6)_26:5(8,11,14,17,20)",0.4146666666666654,0.5944250000000579,0.1591595779334442,0.1591595779334442,Some,Some,10047.189873417721,13179.893639501304,13542.372646972395,9896.953696979213,8936.362274327666,53617.48135179683,63238.31350534755,10341.435684321948,73621.46704328145,83793.30383923215,81432.29437147686,56274.11065570029,62448.24587624665,56919.36333930643,128658.96527643396,53403.868761355145,51564.34098374969,55241.562865964006
18749,20.643,980.86358,980.86407,0.4995595363314961,C63H110O6,CCCCCCC=CCCCCCCCCCC(=O)OC(COC(=O)CCCCCCC=CCC=CCC=CCC=CCC=CCCCCC)COC(=O)CCCCCCCCCCCCCCC,[M+NH4]+,TG 16:0_18:1_26:5,"TG 16:0_18:1(11)_26:5(8,11,14,17,20)",0.34250000000000025,0.45263500000005763,0.11938782310226902,0.11938782310226902,All,Some,8613.639727361246,10287.219130802281,11155.860745708802,8014.03419239602,8933.266536819237,47694.784090591624,52927.263051278096,9563.609989414668,62562.06249232442,64044.991001799644,68574.7873133976,46109.34119601632,47963.5587923585,46833.98334563088,96960.37962861688,40776.290477717215,40687.36971919371,41306.11770854504
18749,20.643,980.86358,980.86407,0.4995595363314961,C63H110O6,CCCCCCCCC=CCCCCCCCC(=O)OC(COC(=O)CCCCCCCCCC=CCC=CCC=CCC=CCC=CCC)COC(=O)CCCCCCCCCCCCCCC,[M+NH4]+,TG 16:0_18:1_26:5,"TG 16:0_18:1(9)_26:5(11,14,17,20,23)",0.26200000000000045,0.3442283333333383,0.07579796375470048,0.07579796375470048,Some,Some,10047.189873417721,13179.893639501304,13964.833797168587,9896.953696979213,9174.734062476591,54480.914111172155,65898.45667885529,10778.962637707295,76797.22451271073,87181.57618476305,84725.27783810324,59361.4612905876,64816.10913340038,58881.62749024981,130454.52786214907,54853.184781447046,54167.19597507339,57061.56422093822
18749,20.643,980.86358,980.86407,0.4995595363314961,C63H110O6,CCCCCCCCCCCC=CCCCCC(=O)OC(COC(=O)CCCCCCCCCC=CCC=CCC=CCC=CCC=CCC)COC(=O)CCCCCCCCCCCCCCC,[M+NH4]+,TG 16:0_18:1_26:5,"TG 16:0_18:1(6)_26:5(11,14,17,20,23)",0.2949999999999993,0.3656066666666599,0.022276752693609733,0.022276752693609733,Some,Some,9422.395326192795,11786.549975346905,11847.280081588908,8697.552358333172,9559.637426024421,47412.61652216832,51848.82662958576,10487.278002117066,61698.889454200944,62093.41256748652,66917.6730527727,45990.48810099775,47661.920160873946,46222.83124275325,99089.7326950098,41281.39360906273,39508.37616911676,41893.944233132985
18749,20.643,980.86358,980.86407,0.4995595363314961,C63H110O6,CCCCCCC=CCCCCCCCCCC(=O)OC(COC(=O)CCCCCCCCCC=CCC=CCC=CCC=CCC=CCC)COC(=O)CCCCCCCCCCCCCCC,[M+NH4]+,TG 16:0_18:1_26:5,"TG 16:0_18:1(11)_26:5(11,14,17,20,23)",0.20342857142857237,0.19842857142860534,0.0032443305696670094,0.0032443305696670094,All,Some,11292.292112950341,14679.224484045926,15156.121761075869,10903.8451724341,10205.61465278298,57866.924932251844,68774.28713670152,11702.63065040969,80213.9511219495,90171.22825434913,87742.07559462548,61738.52319095914,67892.82317454279,61951.090966585856,139138.8353680597,57975.17901036658,56253.107640594135,59322.43546935338
18750,20.645,956.85566,956.86407,8.789127174590462,C61H110O6,CCCCCCCCC=CCCCCCCCC(=O)OC(COC(=O)CCCCCCCCCCCC=CCC=CCCCCC)COC(=O)CCCCC=CCCCCCCCCCCC,[M+NH4]+,TG 18:1_18:1_22:2,"TG 18:1(6)_18:1(9)_22:2(13,16)",0.27300000000000324,0.524310000000014,0.395005578468229,0.395005578468229,Some,Some,0.0,1535.2572145545798,0.0,0.0,0.0,23250.815850815852,15902.809346304208,2546.666666666667,13008.6940436552,48000.0,51333.33333333333,36000.00000000001,0.0,20000.0,0.0,0.0,1527.4753018660813,20171.390903098225
18750,20.645,956.85566,956.86407,8.789127174590462,C61H110O6,CCCCCCCCC=CCCCCCCCC(=O)OC(COC(=O)CCCCCCCCCCCC=CCC=CCCCCC)COC(=O)CCCCCCCC=CCCCCCCCC,[M+NH4]+,TG 18:1_18:1_22:2,"TG 18:1(9)_18:1(9)_22:2(13,16)",0.4420000000000037,0.4627749999999651,0.395005578468229,0.395005578468229,Some,Some,0.0,1535.2572145545798,0.0,0.0,0.0,23250.815850815852,18317.48340758251,2546.666666666667,13008.6940436552,48000.0,51333.33333333333,36000.00000000001,0.0,20000.0,0.0,0.0,2841.262349066959,20171.390903098225
18750,20.645,956.85566,956.86407,8.789127174590462,C61H110O6,CCCCCCCCC=CCCCCCCCC(=O)OC(COC(=O)CCCCCCCCCCCC=CCC=CCCCCC)COC(=O)CCCCCCCCCC=CCCCCCC,[M+NH4]+,TG 18:1_18:1_22:2,"TG 18:1(11)_18:1(9)_22:2(13,16)",0.3890000000000029,0.27098750000004657,0.20209962578466656,0.20209962578466656,Some,Some,0.0,3066.6666666666665,0.0,0.0,0.0,31725.874125874125,37390.21729248114,2546.666666666667,24166.666666666668,48000.0,51333.33333333333,36000.00000000001,0.0,20000.0,0.0,0.0,2841.262349066959,31467.369808833228
18750,20.645,956.85566,956.86407,8.789127174590462,C61H110O6,CCCCCCC=CCCCCCCCCCC(=O)OC(COC(=O)CCCCCCCCCCCC=CCC=CCCCCC)COC(=O)CCCCCCCCCC=CCCCCCC,[M+NH4]+,TG 18:1_18:1_22:2,"TG 18:1(11)_18:1(11)_22:2(13,16)",0.48400000000000176,0.06300000000004502,0.009193673101104128,0.009193673101104128,Some,Some,0.0,1531.409452112087,0.0,0.0,0.0,8475.058275058274,23902.082007455225,0.0,11157.97262301147,0.0,0.0,0.0,0.0,0.0,0.0,0.0,0.0,11295.978905735004
18750,20.645,956.85566,956.86407,8.789127174590462,C61H110O6,CCCCCCCCCCCC=CCCCCC(=O)OC(COC(=O)CCCCCCCCCCCC=CCC=CCCCCC)COC(=O)CCCCCCCCCC=CCCCCCC,[M+NH4]+,TG 18:1_18:1_22:2,"TG 18:1(11)_18:1(6)_22:2(13,16)",0.2565000000000026,0.08608750000007603,0.004596836550552064,0.004596836550552064,All,Some,0.0,1531.409452112087,0.0,0.0,0.0,19297.435897435895,21487.407946176925,0.0,11157.97262301147,0.0,0.0,0.0,0.0,0.0,0.0,0.0,0.0,18893.869479235338
18755,20.653,876.79951,876.80147,2.2353977120271136,C55H102O6,CCCCCCCCCCCC=CCCCCC(=O)OC(COC(=O)CCCCC=CCCCCCCCCCCC)COC(=O)CCCCCCCCCCCCCCC,[M+NH4]+,TG 16:0_18:1_18:1,TG 16:0_18:1(6)_18:1(6),0.11200000000000188,0.8352300000000241,0.429432096411125,0.429432096411125,Some,Some,0.0,0.0,2697.339593114241,0.0,0.0,0.0,0.0,0.0,0.0,0.0,0.0,0.0,0.0,0.0,0.0,0.0,0.0,0.0
18755,20.653,876.79951,876.80147,2.2353977120271136,C55H102O6,CCCCCCCCCCCC=CCCCCC(=O)OC(COC(=O)CCCCCCCC=CCCCCCCCC)COC(=O)CCCCCCCCCCCCCCC,[M+NH4]+,TG 16:0_18:1_18:1,TG 16:0_18:1(6)_18:1(9),0.24066666666666947,0.8688466666667031,0.40680500403058933,0.40680500403058933,Some,Some,0.0,0.0,5532.44653103808,0.0,0.0,0.0,0.0,0.0,0.0,0.0,0.0,0.0,0.0,0.0,0.0,0.0,0.0,0.0
18755,20.653,876.79951,876.80147,2.2353977120271136,C55H102O6,CCCCCCCCC=CCCCCCCCC(=O)OC(COC(=O)CCCCCCCC=CCCCCCCCC)COC(=O)CCCCCCCCCCCCCCC,[M+NH4]+,TG 16:0_18:1_18:1,TG 16:0_18:1(9)_18:1(9),0.30500000000000327,0.8856550000000425,0.3954914578403215,0.3954914578403215,All,Some,0.0,0.0,0.0,0.0,0.0,0.0,0.0,0.0,0.0,0.0,0.0,0.0,0.0,0.0,0.0,0.0,0.0,0.0
18755,20.653,876.79951,876.80147,2.2353977120271136,C55H102O6,CCCCCCC=CCCCCCCCCCC(=O)OC(COC(=O)CCCCCCCC=CCCCCCCCC)COC(=O)CCCCCCCCCCCCCCC,[M+NH4]+,TG 16:0_18:1_18:1,TG 16:0_18:1(11)_18:1(9),0.30400000000000205,0.8984766666667005,0.2636609718935477,0.2636609718935477,All,Some,0.0,0.0,2835.1069379238393,0.0,0.0,0.0,0.0,0.0,0.0,0.0,0.0,0.0,0.0,0.0,0.0,0.0,0.0,0.0
18755,20.653,876.79951,876.80147,2.2353977120271136,C55H102O6,CCCCCCC=CCCCCCCCCCC(=O)OC(COC(=O)CCCCC=CCCCCCCCCCCC)COC(=O)CCCCCCCCCCCCCCC,[M+NH4]+,TG 16:0_18:1_18:1,TG 16:0_18:1(11)_18:1(6),0.20700000000000074,0.8796750000000202,0.2147160482055625,0.2147160482055625,Some,Some,0.0,0.0,2835.1069379238393,0.0,0.0,0.0,0.0,0.0,0.0,0.0,0.0,0.0,0.0,0.0,0.0,0.0,0.0,0.0
18773,20.674,902.81629,902.81712,0.9193445512691445,C57H104O6,CCCCCCCCCCCC=CCCCCC(=O)OC(COC(=O)CCCCCCCC=CCCCCCCCC)COC(=O)CCCCC=CCCCCCCCCCCC,[M+NH4]+,TG 18:1_18:1_18:1,TG 18:1(6)_18:1(6)_18:1(9),0.360000000000003,0.8695249999999533,0.6815578261224275,0.6815578261224275,Some,Some,0.0,0.0,0.0,0.0,0.0,0.0,0.0,1665.9301346801344,0.0,0.0,6229.10344118101,0.0,0.0,0.0,9482.591876208897,0.0,0.0,0.0
18773,20.674,902.81629,902.81712,0.9193445512691445,C57H104O6,CCCCCCC=CCCCCCCCCCC(=O)OC(COC(=O)CCCCC=CCCCCCCCCCCC)COC(=O)CCCCCCCCCC=CCCCCCC,[M+NH4]+,TG 18:1_18:1_18:1,TG 18:1(11)_18:1(11)_18:1(6),0.485000000000003,0.8357000000000312,0.4234898137106342,0.4234898137106342,Some,Some,0.0,0.0,0.0,0.0,0.0,0.0,0.0,1328.0513468013469,0.0,0.0,4119.129674399465,0.0,0.0,0.0,6289.264990328818,0.0,0.0,0.0
18773,20.674,902.81629,902.81712,0.9193445512691445,C57H104O6,CCCCCCCCCCCC=CCCCCC(=O)OC(COC(=O)CCCCC=CCCCCCCCCCCC)COC(=O)CCCCC=CCCCCCCCCCCC,[M+NH4]+,TG 18:1_18:1_18:1,TG 18:1(6)_18:1(6)_18:1(6),0.485000000000003,0.8357000000000312,0.4234898137106342,0.4234898137106342,All,All,0.0,0.0,0.0,0.0,0.0,0.0,0.0,3111.300505050505,0.0,0.0,9142.019443444267,0.0,0.0,0.0,13680.560928433268,0.0,0.0,0.0
18773,20.674,902.81629,902.81712,0.9193445512691445,C57H104O6,CCCCCCCCC=CCCCCCCCC(=O)OC(COC(=O)CCCCCCCC=CCCCCCCCC)COC(=O)CCCCC=CCCCCCCCCCCC,[M+NH4]+,TG 18:1_18:1_18:1,TG 18:1(6)_18:1(9)_18:1(9),0.4250000000000025,0.865460000000013,0.3445938900870511,0.3445938900870511,All,All,0.0,0.0,0.0,0.0,0.0,0.0,0.0,4439.351851851852,0.0,0.0,13261.149117843734,0.0,0.0,0.0,19969.825918762086,0.0,0.0,0.0
18773,20.674,902.81629,902.81712,0.9193445512691445,C57H104O6,CCCCCCC=CCCCCCCCCCC(=O)OC(COC(=O)CCCCCCCC=CCCCCCCCC)COC(=O)CCCCCCCCCC=CCCCCCC,[M+NH4]+,TG 18:1_18:1_18:1,TG 18:1(11)_18:1(11)_18:1(9),0.365000000000002,0.8952199999999948,0.26569796646346805,0.26569796646346805,Some,Some,0.0,0.0,0.0,0.0,0.0,0.0,0.0,2773.4217171717173,0.0,0.0,7032.045676662724,0.0,0.0,0.0,10487.23404255319,0.0,0.0,0.0
18773,20.674,902.81629,902.81712,0.9193445512691445,C57H104O6,CCCCCCCCC=CCCCCCCCC(=O)OC(COC(=O)CCCCCCCC=CCCCCCCCC)COC(=O)CCCCCCCC=CCCCCCCCC,[M+NH4]+,TG 18:1_18:1_18:1,TG 18:1(9)_18:1(9)_18:1(9),0.365000000000002,0.8952199999999948,0.26569796646346805,0.26569796646346805,All,All,0.0,0.0,0.0,0.0,0.0,0.0,0.0,1665.9301346801344,0.0,0.0,6229.10344118101,0.0,0.0,0.0,9482.591876208897,0.0,0.0,0.0
18773,20.674,902.81629,902.81712,0.9193445512691445,C57H104O6,CCCCCCCCCCCC=CCCCCC(=O)OC(COC(=O)CCCCCCCC=CCCCCCCCC)COC(=O)CCCCCCCCCC=CCCCCCC,[M+NH4]+,TG 18:1_18:1_18:1,TG 18:1(11)_18:1(6)_18:1(9),0.377333333333335,0.8827733333333185,0.22972926005803407,0.22972926005803407,All,Some,0.0,0.0,0.0,0.0,0.0,0.0,0.0,2993.9814814814818,0.0,0.0,9520.086415307856,0.0,0.0,0.0,14546.808510638295,0.0,0.0,0.0
18773,20.674,902.81629,902.81712,0.9193445512691445,C57H104O6,CCCCCCCCCCCC=CCCCCC(=O)OC(COC(=O)CCCCC=CCCCCCCCCCCC)COC(=O)CCCCCCCCCC=CCCCCCC,[M+NH4]+,TG 18:1_18:1_18:1,TG 18:1(11)_18:1(6)_18:1(6),0.3835000000000015,0.8765499999999804,0.2117449068553171,0.2117449068553171,All,Some,0.0,0.0,0.0,0.0,0.0,0.0,0.0,2993.9814814814818,0.0,0.0,10348.233115580475,0.0,0.0,0.0,15771.856866537715,0.0,0.0,0.0
18773,20.674,902.81629,902.81712,0.9193445512691445,C57H104O6,CCCCCCCCC=CCCCCCCCC(=O)OC(COC(=O)CCCCCCCC=CCCCCCCCC)COC(=O)CCCCCCCCCC=CCCCCCC,[M+NH4]+,TG 18:1_18:1_18:1,TG 18:1(11)_18:1(9)_18:1(9),0.323500000000001,0.9063099999999622,0.13284898323173402,0.13284898323173402,All,Some,0.0,0.0,0.0,0.0,0.0,0.0,0.0,1328.0513468013469,0.0,0.0,4119.129674399465,0.0,0.0,0.0,6289.264990328818,0.0,0.0,0.0
18800,20.701,876.79991,876.80147,1.7791940974282558,C55H102O6,CCCCCCCCCCCC=CCCCCC(=O)OC(COC(=O)CCCCC=CCCCCCCCCCCC)COC(=O)CCCCCCCCCCCCCCC,[M+NH4]+,TG 16:0_18:1_18:1,TG 16:0_18:1(6)_18:1(6),0.015999999999998238,0.8356299999999237,0.5786285492603354,0.5786285492603354,Some,Some,0.0,0.0,2639.1236306729265,1369.9115044247785,4828.578919769272,0.0,0.0,0.0,0.0,0.0,0.0,0.0,0.0,3928.1021897810224,0.0,0.0,0.0,0.0
18800,20.701,876.79991,876.80147,1.7791940974282558,C55H102O6,CCCCCCCCCCCC=CCCCCC(=O)OC(COC(=O)CCCCCCCC=CCCCCCCCC)COC(=O)CCCCCCCCCCCCCCC,[M+NH4]+,TG 16:0_18:1_18:1,TG 16:0_18:1(6)_18:1(9),0.14466666666666583,0.8692466666666027,0.4382469209260888,0.4382469209260888,Some,Some,0.0,0.0,5413.041210224309,2749.9705014749266,9676.192973256426,0.0,0.0,0.0,0.0,0.0,0.0,0.0,0.0,8942.700729927008,0.0,0.0,0.0,0.0
18800,20.701,876.79991,876.80147,1.7791940974282558,C55H102O6,CCCCCCCCC=CCCCCCCCC(=O)OC(COC(=O)CCCCCCCC=CCCCCCCCC)COC(=O)CCCCCCCCCCCCCCC,[M+NH4]+,TG 16:0_18:1_18:1,TG 16:0_18:1(9)_18:1(9),0.20899999999999963,0.8860549999999421,0.36805610675896544,0.36805610675896544,All,Some,0.0,0.0,0.0,0.0,0.0,0.0,0.0,0.0,0.0,0.0,0.0,0.0,0.0,0.0,0.0,0.0,0.0,0.0
18800,20.701,876.79991,876.80147,1.7791940974282558,C55H102O6,CCCCCCC=CCCCCCCCCCC(=O)OC(COC(=O)CCCCC=CCCCCCCCCCCC)COC(=O)CCCCCCCCCCCCCCC,[M+NH4]+,TG 16:0_18:1_18:1,TG 16:0_18:1(11)_18:1(6),0.1109999999999971,0.8800749999999198,0.2893142746301677,0.2893142746301677,Some,Some,0.0,0.0,2773.9175795513825,1380.0589970501474,4847.614053487153,0.0,0.0,0.0,0.0,0.0,0.0,0.0,0.0,5014.598540145986,0.0,0.0,0.0,0.0
18800,20.701,876.79991,876.80147,1.7791940974282558,C55H102O6,CCCCCCC=CCCCCCCCCCC(=O)OC(COC(=O)CCCCCCCC=CCCCCCCCC)COC(=O)CCCCCCCCCCCCCCC,[M+NH4]+,TG 16:0_18:1_18:1,TG 16:0_18:1(11)_18:1(9),0.2079999999999984,0.8988766666666,0.2453707378393103,0.2453707378393103,All,Some,0.0,0.0,2773.9175795513825,1380.0589970501474,4847.614053487153,0.0,0.0,0.0,0.0,0.0,0.0,0.0,0.0,5014.598540145986,0.0,0.0,0.0,0.0
18805,20.705,956.85903,956.86407,5.267205821625374,C61H110O6,CCCCCCCCC=CCCCCCCCC(=O)OC(COC(=O)CCCCCCCCCCCC=CCC=CCCCCC)COC(=O)CCCCC=CCCCCCCCCCCC,[M+NH4]+,TG 18:1_18:1_22:2,"TG 18:1(6)_18:1(9)_22:2(13,16)",0.2980000000000042,0.5858733333333248,0.26333705231215265,0.26333705231215265,Some,Some,0.0,0.0,0.0,0.0,0.0,0.0,0.0,1491.8672230002,0.0,0.0,0.0,0.0,0.0,0.0,0.0,0.0,0.0,0.0
18805,20.705,956.85903,956.86407,5.267205821625374,C61H110O6,CCCCCCCCC=CCCCCCCCC(=O)OC(COC(=O)CCCCCCCCCCCC=CCC=CCCCCC)COC(=O)CCCCCCCC=CCCCCCCCC,[M+NH4]+,TG 18:1_18:1_22:2,"TG 18:1(9)_18:1(9)_22:2(13,16)",0.3970000000000038,0.4858625000000245,0.1975027892341145,0.1975027892341145,Some,Some,0.0,0.0,0.0,0.0,0.0,0.0,0.0,1639.0663884999,0.0,0.0,0.0,0.0,0.0,0.0,0.0,0.0,0.0,0.0
18805,20.705,956.85903,956.86407,5.267205821625374,C61H110O6,CCCCCCCCC=CCCCCCCCC(=O)OC(COC(=O)CCCCCCCCCCCC=CCC=CCCCCC)COC(=O)CCCCCCCCCC=CCCCCCC,[M+NH4]+,TG 18:1_18:1_22:2,"TG 18:1(11)_18:1(9)_22:2(13,16)",0.4484000000000023,0.38369200000004183,0.16167970062773324,0.16167970062773324,Some,Some,0.0,0.0,0.0,0.0,0.0,0.0,0.0,19.303020776771174,0.0,0.0,0.0,0.0,0.0,0.0,0.0,0.0,0.0,0.0
18805,20.705,956.85903,956.86407,5.267205821625374,C61H110O6,CCCCCCC=CCCCCCCCCCC(=O)OC(COC(=O)CCCCCCCCCCCC=CCC=CCCCCC)COC(=O)CCCCCCCCCC=CCCCCCC,[M+NH4]+,TG 18:1_18:1_22:2,"TG 18:1(11)_18:1(11)_22:2(13,16)",0.42200000000000176,0.08083000000006753,0.006129115400736085,0.006129115400736085,Some,Some,0.0,0.0,0.0,0.0,0.0,0.0,0.0,136.59340973393162,0.0,0.0,0.0,0.0,0.0,0.0,0.0,0.0,0.0,0.0
18805,20.705,956.85903,956.86407,5.267205821625374,C61H110O6,CCCCCCCCCCCC=CCCCCC(=O)OC(COC(=O)CCCCCCCCCCCC=CCC=CCCCCC)COC(=O)CCCCCCCCCC=CCCCCCC,[M+NH4]+,TG 18:1_18:1_22:2,"TG 18:1(11)_18:1(6)_22:2(13,16)",0.3953333333333345,0.3293800000000336,0.0030645577003680425,0.0030645577003680425,Some,Some,0.0,0.0,0.0,0.0,0.0,0.0,0.0,1483.1699579891974,0.0,0.0,0.0,0.0,0.0,0.0,0.0,0.0,0.0,0.0
18807,20.709,1006.87862,1006.87972,1.0924840159308582,C65H112O6,CCCCCCCCC=CCCCCCCCCCC(=O)OC(COC(=O)CCCCCCC=CCC=CCC=CCC=CCC=CCC=CCC)COC(=O)CCCCCCCCCCCCCCC,[M+NH4]+,TG 16:0_20:1_26:6,"TG 16:0_20:1(11)_26:6(8,11,14,17,20,23)",0.3031111111111113,0.5248855555555312,0.2065153695022443,0.2065153695022443,Some,Some,18585.040266818516,15322.922221375793,21929.69392033543,19587.411598302686,20064.454976303314,88436.33193483354,107297.18324717796,17995.00167448091,106472.30169050717,113694.07061208402,100359.90511391844,88936.25756266207,91007.31407826598,67638.10501111682,141573.4582829504,82775.90308126347,78049.82161060143,74427.60892646285
18807,20.709,1006.87862,1006.87972,1.0924840159308582,C65H112O6,CCCCCCC=CCCCCCCCCCCCC(=O)OC(COC(=O)CCCCCCC=CCC=CCC=CCC=CCC=CCC=CCC)COC(=O)CCCCCCCCCCCCCCC,[M+NH4]+,TG 16:0_20:1_26:6,"TG 16:0_20:1(13)_26:6(8,11,14,17,20,23)",0.35120000000000007,0.5599569999999972,0.1847217913608079,0.1847217913608079,All,Some,16514.959733181488,13677.07777862421,19370.30607966457,17212.58840169731,17735.545023696683,87563.66806516646,104702.81675282204,16104.99832551909,106527.69830949284,115305.929387916,97640.09488608154,82063.74243733795,89992.68592173402,92361.89498888318,144426.54171704958,80224.09691873651,75950.17838939857,95572.39107353715
18811,20.727,1032.89488,1032.89537,0.47439461356065266,C67H114O6,CCCCCCCCCCCC=CCCCCC(=O)OC(COC(=O)CCCCCCCCC=CCC=CCC=CCC=CCC=CCC=CCC)COC(=O)CCCCC=CCCCCCCCCCCC,[M+NH4]+,TG 18:1_18:1_28:6,"TG 18:1(6)_18:1(6)_28:6(10,13,16,19,22,25)",0.5057999999999993,0.8614950000000817,0.2865052361456895,0.2865052361456895,Some,Some,0.0,0.0,0.0,1085.639223204459,1223.7347294938918,1520.2251348230207,1465.428344791116,0.0,0.0,2130.7336031736445,0.0,1239.7750442517531,1485.4419392943348,1217.7810814548473,2556.9090236622774,1303.3609357946186,917.4257713057125,1077.1407297096052
18811,20.727,1032.89488,1032.89537,0.47439461356065266,C67H114O6,CCCCCCCCC=CCCCCCCCC(=O)OC(COC(=O)CCCCCCCCC=CCC=CCC=CCC=CCC=CCC=CCC)COC(=O)CCCCCCCC=CCCCCCCCC,[M+NH4]+,TG 18:1_18:1_28:6,"TG 18:1(9)_18:1(9)_28:6(10,13,16,19,22,25)",0.5063999999999993,0.8062280000000556,0.25701725916020945,0.25701725916020945,Some,Some,0.0,0.0,0.0,3676.3588596584655,3567.5392670157066,10457.665011043717,14236.44896879958,0.0,0.0,14194.571980909801,0.0,10697.058098630996,9813.552462636744,11266.252938736,11696.297124573159,10519.258055331466,6928.900056718504,11372.747580044675
18811,20.727,1032.89488,1032.89537,0.47439461356065266,C67H114O6,CCCCCCCCC=CCCCCCCCC(=O)OC(COC(=O)CCCCCCCCC=CCC=CCC=CCC=CCC=CCC=CCC)COC(=O)CCCCC=CCCCCCCCCCCC,[M+NH4]+,TG 18:1_18:1_28:6,"TG 18:1(6)_18:1(9)_28:6(10,13,16,19,22,25)",0.458999999999999,0.8000716666667435,0.2432227197667165,0.2432227197667165,Some,Some,0.0,0.0,0.0,1485.994248588774,1325.305410122164,1699.7948223475464,2187.268640930725,0.0,0.0,2062.6301375380094,0.0,1544.2271067195447,2182.174515946793,1779.6086295118243,2448.470252277205,2159.5181037346365,1380.6299711131333,1888.4586746090843
18811,20.727,1032.89488,1032.89537,0.47439461356065266,C67H114O6,CCCCCCC=CCCCCCCCCCC(=O)OC(COC(=O)CCCCCCCCC=CCC=CCC=CCC=CCC=CCC=CCC)COC(=O)CCCCCCCCCC=CCCCCCC,[M+NH4]+,TG 18:1_18:1_28:6,"TG 18:1(11)_18:1(11)_28:6(10,13,16,19,22,25)",0.4445454545454533,0.8169254545455157,0.23812389496125538,0.23812389496125538,Some,Some,0.0,0.0,0.0,2408.037774700891,2567.539267015707,9727.54650132861,12630.817028027499,0.0,0.0,13202.071125072996,0.0,9533.203378817414,8660.978891685068,9977.772783847324,10473.992138378306,9184.5643714706,5978.83740255629,10063.737900223381
18811,20.727,1032.89488,1032.89537,0.47439461356065266,C67H114O6,CCCCCCCCCCCC=CCCCCC(=O)OC(COC(=O)CCCCCCCCC=CCC=CCC=CCC=CCC=CCC=CCC)COC(=O)CCCCCCCCCC=CCCCCCC,[M+NH4]+,TG 18:1_18:1_28:6,"TG 18:1(11)_18:1(6)_28:6(10,13,16,19,22,25)",0.4209999999999994,0.8051014285715122,0.20847661694289985,0.20847661694289985,Some,Some,0.0,0.0,0.0,3058.330670642951,3092.495636998255,10094.973708109563,13514.608672659966,0.0,0.0,13749.280090215267,0.0,10269.28368174587,9011.703559139232,10772.614437837092,11696.297124573159,9547.53594647179,6560.6122960442135,10841.102010424423
18811,20.727,1032.89488,1032.89537,0.47439461356065266,C67H114O6,CCCCCCCCC=CCCCCCCCC(=O)OC(COC(=O)CCCCCCCCC=CCC=CCC=CCC=CCC=CCC=CCC)COC(=O)CCCCCCCCCC=CCCCCCC,[M+NH4]+,TG 18:1_18:1_28:6,"TG 18:1(11)_18:1(9)_28:6(10,13,16,19,22,25)",0.437692307692307,0.8076600000000815,0.19808252981871882,0.19808252981871882,Some,Some,0.0,0.0,0.0,1085.639223204459,1023.3856893542758,1699.7948223475464,1465.428344791116,0.0,0.0,1960.7130630902761,0.0,1116.45268983442,1646.1486312978275,1285.9701286129166,1928.0343365358985,1585.762587196887,933.5945022621448,1356.8131049888311
18812,20.729,850.78429,850.78582,1.798337447477424,C53H100O6,CCCCCCCCCCCCCCCC(=O)OC(COC(=O)CCCCCCCC=CCCCCCCCC)COC(=O)CCCCCCCCCCCCCCC,[M+NH4]+,TG 16:0_16:0_18:1,TG 16:0_16:0_18:1(9),0.17600000000000193,0.5095150000000217,0.4831939804469554,0.4831939804469554,All,Some,6530.0,0.0,12700.0,9100.0,0.0,0.0,0.0,13900.0,26000.0,0.0,0.0,0.0,0.0,0.0,0.0,0.0,0.0,21300.0
18869,20.821,1032.89558,1032.89537,0.20331197742896456,C67H114O6,CCCCCCCCCCCC=CCCCCC(=O)OC(COC(=O)CCCCCCCCC=CCC=CCC=CCC=CCC=CCC=CCC)COC(=O)CCCCC=CCCCCCCCCCCC,[M+NH4]+,TG 18:1_18:1_28:6,"TG 18:1(6)_18:1(6)_28:6(10,13,16,19,22,25)",0.29179999999999706,0.7425870000000601,0.2888704722023542,0.2888704722023542,Some,Some,0.0,0.0,0.0,0.0,0.0,0.0,0.0,0.0,0.0,0.0,0.0,0.0,0.0,0.0,1677.4196722924767,0.0,0.0,0.0
18869,20.821,1032.89558,1032.89537,0.20331197742896456,C67H114O6,CCCCCCCCC=CCCCCCCCC(=O)OC(COC(=O)CCCCCCCCC=CCC=CCC=CCC=CCC=CCC=CCC)COC(=O)CCCCCCCC=CCCCCCCCC,[M+NH4]+,TG 18:1_18:1_28:6,"TG 18:1(9)_18:1(9)_28:6(10,13,16,19,22,25)",0.3339999999999975,0.7500230000000669,0.2627622076215244,0.2627622076215244,Some,Some,0.0,0.0,0.0,0.0,0.0,0.0,0.0,0.0,0.0,0.0,0.0,0.0,0.0,0.0,2373.44880185012,0.0,0.0,0.0
18869,20.821,1032.89558,1032.89537,0.20331197742896456,C67H114O6,CCCCCCCCC=CCCCCCCCC(=O)OC(COC(=O)CCCCCCCCC=CCC=CCC=CCC=CCC=CCC=CCC)COC(=O)CCCCC=CCCCCCCCCCCC,[M+NH4]+,TG 18:1_18:1_28:6,"TG 18:1(6)_18:1(9)_28:6(10,13,16,19,22,25)",0.24383333333333054,0.7624408333334051,0.24072539350196184,0.24072539350196184,Some,Some,0.0,0.0,0.0,0.0,0.0,0.0,0.0,0.0,0.0,0.0,0.0,0.0,0.0,0.0,2103.3558037691287,0.0,0.0,0.0
18869,20.821,1032.89558,1032.89537,0.20331197742896456,C67H114O6,CCCCCCC=CCCCCCCCCCC(=O)OC(COC(=O)CCCCCCCCC=CCC=CCC=CCC=CCC=CCC=CCC)COC(=O)CCCCCCCCCC=CCCCCCC,[M+NH4]+,TG 18:1_18:1_28:6,"TG 18:1(11)_18:1(11)_28:6(10,13,16,19,22,25)",0.24699999999999753,0.7128066666667129,0.21896850635127033,0.21896850635127033,Some,Some,0.0,0.0,0.0,0.0,0.0,0.0,0.0,0.0,0.0,0.0,0.0,0.0,0.0,0.0,873.1953943807508,0.0,0.0,0.0
18869,20.821,1032.89558,1032.89537,0.20331197742896456,C67H114O6,CCCCCCCCCCCC=CCCCCC(=O)OC(COC(=O)CCCCCCCCC=CCC=CCC=CCC=CCC=CCC=CCC)COC(=O)CCCCCCCCCC=CCCCCCC,[M+NH4]+,TG 18:1_18:1_28:6,"TG 18:1(11)_18:1(6)_28:6(10,13,16,19,22,25)",0.2184285714285689,0.7282107142857674,0.20633605157311014,0.20633605157311014,Some,Some,0.0,0.0,0.0,0.0,0.0,0.0,0.0,0.0,0.0,0.0,0.0,0.0,0.0,0.0,2257.3561974117993,0.0,0.0,0.0
18869,20.821,1032.89558,1032.89537,0.20331197742896456,C67H114O6,CCCCCCCCC=CCCCCCCCC(=O)OC(COC(=O)CCCCCCCCC=CCC=CCC=CCC=CCC=CCC=CCC)COC(=O)CCCCCCCCCC=CCCCCCC,[M+NH4]+,TG 18:1_18:1_28:6,"TG 18:1(11)_18:1(9)_28:6(10,13,16,19,22,25)",0.25099999999999767,0.7259150000000757,0.1876872911582317,0.1876872911582317,Some,Some,0.0,0.0,0.0,0.0,0.0,0.0,0.0,0.0,0.0,0.0,0.0,0.0,0.0,0.0,1415.224130295724,0.0,0.0,0.0
18910,20.832,883.77167,883.77251,0.9504708401025664,C55H104O6,CCCCCCCCCCCCCCCCCC(=O)OC(COC(=O)CCCCCCCCCC=CCCCCCC)COC(=O)CCCCCCCCCCCCCCC,[M+Na]+,TG 16:0_18:0_18:1,TG 16:0_18:0_18:1(11),0.9699999999999989,0.9254499999999553,0.9879720724459519,0.9879720724459519,Some,Some,,,,,,,298509.8039215686,,,677000.0,282332.4022346369,0.0,314384.6153846154,248609.07759882868,286763.4543178974,0.0,0.0,260758.48303393213
18910,20.832,883.77167,883.77251,0.9504708401025664,C55H104O6,CCCCCCCCCCCCCCCCCC(=O)OC(COC(=O)CCCCCCCC=CCCCCCCCC)COC(=O)CCCCCCCCCCCCCCC,[M+Na]+,TG 16:0_18:0_18:1,TG 16:0_18:0_18:1(9),0.9560000000000031,0.9032799999999952,0.9869162549590034,0.9869162549590034,Some,Some,,,,,,,361490.1960784314,,,0.0,339667.5977653631,582000.0,295615.3846153846,351390.9224011713,399236.5456821026,552000.0,530000.0,307241.51696606784
18942,20.836,878.81592,878.81712,1.3654718060565727,C55H104O6,CCCCCCCCCCCCCCCCCC(=O)OC(COC(=O)CCCCCCCCCC=CCCCCCC)COC(=O)CCCCCCCCCCCCCCC,[M+NH4]+,TG 16:0_18:0_18:1,TG 16:0_18:0_18:1(11),0.06800000000000495,0.00024999999993724487,0.0016511795911851857,0.0016511795911851857,Some,Some,2370000.0,2190000.0,2480000.0,2120000.0,2460000.0,10800000.0,12500000.0,2460000.0,12200000.0,12300000.0,10700000.0,11300000.0,11500000.0,11300000.0,12800000.0,10400000.0,9200000.0,10400000.0
18950,20.837,904.83144,904.83277,1.4698848715868138,C57H106O6,CCCCCCC=CCCCCCCCCCC(=O)OC(COC(=O)CCCCC=CCCCCCCCCCCC)COC(=O)CCCCCCCCCCCCCCCCC,[M+NH4]+,TG 18:0_18:1_18:1,TG 18:0_18:1(11)_18:1(6),0.036999999999999034,0.510029999999972,0.35777606675811086,0.35777606675811086,All,Some,877004.1829891772,857024.4694551766,927608.3188908146,779784.0655249441,938731.0606060604,2468105.4365733117,2875645.1877356945,885550.2063273729,2835556.603519362,2743650.883518579,2345819.916517591,2615075.210676177,2472769.6078431373,2486114.3785358206,2752868.723633055,2417529.733063166,2091382.823871907,2345950.41322314
18950,20.837,904.83144,904.83277,1.4698848715868138,C57H106O6,CCCCCCCCCCCC=CCCCCC(=O)OC(COC(=O)CCCCC=CCCCCCCCCCCC)COC(=O)CCCCCCCCCCCCCCCCC,[M+NH4]+,TG 18:0_18:1_18:1,TG 18:0_18:1(6)_18:1(6),0.036999999999999034,0.510029999999972,0.35777606675811086,0.35777606675811086,All,Some,877004.1829891772,857024.4694551766,927608.3188908146,779784.0655249441,938731.0606060604,2468105.4365733117,2875645.1877356945,885550.2063273729,2835556.603519362,2743650.883518579,2345819.916517591,2615075.210676177,2472769.6078431373,2486114.3785358206,2752868.723633055,2417529.733063166,2091382.823871907,2345950.41322314
18950,20.837,904.83144,904.83277,1.4698848715868138,C57H106O6,CCCCCCCCCCCC=CCCCCC(=O)OC(COC(=O)CCCCCCCC=CCCCCCCCC)COC(=O)CCCCCCCCCCCCCCCCC,[M+NH4]+,TG 18:0_18:1_18:1,TG 18:0_18:1(6)_18:1(9),0.067499999999999,0.3046049999999809,0.17888803337905543,0.17888803337905543,All,Some,1525991.6340216452,1485951.0610896465,1564783.362218371,1390431.8689501116,1572537.8787878787,3673789.126853377,4168709.624528611,1538899.5873452544,4318886.792961276,3972698.2329628416,3538360.166964818,3919849.5786476466,3714460.7843137253,3627771.2429283597,4104262.5527338902,3504940.533873667,3037234.3522561863,3608099.1735537187
18980,20.841,909.78696,909.78816,1.3189883674966147,C57H106O6,CCCCCCC=CCCCCCCCCCC(=O)OC(COC(=O)CCCCCCCCCC=CCCCCCCCC)COC(=O)CCCCCCCCCCCCCCC,[M+Na]+,TG 16:0_18:1_20:1,TG 16:0_18:1(11)_20:1(11),0.9560000000000031,0.9021599999999808,0.9918798313580179,0.9918798313580179,Some,Some,64750.0,61500.0,68250.0,,67500.0,121250.0,106644.10364886306,65250.0,139000.0,132750.0,94253.43693962942,86901.20593692022,94632.98525798524,86533.95061728395,105056.36070853462,83128.02768166091,86670.01607717041,91841.25705076553
18980,20.841,909.78696,909.78816,1.3189883674966147,C57H106O6,CCCCCCCCC=CCCCCCCCC(=O)OC(COC(=O)CCCCCCCCCC=CCCCCCCCC)COC(=O)CCCCCCCCCCCCCCC,[M+Na]+,TG 16:0_18:1_20:1,TG 16:0_18:1(9)_20:1(11),0.9560000000000031,0.9021599999999808,0.9918798313580179,0.9918798313580179,Some,Some,64750.0,61500.0,68250.0,,67500.0,121250.0,167355.89635113697,65250.0,139000.0,132750.0,151746.56306037062,172598.79406307978,151867.01474201473,151966.04938271604,174943.63929146534,144371.9723183391,126829.98392282959,143158.74294923453
18980,20.841,909.78696,909.78816,1.3189883674966147,C57H106O6,CCCCCCCCC=CCCCCCCCC(=O)OC(COC(=O)CCCCCCCCCCCC=CCCCCCC)COC(=O)CCCCCCCCCCCCCCC,[M+Na]+,TG 16:0_18:1_20:1,TG 16:0_18:1(9)_20:1(13),0.9560000000000031,0.9021599999999808,0.9918798313580179,0.9918798313580179,Some,Some,0.0,0.0,0.0,,0.0,0.0,60711.79270227393,0.0,0.0,0.0,57493.12612074119,85697.58812615956,57234.02948402948,65432.0987654321,69887.27858293075,61243.94463667819,40159.96784565916,51317.485898468985
18980,20.841,909.78696,909.78816,1.3189883674966147,C57H106O6,CCCCCCCCCCCC=CCCCCC(=O)OC(COC(=O)CCCCCCCCCC=CCCCCCCCC)COC(=O)CCCCCCCCCCCCCCC,[M+Na]+,TG 16:0_18:1_20:1,TG 16:0_18:1(6)_20:1(11),0.9650000000000034,0.8695650000000228,0.9912989148056399,0.9912989148056399,Some,Some,64750.0,61500.0,68250.0,,67500.0,121250.0,106644.10364886306,65250.0,139000.0,132750.0,94253.43693962942,86901.20593692022,94632.98525798524,86533.95061728395,105056.36070853462,83128.02768166091,86670.01607717041,91841.25705076553
18980,20.841,909.78696,909.78816,1.3189883674966147,C57H106O6,CCCCCCCCCCCC=CCCCCC(=O)OC(COC(=O)CCCCCCCCCCCC=CCCCCCC)COC(=O)CCCCCCCCCCCCCCC,[M+Na]+,TG 16:0_18:1_20:1,TG 16:0_18:1(6)_20:1(13),0.9740000000000038,0.8369700000000648,0.990717998253262,0.990717998253262,Some,Some,64750.0,61500.0,68250.0,,67500.0,121250.0,106644.10364886306,65250.0,139000.0,132750.0,94253.43693962942,86901.20593692022,94632.98525798524,86533.95061728395,105056.36070853462,83128.02768166091,86670.01607717041,91841.25705076553
19010,20.848,930.84725,930.84842,1.2569178556503235,C59H108O6,CCCCCCC=CCCCCCCCCCC(=O)OC(COC(=O)CCCCCCCCCC=CCCCCCCCC)COC(=O)CCCCCCCCCC=CCCCCCC,[M+NH4]+,TG 18:1_18:1_20:1,TG 18:1(11)_18:1(11)_20:1(11),0.4210000000000029,0.09868499999998903,0.0,0.0,Some,None,,,1650000.0,,1650000.0,2600000.0,3020000.0,,3030000.0,2840000.0,2490000.0,2820000.0,2500000.0,2510000.0,2810000.0,2460000.0,2270000.0,2510000.0
19030,20.853,850.78261,850.78582,3.7729824880806015,C53H100O6,CCCCCCCCCCCCCCCC(=O)OC(COC(=O)CCCCCCCCCC=CCCCCCC)COC(=O)CCCCCCCCCCCCCCC,[M+NH4]+,TG 16:0_16:0_18:1,TG 16:0_16:0_18:1(11),0.6709999999999958,0.08078500000004851,0.0,0.0,All,None,,,,,,,0.0,,,0.0,0.0,,0.0,,0.0,,,
19084,20.924,956.86281,956.86407,1.3168014554063434,C61H110O6,CCCCCC=CCC=CCCCCCCCCCC(=O)OC(COC(=O)CCCCCCCCCC=CCC=CCCCCC)COC(=O)CCCCCCCCCCCCCCCCC,[M+NH4]+,TG 18:0_20:2_20:2,"TG 18:0_20:2(11,14)_20:2(11,14)",0.17999999999999972,0.08423000000004777,0.0,0.0,All,None,,,,,,,360000.0,,,,,,,,,,,
19134,21.068,906.84654,906.84842,2.0731138286906905,C57H108O6,CCCCCCCCCCCCCCCCCC(=O)OC(COC(=O)CCCCCCCCCC=CCCCCCC)COC(=O)CCCCCCCCCCCCCCCCC,[M+NH4]+,TG 18:0_18:0_18:1,TG 18:0_18:0_18:1(11),0.5180000000000007,0.0632300000000896,0.43793207999014655,0.43793207999014655,Some,Some,0.0,0.0,0.0,0.0,0.0,33230.40567152422,36098.68421052631,0.0,44791.843670348346,51233.38870431893,30308.429884139034,0.0,44805.452292441136,32645.77760794803,55499.50116395078,21824.433656957928,30999.449339207047,0.0
19134,21.068,906.84654,906.84842,2.0731138286906905,C57H108O6,CCCCCCCCCCCCCCCCCC(=O)OC(COC(=O)CCCCC=CCCCCCCCCCCC)COC(=O)CCCCCCCCCCCCCCCCC,[M+NH4]+,TG 18:0_18:0_18:1,TG 18:0_18:0_18:1(6),0.2989999999999995,0.8563400000000456,0.150392765206534,0.150392765206534,All,Some,0.0,0.0,0.0,0.0,0.0,14169.594328475778,17001.315789473683,0.0,21108.156329651658,21766.61129568106,15391.570115860966,0.0,15794.547707558859,16454.22239205197,32800.49883604921,10675.56634304207,10700.550660792951,0.0
19144,21.07,932.86231,932.86407,1.8866628661024687,C59H110O6,CCCCCCCCCCCC=CCCCCC(=O)OC(COC(=O)CCCCCCCCCCCC=CCCCCCCCC)COC(=O)CCCCCCCCCCCCCCC,[M+NH4]+,TG 16:0_18:1_22:1,TG 16:0_18:1(6)_22:1(13),0.16149999999999842,0.3025525000000471,0.09708014680172235,0.09708014680172235,All,Some,0.0,0.0,0.0,0.0,0.0,45900.0,54900.0,0.0,0.0,75900.0,65600.0,0.0,0.0,42200.0,82200.0,35000.0,33300.0,0.0
19162,21.079,958.87603,958.87972,3.848240736602466,C61H112O6,CCCCCCC=CCCCCCCCCCC(=O)OC(COC(=O)CCCCCCCCCCCC=CCCCCCCCC)COC(=O)CCCCCCCCCC=CCCCCCC,[M+NH4]+,TG 18:1_18:1_22:1,TG 18:1(11)_18:1(11)_22:1(13),0.4759999999999991,0.8864099999999553,0.732374835279068,0.732374835279068,Some,Some,0.0,0.0,0.0,,0.0,0.0,0.0,0.0,0.0,0.0,0.0,0.0,0.0,0.0,0.0,0.0,0.0,0.0
19162,21.079,958.87603,958.87972,3.848240736602466,C61H112O6,CCCCCCCCC=CCCCCCCCC(=O)OC(COC(=O)CCCCCCCCCCCC=CCCCCCCCC)COC(=O)CCCCCCCCCC=CCCCCCC,[M+NH4]+,TG 18:1_18:1_22:1,TG 18:1(11)_18:1(9)_22:1(13),0.34533333333333144,0.617243333333325,0.24412494509302265,0.24412494509302265,All,Some,0.0,0.0,0.0,,0.0,0.0,0.0,0.0,0.0,23782.122905027933,23513.483146067418,0.0,0.0,0.0,0.0,0.0,13033.654425045155,0.0
19162,21.079,958.87603,958.87972,3.848240736602466,C61H112O6,CCCCCCCCCCCC=CCCCCC(=O)OC(COC(=O)CCCCCCCCCCCC=CCCCCCCCC)COC(=O)CCCCCCCCCC=CCCCCCC,[M+NH4]+,TG 18:1_18:1_22:1,TG 18:1(11)_18:1(6)_22:1(13),0.23119999999999835,0.5732479999999895,0.1464749670558136,0.1464749670558136,All,Some,0.0,0.0,0.0,,0.0,0.0,0.0,0.0,0.0,6217.877094972067,3686.5168539325846,0.0,0.0,0.0,0.0,0.0,5266.345574954847,0.0
19182,21.114,1008.89488,1008.89537,0.48567969938589783,C65H114O6,CCCCCCCCCCCC=CCCCCC(=O)OC(COC(=O)CCCCCCCCC=CCC=CCC=CCC=CCC=CCCCCC)COC(=O)CCCCCCCCCCCCCCC,[M+NH4]+,TG 16:0_18:1_28:5,"TG 16:0_18:1(6)_28:5(10,13,16,19,22)",0.4236000000000004,0.6926799999999957,0.0892072122466597,0.0892072122466597,Some,Some,0.0,0.0,0.0,0.0,0.0,22916.485475734913,25586.310896639818,0.0,29125.49019607843,25823.61116822237,29828.66733668342,25248.97494305239,26848.959354054794,13560.091389027884,41380.85856491082,20649.077716583615,18104.280207364085,20578.550223798975
19182,21.114,1008.89488,1008.89537,0.48567969938589783,C65H114O6,CCCCCCCCCCCC=CCCCCC(=O)OC(COC(=O)CCCCCCCCCCCC=CCC=CCC=CCC=CCC=CCC)COC(=O)CCCCCCCCCCCCCCC,[M+NH4]+,TG 16:0_18:1_28:5,"TG 16:0_18:1(6)_28:5(13,16,19,22,25)",0.3797142857142859,0.3688514285714421,0.07083247671917277,0.07083247671917277,Some,Some,0.0,0.0,0.0,0.0,0.0,16300.595755783615,20278.749600823194,0.0,22752.94117647059,23529.05958304206,24586.14673366834,19336.60917670029,19233.72398385137,10848.244562624372,37131.16963915387,16841.61202902352,15209.55166062171,17369.101954909333
19182,21.114,1008.89488,1008.89537,0.48567969938589783,C65H114O6,CCCCCCCCC=CCCCCCCCC(=O)OC(COC(=O)CCCCCCCCC=CCC=CCC=CCC=CCC=CCCCCC)COC(=O)CCCCCCCCCCCCCCC,[M+NH4]+,TG 16:0_18:1_28:5,"TG 16:0_18:1(9)_28:5(10,13,16,19,22)",0.4612499999999997,0.6636462499999993,0.055754507654162316,0.055754507654162316,Some,Some,0.0,0.0,0.0,0.0,0.0,6830.492259523396,7778.476386474115,0.0,9156.86274509804,6411.776800032894,7942.978894472361,7437.4064432151,7815.721396934897,3742.7841069980873,11087.204479469101,5839.6712999388055,5391.295265946335,6255.3422240195605
19182,21.114,1008.89488,1008.89537,0.48567969938589783,C65H114O6,CCCCCCCCC=CCCCCCCCC(=O)OC(COC(=O)CCCCCCCCCCCC=CCC=CCC=CCC=CCC=CCC)COC(=O)CCCCCCCCCCCCCCC,[M+NH4]+,TG 16:0_18:1_28:5,"TG 16:0_18:1(9)_28:5(13,16,19,22,25)",0.38422222222222124,0.38730333333331957,0.055091926337134375,0.055091926337134375,Some,Some,0.0,0.0,0.0,0.0,0.0,3801.5307009914764,6009.2892878685725,0.0,4784.313725490196,5990.328549693654,6216.076381909548,4730.540188740644,5212.6366950182255,2788.3141517228537,8981.854002488593,4376.8336393041345,4510.390991435786,5029.295148111725
19182,21.114,1008.89488,1008.89537,0.48567969938589783,C65H114O6,CCCCCCC=CCCCCCCCCCC(=O)OC(COC(=O)CCCCCCCCC=CCC=CCC=CCC=CCC=CCCCCC)COC(=O)CCCCCCCCCCCCCCC,[M+NH4]+,TG 16:0_18:1_28:5,"TG 16:0_18:1(11)_28:5(10,13,16,19,22)",0.435555555555555,0.7682211111110999,0.04955956235925539,0.04955956235925539,Some,Some,0.0,0.0,0.0,0.0,0.0,8881.479387719603,9666.600432885072,0.0,11737.254901960785,8504.609564538014,10960.229145728643,9263.569801496908,9875.553639321131,5486.444865961465,14537.639983409375,7369.665180522772,6752.065095611551,6255.3422240195605
19182,21.114,1008.89488,1008.89537,0.48567969938589783,C65H114O6,CCCCCCC=CCCCCCCCCCC(=O)OC(COC(=O)CCCCCCCCCCCC=CCC=CCC=CCC=CCC=CCC)COC(=O)CCCCCCCCCCCCCCC,[M+NH4]+,TG 16:0_18:1_28:5,"TG 16:0_18:1(11)_28:5(13,16,19,22,25)",0.41090909090909056,0.4170990909090671,0.045075212457655396,0.045075212457655396,Some,Some,0.0,0.0,0.0,0.0,0.0,11769.416420247,14480.573395309228,0.0,16443.137254901958,17340.61433447099,16565.90150753769,13582.899446794665,13513.40493081958,7774.120923665336,27881.273330568227,11723.140134627154,10632.416779020525,10912.368225140852
19326,21.319,958.87888,958.87972,0.8760222815425212,C61H112O6,CCCCCCC=CCCCCCCCCCC(=O)OC(COC(=O)CCCCCCCCCCCC=CCCCCCCCC)COC(=O)CCCCCCCCCC=CCCCCCC,[M+NH4]+,TG 18:1_18:1_22:1,TG 18:1(11)_18:1(11)_22:1(13),0.019000000000001904,0.5061299999999846,0.0,0.0,Some,None,364000.0,335000.0,387000.0,307000.0,385000.0,762000.0,886000.0,364000.0,900000.0,843000.0,753000.0,793000.0,708000.0,734000.0,827000.0,674000.0,666000.0,774000.0
19386,21.517,960.89262,960.89537,2.8619140916370682,C61H114O6,CCCCCCCCCCCC=CCCCCC(=O)OC(COC(=O)CCCCCCCCCCCCCC=CCCCCCCCC)COC(=O)CCCCCCCCCCCCCCC,[M+NH4]+,TG 16:0_18:1_24:1,TG 16:0_18:1(6)_24:1(15),0.349000000000002,0.3031375000000196,0.11645653831822754,0.11645653831822754,All,Some,,0.0,0.0,0.0,0.0,11438.722826086958,20044.917257683217,,5533.787731256087,0.0,13091.604477611942,0.0,11631.94662480377,0.0,0.0,0.0,0.0,0.0
19386,21.517,960.89262,960.89537,2.8619140916370682,C61H114O6,CCCCCCC=CCCCCCCCCCC(=O)OC(COC(=O)CCCCCCCCCCCCCC=CCCCCCCCC)COC(=O)CCCCCCCCCCCCCCC,[M+NH4]+,TG 16:0_18:1_24:1,TG 16:0_18:1(11)_24:1(15),0.3285000000000018,0.28017500000001405,0.0021175545507726985,0.0021175545507726985,All,Some,,0.0,0.0,0.0,0.0,5661.277173913042,7755.082742316786,,13666.212268743913,0.0,5708.39552238806,0.0,7168.053375196233,0.0,0.0,0.0,0.0,0.0
19389,21.521,934.87689,934.87972,3.0271273827794745,C59H112O6,CCCCCCCCCCCCCCCC(=O)OC(COC(=O)CCCCCCCCCCCCCC=CCCCCCCCC)COC(=O)CCCCCCCCCCCCCCC,[M+NH4]+,TG 16:0_16:0_24:1,TG 16:0_16:0_24:1(15),0.5839999999999961,0.08697000000006483,0.20165356199947804,0.20165356199947804,Some,Some,,0.0,,0.0,0.0,9580.0,17700.0,,0.0,13800.0,9940.0,0.0,0.0,0.0,0.0,12300.0,0.0,0.0
19417,21.582,986.91,986.91102,1.0335278250713473,C63H116O6,CCCCCCC=CCCCCCCCCCC(=O)OC(COC(=O)CCCCCCCCCCCCCC=CCCCCCCCC)COC(=O)CCCCCCCCCC=CCCCCCC,[M+NH4]+,TG 18:1_18:1_24:1,TG 18:1(11)_18:1(11)_24:1(15),0.4280000000000008,0.5060199999999782,0.0,0.0,Some,None,,,,,,0.0,0.0,,0.0,0.0,0.0,0.0,0.0,0.0,5030.0,0.0,0.0,0.0
19445,21.73,960.89449,960.89537,0.9158125092623388,C61H114O6,CCCCCCCCC=CCCCCCCCCCCCC(=O)OC(COC(=O)CCCCCCCCCCCC=CCCCCCCCC)COC(=O)CCCCCCCCCCCCC,[M+NH4]+,TG 14:0_22:1_22:1,TG 14:0_22:1(13)_22:1(13),0.13000000000000256,0.9026999999999816,0.0,0.0,All,None,,,337000.0,,,1300000.0,1430000.0,325000.0,1500000.0,1340000.0,1180000.0,1330000.0,1250000.0,1250000.0,1310000.0,1120000.0,1090000.0,1270000.0
19452,21.733,962.90128,962.91102,10.115161004144724,C61H116O6,CCCCCCCCCCCCCCCCCC(=O)OC(COC(=O)CCCCCCCCCCCCCC=CCCCCCCCC)COC(=O)CCCCCCCCCCCCCCC,[M+NH4]+,TG 16:0_18:0_24:1,TG 16:0_18:0_24:1(15),0.10999999999999943,0.9002199999999903,0.0,0.0,Some,None,,,,,,,,,,,,,,,256000.0,,,283000.0
19466,21.737,934.87887,934.87972,0.9092078711622991,C59H112O6,CCCCCCCCCCCCCCCCCC(=O)OC(COC(=O)CCCCCCCCCC=CCCCCCCCC)COC(=O)CCCCCCCCCCCCCCCCC,[M+NH4]+,TG 18:0_18:0_20:1,TG 18:0_18:0_20:1(11),0.15200000000000102,0.08499000000006163,0.4235463708750129,0.4235463708750129,Some,Some,,132000.0,,119000.0,156000.0,772000.0,887000.0,,855000.0,874000.0,738000.0,809000.0,801000.0,793000.0,815000.0,677000.0,653000.0,790000.0
19480,21.742,986.91018,986.91102,0.8511405618302386,C63H116O6,CCCCCCC=CCCCCCCCCCC(=O)OC(COC(=O)CCCCCCCCCCCCCC=CCCCCCCCC)COC(=O)CCCCCCCCCC=CCCCCCC,[M+NH4]+,TG 18:1_18:1_24:1,TG 18:1(11)_18:1(11)_24:1(15),0.10800000000000054,0.5060199999999782,0.0,0.0,Some,None,,,,,,526000.0,572000.0,,614000.0,523000.0,476000.0,537000.0,486000.0,500000.0,507000.0,457000.0,435000.0,487000.0
19540,21.903,960.89442,960.89537,0.988661231647837,C61H114O6,CCCCCCC=CCCCCCCCCCC(=O)OC(COC(=O)CCCCCCCCCCCCCC=CCCCCCCCC)COC(=O)CCCCCCCCCCCCCCC,[M+NH4]+,TG 16:0_18:1_24:1,TG 16:0_18:1(11)_24:1(15),0.620000000000001,0.5072324999999864,0.0,0.0,All,None,,,0.0,,,0.0,10400.0,,0.0,0.0,0.0,0.0,0.0,0.0,0.0,0.0,0.0,0.0
19565,21.949,988.92556,988.92667,1.1224290269429213,C63H118O6,CCCCCCC=CCCCCCCCCCC(=O)OC(COC(=O)CCCCCCCCCCCCCCCC=CCCCCCCCC)COC(=O)CCCCCCCCCCCCCCC,[M+NH4]+,TG 16:0_18:1_26:1,TG 16:0_18:1(11)_26:1(17),0.6654999999999998,0.48362000000000194,0.058976730622389645,0.058976730622389645,All,Some,0.0,,,0.0,0.0,0.0,0.0,0.0,19400.0,0.0,0.0,13100.0,0.0,0.0,6010.0,0.0,5720.0,0.0
19567,21.951,962.90937,962.91102,1.713553968922864,C61H116O6,CCCCCCCCCCCCCCCC(=O)OC(COC(=O)CCCCCCCCCCCCCCCC=CCCCCCCCC)COC(=O)CCCCCCCCCCCCCCC,[M+NH4]+,TG 16:0_16:0_26:1,TG 16:0_16:0_26:1(17),0.5779999999999959,0.0863800000000765,0.0,0.0,Some,None,,,,,,0.0,0.0,,9590.0,0.0,0.0,7380.0,7130.0,0.0,0.0,,0.0,0.0
19581,22.018,962.90998,962.91102,1.0800582591619419,C61H116O6,CCCCCCCCCCCCCCCC(=O)OC(COC(=O)CCCCCCCCCCCCCCCC=CCCCCCCCC)COC(=O)CCCCCCCCCCCCCCC,[M+NH4]+,TG 16:0_16:0_26:1,TG 16:0_16:0_26:1(17),0.4439999999999955,0.08577000000002499,0.0,0.0,Some,None,,,,,,0.0,0.0,,6970.0,0.0,0.0,0.0,0.0,0.0,0.0,,0.0,0.0
19617,22.137,1014.94186,1014.94232,0.45322772625687735,C65H120O6,CCCCCCC=CCCCCCCCCCC(=O)OC(COC(=O)CCCCCCCCCCCCCCCC=CCCCCCCCC)COC(=O)CCCCCCCCCC=CCCCCCC,[M+NH4]+,TG 18:1_18:1_26:1,TG 18:1(11)_18:1(11)_26:1(17),0.2190000000000012,0.8799900000000207,0.010620646224780782,0.010620646224780782,Some,Some,,,,,,0.0,51517.3000567215,,0.0,46275.538376587516,0.0,0.0,39733.89209009952,28175.000000000004,43431.96922000699,43000.00000000001,0.0,34857.9207920792
19617,22.137,1014.94186,1014.94232,0.45322772625687735,C65H120O6,CCCCCCCCC=CCCCCCCCC(=O)OC(COC(=O)CCCCCCCCCCCCCCCC=CCCCCCCCC)COC(=O)CCCCCCCCCC=CCCCCCC,[M+NH4]+,TG 18:1_18:1_26:1,TG 18:1(11)_18:1(9)_26:1(17),0.2190000000000012,0.8799900000000207,0.010620646224780782,0.010620646224780782,Some,Some,,,,,,149000.0,69965.399886557,,173000.0,58448.923246824954,125000.0,167000.0,67532.21581980096,90650.00000000001,61136.061559986,43000.00000000001,129000.0,77284.1584158416
19617,22.137,1014.94186,1014.94232,0.45322772625687735,C65H120O6,CCCCCCCCCCCC=CCCCCC(=O)OC(COC(=O)CCCCCCCCCCCCCCCC=CCCCCCCCC)COC(=O)CCCCCCCCCC=CCCCCCC,[M+NH4]+,TG 18:1_18:1_26:1,TG 18:1(11)_18:1(6)_26:1(17),0.3135000000000012,0.7315100000000143,0.005310323112390391,0.005310323112390391,Some,Some,,,,,,0.0,51517.3000567215,,0.0,46275.538376587516,0.0,0.0,39733.89209009952,28175.000000000004,43431.96922000699,43000.00000000001,0.0,34857.9207920792
19616,22.137,1016.94828,1016.95797,9.528417383947005,C65H122O6,CCCCCCC=CCCCCCCCCCC(=O)OC(COC(=O)CCCCCCCCCCCCCCCC=CCCCCCCCC)COC(=O)CCCCCCCCCCCCCCCCC,[M+NH4]+,TG 18:0_18:1_26:1,TG 18:0_18:1(11)_26:1(17),0.20333333333333314,0.5936466666666623,0.0,0.0,Some,Some,,,,,,0.0,0.0,,0.0,0.0,0.0,40500.0,32100.0,36400.0,33100.0,0.0,0.0,33000.0
19730,22.538,990.94171,990.94232,0.6155756876459911,C63H120O6,CCCCCCCCCCCCCCCCCC(=O)OC(COC(=O)CCCCCCCCCCCCCCCC=CCCCCCCCC)COC(=O)CCCCCCCCCCCCCCC,[M+NH4]+,TG 16:0_18:0_26:1,TG 16:0_18:0_26:1(17),0.20400000000000063,0.08404000000007272,0.0,0.0,Some,None,,,,,,,,,214000.0,,,,,,,,,199000.0
