work_dir,rt_weight,precursor_mz_weight,spec_weight,spec_sim_type,feature_id,top1_score,top2_avg_score,top3_avg_score,top1_gap,top1_margin,top2_margin,top3_margin,H_norm
example/hyperparams_opt/Hela/unequal_param_set_5,0.4,0.19999999999999996,0.4,None,N10193,0.6006163631793705,,,,,,,
example/hyperparams_opt/Hela/unequal_param_set_5,0.4,0.19999999999999996,0.4,None,N10231,0.6184601179457732,0.5739815589728875,0.5515243726485852,0.08895711794577132,0.11185011794579247,,,0.9965709919533795
example/hyperparams_opt/Hela/unequal_param_set_5,0.4,0.19999999999999996,0.4,None,N10325,0.6400979785827473,0.6327215365179975,0.6256706847652983,0.01475288412949971,0.0449477229550852,0.04304418943441457,0.04083195859210209,0.9996413679505566
example/hyperparams_opt/Hela/unequal_param_set_5,0.4,0.19999999999999996,0.4,None,N10448,0.6805255075300854,0.6773608884329074,0.675342314937359,0.006329238194356157,0.00922033958382329,,0.04083195859210209,0.9999852173252651
example/hyperparams_opt/Hela/unequal_param_set_5,0.4,0.19999999999999996,0.4,None,N10713,0.5852650000000104,0.5821831472251464,0.5781349870389899,0.006163705549727894,0.024894068516576162,0.025034794136126526,0.027431790738798534,0.9998147001496981
example/hyperparams_opt/Hela/unequal_param_set_5,0.4,0.19999999999999996,0.4,None,N10743,0.5719480000000026,0.5661635394228098,0.5438070026766457,0.011568921154385459,0.07285407081568496,,0.027431790738798534,0.9984061659560253
example/hyperparams_opt/Hela/unequal_param_set_5,0.4,0.19999999999999996,0.4,None,N10813,0.5511536666666816,0.5480675833333485,0.5450727222222366,0.006172166666666312,0.012070666666669005,,0.027431790738798534,0.9999627972654035
example/hyperparams_opt/Hela/unequal_param_set_5,0.4,0.19999999999999996,0.4,None,N10937,0.6402699803594452,0.6392126041319113,0.6342679787227326,0.0021147524550676478,0.04388743605482648,0.05216212102721152,0.05395317782019882,0.9994882117451375
example/hyperparams_opt/Hela/unequal_param_set_5,0.4,0.19999999999999996,0.4,None,N10951,0.6487040396449993,0.6486358212489189,0.64762848851745,0.00013643679216079896,0.00309021659048736,,0.05395317782019882,0.9999977933307992
example/hyperparams_opt/Hela/unequal_param_set_5,0.4,0.19999999999999996,0.4,None,N10978,0.5465458674590586,0.6486358212489189,0.64762848851745,0.00013643679216079896,0.00309021659048736,,0.05395317782019882,0.9999977933307992
example/hyperparams_opt/Hela/unequal_param_set_5,0.4,0.19999999999999996,0.4,None,N11103,0.6701358567365836,0.6608458515802462,0.64762848851745,0.018580010312674866,,,0.05395317782019882,0.9998574423845514
example/hyperparams_opt/Hela/unequal_param_set_5,0.4,0.19999999999999996,0.4,None,N11463,0.6339727432890497,0.6237301257128771,0.64762848851745,0.02048523515234535,,,0.05395317782019882,0.9998054673339726
example/hyperparams_opt/Hela/unequal_param_set_5,0.4,0.19999999999999996,0.4,None,N11510,0.5882033036500044,0.5864892127409126,0.64762848851745,0.0034281818181836066,,,0.05395317782019882,0.9999938384098419
example/hyperparams_opt/Hela/unequal_param_set_5,0.4,0.19999999999999996,0.4,None,N11520,0.7159393734607633,0.7054143908464107,0.7002479047696933,0.02104996522870528,0.1057420268338023,0.12178957288254899,0.12649910951896415,0.9975825579168088
example/hyperparams_opt/Hela/unequal_param_set_5,0.4,0.19999999999999996,0.4,None,N11573,0.6276680550663778,0.6080440928687756,0.5903723952458569,0.0392479243952043,0.07263905506635826,,0.12649910951896415,0.9988503647950817
example/hyperparams_opt/Hela/unequal_param_set_5,0.4,0.19999999999999996,0.4,None,N11618,0.6042016668235977,0.599977060392487,0.5609268735949905,0.008449212862221334,0.1213751668236,,0.12649910951896415,0.9954584874654157
example/hyperparams_opt/Hela/unequal_param_set_5,0.4,0.19999999999999996,0.4,None,N11812,0.6075347246433684,0.6058793971077063,0.6025667719140049,0.003310655071324331,0.02951100352283975,0.03382827612253536,0.03628636217751291,0.9997245689177514
example/hyperparams_opt/Hela/unequal_param_set_5,0.4,0.19999999999999996,0.4,None,N11845,0.5832521501684288,0.5771138530648874,0.6025667719140049,0.012276594207082936,,0.03382827612253536,0.03628636217751291,0.999918393351176
example/hyperparams_opt/Hela/unequal_param_set_5,0.4,0.19999999999999996,0.4,None,N12489,0.6105828700088594,0.5984588607976575,0.6025667719140049,0.02424801842240376,,0.03382827612253536,0.03628636217751291,0.9997039274349531
example/hyperparams_opt/Hela/unequal_param_set_5,0.4,0.19999999999999996,0.4,None,N12501,0.626051895913674,0.620520000751741,0.6025667719140049,0.011063790323866174,,0.03382827612253536,0.03628636217751291,0.9999426693838466
example/hyperparams_opt/Hela/unequal_param_set_5,0.4,0.19999999999999996,0.4,None,N12514,0.5324765656739627,0.5276623922123791,0.6025667719140049,0.009628346923167164,,0.03382827612253536,0.03628636217751291,0.9999399543219428
example/hyperparams_opt/Hela/unequal_param_set_5,0.4,0.19999999999999996,0.4,None,N12521,0.8740776191421553,0.8691028638662165,0.853387168812571,0.00994951055187765,0.07766082657007767,0.08119906667187304,0.08025964562106613,0.9993358113825891
example/hyperparams_opt/Hela/unequal_param_set_5,0.4,0.19999999999999996,0.4,None,N12768,0.7506345890849144,0.7379903487331056,0.73185978234919,0.025288480703617555,0.031035939503555432,,0.08025964562106613,0.9998461309902521
example/hyperparams_opt/Hela/unequal_param_set_5,0.4,0.19999999999999996,0.4,None,N12836,0.548114916385917,0.7379903487331056,0.73185978234919,0.025288480703617555,0.031035939503555432,,0.08025964562106613,0.9998461309902521
example/hyperparams_opt/Hela/unequal_param_set_5,0.4,0.19999999999999996,0.4,None,N12937,0.577619999999986,0.5725409999999975,0.5572473333333278,0.010157999999977019,0.050959999999997674,,0.08025964562106613,0.9992833107112683
example/hyperparams_opt/Hela/unequal_param_set_5,0.4,0.19999999999999996,0.4,None,N13018,0.5890462772278133,0.5846126466294527,0.5572473333333278,0.008867261196721321,,,0.08025964562106613,0.9999585111587157
example/hyperparams_opt/Hela/unequal_param_set_5,0.4,0.19999999999999996,0.4,None,N13044,0.602116310192297,0.5932155494009339,0.5572473333333278,0.01780152158272641,,,0.08025964562106613,0.9998375984962619
example/hyperparams_opt/Hela/unequal_param_set_5,0.4,0.19999999999999996,0.4,None,N13159,0.8503375221631957,0.8490110211304436,0.8381118617549926,0.0026530020655041175,0.075130807303186,0.08750658231846087,0.09477821364159944,0.9991538942804704
example/hyperparams_opt/Hela/unequal_param_set_5,0.4,0.19999999999999996,0.4,None,N13214,0.5732726467930896,0.5681757472145819,0.5596582806884117,0.01019379915701557,0.030649299157018306,,0.09477821364159944,0.999763288272158
example/hyperparams_opt/Hela/unequal_param_set_5,0.4,0.19999999999999996,0.4,None,N13277,0.5721416628658522,0.5681757472145819,0.5596582806884117,0.01019379915701557,0.030649299157018306,,0.09477821364159944,0.999763288272158
example/hyperparams_opt/Hela/unequal_param_set_5,0.4,0.19999999999999996,0.4,None,N13874,0.4683312740570596,0.5681757472145819,0.5596582806884117,0.01019379915701557,0.030649299157018306,,0.09477821364159944,0.999763288272158
example/hyperparams_opt/Hela/unequal_param_set_5,0.4,0.19999999999999996,0.4,None,N13917,0.6190190536886019,0.605748956933117,0.5922295519599841,0.0265401935109697,0.08888608578905088,0.08730191373828833,0.09092398716773809,0.9981912418826894
example/hyperparams_opt/Hela/unequal_param_set_5,0.4,0.19999999999999996,0.4,None,N14022,0.6151928624817306,0.5822542080148645,0.5922295519599841,0.06587730893373223,,0.08730191373828833,0.09092398716773809,0.9976902612600809
example/hyperparams_opt/Hela/unequal_param_set_5,0.4,0.19999999999999996,0.4,None,N1416,0.3881771793585526,0.5822542080148645,0.5922295519599841,0.06587730893373223,,0.08730191373828833,0.09092398716773809,0.9976902612600809
example/hyperparams_opt/Hela/unequal_param_set_5,0.4,0.19999999999999996,0.4,None,N14418,0.651245901831245,0.5822542080148645,0.5922295519599841,0.06587730893373223,,0.08730191373828833,0.09092398716773809,0.9976902612600809
example/hyperparams_opt/Hela/unequal_param_set_5,0.4,0.19999999999999996,0.4,None,N14588,0.6566229120663031,0.5822542080148645,0.5922295519599841,0.06587730893373223,,0.08730191373828833,0.09092398716773809,0.9976902612600809
example/hyperparams_opt/Hela/unequal_param_set_5,0.4,0.19999999999999996,0.4,None,N14727,0.6074113820133128,0.606552963888769,0.6044757143747278,0.0017168362490874722,0.007090166666667508,,0.09092398716773809,0.9999886286514775
example/hyperparams_opt/Hela/unequal_param_set_5,0.4,0.19999999999999996,0.4,None,N14944,0.5365473722205228,0.5329518722205213,0.5279229148136827,0.007191000000003056,0.03953260476044512,0.039412143517098264,0.03797631481367947,0.9996136361564902
example/hyperparams_opt/Hela/unequal_param_set_5,0.4,0.19999999999999996,0.4,None,N15137,0.6652222794415229,0.6616138627437549,0.6584845150448808,0.0072168333955361375,0.04062251102775083,0.0462227780744362,0.048799738519321734,0.9996190319184721
example/hyperparams_opt/Hela/unequal_param_set_5,0.4,0.19999999999999996,0.4,None,N15152,0.5422688722205143,0.5387183722205127,0.532018372220512,0.007101000000003355,0.04605331904616167,0.046236622220519774,0.043241672220519556,0.9995639453932618
example/hyperparams_opt/Hela/unequal_param_set_5,0.4,0.19999999999999996,0.4,None,N1517,0.446906000000014,0.32370400000000776,0.532018372220512,0.24640400000001245,,0.046236622220519774,0.043241672220519556,0.8928263962611692
example/hyperparams_opt/Hela/unequal_param_set_5,0.4,0.19999999999999996,0.4,None,N1555,0.5620980000000116,0.4388960000000054,0.3781893333333402,0.2464040000000125,0.30532200000000176,,0.043241672220519556,0.9468037819877135
example/hyperparams_opt/Hela/unequal_param_set_5,0.4,0.19999999999999996,0.4,None,N15625,0.5394232534285328,0.5184183757483626,0.3781893333333402,0.04200975536034052,,,0.043241672220519556,0.998815478437182
example/hyperparams_opt/Hela/unequal_param_set_5,0.4,0.19999999999999996,0.4,None,N15677,0.5485674872002001,0.5407011154001511,0.5328347436001021,0.01573274360009802,0.06153707266682917,0.06369456268899115,0.07223807693342998,0.9984330277455783
example/hyperparams_opt/Hela/unequal_param_set_5,0.4,0.19999999999999996,0.4,None,N15717,0.5886328722205127,0.5882278722205125,0.57977258148034,0.0008100000000003105,0.06938174761757965,0.07624522685042312,0.07780380703623169,0.9985577521727063
example/hyperparams_opt/Hela/unequal_param_set_5,0.4,0.19999999999999996,0.4,None,N1595,0.4656520577284585,0.40012802886423104,0.34716701924282184,0.13104805772845501,0.224407057728455,,0.07780380703623169,0.9680247442943873
example/hyperparams_opt/Hela/unequal_param_set_5,0.4,0.19999999999999996,0.4,None,N16164,0.6840231686102174,0.6005979276629594,0.5639106184419713,0.166850481894516,0.1934871686102222,,0.07780380703623169,0.9897998087535327
example/hyperparams_opt/Hela/unequal_param_set_5,0.4,0.19999999999999996,0.4,None,N16231,0.5787547639932411,0.5651108229949271,0.5514668819966132,0.027287881996627905,0.12679188666104152,0.13721998655198941,0.15738721532995326,0.9917526369451538
example/hyperparams_opt/Hela/unequal_param_set_5,0.4,0.19999999999999996,0.4,None,N16409,0.6482494387053045,0.5699384314277021,0.5392679542851336,0.1566220145552049,0.17032243870530767,,0.15738721532995326,0.9909215237472047
example/hyperparams_opt/Hela/unequal_param_set_5,0.4,0.19999999999999996,0.4,None,N16516,0.7102200950582638,0.7018133391171208,0.686698028500594,0.01681351188228597,0.05375268779072351,,0.15738721532995326,0.9995111397716924
example/hyperparams_opt/Hela/unequal_param_set_5,0.4,0.19999999999999996,0.4,None,N17155,0.6250433699833438,0.6086446942593349,0.686698028500594,0.032797351448017875,,,0.15738721532995326,0.999476294693642
example/hyperparams_opt/Hela/unequal_param_set_5,0.4,0.19999999999999996,0.4,None,N17265,0.6336602250131285,0.6300547561759757,0.6266855307366649,0.007210937674305584,0.020155429166700878,0.01869738833341994,0.019251589656135715,0.9999263046334432
example/hyperparams_opt/Hela/unequal_param_set_5,0.4,0.19999999999999996,0.4,None,N17713,0.6236230052046133,0.5924317487970208,0.6266855307366649,0.06238251281518514,,0.01869738833341994,0.019251589656135715,0.9979995189109827
example/hyperparams_opt/Hela/unequal_param_set_5,0.4,0.19999999999999996,0.4,None,N17734,0.6759732477246313,0.6650660720570793,0.6584246069514842,0.0218143513351039,0.04408018699376259,0.037589216662685665,0.03769401274309769,0.9997512720145291
example/hyperparams_opt/Hela/unequal_param_set_5,0.4,0.19999999999999996,0.4,None,N17761,0.6453034603903773,0.6442040525876117,0.6427408633305315,0.002198815605531257,0.05115302039354863,0.06527496086396367,0.06626686025886264,0.9992315228405997
example/hyperparams_opt/Hela/unequal_param_set_5,0.4,0.19999999999999996,0.4,None,N17927,0.5567446374019189,0.5553615497603523,0.6427408633305315,0.0027661752831332764,,0.06527496086396367,0.06626686025886264,0.9999955260329917
example/hyperparams_opt/Hela/unequal_param_set_5,0.4,0.19999999999999996,0.4,None,N18291,0.5796637953899859,0.5540350298998116,0.6427408633305315,0.05125753098034869,,0.06527496086396367,0.06626686025886264,0.9984558820909851
example/hyperparams_opt/Hela/unequal_param_set_5,0.4,0.19999999999999996,0.4,None,N18386,0.6124450757413527,0.610047101027282,0.60421361796632,0.004795949428141322,0.019898423896956507,,0.06626686025886264,0.9999101437689817
example/hyperparams_opt/Hela/unequal_param_set_5,0.4,0.19999999999999996,0.4,None,N18401,0.6894643211395728,0.6764866413167021,0.6701333564367249,0.02595535964574125,0.06922607877921638,0.0686445803951502,0.07386834390775832,0.9991782879843116
example/hyperparams_opt/Hela/unequal_param_set_5,0.4,0.19999999999999996,0.4,None,N18823,0.576055503342194,0.5680035865228235,0.5630288731715382,0.016103833638741016,0.02297605687322668,,0.07386834390775832,0.9998672142501088
example/hyperparams_opt/Hela/unequal_param_set_5,0.4,0.19999999999999996,0.4,None,N19030,0.53557500000001,0.4587905000000021,0.38831733333333984,0.15356900000001583,0.2882039999999947,,0.07386834390775832,0.9575026829801659
example/hyperparams_opt/Hela/unequal_param_set_5,0.4,0.19999999999999996,0.4,None,N19077,0.6835208964128273,0.6061974482064032,0.5635234160535145,0.15464689641284823,0.20534554466509014,,0.07386834390775832,0.9893071992421947
example/hyperparams_opt/Hela/unequal_param_set_5,0.4,0.19999999999999996,0.4,None,N19436,0.591118447233118,0.5657912153369768,0.5635234160535145,0.05065446379228222,,,0.07386834390775832,0.9985540518117911
example/hyperparams_opt/Hela/unequal_param_set_5,0.4,0.19999999999999996,0.4,None,N1966,0.5458872596762169,0.4135646298381104,0.5635234160535145,0.264645259676213,,,0.07386834390775832,0.9248395880204827
example/hyperparams_opt/Hela/unequal_param_set_5,0.4,0.19999999999999996,0.4,None,N20022,0.639926024644065,0.6207905127877449,0.6133523221693696,0.03827102371264013,0.07976276998401044,0.07339815355187851,0.07045788906007688,0.9989305382487185
example/hyperparams_opt/Hela/unequal_param_set_5,0.4,0.19999999999999996,0.4,None,N20227,0.5448348051157272,0.6207905127877449,0.6133523221693696,0.03827102371264013,0.07976276998401044,0.07339815355187851,0.07045788906007688,0.9989305382487185
example/hyperparams_opt/Hela/unequal_param_set_5,0.4,0.19999999999999996,0.4,None,N20562,0.647341681084636,0.6469645625294487,0.6463435224241851,0.0007542371103744783,0.0022402388709777954,,0.07045788906007688,0.9999990561732488
example/hyperparams_opt/Hela/unequal_param_set_5,0.4,0.19999999999999996,0.4,None,N20752,0.5513268038930167,0.6469645625294487,0.6463435224241851,0.0007542371103744783,0.0022402388709777954,,0.07045788906007688,0.9999990561732488
example/hyperparams_opt/Hela/unequal_param_set_5,0.4,0.19999999999999996,0.4,None,N20754,0.6727164772339654,0.6333201425822986,0.6192732445324778,0.07879266930333362,0.08153702880112934,,0.07045788906007688,0.998326514273554
example/hyperparams_opt/Hela/unequal_param_set_5,0.4,0.19999999999999996,0.4,None,N20772,0.5903300091678139,0.5805583975241309,0.6192732445324778,0.01954322328736613,,,0.07045788906007688,0.9997956354210553
example/hyperparams_opt/Hela/unequal_param_set_5,0.4,0.19999999999999996,0.4,None,N21124,0.5172792938381952,0.49341738723942974,0.4849190850398399,0.04772381319753083,0.04935681319753493,,0.07045788906007688,0.998996438072579
example/hyperparams_opt/Hela/unequal_param_set_5,0.4,0.19999999999999996,0.4,None,N21269,0.7198667621839591,0.680696723057867,0.6588444126983356,0.07834007825218414,0.10472697020468635,,0.07045788906007688,0.9979484186421818
example/hyperparams_opt/Hela/unequal_param_set_5,0.4,0.19999999999999996,0.4,None,N21309,0.5674666787137633,0.5589567188745417,0.5536135494280282,0.017019919678443185,0.031455269722209245,0.02525057706413658,0.022969254718629428,0.9998387242304355
example/hyperparams_opt/Hela/unequal_param_set_5,0.4,0.19999999999999996,0.4,None,N21563,0.5805447011173399,0.5630236005586655,0.5548369559279972,0.0350422011173489,0.04208103445067912,,0.022969254718629428,0.9995026150826404
example/hyperparams_opt/Hela/unequal_param_set_5,0.4,0.19999999999999996,0.4,None,N2172,0.5657640000000057,0.5068730000000055,0.46687866666666733,0.11778200000000039,0.17887400000001458,,0.022969254718629428,0.9886461894861603
example/hyperparams_opt/Hela/unequal_param_set_5,0.4,0.19999999999999996,0.4,None,N21767,0.614421061157797,0.5856717670251608,0.5732485023142839,0.05749858826527243,0.0660190882652667,,0.022969254718629428,0.9988220540192616
example/hyperparams_opt/Hela/unequal_param_set_5,0.4,0.19999999999999996,0.4,None,N21880,0.583896073418732,0.5541940367093671,0.5379263578062458,0.059404073418729775,0.07850507341872859,,0.022969254718629428,0.9982604419668418
example/hyperparams_opt/Hela/unequal_param_set_5,0.4,0.19999999999999996,0.4,None,N21963,0.6804462011849024,0.6757113701983093,0.661580554708736,0.009469661973186216,0.047127277455312866,,0.022969254718629428,0.9995664662959011
example/hyperparams_opt/Hela/unequal_param_set_5,0.4,0.19999999999999996,0.4,None,N22016,0.6083512200982781,0.594580127757159,0.5816902705627158,0.027542184682238235,0.06708119112036948,0.05819027451122383,0.04945129720747732,0.9992964910054207
example/hyperparams_opt/Hela/unequal_param_set_5,0.4,0.19999999999999996,0.4,None,N22494,0.5572723289980337,0.594580127757159,0.5816902705627158,0.027542184682238235,0.06708119112036948,0.05819027451122383,0.04945129720747732,0.9992964910054207
example/hyperparams_opt/Hela/unequal_param_set_5,0.4,0.19999999999999996,0.4,None,N2250,0.5378596666666823,0.594580127757159,0.5816902705627158,0.027542184682238235,0.06708119112036948,0.05819027451122383,0.04945129720747732,0.9992964910054207
example/hyperparams_opt/Hela/unequal_param_set_5,0.4,0.19999999999999996,0.4,None,N22707,0.5719644621284528,0.561164897845468,0.5420284319542644,0.021599128565969683,0.06820896195659554,,0.04945129720747732,0.9987349864278374
example/hyperparams_opt/Hela/unequal_param_set_5,0.4,0.19999999999999996,0.4,None,N22801,0.5183994131149324,0.4930354961962524,0.4835707563599212,0.05072783383736007,0.0537581364276738,,0.04945129720747732,0.9988298872317877
example/hyperparams_opt/Hela/unequal_param_set_5,0.4,0.19999999999999996,0.4,None,N22941,0.7274960170218069,0.7030622286441864,0.6888933760078961,0.048867576755240894,0.06694034628649148,,0.04945129720747732,0.9992381495618491
example/hyperparams_opt/Hela/unequal_param_set_5,0.4,0.19999999999999996,0.4,None,N22948,0.4945706209770879,0.49236136602859615,0.47179804868063685,0.004418509896983613,0.06389920699236962,,0.04945129720747732,0.9982376467034226
example/hyperparams_opt/Hela/unequal_param_set_5,0.4,0.19999999999999996,0.4,None,N23052,0.6881339952859513,0.6868613917882513,0.47179804868063685,0.0025452069954000622,,,0.04945129720747732,0.9999975237595948
example/hyperparams_opt/Hela/unequal_param_set_5,0.4,0.19999999999999996,0.4,None,N23185,0.5077796542792848,0.5043644048610441,0.49365997111687165,0.00683049883648168,0.03552855065075794,,0.04945129720747732,0.9995546063033404
example/hyperparams_opt/Hela/unequal_param_set_5,0.4,0.19999999999999996,0.4,None,N23297,0.5590693896918514,0.5515147159803677,0.5484213247432078,0.015109347422967323,0.01683484742296326,,0.04945129720747732,0.9999137309515205
example/hyperparams_opt/Hela/unequal_param_set_5,0.4,0.19999999999999996,0.4,None,N23401,0.48098066666667166,0.47999766666667254,0.46616911111111575,0.001965999999998247,0.042468666666669486,,0.04945129720747732,0.999189425252054
example/hyperparams_opt/Hela/unequal_param_set_5,0.4,0.19999999999999996,0.4,None,N2344,0.5718590000000019,0.47999766666667254,0.46616911111111575,0.001965999999998247,0.042468666666669486,,0.04945129720747732,0.999189425252054
example/hyperparams_opt/Hela/unequal_param_set_5,0.4,0.19999999999999996,0.4,None,N23469,0.5364685775143059,0.5351279108476392,0.521026418277002,0.0026813333333332023,0.06624647628143543,0.07243958691572122,0.0641617156484876,0.9987171419920294
example/hyperparams_opt/Hela/unequal_param_set_5,0.4,0.19999999999999996,0.4,None,N2361,0.4119759999999829,0.3895139999999884,0.3606524444444339,0.04492399999998897,0.20047866666664252,0.20849399999997614,0.22772444444442352,0.9473362579178384
example/hyperparams_opt/Hela/unequal_param_set_5,0.4,0.19999999999999996,0.4,None,N2372,0.3785514159924965,0.34772589288179956,0.33629301480786405,0.061651046221393835,0.06512415733250337,,0.22772444444442352,0.9964666985456117
example/hyperparams_opt/Hela/unequal_param_set_5,0.4,0.19999999999999996,0.4,None,N2373,0.2811430000000076,0.2331394999999924,0.33629301480786405,0.0960070000000304,,,0.22772444444442352,0.9691986776307041
example/hyperparams_opt/Hela/unequal_param_set_5,0.4,0.19999999999999996,0.4,None,N24093,0.6378583490707932,0.5614196597575802,0.33629301480786405,0.15287737862642586,,,0.22772444444442352,0.9865863950318301
example/hyperparams_opt/Hela/unequal_param_set_5,0.4,0.19999999999999996,0.4,None,N2420,0.2918039999999827,0.28297299999998426,0.27845299999998324,0.01766199999999679,0.03563749999999899,0.03122199999999975,0.02906650000000105,0.999086382282294
example/hyperparams_opt/Hela/unequal_param_set_5,0.4,0.19999999999999996,0.4,None,N2441,0.41786149999998407,0.38864449999999057,0.3765591333333244,0.058433999999986996,0.10201072499998542,0.08497293333332301,0.08697903333331886,0.9950943058537839
example/hyperparams_opt/Hela/unequal_param_set_5,0.4,0.19999999999999996,0.4,None,N2466,0.4675682222222393,0.38864449999999057,0.3765591333333244,0.058433999999986996,0.10201072499998542,0.08497293333332301,0.08697903333331886,0.9950943058537839
example/hyperparams_opt/Hela/unequal_param_set_5,0.4,0.19999999999999996,0.4,None,N24795,0.7099159346466111,0.672754503542355,0.6281856394675892,0.07432286220851225,0.17114045676752188,0.13425145910223413,,0.994968693238753
example/hyperparams_opt/Hela/unequal_param_set_5,0.4,0.19999999999999996,0.4,None,N24870,0.5201467713244534,0.5157119761037099,0.5130409459565505,0.008869590441486941,0.012447885662221658,,,0.9999527303731712
example/hyperparams_opt/Hela/unequal_param_set_5,0.4,0.19999999999999996,0.4,None,N2566,0.4572793333333299,0.44552566666666904,0.4227339444444465,0.02350733333332161,0.10276809166666484,0.0985608444444494,0.08725421111111581,0.9959284350977974
example/hyperparams_opt/Hela/unequal_param_set_5,0.4,0.19999999999999996,0.4,None,N2571,0.41484372607185716,0.4141434873334708,0.4090449954843615,0.0014004774767727435,0.015995714285714224,,0.08725421111111581,0.9998571076571657
example/hyperparams_opt/Hela/unequal_param_set_5,0.4,0.19999999999999996,0.4,None,N2590,0.2959271584191898,0.28962424587626534,0.2732288305841816,0.012605825085848954,0.09399562423496169,0.09411045599466825,0.08610790384882588,0.9864660281752246
example/hyperparams_opt/Hela/unequal_param_set_5,0.4,0.19999999999999996,0.4,None,N2592,0.4619920000000064,0.4284086666666713,0.40601977777778125,0.0671666666666702,0.12057445833333985,0.09359927777778293,0.08385202777778239,0.9953196303277224
example/hyperparams_opt/Hela/unequal_param_set_5,0.4,0.19999999999999996,0.4,None,N2601,0.4056375091056878,0.4030852314240687,0.39107099945258894,0.005104555363238228,0.06016658586332868,0.06480484560413302,0.06198586516712695,0.998056864222128
example/hyperparams_opt/Hela/unequal_param_set_5,0.4,0.19999999999999996,0.4,None,N26066,0.5675807987532729,0.564643120140539,0.5213143909591268,0.005875357225467948,0.13292386615697033,,0.06198586516712695,0.9935051915345702
example/hyperparams_opt/Hela/unequal_param_set_5,0.4,0.19999999999999996,0.4,None,N2625,0.5052559999999922,0.46540300000000234,0.40441400000000005,0.07970599999997957,0.22281999999999658,,0.06198586516712695,0.9754132601366721
example/hyperparams_opt/Hela/unequal_param_set_5,0.4,0.19999999999999996,0.4,None,N2636,0.4645930000000014,0.4629891666666698,0.460316111111117,0.003207666666663278,0.009622999999989945,,0.06198586516712695,0.9999655835941587
example/hyperparams_opt/Hela/unequal_param_set_5,0.4,0.19999999999999996,0.4,None,N2650,0.5154369999999944,0.4855739999999944,0.460316111111117,0.05972599999999989,,,0.06198586516712695,0.9972699244628889
example/hyperparams_opt/Hela/unequal_param_set_5,0.4,0.19999999999999996,0.4,None,N2697,0.44555349337389866,0.4855739999999944,0.460316111111117,0.05972599999999989,,,0.06198586516712695,0.9972699244628889
example/hyperparams_opt/Hela/unequal_param_set_5,0.4,0.19999999999999996,0.4,None,N2698,0.42413962550099465,0.42001666462172094,0.4073507764144794,0.008245921758547492,0.05040163391392066,0.049039009172287706,0.03898672371629469,0.9990742084948039
example/hyperparams_opt/Hela/unequal_param_set_5,0.4,0.19999999999999996,0.4,None,N2708,0.571085999999999,0.5301059999999929,0.4705593333333293,0.08196000000001225,0.21961999999999693,,0.03898672371629469,0.9826295195122922
example/hyperparams_opt/Hela/unequal_param_set_5,0.4,0.19999999999999996,0.4,None,N2716,0.581055999999986,0.5795139999999872,0.5779719999999884,0.003083999999997644,0.08309149999999843,0.10719066666666732,0.11370900000000156,0.9969092332973258
example/hyperparams_opt/Hela/unequal_param_set_5,0.4,0.19999999999999996,0.4,None,N2732,0.5364400000000039,0.5215486666666693,0.5001973333333364,0.029782666666669178,0.09050353333332828,0.07946493333332527,0.06134173333332499,0.9982560969583705
example/hyperparams_opt/Hela/unequal_param_set_5,0.4,0.19999999999999996,0.4,None,N2770,0.6664036908699769,0.5737137315791182,0.541566545148834,0.18537991858171732,0.2944797568920783,0.23690587703800864,0.22839471181550064,0.9792378026984692
example/hyperparams_opt/Hela/unequal_param_set_5,0.4,0.19999999999999996,0.4,None,N2789,0.47241516227384805,0.5737137315791182,0.541566545148834,0.18537991858171732,0.2944797568920783,0.23690587703800864,0.22839471181550064,0.9792378026984692
example/hyperparams_opt/Hela/unequal_param_set_5,0.4,0.19999999999999996,0.4,None,N2793,0.43573749046522636,0.4103983827669244,0.39918534686749013,0.05067821539660389,0.058978215396604805,,0.22839471181550064,0.9980848644734801
example/hyperparams_opt/Hela/unequal_param_set_5,0.4,0.19999999999999996,0.4,None,N2801,0.43745756005783487,0.4322671700433748,0.4209965400385583,0.010380780028920122,0.07486279718829753,0.07564916003373551,0.07086188403277482,0.9975790795143983
example/hyperparams_opt/Hela/unequal_param_set_5,0.4,0.19999999999999996,0.4,None,N2815,0.5099591832945515,0.500897542459277,0.4955912621808516,0.018123281670548996,0.024980481670550725,,0.07086188403277482,0.9997949035572744
example/hyperparams_opt/Hela/unequal_param_set_5,0.4,0.19999999999999996,0.4,None,N2845,0.4782700000000204,0.4483135000000034,0.4109353333333332,0.05991300000003397,0.1420910000000276,,0.07086188403277482,0.99072733150452
example/hyperparams_opt/Hela/unequal_param_set_5,0.4,0.19999999999999996,0.4,None,N2875,0.573121999999978,0.5483489999999807,0.5366159999999827,0.04954599999999465,0.08594058333332211,0.06982377777776821,0.06822966666665709,0.9985306122118768
example/hyperparams_opt/Hela/unequal_param_set_5,0.4,0.19999999999999996,0.4,None,N2878,0.5072113333333267,0.5031346666666613,0.5005769777777718,0.008153333333330848,0.05077210833333323,0.05970290000000095,0.06573907777777543,0.998714841978955
example/hyperparams_opt/Hela/unequal_param_set_5,0.4,0.19999999999999996,0.4,None,N2886,0.4437544535152157,0.5031346666666613,0.5005769777777718,0.008153333333330848,0.05077210833333323,0.05970290000000095,0.06573907777777543,0.998714841978955
example/hyperparams_opt/Hela/unequal_param_set_5,0.4,0.19999999999999996,0.4,None,N2900,0.44092240000000926,0.4262094500000084,0.38941463333333903,0.02942590000000167,0.12509740000000907,,0.06573907777777543,0.9911814756811083
example/hyperparams_opt/Hela/unequal_param_set_5,0.4,0.19999999999999996,0.4,None,N2917,0.5826419999999984,0.5749179999999997,0.5723433333333334,0.015447999999997464,0.05275133333333182,0.051244555555555404,0.0542844000000009,0.9994024692640585
example/hyperparams_opt/Hela/unequal_param_set_5,0.4,0.19999999999999996,0.4,None,N2919,0.4713335133733669,0.4694057633733668,0.4602082633733686,0.0038555000000001782,0.02952024999999464,,0.0542844000000009,0.9996287157428266
example/hyperparams_opt/Hela/unequal_param_set_5,0.4,0.19999999999999996,0.4,None,N2984,0.503717000000005,0.5010995471920786,0.4991844759058303,0.00523490561585277,0.035154112343777466,0.03700190048203539,0.03889389985377917,0.9995946352223407
example/hyperparams_opt/Hela/unequal_param_set_5,0.4,0.19999999999999996,0.4,None,N3003,0.5945702041081408,0.5010995471920786,0.4991844759058303,0.00523490561585277,0.035154112343777466,0.03700190048203539,0.03889389985377917,0.9995946352223407
example/hyperparams_opt/Hela/unequal_param_set_5,0.4,0.19999999999999996,0.4,None,N3018,0.42236636457713983,0.409995015621908,0.4991844759058303,0.02474269791046363,,0.03700190048203539,0.03889389985377917,0.9993431179018497
example/hyperparams_opt/Hela/unequal_param_set_5,0.4,0.19999999999999996,0.4,None,N3022,0.47942439999999636,0.4788991999999972,0.4782447999999972,0.0010503999999983415,0.05555449999999723,0.07271799999999734,0.09281179999999928,0.9971040667334277
example/hyperparams_opt/Hela/unequal_param_set_5,0.4,0.19999999999999996,0.4,None,N3028,0.4424250000000054,0.42488550000000447,0.4042710000000038,0.035079000000001914,0.07938300000000281,,0.09281179999999928,0.9970461951244785
example/hyperparams_opt/Hela/unequal_param_set_5,0.4,0.19999999999999996,0.4,None,N3046,0.4340559999999925,0.3947324999999946,0.4042710000000038,0.07864699999999586,,,0.09281179999999928,0.9928292643081111
example/hyperparams_opt/Hela/unequal_param_set_5,0.4,0.19999999999999996,0.4,None,N3077,0.5546117454253628,0.5477853199678989,0.5412578718593184,0.01365285091492785,0.026408769783205388,,0.09281179999999928,0.9998193856197752
example/hyperparams_opt/Hela/unequal_param_set_5,0.4,0.19999999999999996,0.4,None,N3118,0.5792999999999935,0.5231523333333242,0.48939022222221434,0.11229533333333847,0.21449908333333545,0.17737311111111176,0.17614988888888855,0.98507510502208
example/hyperparams_opt/Hela/unequal_param_set_5,0.4,0.19999999999999996,0.4,None,N3152,0.4805429999999934,0.46779309999999563,0.45326756666666307,0.025499799999995465,0.06734479166665402,0.058267655555542475,0.04985523333331959,0.9988438275783168
example/hyperparams_opt/Hela/unequal_param_set_5,0.4,0.19999999999999996,0.4,None,N3154,0.5810955558847158,0.5718360209124569,0.5685354452637393,0.018519069944517796,0.06173835281017637,0.06667118146850559,0.0695391829977342,0.9989524026293252
example/hyperparams_opt/Hela/unequal_param_set_5,0.4,0.19999999999999996,0.4,None,N3155,0.5544182996945362,0.5478603498472701,0.544755757041039,0.013115899694532085,0.03993234409277091,0.037384496883306695,0.039581353423191024,0.999506175933977
example/hyperparams_opt/Hela/unequal_param_set_5,0.4,0.19999999999999996,0.4,None,N3164,0.47498313440340595,0.4651800672017083,0.544755757041039,0.019606134403395314,,0.037384496883306695,0.039581353423191024,0.9996796251186507
example/hyperparams_opt/Hela/unequal_param_set_5,0.4,0.19999999999999996,0.4,None,N3171,0.6511284913889644,0.5630162456944825,0.5107715723905288,0.176224491388964,0.24484626560634298,,0.039581353423191024,0.981871036055892
example/hyperparams_opt/Hela/unequal_param_set_5,0.4,0.19999999999999996,0.4,None,N3187,0.4838559999999919,0.3803694999999988,0.3269589999999983,0.20697299999998614,0.26371799999999473,,0.039581353423191024,0.9475341232835591
example/hyperparams_opt/Hela/unequal_param_set_5,0.4,0.19999999999999996,0.4,None,N3215,0.6226546641845312,0.6055289813384114,0.5992186368050872,0.03425136569223963,0.06728970163646708,0.060575013853805704,0.06967609600895919,0.9986283897294786
example/hyperparams_opt/Hela/unequal_param_set_5,0.4,0.19999999999999996,0.4,None,N3234,0.6048614181435551,0.5830133904722925,0.5992186368050872,0.0436960553425253,,0.060575013853805704,0.06967609600895919,0.9989867569068103
example/hyperparams_opt/Hela/unequal_param_set_5,0.4,0.19999999999999996,0.4,None,N3275,0.5358905000000058,0.46536378165812503,0.5992186368050872,0.14105343668376158,,0.060575013853805704,0.06967609600895919,0.9833681161890193
example/hyperparams_opt/Hela/unequal_param_set_5,0.4,0.19999999999999996,0.4,None,N3314,0.49789500000001785,0.4845637500000126,0.47880850000000924,0.026662500000010414,0.043332583333348274,0.034246527777787306,0.032264166666673144,0.9996029065767068
example/hyperparams_opt/Hela/unequal_param_set_5,0.4,0.19999999999999996,0.4,None,N3381,0.6087246929535945,0.6064521062744026,0.5979625285600412,0.004545173358383892,0.07579622223000204,0.08954193635338548,0.09657532022670334,0.9981891028088151
example/hyperparams_opt/Hela/unequal_param_set_5,0.4,0.19999999999999996,0.4,None,N3412,0.5435385827711322,0.6064521062744026,0.5979625285600412,0.004545173358383892,0.07579622223000204,0.08954193635338548,0.09657532022670334,0.9981891028088151
example/hyperparams_opt/Hela/unequal_param_set_5,0.4,0.19999999999999996,0.4,None,N3420,0.5562010884514836,0.5549670040584809,0.5527756229382654,0.0024681687860056423,0.04756621168038533,0.05295845794183862,0.05823842175053279,0.9987631807868084
example/hyperparams_opt/Hela/unequal_param_set_5,0.4,0.19999999999999996,0.4,None,N3474,0.54635711734188,0.5451407155777044,0.5432589548661637,0.0024328035283511795,0.02263382056004215,0.026674797682948115,0.02648957802403218,0.9998391364329857
example/hyperparams_opt/Hela/unequal_param_set_5,0.4,0.19999999999999996,0.4,None,N34957,0.5264539999999897,0.41484450000000306,0.5432589548661637,0.2232189999999732,,0.026674797682948115,0.02648957802403218,0.9471384391183137
example/hyperparams_opt/Hela/unequal_param_set_5,0.4,0.19999999999999996,0.4,None,N35342,0.571654999999987,0.4842450000000021,0.5432589548661637,0.1748199999999699,,0.026674797682948115,0.02648957802403218,0.9763669556822269
example/hyperparams_opt/Hela/unequal_param_set_5,0.4,0.19999999999999996,0.4,None,N35351,0.5417279999999891,0.46442000000000405,0.40251466666667474,0.1546159999999701,0.263023999999973,,0.02648957802403218,0.9673152569526942
example/hyperparams_opt/Hela/unequal_param_set_5,0.4,0.19999999999999996,0.4,None,N3540,0.5442629999999968,0.5417554999999984,0.47517099999999585,0.005014999999996883,0.20226100000000602,,0.02648957802403218,0.9810782115538708
example/hyperparams_opt/Hela/unequal_param_set_5,0.4,0.19999999999999996,0.4,None,N3555,0.5289581304858894,0.5192473985762851,0.5123507983389972,0.019421463819208618,0.046154921755825695,0.03906992136861437,0.03560553836405339,0.9995144562802589
example/hyperparams_opt/Hela/unequal_param_set_5,0.4,0.19999999999999996,0.4,None,N3557,0.5074085454545533,0.503282522727279,0.49779072943723524,0.00825204545454844,0.020601402597405616,,0.03560553836405339,0.9998681805178987
example/hyperparams_opt/Hela/unequal_param_set_5,0.4,0.19999999999999996,0.4,None,N35807,0.4416665972482622,0.503282522727279,0.49779072943723524,0.00825204545454844,0.020601402597405616,,0.03560553836405339,0.9998681805178987
example/hyperparams_opt/Hela/unequal_param_set_5,0.4,0.19999999999999996,0.4,None,N35848,0.4721209999999999,0.46605016666666355,0.45167811111110545,0.012141666666672768,0.07227885714286514,0.07005666666667121,0.06022191111111308,0.9982387463841159
example/hyperparams_opt/Hela/unequal_param_set_5,0.4,0.19999999999999996,0.4,None,N35850,0.4244749999999925,0.37346549999998335,0.3254869999999888,0.10201900000001835,0.19494499999999274,,0.06022191111111308,0.9724801280535346
example/hyperparams_opt/Hela/unequal_param_set_5,0.4,0.19999999999999996,0.4,None,N35855,0.4557460000000006,0.43931049999999705,0.3885703333333268,0.032871000000007145,0.16865600000001418,,0.06022191111111308,0.9831695032904915
example/hyperparams_opt/Hela/unequal_param_set_5,0.4,0.19999999999999996,0.4,None,N3586,0.5303277005349136,0.43931049999999705,0.3885703333333268,0.032871000000007145,0.16865600000001418,,0.06022191111111308,0.9831695032904915
example/hyperparams_opt/Hela/unequal_param_set_5,0.4,0.19999999999999996,0.4,None,N3587,0.569571999999998,0.569571999999998,0.5203136666666672,0.0,0.2462916666666537,0.29554999999998444,0.2462916666666537,0.9688374395421343
example/hyperparams_opt/Hela/unequal_param_set_5,0.4,0.19999999999999996,0.4,None,N3591,0.3829688301119605,0.569571999999998,0.5203136666666672,0.0,0.2462916666666537,0.29554999999998444,0.2462916666666537,0.9688374395421343
example/hyperparams_opt/Hela/unequal_param_set_5,0.4,0.19999999999999996,0.4,None,N35922,0.3847299999999933,0.3316839999999971,0.5203136666666672,0.10609199999999247,,0.29554999999998444,0.2462916666666537,0.9814703454828
example/hyperparams_opt/Hela/unequal_param_set_5,0.4,0.19999999999999996,0.4,None,N35933,0.4104759999999914,0.4104759999999914,0.39334599999999087,0.0,0.11991000000000385,0.15417000000000491,0.13704000000000438,0.9865136666591036
example/hyperparams_opt/Hela/unequal_param_set_5,0.4,0.19999999999999996,0.4,None,N36048,0.40374600000001093,0.3919155000000003,0.3396369999999962,0.02366100000002125,0.16866600000002308,,0.13704000000000438,0.9767021672217442
example/hyperparams_opt/Hela/unequal_param_set_5,0.4,0.19999999999999996,0.4,None,N36072,0.3848299999999938,0.3824574999999918,0.3106730000000013,0.0047450000000040515,0.21772599999997339,,0.13704000000000438,0.9458971726028764
example/hyperparams_opt/Hela/unequal_param_set_5,0.4,0.19999999999999996,0.4,None,N3608,0.5136716480324482,0.49912359316719557,0.49315966033999575,0.029096109730505415,0.052412155261750026,0.04452153436813,0.044576627006653935,0.9993602825110963
example/hyperparams_opt/Hela/unequal_param_set_5,0.4,0.19999999999999996,0.4,None,N36096,0.5457559999999944,0.46675099999999714,0.3857173333333241,0.15800999999999443,0.32210600000001643,,0.044576627006653935,0.9452876377742826
example/hyperparams_opt/Hela/unequal_param_set_5,0.4,0.19999999999999996,0.4,None,N36104,0.4969669999999937,0.480400499999994,0.46418833333332404,0.03313299999999947,0.11652885714286776,0.10851666666667775,0.09986280000000813,0.9960039513376137
example/hyperparams_opt/Hela/unequal_param_set_5,0.4,0.19999999999999996,0.4,None,N3628,0.5040245454545429,0.4980591893939358,0.4906966500721457,0.01193071212121416,0.028052974025977506,,0.09986280000000813,0.9997498517996873
example/hyperparams_opt/Hela/unequal_param_set_5,0.4,0.19999999999999996,0.4,None,N36340,0.5355099999999964,0.5089294999999978,0.4286896666666668,0.05316099999999713,0.26729999999999154,,0.09986280000000813,0.9644355309389449
example/hyperparams_opt/Hela/unequal_param_set_5,0.4,0.19999999999999996,0.4,None,N36477,0.5443080000000009,0.5121330000000001,0.4156220000000028,0.06435000000000168,0.32170799999999244,,0.09986280000000813,0.9438566168971265
example/hyperparams_opt/Hela/unequal_param_set_5,0.4,0.19999999999999996,0.4,None,N3652,0.5516219999999983,0.5509455000000021,0.5374541111111147,0.001352999999992499,0.060095547619037515,0.06257652777777106,0.053325211111106496,0.9992978665705567
example/hyperparams_opt/Hela/unequal_param_set_5,0.4,0.19999999999999996,0.4,None,N3657,0.41463076653819625,0.4064540165381978,0.40257320111085665,0.016353499999996857,0.019819196282022,,0.053325211111106496,0.9997911507395735
example/hyperparams_opt/Hela/unequal_param_set_5,0.4,0.19999999999999996,0.4,None,N3665,0.5030353905095262,0.4946248905095255,0.48392438415661515,0.01682100000000125,0.040512019058731696,,0.053325211111106496,0.9994618883753629
example/hyperparams_opt/Hela/unequal_param_set_5,0.4,0.19999999999999996,0.4,None,N36752,0.43341300000000016,0.3894204999999992,0.360517000000002,0.08798500000000187,0.13070299999999263,,0.053325211111106496,0.9897809269335135
example/hyperparams_opt/Hela/unequal_param_set_5,0.4,0.19999999999999996,0.4,None,N3693,0.4840769189498756,0.3894204999999992,0.360517000000002,0.08798500000000187,0.13070299999999263,,0.053325211111106496,0.9897809269335135
example/hyperparams_opt/Hela/unequal_param_set_5,0.4,0.19999999999999996,0.4,None,N3695,0.5399540000000279,0.5339776862200656,0.5247382417756167,0.011952627559924656,0.052235365223333,0.052439290813378614,0.052310648665590154,0.9992530464423326
example/hyperparams_opt/Hela/unequal_param_set_5,0.4,0.19999999999999996,0.4,None,N3696,0.5085388421052709,0.5064438386090125,0.5027870742241916,0.004190006992516704,0.03474820758687702,0.03988084106933726,0.03746446680356952,0.9995902109787506
example/hyperparams_opt/Hela/unequal_param_set_5,0.4,0.19999999999999996,0.4,None,N3701,0.49285200000000007,0.47951125000000283,0.47209105555556236,0.026681499999994474,0.06433888888888012,0.06536691666666367,0.07573438888888617,0.998334287955938
example/hyperparams_opt/Hela/unequal_param_set_5,0.4,0.19999999999999996,0.4,None,N3735,0.5010198311170412,0.47951125000000283,0.47209105555556236,0.026681499999994474,0.06433888888888012,0.06536691666666367,0.07573438888888617,0.998334287955938
example/hyperparams_opt/Hela/unequal_param_set_5,0.4,0.19999999999999996,0.4,None,N3759,0.5219734835558526,0.5187149084445966,0.5142860500741779,0.0065171502225122024,0.016545150222511795,,0.07573438888888617,0.9999202226778491
example/hyperparams_opt/Hela/unequal_param_set_5,0.4,0.19999999999999996,0.4,None,N3773,0.5608811990948169,0.5303335659877809,0.5169602438409898,0.061095266214071964,0.09480619920796007,0.0723047659877743,0.06685704384098395,0.9983408369713338
example/hyperparams_opt/Hela/unequal_param_set_5,0.4,0.19999999999999996,0.4,None,N3873,0.5477897438431161,0.5364907783971935,0.5269781795241203,0.022597930891845253,0.040588447994567955,0.030041168478071256,,0.9996332875985995
example/hyperparams_opt/Hela/unequal_param_set_5,0.4,0.19999999999999996,0.4,None,N3887,0.558772,0.5275649999999947,0.5094006666666622,0.06241400000001074,0.08570000000000311,,,0.9977279397971286
example/hyperparams_opt/Hela/unequal_param_set_5,0.4,0.19999999999999996,0.4,None,N3891,0.5035571609473487,0.5275649999999947,0.5094006666666622,0.06241400000001074,0.08570000000000311,,,0.9977279397971286
example/hyperparams_opt/Hela/unequal_param_set_5,0.4,0.19999999999999996,0.4,None,N3938,0.5314640000000033,0.5126215000000027,0.49075540000000223,0.03768500000000119,0.09591804999999975,0.08090129999999846,0.0662345999999982,0.9980265851356804
example/hyperparams_opt/Hela/unequal_param_set_5,0.4,0.19999999999999996,0.4,None,N3958,0.4818719999999971,0.4623369999999941,0.43168199999999785,0.03907000000000599,0.11149999999999172,,0.0662345999999982,0.9947083486065172
example/hyperparams_opt/Hela/unequal_param_set_5,0.4,0.19999999999999996,0.4,None,N3963,0.5662540000000075,0.5586448888888949,0.5533629063180882,0.015218222222225353,0.04001005566849258,0.03791927683903329,0.03502351345562993,0.9996881980705954
example/hyperparams_opt/Hela/unequal_param_set_5,0.4,0.19999999999999996,0.4,None,N3993,0.5627196080818423,0.5592612385402319,0.5547275508221116,0.006916739083220769,0.017059432695971655,,0.03502351345562993,0.9999273356264495
example/hyperparams_opt/Hela/unequal_param_set_5,0.4,0.19999999999999996,0.4,None,N4014,0.584910629518485,0.5840382636157756,0.58187585352345,0.0017447318054188976,0.0423136521120393,0.047266962198055484,0.05105746746768425,0.999227199585658
example/hyperparams_opt/Hela/unequal_param_set_5,0.4,0.19999999999999996,0.4,None,N4036,0.521690604764752,0.5114817167300318,0.58187585352345,0.020417776069440507,,0.047266962198055484,0.05105746746768425,0.9997126110697985
example/hyperparams_opt/Hela/unequal_param_set_5,0.4,0.19999999999999996,0.4,None,N4045,0.5439926666666804,0.5358058333333471,0.5153240222222363,0.01637366666666662,0.08937206666667225,0.08776516666667439,0.07366762222222922,0.9980627455030687
example/hyperparams_opt/Hela/unequal_param_set_5,0.4,0.19999999999999996,0.4,None,N4087,0.4707018898147015,0.4674826737138839,0.46059235309317653,0.0064384322016352025,0.02389017796293985,,0.07366762222222922,0.9997806529525439
example/hyperparams_opt/Hela/unequal_param_set_5,0.4,0.19999999999999996,0.4,None,N4089,0.5522290000000012,0.5242824999999991,0.500409166666668,0.05589300000000408,0.14148624999999854,0.1275129999999975,0.12547641666666204,0.9942393858058258
example/hyperparams_opt/Hela/unequal_param_set_5,0.4,0.19999999999999996,0.4,None,N4106,0.5144150000000095,0.5048155000000087,0.4503936666666722,0.01919900000000141,0.17286500000001043,,0.12547641666666204,0.9859407414499526
example/hyperparams_opt/Hela/unequal_param_set_5,0.4,0.19999999999999996,0.4,None,N4171,0.48448136212294124,0.48248950867166596,0.46799711307679653,0.003983706902550566,0.04546904023588372,,0.12547641666666204,0.9991123567819525
example/hyperparams_opt/Hela/unequal_param_set_5,0.4,0.19999999999999996,0.4,None,N4172,0.543505045644437,0.48248950867166596,0.46799711307679653,0.003983706902550566,0.04546904023588372,,0.12547641666666204,0.9991123567819525
example/hyperparams_opt/Hela/unequal_param_set_5,0.4,0.19999999999999996,0.4,None,N4179,0.5782180000000039,0.5742373333333339,0.5729104444444441,0.007961333333339815,0.11690909523809973,0.13108638888888963,0.1543845111111098,0.992656369737433
example/hyperparams_opt/Hela/unequal_param_set_5,0.4,0.19999999999999996,0.4,None,N4199,0.5224699290208569,0.5206293884586737,0.512326441761813,0.003681081124366492,0.038314441415764455,0.040328921107914306,0.03666844731608099,0.9995967628546355
example/hyperparams_opt/Hela/unequal_param_set_5,0.4,0.19999999999999996,0.4,None,N4252,0.5056440931569843,0.5046758838412828,0.4880208528528503,0.0019364186314030363,0.05093330228099907,,0.03666844731608099,0.998925989610994
example/hyperparams_opt/Hela/unequal_param_set_5,0.4,0.19999999999999996,0.4,None,N4291,0.5932238249810317,0.5046758838412828,0.4880208528528503,0.0019364186314030363,0.05093330228099907,,0.03666844731608099,0.998925989610994
example/hyperparams_opt/Hela/unequal_param_set_5,0.4,0.19999999999999996,0.4,None,N4318,0.5718908000000076,0.5496797793596029,0.533211519573071,0.04442204128080951,0.07161580000000045,,0.03666844731608099,0.9986115348779128
example/hyperparams_opt/Hela/unequal_param_set_5,0.4,0.19999999999999996,0.4,None,N4327,0.5715787215035879,0.5455917239024152,0.533211519573071,0.05197399520234547,,,0.03666844731608099,0.9983628610537365
example/hyperparams_opt/Hela/unequal_param_set_5,0.4,0.19999999999999996,0.4,None,N4381,0.5097731917825057,0.5095915048942934,0.5061583634866598,0.00036337377642459145,0.04128332161466225,0.051369038227633,0.057793263486666024,0.9990953159099669
example/hyperparams_opt/Hela/unequal_param_set_5,0.4,0.19999999999999996,0.4,None,N4395,0.5908504845262523,0.574378984663383,0.5061583634866598,0.032942999725738664,,0.051369038227633,0.057793263486666024,0.9994067014390134
example/hyperparams_opt/Hela/unequal_param_set_5,0.4,0.19999999999999996,0.4,None,N4396,0.5134412242231923,0.574378984663383,0.5061583634866598,0.032942999725738664,,0.051369038227633,0.057793263486666024,0.9994067014390134
example/hyperparams_opt/Hela/unequal_param_set_5,0.4,0.19999999999999996,0.4,None,N4425,0.6176843429645892,0.574378984663383,0.5061583634866598,0.032942999725738664,,0.051369038227633,0.057793263486666024,0.9994067014390134
example/hyperparams_opt/Hela/unequal_param_set_5,0.4,0.19999999999999996,0.4,None,N4433,0.5057840275670576,0.5021050310129436,0.4915413693236663,0.007357993108228045,0.03536998162194588,,0.057793263486666024,0.9995598479785931
example/hyperparams_opt/Hela/unequal_param_set_5,0.4,0.19999999999999996,0.4,None,N4463,0.467154999999995,0.4487154999999958,0.43963822222221727,0.03687899999999833,0.045671333333334785,,0.057793263486666024,0.9990861010297268
example/hyperparams_opt/Hela/unequal_param_set_5,0.4,0.19999999999999996,0.4,None,N4501,0.5838038645419316,0.5834839154344282,0.5818952064805126,0.0006398982150065402,0.03412930797590119,0.038649897536172984,0.04311927605047472,0.9994289831327279
example/hyperparams_opt/Hela/unequal_param_set_5,0.4,0.19999999999999996,0.4,None,N4553,0.5701573959869459,0.5631070997513353,0.5603924676727988,0.014100592471221196,0.029935063510388105,0.027798390954500096,0.03436943433946604,0.9996785650071219
example/hyperparams_opt/Hela/unequal_param_set_5,0.4,0.19999999999999996,0.4,None,N4570,0.5367590289271275,0.5366567120601775,0.5356399914572377,0.0002046337338997839,0.003152478675769177,,0.03436943433946604,0.9999967073300952
example/hyperparams_opt/Hela/unequal_param_set_5,0.4,0.19999999999999996,0.4,None,N4604,0.5647930000000002,0.5518814999999946,0.5440109171260769,0.025823000000011143,0.03652324862175882,,0.03436943433946604,0.9996400451059115
example/hyperparams_opt/Hela/unequal_param_set_5,0.4,0.19999999999999996,0.4,None,N4638,0.558816820195269,0.5279083651464501,0.5110984861236677,0.061816910097637734,0.08133809211716597,,0.03436943433946604,0.9979291035992
example/hyperparams_opt/Hela/unequal_param_set_5,0.4,0.19999999999999996,0.4,None,N4678,0.5420324312592544,0.5271287881333241,0.5116616920888811,0.029807286251860576,0.09694930625925324,0.09392712146665427,0.0825886920888787,0.9976530435232419
example/hyperparams_opt/Hela/unequal_param_set_5,0.4,0.19999999999999996,0.4,None,N4695,0.6043497463037579,0.5870952695696234,0.578857269099409,0.03450895346826888,0.041968478144777555,,0.0825886920888787,0.9995489109601068
example/hyperparams_opt/Hela/unequal_param_set_5,0.4,0.19999999999999996,0.4,None,N4773,0.5646300000000004,0.5617694999999978,0.5419949999999961,0.005721000000005194,0.06218400000000779,,0.0825886920888787,0.9987646263476123
example/hyperparams_opt/Hela/unequal_param_set_5,0.4,0.19999999999999996,0.4,None,N4779,0.5648243230969796,0.5617694999999978,0.5419949999999961,0.005721000000005194,0.06218400000000779,,0.0825886920888787,0.9987646263476123
example/hyperparams_opt/Hela/unequal_param_set_5,0.4,0.19999999999999996,0.4,None,N4789,0.5889363655598067,0.5820357378692286,0.5419949999999961,0.013801255381156174,,,0.0825886920888787,0.9998986012484902
example/hyperparams_opt/Hela/unequal_param_set_5,0.4,0.19999999999999996,0.4,None,N4828,0.5797221871490166,0.5628405368706078,0.5489993538507675,0.03376330055681753,0.05840519933792965,,0.0825886920888787,0.9991364957553589
example/hyperparams_opt/Hela/unequal_param_set_5,0.4,0.19999999999999996,0.4,None,N4829,0.5867261718234436,0.57849831686396,0.574842877909303,0.016455709918967054,0.01919417182345462,,0.0825886920888787,0.9999013446801857
example/hyperparams_opt/Hela/unequal_param_set_5,0.4,0.19999999999999996,0.4,None,N4838,0.5710204223491837,0.5663219611746011,0.574842877909303,0.009396922349165115,,,0.0825886920888787,0.999950348313583
example/hyperparams_opt/Hela/unequal_param_set_5,0.4,0.19999999999999996,0.4,None,N4840,0.5456469146421142,0.5432379573210625,0.5416920056450473,0.00481791464210346,0.00704681234909732,,0.0825886920888787,0.9999865956423227
example/hyperparams_opt/Hela/unequal_param_set_5,0.4,0.19999999999999996,0.4,None,N4877,0.5331759999999917,0.5174809999999954,0.500459333333327,0.03138999999999248,0.06676000000000137,,0.0825886920888787,0.9986458036800859
example/hyperparams_opt/Hela/unequal_param_set_5,0.4,0.19999999999999996,0.4,None,N4896,0.5544496200878546,0.55227331004393,0.546158216261595,0.004352620087849202,0.059679370014937005,0.064029356408347,0.06520278905430166,0.9988855129981886
example/hyperparams_opt/Hela/unequal_param_set_5,0.4,0.19999999999999996,0.4,None,N4907,0.4227535351804328,0.55227331004393,0.546158216261595,0.004352620087849202,0.059679370014937005,0.064029356408347,0.06520278905430166,0.9988855129981886
example/hyperparams_opt/Hela/unequal_param_set_5,0.4,0.19999999999999996,0.4,None,N4908,0.5550595437843064,0.5500186157458836,0.546158216261595,0.010081856076845641,,0.064029356408347,0.06520278905430166,0.9999394077832422
example/hyperparams_opt/Hela/unequal_param_set_5,0.4,0.19999999999999996,0.4,None,N4920,0.5505708000000109,0.5500186157458836,0.546158216261595,0.010081856076845641,,0.064029356408347,0.06520278905430166,0.9999394077832422
example/hyperparams_opt/Hela/unequal_param_set_5,0.4,0.19999999999999996,0.4,None,N4923,0.5761026112113198,0.5722736458252558,0.546158216261595,0.007657930772128063,,0.064029356408347,0.06520278905430166,0.9999677073882172
example/hyperparams_opt/Hela/unequal_param_set_5,0.4,0.19999999999999996,0.4,None,N4934,0.5325390929503672,0.5215478022454041,0.5140250813054554,0.02198258140992615,0.033559453524809046,,0.06520278905430166,0.9996673348556004
example/hyperparams_opt/Hela/unequal_param_set_5,0.4,0.19999999999999996,0.4,None,N4957,0.37170133333333605,0.5215478022454041,0.5140250813054554,0.02198258140992615,0.033559453524809046,,0.06520278905430166,0.9996673348556004
example/hyperparams_opt/Hela/unequal_param_set_5,0.4,0.19999999999999996,0.4,None,N5055,0.5351033333333378,0.5340246666666848,0.5140250813054554,0.002157333333306144,,,0.06520278905430166,0.9999970569562389
example/hyperparams_opt/Hela/unequal_param_set_5,0.4,0.19999999999999996,0.4,None,N5076,0.5466859999999929,0.5454585000000007,0.5420749999999929,0.002454999999984442,0.011378000000015875,,0.06520278905430166,0.9999629168705819
example/hyperparams_opt/Hela/unequal_param_set_5,0.4,0.19999999999999996,0.4,None,N5089,0.5587389999999828,0.555325166666649,0.5412417777777615,0.0068276666666675645,0.12361247619046756,0.13319005555554564,0.13729464444443484,0.9922078435934377
example/hyperparams_opt/Hela/unequal_param_set_5,0.4,0.19999999999999996,0.4,None,N5090,0.577687999999997,0.5689859999999912,0.4555343333333283,0.01740400000001152,0.3490569999999945,,0.13729464444443484,0.9363305266974756
example/hyperparams_opt/Hela/unequal_param_set_5,0.4,0.19999999999999996,0.4,None,N5132,0.5714395000000001,0.5692292343471081,0.565143736092305,0.0044205313057837925,0.02044431214644471,0.020226563736600367,0.01674385779433718,0.9999248272207435
example/hyperparams_opt/Hela/unequal_param_set_5,0.4,0.19999999999999996,0.4,None,N5143,0.4364301146855382,0.42097172873773175,0.565143736092305,0.030916771895612927,,0.020226563736600367,0.01674385779433718,0.99902710803469
example/hyperparams_opt/Hela/unequal_param_set_5,0.4,0.19999999999999996,0.4,None,N5210,0.5768809999999995,0.5723409999999948,0.5622273333333315,0.009080000000009525,0.03488099999999439,,0.01674385779433718,0.9996842072264239
example/hyperparams_opt/Hela/unequal_param_set_5,0.4,0.19999999999999996,0.4,None,N5337,0.5508590146420785,0.5416128936042162,0.5377150050301203,0.018492242075724863,0.033286348641239916,0.02815574823040745,0.029692451030359,0.9997673765723147
example/hyperparams_opt/Hela/unequal_param_set_5,0.4,0.19999999999999996,0.4,None,N5341,0.7757399338107375,0.7374102611086331,0.720318213804914,0.07665934540420882,0.15513837495169447,0.127730795639329,0.12168528943118495,0.9978861010343923
example/hyperparams_opt/Hela/unequal_param_set_5,0.4,0.19999999999999996,0.4,None,N5373,0.5507539803100651,0.7374102611086331,0.720318213804914,0.07665934540420882,0.15513837495169447,0.127730795639329,0.12168528943118495,0.9978861010343923
example/hyperparams_opt/Hela/unequal_param_set_5,0.4,0.19999999999999996,0.4,None,N5421,0.5428262654439894,0.5353334660553271,0.5243969572840367,0.014985598777324527,0.04030232570253367,,0.12168528943118495,0.999540572369474
example/hyperparams_opt/Hela/unequal_param_set_5,0.4,0.19999999999999996,0.4,None,N5442,0.5286420110929191,0.528105538727973,0.5243969572840367,0.0010729447298921668,,,0.12168528943118495,0.9999992556145361
example/hyperparams_opt/Hela/unequal_param_set_5,0.4,0.19999999999999996,0.4,None,N5485,0.5116889999999987,0.4983461666666692,0.5243969572840367,0.026685666666659003,,,0.12168528943118495,0.9994828335757584
example/hyperparams_opt/Hela/unequal_param_set_5,0.4,0.19999999999999996,0.4,None,N5486,0.5218099999999886,0.5095924999999862,0.4969196666666571,0.024435000000004703,0.05023599999998962,,0.12168528943118495,0.9992238900929578
example/hyperparams_opt/Hela/unequal_param_set_5,0.4,0.19999999999999996,0.4,None,N5501,0.5578110000000127,0.5561570000000068,0.554503000000001,0.003308000000011857,0.029150416666683943,0.03500788888889805,0.04112733333334129,0.9995478719685174
example/hyperparams_opt/Hela/unequal_param_set_5,0.4,0.19999999999999996,0.4,None,N5523,0.5127619999999815,0.497180999999987,0.40765166666666053,0.031161999999989087,0.284168999999974,,0.04112733333334129,0.9511177506861053
example/hyperparams_opt/Hela/unequal_param_set_5,0.4,0.19999999999999996,0.4,None,N5547,0.5625785621958594,0.55570056219586,0.5409320228552732,0.013755999999998991,0.05118361802175975,,0.04112733333334129,0.9992673209696056
example/hyperparams_opt/Hela/unequal_param_set_5,0.4,0.19999999999999996,0.4,None,N5562,0.7801141973235667,0.7651158596135152,0.7491987577984496,0.02999667542010287,0.13743112678441016,0.13487970301255248,0.1318887793979424,0.99669647978247
example/hyperparams_opt/Hela/unequal_param_set_5,0.4,0.19999999999999996,0.4,None,N5615,0.5639568294320124,0.5589812738490897,0.7491987577984496,0.009951111165845461,,0.13487970301255248,0.1318887793979424,0.9999428470141044
example/hyperparams_opt/Hela/unequal_param_set_5,0.4,0.19999999999999996,0.4,None,N5682,0.5938928005190082,0.5861077544991917,0.5724125029994671,0.015570092039632777,0.04887080051899029,,0.1318887793979424,0.9994198312831707
example/hyperparams_opt/Hela/unequal_param_set_5,0.4,0.19999999999999996,0.4,None,N5734,0.55044248036359,0.5487907401817913,0.5467137156767485,0.0033034803635975107,0.031250140735898824,0.03738750956709069,0.039649001391036554,0.9996633422315047
example/hyperparams_opt/Hela/unequal_param_set_5,0.4,0.19999999999999996,0.4,None,N5793,0.5607360000000018,0.5521860000000038,0.5493360000000045,0.017099999999996007,0.07132885714285542,0.07181700000000085,0.08071786666666764,0.9972464638752089
example/hyperparams_opt/Hela/unequal_param_set_5,0.4,0.19999999999999996,0.4,None,N5831,0.557694500000003,0.5548955000000028,0.5502861966200661,0.005598000000000436,0.016626910139810325,,0.08071786666666764,0.9999281717887332
example/hyperparams_opt/Hela/unequal_param_set_5,0.4,0.19999999999999996,0.4,None,N5862,0.5529489999999962,0.5522229999999988,0.5512083333333326,0.0014519999999947908,0.04946677499999397,0.0639730333333291,0.08833758333332936,0.9970090817373831
example/hyperparams_opt/Hela/unequal_param_set_5,0.4,0.19999999999999996,0.4,None,N5869,0.5603580930381766,0.5360442385465589,0.5512083333333326,0.04862770898323554,,0.0639730333333291,0.08833758333332936,0.9985154326077736
example/hyperparams_opt/Hela/unequal_param_set_5,0.4,0.19999999999999996,0.4,None,N5884,0.5752661003693524,0.5681670501846783,0.559455366789786,0.014198100369348321,0.033234100369350816,,0.08833758333332936,0.9997300071286256
example/hyperparams_opt/Hela/unequal_param_set_5,0.4,0.19999999999999996,0.4,None,N5928,0.5228410557067297,0.5681670501846783,0.559455366789786,0.014198100369348321,0.033234100369350816,,0.08833758333332936,0.9997300071286256
example/hyperparams_opt/Hela/unequal_param_set_5,0.4,0.19999999999999996,0.4,None,N5935,0.5982807169160718,0.5814090352311978,0.5636686086119772,0.033743363369748036,0.08713374498916782,0.07594232445317128,0.06773100358724599,0.9986939223243922
example/hyperparams_opt/Hela/unequal_param_set_5,0.4,0.19999999999999996,0.4,None,N5949,0.571884881543569,0.558065311320086,0.5636686086119772,0.027639140446966026,,0.07594232445317128,0.06773100358724599,0.999557607295477
example/hyperparams_opt/Hela/unequal_param_set_5,0.4,0.19999999999999996,0.4,None,N5982,0.5514900000000096,0.5430460000000052,0.5360153333333356,0.016888000000008563,0.029536000000012996,,0.06773100358724599,0.9997683758904647
example/hyperparams_opt/Hela/unequal_param_set_5,0.4,0.19999999999999996,0.4,None,N6003,0.5174319999999994,0.5034030000000026,0.4858176666666692,0.0280579999999937,0.06678499999999693,,0.06773100358724599,0.9985479513233019
example/hyperparams_opt/Hela/unequal_param_set_5,0.4,0.19999999999999996,0.4,None,N6018,0.5514535666565533,0.5465112951134627,0.5368379745200889,0.009884543086181141,0.033962233323212354,,0.06773100358724599,0.9996773722576902
example/hyperparams_opt/Hela/unequal_param_set_5,0.4,0.19999999999999996,0.4,None,N6029,0.5431776364292658,0.5372558788498627,0.5317022980429972,0.011843515158806106,0.022582499999999617,,0.06773100358724599,0.9998630979773764
example/hyperparams_opt/Hela/unequal_param_set_5,0.4,0.19999999999999996,0.4,None,N6139,0.5631259350244493,0.5541548855559277,0.5395707288380627,0.017942098937043127,0.0613731170598395,0.05528526673722545,0.044637287520497115,0.9993118650000301
example/hyperparams_opt/Hela/unequal_param_set_5,0.4,0.19999999999999996,0.4,None,N6211,0.5711585663547023,0.5678414530837625,0.5652923442054031,0.0066342265418793955,0.02165559663055372,0.020120342813703118,0.0192081620744895,0.999917070477929
example/hyperparams_opt/Hela/unequal_param_set_5,0.4,0.19999999999999996,0.4,None,N6238,0.5743996364292462,0.5628227727863204,0.5576875606672959,0.02315372728585141,0.026982499999999576,,0.0192081620744895,0.9997930184285678
example/hyperparams_opt/Hela/unequal_param_set_5,0.4,0.19999999999999996,0.4,None,N6284,0.6554105159221513,0.6405864021309364,0.6325695207409833,0.029648227582429798,0.056005504346950175,0.04689163935102725,0.05029525555165815,0.9995161021653602
example/hyperparams_opt/Hela/unequal_param_set_5,0.4,0.19999999999999996,0.4,None,N6368,0.5403093543864629,0.531365382011528,0.5259140730240736,0.017887944749869655,0.025297899337298202,,0.05029525555165815,0.9998150017658569
example/hyperparams_opt/Hela/unequal_param_set_5,0.4,0.19999999999999996,0.4,None,N6379,0.5744240000000089,0.5549682500000076,0.5355125000000063,0.03891150000000265,0.12913262500001293,0.1267800833333475,0.1304677500000151,0.9948288004040957
example/hyperparams_opt/Hela/unequal_param_set_5,0.4,0.19999999999999996,0.4,None,N6390,0.5430335555555521,0.5393338888888859,0.5379008888888853,0.007399333333332536,0.012327694444446369,0.01007103703703971,0.011446500000002024,0.999965006783186
example/hyperparams_opt/Hela/unequal_param_set_5,0.4,0.19999999999999996,0.4,None,N6406,0.580890000000009,0.5717635000000094,0.5654905555555622,0.018252999999999187,0.04295630833333919,0.03883346666667209,0.04180475555555918,0.9995255995646141
example/hyperparams_opt/Hela/unequal_param_set_5,0.4,0.19999999999999996,0.4,None,N6445,0.4742260829250823,0.5717635000000094,0.5654905555555622,0.018252999999999187,0.04295630833333919,0.03883346666667209,0.04180475555555918,0.9995255995646141
example/hyperparams_opt/Hela/unequal_param_set_5,0.4,0.19999999999999996,0.4,None,N6473,0.5791709999999894,0.5775804999999874,0.5078539999999861,0.0031810000000042082,0.21077000000000573,,0.04180475555555918,0.9818644011212411
example/hyperparams_opt/Hela/unequal_param_set_5,0.4,0.19999999999999996,0.4,None,N6486,0.5977919622957564,0.5523661147890748,0.5078539999999861,0.09085169501336299,,,0.04180475555555918,0.9951158707115338
example/hyperparams_opt/Hela/unequal_param_set_5,0.4,0.19999999999999996,0.4,None,N6569,0.5638238128913332,0.5566651774094458,0.5538693058125604,0.014317270963774775,0.03748209240081257,0.03397943060696995,0.03445146615180106,0.9997388914727109
example/hyperparams_opt/Hela/unequal_param_set_5,0.4,0.19999999999999996,0.4,None,N6752,0.5391520000000092,0.5363832500000083,0.5336145000000074,0.005537500000001749,0.0777361250000036,0.09718775000000274,0.10760575000000255,0.996610939920506
example/hyperparams_opt/Hela/unequal_param_set_5,0.4,0.19999999999999996,0.4,None,N6761,0.5498440000000031,0.4941940000000013,0.5336145000000074,0.11130000000000362,,0.09718775000000274,0.10760575000000255,0.9908335432004203
example/hyperparams_opt/Hela/unequal_param_set_5,0.4,0.19999999999999996,0.4,None,N6769,0.5512140598099106,0.5482136965716244,0.5426485688236893,0.006000726476572238,0.019695746482091492,,0.10760575000000255,0.9998947515979967
example/hyperparams_opt/Hela/unequal_param_set_5,0.4,0.19999999999999996,0.4,None,N6804,0.5166555622797344,0.5482136965716244,0.5426485688236893,0.006000726476572238,0.019695746482091492,,0.10760575000000255,0.9998947515979967
example/hyperparams_opt/Hela/unequal_param_set_5,0.4,0.19999999999999996,0.4,None,N6825,0.5564208310246032,0.5534484155123021,0.5489910866203712,0.005944831024602193,0.016344402188093743,,0.10760575000000255,0.9999310094944348
example/hyperparams_opt/Hela/unequal_param_set_5,0.4,0.19999999999999996,0.4,None,N6840,0.5860507332145055,0.5477910570410041,0.5311679407803567,0.0765193523470028,0.08812902495544372,,0.10760575000000255,0.997571109279487
example/hyperparams_opt/Hela/unequal_param_set_5,0.4,0.19999999999999996,0.4,None,N6869,0.593061129426624,0.5688063980466478,0.5462464414212942,0.048509462759952604,0.09193460125603692,,0.10760575000000255,0.9978500076245772
example/hyperparams_opt/Hela/unequal_param_set_5,0.4,0.19999999999999996,0.4,None,N6980,0.6057191388359946,0.5778755694179984,0.5681540462786643,0.05568713883599241,0.057008138835998534,,0.10760575000000255,0.9990152197209602
example/hyperparams_opt/Hela/unequal_param_set_5,0.4,0.19999999999999996,0.4,None,N7106,0.7018645883248533,0.6904364502680242,0.5681540462786643,0.022856276113658036,,,0.10760575000000255,0.9998023631560984
example/hyperparams_opt/Hela/unequal_param_set_5,0.4,0.19999999999999996,0.4,None,N7132,0.5714940037827727,0.5600079925258539,0.5520602747916307,0.022972022513837675,0.03532916445958856,,0.10760575000000255,0.9996809343266685
example/hyperparams_opt/Hela/unequal_param_set_5,0.4,0.19999999999999996,0.4,None,N7167,0.5129500000000056,0.5027965000000061,0.48849633333334136,0.02030699999999891,0.05305399999999372,,0.10760575000000255,0.9990846445542698
example/hyperparams_opt/Hela/unequal_param_set_5,0.4,0.19999999999999996,0.4,None,N7190,0.5113872500000063,0.5027965000000061,0.48849633333334136,0.02030699999999891,0.05305399999999372,,0.10760575000000255,0.9990846445542698
example/hyperparams_opt/Hela/unequal_param_set_5,0.4,0.19999999999999996,0.4,None,N7248,0.5678949999999923,0.5524121104231773,0.5471884069487873,0.03096577915362997,0.031153999999984805,,0.10760575000000255,0.9996761228006502
example/hyperparams_opt/Hela/unequal_param_set_5,0.4,0.19999999999999996,0.4,None,N7304,0.570588813994318,0.5641309069971607,0.5602206445214762,0.01291581399431474,0.02926291968110506,0.025019857735326667,0.02252702356868308,0.9998891878998819
example/hyperparams_opt/Hela/unequal_param_set_5,0.4,0.19999999999999996,0.4,None,N7387,0.5320738983614743,0.5158766930790049,0.496744439466329,0.03239441056493908,0.07359396612049696,,0.02252702356868308,0.9983206731780667
example/hyperparams_opt/Hela/unequal_param_set_5,0.4,0.19999999999999996,0.4,None,N7470,0.7139812986438216,0.6980291401421493,0.496744439466329,0.03190431700334462,,,0.02252702356868308,0.9996232318711082
example/hyperparams_opt/Hela/unequal_param_set_5,0.4,0.19999999999999996,0.4,None,N7491,0.578853239312875,0.5581538696564392,0.5451083575487384,0.041398739312871746,0.05983590597953814,,0.02252702356868308,0.99904698170164
example/hyperparams_opt/Hela/unequal_param_set_5,0.4,0.19999999999999996,0.4,None,N7585,0.6015380212421716,0.5833672437689328,0.5745564494978455,0.03634155494647762,0.06871738385968029,0.058584680910834686,0.06114852543814553,0.999135281794958
example/hyperparams_opt/Hela/unequal_param_set_5,0.4,0.19999999999999996,0.4,None,N7609,0.5641154999999941,0.5833672437689328,0.5745564494978455,0.03634155494647762,0.06871738385968029,0.058584680910834686,0.06114852543814553,0.999135281794958
example/hyperparams_opt/Hela/unequal_param_set_5,0.4,0.19999999999999996,0.4,None,N7626,0.7558851019452232,0.7555983788182783,0.5745564494978455,0.0005734462538897755,,0.058584680910834686,0.06114852543814553,0.9999998961305175
example/hyperparams_opt/Hela/unequal_param_set_5,0.4,0.19999999999999996,0.4,None,N7638,0.57825400000001,0.5724260000000084,0.5546870000000116,0.01165600000000322,0.05904499999999191,,0.06114852543814553,0.9990261950576843
example/hyperparams_opt/Hela/unequal_param_set_5,0.4,0.19999999999999996,0.4,None,N7642,0.6069626362162277,0.5903243181081215,0.5685462120720889,0.03327663621621246,0.08197263621620388,,0.06114852543814553,0.9983960688749155
example/hyperparams_opt/Hela/unequal_param_set_5,0.4,0.19999999999999996,0.4,None,N7682,0.6094510136114404,0.6033829572996923,0.5990887332803463,0.01213611262349612,0.026691748094844203,0.023204031691448912,0.022036723009104642,0.9998798094070005
example/hyperparams_opt/Hela/unequal_param_set_5,0.4,0.19999999999999996,0.4,None,N7693,0.5399966977519353,0.5365931053232549,0.5350880748002407,0.006807184857360649,0.04215260163993767,0.05016031509199553,0.050254271458434974,0.9993570273153579
example/hyperparams_opt/Hela/unequal_param_set_5,0.4,0.19999999999999996,0.4,None,N7785,0.47909887999063094,0.5365931053232549,0.5350880748002407,0.006807184857360649,0.04215260163993767,0.05016031509199553,0.050254271458434974,0.9993570273153579
example/hyperparams_opt/Hela/unequal_param_set_5,0.4,0.19999999999999996,0.4,None,N7805,0.6570271533666538,0.6297951150249884,0.6196447480436856,0.054464076683330864,0.0985311967980721,0.08491517762723932,0.07637434194705806,0.9985776309263891
example/hyperparams_opt/Hela/unequal_param_set_5,0.4,0.19999999999999996,0.4,None,N7863,0.5973956432944648,0.5969807920205129,0.5951113583682942,0.0008297025479038211,0.035907077614822924,0.0404728805715735,0.04497155040216161,0.9996396398513713
example/hyperparams_opt/Hela/unequal_param_set_5,0.4,0.19999999999999996,0.4,None,N7893,0.5624639999999761,0.554408499999979,0.5259033333333233,0.016110999999994324,0.0935709999999641,,0.04497155040216161,0.9972058132268514
example/hyperparams_opt/Hela/unequal_param_set_5,0.4,0.19999999999999996,0.4,None,N7937,0.5631224968768472,0.5455951289095888,0.5259033333333233,0.03505473593451691,,,0.04497155040216161,0.9992554194136133
example/hyperparams_opt/Hela/unequal_param_set_5,0.4,0.19999999999999996,0.4,None,N7985,0.5581684999999946,0.5455951289095888,0.5259033333333233,0.03505473593451691,,,0.04497155040216161,0.9992554194136133
example/hyperparams_opt/Hela/unequal_param_set_5,0.4,0.19999999999999996,0.4,None,N8001,0.5259444537164131,0.5246493586132973,0.5259033333333233,0.002590190206231524,,,0.04497155040216161,0.999995604482491
example/hyperparams_opt/Hela/unequal_param_set_5,0.4,0.19999999999999996,0.4,None,N8044,0.5210748436129469,0.5246493586132973,0.5259033333333233,0.002590190206231524,,,0.04497155040216161,0.999995604482491
example/hyperparams_opt/Hela/unequal_param_set_5,0.4,0.19999999999999996,0.4,None,N8131,0.5754189999999919,0.569082999999996,0.5575363333333284,0.01267199999999169,0.04097599999999879,,0.04497155040216161,0.999568417364312
example/hyperparams_opt/Hela/unequal_param_set_5,0.4,0.19999999999999996,0.4,None,N8141,0.5813642096582906,0.5747757714958188,0.5575363333333284,0.013176876324943576,,,0.04497155040216161,0.9999052188232712
example/hyperparams_opt/Hela/unequal_param_set_5,0.4,0.19999999999999996,0.4,None,N8169,0.5162061695363358,0.5747757714958188,0.5575363333333284,0.013176876324943576,,,0.04497155040216161,0.9999052188232712
example/hyperparams_opt/Hela/unequal_param_set_5,0.4,0.19999999999999996,0.4,None,N8183,0.5707407452370361,0.5665943726185174,0.558159248412348,0.00829274523703738,0.029451745237027094,,0.04497155040216161,0.9997745494095082
example/hyperparams_opt/Hela/unequal_param_set_5,0.4,0.19999999999999996,0.4,None,N8244,0.6426059059000914,0.6362747496461261,0.6275691502782436,0.012662312507930595,0.06303864056555097,0.061805932012908626,0.05617988835984178,0.9994810505166253
example/hyperparams_opt/Hela/unequal_param_set_5,0.4,0.19999999999999996,0.4,None,N8245,0.5245510405274817,0.5081246364747326,0.5024231017904822,0.03285280810549812,0.033531008105500026,,0.05617988835984178,0.999561587985916
example/hyperparams_opt/Hela/unequal_param_set_5,0.4,0.19999999999999996,0.4,None,N8311,0.570895500000001,0.5081246364747326,0.5024231017904822,0.03285280810549812,0.033531008105500026,,0.05617988835984178,0.999561587985916
example/hyperparams_opt/Hela/unequal_param_set_5,0.4,0.19999999999999996,0.4,None,N8329,0.5671089999999956,0.5626900000000002,0.5561506666666644,0.008837999999990798,0.024037000000002973,,0.05617988835984178,0.9998547192443513
example/hyperparams_opt/Hela/unequal_param_set_5,0.4,0.19999999999999996,0.4,None,N8383,0.5598479999999927,0.5626900000000002,0.5561506666666644,0.008837999999990798,0.024037000000002973,,0.05617988835984178,0.9998547192443513
example/hyperparams_opt/Hela/unequal_param_set_5,0.4,0.19999999999999996,0.4,None,N8425,0.6529049883331938,0.6380938236109943,0.6274160471295294,0.02962232944439891,0.0803705314582095,0.07673471249988173,0.067396380462859,0.9989966146054006
example/hyperparams_opt/Hela/unequal_param_set_5,0.4,0.19999999999999996,0.4,None,N8450,0.5589535000000078,0.5465575062356596,0.5399978687324721,0.02479198752869627,0.03207490627391063,,0.067396380462859,0.9997071475148814
example/hyperparams_opt/Hela/unequal_param_set_5,0.4,0.19999999999999996,0.4,None,N8551,0.5888800127562084,0.5715237627562089,0.5399978687324721,0.03471249999999915,,,0.067396380462859,0.9993346433122263
example/hyperparams_opt/Hela/unequal_param_set_5,0.4,0.19999999999999996,0.4,None,N8559,0.6309873011805283,0.6018121505902592,0.539791767060172,0.0583503011805383,0.2152363011805306,,0.067396380462859,0.9866378751016492
example/hyperparams_opt/Hela/unequal_param_set_5,0.4,0.19999999999999996,0.4,None,N8608,0.661314959899054,0.6312141267657595,0.5863414178438434,0.06020166626658896,0.16471895989904273,,0.067396380462859,0.9937728517173973
example/hyperparams_opt/Hela/unequal_param_set_5,0.4,0.19999999999999996,0.4,None,N8610,0.5822649999999878,0.5674379999999942,0.5606663333333276,0.02965399999998719,0.035141999999993345,,0.067396380462859,0.9996569890531087
example/hyperparams_opt/Hela/unequal_param_set_5,0.4,0.19999999999999996,0.4,None,N8752,0.5510450875469086,0.5416059110160752,0.5317805188391299,0.01887835306166674,0.038915353061669156,,0.067396380462859,0.9995934308921566
example/hyperparams_opt/Hela/unequal_param_set_5,0.4,0.19999999999999996,0.4,None,N8778,0.5725950000000075,0.568857000000006,0.5668955000000077,0.007476000000002925,0.015229499999998897,0.01336049999999811,0.012472249999996632,0.9999623917851143
example/hyperparams_opt/Hela/unequal_param_set_5,0.4,0.19999999999999996,0.4,None,N8791,0.5780760194462067,0.5388216055193704,0.5668955000000077,0.07850882785367252,,0.01336049999999811,0.012472249999996632,0.9961680807398547
example/hyperparams_opt/Hela/unequal_param_set_5,0.4,0.19999999999999996,0.4,None,N8935,0.7762640926277075,0.7609204720166907,0.6521553146777914,0.03068724122203348,0.3416390926277144,,0.012472249999996632,0.9727007256157622
example/hyperparams_opt/Hela/unequal_param_set_5,0.4,0.19999999999999996,0.4,None,N8943,0.4755127889654906,0.7609204720166907,0.6521553146777914,0.03068724122203348,0.3416390926277144,,0.012472249999996632,0.9727007256157622
example/hyperparams_opt/Hela/unequal_param_set_5,0.4,0.19999999999999996,0.4,None,N8996,0.8269369847281759,0.8238416413906353,0.6521553146777914,0.006190686675081047,,,0.012472249999996632,0.9999898170000392
example/hyperparams_opt/Hela/unequal_param_set_5,0.4,0.19999999999999996,0.4,None,N9086,0.5813333715407464,0.5645846023974583,0.5589223739300699,0.03349753828657609,0.03373545454545335,,0.012472249999996632,0.9996364988367289
example/hyperparams_opt/Hela/unequal_param_set_5,0.4,0.19999999999999996,0.4,None,N9262,0.5507738296745035,0.5645846023974583,0.5589223739300699,0.03349753828657609,0.03373545454545335,,0.012472249999996632,0.9996364988367289
example/hyperparams_opt/Hela/unequal_param_set_5,0.4,0.19999999999999996,0.4,None,N9299,0.5581754235916234,0.5645846023974583,0.5589223739300699,0.03349753828657609,0.03373545454545335,,0.012472249999996632,0.9996364988367289
example/hyperparams_opt/Hela/unequal_param_set_5,0.4,0.19999999999999996,0.4,None,N9300,0.5983284549264302,0.5645846023974583,0.5589223739300699,0.03349753828657609,0.03373545454545335,,0.012472249999996632,0.9996364988367289
example/hyperparams_opt/Hela/unequal_param_set_5,0.4,0.19999999999999996,0.4,None,N9408,0.5707759930302299,0.5580995784562301,0.5503108591958624,0.025352829147999523,0.036042572355103,,0.012472249999996632,0.9996580243199935
example/hyperparams_opt/Hela/unequal_param_set_5,0.4,0.19999999999999996,0.4,None,N9409,0.5591889718840646,0.5459062937826635,0.5503108591958624,0.026565356202802204,,,0.012472249999996632,0.9995729069580459
example/hyperparams_opt/Hela/unequal_param_set_5,0.4,0.19999999999999996,0.4,None,N9608,0.568429000000009,0.5049800000000108,0.4488560000000099,0.1268979999999964,0.23182100000000078,,0.012472249999996632,0.9796443011966025
example/hyperparams_opt/Hela/unequal_param_set_5,0.4,0.19999999999999996,0.4,None,N9854,0.5377978270295276,0.5365055225246081,0.5345184028546629,0.002584609009838923,0.007253663514755315,,0.012472249999996632,0.9999856374290147
example/hyperparams_opt/Hela/unequal_param_set_5,0.4,0.19999999999999996,0.4,None,N9910,0.5913449360350613,0.5365055225246081,0.5345184028546629,0.002584609009838923,0.007253663514755315,,0.012472249999996632,0.9999856374290147
example/hyperparams_opt/Hela/unequal_param_set_5,0.4,0.19999999999999996,0.4,None,N9956,0.5795459999999977,0.5731889999999995,0.5710700000000001,0.01271399999999645,0.0476188333333285,0.05289677777777435,0.07086916666666387,0.9989759080798821
example/hyperparams_opt/Hela/unequal_param_set_5,0.4,0.19999999999999996,0.4,None,N9962,0.5523830000000004,0.548073475842149,0.5439324762236435,0.008619048315702815,0.04219274294050579,0.046369958758367025,0.05139965423903847,0.9993820770596158
example/hyperparams_opt/Hela/unequal_param_set_5,0.4,0.19999999999999996,0.4,None,N9967,0.506500946263441,0.548073475842149,0.5439324762236435,0.008619048315702815,0.04219274294050579,0.046369958758367025,0.05139965423903847,0.9993820770596158
example/hyperparams_opt/Hela/unequal_param_set_5,0.4,0.19999999999999996,0.4,None,N9973,0.5285608211029853,0.548073475842149,0.5439324762236435,0.008619048315702815,0.04219274294050579,0.046369958758367025,0.05139965423903847,0.9993820770596158
example/hyperparams_opt/Hela/unequal_param_set_5,0.4,0.19999999999999996,0.4,None,P10123,0.5771331331939198,0.5756800665969573,0.5744578132496843,0.0029061331939249646,0.04185542991635094,0.05264756441191143,0.06471365997211453,0.9991022774568891
example/hyperparams_opt/Hela/unequal_param_set_5,0.4,0.19999999999999996,0.4,None,P10241,0.5363690153113844,0.5000654943547433,0.5744578132496843,0.07260704191328193,,0.05264756441191143,0.06471365997211453,0.9961948622338259
example/hyperparams_opt/Hela/unequal_param_set_5,0.4,0.19999999999999996,0.4,None,P10256,0.559809250000001,0.5527380250000002,0.538731635714286,0.014142450000001694,0.08215870238095369,0.08611024722222288,0.08113463571428603,0.9980506979342499
example/hyperparams_opt/Hela/unequal_param_set_5,0.4,0.19999999999999996,0.4,None,P10406,0.47929950075826666,0.4746450226219054,0.4727662929687438,0.009308956272722546,0.01029066709584614,,0.08113463571428603,0.9999563131322897
example/hyperparams_opt/Hela/unequal_param_set_5,0.4,0.19999999999999996,0.4,None,P10419,0.5325695000000028,0.5323802500000019,0.5296961802259821,0.0003785000000018357,0.02525566638419341,0.030737818738236777,0.03638533333333438,0.9996872064820649
example/hyperparams_opt/Hela/unequal_param_set_5,0.4,0.19999999999999996,0.4,None,P10464,0.7891621988925355,0.7486275600572472,0.7139853470333896,0.08106927767057648,0.2473461084165527,0.24110641308449499,0.21906766444150994,0.9907262442198812
example/hyperparams_opt/Hela/unequal_param_set_5,0.4,0.19999999999999996,0.4,None,P10680,0.4560157711218204,0.43131061689745553,0.4219134988226672,0.049410308448729734,0.08308202492748679,0.06843870952937425,0.07079070487559697,0.9976636298322664
example/hyperparams_opt/Hela/unequal_param_set_5,0.4,0.19999999999999996,0.4,None,P10964,0.7805067839490123,0.6678853919744989,0.6247015946496651,0.22524278394902686,0.24217278394901476,,0.07079070487559697,0.9862711183618106
example/hyperparams_opt/Hela/unequal_param_set_5,0.4,0.19999999999999996,0.4,None,P11060,0.5211081244203218,0.5172320691483681,0.5095029973697164,0.007752110543907564,0.0871321052589884,0.10327899487072784,0.09760796006569611,0.9969164714279564
example/hyperparams_opt/Hela/unequal_param_set_5,0.4,0.19999999999999996,0.4,None,P11225,0.647697502955762,0.5172320691483681,0.5095029973697164,0.007752110543907564,0.0871321052589884,0.10327899487072784,0.09760796006569611,0.9969164714279564
example/hyperparams_opt/Hela/unequal_param_set_5,0.4,0.19999999999999996,0.4,None,P11231,0.747930706183332,0.7471192611898624,0.7463078161963929,0.0016228899869392688,0.11798853589884106,0.15542467621369227,0.18607684079324704,0.9934578360061234
example/hyperparams_opt/Hela/unequal_param_set_5,0.4,0.19999999999999996,0.4,None,P11549,0.5728309999999887,0.5588113906920473,0.5196449271280287,0.028039218615882766,0.13151899999999728,,0.18607684079324704,0.9944778074753471
example/hyperparams_opt/Hela/unequal_param_set_5,0.4,0.19999999999999996,0.4,None,P11833,0.46647274336988137,0.4590650383516057,0.5196449271280287,0.01481541003655129,,,0.18607684079324704,0.9998121624934518
example/hyperparams_opt/Hela/unequal_param_set_5,0.4,0.19999999999999996,0.4,None,P11853,0.5667945861611872,0.5620241896208886,0.5572537930805902,0.009540793080596965,0.07320238789103545,0.08647225859401741,0.09429979308058312,0.9977328715893208
example/hyperparams_opt/Hela/unequal_param_set_5,0.4,0.19999999999999996,0.4,None,P12126,0.5195453819256723,0.5620241896208886,0.5572537930805902,0.009540793080596965,0.07320238789103545,0.08647225859401741,0.09429979308058312,0.9977328715893208
example/hyperparams_opt/Hela/unequal_param_set_5,0.4,0.19999999999999996,0.4,None,P12279,0.44109934769460996,0.42160228246406695,0.41397944189969915,0.038994130461086074,0.07057395402860295,0.060479677833045475,0.05937511125318973,0.9982975913130469
example/hyperparams_opt/Hela/unequal_param_set_5,0.4,0.19999999999999996,0.4,None,P12508,0.7233959148274569,0.42160228246406695,0.41397944189969915,0.038994130461086074,0.07057395402860295,0.060479677833045475,0.05937511125318973,0.9982975913130469
example/hyperparams_opt/Hela/unequal_param_set_5,0.4,0.19999999999999996,0.4,None,P12698,0.48496540000000044,0.42160228246406695,0.41397944189969915,0.038994130461086074,0.07057395402860295,0.060479677833045475,0.05937511125318973,0.9982975913130469
example/hyperparams_opt/Hela/unequal_param_set_5,0.4,0.19999999999999996,0.4,None,P12725,0.6311092091584775,0.5107311045792364,0.4684472208097445,0.24075620915848206,0.2472297558877169,,0.05937511125318973,0.9737761442666713
example/hyperparams_opt/Hela/unequal_param_set_5,0.4,0.19999999999999996,0.4,None,P12851,0.36356309090908795,0.36065174545454115,0.35066056363635983,0.005822690909093653,0.032884890909090636,,0.05937511125318973,0.9992333869951407
example/hyperparams_opt/Hela/unequal_param_set_5,0.4,0.19999999999999996,0.4,None,P12916,0.3537660000000179,0.36065174545454115,0.35066056363635983,0.005822690909093653,0.032884890909090636,,0.05937511125318973,0.9992333869951407
example/hyperparams_opt/Hela/unequal_param_set_5,0.4,0.19999999999999996,0.4,None,P13126,0.4989890000000016,0.4906425000000066,0.40676033333333567,0.016692999999990077,0.2599930000000078,,0.05937511125318973,0.9574583252699176
example/hyperparams_opt/Hela/unequal_param_set_5,0.4,0.19999999999999996,0.4,None,P13158,0.3589634999999958,0.35631574999999205,0.338146277777774,0.0052955000000075025,0.09191233333332877,0.10084997222221531,0.10232094444443957,0.9875766291070611
example/hyperparams_opt/Hela/unequal_param_set_5,0.4,0.19999999999999996,0.4,None,P13187,0.5804759999999988,0.5753131703865735,0.338146277777774,0.010325659226850581,,0.10084997222221531,0.10232094444443957,0.9999419078667402
example/hyperparams_opt/Hela/unequal_param_set_5,0.4,0.19999999999999996,0.4,None,P13301,0.5473437419921113,0.5381458848492583,0.5302804313138727,0.018395714285706077,0.07017565836628437,0.07343828142918957,0.08491130979302147,0.9982455174223374
example/hyperparams_opt/Hela/unequal_param_set_5,0.4,0.19999999999999996,0.4,None,P13311,0.5708691516733322,0.5666899597277752,0.5552036650974045,0.008358383891113874,0.05850073277906043,0.05763198365723532,0.05078030898008912,0.9993917352716402
example/hyperparams_opt/Hela/unequal_param_set_5,0.4,0.19999999999999996,0.4,None,P13340,0.5795843668841716,0.5711459724034791,0.5557602094163469,0.016876788961385114,0.08348562739042958,0.07986222356779377,0.07121744750194109,0.9987542844754597
example/hyperparams_opt/Hela/unequal_param_set_5,0.4,0.19999999999999996,0.4,None,P13433,0.6141514505545581,0.6059522087954669,0.5740577142894041,0.016398483518182516,0.16334651762026042,0.16505790791833258,0.1470382982922987,0.9942103508215968
example/hyperparams_opt/Hela/unequal_param_set_5,0.4,0.19999999999999996,0.4,None,P13444,0.36744166666665895,0.3579475833333274,0.5740577142894041,0.018988166666663142,,0.16505790791833258,0.1470382982922987,0.9994924688698352
example/hyperparams_opt/Hela/unequal_param_set_5,0.4,0.19999999999999996,0.4,None,P13453,0.4660526165562083,0.4639896416114379,0.4468514026857287,0.0041259498895407365,0.06979881422757872,0.07045602636708848,0.05650715687594027,0.998534981317374
example/hyperparams_opt/Hela/unequal_param_set_5,0.4,0.19999999999999996,0.4,None,P13658,0.5865702073212118,0.4826631382141401,0.41339175880942564,0.20781413821414335,0.31172120732121494,,0.05650715687594027,0.9560281839155983
example/hyperparams_opt/Hela/unequal_param_set_5,0.4,0.19999999999999996,0.4,None,P13696,0.4350013209579485,0.4826631382141401,0.41339175880942564,0.20781413821414335,0.31172120732121494,,0.05650715687594027,0.9560281839155983
example/hyperparams_opt/Hela/unequal_param_set_5,0.4,0.19999999999999996,0.4,None,P13716,0.4690298324934181,0.40428755499561186,0.361126036663741,0.12948455499561257,0.19422683249341888,,0.05650715687594027,0.9776245598273858
example/hyperparams_opt/Hela/unequal_param_set_5,0.4,0.19999999999999996,0.4,None,P13777,0.5332504855762333,0.4766039903841547,0.43883966025610227,0.11329299038415735,0.16993948557623595,,0.05650715687594027,0.9883724988799308
example/hyperparams_opt/Hela/unequal_param_set_5,0.4,0.19999999999999996,0.4,None,P13892,0.5413062649126756,0.5241294433326065,0.43883966025610227,0.034353643160138336,,,0.05650715687594027,0.9992251265083851
example/hyperparams_opt/Hela/unequal_param_set_5,0.4,0.19999999999999996,0.4,None,P13928,0.5296147683074794,0.4983085270108816,0.43883966025610227,0.06261248259319568,,,0.05650715687594027,0.9971509779392713
example/hyperparams_opt/Hela/unequal_param_set_5,0.4,0.19999999999999996,0.4,None,P14007,0.5065621186095541,0.5045858870920208,0.5032683994136652,0.003952463035066689,0.012544783037403195,0.012773914348137572,0.012585546312077478,0.9999543312602697
example/hyperparams_opt/Hela/unequal_param_set_5,0.4,0.19999999999999996,0.4,None,P14100,0.36916717038264685,0.36309458511873716,0.355775418476265,0.012145170527819382,0.04251109615175608,0.041265514541323045,0.039397642009738165,0.9990616421076092
example/hyperparams_opt/Hela/unequal_param_set_5,0.4,0.19999999999999996,0.4,None,P14382,0.8296932845886607,0.6997516422943244,0.355775418476265,0.2598832845886724,,0.041265514541323045,0.039397642009738165,0.9749805874234891
example/hyperparams_opt/Hela/unequal_param_set_5,0.4,0.19999999999999996,0.4,None,P15281,0.23201399999998384,0.23201399999998384,0.20647766666665554,0.0,0.12768166666664155,0.15321799999996982,0.12768166666664152,0.936882424148911
example/hyperparams_opt/Hela/unequal_param_set_5,0.4,0.19999999999999996,0.4,None,P15315,0.46877465174482413,0.40434492139585654,0.380393144612869,0.1288594606979352,0.18555738992775783,0.12816656375447982,0.11050322549936481,0.9911830797457855
example/hyperparams_opt/Hela/unequal_param_set_5,0.4,0.19999999999999996,0.4,None,P15331,0.45366902566461836,0.3986276205316942,0.3761287521540548,0.11008281026584837,0.16519310065694898,0.11624527986561145,0.10186414958503537,0.9928176708736445
example/hyperparams_opt/Hela/unequal_param_set_5,0.4,0.19999999999999996,0.4,None,P15364,0.42821385615131574,0.40310462413240034,0.38990745398519633,0.05021846403783081,0.10635719603830796,0.08719888595907549,0.08175449146856578,0.9962152684271103
example/hyperparams_opt/Hela/unequal_param_set_5,0.4,0.19999999999999996,0.4,None,P15501,0.5025573316965005,0.5000572484654682,0.4990628071945889,0.005000166462064581,0.05614407768931606,0.07053088467349905,0.07243435874383725,0.9983984126497137
example/hyperparams_opt/Hela/unequal_param_set_5,0.4,0.19999999999999996,0.4,None,P15544,0.4035159596597362,0.4016706330497779,0.4009382486431414,0.0036906532199166286,0.008070006368940064,0.007567188605339226,0.007498581976483731,0.9999750787924903
example/hyperparams_opt/Hela/unequal_param_set_5,0.4,0.19999999999999996,0.4,None,P15660,0.5788679999999943,0.5340540981298421,0.45214406541989655,0.08962780374030449,0.2905439999999886,,0.007498581976483731,0.9651861618773171
example/hyperparams_opt/Hela/unequal_param_set_5,0.4,0.19999999999999996,0.4,None,P15688,0.5392478885148491,0.5226488885148486,0.45214406541989655,0.03319800000000084,,,0.007498581976483731,0.9992722849390396
example/hyperparams_opt/Hela/unequal_param_set_5,0.4,0.19999999999999996,0.4,None,P15696,0.49480700000000294,0.43346550000000117,0.39656500000001244,0.12268300000000348,0.17204299999996803,,0.007498581976483731,0.9851726098674859
example/hyperparams_opt/Hela/unequal_param_set_5,0.4,0.19999999999999996,0.4,None,P15698,0.5341360000000065,0.5307079203093343,0.5284225338488863,0.006856159381344318,0.06474046465200756,0.07946446015466585,0.08795403384888195,0.9979596203126007
example/hyperparams_opt/Hela/unequal_param_set_5,0.4,0.19999999999999996,0.4,None,P15707,0.5099543332242871,0.4985137524696722,0.5284225338488863,0.022881161509229753,,0.07946446015466585,0.08795403384888195,0.9996200516820675
example/hyperparams_opt/Hela/unequal_param_set_5,0.4,0.19999999999999996,0.4,None,P15757,0.3677451999999954,0.36527100752537484,0.5284225338488863,0.0049483849492411025,,0.07946446015466585,0.08795403384888195,0.99996690332064
example/hyperparams_opt/Hela/unequal_param_set_5,0.4,0.19999999999999996,0.4,None,P15766,0.47693401929454693,0.4689606870331331,0.46497619778693816,0.015946664522827614,0.0958505561957923,0.11318514266630969,0.11404590247366236,0.9949274620768819
example/hyperparams_opt/Hela/unequal_param_set_5,0.4,0.19999999999999996,0.4,None,P15787,0.37960468344704723,0.36749551279194614,0.3626425268807567,0.02421834131020212,0.026668128388669388,,0.11404590247366236,0.9995023515569669
example/hyperparams_opt/Hela/unequal_param_set_5,0.4,0.19999999999999996,0.4,None,P15797,0.4771106106168677,0.46770801250745053,0.45845706093557853,0.018805196218834308,0.06095576750381865,0.05948660762066332,0.05882710625961168,0.9987564618895172
example/hyperparams_opt/Hela/unequal_param_set_5,0.4,0.19999999999999996,0.4,None,P15819,0.44668908117226097,0.43860781403031174,0.43537625200297364,0.016162534283898466,0.02486404646375867,0.01796412819510873,0.016314403574096137,0.9998566411863175
example/hyperparams_opt/Hela/unequal_param_set_5,0.4,0.19999999999999996,0.4,None,P15888,0.4386031547218974,0.43824623508602734,0.43768189538319247,0.0007138392717402353,0.0020499387443746464,,0.016314403574096137,0.9999982845564385
example/hyperparams_opt/Hela/unequal_param_set_5,0.4,0.19999999999999996,0.4,None,P15901,0.4705033842755121,0.4683143792580243,0.43768189538319247,0.004378010034975566,,,0.016314403574096137,0.9999842396937104
example/hyperparams_opt/Hela/unequal_param_set_5,0.4,0.19999999999999996,0.4,None,P15904,0.4439394143980479,0.44372003799669774,0.43398996927143796,0.00043875280270033734,0.05080640735450048,0.057719305878940697,0.05484592369208874,0.9986922831687662
example/hyperparams_opt/Hela/unequal_param_set_5,0.4,0.19999999999999996,0.4,None,P15950,0.5151566661149135,0.5060041510135588,0.49834010052522787,0.018305030202709405,0.03214466656634751,,0.05484592369208874,0.9996827824705666
example/hyperparams_opt/Hela/unequal_param_set_5,0.4,0.19999999999999996,0.4,None,P15968,0.5910259269874556,0.5668890929455163,0.5579757843720213,0.048273668083878674,0.08203778335659373,0.06235252411382153,0.055610723344435065,0.9993408444711763
example/hyperparams_opt/Hela/unequal_param_set_5,0.4,0.19999999999999996,0.4,None,P15984,0.43325484464306996,0.42611717527238135,0.3486157835149206,0.014275338741377264,0.23964184464307084,,0.055610723344435065,0.9500993401608105
example/hyperparams_opt/Hela/unequal_param_set_5,0.4,0.19999999999999996,0.4,None,P15988,0.4325057929899236,0.4239268964949583,0.3482222643299722,0.01715779298993053,0.23569279298992338,,0.055610723344435065,0.9523696806388372
example/hyperparams_opt/Hela/unequal_param_set_5,0.4,0.19999999999999996,0.4,None,P15998,0.7185431093710651,0.6970361238799144,0.6841253499915588,0.04301397098230142,0.10171416973894165,0.08711966134491145,0.0817037593482276,0.9989577926157465
example/hyperparams_opt/Hela/unequal_param_set_5,0.4,0.19999999999999996,0.4,None,P16084,0.49450358695876534,0.4912665057396946,0.486764421055109,0.006474162438141473,0.03503918850665633,0.037900725032195215,0.04434090813438807,0.9994416300758118
example/hyperparams_opt/Hela/unequal_param_set_5,0.4,0.19999999999999996,0.4,None,P16094,0.533080900889065,0.5157685169568311,0.5096588828518233,0.03462476786446783,0.06049498413753773,0.04673312847534389,0.043631366788387915,0.9994929778936765
example/hyperparams_opt/Hela/unequal_param_set_5,0.4,0.19999999999999996,0.4,None,P16104,0.534548099607981,0.5218387073272053,0.5133657791400213,0.025418784561551555,0.07999066052952236,0.08123542947781165,0.07988320909150126,0.997981489711565
example/hyperparams_opt/Hela/unequal_param_set_5,0.4,0.19999999999999996,0.4,None,P16132,0.49480497310200877,0.4716764865510212,0.45625426874477587,0.046256973101975185,0.06939513996972346,,0.07988320909150126,0.9981931750221817
example/hyperparams_opt/Hela/unequal_param_set_5,0.4,0.19999999999999996,0.4,None,P16158,0.5261839522759615,0.5261839522759615,0.5261839522759615,0.0,0.036801660860186214,0.042059040983070006,0.04469284540310969,0.9996063171420395
example/hyperparams_opt/Hela/unequal_param_set_5,0.4,0.19999999999999996,0.4,None,P16161,0.46876410307433986,0.4626566717382563,0.46058761213961286,0.012214862672167148,0.017204515358827,0.012727052431681207,0.013477774514277119,0.9999287739083893
example/hyperparams_opt/Hela/unequal_param_set_5,0.4,0.19999999999999996,0.4,None,P16168,0.4912397594231214,0.4856473353654326,0.47783792026114197,0.011184848115377621,0.04520014363310487,0.0423042986191734,0.038263326269052766,0.9995226155170791
example/hyperparams_opt/Hela/unequal_param_set_5,0.4,0.19999999999999996,0.4,None,P16172,0.6044692910624531,0.5834102946731463,0.5693709637469418,0.04211799277861361,0.09331046875846016,0.08229596556600005,0.07709159388176279,0.9983755441385979
example/hyperparams_opt/Hela/unequal_param_set_5,0.4,0.19999999999999996,0.4,None,P16219,0.5246636748850044,0.523241263250831,0.5222678268447196,0.0028448232683470076,0.024059817922666427,0.0254541344413729,0.02755028001687926,0.9997750396172793
example/hyperparams_opt/Hela/unequal_param_set_5,0.4,0.19999999999999996,0.4,None,P16229,0.5037641799056882,0.4994554612075125,0.49579926800397606,0.008617437396351513,0.021061674585778623,0.01868108131326751,0.016203703453378904,0.9999097344269681
example/hyperparams_opt/Hela/unequal_param_set_5,0.4,0.19999999999999996,0.4,None,P16251,0.5035639625505587,0.4760044340964909,0.49579926800397606,0.055119056908135566,,0.01868108131326751,0.016203703453378904,0.997580592596308
example/hyperparams_opt/Hela/unequal_param_set_5,0.4,0.19999999999999996,0.4,None,P16265,0.513492547475184,0.4760044340964909,0.49579926800397606,0.055119056908135566,,0.01868108131326751,0.016203703453378904,0.997580592596308
example/hyperparams_opt/Hela/unequal_param_set_5,0.4,0.19999999999999996,0.4,None,P16366,0.563632559856925,0.5606027578907065,0.5294728385938047,0.0060596039324370965,0.09641955985692396,,0.016203703453378904,0.9967766895290496
example/hyperparams_opt/Hela/unequal_param_set_5,0.4,0.19999999999999996,0.4,None,P16419,0.5800499999999829,0.5765524999999861,0.575386666666654,0.006994999999993423,0.022374142857136126,0.021439833333329883,0.022463466666665655,0.9998956516908001
example/hyperparams_opt/Hela/unequal_param_set_5,0.4,0.19999999999999996,0.4,None,P16430,0.7592374234962018,0.7144294737953645,0.6885595466622519,0.08961589940167458,0.14987334993233414,0.11421727317554975,0.10064803292937485,0.99770957039517
example/hyperparams_opt/Hela/unequal_param_set_5,0.4,0.19999999999999996,0.4,None,P16515,0.507659111077863,0.49258246108508386,0.6885595466622519,0.030153299985558213,,0.11421727317554975,0.10064803292937485,0.99932412841387
example/hyperparams_opt/Hela/unequal_param_set_5,0.4,0.19999999999999996,0.4,None,P16526,0.4808833057744455,0.49258246108508386,0.6885595466622519,0.030153299985558213,,0.11421727317554975,0.10064803292937485,0.99932412841387
example/hyperparams_opt/Hela/unequal_param_set_5,0.4,0.19999999999999996,0.4,None,P16528,0.6097888659477243,0.6041665473811564,0.6018804704846618,0.011244637133135948,0.029415867112259075,0.02621287966800656,0.025278471412409464,0.9999079521140615
example/hyperparams_opt/Hela/unequal_param_set_5,0.4,0.19999999999999996,0.4,None,P16593,0.5920655957761075,0.5629669978880555,0.5491810652587071,0.05819719577610405,0.12403539180606943,0.10386662658967938,0.0997583197006583,0.9967607750850432
example/hyperparams_opt/Hela/unequal_param_set_5,0.4,0.19999999999999996,0.4,None,P16621,0.5063949740426026,0.5036013913017581,0.4986235909942049,0.005587165481689138,0.026307409948226113,0.02473960239091333,0.021314687156923584,0.9998785820184934
example/hyperparams_opt/Hela/unequal_param_set_5,0.4,0.19999999999999996,0.4,None,P16703,0.5491247093359806,0.5350343540342324,0.5199425865840418,0.02818071060349636,0.059365657652319825,,0.021314687156923584,0.9990088051987787
example/hyperparams_opt/Hela/unequal_param_set_5,0.4,0.19999999999999996,0.4,None,P16708,0.5186977359145744,0.5151815519359317,0.5097162723982095,0.007032367957285124,0.03110953291861296,0.02919299327237085,0.02537329895474605,0.9998582609234578
example/hyperparams_opt/Hela/unequal_param_set_5,0.4,0.19999999999999996,0.4,None,P16728,0.4185800950477474,0.40080154752386876,0.393865365015914,0.03555709504775734,0.038587095047742825,,0.02537329895474605,0.9991083006420113
example/hyperparams_opt/Hela/unequal_param_set_5,0.4,0.19999999999999996,0.4,None,P16743,0.4999539065656573,0.46430029524393335,0.393865365015914,0.07130722264344785,,,0.02537329895474605,0.9957422388801658
example/hyperparams_opt/Hela/unequal_param_set_5,0.4,0.19999999999999996,0.4,None,P16795,0.5650879306179339,0.5518209229088133,0.536049179598367,0.026534015418241297,0.06058223764045989,,0.02537329895474605,0.999023398795629
example/hyperparams_opt/Hela/unequal_param_set_5,0.4,0.19999999999999996,0.4,None,P16808,0.47517743619878733,0.45941520766661204,0.536049179598367,0.03152445706435053,,,0.02537329895474605,0.9991507133762004
example/hyperparams_opt/Hela/unequal_param_set_5,0.4,0.19999999999999996,0.4,None,P16865,0.6155334324432425,0.6119142128062496,0.6019410676774358,0.0072384392739860415,0.09653489761639167,0.1139144255103845,0.10910041530203762,0.9973622858301345
example/hyperparams_opt/Hela/unequal_param_set_5,0.4,0.19999999999999996,0.4,None,P16866,0.46550199999999503,0.4205319999999986,0.39274546116941883,0.08993999999999286,0.1283296164917357,,0.10910041530203762,0.9916018476861256
example/hyperparams_opt/Hela/unequal_param_set_5,0.4,0.19999999999999996,0.4,None,P16871,0.6399471708593192,0.6329955963193966,0.6302061536764906,0.013903149079845134,0.038579902237136254,0.039381660953378805,0.03860854478673459,0.9997287613002817
example/hyperparams_opt/Hela/unequal_param_set_5,0.4,0.19999999999999996,0.4,None,P16936,0.5425552500000063,0.5422375661764774,0.540680377450987,0.0006353676470576275,0.02765028103972378,0.030569887364726767,0.03222343550394591,0.9996863268544092
example/hyperparams_opt/Hela/unequal_param_set_5,0.4,0.19999999999999996,0.4,None,P16944,0.5632112000000177,0.5540832048705193,0.551026210654424,0.018255990258996713,0.03205135017655658,0.027507479179982308,0.03002278991143026,0.9997676385541776
example/hyperparams_opt/Hela/unequal_param_set_5,0.4,0.19999999999999996,0.4,None,P16958,0.5741169604703846,0.5648833609119023,0.55564976135342,0.018467199116964705,0.10512070887977276,0.11861587953657154,0.12767186475459158,0.9955656271982428
example/hyperparams_opt/Hela/unequal_param_set_5,0.4,0.19999999999999996,0.4,None,P16966,0.5089393310463913,0.507527728808661,0.5030919217342062,0.0028232044754606944,0.04575732011088052,0.07538401452293592,,0.9984721661042435
example/hyperparams_opt/Hela/unequal_param_set_5,0.4,0.19999999999999996,0.4,None,P16971,0.5673841223716057,0.556082751902933,0.5447813814342602,0.02260274093734549,0.10559957745015197,0.11442957217329958,0.12166991215204159,0.9958462556641787
example/hyperparams_opt/Hela/unequal_param_set_5,0.4,0.19999999999999996,0.4,None,P16994,0.507635637941653,0.4944994647465717,0.5447813814342602,0.02627234639016257,,0.11442957217329958,0.12166991215204159,0.9994909016221354
example/hyperparams_opt/Hela/unequal_param_set_5,0.4,0.19999999999999996,0.4,None,P17008,0.6319893734722142,0.5908061174356789,0.5768921465462831,0.08236651207307055,0.12059730908244704,0.08479578738558657,0.07805746228242394,0.9984978546467753
example/hyperparams_opt/Hela/unequal_param_set_5,0.4,0.19999999999999996,0.4,None,P17021,0.44721899999999687,0.43876454234604445,0.4287081509514378,0.016908915307904837,0.03862363183777234,,0.07805746228242394,0.9993797798137081
example/hyperparams_opt/Hela/unequal_param_set_5,0.4,0.19999999999999996,0.4,None,P17027,0.6251552984965587,0.6141845112183466,0.6105275821256092,0.021941574556424204,0.0683996354509313,0.06406571401479155,0.0654633335369631,0.9992983978790216
example/hyperparams_opt/Hela/unequal_param_set_5,0.4,0.19999999999999996,0.4,None,P17037,0.5074559921925428,0.5067797308920596,0.5063207882158953,0.0013525226009662994,0.006072790191783084,0.006736429178902381,0.0067938994500925665,0.9999883869690751
example/hyperparams_opt/Hela/unequal_param_set_5,0.4,0.19999999999999996,0.4,None,P17078,0.6045698006214644,0.5878971587757036,0.5786592392873813,0.033345283691521566,0.06939536307936889,0.061059042156488386,0.05734168097776915,0.9991932117424981
example/hyperparams_opt/Hela/unequal_param_set_5,0.4,0.19999999999999996,0.4,None,P17182,0.6089980675861508,0.6048720675861468,0.6011332342528141,0.00825200000000803,0.030769071691407857,0.02884686764731892,0.02745570216906512,0.9998533807993858
example/hyperparams_opt/Hela/unequal_param_set_5,0.4,0.19999999999999996,0.4,None,P17194,0.5212602619980911,0.6048720675861468,0.6011332342528141,0.00825200000000803,0.030769071691407857,0.02884686764731892,0.02745570216906512,0.9998533807993858
example/hyperparams_opt/Hela/unequal_param_set_5,0.4,0.19999999999999996,0.4,None,P17204,0.6676697450492358,0.6509414179176525,0.6386983609549501,0.033456654263166796,0.07627007164249011,0.06280068359987812,0.053505847671555196,0.9994997703509749
example/hyperparams_opt/Hela/unequal_param_set_5,0.4,0.19999999999999996,0.4,None,P17205,0.5294725674125891,0.5283813881382662,0.6386983609549501,0.002182358548645791,,0.06280068359987812,0.053505847671555196,0.9999969236053605
example/hyperparams_opt/Hela/unequal_param_set_5,0.4,0.19999999999999996,0.4,None,P17221,0.5728637292027319,0.5725633482352331,0.5716639376916625,0.0006007619349974735,0.028713018061722773,0.03208612358901142,0.03431158024927661,0.9997062607506955
example/hyperparams_opt/Hela/unequal_param_set_5,0.4,0.19999999999999996,0.4,None,P17293,0.5771559999999823,0.5255164999999877,0.44908950046882623,0.10327899999998924,0.2809204985934791,,0.03431158024927661,0.9682403540452234
example/hyperparams_opt/Hela/unequal_param_set_5,0.4,0.19999999999999996,0.4,None,P17316,0.5642819331035126,0.5633018833926167,0.49508925559507594,0.001960099421791872,0.20561793310351806,,0.03431158024927661,0.9817341643279112
example/hyperparams_opt/Hela/unequal_param_set_5,0.4,0.19999999999999996,0.4,None,P17403,0.656804851982269,0.6533090299921073,0.6474826600085043,0.006991643980323481,0.08809933216968469,0.10697831025576099,0.11895468876926041,0.9975624748005235
example/hyperparams_opt/Hela/unequal_param_set_5,0.4,0.19999999999999996,0.4,None,P17416,0.5391429999999972,0.5240650869338059,0.5172508936895186,0.030155826132382324,0.08950849721382437,0.08342858488342836,0.08646424338934955,0.9979805766175536
example/hyperparams_opt/Hela/unequal_param_set_5,0.4,0.19999999999999996,0.4,None,P17509,0.6910085412751226,0.6699584775267071,0.6532874976252333,0.0421001274968309,0.09392127278658369,0.0761366760858464,0.061755568962990504,0.9993134489583831
example/hyperparams_opt/Hela/unequal_param_set_5,0.4,0.19999999999999996,0.4,None,P17537,0.5854603095675037,0.5854322704535886,0.5846978136668944,5.607822783015859e-05,0.01383042372362353,0.015459386645369166,0.01645793170272336,0.9999487301980007
example/hyperparams_opt/Hela/unequal_param_set_5,0.4,0.19999999999999996,0.4,None,P17563,0.5327914176675066,0.513385543032945,0.5008495043349747,0.03881174926912323,0.10123609321433258,0.09657091940839096,0.088294512127853,0.9972649104043299
example/hyperparams_opt/Hela/unequal_param_set_5,0.4,0.19999999999999996,0.4,None,P17577,0.5497154298137619,0.5462791388054407,0.5432188622546251,0.006872582016642426,0.019278740539940054,0.018062989491342996,0.017109174463640464,0.9999249024112289
example/hyperparams_opt/Hela/unequal_param_set_5,0.4,0.19999999999999996,0.4,None,P17594,0.570103274582744,0.5524608622775194,0.5432188622546251,0.03528482461044913,,0.018062989491342996,0.017109174463640464,0.9992642482847222
example/hyperparams_opt/Hela/unequal_param_set_5,0.4,0.19999999999999996,0.4,None,P17654,0.5610333018504213,0.5582768891191205,0.5556080988937785,0.005512825462601456,0.02601156921571446,0.02543355445704054,0.025142430711992736,0.9998703531151261
example/hyperparams_opt/Hela/unequal_param_set_5,0.4,0.19999999999999996,0.4,None,P17657,0.6325519283610739,0.6309927178651275,0.6250064805418681,0.0031184209918928563,0.037930798007128175,0.039001998302810814,0.03638654638142136,0.9997806613099454
example/hyperparams_opt/Hela/unequal_param_set_5,0.4,0.19999999999999996,0.4,None,P17662,0.5732467961534017,0.5714611195710877,0.5655396452500753,0.0035713531646278662,0.03973435346407772,0.04467676152133937,0.045374957694631846,0.999560346572554
example/hyperparams_opt/Hela/unequal_param_set_5,0.4,0.19999999999999996,0.4,None,P17757,0.5676296710142077,0.5575857258451724,0.5531588417710219,0.020087890338070458,0.023324597391486734,,0.045374957694631846,0.9998423006496517
example/hyperparams_opt/Hela/unequal_param_set_5,0.4,0.19999999999999996,0.4,None,P17771,0.5206199077946633,0.5121506517954877,0.5069074885185616,0.01693851199835128,0.02419874582995396,,0.045374957694631846,0.9998184419735504
example/hyperparams_opt/Hela/unequal_param_set_5,0.4,0.19999999999999996,0.4,None,P17809,0.4776880058638395,0.4749217331365675,0.47322133919717363,0.005532545454544124,0.01510669814246518,0.014753506614196998,0.01430006823035862,0.9999347482351394
example/hyperparams_opt/Hela/unequal_param_set_5,0.4,0.19999999999999996,0.4,None,P17810,0.5373417377900233,0.5229735846181746,0.5176940853497262,0.028736306343697393,0.04169248495205263,0.02896516520518372,0.024953627739906115,0.9998360021106331
example/hyperparams_opt/Hela/unequal_param_set_5,0.4,0.19999999999999996,0.4,None,P17828,0.5134607577960069,0.47673137889800543,0.42058491926533986,0.07345875779600286,0.20516875779599814,,0.024953627739906115,0.980844654084656
example/hyperparams_opt/Hela/unequal_param_set_5,0.4,0.19999999999999996,0.4,None,P17862,0.6222462261277413,0.6080591695958015,0.5938721130638619,0.02837411306387949,0.06996895728376573,0.06018881113716146,0.05401661306386052,0.9992609153699437
example/hyperparams_opt/Hela/unequal_param_set_5,0.4,0.19999999999999996,0.4,None,P17905,0.6130704196861585,0.5958363147646137,0.5845810362236286,0.034468209843089403,0.06760375453849732,0.05590425428161827,0.04674994549912537,0.9993646693357672
example/hyperparams_opt/Hela/unequal_param_set_5,0.4,0.19999999999999996,0.4,None,P17915,0.619251479906568,0.6178072516047246,0.6173258421707768,0.002888456603686751,0.08648386549915044,0.09698183846808761,0.10255303364208979,0.9981086155139354
example/hyperparams_opt/Hela/unequal_param_set_5,0.4,0.19999999999999996,0.4,None,P17930,0.5905279453487955,0.5905279453487955,0.5893070846418414,0.0,0.032277168000710565,0.036364965983546105,0.04044899702166771,0.9996667332619205
example/hyperparams_opt/Hela/unequal_param_set_5,0.4,0.19999999999999996,0.4,None,P1795,0.5287362803929694,0.5213107567502016,0.49626350450013357,0.014851047285535768,0.08256728039297179,,0.04044899702166771,0.997574472236162
example/hyperparams_opt/Hela/unequal_param_set_5,0.4,0.19999999999999996,0.4,None,P17960,0.5059559576278427,0.501414651252913,0.49626350450013357,0.009082612749859498,,,0.04044899702166771,0.9999408277551616
example/hyperparams_opt/Hela/unequal_param_set_5,0.4,0.19999999999999996,0.4,None,P17978,0.7100669225341528,0.6745413248373726,0.658063201065078,0.07105119539356042,0.18138255611328913,0.1779978207830506,0.17303834191920164,0.9938787318613942
example/hyperparams_opt/Hela/unequal_param_set_5,0.4,0.19999999999999996,0.4,None,P17993,0.47660497210371555,0.44945998605185583,0.41798732403456684,0.05428997210371944,0.12156297210372669,,0.17303834191920164,0.9935032994452573
example/hyperparams_opt/Hela/unequal_param_set_5,0.4,0.19999999999999996,0.4,None,P18000,0.5152301563369789,0.5017185949698679,0.41798732403456684,0.027023122734222027,,,0.17303834191920164,0.9994767759087015
example/hyperparams_opt/Hela/unequal_param_set_5,0.4,0.19999999999999996,0.4,None,P18061,0.5241069999999993,0.5181444307763565,0.516156907701809,0.011925138447285488,0.022505863281899297,0.01830674819735889,0.018574755273677912,0.9999041502274779
example/hyperparams_opt/Hela/unequal_param_set_5,0.4,0.19999999999999996,0.4,None,P18063,0.5764566146465712,0.5740809787444681,0.5692045023245345,0.004751271804206314,0.05147092590200042,0.054018984391339675,0.05390386550244697,0.999363544302609
example/hyperparams_opt/Hela/unequal_param_set_5,0.4,0.19999999999999996,0.4,None,P18091,0.5861820673112026,0.5789187667977411,0.5755699507635413,0.014526601026922825,0.08392177795528866,0.0988624872215697,0.10072283292953721,0.9976479118664219
example/hyperparams_opt/Hela/unequal_param_set_5,0.4,0.19999999999999996,0.4,None,P18099,0.5867618218290303,0.5820968164523932,0.5779551978735218,0.00933001075327411,0.05782002518820417,0.05897361467941753,0.06171140323839375,0.9989787420790188
example/hyperparams_opt/Hela/unequal_param_set_5,0.4,0.19999999999999996,0.4,None,P18124,0.5251919999999983,0.5820968164523932,0.5779551978735218,0.00933001075327411,0.05782002518820417,0.05897361467941753,0.06171140323839375,0.9989787420790188
example/hyperparams_opt/Hela/unequal_param_set_5,0.4,0.19999999999999996,0.4,None,P18138,0.5285451111111108,0.5284369555555565,0.5278958592592619,0.00021631111110864687,0.006990206944442079,0.008634972222222315,0.009571484259263463,0.9999787480344917
example/hyperparams_opt/Hela/unequal_param_set_5,0.4,0.19999999999999996,0.4,None,P18165,0.5530300000000054,0.5284369555555565,0.5278958592592619,0.00021631111110864687,0.006990206944442079,0.008634972222222315,0.009571484259263463,0.9999787480344917
example/hyperparams_opt/Hela/unequal_param_set_5,0.4,0.19999999999999996,0.4,None,P18199,0.5389628924507655,0.5106554462253807,0.4683762009741712,0.056614892450769394,0.15514518197901334,,0.009571484259263463,0.9913095756845689
example/hyperparams_opt/Hela/unequal_param_set_5,0.4,0.19999999999999996,0.4,None,P18243,0.5605047272984492,0.5553682151461318,0.5524412801346491,0.010273024304634948,0.025435331787709514,0.021944250292669776,0.020900272489345784,0.9998967972427518
example/hyperparams_opt/Hela/unequal_param_set_5,0.4,0.19999999999999996,0.4,None,P18286,0.6290521118695946,0.618233759891329,0.6002031732608863,0.021636703956531167,0.12406410287856728,0.13296374790329285,0.1395500270957667,0.9957602743336457
example/hyperparams_opt/Hela/unequal_param_set_5,0.4,0.19999999999999996,0.4,None,P18325,0.5809134733061583,0.5795352099592243,0.5764252977415286,0.0027565266938680555,0.010708000000021034,,0.1395500270957667,0.9999717315065343
example/hyperparams_opt/Hela/unequal_param_set_5,0.4,0.19999999999999996,0.4,None,P18338,0.6023855479704496,0.5984407873335855,0.5960040281155805,0.007889521273728217,0.08136595562569304,0.1007915007671003,0.10117433764446426,0.9977222431060844
example/hyperparams_opt/Hela/unequal_param_set_5,0.4,0.19999999999999996,0.4,None,P18384,0.5571720000000084,0.5529535000000081,0.5503276351914769,0.008437000000000694,0.016208749289061908,0.013361134243550787,0.011088086556794496,0.9999608754741973
example/hyperparams_opt/Hela/unequal_param_set_5,0.4,0.19999999999999996,0.4,None,P18386,0.6444365495260849,0.6415116967267664,0.6405367457936603,0.005849705598636845,0.05116053356211747,0.05470865618615339,0.058357181154882865,0.9995065502761257
example/hyperparams_opt/Hela/unequal_param_set_5,0.4,0.19999999999999996,0.4,None,P18429,0.49298751418114517,0.4917721972885209,0.4908018189303725,0.0024306337852485482,0.010951712404507041,0.012011482324362,0.015564965113167573,0.9999336005692603
example/hyperparams_opt/Hela/unequal_param_set_5,0.4,0.19999999999999996,0.4,None,P18482,0.5582466720192978,0.5481185770894976,0.5424215554381862,0.020256189859600426,0.029231830297794748,0.01977462550601472,0.015229443818414623,0.9998856338280019
example/hyperparams_opt/Hela/unequal_param_set_5,0.4,0.19999999999999996,0.4,None,P18484,0.5067500000000137,0.5067500000000137,0.5042008888889006,0.0,0.016369916666679973,0.017616000000014342,0.016688555555569085,0.9999288526511534
example/hyperparams_opt/Hela/unequal_param_set_5,0.4,0.19999999999999996,0.4,None,P1852,0.41221342857142634,0.345955547619048,0.5042008888889006,0.13251576190475667,,0.017616000000014342,0.016688555555569085,0.9733764808881429
example/hyperparams_opt/Hela/unequal_param_set_5,0.4,0.19999999999999996,0.4,None,P18591,0.5281499790822042,0.5281499790822042,0.5140378613006273,0.0,0.0831580591830044,0.0967652944624291,0.09459740276581619,0.9973907282872617
example/hyperparams_opt/Hela/unequal_param_set_5,0.4,0.19999999999999996,0.4,None,P18609,0.5181188083823857,0.5136730867344662,0.5112677953475007,0.008891443295838908,0.011661595808816094,,0.09459740276581619,0.9999569875718346
example/hyperparams_opt/Hela/unequal_param_set_5,0.4,0.19999999999999996,0.4,None,P18615,0.428514338307823,0.5136730867344662,0.5112677953475007,0.008891443295838908,0.011661595808816094,,0.09459740276581619,0.9999569875718346
example/hyperparams_opt/Hela/unequal_param_set_5,0.4,0.19999999999999996,0.4,None,P18684,0.5134300612584829,0.5106886788490166,0.5084640596695468,0.005482764818932617,0.009415239947875742,,0.09459740276581619,0.9999737691746257
example/hyperparams_opt/Hela/unequal_param_set_5,0.4,0.19999999999999996,0.4,None,P18700,0.46671300000001137,0.4383455000000119,0.4233240000000076,0.05673499999999898,0.07343200000001249,,0.09459740276581619,0.9975228469275781
example/hyperparams_opt/Hela/unequal_param_set_5,0.4,0.19999999999999996,0.4,None,P18716,0.5572980000000001,0.535843185105219,0.5279444567368139,0.04290962978956203,0.07733322234216788,0.0666058148947773,0.059827771631589366,0.9988034433465667
example/hyperparams_opt/Hela/unequal_param_set_5,0.4,0.19999999999999996,0.4,None,P18732,0.5638420000000137,0.5638420000000137,0.5615043333333484,0.0,0.0314980625000032,0.034995928571432855,0.037322083333340195,0.9996646127069057
example/hyperparams_opt/Hela/unequal_param_set_5,0.4,0.19999999999999996,0.4,None,P18749,0.5152264634018457,0.5111131412029613,0.501920404597575,0.008226644397768879,0.041790741654586516,0.04104382266888312,0.03307222679645905,0.9995936609268179
example/hyperparams_opt/Hela/unequal_param_set_5,0.4,0.19999999999999996,0.4,None,P18750,0.5092060000000013,0.5066490000000028,0.5055764444444467,0.005113999999997065,0.03394286666666835,0.04077526666667047,0.0565202444444462,0.9991843318359315
example/hyperparams_opt/Hela/unequal_param_set_5,0.4,0.19999999999999996,0.4,None,P18755,0.5186000000000035,0.5037796969041195,0.48895939380823544,0.02964060619176806,0.11085018355591175,0.11321953751748626,0.1279592833698454,0.9933114417446552
example/hyperparams_opt/Hela/unequal_param_set_5,0.4,0.19999999999999996,0.4,None,P18773,0.5592352899385398,0.5523872899385383,0.550104623271871,0.013696000000003039,0.06695299864596094,0.06771314130966766,0.07325314069973349,0.9981575446322744
example/hyperparams_opt/Hela/unequal_param_set_5,0.4,0.19999999999999996,0.4,None,P18800,0.480279999999982,0.46748840309542494,0.4546968061908679,0.025583193809114113,0.09099727220048981,0.09148263682335322,0.10295697917226015,0.9951831941178366
example/hyperparams_opt/Hela/unequal_param_set_5,0.4,0.19999999999999996,0.4,None,P18805,0.49821733333332646,0.4906069166666611,0.4872799444444395,0.01522083333333063,0.033787358333327744,0.03157561666666164,0.03742424444444076,0.9995986753197701
example/hyperparams_opt/Hela/unequal_param_set_5,0.4,0.19999999999999996,0.4,None,P18807,0.5071998114227415,0.4989449331529492,0.4872799444444395,0.016509756539584697,,0.03157561666666164,0.03742424444444076,0.9998025393913694
example/hyperparams_opt/Hela/unequal_param_set_5,0.4,0.19999999999999996,0.4,None,P18811,0.49910030738268446,0.49891863614721776,0.49862917985662053,0.0003633424709334476,0.0062014795247056775,0.007736954761721371,0.008327235990497728,0.9999831262973636
example/hyperparams_opt/Hela/unequal_param_set_5,0.4,0.19999999999999996,0.4,None,P18812,0.45131500000000385,0.38306137118166206,0.2924882474544297,0.1365072576366836,0.3399730000000389,,0.008327235990497728,0.8844722997723574
example/hyperparams_opt/Hela/unequal_param_set_5,0.4,0.19999999999999996,0.4,None,P18869,0.5079773333333563,0.5072063095238342,0.5059199396825645,0.0015420476190440846,0.007703274999998788,0.007956631746032616,0.008250923015874045,0.9999829004180686
example/hyperparams_opt/Hela/unequal_param_set_5,0.4,0.19999999999999996,0.4,None,P18910,0.5864233686680185,0.5750859839695155,0.5059199396825645,0.022674769397005856,,0.007956631746032616,0.008250923015874045,0.9997196291367991
example/hyperparams_opt/Hela/unequal_param_set_5,0.4,0.19999999999999996,0.4,None,P18942,0.5747879999999952,0.5338179999999979,0.4719643333333285,0.08193999999999446,0.2265310000000056,,0.008250923015874045,0.9815036610830475
example/hyperparams_opt/Hela/unequal_param_set_5,0.4,0.19999999999999996,0.4,None,P18950,0.5745539999999948,0.5717799999999977,0.5699306666666664,0.005547999999994113,0.10775670323319325,0.13812760431093013,0.15635505625620472,0.9938580839834096
example/hyperparams_opt/Hela/unequal_param_set_5,0.4,0.19999999999999996,0.4,None,P18980,0.5799817580411115,0.5770228185308311,0.5760365053607377,0.0059178790205607346,0.011463041673756669,0.010352489714541613,0.010476728503663102,0.9999749689285237
example/hyperparams_opt/Hela/unequal_param_set_5,0.4,0.19999999999999996,0.4,None,P19010,0.5738200000000091,0.5733420000000095,0.5731826666666763,0.0009559999999992908,0.01890825000000307,0.02099485714286109,0.024186000000004038,0.9994703354177705
example/hyperparams_opt/Hela/unequal_param_set_5,0.4,0.19999999999999996,0.4,None,P19030,0.4976480000000009,0.35594100000000567,0.5731826666666763,0.2834139999999905,,0.02099485714286109,0.024186000000004038,0.8824373091848133
example/hyperparams_opt/Hela/unequal_param_set_5,0.4,0.19999999999999996,0.4,None,P19084,0.517983000000001,0.35594100000000567,0.5731826666666763,0.2834139999999905,,0.02099485714286109,0.024186000000004038,0.8824373091848133
example/hyperparams_opt/Hela/unequal_param_set_5,0.4,0.19999999999999996,0.4,None,P19134,0.5762419999999991,0.5028253845925627,0.47201825639504263,0.14683323081487293,0.1658379999999965,,0.024186000000004038,0.9891142583400645
example/hyperparams_opt/Hela/unequal_param_set_5,0.4,0.19999999999999996,0.4,None,P19144,0.4968159999999898,0.49619324999999287,0.46723116666666226,0.0012454999999939043,0.08750899999998868,,0.024186000000004038,0.9964226001312351
example/hyperparams_opt/Hela/unequal_param_set_5,0.4,0.19999999999999996,0.4,None,P19162,0.4741770000000045,0.4741135000000035,0.447910500000003,0.00012700000000198663,0.08324837499999932,0.08471016666666392,0.05934199999999995,0.9975887239294738
example/hyperparams_opt/Hela/unequal_param_set_5,0.4,0.19999999999999996,0.4,None,P19182,0.4352737499999939,0.4243710576069558,0.4152573717379693,0.021805384786076132,0.05088651847926656,0.04419808224598476,0.03699815869651257,0.999243132489215
example/hyperparams_opt/Hela/unequal_param_set_5,0.4,0.19999999999999996,0.4,None,P19326,0.5733899999999835,0.5733899999999835,0.5723563333333175,0.0,0.028359041666661478,0.03677838888888263,0.05258341666665878,0.9994310126159036
example/hyperparams_opt/Hela/unequal_param_set_5,0.4,0.19999999999999996,0.4,None,P19386,0.32563400000000087,0.32390278663546923,0.32198185775697746,0.0034624267290632726,0.007494000000006884,,0.05258341666665878,0.999958817709693
example/hyperparams_opt/Hela/unequal_param_set_5,0.4,0.19999999999999996,0.4,None,P19389,0.403595999999996,0.32390278663546923,0.32198185775697746,0.0034624267290632726,0.007494000000006884,,0.05258341666665878,0.999958817709693
example/hyperparams_opt/Hela/unequal_param_set_5,0.4,0.19999999999999996,0.4,None,P19417,0.466621999999981,0.4608489999999811,0.45507599999998116,0.011545999999999834,0.05760979166665864,0.06334272222221166,0.08058158333331766,0.9977051997141061
example/hyperparams_opt/Hela/unequal_param_set_5,0.4,0.19999999999999996,0.4,None,P19445,0.4914490000000029,0.4608489999999811,0.45507599999998116,0.011545999999999834,0.05760979166665864,0.06334272222221166,0.08058158333331766,0.9977051997141061
example/hyperparams_opt/Hela/unequal_param_set_5,0.4,0.19999999999999996,0.4,None,P19452,0.5697920000000067,0.4608489999999811,0.45507599999998116,0.011545999999999834,0.05760979166665864,0.06334272222221166,0.08058158333331766,0.9977051997141061
example/hyperparams_opt/Hela/unequal_param_set_5,0.4,0.19999999999999996,0.4,None,P19466,0.5793099999999924,0.5771119999999925,0.45507599999998116,0.0043959999999998445,,0.06334272222221166,0.08058158333331766,0.999989536408898
example/hyperparams_opt/Hela/unequal_param_set_5,0.4,0.19999999999999996,0.4,None,P19480,0.5754579999999805,0.5744849999999807,0.5735119999999809,0.0019459999999995592,0.04032029166665796,0.05149005555554442,0.07480258333331735,0.9987997675376132
example/hyperparams_opt/Hela/unequal_param_set_5,0.4,0.19999999999999996,0.4,None,P19540,0.3954006666666657,0.3842248333333344,0.3726320555555555,0.02235166666666255,0.04595416666666802,,0.07480258333331735,0.9988447136369
example/hyperparams_opt/Hela/unequal_param_set_5,0.4,0.19999999999999996,0.4,None,P19565,0.4257133625987843,0.3926300146327224,0.3740720097551442,0.06616669593212376,0.08875736259879635,,0.07480258333331735,0.9954559842868776
example/hyperparams_opt/Hela/unequal_param_set_5,0.4,0.19999999999999996,0.4,None,P19567,0.4162099999999924,0.3926300146327224,0.3740720097551442,0.06616669593212376,0.08875736259879635,,0.07480258333331735,0.9954559842868776
example/hyperparams_opt/Hela/unequal_param_set_5,0.4,0.19999999999999996,0.4,None,P19581,0.45731199999999883,0.3926300146327224,0.3740720097551442,0.06616669593212376,0.08875736259879635,,0.07480258333331735,0.9954559842868776
example/hyperparams_opt/Hela/unequal_param_set_5,0.4,0.19999999999999996,0.4,None,P19616,0.4943209999999979,0.4835031666666663,0.4791307777777747,0.021635666666663167,0.023935000000006368,,0.07480258333331735,0.9997706791656652
example/hyperparams_opt/Hela/unequal_param_set_5,0.4,0.19999999999999996,0.4,None,P19617,0.5658730000000034,0.5292979999999993,0.5171063333333312,0.07315000000000821,0.10734587168860299,0.08216949558479708,0.079923826710526,0.9977455995939001
example/hyperparams_opt/Hela/unequal_param_set_5,0.4,0.19999999999999996,0.4,None,P19730,0.09840800000001479,0.5292979999999993,0.5171063333333312,0.07315000000000821,0.10734587168860299,0.08216949558479708,0.079923826710526,0.9977455995939001
example/hyperparams_opt/Hela/unequal_param_set_5,0.4,0.19999999999999996,0.4,None,P2247,0.542762000000009,0.518191000000007,0.4654620000000018,0.04914200000000407,0.1827580000000173,,0.079923826710526,0.9870328773914037
example/hyperparams_opt/Hela/unequal_param_set_5,0.4,0.19999999999999996,0.4,None,P3047,0.4801869999999944,0.46068399999999854,0.4654620000000018,0.039005999999991714,,,0.079923826710526,0.9987067844228086
example/hyperparams_opt/Hela/unequal_param_set_5,0.4,0.19999999999999996,0.4,None,P3363,0.5191930000000045,0.5180455000000017,0.512709548951286,0.002295000000005487,0.01715535314615002,,0.079923826710526,0.9998995575937041
example/hyperparams_opt/Hela/unequal_param_set_5,0.4,0.19999999999999996,0.4,None,P3487,0.5263877693405521,0.5094976655248726,0.48446944368324996,0.033780207631358916,0.09197476934054749,,0.079923826710526,0.9971747069569651
example/hyperparams_opt/Hela/unequal_param_set_5,0.4,0.19999999999999996,0.4,None,P4284,0.46573808468523403,0.43547304234262363,0.48446944368324996,0.060530084685220864,,,0.079923826710526,0.9965129777581438
example/hyperparams_opt/Hela/unequal_param_set_5,0.4,0.19999999999999996,0.4,None,P4477,0.3497791428571452,0.3463857380952363,0.32884015873015765,0.006786809523817772,0.05603014285714497,,0.079923826710526,0.9973280153622026
example/hyperparams_opt/Hela/unequal_param_set_5,0.4,0.19999999999999996,0.4,None,P4576,0.33226000000001255,0.33226000000001255,0.33226000000001255,0.0,0.04511500000000873,0.054138000000010456,0.060535500000011844,0.9975725777409318
example/hyperparams_opt/Hela/unequal_param_set_5,0.4,0.19999999999999996,0.4,None,P4599,0.5032719999999984,0.4364313333333365,0.4119020000000013,0.13368133333332372,0.19303669444443644,0.13671763333332831,0.11294737499999435,0.9914450556637714
example/hyperparams_opt/Hela/unequal_param_set_5,0.4,0.19999999999999996,0.4,None,P4753,0.4436360000000107,0.4436360000000107,0.432363333333341,0.0,0.08769662500000475,0.10565616666666994,0.10121333333333304,0.9954778348936518
example/hyperparams_opt/Hela/unequal_param_set_5,0.4,0.19999999999999996,0.4,None,P5152,0.5274240000000038,0.43041200000000135,0.432363333333341,0.19402400000000486,,0.10565616666666994,0.10121333333333304,0.963037222991848
example/hyperparams_opt/Hela/unequal_param_set_5,0.4,0.19999999999999996,0.4,None,P5415,0.3181900000000013,0.27430999999999595,0.20274399999999182,0.08776000000001077,0.25857800000001774,,0.10121333333333304,0.8504437632494877
example/hyperparams_opt/Hela/unequal_param_set_5,0.4,0.19999999999999996,0.4,None,P5545,0.4799559999999954,0.4799559999999954,0.4510171111111075,0.0,0.20257222222221494,0.26044999999999063,0.2315111111111027,0.9648394701849925
example/hyperparams_opt/Hela/unequal_param_set_5,0.4,0.19999999999999996,0.4,None,P5763,0.6283163512379623,0.5801992759726847,0.5292096284262334,0.09623415053055506,0.20108601790463132,,0.2315111111111027,0.9889443643297339
example/hyperparams_opt/Hela/unequal_param_set_5,0.4,0.19999999999999996,0.4,None,P5905,0.366213749999996,0.5801992759726847,0.5292096284262334,0.09623415053055506,0.20108601790463132,,0.2315111111111027,0.9889443643297339
example/hyperparams_opt/Hela/unequal_param_set_5,0.4,0.19999999999999996,0.4,None,P6145,0.44087763636363636,0.5801992759726847,0.5292096284262334,0.09623415053055506,0.20108601790463132,,0.2315111111111027,0.9889443643297339
example/hyperparams_opt/Hela/unequal_param_set_5,0.4,0.19999999999999996,0.4,None,P6171,0.6772376802131331,0.6651938203591288,0.6098301469060833,0.024087719708008826,0.17813488021314094,,0.2315111111111027,0.9921281376752147
example/hyperparams_opt/Hela/unequal_param_set_5,0.4,0.19999999999999996,0.4,None,P6248,0.5795200000000058,0.499353000000003,0.4458041179455665,0.16033400000000564,0.24081364616331236,,0.2315111111111027,0.9774350900081501
example/hyperparams_opt/Hela/unequal_param_set_5,0.4,0.19999999999999996,0.4,None,P6289,0.46588483333333186,0.499353000000003,0.4458041179455665,0.16033400000000564,0.24081364616331236,,0.2315111111111027,0.9774350900081501
example/hyperparams_opt/Hela/unequal_param_set_5,0.4,0.19999999999999996,0.4,None,P6361,0.46444781233608895,0.499353000000003,0.4458041179455665,0.16033400000000564,0.24081364616331236,,0.2315111111111027,0.9774350900081501
example/hyperparams_opt/Hela/unequal_param_set_5,0.4,0.19999999999999996,0.4,None,P6395,0.5411122333318309,0.5240729606423689,0.4458041179455665,0.03407854537892396,,,0.2315111111111027,0.9992373246934725
example/hyperparams_opt/Hela/unequal_param_set_5,0.4,0.19999999999999996,0.4,None,P6524,0.7811150754990887,0.6419825377495489,0.5777773584996986,0.2782650754990793,0.3317480754990907,,0.2315111111111027,0.9723038537893952
example/hyperparams_opt/Hela/unequal_param_set_5,0.4,0.19999999999999996,0.4,None,P6704,0.7061148925630818,0.6854711138197039,0.6618712559694905,0.04128755748675572,0.09144335229401834,,0.2315111111111027,0.9985431855575183
example/hyperparams_opt/Hela/unequal_param_set_5,0.4,0.19999999999999996,0.4,None,P6737,0.6868174577644778,0.6854711138197039,0.6618712559694905,0.04128755748675572,0.09144335229401834,,0.2315111111111027,0.9985431855575183
example/hyperparams_opt/Hela/unequal_param_set_5,0.4,0.19999999999999996,0.4,None,P6747,0.699907411748681,0.6618887513585741,0.6424232361971627,0.07603732078021386,0.15344319645950144,0.13443386626444798,0.1251572936501002,0.99654356067582
example/hyperparams_opt/Hela/unequal_param_set_5,0.4,0.19999999999999996,0.4,None,P6819,0.38983438269335247,0.6618887513585741,0.6424232361971627,0.07603732078021386,0.15344319645950144,0.13443386626444798,0.1251572936501002,0.99654356067582
example/hyperparams_opt/Hela/unequal_param_set_5,0.4,0.19999999999999996,0.4,None,P6847,0.6381016659852055,0.6339819177860184,0.6424232361971627,0.008239496398374069,,0.13443386626444798,0.1251572936501002,0.9999695396280321
example/hyperparams_opt/Hela/unequal_param_set_5,0.4,0.19999999999999996,0.4,None,P6851,0.7400820078258785,0.7305900175316212,0.7203591180674493,0.018983980588514582,0.04018468868677305,,0.1251572936501002,0.9997635624114829
example/hyperparams_opt/Hela/unequal_param_set_5,0.4,0.19999999999999996,0.4,None,P7022,0.3807351111111245,0.7305900175316212,0.7203591180674493,0.018983980588514582,0.04018468868677305,,0.1251572936501002,0.9997635624114829
example/hyperparams_opt/Hela/unequal_param_set_5,0.4,0.19999999999999996,0.4,None,P7035,0.48165200000001496,0.7305900175316212,0.7203591180674493,0.018983980588514582,0.04018468868677305,,0.1251572936501002,0.9997635624114829
example/hyperparams_opt/Hela/unequal_param_set_5,0.4,0.19999999999999996,0.4,None,P7047,0.7419164936186424,0.6991781202139783,0.6793141624124249,0.08547674680932826,0.16643780691632049,0.14506862021398848,0.13363141241243304,0.9963824720853997
example/hyperparams_opt/Hela/unequal_param_set_5,0.4,0.19999999999999996,0.4,None,P7205,0.5216095919348088,0.5169068079993706,0.4986932053329125,0.009405567870876319,0.05934359193481259,,0.13363141241243304,0.9987441731183366
example/hyperparams_opt/Hela/unequal_param_set_5,0.4,0.19999999999999996,0.4,None,P7250,0.5784729999999965,0.5169068079993706,0.4986932053329125,0.009405567870876319,0.05934359193481259,,0.13363141241243304,0.9987441731183366
example/hyperparams_opt/Hela/unequal_param_set_5,0.4,0.19999999999999996,0.4,None,P7261,0.698270412698375,0.5169068079993706,0.4986932053329125,0.009405567870876319,0.05934359193481259,,0.13363141241243304,0.9987441731183366
example/hyperparams_opt/Hela/unequal_param_set_5,0.4,0.19999999999999996,0.4,None,P7268,0.7759103884390962,0.7568792853424411,0.6927553185381558,0.03806220619331013,0.21140300350951136,,0.13363141241243304,0.9917138187632046
example/hyperparams_opt/Hela/unequal_param_set_5,0.4,0.19999999999999996,0.4,None,P7316,0.5838339999999982,0.5693777499999999,0.5549215000000016,0.028912499999996566,0.08274687499999511,0.07659791666666432,0.07713749999999842,0.9984133217825492
example/hyperparams_opt/Hela/unequal_param_set_5,0.4,0.19999999999999996,0.4,None,P7378,0.524067249999994,0.5186379583333263,0.5145718888888817,0.010858583333335559,0.050470062500003854,0.05598829166667013,0.05569088888889284,0.9991445072854408
example/hyperparams_opt/Hela/unequal_param_set_5,0.4,0.19999999999999996,0.4,None,P7522,0.5338029950211951,0.5155720619876774,0.49304715243622743,0.03646186606703561,0.08580566168786746,,0.05569088888889284,0.997672409745146
example/hyperparams_opt/Hela/unequal_param_set_5,0.4,0.19999999999999996,0.4,None,P7674,0.4947890000000072,0.4922358333333338,0.48610588888888984,0.0051063333333467575,0.03897595833334477,0.042433777777784565,0.04042263888889408,0.9995032590355841
example/hyperparams_opt/Hela/unequal_param_set_5,0.4,0.19999999999999996,0.4,None,P7684,0.7125150086757964,0.6923871689849761,0.6814683044569142,0.04025567938164054,0.05288443327500614,,0.04042263888889408,0.999504490306659
example/hyperparams_opt/Hela/unequal_param_set_5,0.4,0.19999999999999996,0.4,None,P7718,0.56977558486371,0.5615354386477867,0.5521712476117983,0.016480292431846788,0.07684252709379918,0.08210565013451276,0.08229337261179415,0.9983759327819701
example/hyperparams_opt/Hela/unequal_param_set_5,0.4,0.19999999999999996,0.4,None,P7777,0.600187531346261,0.5704044069881737,0.5336646046587824,0.05956624871617455,0.14000253134626112,,0.08229337261179415,0.9946913243303579
example/hyperparams_opt/Hela/unequal_param_set_5,0.4,0.19999999999999996,0.4,None,P7855,0.7359921882141937,0.6978178235118269,0.676700080376913,0.07634872940473358,0.1863369563541012,0.17643237906739861,0.1610904137102589,0.994610054759472
example/hyperparams_opt/Hela/unequal_param_set_5,0.4,0.19999999999999996,0.4,None,P7884,0.5794948571428654,0.5777556507936609,0.5729510399230507,0.0034784126984090946,0.01615303896103515,,0.1610904137102589,0.9999330378877473
example/hyperparams_opt/Hela/unequal_param_set_5,0.4,0.19999999999999996,0.4,None,P7988,0.7533273552433447,0.5777556507936609,0.5729510399230507,0.0034784126984090946,0.01615303896103515,,0.1610904137102589,0.9999330378877473
example/hyperparams_opt/Hela/unequal_param_set_5,0.4,0.19999999999999996,0.4,None,P8076,0.473733736190821,0.4631971507389929,0.4595104338259954,0.021073170903656124,0.021596736190820698,,0.1610904137102589,0.9997829743255134
example/hyperparams_opt/Hela/unequal_param_set_5,0.4,0.19999999999999996,0.4,None,P8170,0.4730045937292191,0.47159603902612784,0.45802952601742136,0.0028171094061825164,0.042108093729210705,,0.1610904137102589,0.999190412334123
example/hyperparams_opt/Hela/unequal_param_set_5,0.4,0.19999999999999996,0.4,None,P8283,0.6177391698980803,0.6076968080335001,0.5900317622032585,0.02008472372916048,0.06303749935530523,,0.1610904137102589,0.9990902433042436
example/hyperparams_opt/Hela/unequal_param_set_5,0.4,0.19999999999999996,0.4,None,P8387,0.7655216016184162,0.729569651416116,0.7107603394231855,0.07190390040460048,0.21732680275904726,0.22302382474939897,0.22763164525648555,0.9908129902810761
example/hyperparams_opt/Hela/unequal_param_set_5,0.4,0.19999999999999996,0.4,None,P8461,0.883776073766174,0.8240591308506116,0.7110717539004052,0.1194338858311248,0.3986790737661814,,0.22763164525648555,0.973602488898482
example/hyperparams_opt/Hela/unequal_param_set_5,0.4,0.19999999999999996,0.4,None,P8516,0.5593680000000092,0.5534850909091013,0.549187575757586,0.011765818181815879,0.12388269221343684,0.15303552901185663,0.157597407949629,0.992978258872292
example/hyperparams_opt/Hela/unequal_param_set_5,0.4,0.19999999999999996,0.4,None,P8577,0.7824224073209505,0.7802371328685533,0.6914204955564814,0.00437054890479438,0.26863518638861317,,0.157597407949629,0.9841910607271013
example/hyperparams_opt/Hela/unequal_param_set_5,0.4,0.19999999999999996,0.4,None,P8767,0.4430158446167273,0.43833418014083153,0.4328100076934036,0.009363328951791483,0.02125418181817962,,0.157597407949629,0.9998160182710191
example/hyperparams_opt/Hela/unequal_param_set_5,0.4,0.19999999999999996,0.4,None,P8790,0.6887424544037789,0.6858277969712024,0.4328100076934036,0.005829314865152924,,,0.157597407949629,0.9999869716108986
example/hyperparams_opt/Hela/unequal_param_set_5,0.4,0.19999999999999996,0.4,None,P8895,0.7164739346783007,0.6858277969712024,0.4328100076934036,0.005829314865152924,,,0.157597407949629,0.9999869716108986
example/hyperparams_opt/Hela/unequal_param_set_5,0.4,0.19999999999999996,0.4,None,P8900,0.7300626789731653,0.7056834691015205,0.6951920680926927,0.04875841974328976,0.14255967603014819,0.14708255386917668,0.1515025777896476,0.9962624604423427
example/hyperparams_opt/Hela/unequal_param_set_5,0.4,0.19999999999999996,0.4,None,P8937,0.5245737523776772,0.5136301269813976,0.5081172513209348,0.021887250792559265,0.027482252377668215,,0.1515025777896476,0.9997532145462885
example/hyperparams_opt/Hela/unequal_param_set_5,0.4,0.19999999999999996,0.4,None,P9089,0.5809609999999998,0.5713844999999989,0.5668416666666666,0.019153000000002085,0.02320499999999792,,0.1515025777896476,0.9998554615288369
example/hyperparams_opt/Hela/unequal_param_set_5,0.4,0.19999999999999996,0.4,None,P9306,0.5925351156104968,0.5555357630087472,0.5132508420058342,0.07399870520349916,0.16385411561048868,,0.1515025777896476,0.9921713104978531
example/hyperparams_opt/Hela/unequal_param_set_5,0.4,0.19999999999999996,0.4,None,P9327,0.6146248004176526,0.6124718337853889,0.6100449782415677,0.0043059332645272175,0.06569125707776424,0.08229086505017968,0.10620274387395934,0.9977685257071632
example/hyperparams_opt/Hela/unequal_param_set_5,0.4,0.19999999999999996,0.4,None,P9344,0.8023851758391133,0.7733942871392347,0.7610452663588406,0.05798177739975696,0.08530714125470207,0.06273931595937066,0.059512275353372,0.9993029722086797
example/hyperparams_opt/Hela/unequal_param_set_5,0.4,0.19999999999999996,0.4,None,P9543,0.7224029726237825,0.7733942871392347,0.7610452663588406,0.05798177739975696,0.08530714125470207,0.06273931595937066,0.059512275353372,0.9993029722086797
example/hyperparams_opt/Hela/unequal_param_set_5,0.4,0.19999999999999996,0.4,None,P9549,0.6070609236468854,0.5983216927351609,0.595408615764586,0.01747846182344892,0.035926370397639906,0.030261790914947295,0.031046056733246563,0.9997991344243186
example/hyperparams_opt/Hela/unequal_param_set_5,0.4,0.19999999999999996,0.4,None,P9609,0.5940747749413692,0.5897273844667091,0.5871508991670998,0.00869478094932008,0.05080014336262495,0.059360518551010655,0.07903405234268313,0.9986470006118497
example/hyperparams_opt/Hela/unequal_param_set_5,0.4,0.19999999999999996,0.4,None,P9678,0.5780280000000025,0.573048500000004,0.5664466666666708,0.009958999999997165,0.049835266666661715,0.05320585555555091,0.05302049999999581,0.9993707571170198
example/hyperparams_opt/Hela/unequal_param_set_5,0.4,0.19999999999999996,0.4,None,P9715,0.5608245897945006,0.5539899068089309,0.5487457477190008,0.013669365971139213,0.022567160255360208,,0.05302049999999581,0.9998699760328699
example/hyperparams_opt/Hela/unequal_param_set_5,0.4,0.19999999999999996,0.4,None,P9738,0.5298882857142865,0.5071646984126994,0.49159115702780604,0.0454471746031741,0.08388061898430399,0.06596916752539589,0.058230906076751354,0.998570573009148
example/hyperparams_opt/Hela/unequal_param_set_5,0.4,0.19999999999999996,0.4,None,P9747,0.5350109999999993,0.5278279999999995,0.5210753333333306,0.014365999999999657,0.02744100000000671,,0.058230906076751354,0.9997895424859308
example/hyperparams_opt/Hela/unequal_param_set_5,0.4,0.19999999999999996,0.4,None,P9834,0.6648489843948306,0.6476638048368988,0.6198078605642059,0.034370359115863613,0.10075301237601064,,0.058230906076751354,0.9979087057210315
example/hyperparams_opt/Hela/unequal_param_set_5,0.4,0.19999999999999996,0.4,None,P9845,0.570481999999999,0.6476638048368988,0.6198078605642059,0.034370359115863613,0.10075301237601064,,0.058230906076751354,0.9979087057210315
example/hyperparams_opt/Hela/unequal_param_set_5,0.4,0.19999999999999996,0.4,None,P9957,0.6248754213842654,0.610620668179838,0.6021426886399571,0.028509506408854968,0.0948540135609689,0.0989877009355078,0.09712483048107423,0.9979956459586148
