feature_id,rt,mz_measured,mz_calculated,mz_error(ppm),mol_formula,smiles,adduct,primary_annotated_name,structure_annotated_name,rt_score,mz_score,spec_score,total_score,fragments_level,fragments_ms2_spectrum_level,datafile:neg_hela_LG1.mzML:area,datafile:neg_hela_LG5.mzML:area,datafile:neg_hela_HG3.mzML:area,datafile:neg_hela_HG6.mzML:area,datafile:neg_hela_LG2.mzML:area,datafile:neg_hela_LG3.mzML:area,datafile:neg_hela_LG6.mzML:area,datafile:neg_hela_S4.mzML:area,datafile:neg_hela_LG4.mzML:area,datafile:neg_hela_HG1.mzML:area,datafile:neg_hela_HG5.mzML:area,datafile:neg_hela_HG2.mzML:area,datafile:neg_hela_S2.mzML:area,datafile:neg_hela_S1.mzML:area,datafile:neg_hela_HG4.mzML:area,datafile:neg_hela_S3.mzML:area,datafile:neg_hela_S6.mzML:area,datafile:neg_hela_S5.mzML:area
1416,2.715,524.27758,524.27826,1.297021166016219,C27H44NO7P,CCC=CCC=CCC=CCC=CCC=CCC=CCCC(=O)OCC(O)COP(=O)(O)OCCN,[M-H]-,LPE 22:6,"LPE 22:6(4,7,10,13,16,19)",0.4300000000000003,0.5406983333333528,0.010085930705822607,0.010085930705822607,Some,Some,0.0,0.0,,0.0,0.0,0.0,0.0,12900.0,0.0,0.0,0.0,3630.0,20600.0,6070.0,0.0,20500.0,0.0,0.0
1517,3.508,478.29347,478.29391,0.9199364465442007,C23H46NO7P,CCCCCCC=CCCCCCCCCCC(=O)OCC(O)COP(=O)(O)OCCN,[M-H]-,LPE 18:1,LPE 18:1(11),0.19200000000000017,0.021939999999972315,0.0,0.0,Some,None,,,,0.0,,,,,,,,,,,,,,
1555,3.652,478.29343,478.29391,1.0035670326260862,C23H46NO7P,CCCCCCC=CCCCCCCCCCC(=O)OCC(O)COP(=O)(O)OCCN,[M-H]-,LPE 18:1,LPE 18:1(11),0.4800000000000004,0.02197999999998501,0.0,0.0,Some,None,,,,17300.0,,,,,,,,,,,,,,
1595,3.799,478.2933,478.29391,1.2753664373327906,C23H46NO7P,CCCCCCC=CCCCCCCCCCC(=O)OCC(O)COP(=O)(O)OCCN,[M-H]-,LPE 18:1,LPE 18:1(11),0.1819999999999995,0.9810500000000388,0.0016938539218968472,0.0016938539218968472,Some,Some,,,,,,,,,,,,,,,,,,0.0
1966,4.351,506.32458,506.32521,1.2442595935545429,C25H50NO7P,CCCCCCCCC=CCCCCCCCCCC(=O)OCC(O)COP(=O)(O)OCCN,[M-H]-,LPE 20:1,LPE 20:1(11),0.7140000000000004,0.9962300000000255,0.0018536309237303422,0.0018536309237303422,All,Some,,,,,,,,,,,,,,,,,,0.0
2172,4.573,464.31421,464.31465,0.9476332482059995,C23H48NO6P,CCCCCCCCC=CCCCCCCCCOCC(O)COP(=O)(O)OCCN,[M-H]-,LPE O-18:1,LPE O-18:1(9),0.7400000000000002,0.06527499999998554,0.00013755162162245452,0.00013755162162245452,All,Some,,0.0,0.0,0.0,0.0,,0.0,0.0,0.0,0.0,0.0,0.0,6330.0,0.0,0.0,0.0,5698.025632144094,4950.21582733813
2172,4.573,464.31421,464.31465,0.9476332482059995,C23H48NO6P,CCCCCCC=CCCCCCCCCCCOCC(O)COP(=O)(O)OCCN,[M-H]-,LPE O-18:1,LPE O-18:1(11),0.5399999999999991,0.4844349999999906,6.81096093614857e-05,6.81096093614857e-05,All,Some,,0.0,0.0,0.0,0.0,,0.0,0.0,0.0,0.0,0.0,0.0,0.0,0.0,0.0,0.0,620.9386906823693,539.7841726618705
2172,4.573,464.31421,464.31465,0.9476332482059995,C23H48NO6P,CCCCCCCCCCCC=CCCCCCOCC(O)COP(=O)(O)OCCN,[M-H]-,LPE O-18:1,LPE O-18:1(6),0.28199999999999914,0.1636299999999835,1.3906540946670516e-05,1.3906540946670516e-05,All,Some,,0.0,0.0,0.0,0.0,,0.0,0.0,0.0,0.0,0.0,0.0,0.0,0.0,0.0,0.0,711.0356771735366,0.0
2250,4.686,865.50242,865.50251,0.10398583361721911,C50H75O10P,CCC=CCC=CCC=CCC=CCC=CCC=CCCC(=O)OC(COC(=O)CCC=CCC=CCC=CCC=CCC=CCC=CCC)COP(=O)(O)OCC(O)CO,[M-H]-,PG 22:6_22:6,"PG 22:6(4,7,10,13,16,19)_22:6(4,7,10,13,16,19)",0.8848000000000003,0.8653460000000905,0.0,0.0,Some,None,,,,,,,,,,,0.0,0.0,0.0,13500.0,0.0,0.0,,0.0
2344,4.809,865.50239,865.50251,0.13864777820007668,C50H75O10P,CCC=CCC=CCC=CCC=CCC=CCC=CCCC(=O)OC(COC(=O)CCC=CCC=CCC=CCC=CCC=CCC=CCC)COP(=O)(O)OCC(O)CO,[M-H]-,PG 22:6_22:6,"PG 22:6(4,7,10,13,16,19)_22:6(4,7,10,13,16,19)",0.6184999999999996,0.8643475000000649,0.0,0.0,Some,Some,,,,,,,,,,,33500.0,46800.0,65400.0,52000.0,,67700.0,,60400.0
2361,4.872,717.47056,717.47121,0.9059596970646534,C38H71O10P,CCCCCCCCCC=CCCCCC(=O)OC(COC(=O)CCCCC=CCCCCCCCCC)COP(=O)(O)OCC(O)CO,[M-H]-,PG 16:1_16:1,PG 16:1(6)_16:1(6),0.5779999999999994,0.23002000000008138,0.0,0.0,Some,None,,,,,,,,,,0.0,,,,,,,,
2372,4.9,791.4867,791.48686,0.2021511765048119,C44H73O10P,CCC=CCC=CCC=CCC=CCC=CCC=CCCC(=O)OC(COC(=O)CCCCCC=CCCCCCCCC)COP(=O)(O)OCC(O)CO,[M-H]-,PG 16:1_22:6,"PG 16:1(7)_22:6(4,7,10,13,16,19)",0.33028571428571396,0.5409342857142292,0.0009139272684185814,0.0009139272684185814,Some,Some,,5133.333333333333,,0.0,4133.333333333333,2392.4496578690128,2387.5739644970413,7466.666666666668,3160.0000000000005,,0.0,16400.0,,,0.0,7357.901590549716,5166.666666666666,6199.866844207723
2372,4.9,791.4867,791.48686,0.2021511765048119,C44H73O10P,CCC=CCC=CCC=CCC=CCC=CCC=CCCC(=O)OC(COC(=O)CCCCC=CCCCCCCCCC)COP(=O)(O)OCC(O)CO,[M-H]-,PG 16:1_22:6,"PG 16:1(6)_22:6(4,7,10,13,16,19)",0.3022499999999997,0.5820249999999447,0.0007996863598662587,0.0007996863598662587,Some,Some,,5133.333333333333,,0.0,4133.333333333333,2392.4496578690128,2387.5739644970413,7466.666666666668,3160.0000000000005,,0.0,0.0,,,0.0,7357.901590549716,5166.666666666666,6199.866844207723
2372,4.9,791.4867,791.48686,0.2021511765048119,C44H73O10P,CCC=CCC=CCC=CCC=CCC=CCC=CCCC(=O)OC(COC(=O)CCCCCCCC=CCCCCCC)COP(=O)(O)OCC(O)CO,[M-H]-,PG 16:1_22:6,"PG 16:1(9)_22:6(4,7,10,13,16,19)",0.2907499999999996,0.5854887499999535,0.0007996863598662587,0.0007996863598662587,Some,Some,,5133.333333333333,,0.0,4133.333333333333,3725.100684261974,2874.8520710059174,7466.666666666668,3160.0000000000005,,0.0,0.0,,,0.0,9684.196818900567,5166.666666666666,7800.266311584553
2373,4.902,691.45454,691.45556,1.4751490320499336,C36H69O10P,CCCCCCCCCC=CCCCCC(=O)OC(COC(=O)CCCCCCCCCCCCC)COP(=O)(O)OCC(O)CO,[M-H]-,PG 14:0_16:1,PG 14:0_16:1(6),0.018000000000000682,0.8896799999998848,0.0,0.0,Some,None,,,,,,,,,,,,,,,,0.0,,
2420,4.99,717.47084,717.47121,0.5157001353253203,C38H71O10P,CCCCCCCCCC=CCCCCC(=O)OC(COC(=O)CCCCC=CCCCCCCCCC)COP(=O)(O)OCC(O)CO,[M-H]-,PG 16:1_16:1,PG 16:1(6)_16:1(6),0.34199999999999875,0.2297400000001062,0.0,0.0,Some,None,,,,,,,,,,0.0,,,,,,,,
2441,5.056,743.48637,743.48686,0.6590567047996305,C40H73O10P,CCCCCCCCC=CCC=CCCCCC(=O)OC(COC(=O)CCCCC=CCCCCCCCCC)COP(=O)(O)OCC(O)CO,[M-H]-,PG 16:1_18:2,"PG 16:1(6)_18:2(6,9)",0.3804999999999996,0.7491424999999765,0.0,0.0,Some,None,,0.0,,,3090.0,,0.0,,,0.0,,,,,,,0.0,0.0
2466,5.097,865.50214,865.50251,0.42749731595271107,C50H75O10P,CCC=CCC=CCC=CCC=CCC=CCC=CCCC(=O)OC(COC(=O)CCC=CCC=CCC=CCC=CCC=CCC=CCC)COP(=O)(O)OCC(O)CO,[M-H]-,PG 22:6_22:6,"PG 22:6(4,7,10,13,16,19)_22:6(4,7,10,13,16,19)",0.30622222222222206,0.7272344444444975,4.7332647488395135e-05,4.7332647488395135e-05,Some,Some,,0.0,,0.0,0.0,0.0,0.0,0.0,0.0,,0.0,0.0,0.0,0.0,0.0,0.0,,0.0
2566,5.173,743.48668,743.48686,0.2421024629813781,C40H73O10P,CCCCCCCCC=CCC=CCCCCC(=O)OC(COC(=O)CCCCC=CCCCCCCCCC)COP(=O)(O)OCC(O)CO,[M-H]-,PG 16:1_18:2,"PG 16:1(6)_18:2(6,9)",0.641,0.8858749999999986,0.0,0.0,Some,None,,,,0.0,23100.0,,,,,,0.0,,,0.0,,,,
2571,5.187,791.48632,791.48686,0.6822602209730596,C44H73O10P,CCC=CCC=CCC=CCC=CCC=CCC=CCCC(=O)OC(COC(=O)CCCCC=CCCCCCCCCC)COP(=O)(O)OCC(O)CO,[M-H]-,PG 16:1_22:6,"PG 16:1(6)_22:6(4,7,10,13,16,19)",0.5425714285714286,0.49506285714283293,0.033033014250069735,0.033033014250069735,Some,Some,,0.0,0.0,0.0,0.0,0.0,0.0,0.0,0.0,5800.000000000001,0.0,0.0,0.0,0.0,0.0,0.0,0.0,0.0
2571,5.187,791.48632,791.48686,0.6822602209730596,C44H73O10P,CCC=CCC=CCC=CCC=CCC=CCC=CCCC(=O)OC(COC(=O)CCCCCCCC=CCCCCCC)COP(=O)(O)OCC(O)CO,[M-H]-,PG 16:1_22:6,"PG 16:1(9)_22:6(4,7,10,13,16,19)",0.4985714285714286,0.5030842857142618,0.033033014250069735,0.033033014250069735,Some,Some,,0.0,0.0,0.0,0.0,0.0,0.0,0.0,0.0,5800.000000000001,0.0,0.0,0.0,0.0,0.0,0.0,0.0,0.0
2571,5.187,791.48632,791.48686,0.6822602209730596,C44H73O10P,CCC=CCC=CCC=CCC=CCC=CCC=CCCC(=O)OC(COC(=O)CCCCCC=CCCCCCCCC)COP(=O)(O)OCC(O)CO,[M-H]-,PG 16:1_22:6,"PG 16:1(7)_22:6(4,7,10,13,16,19)",0.4292499999999999,0.4413412499999936,0.028907776900607546,0.028907776900607546,Some,Some,,0.0,0.0,0.0,0.0,0.0,0.0,0.0,0.0,5800.000000000001,0.0,0.0,0.0,0.0,0.0,0.0,0.0,0.0
2590,5.232,805.48735,805.48725,0.12414845793635834,C41H75O13P,CCCCCCCCC=CCCCCCCCC(=O)OC(COC(=O)CCCCC=CCCCCCCC)COP(=O)(O)OC1C(O)C(O)C(O)C(O)C1O,[M-H]-,PI 14:1_18:1,PI 14:1(6)_18:1(9),0.18666666666666684,0.6495333333333141,4.1835537773566146e-08,4.1835537773566146e-08,Some,Some,,7540.0,173.436394207845,0.0,5260.0,7439.999999999999,0.0,2961.253012048193,8059.999999999999,,660.1832884097034,2705.3553247811037,3484.0900013313812,3839.151633349585,1969.0132370637787,3699.8839978020633,4742.23442309292,4157.454545454546
2590,5.232,805.48735,805.48725,0.12414845793635834,C41H75O13P,CCCCCCCCC=CCCCCCCCC(=O)OC(COC(=O)CCCC=CCCCCCCCC)COP(=O)(O)OC1C(O)C(O)C(O)C(O)C1O,[M-H]-,PI 14:1_18:1,PI 14:1(5)_18:1(9),0.258,0.5172799999999711,4.102811404938184e-08,4.102811404938184e-08,All,Some,,7540.0,179.09865234522047,0.0,5260.0,7439.999999999999,8055.524344569288,2636.3855421686744,8059.999999999999,,715.8382749326145,2832.447566687029,3484.0900013313812,3498.7810823988298,1869.7954271961494,3364.552170462177,4297.978537559271,4300.168831168832
2590,5.232,805.48735,805.48725,0.12414845793635834,C41H75O13P,CCCCCCC=CCCCCCCCCCC(=O)OC(COC(=O)CCCC=CCCCCCCCC)COP(=O)(O)OC1C(O)C(O)C(O)C(O)C1O,[M-H]-,PI 14:1_18:1,PI 14:1(5)_18:1(11),0.20533333333333323,0.34806666666664415,2.7352076032921226e-08,2.7352076032921226e-08,Some,Some,,7540.0,173.436394207845,0.0,5260.0,7439.999999999999,0.0,2636.3855421686744,8059.999999999999,,660.1832884097034,2705.3553247811037,3484.0900013313812,3498.7810823988298,1869.7954271961494,3364.552170462177,4297.978537559271,4157.454545454546
2590,5.232,805.48735,805.48725,0.12414845793635834,C41H75O13P,CCCCCCCCC=CCCCCCCCC(=O)OC(COC(=O)CCCCCCCC=CCCCC)COP(=O)(O)OC1C(O)C(O)C(O)C(O)C1O,[M-H]-,PI 14:1_18:1,PI 14:1(9)_18:1(9),0.2046666666666669,0.6729233333333392,2.7352076032921226e-08,2.7352076032921226e-08,Some,Some,,0.0,10.444249253394235,0.0,0.0,0.0,7077.808988764044,324.86746987951807,0.0,,30.706199460916444,0.0,0.0,513.4080936128718,229.7352587244284,335.33182733988633,556.6342234423092,0.0
2590,5.232,805.48735,805.48725,0.12414845793635834,C41H75O13P,CCCCCCCCCCCC=CCCCCC(=O)OC(COC(=O)CCCC=CCCCCCCCC)COP(=O)(O)OC1C(O)C(O)C(O)C(O)C1O,[M-H]-,PI 14:1_18:1,PI 14:1(5)_18:1(6),0.1629999999999998,0.47742500000001087,2.7073511503247153e-08,2.7073511503247153e-08,All,Some,,0.0,16.106507390769696,0.0,0.0,0.0,15133.333333333332,0.0,0.0,,86.3611859838275,127.09224190592546,0.0,173.03754266211604,130.51744885679904,0.0,112.37833790865984,142.71428571428572
2590,5.232,805.48735,805.48725,0.12414845793635834,C41H75O13P,CCCCCCCCCCCC=CCCCCC(=O)OC(COC(=O)CCCCC=CCCCCCCC)COP(=O)(O)OC1C(O)C(O)C(O)C(O)C1O,[M-H]-,PI 14:1_18:1,PI 14:1(6)_18:1(6),0.05999999999999991,0.5963933333333671,2.3229401045386564e-08,2.3229401045386564e-08,Some,Some,,7540.0,183.88064346123926,0.0,5260.0,7439.999999999999,7077.808988764044,2636.3855421686744,8059.999999999999,,690.8894878706199,2705.3553247811037,3484.0900013313812,3671.8186250609456,2000.3128760529485,3364.552170462177,4410.356875467931,4157.454545454546
2590,5.232,805.48735,805.48725,0.12414845793635834,C41H75O13P,CCCCCCC=CCCCCCCCCCC(=O)OC(COC(=O)CCCCC=CCCCCCCC)COP(=O)(O)OC1C(O)C(O)C(O)C(O)C1O,[M-H]-,PI 14:1_18:1,PI 14:1(6)_18:1(11),0.07200000000000006,0.46183999999999514,2.1725192610967382e-08,2.1725192610967382e-08,Some,Some,,0.0,21.911511531608404,0.0,0.0,0.0,8055.524344569288,434.1686746987952,0.0,,55.65498652291105,473.0655670942781,439.7749966715485,403.1204290589956,130.51744885679904,453.28774650467057,492.2302637051826,635.0064935064934
2590,5.232,805.48735,805.48725,0.12414845793635834,C41H75O13P,CCCCCCCCCCCC=CCCCCC(=O)OC(COC(=O)CCCCCCCC=CCCCC)COP(=O)(O)OC1C(O)C(O)C(O)C(O)C1O,[M-H]-,PI 14:1_18:1,PI 14:1(9)_18:1(6),0.078,0.6197833333333923,8.745939304741642e-09,8.745939304741642e-09,Some,Some,,7540.0,189.68564760207795,0.0,5260.0,7439.999999999999,0.0,3070.55421686747,8059.999999999999,,660.1832884097034,3051.3286499694564,3923.864998002929,3901.901511457825,2000.3128760529485,3817.8399169668473,4790.208801264454,4649.746753246753
2592,5.247,717.4704,717.47121,1.1289651608477915,C38H71O10P,CCCCCCCCCC=CCCCCC(=O)OC(COC(=O)CCCCC=CCCCCCCCCC)COP(=O)(O)OCC(O)CO,[M-H]-,PG 16:1_16:1,PG 16:1(6)_16:1(6),0.4660000000000002,0.874210000000005,0.0,0.0,All,None,,,0.0,5680.0,,,,,,,4900.0,,,0.0,,,,0.0
2601,5.264,855.50336,855.5029,0.5376954304762344,C45H77O13P,CCC=CCC=CCC=CCC=CCCCCCCC(=O)OC(COC(=O)CCCCC=CCCCCCCCCC)COP(=O)(O)OC1C(O)C(O)C(O)C(O)C1O,[M-H]-,PI 16:1_20:4,"PI 16:1(6)_20:4(8,11,14,17)",0.4042857142857145,0.42747571428571973,0.00013800277662413452,0.00013800277662413452,Some,Some,0.0,4677.66382283536,6928.2464972402495,6138.0,4800.0,3768.018567777604,6545.2305561052835,10592.959402801922,5802.813712807246,0.0,5309.362279511534,11871.123363197792,14569.71904785668,13127.695682768328,8450.436161776368,11787.63963963964,15021.428230236445,14190.87989723828
2601,5.264,855.50336,855.5029,0.5376954304762344,C45H77O13P,CCC=CCC=CCC=CCC=CCCCCCCC(=O)OC(COC(=O)CCCCCC=CCCCCCCCC)COP(=O)(O)OC1C(O)C(O)C(O)C(O)C1O,[M-H]-,PI 16:1_20:4,"PI 16:1(7)_20:4(8,11,14,17)",0.4666666666666668,0.5182516666666667,0.00012234772958222677,0.00012234772958222677,Some,Some,0.0,2646.487565801416,529.8780857645419,0.0,2400.0,1626.1054608042562,2834.860478923412,1855.946415788935,2429.1720569210875,0.0,423.3378561736772,1647.139903514817,2401.916263286591,3139.765718779751,910.7057890563044,2223.459459459459,2684.3276809171243,3141.7308927424533
2601,5.264,855.50336,855.5029,0.5376954304762344,C45H77O13P,CCCCCC=CCC=CCC=CCC=CCCCC(=O)OC(COC(=O)CCCCC=CCCCCCCCCC)COP(=O)(O)OC1C(O)C(O)C(O)C(O)C1O,[M-H]-,PI 16:1_20:4,"PI 16:1(6)_20:4(5,8,11,14)",0.36555555555555547,0.5130666666666457,0.00010218853457733115,0.00010218853457733115,All,Some,0.0,2147.395171537484,4453.8727482258755,4224.000000000001,2400.0,1935.1786366244198,3449.5250346328908,6861.192350956129,2894.3725743855116,0.0,3711.261872455903,7124.396967608544,9060.56190428664,8562.837865805704,5567.01030927835,8412.324324324325,9367.165034631002,8444.572896596019
2601,5.264,855.50336,855.5029,0.5376954304762344,C45H77O13P,CCCCCC=CCC=CCC=CCC=CCCCC(=O)OC(COC(=O)CCCCCC=CCCCCCCCC)COP(=O)(O)OC1C(O)C(O)C(O)C(O)C1O,[M-H]-,PI 16:1_20:4,"PI 16:1(7)_20:4(5,8,11,14)",0.41885714285714265,0.5367714285714068,9.82519646171999e-05,9.82519646171999e-05,Some,Some,0.0,499.0923942639318,529.8780857645419,0.0,0.0,129.59474260679085,286.67128438551356,0.0,0.0,0.0,423.3378561736772,0.0,0.0,1716.4286601266608,910.7057890563044,1581.4414414414412,329.992834965369,0.0
2601,5.264,855.50336,855.5029,0.5376954304762344,C45H77O13P,CCC=CCC=CCC=CCC=CCCCCCCC(=O)OC(COC(=O)CCCCCCCC=CCCCCCC)COP(=O)(O)OC1C(O)C(O)C(O)C(O)C1O,[M-H]-,PI 16:1_20:4,"PI 16:1(9)_20:4(8,11,14,17)",0.45850000000000035,0.40558375000000524,6.327137884636893e-05,6.327137884636893e-05,Some,Some,0.0,2530.268651297876,6928.2464972402495,6138.0,2400.0,2271.507849580139,3997.041361567386,9663.457408732998,3373.6416558861583,0.0,5309.362279511534,11040.661612680908,12167.802784570089,12920.601018254067,8450.436161776368,12429.657657657659,12667.093384284692,12085.982658959538
2601,5.264,855.50336,855.5029,0.5376954304762344,C45H77O13P,CCCCCC=CCC=CCC=CCC=CCCCC(=O)OC(COC(=O)CCCCCCCC=CCCCCCC)COP(=O)(O)OC1C(O)C(O)C(O)C(O)C1O,[M-H]-,PI 16:1_20:4,"PI 16:1(9)_20:4(5,8,11,14)",0.4128,0.4869939999999815,4.598484055979902e-05,4.598484055979902e-05,All,Some,0.0,499.0923942639318,529.8780857645419,0.0,0.0,129.59474260679085,286.67128438551356,926.4444217200121,0.0,0.0,423.3378561736772,816.6781529979323,0.0,2932.6710542654905,910.7057890563044,2865.4774774774774,329.992834965369,1036.8336544637123
2625,5.302,691.45514,691.45556,0.607414307237306,C36H69O10P,CCCCCCCCCC=CCCCCC(=O)OC(COC(=O)CCCCCCCCCCCCC)COP(=O)(O)OCC(O)CO,[M-H]-,PG 14:0_16:1,PG 14:0_16:1(6),0.8179999999999996,0.8902799999999615,0.0,0.0,Some,None,,,,,,,,,,,,,,,,16700.0,,
2636,5.33,769.50191,769.50251,0.7797245522652828,C42H75O10P,CCCCCCCCC=CCC=CCCCCC(=O)OC(COC(=O)CCCCC=CCC=CCCCCCCCC)COP(=O)(O)OCC(O)CO,[M-H]-,PG 18:2_18:2,"PG 18:2(6,9)_18:2(6,9)",0.2940000000000005,0.23748999999997977,0.0,0.0,Some,None,,,,0.0,30800.0,,,,31600.0,,,,,,,,,
2650,5.348,492.34547,492.34595,0.9749242378020408,C25H52NO6P,CCCCCCC=CCCCCCCCCCCCCOCC(O)COP(=O)(O)OCCN,[M-H]-,LPE O-20:1,LPE O-20:1(13),0.38700000000000045,0.5378949999999918,3.2216585571766296e-06,3.2216585571766296e-06,All,Some,0.0,,,,,,,,,0.0,,,,,,,,0.0
2650,5.348,492.34547,492.34595,0.9749242378020408,C25H52NO6P,CCCCCCCCC=CCCCCCCCCCCOCC(O)COP(=O)(O)OCCN,[M-H]-,LPE O-20:1,LPE O-20:1(11),0.8759999999999994,0.07169000000004644,1.8744455083186546e-06,1.8744455083186546e-06,All,Some,0.0,,,,,,,,,0.0,,,,,,,,22500.0
2697,5.393,793.50242,793.50251,0.1134211913206746,C44H75O10P,CCC=CCC=CCC=CCC=CCC=CCC=CCCC(=O)OC(COC(=O)CCCCCCCCCCCCCCC)COP(=O)(O)OCC(O)CO,[M-H]-,PG 16:0_22:6,"PG 16:0_22:6(4,7,10,13,16,19)",0.47566666666666685,0.6503916666666972,0.006900145761409335,0.006900145761409335,Some,Some,,3190.0,14300.0,0.0,0.0,0.0,0.0,28700.0,0.0,,0.0,15800.0,33600.0,29100.0,9880.0,31100.0,27200.0,27700.0
2698,5.394,855.50302,855.5029,0.14026837318504665,C45H77O13P,CCC=CCC=CCC=CCC=CCCCCCCC(=O)OC(COC(=O)CCCCCCCC=CCCCCCC)COP(=O)(O)OC1C(O)C(O)C(O)C(O)C1O,[M-H]-,PI 16:1_20:4,"PI 16:1(9)_20:4(8,11,14,17)",0.15622222222222248,0.5618433333333365,0.00013085079141942724,0.00013085079141942724,All,Some,0.0,3958.4386408312275,1979.310344827586,688.0994594594595,3079.7758532857874,4588.251851355426,0.0,4007.74794562048,3668.372601029802,0.0,953.8522479698951,0.0,3905.5512873197663,4414.9058210226,1895.2490715840697,3218.5824874023224,5008.288113918364,0.0
2698,5.394,855.50302,855.5029,0.14026837318504665,C45H77O13P,CCC=CCC=CCC=CCC=CCCCCCCC(=O)OC(COC(=O)CCCCC=CCCCCCCCCC)COP(=O)(O)OC1C(O)C(O)C(O)C(O)C1O,[M-H]-,PI 16:1_20:4,"PI 16:1(6)_20:4(8,11,14,17)",0.24644444444444463,0.5637277777777854,0.00012677962508278795,0.00012677962508278795,All,Some,0.0,3228.5562732066523,4489.6551724137935,3576.9945945945947,3449.617931737137,3143.450725463258,0.0,7342.787897148482,3136.526759244812,0.0,3639.2156862745096,0.0,7307.259375725847,9855.112252976234,6995.133819951338,9196.87066384284,9029.986520582035,0.0
2698,5.394,855.50302,855.5029,0.14026837318504665,C45H77O13P,CCCCCC=CCC=CCC=CCC=CCCCC(=O)OC(COC(=O)CCCCCCCC=CCCCCCC)COP(=O)(O)OC1C(O)C(O)C(O)C(O)C1O,[M-H]-,PI 16:1_20:4,"PI 16:1(9)_20:4(5,8,11,14)",0.33100000000000007,0.46342199999998,0.00012655053883470113,0.00012655053883470113,All,Some,0.0,1817.2173858778744,1272.4137931034481,473.5308108108108,1539.8879266428937,2231.850015078913,0.0,2413.360093914492,1829.73942892807,0.0,666.745890275302,0.0,2428.7694974003466,2616.3397911780967,1248.5593545908569,2296.96195136201,2902.367538796531,0.0
2698,5.394,855.50302,855.5029,0.14026837318504665,C45H77O13P,CCC=CCC=CCC=CCC=CCCCCCCC(=O)OC(COC(=O)CCCCCC=CCCCCCCCC)COP(=O)(O)OC1C(O)C(O)C(O)C(O)C1O,[M-H]-,PI 16:1_20:4,"PI 16:1(7)_20:4(8,11,14,17)",0.2913333333333332,0.5446383333333529,0.00012623944423371014,0.00012623944423371014,Some,Some,0.0,268.0894879715436,0.0,0.0,0.0,0.0,0.0,0.0,0.0,0.0,0.0,0.0,0.0,329.2544848910332,1021.2575233704702,431.8082231797269,0.0,0.0
2698,5.394,855.50302,855.5029,0.14026837318504665,C45H77O13P,CCCCCC=CCC=CCC=CCC=CCCCC(=O)OC(COC(=O)CCCCC=CCCCCCCCCC)COP(=O)(O)OC1C(O)C(O)C(O)C(O)C1O,[M-H]-,PI 16:1_20:4,"PI 16:1(6)_20:4(5,8,11,14)",0.4122,0.46511799999998404,0.00012288648913172577,0.00012288648913172577,All,Some,0.0,3728.7902898686384,3624.137931034482,2086.2400000000002,2380.4381049414164,4590.624266997285,0.0,5650.53205589427,3548.6035262911532,0.0,2427.411368587839,0.0,5778.355875573979,6622.090608989201,4369.9577410679985,7088.744248886293,6818.829710019701,0.0
2698,5.394,855.50302,855.5029,0.14026837318504665,C45H77O13P,CCCCCC=CCC=CCC=CCC=CCCCC(=O)OC(COC(=O)CCCCCC=CCCCCCCCC)COP(=O)(O)OC1C(O)C(O)C(O)C(O)C1O,[M-H]-,PI 16:1_20:4,"PI 16:1(7)_20:4(5,8,11,14)",0.4651428571428569,0.5367228571428281,9.82519646171999e-05,9.82519646171999e-05,Some,Some,0.0,2998.9079222440637,6134.48275862069,4975.135135135135,2750.280183392766,3145.823141105117,0.0,8985.572007422274,3016.7576845061635,0.0,5112.774806892454,0.0,9180.06396398006,12062.297040942838,9469.842489435268,13067.03242532681,10840.528116683374,0.0
2708,5.395,719.48229,719.48686,6.351749078425463,C38H73O10P,CCCCCCC=CCCCCCCCCCC(=O)OC(COC(=O)CCCCCCCCCCCCC)COP(=O)(O)OCC(O)CO,[M-H]-,PG 14:0_18:1,PG 14:0_18:1(11),1.0,0.06698000000005777,0.0,0.0,Some,None,,0.0,,,,,,,,,,0.0,,0.0,0.0,,0.0,
2716,5.402,717.47088,717.47121,0.45994876933992207,C38H71O10P,CCCCCCCCCC=CCCCCC(=O)OC(COC(=O)CCCCC=CCCCCCCCCC)COP(=O)(O)OCC(O)CO,[M-H]-,PG 16:1_16:1,PG 16:1(6)_16:1(6),0.6680000000000001,0.87468999999993,0.0,0.0,All,None,,,45500.0,42200.0,,,,,,,36600.0,,,69200.0,,,,84000.0
2732,5.414,743.48616,743.48686,0.9415095781759647,C40H73O10P,CCCCCCCCC=CCC=CCCCCC(=O)OC(COC(=O)CCCCC=CCCCCCCCCC)COP(=O)(O)OCC(O)CO,[M-H]-,PG 16:1_18:2,"PG 16:1(6)_18:2(6,9)",0.6110000000000002,0.8690925000000789,0.0,0.0,Some,None,,0.0,5280.0,0.0,4970.0,,0.0,,,,0.0,,,4890.0,,,,0.0
2770,5.461,831.50423,831.5029,1.5995133631556522,C43H77O13P,CCCCCCCCC=CCC=CCCCCC(=O)OC(COC(=O)CCCCCCCC=CCCCCCC)COP(=O)(O)OC1C(O)C(O)C(O)C(O)C1O,[M-H]-,PI 16:1_18:2,"PI 16:1(9)_18:2(6,9)",0.6685000000000008,0.5245150000000365,4.5296872978514755e-05,4.5296872978514755e-05,All,Some,0.0,10216.235011990408,0.0,0.0,7490.539165818922,10273.422271376234,12354.161421882083,6246.239921013657,11333.216579100994,,0.0,3004.0073947667793,6289.408130240769,8055.583340911157,1892.9970863056362,6765.420838703282,8219.56500440874,6266.954643628508
2770,5.461,831.50423,831.5029,1.5995133631556522,C43H77O13P,CCCCCC=CCC=CCCCCCCCC(=O)OC(COC(=O)CCCCCCCC=CCCCCCC)COP(=O)(O)OC1C(O)C(O)C(O)C(O)C1O,[M-H]-,PI 16:1_18:2,"PI 16:1(9)_18:2(9,12)",0.4119999999999999,0.11714250000002835,4.273734910132358e-05,4.273734910132358e-05,All,Some,0.0,6371.630695443645,0.0,0.0,3449.0335707019326,5396.225893412594,7033.281305070238,569.4915254237287,6215.248102743724,,0.0,272.90386803185436,772.7651645172363,773.0062744384832,0.0,851.1946069197978,954.8839032036836,943.4125269978401
2770,5.461,831.50423,831.5029,1.5995133631556522,C43H77O13P,CCCCCCCCC=CCC=CCCCCC(=O)OC(COC(=O)CCCCCC=CCCCCCCCC)COP(=O)(O)OC1C(O)C(O)C(O)C(O)C1O,[M-H]-,PI 16:1_18:2,"PI 16:1(7)_18:2(6,9)",0.7810000000000006,0.5155349999999999,4.719802565407546e-06,4.719802565407546e-06,Some,Some,0.0,4445.323741007193,0.0,0.0,2369.888097660224,4456.929563834934,6258.395851165601,1825.3743623498438,5418.318739054291,,0.0,1007.3009101251423,2198.25430294709,2295.4669455305993,464.4931176529689,2041.290770298404,2439.2083864014894,2122.67818574514
2770,5.461,831.50423,831.5029,1.5995133631556522,C43H77O13P,CCCCCC=CCC=CCCCCCCCC(=O)OC(COC(=O)CCCCCC=CCCCCCCCC)COP(=O)(O)OC1C(O)C(O)C(O)C(O)C1O,[M-H]-,PI 16:1_18:2,"PI 16:1(7)_18:2(9,12)",0.48666666666666697,0.1422699999999774,3.066419473374659e-06,3.066419473374659e-06,Some,Some,0.0,11291.52278177458,0.0,0.0,7490.539165818922,9241.66724269026,11357.33346759982,4503.011354286655,10340.05837711617,,0.0,2241.3907849829347,4614.083263865053,5853.482768027644,1328.0166783884254,5051.997620699911,6202.018222788282,5087.688984881209
2770,5.461,831.50423,831.5029,1.5995133631556522,C43H77O13P,CCCCCCCCC=CCC=CCCCCC(=O)OC(COC(=O)CCCCC=CCCCCCCCCC)COP(=O)(O)OC1C(O)C(O)C(O)C(O)C1O,[M-H]-,PI 16:1_18:2,"PI 16:1(6)_18:2(6,9)",0.6736000000000004,0.5769039999999904,2.0476191017529376e-06,2.0476191017529376e-06,All,Some,0.0,1075.2877697841725,0.0,0.0,0.0,1031.7550286859748,996.8279542822618,1255.882836926115,993.1582019848221,,0.0,734.3970420932877,1425.4891384298537,1522.4606710921162,464.4931176529689,1190.0961633786064,1484.3244831978054,1179.2656587473002
2789,5.48,881.51875,881.51855,0.22688121531849317,C47H79O13P,CCC=CCC=CCC=CCC=CCC=CCC=CCCC(=O)OC(COC(=O)CCCCCCCCCCCCCCC)COP(=O)(O)OC1C(O)C(O)C(O)C(O)C1O,[M-H]-,PI 16:0_22:6,"PI 16:0_22:6(4,7,10,13,16,19)",0.4642000000000005,0.7218629999999848,0.0008600359362670945,0.0008600359362670945,All,Some,0.0,75900.0,54300.0,41000.0,87200.0,69200.0,79100.0,99900.0,72900.0,,43400.0,106000.0,103000.0,120000.0,69900.0,107000.0,105000.0,106000.0
2793,5.482,791.48697,791.48686,0.13897893398171793,C44H73O10P,CCC=CCC=CCC=CCC=CCC=CCC=CCCC(=O)OC(COC(=O)CCCCC=CCCCCCCCCC)COP(=O)(O)OCC(O)CO,[M-H]-,PG 16:1_22:6,"PG 16:1(6)_22:6(4,7,10,13,16,19)",0.36914285714285733,0.7039814285714426,0.00039743392293798243,0.00039743392293798243,Some,Some,,0.0,0.0,0.0,0.0,0.0,0.0,0.0,0.0,,0.0,0.0,0.0,0.0,0.0,0.0,0.0,0.0
2793,5.482,791.48697,791.48686,0.13897893398171793,C44H73O10P,CCC=CCC=CCC=CCC=CCC=CCC=CCCC(=O)OC(COC(=O)CCCCCC=CCCCCCCCC)COP(=O)(O)OCC(O)CO,[M-H]-,PG 16:1_22:6,"PG 16:1(7)_22:6(4,7,10,13,16,19)",0.4573333333333336,0.8068266666666849,0.00032316827390212915,0.00032316827390212915,Some,Some,,0.0,0.0,0.0,0.0,0.0,0.0,0.0,0.0,,0.0,0.0,0.0,0.0,0.0,0.0,0.0,0.0
2793,5.482,791.48697,791.48686,0.13897893398171793,C44H73O10P,CCC=CCC=CCC=CCC=CCC=CCC=CCCC(=O)OC(COC(=O)CCCCCCCC=CCCCCCC)COP(=O)(O)OCC(O)CO,[M-H]-,PG 16:1_22:6,"PG 16:1(9)_22:6(4,7,10,13,16,19)",0.28971428571428604,0.7384642857143068,0.000277125857099686,0.000277125857099686,Some,Some,,0.0,0.0,0.0,0.0,0.0,0.0,0.0,0.0,,0.0,0.0,0.0,0.0,0.0,0.0,0.0,0.0
2801,5.484,805.48793,805.48725,0.8442095141648333,C41H75O13P,CCCCCCCCC=CCCCCCCCC(=O)OC(COC(=O)CCCC=CCCCCCCCC)COP(=O)(O)OC1C(O)C(O)C(O)C(O)C1O,[M-H]-,PI 14:1_18:1,PI 14:1(5)_18:1(9),0.4769999999999994,0.5173449999999775,0.00046896392256686793,0.00046896392256686793,All,Some,,0.0,0.0,0.0,0.0,0.0,0.0,0.0,362.84164255508574,,0.0,0.0,0.0,0.0,0.0,0.0,0.0,0.0
2801,5.484,805.48793,805.48725,0.8442095141648333,C41H75O13P,CCCCCCCCC=CCCCCCCCC(=O)OC(COC(=O)CCCCCCCC=CCCCC)COP(=O)(O)OC1C(O)C(O)C(O)C(O)C1O,[M-H]-,PI 14:1_18:1,PI 14:1(9)_18:1(9),0.32699999999999996,0.5045450000000073,0.0004061265747239713,0.0004061265747239713,All,Some,,0.0,0.0,0.0,0.0,0.0,0.0,0.0,451.7944580458491,,0.0,0.0,0.0,0.0,0.0,0.0,0.0,0.0
2801,5.484,805.48793,805.48725,0.8442095141648333,C41H75O13P,CCCCCCCCC=CCCCCCCCC(=O)OC(COC(=O)CCCCC=CCCCCCCC)COP(=O)(O)OC1C(O)C(O)C(O)C(O)C1O,[M-H]-,PI 14:1_18:1,PI 14:1(6)_18:1(9),0.3364999999999996,0.5440149999999733,0.0003034825456315611,0.0003034825456315611,All,Some,,0.0,0.0,0.0,0.0,0.0,0.0,0.0,344.4886490095705,,0.0,0.0,0.0,0.0,0.0,0.0,0.0,0.0
2801,5.484,805.48793,805.48725,0.8442095141648333,C41H75O13P,CCCCCCCCCCCC=CCCCCC(=O)OC(COC(=O)CCCC=CCCCCCCCC)COP(=O)(O)OC1C(O)C(O)C(O)C(O)C1O,[M-H]-,PI 14:1_18:1,PI 14:1(5)_18:1(6),0.31099999999999994,0.6943200000000331,0.0003009195128546222,0.0003009195128546222,All,Some,,0.0,0.0,0.0,0.0,0.0,0.0,0.0,18.352993545515243,,0.0,0.0,0.0,0.0,0.0,0.0,0.0,0.0
2801,5.484,805.48793,805.48725,0.8442095141648333,C41H75O13P,CCCCCCCCCCCC=CCCCCC(=O)OC(COC(=O)CCCCCCCC=CCCCC)COP(=O)(O)OC1C(O)C(O)C(O)C(O)C1O,[M-H]-,PI 14:1_18:1,PI 14:1(9)_18:1(6),0.16100000000000048,0.681520000000063,0.00023808216501172556,0.00023808216501172556,All,Some,,0.0,0.0,0.0,0.0,0.0,0.0,0.0,107.30580903627865,,0.0,0.0,0.0,0.0,0.0,0.0,0.0,0.0
2801,5.484,805.48793,805.48725,0.8442095141648333,C41H75O13P,CCCCCCC=CCCCCCCCCCC(=O)OC(COC(=O)CCCC=CCCCCCCCC)COP(=O)(O)OC1C(O)C(O)C(O)C(O)C1O,[M-H]-,PI 14:1_18:1,PI 14:1(5)_18:1(11),0.5059999999999993,0.27673749999999586,0.00023448196128343396,0.00023448196128343396,All,Some,,0.0,0.0,0.0,0.0,0.0,0.0,0.0,344.4886490095705,,0.0,0.0,0.0,0.0,0.0,0.0,0.0,0.0
2801,5.484,805.48793,805.48725,0.8442095141648333,C41H75O13P,CCCCCCC=CCCCCCCCCCC(=O)OC(COC(=O)CCCCCCCC=CCCCC)COP(=O)(O)OC1C(O)C(O)C(O)C(O)C1O,[M-H]-,PI 14:1_18:1,PI 14:1(9)_18:1(11),0.35599999999999987,0.2639375000000257,0.00017164461344053734,0.00017164461344053734,All,Some,,0.0,0.0,0.0,0.0,0.0,0.0,0.0,205.2131092811039,,0.0,0.0,0.0,0.0,0.0,0.0,0.0,0.0
2801,5.484,805.48793,805.48725,0.8442095141648333,C41H75O13P,CCCCCCCCCCCC=CCCCCC(=O)OC(COC(=O)CCCCC=CCCCCCCC)COP(=O)(O)OC1C(O)C(O)C(O)C(O)C1O,[M-H]-,PI 14:1_18:1,PI 14:1(6)_18:1(6),0.1705000000000001,0.7209900000000289,0.00013543813591931534,0.00013543813591931534,All,Some,,0.0,0.0,0.0,0.0,0.0,0.0,0.0,294.1659247718673,,0.0,0.0,0.0,0.0,0.0,0.0,0.0,0.0
2801,5.484,805.48793,805.48725,0.8442095141648333,C41H75O13P,CCCCCCC=CCCCCCCCCCC(=O)OC(COC(=O)CCCCC=CCCCCCCC)COP(=O)(O)OC1C(O)C(O)C(O)C(O)C1O,[M-H]-,PI 14:1_18:1,PI 14:1(6)_18:1(11),0.3654999999999995,0.3034074999999916,6.900058434812715e-05,6.900058434812715e-05,All,Some,,0.0,0.0,0.0,0.0,0.0,0.0,0.0,531.3487647451592,,0.0,0.0,0.0,0.0,0.0,0.0,0.0,0.0
2815,5.489,819.5184,819.51816,0.2928550113839812,C46H77O10P,CCC=CCC=CCC=CCC=CCC=CCC=CCCC(=O)OC(COC(=O)CCCCC=CCCCCCCCCCCC)COP(=O)(O)OCC(O)CO,[M-H]-,PG 18:1_22:6,"PG 18:1(6)_22:6(4,7,10,13,16,19)",0.5676363636363638,0.7329181818182323,0.00018381830700975755,0.00018381830700975755,Some,Some,,19139.667296786392,47522.11248771528,34644.32353714528,31202.975775710125,15540.7902674442,19346.194535352766,75232.62380538663,18076.025084418714,0.0,40617.98891742128,64422.82320585129,78714.53940066593,78384.93517114477,50840.69952305246,84796.84106614017,69729.74059923587,75522.04132152718
2815,5.489,819.5184,819.51816,0.2928550113839812,C46H77O10P,CCC=CCC=CCC=CCC=CCC=CCC=CCCC(=O)OC(COC(=O)CCCCCCCC=CCCCCCCCC)COP(=O)(O)OCC(O)CO,[M-H]-,PG 18:1_22:6,"PG 18:1(9)_22:6(4,7,10,13,16,19)",0.5080000000000002,0.7518854545455104,0.0001688617613680397,0.0001688617613680397,Some,Some,,21411.780718336486,49534.8724806264,36583.4833437835,31202.975775710125,20125.81942489443,23235.657203744573,83972.63249348394,20343.849493487694,0.0,43373.090958237604,71038.76277975965,88809.3229744728,86344.82817371748,56043.24324324325,93153.80059230009,77913.53307862458,82913.83414262591
2815,5.489,819.5184,819.51816,0.2928550113839812,C46H77O10P,CCC=CCC=CCC=CCC=CCC=CCC=CCCC(=O)OC(COC(=O)CCCCCCCCCC=CCCCCCC)COP(=O)(O)OCC(O)CO,[M-H]-,PG 18:1_22:6,"PG 18:1(11)_22:6(4,7,10,13,16,19)",0.6195000000000004,0.7391383333333957,0.0001546878416077482,0.0001546878416077482,All,Some,,52048.55198487713,57943.01503165831,42772.19311907122,78594.04844857974,50133.390307661364,52318.148260902664,103794.74370112945,53580.12542209359,0.0,51008.92012434113,88538.41401438907,111476.13762486125,96270.23665513775,55116.05723370429,118049.35834155972,90356.72632213956,101564.12453584689
2845,5.512,719.48621,719.48686,0.9034216412938013,C38H73O10P,CCCCCCC=CCCCCCCCCCC(=O)OC(COC(=O)CCCCCCCCCCCCC)COP(=O)(O)OCC(O)CO,[M-H]-,PG 14:0_18:1,PG 14:0_18:1(11),0.45899999999999963,0.5125400000000013,0.0,0.0,All,None,,60400.0,27400.0,4350.0,,,,,,,8110.0,26200.0,,20400.0,10400.0,,29500.0,29900.0
2875,5.554,717.47033,717.47121,1.2265300513618524,C38H71O10P,CCCCCCCCCC=CCCCCC(=O)OC(COC(=O)CCCCC=CCCCCCCCCC)COP(=O)(O)OCC(O)CO,[M-H]-,PG 16:1_16:1,PG 16:1(6)_16:1(6),0.6680000000000001,0.8741399999999544,0.0,0.0,All,None,,,0.0,0.0,,,,,,,0.0,,,0.0,,,,0.0
2878,5.555,743.48669,743.48686,0.2286523261830594,C40H73O10P,CCCCCCCCC=CCC=CCCCCC(=O)OC(COC(=O)CCCCC=CCCCCCCCCC)COP(=O)(O)OCC(O)CO,[M-H]-,PG 16:1_18:2,"PG 16:1(6)_18:2(6,9)",0.44399999999999995,0.8870000000000005,0.0,0.0,All,None,,33500.0,25400.0,38600.0,39500.0,21800.0,33300.0,49500.0,,,38300.0,,,47300.0,38900.0,62100.0,47800.0,59900.0
2886,5.569,857.51972,857.51855,1.3644019712481925,C45H79O13P,CCCCCC=CCC=CCC=CCC=CCCCCCCCCCC(=O)OC(COC(=O)CCCCCCCCC)COP(=O)(O)OC1C(O)C(O)C(O)C(O)C1O,[M-H]-,PI 10:0_26:4,"PI 10:0_26:4(11,14,17,20)",0.38250000000000006,0.7193237500000293,6.256592365368321e-05,6.256592365368321e-05,All,Some,0.0,0.0,0.0,0.0,11400.0,0.0,0.0,9780.0,0.0,,0.0,12500.0,0.0,16700.0,0.0,0.0,14700.0,0.0
2900,5.586,769.50107,769.50251,1.8713389252002937,C42H75O10P,CCCCCCCCC=CCC=CCCCCC(=O)OC(COC(=O)CCCCC=CCC=CCCCCCCCC)COP(=O)(O)OCC(O)CO,[M-H]-,PG 18:2_18:2,"PG 18:2(6,9)_18:2(6,9)",0.28649999999999975,0.7602750000000356,0.0,0.0,All,None,0.0,,0.0,0.0,,0.0,,2880.0,,,0.0,,,,0.0,0.0,0.0,0.0
2917,5.614,745.50255,745.50251,0.0536550842903219,C40H75O10P,CCCCCCC=CCCCCCCCCCC(=O)OC(COC(=O)CCCCC=CCCCCCCCCC)COP(=O)(O)OCC(O)CO,[M-H]-,PG 16:1_18:1,PG 16:1(6)_18:1(11),0.6630000000000003,0.5267949999999928,0.0,0.0,Some,None,,329000.0,,,,,361000.0,,,,,110000.0,,102000.0,59600.0,,115000.0,116000.0
2919,5.615,746.50578,746.51301,9.685028798157967,C43H74NO7P,CCCCCCCCCC=CCCCCC(=O)OC(COCCCC=CCC=CCC=CCC=CCC=CCC=CCC)COP(=O)(O)OCCN,[M-H]-,PE O-22:6_16:1,"PE O-22:6(4,7,10,13,16,19)_16:1(6)",0.6185,0.37734125000002905,0.00040084080105136106,0.00040084080105136106,Some,Some,,49122.955323555514,15087.168304104305,2715.95744680851,32633.333333333332,43666.666666666664,52451.92835952093,13066.666666666666,43719.16736854771,0.0,4645.060483870968,16133.333333333332,19566.666666666664,15057.484033102299,8247.001747724944,17600.0,14265.242313705055,15585.600500340304
2919,5.615,746.50578,746.51301,9.685028798157967,C43H74NO7P,CCCCCCCCC=CCCCCCC(=O)OC(COCCCC=CCC=CCC=CCC=CCC=CCC=CCC)COP(=O)(O)OCCN,[M-H]-,PE O-22:6_16:1,"PE O-22:6(4,7,10,13,16,19)_16:1(7)",0.5547499999999999,0.3676262500000149,0.00040084080105136106,0.00040084080105136106,Some,Some,,50754.089352888965,15525.66339179139,3078.0851063829787,32633.333333333332,43666.666666666664,52451.92835952093,13066.666666666666,43140.41631572615,0.0,4909.8790322580635,16133.333333333332,19566.666666666664,15685.0319337954,8905.996504550112,17600.0,14969.515372589889,16262.435847911265
2919,5.615,746.50578,746.51301,9.685028798157967,C43H74NO7P,CCCCCCC=CCCCCCCCC(=O)OC(COCCCC=CCC=CCC=CCC=CCC=CCC=CCC)COP(=O)(O)OCCN,[M-H]-,PE O-22:6_16:1,"PE O-22:6(4,7,10,13,16,19)_16:1(9)",0.6140000000000001,0.3692187500000301,0.00040084080105136106,0.00040084080105136106,Some,Some,,49122.955323555514,15087.168304104305,2715.95744680851,32633.333333333332,43666.666666666664,56096.14328095813,13066.666666666666,43140.41631572615,0.0,4645.060483870968,16133.333333333332,19566.666666666664,15057.484033102299,8247.001747724944,17600.0,14265.242313705055,15751.963651748434
2984,5.682,797.53262,797.53381,1.4920997519404018,C44H79O10P,CCC=CCC=CCC=CCCCCCCCCCC(=O)OC(COC(=O)CCCCCCCC=CCCCCCCCC)COP(=O)(O)OCC(O)CO,[M-H]-,PG 18:1_20:3,"PG 18:1(9)_20:3(11,14,17)",0.5280000000000005,0.6513449999999921,0.0004225501660258483,0.0004225501660258483,Some,Some,0.0,0.0,0.0,0.0,0.0,0.0,268.69121449985124,0.0,169.37709310113866,,0.0,273.02101845147985,0.0,0.0,0.0,0.0,0.0,0.0
2984,5.682,797.53262,797.53381,1.4920997519404018,C44H79O10P,CCC=CCC=CCC=CCCCCCCCCCC(=O)OC(COC(=O)CCCCC=CCCCCCCCCCCC)COP(=O)(O)OCC(O)CO,[M-H]-,PG 18:1_20:3,"PG 18:1(6)_20:3(11,14,17)",0.4394285714285718,0.4615228571428653,0.0003620726289726263,0.0003620726289726263,Some,Some,0.0,0.0,0.0,0.0,0.0,0.0,86.41325491452503,0.0,63.12793034159411,,0.0,283.066763202352,0.0,0.0,0.0,0.0,0.0,0.0
2984,5.682,797.53262,797.53381,1.4920997519404018,C44H79O10P,CCC=CCC=CCC=CCCCCCCCCCC(=O)OC(COC(=O)CCCCCCCCCC=CCCCCCC)COP(=O)(O)OCC(O)CO,[M-H]-,PG 18:1_20:3,"PG 18:1(11)_20:3(11,14,17)",0.5487500000000005,0.3906300000000016,0.000316813550351048,0.000316813550351048,All,Some,0.0,0.0,0.0,0.0,0.0,0.0,596.5890106872325,0.0,402.0763563295378,,0.0,595.8242831128371,0.0,0.0,0.0,0.0,0.0,0.0
2984,5.682,797.53262,797.53381,1.4920997519404018,C44H79O10P,CCCCCC=CCC=CCC=CCCCCCCC(=O)OC(COC(=O)CCCCCCCC=CCCCCCCCC)COP(=O)(O)OCC(O)CO,[M-H]-,PG 18:1_20:3,"PG 18:1(9)_20:3(8,11,14)",0.39699999999999996,0.48920500000000783,0.0002157653517028189,0.0002157653517028189,Some,Some,0.0,0.0,0.0,0.0,0.0,0.0,268.69121449985124,0.0,169.37709310113866,,0.0,297.08615809912465,0.0,0.0,0.0,0.0,0.0,0.0
2984,5.682,797.53262,797.53381,1.4920997519404018,C44H79O10P,CCCCCC=CCC=CCC=CCCCCCCC(=O)OC(COC(=O)CCCCC=CCCCCCCCCCCC)COP(=O)(O)OCC(O)CO,[M-H]-,PG 18:1_20:3,"PG 18:1(6)_20:3(8,11,14)",0.3316666666666661,0.37294000000002825,0.00021563325281170127,0.00021563325281170127,Some,Some,0.0,0.0,0.0,0.0,0.0,0.0,86.41325491452503,0.0,63.12793034159411,,0.0,283.066763202352,0.0,0.0,0.0,0.0,0.0,0.0
2984,5.682,797.53262,797.53381,1.4920997519404018,C44H79O10P,CCCCCC=CCC=CCC=CCCCCCCC(=O)OC(COC(=O)CCCCCCCCCC=CCCCCCC)COP(=O)(O)OCC(O)CO,[M-H]-,PG 18:1_20:3,"PG 18:1(11)_20:3(8,11,14)",0.5077499999999999,0.37501750000001266,0.00016172493960877596,0.00016172493960877596,All,Some,0.0,0.0,0.0,0.0,0.0,0.0,557.6355356202944,0.0,402.0763563295378,,0.0,619.8894227604818,0.0,0.0,0.0,0.0,0.0,0.0
2984,5.682,797.53262,797.53381,1.4920997519404018,C44H79O10P,CCCCCCCCC=CCC=CCC=CCCCC(=O)OC(COC(=O)CCCCCCCC=CCCCCCCCC)COP(=O)(O)OCC(O)CO,[M-H]-,PG 18:1_20:3,"PG 18:1(9)_20:3(5,8,11)",0.4395000000000002,0.32269499999998175,1.9814833667644102e-07,1.9814833667644102e-07,Some,Some,0.0,0.0,0.0,0.0,0.0,0.0,355.10446941437635,0.0,232.50502344273272,,0.0,556.0877816538318,0.0,0.0,0.0,0.0,0.0,0.0
2984,5.682,797.53262,797.53381,1.4920997519404018,C44H79O10P,CCCCCCCCC=CCC=CCC=CCCCC(=O)OC(COC(=O)CCCCC=CCCCCCCCCCCC)COP(=O)(O)OCC(O)CO,[M-H]-,PG 18:1_20:3,"PG 18:1(6)_20:3(5,8,11)",0.4520000000000003,0.4565539999999828,1.5851866934115282e-07,1.5851866934115282e-07,Some,Some,0.0,0.0,0.0,0.0,0.0,0.0,86.41325491452503,0.0,63.12793034159411,,0.0,283.066763202352,0.0,0.0,0.0,0.0,0.0,0.0
2984,5.682,797.53262,797.53381,1.4920997519404018,C44H79O10P,CCCCCCCCC=CCC=CCC=CCCCC(=O)OC(COC(=O)CCCCCCCCCC=CCCCCCC)COP(=O)(O)OCC(O)CO,[M-H]-,PG 18:1_20:3,"PG 18:1(11)_20:3(5,8,11)",0.5108571428571432,0.3362328571428504,1.132276209579663e-07,1.132276209579663e-07,Some,Some,0.0,0.0,0.0,0.0,0.0,0.0,644.0487905348193,0.0,465.20428667113197,,0.0,878.8910463151892,0.0,0.0,0.0,0.0,0.0,0.0
3003,5.687,881.51858,881.51855,0.03403218234936079,C47H79O13P,CCC=CCC=CCC=CCC=CCC=CCC=CCCC(=O)OC(COC(=O)CCCCCCCCCCCCCCC)COP(=O)(O)OC1C(O)C(O)C(O)C(O)C1O,[M-H]-,PI 16:0_22:6,"PI 16:0_22:6(4,7,10,13,16,19)",0.7068,0.7219210000000317,0.0011389798797716612,0.0011389798797716612,All,Some,0.0,92900.0,245000.0,166000.0,85500.0,89800.0,95800.0,425000.0,98200.0,0.0,166000.0,382000.0,450000.0,511000.0,285000.0,472000.0,468000.0,433000.0
3018,5.699,831.50358,831.5029,0.8177963060647827,C43H77O13P,CCCCCC=CCC=CCC=CCCCCC(=O)OC(COC(=O)CCCCCCCCCCCCCCC)COP(=O)(O)OC1C(O)C(O)C(O)C(O)C1O,[M-H]-,PI 16:0_18:3,"PI 16:0_18:3(6,9,12)",0.6696666666666662,0.11370333333330034,0.0025672326028417713,0.0025672326028417713,All,Some,,34900.0,10230.983949755755,3306.833541927409,0.0,31100.0,45600.0,11332.139722661052,36000.0,0.0,5855.254437869822,14960.869565217392,14041.33918351774,15040.901373668778,7221.41893714594,13108.044058744994,17084.71039893173,13661.181026137463
3018,5.699,831.50358,831.5029,0.8177963060647827,C43H77O13P,CCC=CCC=CCC=CCCCCCCCC(=O)OC(COC(=O)CCCCCCCCCCCCCCC)COP(=O)(O)OC1C(O)C(O)C(O)C(O)C1O,[M-H]-,PI 16:0_18:3,"PI 16:0_18:3(9,12,15)",0.5539999999999999,0.595661999999993,8.635075346822543e-05,8.635075346822543e-05,All,Some,,0.0,3269.0160502442427,5413.166458072591,21300.0,0.0,0.0,7467.860277338951,0.0,0.0,3714.745562130177,7239.130434782609,10258.660816482257,9959.098626331224,6478.581062854061,8991.955941255006,9815.289601068267,11538.818973862535
3022,5.706,743.48727,743.48686,0.5514556101072601,C40H73O10P,CCCCCCCCC=CCC=CCCCCC(=O)OC(COC(=O)CCCCC=CCCCCCCCCC)COP(=O)(O)OCC(O)CO,[M-H]-,PG 16:1_18:2,"PG 16:1(6)_18:2(6,9)",0.48499999999999943,0.8874450000000138,0.0,0.0,All,None,,0.0,0.0,0.0,0.0,2070.0,0.0,0.0,,,0.0,,,0.0,0.0,0.0,0.0,0.0
3028,5.718,769.50208,769.50251,0.5588025957851948,C42H75O10P,CCCCCCCCC=CCC=CCCCCC(=O)OC(COC(=O)CCCCC=CCC=CCCCCCCCC)COP(=O)(O)OCC(O)CO,[M-H]-,PG 18:2_18:2,"PG 18:2(6,9)_18:2(6,9)",0.28649999999999975,0.7602750000000356,0.0,0.0,All,None,0.0,,0.0,11200.0,,6910.0,,16100.0,,,9760.0,,,,0.0,21500.0,15200.0,21500.0
3046,5.743,492.34533,492.34595,1.2592771404461969,C25H52NO6P,CCCCCCC=CCCCCCCCCCCCCOCC(O)COP(=O)(O)OCCN,[M-H]-,LPE O-20:1,LPE O-20:1(13),0.20399999999999974,0.5143849999999759,0.0003608959187232333,0.0003608959187232333,All,Some,,0.0,0.0,0.0,0.0,0.0,0.0,0.0,0.0,,0.0,0.0,0.0,0.0,0.0,0.0,0.0,0.0
3077,5.759,907.53436,907.5342,0.17630189577108976,C49H81O13P,CCC=CCC=CCC=CCC=CCC=CCC=CCCC(=O)OC(COC(=O)CCCCC=CCCCCCCCCCCC)COP(=O)(O)OC1C(O)C(O)C(O)C(O)C1O,[M-H]-,PI 18:1_22:6,"PI 18:1(6)_22:6(4,7,10,13,16,19)",0.5627272727272725,0.5785581818181836,0.0018391687512582194,0.0018391687512582194,Some,Some,,46545.26279540269,77662.84622731616,33609.98964803312,50172.40534248253,43662.79930881264,51326.452373930995,130231.83472238526,45311.145711690675,0.0,43907.50670241287,125831.09793084855,130638.30315058297,150039.47747574683,80484.375,130139.41677037437,129558.84914138424,122108.62619808306
3077,5.759,907.53436,907.5342,0.17630189577108976,C49H81O13P,CCC=CCC=CCC=CCC=CCC=CCC=CCCC(=O)OC(COC(=O)CCCCCCCC=CCCCCCCCC)COP(=O)(O)OC1C(O)C(O)C(O)C(O)C1O,[M-H]-,PI 18:1_22:6,"PI 18:1(9)_22:6(4,7,10,13,16,19)",0.6209090909090907,0.6834581818181856,0.001837544305235518,0.001837544305235518,Some,Some,,55909.474409194605,52668.57688634193,28945.00517598344,48806.518808969486,46063.194273019006,50911.825420230016,101384.08263880738,48143.46265299944,0.0,31869.97319034853,86584.45103457572,106180.8484247085,115841.0335222361,60757.8125,107430.29161481284,102720.57542930788,96445.68690095848
3077,5.759,907.53436,907.5342,0.17630189577108976,C49H81O13P,CCC=CCC=CCC=CCC=CCC=CCC=CCCC(=O)OC(COC(=O)CCCCCCCCCC=CCCCCCC)COP(=O)(O)OC1C(O)C(O)C(O)C(O)C1O,[M-H]-,PI 18:1_22:6,"PI 18:1(11)_22:6(4,7,10,13,16,19)",0.6636923076923075,0.5964130769230696,0.0015618214478524228,0.0015618214478524228,All,Some,,46545.26279540269,52668.57688634193,28945.00517598344,43021.07584854797,40274.006418168356,45761.72220583899,101384.08263880738,43545.39163530989,0.0,29222.520107238608,86584.45103457572,106180.8484247085,121119.48900201709,60757.8125,107430.29161481284,102720.57542930788,96445.68690095848
3118,5.79,717.4706,717.47121,0.8502083310792551,C38H71O10P,CCCCCCCCCC=CCCCCC(=O)OC(COC(=O)CCCCC=CCCCCCCCCC)COP(=O)(O)OCC(O)CO,[M-H]-,PG 16:1_16:1,PG 16:1(6)_16:1(6),0.4479999999999995,0.8744099999999548,0.0,0.0,All,None,,,0.0,0.0,,,,,,,0.0,,,0.0,,,,0.0
3152,5.816,771.5179,771.51816,0.33699790023347903,C42H77O10P,CCCCCC=CCC=CCCCCCCCC(=O)OC(COC(=O)CCCCCCCC=CCCCCCCCC)COP(=O)(O)OCC(O)CO,[M-H]-,PG 18:1_18:2,"PG 18:1(9)_18:2(9,12)",0.1726666666666663,0.34850666666663227,0.0012604703614177732,0.0012604703614177732,Some,Some,,17067.752173313096,0.0,0.0,7478.632478632478,22499.546690843155,7019.25587467363,3600.1368925393563,14113.680691000282,,0.0,1374.98766650222,2527.925804468129,4854.08,6603.566642614164,7887.311968606933,6980.411278354887,10953.598675261697
3152,5.816,771.5179,771.51816,0.33699790023347903,C42H77O10P,CCCCCC=CCC=CCCCCCCCC(=O)OC(COC(=O)CCCCCCCCCC=CCCCCCC)COP(=O)(O)OCC(O)CO,[M-H]-,PG 18:1_18:2,"PG 18:1(11)_18:2(9,12)",0.28099999999999997,0.19591833333328168,0.0006382273809329476,0.0006382273809329476,All,Some,,65439.49220367049,9870.521172638437,6887.0493991989315,49159.54415954416,61378.36204291327,69339.75195822454,17036.362080766598,62037.89356366676,,7585.036880927294,19308.33744449926,25551.49620823939,20067.733333333334,7481.517369343367,19653.629823413998,19977.231291074833,19283.05636051807
3152,5.816,771.5179,771.51816,0.33699790023347903,C42H77O10P,CCCCCC=CCC=CCCCCCCCC(=O)OC(COC(=O)CCCCC=CCCCCCCCCCCC)COP(=O)(O)OCC(O)CO,[M-H]-,PG 18:1_18:2,"PG 18:1(6)_18:2(9,12)",0.2406666666666665,0.36690666666663674,0.0006302351807088866,0.0006302351807088866,All,Some,,53746.37781150821,19358.95765472313,11025.901201602137,41680.91168091168,43243.27591417347,62320.49608355092,22228.867214236823,47924.21287266648,,10629.926238145417,19308.33744449926,24797.007583521212,17089.09333333333,12807.751778167201,21334.532374100723,21418.931524273903,19347.80294517712
3152,5.816,771.5179,771.51816,0.33699790023347903,C42H77O10P,CCCCCCCCC=CCC=CCCCCC(=O)OC(COC(=O)CCCCCCCCCC=CCCCCCC)COP(=O)(O)OCC(O)CO,[M-H]-,PG 18:1_18:2,"PG 18:1(11)_18:2(6,9)",0.33520000000000005,0.09796999999994113,9.590640268873235e-06,9.590640268873235e-06,Some,Some,,53746.37781150821,9870.521172638437,6887.0493991989315,41680.91168091168,38878.81535207011,62320.49608355092,14934.633812457218,47924.21287266648,,7585.036880927294,19308.33744449926,23023.570403771264,17089.09333333333,6507.16420987527,17024.525833878353,12523.425906296374,14815.542019043114
3154,5.819,855.50283,855.5029,0.08182321759161054,C45H77O13P,CCCCCC=CCC=CCC=CCC=CCCCC(=O)OC(COC(=O)CCCCCCCC=CCCCCCC)COP(=O)(O)OC1C(O)C(O)C(O)C(O)C1O,[M-H]-,PI 16:1_20:4,"PI 16:1(9)_20:4(5,8,11,14)",0.5080000000000002,0.6632600000000025,0.00022884745017454937,0.00022884745017454937,All,Some,0.0,0.0,0.0,0.0,0.0,0.0,0.0,0.0,0.0,,0.0,0.0,0.0,0.0,0.0,0.0,0.0,0.0
3154,5.819,855.50283,855.5029,0.08182321759161054,C45H77O13P,CCCCCC=CCC=CCC=CCC=CCCCC(=O)OC(COC(=O)CCCCC=CCCCCCCCCC)COP(=O)(O)OC1C(O)C(O)C(O)C(O)C1O,[M-H]-,PI 16:1_20:4,"PI 16:1(6)_20:4(5,8,11,14)",0.4604000000000001,0.6649560000000065,0.00021386275109590188,0.00021386275109590188,All,Some,0.0,0.0,0.0,0.0,0.0,0.0,0.0,0.0,0.0,,0.0,0.0,0.0,0.0,0.0,0.0,0.0,0.0
3154,5.819,855.50283,855.5029,0.08182321759161054,C45H77O13P,CCCCCC=CCC=CCC=CCC=CCCCC(=O)OC(COC(=O)CCCCCC=CCCCCCCCC)COP(=O)(O)OC1C(O)C(O)C(O)C(O)C1O,[M-H]-,PI 16:1_20:4,"PI 16:1(7)_20:4(5,8,11,14)",0.40075000000000016,0.6738749999999953,0.00019739826916361633,0.00019739826916361633,Some,Some,0.0,0.0,0.0,0.0,0.0,0.0,0.0,0.0,0.0,,0.0,0.0,0.0,0.0,0.0,0.0,0.0,0.0
3154,5.819,855.50283,855.5029,0.08182321759161054,C45H77O13P,CCC=CCC=CCC=CCC=CCCCCCCC(=O)OC(COC(=O)CCCCCC=CCCCCCCCC)COP(=O)(O)OC1C(O)C(O)C(O)C(O)C1O,[M-H]-,PI 16:1_20:4,"PI 16:1(7)_20:4(8,11,14,17)",0.6067500000000001,0.5511150000000242,0.00017500529389458163,0.00017500529389458163,Some,Some,0.0,0.0,0.0,0.0,0.0,0.0,0.0,0.0,0.0,,0.0,0.0,0.0,0.0,0.0,0.0,0.0,0.0
3154,5.819,855.50283,855.5029,0.08182321759161054,C45H77O13P,CCC=CCC=CCC=CCC=CCCCCCCC(=O)OC(COC(=O)CCCCCCCC=CCCCCCC)COP(=O)(O)OC1C(O)C(O)C(O)C(O)C1O,[M-H]-,PI 16:1_20:4,"PI 16:1(9)_20:4(8,11,14,17)",0.7450000000000001,0.5942710000000033,0.00016050520798445515,0.00016050520798445515,All,Some,0.0,0.0,0.0,0.0,0.0,0.0,0.0,0.0,0.0,,0.0,0.0,0.0,0.0,0.0,0.0,0.0,0.0
3154,5.819,855.50283,855.5029,0.08182321759161054,C45H77O13P,CCC=CCC=CCC=CCC=CCCCCCCC(=O)OC(COC(=O)CCCCC=CCCCCCCCCC)COP(=O)(O)OC1C(O)C(O)C(O)C(O)C1O,[M-H]-,PI 16:1_20:4,"PI 16:1(6)_20:4(8,11,14,17)",0.6974,0.5959670000000074,0.00014552050890580766,0.00014552050890580766,All,Some,0.0,0.0,0.0,0.0,0.0,0.0,0.0,0.0,0.0,,0.0,0.0,0.0,0.0,0.0,0.0,0.0,0.0
3155,5.822,797.53306,797.53381,0.9403990033213867,C44H79O10P,CCC=CCC=CCC=CCCCCCCCCCC(=O)OC(COC(=O)CCCCCCCC=CCCCCCCCC)COP(=O)(O)OCC(O)CO,[M-H]-,PG 18:1_20:3,"PG 18:1(9)_20:3(11,14,17)",0.5080000000000003,0.6307633333333342,0.010190364612165463,0.010190364612165463,Some,Some,0.0,2005.8272632674298,0.0,0.0,2069.012026525795,1746.9571813890764,1838.1032037528637,2094.8700005383002,2176.232030690106,0.0,0.0,1195.5666568713877,2923.36388486895,2221.809340940172,0.0,2352.6824485222023,1687.954356048465,1662.1085134539042
3155,5.822,797.53306,797.53381,0.9403990033213867,C44H79O10P,CCCCCC=CCC=CCC=CCCCCCCC(=O)OC(COC(=O)CCCCCCCC=CCCCCCCCC)COP(=O)(O)OCC(O)CO,[M-H]-,PG 18:1_20:3,"PG 18:1(9)_20:3(8,11,14)",0.4083333333333332,0.4848750000000071,0.007548866553936583,0.007548866553936583,Some,Some,0.0,0.0,0.0,0.0,0.0,0.0,0.0,671.4862464337622,0.0,0.0,0.0,0.0,178.2923299565847,405.21888080009956,0.0,245.8852780501471,525.4471440476954,277.0180855756506
3155,5.822,797.53306,797.53381,0.9403990033213867,C44H79O10P,CCCCCCCCC=CCC=CCC=CCCCC(=O)OC(COC(=O)CCCCCCCC=CCCCCCCCC)COP(=O)(O)OCC(O)CO,[M-H]-,PG 18:1_20:3,"PG 18:1(9)_20:3(5,8,11)",0.31499999999999995,0.44511750000000916,0.006992575630620075,0.006992575630620075,Some,Some,0.0,2295.2757544224764,0.0,0.0,3130.9879734742044,1906.1404248145652,2572.882650278192,3655.05732895516,2757.1013026432274,0.0,0.0,2131.1000097952788,4365.010451841132,2883.904076473596,0.0,3683.3940327777004,3169.756074107315,3353.2013266022973
3155,5.822,797.53306,797.53381,0.9403990033213867,C44H79O10P,CCCCCCCCC=CCC=CCC=CCCCC(=O)OC(COC(=O)CCCCC=CCCCCCCCCCCC)COP(=O)(O)OCC(O)CO,[M-H]-,PG 18:1_20:3,"PG 18:1(6)_20:3(5,8,11)",0.4084,0.55458000000001,0.00559406050449606,0.00559406050449606,Some,Some,0.0,2005.8272632674298,0.0,0.0,2069.012026525795,1746.9571813890764,1838.1032037528637,2244.9014013744595,2176.232030690106,0.0,0.0,1195.5666568713877,2923.36388486895,2221.809340940172,0.0,2352.6824485222023,1687.954356048465,1778.3022104592462
3155,5.822,797.53306,797.53381,0.9403990033213867,C44H79O10P,CCC=CCC=CCC=CCCCCCCCCCC(=O)OC(COC(=O)CCCCCCCCCC=CCCCCCC)COP(=O)(O)OCC(O)CO,[M-H]-,PG 18:1_20:3,"PG 18:1(11)_20:3(11,14,17)",0.5274285714285717,0.44539714285714843,0.004738840735787497,0.004738840735787497,All,Some,0.0,0.0,0.0,0.0,0.0,0.0,0.0,671.4862464337622,0.0,0.0,0.0,0.0,178.2923299565847,405.21888080009956,0.0,245.8852780501471,525.4471440476954,277.0180855756506
3155,5.822,797.53306,797.53381,0.9403990033213867,C44H79O10P,CCC=CCC=CCC=CCCCCCCCCCC(=O)OC(COC(=O)CCCCC=CCCCCCCCCCCC)COP(=O)(O)OCC(O)CO,[M-H]-,PG 18:1_20:3,"PG 18:1(6)_20:3(11,14,17)",0.5242857142857146,0.4616028571428582,0.004738840735787497,0.004738840735787497,Some,Some,0.0,2037.9882067291016,0.0,0.0,3130.9879734742044,1906.1404248145652,2306.4038692316085,3805.088729791319,2757.1013026432274,0.0,0.0,2131.1000097952788,4365.010451841132,2883.904076473596,0.0,3683.3940327777004,3169.756074107315,3469.3950236076394
3155,5.822,797.53306,797.53381,0.9403990033213867,C44H79O10P,CCCCCCCCC=CCC=CCC=CCCCC(=O)OC(COC(=O)CCCCCCCCCC=CCCCCCC)COP(=O)(O)OCC(O)CO,[M-H]-,PG 18:1_20:3,"PG 18:1(11)_20:3(5,8,11)",0.3499999999999999,0.47260333333334376,0.00466171708708005,0.00466171708708005,Some,Some,0.0,2005.8272632674298,0.0,0.0,2069.012026525795,1746.9571813890764,1838.1032037528637,2094.8700005383002,2176.232030690106,0.0,0.0,1195.5666568713877,2923.36388486895,2021.4239339144372,0.0,2352.6824485222023,1687.954356048465,1662.1085134539042
3155,5.822,797.53306,797.53381,0.9403990033213867,C44H79O10P,CCCCCC=CCC=CCC=CCCCCCCC(=O)OC(COC(=O)CCCCC=CCCCCCCCCCCC)COP(=O)(O)OCC(O)CO,[M-H]-,PG 18:1_20:3,"PG 18:1(6)_20:3(8,11,14)",0.4053333333333331,0.3892116666666728,0.002887149466856533,0.002887149466856533,Some,Some,0.0,0.0,0.0,0.0,0.0,0.0,0.0,327.5627568139815,0.0,0.0,0.0,0.0,178.2923299565847,149.45504275393353,0.0,0.0,279.7967818449901,0.0
3155,5.822,797.53306,797.53381,0.9403990033213867,C44H79O10P,CCCCCC=CCC=CCC=CCCCCCCC(=O)OC(COC(=O)CCCCCCCCCC=CCCCCCC)COP(=O)(O)OCC(O)CO,[M-H]-,PG 18:1_20:3,"PG 18:1(11)_20:3(8,11,14)",0.4879999999999998,0.44148428571429577,0.0024746995430198855,0.0024746995430198855,All,Some,0.0,1849.2542490461324,0.0,0.0,3130.9879734742044,1646.8476062036411,2306.4038692316085,3834.677289120956,2757.1013026432274,0.0,0.0,2131.1000097952788,4365.010451841132,2907.2564269038976,0.0,3683.3940327777004,3165.9337136995964,3220.8482412717085
3164,5.831,831.50242,831.5029,0.5772679805746738,C43H77O13P,CCCCCC=CCC=CCC=CCCCCC(=O)OC(COC(=O)CCCCCCCCCCCCCCC)COP(=O)(O)OC1C(O)C(O)C(O)C(O)C1O,[M-H]-,PI 16:0_18:3,"PI 16:0_18:3(6,9,12)",0.4810000000000005,0.38678666666665623,0.0026232800648555367,0.0026232800648555367,All,Some,,0.0,0.0,0.0,0.0,,,0.0,,0.0,0.0,0.0,0.0,0.0,0.0,0.0,0.0,0.0
3164,5.831,831.50242,831.5029,0.5772679805746738,C43H77O13P,CCC=CCC=CCC=CCCCCCCCC(=O)OC(COC(=O)CCCCCCCCCCCCCCC)COP(=O)(O)OC1C(O)C(O)C(O)C(O)C1O,[M-H]-,PI 16:0_18:3,"PI 16:0_18:3(9,12,15)",0.5866666666666666,0.6075616666666784,0.00010207896246948267,0.00010207896246948267,All,Some,,0.0,0.0,0.0,0.0,,,0.0,,0.0,0.0,0.0,0.0,0.0,0.0,0.0,0.0,0.0
3171,5.84,807.50319,807.5029,0.3591318372523842,C41H77O13P,CCCCCCCCC=CCCCCCC(=O)OC(COC(=O)CCCCCCCCCCCCCCC)COP(=O)(O)OC1C(O)C(O)C(O)C(O)C1O,[M-H]-,PI 16:0_16:1,PI 16:0_16:1(7),0.5760000000000005,0.8663699999999608,6.712748433971397e-07,6.712748433971397e-07,All,All,,0.0,20819.97354497354,7655.3540081919255,0.0,0.0,0.0,20183.46333853354,0.0,,0.0,16679.907621247115,24348.364755675262,20018.810351487064,21504.1782729805,14704.319741622932,24419.37984496124,15518.27909050379
3171,5.84,807.50319,807.5029,0.3591318372523842,C41H77O13P,CCCCCCC=CCCCCCCCC(=O)OC(COC(=O)CCCCCCCCCCCCCCC)COP(=O)(O)OC1C(O)C(O)C(O)C(O)C1O,[M-H]-,PI 16:0_16:1,PI 16:0_16:1(9),0.49599999999999955,0.8624249999999734,6.910297315291815e-08,6.910297315291815e-08,All,Some,,26563.23417238749,0.0,0.0,25600.0,32000.0,39900.0,0.0,38100.0,,0.0,0.0,0.0,0.0,0.0,0.0,0.0,0.0
3171,5.84,807.50319,807.5029,0.3591318372523842,C41H77O13P,CCCCCCCCCC=CCCCCC(=O)OC(COC(=O)CCCCCCCCCCCCCCC)COP(=O)(O)OC1C(O)C(O)C(O)C(O)C1O,[M-H]-,PI 16:0_16:1,PI 16:0_16:1(6),0.4690000000000003,0.5089449999999829,3.960068992381997e-08,3.960068992381997e-08,All,Some,,9636.76582761251,14080.026455026455,7044.6459918080745,0.0,0.0,0.0,21416.53666146646,0.0,,22400.0,32120.092378752885,30251.635244324745,38281.18964851294,18495.8217270195,39095.68025837707,33380.620155038756,36981.72090949621
3187,5.864,691.45527,691.45556,0.4194051168667172,C36H69O10P,CCCCCCCCCC=CCCCCC(=O)OC(COC(=O)CCCCCCCCCCCCC)COP(=O)(O)OCC(O)CO,[M-H]-,PG 14:0_16:1,PG 14:0_16:1(6),0.125,0.850689999999986,0.0,0.0,All,None,,,0.0,0.0,,,,,,,0.0,,,,0.0,0.0,,
3215,5.882,859.52451,859.5342,11.273547928740308,C45H81O13P,CCCCCCCCC=CCC=CCCCCC(=O)OC(COC(=O)CCCCCCCC=CCCCCCCCC)COP(=O)(O)OC1C(O)C(O)C(O)C(O)C1O,[M-H]-,PI 18:1_18:2,"PI 18:1(9)_18:2(6,9)",0.7250000000000005,0.546980000000076,0.00010813610602354823,0.00010813610602354823,Some,Some,,13322.542052418828,27259.295850547867,48552.11712835872,0.0,0.0,13196.466809421841,47329.21146126516,11752.53459687124,,31120.16232929657,40977.665402444174,44453.444574946334,53416.18191433104,27174.882629107982,48727.44539411205,0.0,45818.59911594696
3215,5.882,859.52451,859.5342,11.273547928740308,C45H81O13P,CCCCCC=CCC=CCCCCCCCC(=O)OC(COC(=O)CCCCCCCC=CCCCCCCCC)COP(=O)(O)OC1C(O)C(O)C(O)C(O)C1O,[M-H]-,PI 18:1_18:2,"PI 18:1(9)_18:2(9,12)",0.7240000000000002,0.5641000000000531,0.00010813610602354823,0.00010813610602354823,Some,Some,,6121.984613378538,18024.699119813184,0.0,0.0,0.0,7053.5331905781595,22301.296544087116,7197.46540312876,,11395.7742849781,20299.705014749263,25991.656879024747,35519.94409609428,30431.044600938963,25055.080721747385,0.0,28342.65555933356
3215,5.882,859.52451,859.5342,11.273547928740308,C45H81O13P,CCCCCCCCC=CCC=CCCCCC(=O)OC(COC(=O)CCCCC=CCCCCCCCCCCC)COP(=O)(O)OC1C(O)C(O)C(O)C(O)C1O,[M-H]-,PI 18:1_18:2,"PI 18:1(6)_18:2(6,9)",0.6734999999999998,0.4194150000000434,5.6439745384842085e-05,5.6439745384842085e-05,Some,Some,,13054.541009258053,22678.282737560625,39480.90841028201,0.0,0.0,13196.466809421841,36083.606330457245,11401.925391095067,,24209.95877351198,31807.8381795196,36372.76740512737,34241.142252776306,13346.244131455398,39852.80151946819,0.0,35546.5827949677
3215,5.882,859.52451,859.5342,11.273547928740308,C45H81O13P,CCCCCCCCC=CCC=CCCCCC(=O)OC(COC(=O)CCCCCCCCCC=CCCCCCC)COP(=O)(O)OC1C(O)C(O)C(O)C(O)C1O,[M-H]-,PI 18:1_18:2,"PI 18:1(11)_18:2(6,9)",0.6552,0.4953880000000481,4.415363640734086e-05,4.415363640734086e-05,All,Some,,6121.984613378538,22923.20819112628,5367.52350054072,0.0,0.0,7053.5331905781595,23786.693120472475,7197.46540312876,,14499.304303014687,23944.71133586178,33677.0483172006,35967.17534184483,38872.94600938966,31496.67616334283,0.0,28342.65555933356
3215,5.882,859.52451,859.5342,11.273547928740308,C45H81O13P,CCCCCC=CCC=CCCCCCCCC(=O)OC(COC(=O)CCCCC=CCCCCCCCCCCC)COP(=O)(O)OC1C(O)C(O)C(O)C(O)C1O,[M-H]-,PI 18:1_18:2,"PI 18:1(6)_18:2(9,12)",0.5345,0.7464799999999912,1.669002619980491e-06,1.669002619980491e-06,All,Some,,705.4733342026341,5533.500987964792,10528.24224274187,0.0,0.0,0.0,8953.075254925481,0.0,,5964.596753414068,9800.252844500634,9331.335304361914,11879.579965248922,13346.244131455398,11965.811965811963,0.0,10677.490649438967
3215,5.882,859.52451,859.5342,11.273547928740308,C45H81O13P,CCCCCC=CCC=CCCCCCCCC(=O)OC(COC(=O)CCCCCCCCCC=CCCCCCC)COP(=O)(O)OC1C(O)C(O)C(O)C(O)C1O,[M-H]-,PI 18:1_18:2,"PI 18:1(11)_18:2(9,12)",0.5153333333333331,0.6884400000000142,5.617369924192977e-07,5.617369924192977e-07,All,Some,,973.4743773634112,4581.013112987246,9071.2087180767,0.0,0.0,0.0,8546.117288792506,350.6092057761733,,6910.203555784591,9169.827222924569,10173.747519339031,13975.976429704615,13828.63849765258,10902.184235517569,0.0,10272.01632097926
3234,5.888,857.51843,857.51855,0.13993866376195552,C45H79O13P,CCCCCC=CCC=CCC=CCC=CCCCC(=O)OC(COC(=O)CCCCCCCCCCCCCCC)COP(=O)(O)OC1C(O)C(O)C(O)C(O)C1O,[M-H]-,PI 16:0_20:4,"PI 16:0_20:4(5,8,11,14)",0.9099999999999997,0.8040625000000006,0.00235882711946812,0.00235882711946812,All,Some,0.0,93786.28389154705,619058.5316963167,637626.7365064905,122147.52724224645,70888.4268884269,86058.6756556019,812192.8690190281,110610.75623325777,0.0,642059.9266204648,778785.0431447747,944367.4808603718,1075013.3456706645,830755.7374652828,765926.4705882352,970327.175606499,701481.506593891
3234,5.888,857.51843,857.51855,0.13993866376195552,C45H79O13P,CCC=CCC=CCC=CCC=CCCCCCCC(=O)OC(COC(=O)CCCCCCCCCCCCCCC)COP(=O)(O)OC1C(O)C(O)C(O)C(O)C1O,[M-H]-,PI 16:0_20:4,"PI 16:0_20:4(8,11,14,17)",0.6334285714285713,0.4802900000000006,3.842964576914213e-05,3.842964576914213e-05,All,Some,0.0,388213.71610845294,153941.4683036833,219373.26349350944,324852.47275775357,357111.5731115731,408941.3243443981,347807.13098097173,367389.2437667423,0.0,78940.07337953527,361214.9568552253,335632.5191396281,404986.6543293356,279244.26253471716,554073.5294117648,339672.8243935009,588518.493406109
3275,5.912,833.51865,833.51855,0.1199733346965079,C43H79O13P,CCCCCCCCC=CCC=CCCCCC(=O)OC(COC(=O)CCCCCCCCCCCCCCC)COP(=O)(O)OC1C(O)C(O)C(O)C(O)C1O,[M-H]-,PI 16:0_18:2,"PI 16:0_18:2(6,9)",0.6579999999999999,0.340990000000005,0.0019611190819408594,0.0019611190819408594,All,Some,,,133033.0687830688,74882.75862068965,0.0,,,150217.75312066576,,,0.0,106310.01890359167,256454.22943221318,129109.30861336422,144184.7041847042,113307.6923076923,191835.50376970528,92814.08827463219
3275,5.912,833.51865,833.51855,0.1199733346965079,C43H79O13P,CCCCCC=CCC=CCCCCCCCC(=O)OC(COC(=O)CCCCCCCCCCCCCCC)COP(=O)(O)OC1C(O)C(O)C(O)C(O)C1O,[M-H]-,PI 16:0_18:2,"PI 16:0_18:2(9,12)",0.3646666666666665,0.6250300000000001,0.00017792140709232244,0.00017792140709232244,All,Some,,,89966.93121693122,47117.24137931034,239000.0,,,126782.24687933424,,,136000.0,205689.98109640833,183545.7705677868,246890.69138663576,95815.29581529583,207692.3076923077,200164.49623029472,221185.91172536783
3314,5.941,771.5199,771.51816,2.2552936408401703,C42H77O10P,CCCCCC=CCC=CCCCCCCCC(=O)OC(COC(=O)CCCCCCCC=CCCCCCCCC)COP(=O)(O)OCC(O)CO,[M-H]-,PG 18:1_18:2,"PG 18:1(9)_18:2(9,12)",0.3193333333333334,0.6103233333333264,0.0010077753213138024,0.0010077753213138024,Some,Some,0.0,0.0,0.0,0.0,0.0,0.0,0.0,0.0,,0.0,0.0,0.0,0.0,0.0,0.0,0.0,0.0,0.0
3314,5.941,771.5199,771.51816,2.2552936408401703,C42H77O10P,CCCCCC=CCC=CCCCCCCCC(=O)OC(COC(=O)CCCCCCCCCC=CCCCCCC)COP(=O)(O)OCC(O)CO,[M-H]-,PG 18:1_18:2,"PG 18:1(11)_18:2(9,12)",0.4536666666666669,0.34378666666666885,0.0005038876606569012,0.0005038876606569012,All,Some,0.0,0.0,0.0,0.0,0.0,0.0,0.0,0.0,,0.0,0.0,1820.0,0.0,0.0,0.0,0.0,0.0,0.0
3314,5.941,771.5199,771.51816,2.2552936408401703,C42H77O10P,CCCCCC=CCC=CCCCCCCCC(=O)OC(COC(=O)CCCCC=CCCCCCCCCCCC)COP(=O)(O)OCC(O)CO,[M-H]-,PG 18:1_18:2,"PG 18:1(6)_18:2(9,12)",0.44099999999999984,0.5153750000000059,0.0005038876606569012,0.0005038876606569012,All,Some,0.0,0.0,0.0,0.0,0.0,0.0,0.0,0.0,,0.0,0.0,0.0,0.0,0.0,0.0,0.0,0.0,0.0
3381,5.97,883.53402,883.5342,0.20372725809628084,C47H81O13P,CCCCCC=CCC=CCC=CCC=CCCCC(=O)OC(COC(=O)CCCCCCCCCC=CCCCCCC)COP(=O)(O)OC1C(O)C(O)C(O)C(O)C1O,[M-H]-,PI 18:1_20:4,"PI 18:1(11)_20:4(5,8,11,14)",0.4889999999999997,0.6661100000000146,0.0042225937803202895,0.0042225937803202895,All,Some,0.0,410733.4573478607,571896.164669428,524660.5814221062,438760.71193144366,375521.15222018136,437712.81868788274,856123.5171601919,396600.57726046524,0.0,484150.42576315533,867358.2943317733,918213.4588219561,1061075.448716154,703949.891494918,926193.142913039,954506.3767245603,875798.8949049886
3381,5.97,883.53402,883.5342,0.20372725809628084,C47H81O13P,CCC=CCC=CCC=CCC=CCCCCCCC(=O)OC(COC(=O)CCCCCCCCCC=CCCCCCC)COP(=O)(O)OC1C(O)C(O)C(O)C(O)C1O,[M-H]-,PI 18:1_20:4,"PI 18:1(11)_20:4(8,11,14,17)",0.28200000000000036,0.35098099999996746,0.0036250172042938426,0.0036250172042938426,All,Some,0.0,20587.29736912038,18239.16274069624,8960.075170668097,13806.489416245513,19111.344354062803,26691.238148496475,45477.49705695916,22723.36503504796,0.0,16483.94551075751,18494.157413355362,41830.9246984679,44682.60857390866,22325.441683116114,53150.73853076397,28414.747854670735,30993.396383469553
3381,5.97,883.53402,883.5342,0.20372725809628084,C47H81O13P,CCCCCC=CCC=CCC=CCC=CCCCC(=O)OC(COC(=O)CCCCCCCC=CCCCCCCCC)COP(=O)(O)OC1C(O)C(O)C(O)C(O)C1O,[M-H]-,PI 18:1_20:4,"PI 18:1(9)_20:4(5,8,11,14)",0.6789999999999996,0.6671425000000397,0.0032114290896568427,0.0032114290896568427,Some,Some,0.0,326528.0361413765,198400.10117937205,185242.00352841907,288127.1515417857,281473.2207936091,317409.3185226608,340912.61432581727,286398.8055936593,0.0,168336.51644490403,346475.559022361,389255.4267421158,417045.2636294907,259575.29762269653,355491.70171834755,397256.507103687,382772.7261917031
3381,5.97,883.53402,883.5342,0.20372725809628084,C47H81O13P,CCCCCC=CCC=CCC=CCC=CCCCC(=O)OC(COC(=O)CCCCC=CCCCCCCCCCCC)COP(=O)(O)OC1C(O)C(O)C(O)C(O)C1O,[M-H]-,PI 18:1_20:4,"PI 18:1(6)_20:4(5,8,11,14)",0.5297142857142855,0.6529557142857324,0.0026241488248834035,0.0026241488248834035,Some,Some,0.0,82011.69279829923,18239.16274069624,8960.075170668097,57415.95253790375,67895.565468381,74151.64840751379,67421.35289323554,63062.06762733013,0.0,16483.94551075751,32625.1873604356,71424.95340148281,63133.52280682105,22325.441683116114,40093.74286739054,56371.19332458871,49229.842321809374
3381,5.97,883.53402,883.5342,0.20372725809628084,C47H81O13P,CCC=CCC=CCC=CCC=CCCCCCCC(=O)OC(COC(=O)CCCCCCCC=CCCCCCCCC)COP(=O)(O)OC1C(O)C(O)C(O)C(O)C1O,[M-H]-,PI 18:1_20:4,"PI 18:1(9)_20:4(8,11,14,17)",0.47750000000000026,0.38220624999998165,0.002548635955759547,0.002548635955759547,Some,Some,0.0,311846.9306404464,634486.6727795871,563204.7250134232,366586.0982934153,292101.8105484125,332172.54263999395,940382.1425337318,310297.7122483244,0.0,555786.263730466,940273.6227096142,994547.2630162404,1167549.2817741442,803935.7919644937,1026312.1555968566,1045479.4000979819,964626.6538769492
3381,5.97,883.53402,883.5342,0.20372725809628084,C47H81O13P,CCC=CCC=CCC=CCC=CCCCCCCC(=O)OC(COC(=O)CCCCC=CCCCCCCCCCCC)COP(=O)(O)OC1C(O)C(O)C(O)C(O)C1O,[M-H]-,PI 18:1_20:4,"PI 18:1(6)_20:4(8,11,14,17)",0.37175000000000047,0.3946037499999875,0.002522243653713983,0.002522243653713983,Some,Some,0.0,118292.58570289661,218738.73589022039,208972.53969471506,135303.59627920605,113896.9066153532,131862.4335934521,409682.87603006425,120917.472235173,0.0,218758.9030399595,364773.1791624606,394727.97331973695,496513.87449948204,297888.1355516594,428758.51837360207,417971.7748945115,396578.48632108
3420,5.975,797.53336,797.53381,0.5642394019643224,C44H79O10P,CCC=CCC=CCC=CCCCCCCCCCC(=O)OC(COC(=O)CCCCCCCC=CCCCCCCCC)COP(=O)(O)OCC(O)CO,[M-H]-,PG 18:1_20:3,"PG 18:1(9)_20:3(11,14,17)",0.6180000000000003,0.568358000000012,0.0010170453030576678,0.0010170453030576678,Some,Some,0.0,1278.1336278299284,0.0,0.0,0.0,0.0,0.0,0.0,0.0,0.0,0.0,0.0,0.0,640.3575266438261,0.0,580.1220584257505,0.0,0.0
3420,5.975,797.53336,797.53381,0.5642394019643224,C44H79O10P,CCCCCC=CCC=CCC=CCCCCCCC(=O)OC(COC(=O)CCCCCCCC=CCCCCCCCC)COP(=O)(O)OCC(O)CO,[M-H]-,PG 18:1_20:3,"PG 18:1(9)_20:3(8,11,14)",0.5466666666666672,0.4848183333333509,0.0006160940031105905,0.0006160940031105905,Some,Some,0.0,312.7921958402356,0.0,0.0,0.0,0.0,0.0,0.0,0.0,0.0,0.0,0.0,0.0,291.5945840023262,0.0,218.45296862320802,0.0,0.0
3420,5.975,797.53336,797.53381,0.5642394019643224,C44H79O10P,CCCCCCCCC=CCC=CCC=CCCCC(=O)OC(COC(=O)CCCCCCCC=CCCCCCCCC)COP(=O)(O)OCC(O)CO,[M-H]-,PG 18:1_20:3,"PG 18:1(9)_20:3(5,8,11)",0.375,0.47272250000000327,0.0005891851037914609,0.0005891851037914609,Some,Some,0.0,1462.5731639977914,0.0,0.0,0.0,0.0,0.0,0.0,0.0,0.0,0.0,0.0,0.0,867.1732891692687,0.0,913.970449012713,0.0,0.0
3420,5.975,797.53336,797.53381,0.5642394019643224,C44H79O10P,CCCCCCCCC=CCC=CCC=CCCCC(=O)OC(COC(=O)CCCCC=CCCCCCCCCCCC)COP(=O)(O)OCC(O)CO,[M-H]-,PG 18:1_20:3,"PG 18:1(6)_20:3(5,8,11)",0.48240000000000016,0.5767240000000129,0.0004713480830331687,0.0004713480830331687,Some,Some,0.0,1316.963003865268,0.0,0.0,0.0,0.0,0.0,0.0,0.0,0.0,0.0,0.0,0.0,550.2304706759884,0.0,528.9964836353801,0.0,0.0
3420,5.975,797.53336,797.53381,0.5642394019643224,C44H79O10P,CCC=CCC=CCC=CCCCCCCCCCC(=O)OC(COC(=O)CCCCC=CCCCCCCCCCCC)COP(=O)(O)OCC(O)CO,[M-H]-,PG 18:1_20:3,"PG 18:1(6)_20:3(11,14,17)",0.6160000000000005,0.4913483333333488,0.0004547476833537493,0.0004547476833537493,Some,Some,0.0,312.7921958402356,0.0,0.0,0.0,0.0,0.0,0.0,0.0,0.0,0.0,0.0,0.0,201.46752803448842,0.0,167.32739383283743,0.0,0.0
3420,5.975,797.53336,797.53381,0.5642394019643224,C44H79O10P,CCC=CCC=CCC=CCCCCCCCCCC(=O)OC(COC(=O)CCCCCCCCCC=CCCCCCC)COP(=O)(O)OCC(O)CO,[M-H]-,PG 18:1_20:3,"PG 18:1(11)_20:3(11,14,17)",0.5680000000000004,0.3117542857142845,0.00038978372858892795,0.00038978372858892795,Some,Some,0.0,1337.456285661697,0.0,0.0,0.0,0.0,0.0,0.0,0.0,0.0,0.0,0.0,0.0,777.0462332014309,0.0,862.8448742223424,0.0,0.0
3420,5.975,797.53336,797.53381,0.5642394019643224,C44H79O10P,CCCCCCCCC=CCC=CCC=CCCCC(=O)OC(COC(=O)CCCCCCCCCC=CCCCCCC)COP(=O)(O)OCC(O)CO,[M-H]-,PG 18:1_20:3,"PG 18:1(11)_20:3(5,8,11)",0.36275000000000035,0.47376375000000337,0.00029459255189573044,0.00029459255189573044,All,Some,0.0,1278.1336278299284,0.0,0.0,0.0,0.0,0.0,0.0,0.0,0.0,0.0,0.0,0.0,496.2381319612132,0.0,528.9964836353801,0.0,0.0
3420,5.975,797.53336,797.53381,0.5642394019643224,C44H79O10P,CCCCCC=CCC=CCC=CCCCCCCC(=O)OC(COC(=O)CCCCC=CCCCCCCCCCCC)COP(=O)(O)OCC(O)CO,[M-H]-,PG 18:1_20:3,"PG 18:1(6)_20:3(8,11,14)",0.4620000000000009,0.49904833333334864,0.0002233039339162833,0.0002233039339162833,Some,Some,0.0,312.7921958402356,0.0,0.0,0.0,0.0,0.0,0.0,0.0,0.0,0.0,0.0,0.0,132.55388816546352,0.0,106.44441439004599,0.0,0.0
3420,5.975,797.53336,797.53381,0.5642394019643224,C44H79O10P,CCCCCC=CCC=CCC=CCCCCCCC(=O)OC(COC(=O)CCCCCCCCCC=CCCCCCC)COP(=O)(O)OCC(O)CO,[M-H]-,PG 18:1_20:3,"PG 18:1(11)_20:3(8,11,14)",0.4635000000000007,0.3871675000000039,0.0001674779504372125,0.0001674779504372125,All,Some,0.0,1178.3637032946808,0.0,0.0,0.0,0.0,0.0,0.0,0.0,0.0,0.0,0.0,0.0,783.3383481459941,0.0,862.8448742223424,0.0,0.0
3412,5.975,881.51861,881.51855,0.06806436456975455,C47H79O13P,CCC=CCC=CCC=CCC=CCC=CCC=CCCC(=O)OC(COC(=O)CCCCCCCCCCCCCCC)COP(=O)(O)OC1C(O)C(O)C(O)C(O)C1O,[M-H]-,PI 16:0_22:6,"PI 16:0_22:6(4,7,10,13,16,19)",0.6030000000000005,0.6449524999999786,0.00017577182187567258,0.00017577182187567258,All,Some,0.0,0.0,0.0,0.0,0.0,0.0,0.0,0.0,0.0,0.0,0.0,0.0,0.0,0.0,0.0,8250.0,0.0,0.0
3474,5.996,909.55055,909.54985,0.7696114732487277,C49H83O13P,CCCCCC=CCC=CCC=CCC=CCC=CCCC(=O)OC(COC(=O)CCCCC=CCCCCCCCCCCC)COP(=O)(O)OC1C(O)C(O)C(O)C(O)C1O,[M-H]-,PI 18:1_22:5,"PI 18:1(6)_22:5(4,7,10,13,16)",0.4182499999999997,0.5256724999999989,0.004182241112211876,0.004182241112211876,Some,Some,,15271.96940955652,10683.661467338427,3397.024063931933,12437.936395759718,12395.207494580365,14552.242851334871,20675.993362540015,16781.213313750704,0.0,5680.449167836375,14139.801144923169,19894.310451849055,21612.499026295587,9613.04831237591,19052.617838472866,19364.978632334376,14556.615451831356
3474,5.996,909.55055,909.54985,0.7696114732487277,C49H83O13P,CCCCCC=CCC=CCC=CCC=CCC=CCCC(=O)OC(COC(=O)CCCCCCCC=CCCCCCCCC)COP(=O)(O)OC1C(O)C(O)C(O)C(O)C1O,[M-H]-,PI 18:1_22:5,"PI 18:1(9)_22:5(4,7,10,13,16)",0.49423529411764683,0.3884005882352727,0.004085892604985556,0.004085892604985556,Some,Some,,3590.633174257702,6610.243730130695,3202.9481050026343,2921.7243816254418,248.04118922266952,2302.2191353841977,10091.771910213774,3678.3136758519863,0.0,4750.220573491078,7050.316360349503,9013.380772898015,9684.0746469626,596.1813368630046,8497.99536291701,6926.38450996145,7079.880579625719
3474,5.996,909.55055,909.54985,0.7696114732487277,C49H83O13P,CCCCCC=CCC=CCC=CCC=CCC=CCCC(=O)OC(COC(=O)CCCCCCCCCC=CCCCCCC)COP(=O)(O)OC1C(O)C(O)C(O)C(O)C1O,[M-H]-,PI 18:1_22:5,"PI 18:1(11)_22:5(4,7,10,13,16)",0.3366315789473683,0.40093368421050973,0.0035670165464442237,0.0035670165464442237,All,Some,,15271.96940955652,10333.94188402833,5787.076445972944,12437.936395759718,12395.207494580365,16082.15205312373,14639.181842797736,13414.223577999812,0.0,4799.7593743733705,14139.801144923169,16922.614210112053,19283.086476080258,12037.853077432164,16556.151594074978,15910.505600151228,14556.615451831356
3474,5.996,909.55055,909.54985,0.7696114732487277,C49H83O13P,CCC=CCC=CCC=CCC=CCC=CCCCCCC(=O)OC(COC(=O)CCCCCCCC=CCCCCCCCC)COP(=O)(O)OC1C(O)C(O)C(O)C(O)C1O,[M-H]-,PI 18:1_22:5,"PI 18:1(9)_22:5(7,10,13,16,19)",0.6533333333333332,0.2713144444444045,0.00020389809711651466,0.00020389809711651466,Some,Some,,6938.559533555638,11498.616817564927,7992.316638007296,7620.296819787985,3461.6135026323946,5664.737769345438,18326.52692823073,5645.944947963534,0.0,9566.492881491879,17445.013558300692,17602.46753994714,21102.12211922594,8867.571144937127,16804.888206518022,16326.537087921357,17318.721328187577
3474,5.996,909.55055,909.54985,0.7696114732487277,C49H83O13P,CCC=CCC=CCC=CCC=CCC=CCCCCCC(=O)OC(COC(=O)CCCCC=CCCCCCCCCCCC)COP(=O)(O)OC1C(O)C(O)C(O)C(O)C1O,[M-H]-,PI 18:1_22:5,"PI 18:1(6)_22:5(7,10,13,16,19)",0.6768888888888888,0.35400666666664116,0.00014372420298091573,0.00014372420298091573,Some,Some,,26350.821668896384,28231.249264099843,20775.85456280378,25993.272084805652,21960.5528027253,24510.231738717983,49420.583068922664,21306.07222398717,0.0,23822.658913174248,47884.90509189514,52635.39153638917,61945.361272158734,37075.465254798146,50226.59547356053,53112.52286981589,46622.442292288644
3474,5.996,909.55055,909.54985,0.7696114732487277,C49H83O13P,CCC=CCC=CCC=CCC=CCC=CCCCCCC(=O)OC(COC(=O)CCCCCCCCCC=CCCCCCC)COP(=O)(O)OC1C(O)C(O)C(O)C(O)C1O,[M-H]-,PI 18:1_22:5,"PI 18:1(11)_22:5(7,10,13,16,19)",0.5059999999999999,0.24899545454541733,0.00010894732535161937,0.00010894732535161937,All,Some,,4076.046804177233,5742.286836837766,5444.780184281412,3388.833922261484,2639.377516258904,3688.416452093779,10845.942887295098,3274.232260446797,0.0,6280.419089633046,9340.162699608314,11931.835488804561,13372.856459276902,7509.880873593645,10861.751524456571,11359.07129981569,8865.724896235344
3540,6.047,719.48651,719.48686,0.48645780692343654,C38H73O10P,CCCCCCC=CCCCCCCCCCC(=O)OC(COC(=O)CCCCCCCCCCCCC)COP(=O)(O)OCC(O)CO,[M-H]-,PG 14:0_18:1,PG 14:0_18:1(11),0.48600000000000065,0.5124100000000453,0.0,0.0,All,None,,112000.0,117000.0,144000.0,141000.0,,121000.0,,,,123000.0,128000.0,,134000.0,147000.0,,128000.0,157000.0
3555,6.056,797.53403,797.53381,0.27585037430950743,C44H79O10P,CCC=CCC=CCC=CCCCCCCCCCC(=O)OC(COC(=O)CCCCCCCC=CCCCCCCCC)COP(=O)(O)OCC(O)CO,[M-H]-,PG 18:1_20:3,"PG 18:1(9)_20:3(11,14,17)",0.2585000000000002,0.7261650000000088,0.0012002525166806232,0.0012002525166806232,Some,Some,0.0,2010.3788271925273,92.30289612795374,0.0,2089.6270684119536,0.0,2690.1582492924617,142.35517619671955,2761.9008663964596,0.0,0.0,279.94969219567076,0.0,160.90294616226421,0.0,46.212078413648946,229.49836774104554,0.0
3555,6.056,797.53403,797.53381,0.27585037430950743,C44H79O10P,CCC=CCC=CCC=CCCCCCCCCCC(=O)OC(COC(=O)CCCCC=CCCCCCCCCCCC)COP(=O)(O)OCC(O)CO,[M-H]-,PG 18:1_20:3,"PG 18:1(6)_20:3(11,14,17)",0.3006666666666667,0.6410250000000133,0.0008001683444537488,0.0008001683444537488,Some,Some,0.0,640.6701756987175,240.49383273844487,0.0,1311.657199308471,0.0,1172.400047833539,410.03291146014504,1445.8706726657495,0.0,0.0,166.7432316144833,0.0,315.9787996480913,0.0,234.4500310716909,469.1930663478781,0.0
3555,6.056,797.53403,797.53381,0.27585037430950743,C44H79O10P,CCC=CCC=CCC=CCCCCCCCCCC(=O)OC(COC(=O)CCCCCCCCCC=CCCCCCC)COP(=O)(O)OCC(O)CO,[M-H]-,PG 18:1_20:3,"PG 18:1(11)_20:3(11,14,17)",0.27685714285714297,0.5706400000000258,0.0006859198559224431,0.0006859198559224431,Some,Some,0.0,2995.685373267106,1294.9667916685494,0.0,4183.921956038527,0.0,4868.641128871527,1640.7566960104887,2932.2797754062394,0.0,0.0,882.4187462765605,0.0,1218.7082376671028,0.0,1208.971244562454,1913.0258862476435,0.0
3555,6.056,797.53403,797.53381,0.27585037430950743,C44H79O10P,CCCCCC=CCC=CCC=CCCCCCCC(=O)OC(COC(=O)CCCCCCCC=CCCCCCCCC)COP(=O)(O)OCC(O)CO,[M-H]-,PG 18:1_20:3,"PG 18:1(9)_20:3(8,11,14)",0.46120000000000017,0.4146099999999933,0.0003083915026961389,0.0003083915026961389,Some,Some,0.0,2089.9102972792643,92.30289612795374,0.0,1781.5510002469744,0.0,2690.1582492924617,142.35517619671955,2079.797716877998,0.0,0.0,183.9875554378765,0.0,160.90294616226421,0.0,46.212078413648946,302.3293024966665,0.0
3555,6.056,797.53403,797.53381,0.27585037430950743,C44H79O10P,CCCCCC=CCC=CCC=CCCCCCCC(=O)OC(COC(=O)CCCCC=CCCCCCCCCCCC)COP(=O)(O)OCC(O)CO,[M-H]-,PG 18:1_20:3,"PG 18:1(6)_20:3(8,11,14)",0.35400000000000037,0.4988249999999918,0.00025699291891344907,0.00025699291891344907,Some,Some,0.0,2739.417302987619,1294.9667916685494,0.0,3875.845887873549,0.0,4344.242037708774,1640.7566960104887,2250.176625887778,0.0,0.0,786.4566095187661,0.0,1218.7082376671028,0.0,1208.971244562454,1985.8568210032643,0.0
3555,6.056,797.53403,797.53381,0.27585037430950743,C44H79O10P,CCCCCC=CCC=CCC=CCCCCCCC(=O)OC(COC(=O)CCCCCCCCCC=CCCCCCC)COP(=O)(O)OCC(O)CO,[M-H]-,PG 18:1_20:3,"PG 18:1(11)_20:3(8,11,14)",0.3440000000000003,0.5013512500000132,0.00019279830477691287,0.00019279830477691287,All,Some,0.0,2010.3788271925273,0.0,0.0,1781.5510002469744,0.0,2690.1582492924617,142.35517619671955,2079.797716877998,0.0,0.0,183.9875554378765,0.0,76.22213162242774,0.0,46.212078413648946,229.49836774104554,0.0
3555,6.056,797.53403,797.53381,0.27585037430950743,C44H79O10P,CCCCCCCCC=CCC=CCC=CCCCC(=O)OC(COC(=O)CCCCCCCCCC=CCCCCCC)COP(=O)(O)OCC(O)CO,[M-H]-,PG 18:1_20:3,"PG 18:1(11)_20:3(5,8,11)",0.30366666666666653,0.4935800000000275,7.148745576808485e-08,7.148745576808485e-08,Some,Some,0.0,2413.5591963822367,1294.9667916685494,0.0,3875.845887873549,0.0,4344.242037708774,1721.3881679287185,2250.176625887778,0.0,0.0,786.4566095187661,0.0,1228.5767010707466,0.0,1208.971244562454,1910.598188422456,0.0
3557,6.058,907.53335,907.5342,0.936603821667554,C49H81O13P,CCC=CCC=CCC=CCC=CCC=CCC=CCCC(=O)OC(COC(=O)CCCCC=CCCCCCCCCCCC)COP(=O)(O)OC1C(O)C(O)C(O)C(O)C1O,[M-H]-,PI 18:1_22:6,"PI 18:1(6)_22:6(4,7,10,13,16,19)",0.4130909090909093,0.5038945454545207,0.00299426466871022,0.00299426466871022,Some,Some,0.0,0.0,0.0,0.0,0.0,0.0,0.0,0.0,0.0,,0.0,0.0,0.0,0.0,0.0,0.0,3292.533827269017,1166.262353998203
3557,6.058,907.53335,907.5342,0.936603821667554,C49H81O13P,CCC=CCC=CCC=CCC=CCC=CCC=CCCC(=O)OC(COC(=O)CCCCCCCC=CCCCCCCCC)COP(=O)(O)OC1C(O)C(O)C(O)C(O)C1O,[M-H]-,PI 18:1_22:6,"PI 18:1(9)_22:6(4,7,10,13,16,19)",0.4305454545454546,0.42932454545451615,0.002948740981493315,0.002948740981493315,Some,Some,0.0,0.0,0.0,0.0,0.0,0.0,0.0,0.0,0.0,,0.0,0.0,0.0,0.0,0.0,0.0,1435.0384579160518,475.96585804132974
3557,6.058,907.53335,907.5342,0.936603821667554,C49H81O13P,CCC=CCC=CCC=CCC=CCC=CCC=CCCC(=O)OC(COC(=O)CCCCCCCCCC=CCCCCCC)COP(=O)(O)OC1C(O)C(O)C(O)C(O)C1O,[M-H]-,PI 18:1_22:6,"PI 18:1(11)_22:6(4,7,10,13,16,19)",0.3681538461538463,0.48289999999998984,0.002571942746413122,0.002571942746413122,All,Some,0.0,0.0,0.0,0.0,0.0,0.0,0.0,0.0,0.0,,0.0,0.0,0.0,0.0,0.0,0.0,2752.4277148149313,957.7717879604671
3587,6.078,717.47062,717.47121,0.8223326480073285,C38H71O10P,CCCCCCCCCC=CCCCCC(=O)OC(COC(=O)CCCCC=CCCCCCCCCC)COP(=O)(O)OCC(O)CO,[M-H]-,PG 16:1_16:1,PG 16:1(6)_16:1(6),0.20399999999999885,0.8580600000000231,0.0,0.0,All,None,,,0.0,,,,,,,,,,,,,,,0.0
3586,6.078,855.50288,855.5029,0.023378062131063325,C45H77O13P,CCC=CCC=CCC=CCC=CCC=CCCCC(=O)OC(COC(=O)CCCCCCCCCCCCCCC)COP(=O)(O)OC1C(O)C(O)C(O)C(O)C1O,[M-H]-,PI 16:0_20:5,"PI 16:0_20:5(5,8,11,14,17)",0.6377999999999997,0.6794930000000136,0.00013489594768830842,0.00013489594768830842,All,Some,0.0,0.0,0.0,0.0,0.0,0.0,0.0,0.0,0.0,,0.0,0.0,0.0,0.0,0.0,0.0,0.0,0.0
3591,6.079,807.50399,807.5029,1.3498403536262045,C41H77O13P,CCCCCCCCC=CCCCCCCCCCCCCCCCC(=O)OC(COC(=O)CCCCC)COP(=O)(O)OC1C(O)C(O)C(O)C(O)C1O,[M-H]-,PI 6:0_26:1,PI 6:0_26:1(17),0.2839999999999998,0.899910000000034,0.0005318357510749819,0.0005318357510749819,All,All,,1410.0,,0.0,5790.0,4350.0,0.0,,0.0,,,,,,0.0,,,0.0
3608,6.094,769.50229,769.50251,0.2858990024775716,C42H75O10P,CCCCCC=CCC=CCC=CCCCCC(=O)OC(COC(=O)CCCCCCCCCC=CCCCCCC)COP(=O)(O)OCC(O)CO,[M-H]-,PG 18:1_18:3,"PG 18:1(11)_18:3(6,9,12)",0.6179999999999998,0.2044449999999832,0.0,0.0,Some,Some,,0.0,0.0,3300.0,0.0,,0.0,0.0,0.0,,0.0,0.0,3640.0,0.0,0.0,0.0,0.0,0.0
3628,6.108,907.53149,907.5342,2.9861133608990214,C49H81O13P,CCC=CCC=CCC=CCC=CCC=CCC=CCCC(=O)OC(COC(=O)CCCCC=CCCCCCCCCCCC)COP(=O)(O)OC1C(O)C(O)C(O)C(O)C1O,[M-H]-,PI 18:1_22:6,"PI 18:1(6)_22:6(4,7,10,13,16,19)",0.39436363636363664,0.518055454545447,0.0027695529426574853,0.0027695529426574853,Some,Some,0.0,0.0,0.0,0.0,0.0,0.0,0.0,0.0,0.0,,0.0,0.0,1301.8410151883752,0.0,0.0,0.0,0.0,939.8494124269932
3628,6.108,907.53149,907.5342,2.9861133608990214,C49H81O13P,CCC=CCC=CCC=CCC=CCC=CCC=CCCC(=O)OC(COC(=O)CCCCCCCC=CCCCCCCCC)COP(=O)(O)OC1C(O)C(O)C(O)C(O)C1O,[M-H]-,PI 18:1_22:6,"PI 18:1(9)_22:6(4,7,10,13,16,19)",0.3860000000000002,0.5117899999999881,0.0027253556560187823,0.0027253556560187823,Some,Some,0.0,0.0,0.0,0.0,0.0,0.0,0.0,0.0,0.0,,0.0,0.0,701.3676112827931,0.0,0.0,0.0,0.0,486.10231510801486
3628,6.108,907.53149,907.5342,2.9861133608990214,C49H81O13P,CCC=CCC=CCC=CCC=CCC=CCC=CCCC(=O)OC(COC(=O)CCCCCCCCCC=CCCCCCC)COP(=O)(O)OC1C(O)C(O)C(O)C(O)C1O,[M-H]-,PI 18:1_22:6,"PI 18:1(11)_22:6(4,7,10,13,16,19)",0.3141538461538463,0.5524930769230685,0.002379345058601421,0.002379345058601421,All,Some,0.0,0.0,0.0,0.0,0.0,0.0,0.0,0.0,0.0,,0.0,0.0,1096.7913735288316,0.0,0.0,0.0,0.0,774.048272464992
3652,6.124,745.50228,745.50251,0.30851673455497824,C40H75O10P,CCCCCCC=CCCCCCCCCCC(=O)OC(COC(=O)CCCCC=CCCCCCCCCC)COP(=O)(O)OCC(O)CO,[M-H]-,PG 16:1_18:1,PG 16:1(6)_18:1(11),0.5370000000000004,0.28661500000001183,0.0,0.0,All,None,,180000.0,,,218000.0,,183000.0,244000.0,,,,235000.0,,250000.0,204000.0,292000.0,246000.0,292000.0
3657,6.125,746.50481,746.51301,10.984403339451505,C43H74NO7P,CCCCCCCCCC=CCCCCC(=O)OC(COCCCC=CCC=CCC=CCC=CCC=CCC=CCC)COP(=O)(O)OCCN,[M-H]-,PE O-22:6_16:1,"PE O-22:6(4,7,10,13,16,19)_16:1(6)",0.5031428571428569,0.1898485714285698,0.0006568457176506948,0.0006568457176506948,Some,Some,,28861.44629867352,26384.88095238095,44975.43859649122,34474.97538331692,20232.131891603254,28975.851703406814,43996.55496398371,39807.23852949558,0.0,32131.419939577037,41884.39591791946,45829.19792267744,40098.86778151499,44335.70581257414,43532.37329761107,37910.9095758869,39089.51714991862
3657,6.125,746.50481,746.51301,10.984403339451505,C43H74NO7P,CCCCCCCCC=CCCCCCC(=O)OC(COCCCC=CCC=CCC=CCC=CCC=CCC=CCC)COP(=O)(O)OCCN,[M-H]-,PE O-22:6_16:1,"PE O-22:6(4,7,10,13,16,19)_16:1(7)",0.4172499999999999,0.2617912500000159,0.000574740002944358,0.000574740002944358,Some,Some,,35329.73898160034,26265.35714285714,42533.33333333333,30824.8417498945,15933.93405419837,25439.428857715433,37743.814594425305,28296.380735252205,0.0,32131.419939577037,39768.95643586086,38085.40103866128,42934.48292197641,44137.99920917359,37733.81335119446,37167.67137903441,44820.965700162764
3657,6.125,746.50481,746.51301,10.984403339451505,C43H74NO7P,CCCCCCC=CCCCCCCCC(=O)OC(COCCCC=CCC=CCC=CCC=CCC=CCC=CCC)COP(=O)(O)OCCN,[M-H]-,PE O-22:6_16:1,"PE O-22:6(4,7,10,13,16,19)_16:1(9)",0.42625,0.16630999999999574,0.000574740002944358,0.000574740002944358,Some,Some,,24208.814719726146,22649.761904761905,28491.228070175435,30100.182866788582,15933.93405419837,21484.719438877757,39259.630441590976,28296.380735252205,0.0,24737.16012084592,37346.64764621969,38085.40103866128,35966.64929650859,36526.29497825227,37733.81335119446,32921.41904507869,39089.51714991862
3665,6.132,748.52011,748.52866,11.422408328226387,C43H76NO7P,CCCCCCCCCCCC=CCCCCC(=O)OC(COCCCCC=CCC=CCC=CCC=CCC=CCC)COP(=O)(O)OCCN,[M-H]-,PE O-20:5_18:1,"PE O-20:5(5,8,11,14,17)_18:1(6)",0.5506666666666664,0.19846166666667386,0.006032893583602344,0.006032893583602344,Some,Some,,0.0,4640.486208508649,0.0,2450.0000000000005,0.0,0.0,0.0,0.0,,2779.8414711477494,0.0,0.0,0.0,4525.875048256338,0.0,0.0,0.0
3665,6.132,748.52011,748.52866,11.422408328226387,C43H76NO7P,CCCCCCCCC=CCCCCCCCC(=O)OC(COCCCCC=CCC=CCC=CCC=CCC=CCC)COP(=O)(O)OCCN,[M-H]-,PE O-20:5_18:1,"PE O-20:5(5,8,11,14,17)_18:1(9)",0.5373333333333331,0.3359783333333439,0.006032893583602344,0.006032893583602344,Some,Some,,0.0,3375.642823749416,0.0,2450.0000000000005,0.0,0.0,0.0,0.0,,1625.0792644261257,0.0,0.0,0.0,2368.446789345001,0.0,0.0,0.0
3665,6.132,748.52011,748.52866,11.422408328226387,C43H76NO7P,CCCCCCC=CCCCCCCCCCC(=O)OC(COCCCCC=CCC=CCC=CCC=CCC=CCC)COP(=O)(O)OCCN,[M-H]-,PE O-20:5_18:1,"PE O-20:5(5,8,11,14,17)_18:1(11)",0.530888888888889,0.4487844444444388,0.0040219290557348955,0.0040219290557348955,Some,Some,,0.0,2483.870967741935,0.0,2450.0000000000005,0.0,0.0,0.0,0.0,,1625.0792644261257,0.0,0.0,0.0,2895.6781623986612,0.0,0.0,0.0
3693,6.155,793.5017,793.50251,1.0207907218860715,C44H75O10P,CCC=CCC=CCC=CCC=CCC=CCC=CCCC(=O)OC(COC(=O)CCCCCCCCCCCCCCC)COP(=O)(O)OCC(O)CO,[M-H]-,PG 16:0_22:6,"PG 16:0_22:6(4,7,10,13,16,19)",0.48499999999999976,0.5774490000000242,0.0002073777468038295,0.0002073777468038295,Some,Some,,0.0,0.0,0.0,0.0,0.0,0.0,0.0,0.0,27200.0,0.0,0.0,0.0,0.0,0.0,0.0,0.0,0.0
3695,6.156,771.51741,771.51816,0.9721093278289412,C42H77O10P,CCCCCC=CCC=CCCCCCCCC(=O)OC(COC(=O)CCCCCCCC=CCCCCCCCC)COP(=O)(O)OCC(O)CO,[M-H]-,PG 18:1_18:2,"PG 18:1(9)_18:2(9,12)",0.6173333333333328,0.3124633333333122,0.0009892652296941587,0.0009892652296941587,Some,Some,0.0,0.0,0.0,2840.0626959247647,,0.0,,0.0,,0.0,0.0,0.0,0.0,4316.049382716049,0.0,0.0,0.0,0.0
3695,6.156,771.51741,771.51816,0.9721093278289412,C42H77O10P,CCCCCC=CCC=CCCCCCCCC(=O)OC(COC(=O)CCCCC=CCCCCCCCCCCC)COP(=O)(O)OCC(O)CO,[M-H]-,PG 18:1_18:2,"PG 18:1(6)_18:2(9,12)",0.6764000000000003,0.4098439999999755,0.0005935591378164952,0.0005935591378164952,All,Some,0.0,0.0,0.0,1829.9373040752348,,0.0,,0.0,,0.0,0.0,0.0,0.0,486.9753086419753,0.0,0.0,0.0,0.0
3695,6.156,771.51741,771.51816,0.9721093278289412,C42H77O10P,CCCCCC=CCC=CCCCCCCCC(=O)OC(COC(=O)CCCCCCCCCC=CCCCCCC)COP(=O)(O)OCC(O)CO,[M-H]-,PG 18:1_18:2,"PG 18:1(11)_18:2(9,12)",0.511666666666667,0.35663499999998294,0.0004946326148470793,0.0004946326148470793,All,Some,0.0,0.0,0.0,0.0,,0.0,,0.0,,0.0,0.0,0.0,0.0,486.9753086419753,0.0,0.0,0.0,0.0
3696,6.157,909.55192,909.54985,2.2758510707283905,C49H83O13P,CCCCCC=CCC=CCC=CCC=CCC=CCCC(=O)OC(COC(=O)CCCCC=CCCCCCCCCCCC)COP(=O)(O)OC1C(O)C(O)C(O)C(O)C1O,[M-H]-,PI 18:1_22:5,"PI 18:1(6)_22:5(4,7,10,13,16)",0.2250666666666665,0.40240066666666885,0.004434124395191437,0.004434124395191437,Some,Some,,0.0,2666.056007087554,0.0,0.0,0.0,3001.7827069213395,0.0,0.0,,0.0,4829.711736083054,0.0,0.0,0.0,5665.718919466828,0.0,0.0
3696,6.157,909.55192,909.54985,2.2758510707283905,C49H83O13P,CCCCCC=CCC=CCC=CCC=CCC=CCCC(=O)OC(COC(=O)CCCCCCCC=CCCCCCCCC)COP(=O)(O)OC1C(O)C(O)C(O)C(O)C1O,[M-H]-,PI 18:1_22:5,"PI 18:1(9)_22:5(4,7,10,13,16)",0.27474999999999994,0.322838124999997,0.004279383691656766,0.004279383691656766,Some,Some,,0.0,1554.7652247602173,0.0,0.0,0.0,1151.267200657219,0.0,0.0,,0.0,2888.6890227835647,0.0,0.0,0.0,3138.708968965925,0.0,0.0
3696,6.157,909.55192,909.54985,2.2758510707283905,C49H83O13P,CCCCCC=CCC=CCC=CCC=CCC=CCCC(=O)OC(COC(=O)CCCCCCCCCC=CCCCCCC)COP(=O)(O)OC1C(O)C(O)C(O)C(O)C1O,[M-H]-,PI 18:1_22:5,"PI 18:1(11)_22:5(4,7,10,13,16)",0.23544444444444432,0.3527188888888936,0.0037274100927413892,0.0037274100927413892,All,Some,,0.0,2458.587881822734,0.0,0.0,0.0,3132.4707332101048,0.0,0.0,,0.0,4829.711736083054,0.0,0.0,0.0,5253.190411028331,0.0,0.0
3696,6.157,909.55192,909.54985,2.2758510707283905,C49H83O13P,CCC=CCC=CCC=CCC=CCC=CCCCCCC(=O)OC(COC(=O)CCCCCCCC=CCCCCCCCC)COP(=O)(O)OC1C(O)C(O)C(O)C(O)C1O,[M-H]-,PI 18:1_22:5,"PI 18:1(9)_22:5(7,10,13,16,19)",0.46977777777777796,0.3274977777777824,0.00019675791681655048,0.00019675791681655048,Some,Some,,0.0,2124.8495820654057,0.0,0.0,0.0,2089.997946190183,0.0,0.0,,0.0,4743.169322114287,0.0,0.0,0.0,4642.173483351072,0.0,0.0
3696,6.157,909.55192,909.54985,2.2758510707283905,C49H83O13P,CCC=CCC=CCC=CCC=CCC=CCCCCCC(=O)OC(COC(=O)CCCCC=CCCCCCCCCCCC)COP(=O)(O)OC1C(O)C(O)C(O)C(O)C1O,[M-H]-,PI 18:1_22:5,"PI 18:1(6)_22:5(7,10,13,16,19)",0.49540000000000006,0.41019600000000767,0.00015113721409005195,0.00015113721409005195,Some,Some,,0.0,4449.466507453487,0.0,0.0,0.0,5460.60382008626,0.0,0.0,,0.0,9965.815869446835,0.0,0.0,0.0,10089.486932576487,0.0,0.0
3696,6.157,909.55192,909.54985,2.2758510707283905,C49H83O13P,CCC=CCC=CCC=CCC=CCC=CCCCCCC(=O)OC(COC(=O)CCCCCCCCCC=CCCCCCC)COP(=O)(O)OC1C(O)C(O)C(O)C(O)C1O,[M-H]-,PI 18:1_22:5,"PI 18:1(11)_22:5(7,10,13,16,19)",0.4227272727272728,0.30240000000001355,0.00011708458198287086,0.00011708458198287086,All,Some,,0.0,1446.2747968106005,0.0,0.0,0.0,1563.8775929348942,0.0,0.0,,0.0,3342.902313489206,0.0,0.0,0.0,3510.7212846113557,0.0,0.0
3701,6.16,743.48656,743.48686,0.40350410486702326,C40H73O10P,CCCCCCCCC=CCC=CCCCCC(=O)OC(COC(=O)CCCCC=CCCCCCCCCC)COP(=O)(O)OCC(O)CO,[M-H]-,PG 16:1_18:2,"PG 16:1(6)_18:2(6,9)",0.4049999999999998,0.8984175000000789,0.0,0.0,All,None,0.0,0.0,0.0,0.0,,0.0,0.0,0.0,,7490.0,0.0,,,,0.0,0.0,0.0,0.0
3735,6.185,857.51972,857.51855,1.3644019712481925,C45H79O13P,CCCCCC=CCC=CCC=CCC=CCCCCCCCCCC(=O)OC(COC(=O)CCCCCCCCC)COP(=O)(O)OC1C(O)C(O)C(O)C(O)C1O,[M-H]-,PI 10:0_26:4,"PI 10:0_26:4(11,14,17,20)",0.36475000000000035,0.794501250000053,0.00022426106005013426,0.00022426106005013426,All,Some,0.0,0.0,0.0,4710.0,0.0,,0.0,0.0,0.0,,0.0,0.0,0.0,0.0,0.0,0.0,0.0,0.0
3759,6.208,859.53467,859.5342,0.5468077942102041,C45H81O13P,CCCCCCCCC=CCC=CCC=CCCCC(=O)OC(COC(=O)CCCCCCCCCCCCCCC)COP(=O)(O)OC1C(O)C(O)C(O)C(O)C1O,[M-H]-,PI 16:0_20:3,"PI 16:0_20:3(5,8,11)",0.3526666666666663,0.6596733333333683,0.002419317887165061,0.002419317887165061,All,Some,0.0,229265.69783383605,204244.70457079154,134773.85815076123,204412.82689912827,169123.16023326854,209532.31492361924,265544.43208503275,215127.26016353795,0.0,144891.39387171078,263045.6002850018,262238.95416184014,275071.5421303656,209453.89930898327,304241.7302798982,304418.0346820809,302577.0723411677
3759,6.208,859.53467,859.5342,0.5468077942102041,C45H81O13P,CCC=CCC=CCC=CCCCCCCCCCC(=O)OC(COC(=O)CCCCCCCCCCCCCCC)COP(=O)(O)OC1C(O)C(O)C(O)C(O)C1O,[M-H]-,PI 16:0_20:3,"PI 16:0_20:3(11,14,17)",0.6210000000000001,0.35992500000001354,0.0017302306132940158,0.0017302306132940158,All,All,0.0,18139.29256923499,77270.90301003343,64031.56331229112,12317.55915317559,11166.203832268813,0.0,135313.3110863923,8924.334907290107,0.0,83597.54310043974,131569.2910580691,140517.9546582823,192615.26232114463,141946.6929911155,121042.40882103478,151059.23699421968,111612.08738499106
3759,6.208,859.53467,859.5342,0.5468077942102041,C45H81O13P,CCCCCC=CCC=CCC=CCCCCCCC(=O)OC(COC(=O)CCCCCCCCCCCCCCC)COP(=O)(O)OC1C(O)C(O)C(O)C(O)C1O,[M-H]-,PI 16:0_20:3,"PI 16:0_20:3(8,11,14)",0.40719999999999956,0.2998459999999795,0.0001373025104277023,0.0001373025104277023,All,Some,0.0,434595.009596929,79484.39241917503,52194.57853694764,254269.6139476961,406710.63593446265,509467.6850763807,113142.25682857497,405948.4049291719,0.0,34511.06302784952,127385.10865692911,152243.09117987752,147313.19554848966,66599.40769990128,125715.860899067,136522.72832369944,125810.8402738412
3773,6.216,771.51801,771.51816,0.1944218655363173,C42H77O10P,CCCCCC=CCC=CCCCCCCCC(=O)OC(COC(=O)CCCCCCCC=CCCCCCCCC)COP(=O)(O)OCC(O)CO,[M-H]-,PG 18:1_18:2,"PG 18:1(9)_18:2(9,12)",0.6573333333333332,0.31226333333328665,0.0011325883611072113,0.0011325883611072113,Some,Some,0.0,0.0,0.0,0.0,0.0,0.0,3307.4999999999995,0.0,0.0,0.0,0.0,0.0,0.0,0.0,0.0,0.0,0.0,0.0
3773,6.216,771.51801,771.51816,0.1944218655363173,C42H77O10P,CCCCCC=CCC=CCCCCCCCC(=O)OC(COC(=O)CCCCCCCCCC=CCCCCCC)COP(=O)(O)OCC(O)CO,[M-H]-,PG 18:1_18:2,"PG 18:1(11)_18:2(9,12)",0.525,0.34596333333329693,0.0005662941805536057,0.0005662941805536057,All,Some,0.0,0.0,0.0,0.0,0.0,0.0,3172.5,0.0,0.0,0.0,0.0,0.0,0.0,0.0,0.0,0.0,0.0,0.0
3773,6.216,771.51801,771.51816,0.1944218655363173,C42H77O10P,CCCCCC=CCC=CCCCCCCCC(=O)OC(COC(=O)CCCCC=CCCCCCCCCCCC)COP(=O)(O)OCC(O)CO,[M-H]-,PG 18:1_18:2,"PG 18:1(6)_18:2(9,12)",0.5706666666666665,0.4808216666666567,0.0005662941805536057,0.0005662941805536057,All,Some,0.0,0.0,0.0,0.0,0.0,0.0,0.0,0.0,0.0,0.0,0.0,0.0,0.0,0.0,0.0,0.0,0.0,0.0
3873,6.271,881.51831,881.51855,0.2722574584079852,C47H79O13P,CCCCCC=CCC=CCC=CCC=CCCCC(=O)OC(COC(=O)CCCCCCCC=CCC=CCCCCC)COP(=O)(O)OC1C(O)C(O)C(O)C(O)C1O,[M-H]-,PI 18:2_20:4,"PI 18:2(9,12)_20:4(5,8,11,14)",0.20266666666666625,0.18311333333330518,0.0036415360096839493,0.0036415360096839493,Some,Some,10527.856609410008,0.0,0.0,0.0,0.0,0.0,0.0,0.0,0.0,0.0,0.0,0.0,0.0,0.0,0.0,0.0,0.0,0.0
3873,6.271,881.51831,881.51855,0.2722574584079852,C47H79O13P,CCCCCC=CCC=CCC=CCC=CCCCC(=O)OC(COC(=O)CCCCC=CCC=CCCCCCCCC)COP(=O)(O)OC1C(O)C(O)C(O)C(O)C1O,[M-H]-,PI 18:2_20:4,"PI 18:2(6,9)_20:4(5,8,11,14)",0.4529999999999997,0.30590833333332057,0.0018694012357889818,0.0018694012357889818,Some,Some,10527.856609410008,0.0,0.0,0.0,0.0,0.0,0.0,0.0,0.0,0.0,0.0,0.0,0.0,0.0,0.0,0.0,0.0,0.0
3873,6.271,881.51831,881.51855,0.2722574584079852,C47H79O13P,CCC=CCC=CCC=CCC=CCCCCCCC(=O)OC(COC(=O)CCCCC=CCC=CCCCCCCCC)COP(=O)(O)OC1C(O)C(O)C(O)C(O)C1O,[M-H]-,PI 18:2_20:4,"PI 18:2(6,9)_20:4(8,11,14,17)",0.4074285714285715,0.5605500000000022,0.0002807388706874891,0.0002807388706874891,Some,Some,0.0,0.0,0.0,0.0,0.0,0.0,0.0,0.0,0.0,0.0,0.0,0.0,0.0,0.0,0.0,0.0,0.0,0.0
3873,6.271,881.51831,881.51855,0.2722574584079852,C47H79O13P,CCC=CCC=CCC=CCC=CCCCCCCC(=O)OC(COC(=O)CCCCCCCC=CCC=CCCCCC)COP(=O)(O)OC1C(O)C(O)C(O)C(O)C1O,[M-H]-,PI 18:2_20:4,"PI 18:2(9,12)_20:4(8,11,14,17)",0.33885714285714286,0.4302857142857225,0.00024501164565088253,0.00024501164565088253,Some,Some,32544.286781179984,0.0,0.0,0.0,0.0,0.0,0.0,0.0,0.0,158000.0,0.0,0.0,0.0,0.0,0.0,0.0,0.0,0.0
3887,6.277,747.51815,747.51816,0.013377601387974879,C40H77O10P,CCCCCCC=CCCCCCCCCCC(=O)OC(COC(=O)CCCCCCCCCCCCCCC)COP(=O)(O)OCC(O)CO,[M-H]-,PG 16:0_18:1,PG 16:0_18:1(11),0.3700000000000001,0.9633600000000229,0.0,0.0,All,None,,,102000.0,45400.0,,,145000.0,133000.0,,,51100.0,129000.0,172000.0,133000.0,67400.0,136000.0,142000.0,99100.0
3891,6.279,748.52167,748.52866,9.338319791220027,C43H76NO7P,CCCCCCCCCCCCCCCC(=O)OC(COCCCC=CCC=CCC=CCC=CCC=CCC=CCC)COP(=O)(O)OCCN,[M-H]-,PE O-22:6_16:0,"PE O-22:6(4,7,10,13,16,19)_16:0",0.5072500000000002,0.47911749999998676,0.00516872090210046,0.00516872090210046,Some,Some,,,45900.0,18400.0,34500.0,45700.0,,55800.0,54600.0,,19800.0,58700.0,66600.0,54300.0,28000.0,57800.0,60400.0,58200.0
3938,6.305,771.51793,771.51816,0.2981135272146284,C42H77O10P,CCCCCCCCC=CCC=CCCCCC(=O)OC(COC(=O)CCCCC=CCCCCCCCCCCC)COP(=O)(O)OCC(O)CO,[M-H]-,PG 18:1_18:2,"PG 18:1(6)_18:2(6,9)",0.37650000000000006,0.6721000000000288,5.246653570475623e-07,5.246653570475623e-07,Some,Some,0.0,42700.0,22253.78787878788,39666.176470588245,64400.0,43200.0,36034.65430016864,47517.20487030175,45301.75276752768,0.0,34113.92405063291,33750.461133069824,87300.0,27522.4713740458,41434.00900900901,67300.9009009009,37280.9756097561,48792.870036101085
3938,6.305,771.51793,771.51816,0.2981135272146284,C42H77O10P,CCCCCC=CCC=CCCCCCCCC(=O)OC(COC(=O)CCCCC=CCCCCCCCCCCC)COP(=O)(O)OCC(O)CO,[M-H]-,PG 18:1_18:2,"PG 18:1(6)_18:2(9,12)",0.4340000000000007,0.39813600000002225,4.1973228563804985e-07,4.1973228563804985e-07,All,Some,0.0,0.0,24746.21212121212,26933.823529411766,0.0,0.0,7265.345699831366,32482.795129698254,5798.247232472326,0.0,29586.075949367085,39649.538866930176,0.0,51177.5286259542,22665.99099099099,25499.0990990991,36919.0243902439,37707.12996389891
3958,6.314,719.48623,719.48686,0.8756240523989814,C38H73O10P,CCCCCCC=CCCCCCCCCCC(=O)OC(COC(=O)CCCCCCCCCCCCC)COP(=O)(O)OCC(O)CO,[M-H]-,PG 14:0_18:1,PG 14:0_18:1(11),0.35499999999999954,0.9433149999999841,0.0,0.0,All,None,,0.0,0.0,0.0,0.0,0.0,0.0,0.0,0.0,,0.0,0.0,0.0,0.0,0.0,0.0,0.0,0.0
3963,6.314,909.55053,909.54985,0.7476225739451967,C49H83O13P,CCC=CCC=CCC=CCC=CCC=CCCCCCC(=O)OC(COC(=O)CCCCCCCC=CCCCCCCCC)COP(=O)(O)OC1C(O)C(O)C(O)C(O)C1O,[M-H]-,PI 18:1_22:5,"PI 18:1(9)_22:5(7,10,13,16,19)",0.46199999999999997,0.4850377777777971,0.002701395135591187,0.002701395135591187,Some,Some,,11769.928525016245,15709.824167409519,0.0,16113.578724663977,16424.136678719744,11616.450084085001,20271.140101648256,11303.857630480685,0.0,7455.233047797448,24520.917912120312,22345.224324916246,24551.06627010218,19727.540426032978,17804.535609187467,23912.069019576615,28305.79749529043
3963,6.314,909.55053,909.54985,0.7476225739451967,C49H83O13P,CCC=CCC=CCC=CCC=CCC=CCCCCCC(=O)OC(COC(=O)CCCCC=CCCCCCCCCCCC)COP(=O)(O)OC1C(O)C(O)C(O)C(O)C1O,[M-H]-,PI 18:1_22:5,"PI 18:1(6)_22:5(7,10,13,16,19)",0.4315999999999999,0.4905060000000276,0.0024131289285771323,0.0024131289285771323,Some,Some,,214.99675113710197,275.87224604367333,0.0,258.8178739329877,296.0552494039254,191.6067879529124,417.87094554053573,307.39028409487906,0.0,80.44745832259376,437.3431318195222,403.26895466454687,468.64002636512106,345.4962906747178,396.64043431599396,491.3885287552537,594.796382956184
3963,6.314,909.55053,909.54985,0.7476225739451967,C49H83O13P,CCC=CCC=CCC=CCC=CCC=CCCCCCC(=O)OC(COC(=O)CCCCCCCCCC=CCCCCCC)COP(=O)(O)OC1C(O)C(O)C(O)C(O)C1O,[M-H]-,PI 18:1_22:5,"PI 18:1(11)_22:5(7,10,13,16,19)",0.4709090909090907,0.4006481818181969,0.0022508096790354996,0.0022508096790354996,All,Some,,9594.801819363222,11798.621927782911,0.0,12432.36656065573,13081.200360013261,9528.628650053508,15671.588783397454,8929.934851255344,0.0,5619.151392062867,19068.78773223238,17310.6967010326,19267.652639530388,15176.257730254596,13591.577465577635,18553.54914808004,21928.667824292646
3963,6.314,909.55053,909.54985,0.7476225739451967,C49H83O13P,CCCCCC=CCC=CCC=CCC=CCC=CCCC(=O)OC(COC(=O)CCCCCCCCCC=CCCCCCC)COP(=O)(O)OC1C(O)C(O)C(O)C(O)C1O,[M-H]-,PI 18:1_22:5,"PI 18:1(11)_22:5(4,7,10,13,16)",0.2679000000000002,0.3818745000000149,0.0018389579281274774,0.0018389579281274774,All,Some,,483.17089018843393,468.4929103240929,0.0,543.7396965244527,687.6229650566074,541.1160373031647,714.0771141425193,472.00717096305294,0.0,153.4635413748307,822.7364199351223,762.8912808948662,856.8533815388681,602.2143699840486,679.315563394906,856.3434256464365,1095.1846060310168
3963,6.314,909.55053,909.54985,0.7476225739451967,C49H83O13P,CCCCCC=CCC=CCC=CCC=CCC=CCCC(=O)OC(COC(=O)CCCCCCCC=CCCCCCCCC)COP(=O)(O)OC1C(O)C(O)C(O)C(O)C1O,[M-H]-,PI 18:1_22:5,"PI 18:1(9)_22:5(4,7,10,13,16)",0.27537500000000037,0.47396437500002264,0.0018017620776234339,0.0018017620776234339,Some,Some,,8522.105263157895,10971.316502396134,0.0,11292.67927028987,11514.929497402536,8130.591652652499,14323.24939116931,7783.596422016628,0.0,5311.257102119666,17435.740253612505,15794.16130628402,17587.147656098317,14114.922023781222,12431.290493208,16920.968404183575,19780.75730847355
3963,6.314,909.55053,909.54985,0.7476225739451967,C49H83O13P,CCCCCC=CCC=CCC=CCC=CCC=CCCC(=O)OC(COC(=O)CCCCC=CCCCCCCCCCCC)COP(=O)(O)OC1C(O)C(O)C(O)C(O)C1O,[M-H]-,PI 18:1_22:5,"PI 18:1(6)_22:5(4,7,10,13,16)",0.22870588235294137,0.4723635294117765,0.0016416903100914416,0.0016416903100914416,Some,Some,,214.99675113710197,275.87224604367333,0.0,258.8178739329877,296.0552494039254,191.6067879529124,402.07366410193066,203.21364118941202,0.0,80.44745832259376,414.47455028015327,383.75743220772057,468.64002636512106,333.5691592724398,396.64043431599396,465.6814737580781,594.796382956184
3993,6.324,819.51825,819.51816,0.10982062923431193,C46H77O10P,CCC=CCC=CCC=CCC=CCC=CCC=CCCC(=O)OC(COC(=O)CCCCCCCC=CCCCCCCCC)COP(=O)(O)OCC(O)CO,[M-H]-,PG 18:1_22:6,"PG 18:1(9)_22:6(4,7,10,13,16,19)",0.5342222222222224,0.6398488888888778,0.0005583541963924893,0.0005583541963924893,Some,Some,27100.000000000004,0.0,0.0,0.0,0.0,0.0,0.0,0.0,0.0,125333.33333333333,0.0,0.0,0.0,0.0,0.0,0.0,0.0,0.0
3993,6.324,819.51825,819.51816,0.10982062923431193,C46H77O10P,CCC=CCC=CCC=CCC=CCC=CCC=CCCC(=O)OC(COC(=O)CCCCCCCCCC=CCCCCCC)COP(=O)(O)OCC(O)CO,[M-H]-,PG 18:1_22:6,"PG 18:1(11)_22:6(4,7,10,13,16,19)",0.528909090909091,0.6126499999999996,0.0005406609870262827,0.0005406609870262827,All,Some,27100.000000000004,0.0,0.0,0.0,0.0,0.0,0.0,0.0,0.0,125333.33333333333,0.0,0.0,0.0,0.0,0.0,0.0,0.0,0.0
3993,6.324,819.51825,819.51816,0.10982062923431193,C46H77O10P,CCC=CCC=CCC=CCC=CCC=CCC=CCCC(=O)OC(COC(=O)CCCCC=CCCCCCCCCCCC)COP(=O)(O)OCC(O)CO,[M-H]-,PG 18:1_22:6,"PG 18:1(6)_22:6(4,7,10,13,16,19)",0.6386000000000001,0.5856889999999908,0.0005387906118242645,0.0005387906118242645,Some,Some,27100.000000000004,0.0,0.0,0.0,0.0,0.0,0.0,0.0,0.0,125333.33333333333,0.0,0.0,0.0,0.0,0.0,0.0,0.0,0.0
4014,6.338,885.55056,885.54985,0.8017617529113824,C47H83O13P,CCCCCCCCC=CCC=CCC=CCCCC(=O)OC(COC(=O)CCCCCCCC=CCCCCCCCC)COP(=O)(O)OC1C(O)C(O)C(O)C(O)C1O,[M-H]-,PI 18:1_20:3,"PI 18:1(9)_20:3(5,8,11)",0.28900000000000015,0.47521250000002624,0.0029705583017632705,0.0029705583017632705,Some,Some,,71999.0913221263,24720.99067420884,12338.700114626017,46291.03639606315,62810.42654028436,74457.41361377557,39946.57050665325,63689.20832490451,0.0,13134.07740670243,39241.470728845234,47806.638111113454,47553.09831399167,23805.14360332948,38478.60987817546,48556.91598636333,33661.16656582117
4014,6.338,885.55056,885.54985,0.8017617529113824,C47H83O13P,CCCCCCCCC=CCC=CCC=CCCCC(=O)OC(COC(=O)CCCCC=CCCCCCCCCCCC)COP(=O)(O)OC1C(O)C(O)C(O)C(O)C1O,[M-H]-,PI 18:1_20:3,"PI 18:1(6)_20:3(5,8,11)",0.3836666666666669,0.6124400000000302,0.002686169902036458,0.002686169902036458,Some,Some,,58610.63153112222,39158.04922794681,22412.607544236416,55549.243675275786,53568.72037914692,68252.62914596093,52738.79161054455,57418.99401454122,0.0,26469.647904152145,59537.32390431073,65885.4577680248,67457.67692715475,46316.67673397981,55704.97686278214,57603.05527154627,58221.10034188478
4014,6.338,885.55056,885.54985,0.8017617529113824,C47H83O13P,CCCCCCCCC=CCC=CCC=CCCCC(=O)OC(COC(=O)CCCCCCCCCC=CCCCCCC)COP(=O)(O)OC1C(O)C(O)C(O)C(O)C1O,[M-H]-,PI 18:1_20:3,"PI 18:1(11)_20:3(5,8,11)",0.40875000000000017,0.407111250000014,0.0020147830448035667,0.0020147830448035667,All,Some,,45992.73057701046,79466.74820363858,75949.61725450928,66784.46396723694,41483.412322274875,45747.1397203282,91878.15085626324,44182.919428347035,0.0,74288.0915300884,97605.7691710697,114935.4124026755,128443.42134073963,96448.95370957516,92293.88988573049,100069.84834432264,85409.57500120642
4014,6.338,885.55056,885.54985,0.8017617529113824,C47H83O13P,CCCCCC=CCC=CCC=CCCCCCCC(=O)OC(COC(=O)CCCCCCCC=CCCCCCCCC)COP(=O)(O)OC1C(O)C(O)C(O)C(O)C1O,[M-H]-,PI 18:1_20:3,"PI 18:1(9)_20:3(8,11,14)",0.6213333333333336,0.2947366666666464,0.001270021701447643,0.001270021701447643,Some,Some,,71999.0913221263,24720.99067420884,12924.508228039896,46291.03639606315,62322.27488151658,74457.41361377557,40779.00711949201,63689.20832490451,0.0,13134.077406702429,39241.470728845234,48334.57472622539,47553.09831399167,24881.034435223733,38870.24270469355,48189.517367123226,33661.16656582117
4014,6.338,885.55056,885.54985,0.8017617529113824,C47H83O13P,CCC=CCC=CCC=CCCCCCCCCCC(=O)OC(COC(=O)CCCCCCCC=CCCCCCCCC)COP(=O)(O)OC1C(O)C(O)C(O)C(O)C1O,[M-H]-,PI 18:1_20:3,"PI 18:1(9)_20:3(11,14,17)",0.3096666666666665,0.3535766666666594,0.0011057112388547067,0.0011057112388547067,Some,Some,,41850.976828714214,39158.04922794681,21255.309687874676,43397.8466213092,39004.739336492894,49375.361146423194,52099.25474756148,42989.040541666174,0.0,26469.647904152145,58148.73682968777,63959.43493764902,65985.44478121075,47392.567565874066,54226.08367173483,56015.66887086,56679.983221289665
4014,6.338,885.55056,885.54985,0.8017617529113824,C47H83O13P,CCCCCC=CCC=CCC=CCCCCCCC(=O)OC(COC(=O)CCCCC=CCCCCCCCCCCC)COP(=O)(O)OC1C(O)C(O)C(O)C(O)C1O,[M-H]-,PI 18:1_20:3,"PI 18:1(6)_20:3(8,11,14)",0.5580000000000002,0.5100500000000162,0.00041766509443965635,0.00041766509443965635,Some,Some,,0.0,2067.5737654792847,0.0,0.0,0.0,0.0,1808.8061159544711,0.0,0.0,751.7242231725705,1198.1522758175372,761.8108159432828,1095.340716582347,720.0844150473332,391.63282651808487,0.0,0.0
4014,6.338,885.55056,885.54985,0.8017617529113824,C47H83O13P,CCCCCC=CCC=CCC=CCCCCCCC(=O)OC(COC(=O)CCCCCCCCCC=CCCCCCC)COP(=O)(O)OC1C(O)C(O)C(O)C(O)C1O,[M-H]-,PI 18:1_20:3,"PI 18:1(11)_20:3(8,11,14)",0.42125000000000035,0.4233725000000277,0.0002713094738696139,0.0002713094738696139,All,Some,,81847.79645615628,34645.34474850941,18034.921408714217,55308.14452737962,71563.98104265402,83081.01236565353,54310.18264975356,72220.27202303747,0.0,20332.71945220379,55850.29460521658,65863.10214588653,66692.11621126387,37872.204440812966,55143.545188403055,63053.73631347871,49360.39704665001
4014,6.338,885.55056,885.54985,0.8017617529113824,C47H83O13P,CCC=CCC=CCC=CCCCCCCCCCC(=O)OC(COC(=O)CCCCC=CCCCCCCCCCCC)COP(=O)(O)OC1C(O)C(O)C(O)C(O)C1O,[M-H]-,PI 18:1_20:3,"PI 18:1(6)_20:3(11,14,17)",0.3844999999999996,0.4544562499999927,0.00019053866102701912,0.00019053866102701912,All,Some,,41850.976828714214,38070.32563828161,20388.114467911306,42361.12028535571,39004.739336492894,49375.361146423194,51266.81813472269,42279.29364446613,0.0,26469.647904152145,56508.88161775206,63163.23085687759,65985.44478121075,45776.189843626635,54226.08367173483,54647.0388999503,55307.38077649793
4014,6.338,885.55056,885.54985,0.8017617529113824,C47H83O13P,CCC=CCC=CCC=CCCCCCCCCCC(=O)OC(COC(=O)CCCCCCCCCC=CCCCCCC)COP(=O)(O)OC1C(O)C(O)C(O)C(O)C1O,[M-H]-,PI 18:1_20:3,"PI 18:1(11)_20:3(11,14,17)",0.3422499999999997,0.27345750000000635,0.00012511809605214214,0.00012511809605214214,All,Some,,9848.705134029988,11991.927839779852,5696.221294088196,9017.108131316469,9241.70616113744,10253.669247659771,16172.418259054784,8531.063698132966,0.0,7950.366268673933,18667.900138455137,18290.338235604413,20234.358613854536,14787.145252530823,16664.935310227596,14864.218946355482,15699.230480828837
4036,6.349,857.51976,857.51855,1.4110481925021776,C45H79O13P,CCC=CCC=CCC=CCC=CCCCCCCC(=O)OC(COC(=O)CCCCCCCCCCCCCCC)COP(=O)(O)OC1C(O)C(O)C(O)C(O)C1O,[M-H]-,PI 16:0_20:4,"PI 16:0_20:4(8,11,14,17)",0.3454999999999997,0.4313762499999996,5.023702393972256e-05,5.023702393972256e-05,All,Some,13100.0,0.0,0.0,1889.155162893429,0.0,0.0,0.0,0.0,0.0,12805.765941851943,2224.1678602119737,0.0,0.0,0.0,0.0,0.0,4028.849119466921,0.0
4036,6.349,857.51976,857.51855,1.4110481925021776,C45H79O13P,CCCCCC=CCC=CCC=CCC=CCCCC(=O)OC(COC(=O)CCCCCCCCCCCCCCC)COP(=O)(O)OC1C(O)C(O)C(O)C(O)C1O,[M-H]-,PI 16:0_20:4,"PI 16:0_20:4(5,8,11,14)",0.17724999999999969,0.7103912500000433,2.7739397177943163e-05,2.7739397177943163e-05,All,Some,0.0,0.0,0.0,3090.8448371065706,0.0,0.0,0.0,0.0,0.0,1794.234058148058,1185.8321397880263,0.0,0.0,0.0,0.0,0.0,3641.15088053308,0.0
4045,6.355,743.48647,743.48686,0.5245553363577122,C40H73O10P,CCCCCCCCC=CCC=CCCCCC(=O)OC(COC(=O)CCCCC=CCCCCCCCCC)COP(=O)(O)OCC(O)CO,[M-H]-,PG 16:1_18:2,"PG 16:1(6)_18:2(6,9)",0.5459999999999998,0.6997099999999818,1.1233111629129873e-06,1.1233111629129873e-06,All,Some,18700.0,,0.0,0.0,,,0.0,,0.0,38000.0,,0.0,,0.0,0.0,0.0,,0.0
4045,6.355,743.48647,743.48686,0.5245553363577122,C40H73O10P,CCCCCC=CCC=CCCCCCCCC(=O)OC(COC(=O)CCCCC=CCCCCCCCCC)COP(=O)(O)OCC(O)CO,[M-H]-,PG 16:1_18:2,"PG 16:1(6)_18:2(9,12)",0.19079999999999941,0.5676460000000134,8.986489303303899e-07,8.986489303303899e-07,Some,Some,0.0,,0.0,0.0,,,0.0,,0.0,0.0,,0.0,,0.0,0.0,0.0,,0.0
4087,6.377,774.5374,774.54431,8.921374685391482,C45H78NO7P,CCCCCCCCCCCC=CCCCCC(=O)OC(COCCCC=CCC=CCC=CCC=CCC=CCC=CCC)COP(=O)(O)OCCN,[M-H]-,PE O-22:6_18:1,"PE O-22:6(4,7,10,13,16,19)_18:1(6)",0.3435555555555554,0.338092222222258,0.0005127119500169257,0.0005127119500169257,Some,Some,0.0,186443.1263084438,91653.94990366089,37019.77465902352,137941.7737897668,164500.0,191500.0,101665.34595654167,167630.02814103628,,43191.19706568857,107165.71340238058,133309.06528886803,103164.88222698071,65807.28759022524,110509.18444744912,106677.06576728499,107678.82895875398
4087,6.377,774.5374,774.54431,8.921374685391482,C45H78NO7P,CCCCCCCCC=CCCCCCCCC(=O)OC(COCCCC=CCC=CCC=CCC=CCC=CCC=CCC)COP(=O)(O)OCCN,[M-H]-,PE O-22:6_18:1,"PE O-22:6(4,7,10,13,16,19)_18:1(9)",0.3204000000000001,0.3770230000000197,0.0004614407550152331,0.0004614407550152331,Some,Some,0.0,97641.31193300767,53075.52986512523,21112.93931607037,71020.44949509157,85914.70097688824,99735.18605993807,56132.54368770071,91872.20658831319,,26032.14404801601,59652.96027206679,65845.467355566,56795.14632405424,30129.402556744066,66193.31860304059,63063.237774030364,63433.08335736948
4087,6.377,774.5374,774.54431,8.921374685391482,C45H78NO7P,CCCCCCC=CCCCCCCCCCC(=O)OC(COCCCC=CCC=CCC=CCC=CCC=CCC=CCC)COP(=O)(O)OCCN,[M-H]-,PE O-22:6_18:1,"PE O-22:6(4,7,10,13,16,19)_18:1(11)",0.28200000000000003,0.33566416666670307,0.0003848711830586532,0.0003848711830586532,Some,Some,0.0,86915.56175854849,64270.520231213864,22067.286024906105,67037.77671514163,78585.29902311174,91764.81394006193,63202.110355757606,73497.76527065056,,29976.658886295434,59181.32632555263,65845.467355566,58039.97144896502,50063.3098530307,66297.49694951027,63259.69645868466,64888.087683876554
4089,6.378,773.53418,773.53381,0.4783242764467328,C42H79O10P,CCCCCCC=CCCCCCCCCCC(=O)OC(COC(=O)CCCCCCCCCC=CCCCCCC)COP(=O)(O)OCC(O)CO,[M-H]-,PG 18:1_18:1,PG 18:1(11)_18:1(11),0.21899999999999942,0.5412849999999594,0.0,0.0,All,None,,,454000.0,170000.0,,,805000.0,,,,,,,476000.0,302000.0,,,
4106,6.392,775.5402,775.54946,11.939921923131182,C42H81O10P,CCCCCCC=CCCCCCCCCCC(=O)OC(COC(=O)CCCCCCCCCCCCCCCCC)COP(=O)(O)OCC(O)CO,[M-H]-,PG 18:0_18:1,PG 18:0_18:1(11),0.17499999999999982,0.9659850000000461,9.35878923405924e-05,9.35878923405924e-05,All,Some,,,,0.0,,,,,,,,,66400.0,0.0,0.0,,,
4171,6.443,746.5057,746.51301,9.792193708668643,C43H74NO7P,CCCCCCCCC=CCCCCCC(=O)OC(COCCCC=CCC=CCC=CCC=CCC=CCC=CCC)COP(=O)(O)OCCN,[M-H]-,PE O-22:6_16:1,"PE O-22:6(4,7,10,13,16,19)_16:1(7)",0.47828571428571437,0.17377142857143163,0.0006664587673395025,0.0006664587673395025,Some,Some,,0.0,0.0,0.0,0.0,0.0,0.0,0.0,0.0,11533.333333333334,0.0,0.0,0.0,0.0,0.0,0.0,0.0,0.0
4171,6.443,746.5057,746.51301,9.792193708668643,C43H74NO7P,CCCCCCCCCC=CCCCCC(=O)OC(COCCCC=CCC=CCC=CCC=CCC=CCC=CCC)COP(=O)(O)OCCN,[M-H]-,PE O-22:6_16:1,"PE O-22:6(4,7,10,13,16,19)_16:1(6)",0.3726666666666666,0.25145777777776046,0.0005183568190418352,0.0005183568190418352,Some,Some,,0.0,0.0,0.0,0.0,0.0,0.0,0.0,0.0,11533.333333333334,0.0,0.0,0.0,0.0,0.0,0.0,0.0,0.0
4171,6.443,746.5057,746.51301,9.792193708668643,C43H74NO7P,CCCCCCC=CCCCCCCCC(=O)OC(COCCCC=CCC=CCC=CCC=CCC=CCC=CCC)COP(=O)(O)OCCN,[M-H]-,PE O-22:6_16:1,"PE O-22:6(4,7,10,13,16,19)_16:1(9)",0.45377777777777795,0.2403511111110927,0.0005183568190418352,0.0005183568190418352,Some,Some,,0.0,0.0,0.0,0.0,0.0,0.0,0.0,0.0,11533.333333333334,0.0,0.0,0.0,0.0,0.0,0.0,0.0,0.0
4172,6.444,883.53541,883.5342,1.3694999015328455,C47H81O13P,CCC=CCC=CCC=CCC=CCC=CCCCC(=O)OC(COC(=O)CCCCCCCCCCCCCCCCC)COP(=O)(O)OC1C(O)C(O)C(O)C(O)C1O,[M-H]-,PI 18:0_20:5,"PI 18:0_20:5(5,8,11,14,17)",0.6617777777777779,0.39708888888890215,0.0005977764731817153,0.0005977764731817153,All,Some,,0.0,0.0,0.0,0.0,,0.0,0.0,0.0,,0.0,11800.0,0.0,0.0,0.0,0.0,0.0,0.0
4179,6.452,745.50235,745.50251,0.2146203371612876,C40H75O10P,CCCCCCC=CCCCCCCCCCC(=O)OC(COC(=O)CCCCC=CCCCCCCCCC)COP(=O)(O)OCC(O)CO,[M-H]-,PG 16:1_18:1,PG 16:1(6)_18:1(11),0.27300000000000013,0.2695200000000284,0.0,0.0,All,None,,0.0,0.0,0.0,0.0,0.0,0.0,0.0,0.0,,0.0,0.0,0.0,0.0,0.0,0.0,0.0,0.0
4199,6.466,722.50895,722.51301,5.619275976748572,C41H74NO7P,CCCCCCCCCC=CCCCCC(=O)OC(COCCCCC=CCC=CCC=CCC=CCCCCC)COP(=O)(O)OCCN,[M-H]-,PE O-20:4_16:1,"PE O-20:4(5,8,11,14)_16:1(6)",0.5531999999999997,0.36673800000005485,0.00042637349047506233,0.00042637349047506233,Some,Some,,0.0,18187.48962999834,19635.967805779128,0.0,0.0,0.0,,0.0,0.0,,17998.54421933762,10696.731615336266,6367.980295566502,0.0,0.0,7926.094137076797,4355.300859598854
4199,6.466,722.50895,722.51301,5.619275976748572,C41H74NO7P,CCCCCCCCCC=CCCCCC(=O)OC(COCCCCCCCC=CCC=CCC=CCC=CCC)COP(=O)(O)OCCN,[M-H]-,PE O-20:4_16:1,"PE O-20:4(8,11,14,17)_16:1(6)",0.3119999999999994,0.05880250000001297,0.00041677089730794107,0.00041677089730794107,Some,Some,,33100.0,4765.472042475527,4628.064388441748,26486.915887850468,32600.0,32500.0,,33600.0,0.0,,9419.046463666138,10696.731615336266,18986.558761435608,0.0,25736.842105263157,24647.811725846408,10366.523400191021
4199,6.466,722.50895,722.51301,5.619275976748572,C41H74NO7P,CCCCCCCCC=CCCCCCC(=O)OC(COCCCCCCCC=CCC=CCC=CCC=CCC)COP(=O)(O)OCCN,[M-H]-,PE O-20:4_16:1,"PE O-20:4(8,11,14,17)_16:1(7)",0.35499999999999954,0.062112500000012005,0.00041677089730794107,0.00041677089730794107,Some,Some,,0.0,3397.0383275261315,0.0,0.0,0.0,0.0,,0.0,0.0,,1725.1000849205384,19901.63419233187,11356.720619282198,7097.472924187727,11581.578947368422,7926.094137076797,11636.819484240688
4199,6.466,722.50895,722.51301,5.619275976748572,C41H74NO7P,CCCCCCCCC=CCCCCCC(=O)OC(COCCCCC=CCC=CCC=CCC=CCCCCC)COP(=O)(O)OCCN,[M-H]-,PE O-20:4_16:1,"PE O-20:4(5,8,11,14)_16:1(7)",0.6316666666666665,0.3494766666667033,0.00035531124206255194,0.00035531124206255194,Some,Some,,0.0,18187.48962999834,19635.967805779128,4571.028037383177,0.0,0.0,,0.0,0.0,,16273.444134417083,0.0,0.0,9935.018050541517,0.0,0.0,4619.945877109202
4199,6.466,722.50895,722.51301,5.619275976748572,C41H74NO7P,CCCCCCC=CCCCCCCCC(=O)OC(COCCCCC=CCC=CCC=CCC=CCCCCC)COP(=O)(O)OCCN,[M-H]-,PE O-20:4_16:1,"PE O-20:4(5,8,11,14)_16:1(9)",0.6093333333333332,0.4584233333333903,0.00035531124206255194,0.00035531124206255194,Some,Some,,0.0,4765.472042475527,0.0,4571.028037383177,0.0,0.0,,0.0,0.0,,1983.865097658619,0.0,0.0,9935.018050541517,0.0,0.0,4619.945877109202
4199,6.466,722.50895,722.51301,5.619275976748572,C41H74NO7P,CCCCCCC=CCCCCCCCC(=O)OC(COCCCCCCCC=CCC=CCC=CCC=CCC)COP(=O)(O)OCCN,[M-H]-,PE O-20:4_16:1,"PE O-20:4(8,11,14,17)_16:1(9)",0.42759999999999965,0.2304120000000239,0.00033341671784635284,0.00033341671784635284,Some,Some,,0.0,3397.0383275261315,0.0,4571.028037383177,0.0,0.0,,0.0,0.0,,0.0,9204.902576995599,4988.740323715694,17032.490974729244,11581.578947368422,0.0,11901.464501751037
4252,6.503,799.54986,799.54946,0.5002817461890082,C44H81O10P,CCCCCC=CCC=CCCCCCCCCCC(=O)OC(COC(=O)CCCCCCCC=CCCCCCCCC)COP(=O)(O)OCC(O)CO,[M-H]-,PG 18:1_20:2,"PG 18:1(9)_20:2(11,14)",0.5655000000000006,0.5139975000000163,0.007700546210617965,0.007700546210617965,Some,Some,,0.0,0.0,0.0,0.0,0.0,0.0,0.0,0.0,,4471.018069324334,0.0,0.0,0.0,0.0,0.0,0.0,0.0
4252,6.503,799.54986,799.54946,0.5002817461890082,C44H81O10P,CCCCCC=CCC=CCCCCCCCCCC(=O)OC(COC(=O)CCCCCCCCCC=CCCCCCC)COP(=O)(O)OCC(O)CO,[M-H]-,PG 18:1_20:2,"PG 18:1(11)_20:2(11,14)",0.30880000000000046,0.4308980000000474,0.006161196737225692,0.006161196737225692,All,Some,,0.0,0.0,0.0,0.0,0.0,0.0,0.0,0.0,,4426.507066019826,0.0,0.0,0.0,0.0,0.0,0.0,0.0
4252,6.503,799.54986,799.54946,0.5002817461890082,C44H81O10P,CCCCCC=CCC=CCCCCCCCCCC(=O)OC(COC(=O)CCCCC=CCCCCCCCCCCC)COP(=O)(O)OCC(O)CO,[M-H]-,PG 18:1_20:2,"PG 18:1(6)_20:2(11,14)",0.44160000000000005,0.7714379999999892,0.0061604369684943715,0.0061604369684943715,All,Some,,0.0,0.0,0.0,0.0,0.0,0.0,0.0,0.0,,4402.474864655839,0.0,0.0,0.0,0.0,0.0,0.0,0.0
4291,6.511,909.54989,909.54985,0.04397779848206951,C49H83O13P,CCC=CCC=CCC=CCC=CCC=CCC=CCCC(=O)OC(COC(=O)CCCCCCCCCCCCCCCCC)COP(=O)(O)OC1C(O)C(O)C(O)C(O)C1O,[M-H]-,PI 18:0_22:6,"PI 18:0_22:6(4,7,10,13,16,19)",0.5405999999999997,0.44143300000000635,0.0024015211278728436,0.0024015211278728436,All,Some,,167000.0,394000.0,366000.0,184000.0,140000.0,157000.0,637000.0,149000.0,,309000.0,573000.0,667000.0,798000.0,468000.0,664000.0,693000.0,604000.0
4318,6.518,859.53413,859.5342,0.08143945877969795,C45H81O13P,CCC=CCC=CCC=CCCCCCCCCCC(=O)OC(COC(=O)CCCCCCCCCCCCCCC)COP(=O)(O)OC1C(O)C(O)C(O)C(O)C1O,[M-H]-,PI 16:0_20:3,"PI 16:0_20:3(11,14,17)",0.5696000000000001,0.2499699999999848,0.010454925846502795,0.010454925846502795,All,Some,,0.0,267740.5471872118,86575.34246575342,0.0,52042.41629929703,0.0,0.0,0.0,,123185.24096385542,266268.0765933124,110082.64462809917,0.0,287360.16696481814,301485.14851485146,298819.1244239632,322926.65474060824
4318,6.518,859.53413,859.5342,0.08143945877969795,C45H81O13P,CCCCCCCCC=CCC=CCC=CCCCC(=O)OC(COC(=O)CCCCCCCCCCCCCCC)COP(=O)(O)OC1C(O)C(O)C(O)C(O)C1O,[M-H]-,PI 16:0_20:3,"PI 16:0_20:3(5,8,11)",0.3606666666666669,0.5350600000000062,0.0013212238126567588,0.0013212238126567588,All,Some,,16284.333611740843,0.0,40041.09589041096,0.0,18543.07160729179,0.0,0.0,0.0,,145676.2048192771,0.0,127190.0826446281,0.0,100197.07811568276,0.0,81365.2073732719,0.0
4318,6.518,859.53413,859.5342,0.08143945877969795,C45H81O13P,CCCCCC=CCC=CCC=CCCCCCCC(=O)OC(COC(=O)CCCCCCCCCCCCCCC)COP(=O)(O)OC1C(O)C(O)C(O)C(O)C1O,[M-H]-,PI 16:0_20:3,"PI 16:0_20:3(8,11,14)",0.4491999999999997,0.5888619999999947,0.0001537666675255008,0.0001537666675255008,All,Some,,662715.6663882592,114259.45281278818,189383.5616438356,493000.0,497414.5120934112,670000.0,541000.0,627000.0,,16138.554216867467,241731.9234066876,392727.2727272727,658000.0,58442.75491949911,307514.85148514854,244815.66820276502,265073.3452593918
4327,6.521,911.56175,911.5655,4.113802025287107,C49H85O13P,CCCCCC=CCC=CCC=CCC=CCC=CCCC(=O)OC(COC(=O)CCCCCCCCCCCCCCCCC)COP(=O)(O)OC1C(O)C(O)C(O)C(O)C1O,[M-H]-,PI 18:0_22:5,"PI 18:0_22:5(4,7,10,13,16)",0.5082499999999999,0.35829750000000615,0.0002596815710785201,0.0002596815710785201,All,Some,,57321.94086272074,112122.31018543118,74465.7975986278,53075.512195121955,49446.26334519573,54246.00401031223,171350.53776545502,62133.25652037289,,82362.99500787618,153502.65677626836,165435.8827095498,195375.095598971,123111.53914504044,165622.64995523726,174017.14368734564,153075.49572494088
4327,6.521,911.56175,911.5655,4.113802025287107,C49H85O13P,CCC=CCC=CCC=CCC=CCC=CCCCCCC(=O)OC(COC(=O)CCCCCCCCCCCCCCCCC)COP(=O)(O)OC1C(O)C(O)C(O)C(O)C1O,[M-H]-,PI 18:0_22:5,"PI 18:0_22:5(7,10,13,16,19)",0.41600000000000015,0.3747366666666494,0.00020924182438306863,0.00020924182438306863,All,Some,,16278.05913727927,1877.6898145688326,17434.20240137221,9324.487804878048,12953.736654804272,17053.995989687766,14649.462234544953,7966.743479627108,,2337.0049921238337,5497.343223731662,15564.117290450204,14624.904401028994,3888.460854959555,18377.35004476276,15982.85631265437,14924.504275059126
4381,6.553,748.52437,748.52866,5.731243476995311,C43H76NO7P,CCCCCCCCC=CCCCCCC(=O)OC(COCCCCCCC=CCC=CCC=CCC=CCC=CCC)COP(=O)(O)OCCN,[M-H]-,PE O-22:5_16:1,"PE O-22:5(7,10,13,16,19)_16:1(7)",0.5439999999999999,0.43858142857144294,0.005149935198365878,0.005149935198365878,Some,Some,,0.0,2567.7891864723197,0.0,0.0,0.0,0.0,0.0,,0.0,1296.61380197171,2138.0856882406565,0.0,0.0,1739.8380345056926,0.0,0.0,0.0
4381,6.553,748.52437,748.52866,5.731243476995311,C43H76NO7P,CCCCCCCCCC=CCCCCC(=O)OC(COCCCCCCC=CCC=CCC=CCC=CCC=CCC)COP(=O)(O)OCCN,[M-H]-,PE O-22:5_16:1,"PE O-22:5(7,10,13,16,19)_16:1(6)",0.5475555555555555,0.44065333333333,0.004005505154284572,0.004005505154284572,Some,Some,,0.0,2042.6940475335675,0.0,0.0,0.0,0.0,0.0,,0.0,0.0,2138.0856882406565,0.0,0.0,1739.8380345056926,0.0,0.0,0.0
4381,6.553,748.52437,748.52866,5.731243476995311,C43H76NO7P,CCCCCCC=CCCCCCCCC(=O)OC(COCCCCCCC=CCC=CCC=CCC=CCC=CCC)COP(=O)(O)OCCN,[M-H]-,PE O-22:5_16:1,"PE O-22:5(7,10,13,16,19)_16:1(9)",0.43400000000000005,0.2502033333333379,0.004005505154284572,0.004005505154284572,Some,Some,,0.0,2285.2732103109065,0.0,0.0,0.0,0.0,0.0,,0.0,0.0,2138.0856882406565,0.0,0.0,2599.5227103790935,0.0,0.0,0.0
4381,6.553,748.52437,748.52866,5.731243476995311,C43H76NO7P,CCCCCCCCCC=CCCCCC(=O)OC(COCCCC=CCC=CCC=CCC=CCC=CCCCCC)COP(=O)(O)OCCN,[M-H]-,PE O-22:5_16:1,"PE O-22:5(4,7,10,13,16)_16:1(6)",0.7287272727272726,0.441485454545438,0.0003141576386720775,0.0003141576386720775,Some,Some,,0.0,1150.0323113376892,3933.333333333334,0.0,0.0,0.0,0.0,,0.0,2750.0,931.9143117593436,0.0,0.0,1904.866789249247,0.0,0.0,0.0
4381,6.553,748.52437,748.52866,5.731243476995311,C43H76NO7P,CCCCCCCCC=CCCCCCC(=O)OC(COCCCC=CCC=CCC=CCC=CCC=CCCCCC)COP(=O)(O)OCCN,[M-H]-,PE O-22:5_16:1,"PE O-22:5(4,7,10,13,16)_16:1(7)",0.5829090909090908,0.2971827272727255,0.0003141576386720775,0.0003141576386720775,Some,Some,,0.0,1174.8079270481796,3933.333333333334,0.0,0.0,0.0,0.0,,0.0,2101.693099014145,931.9143117593436,0.0,0.0,796.1464731426785,0.0,0.0,0.0
4381,6.553,748.52437,748.52866,5.731243476995311,C43H76NO7P,CCCCCCC=CCCCCCCCC(=O)OC(COCCCC=CCC=CCC=CCC=CCC=CCCCCC)COP(=O)(O)OCCN,[M-H]-,PE O-22:5_16:1,"PE O-22:5(4,7,10,13,16)_16:1(9)",0.5551666666666667,0.19354333333331888,0.00028797783544940434,0.00028797783544940434,Some,Some,,0.0,1079.403317297336,3933.333333333334,0.0,0.0,0.0,0.0,,0.0,2101.693099014145,931.9143117593436,0.0,0.0,2119.787958217597,0.0,0.0,0.0
4395,6.556,831.50335,831.5029,0.5411887318742095,C43H77O13P,CCCCCC=CCC=CCC=CCCCCC(=O)OC(COC(=O)CCCCCCCCCCCCCCC)COP(=O)(O)OC1C(O)C(O)C(O)C(O)C1O,[M-H]-,PI 16:0_18:3,"PI 16:0_18:3(6,9,12)",0.5899999999999995,0.5258249999999597,0.00022907981595029686,0.00022907981595029686,All,Some,,0.0,0.0,0.0,0.0,0.0,0.0,0.0,0.0,,0.0,0.0,0.0,0.0,0.0,0.0,0.0,0.0
4395,6.556,831.50335,831.5029,0.5411887318742095,C43H77O13P,CCC=CCC=CCC=CCCCCCCCC(=O)OC(COC(=O)CCCCCCCCCCCCCCC)COP(=O)(O)OC1C(O)C(O)C(O)C(O)C1O,[M-H]-,PI 16:0_18:3,"PI 16:0_18:3(9,12,15)",0.4703333333333335,0.6492150000000075,0.00010045089785642947,0.00010045089785642947,All,Some,,0.0,0.0,0.0,0.0,0.0,0.0,0.0,0.0,,0.0,0.0,0.0,0.0,0.0,0.0,0.0,0.0
4396,6.556,881.51835,881.51855,0.22688121531849317,C47H79O13P,CCC=CCC=CCC=CCC=CCC=CCC=CCCC(=O)OC(COC(=O)CCCCCCCCCCCCCCC)COP(=O)(O)OC1C(O)C(O)C(O)C(O)C1O,[M-H]-,PI 16:0_22:6,"PI 16:0_22:6(4,7,10,13,16,19)",0.4818000000000001,0.5467889999999898,0.00021769404585651113,0.00021769404585651113,All,Some,,0.0,0.0,0.0,0.0,0.0,0.0,0.0,0.0,515000.0,0.0,0.0,0.0,0.0,0.0,0.0,0.0,0.0
4425,6.575,800.55287,800.55996,8.856301032170022,C47H80NO7P,CCCCCC=CCC=CCCCCCCCCCC(=O)OC(COCCCC=CCC=CCC=CCC=CCC=CCC=CCC)COP(=O)(O)OCCN,[M-H]-,PE O-22:6_20:2,"PE O-22:6(4,7,10,13,16,19)_20:2(11,14)",0.5944444444444444,0.442619999999983,0.001038564911268687,0.001038564911268687,Some,Some,0.0,0.0,0.0,0.0,21100.0,0.0,20200.0,0.0,0.0,0.0,0.0,0.0,19900.0,0.0,0.0,2000.0,15500.0,0.0
4433,6.576,799.54995,799.54946,0.6128451390779804,C44H81O10P,CCCCCC=CCC=CCCCCCCCCCC(=O)OC(COC(=O)CCCCCCCC=CCCCCCCCC)COP(=O)(O)OCC(O)CO,[M-H]-,PG 18:1_20:2,"PG 18:1(9)_20:2(11,14)",0.6554999999999995,0.5139525000000162,0.0006982248388249538,0.0006982248388249538,Some,Some,,18067.887793006277,6740.25875745969,0.0,12238.26799297835,11425.993056264677,13396.720338354231,9889.813414019161,16512.182400715297,,486.55403128760526,7974.291881593481,12010.714802837972,10512.545094930849,0.0,0.0,10677.51192024274,0.0
4433,6.576,799.54995,799.54946,0.6128451390779804,C44H81O10P,CCCCCC=CCC=CCCCCCCCCCC(=O)OC(COC(=O)CCCCCCCCCC=CCCCCCC)COP(=O)(O)OCC(O)CO,[M-H]-,PG 18:1_20:2,"PG 18:1(11)_20:2(11,14)",0.4995999999999999,0.6276500000000397,0.0005586443057000104,0.0005586443057000104,All,Some,,21864.22441398745,7297.390519307237,0.0,13923.4640140433,13066.22076993771,16284.623185179687,10784.262384111096,19788.093286640342,,521.0722365480487,8851.416236813035,13288.527438582942,11239.782803552776,0.0,0.0,11744.97615951452,0.0
4433,6.576,799.54995,799.54946,0.6128451390779804,C44H81O10P,CCCCCC=CCC=CCCCCCCCCCC(=O)OC(COC(=O)CCCCC=CCCCCCCCCCCC)COP(=O)(O)OCC(O)CO,[M-H]-,PG 18:1_20:2,"PG 18:1(6)_20:2(11,14)",0.5628,0.7715179999999918,0.0005585798710599631,0.0005585798710599631,All,Some,,18067.887793006277,6762.350723233075,0.0,12238.26799297835,11807.786173797609,13918.656476466078,9825.924201869739,17099.72431264437,,482.3737321643459,7974.291881593481,12200.75775857908,10647.672101516375,0.0,0.0,10677.51192024274,0.0
4463,6.596,769.50186,769.50251,0.8447015982627663,C42H75O10P,CCCCCCCCC=CCC=CCCCCC(=O)OC(COC(=O)CCCCC=CCC=CCCCCCCCC)COP(=O)(O)OCC(O)CO,[M-H]-,PG 18:2_18:2,"PG 18:2(6,9)_18:2(6,9)",0.3500000000000001,0.6486299999999972,1.6025533995488413e-07,1.6025533995488413e-07,All,Some,,0.0,0.0,0.0,0.0,0.0,,0.0,0.0,,0.0,0.0,0.0,0.0,0.0,0.0,0.0,0.0
4463,6.596,769.50186,769.50251,0.8447015982627663,C42H75O10P,CCCCCC=CCC=CCCCCCCCC(=O)OC(COC(=O)CCCCC=CCC=CCCCCCCCC)COP(=O)(O)OCC(O)CO,[M-H]-,PG 18:2_18:2,"PG 18:2(6,9)_18:2(9,12)",0.3868000000000002,0.5252820000000156,1.282042719639073e-07,1.282042719639073e-07,Some,Some,,0.0,0.0,0.0,0.0,0.0,,0.0,0.0,,0.0,0.0,0.0,0.0,0.0,0.0,0.0,0.0
4501,6.615,885.54956,885.54985,0.3274801525288965,C47H83O13P,CCCCCC=CCC=CCC=CCCCCCCC(=O)OC(COC(=O)CCCCCCCC=CCCCCCCCC)COP(=O)(O)OC1C(O)C(O)C(O)C(O)C1O,[M-H]-,PI 18:1_20:3,"PI 18:1(9)_20:3(8,11,14)",0.6623333333333333,0.666261666666685,0.0027031451502308184,0.0027031451502308184,Some,Some,,218844.46244956047,88323.38778056855,0.0,111120.03088852782,196612.28594574964,231929.02103270046,111092.03871070944,194680.7290116954,,0.0,14430.749621907487,125409.86241991699,0.0,0.0,0.0,0.0,0.0
4501,6.615,885.54956,885.54985,0.3274801525288965,C47H83O13P,CCCCCC=CCC=CCC=CCCCCCCC(=O)OC(COC(=O)CCCCC=CCCCCCCCCCCC)COP(=O)(O)OC1C(O)C(O)C(O)C(O)C1O,[M-H]-,PI 18:1_20:3,"PI 18:1(6)_20:3(8,11,14)",0.5333333333333338,0.6540800000000218,0.002592179026183402,0.002592179026183402,Some,Some,,233626.15337871332,86103.4444142256,0.0,116765.55285638443,209401.06712853033,252414.79453456833,105575.26353675118,205173.39359286753,,0.0,7876.879761825498,121202.22208108731,0.0,0.0,0.0,0.0,0.0
4501,6.615,885.54956,885.54985,0.3274801525288965,C47H83O13P,CCCCCC=CCC=CCC=CCCCCCCC(=O)OC(COC(=O)CCCCCCCCCC=CCCCCCC)COP(=O)(O)OC1C(O)C(O)C(O)C(O)C1O,[M-H]-,PI 18:1_20:3,"PI 18:1(11)_20:3(8,11,14)",0.5277500000000002,0.4290437500000053,0.001986464953542851,0.001986464953542851,All,Some,,353121.78506511153,190037.58779016754,0.0,268488.9557425312,320328.5191496495,361099.73901028605,238345.16516036147,323185.5795289141,,0.0,247507.3668591213,260536.03042163173,0.0,0.0,0.0,0.0,0.0
4501,6.615,885.54956,885.54985,0.3274801525288965,C47H83O13P,CCCCCCCCC=CCC=CCC=CCCCC(=O)OC(COC(=O)CCCCC=CCCCCCCCCCCC)COP(=O)(O)OC1C(O)C(O)C(O)C(O)C1O,[M-H]-,PI 18:1_20:3,"PI 18:1(6)_20:3(5,8,11)",0.4080000000000002,0.49670200000000475,0.0003209837254281191,0.0003209837254281191,Some,Some,,30285.23302114594,4838.338106132112,0.0,22918.72456120594,23902.841020197222,29534.056598945805,11133.500759817643,30793.426135160425,,0.0,14430.749621907487,12455.740971555138,0.0,0.0,0.0,0.0,0.0
4501,6.615,885.54956,885.54985,0.3274801525288965,C47H83O13P,CCCCCCCCC=CCC=CCC=CCCCC(=O)OC(COC(=O)CCCCCCCC=CCCCCCCCC)COP(=O)(O)OC1C(O)C(O)C(O)C(O)C1O,[M-H]-,PI 18:1_20:3,"PI 18:1(9)_20:3(5,8,11)",0.37399999999999994,0.4632933333332782,0.00028430677357677,0.00028430677357677,Some,Some,,17200.867799212156,2618.394739789144,0.0,15996.476777296935,14707.098360197782,20914.359551711786,4810.621450851795,17568.54924099257,,0.0,6538.574947923105,5847.991076744757,0.0,0.0,0.0,0.0,0.0
4501,6.615,885.54956,885.54985,0.3274801525288965,C47H83O13P,CCCCCCCCC=CCC=CCC=CCCCC(=O)OC(COC(=O)CCCCCCCCCC=CCCCCCC)COP(=O)(O)OC1C(O)C(O)C(O)C(O)C1O,[M-H]-,PI 18:1_20:3,"PI 18:1(11)_20:3(5,8,11)",0.3791428571428571,0.39668857142854513,0.0002654749404438504,0.0002654749404438504,All,Some,,164562.555636697,106552.53811573103,0.0,180287.6494152094,147619.074224097,158704.77457653137,138386.6272094697,159298.27665237914,,0.0,247507.3668591213,147469.35211133427,0.0,0.0,0.0,0.0,0.0
4501,6.615,885.54956,885.54985,0.3274801525288965,C47H83O13P,CCC=CCC=CCC=CCCCCCCCCCC(=O)OC(COC(=O)CCCCCCCC=CCCCCCCCC)COP(=O)(O)OC1C(O)C(O)C(O)C(O)C1O,[M-H]-,PI 18:1_20:3,"PI 18:1(9)_20:3(11,14,17)",0.3689999999999998,0.37825166666664245,0.00023243388434958978,0.00023243388434958978,Some,Some,,17831.674671243756,3832.722735053673,0.0,14388.101481684067,12880.12961980054,16196.714600071644,6940.459089818442,19282.99732209633,,0.0,8452.988119810147,7230.123131395726,0.0,0.0,0.0,0.0,0.0
4501,6.615,885.54956,885.54985,0.3274801525288965,C47H83O13P,CCC=CCC=CCC=CCCCCCCCCCC(=O)OC(COC(=O)CCCCCCCCCC=CCCCCCC)COP(=O)(O)OC1C(O)C(O)C(O)C(O)C1O,[M-H]-,PI 18:1_20:3,"PI 18:1(11)_20:3(11,14,17)",0.3185714285714284,0.2101699999999807,0.00012682841790527682,0.00012682841790527682,All,Some,,17200.867799212156,2618.394739789144,0.0,14535.224183143231,14707.098360197782,18518.75543728571,4810.621450851795,17568.54924099257,,0.0,6538.574947923105,5847.991076744757,0.0,0.0,0.0,0.0,0.0
4501,6.615,885.54956,885.54985,0.3274801525288965,C47H83O13P,CCC=CCC=CCC=CCCCCCCCCCC(=O)OC(COC(=O)CCCCC=CCCCCCCCCCCC)COP(=O)(O)OC1C(O)C(O)C(O)C(O)C1O,[M-H]-,PI 18:1_20:3,"PI 18:1(6)_20:3(11,14,17)",0.304,0.3352871428571364,0.00010836966238003792,0.00010836966238003792,All,Some,,167326.4001791035,108075.19157854322,0.0,185499.28409401697,149841.8861915803,160687.78465789874,140905.70263136848,162448.499274902,,0.0,250716.74926046052,148000.6867095893,0.0,0.0,0.0,0.0,0.0
4553,6.639,857.51887,857.51855,0.37316976989930484,C45H79O13P,CCCCCC=CCC=CCC=CCCCCC(=O)OC(COC(=O)CCCCCCCCCC=CCCCCCC)COP(=O)(O)OC1C(O)C(O)C(O)C(O)C1O,[M-H]-,PI 18:1_18:3,"PI 18:1(11)_18:3(6,9,12)",0.5390000000000003,0.6255149999999882,0.0003840214557170358,0.0003840214557170358,All,All,,0.0,0.0,0.0,0.0,0.0,0.0,0.0,0.0,0.0,0.0,0.0,0.0,0.0,0.0,908.2618239242005,0.0,0.0
4553,6.639,857.51887,857.51855,0.37316976989930484,C45H79O13P,CCC=CCC=CCC=CCCCCCCCC(=O)OC(COC(=O)CCCCCCCCCC=CCCCCCC)COP(=O)(O)OC1C(O)C(O)C(O)C(O)C1O,[M-H]-,PI 18:1_18:3,"PI 18:1(11)_18:3(9,12,15)",0.4125714285714288,0.3266671428571207,0.00037182977369184503,0.00037182977369184503,All,All,,0.0,0.0,0.0,0.0,0.0,0.0,0.0,0.0,0.0,0.0,0.0,0.0,0.0,0.0,926.294512435847,0.0,0.0
4553,6.639,857.51887,857.51855,0.37316976989930484,C45H79O13P,CCCCCC=CCC=CCC=CCCCCC(=O)OC(COC(=O)CCCCCCCC=CCCCCCCCC)COP(=O)(O)OC1C(O)C(O)C(O)C(O)C1O,[M-H]-,PI 18:1_18:3,"PI 18:1(9)_18:3(6,9,12)",0.5896666666666667,0.6464766666666719,0.0003674491172710745,0.0003674491172710745,Some,Some,,0.0,0.0,0.0,0.0,0.0,0.0,0.0,0.0,0.0,0.0,0.0,0.0,0.0,0.0,314.87848401105407,0.0,0.0
4553,6.639,857.51887,857.51855,0.37316976989930484,C45H79O13P,CCC=CCC=CCC=CCCCCCCCC(=O)OC(COC(=O)CCCCCCCC=CCCCCCCCC)COP(=O)(O)OC1C(O)C(O)C(O)C(O)C1O,[M-H]-,PI 18:1_18:3,"PI 18:1(9)_18:3(9,12,15)",0.6039999999999999,0.45113599999999676,0.0003585130212229592,0.0003585130212229592,Some,Some,,0.0,0.0,0.0,0.0,0.0,0.0,0.0,0.0,0.0,0.0,0.0,0.0,0.0,0.0,364.27572048953806,0.0,0.0
4553,6.639,857.51887,857.51855,0.37316976989930484,C45H79O13P,CCCCCC=CCC=CCC=CCCCCC(=O)OC(COC(=O)CCCCC=CCCCCCCCCCCC)COP(=O)(O)OC1C(O)C(O)C(O)C(O)C1O,[M-H]-,PI 18:1_18:3,"PI 18:1(6)_18:3(6,9,12)",0.532,0.6148539999999911,0.000260435899580068,0.000260435899580068,Some,Some,,0.0,0.0,0.0,0.0,0.0,0.0,0.0,0.0,0.0,0.0,0.0,0.0,0.0,0.0,1174.1283853138568,0.0,0.0
4553,6.639,857.51887,857.51855,0.37316976989930484,C45H79O13P,CCC=CCC=CCC=CCCCCCCCC(=O)OC(COC(=O)CCCCC=CCCCCCCCCCCC)COP(=O)(O)OC1C(O)C(O)C(O)C(O)C1O,[M-H]-,PI 18:1_18:3,"PI 18:1(6)_18:3(9,12,15)",0.4394285714285712,0.2497214285714173,0.00022869416849157718,0.00022869416849157718,All,Some,,0.0,0.0,0.0,0.0,0.0,0.0,0.0,0.0,0.0,0.0,0.0,0.0,0.0,0.0,1192.1610738255033,0.0,0.0
4570,6.654,907.53411,907.5342,0.09916981641038489,C49H81O13P,CCC=CCC=CCC=CCC=CCC=CCC=CCCC(=O)OC(COC(=O)CCCCCCCC=CCCCCCCCC)COP(=O)(O)OC1C(O)C(O)C(O)C(O)C1O,[M-H]-,PI 18:1_22:6,"PI 18:1(9)_22:6(4,7,10,13,16,19)",0.5291666666666668,0.5215616666666941,0.0016119552640508634,0.0016119552640508634,Some,Some,,0.0,0.0,0.0,0.0,0.0,0.0,0.0,0.0,143000.0,0.0,0.0,0.0,0.0,0.0,0.0,0.0,0.0
4570,6.654,907.53411,907.5342,0.09916981641038489,C49H81O13P,CCC=CCC=CCC=CCC=CCC=CCC=CCCC(=O)OC(COC(=O)CCCCC=CCCCCCCCCCCC)COP(=O)(O)OC1C(O)C(O)C(O)C(O)C1O,[M-H]-,PI 18:1_22:6,"PI 18:1(6)_22:6(4,7,10,13,16,19)",0.4948333333333334,0.5761916666667256,0.0015776672381331463,0.0015776672381331463,Some,Some,,0.0,0.0,0.0,0.0,0.0,0.0,0.0,0.0,143000.0,0.0,0.0,0.0,0.0,0.0,0.0,0.0,0.0
4570,6.654,907.53411,907.5342,0.09916981641038489,C49H81O13P,CCC=CCC=CCC=CCC=CCC=CCC=CCCC(=O)OC(COC(=O)CCCCCCCCCC=CCCCCCC)COP(=O)(O)OC1C(O)C(O)C(O)C(O)C1O,[M-H]-,PI 18:1_22:6,"PI 18:1(11)_22:6(4,7,10,13,16,19)",0.6205714285714288,0.5579592857143406,0.0014904059951275901,0.0014904059951275901,All,Some,,0.0,0.0,0.0,0.0,0.0,0.0,0.0,0.0,143000.0,0.0,0.0,0.0,0.0,0.0,0.0,0.0,0.0
4604,6.671,835.53432,835.5342,0.1436206919171026,C43H81O13P,CCCCCCC=CCCCCCCCCCC(=O)OC(COC(=O)CCCCCCCCCCCCCCC)COP(=O)(O)OC1C(O)C(O)C(O)C(O)C1O,[M-H]-,PI 16:0_18:1,PI 16:0_18:1(11),0.7059999999999995,0.17503000000010616,0.0002254857890323026,0.0002254857890323026,All,All,,,253127.35849056605,0.0,0.0,,,0.0,,,280000.0,299474.91638795985,0.0,0.0,144622.30215827338,0.0,0.0,0.0
4604,6.671,835.53432,835.5342,0.1436206919171026,C43H81O13P,CCCCCCCCC=CCCCCCCCC(=O)OC(COC(=O)CCCCCCCCCCCCCCC)COP(=O)(O)OC1C(O)C(O)C(O)C(O)C1O,[M-H]-,PI 16:0_18:1,PI 16:0_18:1(9),0.38400000000000034,0.7402600000000348,0.00020434832958303646,0.00020434832958303646,All,All,,,267872.6415094339,276000.0,0.0,,,576000.0,,,0.0,293525.0836120402,639000.0,737000.0,328377.69784172665,689000.0,758000.0,637000.0
4604,6.671,835.53432,835.5342,0.1436206919171026,C43H81O13P,CCCCCCCCCCCC=CCCCCC(=O)OC(COC(=O)CCCCCCCCCCCCCCC)COP(=O)(O)OC1C(O)C(O)C(O)C(O)C1O,[M-H]-,PI 16:0_18:1,PI 16:0_18:1(6),0.21899999999999942,0.5262549999999919,0.00015087614147067104,0.00015087614147067104,All,Some,,,0.0,0.0,219000.0,,,0.0,,,0.0,0.0,0.0,0.0,0.0,0.0,0.0,0.0
4638,6.695,799.54975,799.54946,0.3627042660545706,C44H81O10P,CCCCCC=CCC=CCCCCCCCCCC(=O)OC(COC(=O)CCCCCCCC=CCCCCCCCC)COP(=O)(O)OCC(O)CO,[M-H]-,PG 18:1_20:2,"PG 18:1(9)_20:2(11,14)",0.7745000000000002,0.5140524999999911,0.0007816632544816522,0.0007816632544816522,Some,Some,,0.0,0.0,0.0,2883.333333333333,0.0,5248.325950854966,0.0,0.0,,0.0,0.0,0.0,0.0,0.0,0.0,0.0,0.0
4638,6.695,799.54975,799.54946,0.3627042660545706,C44H81O10P,CCCCCC=CCC=CCCCCCCCCCC(=O)OC(COC(=O)CCCCCCCCCC=CCCCCCC)COP(=O)(O)OCC(O)CO,[M-H]-,PG 18:1_20:2,"PG 18:1(11)_20:2(11,14)",0.5720000000000004,0.5360750000000204,0.0005211689916276642,0.0005211689916276642,All,Some,,0.0,0.0,0.0,2883.333333333333,0.0,5573.321620350895,0.0,0.0,,0.0,0.0,0.0,0.0,0.0,0.0,0.0,0.0
4638,6.695,799.54975,799.54946,0.3627042660545706,C44H81O10P,CCCCCC=CCC=CCCCCCCCCCC(=O)OC(COC(=O)CCCCC=CCCCCCCCCCCC)COP(=O)(O)OCC(O)CO,[M-H]-,PG 18:1_20:2,"PG 18:1(6)_20:2(11,14)",0.6203333333333335,0.5403416666666582,0.0005211088363211014,0.0005211088363211014,All,Some,,0.0,0.0,0.0,2883.333333333333,0.0,5078.352428794141,0.0,0.0,,0.0,0.0,0.0,0.0,0.0,0.0,0.0,0.0
4678,6.716,771.5177,771.51816,0.5962270544292568,C42H77O10P,CCCCCCCCC=CCC=CCCCCC(=O)OC(COC(=O)CCCCC=CCCCCCCCCCCC)COP(=O)(O)OCC(O)CO,[M-H]-,PG 18:1_18:2,"PG 18:1(6)_18:2(6,9)",0.5135000000000005,0.4791025000000104,7.499586989879837e-08,7.499586989879837e-08,Some,Some,,0.0,0.0,0.0,0.0,0.0,0.0,0.0,,,,0.0,0.0,0.0,0.0,0.0,,0.0
4678,6.716,771.5177,771.51816,0.5962270544292568,C42H77O10P,CCCCCC=CCC=CCCCCCCCC(=O)OC(COC(=O)CCCCC=CCCCCCCCCCCC)COP(=O)(O)OCC(O)CO,[M-H]-,PG 18:1_18:2,"PG 18:1(6)_18:2(9,12)",0.3550000000000004,0.2883124999999893,7.499586989879837e-08,7.499586989879837e-08,All,Some,,0.0,0.0,0.0,0.0,0.0,0.0,0.0,,,,0.0,0.0,0.0,0.0,0.0,,0.0
4695,6.727,883.53351,883.5342,0.7809544894548585,C47H81O13P,CCCCCC=CCC=CCC=CCC=CCCCCCCCC(=O)OC(COC(=O)CCCC=CCCCCCCCC)COP(=O)(O)OC1C(O)C(O)C(O)C(O)C1O,[M-H]-,PI 14:1_24:4,"PI 14:1(5)_24:4(9,12,15,18)",0.4732499999999997,0.5919875000000161,0.00046482169688083074,0.00046482169688083074,Some,Some,,0.0,0.0,950.2857498931776,0.0,0.0,0.0,0.0,0.0,0.0,0.0,0.0,0.0,0.0,0.0,0.0,0.0,0.0
4695,6.727,883.53351,883.5342,0.7809544894548585,C47H81O13P,CCCCCC=CCC=CCC=CCC=CCCCCCCCC(=O)OC(COC(=O)CCCCCCCC=CCCCC)COP(=O)(O)OC1C(O)C(O)C(O)C(O)C1O,[M-H]-,PI 14:1_24:4,"PI 14:1(9)_24:4(9,12,15,18)",0.3841999999999999,0.6058109999999942,0.00037501365934704863,0.00037501365934704863,All,All,,0.0,0.0,1170.895171627973,0.0,0.0,0.0,0.0,0.0,0.0,0.0,0.0,0.0,0.0,0.0,0.0,0.0,0.0
4695,6.727,883.53351,883.5342,0.7809544894548585,C47H81O13P,CCCCCC=CCC=CCC=CCC=CCCCCCCCC(=O)OC(COC(=O)CCCCC=CCCCCCCC)COP(=O)(O)OC1C(O)C(O)C(O)C(O)C1O,[M-H]-,PI 14:1_24:4,"PI 14:1(6)_24:4(9,12,15,18)",0.43919999999999976,0.5316310000000044,0.00035463522198369933,0.00035463522198369933,All,All,,0.0,0.0,5608.8190784788485,0.0,0.0,0.0,0.0,0.0,0.0,0.0,0.0,0.0,0.0,0.0,0.0,0.0,0.0
4773,6.75,863.55552,863.5655,11.556737734475728,C45H85O13P,CCCCCCCCC=CCCCCCCCC(=O)OC(COC(=O)CCCCCCCCCCCCCCCCC)COP(=O)(O)OC1C(O)C(O)C(O)C(O)C1O,[M-H]-,PI 18:0_18:1,PI 18:0_18:1(9),0.548,0.20783000000005813,0.0006762905383874395,0.0006762905383874395,All,All,,0.0,86592.5925925926,22075.413711583926,16138.54351687389,26012.45786311007,0.0,78009.50683303624,32304.827586206888,,0.0,0.0,117781.1320754717,126214.28571428572,108695.41778975741,179138.9337641357,135137.75510204083,159197.80219780217
4773,6.75,863.55552,863.5655,11.556737734475728,C45H85O13P,CCCCCCC=CCCCCCCCCCC(=O)OC(COC(=O)CCCCCCCCCCCCCCCCC)COP(=O)(O)OC1C(O)C(O)C(O)C(O)C1O,[M-H]-,PI 18:0_18:1,PI 18:0_18:1(11),0.24600000000000044,0.5167450000000144,0.00039223541137167105,0.00039223541137167105,All,All,,186000.0,0.0,43224.58628841608,137861.4564831261,174987.54213688994,218000.0,111990.49316696373,178695.17241379307,,0.0,112730.06134969325,86218.8679245283,101785.71428571429,0.0,37861.066235864295,107862.24489795919,38802.1978021978
4773,6.75,863.55552,863.5655,11.556737734475728,C45H85O13P,CCCCCCCCCCCC=CCCCCC(=O)OC(COC(=O)CCCCCCCCCCCCCCCCC)COP(=O)(O)OC1C(O)C(O)C(O)C(O)C1O,[M-H]-,PI 18:0_18:1,PI 18:0_18:1(6),0.2140000000000004,0.23824500000000626,2.2739894123559557e-06,2.2739894123559557e-06,All,Some,,0.0,53407.40740740741,0.0,0.0,0.0,0.0,0.0,0.0,,64000.0,97269.93865030677,0.0,0.0,32304.58221024259,0.0,0.0,0.0
4779,6.751,861.54961,861.54985,0.2785677462104978,C45H83O13P,CCCCCC=CCC=CCCCCCCCCCC(=O)OC(COC(=O)CCCCCCCCCCCCCCC)COP(=O)(O)OC1C(O)C(O)C(O)C(O)C1O,[M-H]-,PI 16:0_20:2,"PI 16:0_20:2(11,14)",0.44466666666666654,0.6490166666667013,0.0007064058918909667,0.0007064058918909667,All,All,,1540000.0,1130000.0,,1070000.0,,,,1520000.0,,582000.0,1390000.0,1510000.0,,1010000.0,,1710000.0,
4789,6.753,885.54955,885.54985,0.33877257168343566,C47H83O13P,CCCCCC=CCC=CCC=CCC=CCCCC(=O)OC(COC(=O)CCCCCCCCCCCCCCCCC)COP(=O)(O)OC1C(O)C(O)C(O)C(O)C1O,[M-H]-,PI 18:0_20:4,"PI 18:0_20:4(5,8,11,14)",0.583142857142857,0.6652542857143057,0.0027362836551742824,0.0027362836551742824,All,All,,1721037.620535108,3947317.960356377,6250444.350971649,2197112.6684376914,1562600.3210272873,1614327.5159368794,5677541.371158392,1660762.074678221,,4778079.191410577,5338310.266399441,5653380.772127013,7789318.067438349,6102947.115264952,6690938.986434905,6722210.024933859,6028346.24365891
4789,6.753,885.54955,885.54985,0.33877257168343566,C47H83O13P,CCC=CCC=CCC=CCC=CCCCCCCC(=O)OC(COC(=O)CCCCCCCCCCCCCCCCC)COP(=O)(O)OC1C(O)C(O)C(O)C(O)C1O,[M-H]-,PI 18:0_20:4,"PI 18:0_20:4(8,11,14,17)",0.49166666666666653,0.3618633333333605,0.00010737060637791873,0.00010737060637791873,All,Some,,258962.37946489203,172682.03964362285,229555.64902835034,272887.33156230836,207399.6789727127,235672.4840631205,402458.6288416075,259237.92532177907,,111920.80858942342,281689.7336005584,426619.22787298664,520681.93256165076,247052.8847350474,509061.0135650947,467789.9750661413,451653.7563410903
4828,6.759,798.53684,798.54431,9.354521604458089,C47H78NO7P,CCCCCC=CCC=CCC=CCCCCCCC(=O)OC(COCCCC=CCC=CCC=CCC=CCC=CCC=CCC)COP(=O)(O)OCCN,[M-H]-,PE O-22:6_20:3,"PE O-22:6(4,7,10,13,16,19)_20:3(8,11,14)",0.5459999999999999,0.6317530000000033,0.004743765193824027,0.004743765193824027,Some,Some,0.0,0.0,0.0,0.0,0.0,0.0,0.0,0.0,0.0,2823.333333333333,0.0,0.0,0.0,0.0,0.0,0.0,0.0,0.0
4828,6.759,798.53684,798.54431,9.354521604458089,C47H78NO7P,CCC=CCC=CCC=CCCCCCCCCCC(=O)OC(COCCCC=CCC=CCC=CCC=CCC=CCC=CCC)COP(=O)(O)OCCN,[M-H]-,PE O-22:6_20:3,"PE O-22:6(4,7,10,13,16,19)_20:3(11,14,17)",0.4632727272727271,0.5327454545454718,0.004126204927170788,0.004126204927170788,All,Some,0.0,0.0,0.0,0.0,0.0,0.0,0.0,0.0,0.0,2823.333333333333,0.0,0.0,0.0,0.0,0.0,0.0,0.0,0.0
4828,6.759,798.53684,798.54431,9.354521604458089,C47H78NO7P,CCCCCCCCC=CCC=CCC=CCCCC(=O)OC(COCCCC=CCC=CCC=CCC=CCC=CCC=CCC)COP(=O)(O)OCCN,[M-H]-,PE O-22:6_20:3,"PE O-22:6(4,7,10,13,16,19)_20:3(5,8,11)",0.4016363636363634,0.6516972727272953,0.004126204927170788,0.004126204927170788,Some,Some,0.0,0.0,0.0,0.0,0.0,0.0,0.0,0.0,0.0,2823.333333333333,0.0,0.0,0.0,0.0,0.0,0.0,0.0,0.0
4829,6.759,807.5029,807.5029,0.0,C41H77O13P,CCCCCCC=CCCCCCCCC(=O)OC(COC(=O)CCCCCCCCCCCCCCC)COP(=O)(O)OC1C(O)C(O)C(O)C(O)C1O,[M-H]-,PI 16:0_16:1,PI 16:0_16:1(9),0.25400000000000045,0.4639600000000428,0.0010338732060436418,0.0010338732060436418,All,All,,0.0,0.0,0.0,0.0,0.0,0.0,0.0,0.0,,0.0,0.0,0.0,0.0,0.0,0.0,0.0,0.0
4829,6.759,807.5029,807.5029,0.0,C41H77O13P,CCCCCCCCC=CCCCCCC(=O)OC(COC(=O)CCCCCCCCCCCCCCC)COP(=O)(O)OC1C(O)C(O)C(O)C(O)C1O,[M-H]-,PI 16:0_16:1,PI 16:0_16:1(7),0.9859999999999989,0.9027299999999059,0.0002056183309038659,0.0002056183309038659,All,Some,,0.0,0.0,0.0,0.0,0.0,0.0,0.0,0.0,,0.0,0.0,0.0,0.0,0.0,0.0,0.0,0.0
4829,6.759,807.5029,807.5029,0.0,C41H77O13P,CCCCCCCCCC=CCCCCC(=O)OC(COC(=O)CCCCCCCCCCCCCCC)COP(=O)(O)OC1C(O)C(O)C(O)C(O)C1O,[M-H]-,PI 16:0_16:1,PI 16:0_16:1(6),0.10599999999999898,0.5283799999999701,0.00010405412798485929,0.00010405412798485929,All,Some,,0.0,0.0,0.0,0.0,0.0,0.0,0.0,0.0,,0.0,0.0,0.0,0.0,0.0,0.0,0.0,0.0
4838,6.762,833.51826,833.51855,0.34792267064715166,C43H79O13P,CCCCCCCCC=CCC=CCCCCC(=O)OC(COC(=O)CCCCCCCCCCCCCCC)COP(=O)(O)OC1C(O)C(O)C(O)C(O)C1O,[M-H]-,PI 16:0_18:2,"PI 16:0_18:2(6,9)",0.25200000000000067,0.4943825000000004,0.00048402831079785865,0.00048402831079785865,All,Some,,0.0,0.0,0.0,0.0,0.0,0.0,0.0,0.0,,0.0,0.0,0.0,0.0,0.0,0.0,0.0,0.0
4838,6.762,833.51826,833.51855,0.34792267064715166,C43H79O13P,CCCCCC=CCC=CCCCCCCCC(=O)OC(COC(=O)CCCCCCCCCCCCCCC)COP(=O)(O)OC1C(O)C(O)C(O)C(O)C1O,[M-H]-,PI 16:0_18:2,"PI 16:0_18:2(9,12)",0.21099999999999985,0.49393999999998073,0.00031511278481036333,0.00031511278481036333,All,All,,0.0,0.0,0.0,0.0,0.0,0.0,0.0,0.0,,0.0,0.0,0.0,0.0,0.0,0.0,0.0,0.0
4840,6.762,859.53503,859.5342,0.9656392962034721,C45H81O13P,CCC=CCC=CCC=CCCCCCCCCCC(=O)OC(COC(=O)CCCCCCCCCCCCCCC)COP(=O)(O)OC1C(O)C(O)C(O)C(O)C1O,[M-H]-,PI 16:0_20:3,"PI 16:0_20:3(11,14,17)",0.3846666666666663,0.48404500000001843,0.0004561971493232541,0.0004561971493232541,All,All,0.0,0.0,0.0,0.0,0.0,0.0,0.0,0.0,0.0,0.0,0.0,0.0,0.0,424.94727327508286,1090.7703383729302,0.0,0.0,0.0
4840,6.762,859.53503,859.5342,0.9656392962034721,C45H81O13P,CCCCCC=CCC=CCC=CCCCCCCC(=O)OC(COC(=O)CCCCCCCCCCCCCCC)COP(=O)(O)OC1C(O)C(O)C(O)C(O)C1O,[M-H]-,PI 16:0_20:3,"PI 16:0_20:3(8,11,14)",0.5233333333333331,0.41593666666665285,0.00017684177725319245,0.00017684177725319245,All,Some,0.0,0.0,0.0,0.0,0.0,0.0,0.0,0.0,0.0,0.0,0.0,0.0,0.0,14147.634829768,5614.684665226782,0.0,0.0,0.0
4840,6.762,859.53503,859.5342,0.9656392962034721,C45H81O13P,CCCCCCCCC=CCC=CCC=CCCCC(=O)OC(COC(=O)CCCCCCCCCCCCCCC)COP(=O)(O)OC1C(O)C(O)C(O)C(O)C1O,[M-H]-,PI 16:0_20:3,"PI 16:0_20:3(5,8,11)",0.3546666666666667,0.426858333333314,0.00016850692749726998,0.00016850692749726998,All,Some,0.0,0.0,0.0,0.0,0.0,0.0,0.0,0.0,0.0,0.0,0.0,0.0,0.0,2627.417896956915,1024.544996400288,0.0,0.0,0.0
4877,6.778,719.48676,719.48686,0.1389879447901216,C38H73O10P,CCCCCCCCCC=CCCCCC(=O)OC(COC(=O)CCCCCCCCCCCCCCC)COP(=O)(O)OCC(O)CO,[M-H]-,PG 16:0_16:1,PG 16:0_16:1(6),0.36400000000000077,0.8588700000000244,0.0,0.0,Some,None,,,35000.0,,,,,,,,,,,39400.0,,,,
4896,6.789,797.5335,797.53381,0.38869825470237196,C44H79O10P,CCC=CCC=CCC=CCCCCCCCCCC(=O)OC(COC(=O)CCCCCCCC=CCCCCCCCC)COP(=O)(O)OCC(O)CO,[M-H]-,PG 18:1_20:3,"PG 18:1(9)_20:3(11,14,17)",0.5410000000000004,0.6597866666667187,0.0004651580428536594,0.0004651580428536594,Some,Some,,0.0,0.0,0.0,0.0,0.0,0.0,0.0,0.0,,0.0,0.0,0.0,0.0,0.0,0.0,0.0,0.0
4896,6.789,797.5335,797.53381,0.38869825470237196,C44H79O10P,CCC=CCC=CCC=CCCCCCCCCCC(=O)OC(COC(=O)CCCCC=CCCCCCCCCCCC)COP(=O)(O)OCC(O)CO,[M-H]-,PG 18:1_20:3,"PG 18:1(6)_20:3(11,14,17)",0.4537500000000003,0.7236775000000364,0.00036343346707545235,0.00036343346707545235,All,Some,,0.0,0.0,0.0,0.0,0.0,0.0,0.0,0.0,,0.0,0.0,0.0,0.0,0.0,0.0,0.0,0.0
4896,6.789,797.5335,797.53381,0.38869825470237196,C44H79O10P,CCC=CCC=CCC=CCCCCCCCCCC(=O)OC(COC(=O)CCCCCCCCCC=CCCCCCC)COP(=O)(O)OCC(O)CO,[M-H]-,PG 18:1_20:3,"PG 18:1(11)_20:3(11,14,17)",0.5132500000000004,0.6351812500000165,0.000348877011294717,0.000348877011294717,All,Some,,0.0,0.0,0.0,0.0,0.0,0.0,0.0,0.0,,0.0,0.0,0.0,0.0,0.0,0.0,0.0,0.0
4896,6.789,797.5335,797.53381,0.38869825470237196,C44H79O10P,CCCCCC=CCC=CCC=CCCCCCCC(=O)OC(COC(=O)CCCCC=CCCCCCCCCCCC)COP(=O)(O)OCC(O)CO,[M-H]-,PG 18:1_20:3,"PG 18:1(6)_20:3(8,11,14)",0.2532,0.5653600000000324,2.3303895896332554e-05,2.3303895896332554e-05,Some,Some,,0.0,0.0,0.0,0.0,0.0,0.0,0.0,0.0,,0.0,0.0,0.0,0.0,0.0,0.0,0.0,0.0
4896,6.789,797.5335,797.53381,0.38869825470237196,C44H79O10P,CCCCCCCCC=CCC=CCC=CCCCC(=O)OC(COC(=O)CCCCC=CCCCCCCCCCCC)COP(=O)(O)OCC(O)CO,[M-H]-,PG 18:1_20:3,"PG 18:1(6)_20:3(5,8,11)",0.2853333333333339,0.7453750000000431,1.9419913246943795e-05,1.9419913246943795e-05,Some,Some,,0.0,0.0,0.0,0.0,0.0,0.0,0.0,0.0,,0.0,0.0,0.0,0.0,0.0,0.0,0.0,0.0
4896,6.789,797.5335,797.53381,0.38869825470237196,C44H79O10P,CCCCCCCCC=CCC=CCC=CCCCC(=O)OC(COC(=O)CCCCCCCCCC=CCCCCCC)COP(=O)(O)OCC(O)CO,[M-H]-,PG 18:1_20:3,"PG 18:1(11)_20:3(5,8,11)",0.32914285714285796,0.5583528571428522,9.690462254288479e-09,9.690462254288479e-09,Some,Some,,0.0,0.0,0.0,0.0,0.0,0.0,0.0,0.0,,0.0,0.0,0.0,0.0,0.0,0.0,0.0,0.0
4896,6.789,797.5335,797.53381,0.38869825470237196,C44H79O10P,CCCCCC=CCC=CCC=CCCCCCCC(=O)OC(COC(=O)CCCCCCCCCC=CCCCCCC)COP(=O)(O)OCC(O)CO,[M-H]-,PG 18:1_20:3,"PG 18:1(11)_20:3(8,11,14)",0.36457142857142877,0.5661657142857166,9.690462254288479e-09,9.690462254288479e-09,All,Some,,0.0,0.0,0.0,0.0,0.0,0.0,0.0,0.0,,0.0,0.0,0.0,0.0,0.0,0.0,0.0,0.0
4907,6.794,694.47434,694.48171,10.61223052229436,C39H70NO7P,CCCCCCCCCCCCCC(=O)OC(COCCCCC=CCC=CCC=CCC=CCC=CCC)COP(=O)(O)OCCN,[M-H]-,PE O-20:5_14:0,"PE O-20:5(5,8,11,14,17)_14:0",0.31425000000000014,0.4019337500000191,0.0012355435258813246,0.0012355435258813246,All,Some,,0.0,0.0,0.0,0.0,0.0,0.0,0.0,0.0,,0.0,0.0,0.0,0.0,0.0,0.0,0.0,0.0
4908,6.794,911.56577,911.5655,0.2961937458146853,C49H85O13P,CCCCCC=CCC=CCC=CCC=CCC=CCCC(=O)OC(COC(=O)CCCCCCCCCCCCCCCCC)COP(=O)(O)OC1C(O)C(O)C(O)C(O)C1O,[M-H]-,PI 18:0_22:5,"PI 18:0_22:5(4,7,10,13,16)",0.4307058823529413,0.4919576470588588,0.0009821610492464366,0.0009821610492464366,All,Some,0.0,112628.780727259,227697.31493729062,243591.61414058166,124125.88422116355,109000.0,106488.75248491613,351026.6378494288,114757.86920028074,0.0,197840.7352140032,319855.5429075019,345890.2572149302,410648.62153836625,279000.0,314488.4139901845,349292.714146741,298854.33384812606
4908,6.794,911.56577,911.5655,0.2961937458146853,C49H85O13P,CCC=CCC=CCC=CCC=CCC=CCCCCCC(=O)OC(COC(=O)CCCCCCCCCCCCCCCCC)COP(=O)(O)OC1C(O)C(O)C(O)C(O)C1O,[M-H]-,PI 18:0_22:5,"PI 18:0_22:5(7,10,13,16,19)",0.3691428571428571,0.3226199999999965,8.874102895398593e-05,8.874102895398593e-05,All,Some,0.0,371.21927274100375,302.6850627093935,408.3858594183212,874.1157788364369,0.0,511.2475150838768,973.3621505711991,242.1307997192686,0.0,5159.264785996825,7144.457092498074,1109.7427850697736,2351.3784616337216,0.0,1511.5860098154935,1707.2858532589214,1145.666151873946
4920,6.804,913.57172,913.58115,10.322016823521468,C49H87O13P,CCCCCC=CCC=CCC=CCC=CCCCCCCCCCC(=O)OC(COC(=O)CCCCCCCCCCCCC)COP(=O)(O)OC1C(O)C(O)C(O)C(O)C1O,[M-H]-,PI 14:0_26:4,"PI 14:0_26:4(11,14,17,20)",0.26124999999999954,0.2983312499999755,1.9683240805705536e-05,1.9683240805705536e-05,All,Some,0.0,15600.0,30700.0,0.0,17100.0,16000.0,15500.0,0.0,15000.0,0.0,30900.0,0.0,0.0,0.0,0.0,48700.0,42400.0,0.0
4923,6.806,857.51818,857.51855,0.43147754643364217,C45H79O13P,CCC=CCC=CCC=CCC=CCCCCCCC(=O)OC(COC(=O)CCCCCCCCCCCCCCC)COP(=O)(O)OC1C(O)C(O)C(O)C(O)C1O,[M-H]-,PI 16:0_20:4,"PI 16:0_20:4(8,11,14,17)",0.44225000000000025,0.33188749999996503,0.00019938545742751736,0.00019938545742751736,All,Some,,0.0,0.0,0.0,0.0,0.0,0.0,0.0,0.0,0.0,0.0,0.0,0.0,0.0,0.0,0.0,0.0,0.0
4923,6.806,857.51818,857.51855,0.43147754643364217,C45H79O13P,CCCCCC=CCC=CCC=CCC=CCCCC(=O)OC(COC(=O)CCCCCCCCCCCCCCC)COP(=O)(O)OC1C(O)C(O)C(O)C(O)C1O,[M-H]-,PI 16:0_20:4,"PI 16:0_20:4(5,8,11,14)",0.45960000000000034,0.43820399999997334,0.00014185241428658256,0.00014185241428658256,All,Some,,0.0,0.0,0.0,0.0,0.0,0.0,0.0,0.0,1460000.0,0.0,0.0,0.0,0.0,0.0,0.0,0.0,0.0
4934,6.811,799.55021,799.54946,0.938028274122164,C44H81O10P,CCCCCC=CCC=CCCCCCCCCCC(=O)OC(COC(=O)CCCCCCCC=CCCCCCCCC)COP(=O)(O)OCC(O)CO,[M-H]-,PG 18:1_20:2,"PG 18:1(9)_20:2(11,14)",0.7414999999999998,0.5138225000000034,0.0007576896263476755,0.0007576896263476755,Some,Some,,1200.2611187772,0.0,0.0,0.0,0.0,0.0,0.0,0.0,,0.0,0.0,0.0,0.0,0.0,0.0,0.0,0.0
4934,6.811,799.55021,799.54946,0.938028274122164,C44H81O10P,CCCCCC=CCC=CCCCCCCCCCC(=O)OC(COC(=O)CCCCCCCCCC=CCCCCCC)COP(=O)(O)OCC(O)CO,[M-H]-,PG 18:1_20:2,"PG 18:1(11)_20:2(11,14)",0.5736666666666667,0.5094733333333465,0.0005051848888285551,0.0005051848888285551,All,Some,,1225.5991932915827,0.0,0.0,0.0,0.0,0.0,0.0,0.0,,0.0,0.0,0.0,0.0,0.0,0.0,0.0,0.0
4934,6.811,799.55021,799.54946,0.938028274122164,C44H81O10P,CCCCCC=CCC=CCCCCCCCCCC(=O)OC(COC(=O)CCCCC=CCCCCCCCCCCC)COP(=O)(O)OCC(O)CO,[M-H]-,PG 18:1_20:2,"PG 18:1(6)_20:2(11,14)",0.5360000000000001,0.677838333333303,0.000505126417565117,0.000505126417565117,All,Some,,844.1396879312175,0.0,0.0,0.0,0.0,0.0,0.0,0.0,,0.0,0.0,0.0,0.0,0.0,0.0,0.0,0.0
4957,6.824,722.5055,722.51301,10.394276498944668,C41H74NO7P,CCCCCCCCCCCCCCCC(=O)OC(COCCCCC=CCC=CCC=CCC=CCC=CCC)COP(=O)(O)OCCN,[M-H]-,PE O-20:5_16:0,"PE O-20:5(5,8,11,14,17)_16:0",0.4169999999999998,0.5121883333333509,0.00020526264994910333,0.00020526264994910333,Some,Some,,219000.0,303000.0,383000.0,289000.0,235000.0,263000.0,336000.0,293000.0,0.0,331000.0,330000.0,432000.0,369000.0,424000.0,422000.0,335000.0,415000.0
5055,6.865,833.51849,833.51855,0.07198400079062596,C43H79O13P,CCCCCCCCC=CCC=CCCCCC(=O)OC(COC(=O)CCCCCCCCCCCCCCC)COP(=O)(O)OC1C(O)C(O)C(O)C(O)C1O,[M-H]-,PI 16:0_18:2,"PI 16:0_18:2(6,9)",0.20399999999999974,0.5061525000000131,0.0005649572576210476,0.0005649572576210476,All,All,,0.0,0.0,0.0,0.0,0.0,0.0,0.0,0.0,,0.0,0.0,0.0,0.0,0.0,0.0,0.0,0.0
5055,6.865,833.51849,833.51855,0.07198400079062596,C43H79O13P,CCCCCC=CCC=CCCCCCCCC(=O)OC(COC(=O)CCCCCCCCCCCCCCC)COP(=O)(O)OC1C(O)C(O)C(O)C(O)C1O,[M-H]-,PI 16:0_18:2,"PI 16:0_18:2(9,12)",0.10133333333333283,0.37432333333329854,0.00046125469148745684,0.00046125469148745684,All,All,,0.0,0.0,0.0,0.0,0.0,0.0,0.0,0.0,,0.0,0.0,0.0,0.0,0.0,0.0,0.0,0.0
5076,6.88,835.53442,835.5342,0.2633046018933764,C43H81O13P,CCCCCCC=CCCCCCCCCCC(=O)OC(COC(=O)CCCCCCCCCCCCCCC)COP(=O)(O)OC1C(O)C(O)C(O)C(O)C1O,[M-H]-,PI 16:0_18:1,PI 16:0_18:1(11),0.29600000000000026,0.17120500000009997,0.0007847083942134595,0.0007847083942134595,All,All,0.0,0.0,0.0,0.0,0.0,0.0,0.0,0.0,0.0,0.0,0.0,0.0,0.0,0.0,0.0,0.0,0.0,0.0
5076,6.88,835.53442,835.5342,0.2633046018933764,C43H81O13P,CCCCCCCCC=CCCCCCCCC(=O)OC(COC(=O)CCCCCCCCCCCCCCC)COP(=O)(O)OC1C(O)C(O)C(O)C(O)C1O,[M-H]-,PI 16:0_18:1,PI 16:0_18:1(9),0.08099999999999952,0.4638049999999794,0.0006848527066694564,0.0006848527066694564,All,All,0.0,0.0,0.0,27664.419836302357,0.0,0.0,0.0,0.0,0.0,0.0,0.0,0.0,0.0,0.0,0.0,0.0,0.0,0.0
5076,6.88,835.53442,835.5342,0.2633046018933764,C43H81O13P,CCCCCCCCCCCC=CCCCCC(=O)OC(COC(=O)CCCCCCCCCCCCCCC)COP(=O)(O)OC1C(O)C(O)C(O)C(O)C1O,[M-H]-,PI 16:0_18:1,PI 16:0_18:1(6),0.27200000000000024,0.5281950000000393,0.00016880056203579042,0.00016880056203579042,All,All,0.0,0.0,0.0,4435.580163697641,0.0,0.0,0.0,0.0,0.0,0.0,0.0,0.0,0.0,0.0,0.0,0.0,0.0,0.0
5090,6.889,719.48627,719.48686,0.8200288744513307,C38H73O10P,CCCCCCCCCC=CCCCCC(=O)OC(COC(=O)CCCCCCCCCCCCCCC)COP(=O)(O)OCC(O)CO,[M-H]-,PG 16:0_16:1,PG 16:0_16:1(6),0.14199999999999946,0.858380000000011,0.0,0.0,Some,None,,,0.0,,,,,,,,,,,0.0,,,,
5089,6.889,745.50245,745.50251,0.08048262651173131,C40H75O10P,CCCCCCC=CCCCCCCCCCC(=O)OC(COC(=O)CCCCC=CCCCCCCCCC)COP(=O)(O)OCC(O)CO,[M-H]-,PG 16:1_18:1,PG 16:1(6)_18:1(11),0.11533333333333218,0.9046266666665966,0.0,0.0,Some,None,0.0,76300.0,18500.0,12200.0,93800.0,91600.0,72600.0,25400.0,76800.0,,20400.0,19400.0,25900.0,25700.0,30400.0,26500.0,27900.0,26600.0
5132,6.904,883.53367,883.5342,0.5998635933120876,C47H81O13P,CCCCCC=CCC=CCC=CCC=CCCCC(=O)OC(COC(=O)CCCCCCCCCC=CCCCCCC)COP(=O)(O)OC1C(O)C(O)C(O)C(O)C1O,[M-H]-,PI 18:1_20:4,"PI 18:1(11)_20:4(5,8,11,14)",0.4733333333333335,0.5817777777777893,0.00444615806151424,0.00444615806151424,All,All,666773.7661477311,0.0,0.0,0.0,0.0,0.0,0.0,0.0,0.0,1693856.767411301,0.0,0.0,0.0,0.0,0.0,0.0,0.0,0.0
5132,6.904,883.53367,883.5342,0.5998635933120876,C47H81O13P,CCCCCC=CCC=CCC=CCC=CCCCC(=O)OC(COC(=O)CCCCC=CCCCCCCCCCCC)COP(=O)(O)OC1C(O)C(O)C(O)C(O)C1O,[M-H]-,PI 18:1_20:4,"PI 18:1(6)_20:4(5,8,11,14)",0.624,0.5974614285714617,0.003607726647852703,0.003607726647852703,Some,Some,0.0,0.0,0.0,0.0,0.0,0.0,0.0,0.0,0.0,0.0,0.0,0.0,0.0,0.0,0.0,0.0,0.0,0.0
5132,6.904,883.53367,883.5342,0.5998635933120876,C47H81O13P,CCCCCC=CCC=CCC=CCC=CCCCC(=O)OC(COC(=O)CCCCCCCC=CCCCCCCCC)COP(=O)(O)OC1C(O)C(O)C(O)C(O)C1O,[M-H]-,PI 18:1_20:4,"PI 18:1(9)_20:4(5,8,11,14)",0.5446666666666667,0.62566000000002,0.002813544409604449,0.002813544409604449,Some,Some,78226.23385226897,0.0,0.0,0.0,0.0,0.0,0.0,0.0,0.0,1045466.4914586073,0.0,0.0,0.0,0.0,0.0,0.0,0.0,0.0
5132,6.904,883.53367,883.5342,0.5998635933120876,C47H81O13P,CCC=CCC=CCC=CCC=CCCCCCCC(=O)OC(COC(=O)CCCCCCCCCC=CCCCCCC)COP(=O)(O)OC1C(O)C(O)C(O)C(O)C1O,[M-H]-,PI 18:1_20:4,"PI 18:1(11)_20:4(8,11,14,17)",0.43740000000000023,0.6253430000000322,0.002095370015963761,0.002095370015963761,All,Some,0.0,0.0,0.0,0.0,0.0,0.0,0.0,0.0,0.0,0.0,0.0,0.0,0.0,0.0,0.0,0.0,0.0,0.0
5132,6.904,883.53367,883.5342,0.5998635933120876,C47H81O13P,CCC=CCC=CCC=CCC=CCCCCCCC(=O)OC(COC(=O)CCCCC=CCCCCCCCCCCC)COP(=O)(O)OC1C(O)C(O)C(O)C(O)C1O,[M-H]-,PI 18:1_20:4,"PI 18:1(6)_20:4(8,11,14,17)",0.6052500000000001,0.6547225000000338,0.0008584380748672896,0.0008584380748672896,Some,Some,0.0,0.0,0.0,0.0,0.0,0.0,0.0,0.0,0.0,320676.74113009195,0.0,0.0,0.0,0.0,0.0,0.0,0.0,0.0
5132,6.904,883.53367,883.5342,0.5998635933120876,C47H81O13P,CCC=CCC=CCC=CCC=CCCCCCCC(=O)OC(COC(=O)CCCCCCCC=CCCCCCCCC)COP(=O)(O)OC1C(O)C(O)C(O)C(O)C1O,[M-H]-,PI 18:1_20:4,"PI 18:1(9)_20:4(8,11,14,17)",0.44342857142857184,0.7727114285714995,0.0004099829546467358,0.0004099829546467358,Some,Some,0.0,0.0,0.0,0.0,0.0,0.0,0.0,0.0,0.0,0.0,0.0,0.0,0.0,0.0,0.0,0.0,0.0,0.0
5143,6.911,694.47369,694.48171,11.548180296911928,C39H70NO7P,CCCCCC(=O)OC(COCCCCCCCCCC=CCC=CCC=CCC=CCC=CCCCCC)COP(=O)(O)OCCN,[M-H]-,PE O-28:5_6:0,"PE O-28:5(10,13,16,19,22)_6:0",0.5220000000000002,0.4361366666666413,0.00040503694027246184,0.00040503694027246184,Some,Some,,0.0,0.0,0.0,0.0,0.0,0.0,0.0,0.0,0.0,0.0,0.0,0.0,0.0,0.0,0.0,0.0,0.0
5143,6.911,694.47369,694.48171,11.548180296911928,C39H70NO7P,CCCCCC(=O)OC(COCCCCCCCCCCCCC=CCC=CCC=CCC=CCC=CCC)COP(=O)(O)OCCN,[M-H]-,PE O-28:5_6:0,"PE O-28:5(13,16,19,22,25)_6:0",0.4540000000000001,0.43208428571434104,0.00017367012058322866,0.00017367012058322866,All,Some,,0.0,0.0,0.0,0.0,0.0,0.0,0.0,0.0,18700.0,0.0,0.0,0.0,0.0,0.0,0.0,0.0,0.0
5210,6.928,747.51783,747.51816,0.44146084686777104,C40H77O10P,CCCCCCC=CCCCCCCCCCC(=O)OC(COC(=O)CCCCCCCCCCCCCCC)COP(=O)(O)OCC(O)CO,[M-H]-,PG 16:0_18:1,PG 16:0_18:1(11),0.38900000000000023,0.9634300000000167,0.0,0.0,All,None,0.0,,1160000.0,1510000.0,,,1030000.0,,,0.0,1280000.0,1260000.0,,,1600000.0,1490000.0,1320000.0,
5337,6.958,909.54969,909.54985,0.1759111938032856,C49H83O13P,CCC=CCC=CCC=CCC=CCC=CCCCCCC(=O)OC(COC(=O)CCCCCCCC=CCCCCCCCC)COP(=O)(O)OC1C(O)C(O)C(O)C(O)C1O,[M-H]-,PI 18:1_22:5,"PI 18:1(9)_22:5(7,10,13,16,19)",0.26439999999999947,0.40886100000002445,0.00042861576852526,0.00042861576852526,Some,Some,18563.26530612245,0.0,0.0,0.0,0.0,0.0,0.0,0.0,0.0,151000.0,0.0,0.0,0.0,0.0,0.0,0.0,0.0,0.0
5337,6.958,909.54969,909.54985,0.1759111938032856,C49H83O13P,CCC=CCC=CCC=CCC=CCC=CCCCCCC(=O)OC(COC(=O)CCCCC=CCCCCCCCCCCC)COP(=O)(O)OC1C(O)C(O)C(O)C(O)C1O,[M-H]-,PI 18:1_22:5,"PI 18:1(6)_22:5(7,10,13,16,19)",0.28133333333333316,0.4862111111111365,0.0004148268321312417,0.0004148268321312417,Some,Some,0.0,0.0,0.0,0.0,0.0,0.0,0.0,0.0,0.0,0.0,0.0,0.0,0.0,0.0,0.0,0.0,0.0,0.0
5337,6.958,909.54969,909.54985,0.1759111938032856,C49H83O13P,CCC=CCC=CCC=CCC=CCC=CCCCCCC(=O)OC(COC(=O)CCCCCCCCCC=CCCCCCC)COP(=O)(O)OC1C(O)C(O)C(O)C(O)C1O,[M-H]-,PI 18:1_22:5,"PI 18:1(11)_22:5(7,10,13,16,19)",0.31299999999999945,0.4297116666666909,0.0003973286123777012,0.0003973286123777012,All,Some,13518.367346938774,0.0,0.0,0.0,0.0,0.0,0.0,0.0,0.0,0.0,0.0,0.0,0.0,0.0,0.0,0.0,0.0,0.0
5337,6.958,909.54969,909.54985,0.1759111938032856,C49H83O13P,CCCCCC=CCC=CCC=CCC=CCC=CCCC(=O)OC(COC(=O)CCCCCCCC=CCCCCCCCC)COP(=O)(O)OC1C(O)C(O)C(O)C(O)C1O,[M-H]-,PI 18:1_22:5,"PI 18:1(9)_22:5(4,7,10,13,16)",0.3126666666666665,0.4937300000000151,0.00024539406985177537,0.00024539406985177537,Some,Some,0.0,0.0,0.0,0.0,0.0,0.0,0.0,0.0,0.0,0.0,0.0,0.0,0.0,0.0,0.0,0.0,0.0,0.0
5337,6.958,909.54969,909.54985,0.1759111938032856,C49H83O13P,CCCCCC=CCC=CCC=CCC=CCC=CCCC(=O)OC(COC(=O)CCCCC=CCCCCCCCCCCC)COP(=O)(O)OC1C(O)C(O)C(O)C(O)C1O,[M-H]-,PI 18:1_22:5,"PI 18:1(6)_22:5(4,7,10,13,16)",0.39025,0.47425874999998996,0.00024067239580827492,0.00024067239580827492,Some,Some,13518.367346938774,0.0,0.0,0.0,0.0,0.0,0.0,0.0,0.0,0.0,0.0,0.0,0.0,0.0,0.0,0.0,0.0,0.0
5337,6.958,909.54969,909.54985,0.1759111938032856,C49H83O13P,CCCCCC=CCC=CCC=CCC=CCC=CCCC(=O)OC(COC(=O)CCCCCCCCCC=CCCCCCC)COP(=O)(O)OC1C(O)C(O)C(O)C(O)C1O,[M-H]-,PI 18:1_22:5,"PI 18:1(11)_22:5(4,7,10,13,16)",0.41933333333333295,0.48058857142858696,0.0002399879189156451,0.0002399879189156451,All,Some,0.0,0.0,0.0,0.0,0.0,0.0,0.0,0.0,0.0,0.0,0.0,0.0,0.0,0.0,0.0,0.0,0.0,0.0
5341,6.959,805.49221,805.48725,6.15776351516769,C41H75O13P,CCCCCCC=CCCCCCCCCCC(=O)OC(COC(=O)CCCCCCCC=CCCCC)COP(=O)(O)OC1C(O)C(O)C(O)C(O)C1O,[M-H]-,PI 14:1_18:1,PI 14:1(9)_18:1(11),0.6160000000000009,0.5937766666666372,0.00042951299678212093,0.00042951299678212093,All,All,0.0,0.0,0.0,0.0,0.0,0.0,0.0,0.0,0.0,0.0,3019.2198736108085,3448.293167301809,0.0,0.0,0.0,0.0,0.0,0.0
5341,6.959,805.49221,805.48725,6.15776351516769,C41H75O13P,CCCCCCCCC=CCCCCCCCC(=O)OC(COC(=O)CCCCCCCC=CCCCC)COP(=O)(O)OC1C(O)C(O)C(O)C(O)C1O,[M-H]-,PI 14:1_18:1,PI 14:1(9)_18:1(9),0.689000000000001,0.5470474999999908,0.0003962504667804641,0.0003962504667804641,All,All,0.0,0.0,0.0,0.0,0.0,0.0,0.0,0.0,0.0,0.0,5076.138592285901,5116.754334174226,0.0,0.0,0.0,0.0,0.0,0.0
5341,6.959,805.49221,805.48725,6.15776351516769,C41H75O13P,CCCCCCC=CCCCCCCCCCC(=O)OC(COC(=O)CCCC=CCCCCCCCC)COP(=O)(O)OC1C(O)C(O)C(O)C(O)C1O,[M-H]-,PI 14:1_18:1,PI 14:1(5)_18:1(11),0.30666666666666725,0.6434333333333294,0.00031980005364489877,0.00031980005364489877,All,All,0.0,0.0,0.0,0.0,0.0,0.0,0.0,0.0,0.0,0.0,3019.2198736108085,3316.609414416832,0.0,0.0,0.0,0.0,0.0,0.0
5341,6.959,805.49221,805.48725,6.15776351516769,C41H75O13P,CCCCCCCCC=CCCCCCCCC(=O)OC(COC(=O)CCCC=CCCCCCCCC)COP(=O)(O)OC1C(O)C(O)C(O)C(O)C1O,[M-H]-,PI 14:1_18:1,PI 14:1(5)_18:1(9),0.45700000000000074,0.58429000000001,0.0003139657594275475,0.0003139657594275475,All,All,0.0,0.0,0.0,0.0,0.0,0.0,0.0,0.0,0.0,0.0,667.5964262366529,321.5044817776823,0.0,0.0,0.0,0.0,0.0,0.0
5341,6.959,805.49221,805.48725,6.15776351516769,C41H75O13P,CCCCCCCCCCCC=CCCCCC(=O)OC(COC(=O)CCCCCCCC=CCCCC)COP(=O)(O)OC1C(O)C(O)C(O)C(O)C1O,[M-H]-,PI 14:1_18:1,PI 14:1(9)_18:1(6),0.533500000000001,0.6925274999999829,0.00023926758706669033,0.00023926758706669033,All,Some,0.0,0.0,0.0,0.0,0.0,0.0,0.0,0.0,0.0,0.0,2724.515144911745,1989.965648650099,0.0,0.0,0.0,0.0,0.0,0.0
5341,6.959,805.49221,805.48725,6.15776351516769,C41H75O13P,CCCCCCCCC=CCCCCCCCC(=O)OC(COC(=O)CCCCC=CCCCCCCC)COP(=O)(O)OC1C(O)C(O)C(O)C(O)C1O,[M-H]-,PI 14:1_18:1,PI 14:1(6)_18:1(9),0.5280000000000005,0.3973150000000203,0.00015814948784625006,0.00015814948784625006,All,All,0.0,0.0,0.0,0.0,0.0,0.0,0.0,0.0,0.0,0.0,3686.816299847461,3506.4301433095375,0.0,0.0,0.0,0.0,0.0,0.0
5341,6.959,805.49221,805.48725,6.15776351516769,C41H75O13P,CCCCCCCCCCCC=CCCCCC(=O)OC(COC(=O)CCCC=CCCCCCCCC)COP(=O)(O)OC1C(O)C(O)C(O)C(O)C1O,[M-H]-,PI 14:1_18:1,PI 14:1(5)_18:1(6),0.30150000000000077,0.729770000000002,0.00015698287971377376,0.00015698287971377376,All,Some,0.0,0.0,0.0,0.0,0.0,0.0,0.0,0.0,0.0,0.0,1443.4517324035737,1182.3519939885136,0.0,0.0,0.0,0.0,0.0,0.0
5341,6.959,805.49221,805.48725,6.15776351516769,C41H75O13P,CCCCCCC=CCCCCCCCCCC(=O)OC(COC(=O)CCCCC=CCCCCCCC)COP(=O)(O)OC1C(O)C(O)C(O)C(O)C1O,[M-H]-,PI 14:1_18:1,PI 14:1(6)_18:1(11),0.40133333333333354,0.3941333333333432,0.00011204502486983548,0.00011204502486983548,All,All,0.0,0.0,0.0,0.0,0.0,0.0,0.0,0.0,0.0,0.0,3500.370451078666,2850.8131608609306,0.0,0.0,0.0,0.0,0.0,0.0
5341,6.959,805.49221,805.48725,6.15776351516769,C41H75O13P,CCCCCCCCCCCC=CCCCCC(=O)OC(COC(=O)CCCCC=CCCCCCCC)COP(=O)(O)OC1C(O)C(O)C(O)C(O)C1O,[M-H]-,PI 14:1_18:1,PI 14:1(6)_18:1(6),0.3725000000000005,0.5427950000000124,1.166608132476297e-06,1.166608132476297e-06,All,Some,0.0,0.0,0.0,0.0,0.0,0.0,0.0,0.0,0.0,0.0,4462.671606014382,4367.277655520369,0.0,0.0,0.0,0.0,0.0,0.0
5373,6.969,889.5715,889.58115,10.84780179971785,C47H87O13P,CCCCCC=CCC=CCCCCCCCCCC(=O)OC(COC(=O)CCCCCCCCCCCCCCCCC)COP(=O)(O)OC1C(O)C(O)C(O)C(O)C1O,[M-H]-,PI 18:0_20:2,"PI 18:0_20:2(11,14)",0.3906666666666663,0.11734999999998763,0.0004347068737579108,0.0004347068737579108,All,Some,,95400.0,39900.0,,57400.0,81900.0,88500.0,55200.0,87300.0,,0.0,55100.0,54000.0,58300.0,38100.0,56400.0,67300.0,56700.0
5421,6.988,887.56413,887.5655,1.5435480537102606,C47H85O13P,CCCCCCCCC=CCC=CCC=CCCCC(=O)OC(COC(=O)CCCCCCCCCCCCCCCCC)COP(=O)(O)OC1C(O)C(O)C(O)C(O)C1O,[M-H]-,PI 18:0_20:3,"PI 18:0_20:3(5,8,11)",0.418999999999999,0.6356033333333547,0.0007779811467256573,0.0007779811467256573,All,Some,,251437.99546468264,0.0,0.0,0.0,218437.09208267808,265740.81503983494,0.0,248578.17618291997,,0.0,0.0,0.0,0.0,0.0,0.0,0.0,0.0
5421,6.988,887.56413,887.5655,1.5435480537102606,C47H85O13P,CCC=CCC=CCC=CCCCCCCCCCC(=O)OC(COC(=O)CCCCCCCCCCCCCCCCC)COP(=O)(O)OC1C(O)C(O)C(O)C(O)C1O,[M-H]-,PI 18:0_20:3,"PI 18:0_20:3(11,14,17)",0.3099999999999996,0.386365000000031,0.0002869116136753204,0.0002869116136753204,All,Some,,326208.2122978317,0.0,0.0,0.0,313003.2993123863,330807.1301656446,0.0,335082.5422454832,,0.0,0.0,0.0,0.0,0.0,0.0,0.0,0.0
5421,6.988,887.56413,887.5655,1.5435480537102606,C47H85O13P,CCCCCC=CCC=CCC=CCCCCCCC(=O)OC(COC(=O)CCCCCCCCCCCCCCCCC)COP(=O)(O)OC1C(O)C(O)C(O)C(O)C1O,[M-H]-,PI 18:0_20:3,"PI 18:0_20:3(8,11,14)",0.6049999999999992,0.637709999999989,0.00011521267879953892,0.00011521267879953892,All,Some,,94353.79223748572,0.0,0.0,0.0,78559.60860493561,87452.05479452055,0.0,81339.28157159693,,0.0,0.0,0.0,0.0,0.0,0.0,0.0,0.0
5442,6.993,911.56452,911.5655,1.0750735959476836,C49H85O13P,CCCCCC=CCC=CCC=CCC=CCC=CCCC(=O)OC(COC(=O)CCCCCCCCCCCCCCCCC)COP(=O)(O)OC1C(O)C(O)C(O)C(O)C1O,[M-H]-,PI 18:0_22:5,"PI 18:0_22:5(4,7,10,13,16)",0.2566315789473682,0.48656736842106413,0.0003651741417330878,0.0003651741417330878,All,All,0.0,0.0,0.0,0.0,0.0,0.0,0.0,0.0,0.0,0.0,3082.0158349618227,0.0,0.0,0.0,0.0,0.0,0.0,0.0
5442,6.993,911.56452,911.5655,1.0750735959476836,C49H85O13P,CCC=CCC=CCC=CCC=CCC=CCCCCCC(=O)OC(COC(=O)CCCCCCCCCCCCCCCCC)COP(=O)(O)OC1C(O)C(O)C(O)C(O)C1O,[M-H]-,PI 18:0_22:5,"PI 18:0_22:5(7,10,13,16,19)",0.5757999999999999,0.282218999999975,0.0001295737639033342,0.0001295737639033342,All,Some,0.0,0.0,0.0,0.0,0.0,0.0,0.0,0.0,0.0,0.0,257.9841650381772,0.0,0.0,0.0,0.0,0.0,0.0,0.0
5485,7.015,745.50189,745.50251,0.8316538062712441,C40H75O10P,CCCCCC=CCC=CCCCCCCCC(=O)OC(COC(=O)CCCCCCCCCCCCCCC)COP(=O)(O)OCC(O)CO,[M-H]-,PG 16:0_18:2,"PG 16:0_18:2(9,12)",0.4375,0.5444249999999897,7.505301504167884e-08,7.505301504167884e-08,All,Some,136000.0,,0.0,,,,,,,,0.0,,,,,,,0.0
5486,7.015,747.5137,747.51816,5.966410234093281,C40H77O10P,CCCCCCC=CCCCCCCCCCC(=O)OC(COC(=O)CCCCCCCCCCCCCCC)COP(=O)(O)OCC(O)CO,[M-H]-,PG 16:0_18:1,PG 16:0_18:1(11),0.21500000000000075,0.9664099999999962,0.0,0.0,All,None,16300.0,,0.0,0.0,,,0.0,,,0.0,0.0,0.0,,,0.0,0.0,0.0,
5501,7.022,773.5335,773.53381,0.40075817760717286,C42H79O10P,CCCCCCC=CCCCCCCCCCC(=O)OC(COC(=O)CCCCCCCCCC=CCCCCCC)COP(=O)(O)OCC(O)CO,[M-H]-,PG 18:1_18:1,PG 18:1(11)_18:1(11),0.39400000000000013,0.9547400000000152,0.0,0.0,All,None,,,,,,,177000.0,,,,,,,,,,,
5523,7.033,719.48646,719.48686,0.5559517793184974,C38H73O10P,CCCCCCCCCC=CCCCCC(=O)OC(COC(=O)CCCCCCCCCCCCCCC)COP(=O)(O)OCC(O)CO,[M-H]-,PG 16:0_16:1,PG 16:0_16:1(6),0.6959999999999997,0.9206299999999601,0.0,0.0,Some,None,,0.0,,,,,,,0.0,,,,0.0,0.0,0.0,0.0,0.0,0.0
5547,7.042,774.53608,774.54431,10.625602555941493,C45H78NO7P,CCCCCCCCCCCC=CCCCCC(=O)OC(COCCCC=CCC=CCC=CCC=CCC=CCC=CCC)COP(=O)(O)OCCN,[M-H]-,PE O-22:6_18:1,"PE O-22:6(4,7,10,13,16,19)_18:1(6)",0.481777777777778,0.6938366666666853,0.0008315270327122174,0.0008315270327122174,Some,Some,0.0,,0.0,41666.666666666664,,,0.0,0.0,,0.0,16823.56124466646,0.0,40307.71156735103,29073.27267932489,0.0,0.0,25866.666666666664,0.0
5547,7.042,774.53608,774.54431,10.625602555941493,C45H78NO7P,CCCCCCCCC=CCCCCCCCC(=O)OC(COCCCC=CCC=CCC=CCC=CCC=CCC=CCC)COP(=O)(O)OCCN,[M-H]-,PE O-22:6_18:1,"PE O-22:6(4,7,10,13,16,19)_18:1(9)",0.4373333333333335,0.6046622222222595,0.0008315270327122174,0.0008315270327122174,Some,Some,0.0,,0.0,41666.666666666664,,,0.0,0.0,,0.0,16823.56124466646,0.0,40307.71156735103,29073.27267932489,0.0,0.0,25866.666666666664,0.0
5547,7.042,774.53608,774.54431,10.625602555941493,C45H78NO7P,CCCCCCC=CCCCCCCCCCC(=O)OC(COCCCC=CCC=CCC=CCC=CCC=CCC=CCC)COP(=O)(O)OCCN,[M-H]-,PE O-22:6_18:1,"PE O-22:6(4,7,10,13,16,19)_18:1(11)",0.4448000000000002,0.6311370000000238,0.0007486019542455567,0.0007486019542455567,All,Some,0.0,,0.0,41666.666666666664,,,0.0,0.0,,0.0,49552.87751066709,0.0,22384.576865297946,32553.45464135021,0.0,0.0,25866.666666666664,0.0
5562,7.048,805.49215,805.48725,6.083274440434103,C41H75O13P,CCCCCCCCC=CCCCCCCCC(=O)OC(COC(=O)CCCC=CCCCCCCCC)COP(=O)(O)OC1C(O)C(O)C(O)C(O)C1O,[M-H]-,PI 14:1_18:1,PI 14:1(5)_18:1(9),0.43600000000000083,0.5604950000000031,0.0006916233680561889,0.0006916233680561889,All,All,0.0,0.0,11637.32807961729,3433.198380566802,0.0,,0.0,0.0,0.0,0.0,0.0,0.0,0.0,0.0,9606.686332350051,0.0,0.0,0.0
5562,7.048,805.49215,805.48725,6.083274440434103,C41H75O13P,CCCCCCCCC=CCCCCCCCC(=O)OC(COC(=O)CCCCCCCC=CCCCC)COP(=O)(O)OC1C(O)C(O)C(O)C(O)C1O,[M-H]-,PI 14:1_18:1,PI 14:1(9)_18:1(9),0.24700000000000033,0.5373300000000256,0.0006842447039025083,0.0006842447039025083,All,All,0.0,0.0,17.233149666837523,3433.198380566802,0.0,,0.0,0.0,0.0,0.0,0.0,0.0,0.0,0.0,560.47197640118,0.0,2175.781948168007,0.0
5562,7.048,805.49215,805.48725,6.083274440434103,C41H75O13P,CCCCCCC=CCCCCCCCCCC(=O)OC(COC(=O)CCCC=CCCCCCCCC)COP(=O)(O)OC1C(O)C(O)C(O)C(O)C1O,[M-H]-,PI 14:1_18:1,PI 14:1(5)_18:1(11),0.5700000000000003,0.6450633333333448,0.0004635671457102894,0.0004635671457102894,All,All,0.0,0.0,0.0,3433.198380566802,0.0,,0.0,0.0,0.0,0.0,0.0,0.0,0.0,0.0,560.47197640118,0.0,0.0,0.0
5562,7.048,805.49215,805.48725,6.083274440434103,C41H75O13P,CCCCCCC=CCCCCCCCCCC(=O)OC(COC(=O)CCCCCCCC=CCCCC)COP(=O)(O)OC1C(O)C(O)C(O)C(O)C1O,[M-H]-,PI 14:1_18:1,PI 14:1(9)_18:1(11),0.3179999999999996,0.6141766666667081,0.00045372892683871534,0.00045372892683871534,All,All,0.0,3833.333333333333,11829.96299974372,719.0283400809717,0.0,,0.0,8033.333333333333,4033.333333333334,0.0,0.0,0.0,8600.000000000002,8500.000000000002,9065.880039331367,9000.000000000002,6190.88471849866,9066.666666666668
5562,7.048,805.49215,805.48725,6.083274440434103,C41H75O13P,CCCCCCCCC=CCCCCCCCC(=O)OC(COC(=O)CCCCC=CCCCCCCC)COP(=O)(O)OC1C(O)C(O)C(O)C(O)C1O,[M-H]-,PI 14:1_18:1,PI 14:1(6)_18:1(9),0.41250000000000053,0.38530499999998824,0.000347388942826503,0.000347388942826503,All,All,0.0,3833.333333333333,209.8680697932684,719.0283400809717,0.0,,0.0,8033.333333333333,4033.333333333334,0.0,0.0,0.0,8600.000000000002,8500.000000000002,19.66568338249754,9000.000000000002,8366.666666666666,9066.666666666668
5562,7.048,805.49215,805.48725,6.083274440434103,C41H75O13P,CCCCCCCCCCCC=CCCCCC(=O)OC(COC(=O)CCCC=CCCCCCCCC)COP(=O)(O)OC1C(O)C(O)C(O)C(O)C1O,[M-H]-,PI 14:1_18:1,PI 14:1(5)_18:1(6),0.3195000000000001,0.726937500000048,0.00034581168402809443,0.00034581168402809443,All,Some,0.0,3833.333333333333,192.63492012643087,4152.226720647774,0.0,,0.0,8033.333333333333,4033.333333333334,0.0,0.0,0.0,8600.000000000002,8500.000000000002,580.1376597836775,9000.000000000002,6190.88471849866,9066.666666666668
5562,7.048,805.49215,805.48725,6.083274440434103,C41H75O13P,CCCCCCCCCCCC=CCCCCC(=O)OC(COC(=O)CCCCCCCC=CCCCC)COP(=O)(O)OC1C(O)C(O)C(O)C(O)C1O,[M-H]-,PI 14:1_18:1,PI 14:1(9)_18:1(6),0.13049999999999962,0.7037725000000705,0.00033843301987441387,0.00033843301987441387,All,Some,0.0,0.0,12156.798596873397,1292.3076923076926,0.0,,0.0,0.0,0.0,0.0,0.0,0.0,0.0,0.0,9046.21435594887,0.0,0.0,0.0
5562,7.048,805.49215,805.48725,6.083274440434103,C41H75O13P,CCCCCCC=CCCCCCCCCCC(=O)OC(COC(=O)CCCCC=CCCCCCCC)COP(=O)(O)OC1C(O)C(O)C(O)C(O)C1O,[M-H]-,PI 14:1_18:1,PI 14:1(6)_18:1(11),0.5386666666666665,0.4114766666666583,4.5879120707082336e-06,4.5879120707082336e-06,All,All,0.0,0.0,536.7036669229454,1292.3076923076926,0.0,,0.0,0.0,0.0,0.0,0.0,0.0,0.0,0.0,0.0,0.0,2175.781948168007,0.0
5562,7.048,805.49215,805.48725,6.083274440434103,C41H75O13P,CCCCCCCCCCCC=CCCCCC(=O)OC(COC(=O)CCCCC=CCCCCCCC)COP(=O)(O)OC1C(O)C(O)C(O)C(O)C1O,[M-H]-,PI 14:1_18:1,PI 14:1(6)_18:1(6),0.2959999999999998,0.5517475000000331,1.5772587984085532e-06,1.5772587984085532e-06,All,Some,0.0,0.0,519.470517256108,4725.506072874495,0.0,,0.0,0.0,0.0,0.0,0.0,0.0,0.0,0.0,560.47197640118,0.0,0.0,0.0
5615,7.064,861.54975,861.54985,0.11606989424337773,C45H83O13P,CCCCCC=CCC=CCCCCCCCC(=O)OC(COC(=O)CCCCCCCCCCCCCCCCC)COP(=O)(O)OC1C(O)C(O)C(O)C(O)C1O,[M-H]-,PI 18:0_18:2,"PI 18:0_18:2(9,12)",0.49799999999999994,0.38893333333336005,0.0006562914040597359,0.0006562914040597359,All,All,0.0,300000.0,320000.0,205000.0,327000.0,0.0,0.0,0.0,,0.0,170848.7842788942,,0.0,0.0,278000.0,,0.0,0.0
5615,7.064,861.54975,861.54985,0.11606989424337773,C45H83O13P,CCCCCCCCC=CCC=CCCCCC(=O)OC(COC(=O)CCCCCCCCCCCCCCCCC)COP(=O)(O)OC1C(O)C(O)C(O)C(O)C1O,[M-H]-,PI 18:0_18:2,"PI 18:0_18:2(6,9)",0.3680000000000003,0.410793333333307,0.0004520175668290931,0.0004520175668290931,All,Some,0.0,0.0,0.0,0.0,0.0,0.0,0.0,449000.0,,0.0,2151.215721105807,,345000.0,438000.0,0.0,,445000.0,452000.0
5682,7.087,835.53538,835.5342,1.4122701380465863,C43H81O13P,CCCCCCC=CCCCCCCCCCC(=O)OC(COC(=O)CCCCCCCCCCCCCCC)COP(=O)(O)OC1C(O)C(O)C(O)C(O)C1O,[M-H]-,PI 16:0_18:1,PI 16:0_18:1(11),0.2839999999999989,0.1530800000000454,0.0005265197243502174,0.0005265197243502174,All,All,,0.0,0.0,0.0,0.0,0.0,0.0,0.0,0.0,0.0,0.0,0.0,0.0,0.0,0.0,0.0,0.0,0.0
5682,7.087,835.53538,835.5342,1.4122701380465863,C43H81O13P,CCCCCCCCC=CCCCCCCCC(=O)OC(COC(=O)CCCCCCCCCCCCCCC)COP(=O)(O)OC1C(O)C(O)C(O)C(O)C1O,[M-H]-,PI 16:0_18:1,PI 16:0_18:1(9),0.34299999999999997,0.4640600000000177,0.00045824619004644943,0.00045824619004644943,All,All,,0.0,0.0,0.0,0.0,0.0,0.0,0.0,6553.125,0.0,0.0,0.0,0.0,0.0,0.0,0.0,0.0,0.0
5682,7.087,835.53538,835.5342,1.4122701380465863,C43H81O13P,CCCCCCCCCCCC=CCCCCC(=O)OC(COC(=O)CCCCCCCCCCCCCCC)COP(=O)(O)OC1C(O)C(O)C(O)C(O)C1O,[M-H]-,PI 16:0_18:1,PI 16:0_18:1(6),0.6859999999999999,0.5281950000000393,0.0001127752567995294,0.0001127752567995294,All,All,,0.0,0.0,0.0,0.0,0.0,0.0,0.0,436.875,0.0,0.0,0.0,0.0,0.0,0.0,0.0,0.0,0.0
5734,7.103,909.54914,909.54985,0.780605922837997,C49H83O13P,CCC=CCC=CCC=CCC=CCC=CCCCCCC(=O)OC(COC(=O)CCCCC=CCCCCCCCCCCC)COP(=O)(O)OC1C(O)C(O)C(O)C(O)C1O,[M-H]-,PI 18:1_22:5,"PI 18:1(6)_22:5(7,10,13,16,19)",0.4339999999999999,0.25309000000002396,0.0005043122152875074,0.0005043122152875074,Some,Some,9870.0,0.0,0.0,0.0,0.0,0.0,0.0,0.0,0.0,0.0,0.0,0.0,0.0,0.0,0.0,0.0,0.0,0.0
5734,7.103,909.54914,909.54985,0.780605922837997,C49H83O13P,CCC=CCC=CCC=CCC=CCC=CCCCCCC(=O)OC(COC(=O)CCCCCCCC=CCCCCCCCC)COP(=O)(O)OC1C(O)C(O)C(O)C(O)C1O,[M-H]-,PI 18:1_22:5,"PI 18:1(9)_22:5(7,10,13,16,19)",0.39133333333333353,0.3904755555555539,0.00037108498868863523,0.00037108498868863523,Some,Some,0.0,0.0,0.0,0.0,0.0,0.0,0.0,0.0,0.0,0.0,0.0,0.0,0.0,0.0,0.0,0.0,0.0,0.0
5734,7.103,909.54914,909.54985,0.780605922837997,C49H83O13P,CCC=CCC=CCC=CCC=CCC=CCCCCCC(=O)OC(COC(=O)CCCCCCCCCC=CCCCCCC)COP(=O)(O)OC1C(O)C(O)C(O)C(O)C1O,[M-H]-,PI 18:1_22:5,"PI 18:1(11)_22:5(7,10,13,16,19)",0.3288888888888892,0.4895577777777665,0.00034604767648845357,0.00034604767648845357,All,Some,0.0,0.0,0.0,0.0,0.0,0.0,0.0,0.0,0.0,0.0,0.0,0.0,0.0,0.0,0.0,0.0,0.0,0.0
5734,7.103,909.54914,909.54985,0.780605922837997,C49H83O13P,CCCCCC=CCC=CCC=CCC=CCC=CCCC(=O)OC(COC(=O)CCCCCCCCCC=CCCCCCC)COP(=O)(O)OC1C(O)C(O)C(O)C(O)C1O,[M-H]-,PI 18:1_22:5,"PI 18:1(11)_22:5(4,7,10,13,16)",0.18750000000000044,0.4756250000000023,0.00030657998877623935,0.00030657998877623935,All,Some,0.0,0.0,0.0,0.0,0.0,0.0,0.0,0.0,0.0,0.0,0.0,0.0,0.0,0.0,0.0,0.0,0.0,0.0
5734,7.103,909.54914,909.54985,0.780605922837997,C49H83O13P,CCCCCC=CCC=CCC=CCC=CCC=CCCC(=O)OC(COC(=O)CCCCC=CCCCCCCCCCCC)COP(=O)(O)OC1C(O)C(O)C(O)C(O)C1O,[M-H]-,PI 18:1_22:5,"PI 18:1(6)_22:5(4,7,10,13,16)",0.14875000000000038,0.30481000000000336,0.000246186652590375,0.000246186652590375,Some,Some,0.0,0.0,0.0,0.0,0.0,0.0,0.0,0.0,0.0,0.0,0.0,0.0,0.0,0.0,0.0,0.0,0.0,0.0
5734,7.103,909.54914,909.54985,0.780605922837997,C49H83O13P,CCCCCC=CCC=CCC=CCC=CCC=CCCC(=O)OC(COC(=O)CCCCCCCC=CCCCCCCCC)COP(=O)(O)OC1C(O)C(O)C(O)C(O)C1O,[M-H]-,PI 18:1_22:5,"PI 18:1(9)_22:5(4,7,10,13,16)",0.2053333333333338,0.35184222222221706,0.00024386989228051496,0.00024386989228051496,Some,Some,0.0,0.0,0.0,0.0,0.0,0.0,0.0,0.0,0.0,0.0,0.0,0.0,0.0,0.0,0.0,0.0,0.0,0.0
5793,7.124,745.50232,745.50251,0.25486165026465635,C40H75O10P,CCCCCCC=CCCCCCCCCCC(=O)OC(COC(=O)CCCCC=CCCCCCCCCC)COP(=O)(O)OCC(O)CO,[M-H]-,PG 16:1_18:1,PG 16:1(6)_18:1(11),0.40800000000000064,0.6692266666666834,0.0,0.0,Some,None,0.0,,0.0,0.0,,,,0.0,,,0.0,,,,0.0,,,
5831,7.141,913.57908,913.58115,2.2658085710320828,C49H87O13P,CCCCCCCCC=CCC=CCC=CCCCCCC(=O)OC(COC(=O)CCCCC=CCCCCCCCCCCC)COP(=O)(O)OC1C(O)C(O)C(O)C(O)C1O,[M-H]-,PI 18:1_22:3,"PI 18:1(6)_22:3(7,10,13)",0.2591999999999999,0.4361720000000332,0.0006194150585669848,0.0006194150585669848,Some,Some,,0.0,0.0,2271.8075771652725,0.0,0.0,0.0,0.0,0.0,0.0,0.0,7327.070879590094,0.0,0.0,3666.6666666666665,12423.414534913289,0.0,0.0
5831,7.141,913.57908,913.58115,2.2658085710320828,C49H87O13P,CCCCCCCCC=CCC=CCC=CCCCCCC(=O)OC(COC(=O)CCCCCCCC=CCCCCCCCC)COP(=O)(O)OC1C(O)C(O)C(O)C(O)C1O,[M-H]-,PI 18:1_22:3,"PI 18:1(9)_22:3(7,10,13)",0.32266666666666666,0.39612000000003417,0.0005100689672061781,0.0005100689672061781,Some,Some,,0.0,0.0,2916.3848456694536,0.0,0.0,0.0,0.0,0.0,0.0,0.0,5276.60119555935,0.0,0.0,3666.6666666666665,4117.70330061537,0.0,0.0
5831,7.141,913.57908,913.58115,2.2658085710320828,C49H87O13P,CCCCCCCCC=CCC=CCC=CCCCCCC(=O)OC(COC(=O)CCCCCCCCCC=CCCCCCC)COP(=O)(O)OC1C(O)C(O)C(O)C(O)C1O,[M-H]-,PI 18:1_22:3,"PI 18:1(11)_22:3(7,10,13)",0.5026666666666667,0.29593666666670515,0.00041063643898234925,0.00041063643898234925,All,All,,0.0,0.0,2271.8075771652725,0.0,0.0,0.0,0.0,0.0,0.0,0.0,4296.327924850556,0.0,0.0,3666.6666666666665,2658.882164471342,0.0,0.0
5862,7.155,771.5176,771.51816,0.7258416314534684,C42H77O10P,CCCCCCCCC=CCC=CCCCCC(=O)OC(COC(=O)CCCCC=CCCCCCCCCCCC)COP(=O)(O)OCC(O)CO,[M-H]-,PG 18:1_18:2,"PG 18:1(6)_18:2(6,9)",0.10299999999999976,0.5098874999999623,4.829149553970882e-08,4.829149553970882e-08,Some,Some,19030.260800318534,0.0,0.0,0.0,,0.0,0.0,0.0,,3225.347442680776,0.0,0.0,0.0,,0.0,0.0,0.0,0.0
5862,7.155,771.5176,771.51816,0.7258416314534684,C42H77O10P,CCCCCC=CCC=CCCCCCCCC(=O)OC(COC(=O)CCCCC=CCCCCCCCCCCC)COP(=O)(O)OCC(O)CO,[M-H]-,PG 18:1_18:2,"PG 18:1(6)_18:2(9,12)",0.3071999999999996,0.9020879999999807,3.863319643176706e-08,3.863319643176706e-08,All,Some,23969.739199681466,0.0,0.0,0.0,,0.0,0.0,0.0,,6114.652557319224,0.0,0.0,0.0,,0.0,0.0,0.0,0.0
5869,7.158,911.56541,911.5655,0.09873124860489511,C49H85O13P,CCCCCC=CCC=CCC=CCC=CCC=CCCC(=O)OC(COC(=O)CCCCCCCCCCCCCCCCC)COP(=O)(O)OC1C(O)C(O)C(O)C(O)C1O,[M-H]-,PI 18:0_22:5,"PI 18:0_22:5(4,7,10,13,16)",0.4185333333333335,0.3889433333333121,0.00030202778569710727,0.00030202778569710727,All,All,0.0,30000.0,21945.217807563426,25339.64332290558,37500.0,24200.0,26000.0,62900.0,29700.0,0.0,18715.54267650158,45871.841606279304,59517.34336118553,81822.1148748159,35245.19267897135,56633.85350952918,63043.75486519001,60962.14027304262
5869,7.158,911.56541,911.5655,0.09873124860489511,C49H85O13P,CCC=CCC=CCC=CCC=CCC=CCCCCCC(=O)OC(COC(=O)CCCCCCCCCCCCCCCCC)COP(=O)(O)OC1C(O)C(O)C(O)C(O)C1O,[M-H]-,PI 18:0_22:5,"PI 18:0_22:5(7,10,13,16,19)",0.4582499999999996,0.37963999999998066,0.00014528424851587983,0.00014528424851587983,All,Some,0.0,0.0,13754.78219243657,8360.356677094418,0.0,0.0,0.0,0.0,0.0,0.0,7384.457323498421,7128.158393720693,982.6566388144662,1777.885125184094,14254.807321028653,766.1464904708146,756.2451348099921,437.859726957376
5884,7.163,887.56557,887.5655,0.07886741872791792,C47H85O13P,CCCCCC=CCC=CCCCCCCCCCC(=O)OC(COC(=O)CCCCCCCC=CCCCCCCCC)COP(=O)(O)OC1C(O)C(O)C(O)C(O)C1O,[M-H]-,PI 18:1_20:2,"PI 18:1(9)_20:2(11,14)",0.5053333333333333,0.8530899999999898,0.004320856643090848,0.004320856643090848,Some,Some,,247467.72591857,346749.9861257561,214306.46746609005,229203.16622691293,188887.14733542321,201059.00621118012,517165.6184486374,387198.670605613,,151240.42198778456,432769.06056087365,491140.4801521275,676632.0105432713,331468.5990338165,491293.2750301568,776972.3476297967,441408.3834820502
5884,7.163,887.56557,887.5655,0.07886741872791792,C47H85O13P,CCCCCC=CCC=CCCCCCCCCCC(=O)OC(COC(=O)CCCCC=CCCCCCCCCCCC)COP(=O)(O)OC1C(O)C(O)C(O)C(O)C1O,[M-H]-,PI 18:1_20:2,"PI 18:1(6)_20:2(11,14)",0.2956000000000003,0.558255999999983,0.002730750001246541,0.002730750001246541,All,All,,464532.27408143005,200775.1817525945,479128.67863874463,454796.833773087,396112.8526645768,439940.9937888199,314834.3815513627,285801.329394387,,348464.1865630205,401621.8192313243,288184.29601457884,325599.64855762187,685922.7053140097,288397.466827503,490657.4492099322,361591.6165179498
5884,7.163,887.56557,887.5655,0.07886741872791792,C47H85O13P,CCCCCC=CCC=CCCCCCCCCCC(=O)OC(COC(=O)CCCCCCCCCC=CCCCCCC)COP(=O)(O)OC1C(O)C(O)C(O)C(O)C1O,[M-H]-,PI 18:1_20:2,"PI 18:1(11)_20:2(11,14)",0.25333333333333324,0.5172699999999774,0.00229448963216551,0.00229448963216551,All,Some,,0.0,68474.83212164936,19564.8538951653,0.0,0.0,0.0,0.0,0.0,,12295.39144919489,17609.120207802203,71675.22383329373,37768.340899106755,22608.695652173916,43309.258142340164,122370.20316027087,0.0
5928,7.176,734.47581,734.47663,1.1164412405825113,C41H70NO8P,CCC=CCC=CCC=CCC=CCC=CCC=CCCC(=O)OC(COC(=O)CCCCCCCCCCCCC)COP(=O)(O)OCCN,[M-H]-,PE 14:0_22:6,"PE 14:0_22:6(4,7,10,13,16,19)",0.5709999999999998,0.6018291666667134,0.00842246654151391,0.00842246654151391,All,Some,0.0,0.0,0.0,0.0,0.0,10300.0,12200.0,61000.0,0.0,0.0,34400.0,50800.0,67000.0,59400.0,0.0,0.0,59200.0,54200.0
5935,7.179,776.5532,776.55996,8.705058653937492,C45H80NO7P,CCCCCCCCCCCC=CCCCCC(=O)OC(COCCCCCCC=CCC=CCC=CCC=CCC=CCC)COP(=O)(O)OCCN,[M-H]-,PE O-22:5_18:1,"PE O-22:5(7,10,13,16,19)_18:1(6)",0.5619999999999997,0.49777100000001157,0.00034022215122636536,0.00034022215122636536,Some,Some,0.0,0.0,3117.610679538426,1765.66076958975,0.0,0.0,0.0,4491.79269830809,0.0,0.0,0.0,3241.921903599755,0.0,4934.674475205355,0.0,3634.6608898516906,5074.844885105853,1689.6320487698674
5935,7.179,776.5532,776.55996,8.705058653937492,C45H80NO7P,CCCCCCCCC=CCCCCCCCC(=O)OC(COCCCCCCC=CCC=CCC=CCC=CCC=CCC)COP(=O)(O)OCCN,[M-H]-,PE O-22:5_18:1,"PE O-22:5(7,10,13,16,19)_18:1(9)",0.4959999999999997,0.6704749999999876,0.00034022215122636536,0.00034022215122636536,Some,Some,0.0,0.0,3117.610679538426,1765.66076958975,0.0,0.0,0.0,4491.792698308089,0.0,0.0,0.0,4837.040878584503,0.0,4934.674475205355,0.0,3634.6608898516906,5074.844885105851,1689.6320487698674
5935,7.179,776.5532,776.55996,8.705058653937492,C45H80NO7P,CCCCCCC=CCCCCCCCCCC(=O)OC(COCCCCCCC=CCC=CCC=CCC=CCC=CCC)COP(=O)(O)OCCN,[M-H]-,PE O-22:5_18:1,"PE O-22:5(7,10,13,16,19)_18:1(11)",0.584833333333333,0.7043274999999861,0.0002841910373071633,0.0002841910373071633,All,Some,0.0,0.0,2310.581491816879,1695.3094904755849,0.0,0.0,0.0,3461.6246434942677,0.0,0.0,0.0,2537.2361195851126,0.0,4041.4207484027984,0.0,2805.5490751541406,3436.5509930471117,1284.7202264315263
5935,7.179,776.5532,776.55996,8.705058653937492,C45H80NO7P,CCCCCCCCCCCC=CCCCCC(=O)OC(COCCCC=CCC=CCC=CCC=CCC=CCCCCC)COP(=O)(O)OCCN,[M-H]-,PE O-22:5_18:1,"PE O-22:5(4,7,10,13,16)_18:1(6)",0.4396249999999996,0.5513743750000373,0.00016834681162309102,0.00016834681162309102,Some,Some,0.0,0.0,851.399049702089,714.4563234483049,0.0,0.0,0.0,618.2633199631847,0.0,0.0,0.0,628.3404514948139,0.0,896.4101003954976,0.0,784.8150308281952,637.9197455803948,358.67189200957984
5935,7.179,776.5532,776.55996,8.705058653937492,C45H80NO7P,CCCCCCCCC=CCCCCCCCC(=O)OC(COCCCC=CCC=CCC=CCC=CCC=CCCCCC)COP(=O)(O)OCCN,[M-H]-,PE O-22:5_18:1,"PE O-22:5(4,7,10,13,16)_18:1(9)",0.3967499999999995,0.5586400000000395,0.00016785980615211985,0.00016785980615211985,Some,Some,0.0,0.0,851.399049702089,714.4563234483049,0.0,0.0,0.0,618.2633199631847,0.0,0.0,0.0,1027.1201952410004,0.0,896.4101003954976,0.0,755.4990834860855,637.9197455803948,358.67189200957984
5935,7.179,776.5532,776.55996,8.705058653937492,C45H80NO7P,CCCCCCC=CCCCCCCCCCC(=O)OC(COCCCC=CCC=CCC=CCC=CCC=CCCCCC)COP(=O)(O)OCCN,[M-H]-,PE O-22:5_18:1,"PE O-22:5(4,7,10,13,16)_18:1(11)",0.5050999999999995,0.6939265000000091,0.00013548454284070352,0.00013548454284070352,All,Some,0.0,0.0,851.399049702089,714.4563234483049,0.0,0.0,0.0,618.2633199631847,0.0,0.0,0.0,628.3404514948139,0.0,896.4101003954976,0.0,784.8150308281952,637.9197455803948,358.67189200957984
5949,7.187,857.51924,857.51855,0.8046473163329471,C45H79O13P,CCCCCC=CCC=CCC=CCC=CCCCC(=O)OC(COC(=O)CCCCCCCCCCCCCCC)COP(=O)(O)OC1C(O)C(O)C(O)C(O)C1O,[M-H]-,PI 16:0_20:4,"PI 16:0_20:4(5,8,11,14)",0.2709999999999997,0.3761625000000066,0.0014013743398318698,0.0014013743398318698,All,Some,0.0,0.0,0.0,0.0,0.0,0.0,0.0,0.0,0.0,8519.938564646747,0.0,0.0,0.0,0.0,0.0,0.0,0.0,0.0
5949,7.187,857.51924,857.51855,0.8046473163329471,C45H79O13P,CCC=CCC=CCC=CCC=CCCCCCCC(=O)OC(COC(=O)CCCCCCCCCCCCCCC)COP(=O)(O)OC1C(O)C(O)C(O)C(O)C1O,[M-H]-,PI 16:0_20:4,"PI 16:0_20:4(8,11,14,17)",0.5244999999999997,0.3248937500000153,0.00045412522351964864,0.00045412522351964864,All,Some,0.0,0.0,0.0,0.0,0.0,0.0,0.0,0.0,0.0,5180.061435353253,0.0,0.0,0.0,0.0,0.0,0.0,0.0,0.0
5982,7.196,747.51791,747.51816,0.33444003545980056,C40H77O10P,CCCCCCC=CCCCCCCCCCC(=O)OC(COC(=O)CCCCCCCCCCCCCCC)COP(=O)(O)OCC(O)CO,[M-H]-,PG 16:0_18:1,PG 16:0_18:1(11),0.41999999999999993,0.9270849999999768,0.0,0.0,All,None,,0.0,0.0,0.0,0.0,0.0,0.0,0.0,0.0,,0.0,0.0,0.0,0.0,0.0,0.0,0.0,0.0
6003,7.202,775.5493,775.54946,0.2063053463245263,C42H81O10P,CCCCCCC=CCCCCCCCCCC(=O)OC(COC(=O)CCCCCCCCCCCCCCCCC)COP(=O)(O)OCC(O)CO,[M-H]-,PG 18:0_18:1,PG 18:0_18:1(11),0.012000000000000455,0.13382000000001426,2.7636414891217993e-06,2.7636414891217993e-06,All,All,0.0,,,,,,,,,0.0,,,,,,,,
6018,7.205,859.53414,859.5342,0.06980525042038843,C45H81O13P,CCCCCCCCC=CCC=CCC=CCCCC(=O)OC(COC(=O)CCCCCCCCCCCCCCC)COP(=O)(O)OC1C(O)C(O)C(O)C(O)C1O,[M-H]-,PI 16:0_20:3,"PI 16:0_20:3(5,8,11)",0.3116,0.3518600000000106,0.0036365355124586434,0.0036365355124586434,All,Some,0.0,0.0,0.0,0.0,0.0,0.0,0.0,0.0,0.0,0.0,0.0,0.0,0.0,0.0,0.0,0.0,0.0,0.0
6018,7.205,859.53414,859.5342,0.06980525042038843,C45H81O13P,CCC=CCC=CCC=CCCCCCCCCCC(=O)OC(COC(=O)CCCCCCCCCCCCCCC)COP(=O)(O)OC1C(O)C(O)C(O)C(O)C1O,[M-H]-,PI 16:0_20:3,"PI 16:0_20:3(11,14,17)",0.5887999999999998,0.6216340000000173,0.00048545964468989136,0.00048545964468989136,All,All,28410.19182329006,0.0,0.0,0.0,0.0,0.0,0.0,0.0,0.0,287530.94462540717,0.0,0.0,0.0,0.0,0.0,0.0,0.0,0.0
6018,7.205,859.53414,859.5342,0.06980525042038843,C45H81O13P,CCCCCC=CCC=CCC=CCCCCCCC(=O)OC(COC(=O)CCCCCCCCCCCCCCC)COP(=O)(O)OC1C(O)C(O)C(O)C(O)C1O,[M-H]-,PI 16:0_20:3,"PI 16:0_20:3(8,11,14)",0.4003333333333332,0.40080333333334767,0.0003115547478515041,0.0003115547478515041,All,Some,346589.8081767099,0.0,0.0,0.0,0.0,0.0,0.0,0.0,0.0,325469.05537459283,0.0,0.0,0.0,0.0,0.0,0.0,0.0,0.0
6029,7.208,748.51903,748.52866,12.865238853916274,C43H76NO7P,CCCCCCCCC=CCCCCCCCC(=O)OC(COCCCCC=CCC=CCC=CCC=CCC=CCC)COP(=O)(O)OCCN,[M-H]-,PE O-20:5_18:1,"PE O-20:5(5,8,11,14,17)_18:1(9)",0.36833333333333346,0.35118666666666815,0.0010063270729729777,0.0010063270729729777,Some,Some,0.0,977.2745580666816,0.0,0.0,0.0,0.0,0.0,0.0,0.0,,0.0,0.0,0.0,0.0,0.0,0.0,0.0,0.0
6029,7.208,748.51903,748.52866,12.865238853916274,C43H76NO7P,CCCCCCCCCCCC=CCCCCC(=O)OC(COCCCCC=CCC=CCC=CCC=CCC=CCC)COP(=O)(O)OCCN,[M-H]-,PE O-20:5_18:1,"PE O-20:5(5,8,11,14,17)_18:1(6)",0.38342857142857156,0.30745428571427574,0.0008625660625482665,0.0008625660625482665,Some,Some,0.0,1125.4508838666368,0.0,0.0,0.0,0.0,0.0,0.0,0.0,,0.0,0.0,0.0,0.0,0.0,0.0,0.0,0.0
6029,7.208,748.51903,748.52866,12.865238853916274,C43H76NO7P,CCCCCCC=CCCCCCCCCCC(=O)OC(COCCCCC=CCC=CCC=CCC=CCC=CCC)COP(=O)(O)OCCN,[M-H]-,PE O-20:5_18:1,"PE O-20:5(5,8,11,14,17)_18:1(11)",0.4577500000000001,0.39146250000000293,0.0007547453047297332,0.0007547453047297332,Some,Some,0.0,977.2745580666816,0.0,0.0,0.0,0.0,0.0,0.0,0.0,,0.0,0.0,0.0,0.0,0.0,0.0,0.0,0.0
6139,7.237,776.55208,776.55996,10.147316892310684,C45H80NO7P,CCCCCCCCCCCC=CCCCCC(=O)OC(COCCCCCCC=CCC=CCC=CCC=CCC=CCC)COP(=O)(O)OCCN,[M-H]-,PE O-22:5_18:1,"PE O-22:5(7,10,13,16,19)_18:1(6)",0.5607999999999999,0.4048029999999926,0.0003443354489610441,0.0003443354489610441,Some,Some,0.0,1372.1914715179664,0.0,0.0,0.0,0.0,0.0,0.0,0.0,0.0,0.0,0.0,6734.555267043432,0.0,0.0,0.0,0.0,1700.927617011874
6139,7.237,776.55208,776.55996,10.147316892310684,C45H80NO7P,CCCCCCCCC=CCCCCCCCC(=O)OC(COCCCCCCC=CCC=CCC=CCC=CCC=CCC)COP(=O)(O)OCCN,[M-H]-,PE O-22:5_18:1,"PE O-22:5(7,10,13,16,19)_18:1(9)",0.5149999999999999,0.48822699999999486,0.0003443354489610441,0.0003443354489610441,Some,Some,0.0,1372.1914715179664,0.0,0.0,0.0,0.0,0.0,0.0,0.0,0.0,0.0,0.0,6482.141099400914,0.0,0.0,0.0,0.0,1700.927617011874
6139,7.237,776.55208,776.55996,10.147316892310684,C45H80NO7P,CCCCCCC=CCCCCCCCCCC(=O)OC(COCCCCCCC=CCC=CCC=CCC=CCC=CCC)COP(=O)(O)OCCN,[M-H]-,PE O-22:5_18:1,"PE O-22:5(7,10,13,16,19)_18:1(11)",0.5451666666666665,0.6264808333333368,0.0002875219356441179,0.0002875219356441179,All,Some,0.0,1161.6050577382105,0.0,0.0,0.0,0.0,0.0,0.0,0.0,0.0,0.0,0.0,6774.505710842966,0.0,0.0,0.0,0.0,1803.8919328435954
6139,7.237,776.55208,776.55996,10.147316892310684,C45H80NO7P,CCCCCCCCCCCC=CCCCCC(=O)OC(COCCCC=CCC=CCC=CCC=CCC=CCCCCC)COP(=O)(O)OCCN,[M-H]-,PE O-22:5_18:1,"PE O-22:5(4,7,10,13,16)_18:1(6)",0.48119999999999974,0.5897160000000895,9.615875763935671e-05,9.615875763935671e-05,Some,Some,0.0,41.337333075285464,0.0,0.0,0.0,0.0,0.0,0.0,0.0,0.0,0.0,0.0,469.5993075708978,0.0,0.0,0.0,0.0,146.50847121320766
6139,7.237,776.55208,776.55996,10.147316892310684,C45H80NO7P,CCCCCCCCC=CCCCCCCCC(=O)OC(COCCCC=CCC=CCC=CCC=CCC=CCCCCC)COP(=O)(O)OCCN,[M-H]-,PE O-22:5_18:1,"PE O-22:5(4,7,10,13,16)_18:1(9)",0.4899999999999996,0.6458433333334218,9.57053340356402e-05,9.57053340356402e-05,Some,Some,0.0,41.337333075285464,0.0,0.0,0.0,0.0,0.0,0.0,0.0,0.0,0.0,0.0,469.5993075708978,0.0,0.0,0.0,0.0,146.50847121320766
6139,7.237,776.55208,776.55996,10.147316892310684,C45H80NO7P,CCCCCCC=CCCCCCCCCCC(=O)OC(COCCCC=CCC=CCC=CCC=CCC=CCCCCC)COP(=O)(O)OCCN,[M-H]-,PE O-22:5_18:1,"PE O-22:5(4,7,10,13,16)_18:1(11)",0.5169473684210524,0.7312273684211433,7.664204425412097e-05,7.664204425412097e-05,All,Some,0.0,41.337333075285464,0.0,0.0,0.0,0.0,0.0,0.0,0.0,0.0,0.0,0.0,469.5993075708978,0.0,0.0,0.0,0.0,161.23589070624263
6211,7.254,885.54921,885.54985,0.7227148194715081,C47H83O13P,CCCCCCCCC=CCC=CCC=CCCCC(=O)OC(COC(=O)CCCCC=CCCCCCCCCCCC)COP(=O)(O)OC1C(O)C(O)C(O)C(O)C1O,[M-H]-,PI 18:1_20:3,"PI 18:1(6)_20:3(5,8,11)",0.5975999999999996,0.5370419999999967,0.0006465267394116035,0.0006465267394116035,Some,Some,0.0,0.0,0.0,0.0,0.0,0.0,0.0,0.0,0.0,0.0,0.0,0.0,0.0,0.0,0.0,0.0,0.0,0.0
6211,7.254,885.54921,885.54985,0.7227148194715081,C47H83O13P,CCCCCCCCC=CCC=CCC=CCCCC(=O)OC(COC(=O)CCCCCCCC=CCCCCCCCC)COP(=O)(O)OC1C(O)C(O)C(O)C(O)C1O,[M-H]-,PI 18:1_20:3,"PI 18:1(9)_20:3(5,8,11)",0.6273333333333332,0.5548566666666753,0.0005844938696947479,0.0005844938696947479,Some,Some,235169.10651186272,0.0,0.0,0.0,0.0,0.0,0.0,0.0,0.0,0.0,0.0,0.0,0.0,0.0,0.0,0.0,0.0,0.0
6211,7.254,885.54921,885.54985,0.7227148194715081,C47H83O13P,CCCCCC=CCC=CCC=CCCCCCCC(=O)OC(COC(=O)CCCCC=CCCCCCCCCCCC)COP(=O)(O)OC1C(O)C(O)C(O)C(O)C1O,[M-H]-,PI 18:1_20:3,"PI 18:1(6)_20:3(8,11,14)",0.5979999999999999,0.6856775000000255,0.00048812533207775034,0.00048812533207775034,Some,Some,0.0,0.0,0.0,0.0,0.0,0.0,0.0,0.0,0.0,0.0,0.0,0.0,0.0,0.0,0.0,0.0,0.0,0.0
6211,7.254,885.54921,885.54985,0.7227148194715081,C47H83O13P,CCCCCCCCC=CCC=CCC=CCCCC(=O)OC(COC(=O)CCCCCCCCCC=CCCCCCC)COP(=O)(O)OC1C(O)C(O)C(O)C(O)C1O,[M-H]-,PI 18:1_20:3,"PI 18:1(11)_20:3(5,8,11)",0.5768571428571424,0.5324000000000036,0.0004549817418259735,0.0004549817418259735,All,All,19276.96449604577,0.0,0.0,0.0,0.0,0.0,0.0,0.0,0.0,0.0,0.0,0.0,0.0,0.0,0.0,0.0,0.0,0.0
6211,7.254,885.54921,885.54985,0.7227148194715081,C47H83O13P,CCCCCC=CCC=CCC=CCCCCCCC(=O)OC(COC(=O)CCCCCCCCCC=CCCCCCC)COP(=O)(O)OC1C(O)C(O)C(O)C(O)C1O,[M-H]-,PI 18:1_20:3,"PI 18:1(11)_20:3(8,11,14)",0.5454999999999997,0.6658275000000344,0.0004291183616782795,0.0004291183616782795,All,All,19276.96449604577,0.0,0.0,0.0,0.0,0.0,0.0,0.0,0.0,0.0,0.0,0.0,0.0,0.0,0.0,0.0,0.0,0.0
6211,7.254,885.54921,885.54985,0.7227148194715081,C47H83O13P,CCC=CCC=CCC=CCCCCCCCCCC(=O)OC(COC(=O)CCCCC=CCCCCCCCCCCC)COP(=O)(O)OC1C(O)C(O)C(O)C(O)C1O,[M-H]-,PI 18:1_20:3,"PI 18:1(6)_20:3(11,14,17)",0.32925000000000004,0.4891262499999698,0.0004214265700763544,0.0004214265700763544,All,All,19276.96449604577,0.0,0.0,0.0,0.0,0.0,0.0,0.0,0.0,0.0,0.0,0.0,0.0,0.0,0.0,0.0,0.0,0.0
6211,7.254,885.54921,885.54985,0.7227148194715081,C47H83O13P,CCC=CCC=CCC=CCCCCCCCCCC(=O)OC(COC(=O)CCCCCCCCCC=CCCCCCC)COP(=O)(O)OC1C(O)C(O)C(O)C(O)C1O,[M-H]-,PI 18:1_20:3,"PI 18:1(11)_20:3(11,14,17)",0.30299999999999994,0.47920124999997427,0.00039192308487661905,0.00039192308487661905,All,All,0.0,0.0,0.0,0.0,0.0,0.0,0.0,0.0,0.0,0.0,0.0,0.0,0.0,0.0,0.0,0.0,0.0,0.0
6211,7.254,885.54921,885.54985,0.7227148194715081,C47H83O13P,CCCCCC=CCC=CCC=CCCCCCCC(=O)OC(COC(=O)CCCCCCCC=CCCCCCCCC)COP(=O)(O)OC1C(O)C(O)C(O)C(O)C1O,[M-H]-,PI 18:1_20:3,"PI 18:1(9)_20:3(8,11,14)",0.6555000000000004,0.6723425000000134,0.00038860483612414764,0.00038860483612414764,Some,Some,0.0,0.0,0.0,0.0,0.0,0.0,0.0,0.0,0.0,0.0,0.0,0.0,0.0,0.0,0.0,0.0,0.0,0.0
6211,7.254,885.54921,885.54985,0.7227148194715081,C47H83O13P,CCC=CCC=CCC=CCCCCCCCCCC(=O)OC(COC(=O)CCCCCCCC=CCCCCCCCC)COP(=O)(O)OC1C(O)C(O)C(O)C(O)C1O,[M-H]-,PI 18:1_20:3,"PI 18:1(9)_20:3(11,14,17)",0.24800000000000022,0.5013266666666331,0.00034642162117678055,0.00034642162117678055,Some,Some,0.0,0.0,0.0,0.0,0.0,0.0,0.0,0.0,0.0,0.0,0.0,0.0,0.0,0.0,0.0,0.0,0.0,0.0
6238,7.266,748.52114,748.52866,10.046375512194187,C43H76NO7P,CCCCCCCCCCCC=CCCCCC(=O)OC(COCCCCC=CCC=CCC=CCC=CCC=CCC)COP(=O)(O)OCCN,[M-H]-,PE O-20:5_18:1,"PE O-20:5(5,8,11,14,17)_18:1(6)",0.5156666666666666,0.3527166666666896,0.0010063110911535534,0.0010063110911535534,Some,Some,11333.333333333334,0.0,0.0,0.0,0.0,0.0,0.0,0.0,0.0,,0.0,0.0,0.0,0.0,0.0,0.0,0.0,0.0
6238,7.266,748.52114,748.52866,10.046375512194187,C43H76NO7P,CCCCCCCCC=CCCCCCCCC(=O)OC(COCCCCC=CCC=CCC=CCC=CCC=CCC)COP(=O)(O)OCCN,[M-H]-,PE O-20:5_18:1,"PE O-20:5(5,8,11,14,17)_18:1(9)",0.5773333333333334,0.35024666666671084,0.0010063110911535534,0.0010063110911535534,Some,Some,11333.333333333334,0.0,0.0,0.0,0.0,0.0,0.0,0.0,0.0,,0.0,0.0,0.0,0.0,0.0,0.0,0.0,0.0
6238,7.266,748.52114,748.52866,10.046375512194187,C43H76NO7P,CCCCCCC=CCCCCCCCCCC(=O)OC(COCCCCC=CCC=CCC=CCC=CCC=CCC)COP(=O)(O)OCCN,[M-H]-,PE O-20:5_18:1,"PE O-20:5(5,8,11,14,17)_18:1(11)",0.6145,0.39075750000003495,0.0007547333183651651,0.0007547333183651651,Some,Some,11333.333333333334,0.0,0.0,0.0,0.0,0.0,0.0,0.0,0.0,,0.0,0.0,0.0,0.0,0.0,0.0,0.0,0.0
6284,7.281,801.56476,801.56511,0.4366457517416516,C44H83O10P,CCCCCCC=CCCCCCCCCCCCC(=O)OC(COC(=O)CCCCCCCCCC=CCCCCCC)COP(=O)(O)OCC(O)CO,[M-H]-,PG 18:1_20:1,PG 18:1(11)_20:1(13),0.3120000000000003,0.9916650000000118,0.0011972724209439755,0.0011972724209439755,All,Some,0.0,0.0,0.0,0.0,0.0,0.0,0.0,0.0,0.0,0.0,0.0,0.0,0.0,0.0,0.0,0.0,0.0,0.0
6284,7.281,801.56476,801.56511,0.4366457517416516,C44H83O10P,CCCCCCC=CCCCCCCCCCCCC(=O)OC(COC(=O)CCCCC=CCCCCCCCCCCC)COP(=O)(O)OCC(O)CO,[M-H]-,PG 18:1_20:1,PG 18:1(6)_20:1(13),0.30200000000000005,0.9282425000000103,0.0006036531992605509,0.0006036531992605509,All,Some,0.0,0.0,0.0,0.0,0.0,0.0,0.0,0.0,0.0,0.0,0.0,0.0,0.0,0.0,0.0,0.0,0.0,0.0
6284,7.281,801.56476,801.56511,0.4366457517416516,C44H83O10P,CCCCCCCCC=CCCCCCCCCCC(=O)OC(COC(=O)CCCCCCCCCC=CCCCCCC)COP(=O)(O)OCC(O)CO,[M-H]-,PG 18:1_20:1,PG 18:1(11)_20:1(11),0.2795000000000005,0.733767499999999,0.0005986362104719878,0.0005986362104719878,All,Some,0.0,0.0,0.0,0.0,4390.0,0.0,0.0,0.0,0.0,0.0,0.0,0.0,8500.0,0.0,0.0,0.0,9800.0,0.0
6284,7.281,801.56476,801.56511,0.4366457517416516,C44H83O10P,CCCCCCC=CCCCCCCCCCCCC(=O)OC(COC(=O)CCCCCCCC=CCCCCCCCC)COP(=O)(O)OCC(O)CO,[M-H]-,PG 18:1_20:1,PG 18:1(9)_20:1(13),0.2795000000000005,0.733767499999999,0.0005986362104719878,0.0005986362104719878,All,Some,0.0,0.0,0.0,0.0,4390.0,0.0,0.0,0.0,0.0,0.0,0.0,0.0,8500.0,0.0,0.0,0.0,9800.0,0.0
6284,7.281,801.56476,801.56511,0.4366457517416516,C44H83O10P,CCCCCCCCC=CCCCCCCCCCC(=O)OC(COC(=O)CCCCC=CCCCCCCCCCCC)COP(=O)(O)OCC(O)CO,[M-H]-,PG 18:1_20:1,PG 18:1(6)_20:1(11),0.2695000000000003,0.6703449999999975,5.016988788563163e-06,5.016988788563163e-06,All,Some,0.0,0.0,0.0,0.0,0.0,0.0,0.0,0.0,0.0,0.0,0.0,0.0,0.0,0.0,0.0,0.0,0.0,0.0
6368,7.315,760.48905,760.49228,4.2472489004497005,C43H72NO8P,CCC=CCC=CCC=CCC=CCC=CCC=CCCC(=O)OC(COC(=O)CCCCCC=CCCCCCCCC)COP(=O)(O)OCCN,[M-H]-,PE 16:1_22:6,"PE 16:1(7)_22:6(4,7,10,13,16,19)",0.36983333333333324,0.5890100000000302,0.007319260576681314,0.007319260576681314,Some,Some,0.0,14900.601456157014,20855.54287344842,15971.740580193398,16487.35135135135,14427.198039780915,13888.705327039785,31207.807570977922,12583.2790336324,0.0,18713.298006560686,36003.276465936055,35599.89131700501,30351.49951628507,21696.000000000004,29974.157303370786,33858.46455773095,26408.941648038235
6368,7.315,760.48905,760.49228,4.2472489004497005,C43H72NO8P,CCC=CCC=CCC=CCC=CCC=CCC=CCCC(=O)OC(COC(=O)CCCCCCCC=CCCCCCC)COP(=O)(O)OCCN,[M-H]-,PE 16:1_22:6,"PE 16:1(9)_22:6(4,7,10,13,16,19)",0.39276923076923065,0.5431384615384857,0.00675709396528766,0.00675709396528766,Some,Some,0.0,12241.157539305688,22840.87601655015,15971.740580193398,16180.494208494209,13978.307869703083,13770.566419420094,38517.35015772871,12004.992230965869,0.0,21647.438808983094,38199.073551011184,41920.58378294453,36220.5740083844,24408.0,34892.69662921348,31449.46497827204,33329.95452092808
6368,7.315,760.48905,760.49228,4.2472489004497005,C43H72NO8P,CCC=CCC=CCC=CCC=CCC=CCC=CCCC(=O)OC(COC(=O)CCCCC=CCCCCCCCCC)COP(=O)(O)OCCN,[M-H]-,PE 16:1_22:6,"PE 16:1(6)_22:6(4,7,10,13,16,19)",0.35599999999999976,0.5557453846154116,0.0067562405323212124,0.0067562405323212124,Some,Some,0.0,18558.241004537304,23203.58111000142,18556.518839613203,21032.15444015444,17394.494090516,16140.728253540123,41274.842271293375,15611.728735401734,0.0,24239.26318445622,40797.64998305276,42479.52490005046,37427.92647533054,21696.000000000004,38133.14606741573,39692.070463997006,32161.103831033684
6379,7.317,773.53342,773.53381,0.5041796428245666,C42H79O10P,CCCCCCC=CCCCCCCCCCC(=O)OC(COC(=O)CCCCCCCCCC=CCCCCCC)COP(=O)(O)OCC(O)CO,[M-H]-,PG 18:1_18:1,PG 18:1(11)_18:1(11),0.17499999999999982,0.4985299999999597,0.0,0.0,All,None,,,0.0,0.0,,,0.0,,,,,0.0,,,,,,
6390,7.319,909.55031,909.54985,0.5057446823563108,C49H83O13P,CCCCCC=CCC=CCC=CCC=CCC=CCCC(=O)OC(COC(=O)CCCCC=CCCCCCCCCCCC)COP(=O)(O)OC1C(O)C(O)C(O)C(O)C1O,[M-H]-,PI 18:1_22:5,"PI 18:1(6)_22:5(4,7,10,13,16)",0.5289999999999997,0.4396680000000174,0.0003112801790650984,0.0003112801790650984,Some,Some,5322.040900640363,0.0,0.0,0.0,0.0,0.0,0.0,0.0,0.0,0.0,0.0,0.0,0.0,0.0,0.0,0.0,0.0,0.0
6390,7.319,909.55031,909.54985,0.5057446823563108,C49H83O13P,CCCCCC=CCC=CCC=CCC=CCC=CCCC(=O)OC(COC(=O)CCCCCCCC=CCCCCCCCC)COP(=O)(O)OC1C(O)C(O)C(O)C(O)C1O,[M-H]-,PI 18:1_22:5,"PI 18:1(9)_22:5(4,7,10,13,16)",0.4089999999999998,0.4346570000000156,0.00027530309228240786,0.00027530309228240786,Some,Some,4577.89712869242,0.0,0.0,0.0,0.0,0.0,0.0,0.0,0.0,42666.666666666664,0.0,0.0,0.0,0.0,0.0,0.0,0.0,0.0
6390,7.319,909.55031,909.54985,0.5057446823563108,C49H83O13P,CCCCCC=CCC=CCC=CCC=CCC=CCCC(=O)OC(COC(=O)CCCCCCCCCC=CCCCCCC)COP(=O)(O)OC1C(O)C(O)C(O)C(O)C1O,[M-H]-,PI 18:1_22:5,"PI 18:1(11)_22:5(4,7,10,13,16)",0.4105714285714285,0.5035585714285898,0.00024009808016373728,0.00024009808016373728,All,Some,5322.040900640363,0.0,0.0,0.0,0.0,0.0,0.0,0.0,0.0,0.0,0.0,0.0,0.0,0.0,0.0,0.0,0.0,0.0
6390,7.319,909.55031,909.54985,0.5057446823563108,C49H83O13P,CCC=CCC=CCC=CCC=CCC=CCCCCCC(=O)OC(COC(=O)CCCCC=CCCCCCCCCCCC)COP(=O)(O)OC1C(O)C(O)C(O)C(O)C1O,[M-H]-,PI 18:1_22:5,"PI 18:1(6)_22:5(7,10,13,16,19)",0.5122222222222221,0.3434888888889039,0.00022196183383281734,0.00022196183383281734,Some,Some,1127.9900846932453,0.0,0.0,0.0,0.0,0.0,0.0,0.0,0.0,42666.666666666664,0.0,0.0,0.0,0.0,0.0,0.0,0.0,0.0
6390,7.319,909.55031,909.54985,0.5057446823563108,C49H83O13P,CCC=CCC=CCC=CCC=CCC=CCCCCCC(=O)OC(COC(=O)CCCCCCCC=CCCCCCCCC)COP(=O)(O)OC1C(O)C(O)C(O)C(O)C1O,[M-H]-,PI 18:1_22:5,"PI 18:1(9)_22:5(7,10,13,16,19)",0.327111111111111,0.3262588888889013,0.000182020509680821,0.000182020509680821,Some,Some,5322.040900640363,0.0,0.0,0.0,0.0,0.0,0.0,0.0,0.0,0.0,0.0,0.0,0.0,0.0,0.0,0.0,0.0,0.0
6390,7.319,909.55031,909.54985,0.5057446823563108,C49H83O13P,CCC=CCC=CCC=CCC=CCC=CCCCCCC(=O)OC(COC(=O)CCCCCCCCCC=CCCCCCC)COP(=O)(O)OC1C(O)C(O)C(O)C(O)C1O,[M-H]-,PI 18:1_22:5,"PI 18:1(11)_22:5(7,10,13,16,19)",0.4290000000000001,0.32894900000000005,8.159312989493769e-05,8.159312989493769e-05,All,Some,1127.9900846932453,0.0,0.0,0.0,0.0,0.0,0.0,0.0,0.0,42666.666666666664,0.0,0.0,0.0,0.0,0.0,0.0,0.0,0.0
6406,7.324,771.51796,771.51816,0.25922915404842306,C42H77O10P,CCCCCCCCC=CCC=CCCCCC(=O)OC(COC(=O)CCCCCCCCCC=CCCCCCC)COP(=O)(O)OCC(O)CO,[M-H]-,PG 18:1_18:2,"PG 18:1(11)_18:2(6,9)",0.3163333333333333,0.33202,0.0,0.0,All,None,,0.0,0.0,0.0,0.0,0.0,0.0,0.0,0.0,,0.0,0.0,0.0,0.0,0.0,0.0,0.0,0.0
6445,7.336,913.58048,913.58115,0.73337765343967,C49H87O13P,CCCCCC=CCC=CCC=CCC=CCCCCCC(=O)OC(COC(=O)CCCCCCCCCCCCCCCCC)COP(=O)(O)OC1C(O)C(O)C(O)C(O)C1O,[M-H]-,PI 18:0_22:4,"PI 18:0_22:4(7,10,13,16)",0.52525,0.6551487499999809,0.00016273674067940412,0.00016273674067940412,All,Some,0.0,63500.0,37100.0,25700.0,38700.0,66500.0,71300.0,60500.0,62800.0,0.0,26100.0,0.0,71100.0,0.0,0.0,0.0,0.0,0.0
6473,7.342,747.51798,747.51816,0.2407968255918907,C40H77O10P,CCCCCCC=CCCCCCCCCCC(=O)OC(COC(=O)CCCCCCCCCCCCCCC)COP(=O)(O)OCC(O)CO,[M-H]-,PG 16:0_18:1,PG 16:0_18:1(11),0.1280000000000001,0.9271549999999138,0.0,0.0,All,None,,0.0,0.0,0.0,0.0,0.0,0.0,0.0,0.0,,0.0,0.0,0.0,0.0,0.0,0.0,0.0,0.0
6486,7.346,750.53881,750.54431,7.328015050815093,C43H78NO7P,CCCCCCCCCCCCCCCC(=O)OC(COCCCCCCC=CCC=CCC=CCC=CCC=CCC)COP(=O)(O)OCCN,[M-H]-,PE O-22:5_16:0,"PE O-22:5(7,10,13,16,19)_16:0",0.42375000000000007,0.4203074999999785,0.0007088618788463211,0.0007088618788463211,All,Some,,0.0,0.0,4527.78111124445,0.0,0.0,0.0,0.0,0.0,,0.0,0.0,0.0,0.0,0.0,0.0,0.0,0.0
6486,7.346,750.53881,750.54431,7.328015050815093,C43H78NO7P,CCCCCCCCCCCCCCCC(=O)OC(COCCCC=CCC=CCC=CCC=CCC=CCCCCC)COP(=O)(O)OCCN,[M-H]-,PE O-22:5_16:0,"PE O-22:5(4,7,10,13,16)_16:0",0.7271428571428569,0.6601657142857837,4.643685725499306e-06,4.643685725499306e-06,Some,Some,,0.0,0.0,4222.21888875555,0.0,0.0,0.0,0.0,0.0,,0.0,0.0,0.0,0.0,0.0,0.0,0.0,0.0
6569,7.368,885.54895,885.54985,1.016317714921927,C47H83O13P,CCCCCCCCC=CCC=CCC=CCCCC(=O)OC(COC(=O)CCCCCCCC=CCCCCCCCC)COP(=O)(O)OC1C(O)C(O)C(O)C(O)C1O,[M-H]-,PI 18:1_20:3,"PI 18:1(9)_20:3(5,8,11)",0.4894999999999996,0.6331275000000005,0.0017965712239139701,0.0017965712239139701,Some,Some,0.0,0.0,0.0,0.0,0.0,0.0,0.0,0.0,0.0,33838.620425158886,0.0,0.0,0.0,0.0,0.0,0.0,0.0,0.0
6569,7.368,885.54895,885.54985,1.016317714921927,C47H83O13P,CCCCCCCCC=CCC=CCC=CCCCC(=O)OC(COC(=O)CCCCC=CCCCCCCCCCCC)COP(=O)(O)OC1C(O)C(O)C(O)C(O)C1O,[M-H]-,PI 18:1_20:3,"PI 18:1(6)_20:3(5,8,11)",0.5866666666666666,0.5921916666666599,0.0014802614421738803,0.0014802614421738803,Some,Some,0.0,0.0,0.0,0.0,0.0,0.0,0.0,0.0,0.0,149114.4121192198,0.0,0.0,0.0,0.0,0.0,0.0,0.0,0.0
6569,7.368,885.54895,885.54985,1.016317714921927,C47H83O13P,CCCCCCCCC=CCC=CCC=CCCCC(=O)OC(COC(=O)CCCCCCCCCC=CCCCCCC)COP(=O)(O)OC1C(O)C(O)C(O)C(O)C1O,[M-H]-,PI 18:1_20:3,"PI 18:1(11)_20:3(5,8,11)",0.5712499999999998,0.5743425000000002,0.0011086864776487114,0.0011086864776487114,All,All,0.0,0.0,0.0,0.0,0.0,0.0,0.0,0.0,0.0,0.0,0.0,0.0,0.0,0.0,0.0,0.0,0.0,0.0
6569,7.368,885.54895,885.54985,1.016317714921927,C47H83O13P,CCC=CCC=CCC=CCCCCCCCCCC(=O)OC(COC(=O)CCCCCCCC=CCCCCCCCC)COP(=O)(O)OC1C(O)C(O)C(O)C(O)C1O,[M-H]-,PI 18:1_20:3,"PI 18:1(9)_20:3(11,14,17)",0.2469999999999993,0.3703866666666424,0.0008388895296667243,0.0008388895296667243,Some,Some,0.0,0.0,0.0,0.0,0.0,0.0,0.0,0.0,0.0,55987.53561253561,0.0,0.0,0.0,0.0,0.0,0.0,0.0,0.0
6569,7.368,885.54895,885.54985,1.016317714921927,C47H83O13P,CCC=CCC=CCC=CCCCCCCCCCC(=O)OC(COC(=O)CCCCC=CCCCCCCCCCCC)COP(=O)(O)OC1C(O)C(O)C(O)C(O)C1O,[M-H]-,PI 18:1_20:3,"PI 18:1(6)_20:3(11,14,17)",0.38549999999999973,0.3909212499999768,0.0008142408370287394,0.0008142408370287394,All,All,0.0,0.0,0.0,0.0,0.0,0.0,0.0,0.0,0.0,163132.08141573527,0.0,0.0,0.0,0.0,0.0,0.0,0.0,0.0
6569,7.368,885.54895,885.54985,1.016317714921927,C47H83O13P,CCC=CCC=CCC=CCCCCCCCCCC(=O)OC(COC(=O)CCCCCCCCCC=CCCCCCC)COP(=O)(O)OC1C(O)C(O)C(O)C(O)C1O,[M-H]-,PI 18:1_20:3,"PI 18:1(11)_20:3(11,14,17)",0.3592499999999996,0.3809962499999813,0.0007892717003939478,0.0007892717003939478,All,All,0.0,0.0,0.0,0.0,0.0,0.0,0.0,0.0,0.0,22148.915187376722,0.0,0.0,0.0,0.0,0.0,0.0,0.0,0.0
6569,7.368,885.54895,885.54985,1.016317714921927,C47H83O13P,CCCCCC=CCC=CCC=CCCCCCCC(=O)OC(COC(=O)CCCCC=CCCCCCCCCCCC)COP(=O)(O)OC1C(O)C(O)C(O)C(O)C1O,[M-H]-,PI 18:1_20:3,"PI 18:1(6)_20:3(8,11,14)",0.6108,0.5858760000000303,0.0007133727703236513,0.0007133727703236513,Some,Some,0.0,0.0,0.0,0.0,0.0,0.0,0.0,0.0,0.0,33838.620425158886,0.0,0.0,0.0,0.0,0.0,0.0,0.0,0.0
6569,7.368,885.54895,885.54985,1.016317714921927,C47H83O13P,CCCCCC=CCC=CCC=CCCCCCCC(=O)OC(COC(=O)CCCCCCCC=CCCCCCCCC)COP(=O)(O)OC1C(O)C(O)C(O)C(O)C1O,[M-H]-,PI 18:1_20:3,"PI 18:1(9)_20:3(8,11,14)",0.5163333333333329,0.5021000000000223,0.0005417438243358963,0.0005417438243358963,Some,Some,0.0,0.0,0.0,0.0,0.0,0.0,0.0,0.0,0.0,140983.16622835852,0.0,0.0,0.0,0.0,0.0,0.0,0.0,0.0
6569,7.368,885.54895,885.54985,1.016317714921927,C47H83O13P,CCCCCC=CCC=CCC=CCCCCCCC(=O)OC(COC(=O)CCCCCCCCCC=CCCCCCC)COP(=O)(O)OC1C(O)C(O)C(O)C(O)C1O,[M-H]-,PI 18:1_20:3,"PI 18:1(11)_20:3(8,11,14)",0.5857142857142856,0.5506757142857494,0.0005219901925524858,0.0005219901925524858,All,All,0.0,0.0,0.0,0.0,0.0,0.0,0.0,0.0,0.0,7956.648586456278,0.0,0.0,0.0,0.0,0.0,0.0,0.0,0.0
6752,7.446,773.5338,773.53381,0.012927683115431538,C42H79O10P,CCCCCCC=CCCCCCCCCCC(=O)OC(COC(=O)CCCCCCCCCC=CCCCCCC)COP(=O)(O)OCC(O)CO,[M-H]-,PG 18:1_18:1,PG 18:1(11)_18:1(11),0.0600000000000005,0.9402749999999855,0.0,0.0,All,None,,0.0,0.0,0.0,0.0,0.0,0.0,0.0,0.0,,0.0,0.0,0.0,0.0,0.0,0.0,0.0,0.0
6761,7.45,803.57983,803.58076,1.1573198940693892,C44H85O10P,CCCCCCC=CCCCCCCCCCC(=O)OC(COC(=O)CCCCCCCCCCCCCCCCCCC)COP(=O)(O)OCC(O)CO,[M-H]-,PG 20:0_18:1,PG 20:0_18:1(11),0.2699999999999996,0.09897999999998319,8.86113355224311e-06,8.86113355224311e-06,All,All,,0.0,0.0,0.0,0.0,0.0,0.0,0.0,,0.0,0.0,0.0,0.0,0.0,0.0,0.0,0.0,0.0
6761,7.45,803.57983,803.58076,1.1573198940693892,C44H85O10P,CCCCCCCCC=CCCCCCCCC(=O)OC(COC(=O)CCCCCCCCCCCCCCCCCCC)COP(=O)(O)OCC(O)CO,[M-H]-,PG 20:0_18:1,PG 20:0_18:1(9),0.1540000000000008,0.5295150000000035,4.585576967153464e-06,4.585576967153464e-06,All,All,,21500.0,0.0,0.0,18300.0,22200.0,23100.0,0.0,,0.0,0.0,0.0,0.0,0.0,0.0,0.0,0.0,0.0
6769,7.452,859.53396,859.5342,0.27922100141702244,C45H81O13P,CCCCCCCCC=CCC=CCC=CCCCC(=O)OC(COC(=O)CCCCCCCCCCCCCCC)COP(=O)(O)OC1C(O)C(O)C(O)C(O)C1O,[M-H]-,PI 16:0_20:3,"PI 16:0_20:3(5,8,11)",0.378666666666667,0.5175550000000158,0.001013979895943257,0.001013979895943257,All,Some,29464.90618485059,0.0,0.0,0.0,0.0,0.0,0.0,0.0,0.0,0.0,0.0,0.0,0.0,0.0,0.0,0.0,0.0,0.0
6769,7.452,859.53396,859.5342,0.27922100141702244,C45H81O13P,CCC=CCC=CCC=CCCCCCCCCCC(=O)OC(COC(=O)CCCCCCCCCCCCCCC)COP(=O)(O)OC1C(O)C(O)C(O)C(O)C1O,[M-H]-,PI 16:0_20:3,"PI 16:0_20:3(11,14,17)",0.38560000000000016,0.4687760000000253,0.0006923536407711728,0.0006923536407711728,All,All,237943.0159833218,0.0,0.0,0.0,0.0,0.0,0.0,0.0,0.0,0.0,0.0,0.0,0.0,0.0,0.0,0.0,0.0,0.0
6769,7.452,859.53396,859.5342,0.27922100141702244,C45H81O13P,CCCCCC=CCC=CCC=CCCCCCCC(=O)OC(COC(=O)CCCCCCCCCCCCCCC)COP(=O)(O)OC1C(O)C(O)C(O)C(O)C1O,[M-H]-,PI 16:0_20:3,"PI 16:0_20:3(8,11,14)",0.40866666666666634,0.27988500000001676,0.00035763192838559314,0.00035763192838559314,All,Some,132592.07783182766,0.0,0.0,0.0,0.0,0.0,0.0,0.0,0.0,0.0,0.0,0.0,0.0,0.0,0.0,0.0,0.0,0.0
6804,7.466,909.54954,909.54985,0.34082793814229434,C49H83O13P,CCC=CCC=CCC=CCC=CCC=CCC=CCCC(=O)OC(COC(=O)CCCCCCCCCCCCCCCCC)COP(=O)(O)OC1C(O)C(O)C(O)C(O)C1O,[M-H]-,PI 18:0_22:6,"PI 18:0_22:6(4,7,10,13,16,19)",0.5750000000000002,0.39786300000000663,8.061259858227109e-05,8.061259858227109e-05,All,Some,133000.0,0.0,0.0,0.0,0.0,0.0,0.0,0.0,0.0,0.0,0.0,0.0,0.0,0.0,0.0,0.0,0.0,0.0
6825,7.476,913.58089,913.58115,0.28459431329738377,C49H87O13P,CCCCCCCCC=CCC=CCC=CCCCCCC(=O)OC(COC(=O)CCCCC=CCCCCCCCCCCC)COP(=O)(O)OC1C(O)C(O)C(O)C(O)C1O,[M-H]-,PI 18:1_22:3,"PI 18:1(6)_22:3(7,10,13)",0.8211999999999999,0.45342400000001815,0.0002950253861597068,0.0002950253861597068,Some,Some,0.0,0.0,36268.36935166994,11651.7277486911,17684.11905279166,19166.666666666664,19852.195782549818,37994.609001150886,18159.075686537173,0.0,31879.50081833061,52231.31484226127,38508.66336633663,68671.76634214188,144000.0,55746.946751343436,63085.914448917894,54725.48740234144
6825,7.476,913.58089,913.58115,0.28459431329738377,C49H87O13P,CCCCCCCCC=CCC=CCC=CCCCCCC(=O)OC(COC(=O)CCCCCCCC=CCCCCCCCC)COP(=O)(O)OC1C(O)C(O)C(O)C(O)C1O,[M-H]-,PI 18:1_22:3,"PI 18:1(9)_22:3(7,10,13)",0.8126666666666669,0.4248733333333424,0.0002626791045689589,0.0002626791045689589,Some,Some,0.0,0.0,56343.81139489195,82648.2722513089,20131.761894416686,19166.666666666664,20895.60843490037,51010.78199769822,19581.848626925654,0.0,47220.499181669395,60815.90091043828,49982.67326732673,99656.46731571628,0.0,70506.10649731313,75828.17110216421,75549.02519531714
6825,7.476,913.58089,913.58115,0.28459431329738377,C49H87O13P,CCCCCCCCC=CCC=CCC=CCCCCCC(=O)OC(COC(=O)CCCCCCCCCC=CCCCCCC)COP(=O)(O)OC1C(O)C(O)C(O)C(O)C1O,[M-H]-,PI 18:1_22:3,"PI 18:1(11)_22:3(7,10,13)",0.7036666666666666,0.5564299999999965,0.00023791639503889357,0.00023791639503889357,All,All,0.0,0.0,3787.8192534381137,0.0,17684.11905279166,19166.666666666664,19852.195782549818,37994.609001150886,18159.075686537173,0.0,0.0,45952.78424730044,38508.66336633663,68671.76634214188,0.0,55746.946751343436,63085.914448917894,54725.48740234144
6840,7.486,750.53977,750.54431,6.048943332899256,C43H78NO7P,CCCCCCCCC=CCCCCCC(=O)OC(COCCCCCCC=CCC=CCC=CCC=CCCCCC)COP(=O)(O)OCCN,[M-H]-,PE O-22:4_16:1,"PE O-22:4(7,10,13,16)_16:1(7)",0.5624000000000006,0.6123919999999998,0.0001115299537987665,0.0001115299537987665,Some,Some,0.0,141.1329569787814,0.0,163989.08914873019,0.0,0.0,0.0,153.79126948410587,0.0,,128859.57653308814,0.0,518.8868331791551,0.0,271422.9324275643,0.0,0.0,0.0
6840,7.486,750.53977,750.54431,6.048943332899256,C43H78NO7P,CCCCCCC=CCCCCCCCC(=O)OC(COCCCCCCC=CCC=CCC=CCC=CCCCCC)COP(=O)(O)OCCN,[M-H]-,PE O-22:4_16:1,"PE O-22:4(7,10,13,16)_16:1(9)",0.5380000000000003,0.3706716666666807,9.689374373867017e-05,9.689374373867017e-05,All,Some,0.0,141.1329569787814,0.0,51847.02465182095,0.0,0.0,0.0,153.79126948410587,0.0,,128185.60518989607,0.0,266.11676431287907,0.0,271422.9324275642,0.0,0.0,0.0
6840,7.486,750.53977,750.54431,6.048943332899256,C43H78NO7P,CCCCCCCCCC=CCCCCC(=O)OC(COCCCCCCC=CCC=CCC=CCC=CCCCCC)COP(=O)(O)OCCN,[M-H]-,PE O-22:4_16:1,"PE O-22:4(7,10,13,16)_16:1(6)",0.534857142857143,0.5523014285714193,7.966425271340465e-05,7.966425271340465e-05,All,Some,0.0,24717.73408604244,0.0,603163.886199449,30400.0,0.0,0.0,5212.417461031788,0.0,,475954.81827701576,0.0,7164.996402507966,0.0,214154.13514487163,0.0,0.0,0.0
6869,7.493,887.56521,887.5655,0.3267364493816267,C47H85O13P,CCC=CCC=CCC=CCCCCCCCCCC(=O)OC(COC(=O)CCCCCCCCCCCCCCCCC)COP(=O)(O)OC1C(O)C(O)C(O)C(O)C1O,[M-H]-,PI 18:0_20:3,"PI 18:0_20:3(11,14,17)",0.2507999999999992,0.5506799999999885,0.0035021923661319337,0.0035021923661319337,All,Some,0.0,8138.430900333456,101137.12374581941,0.0,0.0,0.0,0.0,35143.111679649126,13978.662503252668,0.0,76239.70258966666,93733.99811346181,0.0,0.0,51364.86486486487,0.0,40593.28996158715,97046.67059774182
6869,7.493,887.56521,887.5655,0.3267364493816267,C47H85O13P,CCCCCC=CCC=CCC=CCCCCCCC(=O)OC(COC(=O)CCCCCCCCCCCCCCCCC)COP(=O)(O)OC1C(O)C(O)C(O)C(O)C1O,[M-H]-,PI 18:0_20:3,"PI 18:0_20:3(8,11,14)",0.7673333333333329,0.549350000000004,0.002909583925026617,0.002909583925026617,All,All,0.0,510501.57465728046,1418060.2006688963,1562292.3588039868,613149.0813483989,470000.00000000006,609218.9679218967,868401.2152500171,595715.1530922024,0.0,1046216.8898652359,872523.918609352,942493.6444014489,1318846.153846154,1618727.027027027,913750.0000000001,1112920.4875990853,855642.1848042106
6869,7.493,887.56521,887.5655,0.3267364493816267,C47H85O13P,CCCCCCCCC=CCC=CCC=CCCCC(=O)OC(COC(=O)CCCCCCCCCCCCCCCCC)COP(=O)(O)OC1C(O)C(O)C(O)C(O)C1O,[M-H]-,PI 18:0_20:3,"PI 18:0_20:3(5,8,11)",0.7325000000000004,0.6792000000000087,0.0014153061524551924,0.0014153061524551924,All,Some,0.0,1611359.994442386,80802.67558528428,87707.6411960133,1416850.9186516008,1450000.0,1480781.0320781032,1076455.6730703337,1430306.184404545,0.0,147543.40754509738,883742.0832771864,1157506.3555985512,1221153.8461538462,139908.1081081081,1236250.0,1046486.2224393279,1077311.1445980477
6980,7.512,799.54882,799.54946,0.8004507938455379,C44H81O10P,CCCCCC=CCC=CCCCCCCCCCC(=O)OC(COC(=O)CCCCCCCCCC=CCCCCCC)COP(=O)(O)OCC(O)CO,[M-H]-,PG 18:1_20:2,"PG 18:1(11)_20:2(11,14)",0.3003333333333342,0.4876516666666551,7.004166295639692e-05,7.004166295639692e-05,All,Some,14966.666666666668,0.0,0.0,0.0,0.0,0.0,0.0,0.0,0.0,0.0,0.0,0.0,0.0,0.0,0.0,0.0,0.0,0.0
6980,7.512,799.54882,799.54946,0.8004507938455379,C44H81O10P,CCCCCC=CCC=CCCCCCCCCCC(=O)OC(COC(=O)CCCCCCCC=CCCCCCCCC)COP(=O)(O)OCC(O)CO,[M-H]-,PG 18:1_20:2,"PG 18:1(9)_20:2(11,14)",0.31300000000000106,0.7311599999999885,4.5076710566534974e-05,4.5076710566534974e-05,Some,Some,14966.666666666668,0.0,0.0,0.0,0.0,0.0,0.0,0.0,0.0,0.0,0.0,0.0,0.0,0.0,0.0,0.0,0.0,0.0
6980,7.512,799.54882,799.54946,0.8004507938455379,C44H81O10P,CCCCCC=CCC=CCCCCCCCCCC(=O)OC(COC(=O)CCCCC=CCCCCCCCCCCC)COP(=O)(O)OCC(O)CO,[M-H]-,PG 18:1_20:2,"PG 18:1(6)_20:2(11,14)",0.19633333333333436,0.6111066666666716,3.0051140377689982e-05,3.0051140377689982e-05,All,Some,14966.666666666668,0.0,0.0,0.0,0.0,0.0,0.0,0.0,0.0,0.0,0.0,0.0,0.0,0.0,0.0,0.0,0.0,0.0
7106,7.545,817.50115,817.50251,1.6636034548406895,C46H75O10P,CCC=CCC=CCC=CCC=CCC=CCC=CCCC(=O)OC(COC(=O)CCCCC=CCC=CCCCCCCCC)COP(=O)(O)OCC(O)CO,[M-H]-,PG 18:2_22:6,"PG 18:2(6,9)_22:6(4,7,10,13,16,19)",0.39559999999999995,0.45926699999996573,0.005063265323438829,0.005063265323438829,Some,Some,0.0,0.0,75798.45810886123,64063.46555323591,0.0,0.0,0.0,0.0,0.0,0.0,0.0,52106.65871596105,0.0,0.0,43224.796747967484,0.0,0.0,0.0
7106,7.545,817.50115,817.50251,1.6636034548406895,C46H75O10P,CCC=CCC=CCC=CCC=CCC=CCC=CCCC(=O)OC(COC(=O)CCCCCCCC=CCC=CCCCCC)COP(=O)(O)OCC(O)CO,[M-H]-,PG 18:2_22:6,"PG 18:2(9,12)_22:6(4,7,10,13,16,19)",0.5009090909090911,0.3791590909090287,0.00436475676616991,0.00436475676616991,Some,Some,0.0,0.0,20501.54189113877,22336.534446764086,0.0,0.0,0.0,0.0,0.0,0.0,0.0,22093.34128403896,0.0,0.0,50875.20325203252,0.0,0.0,0.0
7132,7.553,859.53408,859.5342,0.13961050070851122,C45H81O13P,CCCCCCCCC=CCC=CCC=CCCCC(=O)OC(COC(=O)CCCCCCCCCCCCCCC)COP(=O)(O)OC1C(O)C(O)C(O)C(O)C1O,[M-H]-,PI 16:0_20:3,"PI 16:0_20:3(5,8,11)",0.5625000000000004,0.37096000000002505,0.004145447122010181,0.004145447122010181,All,Some,0.0,0.0,0.0,0.0,0.0,0.0,0.0,0.0,0.0,0.0,0.0,0.0,0.0,0.0,0.0,0.0,0.0,0.0
7132,7.553,859.53408,859.5342,0.13961050070851122,C45H81O13P,CCC=CCC=CCC=CCCCCCCCCCC(=O)OC(COC(=O)CCCCCCCCCCCCCCC)COP(=O)(O)OC1C(O)C(O)C(O)C(O)C1O,[M-H]-,PI 16:0_20:3,"PI 16:0_20:3(11,14,17)",0.4626666666666666,0.3986499999999751,0.0038168399193782994,0.0038168399193782994,All,All,0.0,0.0,0.0,0.0,0.0,0.0,0.0,0.0,0.0,178597.4025974026,0.0,0.0,0.0,0.0,0.0,0.0,0.0,0.0
7132,7.553,859.53408,859.5342,0.13961050070851122,C45H81O13P,CCCCCC=CCC=CCC=CCCCCCCC(=O)OC(COC(=O)CCCCCCCCCCCCCCC)COP(=O)(O)OC1C(O)C(O)C(O)C(O)C1O,[M-H]-,PI 16:0_20:3,"PI 16:0_20:3(8,11,14)",0.43699999999999967,0.39924833333333254,0.0004120622085831171,0.0004120622085831171,All,Some,0.0,0.0,0.0,0.0,0.0,0.0,0.0,0.0,0.0,394402.5974025974,0.0,0.0,0.0,0.0,0.0,0.0,0.0,0.0
7167,7.559,775.54136,775.54946,10.444208161655364,C42H81O10P,CCCCCCC=CCCCCCCCCCC(=O)OC(COC(=O)CCCCCCCCCCCCCCCCC)COP(=O)(O)OCC(O)CO,[M-H]-,PG 18:0_18:1,PG 18:0_18:1(11),0.3720000000000008,0.5295150000000035,0.000713901754240928,0.000713901754240928,All,All,,0.0,0.0,0.0,0.0,0.0,0.0,0.0,,,0.0,0.0,0.0,0.0,0.0,0.0,0.0,0.0
7190,7.569,909.54967,909.54985,0.19790009310681655,C49H83O13P,CCC=CCC=CCC=CCC=CCC=CCC=CCCC(=O)OC(COC(=O)CCCCCCCCCCCCCCCCC)COP(=O)(O)OC1C(O)C(O)C(O)C(O)C1O,[M-H]-,PI 18:0_22:6,"PI 18:0_22:6(4,7,10,13,16,19)",0.5359999999999998,0.4746439999999666,0.00016349329871476393,0.00016349329871476393,All,All,0.0,0.0,0.0,0.0,0.0,0.0,0.0,0.0,0.0,820000.0,0.0,0.0,0.0,0.0,0.0,0.0,0.0,0.0
7248,7.587,835.53395,835.5342,0.2992097750767493,C43H81O13P,CCCCCCC=CCCCCCCCCCC(=O)OC(COC(=O)CCCCCCCCCCCCCCC)COP(=O)(O)OC1C(O)C(O)C(O)C(O)C1O,[M-H]-,PI 16:0_18:1,PI 16:0_18:1(11),0.7160000000000011,0.15451000000007298,0.0006585984320766254,0.0006585984320766254,All,All,0.0,0.0,0.0,0.0,0.0,0.0,0.0,0.0,0.0,0.0,0.0,0.0,0.0,0.0,0.0,0.0,0.0,0.0
7248,7.587,835.53395,835.5342,0.2992097750767493,C43H81O13P,CCCCCCCCC=CCCCCCCCC(=O)OC(COC(=O)CCCCCCCCCCCCCCC)COP(=O)(O)OC1C(O)C(O)C(O)C(O)C1O,[M-H]-,PI 16:0_18:1,PI 16:0_18:1(9),0.5050000000000008,0.4638049999999794,0.0006329857949433458,0.0006329857949433458,All,All,0.0,0.0,0.0,0.0,0.0,0.0,0.0,0.0,0.0,0.0,0.0,0.0,0.0,0.0,0.0,0.0,0.0,0.0
7248,7.587,835.53395,835.5342,0.2992097750767493,C43H81O13P,CCCCCCCCCCCC=CCCCCC(=O)OC(COC(=O)CCCCCCCCCCCCCCC)COP(=O)(O)OC1C(O)C(O)C(O)C(O)C1O,[M-H]-,PI 16:0_18:1,PI 16:0_18:1(6),0.31400000000000006,0.5281950000000393,0.00014010906173583847,0.00014010906173583847,All,All,158000.0,0.0,0.0,0.0,0.0,0.0,0.0,0.0,0.0,0.0,0.0,0.0,0.0,0.0,0.0,0.0,0.0,0.0
7304,7.603,885.54945,885.54985,0.45169676220178756,C47H83O13P,CCC=CCC=CCC=CCCCCCCCCCC(=O)OC(COC(=O)CCCCCCCC=CCCCCCCCC)COP(=O)(O)OC1C(O)C(O)C(O)C(O)C1O,[M-H]-,PI 18:1_20:3,"PI 18:1(9)_20:3(11,14,17)",0.480333333333333,0.6150349999999776,0.00229429527569967,0.00229429527569967,Some,Some,94829.03290664165,0.0,0.0,0.0,0.0,0.0,0.0,0.0,0.0,216896.94224235558,0.0,0.0,0.0,0.0,0.0,0.0,0.0,0.0
7304,7.603,885.54945,885.54985,0.45169676220178756,C47H83O13P,CCC=CCC=CCC=CCCCCCCCCCC(=O)OC(COC(=O)CCCCCCCCCC=CCCCCCC)COP(=O)(O)OC1C(O)C(O)C(O)C(O)C1O,[M-H]-,PI 18:1_20:3,"PI 18:1(11)_20:3(11,14,17)",0.5622499999999995,0.481394999999992,0.0018420275527951655,0.0018420275527951655,All,All,260861.8725286509,0.0,0.0,0.0,0.0,0.0,0.0,0.0,0.0,142206.11551528878,0.0,0.0,0.0,0.0,0.0,0.0,0.0,0.0
7304,7.603,885.54945,885.54985,0.45169676220178756,C47H83O13P,CCC=CCC=CCC=CCCCCCCCCCC(=O)OC(COC(=O)CCCCC=CCCCCCCCCCCC)COP(=O)(O)OC1C(O)C(O)C(O)C(O)C1O,[M-H]-,PI 18:1_20:3,"PI 18:1(6)_20:3(11,14,17)",0.5659999999999996,0.49132000000000176,0.0018244912277888563,0.0018244912277888563,All,All,119766.77166409759,0.0,0.0,0.0,0.0,0.0,0.0,0.0,0.0,0.0,0.0,0.0,0.0,0.0,0.0,0.0,0.0,0.0
7304,7.603,885.54945,885.54985,0.45169676220178756,C47H83O13P,CCCCCC=CCC=CCC=CCCCCCCC(=O)OC(COC(=O)CCCCC=CCCCCCCCCCCC)COP(=O)(O)OC1C(O)C(O)C(O)C(O)C1O,[M-H]-,PI 18:1_20:3,"PI 18:1(6)_20:3(8,11,14)",0.6656000000000006,0.5747140000000173,0.0017781396233232005,0.0017781396233232005,Some,Some,116212.05013068828,0.0,0.0,0.0,0.0,0.0,0.0,0.0,0.0,325508.4937712344,0.0,0.0,0.0,0.0,0.0,0.0,0.0,0.0
7304,7.603,885.54945,885.54985,0.45169676220178756,C47H83O13P,CCCCCC=CCC=CCC=CCCCCCCC(=O)OC(COC(=O)CCCCCCCC=CCCCCCCCC)COP(=O)(O)OC1C(O)C(O)C(O)C(O)C1O,[M-H]-,PI 18:1_20:3,"PI 18:1(9)_20:3(8,11,14)",0.5520000000000005,0.6247099999999932,0.0015448448197618854,0.0015448448197618854,Some,Some,21383.01722404664,0.0,0.0,0.0,0.0,0.0,0.0,0.0,0.0,210944.50736126842,0.0,0.0,0.0,0.0,0.0,0.0,0.0,0.0
7304,7.603,885.54945,885.54985,0.45169676220178756,C47H83O13P,CCCCCC=CCC=CCC=CCCCCCCC(=O)OC(COC(=O)CCCCCCCCCC=CCCCCCC)COP(=O)(O)OC1C(O)C(O)C(O)C(O)C1O,[M-H]-,PI 18:1_20:3,"PI 18:1(11)_20:3(8,11,14)",0.588571428571429,0.5531071428571457,0.0013800650873158934,0.0013800650873158934,All,All,83180.48388177736,0.0,0.0,0.0,0.0,0.0,0.0,0.0,0.0,108611.55152887883,0.0,0.0,0.0,0.0,0.0,0.0,0.0,0.0
7304,7.603,885.54945,885.54985,0.45169676220178756,C47H83O13P,CCCCCCCCC=CCC=CCC=CCCCC(=O)OC(COC(=O)CCCCC=CCCCCCCCCCCC)COP(=O)(O)OC1C(O)C(O)C(O)C(O)C1O,[M-H]-,PI 18:1_20:3,"PI 18:1(6)_20:3(5,8,11)",0.6256666666666666,0.5831933333333458,0.00041699384898830413,0.00041699384898830413,Some,Some,0.0,0.0,0.0,0.0,0.0,0.0,0.0,0.0,0.0,37916.19479048698,0.0,0.0,0.0,0.0,0.0,0.0,0.0,0.0
7304,7.603,885.54945,885.54985,0.45169676220178756,C47H83O13P,CCCCCCCCC=CCC=CCC=CCCCC(=O)OC(COC(=O)CCCCCCCC=CCCCCCCCC)COP(=O)(O)OC1C(O)C(O)C(O)C(O)C1O,[M-H]-,PI 18:1_20:3,"PI 18:1(9)_20:3(5,8,11)",0.6494999999999997,0.6260325000000364,0.00041048326044047594,0.00041048326044047594,Some,Some,0.0,0.0,0.0,0.0,0.0,0.0,0.0,0.0,0.0,37916.19479048698,0.0,0.0,0.0,0.0,0.0,0.0,0.0,0.0
7304,7.603,885.54945,885.54985,0.45169676220178756,C47H83O13P,CCCCCCCCC=CCC=CCC=CCCCC(=O)OC(COC(=O)CCCCCCCCCC=CCCCCCC)COP(=O)(O)OC1C(O)C(O)C(O)C(O)C1O,[M-H]-,PI 18:1_20:3,"PI 18:1(11)_20:3(5,8,11)",0.5789999999999997,0.5675937500000146,0.00035111347353524244,0.00035111347353524244,All,All,119766.77166409759,0.0,0.0,0.0,0.0,0.0,0.0,0.0,0.0,0.0,0.0,0.0,0.0,0.0,0.0,0.0,0.0,0.0
7387,7.619,750.53986,750.54431,5.9290303593399125,C43H78NO7P,CCCCCCCCC=CCCCCCC(=O)OC(COCCCCCCC=CCC=CCC=CCC=CCCCCC)COP(=O)(O)OCCN,[M-H]-,PE O-22:4_16:1,"PE O-22:4(7,10,13,16)_16:1(7)",0.42950000000000044,0.5238475000000165,6.944638320442822e-05,6.944638320442822e-05,Some,Some,0.0,2218.610083706443,98967.57361162876,0.0,0.0,0.0,0.0,19948.287853373153,11370.773873459157,,0.0,136852.16145211368,49865.35101243706,60657.340608635146,0.0,24862.784204228166,42597.83191603462,0.0
7387,7.619,750.53986,750.54431,5.9290303593399125,C43H78NO7P,CCCCCCC=CCCCCCCCC(=O)OC(COCCCCCCC=CCC=CCC=CCC=CCCCCC)COP(=O)(O)OCCN,[M-H]-,PE O-22:4_16:1,"PE O-22:4(7,10,13,16)_16:1(9)",0.3606666666666669,0.3706716666666807,5.006054663272381e-05,5.006054663272381e-05,All,Some,0.0,2218.610083706443,136002.60901975396,0.0,0.0,0.0,0.0,19948.287853373153,11370.773873459157,,0.0,102730.35586338666,25573.988419501835,25904.346870765738,0.0,24862.784204228166,25013.406879644524,0.0
7387,7.619,750.53986,750.54431,5.9290303593399125,C43H78NO7P,CCCCCCCCCC=CCCCCC(=O)OC(COCCCCCCC=CCC=CCC=CCC=CCCCCC)COP(=O)(O)OCCN,[M-H]-,PE O-22:4_16:1,"PE O-22:4(7,10,13,16)_16:1(6)",0.3448571428571431,0.5523399999999908,3.968364754538755e-05,3.968364754538755e-05,All,Some,0.0,388562.7798325871,600029.8173686172,0.0,427000.0,422000.0,396000.0,676103.4242932536,407258.45225308166,,0.0,524417.4826844997,688560.6605680612,643438.3125205991,0.0,739274.4315915437,585388.7612043208,798000.0
7470,7.639,817.50096,817.50251,1.896018643497089,C46H75O10P,CCC=CCC=CCC=CCC=CCC=CCC=CCCC(=O)OC(COC(=O)CCCCC=CCC=CCCCCCCCC)COP(=O)(O)OCC(O)CO,[M-H]-,PG 18:2_22:6,"PG 18:2(6,9)_22:6(4,7,10,13,16,19)",0.42859999999999976,0.5493089999999938,0.006015190715584118,0.006015190715584118,Some,Some,0.0,0.0,0.0,0.0,0.0,0.0,0.0,42257.117035698146,0.0,0.0,60144.69296461976,0.0,46586.79716784673,46371.505496971055,0.0,48016.85994647636,43906.55206776283,43217.724988579255
7470,7.639,817.50096,817.50251,1.896018643497089,C46H75O10P,CCC=CCC=CCC=CCC=CCC=CCC=CCCC(=O)OC(COC(=O)CCCCCCCC=CCC=CCCCCC)COP(=O)(O)OCC(O)CO,[M-H]-,PG 18:2_22:6,"PG 18:2(9,12)_22:6(4,7,10,13,16,19)",0.48939999999999984,0.4864099999999894,0.005660834004193563,0.005660834004193563,Some,Some,0.0,0.0,0.0,0.0,0.0,0.0,0.0,16742.88296430185,0.0,0.0,24755.307035380236,0.0,18013.202832153267,19428.494503028942,0.0,18683.14005352364,14393.44793223717,16582.27501142074
7491,7.646,799.54981,799.54946,0.4377465279331558,C44H81O10P,CCCCCC=CCC=CCCCCCCCCCC(=O)OC(COC(=O)CCCCCCCCCC=CCCCCCC)COP(=O)(O)OCC(O)CO,[M-H]-,PG 18:1_20:2,"PG 18:1(11)_20:2(11,14)",0.17433333333333323,0.7966799999999997,0.00039157532971054377,0.00039157532971054377,All,Some,,,0.0,0.0,,,,,,35700.0,0.0,0.0,,,0.0,0.0,,0.0
7585,7.673,779.51891,779.52324,5.554677240901422,C44H77O9P,CCCCCCC=CCCCCCCCC(=O)OC(COCCCCCCC=CCC=CCC=CCC=CCC=CCC)COP(=O)(O)OCC(O)CO,[M-H]-,PG O-22:5_16:1,"PG O-22:5(7,10,13,16,19)_16:1(9)",0.3285,0.41367124999997884,0.0025027292803191463,0.0025027292803191463,All,Some,0.0,10298.524626263119,279928.1247322882,185932.2216631927,0.0,0.0,9927.582133502252,0.0,9727.26033744923,0.0,214018.51991917792,243830.2378444309,0.0,0.0,179682.40146654446,0.0,0.0,0.0
7585,7.673,779.51891,779.52324,5.554677240901422,C44H77O9P,CCCCCCCCC=CCCCCCC(=O)OC(COCCCCCCC=CCC=CCC=CCC=CCC=CCC)COP(=O)(O)OCC(O)CO,[M-H]-,PG O-22:5_16:1,"PG O-22:5(7,10,13,16,19)_16:1(7)",0.2759999999999998,0.45703714285712393,0.0021211807954195703,0.0021211807954195703,Some,Some,0.0,10942.64229730942,181493.2750792427,160146.9848343276,0.0,0.0,11105.613668658301,0.0,10001.435567548904,0.0,166175.75554571094,213827.09615420163,0.0,0.0,167778.6434463795,0.0,0.0,0.0
7585,7.673,779.51891,779.52324,5.554677240901422,C44H77O9P,CCCCCCCCCC=CCCCCC(=O)OC(COCCCCCCC=CCC=CCC=CCC=CCC=CCC)COP(=O)(O)OCC(O)CO,[M-H]-,PG O-22:5_16:1,"PG O-22:5(7,10,13,16,19)_16:1(6)",0.3102499999999999,0.4213974999999692,0.001857952434143427,0.001857952434143427,All,Some,0.0,9199.336122597113,181493.2750792427,158529.7922806009,0.0,0.0,8840.629333515946,0.0,8523.273457446327,0.0,176084.02035678402,196164.07015209482,0.0,0.0,128957.37855178736,0.0,0.0,0.0
7585,7.673,779.51891,779.52324,5.554677240901422,C44H77O9P,CCCCCCC=CCCCCCCCC(=O)OC(COCCCC=CCC=CCC=CCC=CCC=CCCCCC)COP(=O)(O)OCC(O)CO,[M-H]-,PG O-22:5_16:1,"PG O-22:5(4,7,10,13,16)_16:1(9)",0.3387000000000002,0.4415974999999378,0.0005947455981436991,0.0005947455981436991,All,Some,0.0,1457.7548873284236,61334.13289928324,42563.609573779926,0.0,0.0,1701.1350601770214,0.0,1593.4945166771154,0.0,45174.61020648523,47281.42152242613,0.0,0.0,49867.09440879927,0.0,0.0,0.0
7585,7.673,779.51891,779.52324,5.554677240901422,C44H77O9P,CCCCCCCCC=CCCCCCC(=O)OC(COCCCC=CCC=CCC=CCC=CCC=CCCCCC)COP(=O)(O)OCC(O)CO,[M-H]-,PG O-22:5_16:1,"PG O-22:5(4,7,10,13,16)_16:1(7)",0.34987500000000016,0.4214781249999291,9.67359133526017e-05,9.67359133526017e-05,Some,Some,0.0,1618.7843050899985,23375.596104971588,42114.389419966945,0.0,0.0,1995.6429439660337,0.0,1662.0383242020334,0.0,25535.013884536846,33656.46541368668,0.0,0.0,34209.89917506874,0.0,0.0,0.0
7585,7.673,779.51891,779.52324,5.554677240901422,C44H77O9P,CCCCCCCCCC=CCCCCC(=O)OC(COCCCC=CCC=CCC=CCC=CCC=CCCCCC)COP(=O)(O)OCC(O)CO,[M-H]-,PG O-22:5_16:1,"PG O-22:5(4,7,10,13,16)_16:1(6)",0.339263157894737,0.42445684210519485,8.307802231907746e-05,8.307802231907746e-05,All,Some,0.0,1182.9577614119219,23375.596104971588,35713.00222813197,0.0,0.0,1429.3968601804454,0.0,1292.4977966763886,0.0,28012.080087305112,29240.708913159986,0.0,0.0,24504.582951420714,0.0,0.0,0.0
7609,7.681,861.54928,861.54985,0.661598397398383,C45H83O13P,CCCCCC=CCC=CCCCCCCCCCC(=O)OC(COC(=O)CCCCCCCCCCCCCCC)COP(=O)(O)OC1C(O)C(O)C(O)C(O)C1O,[M-H]-,PI 16:0_20:2,"PI 16:0_20:2(11,14)",0.3446666666666663,0.3883333333333212,0.009032920129661304,0.009032920129661304,All,All,842000.0,,,,,,,,,,,,0.0,,,,0.0,
7626,7.689,841.49811,841.50251,5.228742573842564,C48H75O10P,CCCCCC=CCC=CCC=CCC=CCC=CCCC(=O)OC(COC(=O)CCCC=CCC=CCC=CCC=CCC=CCC)COP(=O)(O)OCC(O)CO,[M-H]-,PG 20:5_22:5,"PG 20:5(5,8,11,14,17)_22:5(4,7,10,13,16)",0.5308181818181819,0.520213181818168,0.009342445575756463,0.009342445575756463,Some,Some,0.0,15474.477895307837,31384.655425059595,19246.313155283256,0.0,15380.914512922463,14174.814814814814,29326.209530738448,18000.0,0.0,23732.535173351847,25317.79476748264,32885.51448551449,31492.707133362874,19105.450236966823,31829.75778546713,30291.027154663516,30906.876367291436
7626,7.689,841.49811,841.50251,5.228742573842564,C48H75O10P,CCC=CCC=CCC=CCC=CCC=CCCCCCC(=O)OC(COC(=O)CCCC=CCC=CCC=CCC=CCC=CCC)COP(=O)(O)OCC(O)CO,[M-H]-,PG 20:5_22:5,"PG 20:5(5,8,11,14,17)_22:5(7,10,13,16,19)",0.5604000000000001,0.5536689999999908,0.0068996139027254445,0.0068996139027254445,All,Some,0.0,5625.522104692162,9315.344574940404,17653.686844716744,33100.0,4819.085487077535,6625.185185185184,4173.790469261549,4500.0,0.0,17167.464826648153,11582.205232517359,5214.485514485514,6107.292866637128,18394.549763033177,5870.242214532872,4208.972845336481,5293.123632708568
7638,7.693,835.53429,835.5342,0.10771551900585938,C43H81O13P,CCCCCCCCC=CCCCCCCCC(=O)OC(COC(=O)CCCCCCCCCCCCCCC)COP(=O)(O)OC1C(O)C(O)C(O)C(O)C1O,[M-H]-,PI 16:0_18:1,PI 16:0_18:1(9),0.29300000000000104,0.4638049999999794,0.0006508741424078809,0.0006508741424078809,All,All,0.0,0.0,0.0,0.0,0.0,0.0,0.0,0.0,0.0,0.0,0.0,0.0,0.0,0.0,0.0,0.0,0.0,0.0
7638,7.693,835.53429,835.5342,0.10771551900585938,C43H81O13P,CCCCCCC=CCCCCCCCCCC(=O)OC(COC(=O)CCCCCCCCCCCCCCC)COP(=O)(O)OC1C(O)C(O)C(O)C(O)C1O,[M-H]-,PI 16:0_18:1,PI 16:0_18:1(11),0.5040000000000013,0.1541700000000219,0.000641855752673112,0.000641855752673112,All,All,0.0,0.0,0.0,0.0,0.0,0.0,0.0,0.0,0.0,0.0,0.0,0.0,0.0,0.0,0.0,0.0,0.0,0.0
7638,7.693,835.53429,835.5342,0.10771551900585938,C43H81O13P,CCCCCCCCCCCC=CCCCCC(=O)OC(COC(=O)CCCCCCCCCCCCCCC)COP(=O)(O)OC1C(O)C(O)C(O)C(O)C1O,[M-H]-,PI 16:0_18:1,PI 16:0_18:1(6),0.12700000000000067,0.5510700000000384,0.0001359170382064491,0.0001359170382064491,All,Some,0.0,0.0,0.0,0.0,0.0,0.0,0.0,0.0,0.0,552000.0,0.0,0.0,0.0,0.0,0.0,0.0,0.0,0.0
7642,7.693,863.56545,863.5655,0.05789948763289984,C45H85O13P,CCCCCCCCC=CCCCCCCCC(=O)OC(COC(=O)CCCCCCCCCCCCCCCCC)COP(=O)(O)OC1C(O)C(O)C(O)C(O)C1O,[M-H]-,PI 18:0_18:1,PI 18:0_18:1(9),0.36600000000000144,0.19737999999995282,0.0006552822571436488,0.0006552822571436488,All,All,0.0,160000.0,197000.0,130000.0,139000.0,142000.0,156000.0,218000.0,166000.0,,103000.0,222000.0,230000.0,261000.0,192000.0,241000.0,271000.0,218000.0
7642,7.693,863.56545,863.5655,0.05789948763289984,C45H85O13P,CCCCCCC=CCCCCCCCCCC(=O)OC(COC(=O)CCCCCCCCCCCCCCCCC)COP(=O)(O)OC1C(O)C(O)C(O)C(O)C1O,[M-H]-,PI 18:0_18:1,PI 18:0_18:1(11),0.4399999999999986,0.8405050000000642,0.0004789530477934162,0.0004789530477934162,All,All,0.0,0.0,0.0,0.0,0.0,0.0,0.0,0.0,0.0,,0.0,0.0,0.0,0.0,0.0,0.0,0.0,0.0
7682,7.705,776.5541,776.55996,7.546101140854465,C45H80NO7P,CCCCCCC=CCCCCCCCCCC(=O)OC(COCCCC=CCC=CCC=CCC=CCC=CCCCCC)COP(=O)(O)OCCN,[M-H]-,PE O-22:5_18:1,"PE O-22:5(4,7,10,13,16)_18:1(11)",0.45722222222222236,0.6059994444444846,0.0006812358266547586,0.0006812358266547586,All,Some,0.0,0.0,8272.079797635493,16603.60549978218,0.0,0.0,0.0,0.0,0.0,0.0,9286.27903621411,13634.151897580754,0.0,0.0,12742.45997269455,0.0,0.0,0.0
7682,7.705,776.5541,776.55996,7.546101140854465,C45H80NO7P,CCCCCCCCCCCC=CCCCCC(=O)OC(COCCCC=CCC=CCC=CCC=CCC=CCCCCC)COP(=O)(O)OCCN,[M-H]-,PE O-22:5_18:1,"PE O-22:5(4,7,10,13,16)_18:1(6)",0.524625,0.6640887500000332,0.0006319450591178719,0.0006319450591178719,Some,Some,0.0,0.0,11223.264742290234,10110.181645529348,0.0,0.0,0.0,0.0,0.0,0.0,12501.053239070843,6221.349492004191,0.0,0.0,10195.730420752143,0.0,0.0,0.0
7682,7.705,776.5541,776.55996,7.546101140854465,C45H80NO7P,CCCCCCC=CCCCCCCCCCC(=O)OC(COCCCCCCC=CCC=CCC=CCC=CCC=CCC)COP(=O)(O)OCCN,[M-H]-,PE O-22:5_18:1,"PE O-22:5(7,10,13,16,19)_18:1(11)",0.46854545454545504,0.5356618181818104,0.000604765772738914,0.000604765772738914,All,Some,0.0,0.0,8144.633214330564,6070.514295224158,0.0,0.0,0.0,0.0,0.0,0.0,6162.920213533401,3015.4813431135813,0.0,0.0,10530.594514087128,0.0,0.0,0.0
7682,7.705,776.5541,776.55996,7.546101140854465,C45H80NO7P,CCCCCCCCC=CCCCCCCCC(=O)OC(COCCCC=CCC=CCC=CCC=CCC=CCCCCC)COP(=O)(O)OCCN,[M-H]-,PE O-22:5_18:1,"PE O-22:5(4,7,10,13,16)_18:1(9)",0.4303999999999997,0.3663006666667419,0.000511926323091916,0.000511926323091916,Some,Some,0.0,0.0,1414.0596688254604,5309.056823577209,0.0,0.0,0.0,0.0,0.0,0.0,3688.9914875198388,4991.512141783224,0.0,0.0,1696.3509991311903,0.0,0.0,0.0
7682,7.705,776.5541,776.55996,7.546101140854465,C45H80NO7P,CCCCCCCCCCCC=CCCCCC(=O)OC(COCCCCCCC=CCC=CCC=CCC=CCC=CCC)COP(=O)(O)OCCN,[M-H]-,PE O-22:5_18:1,"PE O-22:5(7,10,13,16,19)_18:1(6)",0.40022222222222265,0.545599999999998,0.0004658738574515607,0.0004658738574515607,Some,Some,0.0,0.0,2228.5229902585174,3919.182179061083,0.0,0.0,0.0,0.0,0.0,0.0,4789.785023806089,3145.988427718802,0.0,0.0,334.86409333498824,0.0,0.0,0.0
7682,7.705,776.5541,776.55996,7.546101140854465,C45H80NO7P,CCCCCCCCC=CCCCCCCCC(=O)OC(COCCCCCCC=CCC=CCC=CCC=CCC=CCC)COP(=O)(O)OCCN,[M-H]-,PE O-22:5_18:1,"PE O-22:5(7,10,13,16,19)_18:1(9)",0.44355555555555587,0.4440177777777687,0.0004658738574515607,0.0004658738574515607,Some,Some,0.0,0.0,2017.43958665973,2987.459556826025,0.0,0.0,0.0,0.0,0.0,0.0,3170.9709998557205,2691.5166977994445,0.0,0.0,0.0,0.0,0.0,0.0
7693,7.708,748.52337,748.52866,7.067197667415159,C43H76NO7P,CCCCCCCCC=CCCCCCC(=O)OC(COCCCC=CCC=CCC=CCC=CCC=CCCCCC)COP(=O)(O)OCCN,[M-H]-,PE O-22:5_16:1,"PE O-22:5(4,7,10,13,16)_16:1(7)",0.3318333333333336,0.5593608333333387,0.001678839497188625,0.001678839497188625,Some,Some,0.0,0.0,0.0,0.0,0.0,0.0,0.0,0.0,0.0,,0.0,0.0,0.0,0.0,0.0,0.0,0.0,0.0
7693,7.708,748.52337,748.52866,7.067197667415159,C43H76NO7P,CCCCCCCCCC=CCCCCC(=O)OC(COCCCC=CCC=CCC=CCC=CCC=CCCCCC)COP(=O)(O)OCCN,[M-H]-,PE O-22:5_16:1,"PE O-22:5(4,7,10,13,16)_16:1(6)",0.43538461538461537,0.5822146153846006,0.0016457983665706304,0.0016457983665706304,Some,Some,0.0,0.0,0.0,0.0,0.0,0.0,0.0,0.0,0.0,,0.0,0.0,0.0,0.0,0.0,0.0,0.0,0.0
7693,7.708,748.52337,748.52866,7.067197667415159,C43H76NO7P,CCCCCCC=CCCCCCCCC(=O)OC(COCCCC=CCC=CCC=CCC=CCC=CCCCCC)COP(=O)(O)OCCN,[M-H]-,PE O-22:5_16:1,"PE O-22:5(4,7,10,13,16)_16:1(9)",0.38428571428571406,0.41093571428571557,0.0015282413403870138,0.0015282413403870138,Some,Some,0.0,0.0,0.0,0.0,0.0,0.0,0.0,0.0,0.0,,0.0,0.0,0.0,0.0,0.0,0.0,0.0,0.0
7693,7.708,748.52337,748.52866,7.067197667415159,C43H76NO7P,CCCCCCCCC=CCCCCCC(=O)OC(COCCCCCCC=CCC=CCC=CCC=CCC=CCC)COP(=O)(O)OCCN,[M-H]-,PE O-22:5_16:1,"PE O-22:5(7,10,13,16,19)_16:1(7)",0.3831428571428572,0.31302285714285255,0.001124450816135938,0.001124450816135938,Some,Some,0.0,0.0,0.0,0.0,0.0,0.0,0.0,0.0,0.0,,0.0,0.0,0.0,0.0,0.0,0.0,0.0,0.0
7693,7.708,748.52337,748.52866,7.067197667415159,C43H76NO7P,CCCCCCCCCC=CCCCCC(=O)OC(COCCCCCCC=CCC=CCC=CCC=CCC=CCC)COP(=O)(O)OCCN,[M-H]-,PE O-22:5_16:1,"PE O-22:5(7,10,13,16,19)_16:1(6)",0.3888888888888887,0.36261222222222184,0.0008745728569946186,0.0008745728569946186,All,Some,0.0,0.0,0.0,0.0,0.0,0.0,0.0,0.0,0.0,,0.0,0.0,0.0,0.0,0.0,0.0,0.0,0.0
7693,7.708,748.52337,748.52866,7.067197667415159,C43H76NO7P,CCCCCCC=CCCCCCCCC(=O)OC(COCCCCCCC=CCC=CCC=CCC=CCC=CCC)COP(=O)(O)OCCN,[M-H]-,PE O-22:5_16:1,"PE O-22:5(7,10,13,16,19)_16:1(9)",0.35644444444444406,0.2560000000000097,0.0008745728569946186,0.0008745728569946186,All,Some,0.0,0.0,0.0,0.0,0.0,0.0,0.0,0.0,0.0,,0.0,0.0,0.0,0.0,0.0,0.0,0.0,0.0
7785,7.74,722.50536,722.51301,10.588044636057653,C41H74NO7P,CCCCCCCCCCCCCCCC(=O)OC(COCCCCC=CCC=CCC=CCC=CCC=CCC)COP(=O)(O)OCCN,[M-H]-,PE O-20:5_16:0,"PE O-20:5(5,8,11,14,17)_16:0",0.3371428571428576,0.5805114285713964,2.0970943228338465e-06,2.0970943228338465e-06,All,Some,,0.0,0.0,0.0,0.0,0.0,0.0,0.0,0.0,,,0.0,0.0,0.0,0.0,0.0,0.0,0.0
7805,7.747,786.53049,786.52906,1.8181146415970646,C42H78NO10P,CCCCCCCCCCCC=CCCCCC(=O)OC(COC(=O)CCCCC=CCCCCCCCCCCC)COP(=O)(O)OCC(N)C(=O)O,[M-H]-,PS 18:1_18:1,PS 18:1(6)_18:1(6),0.4610000000000003,0.09991999999999734,1.591917288426254e-05,1.591917288426254e-05,All,Some,,0.0,0.0,0.0,,0.0,0.0,,0.0,0.0,0.0,3300.1706484641636,0.0,0.0,0.0,0.0,,0.0
7805,7.747,786.53049,786.52906,1.8181146415970646,C42H78NO10P,CCCCCCCCCCCC=CCCCCC(=O)OC(COC(=O)CCCCCCCCCC=CCCCCCC)COP(=O)(O)OCC(N)C(=O)O,[M-H]-,PS 18:1_18:1,PS 18:1(11)_18:1(6),0.4615,0.5119550000000288,1.1529175917095687e-05,1.1529175917095687e-05,All,Some,,0.0,0.0,0.0,,0.0,0.0,,0.0,0.0,0.0,6147.098976109215,0.0,0.0,0.0,0.0,,0.0
7805,7.747,786.53049,786.52906,1.8181146415970646,C42H78NO10P,CCCCCCCCC=CCCCCCCCC(=O)OC(COC(=O)CCCCC=CCCCCCCCCCCC)COP(=O)(O)OCC(N)C(=O)O,[M-H]-,PS 18:1_18:1,PS 18:1(6)_18:1(9),0.2515000000000005,0.09378749999999059,7.95958644213127e-06,7.95958644213127e-06,All,Some,,0.0,0.0,0.0,,0.0,0.0,,0.0,0.0,0.0,6529.522184300341,0.0,0.0,0.0,0.0,,0.0
7805,7.747,786.53049,786.52906,1.8181146415970646,C42H78NO10P,CCCCCCC=CCCCCCCCCCC(=O)OC(COC(=O)CCCCCCCCCC=CCCCCCC)COP(=O)(O)OCC(N)C(=O)O,[M-H]-,PS 18:1_18:1,PS 18:1(11)_18:1(11),0.46199999999999974,0.9239900000000603,7.139178949928832e-06,7.139178949928832e-06,All,Some,,0.0,0.0,0.0,,0.0,0.0,,0.0,0.0,0.0,2846.928327645051,0.0,0.0,0.0,0.0,,0.0
7805,7.747,786.53049,786.52906,1.8181146415970646,C42H78NO10P,CCCCCCCCC=CCCCCCCCC(=O)OC(COC(=O)CCCCCCCCCC=CCCCCCC)COP(=O)(O)OCC(N)C(=O)O,[M-H]-,PS 18:1_18:1,PS 18:1(11)_18:1(9),0.2520000000000002,0.505822500000022,3.569589474964416e-06,3.569589474964416e-06,All,Some,,0.0,0.0,0.0,,0.0,0.0,,0.0,0.0,0.0,6076.279863481229,0.0,0.0,0.0,0.0,,0.0
7863,7.763,885.54935,885.54985,0.5646209527201395,C47H83O13P,CCC=CCC=CCC=CCCCCCCCCCC(=O)OC(COC(=O)CCCCCCCC=CCCCCCCCC)COP(=O)(O)OC1C(O)C(O)C(O)C(O)C1O,[M-H]-,PI 18:1_20:3,"PI 18:1(9)_20:3(11,14,17)",0.4893333333333336,0.6185866666666774,0.0028577048871390506,0.0028577048871390506,Some,Some,150771.0989678203,0.0,0.0,0.0,0.0,0.0,0.0,0.0,0.0,567302.2797635801,0.0,0.0,0.0,0.0,0.0,0.0,0.0,0.0
7863,7.763,885.54935,885.54985,0.5646209527201395,C47H83O13P,CCC=CCC=CCC=CCCCCCCCCCC(=O)OC(COC(=O)CCCCCCCCCC=CCCCCCC)COP(=O)(O)OC1C(O)C(O)C(O)C(O)C1O,[M-H]-,PI 18:1_20:3,"PI 18:1(11)_20:3(11,14,17)",0.37949999999999995,0.39836875000000305,0.002239632182981851,0.002239632182981851,All,All,0.0,0.0,0.0,0.0,0.0,0.0,0.0,0.0,0.0,422072.89614410355,0.0,0.0,0.0,0.0,0.0,0.0,0.0,0.0
7863,7.763,885.54935,885.54985,0.5646209527201395,C47H83O13P,CCC=CCC=CCC=CCCCCCCCCCC(=O)OC(COC(=O)CCCCC=CCCCCCCCCCCC)COP(=O)(O)OC1C(O)C(O)C(O)C(O)C1O,[M-H]-,PI 18:1_20:3,"PI 18:1(6)_20:3(11,14,17)",0.41700000000000004,0.47845750000000464,0.002183221453549808,0.002183221453549808,All,All,425500.91074681235,0.0,0.0,0.0,0.0,0.0,0.0,0.0,0.0,0.0,0.0,0.0,0.0,0.0,0.0,0.0,0.0,0.0
7863,7.763,885.54935,885.54985,0.5646209527201395,C47H83O13P,CCCCCC=CCC=CCC=CCCCCCCC(=O)OC(COC(=O)CCCCCCCC=CCCCCCCCC)COP(=O)(O)OC1C(O)C(O)C(O)C(O)C1O,[M-H]-,PI 18:1_20:3,"PI 18:1(9)_20:3(8,11,14)",0.6052000000000003,0.7220759999999927,0.0021375203307704904,0.0021375203307704904,Some,Some,226739.52641165757,0.0,0.0,0.0,0.0,0.0,0.0,0.0,0.0,1776336.8983957218,0.0,0.0,0.0,0.0,0.0,0.0,0.0,0.0
7863,7.763,885.54935,885.54985,0.5646209527201395,C47H83O13P,CCCCCC=CCC=CCC=CCCCCCCC(=O)OC(COC(=O)CCCCC=CCCCCCCCCCCC)COP(=O)(O)OC1C(O)C(O)C(O)C(O)C1O,[M-H]-,PI 18:1_20:3,"PI 18:1(6)_20:3(8,11,14)",0.4012000000000004,0.5743900000000167,0.0019875152875877787,0.0019875152875877787,Some,Some,75968.42744383728,0.0,0.0,0.0,0.0,0.0,0.0,0.0,0.0,1631107.5147762452,0.0,0.0,0.0,0.0,0.0,0.0,0.0,0.0
7863,7.763,885.54935,885.54985,0.5646209527201395,C47H83O13P,CCCCCC=CCC=CCC=CCCCCCCC(=O)OC(COC(=O)CCCCCCCCCC=CCCCCCC)COP(=O)(O)OC1C(O)C(O)C(O)C(O)C1O,[M-H]-,PI 18:1_20:3,"PI 18:1(11)_20:3(8,11,14)",0.43400000000000016,0.5287766666666774,0.0018467250233616438,0.0018467250233616438,All,All,295519.12568306015,0.0,0.0,0.0,0.0,0.0,0.0,0.0,0.0,1209034.6186321417,0.0,0.0,0.0,0.0,0.0,0.0,0.0,0.0
7863,7.763,885.54935,885.54985,0.5646209527201395,C47H83O13P,CCCCCCCCC=CCC=CCC=CCCCC(=O)OC(COC(=O)CCCCCCCC=CCCCCCCCC)COP(=O)(O)OC1C(O)C(O)C(O)C(O)C1O,[M-H]-,PI 18:1_20:3,"PI 18:1(9)_20:3(5,8,11)",0.6979999999999998,0.5722633333333533,0.00038350755451776254,0.00038350755451776254,Some,Some,0.0,0.0,0.0,0.0,0.0,0.0,0.0,0.0,0.0,422072.89614410355,0.0,0.0,0.0,0.0,0.0,0.0,0.0,0.0
7863,7.763,885.54935,885.54985,0.5646209527201395,C47H83O13P,CCCCCCCCC=CCC=CCC=CCCCC(=O)OC(COC(=O)CCCCC=CCCCCCCCCCCC)COP(=O)(O)OC1C(O)C(O)C(O)C(O)C1O,[M-H]-,PI 18:1_20:3,"PI 18:1(6)_20:3(5,8,11)",0.5904,0.5474860000000262,0.00035970025508303506,0.00035970025508303506,Some,Some,0.0,0.0,0.0,0.0,0.0,0.0,0.0,0.0,0.0,422072.89614410355,0.0,0.0,0.0,0.0,0.0,0.0,0.0,0.0
7863,7.763,885.54935,885.54985,0.5646209527201395,C47H83O13P,CCCCCCCCC=CCC=CCC=CCCCC(=O)OC(COC(=O)CCCCCCCCCC=CCCCCCC)COP(=O)(O)OC1C(O)C(O)C(O)C(O)C1O,[M-H]-,PI 18:1_20:3,"PI 18:1(11)_20:3(5,8,11)",0.47057142857142836,0.5212385714286094,0.00034580123877573255,0.00034580123877573255,All,Some,425500.91074681235,0.0,0.0,0.0,0.0,0.0,0.0,0.0,0.0,0.0,0.0,0.0,0.0,0.0,0.0,0.0,0.0,0.0
7893,7.771,719.48669,719.48686,0.23627950623801333,C38H73O10P,CCCCCCCCCC=CCCCCC(=O)OC(COC(=O)CCCCCCCCCCCCCCC)COP(=O)(O)OCC(O)CO,[M-H]-,PG 16:0_16:1,PG 16:0_16:1(6),0.4640000000000004,0.9367149999998787,0.0,0.0,All,None,,,,0.0,,,,,,,0.0,0.0,,,0.0,,,
7937,7.788,913.58118,913.58115,0.03283780541875685,C49H87O13P,CCC=CCC=CCC=CCC=CCCCCCCC(=O)OC(COC(=O)CCCCCCCCCCCCCCCCCCC)COP(=O)(O)OC1C(O)C(O)C(O)C(O)C1O,[M-H]-,PI 20:0_20:4,"PI 20:0_20:4(8,11,14,17)",0.5174285714285711,0.5887414285714385,0.0003803727022238891,0.0003803727022238891,All,All,0.0,0.0,2818.5680738353994,5668.870592149035,0.0,0.0,0.0,7746.598013975727,0.0,0.0,4665.152498377677,11291.803278688523,6999.889319313778,11969.793489674485,10839.011703511052,8460.134196346877,8409.657947686115,5473.605947955391
7937,7.788,913.58118,913.58115,0.03283780541875685,C49H87O13P,CCCCCC=CCC=CCC=CCC=CCCCC(=O)OC(COC(=O)CCCCCCCCCCCCCCCCCCC)COP(=O)(O)OC1C(O)C(O)C(O)C(O)C1O,[M-H]-,PI 20:0_20:4,"PI 20:0_20:4(5,8,11,14)",0.3912499999999999,0.4367099999999908,0.00031063704641446537,0.00031063704641446537,All,Some,0.0,0.0,9481.4319261646,6831.129407850965,0.0,0.0,0.0,9253.401986024273,0.0,0.0,9334.847501622322,2708.196721311476,12400.11068068622,16130.206510325517,4260.9882964889475,10439.865803653125,17390.34205231388,10126.39405204461
7985,7.8,861.54958,861.54985,0.3133887145362936,C45H83O13P,CCCCCC=CCC=CCCCCCCCCCC(=O)OC(COC(=O)CCCCCCCCCCCCCCC)COP(=O)(O)OC1C(O)C(O)C(O)C(O)C1O,[M-H]-,PI 16:0_20:2,"PI 16:0_20:2(11,14)",0.47500000000000053,0.12341499999996586,0.014488658533732903,0.014488658533732903,All,All,0.0,,,,,,,,,1240000.0,,,,,,,,
8001,7.801,911.5653,911.5655,0.21940277474683137,C49H85O13P,CCC=CCC=CCC=CCC=CCC=CCCCCCC(=O)OC(COC(=O)CCCCCCCCCCCCCCCCC)COP(=O)(O)OC1C(O)C(O)C(O)C(O)C1O,[M-H]-,PI 18:0_22:5,"PI 18:0_22:5(7,10,13,16,19)",0.5313333333333331,0.5796166666666522,0.0017420308495253692,0.0017420308495253692,All,Some,0.0,0.0,0.0,0.0,0.0,0.0,0.0,0.0,0.0,333407.97378481703,0.0,0.0,0.0,0.0,0.0,0.0,0.0,0.0
8001,7.801,911.5653,911.5655,0.21940277474683137,C49H85O13P,CCCCCC=CCC=CCC=CCC=CCC=CCCC(=O)OC(COC(=O)CCCCCCCCCCCCCCCCC)COP(=O)(O)OC1C(O)C(O)C(O)C(O)C1O,[M-H]-,PI 18:0_22:5,"PI 18:0_22:5(4,7,10,13,16)",0.3008571428571428,0.6113749999999689,0.00022980389194473944,0.00022980389194473944,All,Some,89600.0,0.0,0.0,0.0,0.0,0.0,0.0,0.0,0.0,65592.02621518295,0.0,0.0,0.0,0.0,0.0,0.0,0.0,0.0
8044,7.811,779.51891,779.52324,5.554677240901422,C44H77O9P,CCCCCCCCCCCCCC(=O)OC(COCCCC=CCC=CCC=CCC=CCC=CCC=CCCCC)COP(=O)(O)OCC(O)CO,[M-H]-,PG O-24:6_14:0,"PG O-24:6(4,7,10,13,16,19)_14:0",0.38000000000000017,0.3146788888888573,0.001767947790257304,0.001767947790257304,Some,Some,,348000.0,0.0,0.0,289000.0,361000.0,352000.0,736000.0,314000.0,,0.0,0.0,799000.0,612000.0,0.0,821000.0,698000.0,749000.0
8131,7.831,747.51802,747.51816,0.18728641988790548,C40H77O10P,CCCCCCC=CCCCCCCCCCC(=O)OC(COC(=O)CCCCCCCCCCCCCCC)COP(=O)(O)OCC(O)CO,[M-H]-,PG 16:0_18:1,PG 16:0_18:1(11),0.015999999999999126,0.5085199999999759,0.0,0.0,All,None,745000.0,,0.0,,,,,,,,,,,,,,,
8141,7.835,745.5022,745.50251,0.41582690313562204,C40H75O10P,CCCCCC=CCC=CCCCCCCCC(=O)OC(COC(=O)CCCCCCCCCCCCCCC)COP(=O)(O)OCC(O)CO,[M-H]-,PG 16:0_18:2,"PG 16:0_18:2(9,12)",0.32600000000000007,0.6875950000000159,0.0002331924763174299,0.0002331924763174299,All,Some,,0.0,0.0,0.0,,0.0,0.0,0.0,,,0.0,0.0,0.0,0.0,0.0,0.0,0.0,0.0
8169,7.846,722.50554,722.51301,10.338914174032768,C41H74NO7P,CCCCCCCCCCCCCCCC(=O)OC(COCCCCC=CCC=CCC=CCC=CCC=CCC)COP(=O)(O)OCCN,[M-H]-,PE O-20:5_16:0,"PE O-20:5(5,8,11,14,17)_16:0",0.41000000000000014,0.4840016666666808,0.0015849938193443023,0.0015849938193443023,All,Some,,0.0,0.0,0.0,0.0,0.0,0.0,0.0,0.0,,0.0,0.0,0.0,0.0,0.0,0.0,0.0,0.0
8183,7.851,835.53485,835.5342,0.7779454149818444,C43H81O13P,CCCCCCCCC=CCCCCCCCC(=O)OC(COC(=O)CCCCCCCCCCCCCCC)COP(=O)(O)OC1C(O)C(O)C(O)C(O)C1O,[M-H]-,PI 16:0_18:1,PI 16:0_18:1(9),0.10900000000000087,0.5282500000000141,0.0003795366141526886,0.0003795366141526886,All,Some,,,0.0,0.0,,,,,0.0,0.0,0.0,0.0,0.0,,0.0,,,0.0
8183,7.851,835.53485,835.5342,0.7779454149818444,C43H81O13P,CCCCCCCCCCCC=CCCCCC(=O)OC(COC(=O)CCCCCCCCCCCCCCC)COP(=O)(O)OC1C(O)C(O)C(O)C(O)C1O,[M-H]-,PI 16:0_18:1,PI 16:0_18:1(6),0.11800000000000122,0.20099999999996498,2.5211871434715874e-06,2.5211871434715874e-06,All,Some,,,0.0,0.0,,,,,0.0,0.0,0.0,0.0,0.0,,0.0,,,0.0
8245,7.866,750.5374,750.54431,9.206651636527647,C43H78NO7P,CCCCCCCCC=CCCCCCC(=O)OC(COCCCCCCC=CCC=CCC=CCC=CCCCCC)COP(=O)(O)OCCN,[M-H]-,PE O-22:4_16:1,"PE O-22:4(7,10,13,16)_16:1(7)",0.13714285714285804,0.43539142857142515,0.0005945801029061207,0.0005945801029061207,Some,Some,,15999.361022364217,8869.43268416596,19156.641870350693,19211.737451737456,17054.6516478932,17547.31707317073,0.0,20238.95885810244,0.0,18999.912437274776,11351.887760921638,0.0,0.0,20000.886108939278,0.0,0.0,0.0
8245,7.866,750.5374,750.54431,9.206651636527647,C43H78NO7P,CCCCCCCCCC=CCCCCC(=O)OC(COCCCCCCC=CCC=CCC=CCC=CCCCCC)COP(=O)(O)OCCN,[M-H]-,PE O-22:4_16:1,"PE O-22:4(7,10,13,16)_16:1(6)",0.20422222222222292,0.2649855555555405,0.000462451191149205,0.000462451191149205,All,Some,,10227.052529905639,22861.134631668083,31286.716259298624,18492.35521235521,8527.3258239466,10231.393728222994,0.0,12988.86889768502,0.0,15884.161250126293,15296.224478156724,0.0,0.0,12598.22778212145,0.0,0.0,0.0
8245,7.866,750.5374,750.54431,9.206651636527647,C43H78NO7P,CCCCCCC=CCCCCCCCC(=O)OC(COCCCCCCC=CCC=CCC=CCC=CCCCCC)COP(=O)(O)OCCN,[M-H]-,PE O-22:4_16:1,"PE O-22:4(7,10,13,16)_16:1(9)",0.19955555555555626,0.2574533333333117,0.000462451191149205,0.000462451191149205,All,Some,,8073.586447730143,8869.43268416596,19156.641870350693,17095.907335907337,10918.0225281602,11321.28919860627,0.0,10572.172244212547,0.0,10915.92631259893,11351.887760921638,0.0,0.0,20000.886108939278,0.0,0.0,0.0
8244,7.866,805.49069,805.48725,4.270706954026937,C41H75O13P,CCCCCCC=CCCCCCCCCCC(=O)OC(COC(=O)CCCCCCCC=CCCCC)COP(=O)(O)OC1C(O)C(O)C(O)C(O)C1O,[M-H]-,PI 14:1_18:1,PI 14:1(9)_18:1(11),0.2100000000000004,0.33108000000001425,0.00085629369396063,0.00085629369396063,All,All,,0.0,0.0,0.0,0.0,0.0,0.0,0.0,0.0,,0.0,0.0,0.0,,0.0,0.0,0.0,0.0
8244,7.866,805.49069,805.48725,4.270706954026937,C41H75O13P,CCCCCCCCC=CCCCCCCCC(=O)OC(COC(=O)CCCCCCCC=CCCCC)COP(=O)(O)OC1C(O)C(O)C(O)C(O)C1O,[M-H]-,PI 14:1_18:1,PI 14:1(9)_18:1(9),0.2635000000000005,0.48237749999998414,0.0006599574779906818,0.0006599574779906818,All,Some,,0.0,0.0,0.0,0.0,0.0,0.0,0.0,0.0,,0.0,0.0,0.0,,0.0,0.0,0.0,0.0
8244,7.866,805.49069,805.48725,4.270706954026937,C41H75O13P,CCCCCCC=CCCCCCCCCCC(=O)OC(COC(=O)CCCC=CCCCCCCCC)COP(=O)(O)OC1C(O)C(O)C(O)C(O)C1O,[M-H]-,PI 14:1_18:1,PI 14:1(5)_18:1(11),0.1625000000000001,0.6614825000000053,0.0006489344977217515,0.0006489344977217515,All,Some,,0.0,0.0,0.0,0.0,0.0,0.0,0.0,0.0,,0.0,0.0,0.0,,0.0,0.0,0.0,0.0
8244,7.866,805.49069,805.48725,4.270706954026937,C41H75O13P,CCCCCCCCC=CCCCCCCCC(=O)OC(COC(=O)CCCC=CCCCCCCCC)COP(=O)(O)OC1C(O)C(O)C(O)C(O)C1O,[M-H]-,PI 14:1_18:1,PI 14:1(5)_18:1(9),0.2160000000000002,0.8127799999999752,0.0004525982817518033,0.0004525982817518033,All,Some,,0.0,0.0,0.0,0.0,0.0,0.0,0.0,0.0,,0.0,0.0,0.0,,0.0,0.0,0.0,0.0
8244,7.866,805.49069,805.48725,4.270706954026937,C41H75O13P,CCCCCCCCCCCC=CCCCCC(=O)OC(COC(=O)CCCCCCCC=CCCCC)COP(=O)(O)OC1C(O)C(O)C(O)C(O)C1O,[M-H]-,PI 14:1_18:1,PI 14:1(9)_18:1(6),0.3135000000000008,0.4983324999999752,0.00043365833711478017,0.00043365833711478017,All,Some,,0.0,0.0,0.0,0.0,0.0,0.0,0.0,0.0,,0.0,0.0,0.0,,0.0,0.0,0.0,0.0
8244,7.866,805.49069,805.48725,4.270706954026937,C41H75O13P,CCCCCCC=CCCCCCCCCCC(=O)OC(COC(=O)CCCCC=CCCCCCCC)COP(=O)(O)OC1C(O)C(O)C(O)C(O)C1O,[M-H]-,PI 14:1_18:1,PI 14:1(6)_18:1(11),0.2855000000000003,0.528527500000024,0.00042333517106241494,0.00042333517106241494,All,Some,,0.0,0.0,0.0,0.0,0.0,0.0,0.0,0.0,,0.0,0.0,0.0,,0.0,0.0,0.0,0.0
8244,7.866,805.49069,805.48725,4.270706954026937,C41H75O13P,CCCCCCCCC=CCCCCCCCC(=O)OC(COC(=O)CCCCC=CCCCCCCC)COP(=O)(O)OC1C(O)C(O)C(O)C(O)C1O,[M-H]-,PI 14:1_18:1,PI 14:1(6)_18:1(9),0.3390000000000004,0.6798249999999939,0.00022699895509246677,0.00022699895509246677,All,Some,,0.0,0.0,0.0,0.0,0.0,0.0,0.0,0.0,,0.0,0.0,0.0,,0.0,0.0,0.0,0.0
8244,7.866,805.49069,805.48725,4.270706954026937,C41H75O13P,CCCCCCCCCCCC=CCCCCC(=O)OC(COC(=O)CCCC=CCCCCCCCC)COP(=O)(O)OC1C(O)C(O)C(O)C(O)C1O,[M-H]-,PI 14:1_18:1,PI 14:1(5)_18:1(6),0.26600000000000046,0.8287349999999662,0.00022629914087590164,0.00022629914087590164,All,Some,,0.0,0.0,0.0,0.0,0.0,0.0,0.0,0.0,,0.0,0.0,0.0,,0.0,0.0,0.0,0.0
8244,7.866,805.49069,805.48725,4.270706954026937,C41H75O13P,CCCCCCCCCCCC=CCCCCC(=O)OC(COC(=O)CCCCC=CCCCCCCC)COP(=O)(O)OC1C(O)C(O)C(O)C(O)C1O,[M-H]-,PI 14:1_18:1,PI 14:1(6)_18:1(6),0.3890000000000007,0.695779999999985,6.998142165651343e-07,6.998142165651343e-07,All,Some,,0.0,0.0,0.0,0.0,0.0,0.0,0.0,0.0,,0.0,0.0,0.0,,0.0,0.0,0.0,0.0
8311,7.892,889.58118,889.58115,0.03372373620770193,C47H87O13P,CCCCCC=CCC=CCCCCCCCCCC(=O)OC(COC(=O)CCCCCCCCCCCCCCCCC)COP(=O)(O)OC1C(O)C(O)C(O)C(O)C1O,[M-H]-,PI 18:0_20:2,"PI 18:0_20:2(11,14)",0.48550000000000004,0.6624050000000068,0.0002845080357707766,0.0002845080357707766,All,Some,,217000.0,0.0,,152000.0,,196000.0,0.0,,,78500.0,132000.0,0.0,0.0,142000.0,0.0,0.0,143000.0
8329,7.898,748.52107,748.51341,10.23361759141646,C38H74NO8P,CCCCCCCCCC=CCCCCC(=O)OC(COC(=O)CCCCCCCCCCCCC)COP(=O)([O-])OCC[N+](C)(C)C,[M+HCOO]-,PC 14:0_16:1,PC 14:0_16:1(6),0.44700000000000006,0.9009849999999346,0.0,0.0,All,None,,0.0,0.0,0.0,6060.0,,0.0,0.0,0.0,,0.0,0.0,0.0,0.0,0.0,0.0,0.0,0.0
8383,7.911,891.58723,891.5968,10.733551309351233,C47H89O13P,CCCCCCCCC=CCCCCCCCCCCCCCCCC(=O)OC(COC(=O)CCCCCCCCCCC)COP(=O)(O)OC1C(O)C(O)C(O)C(O)C1O,[M-H]-,PI 12:0_26:1,PI 12:0_26:1(17),0.3619999999999992,0.4035849999999641,0.0007665747192355724,0.0007665747192355724,All,Some,,,,,24300.0,,,,35700.0,,0.0,0.0,,36500.0,,,,27400.0
8425,7.922,786.52895,786.52906,0.13985497236383151,C42H78NO10P,CCCCCCCCCCCC=CCCCCC(=O)OC(COC(=O)CCCCC=CCCCCCCCCCCC)COP(=O)(O)OCC(N)C(=O)O,[M-H]-,PS 18:1_18:1,PS 18:1(6)_18:1(6),0.3680000000000003,0.1429799999999659,2.1935040182924675e-05,2.1935040182924675e-05,All,Some,,0.0,,,0.0,0.0,0.0,,0.0,0.0,0.0,0.0,0.0,0.0,0.0,0.0,,0.0
8425,7.922,786.52895,786.52906,0.13985497236383151,C42H78NO10P,CCCCCCCCC=CCCCCCCCC(=O)OC(COC(=O)CCCCC=CCCCCCCCCCCC)COP(=O)(O)OCC(N)C(=O)O,[M-H]-,PS 18:1_18:1,PS 18:1(6)_18:1(9),0.5070000000000006,0.5224849999999606,1.0967520091462337e-05,1.0967520091462337e-05,All,Some,,0.0,,,0.0,0.0,0.0,,0.0,0.0,0.0,4400.0,0.0,0.0,0.0,0.0,,0.0
8425,7.922,786.52895,786.52906,0.13985497236383151,C42H78NO10P,CCCCCCCCCCCC=CCCCCC(=O)OC(COC(=O)CCCCCCCCCC=CCCCCCC)COP(=O)(O)OCC(N)C(=O)O,[M-H]-,PS 18:1_18:1,PS 18:1(11)_18:1(6),0.4406666666666676,0.34362000000002507,1.0537322366164442e-05,1.0537322366164442e-05,All,Some,,0.0,,,0.0,0.0,0.0,,0.0,0.0,0.0,0.0,0.0,0.0,0.0,0.0,,0.0
8425,7.922,786.52895,786.52906,0.13985497236383151,C42H78NO10P,CCCCCCC=CCCCCCCCCCC(=O)OC(COC(=O)CCCCCCCCCC=CCCCCCC)COP(=O)(O)OCC(N)C(=O)O,[M-H]-,PS 18:1_18:1,PS 18:1(11)_18:1(11),0.4770000000000012,0.4439400000000546,4.8384634577843265e-06,4.8384634577843265e-06,All,Some,,0.0,,,0.0,0.0,0.0,,0.0,0.0,0.0,4400.0,0.0,0.0,0.0,0.0,,0.0
8425,7.922,786.52895,786.52906,0.13985497236383151,C42H78NO10P,CCCCCCCCC=CCCCCCCCC(=O)OC(COC(=O)CCCCCCCCCC=CCCCCCC)COP(=O)(O)OCC(N)C(=O)O,[M-H]-,PS 18:1_18:1,PS 18:1(11)_18:1(9),0.5333333333333344,0.5966233333333548,3.225642305189551e-06,3.225642305189551e-06,All,Some,,0.0,,,0.0,0.0,0.0,,0.0,0.0,0.0,4400.0,0.0,0.0,0.0,0.0,,0.0
8450,7.926,887.56376,887.5655,1.9604186959054952,C47H85O13P,CCCCCC=CCC=CCCCCCCCCCC(=O)OC(COC(=O)CCCCCCCC=CCCCCCCCC)COP(=O)(O)OC1C(O)C(O)C(O)C(O)C1O,[M-H]-,PI 18:1_20:2,"PI 18:1(9)_20:2(11,14)",0.3090000000000006,0.5285550000000114,0.001249471766211447,0.001249471766211447,Some,Some,,0.0,0.0,0.0,0.0,0.0,0.0,0.0,0.0,0.0,0.0,0.0,0.0,0.0,0.0,0.0,0.0,0.0
8450,7.926,887.56376,887.5655,1.9604186959054952,C47H85O13P,CCCCCC=CCC=CCCCCCCCCCC(=O)OC(COC(=O)CCCCC=CCCCCCCCCCCC)COP(=O)(O)OC1C(O)C(O)C(O)C(O)C1O,[M-H]-,PI 18:1_20:2,"PI 18:1(6)_20:2(11,14)",0.27800000000000014,0.8176660000000083,0.0008588312193450485,0.0008588312193450485,All,All,,0.0,0.0,0.0,0.0,0.0,0.0,0.0,0.0,0.0,0.0,0.0,0.0,0.0,0.0,0.0,0.0,0.0
8450,7.926,887.56376,887.5655,1.9604186959054952,C47H85O13P,CCCCCC=CCC=CCCCCCCCCCC(=O)OC(COC(=O)CCCCCCCCCC=CCCCCCC)COP(=O)(O)OC1C(O)C(O)C(O)C(O)C1O,[M-H]-,PI 18:1_20:2,"PI 18:1(11)_20:2(11,14)",0.25760000000000005,0.7145819999999958,0.0007267595537584473,0.0007267595537584473,All,All,,0.0,0.0,0.0,0.0,0.0,0.0,0.0,0.0,0.0,0.0,0.0,0.0,0.0,0.0,0.0,0.0,0.0
8551,7.959,776.55195,776.55996,10.314721866438944,C45H80NO7P,CCCCCC=CCC=CCCCCCCCC(=O)OC(COCCCCCCC=CCC=CCC=CCC=CCCCCC)COP(=O)(O)OCCN,[M-H]-,PE O-22:4_18:2,"PE O-22:4(7,10,13,16)_18:2(9,12)",0.2896666666666672,0.7346233333334075,0.0008138491519976487,0.0008138491519976487,All,Some,,29988.323755303714,31871.403197158084,49192.77443260768,39424.81744718138,30200.37066246057,30602.86614645859,45583.92511297611,31241.408024224074,,36074.67340184636,34547.835439634306,57584.534731323714,57847.37904996049,43076.31700707252,48739.86486486486,45084.04581384094,48839.576876431754
8551,7.959,776.55195,776.55996,10.314721866438944,C45H80NO7P,CCCCCCCCC=CCC=CCCCCC(=O)OC(COCCCCCCC=CCC=CCC=CCC=CCCCCC)COP(=O)(O)OCCN,[M-H]-,PE O-22:4_18:2,"PE O-22:4(7,10,13,16)_18:2(6,9)",0.25942857142857206,0.6464314285714831,0.0006971360690137379,0.0006971360690137379,Some,Some,,29811.67624469628,25128.596802841916,30007.225567392314,41675.18255281861,29699.62933753943,31897.133853541418,46716.074887023875,29658.591975775926,,28625.326598153628,24552.16456036569,48415.46526867628,40352.62095003951,39323.68299292749,56260.135135135126,42115.954186159055,52160.423123568246
8559,7.96,775.54774,775.54946,2.2177824738315435,C42H81O10P,CCCCCCC=CCCCCCCCCCC(=O)OC(COC(=O)CCCCCCCCCCCCCCCCC)COP(=O)(O)OCC(O)CO,[M-H]-,PG 18:0_18:1,PG 18:0_18:1(11),0.7249999999999996,0.5295099999999593,0.0013204181009319126,0.0013204181009319126,All,All,,,134000.0,192000.0,,,,137000.0,,,142000.0,131000.0,162000.0,155000.0,184000.0,155000.0,139000.0,161000.0
8608,7.971,863.56564,863.5655,0.1621185653984492,C45H85O13P,CCCCCCCCC=CCCCCCCCC(=O)OC(COC(=O)CCCCCCCCCCCCCCCCC)COP(=O)(O)OC1C(O)C(O)C(O)C(O)C1O,[M-H]-,PI 18:0_18:1,PI 18:0_18:1(9),0.5009999999999994,0.19371999999992795,0.001332510056750111,0.001332510056750111,All,All,0.0,,,,,,,,,0.0,0.0,42900.0,,,,,,
8608,7.971,863.56564,863.5655,0.1621185653984492,C45H85O13P,CCCCCCC=CCCCCCCCCCC(=O)OC(COC(=O)CCCCCCCCCCCCCCCCC)COP(=O)(O)OC1C(O)C(O)C(O)C(O)C1O,[M-H]-,PI 18:0_18:1,PI 18:0_18:1(11),0.6519999999999992,0.8542150000000106,0.0012965369964447473,0.0012965369964447473,All,All,0.0,,,,,,,,,0.0,0.0,0.0,,,,,,
8610,7.972,747.51788,747.51816,0.37457283977581096,C40H77O10P,CCCCCCC=CCCCCCCCCCC(=O)OC(COC(=O)CCCCCCCCCCCCCCC)COP(=O)(O)OCC(O)CO,[M-H]-,PG 16:0_18:1,PG 16:0_18:1(11),0.4939999999999989,0.5047500000000014,0.0,0.0,All,None,,,,0.0,,,0.0,,,,0.0,0.0,,,0.0,,,
8752,7.999,915.59679,915.5968,0.010921838056612286,C49H89O13P,CCCCCC=CCC=CCCCCCCCCCCCC(=O)OC(COC(=O)CCCCCCCC=CCCCCCCCC)COP(=O)(O)OC1C(O)C(O)C(O)C(O)C1O,[M-H]-,PI 18:1_22:2,"PI 18:1(9)_22:2(13,16)",0.23800000000000043,0.7148675000000537,0.0005014379855750044,0.0005014379855750044,Some,Some,0.0,18266.666666666664,16074.217416050085,0.0,,16066.666666666666,18366.666666666664,15700.0,15466.666666666666,0.0,0.0,14720.248904692362,12800.0,16300.000000000002,7835.52220137586,14400.000000000002,14233.333333333332,14433.333333333332
8752,7.999,915.59679,915.5968,0.010921838056612286,C49H89O13P,CCCCCC=CCC=CCCCCCCCCCCCC(=O)OC(COC(=O)CCCCC=CCCCCCCCCCCC)COP(=O)(O)OC1C(O)C(O)C(O)C(O)C1O,[M-H]-,PI 18:1_22:2,"PI 18:1(6)_22:2(13,16)",0.26450000000000085,0.5818575000000408,0.00047588254244605016,0.00047588254244605016,All,All,0.0,18266.666666666664,1567.9377727186493,0.0,,16066.666666666666,18366.666666666664,15700.0,15466.666666666666,0.0,0.0,1520.1727093783732,12800.0,16300.000000000002,926.985616010006,14400.000000000002,14233.333333333332,14433.333333333332
8752,7.999,915.59679,915.5968,0.010921838056612286,C49H89O13P,CCCCCC=CCC=CCCCCCCCCCCCC(=O)OC(COC(=O)CCCCCCCCCC=CCCCCCC)COP(=O)(O)OC1C(O)C(O)C(O)C(O)C1O,[M-H]-,PI 18:1_22:2,"PI 18:1(11)_22:2(13,16)",0.30680000000000013,0.6187880000000405,0.0004451319541989943,0.0004451319541989943,All,All,0.0,18266.666666666664,16757.844811231265,0.0,,16066.666666666666,18366.666666666664,15700.0,15466.666666666666,0.0,0.0,12159.578385929264,12800.0,16300.000000000002,7737.492182614133,14400.000000000002,14233.333333333332,14433.333333333332
8778,8.005,773.5333,773.53381,0.6593118405036866,C42H79O10P,CCCCCCCCC=CCCCCCCCC(=O)OC(COC(=O)CCCCCCCC=CCCCCCCCC)COP(=O)(O)OCC(O)CO,[M-H]-,PG 18:1_18:1,PG 18:1(9)_18:1(9),0.27999999999999936,0.4394700000000853,7.452033142798898e-08,7.452033142798898e-08,All,Some,,0.0,0.0,0.0,0.0,0.0,0.0,0.0,,,0.0,,0.0,,0.0,0.0,0.0,0.0
8778,8.005,773.5333,773.53381,0.6593118405036866,C42H79O10P,CCCCCCCCC=CCCCCCCCC(=O)OC(COC(=O)CCCCCCCCCC=CCCCCCC)COP(=O)(O)OCC(O)CO,[M-H]-,PG 18:1_18:1,PG 18:1(11)_18:1(9),0.18149999999999888,0.47284750000002873,3.726016571399449e-08,3.726016571399449e-08,All,Some,,0.0,0.0,0.0,0.0,0.0,0.0,0.0,,,0.0,,0.0,,0.0,0.0,0.0,0.0
8778,8.005,773.5333,773.53381,0.6593118405036866,C42H79O10P,CCCCCCCCC=CCCCCCCCC(=O)OC(COC(=O)CCCCC=CCCCCCCCCCCC)COP(=O)(O)OCC(O)CO,[M-H]-,PG 18:1_18:1,PG 18:1(6)_18:1(9),0.21399999999999908,0.46570000000002665,3.726016571399449e-08,3.726016571399449e-08,All,Some,,0.0,0.0,0.0,0.0,0.0,0.0,0.0,,,0.0,,0.0,,0.0,0.0,0.0,0.0
8791,8.005,861.54927,861.54985,0.6732053867963295,C45H83O13P,CCCCCC=CCC=CCCCCCCCC(=O)OC(COC(=O)CCCCCCCCCCCCCCCCC)COP(=O)(O)OC1C(O)C(O)C(O)C(O)C1O,[M-H]-,PI 18:0_18:2,"PI 18:0_18:2(9,12)",0.5010000000000003,0.48361499999998614,0.007242175183303654,0.007242175183303654,All,All,0.0,0.0,0.0,0.0,0.0,0.0,0.0,0.0,0.0,,0.0,0.0,0.0,0.0,0.0,0.0,0.0,0.0
8791,8.005,861.54927,861.54985,0.6732053867963295,C45H83O13P,CCCCCCCCC=CCC=CCCCCC(=O)OC(COC(=O)CCCCCCCCCCCCCCCCC)COP(=O)(O)OC1C(O)C(O)C(O)C(O)C1O,[M-H]-,PI 18:0_18:2,"PI 18:0_18:2(6,9)",0.14049999999999851,0.6714050000000213,0.0003078287613846949,0.0003078287613846949,All,Some,193000.0,0.0,0.0,0.0,0.0,0.0,0.0,0.0,0.0,,0.0,0.0,0.0,0.0,0.0,0.0,0.0,0.0
8935,8.05,863.56544,863.5655,0.06947938526479837,C45H85O13P,CCCCCCC=CCCCCCCCCCC(=O)OC(COC(=O)CCCCCCCCCCCCCCCCC)COP(=O)(O)OC1C(O)C(O)C(O)C(O)C1O,[M-H]-,PI 18:0_18:1,PI 18:0_18:1(11),0.6860000000000017,0.5232999999999493,0.0009679850786718476,0.0009679850786718476,All,All,,0.0,4356.020791221484,0.0,0.0,0.0,0.0,0.0,0.0,0.0,0.0,0.0,0.0,0.0,0.0,0.0,0.0,0.0
8935,8.05,863.56544,863.5655,0.06947938526479837,C45H85O13P,CCCCCCCCC=CCCCCCCCC(=O)OC(COC(=O)CCCCCCCCCCCCCCCCC)COP(=O)(O)OC1C(O)C(O)C(O)C(O)C1O,[M-H]-,PI 18:0_18:1,PI 18:0_18:1(9),0.8740000000000006,0.47661499999998114,0.00045890141509928947,0.00045890141509928947,All,All,,0.0,173.97920877851573,0.0,0.0,0.0,0.0,0.0,0.0,0.0,0.0,0.0,0.0,0.0,0.0,0.0,0.0,0.0
8943,8.052,734.47579,734.47663,1.1436715148298915,C41H70NO8P,CCC=CCC=CCC=CCC=CCC=CCC=CCCC(=O)OC(COC(=O)CCCCCCCCCCCCC)COP(=O)(O)OCCN,[M-H]-,PE 14:0_22:6,"PE 14:0_22:6(4,7,10,13,16,19)",0.27909090909090944,0.6014536363636167,0.0003180825227706242,0.0003180825227706242,Some,Some,,0.0,0.0,,0.0,0.0,0.0,0.0,0.0,0.0,0.0,0.0,0.0,0.0,0.0,0.0,0.0,0.0
8996,8.062,867.51401,867.51816,4.783761529535528,C50H77O10P,CCC=CCC=CCC=CCC=CCC=CCC=CCCC(=O)OC(COC(=O)CCC=CCC=CCC=CCC=CCC=CCCCCC)COP(=O)(O)OCC(O)CO,[M-H]-,PG 22:5_22:6,"PG 22:5(4,7,10,13,16)_22:6(4,7,10,13,16,19)",0.4073913043478252,0.6446052173912993,0.007600025318061714,0.007600025318061714,Some,Some,0.0,0.0,0.0,0.0,0.0,0.0,0.0,0.0,0.0,0.0,0.0,34052.58011797067,0.0,0.0,43512.11787992083,0.0,0.0,0.0
8996,8.062,867.51401,867.51816,4.783761529535528,C50H77O10P,CCC=CCC=CCC=CCC=CCC=CCC=CCCC(=O)OC(COC(=O)CCCCCC=CCC=CCC=CCC=CCC=CCC)COP(=O)(O)OCC(O)CO,[M-H]-,PG 22:5_22:6,"PG 22:5(7,10,13,16,19)_22:6(4,7,10,13,16,19)",0.4184000000000001,0.6304820000000178,0.006107812682719552,0.006107812682719552,Some,Some,0.0,0.0,0.0,0.0,0.0,0.0,0.0,0.0,0.0,0.0,0.0,8547.419882029339,0.0,0.0,9787.882120079174,0.0,0.0,0.0
9086,8.083,774.53658,774.54431,9.980061695938044,C45H78NO7P,CCCCCCCCC=CCCCCCCCC(=O)OC(COCCCC=CCC=CCC=CCC=CCC=CCC=CCC)COP(=O)(O)OCCN,[M-H]-,PE O-22:6_18:1,"PE O-22:6(4,7,10,13,16,19)_18:1(9)",0.21466666666666626,0.6095016666666595,0.004231657735056058,0.004231657735056058,Some,Some,0.0,0.0,0.0,0.0,0.0,0.0,0.0,0.0,0.0,,0.0,0.0,0.0,0.0,0.0,0.0,0.0,0.0
9086,8.083,774.53658,774.54431,9.980061695938044,C45H78NO7P,CCCCCCCCCCCC=CCCCCC(=O)OC(COCCCC=CCC=CCC=CCC=CCC=CCC=CCC)COP(=O)(O)OCCN,[M-H]-,PE O-22:6_18:1,"PE O-22:6(4,7,10,13,16,19)_18:1(6)",0.1389999999999998,0.6625099999999975,0.0042315847737016965,0.0042315847737016965,Some,Some,0.0,0.0,0.0,0.0,0.0,0.0,0.0,0.0,0.0,,0.0,0.0,0.0,0.0,0.0,0.0,0.0,0.0
9086,8.083,774.53658,774.54431,9.980061695938044,C45H78NO7P,CCCCCCC=CCCCCCCCCCC(=O)OC(COCCCC=CCC=CCC=CCC=CCC=CCC=CCC)COP(=O)(O)OCCN,[M-H]-,PE O-22:6_18:1,"PE O-22:6(4,7,10,13,16,19)_18:1(11)",0.21271428571428533,0.5774292857142639,0.0036274040530157605,0.0036274040530157605,All,Some,0.0,0.0,0.0,0.0,0.0,0.0,0.0,0.0,0.0,,0.0,0.0,0.0,0.0,0.0,0.0,0.0,0.0
9262,8.131,861.54975,861.54985,0.11606989424337773,C45H83O13P,CCCCCC=CCC=CCCCCCCCCCC(=O)OC(COC(=O)CCCCCCCCCCCCCCC)COP(=O)(O)OC1C(O)C(O)C(O)C(O)C1O,[M-H]-,PI 16:0_20:2,"PI 16:0_20:2(11,14)",0.578,0.38908666666660946,0.005107946387545098,0.005107946387545098,All,All,0.0,0.0,,0.0,0.0,0.0,0.0,0.0,0.0,,0.0,,0.0,0.0,0.0,0.0,0.0,0.0
9300,8.141,889.58096,889.58115,0.21358366235058315,C47H87O13P,CCCCCC=CCC=CCCCCCCCCCC(=O)OC(COC(=O)CCCCCCCCCCCCCCCCC)COP(=O)(O)OC1C(O)C(O)C(O)C(O)C1O,[M-H]-,PI 18:0_20:2,"PI 18:0_20:2(11,14)",0.5979999999999999,0.6826700000000301,0.00022952570613149514,0.00022952570613149514,All,All,,224000.0,0.0,0.0,179000.0,179000.0,219000.0,225000.0,183000.0,,0.0,0.0,0.0,296000.0,186000.0,254000.0,265000.0,244000.0
9299,8.141,891.58733,891.5968,10.62139298848815,C47H89O13P,CCCCCCCCC=CCCCCCCCCCCCCCCCC(=O)OC(COC(=O)CCCCCCCCCCC)COP(=O)(O)OC1C(O)C(O)C(O)C(O)C1O,[M-H]-,PI 12:0_26:1,PI 12:0_26:1(17),0.4919999999999991,0.5027600000000234,0.0007665747192355724,0.0007665747192355724,All,All,,,20100.0,0.0,,,,,,,0.0,0.0,,,0.0,,,
9408,8.169,887.56475,887.5655,0.8450080586042475,C47H85O13P,CCCCCC=CCC=CCCCCCCCCCC(=O)OC(COC(=O)CCCCCCCC=CCCCCCCCC)COP(=O)(O)OC1C(O)C(O)C(O)C(O)C1O,[M-H]-,PI 18:1_20:2,"PI 18:1(9)_20:2(11,14)",0.4946666666666655,0.8486533333333455,0.006386525198720734,0.006386525198720734,Some,Some,,0.0,0.0,0.0,0.0,0.0,0.0,0.0,0.0,0.0,0.0,0.0,0.0,0.0,0.0,0.0,0.0,0.0
9408,8.169,887.56475,887.5655,0.8450080586042475,C47H85O13P,CCCCCC=CCC=CCCCCCCCCCC(=O)OC(COC(=O)CCCCC=CCCCCCCCCCCC)COP(=O)(O)OC1C(O)C(O)C(O)C(O)C1O,[M-H]-,PI 18:1_20:2,"PI 18:1(6)_20:2(11,14)",0.5664999999999996,0.5238374999999849,0.004213595882335111,0.004213595882335111,All,All,,0.0,0.0,0.0,0.0,0.0,0.0,0.0,0.0,0.0,0.0,0.0,0.0,0.0,0.0,0.0,0.0,0.0
9408,8.169,887.56475,887.5655,0.8450080586042475,C47H85O13P,CCCCCC=CCC=CCCCCCCCCCC(=O)OC(COC(=O)CCCCCCCCCC=CCCCCCC)COP(=O)(O)OC1C(O)C(O)C(O)C(O)C1O,[M-H]-,PI 18:1_20:2,"PI 18:1(11)_20:2(11,14)",0.49919999999999976,0.45482999999999263,0.0034039121246406735,0.0034039121246406735,All,All,,0.0,0.0,0.0,0.0,0.0,0.0,0.0,0.0,1390000.0,0.0,0.0,0.0,0.0,0.0,0.0,0.0,0.0
9409,8.169,911.56514,911.5655,0.39492499441958046,C49H85O13P,CCC=CCC=CCC=CCC=CCC=CCCCCCC(=O)OC(COC(=O)CCCCCCCCCCCCCCCCC)COP(=O)(O)OC1C(O)C(O)C(O)C(O)C1O,[M-H]-,PI 18:0_22:5,"PI 18:0_22:5(7,10,13,16,19)",0.45159999999999967,0.38825899999995955,0.0017758631217637151,0.0017758631217637151,All,Some,19896.372523797272,0.0,0.0,0.0,0.0,0.0,0.0,0.0,0.0,29122.21506761108,0.0,0.0,0.0,0.0,0.0,0.0,0.0,0.0
9409,8.169,911.56514,911.5655,0.39492499441958046,C49H85O13P,CCCCCC=CCC=CCC=CCC=CCC=CCCC(=O)OC(COC(=O)CCCCCCCCCCCCCCCCC)COP(=O)(O)OC1C(O)C(O)C(O)C(O)C1O,[M-H]-,PI 18:0_22:5,"PI 18:0_22:5(4,7,10,13,16)",0.5956842105263166,0.41951473684208085,0.0002873174291941791,0.0002873174291941791,All,Some,3703.6274762027265,0.0,0.0,0.0,0.0,0.0,0.0,0.0,0.0,44777.78493238893,0.0,0.0,0.0,0.0,0.0,0.0,0.0,0.0
9608,8.242,775.55091,775.54946,1.8696422019180667,C42H81O10P,CCCCCCC=CCCCCCCCCCC(=O)OC(COC(=O)CCCCCCCCCCCCCCCCC)COP(=O)(O)OCC(O)CO,[M-H]-,PG 18:0_18:1,PG 18:0_18:1(11),0.2619999999999978,0.5295150000000035,0.0014733749345222876,0.0014733749345222876,All,All,,0.0,0.0,0.0,0.0,0.0,0.0,0.0,,,0.0,0.0,0.0,0.0,0.0,0.0,0.0,0.0
9854,8.302,913.58063,913.58115,0.5691886264703266,C49H87O13P,CCCCCCCCC=CCC=CCC=CCCCCCC(=O)OC(COC(=O)CCCCCCCC=CCCCCCCCC)COP(=O)(O)OC1C(O)C(O)C(O)C(O)C1O,[M-H]-,PI 18:1_22:3,"PI 18:1(9)_22:3(7,10,13)",0.47950000000000115,0.2475774999999487,0.0004214496579964776,0.0004214496579964776,Some,Some,8193.060200668895,0.0,0.0,0.0,,0.0,0.0,0.0,0.0,0.0,0.0,0.0,0.0,0.0,0.0,0.0,,0.0
9854,8.302,913.58063,913.58115,0.5691886264703266,C49H87O13P,CCCCCCCCC=CCC=CCC=CCCCCCC(=O)OC(COC(=O)CCCCC=CCCCCCCCCCCC)COP(=O)(O)OC1C(O)C(O)C(O)C(O)C1O,[M-H]-,PI 18:1_22:3,"PI 18:1(6)_22:3(7,10,13)",0.446,0.41698333333332965,0.0004031706457135126,0.0004031706457135126,Some,Some,20313.879598662206,0.0,0.0,0.0,,0.0,0.0,0.0,0.0,0.0,0.0,0.0,0.0,0.0,0.0,0.0,,0.0
9854,8.302,913.58063,913.58115,0.5691886264703266,C49H87O13P,CCCCCCCCC=CCC=CCC=CCCCCCC(=O)OC(COC(=O)CCCCCCCCCC=CCCCCCC)COP(=O)(O)OC1C(O)C(O)C(O)C(O)C1O,[M-H]-,PI 18:1_22:3,"PI 18:1(11)_22:3(7,10,13)",0.3900000000000008,0.4505312500000258,0.00038753603449726584,0.00038753603449726584,All,All,8193.060200668895,0.0,0.0,0.0,,0.0,0.0,0.0,0.0,0.0,0.0,0.0,0.0,0.0,0.0,0.0,,0.0
9910,8.314,762.507,762.50793,1.2196594467409663,C43H74NO8P,CCC=CCC=CCC=CCC=CCC=CCC=CCCC(=O)OC(COC(=O)CCCCCCCCCCCCCCC)COP(=O)(O)OCCN,[M-H]-,PE 16:0_22:6,"PE 16:0_22:6(4,7,10,13,16,19)",0.4319999999999999,0.4732436363636597,0.016115384024865134,0.016115384024865134,All,Some,,0.0,0.0,0.0,0.0,0.0,0.0,0.0,0.0,,0.0,0.0,0.0,0.0,308000.0,0.0,0.0,0.0
9956,8.32,801.56722,801.56511,2.6323501031825645,C44H83O10P,CCCCCCCCC=CCCCCCCCCCC(=O)OC(COC(=O)CCCCCCCCCC=CCCCCCC)COP(=O)(O)OCC(O)CO,[M-H]-,PG 18:1_20:1,PG 18:1(11)_20:1(11),0.12799999999999953,0.6485800000000003,0.0,0.0,All,Some,0.0,0.0,0.0,0.0,0.0,0.0,,,0.0,12500.0,0.0,0.0,0.0,0.0,0.0,0.0,0.0,
9962,8.321,712.49122,712.49228,1.487735418062693,C39H72NO8P,CCCCCCCCC=CCC=CCCCCC(=O)OC(COC(=O)CCCCCC=CCCCCCCCC)COP(=O)(O)OCCN,[M-H]-,PE 16:1_18:2,"PE 16:1(7)_18:2(6,9)",0.39199999999999946,0.8521800000000894,0.005870854927494723,0.005870854927494723,Some,Some,0.0,3147.943722943723,0.0,0.0,0.0,0.0,3053.8421509106674,0.0,0.0,0.0,0.0,0.0,0.0,0.0,0.0,0.0,0.0,0.0
9962,8.321,712.49122,712.49228,1.487735418062693,C39H72NO8P,CCCCCCCCC=CCC=CCCCCC(=O)OC(COC(=O)CCCCC=CCCCCCCCCC)COP(=O)(O)OCCN,[M-H]-,PE 16:1_18:2,"PE 16:1(6)_18:2(6,9)",0.3916666666666666,0.745146666666661,0.003583422239450766,0.003583422239450766,All,Some,0.0,542.7489177489178,0.0,0.0,0.0,0.0,475.24718126626186,0.0,0.0,0.0,0.0,0.0,0.0,0.0,0.0,0.0,0.0,0.0
9962,8.321,712.49122,712.49228,1.487735418062693,C39H72NO8P,CCCCCC=CCC=CCCCCCCCC(=O)OC(COC(=O)CCCCC=CCCCCCCCCC)COP(=O)(O)OCCN,[M-H]-,PE 16:1_18:2,"PE 16:1(6)_18:2(9,12)",0.3820000000000003,0.7841899999999479,0.0033982908301286286,0.0033982908301286286,All,Some,0.0,3147.943722943723,0.0,0.0,0.0,0.0,2807.9791847354722,0.0,0.0,0.0,0.0,0.0,0.0,0.0,0.0,0.0,0.0,0.0
9962,8.321,712.49122,712.49228,1.487735418062693,C39H72NO8P,CCCCCC=CCC=CCCCCCCCC(=O)OC(COC(=O)CCCCCC=CCCCCCCCC)COP(=O)(O)OCCN,[M-H]-,PE 16:1_18:2,"PE 16:1(7)_18:2(9,12)",0.28900000000000015,0.725044999999966,0.0024394263659016286,0.0024394263659016286,Some,Some,0.0,0.0,0.0,0.0,0.0,0.0,245.8629661751951,0.0,0.0,0.0,0.0,0.0,0.0,0.0,0.0,0.0,0.0,0.0
9962,8.321,712.49122,712.49228,1.487735418062693,C39H72NO8P,CCCCCCCCC=CCC=CCCCCC(=O)OC(COC(=O)CCCCCCCC=CCCCCCC)COP(=O)(O)OCCN,[M-H]-,PE 16:1_18:2,"PE 16:1(9)_18:2(6,9)",0.3379999999999999,0.5452920000000404,0.002348341970997889,0.002348341970997889,All,Some,0.0,3783.2792207792204,0.0,0.0,0.0,0.0,3697.831743278404,0.0,0.0,0.0,0.0,0.0,0.0,0.0,0.0,0.0,0.0,0.0
9962,8.321,712.49122,712.49228,1.487735418062693,C39H72NO8P,CCCCCC=CCC=CCCCCCCCC(=O)OC(COC(=O)CCCCCCCC=CCCCCCC)COP(=O)(O)OCCN,[M-H]-,PE 16:1_18:2,"PE 16:1(9)_18:2(9,12)",0.3264000000000003,0.5921439999999848,0.0021261842798113244,0.0021261842798113244,All,Some,0.0,1178.0844155844156,0.0,0.0,0.0,0.0,1119.2367736339982,0.0,0.0,0.0,0.0,0.0,0.0,0.0,0.0,0.0,0.0,0.0
9967,8.325,834.52708,834.52906,2.3725956289685124,C46H78NO10P,CCC=CCC=CCC=CCC=CCC=CCC=CCCC(=O)OC(COC(=O)CCCCCCCCCCCCCCCCC)COP(=O)(O)OCC(N)C(=O)O,[M-H]-,PS 18:0_22:6,"PS 18:0_22:6(4,7,10,13,16,19)",0.15350000000000152,0.45966500000004373,0.0004890132823545031,0.0004890132823545031,All,Some,0.0,0.0,0.0,0.0,0.0,0.0,7840.0,0.0,10000.0,,0.0,0.0,0.0,0.0,0.0,0.0,0.0,0.0
9973,8.328,915.59518,915.5968,1.7693377696411994,C49H89O13P,CCCCCCCCC=CCC=CCC=CCCCCCC(=O)OC(COC(=O)CCCCCCCCCCCCCCCCC)COP(=O)(O)OC1C(O)C(O)C(O)C(O)C1O,[M-H]-,PI 18:0_22:3,"PI 18:0_22:3(7,10,13)",0.6590000000000004,0.43079499999997023,9.567985334447828e-06,9.567985334447828e-06,All,Some,0.0,21500.0,0.0,,18100.0,0.0,21700.0,0.0,17600.0,0.0,0.0,0.0,16200.0,0.0,0.0,0.0,18400.0,12800.0
10193,8.386,762.50673,762.50793,1.5737541248126246,C43H74NO8P,CCC=CCC=CCC=CCC=CCC=CCC=CCCC(=O)OC(COC(=O)CCCCCCCCCCCCCCC)COP(=O)(O)OCCN,[M-H]-,PE 16:0_22:6,"PE 16:0_22:6(4,7,10,13,16,19)",0.5492727272727287,0.5884900000000305,0.02012927226756522,0.02012927226756522,All,Some,,126000.0,232000.0,264000.0,144000.0,119000.0,127000.0,399000.0,114000.0,0.0,273000.0,261000.0,393000.0,401000.0,0.0,373000.0,408000.0,360000.0
10231,8.394,803.57967,803.58076,1.3564286931038336,C44H85O10P,CCCCCCC=CCCCCCCCCCC(=O)OC(COC(=O)CCCCCCCCCCCCCCCCCCC)COP(=O)(O)OCC(O)CO,[M-H]-,PG 20:0_18:1,PG 20:0_18:1(11),0.43100000000000094,0.49865999999997257,1.4754991168833688e-06,1.4754991168833688e-06,All,All,15600.0,0.0,0.0,0.0,,,,0.0,,,0.0,0.0,0.0,0.0,0.0,0.0,0.0,0.0
10231,8.394,803.57967,803.58076,1.3564286931038336,C44H85O10P,CCCCCCCCC=CCCCCCCCC(=O)OC(COC(=O)CCCCCCCCCCCCCCCCCCC)COP(=O)(O)OCC(O)CO,[M-H]-,PG 20:0_18:1,PG 20:0_18:1(9),0.17999999999999883,0.933954999999969,4.211444416120977e-07,4.211444416120977e-07,All,Some,0.0,0.0,0.0,0.0,,,,0.0,,,0.0,0.0,0.0,0.0,0.0,0.0,0.0,0.0
10325,8.41,750.53953,750.54431,6.368711262340347,C43H78NO7P,CCCCCCCCCCCC=CCCCCC(=O)OC(COCCCCCCCC=CCC=CCC=CCC=CCC)COP(=O)(O)OCCN,[M-H]-,PE O-20:4_18:1,"PE O-20:4(8,11,14,17)_18:1(6)",0.3251428571428566,0.6878157142857292,0.0011958429123181957,0.0011958429123181957,Some,Some,0.0,0.0,0.0,0.0,0.0,0.0,0.0,0.0,0.0,0.0,0.0,0.0,0.0,0.0,0.0,0.0,0.0,0.0
10325,8.41,750.53953,750.54431,6.368711262340347,C43H78NO7P,CCCCCCCCC=CCCCCCCCC(=O)OC(COCCCCCCCC=CCC=CCC=CCC=CCC)COP(=O)(O)OCCN,[M-H]-,PE O-20:4_18:1,"PE O-20:4(8,11,14,17)_18:1(9)",0.20825000000000005,0.6042374999999964,0.0010463625482784213,0.0010463625482784213,Some,Some,0.0,0.0,0.0,0.0,0.0,0.0,0.0,0.0,0.0,0.0,0.0,0.0,0.0,0.0,0.0,0.0,0.0,0.0
10325,8.41,750.53953,750.54431,6.368711262340347,C43H78NO7P,CCCCCCCCCCCC=CCCCCC(=O)OC(COCCCCC=CCC=CCC=CCC=CCCCCC)COP(=O)(O)OCCN,[M-H]-,PE O-20:4_18:1,"PE O-20:4(5,8,11,14)_18:1(6)",0.48249999999999993,0.564888750000037,0.0009315113542210672,0.0009315113542210672,Some,Some,15851.830246463469,0.0,0.0,0.0,0.0,0.0,0.0,0.0,0.0,0.0,0.0,0.0,0.0,0.0,0.0,0.0,0.0,0.0
10325,8.41,750.53953,750.54431,6.368711262340347,C43H78NO7P,CCCCCCCCC=CCCCCCCCC(=O)OC(COCCCCC=CCC=CCC=CCC=CCCCCC)COP(=O)(O)OCCN,[M-H]-,PE O-20:4_18:1,"PE O-20:4(5,8,11,14)_18:1(9)",0.3832500000000003,0.5656762500000241,0.0009315113542210672,0.0009315113542210672,Some,Some,101432.11316902438,0.0,0.0,0.0,0.0,0.0,0.0,0.0,0.0,0.0,0.0,0.0,0.0,0.0,0.0,0.0,0.0,0.0
10325,8.41,750.53953,750.54431,6.368711262340347,C43H78NO7P,CCCCCCC=CCCCCCCCCCC(=O)OC(COCCCCCCCC=CCC=CCC=CCC=CCC)COP(=O)(O)OCCN,[M-H]-,PE O-20:4_18:1,"PE O-20:4(8,11,14,17)_18:1(11)",0.23533333333333337,0.5543799999999995,0.0009301000429141523,0.0009301000429141523,All,Some,101432.11316902438,0.0,0.0,0.0,0.0,0.0,0.0,0.0,0.0,0.0,0.0,0.0,0.0,0.0,0.0,0.0,0.0,0.0
10325,8.41,750.53953,750.54431,6.368711262340347,C43H78NO7P,CCCCCCC=CCCCCCCCCCC(=O)OC(COCCCCC=CCC=CCC=CCC=CCCCCC)COP(=O)(O)OCCN,[M-H]-,PE O-20:4_18:1,"PE O-20:4(5,8,11,14)_18:1(11)",0.3622000000000002,0.5728960000000143,0.0007452090833768537,0.0007452090833768537,All,Some,117283.94341548783,0.0,0.0,0.0,0.0,0.0,0.0,0.0,0.0,0.0,0.0,0.0,0.0,0.0,0.0,0.0,0.0,0.0
10448,8.428,788.52244,788.52358,1.4457398979465323,C45H76NO8P,CCC=CCC=CCC=CCC=CCC=CCC=CCCC(=O)OC(COC(=O)CCCCCCCC=CCCCCCCCC)COP(=O)(O)OCCN,[M-H]-,PE 18:1_22:6,"PE 18:1(9)_22:6(4,7,10,13,16,19)",0.40683333333333377,0.5348941666666747,0.011088954664633312,0.011088954664633312,Some,Some,0.0,0.0,85733.51340536216,81944.17475728155,0.0,0.0,0.0,0.0,0.0,0.0,90293.37792078234,96726.18596544408,0.0,0.0,126648.20331975438,0.0,0.0,0.0
10448,8.428,788.52244,788.52358,1.4457398979465323,C45H76NO8P,CCC=CCC=CCC=CCC=CCC=CCC=CCCC(=O)OC(COC(=O)CCCCC=CCCCCCCCCCCC)COP(=O)(O)OCCN,[M-H]-,PE 18:1_22:6,"PE 18:1(6)_22:6(4,7,10,13,16,19)",0.40983333333333327,0.4945766666666695,0.01108834856046752,0.01108834856046752,Some,Some,0.0,0.0,85532.97318927571,81111.65048543688,0.0,0.0,0.0,0.0,0.0,0.0,89413.24415843532,97547.62806911186,0.0,0.0,102725.98852880971,0.0,0.0,0.0
10448,8.428,788.52244,788.52358,1.4457398979465323,C45H76NO8P,CCC=CCC=CCC=CCC=CCC=CCC=CCCC(=O)OC(COC(=O)CCCCCCCCCC=CCCCCCC)COP(=O)(O)OCCN,[M-H]-,PE 18:1_22:6,"PE 18:1(11)_22:6(4,7,10,13,16,19)",0.3321428571428573,0.531757857142858,0.00959448293258843,0.00959448293258843,All,Some,0.0,0.0,85733.51340536216,81944.17475728155,0.0,0.0,0.0,0.0,0.0,0.0,90293.37792078234,96726.18596544408,0.0,0.0,101625.80815143592,0.0,0.0,0.0
10713,8.48,801.56638,801.56511,1.5844002990309667,C44H83O10P,CCCCCCC=CCCCCCCCCCCCC(=O)OC(COC(=O)CCCCC=CCCCCCCCCCCC)COP(=O)(O)OCC(O)CO,[M-H]-,PG 18:1_20:1,PG 18:1(6)_20:1(13),0.17933333333333343,0.37805666666671794,0.0005052300617276166,0.0005052300617276166,All,Some,0.0,0.0,0.0,0.0,0.0,0.0,0.0,0.0,0.0,,0.0,0.0,0.0,0.0,0.0,0.0,0.0,0.0
10713,8.48,801.56638,801.56511,1.5844002990309667,C44H83O10P,CCCCCCCCC=CCCCCCCCCCC(=O)OC(COC(=O)CCCCC=CCCCCCCCCCCC)COP(=O)(O)OCC(O)CO,[M-H]-,PG 18:1_20:1,PG 18:1(6)_20:1(11),0.13149999999999906,0.2911575000000255,0.00037892254629571246,0.00037892254629571246,All,Some,0.0,0.0,0.0,0.0,0.0,0.0,0.0,0.0,0.0,,0.0,0.0,0.0,0.0,0.0,0.0,0.0,0.0
10743,8.485,887.56504,887.5655,0.5182716093507092,C47H85O13P,CCCCCC=CCC=CCC=CCCCCCCC(=O)OC(COC(=O)CCCCCCCCCCCCCCCCC)COP(=O)(O)OC1C(O)C(O)C(O)C(O)C1O,[M-H]-,PI 18:0_20:3,"PI 18:0_20:3(8,11,14)",0.44679999999999964,0.46404799999997975,0.0033431394170026544,0.0033431394170026544,All,All,63731.32790769548,0.0,0.0,0.0,0.0,0.0,0.0,0.0,0.0,0.0,0.0,0.0,0.0,0.0,0.0,0.0,0.0,0.0
10743,8.485,887.56504,887.5655,0.5182716093507092,C47H85O13P,CCC=CCC=CCC=CCCCCCCCCCC(=O)OC(COC(=O)CCCCCCCCCCCCCCCCC)COP(=O)(O)OC1C(O)C(O)C(O)C(O)C1O,[M-H]-,PI 18:0_20:3,"PI 18:0_20:3(11,14,17)",0.5652000000000001,0.5700900000000274,0.00046641262533930766,0.00046641262533930766,All,All,1456268.6720923046,0.0,0.0,0.0,0.0,0.0,0.0,0.0,0.0,1970000.0,0.0,0.0,0.0,0.0,0.0,0.0,0.0,0.0
10743,8.485,887.56504,887.5655,0.5182716093507092,C47H85O13P,CCCCCCCCC=CCC=CCC=CCCCC(=O)OC(COC(=O)CCCCCCCCCCCCCCCCC)COP(=O)(O)OC1C(O)C(O)C(O)C(O)C1O,[M-H]-,PI 18:0_20:3,"PI 18:0_20:3(5,8,11)",0.5056000000000005,0.5727860000000191,0.0004559974913487507,0.0004559974913487507,All,Some,0.0,0.0,0.0,0.0,0.0,0.0,0.0,0.0,0.0,0.0,0.0,0.0,0.0,0.0,0.0,0.0,0.0,0.0
10813,8.501,913.5805,913.58115,0.7114857831190184,C49H87O13P,CCCCCCCCC=CCC=CCC=CCCCCCC(=O)OC(COC(=O)CCCCC=CCCCCCCCCCCC)COP(=O)(O)OC1C(O)C(O)C(O)C(O)C1O,[M-H]-,PI 18:1_22:3,"PI 18:1(6)_22:3(7,10,13)",0.621333333333333,0.4170083333333423,0.0003783524588021916,0.0003783524588021916,Some,Some,0.0,0.0,0.0,0.0,,0.0,,0.0,,57948.71794871794,0.0,0.0,0.0,0.0,0.0,0.0,0.0,0.0
10813,8.501,913.5805,913.58115,0.7114857831190184,C49H87O13P,CCCCCCCCC=CCC=CCC=CCCCCCC(=O)OC(COC(=O)CCCCCCCC=CCCCCCCCC)COP(=O)(O)OC1C(O)C(O)C(O)C(O)C1O,[M-H]-,PI 18:1_22:3,"PI 18:1(9)_22:3(7,10,13)",0.47250000000000014,0.3865549999999871,0.0003670493541855752,0.0003670493541855752,Some,Some,46000.0,0.0,0.0,0.0,,0.0,,0.0,,162051.28205128206,0.0,0.0,0.0,0.0,0.0,0.0,0.0,0.0
10813,8.501,913.5805,913.58115,0.7114857831190184,C49H87O13P,CCCCCCCCC=CCC=CCC=CCCCCCC(=O)OC(COC(=O)CCCCCCCCCC=CCCCCCC)COP(=O)(O)OC1C(O)C(O)C(O)C(O)C1O,[M-H]-,PI 18:1_22:3,"PI 18:1(11)_22:3(7,10,13)",0.38375000000000004,0.44548624999998765,0.000289112162470075,0.000289112162470075,All,All,0.0,0.0,0.0,0.0,,0.0,,0.0,,0.0,0.0,0.0,0.0,0.0,0.0,0.0,0.0,0.0
10937,8.527,750.53994,750.54431,5.822441049475724,C43H78NO7P,CCCCCCCCCCCC=CCCCCC(=O)OC(COCCCCCCCC=CCC=CCC=CCC=CCC)COP(=O)(O)OCCN,[M-H]-,PE O-20:4_18:1,"PE O-20:4(8,11,14,17)_18:1(6)",0.4297142857142856,0.6950014285713938,0.0011300598769022104,0.0011300598769022104,Some,Some,0.0,0.0,0.0,0.0,0.0,0.0,0.0,0.0,0.0,0.0,0.0,0.0,0.0,0.0,0.0,0.0,0.0,0.0
10937,8.527,750.53994,750.54431,5.822441049475724,C43H78NO7P,CCCCCCCCC=CCCCCCCCC(=O)OC(COCCCCCCCC=CCC=CCC=CCC=CCC)COP(=O)(O)OCCN,[M-H]-,PE O-20:4_18:1,"PE O-20:4(8,11,14,17)_18:1(9)",0.2400000000000002,0.8421762499999801,0.0009888023922894342,0.0009888023922894342,Some,Some,0.0,0.0,0.0,0.0,0.0,0.0,0.0,0.0,0.0,0.0,0.0,0.0,0.0,0.0,0.0,0.0,0.0,0.0
10937,8.527,750.53994,750.54431,5.822441049475724,C43H78NO7P,CCCCCCC=CCCCCCCCCCC(=O)OC(COCCCCCCCC=CCC=CCC=CCC=CCC)COP(=O)(O)OCCN,[M-H]-,PE O-20:4_18:1,"PE O-20:4(8,11,14,17)_18:1(11)",0.22088888888888963,0.7554644444444167,0.0008789354598128305,0.0008789354598128305,All,Some,0.0,0.0,0.0,0.0,0.0,0.0,0.0,0.0,0.0,0.0,0.0,0.0,0.0,0.0,0.0,0.0,0.0,0.0
10937,8.527,750.53994,750.54431,5.822441049475724,C43H78NO7P,CCCCCCCCCCCC=CCCCCC(=O)OC(COCCCCC=CCC=CCC=CCC=CCCCCC)COP(=O)(O)OCCN,[M-H]-,PE O-20:4_18:1,"PE O-20:4(5,8,11,14)_18:1(6)",0.5972499999999998,0.5828462500000029,0.0006723778628348967,0.0006723778628348967,Some,Some,0.0,0.0,0.0,0.0,0.0,0.0,0.0,0.0,0.0,332000.0,0.0,0.0,0.0,0.0,0.0,0.0,0.0,0.0
10937,8.527,750.53994,750.54431,5.822441049475724,C43H78NO7P,CCCCCCCCC=CCCCCCCCC(=O)OC(COCCCCC=CCC=CCC=CCC=CCCCCC)COP(=O)(O)OCCN,[M-H]-,PE O-20:4_18:1,"PE O-20:4(5,8,11,14)_18:1(9)",0.46125000000000016,0.6958750000000009,0.0006723778628348967,0.0006723778628348967,Some,Some,0.0,0.0,0.0,0.0,0.0,0.0,0.0,0.0,0.0,0.0,0.0,0.0,0.0,0.0,0.0,0.0,0.0,0.0
10937,8.527,750.53994,750.54431,5.822441049475724,C43H78NO7P,CCCCCCC=CCCCCCCCCCC(=O)OC(COCCCCC=CCC=CCC=CCC=CCCCCC)COP(=O)(O)OCCN,[M-H]-,PE O-20:4_18:1,"PE O-20:4(5,8,11,14)_18:1(11)",0.37280000000000085,0.6683629999999994,0.0005379022902679174,0.0005379022902679174,All,Some,0.0,0.0,0.0,0.0,0.0,0.0,0.0,0.0,0.0,332000.0,0.0,0.0,0.0,0.0,0.0,0.0,0.0,0.0
10951,8.53,788.52222,788.52358,1.7247423343898252,C45H76NO8P,CCC=CCC=CCC=CCC=CCC=CCC=CCCC(=O)OC(COC(=O)CCCCCCCC=CCCCCCCCC)COP(=O)(O)OCCN,[M-H]-,PE 18:1_22:6,"PE 18:1(9)_22:6(4,7,10,13,16,19)",0.5400000000000004,0.6019433333333476,0.013530847854482555,0.013530847854482555,Some,Some,,115570.38391224862,0.0,0.0,143857.86837835933,105228.76902797089,110314.17030930117,239218.64063363418,101086.81777268637,0.0,0.0,0.0,246508.44051446943,243499.95720277325,0.0,226811.91760666994,236322.9433813376,229142.18578142184
10951,8.53,788.52222,788.52358,1.7247423343898252,C45H76NO8P,CCC=CCC=CCC=CCC=CCC=CCC=CCCC(=O)OC(COC(=O)CCCCC=CCCCCCCCCCCC)COP(=O)(O)OCCN,[M-H]-,PE 18:1_22:6,"PE 18:1(6)_22:6(4,7,10,13,16,19)",0.5418333333333338,0.5600041666666868,0.01352757756664384,0.01352757756664384,Some,Some,,57714.80804387569,0.0,0.0,72571.06581082034,55385.615486014554,58842.91484534942,87390.6796831829,52456.591113656825,0.0,0.0,0.0,92245.77974276527,95658.05015834974,0.0,86094.04119666503,91338.52830933122,80928.90710928907
10951,8.53,788.52222,788.52358,1.7247423343898252,C45H76NO8P,CCC=CCC=CCC=CCC=CCC=CCC=CCCC(=O)OC(COC(=O)CCCCCCCCCC=CCCCCCC)COP(=O)(O)OCCN,[M-H]-,PE 18:1_22:6,"PE 18:1(11)_22:6(4,7,10,13,16,19)",0.5147142857142859,0.522610714285731,0.011661633133418373,0.011661633133418373,All,Some,,57714.80804387569,0.0,0.0,72571.06581082034,55385.615486014554,58842.91484534942,87390.6796831829,52456.591113656825,0.0,0.0,0.0,92245.77974276527,93841.99263887701,0.0,86094.04119666503,91338.52830933122,80928.90710928907
10978,8.537,736.49124,736.49228,1.4120989837160771,C41H72NO8P,CCC=CCC=CCC=CCC=CCC=CCCCC(=O)OC(COC(=O)CCCCCCCCCCCCCCC)COP(=O)(O)OCCN,[M-H]-,PE 16:0_20:5,"PE 16:0_20:5(5,8,11,14,17)",0.3797999999999998,0.7403770000000008,0.0014051549443019136,0.0014051549443019136,All,Some,60200.0,0.0,0.0,0.0,0.0,0.0,0.0,0.0,0.0,0.0,0.0,0.0,0.0,0.0,0.0,0.0,0.0,0.0
11103,8.559,817.50167,817.50251,1.027519780996457,C46H75O10P,CCC=CCC=CCC=CCC=CCC=CCC=CCCC(=O)OC(COC(=O)CCCCCCCC=CCC=CCCCCC)COP(=O)(O)OCC(O)CO,[M-H]-,PG 18:2_22:6,"PG 18:2(9,12)_22:6(4,7,10,13,16,19)",0.35290909090909006,0.513859090909095,0.0020146158630791936,0.0020146158630791936,Some,Some,0.0,0.0,0.0,0.0,0.0,0.0,0.0,0.0,0.0,17575.027178133252,0.0,0.0,0.0,0.0,0.0,0.0,0.0,0.0
11103,8.559,817.50167,817.50251,1.027519780996457,C46H75O10P,CCC=CCC=CCC=CCC=CCC=CCC=CCCC(=O)OC(COC(=O)CCCCC=CCC=CCCCCCCCC)COP(=O)(O)OCC(O)CO,[M-H]-,PG 18:2_22:6,"PG 18:2(6,9)_22:6(4,7,10,13,16,19)",0.2843636363636364,0.43878636363635076,0.0015137249119761482,0.0015137249119761482,Some,Some,0.0,0.0,0.0,0.0,0.0,0.0,0.0,0.0,0.0,24824.972821866748,0.0,0.0,0.0,0.0,0.0,0.0,0.0,0.0
11463,8.655,778.571,778.57561,5.921069117432187,C45H82NO7P,CCCCCCCCCCCCCCCCCC(=O)OC(COCCCCCCC=CCC=CCC=CCC=CCC=CCC)COP(=O)(O)OCCN,[M-H]-,PE O-22:5_18:0,"PE O-22:5(7,10,13,16,19)_18:0",0.4050000000000007,0.6341062500000447,0.0017131048128400297,0.0017131048128400297,All,Some,0.0,20864.919354838712,3438.883769909175,0.0,20185.332182916307,17983.772241992887,22647.067342505426,11348.631029986962,25131.70731707317,0.0,0.0,0.0,11988.466757123473,12319.276356830942,0.0,13447.444298820445,11318.361955085866,10478.10734463277
11463,8.655,778.571,778.57561,5.921069117432187,C45H82NO7P,CCCCCCCCCCCCCCCCCC(=O)OC(COCCCC=CCC=CCC=CCC=CCC=CCCCCC)COP(=O)(O)OCCN,[M-H]-,PE O-22:5_18:0,"PE O-22:5(4,7,10,13,16)_18:0",0.471857142857143,0.6434121428571871,0.0005911624625361571,0.0005911624625361571,All,Some,0.0,18635.08064516129,31961.116230090825,0.0,20714.66781708369,20416.227758007113,17552.932657494566,7451.368970013036,18268.29268292683,0.0,0.0,0.0,8511.533242876527,8380.723643169058,0.0,9152.555701179555,6681.638044914134,8021.892655367231
11510,8.671,786.50504,786.50793,3.674470262466914,C45H74NO8P,CCC=CCC=CCC=CCC=CCC=CCC=CCCC(=O)OC(COC(=O)CCCCC=CCC=CCCCCCCCC)COP(=O)(O)OCCN,[M-H]-,PE 18:2_22:6,"PE 18:2(6,9)_22:6(4,7,10,13,16,19)",0.36650000000000027,0.5440075000000112,0.0015184819709870517,0.0015184819709870517,Some,Some,0.0,0.0,0.0,0.0,0.0,0.0,0.0,0.0,0.0,7553.683595461849,0.0,0.0,0.0,0.0,0.0,0.0,0.0,0.0
11510,8.671,786.50504,786.50793,3.674470262466914,C45H74NO8P,CCC=CCC=CCC=CCC=CCC=CCC=CCCC(=O)OC(COC(=O)CCCCCCCC=CCC=CCCCCC)COP(=O)(O)OCCN,[M-H]-,PE 18:2_22:6,"PE 18:2(9,12)_22:6(4,7,10,13,16,19)",0.3365000000000003,0.6204125000000053,0.0015184819709870517,0.0015184819709870517,Some,Some,0.0,0.0,0.0,0.0,0.0,0.0,0.0,0.0,0.0,7446.316404538151,0.0,0.0,0.0,0.0,0.0,0.0,0.0,0.0
11520,8.676,779.5189,779.52324,5.567505594774172,C44H77O9P,CCCCCCC=CCCCCCCCC(=O)OC(COCCCCCCC=CCC=CCC=CCC=CCC=CCC)COP(=O)(O)OCC(O)CO,[M-H]-,PG O-22:5_16:1,"PG O-22:5(7,10,13,16,19)_16:1(9)",0.40763636363636413,0.71026909090913,0.0040476473433992965,0.0040476473433992965,All,Some,130667.15108735143,0.0,0.0,0.0,0.0,0.0,0.0,0.0,0.0,282706.91017018125,0.0,0.0,0.0,0.0,0.0,0.0,0.0,0.0
11520,8.676,779.5189,779.52324,5.567505594774172,C44H77O9P,CCCCCCCCC=CCCCCCC(=O)OC(COCCCCCCC=CCC=CCC=CCC=CCC=CCC)COP(=O)(O)OCC(O)CO,[M-H]-,PG O-22:5_16:1,"PG O-22:5(7,10,13,16,19)_16:1(7)",0.3953333333333341,0.6650700000000269,0.003788878250337716,0.003788878250337716,Some,Some,0.0,0.0,0.0,0.0,0.0,0.0,0.0,0.0,0.0,215078.3886641615,0.0,0.0,0.0,0.0,0.0,0.0,0.0,0.0
11520,8.676,779.5189,779.52324,5.567505594774172,C44H77O9P,CCCCCCCCCC=CCCCCC(=O)OC(COCCCCCCC=CCC=CCC=CCC=CCC=CCC)COP(=O)(O)OCC(O)CO,[M-H]-,PG O-22:5_16:1,"PG O-22:5(7,10,13,16,19)_16:1(6)",0.3540000000000005,0.5705372727272995,0.003103365604128236,0.003103365604128236,All,Some,123998.54673794573,0.0,0.0,0.0,0.0,0.0,0.0,0.0,0.0,282706.91017018125,0.0,0.0,0.0,0.0,0.0,0.0,0.0,0.0
11520,8.676,779.5189,779.52324,5.567505594774172,C44H77O9P,CCCCCCC=CCCCCCCCC(=O)OC(COCCCC=CCC=CCC=CCC=CCC=CCCCCC)COP(=O)(O)OCC(O)CO,[M-H]-,PG O-22:5_16:1,"PG O-22:5(4,7,10,13,16)_16:1(9)",0.40274999999999994,0.45349624999995797,0.0013117730540138412,0.0013117730540138412,All,Some,3334.3021747028592,0.0,0.0,0.0,0.0,0.0,0.0,0.0,0.0,3502.596998492066,0.0,0.0,0.0,0.0,0.0,0.0,0.0,0.0
11520,8.676,779.5189,779.52324,5.567505594774172,C44H77O9P,CCCCCCCCCC=CCCCCC(=O)OC(COCCCC=CCC=CCC=CCC=CCC=CCCCCC)COP(=O)(O)OCC(O)CO,[M-H]-,PG O-22:5_16:1,"PG O-22:5(4,7,10,13,16)_16:1(6)",0.3467999999999999,0.2701806666666016,1.427804001720884e-05,1.427804001720884e-05,All,Some,0.0,0.0,0.0,0.0,0.0,0.0,0.0,0.0,0.0,3502.596998492066,0.0,0.0,0.0,0.0,0.0,0.0,0.0,0.0
11520,8.676,779.5189,779.52324,5.567505594774172,C44H77O9P,CCCCCCCCC=CCCCCCC(=O)OC(COCCCC=CCC=CCC=CCC=CCC=CCCCCC)COP(=O)(O)OCC(O)CO,[M-H]-,PG O-22:5_16:1,"PG O-22:5(4,7,10,13,16)_16:1(7)",0.32061538461538486,0.15965923076914107,1.2245984481279078e-05,1.2245984481279078e-05,Some,Some,0.0,0.0,0.0,0.0,0.0,0.0,0.0,0.0,0.0,3502.596998492066,0.0,0.0,0.0,0.0,0.0,0.0,0.0,0.0
11573,8.684,863.56536,863.5655,0.1621185653984492,C45H85O13P,CCCCCCCCC=CCCCCCCCC(=O)OC(COC(=O)CCCCCCCCCCCCCCCCC)COP(=O)(O)OC1C(O)C(O)C(O)C(O)C1O,[M-H]-,PI 18:0_18:1,PI 18:0_18:1(9),0.5070000000000014,0.21756999999990967,0.0014269475511270312,0.0014269475511270312,All,All,13448.007774538386,0.0,0.0,0.0,,,0.0,0.0,,0.0,0.0,0.0,0.0,0.0,0.0,,,0.0
11573,8.684,863.56536,863.5655,0.1621185653984492,C45H85O13P,CCCCCCC=CCCCCCCCCCC(=O)OC(COC(=O)CCCCCCCCCCCCCCCCC)COP(=O)(O)OC1C(O)C(O)C(O)C(O)C1O,[M-H]-,PI 18:0_18:1,PI 18:0_18:1(11),0.46199999999999974,0.840219999999988,0.0009699901915190841,0.0009699901915190841,All,All,88551.99222546162,0.0,0.0,0.0,,,0.0,0.0,,183000.0,0.0,0.0,0.0,0.0,0.0,,,0.0
11618,8.69,740.51685,740.52358,9.088164349960886,C41H76NO8P,CCCCCCCCC=CCC=CCC=CCCCC(=O)OC(COC(=O)CCCCCCCCCCCCCCC)COP(=O)(O)OCCN,[M-H]-,PE 16:0_20:3,"PE 16:0_20:3(5,8,11)",0.7223999999999989,0.715816000000018,0.002295820264047841,0.002295820264047841,All,Some,0.0,0.0,0.0,0.0,0.0,0.0,0.0,0.0,0.0,0.0,640.1212945051499,0.0,0.0,0.0,447.65733296368177,0.0,0.0,0.0
11618,8.69,740.51685,740.52358,9.088164349960886,C41H76NO8P,CCC=CCC=CCC=CCCCCCCCCCC(=O)OC(COC(=O)CCCCCCCCCCCCCCC)COP(=O)(O)OCCN,[M-H]-,PE 16:0_20:3,"PE 16:0_20:3(11,14,17)",0.3386666666666673,0.49627833333331256,0.0004027445422934569,0.0004027445422934569,All,Some,0.0,0.0,0.0,0.0,0.0,0.0,0.0,0.0,0.0,0.0,2349.076697861661,0.0,0.0,0.0,3478.3642916551153,0.0,0.0,0.0
11618,8.69,740.51685,740.52358,9.088164349960886,C41H76NO8P,CCCCCC=CCC=CCC=CCCCCCCC(=O)OC(COC(=O)CCCCCCCCCCCCCCC)COP(=O)(O)OCCN,[M-H]-,PE 16:0_20:3,"PE 16:0_20:3(8,11,14)",0.2135000000000007,0.7259624999999517,7.610808957904906e-07,7.610808957904906e-07,All,Some,0.0,0.0,0.0,0.0,0.0,0.0,0.0,0.0,0.0,0.0,2380.8020076331886,0.0,0.0,0.0,3303.978375381203,0.0,0.0,0.0
11812,8.729,712.49097,712.49228,1.8386164129429907,C39H72NO8P,CCCCCC=CCC=CCCCCCCCC(=O)OC(COC(=O)CCCCC=CCCCCCCCCC)COP(=O)(O)OCCN,[M-H]-,PE 16:1_18:2,"PE 16:1(6)_18:2(9,12)",0.4619999999999983,0.7405419999999368,0.005203587150463255,0.005203587150463255,All,Some,,0.0,0.0,0.0,0.0,0.0,0.0,0.0,0.0,0.0,0.0,0.0,0.0,0.0,0.0,0.0,0.0,0.0
11812,8.729,712.49097,712.49228,1.8386164129429907,C39H72NO8P,CCCCCC=CCC=CCCCCCCCC(=O)OC(COC(=O)CCCCCC=CCCCCCCCC)COP(=O)(O)OCCN,[M-H]-,PE 16:1_18:2,"PE 16:1(7)_18:2(9,12)",0.4089999999999989,0.7162249999999517,0.00357477697762118,0.00357477697762118,Some,Some,,0.0,0.0,0.0,0.0,0.0,0.0,0.0,0.0,0.0,0.0,0.0,0.0,0.0,0.0,0.0,0.0,0.0
11812,8.729,712.49097,712.49228,1.8386164129429907,C39H72NO8P,CCCCCC=CCC=CCCCCCCCC(=O)OC(COC(=O)CCCCCCCC=CCCCCCC)COP(=O)(O)OCCN,[M-H]-,PE 16:1_18:2,"PE 16:1(9)_18:2(9,12)",0.5664999999999987,0.49392999999994913,0.00357477697762118,0.00357477697762118,All,Some,,0.0,0.0,0.0,0.0,0.0,0.0,0.0,0.0,0.0,0.0,0.0,0.0,0.0,0.0,0.0,0.0,0.0
11812,8.729,712.49097,712.49228,1.8386164129429907,C39H72NO8P,CCCCCCCCC=CCC=CCCCCC(=O)OC(COC(=O)CCCCC=CCCCCCCCCC)COP(=O)(O)OCCN,[M-H]-,PE 16:1_18:2,"PE 16:1(6)_18:2(6,9)",0.2789999999999993,0.8778283333332979,0.0027580019758479406,0.0027580019758479406,All,Some,,0.0,0.0,0.0,0.0,0.0,0.0,0.0,0.0,0.0,0.0,0.0,0.0,0.0,0.0,0.0,0.0,0.0
11812,8.729,712.49097,712.49228,1.8386164129429907,C39H72NO8P,CCCCCCCCC=CCC=CCCCCC(=O)OC(COC(=O)CCCCCC=CCCCCCCCC)COP(=O)(O)OCCN,[M-H]-,PE 16:1_18:2,"PE 16:1(7)_18:2(6,9)",0.3229999999999986,0.8519300000000385,0.002414592006628045,0.002414592006628045,Some,Some,,0.0,0.0,0.0,0.0,0.0,0.0,0.0,0.0,0.0,0.0,0.0,0.0,0.0,0.0,0.0,0.0,0.0
11812,8.729,712.49097,712.49228,1.8386164129429907,C39H72NO8P,CCCCCCCCC=CCC=CCCCCC(=O)OC(COC(=O)CCCCCCCC=CCCCCCC)COP(=O)(O)OCCN,[M-H]-,PE 16:1_18:2,"PE 16:1(9)_18:2(6,9)",0.3259999999999998,0.7079959999999801,0.000965836802651218,0.000965836802651218,All,Some,,0.0,0.0,0.0,0.0,0.0,0.0,0.0,0.0,0.0,0.0,0.0,0.0,0.0,0.0,0.0,0.0,0.0
11845,8.735,776.55412,776.55996,7.520346529371288,C45H80NO7P,CCCCCCCCC=CCC=CCCCCC(=O)OC(COCCCCCCC=CCC=CCC=CCC=CCCCCC)COP(=O)(O)OCCN,[M-H]-,PE O-22:4_18:2,"PE O-22:4(7,10,13,16)_18:2(6,9)",0.6071428571428571,0.7636071428571702,0.001956660046664245,0.001956660046664245,Some,Some,0.0,0.0,0.0,0.0,0.0,0.0,0.0,0.0,0.0,15950.0,0.0,0.0,0.0,0.0,0.0,0.0,0.0,0.0
11845,8.735,776.55412,776.55996,7.520346529371288,C45H80NO7P,CCCCCC=CCC=CCCCCCCCC(=O)OC(COCCCCCCC=CCC=CCC=CCC=CCCCCC)COP(=O)(O)OCCN,[M-H]-,PE O-22:4_18:2,"PE O-22:4(7,10,13,16)_18:2(9,12)",0.5377142857142856,0.6387285714285846,0.0014499834540772551,0.0014499834540772551,All,Some,0.0,0.0,0.0,0.0,0.0,0.0,0.0,0.0,0.0,15950.0,0.0,0.0,0.0,0.0,0.0,0.0,0.0,0.0
12489,8.826,778.56944,778.57561,7.924728081319353,C45H82NO7P,CCCCCCCCCCCCCCCC(=O)OC(COCCCCCCCCC=CCC=CCC=CCC=CCC=CCC)COP(=O)(O)OCCN,[M-H]-,PE O-24:5_16:0,"PE O-24:5(9,12,15,18,21)_16:0",0.2870000000000001,0.691704000000027,0.0012942650736827153,0.0012942650736827153,All,Some,0.0,0.0,20999.029916676776,0.0,0.0,0.0,0.0,0.0,0.0,0.0,0.0,12735.529696236963,0.0,0.0,0.0,0.0,0.0,0.0
12489,8.826,778.56944,778.57561,7.924728081319353,C45H82NO7P,CCCCCCCCCCCCCCCC(=O)OC(COCCCCCC=CCC=CCC=CCC=CCC=CCCCCC)COP(=O)(O)OCCN,[M-H]-,PE O-24:5_16:0,"PE O-24:5(6,9,12,15,18)_16:0",0.4577999999999992,0.5553010000000314,0.000896665291547872,0.000896665291547872,All,Some,0.0,0.0,152000.97008332325,0.0,0.0,0.0,0.0,0.0,0.0,0.0,0.0,150264.47030376302,0.0,0.0,0.0,0.0,0.0,0.0
12501,8.827,750.53696,750.54431,9.792892840629207,C43H78NO7P,CCCCCCCCCCCCCCCC(=O)OC(COCCCCCCC=CCC=CCC=CCC=CCC=CCC)COP(=O)(O)OCCN,[M-H]-,PE O-22:5_16:0,"PE O-22:5(7,10,13,16,19)_16:0",0.5004444444444442,0.6447133333333189,0.0011177955026493137,0.0011177955026493137,All,Some,0.0,0.0,0.0,0.0,0.0,0.0,0.0,0.0,0.0,,0.0,0.0,0.0,0.0,0.0,0.0,0.0,0.0
12501,8.827,750.53696,750.54431,9.792892840629207,C43H78NO7P,CCCCCCCCCCCCCCCC(=O)OC(COCCCC=CCC=CCC=CCC=CCC=CCCCCC)COP(=O)(O)OCCN,[M-H]-,PE O-22:5_16:0,"PE O-22:5(4,7,10,13,16)_16:0",0.3864705882352939,0.5129794117646979,0.0007103235921022183,0.0007103235921022183,All,Some,28300.0,0.0,0.0,0.0,0.0,0.0,0.0,0.0,0.0,,0.0,0.0,0.0,0.0,0.0,0.0,0.0,0.0
12521,8.83,845.53262,845.53381,1.4073949332257731,C48H79O10P,CCC=CCC=CCC=CCC=CCC=CCCCCCC(=O)OC(COC(=O)CCCCCCC=CCC=CCC=CCCCCC)COP(=O)(O)OCC(O)CO,[M-H]-,PG 20:3_22:5,"PG 20:3(8,11,14)_22:5(7,10,13,16,19)",0.5504000000000001,0.5712719999999762,0.024681713862026514,0.024681713862026514,Some,Some,0.0,0.0,21930.062893081766,10093.240093240092,0.0,0.0,0.0,0.0,0.0,0.0,16764.496922999948,6059.033598134245,0.0,0.0,24036.597167238495,0.0,0.0,0.0
12521,8.83,845.53262,845.53381,1.4073949332257731,C48H79O10P,CCC=CCC=CCC=CCC=CCC=CCCCCCC(=O)OC(COC(=O)CCCCCCCCCC=CCC=CCC=CCC)COP(=O)(O)OCC(O)CO,[M-H]-,PG 20:3_22:5,"PG 20:3(11,14,17)_22:5(7,10,13,16,19)",0.510333333333333,0.5293266666666719,0.022173645463643088,0.022173645463643088,Some,Some,0.0,0.0,3840.880503144655,0.0,0.0,0.0,0.0,0.0,0.0,0.0,1125.5315955370993,0.0,0.0,0.0,3779.2733350928133,0.0,0.0,0.0
12521,8.83,845.53262,845.53381,1.4073949332257731,C48H79O10P,CCCCCC=CCC=CCC=CCC=CCC=CCCC(=O)OC(COC(=O)CCCCCCC=CCC=CCC=CCCCCC)COP(=O)(O)OCC(O)CO,[M-H]-,PG 20:3_22:5,"PG 20:3(8,11,14)_22:5(4,7,10,13,16)",0.5376666666666677,0.3890866666666473,0.02053376779845862,0.02053376779845862,Some,Some,0.0,0.0,75086.28930817611,124778.55477855478,0.0,0.0,0.0,0.0,0.0,0.0,110035.52309000852,70158.55987172948,0.0,0.0,73680.126682502,0.0,0.0,0.0
12521,8.83,845.53262,845.53381,1.4073949332257731,C48H79O10P,CCC=CCC=CCC=CCC=CCC=CCCCCCC(=O)OC(COC(=O)CCCC=CCC=CCC=CCCCCCCCC)COP(=O)(O)OCC(O)CO,[M-H]-,PG 20:3_22:5,"PG 20:3(5,8,11)_22:5(7,10,13,16,19)",0.39819999999999994,0.5861819999999967,0.013813897783372563,0.013813897783372563,Some,Some,0.0,0.0,11249.685534591197,5215.6177156177155,0.0,0.0,0.0,0.0,0.0,0.0,4472.507129634262,0.0,0.0,0.0,3779.2733350928133,0.0,0.0,0.0
12521,8.83,845.53262,845.53381,1.4073949332257731,C48H79O10P,CCCCCC=CCC=CCC=CCC=CCC=CCCC(=O)OC(COC(=O)CCCC=CCC=CCC=CCCCCCCCC)COP(=O)(O)OCC(O)CO,[M-H]-,PG 20:3_22:5,"PG 20:3(5,8,11)_22:5(4,7,10,13,16)",0.5046000000000003,0.5697220000000129,0.013100986152909302,0.013100986152909302,Some,Some,0.0,0.0,6441.761006289309,17435.897435897437,0.0,0.0,0.0,0.0,0.0,0.0,11581.127733026467,8305.92522410903,0.0,0.0,7956.364915984868,0.0,0.0,0.0
12521,8.83,845.53262,845.53381,1.4073949332257731,C48H79O10P,CCCCCC=CCC=CCC=CCC=CCC=CCCC(=O)OC(COC(=O)CCCCCCCCCC=CCC=CCC=CCC)COP(=O)(O)OCC(O)CO,[M-H]-,PG 20:3_22:5,"PG 20:3(11,14,17)_22:5(4,7,10,13,16)",0.5228333333333334,0.5103400000000041,0.012838124366688394,0.012838124366688394,Some,Some,0.0,0.0,5451.320754716982,2476.6899766899764,0.0,0.0,0.0,0.0,0.0,0.0,4020.8135287937166,2076.4813060272577,0.0,0.0,5768.36456408903,0.0,0.0,0.0
12514,8.83,913.58104,913.58115,0.12040528632804036,C49H87O13P,CCC=CCC=CCC=CCC=CCCCCCCC(=O)OC(COC(=O)CCCCCCCCCCCCCCCCCCC)COP(=O)(O)OC1C(O)C(O)C(O)C(O)C1O,[M-H]-,PI 20:0_20:4,"PI 20:0_20:4(8,11,14,17)",0.4282499999999998,0.6455600000000032,0.0005932477834211074,0.0005932477834211074,All,All,0.0,0.0,0.0,0.0,0.0,0.0,0.0,0.0,0.0,0.0,0.0,0.0,0.0,0.0,0.0,0.0,0.0,0.0
12514,8.83,913.58104,913.58115,0.12040528632804036,C49H87O13P,CCCCCC=CCC=CCC=CCC=CCCCC(=O)OC(COC(=O)CCCCCCCCCCCCCCCCCCC)COP(=O)(O)OC1C(O)C(O)C(O)C(O)C1O,[M-H]-,PI 20:0_20:4,"PI 20:0_20:4(5,8,11,14)",0.5425,0.36596499999997434,0.0005367028103994804,0.0005367028103994804,All,All,0.0,0.0,0.0,0.0,0.0,0.0,0.0,0.0,0.0,25700.0,0.0,0.0,0.0,0.0,0.0,0.0,0.0,0.0
12768,8.881,819.51587,819.51816,2.7943248994217953,C46H77O10P,CCC=CCC=CCC=CCC=CCC=CCC=CCCC(=O)OC(COC(=O)CCCCCCCC=CCCCCCCCC)COP(=O)(O)OCC(O)CO,[M-H]-,PG 18:1_22:6,"PG 18:1(9)_22:6(4,7,10,13,16,19)",0.4432000000000002,0.6758289999999875,0.0027140876897947964,0.0027140876897947964,Some,Some,0.0,23511.015822364046,0.0,0.0,0.0,18834.192780642603,23472.110477334136,0.0,17151.288808061312,0.0,0.0,0.0,0.0,15160.152235442829,0.0,13861.46756469337,17819.669403989534,0.0
12768,8.881,819.51587,819.51816,2.7943248994217953,C46H77O10P,CCC=CCC=CCC=CCC=CCC=CCC=CCCC(=O)OC(COC(=O)CCCCCCCCCC=CCCCCCC)COP(=O)(O)OCC(O)CO,[M-H]-,PG 18:1_22:6,"PG 18:1(11)_22:6(4,7,10,13,16,19)",0.4238333333333335,0.6867699999999767,0.0027026410284159007,0.0027026410284159007,All,Some,0.0,3594.61507778221,0.0,0.0,0.0,2834.04853773755,3689.262483738617,0.0,2629.23339580975,0.0,0.0,0.0,0.0,2413.7314171086255,0.0,5234.739454094293,2480.075011720581,0.0
12768,8.881,819.51587,819.51816,2.7943248994217953,C46H77O10P,CCC=CCC=CCC=CCC=CCC=CCC=CCCC(=O)OC(COC(=O)CCCCC=CCCCCCCCCCCC)COP(=O)(O)OCC(O)CO,[M-H]-,PG 18:1_22:6,"PG 18:1(6)_22:6(4,7,10,13,16,19)",0.32320000000000026,0.6660969999999565,0.0026553928023629494,0.0026553928023629494,Some,Some,0.0,5194.369099853744,0.0,0.0,0.0,3831.758681619848,4638.627038927249,0.0,3719.477796128937,0.0,0.0,0.0,0.0,2726.1163474485447,0.0,2503.7929812123357,2700.2555842898837,0.0
12836,8.894,889.58094,889.58115,0.236066153070519,C47H87O13P,CCCCCC=CCC=CCCCCCCCCCC(=O)OC(COC(=O)CCCCCCCCCCCCCCCCC)COP(=O)(O)OC1C(O)C(O)C(O)C(O)C1O,[M-H]-,PI 18:0_20:2,"PI 18:0_20:2(11,14)",0.5095000000000001,0.5236575000000414,0.0003810714303824086,0.0003810714303824086,All,All,0.0,0.0,0.0,0.0,0.0,0.0,0.0,0.0,0.0,,0.0,0.0,0.0,0.0,0.0,0.0,0.0,0.0
12937,8.907,775.54761,775.54946,2.385405567802677,C42H81O10P,CCCCCCC=CCCCCCCCCCC(=O)OC(COC(=O)CCCCCCCCCCCCCCCCC)COP(=O)(O)OCC(O)CO,[M-H]-,PG 18:0_18:1,PG 18:0_18:1(11),0.35800000000000054,0.4931850000000395,0.0,0.0,All,None,,,0.0,,0.0,0.0,0.0,0.0,,,,,0.0,0.0,0.0,0.0,0.0,0.0
13018,8.923,776.5517,776.55996,10.636654509027073,C45H80NO7P,CCCCCCCCC=CCC=CCCCCC(=O)OC(COCCCCCCC=CCC=CCC=CCC=CCCCCC)COP(=O)(O)OCCN,[M-H]-,PE O-22:4_18:2,"PE O-22:4(7,10,13,16)_18:2(6,9)",0.32228571428571484,0.8860442857143036,0.0019798530959916237,0.0019798530959916237,Some,Some,35224.058577405856,0.0,0.0,0.0,0.0,0.0,0.0,0.0,0.0,51264.09495548961,0.0,0.0,,0.0,0.0,0.0,0.0,0.0
13018,8.923,776.5517,776.55996,10.636654509027073,C45H80NO7P,CCCCCC=CCC=CCCCCCCCC(=O)OC(COCCCCCCC=CCC=CCC=CCC=CCCCCC)COP(=O)(O)OCCN,[M-H]-,PE O-22:4_18:2,"PE O-22:4(7,10,13,16)_18:2(9,12)",0.5328571428571429,0.7569242857142788,0.001450239723442642,0.001450239723442642,All,Some,4975.941422594144,0.0,0.0,0.0,0.0,0.0,0.0,0.0,0.0,10435.905044510386,0.0,0.0,,0.0,0.0,0.0,0.0,0.0
13044,8.927,778.56923,778.57561,8.194451403423207,C45H82NO7P,CCCCCCCCCCCCCCCC(=O)OC(COCCCCCCCCC=CCC=CCC=CCC=CCC=CCC)COP(=O)(O)OCCN,[M-H]-,PE O-24:5_16:0,"PE O-24:5(9,12,15,18,21)_16:0",0.359,0.6246612499999742,0.001596571552974883,0.001596571552974883,All,Some,0.0,82486.81898066784,0.0,102948.5043243672,99537.51284686537,89302.32558139536,74656.19694397284,111505.69476082004,94502.18552695484,0.0,38751.715161211585,0.0,151329.40483205658,145675.99634925465,71744.00378086724,146247.42268041236,85916.39871382638,139855.07246376813
13044,8.927,778.56923,778.57561,8.194451403423207,C45H82NO7P,CCCCCCCCCCCCCCCC(=O)OC(COCCCCCC=CCC=CCC=CCC=CCC=CCCCCC)COP(=O)(O)OCCN,[M-H]-,PE O-24:5_16:0,"PE O-24:5(6,9,12,15,18)_16:0",0.4664444444444441,0.6255588888889052,0.0010308613425928667,0.0010308613425928667,All,Some,0.0,43513.181019332165,0.0,129051.4956756328,49462.48715313464,38697.67441860465,48343.80305602717,77494.30523917996,46497.814473045175,0.0,132248.28483878842,0.0,46670.59516794343,45324.00365074536,100255.99621913276,58752.57731958764,81083.60128617362,53144.92753623189
13159,8.956,845.53261,845.53381,1.419221781373634,C48H79O10P,CCC=CCC=CCC=CCC=CCC=CCCCCCC(=O)OC(COC(=O)CCCCCCC=CCC=CCC=CCCCCC)COP(=O)(O)OCC(O)CO,[M-H]-,PG 20:3_22:5,"PG 20:3(8,11,14)_22:5(7,10,13,16,19)",0.5443999999999999,0.5704969999999889,0.023410432558802145,0.023410432558802145,Some,Some,0.0,0.0,0.0,0.0,0.0,0.0,0.0,25957.049891540137,0.0,0.0,0.0,0.0,26370.731707317078,24138.39511686765,0.0,27616.724420937433,18072.113937241884,23806.367398917537
13159,8.956,845.53261,845.53381,1.419221781373634,C48H79O10P,CCCCCC=CCC=CCC=CCC=CCC=CCCC(=O)OC(COC(=O)CCCCCCC=CCC=CCC=CCCCCC)COP(=O)(O)OCC(O)CO,[M-H]-,PG 20:3_22:5,"PG 20:3(8,11,14)_22:5(4,7,10,13,16)",0.7452000000000012,0.4380479999999807,0.022635973605601732,0.022635973605601732,Some,Some,0.0,0.0,0.0,0.0,0.0,0.0,0.0,2016.8559397728725,0.0,0.0,0.0,0.0,2034.778681120145,1615.9595057317254,0.0,2461.6618031491275,154.02369832876605,1860.697230181471
13159,8.956,845.53261,845.53381,1.419221781373634,C48H79O10P,CCC=CCC=CCC=CCC=CCC=CCCCCCC(=O)OC(COC(=O)CCCCCCCCCC=CCC=CCC=CCC)COP(=O)(O)OCC(O)CO,[M-H]-,PG 20:3_22:5,"PG 20:3(11,14,17)_22:5(7,10,13,16,19)",0.28833333333333283,0.6550149999999917,0.021590289926717077,0.021590289926717077,Some,Some,0.0,0.0,0.0,0.0,0.0,0.0,0.0,33785.18565777721,0.0,0.0,0.0,0.0,33858.71725383922,32571.683787405087,0.0,34078.05945650192,32630.205720020076,31724.227952881254
13159,8.956,845.53261,845.53381,1.419221781373634,C48H79O10P,CCC=CCC=CCC=CCC=CCC=CCCCCCC(=O)OC(COC(=O)CCCC=CCC=CCC=CCCCCCCCC)COP(=O)(O)OCC(O)CO,[M-H]-,PG 20:3_22:5,"PG 20:3(5,8,11)_22:5(7,10,13,16,19)",0.21159999999999995,0.5895549999999844,0.0141369508168861,0.0141369508168861,Some,Some,0.0,0.0,0.0,0.0,0.0,0.0,0.0,5369.736506316193,0.0,0.0,0.0,0.0,5385.38090936465,4999.374720857524,0.0,5890.555656878836,3365.703037554518,5238.984399872653
13159,8.956,845.53261,845.53381,1.419221781373634,C48H79O10P,CCCCCC=CCC=CCC=CCC=CCC=CCCC(=O)OC(COC(=O)CCCC=CCC=CCC=CCCCCCCCC)COP(=O)(O)OCC(O)CO,[M-H]-,PG 20:3_22:5,"PG 20:3(5,8,11)_22:5(4,7,10,13,16)",0.48300000000000126,0.5733920000000239,0.012874834694669135,0.012874834694669135,Some,Some,0.0,0.0,0.0,0.0,0.0,0.0,0.0,17889.62613244864,0.0,0.0,0.0,0.0,18231.616982836495,17674.557093940748,0.0,17770.07720834093,17456.01914392682,16363.578478191655
13159,8.956,845.53261,845.53381,1.419221781373634,C48H79O10P,CCCCCC=CCC=CCC=CCC=CCC=CCCC(=O)OC(COC(=O)CCCCCCCCCC=CCC=CCC=CCC)COP(=O)(O)OCC(O)CO,[M-H]-,PG 20:3_22:5,"PG 20:3(11,14,17)_22:5(4,7,10,13,16)",0.5033333333333339,0.5761258333333311,0.012483616481593525,0.012483616481593525,Some,Some,0.0,0.0,0.0,0.0,0.0,0.0,0.0,4281.545872144953,0.0,0.0,0.0,0.0,4218.774465522433,3800.0297751972607,0.0,4682.921454191744,2221.9344629279403,3906.144539955428
13214,8.971,915.59626,915.5968,0.5897792565470665,C49H89O13P,CCCCCC=CCC=CCCCCCCCCCCCC(=O)OC(COC(=O)CCCCCCCC=CCCCCCCCC)COP(=O)(O)OC1C(O)C(O)C(O)C(O)C1O,[M-H]-,PI 18:1_22:2,"PI 18:1(9)_22:2(13,16)",0.3793333333333327,0.4302300000000135,0.0008576618907252731,0.0008576618907252731,Some,Some,,0.0,0.0,0.0,0.0,0.0,0.0,0.0,0.0,,0.0,0.0,0.0,0.0,0.0,0.0,0.0,0.0
13214,8.971,915.59626,915.5968,0.5897792565470665,C49H89O13P,CCCCCC=CCC=CCCCCCCCCCCCC(=O)OC(COC(=O)CCCCCCCCCC=CCCCCCC)COP(=O)(O)OC1C(O)C(O)C(O)C(O)C1O,[M-H]-,PI 18:1_22:2,"PI 18:1(11)_22:2(13,16)",0.5519999999999996,0.9024733333333946,0.0006468237323098426,0.0006468237323098426,All,All,,0.0,0.0,0.0,0.0,0.0,0.0,0.0,0.0,,0.0,0.0,0.0,0.0,0.0,0.0,0.0,0.0
13214,8.971,915.59626,915.5968,0.5897792565470665,C49H89O13P,CCCCCC=CCC=CCCCCCCCCCCCC(=O)OC(COC(=O)CCCCC=CCCCCCCCCCCC)COP(=O)(O)OC1C(O)C(O)C(O)C(O)C1O,[M-H]-,PI 18:1_22:2,"PI 18:1(6)_22:2(13,16)",0.4744999999999999,0.7278600000000495,0.0006381103613417777,0.0006381103613417777,All,All,,0.0,0.0,0.0,0.0,0.0,0.0,0.0,0.0,,0.0,0.0,0.0,0.0,0.0,0.0,0.0,0.0
13277,8.99,863.56577,863.5655,0.3126572332966481,C45H85O13P,CCCCCCCCC=CCCCCCCCCCCCCCCCC(=O)OC(COC(=O)CCCCCCCCC)COP(=O)(O)OC1C(O)C(O)C(O)C(O)C1O,[M-H]-,PI 10:0_26:1,PI 10:0_26:1(17),0.5939999999999994,0.21725499999990916,0.0009206611091662584,0.0009206611091662584,All,All,0.0,0.0,,,,0.0,,,,27700.0,,,,,,,,
13874,9.116,889.58088,889.58115,0.30351362548592287,C47H87O13P,CCCCCC=CCC=CCCCCCCCCCC(=O)OC(COC(=O)CCCCCCCCCCCCCCCCC)COP(=O)(O)OC1C(O)C(O)C(O)C(O)C1O,[M-H]-,PI 18:0_20:2,"PI 18:0_20:2(11,14)",0.6155000000000008,0.7054600000000164,0.0003757669921652093,0.0003757669921652093,All,All,0.0,0.0,0.0,0.0,,,,,,,0.0,0.0,,,0.0,,,
13917,9.127,712.49087,712.49228,1.978968810831285,C39H72NO8P,CCCCCCCCC=CCC=CCCCCC(=O)OC(COC(=O)CCCCCC=CCCCCCCCC)COP(=O)(O)OCCN,[M-H]-,PE 16:1_18:2,"PE 16:1(7)_18:2(6,9)",0.3340000000000014,0.8517050000000381,0.006140252993064794,0.006140252993064794,Some,Some,2487.254341864717,,0.0,0.0,0.0,0.0,0.0,0.0,0.0,0.0,0.0,0.0,0.0,0.0,0.0,0.0,0.0,0.0
13917,9.127,712.49087,712.49228,1.978968810831285,C39H72NO8P,CCCCCC=CCC=CCCCCCCCC(=O)OC(COC(=O)CCCCC=CCCCCCCCCC)COP(=O)(O)OCCN,[M-H]-,PE 16:1_18:2,"PE 16:1(6)_18:2(9,12)",0.2686666666666652,0.5274349999999876,0.0037751560204487404,0.0037751560204487404,All,Some,704.9702925045704,,0.0,0.0,0.0,0.0,0.0,0.0,0.0,0.0,0.0,0.0,0.0,0.0,0.0,0.0,0.0,0.0
13917,9.127,712.49087,712.49228,1.978968810831285,C39H72NO8P,CCCCCCCCC=CCC=CCCCCC(=O)OC(COC(=O)CCCCC=CCCCCCCCCC)COP(=O)(O)OCCN,[M-H]-,PE 16:1_18:2,"PE 16:1(6)_18:2(6,9)",0.27833333333333304,0.6171683333333627,0.0035528191976304615,0.0035528191976304615,All,Some,2134.7691956124318,,0.0,0.0,0.0,0.0,0.0,0.0,0.0,0.0,0.0,0.0,0.0,0.0,0.0,0.0,0.0,0.0
13917,9.127,712.49087,712.49228,1.978968810831285,C39H72NO8P,CCCCCC=CCC=CCCCCCCCC(=O)OC(COC(=O)CCCCCC=CCCCCCCCC)COP(=O)(O)OCCN,[M-H]-,PE 16:1_18:2,"PE 16:1(7)_18:2(9,12)",0.3204999999999991,0.5095299999999838,0.0034036317307598154,0.0034036317307598154,Some,Some,352.4851462522852,,0.0,0.0,0.0,0.0,0.0,0.0,0.0,0.0,0.0,0.0,0.0,0.0,0.0,0.0,0.0,0.0
13917,9.127,712.49087,712.49228,1.978968810831285,C39H72NO8P,CCCCCC=CCC=CCCCCCCCC(=O)OC(COC(=O)CCCCCCCC=CCCCCCC)COP(=O)(O)OCCN,[M-H]-,PE 16:1_18:2,"PE 16:1(9)_18:2(9,12)",0.2159999999999981,0.39167833333332663,0.0022690878205065437,0.0022690878205065437,All,Some,2396.4025365630714,,0.0,0.0,0.0,0.0,0.0,0.0,0.0,0.0,0.0,0.0,0.0,0.0,0.0,0.0,0.0,0.0
13917,9.127,712.49087,712.49228,1.978968810831285,C39H72NO8P,CCCCCCCCC=CCC=CCCCCC(=O)OC(COC(=O)CCCCCCCC=CCCCCCC)COP(=O)(O)OCCN,[M-H]-,PE 16:1_18:2,"PE 16:1(9)_18:2(6,9)",0.22566666666666593,0.4814116666667019,0.002046750997688265,0.002046750997688265,All,Some,614.118487202925,,0.0,0.0,0.0,0.0,0.0,0.0,0.0,0.0,0.0,0.0,0.0,0.0,0.0,0.0,0.0,0.0
14022,9.155,778.57036,778.57561,6.743083051282197,C45H82NO7P,CCCCCCCCCCCCCCCC(=O)OC(COCCCCCC=CCC=CCC=CCC=CCC=CCCCCC)COP(=O)(O)OCCN,[M-H]-,PE O-24:5_16:0,"PE O-24:5(6,9,12,15,18)_16:0",0.19080000000000047,0.6473180000000752,0.0009864852701027883,0.0009864852701027883,All,Some,0.0,0.0,0.0,0.0,0.0,0.0,0.0,0.0,0.0,0.0,0.0,0.0,0.0,0.0,0.0,0.0,0.0,0.0
14022,9.155,778.57036,778.57561,6.743083051282197,C45H82NO7P,CCCCCCCCCCCCCCCC(=O)OC(COCCCCCCCCC=CCC=CCC=CCC=CCC=CCC)COP(=O)(O)OCCN,[M-H]-,PE O-24:5_16:0,"PE O-24:5(9,12,15,18,21)_16:0",0.24760000000000099,0.4222160000000031,0.0009650798251286538,0.0009650798251286538,All,Some,0.0,0.0,0.0,0.0,0.0,0.0,0.0,0.0,0.0,0.0,0.0,0.0,0.0,0.0,0.0,0.0,0.0,2570.0
14418,9.266,790.53856,790.53923,0.8475227725431351,C45H78NO8P,CCCCC=CCC=CCC=CCC=CCC=CCC=CCCC(=O)OC(COC(=O)CCCCCCCCCCCCCCC)COP(=O)(O)OCCN,[M-H]-,PE 16:0_24:6,"PE 16:0_24:6(4,7,10,13,16,19)",0.4094999999999998,0.6134516666666817,0.0019057395926525538,0.0019057395926525538,All,Some,0.0,28300.0,0.0,0.0,21300.0,26700.0,35600.0,41800.0,24500.0,0.0,12300.0,28300.0,48000.0,39000.0,20100.0,38300.0,45800.0,32300.0
14588,9.312,762.50668,762.50793,1.6393272133278467,C43H74NO8P,CCC=CCC=CCC=CCC=CCC=CCC=CCCC(=O)OC(COC(=O)CCCCCCCCCCCCCCC)COP(=O)(O)OCCN,[M-H]-,PE 16:0_22:6,"PE 16:0_22:6(4,7,10,13,16,19)",0.4281818181818186,0.5791045454545425,0.013620080634885519,0.013620080634885519,All,Some,140000.0,0.0,0.0,0.0,0.0,0.0,0.0,0.0,0.0,544000.0,0.0,0.0,0.0,0.0,0.0,0.0,0.0,0.0
14727,9.35,788.52217,788.52358,1.7881519790163676,C45H76NO8P,CCC=CCC=CCC=CCC=CCC=CCC=CCCC(=O)OC(COC(=O)CCCCCCCC=CCCCCCCCC)COP(=O)(O)OCCN,[M-H]-,PE 18:1_22:6,"PE 18:1(9)_22:6(4,7,10,13,16,19)",0.4360000000000002,0.5894025000000246,0.016809282526582175,0.016809282526582175,Some,Some,95098.66358686687,0.0,0.0,0.0,0.0,0.0,0.0,0.0,0.0,0.0,0.0,0.0,0.0,0.0,0.0,0.0,0.0,0.0
14727,9.35,788.52217,788.52358,1.7881519790163676,C45H76NO8P,CCC=CCC=CCC=CCC=CCC=CCC=CCCC(=O)OC(COC(=O)CCCCC=CCCCCCCCCCCC)COP(=O)(O)OCCN,[M-H]-,PE 18:1_22:6,"PE 18:1(6)_22:6(4,7,10,13,16,19)",0.4185000000000005,0.5915866666667,0.016351564584267664,0.016351564584267664,Some,Some,66950.66820656658,0.0,0.0,0.0,0.0,0.0,0.0,0.0,0.0,0.0,0.0,0.0,0.0,0.0,0.0,0.0,0.0,0.0
14727,9.35,788.52217,788.52358,1.7881519790163676,C45H76NO8P,CCC=CCC=CCC=CCC=CCC=CCC=CCCC(=O)OC(COC(=O)CCCCCCCCCC=CCCCCCC)COP(=O)(O)OCCN,[M-H]-,PE 18:1_22:6,"PE 18:1(11)_22:6(4,7,10,13,16,19)",0.46614285714285764,0.5659114285714476,0.014408967567817779,0.014408967567817779,All,Some,66950.66820656658,0.0,0.0,0.0,0.0,0.0,0.0,0.0,0.0,0.0,0.0,0.0,0.0,0.0,0.0,0.0,0.0,0.0
14944,9.402,802.55929,802.56036,1.3332330541634363,C42H80NO8P,CCCCCCCCCCCC=CCCCCC(=O)OC(COC(=O)CCCCCC=CCCCCCCCC)COP(=O)([O-])OCC[N+](C)(C)C,[M+HCOO]-,PC 16:1_18:1,PC 16:1(7)_18:1(6),0.18150000000000066,0.2982550000000117,0.0008100340306196452,0.0008100340306196452,All,Some,0.0,0.0,0.0,0.0,,,,0.0,,0.0,0.0,0.0,0.0,0.0,0.0,0.0,0.0,0.0
14944,9.402,802.55929,802.56036,1.3332330541634363,C42H80NO8P,CCCCCCCCCCCC=CCCCCC(=O)OC(COC(=O)CCCCC=CCCCCCCCCC)COP(=O)([O-])OCC[N+](C)(C)C,[M+HCOO]-,PC 16:1_18:1,PC 16:1(6)_18:1(6),0.1725000000000021,0.6787474999999858,0.0008096914627417806,0.0008096914627417806,All,Some,0.0,0.0,0.0,0.0,,,,0.0,,0.0,0.0,0.0,0.0,0.0,0.0,0.0,0.0,0.0
14944,9.402,802.55929,802.56036,1.3332330541634363,C42H80NO8P,CCCCCCCCCCCC=CCCCCC(=O)OC(COC(=O)CCCCCCCC=CCCCCCC)COP(=O)([O-])OCC[N+](C)(C)C,[M+HCOO]-,PC 16:1_18:1,PC 16:1(9)_18:1(6),0.1335000000000015,0.47227500000002465,0.0008096914627417806,0.0008096914627417806,All,Some,0.0,0.0,0.0,0.0,,,,0.0,,3113.333333333333,0.0,0.0,0.0,0.0,0.0,0.0,0.0,0.0
14944,9.402,802.55929,802.56036,1.3332330541634363,C42H80NO8P,CCCCCCCCC=CCCCCCCCC(=O)OC(COC(=O)CCCCCC=CCCCCCCCC)COP(=O)([O-])OCC[N+](C)(C)C,[M+HCOO]-,PC 16:1_18:1,PC 16:1(7)_18:1(9),0.18299999999999983,0.1339100000000144,6.851357557291329e-07,6.851357557291329e-07,All,Some,0.0,0.0,0.0,0.0,,,,0.0,,0.0,0.0,0.0,0.0,0.0,0.0,0.0,0.0,0.0
14944,9.402,802.55929,802.56036,1.3332330541634363,C42H80NO8P,CCCCCCCCC=CCCCCCCCC(=O)OC(COC(=O)CCCCC=CCCCCCCCCC)COP(=O)([O-])OCC[N+](C)(C)C,[M+HCOO]-,PC 16:1_18:1,PC 16:1(6)_18:1(9),0.17400000000000126,0.5144024999999885,3.4256787786456643e-07,3.4256787786456643e-07,All,Some,0.0,0.0,0.0,0.0,,,,0.0,,0.0,0.0,0.0,0.0,0.0,0.0,0.0,0.0,0.0
14944,9.402,802.55929,802.56036,1.3332330541634363,C42H80NO8P,CCCCCCC=CCCCCCCCCCC(=O)OC(COC(=O)CCCCCC=CCCCCCCCC)COP(=O)([O-])OCC[N+](C)(C)C,[M+HCOO]-,PC 16:1_18:1,PC 16:1(7)_18:1(11),0.13500000000000068,0.30793000000002735,3.4256787786456643e-07,3.4256787786456643e-07,All,Some,0.0,0.0,0.0,0.0,,,,0.0,,3113.333333333333,0.0,0.0,0.0,0.0,0.0,0.0,0.0,0.0
14944,9.402,802.55929,802.56036,1.3332330541634363,C42H80NO8P,CCCCCCCCC=CCCCCCCCC(=O)OC(COC(=O)CCCCCCCC=CCCCCCC)COP(=O)([O-])OCC[N+](C)(C)C,[M+HCOO]-,PC 16:1_18:1,PC 16:1(9)_18:1(9),0.13500000000000068,0.30793000000002735,3.4256787786456643e-07,3.4256787786456643e-07,All,Some,0.0,0.0,0.0,0.0,,,,0.0,,3113.333333333333,0.0,0.0,0.0,0.0,0.0,0.0,0.0,0.0
15137,9.44,790.53801,790.53923,1.5432504216006342,C45H78NO8P,CCCCCC=CCC=CCC=CCC=CCC=CCCC(=O)OC(COC(=O)CCCCC=CCCCCCCCCCCC)COP(=O)(O)OCCN,[M-H]-,PE 18:1_22:5,"PE 18:1(6)_22:5(4,7,10,13,16)",0.5288235294117652,0.6403588235294151,0.00247314493756941,0.00247314493756941,Some,Some,0.0,1178.3331850929467,0.0,0.0,1047.2664421027823,1772.55344971033,2225.474293472436,4779.6445093742395,812.6738142273539,0.0,0.0,0.0,4168.3138739875885,4459.3313530935975,0.0,4492.833157440276,4905.782036706188,4104.493502426805
15137,9.44,790.53801,790.53923,1.5432504216006342,C45H78NO8P,CCCCCC=CCC=CCC=CCC=CCC=CCCC(=O)OC(COC(=O)CCCCCCCC=CCCCCCCCC)COP(=O)(O)OCCN,[M-H]-,PE 18:1_22:5,"PE 18:1(9)_22:5(4,7,10,13,16)",0.4888750000000006,0.6152450000000087,0.0023804359406795397,0.0023804359406795397,Some,Some,0.0,6991.016632571378,0.0,0.0,6256.57242185275,4151.044568776669,5398.235020901067,5203.684765846928,5916.379293810775,0.0,0.0,0.0,5329.52140528032,5269.443215572269,0.0,4992.036841600308,5081.849926912457,5124.087991232191
15137,9.44,790.53801,790.53923,1.5432504216006342,C45H78NO8P,CCCCCC=CCC=CCC=CCC=CCC=CCCC(=O)OC(COC(=O)CCCCCCCCCC=CCCCCCC)COP(=O)(O)OCCN,[M-H]-,PE 18:1_22:5,"PE 18:1(11)_22:5(4,7,10,13,16)",0.5070526315789481,0.644374736842128,0.0022128138915094723,0.0022128138915094723,All,Some,0.0,1178.3331850929467,0.0,0.0,1047.2664421027823,1772.55344971033,2225.474293472436,5246.333901469037,812.6738142273539,0.0,0.0,0.0,4535.568318081413,4914.678632370599,0.0,5013.22076177684,4905.782036706188,4570.22076092062
15137,9.44,790.53801,790.53923,1.5432504216006342,C45H78NO8P,CCC=CCC=CCC=CCC=CCC=CCCCCCC(=O)OC(COC(=O)CCCCCCCC=CCCCCCCCC)COP(=O)(O)OCCN,[M-H]-,PE 18:1_22:5,"PE 18:1(9)_22:5(7,10,13,16,19)",0.351,0.5928875000000033,0.0011337783839156749,0.0011337783839156749,Some,Some,0.0,6773.281152717246,0.0,0.0,6062.5325306647555,4080.250513315676,5548.276108471185,4987.00754808863,5739.983505629183,0.0,0.0,0.0,5068.761123382771,5027.772230297669,0.0,4817.039240141994,4818.954036056521,4954.336934397996
15137,9.44,790.53801,790.53923,1.5432504216006342,C45H78NO8P,CCC=CCC=CCC=CCC=CCC=CCCCCCC(=O)OC(COC(=O)CCCCC=CCCCCCCCCCCC)COP(=O)(O)OCCN,[M-H]-,PE 18:1_22:5,"PE 18:1(6)_22:5(7,10,13,16,19)",0.3240000000000003,0.5029149999999873,0.0006722194238600087,0.0006722194238600087,Some,Some,0.0,1178.3331850929467,0.0,0.0,1047.2664421027823,1772.55344971033,2225.474293472436,4779.6445093742395,812.6738142273539,0.0,0.0,0.0,4168.3138739875885,4459.3313530935975,0.0,4492.833157440276,4905.782036706188,4104.493502426805
15137,9.44,790.53801,790.53923,1.5432504216006342,C45H78NO8P,CCC=CCC=CCC=CCC=CCC=CCCCCCC(=O)OC(COC(=O)CCCCCCCCCC=CCCCCCC)COP(=O)(O)OCCN,[M-H]-,PE 18:1_22:5,"PE 18:1(11)_22:5(7,10,13,16,19)",0.34577777777777796,0.5275488888889109,0.000598051985342414,0.000598051985342414,All,Some,0.0,6700.702659432536,0.0,0.0,6039.095721174149,4151.044568776669,5077.065990210439,5203.684765846928,5705.61575787798,0.0,0.0,0.0,5329.52140528032,5269.443215572269,0.0,4992.036841600308,5081.849926912457,4942.367308595584
15152,9.448,802.55963,802.56036,0.9095889061551914,C42H80NO8P,CCCCCCCCCCCC=CCCCCC(=O)OC(COC(=O)CCCCCC=CCCCCCCCC)COP(=O)([O-])OCC[N+](C)(C)C,[M+HCOO]-,PC 16:1_18:1,PC 16:1(7)_18:1(6),0.1354999999999995,0.2980850000000146,0.0008100340306196452,0.0008100340306196452,All,Some,0.0,,0.0,0.0,,,,0.0,,0.0,0.0,0.0,,,0.0,0.0,,0.0
15152,9.448,802.55963,802.56036,0.9095889061551914,C42H80NO8P,CCCCCCCCCCCC=CCCCCC(=O)OC(COC(=O)CCCCC=CCCCCCCCCC)COP(=O)([O-])OCC[N+](C)(C)C,[M+HCOO]-,PC 16:1_18:1,PC 16:1(6)_18:1(6),0.1194999999999995,0.48215749999997115,0.0008096914627417806,0.0008096914627417806,All,Some,0.0,,0.0,0.0,,,,0.0,,0.0,0.0,0.0,,,0.0,0.0,,0.0
15152,9.448,802.55963,802.56036,0.9095889061551914,C42H80NO8P,CCCCCCCCCCCC=CCCCCC(=O)OC(COC(=O)CCCCCCCC=CCCCCCC)COP(=O)([O-])OCC[N+](C)(C)C,[M+HCOO]-,PC 16:1_18:1,PC 16:1(9)_18:1(6),0.08249999999999957,0.47581999999994196,0.0008096914627417806,0.0008096914627417806,All,Some,0.0,,0.0,0.0,,,,0.0,,3236.6666666666665,0.0,0.0,,,0.0,0.0,,0.0
15152,9.448,802.55963,802.56036,0.9095889061551914,C42H80NO8P,CCCCCCCCC=CCCCCCCCC(=O)OC(COC(=O)CCCCCC=CCCCCCCCC)COP(=O)([O-])OCC[N+](C)(C)C,[M+HCOO]-,PC 16:1_18:1,PC 16:1(7)_18:1(9),0.18299999999999983,0.13357000000007702,6.851357557291329e-07,6.851357557291329e-07,All,Some,0.0,,0.0,0.0,,,,0.0,,0.0,0.0,0.0,,,0.0,0.0,,0.0
15152,9.448,802.55963,802.56036,0.9095889061551914,C42H80NO8P,CCCCCCCCC=CCCCCCCCC(=O)OC(COC(=O)CCCCC=CCCCCCCCCC)COP(=O)([O-])OCC[N+](C)(C)C,[M+HCOO]-,PC 16:1_18:1,PC 16:1(6)_18:1(9),0.16699999999999982,0.3176425000000336,3.4256787786456643e-07,3.4256787786456643e-07,All,Some,0.0,,0.0,0.0,,,,0.0,,0.0,0.0,0.0,,,0.0,0.0,,0.0
15152,9.448,802.55963,802.56036,0.9095889061551914,C42H80NO8P,CCCCCCC=CCCCCCCCCCC(=O)OC(COC(=O)CCCCCC=CCCCCCCCC)COP(=O)([O-])OCC[N+](C)(C)C,[M+HCOO]-,PC 16:1_18:1,PC 16:1(7)_18:1(11),0.1299999999999999,0.3113050000000044,3.4256787786456643e-07,3.4256787786456643e-07,All,Some,0.0,,0.0,0.0,,,,0.0,,3236.6666666666665,0.0,0.0,,,0.0,0.0,,0.0
15152,9.448,802.55963,802.56036,0.9095889061551914,C42H80NO8P,CCCCCCCCC=CCCCCCCCC(=O)OC(COC(=O)CCCCCCCC=CCCCCCC)COP(=O)([O-])OCC[N+](C)(C)C,[M+HCOO]-,PC 16:1_18:1,PC 16:1(9)_18:1(9),0.1299999999999999,0.3113050000000044,3.4256787786456643e-07,3.4256787786456643e-07,All,Some,0.0,,0.0,0.0,,,,0.0,,3236.6666666666665,0.0,0.0,,,0.0,0.0,,0.0
15625,9.565,739.45114,739.45556,5.977370702279773,C40H69O10P,CCC=CCC=CCC=CCC=CCC=CCCCCCC(=O)OC(COC(=O)CCCCCCCCCCC)COP(=O)(O)OCC(O)CO,[M-H]-,PG 12:0_22:5,"PG 12:0_22:5(7,10,13,16,19)",0.35360000000000086,0.4240810000000124,0.008422353910785859,0.008422353910785859,All,Some,0.0,0.0,1251323.3527100317,0.0,0.0,0.0,0.0,0.0,0.0,0.0,1161002.1887364255,1025071.0900473935,0.0,0.0,1169947.7221807318,0.0,0.0,0.0
15625,9.565,739.45114,739.45556,5.977370702279773,C40H69O10P,CCCCCC=CCC=CCC=CCC=CCC=CCCC(=O)OC(COC(=O)CCCCCCCCCCC)COP(=O)(O)OCC(O)CO,[M-H]-,PG 12:0_22:5,"PG 12:0_22:5(4,7,10,13,16)",0.41712499999999975,0.40464249999999424,0.002180455191179225,0.002180455191179225,All,Some,0.0,0.0,48676.647289968496,0.0,0.0,0.0,0.0,0.0,0.0,0.0,18997.81126357437,264928.90995260666,0.0,0.0,10052.277819268107,0.0,0.0,0.0
15677,9.578,699.48879,699.49703,11.779892760946662,C39H73O8P,CCCCCCCCCCCC=CCCCCC(=O)OC(COC(=O)CCCCC=CCCCCCCCCCCC)COP(=O)(O)O,[M-H]-,PA 18:1_18:1,PA 18:1(6)_18:1(6),0.6479999999999997,0.15101000000004206,0.019542135277734872,0.019542135277734872,Some,Some,0.0,0.0,0.0,10466.666666666666,0.0,0.0,,0.0,0.0,0.0,,3579.545454545455,0.0,0.0,,0.0,0.0,0.0
15677,9.578,699.48879,699.49703,11.779892760946662,C39H73O8P,CCCCCCCCCCCC=CCCCCC(=O)OC(COC(=O)CCCCCCCCCC=CCCCCCC)COP(=O)(O)O,[M-H]-,PA 18:1_18:1,PA 18:1(11)_18:1(6),0.4466666666666666,0.3981899999999996,0.009733870649458744,0.009733870649458744,Some,Some,0.0,0.0,0.0,10466.666666666666,0.0,0.0,,0.0,0.0,0.0,,3579.545454545455,0.0,0.0,,0.0,0.0,0.0
15677,9.578,699.48879,699.49703,11.779892760946662,C39H73O8P,CCCCCCCCC=CCCCCCCCC(=O)OC(COC(=O)CCCCC=CCCCCCCCCCCC)COP(=O)(O)O,[M-H]-,PA 18:1_18:1,PA 18:1(6)_18:1(9),0.7706666666666658,0.42001999999998435,0.006517697654847893,0.006517697654847893,Some,Some,0.0,0.0,5233.333333333334,10466.666666666666,0.0,0.0,,0.0,0.0,0.0,,8400.0,0.0,0.0,,0.0,0.0,0.0
15677,9.578,699.48879,699.49703,11.779892760946662,C39H73O8P,CCCCCCC=CCCCCCCCCCC(=O)OC(COC(=O)CCCCCCCCCC=CCCCCCC)COP(=O)(O)O,[M-H]-,PA 18:1_18:1,PA 18:1(11)_18:1(11),0.3460000000000001,0.5217799999999784,0.004829738335320681,0.004829738335320681,All,Some,0.0,0.0,0.0,0.0,0.0,0.0,,0.0,0.0,0.0,,0.0,0.0,0.0,,0.0,0.0,0.0
15677,9.578,699.48879,699.49703,11.779892760946662,C39H73O8P,CCCCCCCCC=CCCCCCCCC(=O)OC(COC(=O)CCCCCCCCCC=CCCCCCC)COP(=O)(O)O,[M-H]-,PA 18:1_18:1,PA 18:1(11)_18:1(9),0.5889999999999995,0.538152499999967,0.0024176085893625418,0.0024176085893625418,All,Some,0.0,0.0,5233.333333333334,0.0,0.0,0.0,,0.0,0.0,0.0,,4820.454545454545,0.0,0.0,,0.0,0.0,0.0
15677,9.578,699.48879,699.49703,11.779892760946662,C39H73O8P,CCCCCCCCC=CCCCCCCCC(=O)OC(COC(=O)CCCCCCCC=CCCCCCCCC)COP(=O)(O)O,[M-H]-,PA 18:1_18:1,PA 18:1(9)_18:1(9),0.831999999999999,0.5545249999999555,5.478843404402827e-06,5.478843404402827e-06,All,Some,0.0,0.0,5233.333333333334,0.0,0.0,0.0,,0.0,0.0,0.0,,4820.454545454545,0.0,0.0,,0.0,0.0,0.0
15717,9.591,802.55951,802.56036,1.05911037009144,C42H80NO8P,CCCCCCCCCCCC=CCCCCC(=O)OC(COC(=O)CCCCC=CCCCCCCCCC)COP(=O)([O-])OCC[N+](C)(C)C,[M+HCOO]-,PC 16:1_18:1,PC 16:1(6)_18:1(6),0.26933333333333326,0.33845999999997883,0.0010146749352413238,0.0010146749352413238,All,Some,0.0,0.0,0.0,0.0,0.0,0.0,0.0,0.0,0.0,1513.858459869848,,0.0,0.0,0.0,0.0,0.0,0.0,0.0
15717,9.591,802.55951,802.56036,1.05911037009144,C42H80NO8P,CCCCCCCCCCCC=CCCCCC(=O)OC(COC(=O)CCCCCCCC=CCCCCCC)COP(=O)([O-])OCC[N+](C)(C)C,[M+HCOO]-,PC 16:1_18:1,PC 16:1(9)_18:1(6),0.3860000000000004,0.31386666666662677,0.0010146749352413238,0.0010146749352413238,All,Some,0.0,0.0,0.0,0.0,0.0,0.0,0.0,0.0,0.0,373.6849240780911,,0.0,0.0,0.0,0.0,0.0,0.0,0.0
15717,9.591,802.55951,802.56036,1.05911037009144,C42H80NO8P,CCCCCCCCCCCC=CCCCCC(=O)OC(COC(=O)CCCCCC=CCCCCCCCC)COP(=O)([O-])OCC[N+](C)(C)C,[M+HCOO]-,PC 16:1_18:1,PC 16:1(7)_18:1(6),0.2704999999999993,0.5109499999999798,0.000761898974619575,0.000761898974619575,All,Some,0.0,0.0,0.0,0.0,0.0,0.0,0.0,0.0,0.0,373.6849240780911,,0.0,0.0,0.0,0.0,0.0,0.0,0.0
15717,9.591,802.55951,802.56036,1.05911037009144,C42H80NO8P,CCCCCCCCC=CCCCCCCCC(=O)OC(COC(=O)CCCCCC=CCCCCCCCC)COP(=O)([O-])OCC[N+](C)(C)C,[M+HCOO]-,PC 16:1_18:1,PC 16:1(7)_18:1(9),0.14199999999999946,0.5587850000000003,1.7855463771644196e-06,1.7855463771644196e-06,All,Some,0.0,0.0,0.0,0.0,0.0,0.0,0.0,0.0,0.0,1887.5433839479392,,0.0,0.0,0.0,0.0,0.0,0.0,0.0
15717,9.591,802.55951,802.56036,1.05911037009144,C42H80NO8P,CCCCCCCCC=CCCCCCCCC(=O)OC(COC(=O)CCCCC=CCCCCCCCCC)COP(=O)([O-])OCC[N+](C)(C)C,[M+HCOO]-,PC 16:1_18:1,PC 16:1(6)_18:1(9),0.09800000000000016,0.40224000000000615,1.1903642514429464e-06,1.1903642514429464e-06,All,Some,0.0,0.0,0.0,0.0,0.0,0.0,0.0,0.0,0.0,373.6849240780911,,0.0,0.0,0.0,0.0,0.0,0.0,0.0
15717,9.591,802.55951,802.56036,1.05911037009144,C42H80NO8P,CCCCCCC=CCCCCCCCCCC(=O)OC(COC(=O)CCCCCC=CCCCCCCCC)COP(=O)([O-])OCC[N+](C)(C)C,[M+HCOO]-,PC 16:1_18:1,PC 16:1(7)_18:1(11),0.2146666666666673,0.3776466666666541,1.1903642514429464e-06,1.1903642514429464e-06,All,Some,0.0,0.0,0.0,0.0,0.0,0.0,0.0,0.0,0.0,1513.858459869848,,0.0,0.0,0.0,0.0,0.0,0.0,0.0
15717,9.591,802.55951,802.56036,1.05911037009144,C42H80NO8P,CCCCCCCCC=CCCCCCCCC(=O)OC(COC(=O)CCCCCCCC=CCCCCCC)COP(=O)([O-])OCC[N+](C)(C)C,[M+HCOO]-,PC 16:1_18:1,PC 16:1(9)_18:1(9),0.2146666666666673,0.3776466666666541,1.1903642514429464e-06,1.1903642514429464e-06,All,Some,0.0,0.0,0.0,0.0,0.0,0.0,0.0,0.0,0.0,373.6849240780911,,0.0,0.0,0.0,0.0,0.0,0.0,0.0
16164,9.696,804.57567,804.57601,0.42258282104518285,C42H82NO8P,CCCCCCCCC=CCCCCCCCC(=O)OC(COC(=O)CCCCCCCCCCCCCCC)COP(=O)([O-])OCC[N+](C)(C)C,[M+HCOO]-,PC 16:0_18:1,PC 16:0_18:1(9),0.3199999999999985,0.477670000000046,0.019398496146843167,0.019398496146843167,All,Some,0.0,0.0,,0.0,0.0,0.0,0.0,0.0,0.0,0.0,0.0,0.0,0.0,0.0,0.0,0.0,0.0,10500.0
16164,9.696,804.57567,804.57601,0.42258282104518285,C42H82NO8P,CCCCCCC=CCCCCCCCCCC(=O)OC(COC(=O)CCCCCCCCCCCCCCC)COP(=O)([O-])OCC[N+](C)(C)C,[M+HCOO]-,PC 16:0_18:1,PC 16:0_18:1(11),0.13400000000000034,0.8956399999999007,2.3062740067000276e-06,2.3062740067000276e-06,All,Some,0.0,0.0,,0.0,0.0,0.0,0.0,0.0,0.0,0.0,0.0,0.0,0.0,0.0,0.0,0.0,0.0,0.0
16231,9.707,699.48822,699.49703,12.594763983543302,C39H73O8P,CCCCCCCCCCCC=CCCCCC(=O)OC(COC(=O)CCCCC=CCCCCCCCCCCC)COP(=O)(O)O,[M-H]-,PA 18:1_18:1,PA 18:1(6)_18:1(6),0.389999999999997,0.15158000000008087,0.019542135277734872,0.019542135277734872,Some,Some,0.0,,,,,,,,,0.0,,,,,,0.0,0.0,
16231,9.707,699.48822,699.49703,12.594763983543302,C39H73O8P,CCCCCCCCCCCC=CCCCCC(=O)OC(COC(=O)CCCCCCCCCC=CCCCCCC)COP(=O)(O)O,[M-H]-,PA 18:1_18:1,PA 18:1(11)_18:1(6),0.6239999999999988,0.10633000000007087,0.014600805974188117,0.014600805974188117,Some,Some,0.0,,,,,,,,,0.0,,,,,,0.0,17133.333333333332,
16231,9.707,699.48822,699.49703,12.594763983543302,C39H73O8P,CCCCCCCCC=CCCCCCCCC(=O)OC(COC(=O)CCCCC=CCCCCCCCCCCC)COP(=O)(O)O,[M-H]-,PA 18:1_18:1,PA 18:1(6)_18:1(9),0.466999999999997,0.5713900000000081,0.009771067638867436,0.009771067638867436,Some,Some,0.0,,,,,,,,,0.0,,,,,,0.0,0.0,
16231,9.707,699.48822,699.49703,12.594763983543302,C39H73O8P,CCCCCCC=CCCCCCCCCCC(=O)OC(COC(=O)CCCCCCCCCC=CCCCCCC)COP(=O)(O)O,[M-H]-,PA 18:1_18:1,PA 18:1(11)_18:1(11),0.8580000000000005,0.06108000000006086,0.009659476670641362,0.009659476670641362,All,Some,0.0,,,,,,,,,0.0,,,,,,0.0,17133.333333333332,
16231,9.707,699.48822,699.49703,12.594763983543302,C39H73O8P,CCCCCCCCC=CCCCCCCCC(=O)OC(COC(=O)CCCCCCCCCC=CCCCCCC)COP(=O)(O)O,[M-H]-,PA 18:1_18:1,PA 18:1(11)_18:1(9),0.7009999999999987,0.526139999999998,0.004829738335320681,0.004829738335320681,All,Some,0.0,,,,,,,,,0.0,,,,,,0.0,17133.333333333332,
16409,9.74,804.57523,804.57601,0.9694547069124836,C42H82NO8P,CCCCCCCCC=CCCCCCCCC(=O)OC(COC(=O)CCCCCCCCCCCCCCC)COP(=O)([O-])OCC[N+](C)(C)C,[M+HCOO]-,PC 16:0_18:1,PC 16:0_18:1(9),0.3199999999999985,0.477670000000046,0.02221891572907693,0.02221891572907693,All,Some,0.0,,0.0,,,,0.0,0.0,,0.0,,,,,0.0,16400.0,,
16409,9.74,804.57523,804.57601,0.9694547069124836,C42H82NO8P,CCCCCCC=CCCCCCCCCCC(=O)OC(COC(=O)CCCCCCCCCCCCCCC)COP(=O)([O-])OCC[N+](C)(C)C,[M+HCOO]-,PC 16:0_18:1,PC 16:0_18:1(11),0.21099999999999852,0.9288500000000113,2.495100827374086e-06,2.495100827374086e-06,All,Some,0.0,,0.0,,,,0.0,0.0,,0.0,,,,,0.0,0.0,,
16516,9.764,819.51572,819.51816,2.97735928143274,C46H77O10P,CCC=CCC=CCC=CCC=CCC=CCC=CCCC(=O)OC(COC(=O)CCCCCCCC=CCCCCCCCC)COP(=O)(O)OCC(O)CO,[M-H]-,PG 18:1_22:6,"PG 18:1(9)_22:6(4,7,10,13,16,19)",0.4656666666666685,0.7519483333333975,0.005891405324735617,0.005891405324735617,Some,Some,0.0,0.0,0.0,0.0,0.0,0.0,0.0,0.0,0.0,18186.79245283019,0.0,0.0,0.0,0.0,0.0,0.0,0.0,0.0
16516,9.764,819.51572,819.51816,2.97735928143274,C46H77O10P,CCC=CCC=CCC=CCC=CCC=CCC=CCCC(=O)OC(COC(=O)CCCCCCCCCC=CCCCCCC)COP(=O)(O)OCC(O)CO,[M-H]-,PG 18:1_22:6,"PG 18:1(11)_22:6(4,7,10,13,16,19)",0.3635000000000015,0.6899462500000624,0.004418553993551713,0.004418553993551713,All,Some,0.0,0.0,0.0,0.0,0.0,0.0,0.0,0.0,0.0,8756.603773584906,0.0,0.0,0.0,0.0,0.0,0.0,0.0,0.0
16516,9.764,819.51572,819.51816,2.97735928143274,C46H77O10P,CCC=CCC=CCC=CCC=CCC=CCC=CCCC(=O)OC(COC(=O)CCCCC=CCCCCCCCCCCC)COP(=O)(O)OCC(O)CO,[M-H]-,PG 18:1_22:6,"PG 18:1(6)_22:6(4,7,10,13,16,19)",0.38025000000000153,0.6170750000000567,0.004418553993551713,0.004418553993551713,Some,Some,0.0,0.0,0.0,0.0,0.0,0.0,0.0,0.0,0.0,8756.603773584906,0.0,0.0,0.0,0.0,0.0,0.0,0.0,0.0
17155,9.946,809.56618,809.57019,4.953245622833336,C46H83O9P,CCCCCCCCCCCCCCCCCC(=O)OC(COCCCCCCC=CCC=CCC=CCC=CCC=CCC)COP(=O)(O)OCC(O)CO,[M-H]-,PG O-22:5_18:0,"PG O-22:5(7,10,13,16,19)_18:0",0.3225999999999999,0.48726100000003497,0.0016876327249005462,0.0016876327249005462,All,Some,0.0,0.0,254115.9093953293,249354.5586107091,0.0,0.0,0.0,0.0,0.0,0.0,260911.46356153383,0.0,0.0,0.0,267390.5065815716,0.0,0.0,0.0
17155,9.946,809.56618,809.57019,4.953245622833336,C46H83O9P,CCCCCCCCCCCCCCCCCC(=O)OC(COCCCC=CCC=CCC=CCC=CCC=CCCCCC)COP(=O)(O)OCC(O)CO,[M-H]-,PG O-22:5_18:0,"PG O-22:5(4,7,10,13,16)_18:0",0.42200000000000043,0.4413757894736639,0.0009381705510537699,0.0009381705510537699,All,Some,0.0,0.0,1884.0906046706946,17645.441389290885,0.0,0.0,0.0,0.0,0.0,0.0,5088.536438466172,0.0,0.0,0.0,1609.4934184284004,0.0,0.0,0.0
17265,9.972,821.53017,821.53381,4.4307366972742335,C46H79O10P,CCC=CCC=CCC=CCC=CCC=CCCCCCC(=O)OC(COC(=O)CCCCCCCCCC=CCCCCCC)COP(=O)(O)OCC(O)CO,[M-H]-,PG 18:1_22:5,"PG 18:1(11)_22:5(7,10,13,16,19)",0.4191111111111121,0.47515333333329735,0.009084017034129654,0.009084017034129654,All,Some,0.0,0.0,16166.769149683763,0.0,0.0,0.0,0.0,0.0,0.0,0.0,12012.374801085836,0.0,0.0,0.0,0.0,0.0,0.0,0.0
17265,9.972,821.53017,821.53381,4.4307366972742335,C46H79O10P,CCC=CCC=CCC=CCC=CCC=CCCCCCC(=O)OC(COC(=O)CCCCCCCC=CCCCCCCCC)COP(=O)(O)OCC(O)CO,[M-H]-,PG 18:1_22:5,"PG 18:1(9)_22:5(7,10,13,16,19)",0.4655000000000009,0.43535749999996654,0.00795409846478495,0.00795409846478495,Some,Some,0.0,0.0,1460.7124033731554,0.0,0.0,0.0,0.0,0.0,0.0,0.0,1534.1289899840867,0.0,0.0,0.0,0.0,0.0,0.0,0.0
17265,9.972,821.53017,821.53381,4.4307366972742335,C46H79O10P,CCCCCC=CCC=CCC=CCC=CCC=CCCC(=O)OC(COC(=O)CCCCCCCCCC=CCCCCCC)COP(=O)(O)OCC(O)CO,[M-H]-,PG 18:1_22:5,"PG 18:1(11)_22:5(4,7,10,13,16)",0.20025000000000093,0.653383749999989,0.004540196388239063,0.004540196388239063,All,Some,0.0,0.0,16166.769149683763,0.0,0.0,0.0,0.0,0.0,0.0,0.0,10494.430403444725,0.0,0.0,0.0,0.0,0.0,0.0,0.0
17265,9.972,821.53017,821.53381,4.4307366972742335,C46H79O10P,CCC=CCC=CCC=CCC=CCC=CCCCCCC(=O)OC(COC(=O)CCCCC=CCCCCCCCCCCC)COP(=O)(O)OCC(O)CO,[M-H]-,PG 18:1_22:5,"PG 18:1(6)_22:5(7,10,13,16,19)",0.4455000000000009,0.5096962499999762,0.004269719377498808,0.004269719377498808,Some,Some,0.0,0.0,1845.9680252986648,0.0,0.0,0.0,0.0,0.0,0.0,0.0,1089.4786108770945,0.0,0.0,0.0,0.0,0.0,0.0,0.0
17265,9.972,821.53017,821.53381,4.4307366972742335,C46H79O10P,CCCCCC=CCC=CCC=CCC=CCC=CCCC(=O)OC(COC(=O)CCCCCCCC=CCCCCCCCC)COP(=O)(O)OCC(O)CO,[M-H]-,PG 18:1_22:5,"PG 18:1(9)_22:5(4,7,10,13,16)",0.19106666666666736,0.6347639999999956,0.0036332762632352187,0.0036332762632352187,Some,Some,0.0,0.0,15899.068868587492,0.0,0.0,0.0,0.0,0.0,0.0,0.0,10494.430403444725,0.0,0.0,0.0,0.0,0.0,0.0,0.0
17265,9.972,821.53017,821.53381,4.4307366972742335,C46H79O10P,CCCCCC=CCC=CCC=CCC=CCC=CCCC(=O)OC(COC(=O)CCCCC=CCCCCCCCCCCC)COP(=O)(O)OCC(O)CO,[M-H]-,PG 18:1_22:5,"PG 18:1(6)_22:5(4,7,10,13,16)",0.18057142857142924,0.6176507142857061,0.0019249307745610625,0.0019249307745610625,Some,Some,0.0,0.0,1460.7124033731554,0.0,0.0,0.0,0.0,0.0,0.0,0.0,775.1567911635308,0.0,0.0,0.0,0.0,0.0,0.0,0.0
17713,10.082,809.56642,809.57019,4.656792019517615,C46H83O9P,CCCCCCCCCCCCCCCC(=O)OC(COCCCCCCCCC=CCC=CCC=CCC=CCC=CCC)COP(=O)(O)OCC(O)CO,[M-H]-,PG O-24:5_16:0,"PG O-24:5(9,12,15,18,21)_16:0",0.23488888888888818,0.13752000000002024,0.00238919588294722,0.00238919588294722,All,Some,0.0,113000.0,0.0,0.0,117000.0,126000.0,111980.80903832389,218000.0,112430.83429600767,0.0,0.0,230632.2019567581,212000.0,211000.0,0.0,211557.4342707739,193000.0,215425.96197035487
17713,10.082,809.56642,809.57019,4.656792019517615,C46H83O9P,CCCCCCCCCCCCCCCC(=O)OC(COCCCCCC=CCC=CCC=CCC=CCC=CCCCCC)COP(=O)(O)OCC(O)CO,[M-H]-,PG O-24:5_16:0,"PG O-24:5(6,9,12,15,18)_16:0",0.45799999999999874,0.4973119999999767,0.0015452927545752814,0.0015452927545752814,All,Some,0.0,0.0,0.0,0.0,0.0,0.0,4019.1909616761127,0.0,1569.1657039923248,0.0,0.0,21367.798043241935,0.0,0.0,0.0,2442.565729226114,0.0,3574.0380296451567
17734,10.087,790.53854,790.53923,0.8728219597188366,C45H78NO8P,CCC=CCC=CCC=CCC=CCC=CCCCCCC(=O)OC(COC(=O)CCCCCCCC=CCCCCCCCC)COP(=O)(O)OCCN,[M-H]-,PE 18:1_22:5,"PE 18:1(9)_22:5(7,10,13,16,19)",0.4891428571428576,0.5371871428571596,0.005860063686650509,0.005860063686650509,Some,Some,5947.693770803614,0.0,0.0,0.0,0.0,0.0,0.0,0.0,0.0,19799.10492292392,0.0,0.0,0.0,0.0,0.0,0.0,0.0,0.0
17734,10.087,790.53854,790.53923,0.8728219597188366,C45H78NO8P,CCC=CCC=CCC=CCC=CCC=CCCCCCC(=O)OC(COC(=O)CCCCCCCCCC=CCCCCCC)COP(=O)(O)OCCN,[M-H]-,PE 18:1_22:5,"PE 18:1(11)_22:5(7,10,13,16,19)",0.42600000000000016,0.6789262500000177,0.005120976910570086,0.005120976910570086,All,Some,0.0,0.0,0.0,0.0,0.0,0.0,0.0,0.0,0.0,0.0,0.0,0.0,0.0,0.0,0.0,0.0,0.0,0.0
17734,10.087,790.53854,790.53923,0.8728219597188366,C45H78NO8P,CCC=CCC=CCC=CCC=CCC=CCCCCCC(=O)OC(COC(=O)CCCCC=CCCCCCCCCCCC)COP(=O)(O)OCCN,[M-H]-,PE 18:1_22:5,"PE 18:1(6)_22:5(7,10,13,16,19)",0.4415,0.5764437500000383,0.005120976910570086,0.005120976910570086,Some,Some,7075.155792476912,0.0,0.0,0.0,0.0,0.0,0.0,0.0,0.0,19914.255379198195,0.0,0.0,0.0,0.0,0.0,0.0,0.0,0.0
17734,10.087,790.53854,790.53923,0.8728219597188366,C45H78NO8P,CCCCCC=CCC=CCC=CCC=CCC=CCCC(=O)OC(COC(=O)CCCCCCCC=CCCCCCCCC)COP(=O)(O)OCCN,[M-H]-,PE 18:1_22:5,"PE 18:1(9)_22:5(4,7,10,13,16)",0.40430769230769287,0.39932461538463626,0.001001130605030045,0.001001130605030045,Some,Some,466.23870660960534,0.0,0.0,0.0,0.0,0.0,0.0,0.0,0.0,198.12652035426777,0.0,0.0,0.0,0.0,0.0,0.0,0.0,0.0
17734,10.087,790.53854,790.53923,0.8728219597188366,C45H78NO8P,CCCCCC=CCC=CCC=CCC=CCC=CCCC(=O)OC(COC(=O)CCCCCCCCCC=CCCCCCC)COP(=O)(O)OCCN,[M-H]-,PE 18:1_22:5,"PE 18:1(11)_22:5(4,7,10,13,16)",0.3161538461538464,0.40257692307694437,0.0005832746088978408,0.0005832746088978408,Some,Some,11598.26813824862,0.0,0.0,0.0,0.0,0.0,0.0,0.0,0.0,22295.160401575118,0.0,0.0,0.0,0.0,0.0,0.0,0.0,0.0
17734,10.087,790.53854,790.53923,0.8728219597188366,C45H78NO8P,CCCCCC=CCC=CCC=CCC=CCC=CCCC(=O)OC(COC(=O)CCCCC=CCCCCCCCCCCC)COP(=O)(O)OCCN,[M-H]-,PE 18:1_22:5,"PE 18:1(6)_22:5(4,7,10,13,16)",0.3509230769230773,0.40329307692311783,0.0005832746088978408,0.0005832746088978408,Some,Some,1412.6435918612508,0.0,0.0,0.0,0.0,0.0,0.0,0.0,0.0,793.3527759484995,0.0,0.0,0.0,0.0,0.0,0.0,0.0,0.0
17761,10.093,821.53045,821.53381,4.0899107975158415,C46H79O10P,CCC=CCC=CCC=CCC=CCC=CCCCCCC(=O)OC(COC(=O)CCCCCCCCCC=CCCCCCC)COP(=O)(O)OCC(O)CO,[M-H]-,PG 18:1_22:5,"PG 18:1(11)_22:5(7,10,13,16,19)",0.4377777777777787,0.46149444444445936,0.010812402329622372,0.010812402329622372,All,Some,0.0,13575.091575091577,0.0,0.0,,0.0,0.0,,,0.0,0.0,0.0,8854.90822027135,15592.73133911099,0.0,20400.0,0.0,26250.0
17761,10.093,821.53045,821.53381,4.0899107975158415,C46H79O10P,CCC=CCC=CCC=CCC=CCC=CCCCCCC(=O)OC(COC(=O)CCCCCCCC=CCCCCCCCC)COP(=O)(O)OCC(O)CO,[M-H]-,PG 18:1_22:5,"PG 18:1(9)_22:5(7,10,13,16,19)",0.429250000000001,0.4089312500000233,0.009783280431679853,0.009783280431679853,Some,Some,0.0,958.2417582417585,0.0,0.0,,0.0,16397.122302158274,,,0.0,0.0,0.0,14196.727853152437,12671.512440592674,0.0,0.0,19966.666666666664,0.0
17761,10.093,821.53045,821.53381,4.0899107975158415,C46H79O10P,CCC=CCC=CCC=CCC=CCC=CCCCCCC(=O)OC(COC(=O)CCCCC=CCCCCCCCCCCC)COP(=O)(O)OCC(O)CO,[M-H]-,PG 18:1_22:5,"PG 18:1(6)_22:5(7,10,13,16,19)",0.36400000000000077,0.5361257142857474,0.00636385750164619,0.00636385750164619,Some,Some,0.0,13575.091575091577,0.0,0.0,,0.0,0.0,,,0.0,0.0,0.0,8854.90822027135,15592.73133911099,0.0,20400.0,0.0,26250.0
17761,10.093,821.53045,821.53381,4.0899107975158415,C46H79O10P,CCCCCC=CCC=CCC=CCC=CCC=CCCC(=O)OC(COC(=O)CCCCCCCCCC=CCCCCCC)COP(=O)(O)OCC(O)CO,[M-H]-,PG 18:1_22:5,"PG 18:1(11)_22:5(4,7,10,13,16)",0.44883333333333414,0.37118416666663734,0.0059909214206411085,0.0059909214206411085,All,Some,0.0,958.2417582417585,0.0,0.0,,0.0,5397.122302158273,,,0.0,0.0,0.0,14196.727853152437,12671.512440592674,0.0,0.0,19966.666666666664,0.0
17761,10.093,821.53045,821.53381,4.0899107975158415,C46H79O10P,CCCCCC=CCC=CCC=CCC=CCC=CCCC(=O)OC(COC(=O)CCCCCCCC=CCCCCCCCC)COP(=O)(O)OCC(O)CO,[M-H]-,PG 18:1_22:5,"PG 18:1(9)_22:5(4,7,10,13,16)",0.4277777777777787,0.3501611111110934,0.005638782844199211,0.005638782844199211,Some,Some,0.0,13575.091575091577,0.0,0.0,,0.0,4605.755395683454,,,0.0,0.0,0.0,0.0,0.0,0.0,20400.0,0.0,0.0
17761,10.093,821.53045,821.53381,4.0899107975158415,C46H79O10P,CCCCCC=CCC=CCC=CCC=CCC=CCCC(=O)OC(COC(=O)CCCCC=CCCCCCCCCCCC)COP(=O)(O)OCC(O)CO,[M-H]-,PG 18:1_22:5,"PG 18:1(6)_22:5(4,7,10,13,16)",0.3782000000000007,0.40638599999997493,0.001908839260048732,0.001908839260048732,Some,Some,0.0,958.2417582417585,0.0,0.0,,0.0,18700.0,,,0.0,0.0,0.0,14196.727853152437,12671.512440592674,0.0,0.0,19966.666666666664,0.0
17927,10.14,827.51771,827.52324,6.682591778354857,C48H77O9P,CCC=CCC=CCC=CCC=CCCCCCCC(=O)OC(COCCCC=CCC=CCC=CCC=CCC=CCC=CCC)COP(=O)(O)OCC(O)CO,[M-H]-,PG O-22:6_20:4,"PG O-22:6(4,7,10,13,16,19)_20:4(8,11,14,17)",0.4751999999999995,0.4717160000000149,0.0023801309047239887,0.0023801309047239887,All,Some,131755.1451187335,0.0,77500.0,25400.0,0.0,0.0,0.0,0.0,0.0,273297.79324994097,35608.011444921314,92300.0,0.0,0.0,55227.762656505176,0.0,0.0,
17927,10.14,827.51771,827.52324,6.682591778354857,C48H77O9P,CCCCCC=CCC=CCC=CCC=CCCCC(=O)OC(COCCCC=CCC=CCC=CCC=CCC=CCC=CCC)COP(=O)(O)OCC(O)CO,[M-H]-,PG O-22:6_20:4,"PG O-22:6(4,7,10,13,16,19)_20:4(5,8,11,14)",0.353636363636363,0.5812072727272938,0.0021460891912862584,0.0021460891912862584,Some,Some,164244.8548812665,0.0,0.0,25400.0,0.0,0.0,0.0,0.0,0.0,335702.206750059,16791.988555078682,0.0,0.0,0.0,16572.237343494828,0.0,0.0,
18291,10.24,809.5665,809.57019,4.5579741516988985,C46H83O9P,CCCCCCCCCCCCCCCC(=O)OC(COCCCCCCCCC=CCC=CCC=CCC=CCC=CCC)COP(=O)(O)OCC(O)CO,[M-H]-,PG O-24:5_16:0,"PG O-24:5(9,12,15,18,21)_16:0",0.2399999999999995,0.35125199999997675,0.0020986977109259167,0.0020986977109259167,All,Some,0.0,0.0,210422.65080016412,47586.206896551725,0.0,0.0,0.0,0.0,0.0,0.0,97464.58141674334,221277.78756828883,0.0,0.0,237732.6801959412,0.0,0.0,0.0
18291,10.24,809.5665,809.57019,4.5579741516988985,C46H83O9P,CCCCCCCCCCCCCCCC(=O)OC(COCCCCCC=CCC=CCC=CCC=CCC=CCCCCC)COP(=O)(O)OCC(O)CO,[M-H]-,PG O-24:5_16:0,"PG O-24:5(6,9,12,15,18)_16:0",0.3029999999999994,0.3248789999999758,0.001180826721869726,0.001180826721869726,All,Some,0.0,0.0,29577.349199835862,402413.7931034483,0.0,0.0,0.0,0.0,0.0,0.0,230535.4185832567,23722.212431711185,0.0,0.0,62267.319804058796,0.0,0.0,0.0
18386,10.265,806.59916,806.60691,9.608149773955281,C47H86NO7P,CCCCCCC=CCCCCCCCC(=O)OC(COCCCCCCCCCCC=CCC=CCC=CCC=CCCCCC)COP(=O)(O)OCCN,[M-H]-,PE O-26:4_16:1,"PE O-26:4(11,14,17,20)_16:1(9)",0.24099999999999877,0.2921062499999749,0.0024620303193730406,0.0024620303193730406,All,Some,0.0,0.0,59363.05732484077,60528.64060470062,0.0,0.0,0.0,0.0,0.0,0.0,57164.751765573936,52443.68832936372,0.0,0.0,55938.1245196003,0.0,0.0,0.0
18386,10.265,806.59916,806.60691,9.608149773955281,C47H86NO7P,CCCCCCCCC=CCCCCCC(=O)OC(COCCCCCCCCCCC=CCC=CCC=CCC=CCCCCC)COP(=O)(O)OCCN,[M-H]-,PE O-26:4_16:1,"PE O-26:4(11,14,17,20)_16:1(7)",0.35799999999999876,0.08403833333331552,0.0004747664297155767,0.0004747664297155767,Some,Some,0.0,0.0,1273.8853503184714,3724.5777725286407,0.0,0.0,0.0,0.0,0.0,0.0,1874.8814166754505,1307.2473630486556,0.0,0.0,1749.807840122982,0.0,0.0,0.0
18386,10.265,806.59916,806.60691,9.608149773955281,C47H86NO7P,CCCCCCCCCC=CCCCCC(=O)OC(COCCCCCCCCCCC=CCC=CCC=CCC=CCCCCC)COP(=O)(O)OCCN,[M-H]-,PE O-26:4_16:1,"PE O-26:4(11,14,17,20)_16:1(6)",0.2839999999999984,0.3374857142856789,0.00011920916040811282,0.00011920916040811282,All,Some,0.0,0.0,59363.05732484077,79746.78162277077,0.0,0.0,0.0,0.0,0.0,0.0,61960.366817750604,59249.064307587614,0.0,0.0,58312.067640276706,0.0,0.0,0.0
18401,10.269,790.53829,790.53923,1.1890618002779592,C45H78NO8P,CCC=CCC=CCC=CCC=CCC=CCCCCCC(=O)OC(COC(=O)CCCCCCCC=CCCCCCCCC)COP(=O)(O)OCCN,[M-H]-,PE 18:1_22:5,"PE 18:1(9)_22:5(7,10,13,16,19)",0.3585714285714288,0.6428985714285643,0.006146568962699125,0.006146568962699125,Some,Some,7386.735193343122,0.0,0.0,0.0,0.0,0.0,0.0,0.0,0.0,14243.93538782856,0.0,0.0,0.0,0.0,0.0,0.0,0.0,0.0
18401,10.269,790.53829,790.53923,1.1890618002779592,C45H78NO8P,CCC=CCC=CCC=CCC=CCC=CCCCCCC(=O)OC(COC(=O)CCCCCCCCCC=CCCCCCC)COP(=O)(O)OCCN,[M-H]-,PE 18:1_22:5,"PE 18:1(11)_22:5(7,10,13,16,19)",0.2865714285714286,0.6499414285714238,0.006146428344906217,0.006146428344906217,All,Some,739.7944199706313,0.0,0.0,0.0,0.0,0.0,0.0,0.0,0.0,382.0250183304819,0.0,0.0,0.0,0.0,0.0,0.0,0.0,0.0
18401,10.269,790.53829,790.53923,1.1890618002779592,C45H78NO8P,CCC=CCC=CCC=CCC=CCC=CCCCCCC(=O)OC(COC(=O)CCCCC=CCCCCCCCCCCC)COP(=O)(O)OCCN,[M-H]-,PE 18:1_22:5,"PE 18:1(6)_22:5(7,10,13,16,19)",0.3464999999999998,0.6645874999999961,0.00537812480179294,0.00537812480179294,Some,Some,7386.735193343122,0.0,0.0,0.0,0.0,0.0,0.0,0.0,0.0,15332.068344924122,0.0,0.0,0.0,0.0,0.0,0.0,0.0,0.0
18401,10.269,790.53829,790.53923,1.1890618002779592,C45H78NO8P,CCCCCC=CCC=CCC=CCC=CCC=CCCC(=O)OC(COC(=O)CCCCCCCC=CCCCCCCCC)COP(=O)(O)OCCN,[M-H]-,PE 18:1_22:5,"PE 18:1(9)_22:5(4,7,10,13,16)",0.5118749999999999,0.40528500000000633,0.0007824393498246262,0.0007824393498246262,Some,Some,0.0,0.0,0.0,0.0,0.0,0.0,0.0,0.0,0.0,810.2073010864974,0.0,0.0,0.0,0.0,0.0,0.0,0.0,0.0
18401,10.269,790.53829,790.53923,1.1890618002779592,C45H78NO8P,CCCCCC=CCC=CCC=CCC=CCC=CCCC(=O)OC(COC(=O)CCCCCCCCCC=CCCCCCC)COP(=O)(O)OCCN,[M-H]-,PE 18:1_22:5,"PE 18:1(11)_22:5(4,7,10,13,16)",0.4479999999999997,0.3762813333333421,0.0004914754168560339,0.0004914754168560339,Some,Some,7386.735193343122,0.0,0.0,0.0,0.0,0.0,0.0,0.0,0.0,13163.658986379898,0.0,0.0,0.0,0.0,0.0,0.0,0.0,0.0
18401,10.269,790.53829,790.53923,1.1890618002779592,C45H78NO8P,CCCCCC=CCC=CCC=CCC=CCC=CCCC(=O)OC(COC(=O)CCCCC=CCCCCCCCCCCC)COP(=O)(O)OCCN,[M-H]-,PE 18:1_22:5,"PE 18:1(6)_22:5(4,7,10,13,16)",0.44941176470588173,0.5120705882353003,0.0004336547795788534,0.0004336547795788534,Some,Some,0.0,0.0,0.0,0.0,0.0,0.0,0.0,0.0,0.0,268.104961450441,0.0,0.0,0.0,0.0,0.0,0.0,0.0,0.0
18823,10.42,806.59918,806.60691,9.583354548653787,C47H86NO7P,CCCCCCC=CCCCCCCCC(=O)OC(COCCCCCCCCCCC=CCC=CCC=CCC=CCCCCC)COP(=O)(O)OCCN,[M-H]-,PE O-26:4_16:1,"PE O-26:4(11,14,17,20)_16:1(9)",0.2233333333333335,0.44436111111110677,0.003222510645273756,0.003222510645273756,All,Some,0.0,23300.0,0.0,0.0,18266.666666666668,17154.30087154225,14753.843664023305,40409.3222063912,,0.0,0.0,0.0,39000.0,40629.84336356142,0.0,39666.666666666664,19215.15048461146,43009.27152317881
18823,10.42,806.59918,806.60691,9.583354548653787,C47H86NO7P,CCCCCCCCC=CCCCCCC(=O)OC(COCCCCCCCCCCC=CCC=CCC=CCC=CCCCCC)COP(=O)(O)OCCN,[M-H]-,PE O-26:4_16:1,"PE O-26:4(11,14,17,20)_16:1(7)",0.3152000000000001,0.5711420000000317,0.0006966259922781964,0.0006966259922781964,Some,Some,0.0,0.0,0.0,0.0,18266.666666666668,11791.3982569155,7790.581000161838,33181.355587217586,,0.0,0.0,0.0,39000.0,29740.313272877163,0.0,39666.666666666664,19215.15048461146,33981.45695364239
18823,10.42,806.59918,806.60691,9.583354548653787,C47H86NO7P,CCCCCCCCCC=CCCCCC(=O)OC(COCCCCCCCCCCC=CCC=CCC=CCC=CCCCCC)COP(=O)(O)OCCN,[M-H]-,PE O-26:4_16:1,"PE O-26:4(11,14,17,20)_16:1(6)",0.24275000000000002,0.4904737500000067,0.0004353912451738728,0.0004353912451738728,All,Some,0.0,23300.0,0.0,0.0,18266.666666666668,17154.30087154225,20055.575335814854,40409.322206391196,,0.0,0.0,0.0,39000.0,40629.84336356142,0.0,39666.666666666664,51469.69903077708,43009.27152317882
19030,10.493,673.4807,673.48138,1.009678990662619,C37H71O8P,CCCCCCC=CCCCCCCCCCC(=O)OC(COC(=O)CCCCCCCCCCCCCCC)COP(=O)(O)O,[M-H]-,PA 16:0_18:1,PA 16:0_18:1(11),0.15199999999999925,0.07117000000010876,0.01101321434801317,0.01101321434801317,All,All,0.0,,0.0,,,0.0,,,,19600.0,,,,,,,,
19030,10.493,673.4807,673.48138,1.009678990662619,C37H71O8P,CCCCCCCCC=CCCCCCCCC(=O)OC(COC(=O)CCCCCCCCCCCCCCC)COP(=O)(O)O,[M-H]-,PA 16:0_18:1,PA 16:0_18:1(9),0.8019999999999996,0.0862149999999815,4.871810549751788e-06,4.871810549751788e-06,All,Some,0.0,,0.0,,,0.0,,,,0.0,,,,,,,,
19077,10.509,804.57553,804.57601,0.5965875120222286,C42H82NO8P,CCCCCCC=CCCCCCCCCCC(=O)OC(COC(=O)CCCCCCCCCCCCCCC)COP(=O)([O-])OCC[N+](C)(C)C,[M+HCOO]-,PC 16:0_18:1,PC 16:0_18:1(11),0.43200000000000216,0.12331000000006043,0.04298633130436117,0.04298633130436117,All,Some,0.0,,,,,0.0,,0.0,,0.0,,,0.0,,,,0.0,0.0
19077,10.509,804.57553,804.57601,0.5965875120222286,C42H82NO8P,CCCCCCCCC=CCCCCCCCC(=O)OC(COC(=O)CCCCCCCCCCCCCCC)COP(=O)([O-])OCC[N+](C)(C)C,[M+HCOO]-,PC 16:0_18:1,PC 16:0_18:1(9),0.4399999999999995,0.4782100000000469,0.0014732198150369507,0.0014732198150369507,All,Some,0.0,,,,,0.0,,0.0,,61200.0,,,0.0,,,,0.0,0.0
19436,10.633,792.55379,792.55488,1.3752990833600047,C45H80NO8P,CCCCCC=CCC=CCC=CCC=CCC=CCCC(=O)OC(COC(=O)CCCCCCCCCCCCCCCCC)COP(=O)(O)OCCN,[M-H]-,PE 18:0_22:5,"PE 18:0_22:5(4,7,10,13,16)",0.3251666666666682,0.6541483333333815,0.004170539088565789,0.004170539088565789,All,Some,0.0,0.0,0.0,,0.0,0.0,0.0,0.0,0.0,0.0,0.0,20215.325375433193,0.0,0.0,19600.0,0.0,0.0,0.0
19436,10.633,792.55379,792.55488,1.3752990833600047,C45H80NO8P,CCC=CCC=CCC=CCC=CCC=CCCCCCC(=O)OC(COC(=O)CCCCCCCCCCCCCCCCC)COP(=O)(O)OCCN,[M-H]-,PE 18:0_22:5,"PE 18:0_22:5(7,10,13,16,19)",0.48714285714285716,0.6819357142857468,0.0005128506497975905,0.0005128506497975905,All,Some,0.0,0.0,18400.0,,0.0,0.0,0.0,0.0,0.0,0.0,17900.0,584.6746245668078,0.0,0.0,0.0,0.0,0.0,0.0
20022,10.872,821.52979,821.53381,4.893286132640852,C46H79O10P,CCC=CCC=CCC=CCC=CCC=CCCCCCC(=O)OC(COC(=O)CCCCCCCC=CCCCCCCCC)COP(=O)(O)OCC(O)CO,[M-H]-,PG 18:1_22:5,"PG 18:1(9)_22:5(7,10,13,16,19)",0.29771428571428665,0.4179728571428508,0.005365476800945954,0.005365476800945954,Some,Some,0.0,0.0,0.0,0.0,0.0,0.0,0.0,0.0,0.0,0.0,0.0,0.0,0.0,0.0,0.0,0.0,0.0,0.0
20022,10.872,821.52979,821.53381,4.893286132640852,C46H79O10P,CCC=CCC=CCC=CCC=CCC=CCCCCCC(=O)OC(COC(=O)CCCCCCCCCC=CCCCCCC)COP(=O)(O)OCC(O)CO,[M-H]-,PG 18:1_22:5,"PG 18:1(11)_22:5(7,10,13,16,19)",0.4017500000000003,0.5427737500000234,0.0052088622425946335,0.0052088622425946335,All,Some,12566.666666666666,0.0,0.0,0.0,0.0,0.0,0.0,0.0,0.0,21495.584988962473,0.0,0.0,0.0,0.0,0.0,0.0,0.0,0.0
20022,10.872,821.52979,821.53381,4.893286132640852,C46H79O10P,CCC=CCC=CCC=CCC=CCC=CCCCCCC(=O)OC(COC(=O)CCCCC=CCCCCCCCCCCC)COP(=O)(O)OCC(O)CO,[M-H]-,PG 18:1_22:5,"PG 18:1(6)_22:5(7,10,13,16,19)",0.2907500000000005,0.5392837500000383,0.004813046957619043,0.004813046957619043,Some,Some,0.0,0.0,0.0,0.0,0.0,0.0,0.0,0.0,0.0,0.0,0.0,0.0,0.0,0.0,0.0,0.0,0.0,0.0
20022,10.872,821.52979,821.53381,4.893286132640852,C46H79O10P,CCCCCC=CCC=CCC=CCC=CCC=CCCC(=O)OC(COC(=O)CCCCCCCC=CCCCCCCCC)COP(=O)(O)OCC(O)CO,[M-H]-,PG 18:1_22:5,"PG 18:1(9)_22:5(4,7,10,13,16)",0.20444444444444443,0.5895977777778209,0.0013764143265673305,0.0013764143265673305,Some,Some,12566.666666666666,0.0,0.0,0.0,0.0,0.0,0.0,0.0,0.0,21495.584988962473,0.0,0.0,0.0,0.0,0.0,0.0,0.0,0.0
20022,10.872,821.52979,821.53381,4.893286132640852,C46H79O10P,CCCCCC=CCC=CCC=CCC=CCC=CCCC(=O)OC(COC(=O)CCCCCCCCCC=CCCCCCC)COP(=O)(O)OCC(O)CO,[M-H]-,PG 18:1_22:5,"PG 18:1(11)_22:5(4,7,10,13,16)",0.26709999999999995,0.6404860000000326,0.0012993173436222452,0.0012993173436222452,All,Some,0.0,0.0,0.0,0.0,0.0,0.0,0.0,0.0,0.0,8942.163355408387,0.0,0.0,0.0,0.0,0.0,0.0,0.0,0.0
20022,10.872,821.52979,821.53381,4.893286132640852,C46H79O10P,CCCCCC=CCC=CCC=CCC=CCC=CCCC(=O)OC(COC(=O)CCCCC=CCCCCCCCCCCC)COP(=O)(O)OCC(O)CO,[M-H]-,PG 18:1_22:5,"PG 18:1(6)_22:5(4,7,10,13,16)",0.22277777777777766,0.6349244444444808,0.0012677680329244547,0.0012677680329244547,Some,Some,12566.666666666666,0.0,0.0,0.0,0.0,0.0,0.0,0.0,0.0,25966.666666666668,0.0,0.0,0.0,0.0,0.0,0.0,0.0,0.0
20227,10.956,824.585,824.58109,4.741801682620388,C44H80NO7P,CCCCCCCCCCCCCCCC(=O)OC(COCCCCC=CCC=CCC=CCC=CCC=CCC)COP(=O)([O-])OCC[N+](C)(C)C,[M+CH3COO]-,PC O-20:5_16:0,"PC O-20:5(5,8,11,14,17)_16:0",0.33175000000000043,0.5099787499999877,0.005962902710346653,0.005962902710346653,All,Some,0.0,0.0,,2200000.0,0.0,0.0,0.0,0.0,0.0,0.0,,1510000.0,0.0,0.0,,0.0,0.0,0.0
20562,11.094,850.60041,850.59674,4.314617994017309,C46H82NO7P,CCCCCCC=CCCCCCCCCCC(=O)OC(COCCCCC=CCC=CCC=CCC=CCC=CCC)COP(=O)([O-])OCC[N+](C)(C)C,[M+CH3COO]-,PC O-20:5_18:1,"PC O-20:5(5,8,11,14,17)_18:1(11)",0.33216666666666644,0.38520083333330984,0.003252666094921279,0.003252666094921279,All,Some,0.0,0.0,836798.9957633768,920798.076923077,0.0,0.0,0.0,0.0,0.0,0.0,833541.8768920283,892407.2319020194,0.0,0.0,842392.4449108079,0.0,0.0,0.0
20562,11.094,850.60041,850.59674,4.314617994017309,C46H82NO7P,CCCCCCCCCCCC=CCCCCC(=O)OC(COCCCCC=CCC=CCC=CCC=CCC=CCC)COP(=O)([O-])OCC[N+](C)(C)C,[M+CH3COO]-,PC O-20:5_18:1,"PC O-20:5(5,8,11,14,17)_18:1(6)",0.3122,0.42573699999999237,0.003024914504809415,0.003024914504809415,Some,Some,0.0,0.0,718738.4277420368,920798.076923077,0.0,0.0,0.0,0.0,0.0,0.0,648046.4177598385,892407.2319020194,0.0,0.0,842392.4449108079,0.0,0.0,0.0
20562,11.094,850.60041,850.59674,4.314617994017309,C46H82NO7P,CCCCCCCCC=CCCCCCCCC(=O)OC(COCCCCC=CCC=CCC=CCC=CCC=CCC)COP(=O)([O-])OCC[N+](C)(C)C,[M+CH3COO]-,PC O-20:5_18:1,"PC O-20:5(5,8,11,14,17)_18:1(9)",0.3323999999999998,0.34691299999997227,0.002951359457061112,0.002951359457061112,Some,Some,0.0,0.0,724462.5764945865,488403.84615384624,0.0,0.0,0.0,0.0,0.0,0.0,658411.7053481331,565185.5361959612,0.0,0.0,545215.110178384,0.0,0.0,0.0
20752,11.151,824.5847,824.58109,4.377980581607289,C44H80NO7P,CCCCCCCCCCCCCCCC(=O)OC(COCCCCC=CCC=CCC=CCC=CCC=CCC)COP(=O)([O-])OCC[N+](C)(C)C,[M+CH3COO]-,PC O-20:5_16:0,"PC O-20:5(5,8,11,14,17)_16:0",0.3045999999999996,0.5759099999999989,0.005307262748465573,0.005307262748465573,All,Some,0.0,746000.0,0.0,0.0,,724000.0,,,728000.0,0.0,0.0,0.0,1440000.0,1460000.0,0.0,1530000.0,1290000.0,
20754,11.152,876.61576,876.61239,3.8443444770591033,C48H84NO7P,CCCCCCCCC=CCCCCCCCC(=O)OC(COCCCC=CCC=CCC=CCC=CCC=CCC=CCC)COP(=O)([O-])OCC[N+](C)(C)C,[M+CH3COO]-,PC O-22:6_18:1,"PC O-22:6(4,7,10,13,16,19)_18:1(9)",0.30485714285714344,0.5476000000000535,0.00431817155607951,0.00431817155607951,Some,Some,1903.3333333333333,0.0,178048.96977222458,27161.18143459916,0.0,0.0,0.0,0.0,0.0,0.0,0.0,203243.24324324328,0.0,0.0,28597.779032561637,0.0,0.0,0.0
20754,11.152,876.61576,876.61239,3.8443444770591033,C48H84NO7P,CCCCCCC=CCCCCCCCCCC(=O)OC(COCCCC=CCC=CCC=CCC=CCC=CCC=CCC)COP(=O)([O-])OCC[N+](C)(C)C,[M+CH3COO]-,PC O-22:6_18:1,"PC O-22:6(4,7,10,13,16,19)_18:1(11)",0.3096666666666679,0.6020050000000575,0.003725815991230154,0.003725815991230154,All,Some,1903.3333333333333,0.0,0.0,27161.18143459916,0.0,0.0,0.0,0.0,0.0,0.0,0.0,0.0,0.0,0.0,28597.779032561637,0.0,0.0,0.0
20754,11.152,876.61576,876.61239,3.8443444770591033,C48H84NO7P,CCCCCCCCCCCC=CCCCCC(=O)OC(COCCCC=CCC=CCC=CCC=CCC=CCC=CCC)COP(=O)([O-])OCC[N+](C)(C)C,[M+CH3COO]-,PC O-22:6_18:1,"PC O-22:6(4,7,10,13,16,19)_18:1(6)",0.19320000000000093,0.7078880000000709,0.002895885950120106,0.002895885950120106,Some,Some,1903.3333333333333,0.0,258951.03022777537,211677.63713080168,0.0,0.0,0.0,0.0,0.0,0.0,321000.0,266756.75675675675,0.0,0.0,368804.4419348767,0.0,0.0,0.0
20772,11.157,806.59932,806.60691,9.409787972107107,C47H86NO7P,CCCCCCCCCCCCCCCCCC(=O)OC(COCCCCCC=CCC=CCC=CCC=CCC=CCCCCC)COP(=O)(O)OCCN,[M-H]-,PE O-24:5_18:0,"PE O-24:5(6,9,12,15,18)_18:0",0.38377777777777744,0.40947666666670557,0.005028096597487882,0.005028096597487882,All,Some,1077.4560066509628,0.0,0.0,0.0,0.0,0.0,0.0,0.0,0.0,3183.091471838754,0.0,0.0,0.0,0.0,0.0,0.0,0.0,0.0
20772,11.157,806.59932,806.60691,9.409787972107107,C47H86NO7P,CCCCCCCCCCCCCCCCCC(=O)OC(COCCCCCCCCC=CCC=CCC=CCC=CCC=CCC)COP(=O)(O)OCCN,[M-H]-,PE O-24:5_18:0,"PE O-24:5(9,12,15,18,21)_18:0",0.129,0.36003874999998686,0.00037421579112976376,0.00037421579112976376,All,Some,39422.543993349034,0.0,0.0,0.0,0.0,0.0,0.0,0.0,0.0,90016.90852816125,0.0,0.0,0.0,0.0,0.0,0.0,0.0,0.0
21124,11.284,810.56546,810.56544,0.02467413372964889,C44H80NO7P,CCC=CCC=CCC=CCCCCCCCCCC(=O)OC(COCCCCCC=CCC=CCCCCCC)COP(=O)([O-])OCC[N+](C)(C)C,[M+HCOO]-,PC O-16:2_20:3,"PC O-16:2(6,9)_20:3(11,14,17)",0.31059999999999943,0.5809359999999856,0.0011667766066126282,0.0011667766066126282,All,Some,0.0,0.0,0.0,0.0,0.0,0.0,0.0,0.0,0.0,0.0,0.0,0.0,0.0,2030.6602801188383,0.0,0.0,0.0,775.3363228699552
21124,11.284,810.56546,810.56544,0.02467413372964889,C44H80NO7P,CCCCCC=CCC=CCC=CCCCCCCC(=O)OC(COCCCCCC=CCC=CCCCCCC)COP(=O)([O-])OCC[N+](C)(C)C,[M+HCOO]-,PC O-16:2_20:3,"PC O-16:2(6,9)_20:3(8,11,14)",0.21579999999999905,0.42617999999997663,0.0003583724804362731,0.0003583724804362731,All,Some,0.0,2599.839357429719,0.0,0.0,2510.672169811321,0.0,0.0,3227.1038137794862,0.0,0.0,0.0,0.0,0.0,3550.475959497969,0.0,0.0,0.0,2861.587443946188
21124,11.284,810.56546,810.56544,0.02467413372964889,C44H80NO7P,CCCCCCCCC=CCC=CCC=CCCCC(=O)OC(COCCCCCC=CCC=CCCCCCC)COP(=O)([O-])OCC[N+](C)(C)C,[M+HCOO]-,PC O-16:2_20:3,"PC O-16:2(6,9)_20:3(5,8,11)",0.1537999999999986,0.6824570000000449,0.0003580352903021735,0.0003580352903021735,All,Some,0.0,2840.160642570281,0.0,0.0,3019.3278301886794,0.0,0.0,3392.8961862205133,0.0,0.0,0.0,0.0,0.0,3158.8637603831926,0.0,0.0,0.0,3013.0762331838564
21269,11.336,876.6159,876.61239,4.004050182322515,C48H84NO7P,CCCCCCCCC=CCCCCCCCC(=O)OC(COCCCC=CCC=CCC=CCC=CCC=CCC=CCC)COP(=O)([O-])OCC[N+](C)(C)C,[M+CH3COO]-,PC O-22:6_18:1,"PC O-22:6(4,7,10,13,16,19)_18:1(9)",0.5409090909090911,0.5751781818181908,0.004165310443676673,0.004165310443676673,Some,Some,0.0,372616.9837065575,0.0,0.0,260219.23620933515,293000.0,308056.07957468706,577123.1934278809,260000.0,0.0,0.0,0.0,642000.0,562129.8816045237,0.0,502858.8892769822,539570.5358833554,569728.3116466508
21269,11.336,876.6159,876.61239,4.004050182322515,C48H84NO7P,CCCCCCC=CCCCCCCCCCC(=O)OC(COCCCC=CCC=CCC=CCC=CCC=CCC=CCC)COP(=O)([O-])OCC[N+](C)(C)C,[M+CH3COO]-,PC O-22:6_18:1,"PC O-22:6(4,7,10,13,16,19)_18:1(11)",0.4864615384615386,0.5789876923076918,0.0035784122708503803,0.0035784122708503803,All,Some,0.0,11191.508146721246,0.0,0.0,7390.38189533239,0.0,8471.960212656493,24938.40328605961,0.0,0.0,0.0,0.0,0.0,19435.059197738115,0.0,16070.555361508903,18214.73205832229,25635.844176674622
21269,11.336,876.6159,876.61239,4.004050182322515,C48H84NO7P,CCCCCCCCCCCC=CCCCCC(=O)OC(COCCCC=CCC=CCC=CCC=CCC=CCC=CCC)COP(=O)([O-])OCC[N+](C)(C)C,[M+CH3COO]-,PC O-22:6_18:1,"PC O-22:6(4,7,10,13,16,19)_18:1(6)",0.41960000000000014,0.648154999999997,0.002749061409478364,0.002749061409478364,Some,Some,0.0,11191.508146721246,0.0,0.0,7390.38189533239,0.0,8471.960212656493,24938.40328605961,0.0,0.0,0.0,0.0,0.0,19435.059197738115,0.0,16070.555361508903,18214.73205832229,25635.844176674622
21309,11.357,794.56798,794.57053,3.2092808676510214,C45H82NO8P,CCC=CCC=CCC=CCCCCCCCCCC(=O)OC(COC(=O)CCCCCCCCCC=CCCCCCCCC)COP(=O)(O)OCCN,[M-H]-,PE 20:1_20:3,"PE 20:1(11)_20:3(11,14,17)",0.3006666666666664,0.5222299999999981,0.029043551152203858,0.029043551152203858,Some,Some,0.0,0.0,0.0,0.0,0.0,1295.160805530508,0.0,0.0,0.0,0.0,0.0,0.0,0.0,0.0,0.0,0.0,0.0,0.0
21309,11.357,794.56798,794.57053,3.2092808676510214,C45H82NO8P,CCC=CCC=CCC=CCCCCCCCCCC(=O)OC(COC(=O)CCCCCCCCCCCC=CCCCCCC)COP(=O)(O)OCCN,[M-H]-,PE 20:1_20:3,"PE 20:1(13)_20:3(11,14,17)",0.40924999999999967,0.6112287500000093,0.021782663364152893,0.021782663364152893,All,Some,0.0,0.0,0.0,0.0,0.0,0.0,0.0,0.0,0.0,0.0,0.0,0.0,0.0,0.0,0.0,0.0,0.0,0.0
21309,11.357,794.56798,794.57053,3.2092808676510214,C45H82NO8P,CCCCCCCCC=CCC=CCC=CCCCC(=O)OC(COC(=O)CCCCCCCCCC=CCCCCCCCC)COP(=O)(O)OCCN,[M-H]-,PE 20:1_20:3,"PE 20:1(11)_20:3(5,8,11)",0.4039999999999999,0.5278550000000166,0.00662906434261972,0.00662906434261972,Some,Some,0.0,0.0,0.0,0.0,0.0,0.0,0.0,0.0,0.0,0.0,0.0,0.0,0.0,0.0,0.0,0.0,0.0,0.0
21309,11.357,794.56798,794.57053,3.2092808676510214,C45H82NO8P,CCCCCCCCC=CCC=CCC=CCCCC(=O)OC(COC(=O)CCCCCCCCCCCC=CCCCCCC)COP(=O)(O)OCCN,[M-H]-,PE 20:1_20:3,"PE 20:1(13)_20:3(5,8,11)",0.39300000000000024,0.5987975000000318,0.0065838763745077935,0.0065838763745077935,All,Some,0.0,0.0,0.0,0.0,0.0,1295.160805530508,0.0,0.0,0.0,0.0,0.0,0.0,0.0,0.0,0.0,0.0,0.0,0.0
21309,11.357,794.56798,794.57053,3.2092808676510214,C45H82NO8P,CCCCCC=CCC=CCC=CCCCCCCC(=O)OC(COC(=O)CCCCCCCCCC=CCCCCCCCC)COP(=O)(O)OCCN,[M-H]-,PE 20:1_20:3,"PE 20:1(11)_20:3(8,11,14)",0.2790000000000005,0.32585833333333386,0.0011612810374116006,0.0011612810374116006,Some,Some,0.0,0.0,0.0,0.0,0.0,189.67838893898406,0.0,0.0,0.0,0.0,0.0,0.0,0.0,0.0,0.0,0.0,0.0,0.0
21309,11.357,794.56798,794.57053,3.2092808676510214,C45H82NO8P,CCCCCC=CCC=CCC=CCCCCCCC(=O)OC(COC(=O)CCCCCCCCCCCC=CCCCCCC)COP(=O)(O)OCCN,[M-H]-,PE 20:1_20:3,"PE 20:1(13)_20:3(8,11,14)",0.29350000000000076,0.3777174999999886,0.0008709607780587004,0.0008709607780587004,All,Some,0.0,0.0,0.0,0.0,0.0,0.0,0.0,0.0,0.0,0.0,0.0,0.0,0.0,0.0,0.0,0.0,0.0,0.0
21563,11.466,786.56501,786.56544,0.5466805151489187,C42H80NO7P,CCCCCCCCCCCC=CCCCCC(=O)OC(COCCCCCC=CCC=CCCCCCC)COP(=O)([O-])OCC[N+](C)(C)C,[M+HCOO]-,PC O-16:2_18:1,"PC O-16:2(6,9)_18:1(6)",0.24959999999999952,0.8820020000000113,0.007735890164616797,0.007735890164616797,All,Some,0.0,,,,0.0,,0.0,0.0,,0.0,,0.0,0.0,0.0,,0.0,0.0,0.0
21563,11.466,786.56501,786.56544,0.5466805151489187,C42H80NO7P,CCCCCCC=CCCCCCCCCCC(=O)OC(COCCCCCC=CCC=CCCCCCC)COP(=O)([O-])OCC[N+](C)(C)C,[M+HCOO]-,PC O-16:2_18:1,"PC O-16:2(6,9)_18:1(11)",0.16933333333333186,0.9016966666666425,0.000792020289406364,0.000792020289406364,All,Some,0.0,,,,0.0,,0.0,0.0,,0.0,,0.0,0.0,0.0,,0.0,0.0,0.0
21563,11.466,786.56501,786.56544,0.5466805151489187,C42H80NO7P,CCCCCCCCC=CCCCCCCCC(=O)OC(COCCCCCC=CCC=CCCCCCC)COP(=O)([O-])OCC[N+](C)(C)C,[M+HCOO]-,PC O-16:2_18:1,"PC O-16:2(6,9)_18:1(9)",0.18119999999999975,0.7392440000000079,0.00047521217364381843,0.00047521217364381843,All,Some,0.0,,,,0.0,,0.0,0.0,,0.0,,0.0,0.0,0.0,,0.0,0.0,0.0
21767,11.557,810.56638,810.56544,1.1596842816468362,C44H80NO7P,CCC=CCC=CCC=CCCCCCCCCCC(=O)OC(COCCCCCC=CCC=CCCCCCC)COP(=O)([O-])OCC[N+](C)(C)C,[M+HCOO]-,PC O-16:2_20:3,"PC O-16:2(6,9)_20:3(11,14,17)",0.5793333333333336,0.6096244444444463,0.00024668642248237,0.00024668642248237,All,Some,0.0,0.0,0.0,0.0,0.0,0.0,0.0,0.0,0.0,0.0,0.0,0.0,0.0,0.0,0.0,0.0,0.0,0.0
21767,11.557,810.56638,810.56544,1.1596842816468362,C44H80NO7P,CCCCCC=CCC=CCC=CCCCCCCC(=O)OC(COCCCCCC=CCC=CCCCCCC)COP(=O)([O-])OCC[N+](C)(C)C,[M+HCOO]-,PC O-16:2_20:3,"PC O-16:2(6,9)_20:3(8,11,14)",0.4197499999999992,0.38076875000000143,6.549509588553375e-05,6.549509588553375e-05,All,Some,0.0,0.0,0.0,0.0,0.0,0.0,0.0,0.0,0.0,0.0,0.0,0.0,0.0,0.0,0.0,0.0,0.0,0.0
21767,11.557,810.56638,810.56544,1.1596842816468362,C44H80NO7P,CCCCCCCCC=CCC=CCC=CCCCC(=O)OC(COCCCCCC=CCC=CCCCCCC)COP(=O)([O-])OCC[N+](C)(C)C,[M+HCOO]-,PC O-16:2_20:3,"PC O-16:2(6,9)_20:3(5,8,11)",0.3122499999999997,0.46371874999998397,6.54348848755211e-05,6.54348848755211e-05,All,Some,0.0,0.0,0.0,0.0,0.0,0.0,0.0,0.0,0.0,11600.0,0.0,0.0,0.0,0.0,0.0,0.0,0.0,0.0
21880,11.604,786.56501,786.56544,0.5466805151489187,C42H80NO7P,CCCCCCCCCCCC=CCCCCC(=O)OC(COCCCCCC=CCC=CCCCCCC)COP(=O)([O-])OCC[N+](C)(C)C,[M+HCOO]-,PC O-16:2_18:1,"PC O-16:2(6,9)_18:1(6)",0.5180000000000007,0.8864050000000248,0.00895700616904831,0.00895700616904831,All,Some,,3919.1011235955057,0.0,0.0,0.0,,0.0,0.0,0.0,,0.0,7463.332229214971,0.0,0.0,0.0,0.0,0.0,0.0
21880,11.604,786.56501,786.56544,0.5466805151489187,C42H80NO7P,CCCCCCC=CCCCCCCCCCC(=O)OC(COCCCCCC=CCC=CCCCCCC)COP(=O)([O-])OCC[N+](C)(C)C,[M+HCOO]-,PC O-16:2_18:1,"PC O-16:2(6,9)_18:1(11)",0.4090000000000007,0.9206399999999917,0.0004496026905323398,0.0004496026905323398,All,Some,,3919.1011235955057,0.0,0.0,17800.0,,22900.0,19044.969168295982,0.0,,0.0,16505.266644584302,0.0,21449.869723814485,0.0,14533.101045296167,15008.356070941336,16480.70953436807
21880,11.604,786.56501,786.56544,0.5466805151489187,C42H80NO7P,CCCCCCCCC=CCCCCCCCC(=O)OC(COCCCCCC=CCC=CCCCCCC)COP(=O)([O-])OCC[N+](C)(C)C,[M+HCOO]-,PC O-16:2_18:1,"PC O-16:2(6,9)_18:1(9)",0.22500000000000053,0.9097549999999899,0.00022555219673636595,0.00022555219673636595,All,Some,,13961.797752808987,0.0,0.0,0.0,,0.0,34955.03083170402,19300.0,,0.0,23031.401126200726,53100.0,34250.13027618551,0.0,43666.89895470383,37691.643929058664,32419.29046563193
21963,11.621,841.53233,841.52364,10.326507286237876,C45H79O12P,CCCCCCCCCCCC=CCCCCC(=O)OC(COCCCCCC=CCC=CCC=CCC=CCC)COP(=O)(O)OC1C(O)C(O)C(O)C(O)C1O,[M-H]-,PI O-18:4_18:1,"PI O-18:4(6,9,12,15)_18:1(6)",0.6756666666666664,0.4129216666666859,0.0009748287148187594,0.0009748287148187594,Some,Some,,0.0,0.0,0.0,0.0,0.0,0.0,0.0,0.0,0.0,0.0,0.0,0.0,0.0,0.0,0.0,0.0,0.0
21963,11.621,841.53233,841.52364,10.326507286237876,C45H79O12P,CCCCCCC=CCCCCCCCCCC(=O)OC(COCCCCCC=CCC=CCC=CCC=CCC)COP(=O)(O)OC1C(O)C(O)C(O)C(O)C1O,[M-H]-,PI O-18:4_18:1,"PI O-18:4(6,9,12,15)_18:1(11)",0.5199999999999991,0.4097537499999788,0.0007197163304567906,0.0007197163304567906,Some,Some,,0.0,0.0,0.0,0.0,0.0,0.0,0.0,0.0,20400.0,0.0,0.0,0.0,0.0,0.0,0.0,0.0,0.0
21963,11.621,841.53233,841.52364,10.326507286237876,C45H79O12P,CCCCCCCCC=CCCCCCCCC(=O)OC(COCCCCCC=CCC=CCC=CCC=CCC)COP(=O)(O)OC1C(O)C(O)C(O)C(O)C1O,[M-H]-,PI O-18:4_18:1,"PI O-18:4(6,9,12,15)_18:1(9)",0.4707999999999991,0.4245740000000069,0.0007151013869237997,0.0007151013869237997,Some,Some,,0.0,0.0,0.0,0.0,0.0,0.0,0.0,0.0,0.0,0.0,0.0,0.0,0.0,0.0,0.0,0.0,0.0
22016,11.634,812.58031,812.58109,0.9599041985623435,C44H82NO7P,CCCCCCC=CCCCCCCCCCC(=O)OC(COCCCCCC=CCC=CCC=CCCCCC)COP(=O)([O-])OCC[N+](C)(C)C,[M+HCOO]-,PC O-18:3_18:1,"PC O-18:3(6,9,12)_18:1(11)",0.5625000000000004,0.37455749999999455,0.0007431888039918805,0.0007431888039918805,All,Some,0.0,0.0,0.0,0.0,1136.0,0.0,0.0,1649.9999999999998,1206.0,0.0,0.0,0.0,2340.0,2420.6453218637103,0.0,0.0,1098.0531858587797,2460.0
22016,11.634,812.58031,812.58109,0.9599041985623435,C44H82NO7P,CCCCCCCCCCCC=CCCCCC(=O)OC(COCCCCCC=CCC=CCC=CCCCCC)COP(=O)([O-])OCC[N+](C)(C)C,[M+HCOO]-,PC O-18:3_18:1,"PC O-18:3(6,9,12)_18:1(6)",0.4066666666666669,0.344271666666657,0.0007420143734483495,0.0007420143734483495,Some,Some,0.0,0.0,0.0,0.0,0.0,0.0,0.0,0.0,0.0,0.0,0.0,0.0,0.0,20.34665536296924,0.0,0.0,4.901208996836855,0.0
22016,11.634,812.58031,812.58109,0.9599041985623435,C44H82NO7P,CCCCCCC=CCCCCCCCCCC(=O)OC(COCCCCCCCCC=CCC=CCC=CCC)COP(=O)([O-])OCC[N+](C)(C)C,[M+HCOO]-,PC O-18:3_18:1,"PC O-18:3(9,12,15)_18:1(11)",0.5930000000000004,0.40310999999998387,0.0007289773558706509,0.0007289773558706509,All,Some,0.0,0.0,0.0,0.0,0.0,0.0,0.0,0.0,0.0,0.0,0.0,0.0,0.0,20.34665536296924,0.0,0.0,4.901208996836855,0.0
22016,11.634,812.58031,812.58109,0.9599041985623435,C44H82NO7P,CCCCCCCCCCCC=CCCCCC(=O)OC(COCCCCCCCCC=CCC=CCC=CCC)COP(=O)([O-])OCC[N+](C)(C)C,[M+HCOO]-,PC O-18:3_18:1,"PC O-18:3(9,12,15)_18:1(6)",0.37475000000000014,0.4101062499999699,0.0005422993319650324,0.0005422993319650324,All,Some,0.0,0.0,0.0,0.0,2272.0,0.0,0.0,3299.9999999999995,2412.0,0.0,0.0,0.0,4680.0,4769.330683705176,0.0,0.0,2182.816116623811,4920.0
22016,11.634,812.58031,812.58109,0.9599041985623435,C44H82NO7P,CCCCCCCCC=CCCCCCCCC(=O)OC(COCCCCCC=CCC=CCC=CCCCCC)COP(=O)([O-])OCC[N+](C)(C)C,[M+HCOO]-,PC O-18:3_18:1,"PC O-18:3(6,9,12)_18:1(9)",0.28200000000000003,0.4715966666666797,0.0005046190310704397,0.0005046190310704397,Some,Some,0.0,0.0,0.0,0.0,1136.0,0.0,0.0,1649.9999999999998,1206.0,0.0,0.0,0.0,2340.0,2384.665341852588,0.0,0.0,1089.6641397618682,2460.0
22016,11.634,812.58031,812.58109,0.9599041985623435,C44H82NO7P,CCCCCCCCC=CCCCCCCCC(=O)OC(COCCCCCCCCC=CCC=CCC=CCC)COP(=O)([O-])OCC[N+](C)(C)C,[M+HCOO]-,PC O-18:3_18:1,"PC O-18:3(9,12,15)_18:1(9)",0.3363333333333329,0.34976000000002233,0.00047715885962504285,0.00047715885962504285,Some,Some,0.0,0.0,0.0,0.0,1136.0,0.0,0.0,1649.9999999999998,1206.0,0.0,0.0,0.0,2340.0,2384.665341852588,0.0,0.0,1089.6641397618682,2460.0
22494,11.812,824.58467,824.58109,4.341598471464619,C44H80NO7P,CCCCCCCCCCCCCCCC(=O)OC(COCCCCC=CCC=CCC=CCC=CCC=CCC)COP(=O)([O-])OCC[N+](C)(C)C,[M+CH3COO]-,PC O-20:5_16:0,"PC O-20:5(5,8,11,14,17)_16:0",0.5252500000000007,0.4074575000000209,0.0033876813926274913,0.0033876813926274913,All,Some,679000.0,0.0,0.0,0.0,0.0,0.0,0.0,0.0,0.0,1300000.0,0.0,0.0,0.0,0.0,,0.0,0.0,0.0
22707,11.908,796.58685,796.58618,0.841089158757079,C45H84NO8P,CCCCCC=CCC=CCCCCCCCCCCCC(=O)OC(COC(=O)CCCCC=CCCCCCCCCCCC)COP(=O)(O)OCCN,[M-H]-,PE 18:1_22:2,"PE 18:1(6)_22:2(13,16)",0.36640000000000156,0.8694459999999935,0.0008829915724820125,0.0008829915724820125,All,Some,,0.0,0.0,0.0,0.0,0.0,0.0,1238.1281574049453,0.0,,0.0,0.0,3728.3018867924525,0.0,0.0,0.0,2323.118487070629,629.0067214339058
22707,11.908,796.58685,796.58618,0.841089158757079,C45H84NO8P,CCCCCC=CCC=CCCCCCCCCCCCC(=O)OC(COC(=O)CCCCCCCCCC=CCCCCCC)COP(=O)(O)OCCN,[M-H]-,PE 18:1_22:2,"PE 18:1(11)_22:2(13,16)",0.3315000000000019,0.9109299999999791,0.0005305485590431104,0.0005305485590431104,All,Some,,0.0,0.0,3800.0,0.0,0.0,0.0,3555.7298590800315,0.0,,0.0,0.0,10671.698113207549,0.0,0.0,0.0,4405.7120802778845,1741.478715459298
22707,11.908,796.58685,796.58618,0.841089158757079,C45H84NO8P,CCCCCC=CCC=CCCCCCCCCCCCC(=O)OC(COC(=O)CCCCCCCC=CCCCCCCCC)COP(=O)(O)OCCN,[M-H]-,PE 18:1_22:2,"PE 18:1(9)_22:2(13,16)",0.4695000000000018,0.6741274999999689,0.0005305485590431104,0.0005305485590431104,Some,Some,,0.0,0.0,0.0,0.0,0.0,0.0,6906.141983515022,0.0,,0.0,0.0,0.0,0.0,0.0,0.0,8471.169432651484,4349.514563106796
22801,11.954,810.56613,810.56544,0.8512576110781467,C44H80NO7P,CCC=CCC=CCC=CCCCCCCCCCC(=O)OC(COCCCCCC=CCC=CCCCCCC)COP(=O)([O-])OCC[N+](C)(C)C,[M+HCOO]-,PC O-16:2_20:3,"PC O-16:2(6,9)_20:3(11,14,17)",0.3728888888888879,0.7041244444444728,0.0008951606549142156,0.0008951606549142156,All,Some,0.0,0.0,0.0,0.0,0.0,0.0,0.0,0.0,0.0,0.0,0.0,0.0,0.0,0.0,0.0,0.0,0.0,0.0
22801,11.954,810.56613,810.56544,0.8512576110781467,C44H80NO7P,CCCCCC=CCC=CCC=CCCCCCCC(=O)OC(COCCCCCC=CCC=CCCCCCC)COP(=O)([O-])OCC[N+](C)(C)C,[M+HCOO]-,PC O-16:2_20:3,"PC O-16:2(6,9)_20:3(8,11,14)",0.33155555555555494,0.6262655555555562,0.0002681870290512253,0.0002681870290512253,All,Some,0.0,0.0,0.0,0.0,0.0,0.0,0.0,0.0,0.0,2847.5991649269317,0.0,0.0,0.0,0.0,0.0,0.0,0.0,0.0
22801,11.954,810.56613,810.56544,0.8512576110781467,C44H80NO7P,CCCCCCCCC=CCC=CCC=CCCCC(=O)OC(COCCCCCC=CCC=CCCCCCC)COP(=O)([O-])OCC[N+](C)(C)C,[M+HCOO]-,PC O-16:2_20:3,"PC O-16:2(6,9)_20:3(5,8,11)",0.17674999999999885,0.7422537500000743,0.00022280931195736296,0.00022280931195736296,All,Some,0.0,0.0,0.0,0.0,0.0,0.0,0.0,0.0,0.0,8152.40083507307,0.0,0.0,0.0,0.0,0.0,0.0,0.0,0.0
22941,11.99,876.61576,876.61239,3.8443444770591033,C48H84NO7P,CCCCCCC=CCCCCCCCCCC(=O)OC(COCCCC=CCC=CCC=CCC=CCC=CCC=CCC)COP(=O)([O-])OCC[N+](C)(C)C,[M+CH3COO]-,PC O-22:6_18:1,"PC O-22:6(4,7,10,13,16,19)_18:1(11)",0.5534999999999997,0.42022666666666925,0.0026227203301730975,0.0026227203301730975,All,Some,71319.39573779337,0.0,0.0,0.0,0.0,0.0,3982.819843342036,0.0,0.0,80139.6061785167,0.0,0.0,0.0,0.0,0.0,0.0,0.0,0.0
22941,11.99,876.61576,876.61239,3.8443444770591033,C48H84NO7P,CCCCCCCCCCCC=CCCCCC(=O)OC(COCCCC=CCC=CCC=CCC=CCC=CCC=CCC)COP(=O)([O-])OCC[N+](C)(C)C,[M+CH3COO]-,PC O-22:6_18:1,"PC O-22:6(4,7,10,13,16,19)_18:1(6)",0.5917777777777774,0.4518111111111188,0.0024271763323642443,0.0024271763323642443,Some,Some,93623.14540059348,0.0,0.0,0.0,0.0,0.0,103.18537859007832,0.0,0.0,167445.34842589317,0.0,0.0,0.0,0.0,0.0,0.0,0.0,0.0
22941,11.99,876.61576,876.61239,3.8443444770591033,C48H84NO7P,CCCCCCCCC=CCCCCCCCC(=O)OC(COCCCC=CCC=CCC=CCC=CCC=CCC=CCC)COP(=O)([O-])OCC[N+](C)(C)C,[M+CH3COO]-,PC O-22:6_18:1,"PC O-22:6(4,7,10,13,16,19)_18:1(9)",0.5832727272727269,0.44168000000000907,0.0023669890122273722,0.0023669890122273722,Some,Some,69057.45886161317,0.0,0.0,0.0,0.0,0.0,333.9947780678851,0.0,0.0,180415.04539559016,0.0,0.0,0.0,0.0,0.0,0.0,0.0,0.0
22948,11.996,796.58631,796.58618,0.16319640395072138,C45H84NO8P,CCCCCC=CCC=CCCCCCCCCCCCC(=O)OC(COC(=O)CCCCC=CCCCCCCCCCCC)COP(=O)(O)OCCN,[M-H]-,PE 18:1_22:2,"PE 18:1(6)_22:2(13,16)",0.2636666666666656,0.7255850000000047,0.0005249109082254372,0.0005249109082254372,All,Some,,9050.832936696814,0.0,0.0,3907.619888202412,0.0,8047.889211525575,2121.334948190015,7322.748219522412,,0.0,0.0,1672.5262237762238,4298.268323553101,0.0,4833.7980024568715,0.0,2146.5590312815334
22948,11.996,796.58631,796.58618,0.16319640395072138,C45H84NO8P,CCCCCC=CCC=CCCCCCCCCCCCC(=O)OC(COC(=O)CCCCCCCC=CCCCCCCCC)COP(=O)(O)OCCN,[M-H]-,PE 18:1_22:2,"PE 18:1(9)_22:2(13,16)",0.33949999999999925,0.6739799999999718,0.00037806576630192834,0.00037806576630192834,Some,Some,,7212.565445026179,0.0,0.0,2882.0829655781113,0.0,6396.7835604199245,1859.3850087471403,5550.9007121910345,,0.0,0.0,1479.431818181818,3706.5067311011394,0.0,4674.208193131442,0.0,2020.0201816347126
22948,11.996,796.58631,796.58618,0.16319640395072138,C45H84NO8P,CCCCCC=CCC=CCCCCCCCCCCCC(=O)OC(COC(=O)CCCCCCCCCC=CCCCCCC)COP(=O)(O)OCCN,[M-H]-,PE 18:1_22:2,"PE 18:1(11)_22:2(13,16)",0.3353333333333322,0.61183833333331,0.00025204384420128556,0.00025204384420128556,All,Some,,8336.60161827701,0.0,0.0,4810.297146219476,0.0,7955.327228054502,2849.280043062845,8326.351068286553,,0.0,0.0,608.0419580419581,5895.22494534576,0.0,7091.993804411686,0.0,3813.420787083754
23052,12.035,834.63407,834.63821,4.9602330092300635,C49H90NO7P,CCCCCCCCCCCCCCCCCC(=O)OC(COCCCCCCCCCCC=CCC=CCC=CCC=CCC=CCC)COP(=O)(O)OCCN,[M-H]-,PE O-26:5_18:0,"PE O-26:5(11,14,17,20,23)_18:0",0.15514285714285642,0.6902785714285723,0.0011510464986828957,0.0011510464986828957,All,Some,0.0,9912.036043767432,0.0,0.0,8528.406745212615,7848.465661111238,7977.711438319266,21401.638606284327,5800.934640098657,0.0,0.0,0.0,18397.016330986065,19307.028940480897,0.0,19761.154904096442,10124.540653426777,14571.919506837667
23052,12.035,834.63407,834.63821,4.9602330092300635,C49H90NO7P,CCCCCCCCCCCCCCCCCC(=O)OC(COCCCCCCCC=CCC=CCC=CCC=CCC=CCCCCC)COP(=O)(O)OCCN,[M-H]-,PE O-26:5_18:0,"PE O-26:5(8,11,14,17,20)_18:0",0.31511111111111095,0.4882077777778022,0.0007552092231986668,0.0007552092231986668,All,Some,0.0,140087.96395623256,0.0,0.0,150471.59325478738,139151.53433888877,131022.28856168073,350598.36139371566,137199.06535990135,0.0,0.0,0.0,368602.98366901395,353692.9710595191,0.0,367238.84509590355,301875.4593465732,362428.0804931623
23185,12.087,796.58738,796.58618,1.5064283440617006,C45H84NO8P,CCCCCC=CCC=CCCCCCCCCCCCC(=O)OC(COC(=O)CCCCC=CCCCCCCCCCCC)COP(=O)(O)OCCN,[M-H]-,PE 18:1_22:2,"PE 18:1(6)_22:2(13,16)",0.21500000000000105,0.6266216666666651,0.0006570622689202856,0.0006570622689202856,All,Some,0.0,0.0,0.0,0.0,0.0,0.0,0.0,0.0,0.0,0.0,0.0,0.0,0.0,0.0,0.0,0.0,592.1049107142858,0.0
23185,12.087,796.58738,796.58618,1.5064283440617006,C45H84NO8P,CCCCCC=CCC=CCCCCCCCCCCCC(=O)OC(COC(=O)CCCCCCCC=CCCCCCCCC)COP(=O)(O)OCCN,[M-H]-,PE 18:1_22:2,"PE 18:1(9)_22:2(13,16)",0.20150000000000112,0.6742849999999692,0.00048496316644459735,0.00048496316644459735,Some,Some,0.0,0.0,0.0,0.0,0.0,0.0,0.0,0.0,0.0,0.0,0.0,0.0,0.0,0.0,0.0,0.0,1036.232142857143,0.0
23185,12.087,796.58738,796.58618,1.5064283440617006,C45H84NO8P,CCCCCC=CCC=CCCCCCCCCCCCC(=O)OC(COC(=O)CCCCCCCCCC=CCCCCCC)COP(=O)(O)OCCN,[M-H]-,PE 18:1_22:2,"PE 18:1(11)_22:2(13,16)",0.18266666666666728,0.6120416666666415,0.00032330877762973156,0.00032330877762973156,All,Some,0.0,0.0,0.0,0.0,0.0,0.0,0.0,0.0,0.0,0.0,0.0,0.0,0.0,0.0,0.0,0.0,981.6629464285714,0.0
23297,12.173,786.56588,786.56544,0.5593940156155033,C42H80NO7P,CCCCCCC=CCCCCCCCCCC(=O)OC(COCCCCCC=CCC=CCCCCCC)COP(=O)([O-])OCC[N+](C)(C)C,[M+HCOO]-,PC O-16:2_18:1,"PC O-16:2(6,9)_18:1(11)",0.5140000000000006,0.6622233333333346,0.0004956717408830864,0.0004956717408830864,All,Some,1230.0000000000002,0.0,0.0,0.0,0.0,0.0,0.0,0.0,0.0,0.0,0.0,0.0,0.0,0.0,0.0,0.0,0.0,0.0
23297,12.173,786.56588,786.56544,0.5593940156155033,C42H80NO7P,CCCCCCCCCCCC=CCCCCC(=O)OC(COCCCCCC=CCC=CCCCCCC)COP(=O)([O-])OCC[N+](C)(C)C,[M+HCOO]-,PC O-16:2_18:1,"PC O-16:2(6,9)_18:1(6)",0.3960000000000008,0.5082950000000039,0.00037175380566231475,0.00037175380566231475,All,Some,1230.0000000000002,0.0,0.0,0.0,0.0,0.0,0.0,0.0,0.0,0.0,0.0,0.0,0.0,0.0,0.0,0.0,0.0,0.0
23297,12.173,786.56588,786.56544,0.5593940156155033,C42H80NO7P,CCCCCCCCC=CCCCCCCCC(=O)OC(COCCCCCC=CCC=CCCCCCC)COP(=O)([O-])OCC[N+](C)(C)C,[M+HCOO]-,PC O-16:2_18:1,"PC O-16:2(6,9)_18:1(9)",0.4115000000000002,0.5088025000000016,0.00037175380566231475,0.00037175380566231475,All,Some,1230.0000000000002,0.0,0.0,0.0,0.0,0.0,0.0,0.0,0.0,0.0,0.0,0.0,0.0,0.0,0.0,0.0,0.0,0.0
23401,12.266,786.56482,786.56544,0.7882370218459883,C42H80NO7P,CCCCCCC=CCCCCCCCCCC(=O)OC(COCCCCCC=CCC=CCCCCCC)COP(=O)([O-])OCC[N+](C)(C)C,[M+HCOO]-,PC O-16:2_18:1,"PC O-16:2(6,9)_18:1(11)",0.39266666666666694,0.37014666666660406,0.000520041382289349,0.000520041382289349,All,Some,5095.068789611995,0.0,,0.0,0.0,0.0,0.0,0.0,0.0,25193.582453290008,,0.0,0.0,0.0,,0.0,0.0,0.0
23401,12.266,786.56482,786.56544,0.7882370218459883,C42H80NO7P,CCCCCCCCCCCC=CCCCCC(=O)OC(COCCCCCC=CCC=CCCCCCC)COP(=O)([O-])OCC[N+](C)(C)C,[M+HCOO]-,PC O-16:2_18:1,"PC O-16:2(6,9)_18:1(6)",0.2965,0.48551999999997975,0.00039003103671701175,0.00039003103671701175,All,Some,5095.068789611995,0.0,,0.0,0.0,0.0,0.0,0.0,0.0,25193.582453290008,,0.0,0.0,0.0,,0.0,0.0,0.0
23401,12.266,786.56482,786.56544,0.7882370218459883,C42H80NO7P,CCCCCCCCC=CCCCCCCCC(=O)OC(COCCCCCC=CCC=CCCCCCC)COP(=O)([O-])OCC[N+](C)(C)C,[M+HCOO]-,PC O-16:2_18:1,"PC O-16:2(6,9)_18:1(9)",0.3235000000000001,0.5144824999999571,0.0003900310367170117,0.0003900310367170117,All,Some,5809.862420776009,0.0,,0.0,0.0,0.0,0.0,0.0,0.0,32012.83509341998,,0.0,0.0,0.0,,0.0,0.0,0.0
23469,12.29,812.58056,812.58109,0.6522425965218077,C44H82NO7P,CCCCCCCCC=CCCCCCCCC(=O)OC(COCCCCCC=CCC=CCC=CCCCCC)COP(=O)([O-])OCC[N+](C)(C)C,[M+HCOO]-,PC O-18:3_18:1,"PC O-18:3(6,9,12)_18:1(9)",0.409666666666667,0.4772916666666636,0.00018635578656832355,0.00018635578656832355,Some,Some,575.1713201563119,0.0,0.0,0.0,0.0,0.0,0.0,0.0,0.0,3806.0209077676323,0.0,0.0,0.0,0.0,0.0,0.0,0.0,0.0
23469,12.29,812.58056,812.58109,0.6522425965218077,C44H82NO7P,CCCCCCCCCCCC=CCCCCC(=O)OC(COCCCCCC=CCC=CCC=CCCCCC)COP(=O)([O-])OCC[N+](C)(C)C,[M+HCOO]-,PC O-18:3_18:1,"PC O-18:3(6,9,12)_18:1(6)",0.39700000000000085,0.5019849999999906,0.0001863285839510475,0.0001863285839510475,Some,Some,789.3249136319872,0.0,0.0,0.0,0.0,0.0,0.0,0.0,0.0,4571.734815402938,0.0,0.0,0.0,0.0,0.0,0.0,0.0,0.0
23469,12.29,812.58056,812.58109,0.6522425965218077,C44H82NO7P,CCCCCCC=CCCCCCCCCCC(=O)OC(COCCCCCC=CCC=CCC=CCCCCC)COP(=O)([O-])OCC[N+](C)(C)C,[M+HCOO]-,PC O-18:3_18:1,"PC O-18:3(6,9,12)_18:1(11)",0.43975000000000053,0.41325625000000343,0.00013976683992624267,0.00013976683992624267,All,Some,575.1713201563119,0.0,0.0,0.0,0.0,0.0,0.0,0.0,0.0,3806.0209077676323,0.0,0.0,0.0,0.0,0.0,0.0,0.0,0.0
23469,12.29,812.58056,812.58109,0.6522425965218077,C44H82NO7P,CCCCCCCCC=CCCCCCCCC(=O)OC(COCCCCCCCCC=CCC=CCC=CCC)COP(=O)([O-])OCC[N+](C)(C)C,[M+HCOO]-,PC O-18:3_18:1,"PC O-18:3(9,12,15)_18:1(9)",0.4120000000000008,0.5034566666666743,4.4477322489707994e-05,4.4477322489707994e-05,Some,Some,1108.4612335051254,0.0,0.0,0.0,0.0,0.0,0.0,0.0,0.0,3411.889638745534,0.0,0.0,0.0,0.0,0.0,0.0,0.0,0.0
23469,12.29,812.58056,812.58109,0.6522425965218077,C44H82NO7P,CCCCCCC=CCCCCCCCCCC(=O)OC(COCCCCCCCCC=CCC=CCC=CCC)COP(=O)([O-])OCC[N+](C)(C)C,[M+HCOO]-,PC O-18:3_18:1,"PC O-18:3(9,12,15)_18:1(11)",0.44300000000000095,0.32722500000001276,3.3357991867280996e-05,3.3357991867280996e-05,All,Some,1322.6148269808007,0.0,0.0,0.0,0.0,0.0,0.0,0.0,0.0,4177.603546380839,0.0,0.0,0.0,0.0,0.0,0.0,0.0,0.0
23469,12.29,812.58056,812.58109,0.6522425965218077,C44H82NO7P,CCCCCCCCCCCC=CCCCCC(=O)OC(COCCCCCCCCC=CCC=CCC=CCC)COP(=O)([O-])OCC[N+](C)(C)C,[M+HCOO]-,PC O-18:3_18:1,"PC O-18:3(9,12,15)_18:1(6)",0.4170000000000007,0.41080374999999947,3.3357991867280996e-05,3.3357991867280996e-05,All,Some,559.2563855694625,0.0,0.0,0.0,0.0,0.0,0.0,0.0,0.0,1526.7301839354243,0.0,0.0,0.0,0.0,0.0,0.0,0.0,0.0
24093,12.628,834.6341,834.63821,4.924289291726471,C49H90NO7P,CCCCCCCCCCCCCCCCCC(=O)OC(COCCCCCCCCCCC=CCC=CCC=CCC=CCC=CCC)COP(=O)(O)OCCN,[M-H]-,PE O-26:5_18:0,"PE O-26:5(11,14,17,20,23)_18:0",0.5992500000000001,0.5842687499999926,0.0008284407286056087,0.0008284407286056087,All,Some,12601.576182136601,0.0,0.0,0.0,0.0,0.0,0.0,0.0,0.0,66595.5972906404,0.0,0.0,0.0,0.0,0.0,0.0,0.0,0.0
24093,12.628,834.6341,834.63821,4.924289291726471,C49H90NO7P,CCCCCCCCCCCCCCCCCC(=O)OC(COCCCCCCCC=CCC=CCC=CCC=CCC=CCCCCC)COP(=O)(O)OCCN,[M-H]-,PE O-26:5_18:0,"PE O-26:5(8,11,14,17,20)_18:0",0.5102857142857147,0.38088714285718844,0.0006434727163353926,0.0006434727163353926,All,Some,110398.4238178634,0.0,0.0,0.0,0.0,0.0,0.0,0.0,0.0,243404.40270935962,0.0,0.0,0.0,0.0,0.0,0.0,0.0,0.0
24795,13.065,778.57493,778.57561,0.8733898047338878,C45H82NO7P,CCC=CCC=CCC=CCC=CCCCCCCC(=O)OC(COCCCCCCCCCCC=CCCCCCCCC)COP(=O)(O)OCCN,[M-H]-,PE O-20:1_20:4,"PE O-20:1(11)_20:4(8,11,14,17)",0.5497142857142856,0.9097242857143166,0.003326238206479248,0.003326238206479248,Some,Some,0.0,0.0,0.0,0.0,0.0,0.0,0.0,0.0,0.0,1710.0,0.0,0.0,0.0,0.0,0.0,0.0,0.0,0.0
24795,13.065,778.57493,778.57561,0.8733898047338878,C45H82NO7P,CCC=CCC=CCC=CCC=CCCCCCCC(=O)OC(COCCCCCCCCCCCCC=CCCCCCC)COP(=O)(O)OCCN,[M-H]-,PE O-20:1_20:4,"PE O-20:1(13)_20:4(8,11,14,17)",0.565777777777778,0.6942200000000235,0.002470966744128671,0.002470966744128671,Some,Some,0.0,0.0,0.0,0.0,0.0,0.0,0.0,0.0,0.0,0.0,0.0,0.0,0.0,0.0,0.0,0.0,0.0,0.0
24795,13.065,778.57493,778.57561,0.8733898047338878,C45H82NO7P,CCCCCC=CCC=CCC=CCC=CCCCC(=O)OC(COCCCCCCCCCCC=CCCCCCCCC)COP(=O)(O)OCCN,[M-H]-,PE O-20:1_20:4,"PE O-20:1(11)_20:4(5,8,11,14)",0.5405714285714289,0.39685000000000464,0.0006197828411304855,0.0006197828411304855,Some,Some,0.0,0.0,0.0,0.0,0.0,0.0,0.0,0.0,0.0,1710.0,0.0,0.0,0.0,0.0,0.0,0.0,0.0,0.0
24795,13.065,778.57493,778.57561,0.8733898047338878,C45H82NO7P,CCCCCC=CCC=CCC=CCC=CCCCC(=O)OC(COCCCCCCCCCCCCC=CCCCCCC)COP(=O)(O)OCCN,[M-H]-,PE O-20:1_20:4,"PE O-20:1(13)_20:4(5,8,11,14)",0.5228888888888896,0.4036800000000085,0.00036594590441296694,0.00036594590441296694,All,Some,0.0,0.0,0.0,0.0,0.0,0.0,0.0,0.0,0.0,0.0,0.0,0.0,0.0,0.0,0.0,0.0,0.0,0.0
24870,13.104,862.66559,862.66951,4.544034481981061,C51H94NO7P,CCCCCCCCC=CCCCCCCCC(=O)OC(COCCCCCCCCCCCCC=CCC=CCC=CCC=CCCCCC)COP(=O)(O)OCCN,[M-H]-,PE O-28:4_18:1,"PE O-28:4(13,16,19,22)_18:1(9)",0.3784000000000013,0.5564839999999549,0.0006450571494422699,0.0006450571494422699,Some,Some,9033.333333333332,0.0,28105.868814729572,25340.93959731544,0.0,0.0,0.0,0.0,0.0,21033.333333333332,23859.615384615387,26084.56926475229,0.0,0.0,27904.499999999993,0.0,0.0,0.0
24870,13.104,862.66559,862.66951,4.544034481981061,C51H94NO7P,CCCCCCCCCCCC=CCCCCC(=O)OC(COCCCCCCCCCCCCC=CCC=CCC=CCC=CCCCCC)COP(=O)(O)OCCN,[M-H]-,PE O-28:4_18:1,"PE O-28:4(13,16,19,22)_18:1(6)",0.42828571428571544,0.559955714285674,0.00046075510674447847,0.00046075510674447847,Some,Some,9033.333333333332,0.0,28105.868814729572,25340.939597315435,0.0,0.0,0.0,0.0,0.0,21033.333333333332,23859.615384615387,26084.56926475229,0.0,0.0,27904.499999999996,0.0,0.0,0.0
24870,13.104,862.66559,862.66951,4.544034481981061,C51H94NO7P,CCCCCCC=CCCCCCCCCCC(=O)OC(COCCCCCCCCCCCCC=CCC=CCC=CCC=CCCCCC)COP(=O)(O)OCCN,[M-H]-,PE O-28:4_18:1,"PE O-28:4(13,16,19,22)_18:1(11)",0.40150000000000086,0.386018749999991,0.00040316071840141866,0.00040316071840141866,All,Some,9033.333333333332,0.0,12588.262370540851,18918.120805369126,0.0,0.0,0.0,0.0,0.0,21033.333333333332,17580.76923076923,16830.861470495423,0.0,0.0,13090.999999999998,0.0,0.0,0.0
26066,13.77,862.66517,862.66951,5.030895319293816,C51H94NO7P,CCCCCCCCCCCC=CCCCCC(=O)OC(COCCCCCCCCCCCCC=CCC=CCC=CCC=CCCCCC)COP(=O)(O)OCCN,[M-H]-,PE O-28:4_18:1,"PE O-28:4(13,16,19,22)_18:1(6)",0.4031428571428575,0.47188857142855667,0.0010750587506901882,0.0010750587506901882,Some,Some,0.0,0.0,0.0,0.0,0.0,0.0,0.0,0.0,0.0,21398.572150283177,0.0,0.0,0.0,0.0,0.0,0.0,0.0,0.0
26066,13.77,862.66517,862.66951,5.030895319293816,C51H94NO7P,CCCCCCCCC=CCCCCCCCC(=O)OC(COCCCCCCCCCCCCC=CCC=CCC=CCC=CCCCCC)COP(=O)(O)OCCN,[M-H]-,PE O-28:4_18:1,"PE O-28:4(13,16,19,22)_18:1(9)",0.4443333333333334,0.4030983333333135,0.0010379150882969272,0.0010379150882969272,Some,Some,0.0,0.0,0.0,0.0,0.0,0.0,0.0,0.0,0.0,21398.572150283177,0.0,0.0,0.0,0.0,0.0,0.0,0.0,0.0
26066,13.77,862.66517,862.66951,5.030895319293816,C51H94NO7P,CCCCCCC=CCCCCCCCCCC(=O)OC(COCCCCCCCCCCCCC=CCC=CCC=CCC=CCCCCC)COP(=O)(O)OCCN,[M-H]-,PE O-28:4_18:1,"PE O-28:4(13,16,19,22)_18:1(11)",0.3346666666666667,0.40491444444441843,0.00014792471220139876,0.00014792471220139876,Some,Some,0.0,0.0,0.0,0.0,0.0,0.0,0.0,0.0,0.0,25502.85569943365,0.0,0.0,0.0,0.0,0.0,0.0,0.0,0.0
34957,26.851,1403.99361,1403.99625,1.8803469025850157,C77H146O17P2,CCCCCCC=CCCCCCCCCCC(=O)OCC(COP(=O)(O)OCC(O)COP(=O)(O)OCC(COC(=O)CCCCCCCCCCCCCCC)OC(=O)CCCCCCCCCC=CCCCCCC)OC(=O)CCCCCCCCCCCCCCC,[M-H]-,CL 16:0_18:1_16:0_18:1,CL 16:0_18:1(11)_16:0_18:1(11),0.5119999999999969,0.4921750000000884,0.0,0.0,All,None,,,,307000.0,,,,,,,,,,,,,,
35342,26.998,1403.99388,1403.99625,1.6880386966333,C77H146O17P2,CCCCCCC=CCCCCCCCCCC(=O)OCC(COP(=O)(O)OCC(O)COP(=O)(O)OCC(COC(=O)CCCCCCCCCCCCCCC)OC(=O)CCCCCCCCCC=CCCCCCC)OC(=O)CCCCCCCCCCCCCCC,[M-H]-,CL 16:0_18:1_16:0_18:1,CL 16:0_18:1(11)_16:0_18:1(11),0.7459999999999987,0.4921750000000884,0.0,0.0,All,None,,,,0.0,,,,,,,,,,,,,,
35351,26.999,522.28375,522.28374,0.019146680860559175,C24H46NO9P,CCCCCCC=CCCCCCCCCCC(=O)OCC(O)COP(=O)(O)OCC(N)C(=O)O,[M-H]-,LPS 18:1,LPS 18:1(11),0.9949999999999974,0.2554950000000531,0.0,0.0,All,None,0.0,0.0,5090.0,0.0,0.0,0.0,0.0,0.0,0.0,0.0,0.0,0.0,0.0,0.0,9090.0,0.0,0.0,0.0
35807,27.101,834.52922,834.52906,0.19172489937113296,C46H78NO10P,CCC=CCC=CCC=CCC=CCC=CCC=CCCC(=O)OC(COC(=O)CCCCCCCCCCCCCCCCC)COP(=O)(O)OCC(N)C(=O)O,[M-H]-,PS 18:0_22:6,"PS 18:0_22:6(4,7,10,13,16,19)",0.49685714285714305,0.5047142857143204,0.0,0.0,Some,Some,0.0,,0.0,0.0,0.0,0.0,0.0,,0.0,0.0,0.0,0.0,,0.0,14900.0,,,
35848,27.116,758.49699,758.49776,1.0151645009322283,C40H74NO10P,CCCCCCC=CCCCCCCCCCC(=O)OC(COC(=O)CCCCC=CCCCCCCCCC)COP(=O)(O)OCC(N)C(=O)O,[M-H]-,PS 16:1_18:1,PS 16:1(6)_18:1(11),0.6486666666666684,0.580386666666603,0.0,0.0,Some,None,0.0,55600.0,0.0,0.0,17300.0,,0.0,9660.0,,0.0,14600.0,7830.0,,,7430.0,12400.0,,0.0
35850,27.117,788.54433,788.54471,0.48190038591949186,C42H80NO10P,CCCCCCC=CCCCCCCCCCC(=O)OC(COC(=O)CCCCCCCCCCCCCCCCC)COP(=O)(O)OCC(N)C(=O)O,[M-H]-,PS 18:0_18:1,PS 18:0_18:1(11),0.7820000000000036,0.04827999999986332,0.0,0.0,Some,None,,,,,106000.0,,,,,,,,,,,,,
35855,27.119,760.51302,760.51341,0.5128114703967235,C40H76NO10P,CCCCCCC=CCCCCCCCCCC(=O)OC(COC(=O)CCCCCCCCCCCCCCC)COP(=O)(O)OCC(N)C(=O)O,[M-H]-,PS 16:0_18:1,PS 16:0_18:1(11),0.5869999999999997,0.7504599999999755,0.0,0.0,All,None,,,124000.0,0.0,,,,,,,,,,,,,,
35922,27.138,522.28342,522.28374,0.6126937820960797,C24H46NO9P,CCCCCCC=CCCCCCCCCCC(=O)OCC(O)COP(=O)(O)OCC(N)C(=O)O,[M-H]-,LPS 18:1,LPS 18:1(11),0.7269999999999968,0.25516499999997677,0.0,0.0,All,None,0.0,3220.0,13200.0,3110.0,0.0,8450.0,4090.0,12800.0,0.0,0.0,7930.0,12000.0,9010.0,15900.0,3880.0,0.0,8100.0,9580.0
35933,27.141,786.5287,786.52906,0.457707182491874,C42H78NO10P,CCCCCCCCCCCC=CCCCCC(=O)OC(COC(=O)CCCCCCCCCC=CCCCCCC)COP(=O)(O)OCC(N)C(=O)O,[M-H]-,PS 18:1_18:1,PS 18:1(11)_18:1(6),0.44600000000000506,0.38952999999992244,0.0,0.0,Some,None,,,105000.0,51500.0,,,,77800.0,,53200.0,83100.0,106000.0,,,85400.0,109000.0,,91200.0
36048,27.184,760.51297,760.51341,0.5785565306809977,C40H76NO10P,CCCCCCC=CCCCCCCCCCC(=O)OC(COC(=O)CCCCCCCCCCCCCCC)COP(=O)(O)OCC(N)C(=O)O,[M-H]-,PS 16:0_18:1,PS 16:0_18:1(11),0.4569999999999972,0.7504599999999755,0.0,0.0,All,None,,,0.0,91600.0,,,,,,,,,,,,,,
36072,27.195,788.5442,788.54471,0.6467610441048156,C42H80NO10P,CCCCCCC=CCCCCCCCCCC(=O)OC(COC(=O)CCCCCCCCCCCCCCCCC)COP(=O)(O)OCC(N)C(=O)O,[M-H]-,PS 18:0_18:1,PS 18:0_18:1(11),0.9380000000000024,0.048149999999964166,0.0,0.0,Some,None,,,,,0.0,,,,,,,,,,,,,
36096,27.204,732.48182,732.48211,0.3959141064395801,C38H72NO10P,CCCCCCCCCC=CCCCCC(=O)OC(COC(=O)CCCCCCCCCCCCCCC)COP(=O)(O)OCC(N)C(=O)O,[M-H]-,PS 16:0_16:1,PS 16:0_16:1(6),0.259999999999998,0.6105499999999893,0.0,0.0,All,None,0.0,,0.0,0.0,,,0.0,,0.0,,,,,,,,0.0,
36104,27.207,758.49714,758.49776,0.8174051826155244,C40H74NO10P,CCCCCCC=CCCCCCCCCCC(=O)OC(COC(=O)CCCCC=CCCCCCCCCC)COP(=O)(O)OCC(N)C(=O)O,[M-H]-,PS 16:1_18:1,PS 16:1(6)_18:1(11),0.48666666666666697,0.5805366666665653,0.0,0.0,Some,None,0.0,0.0,3270.0,2270.0,19500.0,,40800.0,13200.0,,0.0,0.0,0.0,,,0.0,11900.0,,0.0
36340,27.276,522.28328,522.28374,0.88074731174951,C24H46NO9P,CCCCCCC=CCCCCCCCCCC(=O)OCC(O)COP(=O)(O)OCC(N)C(=O)O,[M-H]-,LPS 18:1,LPS 18:1(11),0.4510000000000005,0.2550249999999892,0.0,0.0,All,None,0.0,1710.0,0.0,3620.0,0.0,0.0,0.0,0.0,0.0,0.0,0.0,0.0,0.0,0.0,0.0,0.0,0.0,0.0
36477,27.333,522.28323,522.28374,0.9764807151816156,C24H46NO9P,CCCCCCC=CCCCCCCCCCC(=O)OCC(O)COP(=O)(O)OCC(N)C(=O)O,[M-H]-,LPS 18:1,LPS 18:1(11),0.3370000000000033,0.25497500000000173,0.0,0.0,All,None,0.0,4550.0,0.0,2470.0,0.0,0.0,0.0,0.0,0.0,2290.0,0.0,0.0,0.0,0.0,0.0,7110.0,0.0,0.0
36752,27.443,522.28346,522.28374,0.5361070593068606,C24H46NO9P,CCCCCCC=CCCCCCCCCCC(=O)OCC(O)COP(=O)(O)OCC(N)C(=O)O,[M-H]-,LPS 18:1,LPS 18:1(11),0.11699999999999733,0.25520499999998947,0.0,0.0,All,None,0.0,0.0,1600.0,0.0,0.0,0.0,0.0,0.0,0.0,3100.0,0.0,0.0,3390.0,2530.0,0.0,2990.0,1840.0,0.0
